inspect_group,tag,stage,run_instance_name,layer_id,event_order_index,stage_instance_index,stage_instance_count,batch_size,fresh_len,prefix_len,attention_module,real_trace_attention_backend,aic_wideep_mla_latency_ms,aic_error_pct_vs_module_gpu_makespan_ms,aic_error_pct_vs_wideep_aligned_gpu_makespan_ms,module_gpu_makespan_ms,module_gpu_kernel_time_sum_ms,module_gpu_bubble_ms,module_bubble_ratio,wideep_gpu_makespan_ms,wideep_gpu_kernel_time_sum_ms,wideep_gpu_bubble_ms,wideep_bubble_ratio,module_host_duration_ms,module_host_to_first_kernel_gap_ms,module_host_end_to_last_kernel_tail_ms,max_child_gap_prev,max_child_gap_next,max_child_host_gap_ms,max_child_gpu_gap_ms,max_child_gap_window_ms,max_child_gap_top_events_json,source_csv
reference,req1_equal_fresh_regular_b2_f4096_p0,decode,20260618_105438_prefill_stage1_req1_equal_fresh_regular_b2_f4096_p0_b2_fvar4096-4096_pvar0-0_layers5_backend_auto_cg_off_pcg_off_tp1_marker_on_profile_nsys,0,6,1,1,2,4096,0,attn_mqa,auto,0.1232010986328125,-17.007235777637618,-7.827763172722273,0.148448,0.118559,0.029889,0.2013432312998491,0.133664,0.10447899999999999,0.029185000000000016,0.2183460019152503,1.853089,42.510504,40.805863,q_b_proj,rotary_emb,0.158419,0.01168,0.01168,"{""kernels"":[{""name"":""nvjet_tst_256x8_64x6_2x1_v_bz_TNT"",""stream_id"":13,""start_ns"":90464572,""end_ns"":90472860,""duration_ms"":0.008288,""overlap_ms"":0.008288}],""cuda_runtime"":[],""cuda_sync"":[],""osrt"":[{""name"":""poll"",""start_ns"":42890787,""end_ns"":143043456,""duration_ms"":100.152669,""overlap_ms"":0.01168},{""name"":""epoll_wait"",""start_ns"":26742118,""end_ns"":94892364,""duration_ms"":68.150246,""overlap_ms"":0.01168},{""name"":""pthread_cond_timedwait"",""start_ns"":28904451,""end_ns"":128948531,""duration_ms"":100.04408,""overlap_ms"":0.01168},{""name"":""pthread_cond_timedwait"",""start_ns"":23718411,""end_ns"":123749982,""duration_ms"":100.031571,""overlap_ms"":0.01168},{""name"":""clock_nanosleep"",""start_ns"":88361142,""end_ns"":1088436515,""duration_ms"":1000.075373,""overlap_ms"":0.01168}],""profiler_overhead"":[],""nvtx"":[]}",/home/ai_lab/ljc/scale-up-sim/aiconfigurator/bench_data/h100_sxm/sglang/v0.5.9/deepseek_v3_mla/raw_runs/20260618_105438_prefill_stage1_req1_equal_fresh_regular_b2_f4096_p0_b2_fvar4096-4096_pvar0-0_layers5_backend_auto_cg_off_pcg_off_tp1_marker_on_profile_nsys/nsys/MLA时延拆解.csv
reference,req1_equal_fresh_regular_b2_f4096_p0,decode,20260618_105438_prefill_stage1_req1_equal_fresh_regular_b2_f4096_p0_b2_fvar4096-4096_pvar0-0_layers5_backend_auto_cg_off_pcg_off_tp1_marker_on_profile_nsys,1,7,1,1,2,4096,0,attn_mqa,auto,0.1232010986328125,-16.303601472274114,-6.279592690472466,0.1472,0.118816,0.028383999999999993,0.1928260869565217,0.131456,0.10416,0.027295999999999987,0.20764362220058413,1.643497,40.102275,38.605978,q_b_proj,rotary_emb,0.144935,0.011456,0.011456,"{""kernels"":[{""name"":""nvjet_tst_256x8_64x6_2x1_v_bz_TNT"",""stream_id"":13,""start_ns"":90771676,""end_ns"":90779548,""duration_ms"":0.007872,""overlap_ms"":0.007872}],""cuda_runtime"":[],""cuda_sync"":[],""osrt"":[{""name"":""poll"",""start_ns"":42890787,""end_ns"":143043456,""duration_ms"":100.152669,""overlap_ms"":0.011456},{""name"":""epoll_wait"",""start_ns"":26742118,""end_ns"":94892364,""duration_ms"":68.150246,""overlap_ms"":0.011456},{""name"":""pthread_cond_timedwait"",""start_ns"":28904451,""end_ns"":128948531,""duration_ms"":100.04408,""overlap_ms"":0.011456},{""name"":""pthread_cond_timedwait"",""start_ns"":23718411,""end_ns"":123749982,""duration_ms"":100.031571,""overlap_ms"":0.011456},{""name"":""clock_nanosleep"",""start_ns"":88361142,""end_ns"":1088436515,""duration_ms"":1000.075373,""overlap_ms"":0.011456}],""profiler_overhead"":[],""nvtx"":[]}",/home/ai_lab/ljc/scale-up-sim/aiconfigurator/bench_data/h100_sxm/sglang/v0.5.9/deepseek_v3_mla/raw_runs/20260618_105438_prefill_stage1_req1_equal_fresh_regular_b2_f4096_p0_b2_fvar4096-4096_pvar0-0_layers5_backend_auto_cg_off_pcg_off_tp1_marker_on_profile_nsys/nsys/MLA时延拆解.csv
reference,req1_equal_fresh_regular_b2_f4096_p0,decode,20260618_105438_prefill_stage1_req1_equal_fresh_regular_b2_f4096_p0_b2_fvar4096-4096_pvar0-0_layers5_backend_auto_cg_off_pcg_off_tp1_marker_on_profile_nsys,2,8,1,1,2,4096,0,attn_mqa,auto,0.1232010986328125,-18.22356983272323,-6.869029214431759,0.150656,0.119744,0.03091200000000001,0.20518266779949026,0.132288,0.103104,0.029183999999999988,0.22060957910014506,1.578192,37.967715,36.540179,attn_mqa,o_proj,0.121578,0.011776,0.011776,"{""kernels"":[{""name"":""nvjet_tst_128x8_64x12_1x1_h_bz_TNT"",""stream_id"":13,""start_ns"":91124188,""end_ns"":91133020,""duration_ms"":0.008832,""overlap_ms"":0.008832}],""cuda_runtime"":[],""cuda_sync"":[],""osrt"":[{""name"":""poll"",""start_ns"":42890787,""end_ns"":143043456,""duration_ms"":100.152669,""overlap_ms"":0.011776},{""name"":""epoll_wait"",""start_ns"":26742118,""end_ns"":94892364,""duration_ms"":68.150246,""overlap_ms"":0.011776},{""name"":""pthread_cond_timedwait"",""start_ns"":28904451,""end_ns"":128948531,""duration_ms"":100.04408,""overlap_ms"":0.011776},{""name"":""pthread_cond_timedwait"",""start_ns"":23718411,""end_ns"":123749982,""duration_ms"":100.031571,""overlap_ms"":0.011776},{""name"":""clock_nanosleep"",""start_ns"":88361142,""end_ns"":1088436515,""duration_ms"":1000.075373,""overlap_ms"":0.011776}],""profiler_overhead"":[],""nvtx"":[]}",/home/ai_lab/ljc/scale-up-sim/aiconfigurator/bench_data/h100_sxm/sglang/v0.5.9/deepseek_v3_mla/raw_runs/20260618_105438_prefill_stage1_req1_equal_fresh_regular_b2_f4096_p0_b2_fvar4096-4096_pvar0-0_layers5_backend_auto_cg_off_pcg_off_tp1_marker_on_profile_nsys/nsys/MLA时延拆解.csv
reference,req1_equal_fresh_regular_b2_f4096_p0,decode,20260618_105438_prefill_stage1_req1_equal_fresh_regular_b2_f4096_p0_b2_fvar4096-4096_pvar0-0_layers5_backend_auto_cg_off_pcg_off_tp1_marker_on_profile_nsys,3,9,1,1,2,4096,0,attn_mqa,auto,0.1232010986328125,-17.909715729735797,-7.228088378906247,0.15008,0.119168,0.030911999999999995,0.20597014925373133,0.1328,0.102752,0.030048000000000005,0.2262650602409639,1.574011,35.899427,34.475496,attn_mqa,o_proj,0.121641,0.012512,0.012512,"{""kernels"":[{""name"":""nvjet_tst_128x8_64x12_1x1_h_bz_TNT"",""stream_id"":13,""start_ns"":91436860,""end_ns"":91445628,""duration_ms"":0.008768,""overlap_ms"":0.008768}],""cuda_runtime"":[{""name"":""cudaEventSynchronize_v3020"",""start_ns"":91169364,""end_ns"":92732466,""duration_ms"":1.563102,""overlap_ms"":0.012512}],""cuda_sync"":[{""name"":""[kernel.kallsyms]"",""start_ns"":91169830,""end_ns"":92731833,""duration_ms"":1.562003,""overlap_ms"":0.012512}],""osrt"":[{""name"":""poll"",""start_ns"":42890787,""end_ns"":143043456,""duration_ms"":100.152669,""overlap_ms"":0.012512},{""name"":""epoll_wait"",""start_ns"":26742118,""end_ns"":94892364,""duration_ms"":68.150246,""overlap_ms"":0.012512},{""name"":""pthread_cond_timedwait"",""start_ns"":28904451,""end_ns"":128948531,""duration_ms"":100.04408,""overlap_ms"":0.012512},{""name"":""pthread_cond_timedwait"",""start_ns"":23718411,""end_ns"":123749982,""duration_ms"":100.031571,""overlap_ms"":0.012512},{""name"":""clock_nanosleep"",""start_ns"":88361142,""end_ns"":1088436515,""duration_ms"":1000.075373,""overlap_ms"":0.012512}],""profiler_overhead"":[{""name"":""TLS allocation"",""start_ns"":91278609,""end_ns"":92005178,""duration_ms"":0.726569,""overlap_ms"":0.012512}],""nvtx"":[]}",/home/ai_lab/ljc/scale-up-sim/aiconfigurator/bench_data/h100_sxm/sglang/v0.5.9/deepseek_v3_mla/raw_runs/20260618_105438_prefill_stage1_req1_equal_fresh_regular_b2_f4096_p0_b2_fvar4096-4096_pvar0-0_layers5_backend_auto_cg_off_pcg_off_tp1_marker_on_profile_nsys/nsys/MLA时延拆解.csv
reference,req1_equal_fresh_regular_b2_f4096_p0,decode,20260618_105438_prefill_stage1_req1_equal_fresh_regular_b2_f4096_p0_b2_fvar4096-4096_pvar0-0_layers5_backend_auto_cg_off_pcg_off_tp1_marker_on_profile_nsys,4,10,1,1,2,4096,0,attn_mqa,auto,0.1232010986328125,-16.011467445999337,-4.607672639360973,0.146688,0.118912,0.02777600000000001,0.18935427574171035,0.129152,0.102272,0.026879999999999987,0.20812685827552024,1.700728,33.286605,31.732565,q_b_proj,rotary_emb,0.148524,0.010656,0.010656,"{""kernels"":[{""name"":""nvjet_tst_256x8_64x6_2x1_v_bz_TNT"",""stream_id"":13,""start_ns"":91741468,""end_ns"":91749596,""duration_ms"":0.008128,""overlap_ms"":0.008128}],""cuda_runtime"":[{""name"":""cudaEventSynchronize_v3020"",""start_ns"":91169364,""end_ns"":92732466,""duration_ms"":1.563102,""overlap_ms"":0.010656}],""cuda_sync"":[{""name"":""[kernel.kallsyms]"",""start_ns"":91169830,""end_ns"":92731833,""duration_ms"":1.562003,""overlap_ms"":0.010656}],""osrt"":[{""name"":""poll"",""start_ns"":42890787,""end_ns"":143043456,""duration_ms"":100.152669,""overlap_ms"":0.010656},{""name"":""epoll_wait"",""start_ns"":26742118,""end_ns"":94892364,""duration_ms"":68.150246,""overlap_ms"":0.010656},{""name"":""pthread_cond_timedwait"",""start_ns"":28904451,""end_ns"":128948531,""duration_ms"":100.04408,""overlap_ms"":0.010656},{""name"":""pthread_cond_timedwait"",""start_ns"":23718411,""end_ns"":123749982,""duration_ms"":100.031571,""overlap_ms"":0.010656},{""name"":""clock_nanosleep"",""start_ns"":88361142,""end_ns"":1088436515,""duration_ms"":1000.075373,""overlap_ms"":0.010656}],""profiler_overhead"":[{""name"":""TLS allocation"",""start_ns"":91278609,""end_ns"":92005178,""duration_ms"":0.726569,""overlap_ms"":0.010656}],""nvtx"":[]}",/home/ai_lab/ljc/scale-up-sim/aiconfigurator/bench_data/h100_sxm/sglang/v0.5.9/deepseek_v3_mla/raw_runs/20260618_105438_prefill_stage1_req1_equal_fresh_regular_b2_f4096_p0_b2_fvar4096-4096_pvar0-0_layers5_backend_auto_cg_off_pcg_off_tp1_marker_on_profile_nsys/nsys/MLA时延拆解.csv
reference,req1_equal_fresh_regular_b4_f2048_p0,decode,20260618_105215_prefill_stage1_req1_equal_fresh_regular_b4_f2048_p0_b4_fvar2048-2048-2048-2048_pvar0-0-0-0_layers5_backend_auto_cg_off_pcg_off_tp1_marker_on_profile_nsys,0,6,1,1,4,2048,0,attn_mqa,auto,0.121602392578125,-20.89769425340537,-11.358181290729972,0.153728,0.119584,0.03414400000000001,0.22210657785179022,0.137184,0.104128,0.033056,0.2409610450198274,1.584229,41.20548,39.774979,q_b_proj,rotary_emb,0.154736,0.013248,0.013248,"{""kernels"":[{""name"":""nvjet_tst_256x8_64x6_2x1_v_bz_TNT"",""stream_id"":13,""start_ns"":85708331,""end_ns"":85716491,""duration_ms"":0.00816,""overlap_ms"":0.00816},{""name"":""unrolled_elementwise_kernel"",""stream_id"":7,""start_ns"":85716651,""end_ns"":85720107,""duration_ms"":0.003456,""overlap_ms"":0.001824}],""cuda_runtime"":[{""name"":""cudaLaunchKernel_v7000"",""start_ns"":85705320,""end_ns"":85713295,""duration_ms"":0.007975,""overlap_ms"":0.007975}],""cuda_sync"":[],""osrt"":[{""name"":""epoll_wait"",""start_ns"":26114504,""end_ns"":86518120,""duration_ms"":60.403616,""overlap_ms"":0.013248},{""name"":""epoll_wait"",""start_ns"":26246390,""end_ns"":86290029,""duration_ms"":60.043639,""overlap_ms"":0.013248},{""name"":""poll"",""start_ns"":70412646,""end_ns"":170569223,""duration_ms"":100.156577,""overlap_ms"":0.013248},{""name"":""epoll_pwait"",""start_ns"":27013690,""end_ns"":86788663,""duration_ms"":59.774973,""overlap_ms"":0.013248},{""name"":""pthread_cond_timedwait"",""start_ns"":53903060,""end_ns"":153943020,""duration_ms"":100.03996,""overlap_ms"":0.013248}],""profiler_overhead"":[],""nvtx"":[]}",/home/ai_lab/ljc/scale-up-sim/aiconfigurator/bench_data/h100_sxm/sglang/v0.5.9/deepseek_v3_mla/raw_runs/20260618_105215_prefill_stage1_req1_equal_fresh_regular_b4_f2048_p0_b4_fvar2048-2048-2048-2048_pvar0-0-0-0_layers5_backend_auto_cg_off_pcg_off_tp1_marker_on_profile_nsys/nsys/MLA时延拆解.csv
reference,req1_equal_fresh_regular_b4_f2048_p0,decode,20260618_105215_prefill_stage1_req1_equal_fresh_regular_b4_f2048_p0_b4_fvar2048-2048-2048-2048_pvar0-0-0-0_layers5_backend_auto_cg_off_pcg_off_tp1_marker_on_profile_nsys,1,7,1,1,4,2048,0,attn_mqa,auto,0.121602392578125,-21.712509928586606,-11.150928967350811,0.155328,0.122976,0.03235199999999999,0.2082818294190358,0.136864,0.10547200000000001,0.031392,0.22936637830254852,1.258492,39.35219,38.249026,q_b_proj,rotary_emb,0.129065,0.012896,0.012896,"{""kernels"":[{""name"":""nvjet_tst_256x8_64x6_2x1_v_bz_TNT"",""stream_id"":13,""start_ns"":86028779,""end_ns"":86036811,""duration_ms"":0.008032,""overlap_ms"":0.008032}],""cuda_runtime"":[],""cuda_sync"":[],""osrt"":[{""name"":""epoll_wait"",""start_ns"":26114504,""end_ns"":86518120,""duration_ms"":60.403616,""overlap_ms"":0.012896},{""name"":""epoll_wait"",""start_ns"":26246390,""end_ns"":86290029,""duration_ms"":60.043639,""overlap_ms"":0.012896},{""name"":""poll"",""start_ns"":70412646,""end_ns"":170569223,""duration_ms"":100.156577,""overlap_ms"":0.012896},{""name"":""epoll_pwait"",""start_ns"":27013690,""end_ns"":86788663,""duration_ms"":59.774973,""overlap_ms"":0.012896},{""name"":""pthread_cond_timedwait"",""start_ns"":53903060,""end_ns"":153943020,""duration_ms"":100.03996,""overlap_ms"":0.012896}],""profiler_overhead"":[],""nvtx"":[]}",/home/ai_lab/ljc/scale-up-sim/aiconfigurator/bench_data/h100_sxm/sglang/v0.5.9/deepseek_v3_mla/raw_runs/20260618_105215_prefill_stage1_req1_equal_fresh_regular_b4_f2048_p0_b4_fvar2048-2048-2048-2048_pvar0-0-0-0_layers5_backend_auto_cg_off_pcg_off_tp1_marker_on_profile_nsys/nsys/MLA时延拆解.csv
reference,req1_equal_fresh_regular_b4_f2048_p0,decode,20260618_105215_prefill_stage1_req1_equal_fresh_regular_b4_f2048_p0_b4_fvar2048-2048-2048-2048_pvar0-0-0-0_layers5_backend_auto_cg_off_pcg_off_tp1_marker_on_profile_nsys,2,8,1,1,4,2048,0,attn_mqa,auto,0.121602392578125,-18.801821195162265,-8.739799037790442,0.14976,0.116864,0.03289600000000001,0.2196581196581197,0.133248,0.102752,0.03049600000000001,0.22886647454370804,1.23939,37.836058,36.746428,q_b_proj,rotary_emb,0.131563,0.01184,0.01184,"{""kernels"":[{""name"":""nvjet_tst_256x8_64x6_2x1_v_bz_TNT"",""stream_id"":13,""start_ns"":86343563,""end_ns"":86351787,""duration_ms"":0.008224,""overlap_ms"":0.008224}],""cuda_runtime"":[],""cuda_sync"":[],""osrt"":[{""name"":""epoll_wait"",""start_ns"":26114504,""end_ns"":86518120,""duration_ms"":60.403616,""overlap_ms"":0.01184},{""name"":""poll"",""start_ns"":70412646,""end_ns"":170569223,""duration_ms"":100.156577,""overlap_ms"":0.01184},{""name"":""epoll_pwait"",""start_ns"":27013690,""end_ns"":86788663,""duration_ms"":59.774973,""overlap_ms"":0.01184},{""name"":""pthread_cond_timedwait"",""start_ns"":53903060,""end_ns"":153943020,""duration_ms"":100.03996,""overlap_ms"":0.01184},{""name"":""epoll_wait"",""start_ns"":84026950,""end_ns"":94097878,""duration_ms"":10.070928,""overlap_ms"":0.01184}],""profiler_overhead"":[],""nvtx"":[]}",/home/ai_lab/ljc/scale-up-sim/aiconfigurator/bench_data/h100_sxm/sglang/v0.5.9/deepseek_v3_mla/raw_runs/20260618_105215_prefill_stage1_req1_equal_fresh_regular_b4_f2048_p0_b4_fvar2048-2048-2048-2048_pvar0-0-0-0_layers5_backend_auto_cg_off_pcg_off_tp1_marker_on_profile_nsys/nsys/MLA时延拆解.csv
reference,req1_equal_fresh_regular_b4_f2048_p0,decode,20260618_105215_prefill_stage1_req1_equal_fresh_regular_b4_f2048_p0_b4_fvar2048-2048-2048-2048_pvar0-0-0-0_layers5_backend_auto_cg_off_pcg_off_tp1_marker_on_profile_nsys,3,9,1,1,4,2048,0,attn_mqa,auto,0.121602392578125,-18.04885123859378,-8.739799037790442,0.148384,0.117216,0.031167999999999987,0.21004960103515197,0.133248,0.103008,0.030240000000000003,0.22694524495677235,1.203597,36.334144,35.278931,attn_mqa,o_proj,0.094106,0.012512,0.012512,"{""kernels"":[{""name"":""nvjet_tst_128x8_64x12_1x1_h_bz_TNT"",""stream_id"":13,""start_ns"":86698923,""end_ns"":86707787,""duration_ms"":0.008864,""overlap_ms"":0.008864}],""cuda_runtime"":[{""name"":""cudaEventSynchronize_v3020"",""start_ns"":86412249,""end_ns"":88018192,""duration_ms"":1.605943,""overlap_ms"":0.012512}],""cuda_sync"":[{""name"":""[kernel.kallsyms]"",""start_ns"":86412826,""end_ns"":88017708,""duration_ms"":1.604882,""overlap_ms"":0.012512}],""osrt"":[{""name"":""epoll_wait"",""start_ns"":86638550,""end_ns"":88130140,""duration_ms"":1.49159,""overlap_ms"":0.012512},{""name"":""epoll_wait"",""start_ns"":86395631,""end_ns"":88093166,""duration_ms"":1.697535,""overlap_ms"":0.012512},{""name"":""poll"",""start_ns"":70412646,""end_ns"":170569223,""duration_ms"":100.156577,""overlap_ms"":0.012512},{""name"":""epoll_pwait"",""start_ns"":27013690,""end_ns"":86788663,""duration_ms"":59.774973,""overlap_ms"":0.012512},{""name"":""pthread_cond_timedwait"",""start_ns"":53903060,""end_ns"":153943020,""duration_ms"":100.03996,""overlap_ms"":0.012512}],""profiler_overhead"":[],""nvtx"":[]}",/home/ai_lab/ljc/scale-up-sim/aiconfigurator/bench_data/h100_sxm/sglang/v0.5.9/deepseek_v3_mla/raw_runs/20260618_105215_prefill_stage1_req1_equal_fresh_regular_b4_f2048_p0_b4_fvar2048-2048-2048-2048_pvar0-0-0-0_layers5_backend_auto_cg_off_pcg_off_tp1_marker_on_profile_nsys/nsys/MLA时延拆解.csv
reference,req1_equal_fresh_regular_b4_f2048_p0,decode,20260618_105215_prefill_stage1_req1_equal_fresh_regular_b4_f2048_p0_b4_fvar2048-2048-2048-2048_pvar0-0-0-0_layers5_backend_auto_cg_off_pcg_off_tp1_marker_on_profile_nsys,4,10,1,1,4,2048,0,attn_mqa,auto,0.121602392578125,-18.784467448890656,-9.045601530243996,0.149728,0.120095,0.029633000000000007,0.19791221414832233,0.133696,0.105055,0.028641000000000014,0.21422480852082346,1.313171,34.405543,33.2421,q_b_proj,rotary_emb,0.1324,0.01104,0.01104,"{""kernels"":[{""name"":""nvjet_tst_256x8_64x6_2x1_v_bz_TNT"",""stream_id"":13,""start_ns"":87021035,""end_ns"":87029163,""duration_ms"":0.008128,""overlap_ms"":0.008128}],""cuda_runtime"":[{""name"":""cudaEventSynchronize_v3020"",""start_ns"":86412249,""end_ns"":88018192,""duration_ms"":1.605943,""overlap_ms"":0.01104}],""cuda_sync"":[{""name"":""[kernel.kallsyms]"",""start_ns"":86412826,""end_ns"":88017708,""duration_ms"":1.604882,""overlap_ms"":0.01104}],""osrt"":[{""name"":""epoll_wait"",""start_ns"":86638550,""end_ns"":88130140,""duration_ms"":1.49159,""overlap_ms"":0.01104},{""name"":""epoll_wait"",""start_ns"":86395631,""end_ns"":88093166,""duration_ms"":1.697535,""overlap_ms"":0.01104},{""name"":""poll"",""start_ns"":70412646,""end_ns"":170569223,""duration_ms"":100.156577,""overlap_ms"":0.01104},{""name"":""pthread_cond_timedwait"",""start_ns"":53903060,""end_ns"":153943020,""duration_ms"":100.03996,""overlap_ms"":0.01104},{""name"":""pthread_cond_timedwait"",""start_ns"":87009489,""end_ns"":187042509,""duration_ms"":100.03302,""overlap_ms"":0.01104}],""profiler_overhead"":[],""nvtx"":[]}",/home/ai_lab/ljc/scale-up-sim/aiconfigurator/bench_data/h100_sxm/sglang/v0.5.9/deepseek_v3_mla/raw_runs/20260618_105215_prefill_stage1_req1_equal_fresh_regular_b4_f2048_p0_b4_fvar2048-2048-2048-2048_pvar0-0-0-0_layers5_backend_auto_cg_off_pcg_off_tp1_marker_on_profile_nsys/nsys/MLA时延拆解.csv
reference,req1_equal_prefix_regular_b4_f2048_p1024,decode,20260618_111102_prefill_stage1_req1_equal_prefix_regular_b4_f2048_p1024_b4_fvar2048-2048-2048-2048_pvar1024-1024-1024-1024_layers5_backend_auto_cg_off_pcg_off_tp1_marker_on_profile_nsys,0,6,1,1,4,2048,1024,attn_mqa,auto,0.124052392578125,-17.902641506429337,-8.612982836718382,0.151104,0.118848,0.03225599999999999,0.21346886912325283,0.135744,0.104352,0.031392,0.23125884016973128,2.091182,42.168498,40.22842,attn_mqa,o_proj,0.149212,0.011936,0.011936,"{""kernels"":[{""name"":""nvjet_tst_128x8_64x12_1x1_h_bz_TNT"",""stream_id"":13,""start_ns"":92120272,""end_ns"":92129072,""duration_ms"":0.0088,""overlap_ms"":0.0088},{""name"":""unrolled_elementwise_kernel"",""stream_id"":7,""start_ns"":92129040,""end_ns"":92132624,""duration_ms"":0.003584,""overlap_ms"":0.002048}],""cuda_runtime"":[{""name"":""cudaLaunchKernel_v7000"",""start_ns"":92110119,""end_ns"":92124037,""duration_ms"":0.013918,""overlap_ms"":0.004885}],""cuda_sync"":[],""osrt"":[{""name"":""epoll_wait"",""start_ns"":25805973,""end_ns"":93624815,""duration_ms"":67.818842,""overlap_ms"":0.011936},{""name"":""pthread_cond_timedwait"",""start_ns"":53924696,""end_ns"":153994943,""duration_ms"":100.070247,""overlap_ms"":0.011936},{""name"":""epoll_pwait"",""start_ns"":26090767,""end_ns"":93991558,""duration_ms"":67.900791,""overlap_ms"":0.011936},{""name"":""pthread_cond_timedwait"",""start_ns"":79314374,""end_ns"":179347360,""duration_ms"":100.032986,""overlap_ms"":0.011936},{""name"":""epoll_wait"",""start_ns"":91550436,""end_ns"":101654926,""duration_ms"":10.10449,""overlap_ms"":0.011936}],""profiler_overhead"":[],""nvtx"":[]}",/home/ai_lab/ljc/scale-up-sim/aiconfigurator/bench_data/h100_sxm/sglang/v0.5.9/deepseek_v3_mla/raw_runs/20260618_111102_prefill_stage1_req1_equal_prefix_regular_b4_f2048_p1024_b4_fvar2048-2048-2048-2048_pvar1024-1024-1024-1024_layers5_backend_auto_cg_off_pcg_off_tp1_marker_on_profile_nsys/nsys/MLA时延拆解.csv
reference,req1_equal_prefix_regular_b4_f2048_p1024,decode,20260618_111102_prefill_stage1_req1_equal_prefix_regular_b4_f2048_p1024_b4_fvar2048-2048-2048-2048_pvar1024-1024-1024-1024_layers5_backend_auto_cg_off_pcg_off_tp1_marker_on_profile_nsys,1,7,1,1,4,2048,1024,attn_mqa,auto,0.124052392578125,-16.792503368396513,-7.257481625205582,0.149088,0.118976,0.030112,0.20197467267654004,0.13376,0.104448,0.02931199999999999,0.2191387559808612,1.78561,39.487586,37.851064,attn_mqa,o_proj,0.140396,0.011968,0.011968,"{""kernels"":[{""name"":""nvjet_tst_128x8_64x12_1x1_h_bz_TNT"",""stream_id"":13,""start_ns"":92431440,""end_ns"":92440304,""duration_ms"":0.008864,""overlap_ms"":0.008864}],""cuda_runtime"":[],""cuda_sync"":[],""osrt"":[{""name"":""epoll_wait"",""start_ns"":25805973,""end_ns"":93624815,""duration_ms"":67.818842,""overlap_ms"":0.011968},{""name"":""pthread_cond_timedwait"",""start_ns"":53924696,""end_ns"":153994943,""duration_ms"":100.070247,""overlap_ms"":0.011968},{""name"":""epoll_pwait"",""start_ns"":26090767,""end_ns"":93991558,""duration_ms"":67.900791,""overlap_ms"":0.011968},{""name"":""pthread_cond_timedwait"",""start_ns"":79314374,""end_ns"":179347360,""duration_ms"":100.032986,""overlap_ms"":0.011968},{""name"":""epoll_wait"",""start_ns"":91550436,""end_ns"":101654926,""duration_ms"":10.10449,""overlap_ms"":0.011968}],""profiler_overhead"":[],""nvtx"":[]}",/home/ai_lab/ljc/scale-up-sim/aiconfigurator/bench_data/h100_sxm/sglang/v0.5.9/deepseek_v3_mla/raw_runs/20260618_111102_prefill_stage1_req1_equal_prefix_regular_b4_f2048_p1024_b4_fvar2048-2048-2048-2048_pvar1024-1024-1024-1024_layers5_backend_auto_cg_off_pcg_off_tp1_marker_on_profile_nsys/nsys/MLA时延拆解.csv
reference,req1_equal_prefix_regular_b4_f2048_p1024,decode,20260618_111102_prefill_stage1_req1_equal_prefix_regular_b4_f2048_p1024_b4_fvar2048-2048-2048-2048_pvar1024-1024-1024-1024_layers5_backend_auto_cg_off_pcg_off_tp1_marker_on_profile_nsys,2,8,1,1,4,2048,1024,attn_mqa,auto,0.124052392578125,-17.377722334475568,-6.945816897109794,0.150144,0.118848,0.031296000000000004,0.20843989769820975,0.133312,0.10422400000000001,0.029088000000000003,0.21819491118578974,1.778346,37.134034,35.505832,q_b_proj,rotary_emb,0.157887,0.01168,0.01168,"{""kernels"":[{""name"":""nvjet_tst_256x8_64x6_2x1_v_bz_TNT"",""stream_id"":13,""start_ns"":92695536,""end_ns"":92703536,""duration_ms"":0.008,""overlap_ms"":0.008}],""cuda_runtime"":[],""cuda_sync"":[],""osrt"":[{""name"":""epoll_wait"",""start_ns"":25805973,""end_ns"":93624815,""duration_ms"":67.818842,""overlap_ms"":0.01168},{""name"":""pthread_cond_timedwait"",""start_ns"":53924696,""end_ns"":153994943,""duration_ms"":100.070247,""overlap_ms"":0.01168},{""name"":""epoll_pwait"",""start_ns"":26090767,""end_ns"":93991558,""duration_ms"":67.900791,""overlap_ms"":0.01168},{""name"":""pthread_cond_timedwait"",""start_ns"":79314374,""end_ns"":179347360,""duration_ms"":100.032986,""overlap_ms"":0.01168},{""name"":""epoll_wait"",""start_ns"":91550436,""end_ns"":101654926,""duration_ms"":10.10449,""overlap_ms"":0.01168}],""profiler_overhead"":[],""nvtx"":[]}",/home/ai_lab/ljc/scale-up-sim/aiconfigurator/bench_data/h100_sxm/sglang/v0.5.9/deepseek_v3_mla/raw_runs/20260618_111102_prefill_stage1_req1_equal_prefix_regular_b4_f2048_p1024_b4_fvar2048-2048-2048-2048_pvar1024-1024-1024-1024_layers5_backend_auto_cg_off_pcg_off_tp1_marker_on_profile_nsys/nsys/MLA时延拆解.csv
reference,req1_equal_prefix_regular_b4_f2048_p1024,decode,20260618_111102_prefill_stage1_req1_equal_prefix_regular_b4_f2048_p1024_b4_fvar2048-2048-2048-2048_pvar1024-1024-1024-1024_layers5_backend_auto_cg_off_pcg_off_tp1_marker_on_profile_nsys,3,9,1,1,4,2048,1024,attn_mqa,auto,0.124052392578125,-18.864854163532726,-9.55116033442822,0.152896,0.12112,0.031776,0.20782754290498115,0.137152,0.106432,0.030719999999999997,0.22398506766215584,1.773577,34.78593,33.165249,attn_mqa,o_proj,0.134602,0.012992,0.012992,"{""kernels"":[{""name"":""nvjet_tst_128x8_64x12_1x1_h_bz_TNT"",""stream_id"":13,""start_ns"":93053456,""end_ns"":93062288,""duration_ms"":0.008832,""overlap_ms"":0.008832}],""cuda_runtime"":[],""cuda_sync"":[],""osrt"":[{""name"":""epoll_wait"",""start_ns"":25805973,""end_ns"":93624815,""duration_ms"":67.818842,""overlap_ms"":0.012992},{""name"":""pthread_cond_timedwait"",""start_ns"":53924696,""end_ns"":153994943,""duration_ms"":100.070247,""overlap_ms"":0.012992},{""name"":""epoll_pwait"",""start_ns"":26090767,""end_ns"":93991558,""duration_ms"":67.900791,""overlap_ms"":0.012992},{""name"":""pthread_cond_timedwait"",""start_ns"":79314374,""end_ns"":179347360,""duration_ms"":100.032986,""overlap_ms"":0.012992},{""name"":""epoll_wait"",""start_ns"":91550436,""end_ns"":101654926,""duration_ms"":10.10449,""overlap_ms"":0.012992}],""profiler_overhead"":[],""nvtx"":[]}",/home/ai_lab/ljc/scale-up-sim/aiconfigurator/bench_data/h100_sxm/sglang/v0.5.9/deepseek_v3_mla/raw_runs/20260618_111102_prefill_stage1_req1_equal_prefix_regular_b4_f2048_p1024_b4_fvar2048-2048-2048-2048_pvar1024-1024-1024-1024_layers5_backend_auto_cg_off_pcg_off_tp1_marker_on_profile_nsys/nsys/MLA时延拆解.csv
reference,req1_equal_prefix_regular_b4_f2048_p1024,decode,20260618_111102_prefill_stage1_req1_equal_prefix_regular_b4_f2048_p1024_b4_fvar2048-2048-2048-2048_pvar1024-1024-1024-1024_layers5_backend_auto_cg_off_pcg_off_tp1_marker_on_profile_nsys,4,10,1,1,4,2048,1024,attn_mqa,auto,0.124052392578125,-16.917332446069302,-7.478824151159756,0.149312,0.120704,0.028607999999999995,0.1915987998285469,0.13408,0.10624,0.027840000000000004,0.20763723150357996,1.942428,31.803141,30.010025,q_b_proj,rotary_emb,0.175728,0.010592,0.010592,"{""kernels"":[{""name"":""nvjet_tst_256x8_64x6_2x1_v_bz_TNT"",""stream_id"":13,""start_ns"":93375248,""end_ns"":93383344,""duration_ms"":0.008096,""overlap_ms"":0.008096}],""cuda_runtime"":[{""name"":""cudaEventDestroy_v3020"",""start_ns"":93375392,""end_ns"":93378378,""duration_ms"":0.002986,""overlap_ms"":0.002986}],""cuda_sync"":[],""osrt"":[{""name"":""epoll_wait"",""start_ns"":25805973,""end_ns"":93624815,""duration_ms"":67.818842,""overlap_ms"":0.010592},{""name"":""pthread_cond_timedwait"",""start_ns"":53924696,""end_ns"":153994943,""duration_ms"":100.070247,""overlap_ms"":0.010592},{""name"":""epoll_pwait"",""start_ns"":26090767,""end_ns"":93991558,""duration_ms"":67.900791,""overlap_ms"":0.010592},{""name"":""pthread_cond_timedwait"",""start_ns"":79314374,""end_ns"":179347360,""duration_ms"":100.032986,""overlap_ms"":0.010592},{""name"":""epoll_wait"",""start_ns"":91550436,""end_ns"":101654926,""duration_ms"":10.10449,""overlap_ms"":0.010592}],""profiler_overhead"":[],""nvtx"":[]}",/home/ai_lab/ljc/scale-up-sim/aiconfigurator/bench_data/h100_sxm/sglang/v0.5.9/deepseek_v3_mla/raw_runs/20260618_111102_prefill_stage1_req1_equal_prefix_regular_b4_f2048_p1024_b4_fvar2048-2048-2048-2048_pvar1024-1024-1024-1024_layers5_backend_auto_cg_off_pcg_off_tp1_marker_on_profile_nsys/nsys/MLA时延拆解.csv
target,req1_equal_fresh_irregular_b12_f300_p0,decode,20260618_105915_prefill_stage1_req1_equal_fresh_irregular_b12_f300_p0_b12_fvar300-300-300-300-300-300-300-300-300-300-300-300_pvar0-0-0-0-0-0-0-0-0-0-0-0_layers5_backend_auto_cg_off_pcg_off_tp1_marker_on_profile_nsys,0,6,1,1,12,300,0,attn_mqa,auto,0.1217548828125,-19.948662152522093,-12.006473453038264,0.152096,0.118239,0.03385700000000001,0.22260282979171056,0.138368,0.106143,0.03222499999999999,0.23289344357076774,1.867406,8.44664,6.73133,attn_mqa,o_proj,0.130136,0.01296,0.01296,"{""kernels"":[{""name"":""nvjet_tst_128x16_64x11_1x1_h_bz_TNT"",""stream_id"":13,""start_ns"":55113641,""end_ns"":55123689,""duration_ms"":0.010048,""overlap_ms"":0.010048}],""cuda_runtime"":[],""cuda_sync"":[],""osrt"":[{""name"":""epoll_wait"",""start_ns"":24967403,""end_ns"":62294784,""duration_ms"":37.327381,""overlap_ms"":0.01296},{""name"":""epoll_pwait"",""start_ns"":25871331,""end_ns"":62538415,""duration_ms"":36.667084,""overlap_ms"":0.01296},{""name"":""poll"",""start_ns"":41706422,""end_ns"":141835193,""duration_ms"":100.128771,""overlap_ms"":0.01296},{""name"":""epoll_wait"",""start_ns"":25051048,""end_ns"":62197334,""duration_ms"":37.146286,""overlap_ms"":0.01296},{""name"":""epoll_wait"",""start_ns"":49284593,""end_ns"":59404348,""duration_ms"":10.119755,""overlap_ms"":0.01296}],""profiler_overhead"":[],""nvtx"":[{""name"":""{'Module': 'model.model', 'Inputs': [[12], [12]]}"",""start_ns"":46296390,""end_ns"":60248653,""duration_ms"":13.952263,""overlap_ms"":0.01296},{""name"":""{'Module': 'model.model.layers.3', 'Inputs': [[12], [12, 7168], [12, 7168]]}"",""start_ns"":54126254,""end_ns"":57054086,""duration_ms"":2.927832,""overlap_ms"":0.01296},{""name"":""{'Module': 'model.model.layers.3.self_attn'}"",""start_ns"":54223583,""end_ns"":55796765,""duration_ms"":1.573182,""overlap_ms"":0.01296}]}",/home/ai_lab/ljc/scale-up-sim/aiconfigurator/bench_data/h100_sxm/sglang/v0.5.9/deepseek_v3_mla/raw_runs/20260618_105915_prefill_stage1_req1_equal_fresh_irregular_b12_f300_p0_b12_fvar300-300-300-300-300-300-300-300-300-300-300-300_pvar0-0-0-0-0-0-0-0-0-0-0-0_layers5_backend_auto_cg_off_pcg_off_tp1_marker_on_profile_nsys/nsys/MLA时延拆解.csv
target,req1_equal_fresh_irregular_b12_f300_p0,decode,20260618_105915_prefill_stage1_req1_equal_fresh_irregular_b12_f300_p0_b12_fvar300-300-300-300-300-300-300-300-300-300-300-300_pvar0-0-0-0-0-0-0-0-0-0-0-0_layers5_backend_auto_cg_off_pcg_off_tp1_marker_on_profile_nsys,1,7,1,1,12,300,0,attn_mqa,auto,0.1217548828125,-17.033578545777903,-9.105587962479083,0.146752,0.115168,0.03158399999999999,0.21522023549934577,0.133952,0.10345599999999999,0.030495999999999995,0.22766364070711895,1.648793,6.032252,4.530211,attn_mqa,o_proj,0.129062,0.012576,0.012576,"{""kernels"":[{""name"":""nvjet_tst_128x16_64x11_1x1_h_bz_TNT"",""stream_id"":13,""start_ns"":55424681,""end_ns"":55434281,""duration_ms"":0.0096,""overlap_ms"":0.0096}],""cuda_runtime"":[],""cuda_sync"":[],""osrt"":[{""name"":""epoll_wait"",""start_ns"":24967403,""end_ns"":62294784,""duration_ms"":37.327381,""overlap_ms"":0.012576},{""name"":""epoll_pwait"",""start_ns"":25871331,""end_ns"":62538415,""duration_ms"":36.667084,""overlap_ms"":0.012576},{""name"":""poll"",""start_ns"":41706422,""end_ns"":141835193,""duration_ms"":100.128771,""overlap_ms"":0.012576},{""name"":""epoll_wait"",""start_ns"":25051048,""end_ns"":62197334,""duration_ms"":37.146286,""overlap_ms"":0.012576},{""name"":""epoll_wait"",""start_ns"":49284593,""end_ns"":59404348,""duration_ms"":10.119755,""overlap_ms"":0.012576}],""profiler_overhead"":[],""nvtx"":[{""name"":""{'Module': 'model.model', 'Inputs': [[12], [12]]}"",""start_ns"":46296390,""end_ns"":60248653,""duration_ms"":13.952263,""overlap_ms"":0.012576},{""name"":""{'Module': 'model.model.layers.3', 'Inputs': [[12], [12, 7168], [12, 7168]]}"",""start_ns"":54126254,""end_ns"":57054086,""duration_ms"":2.927832,""overlap_ms"":0.012576},{""name"":""{'Module': 'model.model.layers.3.self_attn'}"",""start_ns"":54223583,""end_ns"":55796765,""duration_ms"":1.573182,""overlap_ms"":0.012576},{""name"":""{'Module': 'model.model.layers.3.self_attn.attn_mqa', 'TrainableParams': {'k_scale': [], 'v_scale': []}, 'Inputs': [[12, 128, 512], [12, 1, 512], [12, 1, 512]]}"",""start_ns"":55142174,""end_ns"":55426399,""duration_ms"":0.284225,""overlap_ms"":0.003638}]}",/home/ai_lab/ljc/scale-up-sim/aiconfigurator/bench_data/h100_sxm/sglang/v0.5.9/deepseek_v3_mla/raw_runs/20260618_105915_prefill_stage1_req1_equal_fresh_irregular_b12_f300_p0_b12_fvar300-300-300-300-300-300-300-300-300-300-300-300_pvar0-0-0-0-0-0-0-0-0-0-0-0_layers5_backend_auto_cg_off_pcg_off_tp1_marker_on_profile_nsys/nsys/MLA时延拆解.csv
target,req1_equal_fresh_irregular_b12_f300_p0,decode,20260618_105915_prefill_stage1_req1_equal_fresh_irregular_b12_f300_p0_b12_fvar300-300-300-300-300-300-300-300-300-300-300-300_pvar0-0-0-0-0-0-0-0-0-0-0-0_layers5_backend_auto_cg_off_pcg_off_tp1_marker_on_profile_nsys,2,8,1,1,12,300,0,attn_mqa,auto,0.1217548828125,-18.280925947366306,-9.709537544123746,0.148992,0.114624,0.03436800000000001,0.23067010309278355,0.134848,0.102464,0.032383999999999996,0.2401518747033697,1.616213,3.853399,2.386178,q_b_proj,rotary_emb,0.142996,0.012704,0.012704,"{""kernels"":[{""name"":""nvjet_tst_256x16_64x6_2x1_v_bz_TNT"",""stream_id"":13,""start_ns"":55689193,""end_ns"":55698217,""duration_ms"":0.009024,""overlap_ms"":0.009024}],""cuda_runtime"":[],""cuda_sync"":[],""osrt"":[{""name"":""epoll_wait"",""start_ns"":24967403,""end_ns"":62294784,""duration_ms"":37.327381,""overlap_ms"":0.012704},{""name"":""epoll_pwait"",""start_ns"":25871331,""end_ns"":62538415,""duration_ms"":36.667084,""overlap_ms"":0.012704},{""name"":""poll"",""start_ns"":41706422,""end_ns"":141835193,""duration_ms"":100.128771,""overlap_ms"":0.012704},{""name"":""epoll_wait"",""start_ns"":25051048,""end_ns"":62197334,""duration_ms"":37.146286,""overlap_ms"":0.012704},{""name"":""epoll_wait"",""start_ns"":49284593,""end_ns"":59404348,""duration_ms"":10.119755,""overlap_ms"":0.012704}],""profiler_overhead"":[],""nvtx"":[{""name"":""{'Module': 'model.model', 'Inputs': [[12], [12]]}"",""start_ns"":46296390,""end_ns"":60248653,""duration_ms"":13.952263,""overlap_ms"":0.012704},{""name"":""{'Module': 'model.model.layers.3', 'Inputs': [[12], [12, 7168], [12, 7168]]}"",""start_ns"":54126254,""end_ns"":57054086,""duration_ms"":2.927832,""overlap_ms"":0.012704},{""name"":""{'Module': 'model.model.layers.3.self_attn'}"",""start_ns"":54223583,""end_ns"":55796765,""duration_ms"":1.573182,""overlap_ms"":0.012704},{""name"":""{'Module': 'model.model.layers.3.self_attn.o_proj', 'TrainableParams': {'weight': [7168, 16384], 'weight_scale_inv': [56, 128]}, 'Inputs': [[12, 16384]]}"",""start_ns"":55541768,""end_ns"":55778685,""duration_ms"":0.236917,""overlap_ms"":0.012704}]}",/home/ai_lab/ljc/scale-up-sim/aiconfigurator/bench_data/h100_sxm/sglang/v0.5.9/deepseek_v3_mla/raw_runs/20260618_105915_prefill_stage1_req1_equal_fresh_irregular_b12_f300_p0_b12_fvar300-300-300-300-300-300-300-300-300-300-300-300_pvar0-0-0-0-0-0-0-0-0-0-0-0_layers5_backend_auto_cg_off_pcg_off_tp1_marker_on_profile_nsys/nsys/MLA时延拆解.csv
target,req1_equal_fresh_irregular_b12_f300_p0,decode,20260618_105915_prefill_stage1_req1_equal_fresh_irregular_b12_f300_p0_b12_fvar300-300-300-300-300-300-300-300-300-300-300-300_pvar0-0-0-0-0-0-0-0-0-0-0-0_layers5_backend_auto_cg_off_pcg_off_tp1_marker_on_profile_nsys,3,9,1,1,12,300,0,attn_mqa,auto,0.1217548828125,-18.386098500844597,-10.705466137277044,0.149184,0.118144,0.031040000000000012,0.20806520806520812,0.136352,0.10608000000000001,0.030271999999999993,0.22201361182820928,1.573182,1.733418,0.30942,attn_mqa,o_proj,0.115369,0.0128,0.0128,"{""kernels"":[{""name"":""nvjet_tst_128x16_64x11_1x1_h_bz_TNT"",""stream_id"":13,""start_ns"":56041417,""end_ns"":56051369,""duration_ms"":0.009952,""overlap_ms"":0.009952}],""cuda_runtime"":[],""cuda_sync"":[],""osrt"":[{""name"":""epoll_wait"",""start_ns"":24967403,""end_ns"":62294784,""duration_ms"":37.327381,""overlap_ms"":0.0128},{""name"":""epoll_pwait"",""start_ns"":25871331,""end_ns"":62538415,""duration_ms"":36.667084,""overlap_ms"":0.0128},{""name"":""poll"",""start_ns"":41706422,""end_ns"":141835193,""duration_ms"":100.128771,""overlap_ms"":0.0128},{""name"":""epoll_wait"",""start_ns"":25051048,""end_ns"":62197334,""duration_ms"":37.146286,""overlap_ms"":0.0128},{""name"":""epoll_wait"",""start_ns"":49284593,""end_ns"":59404348,""duration_ms"":10.119755,""overlap_ms"":0.0128}],""profiler_overhead"":[],""nvtx"":[{""name"":""{'Module': 'model.model', 'Inputs': [[12], [12]]}"",""start_ns"":46296390,""end_ns"":60248653,""duration_ms"":13.952263,""overlap_ms"":0.0128},{""name"":""{'Module': 'model.model.layers.3', 'Inputs': [[12], [12, 7168], [12, 7168]]}"",""start_ns"":54126254,""end_ns"":57054086,""duration_ms"":2.927832,""overlap_ms"":0.0128},{""name"":""{'Module': 'model.model.layers.3.mlp', 'Inputs': [[12, 7168]]}"",""start_ns"":55898881,""end_ns"":57046204,""duration_ms"":1.147323,""overlap_ms"":0.0128},{""name"":""{'Module': 'model.model.layers.3.mlp.topk', 'Inputs': [[12, 7168], [12, 256]]}"",""start_ns"":56009132,""end_ns"":56078086,""duration_ms"":0.068954,""overlap_ms"":0.0128}]}",/home/ai_lab/ljc/scale-up-sim/aiconfigurator/bench_data/h100_sxm/sglang/v0.5.9/deepseek_v3_mla/raw_runs/20260618_105915_prefill_stage1_req1_equal_fresh_irregular_b12_f300_p0_b12_fvar300-300-300-300-300-300-300-300-300-300-300-300_pvar0-0-0-0-0-0-0-0-0-0-0-0_layers5_backend_auto_cg_off_pcg_off_tp1_marker_on_profile_nsys/nsys/MLA时延拆解.csv
target,req1_equal_fresh_irregular_b12_f300_p0,decode,20260618_105915_prefill_stage1_req1_equal_fresh_irregular_b12_f300_p0_b12_fvar300-300-300-300-300-300-300-300-300-300-300-300_pvar0-0-0-0-0-0-0-0-0-0-0-0_layers5_backend_auto_cg_off_pcg_off_tp1_marker_on_profile_nsys,4,10,1,1,12,300,0,attn_mqa,auto,0.1217548828125,-92.26799466735295,-90.65057251428466,1.574687,0.117504,1.457183,0.925379456361804,1.302271,0.1056,1.196671,0.918910887211648,1.728413,0.160007,0.006281,q_b_proj,rotary_emb,0.153826,0.235232,0.235232,"{""kernels"":[{""name"":""nvjet_tst_256x16_64x6_2x1_v_bz_TNT"",""stream_id"":13,""start_ns"":58064585,""end_ns"":58072681,""duration_ms"":0.008096,""overlap_ms"":0.008096}],""cuda_runtime"":[{""name"":""cudaLaunchKernel_v7000"",""start_ns"":58164459,""end_ns"":58181438,""duration_ms"":0.016979,""overlap_ms"":0.016979},{""name"":""cuLaunchKernelEx"",""start_ns"":58052587,""end_ns"":58063667,""duration_ms"":0.01108,""overlap_ms"":0.01108},{""name"":""cuKernelGetAttribute"",""start_ns"":58049868,""end_ns"":58050441,""duration_ms"":0.000573,""overlap_ms"":0.000573},{""name"":""cuKernelGetAttribute"",""start_ns"":58050667,""end_ns"":58050840,""duration_ms"":0.000173,""overlap_ms"":0.000173}],""cuda_sync"":[],""osrt"":[{""name"":""epoll_wait"",""start_ns"":24967403,""end_ns"":62294784,""duration_ms"":37.327381,""overlap_ms"":0.235232},{""name"":""epoll_pwait"",""start_ns"":25871331,""end_ns"":62538415,""duration_ms"":36.667084,""overlap_ms"":0.235232},{""name"":""poll"",""start_ns"":41706422,""end_ns"":141835193,""duration_ms"":100.128771,""overlap_ms"":0.235232},{""name"":""epoll_wait"",""start_ns"":25051048,""end_ns"":62197334,""duration_ms"":37.146286,""overlap_ms"":0.235232},{""name"":""epoll_wait"",""start_ns"":49284593,""end_ns"":59404348,""duration_ms"":10.119755,""overlap_ms"":0.235232}],""profiler_overhead"":[],""nvtx"":[{""name"":""{'Module': 'model.model', 'Inputs': [[12], [12]]}"",""start_ns"":46296390,""end_ns"":60248653,""duration_ms"":13.952263,""overlap_ms"":0.235232},{""name"":""{'Module': 'model.model.layers.4', 'Inputs': [[12], [12, 7168], [12, 7168]]}"",""start_ns"":57102906,""end_ns"":60156879,""duration_ms"":3.053973,""overlap_ms"":0.235232},{""name"":""{'Module': 'model.model.layers.4.self_attn'}"",""start_ns"":57207010,""end_ns"":58935423,""duration_ms"":1.728413,""overlap_ms"":0.235232},{""name"":""{'Module': 'model.model.layers.0.self_attn.rotary_emb', 'Inputs': [[12], [12, 128, 64], [12, 1, 64]]}"",""start_ns"":58105393,""end_ns"":58194507,""duration_ms"":0.089114,""overlap_ms"":0.076568},{""name"":""{'Module': 'model.model.layers.4.self_attn.q_b_proj', 'TrainableParams': {'weight': [24576, 1536], 'weight_scale_inv': [192, 12]}, 'Inputs': [[12, 1536]]}"",""start_ns"":57733330,""end_ns"":57951567,""duration_ms"":0.218237,""overlap_ms"":0.004838}]}",/home/ai_lab/ljc/scale-up-sim/aiconfigurator/bench_data/h100_sxm/sglang/v0.5.9/deepseek_v3_mla/raw_runs/20260618_105915_prefill_stage1_req1_equal_fresh_irregular_b12_f300_p0_b12_fvar300-300-300-300-300-300-300-300-300-300-300-300_pvar0-0-0-0-0-0-0-0-0-0-0-0_layers5_backend_auto_cg_off_pcg_off_tp1_marker_on_profile_nsys/nsys/MLA时延拆解.csv
target,req1_equal_fresh_irregular_b1_f4500_p0,decode,20260618_110344_prefill_stage1_req1_equal_fresh_irregular_b1_f4500_p0_b1_fvar4500_pvar0_layers5_backend_auto_cg_off_pcg_off_tp1_marker_on_profile_nsys,0,6,1,1,1,4500,0,attn_mqa,auto,0.1206262939453125,-93.66288130288648,-93.60298049147077,1.903488,0.117376,1.7861120000000001,0.9383363593571381,1.885664,0.100352,1.785312,0.9467816111459942,3.744045,1.780994,0.0,attn_mqa,o_proj,0.265717,0.518752,0.518752,"{""kernels"":[{""name"":""nvjet_tst_128x8_64x12_1x1_h_bz_TNT"",""stream_id"":13,""start_ns"":1654761807,""end_ns"":1654770351,""duration_ms"":0.008544,""overlap_ms"":0.008544}],""cuda_runtime"":[{""name"":""cudaLaunchKernel_v7000"",""start_ns"":1655041897,""end_ns"":1655059804,""duration_ms"":0.017907,""overlap_ms"":0.01671},{""name"":""cuLaunchKernelEx"",""start_ns"":1654745393,""end_ns"":1654761277,""duration_ms"":0.015884,""overlap_ms"":0.015884},{""name"":""cuKernelGetAttribute"",""start_ns"":1654740807,""end_ns"":1654741631,""duration_ms"":0.000824,""overlap_ms"":0.000824},{""name"":""cuKernelGetAttribute"",""start_ns"":1654742055,""end_ns"":1654742444,""duration_ms"":0.000389,""overlap_ms"":0.000389}],""cuda_sync"":[],""osrt"":[{""name"":""poll"",""start_ns"":1639763513,""end_ns"":1739911443,""duration_ms"":100.14793,""overlap_ms"":0.518752},{""name"":""pthread_cond_timedwait"",""start_ns"":1627391050,""end_ns"":1727482094,""duration_ms"":100.091044,""overlap_ms"":0.518752},{""name"":""epoll_wait"",""start_ns"":1652279908,""end_ns"":1662345988,""duration_ms"":10.06608,""overlap_ms"":0.518752},{""name"":""epoll_pwait"",""start_ns"":23802807,""end_ns"":1675699645,""duration_ms"":1651.896838,""overlap_ms"":0.518752},{""name"":""epoll_wait"",""start_ns"":1651915397,""end_ns"":1661982401,""duration_ms"":10.067004,""overlap_ms"":0.518752}],""profiler_overhead"":[],""nvtx"":[{""name"":""{'Module': 'model.model', 'Inputs': [[1], [1]]}"",""start_ns"":1651155788,""end_ns"":1673929864,""duration_ms"":22.774076,""overlap_ms"":0.518752},{""name"":""{'Module': 'model.model.layers.0', 'Inputs': [[1], [1, 7168]]}"",""start_ns"":1651504955,""end_ns"":1656815038,""duration_ms"":5.310083,""overlap_ms"":0.518752},{""name"":""{'Module': 'model.model.layers.0.self_attn'}"",""start_ns"":1651731085,""end_ns"":1655475130,""duration_ms"":3.744045,""overlap_ms"":0.518752},{""name"":""{'Module': 'model.model.layers.0.self_attn.o_proj', 'TrainableParams': {'weight': [7168, 16384], 'weight_scale_inv': [56, 128]}, 'Inputs': [[1, 16384]]}"",""start_ns"":1654861898,""end_ns"":1655438260,""duration_ms"":0.576362,""overlap_ms"":0.196709},{""name"":""{'Module': 'model.model.layers.0.self_attn.attn_mqa', 'TrainableParams': {'k_scale': [], 'v_scale': []}, 'Inputs': [[1, 128, 512], [1, 1, 512], [1, 1, 512]]}"",""start_ns"":1654013767,""end_ns"":1654596181,""duration_ms"":0.582414,""overlap_ms"":0.056326}]}",/home/ai_lab/ljc/scale-up-sim/aiconfigurator/bench_data/h100_sxm/sglang/v0.5.9/deepseek_v3_mla/raw_runs/20260618_110344_prefill_stage1_req1_equal_fresh_irregular_b1_f4500_p0_b1_fvar4500_pvar0_layers5_backend_auto_cg_off_pcg_off_tp1_marker_on_profile_nsys/nsys/MLA时延拆解.csv
target,req1_equal_fresh_irregular_b1_f4500_p0,decode,20260618_110344_prefill_stage1_req1_equal_fresh_irregular_b1_f4500_p0_b1_fvar4500_pvar0_layers5_backend_auto_cg_off_pcg_off_tp1_marker_on_profile_nsys,1,7,1,1,1,4500,0,attn_mqa,auto,0.1206262939453125,-95.48110517419379,-94.63023976383046,2.669376,0.113856,2.55552,0.9573473351075307,2.2464,0.099296,2.147104,0.9557977207977209,2.966751,0.267476,0.0,attn_mqa,o_proj,0.229016,0.446208,0.446208,"{""kernels"":[{""name"":""nvjet_tst_128x8_64x12_1x1_h_bz_TNT"",""stream_id"":13,""start_ns"":1659455311,""end_ns"":1659463887,""duration_ms"":0.008576,""overlap_ms"":0.008576}],""cuda_runtime"":[{""name"":""cuLaunchKernelEx"",""start_ns"":1659440904,""end_ns"":1659454422,""duration_ms"":0.013518,""overlap_ms"":0.013518},{""name"":""cudaLaunchKernel_v7000"",""start_ns"":1659700266,""end_ns"":1659713183,""duration_ms"":0.012917,""overlap_ms"":0.012869},{""name"":""cuKernelGetAttribute"",""start_ns"":1659436854,""end_ns"":1659437567,""duration_ms"":0.000713,""overlap_ms"":0.000713},{""name"":""cuKernelGetAttribute"",""start_ns"":1659437970,""end_ns"":1659438258,""duration_ms"":0.000288,""overlap_ms"":0.000288}],""cuda_sync"":[],""osrt"":[{""name"":""poll"",""start_ns"":1639763513,""end_ns"":1739911443,""duration_ms"":100.14793,""overlap_ms"":0.446208},{""name"":""pthread_cond_timedwait"",""start_ns"":1627391050,""end_ns"":1727482094,""duration_ms"":100.091044,""overlap_ms"":0.446208},{""name"":""epoll_wait"",""start_ns"":1652279908,""end_ns"":1662345988,""duration_ms"":10.06608,""overlap_ms"":0.446208},{""name"":""epoll_pwait"",""start_ns"":23802807,""end_ns"":1675699645,""duration_ms"":1651.896838,""overlap_ms"":0.446208},{""name"":""epoll_wait"",""start_ns"":1651915397,""end_ns"":1661982401,""duration_ms"":10.067004,""overlap_ms"":0.446208}],""profiler_overhead"":[],""nvtx"":[{""name"":""{'Module': 'model.model', 'Inputs': [[1], [1]]}"",""start_ns"":1651155788,""end_ns"":1673929864,""duration_ms"":22.774076,""overlap_ms"":0.446208},{""name"":""{'Module': 'model.model.layers.1', 'Inputs': [[1], [1, 7168], [1, 7168]]}"",""start_ns"":1656894581,""end_ns"":1661218732,""duration_ms"":4.324151,""overlap_ms"":0.446208},{""name"":""{'Module': 'model.model.layers.1.self_attn'}"",""start_ns"":1657059675,""end_ns"":1660026426,""duration_ms"":2.966751,""overlap_ms"":0.446208},{""name"":""{'Module': 'model.model.layers.1.self_attn.o_proj', 'TrainableParams': {'weight': [7168, 16384], 'weight_scale_inv': [56, 128]}, 'Inputs': [[1, 16384]]}"",""start_ns"":1659541043,""end_ns"":1659997223,""duration_ms"":0.45618,""overlap_ms"":0.172092},{""name"":""{'Module': 'model.model.layers.1.self_attn.attn_mqa', 'TrainableParams': {'k_scale': [], 'v_scale': []}, 'Inputs': [[1, 128, 512], [1, 1, 512], [1, 1, 512]]}"",""start_ns"":1658799714,""end_ns"":1659312027,""duration_ms"":0.512313,""overlap_ms"":0.0451}]}",/home/ai_lab/ljc/scale-up-sim/aiconfigurator/bench_data/h100_sxm/sglang/v0.5.9/deepseek_v3_mla/raw_runs/20260618_110344_prefill_stage1_req1_equal_fresh_irregular_b1_f4500_p0_b1_fvar4500_pvar0_layers5_backend_auto_cg_off_pcg_off_tp1_marker_on_profile_nsys/nsys/MLA时延拆解.csv
target,req1_equal_fresh_irregular_b1_f4500_p0,decode,20260618_110344_prefill_stage1_req1_equal_fresh_irregular_b1_f4500_p0_b1_fvar4500_pvar0_layers5_backend_auto_cg_off_pcg_off_tp1_marker_on_profile_nsys,2,8,1,1,1,4500,0,attn_mqa,auto,0.1206262939453125,-94.93139359463967,-93.95930712704912,2.379871,0.114016,2.265855,0.9520915209269747,1.996895,0.09945599999999999,1.897439,0.9501946772364095,2.657215,0.242642,0.0,attn_mqa,o_proj,0.19015,0.379936,0.379936,"{""kernels"":[{""name"":""nvjet_tst_128x8_64x12_1x1_h_bz_TNT"",""stream_id"":13,""start_ns"":1663565262,""end_ns"":1663573902,""duration_ms"":0.00864,""overlap_ms"":0.00864}],""cuda_runtime"":[{""name"":""cudaLaunchKernel_v7000"",""start_ns"":1663769384,""end_ns"":1663786852,""duration_ms"":0.017468,""overlap_ms"":0.017468},{""name"":""cuLaunchKernelEx"",""start_ns"":1663553037,""end_ns"":1663564282,""duration_ms"":0.011245,""overlap_ms"":0.011245},{""name"":""cuKernelGetAttribute"",""start_ns"":1663549329,""end_ns"":1663550062,""duration_ms"":0.000733,""overlap_ms"":0.000733},{""name"":""cuKernelGetAttribute"",""start_ns"":1663550385,""end_ns"":1663550677,""duration_ms"":0.000292,""overlap_ms"":0.000292}],""cuda_sync"":[],""osrt"":[{""name"":""poll"",""start_ns"":1639763513,""end_ns"":1739911443,""duration_ms"":100.14793,""overlap_ms"":0.379936},{""name"":""pthread_cond_timedwait"",""start_ns"":1627391050,""end_ns"":1727482094,""duration_ms"":100.091044,""overlap_ms"":0.379936},{""name"":""epoll_wait"",""start_ns"":1662352977,""end_ns"":1672446190,""duration_ms"":10.093213,""overlap_ms"":0.379936},{""name"":""epoll_pwait"",""start_ns"":23802807,""end_ns"":1675699645,""duration_ms"":1651.896838,""overlap_ms"":0.379936},{""name"":""epoll_wait"",""start_ns"":1661989621,""end_ns"":1672083892,""duration_ms"":10.094271,""overlap_ms"":0.379936}],""profiler_overhead"":[],""nvtx"":[{""name"":""{'Module': 'model.model', 'Inputs': [[1], [1]]}"",""start_ns"":1651155788,""end_ns"":1673929864,""duration_ms"":22.774076,""overlap_ms"":0.379936},{""name"":""{'Module': 'model.model.layers.2', 'Inputs': [[1], [1, 7168], [1, 7168]]}"",""start_ns"":1661290531,""end_ns"":1665189047,""duration_ms"":3.898516,""overlap_ms"":0.379936},{""name"":""{'Module': 'model.model.layers.2.self_attn'}"",""start_ns"":1661436925,""end_ns"":1664094140,""duration_ms"":2.657215,""overlap_ms"":0.379936},{""name"":""{'Module': 'model.model.layers.2.self_attn.o_proj', 'TrainableParams': {'weight': [7168, 16384], 'weight_scale_inv': [56, 128]}, 'Inputs': [[1, 16384]]}"",""start_ns"":1663631950,""end_ns"":1664054619,""duration_ms"":0.422669,""overlap_ms"":0.154912},{""name"":""{'Module': 'model.model.layers.2.self_attn.attn_mqa', 'TrainableParams': {'k_scale': [], 'v_scale': []}, 'Inputs': [[1, 128, 512], [1, 1, 512], [1, 1, 512]]}"",""start_ns"":1662988818,""end_ns"":1663441800,""duration_ms"":0.452982,""overlap_ms"":0.034874}]}",/home/ai_lab/ljc/scale-up-sim/aiconfigurator/bench_data/h100_sxm/sglang/v0.5.9/deepseek_v3_mla/raw_runs/20260618_110344_prefill_stage1_req1_equal_fresh_irregular_b1_f4500_p0_b1_fvar4500_pvar0_layers5_backend_auto_cg_off_pcg_off_tp1_marker_on_profile_nsys/nsys/MLA时延拆解.csv
target,req1_equal_fresh_irregular_b1_f4500_p0,decode,20260618_110344_prefill_stage1_req1_equal_fresh_irregular_b1_f4500_p0_b1_fvar4500_pvar0_layers5_backend_auto_cg_off_pcg_off_tp1_marker_on_profile_nsys,3,9,1,1,1,4500,0,attn_mqa,auto,0.1206262939453125,-94.5245527114663,-93.46241469685916,2.20304,0.11376,2.08928,0.9483622630546881,1.84512,0.100032,1.7450880000000002,0.9457856399583767,2.443039,0.224533,0.0,attn_mqa,o_proj,0.173763,0.344416,0.344416,"{""kernels"":[{""name"":""nvjet_tst_128x8_64x12_1x1_h_bz_TNT"",""stream_id"":13,""start_ns"":1667373326,""end_ns"":1667381806,""duration_ms"":0.00848,""overlap_ms"":0.00848}],""cuda_runtime"":[{""name"":""cudaLaunchKernel_v7000"",""start_ns"":1667556913,""end_ns"":1667568799,""duration_ms"":0.011886,""overlap_ms"":0.011886},{""name"":""cuLaunchKernelEx"",""start_ns"":1667361046,""end_ns"":1667371706,""duration_ms"":0.01066,""overlap_ms"":0.01066},{""name"":""cuKernelGetAttribute"",""start_ns"":1667357601,""end_ns"":1667358177,""duration_ms"":0.000576,""overlap_ms"":0.000576},{""name"":""cuKernelGetAttribute"",""start_ns"":1667358455,""end_ns"":1667358682,""duration_ms"":0.000227,""overlap_ms"":0.000227}],""cuda_sync"":[],""osrt"":[{""name"":""poll"",""start_ns"":1639763513,""end_ns"":1739911443,""duration_ms"":100.14793,""overlap_ms"":0.344416},{""name"":""pthread_cond_timedwait"",""start_ns"":1627391050,""end_ns"":1727482094,""duration_ms"":100.091044,""overlap_ms"":0.344416},{""name"":""epoll_wait"",""start_ns"":1662352977,""end_ns"":1672446190,""duration_ms"":10.093213,""overlap_ms"":0.344416},{""name"":""epoll_pwait"",""start_ns"":23802807,""end_ns"":1675699645,""duration_ms"":1651.896838,""overlap_ms"":0.344416},{""name"":""epoll_wait"",""start_ns"":1661989621,""end_ns"":1672083892,""duration_ms"":10.094271,""overlap_ms"":0.344416}],""profiler_overhead"":[],""nvtx"":[{""name"":""{'Module': 'model.model', 'Inputs': [[1], [1]]}"",""start_ns"":1651155788,""end_ns"":1673929864,""duration_ms"":22.774076,""overlap_ms"":0.344416},{""name"":""{'Module': 'model.model.layers.3', 'Inputs': [[1], [1, 7168], [1, 7168]]}"",""start_ns"":1665257366,""end_ns"":1669659327,""duration_ms"":4.401961,""overlap_ms"":0.344416},{""name"":""{'Module': 'model.model.layers.3.self_attn'}"",""start_ns"":1665390169,""end_ns"":1667833208,""duration_ms"":2.443039,""overlap_ms"":0.344416},{""name"":""{'Module': 'model.model.layers.3.self_attn.o_proj', 'TrainableParams': {'weight': [7168, 16384], 'weight_scale_inv': [56, 128]}, 'Inputs': [[1, 16384]]}"",""start_ns"":1667434329,""end_ns"":1667808271,""duration_ms"":0.373942,""overlap_ms"":0.134773},{""name"":""{'Module': 'model.model.layers.3.self_attn.attn_mqa', 'TrainableParams': {'k_scale': [], 'v_scale': []}, 'Inputs': [[1, 128, 512], [1, 1, 512], [1, 1, 512]]}"",""start_ns"":1666831351,""end_ns"":1667260566,""duration_ms"":0.429215,""overlap_ms"":0.03588}]}",/home/ai_lab/ljc/scale-up-sim/aiconfigurator/bench_data/h100_sxm/sglang/v0.5.9/deepseek_v3_mla/raw_runs/20260618_110344_prefill_stage1_req1_equal_fresh_irregular_b1_f4500_p0_b1_fvar4500_pvar0_layers5_backend_auto_cg_off_pcg_off_tp1_marker_on_profile_nsys/nsys/MLA时延拆解.csv
target,req1_equal_fresh_irregular_b1_f4500_p0,decode,20260618_110344_prefill_stage1_req1_equal_fresh_irregular_b1_f4500_p0_b1_fvar4500_pvar0_layers5_backend_auto_cg_off_pcg_off_tp1_marker_on_profile_nsys,4,10,1,1,1,4500,0,attn_mqa,auto,0.1206262939453125,-94.30483662573688,-92.96498574960152,2.118048,0.115744,2.002304,0.9453534575231535,1.714656,0.10112,1.6135359999999999,0.9410260717018457,2.374048,0.244283,0.0,attn_mqa,o_proj,0.162792,0.31008,0.31008,"{""kernels"":[{""name"":""nvjet_tst_128x8_64x12_1x1_h_bz_TNT"",""stream_id"":13,""start_ns"":1671809454,""end_ns"":1671817902,""duration_ms"":0.008448,""overlap_ms"":0.008448}],""cuda_runtime"":[{""name"":""cuLaunchKernelEx"",""start_ns"":1671798148,""end_ns"":1671808078,""duration_ms"":0.00993,""overlap_ms"":0.00993},{""name"":""cudaLaunchKernel_v7000"",""start_ns"":1671974465,""end_ns"":1671984307,""duration_ms"":0.009842,""overlap_ms"":0.009842},{""name"":""cuKernelGetAttribute"",""start_ns"":1671795089,""end_ns"":1671795636,""duration_ms"":0.000547,""overlap_ms"":0.000547},{""name"":""cuKernelGetAttribute"",""start_ns"":1671795895,""end_ns"":1671796105,""duration_ms"":0.00021,""overlap_ms"":0.00021}],""cuda_sync"":[],""osrt"":[{""name"":""poll"",""start_ns"":1639763513,""end_ns"":1739911443,""duration_ms"":100.14793,""overlap_ms"":0.31008},{""name"":""pthread_cond_timedwait"",""start_ns"":1627391050,""end_ns"":1727482094,""duration_ms"":100.091044,""overlap_ms"":0.31008},{""name"":""epoll_wait"",""start_ns"":1662352977,""end_ns"":1672446190,""duration_ms"":10.093213,""overlap_ms"":0.31008},{""name"":""epoll_pwait"",""start_ns"":23802807,""end_ns"":1675699645,""duration_ms"":1651.896838,""overlap_ms"":0.31008},{""name"":""epoll_wait"",""start_ns"":1661989621,""end_ns"":1672083892,""duration_ms"":10.094271,""overlap_ms"":0.31008}],""profiler_overhead"":[],""nvtx"":[{""name"":""{'Module': 'model.model', 'Inputs': [[1], [1]]}"",""start_ns"":1651155788,""end_ns"":1673929864,""duration_ms"":22.774076,""overlap_ms"":0.31008},{""name"":""{'Module': 'model.model.layers.4', 'Inputs': [[1], [1, 7168], [1, 7168]]}"",""start_ns"":1669730730,""end_ns"":1673811020,""duration_ms"":4.08029,""overlap_ms"":0.31008},{""name"":""{'Module': 'model.model.layers.4.self_attn'}"",""start_ns"":1669869651,""end_ns"":1672243699,""duration_ms"":2.374048,""overlap_ms"":0.31008},{""name"":""{'Module': 'model.model.layers.4.self_attn.o_proj', 'TrainableParams': {'weight': [7168, 16384], 'weight_scale_inv': [56, 128]}, 'Inputs': [[1, 16384]]}"",""start_ns"":1671866817,""end_ns"":1672219236,""duration_ms"":0.352419,""overlap_ms"":0.118477},{""name"":""{'Module': 'model.model.layers.4.self_attn.attn_mqa', 'TrainableParams': {'k_scale': [], 'v_scale': []}, 'Inputs': [[1, 128, 512], [1, 1, 512], [1, 1, 512]]}"",""start_ns"":1671325755,""end_ns"":1671704025,""duration_ms"":0.37827,""overlap_ms"":0.028811}]}",/home/ai_lab/ljc/scale-up-sim/aiconfigurator/bench_data/h100_sxm/sglang/v0.5.9/deepseek_v3_mla/raw_runs/20260618_110344_prefill_stage1_req1_equal_fresh_irregular_b1_f4500_p0_b1_fvar4500_pvar0_layers5_backend_auto_cg_off_pcg_off_tp1_marker_on_profile_nsys/nsys/MLA时延拆解.csv
target,req1_equal_fresh_irregular_b1_f6000_p0,decode,20260618_110607_prefill_stage1_req1_equal_fresh_irregular_b1_f6000_p0_b1_fvar6000_pvar0_layers5_backend_auto_cg_off_pcg_off_tp1_marker_on_profile_nsys,0,6,1,1,1,6000,0,attn_mqa,auto,0.1218347900390625,-19.43848521538927,-9.305926900412032,0.151232,0.119584,0.03164800000000001,0.20926787981379608,0.134336,0.10358400000000001,0.030752,0.2289185326345879,3.360303,13.970388,10.761317,attn_mqa,o_proj,0.231497,0.012128,0.012128,"{""kernels"":[{""name"":""nvjet_tst_128x8_64x12_1x1_h_bz_TNT"",""stream_id"":13,""start_ns"":1631512202,""end_ns"":1631520874,""duration_ms"":0.008672,""overlap_ms"":0.008672}],""cuda_runtime"":[],""cuda_sync"":[],""osrt"":[{""name"":""epoll_wait"",""start_ns"":1625428312,""end_ns"":1639870076,""duration_ms"":14.441764,""overlap_ms"":0.012128},{""name"":""pthread_cond_timedwait"",""start_ns"":931274337,""end_ns"":1931381895,""duration_ms"":1000.107558,""overlap_ms"":0.012128},{""name"":""poll"",""start_ns"":1605910100,""end_ns"":1706090559,""duration_ms"":100.180459,""overlap_ms"":0.012128},{""name"":""epoll_pwait"",""start_ns"":158761888,""end_ns"":1640429344,""duration_ms"":1481.667456,""overlap_ms"":0.012128},{""name"":""epoll_wait"",""start_ns"":1628318992,""end_ns"":1638386262,""duration_ms"":10.06727,""overlap_ms"":0.012128}],""profiler_overhead"":[],""nvtx"":[{""name"":""{'Module': 'model.model', 'Inputs': [[1], [1]]}"",""start_ns"":1616884485,""end_ns"":1638558237,""duration_ms"":21.673752,""overlap_ms"":0.012128},{""name"":""{'Module': 'model.model.layers.3', 'Inputs': [[1], [1, 7168], [1, 7168]]}"",""start_ns"":1630080641,""end_ns"":1634300052,""duration_ms"":4.219411,""overlap_ms"":0.012128},{""name"":""{'Module': 'model.model.layers.3.self_attn'}"",""start_ns"":1630206905,""end_ns"":1632478547,""duration_ms"":2.271642,""overlap_ms"":0.012128},{""name"":""{'Module': 'model.model.layers.3.self_attn.attn_mqa', 'TrainableParams': {'k_scale': [], 'v_scale': []}, 'Inputs': [[1, 128, 512], [1, 1, 512], [1, 1, 512]]}"",""start_ns"":1631495408,""end_ns"":1631886554,""duration_ms"":0.391146,""overlap_ms"":0.012128}]}",/home/ai_lab/ljc/scale-up-sim/aiconfigurator/bench_data/h100_sxm/sglang/v0.5.9/deepseek_v3_mla/raw_runs/20260618_110607_prefill_stage1_req1_equal_fresh_irregular_b1_f6000_p0_b1_fvar6000_pvar0_layers5_backend_auto_cg_off_pcg_off_tp1_marker_on_profile_nsys/nsys/MLA时延拆解.csv
target,req1_equal_fresh_irregular_b1_f6000_p0,decode,20260618_110607_prefill_stage1_req1_equal_fresh_irregular_b1_f6000_p0_b1_fvar6000_pvar0_layers5_backend_auto_cg_off_pcg_off_tp1_marker_on_profile_nsys,1,7,1,1,1,6000,0,attn_mqa,auto,0.1218347900390625,-19.044499495626123,-8.013114551323921,0.150496,0.120544,0.029951999999999993,0.19902190091431,0.132448,0.103648,0.028800000000000006,0.21744382701135542,2.835334,9.449007,6.764169,q_b_proj,rotary_emb,0.24511,0.011712,0.011712,"{""kernels"":[{""name"":""nvjet_tst_256x8_64x6_2x1_v_bz_TNT"",""stream_id"":13,""start_ns"":1631777994,""end_ns"":1631785930,""duration_ms"":0.007936,""overlap_ms"":0.007936}],""cuda_runtime"":[{""name"":""cudaLaunchKernel_v7000"",""start_ns"":1631787608,""end_ns"":1631800309,""duration_ms"":0.012701,""overlap_ms"":0.000498}],""cuda_sync"":[],""osrt"":[{""name"":""epoll_wait"",""start_ns"":1625428312,""end_ns"":1639870076,""duration_ms"":14.441764,""overlap_ms"":0.011712},{""name"":""pthread_cond_timedwait"",""start_ns"":931274337,""end_ns"":1931381895,""duration_ms"":1000.107558,""overlap_ms"":0.011712},{""name"":""poll"",""start_ns"":1605910100,""end_ns"":1706090559,""duration_ms"":100.180459,""overlap_ms"":0.011712},{""name"":""epoll_pwait"",""start_ns"":158761888,""end_ns"":1640429344,""duration_ms"":1481.667456,""overlap_ms"":0.011712},{""name"":""epoll_wait"",""start_ns"":1628318992,""end_ns"":1638386262,""duration_ms"":10.06727,""overlap_ms"":0.011712}],""profiler_overhead"":[],""nvtx"":[{""name"":""{'Module': 'model.model', 'Inputs': [[1], [1]]}"",""start_ns"":1616884485,""end_ns"":1638558237,""duration_ms"":21.673752,""overlap_ms"":0.011712},{""name"":""{'Module': 'model.model.layers.3', 'Inputs': [[1], [1, 7168], [1, 7168]]}"",""start_ns"":1630080641,""end_ns"":1634300052,""duration_ms"":4.219411,""overlap_ms"":0.011712},{""name"":""{'Module': 'model.model.layers.3.self_attn'}"",""start_ns"":1630206905,""end_ns"":1632478547,""duration_ms"":2.271642,""overlap_ms"":0.011712},{""name"":""{'Module': 'model.model.layers.3.self_attn.attn_mqa', 'TrainableParams': {'k_scale': [], 'v_scale': []}, 'Inputs': [[1, 128, 512], [1, 1, 512], [1, 1, 512]]}"",""start_ns"":1631495408,""end_ns"":1631886554,""duration_ms"":0.391146,""overlap_ms"":0.011712}]}",/home/ai_lab/ljc/scale-up-sim/aiconfigurator/bench_data/h100_sxm/sglang/v0.5.9/deepseek_v3_mla/raw_runs/20260618_110607_prefill_stage1_req1_equal_fresh_irregular_b1_f6000_p0_b1_fvar6000_pvar0_layers5_backend_auto_cg_off_pcg_off_tp1_marker_on_profile_nsys/nsys/MLA时延拆解.csv
target,req1_equal_fresh_irregular_b1_f6000_p0,decode,20260618_110607_prefill_stage1_req1_equal_fresh_irregular_b1_f6000_p0_b1_fvar6000_pvar0_layers5_backend_auto_cg_off_pcg_off_tp1_marker_on_profile_nsys,2,8,1,1,1,6000,0,attn_mqa,auto,0.1218347900390625,-19.912974574659177,-10.055818834852271,0.152128,0.118496,0.03363200000000001,0.22107698779974763,0.135456,0.103808,0.031647999999999996,0.233640444129459,2.491549,5.566708,3.227287,attn_mqa,o_proj,0.184787,0.012192,0.012192,"{""kernels"":[{""name"":""nvjet_tst_128x8_64x12_1x1_h_bz_TNT"",""stream_id"":13,""start_ns"":1632132874,""end_ns"":1632141834,""duration_ms"":0.00896,""overlap_ms"":0.00896}],""cuda_runtime"":[],""cuda_sync"":[],""osrt"":[{""name"":""epoll_wait"",""start_ns"":1625428312,""end_ns"":1639870076,""duration_ms"":14.441764,""overlap_ms"":0.012192},{""name"":""pthread_cond_timedwait"",""start_ns"":931274337,""end_ns"":1931381895,""duration_ms"":1000.107558,""overlap_ms"":0.012192},{""name"":""poll"",""start_ns"":1605910100,""end_ns"":1706090559,""duration_ms"":100.180459,""overlap_ms"":0.012192},{""name"":""epoll_pwait"",""start_ns"":158761888,""end_ns"":1640429344,""duration_ms"":1481.667456,""overlap_ms"":0.012192},{""name"":""epoll_wait"",""start_ns"":1628318992,""end_ns"":1638386262,""duration_ms"":10.06727,""overlap_ms"":0.012192}],""profiler_overhead"":[],""nvtx"":[{""name"":""{'Module': 'model.model', 'Inputs': [[1], [1]]}"",""start_ns"":1616884485,""end_ns"":1638558237,""duration_ms"":21.673752,""overlap_ms"":0.012192},{""name"":""{'Module': 'model.model.layers.3', 'Inputs': [[1], [1, 7168], [1, 7168]]}"",""start_ns"":1630080641,""end_ns"":1634300052,""duration_ms"":4.219411,""overlap_ms"":0.012192},{""name"":""{'Module': 'model.model.layers.3.self_attn'}"",""start_ns"":1630206905,""end_ns"":1632478547,""duration_ms"":2.271642,""overlap_ms"":0.012192},{""name"":""{'Module': 'model.model.layers.3.self_attn.o_proj', 'TrainableParams': {'weight': [7168, 16384], 'weight_scale_inv': [56, 128]}, 'Inputs': [[1, 16384]]}"",""start_ns"":1632075341,""end_ns"":1632451700,""duration_ms"":0.376359,""overlap_ms"":0.012192}]}",/home/ai_lab/ljc/scale-up-sim/aiconfigurator/bench_data/h100_sxm/sglang/v0.5.9/deepseek_v3_mla/raw_runs/20260618_110607_prefill_stage1_req1_equal_fresh_irregular_b1_f6000_p0_b1_fvar6000_pvar0_layers5_backend_auto_cg_off_pcg_off_tp1_marker_on_profile_nsys/nsys/MLA时延拆解.csv
target,req1_equal_fresh_irregular_b1_f6000_p0,decode,20260618_110607_prefill_stage1_req1_equal_fresh_irregular_b1_f6000_p0_b1_fvar6000_pvar0_layers5_backend_auto_cg_off_pcg_off_tp1_marker_on_profile_nsys,3,9,1,1,1,6000,0,attn_mqa,auto,0.1218347900390625,-20.0307248745914,-9.327525869952286,0.152352,0.12144,0.03091199999999998,0.20289855072463758,0.134368,0.104352,0.030015999999999987,0.22338652060014283,2.271642,2.148849,0.029559,attn_mqa,o_proj,0.188787,0.012448,0.012448,"{""kernels"":[{""name"":""nvjet_tst_128x8_64x12_1x1_h_bz_TNT"",""stream_id"":13,""start_ns"":1632446922,""end_ns"":1632456426,""duration_ms"":0.009504,""overlap_ms"":0.009504}],""cuda_runtime"":[],""cuda_sync"":[],""osrt"":[{""name"":""epoll_wait"",""start_ns"":1625428312,""end_ns"":1639870076,""duration_ms"":14.441764,""overlap_ms"":0.012448},{""name"":""pthread_cond_timedwait"",""start_ns"":931274337,""end_ns"":1931381895,""duration_ms"":1000.107558,""overlap_ms"":0.012448},{""name"":""poll"",""start_ns"":1605910100,""end_ns"":1706090559,""duration_ms"":100.180459,""overlap_ms"":0.012448},{""name"":""epoll_pwait"",""start_ns"":158761888,""end_ns"":1640429344,""duration_ms"":1481.667456,""overlap_ms"":0.012448},{""name"":""epoll_wait"",""start_ns"":1628318992,""end_ns"":1638386262,""duration_ms"":10.06727,""overlap_ms"":0.012448}],""profiler_overhead"":[],""nvtx"":[{""name"":""{'Module': 'model.model', 'Inputs': [[1], [1]]}"",""start_ns"":1616884485,""end_ns"":1638558237,""duration_ms"":21.673752,""overlap_ms"":0.012448},{""name"":""{'Module': 'model.model.layers.3', 'Inputs': [[1], [1, 7168], [1, 7168]]}"",""start_ns"":1630080641,""end_ns"":1634300052,""duration_ms"":4.219411,""overlap_ms"":0.012448},{""name"":""{'Module': 'model.model.layers.3.self_attn'}"",""start_ns"":1630206905,""end_ns"":1632478547,""duration_ms"":2.271642,""overlap_ms"":0.012448},{""name"":""{'Module': 'model.model.layers.3.self_attn.o_proj', 'TrainableParams': {'weight': [7168, 16384], 'weight_scale_inv': [56, 128]}, 'Inputs': [[1, 16384]]}"",""start_ns"":1632075341,""end_ns"":1632451700,""duration_ms"":0.376359,""overlap_ms"":0.006794}]}",/home/ai_lab/ljc/scale-up-sim/aiconfigurator/bench_data/h100_sxm/sglang/v0.5.9/deepseek_v3_mla/raw_runs/20260618_110607_prefill_stage1_req1_equal_fresh_irregular_b1_f6000_p0_b1_fvar6000_pvar0_layers5_backend_auto_cg_off_pcg_off_tp1_marker_on_profile_nsys/nsys/MLA时延拆解.csv
target,req1_equal_fresh_irregular_b1_f6000_p0,decode,20260618_110607_prefill_stage1_req1_equal_fresh_irregular_b1_f6000_p0_b1_fvar6000_pvar0_layers5_backend_auto_cg_off_pcg_off_tp1_marker_on_profile_nsys,4,10,1,1,1,6000,0,attn_mqa,auto,0.1218347900390625,-94.24812716039355,-92.94584850069349,2.118176,0.118016,2.00016,0.9442841388062182,1.727136,0.10339200000000001,1.623744,0.9401367350341838,2.343105,0.218305,0.0,attn_mqa,o_proj,0.165585,0.315616,0.315616,"{""kernels"":[{""name"":""nvjet_tst_128x8_64x12_1x1_h_bz_TNT"",""stream_id"":13,""start_ns"":1636432650,""end_ns"":1636441162,""duration_ms"":0.008512,""overlap_ms"":0.008512}],""cuda_runtime"":[{""name"":""cuLaunchKernelEx"",""start_ns"":1636421413,""end_ns"":1636431111,""duration_ms"":0.009698,""overlap_ms"":0.009698},{""name"":""cudaLaunchKernel_v7000"",""start_ns"":1636601354,""end_ns"":1636610997,""duration_ms"":0.009643,""overlap_ms"":0.009643},{""name"":""cuKernelGetAttribute"",""start_ns"":1636418312,""end_ns"":1636418884,""duration_ms"":0.000572,""overlap_ms"":0.000572},{""name"":""cuKernelGetAttribute"",""start_ns"":1636419141,""end_ns"":1636419357,""duration_ms"":0.000216,""overlap_ms"":0.000216}],""cuda_sync"":[],""osrt"":[{""name"":""epoll_wait"",""start_ns"":1625428312,""end_ns"":1639870076,""duration_ms"":14.441764,""overlap_ms"":0.315616},{""name"":""pthread_cond_timedwait"",""start_ns"":931274337,""end_ns"":1931381895,""duration_ms"":1000.107558,""overlap_ms"":0.315616},{""name"":""poll"",""start_ns"":1605910100,""end_ns"":1706090559,""duration_ms"":100.180459,""overlap_ms"":0.315616},{""name"":""epoll_pwait"",""start_ns"":158761888,""end_ns"":1640429344,""duration_ms"":1481.667456,""overlap_ms"":0.315616},{""name"":""epoll_wait"",""start_ns"":1628318992,""end_ns"":1638386262,""duration_ms"":10.06727,""overlap_ms"":0.315616}],""profiler_overhead"":[],""nvtx"":[{""name"":""{'Module': 'model.model', 'Inputs': [[1], [1]]}"",""start_ns"":1616884485,""end_ns"":1638558237,""duration_ms"":21.673752,""overlap_ms"":0.315616},{""name"":""{'Module': 'model.model.layers.4', 'Inputs': [[1], [1, 7168], [1, 7168]]}"",""start_ns"":1634368583,""end_ns"":1638442987,""duration_ms"":4.074404,""overlap_ms"":0.315616},{""name"":""{'Module': 'model.model.layers.4.self_attn'}"",""start_ns"":1634503657,""end_ns"":1636846762,""duration_ms"":2.343105,""overlap_ms"":0.315616},{""name"":""{'Module': 'model.model.layers.4.self_attn.o_proj', 'TrainableParams': {'weight': [7168, 16384], 'weight_scale_inv': [56, 128]}, 'Inputs': [[1, 16384]]}"",""start_ns"":1636489082,""end_ns"":1636824316,""duration_ms"":0.335234,""overlap_ms"":0.122928},{""name"":""{'Module': 'model.model.layers.4.self_attn.attn_mqa', 'TrainableParams': {'k_scale': [], 'v_scale': []}, 'Inputs': [[1, 128, 512], [1, 1, 512], [1, 1, 512]]}"",""start_ns"":1635942555,""end_ns"":1636323497,""duration_ms"":0.380942,""overlap_ms"":0.027103}]}",/home/ai_lab/ljc/scale-up-sim/aiconfigurator/bench_data/h100_sxm/sglang/v0.5.9/deepseek_v3_mla/raw_runs/20260618_110607_prefill_stage1_req1_equal_fresh_irregular_b1_f6000_p0_b1_fvar6000_pvar0_layers5_backend_auto_cg_off_pcg_off_tp1_marker_on_profile_nsys/nsys/MLA时延拆解.csv
target,req1_equal_fresh_regular_b1_f1_p0,decode,20260618_104620_prefill_stage1_req1_equal_fresh_regular_b1_f1_p0_b1_fvar1_pvar0_layers5_backend_auto_cg_off_pcg_off_tp1_marker_on_profile_nsys,0,1,1,2,1,1,0,attn_mha,auto,0.10289999999999999,-94.94629021358186,-93.78851243021886,2.036128,0.109728,1.9264000000000001,0.9461094783824985,1.656608,0.07072,1.5858880000000002,0.9573103594815431,2.338724,0.303333,0.000737,rotary_emb,o_proj,0.79181,0.903744,0.903744,"{""kernels"":[{""name"":""device_kernel"",""stream_id"":13,""start_ns"":36371576,""end_ns"":36382008,""duration_ms"":0.010432,""overlap_ms"":0.010432},{""name"":""sm90_fp8_gemm_1d2d_impl"",""stream_id"":13,""start_ns"":36056760,""end_ns"":36065784,""duration_ms"":0.009024,""overlap_ms"":0.009024},{""name"":""prepare_varlen_num_blocks_kernel"",""stream_id"":13,""start_ns"":36347320,""end_ns"":36350168,""duration_ms"":0.002848,""overlap_ms"":0.002848},{""name"":""concat_mla_k_kernel"",""stream_id"":13,""start_ns"":36146904,""end_ns"":36148888,""duration_ms"":0.001984,""overlap_ms"":0.001984},{""name"":""per_token_group_quant_8bit_kernel"",""stream_id"":13,""start_ns"":35918648,""end_ns"":35920152,""duration_ms"":0.001504,""overlap_ms"":0.001504}],""cuda_runtime"":[{""name"":""cuLaunchKernelEx"",""start_ns"":36047425,""end_ns"":36059778,""duration_ms"":0.012353,""overlap_ms"":0.012353},{""name"":""cudaLaunchKernel_v7000"",""start_ns"":36337246,""end_ns"":36347735,""duration_ms"":0.010489,""overlap_ms"":0.010489},{""name"":""cudaLaunchKernel_v7000"",""start_ns"":36137540,""end_ns"":36146623,""duration_ms"":0.009083,""overlap_ms"":0.009083},{""name"":""cudaLaunchKernelExC_v11060"",""start_ns"":36362358,""end_ns"":36371091,""duration_ms"":0.008733,""overlap_ms"":0.008733},{""name"":""cudaLaunchKernel_v7000"",""start_ns"":35909825,""end_ns"":35918084,""duration_ms"":0.008259,""overlap_ms"":0.008259}],""cuda_sync"":[],""osrt"":[{""name"":""epoll_wait"",""start_ns"":31025945,""end_ns"":70079476,""duration_ms"":39.053531,""overlap_ms"":0.903744},{""name"":""epoll_pwait"",""start_ns"":31195381,""end_ns"":70174995,""duration_ms"":38.979614,""overlap_ms"":0.903744},{""name"":""epoll_wait"",""start_ns"":31098642,""end_ns"":69852001,""duration_ms"":38.753359,""overlap_ms"":0.903744},{""name"":""epoll_wait"",""start_ns"":28449148,""end_ns"":38516131,""duration_ms"":10.066983,""overlap_ms"":0.903744},{""name"":""epoll_wait"",""start_ns"":30135940,""end_ns"":40202766,""duration_ms"":10.066826,""overlap_ms"":0.903744}],""profiler_overhead"":[],""nvtx"":[{""name"":""{'Module': 'model.model', 'Inputs': [[1], [1]]}"",""start_ns"":33999115,""end_ns"":50805401,""duration_ms"":16.806286,""overlap_ms"":0.903744},{""name"":""{'Module': 'model.model.layers.0', 'Inputs': [[1], [1, 7168]]}"",""start_ns"":34235301,""end_ns"":37508218,""duration_ms"":3.272917,""overlap_ms"":0.903744},{""name"":""{'Module': 'model.model.layers.0.self_attn'}"",""start_ns"":34387347,""end_ns"":36726071,""duration_ms"":2.338724,""overlap_ms"":0.903744},{""name"":""{'Module': 'model.model.layers.0.self_attn.kv_b_proj', 'TrainableParams': {'weight': [32768, 512], 'weight_scale_inv': [256, 4]}, 'Inputs': [[1, 512]]}"",""start_ns"":35818384,""end_ns"":36087176,""duration_ms"":0.268792,""overlap_ms"":0.268792},{""name"":""{'Module': 'model.model.layers.0.self_attn.attn_mha', 'TrainableParams': {'k_scale': [], 'v_scale': []}, 'Inputs': [[1, 128, 192], [1, 128, 192], [1, 128, 128]]}"",""start_ns"":36204904,""end_ns"":36396122,""duration_ms"":0.191218,""overlap_ms"":0.191218}]}",/home/ai_lab/ljc/scale-up-sim/aiconfigurator/bench_data/h100_sxm/sglang/v0.5.9/deepseek_v3_mla/raw_runs/20260618_104620_prefill_stage1_req1_equal_fresh_regular_b1_f1_p0_b1_fvar1_pvar0_layers5_backend_auto_cg_off_pcg_off_tp1_marker_on_profile_nsys/nsys/MLA时延拆解.csv
target,req1_equal_fresh_regular_b1_f1_p0,decode,20260618_104620_prefill_stage1_req1_equal_fresh_regular_b1_f1_p0_b1_fvar1_pvar0_layers5_backend_auto_cg_off_pcg_off_tp1_marker_on_profile_nsys,0,6,2,2,1,1,0,attn_mqa,auto,0.10289999999999999,-94.38083213923741,-93.10321715817695,1.831232,0.098656,1.732576,0.9461258868346555,1.492,0.0832,1.4088,0.9442359249329759,2.036699,0.199971,0.0,q_b_proj,rotary_emb,0.187259,0.27728,0.27728,"{""kernels"":[{""name"":""nvjet_tst_256x8_64x6_2x1_v_bz_TNT"",""stream_id"":13,""start_ns"":54605975,""end_ns"":54614743,""duration_ms"":0.008768,""overlap_ms"":0.008768}],""cuda_runtime"":[{""name"":""cuLaunchKernelEx"",""start_ns"":54592460,""end_ns"":54606159,""duration_ms"":0.013699,""overlap_ms"":0.013699},{""name"":""cudaLaunchKernel_v7000"",""start_ns"":54728623,""end_ns"":54737620,""duration_ms"":0.008997,""overlap_ms"":0.008997},{""name"":""cuKernelGetAttribute"",""start_ns"":54589642,""end_ns"":54590199,""duration_ms"":0.000557,""overlap_ms"":0.000557},{""name"":""cuKernelGetAttribute"",""start_ns"":54590426,""end_ns"":54590639,""duration_ms"":0.000213,""overlap_ms"":0.000213}],""cuda_sync"":[],""osrt"":[{""name"":""epoll_wait"",""start_ns"":31025945,""end_ns"":70079476,""duration_ms"":39.053531,""overlap_ms"":0.27728},{""name"":""epoll_pwait"",""start_ns"":31195381,""end_ns"":70174995,""duration_ms"":38.979614,""overlap_ms"":0.27728},{""name"":""epoll_wait"",""start_ns"":31098642,""end_ns"":69852001,""duration_ms"":38.753359,""overlap_ms"":0.27728},{""name"":""epoll_wait"",""start_ns"":49380042,""end_ns"":59449045,""duration_ms"":10.069003,""overlap_ms"":0.27728},{""name"":""epoll_wait"",""start_ns"":51083770,""end_ns"":61150864,""duration_ms"":10.067094,""overlap_ms"":0.27728}],""profiler_overhead"":[],""nvtx"":[{""name"":""{'Module': 'model.model', 'Inputs': [[1], [1]]}"",""start_ns"":53218323,""end_ns"":68730425,""duration_ms"":15.512102,""overlap_ms"":0.27728},{""name"":""{'Module': 'model.model.layers.0', 'Inputs': [[1], [1, 7168]]}"",""start_ns"":53415545,""end_ns"":56366265,""duration_ms"":2.95072,""overlap_ms"":0.27728},{""name"":""{'Module': 'model.model.layers.0.self_attn'}"",""start_ns"":53537972,""end_ns"":55574671,""duration_ms"":2.036699,""overlap_ms"":0.27728},{""name"":""{'Module': 'model.model.layers.0.self_attn.rotary_emb', 'Inputs': [[1], [1, 128, 64], [1, 1, 64]]}"",""start_ns"":54660957,""end_ns"":54752522,""duration_ms"":0.091565,""overlap_ms"":0.07721},{""name"":""{'Module': 'model.model.layers.0.self_attn.q_b_proj', 'TrainableParams': {'weight': [24576, 1536], 'weight_scale_inv': [192, 12]}, 'Inputs': [[1, 1536]]}"",""start_ns"":54188441,""end_ns"":54473698,""duration_ms"":0.285257,""overlap_ms"":0.012811}]}",/home/ai_lab/ljc/scale-up-sim/aiconfigurator/bench_data/h100_sxm/sglang/v0.5.9/deepseek_v3_mla/raw_runs/20260618_104620_prefill_stage1_req1_equal_fresh_regular_b1_f1_p0_b1_fvar1_pvar0_layers5_backend_auto_cg_off_pcg_off_tp1_marker_on_profile_nsys/nsys/MLA时延拆解.csv
target,req1_equal_fresh_regular_b1_f1_p0,decode,20260618_104620_prefill_stage1_req1_equal_fresh_regular_b1_f1_p0_b1_fvar1_pvar0_layers5_backend_auto_cg_off_pcg_off_tp1_marker_on_profile_nsys,1,2,1,2,1,1,0,attn_mha,auto,0.10289999999999999,-94.31154805498063,-93.28805652382643,1.808928,0.10992,1.699008,0.9392347290771108,1.533088,0.07081599999999999,1.462272,0.9538082614957524,2.040738,0.232277,0.000467,rotary_emb,o_proj,0.723434,0.828896,0.828896,"{""kernels"":[{""name"":""device_kernel"",""stream_id"":13,""start_ns"":39368888,""end_ns"":39379480,""duration_ms"":0.010592,""overlap_ms"":0.010592},{""name"":""sm90_fp8_gemm_1d2d_impl"",""stream_id"":13,""start_ns"":39087480,""end_ns"":39096344,""duration_ms"":0.008864,""overlap_ms"":0.008864},{""name"":""prepare_varlen_num_blocks_kernel"",""stream_id"":13,""start_ns"":39343416,""end_ns"":39346232,""duration_ms"":0.002816,""overlap_ms"":0.002816},{""name"":""concat_mla_k_kernel"",""stream_id"":13,""start_ns"":39163352,""end_ns"":39165336,""duration_ms"":0.001984,""overlap_ms"":0.001984},{""name"":""per_token_group_quant_8bit_kernel"",""stream_id"":13,""start_ns"":38956920,""end_ns"":38958552,""duration_ms"":0.001632,""overlap_ms"":0.001632}],""cuda_runtime"":[{""name"":""cudaLaunchKernel_v7000"",""start_ns"":39333521,""end_ns"":39342998,""duration_ms"":0.009477,""overlap_ms"":0.009477},{""name"":""cudaLaunchKernel_v7000"",""start_ns"":39522500,""end_ns"":39530836,""duration_ms"":0.008336,""overlap_ms"":0.008336},{""name"":""cudaLaunchKernel_v7000"",""start_ns"":38947915,""end_ns"":38955985,""duration_ms"":0.00807,""overlap_ms"":0.00807},{""name"":""cuLaunchKernelEx"",""start_ns"":39078394,""end_ns"":39086157,""duration_ms"":0.007763,""overlap_ms"":0.007763},{""name"":""cudaLaunchKernel_v7000"",""start_ns"":39154795,""end_ns"":39162544,""duration_ms"":0.007749,""overlap_ms"":0.007749}],""cuda_sync"":[],""osrt"":[{""name"":""epoll_wait"",""start_ns"":31025945,""end_ns"":70079476,""duration_ms"":39.053531,""overlap_ms"":0.828896},{""name"":""epoll_pwait"",""start_ns"":31195381,""end_ns"":70174995,""duration_ms"":38.979614,""overlap_ms"":0.828896},{""name"":""epoll_wait"",""start_ns"":31098642,""end_ns"":69852001,""duration_ms"":38.753359,""overlap_ms"":0.828896},{""name"":""epoll_wait"",""start_ns"":30135940,""end_ns"":40202766,""duration_ms"":10.066826,""overlap_ms"":0.828896},{""name"":""epoll_wait"",""start_ns"":30273917,""end_ns"":40364335,""duration_ms"":10.090418,""overlap_ms"":0.828896}],""profiler_overhead"":[{""name"":""TLS allocation"",""start_ns"":38563694,""end_ns"":39274927,""duration_ms"":0.711233,""overlap_ms"":0.571927}],""nvtx"":[{""name"":""{'Module': 'model.model', 'Inputs': [[1], [1]]}"",""start_ns"":33999115,""end_ns"":50805401,""duration_ms"":16.806286,""overlap_ms"":0.828896},{""name"":""{'Module': 'model.model.layers.1', 'Inputs': [[1], [1, 7168], [1, 7168]]}"",""start_ns"":37562202,""end_ns"":40459936,""duration_ms"":2.897734,""overlap_ms"":0.828896},{""name"":""{'Module': 'model.model.layers.1.self_attn'}"",""start_ns"":37664131,""end_ns"":39704869,""duration_ms"":2.040738,""overlap_ms"":0.828896},{""name"":""{'Module': 'model.model.layers.1.self_attn.kv_b_proj', 'TrainableParams': {'weight': [32768, 512], 'weight_scale_inv': [256, 4]}, 'Inputs': [[1, 512]]}"",""start_ns"":38864753,""end_ns"":39111608,""duration_ms"":0.246855,""overlap_ms"":0.246855},{""name"":""{'Module': 'model.model.layers.1.self_attn.attn_mha', 'TrainableParams': {'k_scale': [], 'v_scale': []}, 'Inputs': [[1, 128, 192], [1, 128, 192], [1, 128, 128]]}"",""start_ns"":39217723,""end_ns"":39389640,""duration_ms"":0.171917,""overlap_ms"":0.171917}]}",/home/ai_lab/ljc/scale-up-sim/aiconfigurator/bench_data/h100_sxm/sglang/v0.5.9/deepseek_v3_mla/raw_runs/20260618_104620_prefill_stage1_req1_equal_fresh_regular_b1_f1_p0_b1_fvar1_pvar0_layers5_backend_auto_cg_off_pcg_off_tp1_marker_on_profile_nsys/nsys/MLA时延拆解.csv
target,req1_equal_fresh_regular_b1_f1_p0,decode,20260618_104620_prefill_stage1_req1_equal_fresh_regular_b1_f1_p0_b1_fvar1_pvar0_layers5_backend_auto_cg_off_pcg_off_tp1_marker_on_profile_nsys,1,7,2,2,1,1,0,attn_mqa,auto,0.10289999999999999,-93.76550671162288,-92.63366251579396,1.650495,0.100448,1.550047,0.9391406820378129,1.396895,0.085056,1.311839,0.9391106704512507,1.813938,0.160182,0.0,attn_mqa,o_proj,0.13565,0.263071,0.263071,"{""kernels"":[{""name"":""nvjet_tst_128x8_64x12_1x1_h_bz_TNT"",""stream_id"":13,""start_ns"":57958326,""end_ns"":57966486,""duration_ms"":0.00816,""overlap_ms"":0.00816}],""cuda_runtime"":[{""name"":""cudaLaunchKernel_v7000"",""start_ns"":58103646,""end_ns"":58112748,""duration_ms"":0.009102,""overlap_ms"":0.009102},{""name"":""cuLaunchKernelEx"",""start_ns"":57948723,""end_ns"":57956314,""duration_ms"":0.007591,""overlap_ms"":0.007591},{""name"":""cuKernelGetAttribute"",""start_ns"":57946341,""end_ns"":57946801,""duration_ms"":0.00046,""overlap_ms"":0.00046},{""name"":""cuKernelGetAttribute"",""start_ns"":57946996,""end_ns"":57947181,""duration_ms"":0.000185,""overlap_ms"":0.000185}],""cuda_sync"":[],""osrt"":[{""name"":""epoll_wait"",""start_ns"":31025945,""end_ns"":70079476,""duration_ms"":39.053531,""overlap_ms"":0.263071},{""name"":""epoll_pwait"",""start_ns"":31195381,""end_ns"":70174995,""duration_ms"":38.979614,""overlap_ms"":0.263071},{""name"":""epoll_wait"",""start_ns"":31098642,""end_ns"":69852001,""duration_ms"":38.753359,""overlap_ms"":0.263071},{""name"":""epoll_wait"",""start_ns"":49380042,""end_ns"":59449045,""duration_ms"":10.069003,""overlap_ms"":0.263071},{""name"":""epoll_wait"",""start_ns"":51083770,""end_ns"":61150864,""duration_ms"":10.067094,""overlap_ms"":0.263071}],""profiler_overhead"":[],""nvtx"":[{""name"":""{'Module': 'model.model', 'Inputs': [[1], [1]]}"",""start_ns"":53218323,""end_ns"":68730425,""duration_ms"":15.512102,""overlap_ms"":0.263071},{""name"":""{'Module': 'model.model.layers.1', 'Inputs': [[1], [1, 7168], [1, 7168]]}"",""start_ns"":56415307,""end_ns"":59109343,""duration_ms"":2.694036,""overlap_ms"":0.263071},{""name"":""{'Module': 'model.model.layers.1.self_attn'}"",""start_ns"":56523137,""end_ns"":58337075,""duration_ms"":1.813938,""overlap_ms"":0.263071},{""name"":""{'Module': 'model.model.layers.1.self_attn.o_proj', 'TrainableParams': {'weight': [7168, 16384], 'weight_scale_inv': [56, 128]}, 'Inputs': [[1, 16384]]}"",""start_ns"":58004899,""end_ns"":58317319,""duration_ms"":0.31242,""overlap_ms"":0.108723},{""name"":""{'Module': 'model.model.layers.1.self_attn.attn_mqa', 'TrainableParams': {'k_scale': [], 'v_scale': []}, 'Inputs': [[1, 128, 512], [1, 1, 512], [1, 1, 512]]}"",""start_ns"":57574161,""end_ns"":57869249,""duration_ms"":0.295088,""overlap_ms"":0.018698}]}",/home/ai_lab/ljc/scale-up-sim/aiconfigurator/bench_data/h100_sxm/sglang/v0.5.9/deepseek_v3_mla/raw_runs/20260618_104620_prefill_stage1_req1_equal_fresh_regular_b1_f1_p0_b1_fvar1_pvar0_layers5_backend_auto_cg_off_pcg_off_tp1_marker_on_profile_nsys/nsys/MLA时延拆解.csv
target,req1_equal_fresh_regular_b1_f1_p0,decode,20260618_104620_prefill_stage1_req1_equal_fresh_regular_b1_f1_p0_b1_fvar1_pvar0_layers5_backend_auto_cg_off_pcg_off_tp1_marker_on_profile_nsys,2,3,1,2,1,1,0,attn_mha,auto,0.10289999999999999,-94.20660300873796,-93.28413149265889,1.77616,0.107136,1.669024,0.9396811098099271,1.532192,0.068224,1.463968,0.9554729433386938,1.981289,0.207556,0.002427,rotary_emb,o_proj,0.709405,0.81776,0.81776,"{""kernels"":[{""name"":""device_kernel"",""stream_id"":13,""start_ns"":42253080,""end_ns"":42264056,""duration_ms"":0.010976,""overlap_ms"":0.010976},{""name"":""sm90_fp8_gemm_1d2d_impl"",""stream_id"":13,""start_ns"":41980152,""end_ns"":41988568,""duration_ms"":0.008416,""overlap_ms"":0.008416},{""name"":""prepare_varlen_num_blocks_kernel"",""stream_id"":13,""start_ns"":42224152,""end_ns"":42227096,""duration_ms"":0.002944,""overlap_ms"":0.002944},{""name"":""concat_mla_k_kernel"",""stream_id"":13,""start_ns"":42057176,""end_ns"":42059224,""duration_ms"":0.002048,""overlap_ms"":0.002048},{""name"":""per_token_group_quant_8bit_kernel"",""stream_id"":13,""start_ns"":41848152,""end_ns"":41849656,""duration_ms"":0.001504,""overlap_ms"":0.001504}],""cuda_runtime"":[{""name"":""cudaLaunchKernel_v7000"",""start_ns"":42214516,""end_ns"":42223229,""duration_ms"":0.008713,""overlap_ms"":0.008713},{""name"":""cudaLaunchKernel_v7000"",""start_ns"":41839113,""end_ns"":41847261,""duration_ms"":0.008148,""overlap_ms"":0.008148},{""name"":""cudaLaunchKernel_v7000"",""start_ns"":42408597,""end_ns"":42416635,""duration_ms"":0.008038,""overlap_ms"":0.008038},{""name"":""cudaLaunchKernel_v7000"",""start_ns"":42048330,""end_ns"":42056075,""duration_ms"":0.007745,""overlap_ms"":0.007745},{""name"":""cuLaunchKernelEx"",""start_ns"":41971384,""end_ns"":41978698,""duration_ms"":0.007314,""overlap_ms"":0.007314}],""cuda_sync"":[],""osrt"":[{""name"":""epoll_wait"",""start_ns"":31025945,""end_ns"":70079476,""duration_ms"":39.053531,""overlap_ms"":0.81776},{""name"":""epoll_pwait"",""start_ns"":31195381,""end_ns"":70174995,""duration_ms"":38.979614,""overlap_ms"":0.81776},{""name"":""epoll_wait"",""start_ns"":31098642,""end_ns"":69852001,""duration_ms"":38.753359,""overlap_ms"":0.81776},{""name"":""epoll_wait"",""start_ns"":39285871,""end_ns"":49365136,""duration_ms"":10.079265,""overlap_ms"":0.81776},{""name"":""epoll_wait"",""start_ns"":40956703,""end_ns"":51068777,""duration_ms"":10.112074,""overlap_ms"":0.81776}],""profiler_overhead"":[],""nvtx"":[{""name"":""{'Module': 'model.model', 'Inputs': [[1], [1]]}"",""start_ns"":33999115,""end_ns"":50805401,""duration_ms"":16.806286,""overlap_ms"":0.81776},{""name"":""{'Module': 'model.model.layers.2', 'Inputs': [[1], [1, 7168], [1, 7168]]}"",""start_ns"":40509389,""end_ns"":43337861,""duration_ms"":2.828472,""overlap_ms"":0.81776},{""name"":""{'Module': 'model.model.layers.2.self_attn'}"",""start_ns"":40608500,""end_ns"":42589789,""duration_ms"":1.981289,""overlap_ms"":0.81776},{""name"":""{'Module': 'model.model.layers.2.self_attn.kv_b_proj', 'TrainableParams': {'weight': [32768, 512], 'weight_scale_inv': [256, 4]}, 'Inputs': [[1, 512]]}"",""start_ns"":41756245,""end_ns"":42003143,""duration_ms"":0.246898,""overlap_ms"":0.246898},{""name"":""{'Module': 'model.model.layers.2.self_attn.attn_mha', 'TrainableParams': {'k_scale': [], 'v_scale': []}, 'Inputs': [[1, 128, 192], [1, 128, 192], [1, 128, 128]]}"",""start_ns"":42109635,""end_ns"":42273754,""duration_ms"":0.164119,""overlap_ms"":0.164119}]}",/home/ai_lab/ljc/scale-up-sim/aiconfigurator/bench_data/h100_sxm/sglang/v0.5.9/deepseek_v3_mla/raw_runs/20260618_104620_prefill_stage1_req1_equal_fresh_regular_b1_f1_p0_b1_fvar1_pvar0_layers5_backend_auto_cg_off_pcg_off_tp1_marker_on_profile_nsys/nsys/MLA时延拆解.csv
target,req1_equal_fresh_regular_b1_f1_p0,decode,20260618_104620_prefill_stage1_req1_equal_fresh_regular_b1_f1_p0_b1_fvar1_pvar0_layers5_backend_auto_cg_off_pcg_off_tp1_marker_on_profile_nsys,2,8,2,2,1,1,0,attn_mqa,auto,0.10289999999999999,-93.64362806143627,-92.4482163406214,1.618848,0.098176,1.520672,0.9393544051078297,1.362592,0.082784,1.279808,0.9392452032596699,1.784742,0.161476,0.0,attn_mqa,o_proj,0.144251,0.267616,0.267616,"{""kernels"":[{""name"":""nvjet_tst_128x8_64x12_1x1_h_bz_TNT"",""stream_id"":13,""start_ns"":60679894,""end_ns"":60687926,""duration_ms"":0.008032,""overlap_ms"":0.008032}],""cuda_runtime"":[{""name"":""cuLaunchKernelEx"",""start_ns"":60670408,""end_ns"":60680858,""duration_ms"":0.01045,""overlap_ms"":0.01045},{""name"":""cudaLaunchKernel_v7000"",""start_ns"":60829396,""end_ns"":60838102,""duration_ms"":0.008706,""overlap_ms"":0.008706},{""name"":""cuKernelGetAttribute"",""start_ns"":60667958,""end_ns"":60668418,""duration_ms"":0.00046,""overlap_ms"":0.00046},{""name"":""cuKernelGetAttribute"",""start_ns"":60668625,""end_ns"":60668862,""duration_ms"":0.000237,""overlap_ms"":0.000237}],""cuda_sync"":[],""osrt"":[{""name"":""epoll_wait"",""start_ns"":31025945,""end_ns"":70079476,""duration_ms"":39.053531,""overlap_ms"":0.267616},{""name"":""epoll_pwait"",""start_ns"":31195381,""end_ns"":70174995,""duration_ms"":38.979614,""overlap_ms"":0.267616},{""name"":""epoll_wait"",""start_ns"":31098642,""end_ns"":69852001,""duration_ms"":38.753359,""overlap_ms"":0.267616},{""name"":""epoll_wait"",""start_ns"":59477211,""end_ns"":69568621,""duration_ms"":10.09141,""overlap_ms"":0.267616},{""name"":""epoll_wait"",""start_ns"":51083770,""end_ns"":61150864,""duration_ms"":10.067094,""overlap_ms"":0.267616}],""profiler_overhead"":[],""nvtx"":[{""name"":""{'Module': 'model.model', 'Inputs': [[1], [1]]}"",""start_ns"":53218323,""end_ns"":68730425,""duration_ms"":15.512102,""overlap_ms"":0.267616},{""name"":""{'Module': 'model.model.layers.2', 'Inputs': [[1], [1, 7168], [1, 7168]]}"",""start_ns"":59158223,""end_ns"":61838387,""duration_ms"":2.680164,""overlap_ms"":0.267616},{""name"":""{'Module': 'model.model.layers.2.self_attn'}"",""start_ns"":59264178,""end_ns"":61048920,""duration_ms"":1.784742,""overlap_ms"":0.267616},{""name"":""{'Module': 'model.model.layers.2.self_attn.o_proj', 'TrainableParams': {'weight': [7168, 16384], 'weight_scale_inv': [56, 128]}, 'Inputs': [[1, 16384]]}"",""start_ns"":60733207,""end_ns"":61030254,""duration_ms"":0.297047,""overlap_ms"":0.105887},{""name"":""{'Module': 'model.model.layers.2.self_attn.attn_mqa', 'TrainableParams': {'k_scale': [], 'v_scale': []}, 'Inputs': [[1, 128, 512], [1, 1, 512], [1, 1, 512]]}"",""start_ns"":60311562,""end_ns"":60588956,""duration_ms"":0.277394,""overlap_ms"":0.017478}]}",/home/ai_lab/ljc/scale-up-sim/aiconfigurator/bench_data/h100_sxm/sglang/v0.5.9/deepseek_v3_mla/raw_runs/20260618_104620_prefill_stage1_req1_equal_fresh_regular_b1_f1_p0_b1_fvar1_pvar0_layers5_backend_auto_cg_off_pcg_off_tp1_marker_on_profile_nsys/nsys/MLA时延拆解.csv
target,req1_equal_fresh_regular_b1_f1_p0,decode,20260618_104620_prefill_stage1_req1_equal_fresh_regular_b1_f1_p0_b1_fvar1_pvar0_layers5_backend_auto_cg_off_pcg_off_tp1_marker_on_profile_nsys,3,4,1,2,1,1,0,attn_mha,auto,0.10289999999999999,-94.19111404158463,-93.15809910849167,1.771424,0.108288,1.6631360000000002,0.9388695196632766,1.503968,0.069376,1.4345919999999999,0.9538713589650843,1.988899,0.221039,0.003564,rotary_emb,o_proj,0.696912,0.810336,0.810336,"{""kernels"":[{""name"":""device_kernel"",""stream_id"":13,""start_ns"":45133047,""end_ns"":45143735,""duration_ms"":0.010688,""overlap_ms"":0.010688},{""name"":""sm90_fp8_gemm_1d2d_impl"",""stream_id"":13,""start_ns"":44871511,""end_ns"":44880247,""duration_ms"":0.008736,""overlap_ms"":0.008736},{""name"":""prepare_varlen_num_blocks_kernel"",""stream_id"":13,""start_ns"":45112791,""end_ns"":45115607,""duration_ms"":0.002816,""overlap_ms"":0.002816},{""name"":""concat_mla_k_kernel"",""stream_id"":13,""start_ns"":44946071,""end_ns"":44948055,""duration_ms"":0.001984,""overlap_ms"":0.001984},{""name"":""per_token_group_quant_8bit_kernel"",""stream_id"":13,""start_ns"":44741111,""end_ns"":44742615,""duration_ms"":0.001504,""overlap_ms"":0.001504}],""cuda_runtime"":[{""name"":""cudaLaunchKernel_v7000"",""start_ns"":45103371,""end_ns"":45112059,""duration_ms"":0.008688,""overlap_ms"":0.008688},{""name"":""cudaLaunchKernel_v7000"",""start_ns"":45291039,""end_ns"":45299612,""duration_ms"":0.008573,""overlap_ms"":0.008573},{""name"":""cudaLaunchKernel_v7000"",""start_ns"":44731855,""end_ns"":44740065,""duration_ms"":0.00821,""overlap_ms"":0.00821},{""name"":""cudaLaunchKernel_v7000"",""start_ns"":44937187,""end_ns"":44945077,""duration_ms"":0.00789,""overlap_ms"":0.00789},{""name"":""cuLaunchKernelEx"",""start_ns"":44862811,""end_ns"":44870021,""duration_ms"":0.00721,""overlap_ms"":0.00721}],""cuda_sync"":[],""osrt"":[{""name"":""epoll_wait"",""start_ns"":31025945,""end_ns"":70079476,""duration_ms"":39.053531,""overlap_ms"":0.810336},{""name"":""epoll_pwait"",""start_ns"":31195381,""end_ns"":70174995,""duration_ms"":38.979614,""overlap_ms"":0.810336},{""name"":""epoll_wait"",""start_ns"":31098642,""end_ns"":69852001,""duration_ms"":38.753359,""overlap_ms"":0.810336},{""name"":""epoll_wait"",""start_ns"":39285871,""end_ns"":49365136,""duration_ms"":10.079265,""overlap_ms"":0.810336},{""name"":""epoll_wait"",""start_ns"":40956703,""end_ns"":51068777,""duration_ms"":10.112074,""overlap_ms"":0.810336}],""profiler_overhead"":[],""nvtx"":[{""name"":""{'Module': 'model.model', 'Inputs': [[1], [1]]}"",""start_ns"":33999115,""end_ns"":50805401,""duration_ms"":16.806286,""overlap_ms"":0.810336},{""name"":""{'Module': 'model.model.layers.3', 'Inputs': [[1], [1, 7168], [1, 7168]]}"",""start_ns"":43386400,""end_ns"":46976447,""duration_ms"":3.590047,""overlap_ms"":0.810336},{""name"":""{'Module': 'model.model.layers.3.self_attn'}"",""start_ns"":43482536,""end_ns"":45471435,""duration_ms"":1.988899,""overlap_ms"":0.810336},{""name"":""{'Module': 'model.model.layers.3.self_attn.kv_b_proj', 'TrainableParams': {'weight': [32768, 512], 'weight_scale_inv': [256, 4]}, 'Inputs': [[1, 512]]}"",""start_ns"":44651696,""end_ns"":44894727,""duration_ms"":0.243031,""overlap_ms"":0.243031},{""name"":""{'Module': 'model.model.layers.3.self_attn.attn_mha', 'TrainableParams': {'k_scale': [], 'v_scale': []}, 'Inputs': [[1, 128, 192], [1, 128, 192], [1, 128, 128]]}"",""start_ns"":44998348,""end_ns"":45153640,""duration_ms"":0.155292,""overlap_ms"":0.155292}]}",/home/ai_lab/ljc/scale-up-sim/aiconfigurator/bench_data/h100_sxm/sglang/v0.5.9/deepseek_v3_mla/raw_runs/20260618_104620_prefill_stage1_req1_equal_fresh_regular_b1_f1_p0_b1_fvar1_pvar0_layers5_backend_auto_cg_off_pcg_off_tp1_marker_on_profile_nsys/nsys/MLA时延拆解.csv
target,req1_equal_fresh_regular_b1_f1_p0,decode,20260618_104620_prefill_stage1_req1_equal_fresh_regular_b1_f1_p0_b1_fvar1_pvar0_layers5_backend_auto_cg_off_pcg_off_tp1_marker_on_profile_nsys,3,9,2,2,1,1,0,attn_mqa,auto,0.10289999999999999,-93.72058622507762,-92.49684998949996,1.638688,0.098624,1.5400639999999999,0.9398152668476244,1.371424,0.083264,1.28816,0.9392864642882143,1.801291,0.158956,0.0,attn_mqa,o_proj,0.132125,0.263392,0.263392,"{""kernels"":[{""name"":""nvjet_tst_128x8_64x12_1x1_h_bz_TNT"",""stream_id"":13,""start_ns"":63414710,""end_ns"":63422806,""duration_ms"":0.008096,""overlap_ms"":0.008096}],""cuda_runtime"":[{""name"":""cudaLaunchKernel_v7000"",""start_ns"":63565524,""end_ns"":63574236,""duration_ms"":0.008712,""overlap_ms"":0.008712},{""name"":""cuLaunchKernelEx"",""start_ns"":63405646,""end_ns"":63413110,""duration_ms"":0.007464,""overlap_ms"":0.007464},{""name"":""cuKernelGetAttribute"",""start_ns"":63403290,""end_ns"":63403689,""duration_ms"":0.000399,""overlap_ms"":0.000399},{""name"":""cuKernelGetAttribute"",""start_ns"":63403889,""end_ns"":63404076,""duration_ms"":0.000187,""overlap_ms"":0.000187}],""cuda_sync"":[],""osrt"":[{""name"":""epoll_wait"",""start_ns"":31025945,""end_ns"":70079476,""duration_ms"":39.053531,""overlap_ms"":0.263392},{""name"":""epoll_pwait"",""start_ns"":31195381,""end_ns"":70174995,""duration_ms"":38.979614,""overlap_ms"":0.263392},{""name"":""epoll_wait"",""start_ns"":31098642,""end_ns"":69852001,""duration_ms"":38.753359,""overlap_ms"":0.263392},{""name"":""epoll_wait"",""start_ns"":59477211,""end_ns"":69568621,""duration_ms"":10.09141,""overlap_ms"":0.263392},{""name"":""epoll_wait"",""start_ns"":61178648,""end_ns"":71245571,""duration_ms"":10.066923,""overlap_ms"":0.263392}],""profiler_overhead"":[],""nvtx"":[{""name"":""{'Module': 'model.model', 'Inputs': [[1], [1]]}"",""start_ns"":53218323,""end_ns"":68730425,""duration_ms"":15.512102,""overlap_ms"":0.263392},{""name"":""{'Module': 'model.model.layers.3', 'Inputs': [[1], [1, 7168], [1, 7168]]}"",""start_ns"":61888565,""end_ns"":65179079,""duration_ms"":3.290514,""overlap_ms"":0.263392},{""name"":""{'Module': 'model.model.layers.3.self_attn'}"",""start_ns"":61986346,""end_ns"":63787637,""duration_ms"":1.801291,""overlap_ms"":0.263392},{""name"":""{'Module': 'model.model.layers.3.self_attn.o_proj', 'TrainableParams': {'weight': [7168, 16384], 'weight_scale_inv': [56, 128]}, 'Inputs': [[1, 16384]]}"",""start_ns"":63461722,""end_ns"":63768296,""duration_ms"":0.306574,""overlap_ms"":0.113468},{""name"":""{'Module': 'model.model.layers.3.self_attn.attn_mqa', 'TrainableParams': {'k_scale': [], 'v_scale': []}, 'Inputs': [[1, 128, 512], [1, 1, 512], [1, 1, 512]]}"",""start_ns"":63038157,""end_ns"":63329597,""duration_ms"":0.29144,""overlap_ms"":0.017799}]}",/home/ai_lab/ljc/scale-up-sim/aiconfigurator/bench_data/h100_sxm/sglang/v0.5.9/deepseek_v3_mla/raw_runs/20260618_104620_prefill_stage1_req1_equal_fresh_regular_b1_f1_p0_b1_fvar1_pvar0_layers5_backend_auto_cg_off_pcg_off_tp1_marker_on_profile_nsys/nsys/MLA时延拆解.csv
target,req1_equal_fresh_regular_b1_f1_p0,decode,20260618_104620_prefill_stage1_req1_equal_fresh_regular_b1_f1_p0_b1_fvar1_pvar0_layers5_backend_auto_cg_off_pcg_off_tp1_marker_on_profile_nsys,4,5,1,2,1,1,0,attn_mha,auto,0.10289999999999999,-94.5843929467639,-93.4889242108247,1.900064,0.108672,1.7913919999999999,0.9428061370564359,1.580384,0.069472,1.510912,0.9560410634377468,2.153137,0.249946,0.0,rotary_emb,o_proj,0.727015,0.84592,0.84592,"{""kernels"":[{""name"":""device_kernel"",""stream_id"":13,""start_ns"":48932087,""end_ns"":48942487,""duration_ms"":0.0104,""overlap_ms"":0.0104},{""name"":""sm90_fp8_gemm_1d2d_impl"",""stream_id"":13,""start_ns"":48655095,""end_ns"":48664151,""duration_ms"":0.009056,""overlap_ms"":0.009056},{""name"":""prepare_varlen_num_blocks_kernel"",""stream_id"":13,""start_ns"":48910391,""end_ns"":48913207,""duration_ms"":0.002816,""overlap_ms"":0.002816},{""name"":""concat_mla_k_kernel"",""stream_id"":13,""start_ns"":48733399,""end_ns"":48735415,""duration_ms"":0.002016,""overlap_ms"":0.002016},{""name"":""per_token_group_quant_8bit_kernel"",""stream_id"":13,""start_ns"":48515895,""end_ns"":48517367,""duration_ms"":0.001472,""overlap_ms"":0.001472}],""cuda_runtime"":[{""name"":""cudaLaunchKernel_v7000"",""start_ns"":48899649,""end_ns"":48910414,""duration_ms"":0.010765,""overlap_ms"":0.010765},{""name"":""cudaLaunchKernel_v7000"",""start_ns"":49096408,""end_ns"":49105178,""duration_ms"":0.00877,""overlap_ms"":0.00877},{""name"":""cudaLaunchKernel_v7000"",""start_ns"":48506508,""end_ns"":48515037,""duration_ms"":0.008529,""overlap_ms"":0.008529},{""name"":""cudaLaunchKernel_v7000"",""start_ns"":48724258,""end_ns"":48732185,""duration_ms"":0.007927,""overlap_ms"":0.007927},{""name"":""cuLaunchKernelEx"",""start_ns"":48645798,""end_ns"":48653718,""duration_ms"":0.00792,""overlap_ms"":0.00792}],""cuda_sync"":[],""osrt"":[{""name"":""epoll_wait"",""start_ns"":31025945,""end_ns"":70079476,""duration_ms"":39.053531,""overlap_ms"":0.84592},{""name"":""epoll_pwait"",""start_ns"":31195381,""end_ns"":70174995,""duration_ms"":38.979614,""overlap_ms"":0.84592},{""name"":""epoll_wait"",""start_ns"":31098642,""end_ns"":69852001,""duration_ms"":38.753359,""overlap_ms"":0.84592},{""name"":""epoll_wait"",""start_ns"":39285871,""end_ns"":49365136,""duration_ms"":10.079265,""overlap_ms"":0.84592},{""name"":""epoll_wait"",""start_ns"":40956703,""end_ns"":51068777,""duration_ms"":10.112074,""overlap_ms"":0.84592}],""profiler_overhead"":[],""nvtx"":[{""name"":""{'Module': 'model.model', 'Inputs': [[1], [1]]}"",""start_ns"":33999115,""end_ns"":50805401,""duration_ms"":16.806286,""overlap_ms"":0.84592},{""name"":""{'Module': 'model.model.layers.4', 'Inputs': [[1], [1, 7168], [1, 7168]]}"",""start_ns"":47037979,""end_ns"":50702297,""duration_ms"":3.664318,""overlap_ms"":0.84592},{""name"":""{'Module': 'model.model.layers.4.self_attn'}"",""start_ns"":47152189,""end_ns"":49305326,""duration_ms"":2.153137,""overlap_ms"":0.84592},{""name"":""{'Module': 'model.model.layers.4.self_attn.kv_b_proj', 'TrainableParams': {'weight': [32768, 512], 'weight_scale_inv': [256, 4]}, 'Inputs': [[1, 512]]}"",""start_ns"":48420563,""end_ns"":48680446,""duration_ms"":0.259883,""overlap_ms"":0.259883},{""name"":""{'Module': 'model.model.layers.4.self_attn.attn_mha', 'TrainableParams': {'k_scale': [], 'v_scale': []}, 'Inputs': [[1, 128, 192], [1, 128, 192], [1, 128, 128]]}"",""start_ns"":48787635,""end_ns"":48953850,""duration_ms"":0.166215,""overlap_ms"":0.166215}]}",/home/ai_lab/ljc/scale-up-sim/aiconfigurator/bench_data/h100_sxm/sglang/v0.5.9/deepseek_v3_mla/raw_runs/20260618_104620_prefill_stage1_req1_equal_fresh_regular_b1_f1_p0_b1_fvar1_pvar0_layers5_backend_auto_cg_off_pcg_off_tp1_marker_on_profile_nsys/nsys/MLA时延拆解.csv
target,req1_equal_fresh_regular_b1_f1_p0,decode,20260618_104620_prefill_stage1_req1_equal_fresh_regular_b1_f1_p0_b1_fvar1_pvar0_layers5_backend_auto_cg_off_pcg_off_tp1_marker_on_profile_nsys,4,10,2,2,1,1,0,attn_mqa,auto,0.10289999999999999,-93.98971066502186,-92.62522074169209,1.712064,0.099744,1.61232,0.9417404956824044,1.395296,0.08384,1.3114560000000002,0.9399123913492191,1.908104,0.182463,0.0,q_b_proj,rotary_emb,0.170576,0.259744,0.259744,"{""kernels"":[{""name"":""nvjet_tst_256x8_64x6_2x1_v_bz_TNT"",""stream_id"":13,""start_ns"":66356406,""end_ns"":66364534,""duration_ms"":0.008128,""overlap_ms"":0.008128}],""cuda_runtime"":[{""name"":""cuLaunchKernelEx"",""start_ns"":66343860,""end_ns"":66355529,""duration_ms"":0.011669,""overlap_ms"":0.011669},{""name"":""cudaLaunchKernel_v7000"",""start_ns"":66468751,""end_ns"":66477243,""duration_ms"":0.008492,""overlap_ms"":0.008492},{""name"":""cuKernelGetAttribute"",""start_ns"":66340990,""end_ns"":66341479,""duration_ms"":0.000489,""overlap_ms"":0.000489},{""name"":""cuKernelGetAttribute"",""start_ns"":66341811,""end_ns"":66342014,""duration_ms"":0.000203,""overlap_ms"":0.000203}],""cuda_sync"":[],""osrt"":[{""name"":""epoll_wait"",""start_ns"":31025945,""end_ns"":70079476,""duration_ms"":39.053531,""overlap_ms"":0.259744},{""name"":""epoll_pwait"",""start_ns"":31195381,""end_ns"":70174995,""duration_ms"":38.979614,""overlap_ms"":0.259744},{""name"":""epoll_wait"",""start_ns"":31098642,""end_ns"":69852001,""duration_ms"":38.753359,""overlap_ms"":0.259744},{""name"":""epoll_wait"",""start_ns"":59477211,""end_ns"":69568621,""duration_ms"":10.09141,""overlap_ms"":0.259744},{""name"":""epoll_wait"",""start_ns"":61178648,""end_ns"":71245571,""duration_ms"":10.066923,""overlap_ms"":0.259744}],""profiler_overhead"":[],""nvtx"":[{""name"":""{'Module': 'model.model', 'Inputs': [[1], [1]]}"",""start_ns"":53218323,""end_ns"":68730425,""duration_ms"":15.512102,""overlap_ms"":0.259744},{""name"":""{'Module': 'model.model.layers.4', 'Inputs': [[1], [1, 7168], [1, 7168]]}"",""start_ns"":65246800,""end_ns"":68631606,""duration_ms"":3.384806,""overlap_ms"":0.259744},{""name"":""{'Module': 'model.model.layers.4.self_attn'}"",""start_ns"":65361815,""end_ns"":67269919,""duration_ms"":1.908104,""overlap_ms"":0.259744},{""name"":""{'Module': 'model.model.layers.0.self_attn.rotary_emb', 'Inputs': [[1], [1, 128, 64], [1, 1, 64]]}"",""start_ns"":66404041,""end_ns"":66492110,""duration_ms"":0.088069,""overlap_ms"":0.073997},{""name"":""{'Module': 'model.model.layers.4.self_attn.q_b_proj', 'TrainableParams': {'weight': [24576, 1536], 'weight_scale_inv': [192, 12]}, 'Inputs': [[1, 1536]]}"",""start_ns"":65971747,""end_ns"":66233465,""duration_ms"":0.261718,""overlap_ms"":0.015171}]}",/home/ai_lab/ljc/scale-up-sim/aiconfigurator/bench_data/h100_sxm/sglang/v0.5.9/deepseek_v3_mla/raw_runs/20260618_104620_prefill_stage1_req1_equal_fresh_regular_b1_f1_p0_b1_fvar1_pvar0_layers5_backend_auto_cg_off_pcg_off_tp1_marker_on_profile_nsys/nsys/MLA时延拆解.csv
target,req1_equal_fresh_regular_b4_f512_p0,decode,20260618_104959_prefill_stage1_req1_equal_fresh_regular_b4_f512_p0_b4_fvar512-512-512-512_pvar0-0-0-0_layers5_backend_auto_cg_off_pcg_off_tp1_marker_on_profile_nsys,0,6,1,1,4,512,0,attn_mqa,auto,0.114306640625,-90.0587706792518,-89.92189786838041,1.149824,0.110816,1.039008,0.9036235110764778,1.134208,0.096064,1.0381440000000002,0.9153030132039274,1.85925,0.706947,0.0,attn_mqa,o_proj,0.126338,0.256864,0.256864,"{""kernels"":[{""name"":""nvjet_tst_128x8_64x12_1x1_h_bz_TNT"",""stream_id"":13,""start_ns"":46723814,""end_ns"":46732134,""duration_ms"":0.00832,""overlap_ms"":0.00832}],""cuda_runtime"":[{""name"":""cudaLaunchKernel_v7000"",""start_ns"":46863309,""end_ns"":46871342,""duration_ms"":0.008033,""overlap_ms"":0.008033},{""name"":""cuLaunchKernelEx"",""start_ns"":46714250,""end_ns"":46722144,""duration_ms"":0.007894,""overlap_ms"":0.007894},{""name"":""cuKernelGetAttribute"",""start_ns"":46712129,""end_ns"":46712514,""duration_ms"":0.000385,""overlap_ms"":0.000385},{""name"":""cuKernelGetAttribute"",""start_ns"":46712706,""end_ns"":46712959,""duration_ms"":0.000253,""overlap_ms"":0.000253}],""cuda_sync"":[],""osrt"":[{""name"":""epoll_wait"",""start_ns"":24082251,""end_ns"":63709300,""duration_ms"":39.627049,""overlap_ms"":0.256864},{""name"":""epoll_pwait"",""start_ns"":24934639,""end_ns"":60777024,""duration_ms"":35.842385,""overlap_ms"":0.256864},{""name"":""epoll_wait"",""start_ns"":43673627,""end_ns"":53739639,""duration_ms"":10.066012,""overlap_ms"":0.256864},{""name"":""epoll_wait"",""start_ns"":44593597,""end_ns"":54659751,""duration_ms"":10.066154,""overlap_ms"":0.256864},{""name"":""pthread_cond_timedwait"",""start_ns"":27378580,""end_ns"":127411340,""duration_ms"":100.03276,""overlap_ms"":0.256864}],""profiler_overhead"":[],""nvtx"":[{""name"":""{'Module': 'model.model', 'Inputs': [[4], [4]]}"",""start_ns"":44926941,""end_ns"":58786396,""duration_ms"":13.859455,""overlap_ms"":0.256864},{""name"":""{'Module': 'model.model.layers.0', 'Inputs': [[4], [4, 7168]]}"",""start_ns"":45095323,""end_ns"":47762380,""duration_ms"":2.667057,""overlap_ms"":0.256864},{""name"":""{'Module': 'model.model.layers.0.self_attn'}"",""start_ns"":45207363,""end_ns"":47066613,""duration_ms"":1.85925,""overlap_ms"":0.256864},{""name"":""{'Module': 'model.model.layers.0.self_attn.o_proj', 'TrainableParams': {'weight': [7168, 16384], 'weight_scale_inv': [56, 128]}, 'Inputs': [[4, 16384]]}"",""start_ns"":46765488,""end_ns"":47048616,""duration_ms"":0.283128,""overlap_ms"":0.106838},{""name"":""{'Module': 'model.model.layers.0.self_attn.attn_mqa', 'TrainableParams': {'k_scale': [], 'v_scale': []}, 'Inputs': [[4, 128, 512], [4, 1, 512], [4, 1, 512]]}"",""start_ns"":46339932,""end_ns"":46639150,""duration_ms"":0.299218,""overlap_ms"":0.023688}]}",/home/ai_lab/ljc/scale-up-sim/aiconfigurator/bench_data/h100_sxm/sglang/v0.5.9/deepseek_v3_mla/raw_runs/20260618_104959_prefill_stage1_req1_equal_fresh_regular_b4_f512_p0_b4_fvar512-512-512-512_pvar0-0-0-0_layers5_backend_auto_cg_off_pcg_off_tp1_marker_on_profile_nsys/nsys/MLA时延拆解.csv
target,req1_equal_fresh_regular_b4_f512_p0,decode,20260618_104959_prefill_stage1_req1_equal_fresh_regular_b4_f512_p0_b4_fvar512-512-512-512_pvar0-0-0-0_layers5_backend_auto_cg_off_pcg_off_tp1_marker_on_profile_nsys,1,7,1,1,4,512,0,attn_mqa,auto,0.114306640625,-92.22699919588456,-90.80189900983328,1.47056,0.108832,1.361728,0.9259928190621259,1.24272,0.094816,1.147904,0.9237028453714433,1.610706,0.143027,0.002881,attn_mqa,o_proj,0.125241,0.236928,0.236928,"{""kernels"":[{""name"":""nvjet_tst_128x8_64x12_1x1_h_bz_TNT"",""stream_id"":13,""start_ns"":49196198,""end_ns"":49204486,""duration_ms"":0.008288,""overlap_ms"":0.008288}],""cuda_runtime"":[{""name"":""cudaLaunchKernel_v7000"",""start_ns"":49326692,""end_ns"":49334931,""duration_ms"":0.008239,""overlap_ms"":0.008239},{""name"":""cuLaunchKernelEx"",""start_ns"":49187164,""end_ns"":49194196,""duration_ms"":0.007032,""overlap_ms"":0.007032},{""name"":""cuKernelGetAttribute"",""start_ns"":49184846,""end_ns"":49185254,""duration_ms"":0.000408,""overlap_ms"":0.000408},{""name"":""cuKernelGetAttribute"",""start_ns"":49185444,""end_ns"":49185617,""duration_ms"":0.000173,""overlap_ms"":0.000173}],""cuda_sync"":[],""osrt"":[{""name"":""epoll_wait"",""start_ns"":24082251,""end_ns"":63709300,""duration_ms"":39.627049,""overlap_ms"":0.236928},{""name"":""epoll_pwait"",""start_ns"":24934639,""end_ns"":60777024,""duration_ms"":35.842385,""overlap_ms"":0.236928},{""name"":""epoll_wait"",""start_ns"":43673627,""end_ns"":53739639,""duration_ms"":10.066012,""overlap_ms"":0.236928},{""name"":""epoll_wait"",""start_ns"":44593597,""end_ns"":54659751,""duration_ms"":10.066154,""overlap_ms"":0.236928},{""name"":""pthread_cond_timedwait"",""start_ns"":27378580,""end_ns"":127411340,""duration_ms"":100.03276,""overlap_ms"":0.236928}],""profiler_overhead"":[],""nvtx"":[{""name"":""{'Module': 'model.model', 'Inputs': [[4], [4]]}"",""start_ns"":44926941,""end_ns"":58786396,""duration_ms"":13.859455,""overlap_ms"":0.236928},{""name"":""{'Module': 'model.model.layers.1', 'Inputs': [[4], [4, 7168], [4, 7168]]}"",""start_ns"":47821140,""end_ns"":50219443,""duration_ms"":2.398303,""overlap_ms"":0.236928},{""name"":""{'Module': 'model.model.layers.1.self_attn'}"",""start_ns"":47911635,""end_ns"":49522341,""duration_ms"":1.610706,""overlap_ms"":0.236928},{""name"":""{'Module': 'model.model.layers.1.self_attn.o_proj', 'TrainableParams': {'weight': [7168, 16384], 'weight_scale_inv': [56, 128]}, 'Inputs': [[4, 16384]]}"",""start_ns"":49240857,""end_ns"":49505561,""duration_ms"":0.264704,""overlap_ms"":0.094957},{""name"":""{'Module': 'model.model.layers.1.self_attn.attn_mqa', 'TrainableParams': {'k_scale': [], 'v_scale': []}, 'Inputs': [[4, 128, 512], [4, 1, 512], [4, 1, 512]]}"",""start_ns"":48842646,""end_ns"":49115616,""duration_ms"":0.27297,""overlap_ms"":0.01673}]}",/home/ai_lab/ljc/scale-up-sim/aiconfigurator/bench_data/h100_sxm/sglang/v0.5.9/deepseek_v3_mla/raw_runs/20260618_104959_prefill_stage1_req1_equal_fresh_regular_b4_f512_p0_b4_fvar512-512-512-512_pvar0-0-0-0_layers5_backend_auto_cg_off_pcg_off_tp1_marker_on_profile_nsys/nsys/MLA时延拆解.csv
target,req1_equal_fresh_regular_b4_f512_p0,decode,20260618_104959_prefill_stage1_req1_equal_fresh_regular_b4_f512_p0_b4_fvar512-512-512-512_pvar0-0-0-0_layers5_backend_auto_cg_off_pcg_off_tp1_marker_on_profile_nsys,2,8,1,1,4,512,0,attn_mqa,auto,0.114306640625,-92.12277552833949,-90.69478632017682,1.451103,0.107456,1.343647,0.9259487438176339,1.228415,0.09334400000000001,1.135071,0.9240126504479349,1.59101,0.142186,0.002279,attn_mqa,o_proj,0.121087,0.22928,0.22928,"{""kernels"":[{""name"":""nvjet_tst_128x8_64x12_1x1_h_bz_TNT"",""stream_id"":13,""start_ns"":51617701,""end_ns"":51626053,""duration_ms"":0.008352,""overlap_ms"":0.008352}],""cuda_runtime"":[{""name"":""cudaLaunchKernel_v7000"",""start_ns"":51742818,""end_ns"":51750861,""duration_ms"":0.008043,""overlap_ms"":0.008043},{""name"":""cuLaunchKernelEx"",""start_ns"":51608833,""end_ns"":51615657,""duration_ms"":0.006824,""overlap_ms"":0.006824},{""name"":""cuKernelGetAttribute"",""start_ns"":51606698,""end_ns"":51607109,""duration_ms"":0.000411,""overlap_ms"":0.000411},{""name"":""cuKernelGetAttribute"",""start_ns"":51607298,""end_ns"":51607477,""duration_ms"":0.000179,""overlap_ms"":0.000179}],""cuda_sync"":[],""osrt"":[{""name"":""epoll_wait"",""start_ns"":24082251,""end_ns"":63709300,""duration_ms"":39.627049,""overlap_ms"":0.22928},{""name"":""epoll_pwait"",""start_ns"":24934639,""end_ns"":60777024,""duration_ms"":35.842385,""overlap_ms"":0.22928},{""name"":""epoll_wait"",""start_ns"":43673627,""end_ns"":53739639,""duration_ms"":10.066012,""overlap_ms"":0.22928},{""name"":""epoll_wait"",""start_ns"":44593597,""end_ns"":54659751,""duration_ms"":10.066154,""overlap_ms"":0.22928},{""name"":""pthread_cond_timedwait"",""start_ns"":27378580,""end_ns"":127411340,""duration_ms"":100.03276,""overlap_ms"":0.22928}],""profiler_overhead"":[],""nvtx"":[{""name"":""{'Module': 'model.model', 'Inputs': [[4], [4]]}"",""start_ns"":44926941,""end_ns"":58786396,""duration_ms"":13.859455,""overlap_ms"":0.22928},{""name"":""{'Module': 'model.model.layers.2', 'Inputs': [[4], [4, 7168], [4, 7168]]}"",""start_ns"":50263042,""end_ns"":52629317,""duration_ms"":2.366275,""overlap_ms"":0.22928},{""name"":""{'Module': 'model.model.layers.2.self_attn'}"",""start_ns"":50351932,""end_ns"":51942942,""duration_ms"":1.59101,""overlap_ms"":0.22928},{""name"":""{'Module': 'model.model.layers.2.self_attn.o_proj', 'TrainableParams': {'weight': [7168, 16384], 'weight_scale_inv': [56, 128]}, 'Inputs': [[4, 16384]]}"",""start_ns"":51660552,""end_ns"":51925215,""duration_ms"":0.264663,""overlap_ms"":0.091037},{""name"":""{'Module': 'model.model.layers.2.self_attn.attn_mqa', 'TrainableParams': {'k_scale': [], 'v_scale': []}, 'Inputs': [[4, 128, 512], [4, 1, 512], [4, 1, 512]]}"",""start_ns"":51265764,""end_ns"":51539465,""duration_ms"":0.273701,""overlap_ms"":0.017156}]}",/home/ai_lab/ljc/scale-up-sim/aiconfigurator/bench_data/h100_sxm/sglang/v0.5.9/deepseek_v3_mla/raw_runs/20260618_104959_prefill_stage1_req1_equal_fresh_regular_b4_f512_p0_b4_fvar512-512-512-512_pvar0-0-0-0_layers5_backend_auto_cg_off_pcg_off_tp1_marker_on_profile_nsys/nsys/MLA时延拆解.csv
target,req1_equal_fresh_regular_b4_f512_p0,decode,20260618_104959_prefill_stage1_req1_equal_fresh_regular_b4_f512_p0_b4_fvar512-512-512-512_pvar0-0-0-0_layers5_backend_auto_cg_off_pcg_off_tp1_marker_on_profile_nsys,3,9,1,1,4,512,0,attn_mqa,auto,0.114306640625,-92.13041677968926,-90.6814428311605,1.452512,0.107936,1.344576,0.925690114780463,1.226656,0.0936,1.133056,0.9236949886520753,1.595133,0.144844,0.002223,attn_mqa,o_proj,0.120825,0.234336,0.234336,"{""kernels"":[{""name"":""nvjet_tst_128x8_64x12_1x1_h_bz_TNT"",""stream_id"":13,""start_ns"":54038917,""end_ns"":54047205,""duration_ms"":0.008288,""overlap_ms"":0.008288}],""cuda_runtime"":[{""name"":""cudaLaunchKernel_v7000"",""start_ns"":54164134,""end_ns"":54172273,""duration_ms"":0.008139,""overlap_ms"":0.008139},{""name"":""cuLaunchKernelEx"",""start_ns"":54029892,""end_ns"":54036810,""duration_ms"":0.006918,""overlap_ms"":0.006918},{""name"":""cuKernelGetAttribute"",""start_ns"":54027741,""end_ns"":54028190,""duration_ms"":0.000449,""overlap_ms"":0.000449},{""name"":""cuKernelGetAttribute"",""start_ns"":54028361,""end_ns"":54028529,""duration_ms"":0.000168,""overlap_ms"":0.000168}],""cuda_sync"":[],""osrt"":[{""name"":""epoll_wait"",""start_ns"":24082251,""end_ns"":63709300,""duration_ms"":39.627049,""overlap_ms"":0.234336},{""name"":""epoll_pwait"",""start_ns"":24934639,""end_ns"":60777024,""duration_ms"":35.842385,""overlap_ms"":0.234336},{""name"":""epoll_wait"",""start_ns"":53767094,""end_ns"":63827818,""duration_ms"":10.060724,""overlap_ms"":0.234336},{""name"":""epoll_wait"",""start_ns"":44593597,""end_ns"":54659751,""duration_ms"":10.066154,""overlap_ms"":0.234336},{""name"":""pthread_cond_timedwait"",""start_ns"":27378580,""end_ns"":127411340,""duration_ms"":100.03276,""overlap_ms"":0.234336}],""profiler_overhead"":[],""nvtx"":[{""name"":""{'Module': 'model.model', 'Inputs': [[4], [4]]}"",""start_ns"":44926941,""end_ns"":58786396,""duration_ms"":13.859455,""overlap_ms"":0.234336},{""name"":""{'Module': 'model.model.layers.3', 'Inputs': [[4], [4, 7168], [4, 7168]]}"",""start_ns"":52673524,""end_ns"":55617635,""duration_ms"":2.944111,""overlap_ms"":0.234336},{""name"":""{'Module': 'model.model.layers.3.self_attn'}"",""start_ns"":52760185,""end_ns"":54355318,""duration_ms"":1.595133,""overlap_ms"":0.234336},{""name"":""{'Module': 'model.model.layers.3.self_attn.o_proj', 'TrainableParams': {'weight': [7168, 16384], 'weight_scale_inv': [56, 128]}, 'Inputs': [[4, 16384]]}"",""start_ns"":54079620,""end_ns"":54337904,""duration_ms"":0.258284,""overlap_ms"":0.093569},{""name"":""{'Module': 'model.model.layers.3.self_attn.attn_mqa', 'TrainableParams': {'k_scale': [], 'v_scale': []}, 'Inputs': [[4, 128, 512], [4, 1, 512], [4, 1, 512]]}"",""start_ns"":53670659,""end_ns"":53958795,""duration_ms"":0.288136,""overlap_ms"":0.019942}]}",/home/ai_lab/ljc/scale-up-sim/aiconfigurator/bench_data/h100_sxm/sglang/v0.5.9/deepseek_v3_mla/raw_runs/20260618_104959_prefill_stage1_req1_equal_fresh_regular_b4_f512_p0_b4_fvar512-512-512-512_pvar0-0-0-0_layers5_backend_auto_cg_off_pcg_off_tp1_marker_on_profile_nsys/nsys/MLA时延拆解.csv
target,req1_equal_fresh_regular_b4_f512_p0,decode,20260618_104959_prefill_stage1_req1_equal_fresh_regular_b4_f512_p0_b4_fvar512-512-512-512_pvar0-0-0-0_layers5_backend_auto_cg_off_pcg_off_tp1_marker_on_profile_nsys,4,10,1,1,4,512,0,attn_mqa,auto,0.114306640625,-92.55630049276643,-90.89845715715533,1.535616,0.109184,1.4264320000000001,0.9288988913895141,1.255904,0.09465599999999999,1.1612479999999998,0.924631182001172,1.704752,0.173096,0.00396,attn_mqa,o_proj,0.119387,0.2296,0.2296,"{""kernels"":[{""name"":""nvjet_tst_128x8_64x12_1x1_h_bz_TNT"",""stream_id"":13,""start_ns"":57174469,""end_ns"":57182917,""duration_ms"":0.008448,""overlap_ms"":0.008448}],""cuda_runtime"":[{""name"":""cudaLaunchKernel_v7000"",""start_ns"":57294038,""end_ns"":57301894,""duration_ms"":0.007856,""overlap_ms"":0.007856},{""name"":""cuLaunchKernelEx"",""start_ns"":57165663,""end_ns"":57172578,""duration_ms"":0.006915,""overlap_ms"":0.006915},{""name"":""cuKernelGetAttribute"",""start_ns"":57163558,""end_ns"":57164037,""duration_ms"":0.000479,""overlap_ms"":0.000479},{""name"":""cuKernelGetAttribute"",""start_ns"":57164193,""end_ns"":57164371,""duration_ms"":0.000178,""overlap_ms"":0.000178}],""cuda_sync"":[],""osrt"":[{""name"":""epoll_wait"",""start_ns"":24082251,""end_ns"":63709300,""duration_ms"":39.627049,""overlap_ms"":0.2296},{""name"":""epoll_pwait"",""start_ns"":24934639,""end_ns"":60777024,""duration_ms"":35.842385,""overlap_ms"":0.2296},{""name"":""epoll_wait"",""start_ns"":53767094,""end_ns"":63827818,""duration_ms"":10.060724,""overlap_ms"":0.2296},{""name"":""epoll_wait"",""start_ns"":54685139,""end_ns"":64750364,""duration_ms"":10.065225,""overlap_ms"":0.2296},{""name"":""pthread_cond_timedwait"",""start_ns"":27378580,""end_ns"":127411340,""duration_ms"":100.03276,""overlap_ms"":0.2296}],""profiler_overhead"":[],""nvtx"":[{""name"":""{'Module': 'model.model', 'Inputs': [[4], [4]]}"",""start_ns"":44926941,""end_ns"":58786396,""duration_ms"":13.859455,""overlap_ms"":0.2296},{""name"":""{'Module': 'model.model.layers.4', 'Inputs': [[4], [4, 7168], [4, 7168]]}"",""start_ns"":55669149,""end_ns"":58694110,""duration_ms"":3.024961,""overlap_ms"":0.2296},{""name"":""{'Module': 'model.model.layers.4.self_attn'}"",""start_ns"":55772477,""end_ns"":57477229,""duration_ms"":1.704752,""overlap_ms"":0.2296},{""name"":""{'Module': 'model.model.layers.4.self_attn.o_proj', 'TrainableParams': {'weight': [7168, 16384], 'weight_scale_inv': [56, 128]}, 'Inputs': [[4, 16384]]}"",""start_ns"":57213288,""end_ns"":57460273,""duration_ms"":0.246985,""overlap_ms"":0.089597},{""name"":""{'Module': 'model.model.layers.4.self_attn.attn_mqa', 'TrainableParams': {'k_scale': [], 'v_scale': []}, 'Inputs': [[4, 128, 512], [4, 1, 512], [4, 1, 512]]}"",""start_ns"":56811858,""end_ns"":57093901,""duration_ms"":0.282043,""overlap_ms"":0.020616}]}",/home/ai_lab/ljc/scale-up-sim/aiconfigurator/bench_data/h100_sxm/sglang/v0.5.9/deepseek_v3_mla/raw_runs/20260618_104959_prefill_stage1_req1_equal_fresh_regular_b4_f512_p0_b4_fvar512-512-512-512_pvar0-0-0-0_layers5_backend_auto_cg_off_pcg_off_tp1_marker_on_profile_nsys/nsys/MLA时延拆解.csv
target,req1_equal_fresh_regular_b8_f1_p0,decode,20260618_104810_prefill_stage1_req1_equal_fresh_regular_b8_f1_p0_b8_fvar1-1-1-1-1-1-1-1_pvar0-0-0-0-0-0-0-0_layers5_backend_auto_cg_off_pcg_off_tp1_marker_on_profile_nsys,0,6,1,1,8,1,0,attn_mqa,auto,0.10613333333333333,-89.02020502973926,-86.50170254907547,0.966624,0.097408,0.869216,0.8992286556096268,0.786272,0.085312,0.70096,0.8914981075251314,1.053822,0.106515,0.019317,attn_mqa,o_proj,0.075485,0.135936,0.135936,"{""kernels"":[{""name"":""nvjet_tst_128x8_64x12_1x1_h_bz_TNT"",""stream_id"":13,""start_ns"":37229113,""end_ns"":37237401,""duration_ms"":0.008288,""overlap_ms"":0.008288}],""cuda_runtime"":[{""name"":""cudaLaunchKernel_v7000"",""start_ns"":37303644,""end_ns"":37308580,""duration_ms"":0.004936,""overlap_ms"":0.004936},{""name"":""cuLaunchKernelEx"",""start_ns"":37222213,""end_ns"":37227015,""duration_ms"":0.004802,""overlap_ms"":0.004802},{""name"":""cuKernelGetAttribute"",""start_ns"":37220747,""end_ns"":37221056,""duration_ms"":0.000309,""overlap_ms"":0.000309},{""name"":""cuKernelGetAttribute"",""start_ns"":37221173,""end_ns"":37221262,""duration_ms"":8.9e-05,""overlap_ms"":8.9e-05}],""cuda_sync"":[],""osrt"":[{""name"":""epoll_wait"",""start_ns"":19517135,""end_ns"":45114284,""duration_ms"":25.597149,""overlap_ms"":0.135936},{""name"":""epoll_pwait"",""start_ns"":24076361,""end_ns"":45181387,""duration_ms"":21.105026,""overlap_ms"":0.135936},{""name"":""epoll_wait"",""start_ns"":24057273,""end_ns"":48019106,""duration_ms"":23.961833,""overlap_ms"":0.135936},{""name"":""epoll_wait"",""start_ns"":28975000,""end_ns"":39036464,""duration_ms"":10.061464,""overlap_ms"":0.135936},{""name"":""epoll_wait"",""start_ns"":24121976,""end_ns"":45079003,""duration_ms"":20.957027,""overlap_ms"":0.135936}],""profiler_overhead"":[],""nvtx"":[{""name"":""{'Module': 'model.model', 'Inputs': [[8], [8]]}"",""start_ns"":36200089,""end_ns"":44183136,""duration_ms"":7.983047,""overlap_ms"":0.135936},{""name"":""{'Module': 'model.model.layers.0', 'Inputs': [[8], [8, 7168]]}"",""start_ns"":36302989,""end_ns"":37838120,""duration_ms"":1.535131,""overlap_ms"":0.135936},{""name"":""{'Module': 'model.model.layers.0.self_attn'}"",""start_ns"":36376486,""end_ns"":37430308,""duration_ms"":1.053822,""overlap_ms"":0.135936},{""name"":""{'Module': 'model.model.layers.0.self_attn.o_proj', 'TrainableParams': {'weight': [7168, 16384], 'weight_scale_inv': [56, 128]}, 'Inputs': [[8, 16384]]}"",""start_ns"":37253563,""end_ns"":37419838,""duration_ms"":0.166275,""overlap_ms"":0.056606},{""name"":""{'Module': 'model.model.layers.0.self_attn.attn_mqa', 'TrainableParams': {'k_scale': [], 'v_scale': []}, 'Inputs': [[8, 128, 512], [8, 1, 512], [8, 1, 512]]}"",""start_ns"":37023361,""end_ns"":37178078,""duration_ms"":0.154717,""overlap_ms"":0.003845}]}",/home/ai_lab/ljc/scale-up-sim/aiconfigurator/bench_data/h100_sxm/sglang/v0.5.9/deepseek_v3_mla/raw_runs/20260618_104810_prefill_stage1_req1_equal_fresh_regular_b8_f1_p0_b8_fvar1-1-1-1-1-1-1-1_pvar0-0-0-0-0-0-0-0_layers5_backend_auto_cg_off_pcg_off_tp1_marker_on_profile_nsys/nsys/MLA时延拆解.csv
target,req1_equal_fresh_regular_b8_f1_p0,decode,20260618_104810_prefill_stage1_req1_equal_fresh_regular_b8_f1_p0_b8_fvar1-1-1-1-1-1-1-1_pvar0-0-0-0-0-0-0-0_layers5_backend_auto_cg_off_pcg_off_tp1_marker_on_profile_nsys,1,7,1,1,8,1,0,attn_mqa,auto,0.10613333333333333,-87.96652395810658,-85.7653791130186,0.881984,0.096608,0.785376,0.890465133154343,0.7456,0.08479999999999999,0.6608,0.8862660944206009,0.943883,0.082706,0.020807,attn_mqa,o_proj,0.073519,0.13184,0.13184,"{""kernels"":[{""name"":""nvjet_tst_128x8_64x12_1x1_h_bz_TNT"",""stream_id"":13,""start_ns"":38675001,""end_ns"":38683897,""duration_ms"":0.008896,""overlap_ms"":0.008896}],""cuda_runtime"":[{""name"":""cudaLaunchKernel_v7000"",""start_ns"":38748109,""end_ns"":38753252,""duration_ms"":0.005143,""overlap_ms"":0.005143},{""name"":""cuLaunchKernelEx"",""start_ns"":38668106,""end_ns"":38672822,""duration_ms"":0.004716,""overlap_ms"":0.004716},{""name"":""cuKernelGetAttribute"",""start_ns"":38666811,""end_ns"":38667049,""duration_ms"":0.000238,""overlap_ms"":0.000238},{""name"":""cuKernelGetAttribute"",""start_ns"":38667165,""end_ns"":38667264,""duration_ms"":9.9e-05,""overlap_ms"":9.9e-05}],""cuda_sync"":[],""osrt"":[{""name"":""epoll_wait"",""start_ns"":19517135,""end_ns"":45114284,""duration_ms"":25.597149,""overlap_ms"":0.13184},{""name"":""epoll_pwait"",""start_ns"":24076361,""end_ns"":45181387,""duration_ms"":21.105026,""overlap_ms"":0.13184},{""name"":""epoll_wait"",""start_ns"":24057273,""end_ns"":48019106,""duration_ms"":23.961833,""overlap_ms"":0.13184},{""name"":""epoll_wait"",""start_ns"":28975000,""end_ns"":39036464,""duration_ms"":10.061464,""overlap_ms"":0.13184},{""name"":""epoll_wait"",""start_ns"":24121976,""end_ns"":45079003,""duration_ms"":20.957027,""overlap_ms"":0.13184}],""profiler_overhead"":[],""nvtx"":[{""name"":""{'Module': 'model.model', 'Inputs': [[8], [8]]}"",""start_ns"":36200089,""end_ns"":44183136,""duration_ms"":7.983047,""overlap_ms"":0.13184},{""name"":""{'Module': 'model.model.layers.1', 'Inputs': [[8], [8, 7168], [8, 7168]]}"",""start_ns"":37864615,""end_ns"":39247879,""duration_ms"":1.383264,""overlap_ms"":0.13184},{""name"":""{'Module': 'model.model.layers.1.self_attn'}"",""start_ns"":37919015,""end_ns"":38862898,""duration_ms"":0.943883,""overlap_ms"":0.13184},{""name"":""{'Module': 'model.model.layers.1.self_attn.o_proj', 'TrainableParams': {'weight': [7168, 16384], 'weight_scale_inv': [56, 128]}, 'Inputs': [[8, 16384]]}"",""start_ns"":38699558,""end_ns"":38853229,""duration_ms"":0.153671,""overlap_ms"":0.055251},{""name"":""{'Module': 'model.model.layers.1.self_attn.attn_mqa', 'TrainableParams': {'k_scale': [], 'v_scale': []}, 'Inputs': [[8, 128, 512], [8, 1, 512], [8, 1, 512]]}"",""start_ns"":38472983,""end_ns"":38626039,""duration_ms"":0.153056,""overlap_ms"":0.00307}]}",/home/ai_lab/ljc/scale-up-sim/aiconfigurator/bench_data/h100_sxm/sglang/v0.5.9/deepseek_v3_mla/raw_runs/20260618_104810_prefill_stage1_req1_equal_fresh_regular_b8_f1_p0_b8_fvar1-1-1-1-1-1-1-1_pvar0-0-0-0-0-0-0-0_layers5_backend_auto_cg_off_pcg_off_tp1_marker_on_profile_nsys/nsys/MLA时延拆解.csv
target,req1_equal_fresh_regular_b8_f1_p0,decode,20260618_104810_prefill_stage1_req1_equal_fresh_regular_b8_f1_p0_b8_fvar1-1-1-1-1-1-1-1_pvar0-0-0-0-0-0-0-0_layers5_backend_auto_cg_off_pcg_off_tp1_marker_on_profile_nsys,2,8,1,1,8,1,0,attn_mqa,auto,0.10613333333333333,-87.531328320802,-85.29976656915758,0.8512,0.096032,0.755168,0.8871804511278195,0.721984,0.083872,0.638112,0.8838312206364685,0.912714,0.08217,0.020656,attn_mqa,o_proj,0.074928,0.133056,0.133056,"{""kernels"":[{""name"":""nvjet_tst_128x8_64x12_1x1_h_bz_TNT"",""stream_id"":13,""start_ns"":40059961,""end_ns"":40068089,""duration_ms"":0.008128,""overlap_ms"":0.008128}],""cuda_runtime"":[{""name"":""cuLaunchKernelEx"",""start_ns"":40053072,""end_ns"":40060744,""duration_ms"":0.007672,""overlap_ms"":0.007672},{""name"":""cudaLaunchKernel_v7000"",""start_ns"":40135182,""end_ns"":40140297,""duration_ms"":0.005115,""overlap_ms"":0.005115},{""name"":""cuKernelGetAttribute"",""start_ns"":40051560,""end_ns"":40051875,""duration_ms"":0.000315,""overlap_ms"":0.000315},{""name"":""cuKernelGetAttribute"",""start_ns"":40052109,""end_ns"":40052197,""duration_ms"":8.8e-05,""overlap_ms"":8.8e-05}],""cuda_sync"":[],""osrt"":[{""name"":""epoll_wait"",""start_ns"":19517135,""end_ns"":45114284,""duration_ms"":25.597149,""overlap_ms"":0.133056},{""name"":""epoll_pwait"",""start_ns"":24076361,""end_ns"":45181387,""duration_ms"":21.105026,""overlap_ms"":0.133056},{""name"":""epoll_wait"",""start_ns"":24057273,""end_ns"":48019106,""duration_ms"":23.961833,""overlap_ms"":0.133056},{""name"":""epoll_wait"",""start_ns"":39042180,""end_ns"":49103518,""duration_ms"":10.061338,""overlap_ms"":0.133056},{""name"":""epoll_wait"",""start_ns"":24121976,""end_ns"":45079003,""duration_ms"":20.957027,""overlap_ms"":0.133056}],""profiler_overhead"":[],""nvtx"":[{""name"":""{'Module': 'model.model', 'Inputs': [[8], [8]]}"",""start_ns"":36200089,""end_ns"":44183136,""duration_ms"":7.983047,""overlap_ms"":0.133056},{""name"":""{'Module': 'model.model.layers.2', 'Inputs': [[8], [8, 7168], [8, 7168]]}"",""start_ns"":39273531,""end_ns"":40646217,""duration_ms"":1.372686,""overlap_ms"":0.133056},{""name"":""{'Module': 'model.model.layers.2.self_attn'}"",""start_ns"":39334623,""end_ns"":40247337,""duration_ms"":0.912714,""overlap_ms"":0.133056},{""name"":""{'Module': 'model.model.layers.2.self_attn.o_proj', 'TrainableParams': {'weight': [7168, 16384], 'weight_scale_inv': [56, 128]}, 'Inputs': [[8, 16384]]}"",""start_ns"":40086311,""end_ns"":40237568,""duration_ms"":0.151257,""overlap_ms"":0.05573},{""name"":""{'Module': 'model.model.layers.2.self_attn.attn_mqa', 'TrainableParams': {'k_scale': [], 'v_scale': []}, 'Inputs': [[8, 128, 512], [8, 1, 512], [8, 1, 512]]}"",""start_ns"":39864973,""end_ns"":40011383,""duration_ms"":0.14641,""overlap_ms"":0.002398}]}",/home/ai_lab/ljc/scale-up-sim/aiconfigurator/bench_data/h100_sxm/sglang/v0.5.9/deepseek_v3_mla/raw_runs/20260618_104810_prefill_stage1_req1_equal_fresh_regular_b8_f1_p0_b8_fvar1-1-1-1-1-1-1-1_pvar0-0-0-0-0-0-0-0_layers5_backend_auto_cg_off_pcg_off_tp1_marker_on_profile_nsys/nsys/MLA时延拆解.csv
target,req1_equal_fresh_regular_b8_f1_p0,decode,20260618_104810_prefill_stage1_req1_equal_fresh_regular_b8_f1_p0_b8_fvar1-1-1-1-1-1-1-1_pvar0-0-0-0-0-0-0-0_layers5_backend_auto_cg_off_pcg_off_tp1_marker_on_profile_nsys,3,9,1,1,8,1,0,attn_mqa,auto,0.10613333333333333,-87.40633859862292,-85.11971525565676,0.842752,0.096,0.746752,0.8860874848116647,0.713248,0.08416,0.629088,0.8820045762483736,0.902022,0.080222,0.020952,attn_mqa,o_proj,0.070606,0.127392,0.127392,"{""kernels"":[{""name"":""nvjet_tst_128x8_64x12_1x1_h_bz_TNT"",""stream_id"":13,""start_ns"":41443833,""end_ns"":41452249,""duration_ms"":0.008416,""overlap_ms"":0.008416}],""cuda_runtime"":[{""name"":""cudaLaunchKernel_v7000"",""start_ns"":41514759,""end_ns"":41519573,""duration_ms"":0.004814,""overlap_ms"":0.004814},{""name"":""cuLaunchKernelEx"",""start_ns"":41437151,""end_ns"":41441597,""duration_ms"":0.004446,""overlap_ms"":0.004446},{""name"":""cuKernelGetAttribute"",""start_ns"":41435700,""end_ns"":41435956,""duration_ms"":0.000256,""overlap_ms"":0.000256},{""name"":""cuKernelGetAttribute"",""start_ns"":41436096,""end_ns"":41436192,""duration_ms"":9.6e-05,""overlap_ms"":9.6e-05}],""cuda_sync"":[],""osrt"":[{""name"":""epoll_wait"",""start_ns"":19517135,""end_ns"":45114284,""duration_ms"":25.597149,""overlap_ms"":0.127392},{""name"":""epoll_pwait"",""start_ns"":24076361,""end_ns"":45181387,""duration_ms"":21.105026,""overlap_ms"":0.127392},{""name"":""epoll_wait"",""start_ns"":24057273,""end_ns"":48019106,""duration_ms"":23.961833,""overlap_ms"":0.127392},{""name"":""epoll_wait"",""start_ns"":39042180,""end_ns"":49103518,""duration_ms"":10.061338,""overlap_ms"":0.127392},{""name"":""epoll_wait"",""start_ns"":24121976,""end_ns"":45079003,""duration_ms"":20.957027,""overlap_ms"":0.127392}],""profiler_overhead"":[],""nvtx"":[{""name"":""{'Module': 'model.model', 'Inputs': [[8], [8]]}"",""start_ns"":36200089,""end_ns"":44183136,""duration_ms"":7.983047,""overlap_ms"":0.127392},{""name"":""{'Module': 'model.model.layers.3', 'Inputs': [[8], [8, 7168], [8, 7168]]}"",""start_ns"":40671206,""end_ns"":42355557,""duration_ms"":1.684351,""overlap_ms"":0.127392},{""name"":""{'Module': 'model.model.layers.3.self_attn'}"",""start_ns"":40724411,""end_ns"":41626433,""duration_ms"":0.902022,""overlap_ms"":0.127392},{""name"":""{'Module': 'model.model.layers.3.self_attn.o_proj', 'TrainableParams': {'weight': [7168, 16384], 'weight_scale_inv': [56, 128]}, 'Inputs': [[8, 16384]]}"",""start_ns"":41466727,""end_ns"":41616624,""duration_ms"":0.149897,""overlap_ms"":0.05477},{""name"":""{'Module': 'model.model.layers.3.self_attn.attn_mqa', 'TrainableParams': {'k_scale': [], 'v_scale': []}, 'Inputs': [[8, 128, 512], [8, 1, 512], [8, 1, 512]]}"",""start_ns"":41248764,""end_ns"":41396121,""duration_ms"":0.147357,""overlap_ms"":0.002016}]}",/home/ai_lab/ljc/scale-up-sim/aiconfigurator/bench_data/h100_sxm/sglang/v0.5.9/deepseek_v3_mla/raw_runs/20260618_104810_prefill_stage1_req1_equal_fresh_regular_b8_f1_p0_b8_fvar1-1-1-1-1-1-1-1_pvar0-0-0-0-0-0-0-0_layers5_backend_auto_cg_off_pcg_off_tp1_marker_on_profile_nsys/nsys/MLA时延拆解.csv
target,req1_equal_fresh_regular_b8_f1_p0,decode,20260618_104810_prefill_stage1_req1_equal_fresh_regular_b8_f1_p0_b8_fvar1-1-1-1-1-1-1-1_pvar0-0-0-0-0-0-0-0_layers5_backend_auto_cg_off_pcg_off_tp1_marker_on_profile_nsys,4,10,1,1,8,1,0,attn_mqa,auto,0.10613333333333333,-88.36419343651342,-85.80131382440989,0.912127,0.096447,0.81568,0.8942614350852457,0.747487,0.084479,0.663008,0.8869826498654827,0.980877,0.091,0.02225,attn_mqa,o_proj,0.071789,0.13376,0.13376,"{""kernels"":[{""name"":""nvjet_tst_128x8_64x12_1x1_h_bz_TNT"",""stream_id"":13,""start_ns"":43244728,""end_ns"":43252952,""duration_ms"":0.008224,""overlap_ms"":0.008224}],""cuda_runtime"":[{""name"":""cudaLaunchKernel_v7000"",""start_ns"":43312269,""end_ns"":43324244,""duration_ms"":0.011975,""overlap_ms"":0.011975},{""name"":""cuLaunchKernelEx"",""start_ns"":43238006,""end_ns"":43242668,""duration_ms"":0.004662,""overlap_ms"":0.004662},{""name"":""cuKernelGetAttribute"",""start_ns"":43236513,""end_ns"":43236827,""duration_ms"":0.000314,""overlap_ms"":0.000314},{""name"":""cuKernelGetAttribute"",""start_ns"":43237045,""end_ns"":43237142,""duration_ms"":9.7e-05,""overlap_ms"":9.7e-05}],""cuda_sync"":[],""osrt"":[{""name"":""epoll_wait"",""start_ns"":19517135,""end_ns"":45114284,""duration_ms"":25.597149,""overlap_ms"":0.13376},{""name"":""epoll_pwait"",""start_ns"":24076361,""end_ns"":45181387,""duration_ms"":21.105026,""overlap_ms"":0.13376},{""name"":""epoll_wait"",""start_ns"":24057273,""end_ns"":48019106,""duration_ms"":23.961833,""overlap_ms"":0.13376},{""name"":""epoll_wait"",""start_ns"":39042180,""end_ns"":49103518,""duration_ms"":10.061338,""overlap_ms"":0.13376},{""name"":""epoll_wait"",""start_ns"":24121976,""end_ns"":45079003,""duration_ms"":20.957027,""overlap_ms"":0.13376}],""profiler_overhead"":[],""nvtx"":[{""name"":""{'Module': 'model.model', 'Inputs': [[8], [8]]}"",""start_ns"":36200089,""end_ns"":44183136,""duration_ms"":7.983047,""overlap_ms"":0.13376},{""name"":""{'Module': 'model.model.layers.4', 'Inputs': [[8], [8, 7168], [8, 7168]]}"",""start_ns"":42385580,""end_ns"":44127595,""duration_ms"":1.742015,""overlap_ms"":0.13376},{""name"":""{'Module': 'model.model.layers.4.self_attn'}"",""start_ns"":42444545,""end_ns"":43425422,""duration_ms"":0.980877,""overlap_ms"":0.13376},{""name"":""{'Module': 'model.model.layers.4.self_attn.o_proj', 'TrainableParams': {'weight': [7168, 16384], 'weight_scale_inv': [56, 128]}, 'Inputs': [[8, 16384]]}"",""start_ns"":43266641,""end_ns"":43416054,""duration_ms"":0.149413,""overlap_ms"":0.059367},{""name"":""{'Module': 'model.model.layers.4.self_attn.attn_mqa', 'TrainableParams': {'k_scale': [], 'v_scale': []}, 'Inputs': [[8, 128, 512], [8, 1, 512], [8, 1, 512]]}"",""start_ns"":43045802,""end_ns"":43194852,""duration_ms"":0.14905,""overlap_ms"":0.002604}]}",/home/ai_lab/ljc/scale-up-sim/aiconfigurator/bench_data/h100_sxm/sglang/v0.5.9/deepseek_v3_mla/raw_runs/20260618_104810_prefill_stage1_req1_equal_fresh_regular_b8_f1_p0_b8_fvar1-1-1-1-1-1-1-1_pvar0-0-0-0-0-0-0-0_layers5_backend_auto_cg_off_pcg_off_tp1_marker_on_profile_nsys/nsys/MLA时延拆解.csv
target,req1_equal_prefix_regular_b4_f512_p512,decode,20260618_110830_prefill_stage1_req1_equal_prefix_regular_b4_f512_p512_b4_fvar512-512-512-512_pvar512-512-512-512_layers5_backend_auto_cg_off_pcg_off_tp1_marker_on_profile_nsys,0,6,1,1,4,512,512,attn_mqa,auto,0.11770380859375,-94.0136614001603,-92.64924096071687,1.966207,0.116512,1.849695,0.940742760045102,1.601247,0.102176,1.499071,0.9361897321275231,2.168221,0.195291,0.0,attn_mqa,o_proj,0.153251,0.291776,0.291776,"{""kernels"":[{""name"":""nvjet_tst_128x8_64x12_1x1_h_bz_TNT"",""stream_id"":13,""start_ns"":50978779,""end_ns"":50987355,""duration_ms"":0.008576,""overlap_ms"":0.008576}],""cuda_runtime"":[{""name"":""cuLaunchKernelEx"",""start_ns"":50967945,""end_ns"":50977451,""duration_ms"":0.009506,""overlap_ms"":0.009506},{""name"":""cudaLaunchKernel_v7000"",""start_ns"":51127124,""end_ns"":51136153,""duration_ms"":0.009029,""overlap_ms"":0.009029},{""name"":""cuKernelGetAttribute"",""start_ns"":50965033,""end_ns"":50965646,""duration_ms"":0.000613,""overlap_ms"":0.000613},{""name"":""cuKernelGetAttribute"",""start_ns"":50965946,""end_ns"":50966127,""duration_ms"":0.000181,""overlap_ms"":0.000181}],""cuda_sync"":[],""osrt"":[{""name"":""epoll_wait"",""start_ns"":21886559,""end_ns"":66128029,""duration_ms"":44.24147,""overlap_ms"":0.291776},{""name"":""epoll_pwait"",""start_ns"":24454954,""end_ns"":66421583,""duration_ms"":41.966629,""overlap_ms"":0.291776},{""name"":""epoll_wait"",""start_ns"":25161597,""end_ns"":69296199,""duration_ms"":44.134602,""overlap_ms"":0.291776},{""name"":""epoll_wait"",""start_ns"":25237750,""end_ns"":51334285,""duration_ms"":26.096535,""overlap_ms"":0.291776},{""name"":""epoll_wait"",""start_ns"":42616160,""end_ns"":52712015,""duration_ms"":10.095855,""overlap_ms"":0.291776}],""profiler_overhead"":[],""nvtx"":[{""name"":""{'Module': 'model.model', 'Inputs': [[4], [4]]}"",""start_ns"":48875711,""end_ns"":64330898,""duration_ms"":15.455187,""overlap_ms"":0.291776},{""name"":""{'Module': 'model.model.layers.0', 'Inputs': [[4], [4, 7168]]}"",""start_ns"":49080716,""end_ns"":52138105,""duration_ms"":3.057389,""overlap_ms"":0.291776},{""name"":""{'Module': 'model.model.layers.0.self_attn'}"",""start_ns"":49197313,""end_ns"":51365534,""duration_ms"":2.168221,""overlap_ms"":0.291776},{""name"":""{'Module': 'model.model.layers.0.self_attn.o_proj', 'TrainableParams': {'weight': [7168, 16384], 'weight_scale_inv': [56, 128]}, 'Inputs': [[4, 16384]]}"",""start_ns"":51028276,""end_ns"":51346329,""duration_ms"":0.318053,""overlap_ms"":0.108775},{""name"":""{'Module': 'model.model.layers.0.self_attn.attn_mqa', 'TrainableParams': {'k_scale': [], 'v_scale': []}, 'Inputs': [[4, 128, 512], [4, 1, 512], [4, 1, 512]]}"",""start_ns"":50473523,""end_ns"":50875025,""duration_ms"":0.401502,""overlap_ms"":0.02975}]}",/home/ai_lab/ljc/scale-up-sim/aiconfigurator/bench_data/h100_sxm/sglang/v0.5.9/deepseek_v3_mla/raw_runs/20260618_110830_prefill_stage1_req1_equal_prefix_regular_b4_f512_p512_b4_fvar512-512-512-512_pvar512-512-512-512_layers5_backend_auto_cg_off_pcg_off_tp1_marker_on_profile_nsys/nsys/MLA时延拆解.csv
target,req1_equal_prefix_regular_b4_f512_p512,decode,20260618_110830_prefill_stage1_req1_equal_prefix_regular_b4_f512_p512_b4_fvar512-512-512-512_pvar512-512-512-512_layers5_backend_auto_cg_off_pcg_off_tp1_marker_on_profile_nsys,1,7,1,1,4,512,512,attn_mqa,auto,0.11770380859375,-92.78874218818446,-91.51010577808047,1.632223,0.114335,1.517888,0.92995136081283,1.386399,0.10006300000000001,1.286336,0.9278252508837643,1.77263,0.145199,0.004792,attn_mqa,o_proj,0.137073,0.263936,0.263936,"{""kernels"":[{""name"":""nvjet_tst_128x8_64x12_1x1_h_bz_TNT"",""stream_id"":13,""start_ns"":53710010,""end_ns"":53718810,""duration_ms"":0.0088,""overlap_ms"":0.0088}],""cuda_runtime"":[{""name"":""cuLaunchKernelEx"",""start_ns"":53699077,""end_ns"":53707995,""duration_ms"":0.008918,""overlap_ms"":0.008918},{""name"":""cudaLaunchKernel_v7000"",""start_ns"":53843920,""end_ns"":53852327,""duration_ms"":0.008407,""overlap_ms"":0.008407},{""name"":""cuKernelGetAttribute"",""start_ns"":53696385,""end_ns"":53697014,""duration_ms"":0.000629,""overlap_ms"":0.000629},{""name"":""cuKernelGetAttribute"",""start_ns"":53697204,""end_ns"":53697400,""duration_ms"":0.000196,""overlap_ms"":0.000196}],""cuda_sync"":[],""osrt"":[{""name"":""epoll_wait"",""start_ns"":21886559,""end_ns"":66128029,""duration_ms"":44.24147,""overlap_ms"":0.263936},{""name"":""epoll_pwait"",""start_ns"":24454954,""end_ns"":66421583,""duration_ms"":41.966629,""overlap_ms"":0.263936},{""name"":""epoll_wait"",""start_ns"":25161597,""end_ns"":69296199,""duration_ms"":44.134602,""overlap_ms"":0.263936},{""name"":""epoll_wait"",""start_ns"":51449406,""end_ns"":65897544,""duration_ms"":14.448138,""overlap_ms"":0.263936},{""name"":""epoll_wait"",""start_ns"":52751675,""end_ns"":62851201,""duration_ms"":10.099526,""overlap_ms"":0.263936}],""profiler_overhead"":[],""nvtx"":[{""name"":""{'Module': 'model.model', 'Inputs': [[4], [4]]}"",""start_ns"":48875711,""end_ns"":64330898,""duration_ms"":15.455187,""overlap_ms"":0.263936},{""name"":""{'Module': 'model.model.layers.1', 'Inputs': [[4], [4, 7168], [4, 7168]]}"",""start_ns"":52186302,""end_ns"":54765747,""duration_ms"":2.579445,""overlap_ms"":0.263936},{""name"":""{'Module': 'model.model.layers.1.self_attn'}"",""start_ns"":52277260,""end_ns"":54049890,""duration_ms"":1.77263,""overlap_ms"":0.263936},{""name"":""{'Module': 'model.model.layers.1.self_attn.o_proj', 'TrainableParams': {'weight': [7168, 16384], 'weight_scale_inv': [56, 128]}, 'Inputs': [[4, 16384]]}"",""start_ns"":53753484,""end_ns"":54031120,""duration_ms"":0.277636,""overlap_ms"":0.100046},{""name"":""{'Module': 'model.model.layers.1.self_attn.attn_mqa', 'TrainableParams': {'k_scale': [], 'v_scale': []}, 'Inputs': [[4, 128, 512], [4, 1, 512], [4, 1, 512]]}"",""start_ns"":53289567,""end_ns"":53616411,""duration_ms"":0.326844,""overlap_ms"":0.026817}]}",/home/ai_lab/ljc/scale-up-sim/aiconfigurator/bench_data/h100_sxm/sglang/v0.5.9/deepseek_v3_mla/raw_runs/20260618_110830_prefill_stage1_req1_equal_prefix_regular_b4_f512_p512_b4_fvar512-512-512-512_pvar512-512-512-512_layers5_backend_auto_cg_off_pcg_off_tp1_marker_on_profile_nsys/nsys/MLA时延拆解.csv
target,req1_equal_prefix_regular_b4_f512_p512,decode,20260618_110830_prefill_stage1_req1_equal_prefix_regular_b4_f512_p512_b4_fvar512-512-512-512_pvar512-512-512-512_layers5_backend_auto_cg_off_pcg_off_tp1_marker_on_profile_nsys,2,8,1,1,4,512,512,attn_mqa,auto,0.11770380859375,-92.76491666131378,-91.56269292681571,1.626848,0.11376,1.513088,0.9300733688703554,1.39504,0.099424,1.295616,0.9287303589861223,1.773527,0.14792,0.001241,q_b_proj,rotary_emb,0.174696,0.26192,0.26192,"{""kernels"":[{""name"":""nvjet_tst_256x8_64x6_2x1_v_bz_TNT"",""stream_id"":13,""start_ns"":55740953,""end_ns"":55749017,""duration_ms"":0.008064,""overlap_ms"":0.008064}],""cuda_runtime"":[{""name"":""cuLaunchKernelEx"",""start_ns"":55728405,""end_ns"":55739868,""duration_ms"":0.011463,""overlap_ms"":0.011463},{""name"":""cudaLaunchKernel_v7000"",""start_ns"":55846512,""end_ns"":55855501,""duration_ms"":0.008989,""overlap_ms"":0.008989},{""name"":""cuKernelGetAttribute"",""start_ns"":55724787,""end_ns"":55725479,""duration_ms"":0.000692,""overlap_ms"":0.000692},{""name"":""cuKernelGetAttribute"",""start_ns"":55725925,""end_ns"":55726200,""duration_ms"":0.000275,""overlap_ms"":0.000275}],""cuda_sync"":[],""osrt"":[{""name"":""epoll_wait"",""start_ns"":21886559,""end_ns"":66128029,""duration_ms"":44.24147,""overlap_ms"":0.26192},{""name"":""epoll_pwait"",""start_ns"":24454954,""end_ns"":66421583,""duration_ms"":41.966629,""overlap_ms"":0.26192},{""name"":""epoll_wait"",""start_ns"":25161597,""end_ns"":69296199,""duration_ms"":44.134602,""overlap_ms"":0.26192},{""name"":""epoll_wait"",""start_ns"":51449406,""end_ns"":65897544,""duration_ms"":14.448138,""overlap_ms"":0.26192},{""name"":""epoll_wait"",""start_ns"":52751675,""end_ns"":62851201,""duration_ms"":10.099526,""overlap_ms"":0.26192}],""profiler_overhead"":[],""nvtx"":[{""name"":""{'Module': 'model.model', 'Inputs': [[4], [4]]}"",""start_ns"":48875711,""end_ns"":64330898,""duration_ms"":15.455187,""overlap_ms"":0.26192},{""name"":""{'Module': 'model.model.layers.2', 'Inputs': [[4], [4, 7168], [4, 7168]]}"",""start_ns"":54811896,""end_ns"":57410140,""duration_ms"":2.598244,""overlap_ms"":0.26192},{""name"":""{'Module': 'model.model.layers.2.self_attn'}"",""start_ns"":54913929,""end_ns"":56687456,""duration_ms"":1.773527,""overlap_ms"":0.26192},{""name"":""{'Module': 'model.model.layers.0.self_attn.rotary_emb', 'Inputs': [[4], [4, 128, 64], [4, 1, 64]]}"",""start_ns"":55782516,""end_ns"":55868591,""duration_ms"":0.086075,""overlap_ms"":0.073893},{""name"":""{'Module': 'model.model.layers.2.self_attn.q_b_proj', 'TrainableParams': {'weight': [24576, 1536], 'weight_scale_inv': [192, 12]}, 'Inputs': [[4, 1536]]}"",""start_ns"":55396160,""end_ns"":55607820,""duration_ms"":0.21166,""overlap_ms"":0.013331}]}",/home/ai_lab/ljc/scale-up-sim/aiconfigurator/bench_data/h100_sxm/sglang/v0.5.9/deepseek_v3_mla/raw_runs/20260618_110830_prefill_stage1_req1_equal_prefix_regular_b4_f512_p512_b4_fvar512-512-512-512_pvar512-512-512-512_layers5_backend_auto_cg_off_pcg_off_tp1_marker_on_profile_nsys/nsys/MLA时延拆解.csv
target,req1_equal_prefix_regular_b4_f512_p512,decode,20260618_110830_prefill_stage1_req1_equal_prefix_regular_b4_f512_p512_b4_fvar512-512-512-512_pvar512-512-512-512_layers5_backend_auto_cg_off_pcg_off_tp1_marker_on_profile_nsys,3,9,1,1,4,512,512,attn_mqa,auto,0.11770380859375,-93.00101570625017,-91.4961698894863,1.681727,0.11296,1.568767,0.9328309529430163,1.384127,0.098496,1.2856310000000002,0.9288388998986365,1.876825,0.194233,0.0,q_b_proj,rotary_emb,0.167166,0.259264,0.259264,"{""kernels"":[{""name"":""nvjet_tst_256x8_64x6_2x1_v_bz_TNT"",""stream_id"":13,""start_ns"":58486264,""end_ns"":58494328,""duration_ms"":0.008064,""overlap_ms"":0.008064}],""cuda_runtime"":[{""name"":""cudaLaunchKernel_v7000"",""start_ns"":58594421,""end_ns"":58618585,""duration_ms"":0.024164,""overlap_ms"":0.024164},{""name"":""cuLaunchKernelEx"",""start_ns"":58473697,""end_ns"":58485215,""duration_ms"":0.011518,""overlap_ms"":0.011518},{""name"":""cuKernelGetAttribute"",""start_ns"":58471242,""end_ns"":58471752,""duration_ms"":0.00051,""overlap_ms"":0.00051},{""name"":""cuKernelGetAttribute"",""start_ns"":58472050,""end_ns"":58472200,""duration_ms"":0.00015,""overlap_ms"":0.00015}],""cuda_sync"":[],""osrt"":[{""name"":""epoll_wait"",""start_ns"":21886559,""end_ns"":66128029,""duration_ms"":44.24147,""overlap_ms"":0.259264},{""name"":""epoll_pwait"",""start_ns"":24454954,""end_ns"":66421583,""duration_ms"":41.966629,""overlap_ms"":0.259264},{""name"":""epoll_wait"",""start_ns"":25161597,""end_ns"":69296199,""duration_ms"":44.134602,""overlap_ms"":0.259264},{""name"":""epoll_wait"",""start_ns"":51449406,""end_ns"":65897544,""duration_ms"":14.448138,""overlap_ms"":0.259264},{""name"":""epoll_wait"",""start_ns"":52751675,""end_ns"":62851201,""duration_ms"":10.099526,""overlap_ms"":0.259264}],""profiler_overhead"":[],""nvtx"":[{""name"":""{'Module': 'model.model', 'Inputs': [[4], [4]]}"",""start_ns"":48875711,""end_ns"":64330898,""duration_ms"":15.455187,""overlap_ms"":0.259264},{""name"":""{'Module': 'model.model.layers.3', 'Inputs': [[4], [4, 7168], [4, 7168]]}"",""start_ns"":57456337,""end_ns"":60808365,""duration_ms"":3.352028,""overlap_ms"":0.259264},{""name"":""{'Module': 'model.model.layers.3.self_attn'}"",""start_ns"":57555903,""end_ns"":59432728,""duration_ms"":1.876825,""overlap_ms"":0.259264},{""name"":""{'Module': 'model.model.layers.0.self_attn.rotary_emb', 'Inputs': [[4], [4, 128, 64], [4, 1, 64]]}"",""start_ns"":58530238,""end_ns"":58634759,""duration_ms"":0.104521,""overlap_ms"":0.088506},{""name"":""{'Module': 'model.model.layers.3.self_attn.q_b_proj', 'TrainableParams': {'weight': [24576, 1536], 'weight_scale_inv': [192, 12]}, 'Inputs': [[4, 1536]]}"",""start_ns"":58141618,""end_ns"":58363072,""duration_ms"":0.221454,""overlap_ms"":0.003592}]}",/home/ai_lab/ljc/scale-up-sim/aiconfigurator/bench_data/h100_sxm/sglang/v0.5.9/deepseek_v3_mla/raw_runs/20260618_110830_prefill_stage1_req1_equal_prefix_regular_b4_f512_p512_b4_fvar512-512-512-512_pvar512-512-512-512_layers5_backend_auto_cg_off_pcg_off_tp1_marker_on_profile_nsys/nsys/MLA时延拆解.csv
target,req1_equal_prefix_regular_b4_f512_p512,decode,20260618_110830_prefill_stage1_req1_equal_prefix_regular_b4_f512_p512_b4_fvar512-512-512-512_pvar512-512-512-512_layers5_backend_auto_cg_off_pcg_off_tp1_marker_on_profile_nsys,4,10,1,1,4,512,512,attn_mqa,auto,0.11770380859375,-93.1708543237914,-91.67516743944711,1.723551,0.114463,1.609088,0.9335888523171058,1.413888,0.09987199999999999,1.314016,0.9293635705232663,1.892403,0.174219,0.005367,attn_mqa,o_proj,0.133197,0.263552,0.263552,"{""kernels"":[{""name"":""nvjet_tst_128x8_64x12_1x1_h_bz_TNT"",""stream_id"":13,""start_ns"":62538646,""end_ns"":62547798,""duration_ms"":0.009152,""overlap_ms"":0.009152}],""cuda_runtime"":[{""name"":""cudaLaunchKernel_v7000"",""start_ns"":62675735,""end_ns"":62684189,""duration_ms"":0.008454,""overlap_ms"":0.008454},{""name"":""cuLaunchKernelEx"",""start_ns"":62528362,""end_ns"":62536700,""duration_ms"":0.008338,""overlap_ms"":0.008338},{""name"":""cuKernelGetAttribute"",""start_ns"":62525768,""end_ns"":62526425,""duration_ms"":0.000657,""overlap_ms"":0.000657},{""name"":""cuKernelGetAttribute"",""start_ns"":62526601,""end_ns"":62526800,""duration_ms"":0.000199,""overlap_ms"":0.000199}],""cuda_sync"":[],""osrt"":[{""name"":""epoll_wait"",""start_ns"":21886559,""end_ns"":66128029,""duration_ms"":44.24147,""overlap_ms"":0.263552},{""name"":""epoll_pwait"",""start_ns"":24454954,""end_ns"":66421583,""duration_ms"":41.966629,""overlap_ms"":0.263552},{""name"":""epoll_wait"",""start_ns"":25161597,""end_ns"":69296199,""duration_ms"":44.134602,""overlap_ms"":0.263552},{""name"":""epoll_wait"",""start_ns"":51449406,""end_ns"":65897544,""duration_ms"":14.448138,""overlap_ms"":0.263552},{""name"":""epoll_wait"",""start_ns"":52751675,""end_ns"":62851201,""duration_ms"":10.099526,""overlap_ms"":0.263552}],""profiler_overhead"":[],""nvtx"":[{""name"":""{'Module': 'model.model', 'Inputs': [[4], [4]]}"",""start_ns"":48875711,""end_ns"":64330898,""duration_ms"":15.455187,""overlap_ms"":0.263552},{""name"":""{'Module': 'model.model.layers.4', 'Inputs': [[4], [4, 7168], [4, 7168]]}"",""start_ns"":60866655,""end_ns"":64211305,""duration_ms"":3.34465,""overlap_ms"":0.263552},{""name"":""{'Module': 'model.model.layers.4.self_attn'}"",""start_ns"":60988876,""end_ns"":62881279,""duration_ms"":1.892403,""overlap_ms"":0.263552},{""name"":""{'Module': 'model.model.layers.4.self_attn.o_proj', 'TrainableParams': {'weight': [7168, 16384], 'weight_scale_inv': [56, 128]}, 'Inputs': [[4, 16384]]}"",""start_ns"":62579008,""end_ns"":62863762,""duration_ms"":0.284754,""overlap_ms"":0.106486},{""name"":""{'Module': 'model.model.layers.4.self_attn.attn_mqa', 'TrainableParams': {'k_scale': [], 'v_scale': []}, 'Inputs': [[4, 128, 512], [4, 1, 512], [4, 1, 512]]}"",""start_ns"":62136806,""end_ns"":62445811,""duration_ms"":0.309005,""overlap_ms"":0.023869}]}",/home/ai_lab/ljc/scale-up-sim/aiconfigurator/bench_data/h100_sxm/sglang/v0.5.9/deepseek_v3_mla/raw_runs/20260618_110830_prefill_stage1_req1_equal_prefix_regular_b4_f512_p512_b4_fvar512-512-512-512_pvar512-512-512-512_layers5_backend_auto_cg_off_pcg_off_tp1_marker_on_profile_nsys/nsys/MLA时延拆解.csv
reference,req1_equal_fresh_regular_b2_f4096_p0,prefill,20260618_105438_prefill_stage1_req1_equal_fresh_regular_b2_f4096_p0_b2_fvar4096-4096_pvar0-0_layers5_backend_auto_cg_off_pcg_off_tp1_marker_on_profile_nsys,0,1,1,1,2,4096,0,attn_mha,auto,4.5199,-8.941681497547618,-0.8967507666968103,4.963742,4.349662,0.6140799999999995,0.12371311804682829,4.560799,4.073951,0.48684800000000017,0.1067462082849957,2.131439,0.287803,3.120106,kv_b_proj,attn_mha,0.106954,0.241984,0.241984,"{""kernels"":[{""name"":""concat_mla_k_kernel"",""stream_id"":13,""start_ns"":32715497,""end_ns"":32955401,""duration_ms"":0.239904,""overlap_ms"":0.239904}],""cuda_runtime"":[{""name"":""cudaLaunchKernel_v7000"",""start_ns"":32858358,""end_ns"":32865844,""duration_ms"":0.007486,""overlap_ms"":0.007486},{""name"":""cudaLaunchKernelExC_v11060"",""start_ns"":32706667,""end_ns"":32714943,""duration_ms"":0.008276,""overlap_ms"":0.000534}],""cuda_sync"":[],""osrt"":[{""name"":""epoll_wait"",""start_ns"":26742118,""end_ns"":94892364,""duration_ms"":68.150246,""overlap_ms"":0.241984},{""name"":""pthread_cond_timedwait"",""start_ns"":28904451,""end_ns"":128948531,""duration_ms"":100.04408,""overlap_ms"":0.241984},{""name"":""pthread_cond_timedwait"",""start_ns"":23718411,""end_ns"":123749982,""duration_ms"":100.031571,""overlap_ms"":0.241984},{""name"":""epoll_wait"",""start_ns"":26825968,""end_ns"":91002735,""duration_ms"":64.176767,""overlap_ms"":0.241984},{""name"":""epoll_pwait"",""start_ns"":27001198,""end_ns"":92063081,""duration_ms"":65.061883,""overlap_ms"":0.241984}],""profiler_overhead"":[{""name"":""TLS allocation"",""start_ns"":32178102,""end_ns"":32819759,""duration_ms"":0.641657,""overlap_ms"":0.10535}],""nvtx"":[{""name"":""{'Module': 'model.model', 'Inputs': [[8192], [8192]]}"",""start_ns"":30547690,""end_ns"":45416230,""duration_ms"":14.86854,""overlap_ms"":0.241984},{""name"":""{'Module': 'model.model.layers.0', 'Inputs': [[8192], [8192, 7168]]}"",""start_ns"":30771095,""end_ns"":33747353,""duration_ms"":2.976258,""overlap_ms"":0.241984},{""name"":""{'Module': 'model.model.layers.0.self_attn'}"",""start_ns"":30903535,""end_ns"":33034974,""duration_ms"":2.131439,""overlap_ms"":0.241984},{""name"":""{'Module': 'model.model.layers.0.self_attn.o_proj', 'TrainableParams': {'weight': [7168, 16384], 'weight_scale_inv': [56, 128]}, 'Inputs': [[8192, 16384]]}"",""start_ns"":32781648,""end_ns"":33020389,""duration_ms"":0.238741,""overlap_ms"":0.174745},{""name"":""{'Module': 'model.model.layers.0.self_attn.attn_mha', 'TrainableParams': {'k_scale': [], 'v_scale': []}, 'Inputs': [[8192, 128, 192], [8192, 128, 192], [8192, 128, 128]]}"",""start_ns"":32564147,""end_ns"":32736295,""duration_ms"":0.172148,""overlap_ms"":0.021886}]}",/home/ai_lab/ljc/scale-up-sim/aiconfigurator/bench_data/h100_sxm/sglang/v0.5.9/deepseek_v3_mla/raw_runs/20260618_105438_prefill_stage1_req1_equal_fresh_regular_b2_f4096_p0_b2_fvar4096-4096_pvar0-0_layers5_backend_auto_cg_off_pcg_off_tp1_marker_on_profile_nsys/nsys/MLA时延拆解.csv
reference,req1_equal_fresh_regular_b2_f4096_p0,prefill,20260618_105438_prefill_stage1_req1_equal_fresh_regular_b2_f4096_p0_b2_fvar4096-4096_pvar0-0_layers5_backend_auto_cg_off_pcg_off_tp1_marker_on_profile_nsys,1,2,1,1,2,4096,0,attn_mha,auto,4.5199,-2.254658630899151,3.8175618641177143,4.624159,4.340511,0.28364799999999946,0.061340451312335814,4.353695,4.072415,0.28127999999999975,0.06460718998459923,1.786487,6.877409,9.715081,kv_b_proj,attn_mha,0.094269,0.24288,0.24288,"{""kernels"":[{""name"":""concat_mla_k_kernel"",""stream_id"":13,""start_ns"":41947399,""end_ns"":42188295,""duration_ms"":0.240896,""overlap_ms"":0.240896}],""cuda_runtime"":[{""name"":""cudaLaunchKernel_v7000"",""start_ns"":42026161,""end_ns"":42033986,""duration_ms"":0.007825,""overlap_ms"":0.007825},{""name"":""cuLaunchKernelEx"",""start_ns"":41980001,""end_ns"":41987247,""duration_ms"":0.007246,""overlap_ms"":0.007246}],""cuda_sync"":[],""osrt"":[{""name"":""epoll_wait"",""start_ns"":26742118,""end_ns"":94892364,""duration_ms"":68.150246,""overlap_ms"":0.24288},{""name"":""pthread_cond_timedwait"",""start_ns"":28904451,""end_ns"":128948531,""duration_ms"":100.04408,""overlap_ms"":0.24288},{""name"":""pthread_cond_timedwait"",""start_ns"":23718411,""end_ns"":123749982,""duration_ms"":100.031571,""overlap_ms"":0.24288},{""name"":""epoll_wait"",""start_ns"":26825968,""end_ns"":91002735,""duration_ms"":64.176767,""overlap_ms"":0.24288},{""name"":""epoll_pwait"",""start_ns"":27001198,""end_ns"":92063081,""duration_ms"":65.061883,""overlap_ms"":0.24288}],""profiler_overhead"":[],""nvtx"":[{""name"":""{'Module': 'model.model', 'Inputs': [[8192], [8192]]}"",""start_ns"":30547690,""end_ns"":45416230,""duration_ms"":14.86854,""overlap_ms"":0.24288},{""name"":""{'Module': 'model.model.layers.3', 'Inputs': [[8192], [8192, 7168], [8192, 7168]]}"",""start_ns"":38968196,""end_ns"":42112002,""duration_ms"":3.143806,""overlap_ms"":0.165691},{""name"":""{'Module': 'model.model.layers.3.mlp', 'Inputs': [[8192, 7168]]}"",""start_ns"":40923893,""end_ns"":42103415,""duration_ms"":1.179522,""overlap_ms"":0.157104},{""name"":""{'Module': 'model.model.layers.3.mlp.experts', 'TrainableParams': {'w13_weight': [257, 4096, 7168], 'w2_weight': [257, 7168, 2048], 'w13_weight_scale_inv': [257, 32, 56], 'w2_weight_scale_inv': [257, 56, 16]}, 'Inputs': [[8192, 7168], [8192"",""start_ns"":41293466,""end_ns"":42085184,""duration_ms"":0.791718,""overlap_ms"":0.138873},{""name"":""{'Module': 'model.model.layers.4', 'Inputs': [[8192], [8192, 7168], [8192, 7168]]}"",""start_ns"":42164701,""end_ns"":45326925,""duration_ms"":3.162224,""overlap_ms"":0.02449}]}",/home/ai_lab/ljc/scale-up-sim/aiconfigurator/bench_data/h100_sxm/sglang/v0.5.9/deepseek_v3_mla/raw_runs/20260618_105438_prefill_stage1_req1_equal_fresh_regular_b2_f4096_p0_b2_fvar4096-4096_pvar0-0_layers5_backend_auto_cg_off_pcg_off_tp1_marker_on_profile_nsys/nsys/MLA时延拆解.csv
reference,req1_equal_fresh_regular_b2_f4096_p0,prefill,20260618_105438_prefill_stage1_req1_equal_fresh_regular_b2_f4096_p0_b2_fvar4096-4096_pvar0-0_layers5_backend_auto_cg_off_pcg_off_tp1_marker_on_profile_nsys,2,3,1,1,2,4096,0,attn_mha,auto,4.5199,-2.1612241200430393,3.8671849416825714,4.619743,4.334079,0.2856639999999997,0.06183547439760171,4.351615,4.068702999999999,0.2829120000000005,0.06501310433023154,1.790651,13.534573,16.363665,kv_b_proj,attn_mha,0.095589,0.245024,0.245024,"{""kernels"":[{""name"":""concat_mla_k_kernel"",""stream_id"":13,""start_ns"":51180293,""end_ns"":51421125,""duration_ms"":0.240832,""overlap_ms"":0.240832}],""cuda_runtime"":[{""name"":""cudaLaunchKernel_v7000"",""start_ns"":51201506,""end_ns"":51209455,""duration_ms"":0.007949,""overlap_ms"":0.007949},{""name"":""cuLaunchKernelEx"",""start_ns"":51315020,""end_ns"":51321950,""duration_ms"":0.00693,""overlap_ms"":0.00693},{""name"":""cuTensorMapEncodeTiled"",""start_ns"":51298638,""end_ns"":51299207,""duration_ms"":0.000569,""overlap_ms"":0.000569},{""name"":""cuTensorMapEncodeTiled"",""start_ns"":51300271,""end_ns"":51300585,""duration_ms"":0.000314,""overlap_ms"":0.000314},{""name"":""cuTensorMapEncodeTiled"",""start_ns"":51301021,""end_ns"":51301264,""duration_ms"":0.000243,""overlap_ms"":0.000243}],""cuda_sync"":[],""osrt"":[{""name"":""poll"",""start_ns"":42890787,""end_ns"":143043456,""duration_ms"":100.152669,""overlap_ms"":0.245024},{""name"":""epoll_wait"",""start_ns"":26742118,""end_ns"":94892364,""duration_ms"":68.150246,""overlap_ms"":0.245024},{""name"":""pthread_cond_timedwait"",""start_ns"":28904451,""end_ns"":128948531,""duration_ms"":100.04408,""overlap_ms"":0.245024},{""name"":""pthread_cond_timedwait"",""start_ns"":23718411,""end_ns"":123749982,""duration_ms"":100.031571,""overlap_ms"":0.245024},{""name"":""epoll_wait"",""start_ns"":26825968,""end_ns"":91002735,""duration_ms"":64.176767,""overlap_ms"":0.245024}],""profiler_overhead"":[],""nvtx"":[{""name"":""{'Module': 'model.model', 'Inputs': [[2], [2]]}"",""start_ns"":47624851,""end_ns"":61407569,""duration_ms"":13.782718,""overlap_ms"":0.245024},{""name"":""{'Module': 'model.model.layers.1', 'Inputs': [[2], [2, 7168], [2, 7168]]}"",""start_ns"":50530998,""end_ns"":52925073,""duration_ms"":2.394075,""overlap_ms"":0.245024},{""name"":""{'Module': 'model.model.layers.1.self_attn'}"",""start_ns"":50627129,""end_ns"":52270626,""duration_ms"":1.643497,""overlap_ms"":0.245024},{""name"":""{'Module': 'model.model.layers.1.self_attn.q_b_proj', 'TrainableParams': {'weight': [24576, 1536], 'weight_scale_inv': [192, 12]}, 'Inputs': [[2, 1536]]}"",""start_ns"":51128669,""end_ns"":51347780,""duration_ms"":0.219111,""overlap_ms"":0.169631}]}",/home/ai_lab/ljc/scale-up-sim/aiconfigurator/bench_data/h100_sxm/sglang/v0.5.9/deepseek_v3_mla/raw_runs/20260618_105438_prefill_stage1_req1_equal_fresh_regular_b2_f4096_p0_b2_fvar4096-4096_pvar0-0_layers5_backend_auto_cg_off_pcg_off_tp1_marker_on_profile_nsys/nsys/MLA时延拆解.csv
reference,req1_equal_fresh_regular_b2_f4096_p0,prefill,20260618_105438_prefill_stage1_req1_equal_fresh_regular_b2_f4096_p0_b2_fvar4096-4096_pvar0-0_layers5_backend_auto_cg_off_pcg_off_tp1_marker_on_profile_nsys,3,4,1,1,2,4096,0,attn_mha,auto,4.5199,-2.2735945842806173,3.796200377945936,4.625055,4.344287,0.28076800000000013,0.06070587268691943,4.354591,4.0760950000000005,0.27849599999999963,0.06395457116408858,1.764999,20.189538,23.049594,kv_b_proj,attn_mha,0.092859,0.241472,0.241472,"{""kernels"":[{""name"":""concat_mla_k_kernel"",""stream_id"":13,""start_ns"":60427331,""end_ns"":60666659,""duration_ms"":0.239328,""overlap_ms"":0.239328}],""cuda_runtime"":[{""name"":""cudaLaunchKernel_v7000"",""start_ns"":60612997,""end_ns"":60621650,""duration_ms"":0.008653,""overlap_ms"":0.008653},{""name"":""cudaLaunchKernel_v7000"",""start_ns"":60622620,""end_ns"":60627563,""duration_ms"":0.004943,""overlap_ms"":0.004943}],""cuda_sync"":[],""osrt"":[{""name"":""poll"",""start_ns"":42890787,""end_ns"":143043456,""duration_ms"":100.152669,""overlap_ms"":0.241472},{""name"":""epoll_wait"",""start_ns"":26742118,""end_ns"":94892364,""duration_ms"":68.150246,""overlap_ms"":0.241472},{""name"":""pthread_cond_timedwait"",""start_ns"":28904451,""end_ns"":128948531,""duration_ms"":100.04408,""overlap_ms"":0.241472},{""name"":""pthread_cond_timedwait"",""start_ns"":23718411,""end_ns"":123749982,""duration_ms"":100.031571,""overlap_ms"":0.241472},{""name"":""epoll_wait"",""start_ns"":26825968,""end_ns"":91002735,""duration_ms"":64.176767,""overlap_ms"":0.241472}],""profiler_overhead"":[],""nvtx"":[{""name"":""{'Module': 'model.model', 'Inputs': [[2], [2]]}"",""start_ns"":47624851,""end_ns"":61407569,""duration_ms"":13.782718,""overlap_ms"":0.241472},{""name"":""{'Module': 'model.model.layers.4', 'Inputs': [[2], [2, 7168], [2, 7168]]}"",""start_ns"":58313679,""end_ns"":61315742,""duration_ms"":3.002063,""overlap_ms"":0.241472},{""name"":""{'Module': 'model.model.layers.4.mlp', 'Inputs': [[2, 7168]]}"",""start_ns"":60213883,""end_ns"":61307190,""duration_ms"":1.093307,""overlap_ms"":0.241472},{""name"":""{'Module': 'model.model.layers.4.mlp.experts', 'TrainableParams': {'w13_weight': [257, 4096, 7168], 'w2_weight': [257, 7168, 2048], 'w13_weight_scale_inv': [257, 32, 56], 'w2_weight_scale_inv': [257, 56, 16]}, 'Inputs': [[2, 7168], [2, 9], "",""start_ns"":60415438,""end_ns"":61290083,""duration_ms"":0.874645,""overlap_ms"":0.241472}]}",/home/ai_lab/ljc/scale-up-sim/aiconfigurator/bench_data/h100_sxm/sglang/v0.5.9/deepseek_v3_mla/raw_runs/20260618_105438_prefill_stage1_req1_equal_fresh_regular_b2_f4096_p0_b2_fvar4096-4096_pvar0-0_layers5_backend_auto_cg_off_pcg_off_tp1_marker_on_profile_nsys/nsys/MLA时延拆解.csv
reference,req1_equal_fresh_regular_b2_f4096_p0,prefill,20260618_105438_prefill_stage1_req1_equal_fresh_regular_b2_f4096_p0_b2_fvar4096-4096_pvar0-0_layers5_backend_auto_cg_off_pcg_off_tp1_marker_on_profile_nsys,4,5,1,1,2,4096,0,attn_mha,auto,4.5199,-4.623479138140124,1.4027314282509311,4.739007,4.458079,0.2809280000000003,0.059279929318526076,4.457375,4.179199,0.2781760000000002,0.06240803163296788,1.879345,32.164383,35.024045,kv_b_proj,attn_mha,0.094908,0.241472,0.241472,"{""kernels"":[{""name"":""concat_mla_k_kernel"",""stream_id"":13,""start_ns"":75645151,""end_ns"":75884543,""duration_ms"":0.239392,""overlap_ms"":0.239392}],""cuda_runtime"":[{""name"":""cudaEventSynchronize_v3020"",""start_ns"":61947506,""end_ns"":90388085,""duration_ms"":28.440579,""overlap_ms"":0.241472}],""cuda_sync"":[{""name"":""[kernel.kallsyms]"",""start_ns"":61947933,""end_ns"":90387301,""duration_ms"":28.439368,""overlap_ms"":0.241472}],""osrt"":[{""name"":""poll"",""start_ns"":42890787,""end_ns"":143043456,""duration_ms"":100.152669,""overlap_ms"":0.241472},{""name"":""epoll_wait"",""start_ns"":26742118,""end_ns"":94892364,""duration_ms"":68.150246,""overlap_ms"":0.241472},{""name"":""pthread_cond_timedwait"",""start_ns"":28904451,""end_ns"":128948531,""duration_ms"":100.04408,""overlap_ms"":0.241472},{""name"":""pthread_cond_timedwait"",""start_ns"":23718411,""end_ns"":123749982,""duration_ms"":100.031571,""overlap_ms"":0.241472},{""name"":""epoll_wait"",""start_ns"":26825968,""end_ns"":91002735,""duration_ms"":64.176767,""overlap_ms"":0.241472}],""profiler_overhead"":[],""nvtx"":[]}",/home/ai_lab/ljc/scale-up-sim/aiconfigurator/bench_data/h100_sxm/sglang/v0.5.9/deepseek_v3_mla/raw_runs/20260618_105438_prefill_stage1_req1_equal_fresh_regular_b2_f4096_p0_b2_fvar4096-4096_pvar0-0_layers5_backend_auto_cg_off_pcg_off_tp1_marker_on_profile_nsys/nsys/MLA时延拆解.csv
reference,req1_equal_fresh_regular_b4_f2048_p0,prefill,20260618_105215_prefill_stage1_req1_equal_fresh_regular_b4_f2048_p0_b4_fvar2048-2048-2048-2048_pvar0-0-0-0_layers5_backend_auto_cg_off_pcg_off_tp1_marker_on_profile_nsys,0,1,1,1,4,2048,0,attn_mha,auto,3.661,-9.422060293090517,1.5013944312026513,4.041823,3.523519,0.5183040000000001,0.1282352047578531,3.606847,3.249887,0.35695999999999994,0.09896732520120757,1.904588,0.29196,2.429195,kv_b_proj,attn_mha,0.10592,0.241472,0.241472,"{""kernels"":[{""name"":""concat_mla_k_kernel"",""stream_id"":13,""start_ns"":32240661,""end_ns"":32479733,""duration_ms"":0.239072,""overlap_ms"":0.239072}],""cuda_runtime"":[{""name"":""cuLaunchKernelEx"",""start_ns"":32392355,""end_ns"":32402497,""duration_ms"":0.010142,""overlap_ms"":0.010142},{""name"":""cudaLaunchKernel_v7000"",""start_ns"":32299490,""end_ns"":32306758,""duration_ms"":0.007268,""overlap_ms"":0.007268},{""name"":""cudaLaunchKernelExC_v11060"",""start_ns"":32479144,""end_ns"":32487240,""duration_ms"":0.008096,""overlap_ms"":0.001645},{""name"":""cuTensorMapEncodeTiled"",""start_ns"":32376647,""end_ns"":32377196,""duration_ms"":0.000549,""overlap_ms"":0.000549},{""name"":""cuTensorMapEncodeTiled"",""start_ns"":32378514,""end_ns"":32378678,""duration_ms"":0.000164,""overlap_ms"":0.000164}],""cuda_sync"":[],""osrt"":[{""name"":""epoll_wait"",""start_ns"":26114504,""end_ns"":86518120,""duration_ms"":60.403616,""overlap_ms"":0.241472},{""name"":""epoll_wait"",""start_ns"":26246390,""end_ns"":86290029,""duration_ms"":60.043639,""overlap_ms"":0.241472},{""name"":""epoll_pwait"",""start_ns"":27013690,""end_ns"":86788663,""duration_ms"":59.774973,""overlap_ms"":0.241472},{""name"":""epoll_wait"",""start_ns"":23278270,""end_ns"":33387815,""duration_ms"":10.109545,""overlap_ms"":0.241472},{""name"":""epoll_wait"",""start_ns"":26262457,""end_ns"":36331950,""duration_ms"":10.069493,""overlap_ms"":0.241472}],""profiler_overhead"":[],""nvtx"":[{""name"":""{'Module': 'model.model', 'Inputs': [[8192], [8192]]}"",""start_ns"":30167763,""end_ns"":41900132,""duration_ms"":11.732369,""overlap_ms"":0.241472},{""name"":""{'Module': 'model.model.layers.0', 'Inputs': [[8192], [8192, 7168]]}"",""start_ns"":30402854,""end_ns"":32948638,""duration_ms"":2.545784,""overlap_ms"":0.241472},{""name"":""{'Module': 'model.model.layers.0.self_attn'}"",""start_ns"":30527581,""end_ns"":32432169,""duration_ms"":1.904588,""overlap_ms"":0.192852},{""name"":""{'Module': 'model.model.layers.0.self_attn.o_proj', 'TrainableParams': {'weight': [7168, 16384], 'weight_scale_inv': [56, 128]}, 'Inputs': [[8192, 16384]]}"",""start_ns"":32238699,""end_ns"":32418715,""duration_ms"":0.180016,""overlap_ms"":0.179398},{""name"":""{'Module': 'model.model.layers.0.post_attention_layernorm', 'TrainableParams': {'weight': [7168]}, 'Inputs': [[8192, 7168], [8192, 7168]]}"",""start_ns"":32457814,""end_ns"":32491039,""duration_ms"":0.033225,""overlap_ms"":0.022975}]}",/home/ai_lab/ljc/scale-up-sim/aiconfigurator/bench_data/h100_sxm/sglang/v0.5.9/deepseek_v3_mla/raw_runs/20260618_105215_prefill_stage1_req1_equal_fresh_regular_b4_f2048_p0_b4_fvar2048-2048-2048-2048_pvar0-0-0-0_layers5_backend_auto_cg_off_pcg_off_tp1_marker_on_profile_nsys/nsys/MLA时延拆解.csv
reference,req1_equal_fresh_regular_b4_f2048_p0,prefill,20260618_105215_prefill_stage1_req1_equal_fresh_regular_b4_f2048_p0_b4_fvar2048-2048-2048-2048_pvar0-0-0-0_layers5_backend_auto_cg_off_pcg_off_tp1_marker_on_profile_nsys,1,2,1,1,4,2048,0,attn_mha,auto,3.661,-3.938571064597312,3.419043171871381,3.811103,3.523391,0.28771199999999997,0.07549310527687128,3.539967,3.255199,0.2847679999999997,0.08044368775189138,1.413456,6.421164,8.818811,kv_b_proj,attn_mha,0.072818,0.242496,0.242496,"{""kernels"":[{""name"":""concat_mla_k_kernel"",""stream_id"":13,""start_ns"":40675987,""end_ns"":40916019,""duration_ms"":0.240032,""overlap_ms"":0.240032}],""cuda_runtime"":[{""name"":""cuLaunchKernelEx"",""start_ns"":40830482,""end_ns"":40838466,""duration_ms"":0.007984,""overlap_ms"":0.007984},{""name"":""cudaLaunchKernelExC_v11060"",""start_ns"":40898693,""end_ns"":40905644,""duration_ms"":0.006951,""overlap_ms"":0.006951},{""name"":""cudaLaunchKernel_v7000"",""start_ns"":40752510,""end_ns"":40758590,""duration_ms"":0.00608,""overlap_ms"":0.00608},{""name"":""cuTensorMapEncodeTiled"",""start_ns"":40818187,""end_ns"":40818721,""duration_ms"":0.000534,""overlap_ms"":0.000534},{""name"":""cuTensorMapEncodeTiled"",""start_ns"":40819753,""end_ns"":40819920,""duration_ms"":0.000167,""overlap_ms"":0.000167}],""cuda_sync"":[],""osrt"":[{""name"":""epoll_wait"",""start_ns"":26114504,""end_ns"":86518120,""duration_ms"":60.403616,""overlap_ms"":0.242496},{""name"":""epoll_wait"",""start_ns"":26246390,""end_ns"":86290029,""duration_ms"":60.043639,""overlap_ms"":0.242496},{""name"":""epoll_pwait"",""start_ns"":27013690,""end_ns"":86788663,""duration_ms"":59.774973,""overlap_ms"":0.242496},{""name"":""epoll_wait"",""start_ns"":33457628,""end_ns"":43529283,""duration_ms"":10.071655,""overlap_ms"":0.242496},{""name"":""epoll_wait"",""start_ns"":36368329,""end_ns"":46429529,""duration_ms"":10.0612,""overlap_ms"":0.242496}],""profiler_overhead"":[],""nvtx"":[{""name"":""{'Module': 'model.model', 'Inputs': [[8192], [8192]]}"",""start_ns"":30167763,""end_ns"":41900132,""duration_ms"":11.732369,""overlap_ms"":0.242496},{""name"":""{'Module': 'model.model.layers.4', 'Inputs': [[8192], [8192, 7168], [8192, 7168]]}"",""start_ns"":39381310,""end_ns"":41830702,""duration_ms"":2.449392,""overlap_ms"":0.242496},{""name"":""{'Module': 'model.model.layers.4.self_attn'}"",""start_ns"":39455163,""end_ns"":40862037,""duration_ms"":1.406874,""overlap_ms"":0.187298},{""name"":""{'Module': 'model.model.layers.4.self_attn.o_proj', 'TrainableParams': {'weight': [7168, 16384], 'weight_scale_inv': [56, 128]}, 'Inputs': [[8192, 16384]]}"",""start_ns"":40704521,""end_ns"":40853034,""duration_ms"":0.148513,""overlap_ms"":0.148513},{""name"":""{'Module': 'model.model.layers.4.post_attention_layernorm', 'TrainableParams': {'weight': [7168]}, 'Inputs': [[8192, 7168], [8192, 7168]]}"",""start_ns"":40884619,""end_ns"":40909592,""duration_ms"":0.024973,""overlap_ms"":0.024973}]}",/home/ai_lab/ljc/scale-up-sim/aiconfigurator/bench_data/h100_sxm/sglang/v0.5.9/deepseek_v3_mla/raw_runs/20260618_105215_prefill_stage1_req1_equal_fresh_regular_b4_f2048_p0_b4_fvar2048-2048-2048-2048_pvar0-0-0-0_layers5_backend_auto_cg_off_pcg_off_tp1_marker_on_profile_nsys/nsys/MLA时延拆解.csv
reference,req1_equal_fresh_regular_b4_f2048_p0,prefill,20260618_105215_prefill_stage1_req1_equal_fresh_regular_b4_f2048_p0_b4_fvar2048-2048-2048-2048_pvar0-0-0-0_layers5_backend_auto_cg_off_pcg_off_tp1_marker_on_profile_nsys,2,3,1,1,4,2048,0,attn_mha,auto,3.661,-3.3804185546544545,3.986804668129847,3.789087,3.500735,0.2883519999999997,0.07610065432649071,3.520639,3.233631,0.28700800000000015,0.0815215646932276,1.357581,12.881238,15.312744,kv_b_proj,attn_mha,0.070094,0.246912,0.246912,"{""kernels"":[{""name"":""concat_mla_k_kernel"",""stream_id"":13,""start_ns"":49102386,""end_ns"":49343698,""duration_ms"":0.241312,""overlap_ms"":0.241312}],""cuda_runtime"":[{""name"":""cudaLaunchKernel_v7000"",""start_ns"":49313590,""end_ns"":49324721,""duration_ms"":0.011131,""overlap_ms"":0.011131},{""name"":""cuLaunchKernelEx"",""start_ns"":49210548,""end_ns"":49217767,""duration_ms"":0.007219,""overlap_ms"":0.007219},{""name"":""cudaLaunchKernelExC_v11060"",""start_ns"":49338545,""end_ns"":49344784,""duration_ms"":0.006239,""overlap_ms"":0.006239},{""name"":""cudaGetDriverEntryPoint_v11030"",""start_ns"":49327494,""end_ns"":49328976,""duration_ms"":0.001482,""overlap_ms"":0.001482},{""name"":""cuTensorMapEncodeTiled"",""start_ns"":49329247,""end_ns"":49330344,""duration_ms"":0.001097,""overlap_ms"":0.001097}],""cuda_sync"":[],""osrt"":[{""name"":""epoll_wait"",""start_ns"":26114504,""end_ns"":86518120,""duration_ms"":60.403616,""overlap_ms"":0.246912},{""name"":""epoll_wait"",""start_ns"":26246390,""end_ns"":86290029,""duration_ms"":60.043639,""overlap_ms"":0.246912},{""name"":""epoll_pwait"",""start_ns"":27013690,""end_ns"":86788663,""duration_ms"":59.774973,""overlap_ms"":0.246912},{""name"":""epoll_wait"",""start_ns"":43547955,""end_ns"":53651231,""duration_ms"":10.103276,""overlap_ms"":0.246912},{""name"":""epoll_wait"",""start_ns"":46449068,""end_ns"":56521368,""duration_ms"":10.0723,""overlap_ms"":0.246912}],""profiler_overhead"":[],""nvtx"":[{""name"":""{'Module': 'model.model', 'Inputs': [[4], [4]]}"",""start_ns"":44200814,""end_ns"":54889052,""duration_ms"":10.688238,""overlap_ms"":0.246912},{""name"":""{'Module': 'model.model.layers.2', 'Inputs': [[4], [4, 7168], [4, 7168]]}"",""start_ns"":48400033,""end_ns"":50180852,""duration_ms"":1.780819,""overlap_ms"":0.246912},{""name"":""{'Module': 'model.model.layers.2.self_attn'}"",""start_ns"":48463377,""end_ns"":49702767,""duration_ms"":1.23939,""overlap_ms"":0.246912},{""name"":""{'Module': 'model.model.layers.2.self_attn.attn_mqa', 'TrainableParams': {'k_scale': [], 'v_scale': []}, 'Inputs': [[4, 128, 512], [4, 1, 512], [4, 1, 512]]}"",""start_ns"":49135646,""end_ns"":49374011,""duration_ms"":0.238365,""overlap_ms"":0.21074},{""name"":""{'Module': 'model.model.layers.0.self_attn.rotary_emb', 'Inputs': [[4], [4, 128, 64], [4, 1, 64]]}"",""start_ns"":49037587,""end_ns"":49103584,""duration_ms"":0.065997,""overlap_ms"":0.00411}]}",/home/ai_lab/ljc/scale-up-sim/aiconfigurator/bench_data/h100_sxm/sglang/v0.5.9/deepseek_v3_mla/raw_runs/20260618_105215_prefill_stage1_req1_equal_fresh_regular_b4_f2048_p0_b4_fvar2048-2048-2048-2048_pvar0-0-0-0_layers5_backend_auto_cg_off_pcg_off_tp1_marker_on_profile_nsys/nsys/MLA时延拆解.csv
reference,req1_equal_fresh_regular_b4_f2048_p0,prefill,20260618_105215_prefill_stage1_req1_equal_fresh_regular_b4_f2048_p0_b4_fvar2048-2048-2048-2048_pvar0-0-0-0_layers5_backend_auto_cg_off_pcg_off_tp1_marker_on_profile_nsys,3,4,1,1,4,2048,0,attn_mha,auto,3.661,-3.215308530614868,4.1515235396383225,3.782623,3.498591,0.2840320000000003,0.07508863558435516,3.515071,3.232639,0.282432,0.08034887488759118,1.299075,19.370133,21.853681,kv_b_proj,attn_mha,0.065955,0.24208,0.24208,"{""kernels"":[{""name"":""concat_mla_k_kernel"",""stream_id"":13,""start_ns"":57491664,""end_ns"":57731152,""duration_ms"":0.239488,""overlap_ms"":0.239488}],""cuda_runtime"":[{""name"":""cudaEventSynchronize_v3020"",""start_ns"":55402814,""end_ns"":85626658,""duration_ms"":30.223844,""overlap_ms"":0.24208}],""cuda_sync"":[{""name"":""[kernel.kallsyms]"",""start_ns"":55403368,""end_ns"":85626129,""duration_ms"":30.222761,""overlap_ms"":0.24208}],""osrt"":[{""name"":""epoll_wait"",""start_ns"":26114504,""end_ns"":86518120,""duration_ms"":60.403616,""overlap_ms"":0.24208},{""name"":""epoll_wait"",""start_ns"":26246390,""end_ns"":86290029,""duration_ms"":60.043639,""overlap_ms"":0.24208},{""name"":""epoll_pwait"",""start_ns"":27013690,""end_ns"":86788663,""duration_ms"":59.774973,""overlap_ms"":0.24208},{""name"":""pthread_cond_timedwait"",""start_ns"":53903060,""end_ns"":153943020,""duration_ms"":100.03996,""overlap_ms"":0.24208},{""name"":""epoll_wait"",""start_ns"":53705788,""end_ns"":63777241,""duration_ms"":10.071453,""overlap_ms"":0.24208}],""profiler_overhead"":[],""nvtx"":[]}",/home/ai_lab/ljc/scale-up-sim/aiconfigurator/bench_data/h100_sxm/sglang/v0.5.9/deepseek_v3_mla/raw_runs/20260618_105215_prefill_stage1_req1_equal_fresh_regular_b4_f2048_p0_b4_fvar2048-2048-2048-2048_pvar0-0-0-0_layers5_backend_auto_cg_off_pcg_off_tp1_marker_on_profile_nsys/nsys/MLA时延拆解.csv
reference,req1_equal_fresh_regular_b4_f2048_p0,prefill,20260618_105215_prefill_stage1_req1_equal_fresh_regular_b4_f2048_p0_b4_fvar2048-2048-2048-2048_pvar0-0-0-0_layers5_backend_auto_cg_off_pcg_off_tp1_marker_on_profile_nsys,4,5,1,1,4,2048,0,attn_mha,auto,3.661,-3.194015745449711,4.201800263279614,3.781791,3.495103,0.2866880000000003,0.07580746794309899,3.513375,3.230143,0.28323199999999993,0.08061536272103033,1.406874,31.136947,33.511864,kv_b_proj,attn_mha,0.069618,0.242848,0.242848,"{""kernels"":[{""name"":""concat_mla_k_kernel"",""stream_id"":13,""start_ns"":71755630,""end_ns"":71995822,""duration_ms"":0.240192,""overlap_ms"":0.240192}],""cuda_runtime"":[{""name"":""cudaEventSynchronize_v3020"",""start_ns"":55402814,""end_ns"":85626658,""duration_ms"":30.223844,""overlap_ms"":0.242848}],""cuda_sync"":[{""name"":""[kernel.kallsyms]"",""start_ns"":55403368,""end_ns"":85626129,""duration_ms"":30.222761,""overlap_ms"":0.242848}],""osrt"":[{""name"":""epoll_wait"",""start_ns"":26114504,""end_ns"":86518120,""duration_ms"":60.403616,""overlap_ms"":0.242848},{""name"":""epoll_wait"",""start_ns"":26246390,""end_ns"":86290029,""duration_ms"":60.043639,""overlap_ms"":0.242848},{""name"":""poll"",""start_ns"":70412646,""end_ns"":170569223,""duration_ms"":100.156577,""overlap_ms"":0.242848},{""name"":""epoll_pwait"",""start_ns"":27013690,""end_ns"":86788663,""duration_ms"":59.774973,""overlap_ms"":0.242848},{""name"":""pthread_cond_timedwait"",""start_ns"":53903060,""end_ns"":153943020,""duration_ms"":100.03996,""overlap_ms"":0.242848}],""profiler_overhead"":[],""nvtx"":[]}",/home/ai_lab/ljc/scale-up-sim/aiconfigurator/bench_data/h100_sxm/sglang/v0.5.9/deepseek_v3_mla/raw_runs/20260618_105215_prefill_stage1_req1_equal_fresh_regular_b4_f2048_p0_b4_fvar2048-2048-2048-2048_pvar0-0-0-0_layers5_backend_auto_cg_off_pcg_off_tp1_marker_on_profile_nsys/nsys/MLA时延拆解.csv
reference,req1_equal_prefix_regular_b4_f2048_p1024,prefill,20260618_111102_prefill_stage1_req1_equal_prefix_regular_b4_f2048_p1024_b4_fvar2048-2048-2048-2048_pvar1024-1024-1024-1024_layers5_backend_auto_cg_off_pcg_off_tp1_marker_on_profile_nsys,0,1,1,1,4,2048,1024,attn_mha,auto,6.082912188819449,7.172658628914548,15.496505222755005,5.675806,4.495934,1.1798719999999996,0.20787743626191588,5.26675,4.222302,1.044448,0.19830977357953197,2.592607,0.273128,3.356327,kv_b_proj,attn_mha,0.116735,0.360992,0.360992,"{""kernels"":[{""name"":""concat_mla_k_kernel"",""stream_id"":13,""start_ns"":33359846,""end_ns"":33718470,""duration_ms"":0.358624,""overlap_ms"":0.358624}],""cuda_runtime"":[{""name"":""cuLaunchKernelEx"",""start_ns"":33534312,""end_ns"":33544896,""duration_ms"":0.010584,""overlap_ms"":0.010584},{""name"":""cudaLaunchKernel_v7000"",""start_ns"":33398926,""end_ns"":33408325,""duration_ms"":0.009399,""overlap_ms"":0.009399},{""name"":""cudaLaunchKernelExC_v11060"",""start_ns"":33645542,""end_ns"":33654543,""duration_ms"":0.009001,""overlap_ms"":0.009001},{""name"":""cuTensorMapEncodeTiled"",""start_ns"":33512497,""end_ns"":33513155,""duration_ms"":0.000658,""overlap_ms"":0.000658},{""name"":""cuTensorMapEncodeTiled"",""start_ns"":33515239,""end_ns"":33515519,""duration_ms"":0.00028,""overlap_ms"":0.00028}],""cuda_sync"":[],""osrt"":[{""name"":""epoll_wait"",""start_ns"":25805973,""end_ns"":93624815,""duration_ms"":67.818842,""overlap_ms"":0.360992},{""name"":""epoll_pwait"",""start_ns"":26090767,""end_ns"":93991558,""duration_ms"":67.900791,""overlap_ms"":0.360992},{""name"":""epoll_wait"",""start_ns"":30728811,""end_ns"":40816314,""duration_ms"":10.087503,""overlap_ms"":0.360992},{""name"":""epoll_wait"",""start_ns"":26087149,""end_ns"":42167778,""duration_ms"":16.080629,""overlap_ms"":0.360992},{""name"":""epoll_wait"",""start_ns"":30821361,""end_ns"":40936564,""duration_ms"":10.115203,""overlap_ms"":0.360992}],""profiler_overhead"":[{""name"":""TLS allocation"",""start_ns"":33478152,""end_ns"":34249231,""duration_ms"":0.771079,""overlap_ms"":0.241374}],""nvtx"":[{""name"":""{'Module': 'model.model', 'Inputs': [[8192], [8192]]}"",""start_ns"":30652660,""end_ns"":47042485,""duration_ms"":16.389825,""overlap_ms"":0.360992},{""name"":""{'Module': 'model.model.layers.0', 'Inputs': [[8192], [8192, 7168]]}"",""start_ns"":30868913,""end_ns"":34304035,""duration_ms"":3.435122,""overlap_ms"":0.360992},{""name"":""{'Module': 'model.model.layers.0.self_attn'}"",""start_ns"":30992830,""end_ns"":33585437,""duration_ms"":2.592607,""overlap_ms"":0.226903},{""name"":""{'Module': 'model.model.layers.0.self_attn.o_proj', 'TrainableParams': {'weight': [7168, 16384], 'weight_scale_inv': [56, 128]}, 'Inputs': [[8192, 16384]]}"",""start_ns"":33311009,""end_ns"":33571136,""duration_ms"":0.260127,""overlap_ms"":0.212602},{""name"":""{'Module': 'model.model.layers.0.post_attention_layernorm', 'TrainableParams': {'weight': [7168]}, 'Inputs': [[8192, 7168], [8192, 7168]]}"",""start_ns"":33621770,""end_ns"":33660396,""duration_ms"":0.038626,""overlap_ms"":0.038626}]}",/home/ai_lab/ljc/scale-up-sim/aiconfigurator/bench_data/h100_sxm/sglang/v0.5.9/deepseek_v3_mla/raw_runs/20260618_111102_prefill_stage1_req1_equal_prefix_regular_b4_f2048_p1024_b4_fvar2048-2048-2048-2048_pvar1024-1024-1024-1024_layers5_backend_auto_cg_off_pcg_off_tp1_marker_on_profile_nsys/nsys/MLA时延拆解.csv
reference,req1_equal_prefix_regular_b4_f2048_p1024,prefill,20260618_111102_prefill_stage1_req1_equal_prefix_regular_b4_f2048_p1024_b4_fvar2048-2048-2048-2048_pvar1024-1024-1024-1024_layers5_backend_auto_cg_off_pcg_off_tp1_marker_on_profile_nsys,1,2,1,1,4,2048,1024,attn_mha,auto,6.082912188819449,24.33355371845984,31.620151888330707,4.892414,4.47395,0.4184639999999993,0.08553323574006601,4.621566,4.206557999999999,0.41500800000000027,0.08979813335999103,2.00125,7.120376,10.01154,kv_b_proj,attn_mha,0.10211,0.363136,0.363136,"{""kernels"":[{""name"":""concat_mla_k_kernel"",""stream_id"":13,""start_ns"":42876354,""end_ns"":43235554,""duration_ms"":0.3592,""overlap_ms"":0.3592}],""cuda_runtime"":[{""name"":""cuLaunchKernelEx"",""start_ns"":43023194,""end_ns"":43031994,""duration_ms"":0.0088,""overlap_ms"":0.0088},{""name"":""cudaLaunchKernel_v7000"",""start_ns"":43068215,""end_ns"":43075860,""duration_ms"":0.007645,""overlap_ms"":0.007645},{""name"":""cuLaunchKernelEx"",""start_ns"":43226088,""end_ns"":43233530,""duration_ms"":0.007442,""overlap_ms"":0.007442},{""name"":""cudaLaunchKernel_v7000"",""start_ns"":43120825,""end_ns"":43127316,""duration_ms"":0.006491,""overlap_ms"":0.006491},{""name"":""cudaLaunchKernel_v7000"",""start_ns"":42868925,""end_ns"":42878006,""duration_ms"":0.009081,""overlap_ms"":0.00274}],""cuda_sync"":[],""osrt"":[{""name"":""epoll_wait"",""start_ns"":25805973,""end_ns"":93624815,""duration_ms"":67.818842,""overlap_ms"":0.363136},{""name"":""epoll_pwait"",""start_ns"":26090767,""end_ns"":93991558,""duration_ms"":67.900791,""overlap_ms"":0.363136},{""name"":""epoll_wait"",""start_ns"":40833521,""end_ns"":50946600,""duration_ms"":10.113079,""overlap_ms"":0.363136},{""name"":""epoll_wait"",""start_ns"":42240386,""end_ns"":93354968,""duration_ms"":51.114582,""overlap_ms"":0.363136},{""name"":""epoll_wait"",""start_ns"":40954523,""end_ns"":51057861,""duration_ms"":10.103338,""overlap_ms"":0.363136}],""profiler_overhead"":[],""nvtx"":[{""name"":""{'Module': 'model.model', 'Inputs': [[8192], [8192]]}"",""start_ns"":30652660,""end_ns"":47042485,""duration_ms"":16.389825,""overlap_ms"":0.363136},{""name"":""{'Module': 'model.model.layers.3', 'Inputs': [[8192], [8192, 7168], [8192, 7168]]}"",""start_ns"":39962941,""end_ns"":43354620,""duration_ms"":3.391679,""overlap_ms"":0.363136},{""name"":""{'Module': 'model.model.layers.3.mlp', 'Inputs': [[8192, 7168]]}"",""start_ns"":42164155,""end_ns"":43345496,""duration_ms"":1.181341,""overlap_ms"":0.363136},{""name"":""{'Module': 'model.model.layers.3.mlp.experts', 'TrainableParams': {'w13_weight': [257, 4096, 7168], 'w2_weight': [257, 7168, 2048], 'w13_weight_scale_inv': [257, 32, 56], 'w2_weight_scale_inv': [257, 56, 16]}, 'Inputs': [[8192, 7168], [8192"",""start_ns"":42528386,""end_ns"":43327951,""duration_ms"":0.799565,""overlap_ms"":0.363136}]}",/home/ai_lab/ljc/scale-up-sim/aiconfigurator/bench_data/h100_sxm/sglang/v0.5.9/deepseek_v3_mla/raw_runs/20260618_111102_prefill_stage1_req1_equal_prefix_regular_b4_f2048_p1024_b4_fvar2048-2048-2048-2048_pvar1024-1024-1024-1024_layers5_backend_auto_cg_off_pcg_off_tp1_marker_on_profile_nsys/nsys/MLA时延拆解.csv
reference,req1_equal_prefix_regular_b4_f2048_p1024,prefill,20260618_111102_prefill_stage1_req1_equal_prefix_regular_b4_f2048_p1024_b4_fvar2048-2048-2048-2048_pvar1024-1024-1024-1024_layers5_backend_auto_cg_off_pcg_off_tp1_marker_on_profile_nsys,2,3,1,1,4,2048,1024,attn_mha,auto,6.082912188819449,24.692409105638312,32.026037239117294,4.878334,4.462846,0.41548799999999986,0.08517006010658554,4.607358,4.194558,0.41279999999999983,0.08959581608375122,1.962137,13.810786,16.726983,kv_b_proj,attn_mha,0.105427,0.360448,0.360448,"{""kernels"":[{""name"":""concat_mla_k_kernel"",""stream_id"":13,""start_ns"":52381375,""end_ns"":52739711,""duration_ms"":0.358336,""overlap_ms"":0.358336}],""cuda_runtime"":[{""name"":""cudaLaunchKernel_v7000"",""start_ns"":52423330,""end_ns"":52432147,""duration_ms"":0.008817,""overlap_ms"":0.008817},{""name"":""cudaLaunchKernel_v7000"",""start_ns"":52538963,""end_ns"":52547407,""duration_ms"":0.008444,""overlap_ms"":0.008444},{""name"":""cuLaunchKernelEx"",""start_ns"":52650890,""end_ns"":52659207,""duration_ms"":0.008317,""overlap_ms"":0.008317},{""name"":""cuTensorMapEncodeTiled"",""start_ns"":52633303,""end_ns"":52633791,""duration_ms"":0.000488,""overlap_ms"":0.000488},{""name"":""cuTensorMapEncodeTiled"",""start_ns"":52635025,""end_ns"":52635291,""duration_ms"":0.000266,""overlap_ms"":0.000266}],""cuda_sync"":[],""osrt"":[{""name"":""epoll_wait"",""start_ns"":25805973,""end_ns"":93624815,""duration_ms"":67.818842,""overlap_ms"":0.360448},{""name"":""epoll_pwait"",""start_ns"":26090767,""end_ns"":93991558,""duration_ms"":67.900791,""overlap_ms"":0.360448},{""name"":""epoll_wait"",""start_ns"":50990023,""end_ns"":61093916,""duration_ms"":10.103893,""overlap_ms"":0.360448},{""name"":""pthread_cond_timedwait"",""start_ns"":43033514,""end_ns"":143054447,""duration_ms"":100.020933,""overlap_ms"":0.360448},{""name"":""epoll_wait"",""start_ns"":42240386,""end_ns"":93354968,""duration_ms"":51.114582,""overlap_ms"":0.360448}],""profiler_overhead"":[],""nvtx"":[{""name"":""{'Module': 'model.model', 'Inputs': [[4], [4]]}"",""start_ns"":49530484,""end_ns"":64999500,""duration_ms"":15.469016,""overlap_ms"":0.360448},{""name"":""{'Module': 'model.model.layers.0', 'Inputs': [[4], [4, 7168]]}"",""start_ns"":49728533,""end_ns"":52710974,""duration_ms"":2.982441,""overlap_ms"":0.330815},{""name"":""{'Module': 'model.model.layers.0.mlp', 'Inputs': [[4, 7168]]}"",""start_ns"":52095574,""end_ns"":52701227,""duration_ms"":0.605653,""overlap_ms"":0.321068},{""name"":""{'Module': 'model.model.layers.0.mlp.down_proj', 'TrainableParams': {'weight': [7168, 18432], 'weight_scale_inv': [56, 144]}, 'Inputs': [[4, 18432]]}"",""start_ns"":52467709,""end_ns"":52691403,""duration_ms"":0.223694,""overlap_ms"":0.223694},{""name"":""{'Module': 'model.model.layers.0.mlp.act_fn', 'Inputs': [[4, 36864]]}"",""start_ns"":52394493,""end_ns"":52437584,""duration_ms"":0.043091,""overlap_ms"":0.043091}]}",/home/ai_lab/ljc/scale-up-sim/aiconfigurator/bench_data/h100_sxm/sglang/v0.5.9/deepseek_v3_mla/raw_runs/20260618_111102_prefill_stage1_req1_equal_prefix_regular_b4_f2048_p1024_b4_fvar2048-2048-2048-2048_pvar1024-1024-1024-1024_layers5_backend_auto_cg_off_pcg_off_tp1_marker_on_profile_nsys/nsys/MLA时延拆解.csv
reference,req1_equal_prefix_regular_b4_f2048_p1024,prefill,20260618_111102_prefill_stage1_req1_equal_prefix_regular_b4_f2048_p1024_b4_fvar2048-2048-2048-2048_pvar1024-1024-1024-1024_layers5_backend_auto_cg_off_pcg_off_tp1_marker_on_profile_nsys,3,4,1,1,4,2048,1024,attn_mha,auto,6.082912188819449,22.846265440208146,29.897762788258458,4.951646,4.533342,0.418304,0.08447776759485634,4.682846,4.266174,0.41667199999999927,0.08897836913705881,2.004355,20.520709,23.468,kv_b_proj,attn_mha,0.098301,0.359968,0.359968,"{""kernels"":[{""name"":""concat_mla_k_kernel"",""stream_id"":13,""start_ns"":61946011,""end_ns"":62303899,""duration_ms"":0.357888,""overlap_ms"":0.357888}],""cuda_runtime"":[{""name"":""cudaLaunchKernelExC_v11060"",""start_ns"":62040430,""end_ns"":62050158,""duration_ms"":0.009728,""overlap_ms"":0.009728},{""name"":""cudaLaunchKernel_v7000"",""start_ns"":62224800,""end_ns"":62233850,""duration_ms"":0.00905,""overlap_ms"":0.00905},{""name"":""cudaLaunchKernelExC_v11060"",""start_ns"":62102032,""end_ns"":62109529,""duration_ms"":0.007497,""overlap_ms"":0.007497}],""cuda_sync"":[],""osrt"":[{""name"":""epoll_wait"",""start_ns"":25805973,""end_ns"":93624815,""duration_ms"":67.818842,""overlap_ms"":0.359968},{""name"":""pthread_cond_timedwait"",""start_ns"":53924696,""end_ns"":153994943,""duration_ms"":100.070247,""overlap_ms"":0.359968},{""name"":""epoll_pwait"",""start_ns"":26090767,""end_ns"":93991558,""duration_ms"":67.900791,""overlap_ms"":0.359968},{""name"":""epoll_wait"",""start_ns"":61146005,""end_ns"":71252067,""duration_ms"":10.106062,""overlap_ms"":0.359968},{""name"":""pthread_cond_timedwait"",""start_ns"":43033514,""end_ns"":143054447,""duration_ms"":100.020933,""overlap_ms"":0.359968}],""profiler_overhead"":[],""nvtx"":[{""name"":""{'Module': 'model.model', 'Inputs': [[4], [4]]}"",""start_ns"":49530484,""end_ns"":64999500,""duration_ms"":15.469016,""overlap_ms"":0.359968},{""name"":""{'Module': 'model.model.layers.4', 'Inputs': [[4], [4, 7168], [4, 7168]]}"",""start_ns"":61418355,""end_ns"":64890005,""duration_ms"":3.47165,""overlap_ms"":0.359968},{""name"":""{'Module': 'model.model.layers.4.self_attn'}"",""start_ns"":61530251,""end_ns"":63472679,""duration_ms"":1.942428,""overlap_ms"":0.359968},{""name"":""{'Module': 'model.model.layers.4.self_attn.q_b_proj', 'TrainableParams': {'weight': [24576, 1536], 'weight_scale_inv': [192, 12]}, 'Inputs': [[4, 1536]]}"",""start_ns"":62151887,""end_ns"":62379409,""duration_ms"":0.227522,""overlap_ms"":0.153004},{""name"":""{'Module': 'model.model.layers.4.self_attn.q_a_layernorm', 'TrainableParams': {'weight': [1536]}, 'Inputs': [[4, 1536]]}"",""start_ns"":62002073,""end_ns"":62057721,""duration_ms"":0.055648,""overlap_ms"":0.055648}]}",/home/ai_lab/ljc/scale-up-sim/aiconfigurator/bench_data/h100_sxm/sglang/v0.5.9/deepseek_v3_mla/raw_runs/20260618_111102_prefill_stage1_req1_equal_prefix_regular_b4_f2048_p1024_b4_fvar2048-2048-2048-2048_pvar1024-1024-1024-1024_layers5_backend_auto_cg_off_pcg_off_tp1_marker_on_profile_nsys/nsys/MLA时延拆解.csv
reference,req1_equal_prefix_regular_b4_f2048_p1024,prefill,20260618_111102_prefill_stage1_req1_equal_prefix_regular_b4_f2048_p1024_b4_fvar2048-2048-2048-2048_pvar1024-1024-1024-1024_layers5_backend_auto_cg_off_pcg_off_tp1_marker_on_profile_nsys,4,5,1,1,4,2048,1024,attn_mha,auto,6.082912188819449,24.606585107945087,31.927993750722738,4.881694,4.465855,0.41583900000000007,0.08518334004548422,4.610782,4.197663,0.413119,0.08959846724481876,2.177692,32.462653,35.166655,kv_b_proj,attn_mha,0.112156,0.361695,0.361695,"{""kernels"":[{""name"":""concat_mla_k_kernel"",""stream_id"":13,""start_ns"":77280310,""end_ns"":77639829,""duration_ms"":0.359519,""overlap_ms"":0.359519}],""cuda_runtime"":[{""name"":""cudaEventSynchronize_v3020"",""start_ns"":65652249,""end_ns"":91991473,""duration_ms"":26.339224,""overlap_ms"":0.361695}],""cuda_sync"":[{""name"":""[kernel.kallsyms]"",""start_ns"":65653054,""end_ns"":91990437,""duration_ms"":26.337383,""overlap_ms"":0.361695}],""osrt"":[{""name"":""epoll_wait"",""start_ns"":25805973,""end_ns"":93624815,""duration_ms"":67.818842,""overlap_ms"":0.361695},{""name"":""pthread_cond_timedwait"",""start_ns"":53924696,""end_ns"":153994943,""duration_ms"":100.070247,""overlap_ms"":0.361695},{""name"":""epoll_pwait"",""start_ns"":26090767,""end_ns"":93991558,""duration_ms"":67.900791,""overlap_ms"":0.361695},{""name"":""epoll_wait"",""start_ns"":71306958,""end_ns"":81408185,""duration_ms"":10.101227,""overlap_ms"":0.361695},{""name"":""pthread_cond_timedwait"",""start_ns"":43033514,""end_ns"":143054447,""duration_ms"":100.020933,""overlap_ms"":0.361695}],""profiler_overhead"":[],""nvtx"":[]}",/home/ai_lab/ljc/scale-up-sim/aiconfigurator/bench_data/h100_sxm/sglang/v0.5.9/deepseek_v3_mla/raw_runs/20260618_111102_prefill_stage1_req1_equal_prefix_regular_b4_f2048_p1024_b4_fvar2048-2048-2048-2048_pvar1024-1024-1024-1024_layers5_backend_auto_cg_off_pcg_off_tp1_marker_on_profile_nsys/nsys/MLA时延拆解.csv
target,req1_equal_fresh_irregular_b1_f4500_p0,prefill,20260618_110344_prefill_stage1_req1_equal_fresh_irregular_b1_f4500_p0_b1_fvar4500_pvar0_layers5_backend_auto_cg_off_pcg_off_tp1_marker_on_profile_nsys,0,1,1,1,1,4500,0,attn_mha,auto,2.7990262659575236,-98.99839955270512,-98.99566577480154,279.455373,2.569856,276.885517,0.9908040558590369,278.694701,2.43776,276.256941,0.9912529373854151,278.926339,0.563281,1.092315,rotary_emb,kv_b_proj,273.875102,274.305423,274.305423,"{""kernels"":[{""name"":""set_mla_kv_buffer_kernel"",""stream_id"":13,""start_ns"":1615680210,""end_ns"":1615695058,""duration_ms"":0.014848,""overlap_ms"":0.014848}],""cuda_runtime"":[{""name"":""cuModuleLoadData"",""start_ns"":1615244632,""end_ns"":1615407743,""duration_ms"":0.163111,""overlap_ms"":0.163111},{""name"":""cuLaunchKernelEx"",""start_ns"":1615634602,""end_ns"":1615688916,""duration_ms"":0.054314,""overlap_ms"":0.054314},{""name"":""cudaLaunchKernel_v7000"",""start_ns"":1616317769,""end_ns"":1616356375,""duration_ms"":0.038606,""overlap_ms"":0.033865}],""cuda_sync"":[],""osrt"":[{""name"":""epoll_pwait"",""start_ns"":23802807,""end_ns"":1675699645,""duration_ms"":1651.896838,""overlap_ms"":274.305423},{""name"":""epoll_pwait"",""start_ns"":967259326,""end_ns"":1967813633,""duration_ms"":1000.554307,""overlap_ms"":274.305423},{""name"":""epoll_wait"",""start_ns"":23574547,""end_ns"":1675514292,""duration_ms"":1651.939745,""overlap_ms"":274.305423},{""name"":""pthread_cond_timedwait"",""start_ns"":967277081,""end_ns"":1967628279,""duration_ms"":1000.351198,""overlap_ms"":274.305423},{""name"":""clock_nanosleep"",""start_ns"":569205401,""end_ns"":1569264409,""duration_ms"":1000.059008,""overlap_ms"":227.218198}],""profiler_overhead"":[{""name"":""OS runtime libraries profiling initialization"",""start_ns"":1436401900,""end_ns"":1441765606,""duration_ms"":5.363706,""overlap_ms"":5.363706},{""name"":""TLS allocation"",""start_ns"":1569339799,""end_ns"":1570009657,""duration_ms"":0.669858,""overlap_ms"":0.669858},{""name"":""TLS allocation"",""start_ns"":1433722206,""end_ns"":1434371513,""duration_ms"":0.649307,""overlap_ms"":0.649307},{""name"":""TLS allocation"",""start_ns"":1395241506,""end_ns"":1395812281,""duration_ms"":0.570775,""overlap_ms"":0.570775},{""name"":""TLS allocation"",""start_ns"":1433716780,""end_ns"":1434191707,""duration_ms"":0.474927,""overlap_ms"":0.474927}],""nvtx"":[{""name"":""{'Module': 'model.model', 'Inputs': [[4500], [4500]]}"",""start_ns"":1338698863,""end_ns"":1646621405,""duration_ms"":307.922542,""overlap_ms"":274.305423},{""name"":""{'Module': 'model.model.layers.0', 'Inputs': [[4500], [4500, 7168]]}"",""start_ns"":1339206485,""end_ns"":1620158465,""duration_ms"":280.95198,""overlap_ms"":274.305423},{""name"":""{'Module': 'model.model.layers.0.self_attn'}"",""start_ns"":1339495827,""end_ns"":1618422166,""duration_ms"":278.926339,""overlap_ms"":274.305423},{""name"":""{'Module': 'model.model.layers.0.self_attn.kv_b_proj', 'TrainableParams': {'weight': [32768, 512], 'weight_scale_inv': [256, 4]}, 'Inputs': [[4500, 512]]}"",""start_ns"":1615896273,""end_ns"":1616927862,""duration_ms"":1.031589,""overlap_ms"":0.455361}]}",/home/ai_lab/ljc/scale-up-sim/aiconfigurator/bench_data/h100_sxm/sglang/v0.5.9/deepseek_v3_mla/raw_runs/20260618_110344_prefill_stage1_req1_equal_fresh_irregular_b1_f4500_p0_b1_fvar4500_pvar0_layers5_backend_auto_cg_off_pcg_off_tp1_marker_on_profile_nsys/nsys/MLA时延拆解.csv
target,req1_equal_fresh_irregular_b1_f4500_p0,prefill,20260618_110344_prefill_stage1_req1_equal_fresh_irregular_b1_f4500_p0_b1_fvar4500_pvar0_layers5_backend_auto_cg_off_pcg_off_tp1_marker_on_profile_nsys,1,2,1,1,1,4500,0,attn_mha,auto,2.7990262659575236,-29.935782179737096,-27.515209855417027,3.994944,2.558944,1.436,0.35945435029877765,3.861536,2.4286399999999997,1.4328960000000004,0.37106892179692236,4.432079,1.657596,1.220461,rotary_emb,kv_b_proj,0.328714,0.622304,0.622304,"{""kernels"":[{""name"":""set_mla_kv_buffer_kernel"",""stream_id"":13,""start_ns"":1622891025,""end_ns"":1622905905,""duration_ms"":0.01488,""overlap_ms"":0.01488}],""cuda_runtime"":[{""name"":""cudaLaunchKernel_v7000"",""start_ns"":1623292088,""end_ns"":1623312924,""duration_ms"":0.020836,""overlap_ms"":0.019449},{""name"":""cuLaunchKernelEx"",""start_ns"":1622876541,""end_ns"":1622891128,""duration_ms"":0.014587,""overlap_ms"":0.014587}],""cuda_sync"":[],""osrt"":[{""name"":""poll"",""start_ns"":1539588250,""end_ns"":1639735531,""duration_ms"":100.147281,""overlap_ms"":0.622304},{""name"":""pthread_cond_timedwait"",""start_ns"":1527270945,""end_ns"":1627362922,""duration_ms"":100.091977,""overlap_ms"":0.622304},{""name"":""epoll_wait"",""start_ns"":1621958793,""end_ns"":1632051682,""duration_ms"":10.092889,""overlap_ms"":0.622304},{""name"":""epoll_pwait"",""start_ns"":23802807,""end_ns"":1675699645,""duration_ms"":1651.896838,""overlap_ms"":0.622304},{""name"":""epoll_wait"",""start_ns"":1621613410,""end_ns"":1631706836,""duration_ms"":10.093426,""overlap_ms"":0.622304}],""profiler_overhead"":[],""nvtx"":[{""name"":""{'Module': 'model.model', 'Inputs': [[4500], [4500]]}"",""start_ns"":1338698863,""end_ns"":1646621405,""duration_ms"":307.922542,""overlap_ms"":0.622304},{""name"":""{'Module': 'model.model.layers.1', 'Inputs': [[4500], [4500, 7168], [4500, 7168]]}"",""start_ns"":1620269626,""end_ns"":1626491536,""duration_ms"":6.22191,""overlap_ms"":0.622304},{""name"":""{'Module': 'model.model.layers.1.self_attn'}"",""start_ns"":1620483221,""end_ns"":1624915300,""duration_ms"":4.432079,""overlap_ms"":0.622304},{""name"":""{'Module': 'model.model.layers.1.self_attn.kv_b_proj', 'TrainableParams': {'weight': [32768, 512], 'weight_scale_inv': [256, 4]}, 'Inputs': [[4500, 512]]}"",""start_ns"":1622989946,""end_ns"":1623679066,""duration_ms"":0.68912,""overlap_ms"":0.321591}]}",/home/ai_lab/ljc/scale-up-sim/aiconfigurator/bench_data/h100_sxm/sglang/v0.5.9/deepseek_v3_mla/raw_runs/20260618_110344_prefill_stage1_req1_equal_fresh_irregular_b1_f4500_p0_b1_fvar4500_pvar0_layers5_backend_auto_cg_off_pcg_off_tp1_marker_on_profile_nsys/nsys/MLA时延拆解.csv
target,req1_equal_fresh_irregular_b1_f4500_p0,prefill,20260618_110344_prefill_stage1_req1_equal_fresh_irregular_b1_f4500_p0_b1_fvar4500_pvar0_layers5_backend_auto_cg_off_pcg_off_tp1_marker_on_profile_nsys,2,3,1,1,1,4500,0,attn_mha,auto,2.7990262659575236,-15.314876063848068,-11.757424225038731,3.305216,2.56912,0.7360960000000003,0.22270738130276516,3.171968,2.4376,0.7343679999999999,0.23151809854323874,4.02092,1.972635,1.256931,kv_b_proj,attn_mha,0.214778,0.347456,0.347456,"{""kernels"":[{""name"":""concat_mla_k_kernel"",""stream_id"":13,""start_ns"":1629746449,""end_ns"":1629877585,""duration_ms"":0.131136,""overlap_ms"":0.131136}],""cuda_runtime"":[{""name"":""cudaLaunchKernel_v7000"",""start_ns"":1630062009,""end_ns"":1630088042,""duration_ms"":0.026033,""overlap_ms"":0.025176},{""name"":""cudaLaunchKernel_v7000"",""start_ns"":1629727888,""end_ns"":1629746113,""duration_ms"":0.018225,""overlap_ms"":0.006384}],""cuda_sync"":[],""osrt"":[{""name"":""poll"",""start_ns"":1539588250,""end_ns"":1639735531,""duration_ms"":100.147281,""overlap_ms"":0.347456},{""name"":""pthread_cond_timedwait"",""start_ns"":1627391050,""end_ns"":1727482094,""duration_ms"":100.091044,""overlap_ms"":0.347456},{""name"":""epoll_wait"",""start_ns"":1621958793,""end_ns"":1632051682,""duration_ms"":10.092889,""overlap_ms"":0.347456},{""name"":""epoll_pwait"",""start_ns"":23802807,""end_ns"":1675699645,""duration_ms"":1651.896838,""overlap_ms"":0.347456},{""name"":""epoll_wait"",""start_ns"":1621613410,""end_ns"":1631706836,""duration_ms"":10.093426,""overlap_ms"":0.347456}],""profiler_overhead"":[],""nvtx"":[{""name"":""{'Module': 'model.model', 'Inputs': [[4500], [4500]]}"",""start_ns"":1338698863,""end_ns"":1646621405,""duration_ms"":307.922542,""overlap_ms"":0.347456},{""name"":""{'Module': 'model.model.layers.2', 'Inputs': [[4500], [4500, 7168], [4500, 7168]]}"",""start_ns"":1626588955,""end_ns"":1632332038,""duration_ms"":5.743083,""overlap_ms"":0.347456},{""name"":""{'Module': 'model.model.layers.2.self_attn'}"",""start_ns"":1626792086,""end_ns"":1630813006,""duration_ms"":4.02092,""overlap_ms"":0.347456},{""name"":""{'Module': 'model.model.layers.2.self_attn.attn_mha', 'TrainableParams': {'k_scale': [], 'v_scale': []}, 'Inputs': [[4500, 128, 192], [4500, 128, 192], [4500, 128, 128]]}"",""start_ns"":1629855360,""end_ns"":1630171838,""duration_ms"":0.316478,""overlap_ms"":0.231825}]}",/home/ai_lab/ljc/scale-up-sim/aiconfigurator/bench_data/h100_sxm/sglang/v0.5.9/deepseek_v3_mla/raw_runs/20260618_110344_prefill_stage1_req1_equal_fresh_irregular_b1_f4500_p0_b1_fvar4500_pvar0_layers5_backend_auto_cg_off_pcg_off_tp1_marker_on_profile_nsys/nsys/MLA时延拆解.csv
target,req1_equal_fresh_irregular_b1_f4500_p0,prefill,20260618_110344_prefill_stage1_req1_equal_fresh_irregular_b1_f4500_p0_b1_fvar4500_pvar0_layers5_backend_auto_cg_off_pcg_off_tp1_marker_on_profile_nsys,3,4,1,1,1,4500,0,attn_mha,auto,2.7990262659575236,-10.201044277382701,-6.19683981300123,3.116992,2.560352,0.5566400000000002,0.1785824281871754,2.983936,2.428384,0.555552,0.1861809368565546,3.925681,2.066041,1.257352,kv_b_proj,attn_mha,0.216171,0.349792,0.349792,"{""kernels"":[{""name"":""concat_mla_k_kernel"",""stream_id"":13,""start_ns"":1635494896,""end_ns"":1635627184,""duration_ms"":0.132288,""overlap_ms"":0.132288}],""cuda_runtime"":[{""name"":""cudaLaunchKernel_v7000"",""start_ns"":1635816557,""end_ns"":1635834857,""duration_ms"":0.0183,""overlap_ms"":0.017635},{""name"":""cudaLaunchKernel_v7000"",""start_ns"":1635477273,""end_ns"":1635495579,""duration_ms"":0.018306,""overlap_ms"":0.011179}],""cuda_sync"":[],""osrt"":[{""name"":""poll"",""start_ns"":1539588250,""end_ns"":1639735531,""duration_ms"":100.147281,""overlap_ms"":0.349792},{""name"":""pthread_cond_timedwait"",""start_ns"":1627391050,""end_ns"":1727482094,""duration_ms"":100.091044,""overlap_ms"":0.349792},{""name"":""epoll_wait"",""start_ns"":1632087468,""end_ns"":1642157025,""duration_ms"":10.069557,""overlap_ms"":0.349792},{""name"":""epoll_pwait"",""start_ns"":23802807,""end_ns"":1675699645,""duration_ms"":1651.896838,""overlap_ms"":0.349792},{""name"":""epoll_wait"",""start_ns"":1631720921,""end_ns"":1641793713,""duration_ms"":10.072792,""overlap_ms"":0.349792}],""profiler_overhead"":[],""nvtx"":[{""name"":""{'Module': 'model.model', 'Inputs': [[4500], [4500]]}"",""start_ns"":1338698863,""end_ns"":1646621405,""duration_ms"":307.922542,""overlap_ms"":0.349792},{""name"":""{'Module': 'model.model.layers.3', 'Inputs': [[4500], [4500, 7168], [4500, 7168]]}"",""start_ns"":1632425390,""end_ns"":1639356730,""duration_ms"":6.93134,""overlap_ms"":0.349792},{""name"":""{'Module': 'model.model.layers.3.self_attn'}"",""start_ns"":1632630327,""end_ns"":1636556008,""duration_ms"":3.925681,""overlap_ms"":0.349792},{""name"":""{'Module': 'model.model.layers.3.self_attn.attn_mha', 'TrainableParams': {'k_scale': [], 'v_scale': []}, 'Inputs': [[4500, 128, 192], [4500, 128, 192], [4500, 128, 128]]}"",""start_ns"":1635605184,""end_ns"":1635918335,""duration_ms"":0.313151,""overlap_ms"":0.229008}]}",/home/ai_lab/ljc/scale-up-sim/aiconfigurator/bench_data/h100_sxm/sglang/v0.5.9/deepseek_v3_mla/raw_runs/20260618_110344_prefill_stage1_req1_equal_fresh_irregular_b1_f4500_p0_b1_fvar4500_pvar0_layers5_backend_auto_cg_off_pcg_off_tp1_marker_on_profile_nsys/nsys/MLA时延拆解.csv
target,req1_equal_fresh_irregular_b1_f4500_p0,prefill,20260618_110344_prefill_stage1_req1_equal_fresh_irregular_b1_f4500_p0_b1_fvar4500_pvar0_layers5_backend_auto_cg_off_pcg_off_tp1_marker_on_profile_nsys,4,5,1,1,1,4500,0,attn_mha,auto,2.7990262659575236,2.2916276589552207,7.575416075725765,2.73632,2.572192,0.16412800000000027,0.059981288738159375,2.60192,2.4407360000000002,0.16118399999999955,0.06194809986471512,4.139404,4.52975,3.126666,kv_b_proj,attn_mha,0.218822,0.133248,0.133248,"{""kernels"":[{""name"":""concat_mla_k_kernel"",""stream_id"":13,""start_ns"":1644876144,""end_ns"":1645007184,""duration_ms"":0.13104,""overlap_ms"":0.13104}],""cuda_runtime"":[],""cuda_sync"":[],""osrt"":[{""name"":""poll"",""start_ns"":1639763513,""end_ns"":1739911443,""duration_ms"":100.14793,""overlap_ms"":0.133248},{""name"":""pthread_cond_timedwait"",""start_ns"":1627391050,""end_ns"":1727482094,""duration_ms"":100.091044,""overlap_ms"":0.133248},{""name"":""epoll_wait"",""start_ns"":1642163650,""end_ns"":1652256741,""duration_ms"":10.093091,""overlap_ms"":0.133248},{""name"":""epoll_pwait"",""start_ns"":23802807,""end_ns"":1675699645,""duration_ms"":1651.896838,""overlap_ms"":0.133248},{""name"":""epoll_wait"",""start_ns"":1641799979,""end_ns"":1651892845,""duration_ms"":10.092866,""overlap_ms"":0.133248}],""profiler_overhead"":[],""nvtx"":[{""name"":""{'Module': 'model.model', 'Inputs': [[4500], [4500]]}"",""start_ns"":1338698863,""end_ns"":1646621405,""duration_ms"":307.922542,""overlap_ms"":0.133248},{""name"":""{'Module': 'model.model.layers.4', 'Inputs': [[4500], [4500, 7168], [4500, 7168]]}"",""start_ns"":1639470511,""end_ns"":1646429483,""duration_ms"":6.958972,""overlap_ms"":0.133248},{""name"":""{'Module': 'model.model.layers.4.mlp', 'Inputs': [[4500, 7168]]}"",""start_ns"":1644040103,""end_ns"":1646413170,""duration_ms"":2.373067,""overlap_ms"":0.133248},{""name"":""{'Module': 'model.model.layers.4.mlp.experts', 'TrainableParams': {'w13_weight': [257, 4096, 7168], 'w2_weight': [257, 7168, 2048], 'w13_weight_scale_inv': [257, 32, 56], 'w2_weight_scale_inv': [257, 56, 16]}, 'Inputs': [[4500, 7168], [4500"",""start_ns"":1644740798,""end_ns"":1646375950,""duration_ms"":1.635152,""overlap_ms"":0.133248}]}",/home/ai_lab/ljc/scale-up-sim/aiconfigurator/bench_data/h100_sxm/sglang/v0.5.9/deepseek_v3_mla/raw_runs/20260618_110344_prefill_stage1_req1_equal_fresh_irregular_b1_f4500_p0_b1_fvar4500_pvar0_layers5_backend_auto_cg_off_pcg_off_tp1_marker_on_profile_nsys/nsys/MLA时延拆解.csv
target,req1_equal_fresh_irregular_b1_f6000_p0,prefill,20260618_110607_prefill_stage1_req1_equal_fresh_irregular_b1_f6000_p0_b1_fvar6000_pvar0_layers5_backend_auto_cg_off_pcg_off_tp1_marker_on_profile_nsys,0,1,1,1,1,6000,0,attn_mha,auto,4.017983357001034,-98.61510630343939,-98.61202204160926,290.12937,3.833184,286.296186,0.986788018048638,289.484666,3.644064,285.840602,0.9874118928288933,288.166866,0.244159,2.206663,rotary_emb,kv_b_proj,283.443148,283.860699,283.860699,"{""kernels"":[{""name"":""set_mla_kv_buffer_kernel"",""stream_id"":13,""start_ns"":1583669809,""end_ns"":1583689201,""duration_ms"":0.019392,""overlap_ms"":0.019392}],""cuda_runtime"":[{""name"":""cuModuleLoadData"",""start_ns"":1583193107,""end_ns"":1583373495,""duration_ms"":0.180388,""overlap_ms"":0.180388},{""name"":""cuLaunchKernelEx"",""start_ns"":1583612960,""end_ns"":1583677818,""duration_ms"":0.064858,""overlap_ms"":0.064858},{""name"":""cudaLaunchKernel_v7000"",""start_ns"":1584312972,""end_ns"":1584350376,""duration_ms"":0.037404,""overlap_ms"":0.032997}],""cuda_sync"":[],""osrt"":[{""name"":""pthread_cond_timedwait"",""start_ns"":931274337,""end_ns"":1931381895,""duration_ms"":1000.107558,""overlap_ms"":283.860699},{""name"":""epoll_pwait"",""start_ns"":158761888,""end_ns"":1640429344,""duration_ms"":1481.667456,""overlap_ms"":283.860699},{""name"":""clock_nanosleep"",""start_ns"":1195747618,""end_ns"":2195886585,""duration_ms"":1000.138967,""overlap_ms"":283.860699},{""name"":""epoll_wait"",""start_ns"":23609352,""end_ns"":1643819768,""duration_ms"":1620.210416,""overlap_ms"":283.860699},{""name"":""epoll_pwait"",""start_ns"":931109819,""end_ns"":1931627284,""duration_ms"":1000.517465,""overlap_ms"":283.860699}],""profiler_overhead"":[{""name"":""OS runtime libraries profiling initialization"",""start_ns"":1396504932,""end_ns"":1402056115,""duration_ms"":5.551183,""overlap_ms"":5.551183},{""name"":""TLS allocation"",""start_ns"":1393903694,""end_ns"":1394965552,""duration_ms"":1.061858,""overlap_ms"":1.061858},{""name"":""TLS allocation"",""start_ns"":1393899643,""end_ns"":1394732477,""duration_ms"":0.832834,""overlap_ms"":0.832834},{""name"":""In-process plugins initialization"",""start_ns"":1402120091,""end_ns"":1402891859,""duration_ms"":0.771768,""overlap_ms"":0.771768},{""name"":""TLS allocation"",""start_ns"":1377505450,""end_ns"":1378147053,""duration_ms"":0.641603,""overlap_ms"":0.641603}],""nvtx"":[{""name"":""{'Module': 'model.model', 'Inputs': [[6000], [6000]]}"",""start_ns"":1297832950,""end_ns"":1612316268,""duration_ms"":314.483318,""overlap_ms"":283.860699},{""name"":""{'Module': 'model.model.layers.0', 'Inputs': [[6000], [6000, 7168]]}"",""start_ns"":1298031248,""end_ns"":1587979466,""duration_ms"":289.948218,""overlap_ms"":283.860699},{""name"":""{'Module': 'model.model.layers.0.self_attn'}"",""start_ns"":1298152119,""end_ns"":1586318985,""duration_ms"":288.166866,""overlap_ms"":283.860699},{""name"":""{'Module': 'model.model.layers.0.self_attn.kv_b_proj', 'TrainableParams': {'weight': [32768, 512], 'weight_scale_inv': [256, 4]}, 'Inputs': [[6000, 512]]}"",""start_ns"":1583887006,""end_ns"":1584902870,""duration_ms"":1.015864,""overlap_ms"":0.458963}]}",/home/ai_lab/ljc/scale-up-sim/aiconfigurator/bench_data/h100_sxm/sglang/v0.5.9/deepseek_v3_mla/raw_runs/20260618_110607_prefill_stage1_req1_equal_fresh_irregular_b1_f6000_p0_b1_fvar6000_pvar0_layers5_backend_auto_cg_off_pcg_off_tp1_marker_on_profile_nsys/nsys/MLA时延拆解.csv
target,req1_equal_fresh_irregular_b1_f6000_p0,prefill,20260618_110607_prefill_stage1_req1_equal_fresh_irregular_b1_f6000_p0_b1_fvar6000_pvar0_layers5_backend_auto_cg_off_pcg_off_tp1_marker_on_profile_nsys,1,2,1,1,1,6000,0,attn_mha,auto,4.017983357001034,-0.36026294780017337,4.552239959080146,4.032511,3.82192,0.21059100000000042,0.05222329213733091,3.843039,3.63408,0.20895900000000012,0.05437337482133283,4.075852,3.73486,3.691519,kv_b_proj,attn_mha,0.196985,0.177152,0.177152,"{""kernels"":[{""name"":""concat_mla_k_kernel"",""stream_id"":13,""start_ns"":1592905647,""end_ns"":1593080623,""duration_ms"":0.174976,""overlap_ms"":0.174976}],""cuda_runtime"":[{""name"":""cuTensorMapEncodeTiled"",""start_ns"":1593064088,""end_ns"":1593065235,""duration_ms"":0.001147,""overlap_ms"":0.001147},{""name"":""cuTensorMapEncodeTiled"",""start_ns"":1593068867,""end_ns"":1593069445,""duration_ms"":0.000578,""overlap_ms"":0.000578},{""name"":""cuTensorMapEncodeTiled"",""start_ns"":1593067341,""end_ns"":1593067891,""duration_ms"":0.00055,""overlap_ms"":0.00055},{""name"":""cuTensorMapEncodeTiled"",""start_ns"":1593066131,""end_ns"":1593066539,""duration_ms"":0.000408,""overlap_ms"":0.000408}],""cuda_sync"":[],""osrt"":[{""name"":""epoll_wait"",""start_ns"":1495116754,""end_ns"":1625296533,""duration_ms"":130.179779,""overlap_ms"":0.177152},{""name"":""pthread_cond_timedwait"",""start_ns"":931274337,""end_ns"":1931381895,""duration_ms"":1000.107558,""overlap_ms"":0.177152},{""name"":""poll"",""start_ns"":1505725335,""end_ns"":1605878541,""duration_ms"":100.153206,""overlap_ms"":0.177152},{""name"":""epoll_pwait"",""start_ns"":158761888,""end_ns"":1640429344,""duration_ms"":1481.667456,""overlap_ms"":0.177152},{""name"":""epoll_wait"",""start_ns"":1587933936,""end_ns"":1598002769,""duration_ms"":10.068833,""overlap_ms"":0.177152}],""profiler_overhead"":[],""nvtx"":[{""name"":""{'Module': 'model.model', 'Inputs': [[6000], [6000]]}"",""start_ns"":1297832950,""end_ns"":1612316268,""duration_ms"":314.483318,""overlap_ms"":0.177152},{""name"":""{'Module': 'model.model.layers.1', 'Inputs': [[6000], [6000, 7168], [6000, 7168]]}"",""start_ns"":1588097576,""end_ns"":1593862568,""duration_ms"":5.764992,""overlap_ms"":0.177152},{""name"":""{'Module': 'model.model.layers.1.mlp', 'Inputs': [[6000, 7168]]}"",""start_ns"":1592605405,""end_ns"":1593845318,""duration_ms"":1.239913,""overlap_ms"":0.177152},{""name"":""{'Module': 'model.model.layers.1.mlp.gate_up_proj', 'TrainableParams': {'weight': [36864, 7168], 'weight_scale_inv': [288, 56]}, 'Inputs': [[6000, 7168]]}"",""start_ns"":1592667953,""end_ns"":1593169379,""duration_ms"":0.501426,""overlap_ms"":0.177152}]}",/home/ai_lab/ljc/scale-up-sim/aiconfigurator/bench_data/h100_sxm/sglang/v0.5.9/deepseek_v3_mla/raw_runs/20260618_110607_prefill_stage1_req1_equal_fresh_irregular_b1_f6000_p0_b1_fvar6000_pvar0_layers5_backend_auto_cg_off_pcg_off_tp1_marker_on_profile_nsys/nsys/MLA时延拆解.csv
target,req1_equal_fresh_irregular_b1_f6000_p0,prefill,20260618_110607_prefill_stage1_req1_equal_fresh_irregular_b1_f6000_p0_b1_fvar6000_pvar0_layers5_backend_auto_cg_off_pcg_off_tp1_marker_on_profile_nsys,2,3,1,1,1,6000,0,attn_mha,auto,4.017983357001034,-0.4874018212754772,4.403582502454439,4.037663,3.822399,0.21526400000000034,0.053314008623305195,3.848511,3.634911,0.2136,0.05550198505344015,3.649609,5.448873,5.836927,kv_b_proj,attn_mha,0.197878,0.18064,0.18064,"{""kernels"":[{""name"":""concat_mla_k_kernel"",""stream_id"":13,""start_ns"":1600465774,""end_ns"":1600641742,""duration_ms"":0.175968,""overlap_ms"":0.175968}],""cuda_runtime"":[{""name"":""cudaLaunchKernel_v7000"",""start_ns"":1600568320,""end_ns"":1600583254,""duration_ms"":0.014934,""overlap_ms"":0.014934}],""cuda_sync"":[],""osrt"":[{""name"":""epoll_wait"",""start_ns"":1495116754,""end_ns"":1625296533,""duration_ms"":130.179779,""overlap_ms"":0.18064},{""name"":""pthread_cond_timedwait"",""start_ns"":931274337,""end_ns"":1931381895,""duration_ms"":1000.107558,""overlap_ms"":0.18064},{""name"":""poll"",""start_ns"":1505725335,""end_ns"":1605878541,""duration_ms"":100.153206,""overlap_ms"":0.18064},{""name"":""epoll_pwait"",""start_ns"":158761888,""end_ns"":1640429344,""duration_ms"":1481.667456,""overlap_ms"":0.18064},{""name"":""epoll_wait"",""start_ns"":1598017193,""end_ns"":1608114101,""duration_ms"":10.096908,""overlap_ms"":0.18064}],""profiler_overhead"":[],""nvtx"":[{""name"":""{'Module': 'model.model', 'Inputs': [[6000], [6000]]}"",""start_ns"":1297832950,""end_ns"":1612316268,""duration_ms"":314.483318,""overlap_ms"":0.18064},{""name"":""{'Module': 'model.model.layers.3', 'Inputs': [[6000], [6000, 7168], [6000, 7168]]}"",""start_ns"":1599311291,""end_ns"":1605744689,""duration_ms"":6.433398,""overlap_ms"":0.18064},{""name"":""{'Module': 'model.model.layers.3.self_attn'}"",""start_ns"":1599502847,""end_ns"":1603144653,""duration_ms"":3.641806,""overlap_ms"":0.18064},{""name"":""{'Module': 'model.model.layers.3.self_attn.q_b_proj', 'TrainableParams': {'weight': [24576, 1536], 'weight_scale_inv': [192, 12]}, 'Inputs': [[6000, 1536]]}"",""start_ns"":1600430639,""end_ns"":1600842570,""duration_ms"":0.411931,""overlap_ms"":0.18064}]}",/home/ai_lab/ljc/scale-up-sim/aiconfigurator/bench_data/h100_sxm/sglang/v0.5.9/deepseek_v3_mla/raw_runs/20260618_110607_prefill_stage1_req1_equal_fresh_irregular_b1_f6000_p0_b1_fvar6000_pvar0_layers5_backend_auto_cg_off_pcg_off_tp1_marker_on_profile_nsys/nsys/MLA时延拆解.csv
target,req1_equal_fresh_irregular_b1_f6000_p0,prefill,20260618_110607_prefill_stage1_req1_equal_fresh_irregular_b1_f6000_p0_b1_fvar6000_pvar0_layers5_backend_auto_cg_off_pcg_off_tp1_marker_on_profile_nsys,3,4,1,1,1,6000,0,attn_mha,auto,4.017983357001034,-0.333372186420677,4.620189306591134,4.031423,3.818399,0.21302400000000032,0.05284089513801958,3.840543,3.630399,0.21014399999999966,0.05471726263708014,3.641806,7.661871,8.051488,kv_b_proj,attn_mha,0.201154,0.177216,0.177216,"{""kernels"":[{""name"":""concat_mla_k_kernel"",""stream_id"":13,""start_ns"":1608026285,""end_ns"":1608201485,""duration_ms"":0.1752,""overlap_ms"":0.1752}],""cuda_runtime"":[{""name"":""cuLaunchKernelEx"",""start_ns"":1608140658,""end_ns"":1608153301,""duration_ms"":0.012643,""overlap_ms"":0.012643}],""cuda_sync"":[],""osrt"":[{""name"":""epoll_wait"",""start_ns"":1495116754,""end_ns"":1625296533,""duration_ms"":130.179779,""overlap_ms"":0.177216},{""name"":""pthread_cond_timedwait"",""start_ns"":931274337,""end_ns"":1931381895,""duration_ms"":1000.107558,""overlap_ms"":0.177216},{""name"":""poll"",""start_ns"":1605910100,""end_ns"":1706090559,""duration_ms"":100.180459,""overlap_ms"":0.177216},{""name"":""epoll_pwait"",""start_ns"":158761888,""end_ns"":1640429344,""duration_ms"":1481.667456,""overlap_ms"":0.177216},{""name"":""epoll_wait"",""start_ns"":1599033732,""end_ns"":1609091818,""duration_ms"":10.058086,""overlap_ms"":0.177216}],""profiler_overhead"":[],""nvtx"":[{""name"":""{'Module': 'model.model', 'Inputs': [[6000], [6000]]}"",""start_ns"":1297832950,""end_ns"":1612316268,""duration_ms"":314.483318,""overlap_ms"":0.177216},{""name"":""{'Module': 'model.model.layers.4', 'Inputs': [[6000], [6000, 7168], [6000, 7168]]}"",""start_ns"":1605842861,""end_ns"":1612133677,""duration_ms"":6.290816,""overlap_ms"":0.177216},{""name"":""{'Module': 'model.model.layers.4.self_attn'}"",""start_ns"":1606031439,""end_ns"":1609755348,""duration_ms"":3.723909,""overlap_ms"":0.177216}]}",/home/ai_lab/ljc/scale-up-sim/aiconfigurator/bench_data/h100_sxm/sglang/v0.5.9/deepseek_v3_mla/raw_runs/20260618_110607_prefill_stage1_req1_equal_fresh_irregular_b1_f6000_p0_b1_fvar6000_pvar0_layers5_backend_auto_cg_off_pcg_off_tp1_marker_on_profile_nsys/nsys/MLA时延拆解.csv
target,req1_equal_fresh_irregular_b1_f6000_p0,prefill,20260618_110607_prefill_stage1_req1_equal_fresh_irregular_b1_f6000_p0_b1_fvar6000_pvar0_layers5_backend_auto_cg_off_pcg_off_tp1_marker_on_profile_nsys,4,5,1,1,1,6000,0,attn_mha,auto,4.017983357001034,-0.5913981019005692,4.322044289565598,4.041887,3.828991,0.2128960000000002,0.05267242750725099,3.851519,3.641599,0.20992000000000033,0.05450317134616247,3.723909,12.899325,13.217303,kv_b_proj,attn_mha,0.200285,0.17904,0.17904,"{""kernels"":[{""name"":""concat_mla_k_kernel"",""stream_id"":13,""start_ns"":1619801484,""end_ns"":1619978220,""duration_ms"":0.176736,""overlap_ms"":0.176736}],""cuda_runtime"":[{""name"":""cudaLaunchKernel_v7000"",""start_ns"":1619916797,""end_ns"":1619932168,""duration_ms"":0.015371,""overlap_ms"":0.015371},{""name"":""cudaLaunchKernelExC_v11060"",""start_ns"":1619967387,""end_ns"":1619980638,""duration_ms"":0.013251,""overlap_ms"":0.011729},{""name"":""cudaGetDriverEntryPoint_v11030"",""start_ns"":1619937285,""end_ns"":1619939381,""duration_ms"":0.002096,""overlap_ms"":0.002096},{""name"":""cuTensorMapEncodeTiled"",""start_ns"":1619940156,""end_ns"":1619941759,""duration_ms"":0.001603,""overlap_ms"":0.001603},{""name"":""cudaGetDriverEntryPoint_v11030"",""start_ns"":1619942631,""end_ns"":1619943351,""duration_ms"":0.00072,""overlap_ms"":0.00072}],""cuda_sync"":[],""osrt"":[{""name"":""epoll_wait"",""start_ns"":1495116754,""end_ns"":1625296533,""duration_ms"":130.179779,""overlap_ms"":0.17904},{""name"":""pthread_cond_timedwait"",""start_ns"":931274337,""end_ns"":1931381895,""duration_ms"":1000.107558,""overlap_ms"":0.17904},{""name"":""poll"",""start_ns"":1605910100,""end_ns"":1706090559,""duration_ms"":100.180459,""overlap_ms"":0.17904},{""name"":""epoll_pwait"",""start_ns"":158761888,""end_ns"":1640429344,""duration_ms"":1481.667456,""overlap_ms"":0.17904},{""name"":""epoll_wait"",""start_ns"":1618205476,""end_ns"":1628302865,""duration_ms"":10.097389,""overlap_ms"":0.17904}],""profiler_overhead"":[],""nvtx"":[{""name"":""{'Module': 'model.model', 'Inputs': [[1], [1]]}"",""start_ns"":1616884485,""end_ns"":1638558237,""duration_ms"":21.673752,""overlap_ms"":0.17904},{""name"":""{'Module': 'model.model.layers.0', 'Inputs': [[1], [1, 7168]]}"",""start_ns"":1617232439,""end_ns"":1622059176,""duration_ms"":4.826737,""overlap_ms"":0.17904},{""name"":""{'Module': 'model.model.layers.0.self_attn'}"",""start_ns"":1617452118,""end_ns"":1620812421,""duration_ms"":3.360303,""overlap_ms"":0.17904},{""name"":""{'Module': 'model.model.layers.0.self_attn.attn_mqa', 'TrainableParams': {'k_scale': [], 'v_scale': []}, 'Inputs': [[1, 128, 512], [1, 1, 512], [1, 1, 512]]}"",""start_ns"":1619529275,""end_ns"":1620050259,""duration_ms"":0.520984,""overlap_ms"":0.17904}]}",/home/ai_lab/ljc/scale-up-sim/aiconfigurator/bench_data/h100_sxm/sglang/v0.5.9/deepseek_v3_mla/raw_runs/20260618_110607_prefill_stage1_req1_equal_fresh_irregular_b1_f6000_p0_b1_fvar6000_pvar0_layers5_backend_auto_cg_off_pcg_off_tp1_marker_on_profile_nsys/nsys/MLA时延拆解.csv
target,req1_equal_fresh_regular_b1_f8192_p0,prefill,20260618_105655_prefill_stage1_req1_equal_fresh_regular_b1_f8192_p0_b1_fvar8192_pvar0_layers5_backend_auto_cg_off_pcg_off_tp1_marker_on_profile_nsys,0,1,1,1,1,8192,0,attn_mha,auto,6.3943,-97.53205887098088,-97.52673766463457,259.094511,6.006175,253.088336,0.9768185942001681,258.537071,5.732415,252.80465600000002,0.9778274930638476,255.489222,0.573574,4.178863,rotary_emb,kv_b_proj,252.005424,252.020752,252.020752,"{""kernels"":[{""name"":""set_mla_kv_buffer_kernel"",""stream_id"":13,""start_ns"":1684128621,""end_ns"":1684154573,""duration_ms"":0.025952,""overlap_ms"":0.025952}],""cuda_runtime"":[{""name"":""cuModuleLoadData"",""start_ns"":1683745643,""end_ns"":1683887487,""duration_ms"":0.141844,""overlap_ms"":0.141844},{""name"":""cuLaunchKernelEx"",""start_ns"":1684087638,""end_ns"":1684136824,""duration_ms"":0.049186,""overlap_ms"":0.049186},{""name"":""cudaLaunchKernel_v7000"",""start_ns"":1684677974,""end_ns"":1684709227,""duration_ms"":0.031253,""overlap_ms"":0.028087}],""cuda_sync"":[],""osrt"":[{""name"":""epoll_pwait"",""start_ns"":23377984,""end_ns"":1752476986,""duration_ms"":1729.099002,""overlap_ms"":252.020752},{""name"":""epoll_wait"",""start_ns"":23354021,""end_ns"":1752253731,""duration_ms"":1728.89971,""overlap_ms"":252.020752},{""name"":""clock_nanosleep"",""start_ns"":782930488,""end_ns"":1783000647,""duration_ms"":1000.070159,""overlap_ms"":252.020752},{""name"":""epoll_wait"",""start_ns"":24516997,""end_ns"":1755271913,""duration_ms"":1730.754916,""overlap_ms"":252.020752},{""name"":""epoll_pwait"",""start_ns"":1323382596,""end_ns"":2323682092,""duration_ms"":1000.299496,""overlap_ms"":252.020752}],""profiler_overhead"":[{""name"":""OS runtime libraries profiling initialization"",""start_ns"":1508945289,""end_ns"":1514167388,""duration_ms"":5.222099,""overlap_ms"":5.222099},{""name"":""TLS allocation"",""start_ns"":1468083669,""end_ns"":1468703239,""duration_ms"":0.61957,""overlap_ms"":0.61957},{""name"":""TLS allocation"",""start_ns"":1506337281,""end_ns"":1506913482,""duration_ms"":0.576201,""overlap_ms"":0.576201},{""name"":""TLS allocation"",""start_ns"":1468534063,""end_ns"":1469018828,""duration_ms"":0.484765,""overlap_ms"":0.484765},{""name"":""TLS allocation"",""start_ns"":1506329070,""end_ns"":1506708433,""duration_ms"":0.379363,""overlap_ms"":0.379363}],""nvtx"":[{""name"":""{'Module': 'model.model', 'Inputs': [[8192], [8192]]}"",""start_ns"":1430151805,""end_ns"":1709550621,""duration_ms"":279.398816,""overlap_ms"":252.020752},{""name"":""{'Module': 'model.model.layers.0', 'Inputs': [[8192], [8192, 7168]]}"",""start_ns"":1430627750,""end_ns"":1687772642,""duration_ms"":257.144892,""overlap_ms"":252.020752},{""name"":""{'Module': 'model.model.layers.0.self_attn'}"",""start_ns"":1430911895,""end_ns"":1686401117,""duration_ms"":255.489222,""overlap_ms"":252.020752},{""name"":""{'Module': 'model.model.layers.0.self_attn.kv_b_proj', 'TrainableParams': {'weight': [32768, 512], 'weight_scale_inv': [256, 4]}, 'Inputs': [[8192, 512]]}"",""start_ns"":1684328427,""end_ns"":1685197559,""duration_ms"":0.869132,""overlap_ms"":0.377634}]}",/home/ai_lab/ljc/scale-up-sim/aiconfigurator/bench_data/h100_sxm/sglang/v0.5.9/deepseek_v3_mla/raw_runs/20260618_105655_prefill_stage1_req1_equal_fresh_regular_b1_f8192_p0_b1_fvar8192_pvar0_layers5_backend_auto_cg_off_pcg_off_tp1_marker_on_profile_nsys/nsys/MLA时延拆解.csv
target,req1_equal_fresh_regular_b1_f8192_p0,prefill,20260618_105655_prefill_stage1_req1_equal_fresh_regular_b1_f8192_p0_b1_fvar8192_pvar0_layers5_backend_auto_cg_off_pcg_off_tp1_marker_on_profile_nsys,1,2,1,1,1,8192,0,attn_mha,auto,6.3943,1.8725085700966735,6.439415692668528,6.276767,5.993376,0.28339100000000084,0.04514919862406886,6.007455,5.726496,0.2809590000000002,0.04676839027508324,3.504361,7.138969,9.911375,kv_b_proj,attn_mha,0.186641,0.241631,0.241631,"{""kernels"":[{""name"":""concat_mla_k_kernel"",""stream_id"":13,""start_ns"":1696367947,""end_ns"":1696607338,""duration_ms"":0.239391,""overlap_ms"":0.239391}],""cuda_runtime"":[{""name"":""cuLaunchKernelEx"",""start_ns"":1696435675,""end_ns"":1696456993,""duration_ms"":0.021318,""overlap_ms"":0.021318},{""name"":""cuTensorMapEncodeTiled"",""start_ns"":1696405250,""end_ns"":1696406290,""duration_ms"":0.00104,""overlap_ms"":0.00104},{""name"":""cuTensorMapEncodeTiled"",""start_ns"":1696409265,""end_ns"":1696409746,""duration_ms"":0.000481,""overlap_ms"":0.000481},{""name"":""cuTensorMapEncodeTiled"",""start_ns"":1696408039,""end_ns"":1696408505,""duration_ms"":0.000466,""overlap_ms"":0.000466},{""name"":""cuTensorMapEncodeTiled"",""start_ns"":1696406897,""end_ns"":1696407352,""duration_ms"":0.000455,""overlap_ms"":0.000455}],""cuda_sync"":[],""osrt"":[{""name"":""epoll_wait"",""start_ns"":1694900220,""end_ns"":1704958066,""duration_ms"":10.057846,""overlap_ms"":0.241631},{""name"":""epoll_wait"",""start_ns"":1635876331,""end_ns"":1752074505,""duration_ms"":116.198174,""overlap_ms"":0.241631},{""name"":""epoll_pwait"",""start_ns"":23377984,""end_ns"":1752476986,""duration_ms"":1729.099002,""overlap_ms"":0.241631},{""name"":""epoll_wait"",""start_ns"":23354021,""end_ns"":1752253731,""duration_ms"":1728.89971,""overlap_ms"":0.241631},{""name"":""pthread_cond_timedwait"",""start_ns"":1684890300,""end_ns"":1784983995,""duration_ms"":100.093695,""overlap_ms"":0.241631}],""profiler_overhead"":[],""nvtx"":[{""name"":""{'Module': 'model.model', 'Inputs': [[8192], [8192]]}"",""start_ns"":1430151805,""end_ns"":1709550621,""duration_ms"":279.398816,""overlap_ms"":0.241631},{""name"":""{'Module': 'model.model.layers.2', 'Inputs': [[8192], [8192, 7168], [8192, 7168]]}"",""start_ns"":1692917317,""end_ns"":1697743544,""duration_ms"":4.826227,""overlap_ms"":0.241631},{""name"":""{'Module': 'model.model.layers.2.self_attn'}"",""start_ns"":1693080000,""end_ns"":1696528398,""duration_ms"":3.448398,""overlap_ms"":0.161667},{""name"":""{'Module': 'model.model.layers.2.self_attn.o_proj', 'TrainableParams': {'weight': [7168, 16384], 'weight_scale_inv': [56, 128]}, 'Inputs': [[8192, 16384]]}"",""start_ns"":1696063223,""end_ns"":1696500614,""duration_ms"":0.437391,""overlap_ms"":0.133883},{""name"":""{'Module': 'model.model.layers.2.post_attention_layernorm', 'TrainableParams': {'weight': [7168]}, 'Inputs': [[8192, 7168], [8192, 7168]]}"",""start_ns"":1696590204,""end_ns"":1696652149,""duration_ms"":0.061945,""overlap_ms"":0.018158}]}",/home/ai_lab/ljc/scale-up-sim/aiconfigurator/bench_data/h100_sxm/sglang/v0.5.9/deepseek_v3_mla/raw_runs/20260618_105655_prefill_stage1_req1_equal_fresh_regular_b1_f8192_p0_b1_fvar8192_pvar0_layers5_backend_auto_cg_off_pcg_off_tp1_marker_on_profile_nsys/nsys/MLA时延拆解.csv
target,req1_equal_fresh_regular_b1_f8192_p0,prefill,20260618_105655_prefill_stage1_req1_equal_fresh_regular_b1_f8192_p0_b1_fvar8192_pvar0_layers5_backend_auto_cg_off_pcg_off_tp1_marker_on_profile_nsys,2,3,1,1,1,8192,0,attn_mha,auto,6.3943,1.7858649402828033,6.323330807011754,6.28211,5.996542,0.2855680000000005,0.04545733837834748,6.014014,5.7299180000000005,0.2840959999999999,0.04723899877851962,3.448398,13.003273,15.836985,kv_b_proj,attn_mha,0.179317,0.24512,0.24512,"{""kernels"":[{""name"":""concat_mla_k_kernel"",""stream_id"":13,""start_ns"":1707254952,""end_ns"":1707495752,""duration_ms"":0.2408,""overlap_ms"":0.2408}],""cuda_runtime"":[{""name"":""cudaLaunchKernelExC_v11060"",""start_ns"":1707360220,""end_ns"":1707373517,""duration_ms"":0.013297,""overlap_ms"":0.013297}],""cuda_sync"":[],""osrt"":[{""name"":""epoll_wait"",""start_ns"":1704960370,""end_ns"":1715021255,""duration_ms"":10.060885,""overlap_ms"":0.24512},{""name"":""epoll_wait"",""start_ns"":1635876331,""end_ns"":1752074505,""duration_ms"":116.198174,""overlap_ms"":0.24512},{""name"":""epoll_pwait"",""start_ns"":23377984,""end_ns"":1752476986,""duration_ms"":1729.099002,""overlap_ms"":0.24512},{""name"":""epoll_wait"",""start_ns"":23354021,""end_ns"":1752253731,""duration_ms"":1728.89971,""overlap_ms"":0.24512},{""name"":""pthread_cond_timedwait"",""start_ns"":1684890300,""end_ns"":1784983995,""duration_ms"":100.093695,""overlap_ms"":0.24512}],""profiler_overhead"":[],""nvtx"":[{""name"":""{'Module': 'model.model', 'Inputs': [[8192], [8192]]}"",""start_ns"":1430151805,""end_ns"":1709550621,""duration_ms"":279.398816,""overlap_ms"":0.24512},{""name"":""{'Module': 'model.model.layers.4', 'Inputs': [[8192], [8192, 7168], [8192, 7168]]}"",""start_ns"":1703692894,""end_ns"":1709389098,""duration_ms"":5.696204,""overlap_ms"":0.24512},{""name"":""{'Module': 'model.model.layers.4.post_attention_layernorm', 'TrainableParams': {'weight': [7168]}, 'Inputs': [[8192, 7168], [8192, 7168]]}"",""start_ns"":1707325873,""end_ns"":1707384439,""duration_ms"":0.058566,""overlap_ms"":0.058566},{""name"":""{'Module': 'model.model.layers.4.mlp', 'Inputs': [[8192, 7168]]}"",""start_ns"":1707443246,""end_ns"":1709375821,""duration_ms"":1.932575,""overlap_ms"":0.054618},{""name"":""{'Module': 'model.model.layers.4.self_attn'}"",""start_ns"":1703871977,""end_ns"":1707266694,""duration_ms"":3.394717,""overlap_ms"":0.01395}]}",/home/ai_lab/ljc/scale-up-sim/aiconfigurator/bench_data/h100_sxm/sglang/v0.5.9/deepseek_v3_mla/raw_runs/20260618_105655_prefill_stage1_req1_equal_fresh_regular_b1_f8192_p0_b1_fvar8192_pvar0_layers5_backend_auto_cg_off_pcg_off_tp1_marker_on_profile_nsys/nsys/MLA时延拆解.csv
target,req1_equal_fresh_regular_b1_f8192_p0,prefill,20260618_105655_prefill_stage1_req1_equal_fresh_regular_b1_f8192_p0_b1_fvar8192_pvar0_layers5_backend_auto_cg_off_pcg_off_tp1_marker_on_profile_nsys,3,4,1,1,1,8192,0,attn_mha,auto,6.3943,1.6631333734200808,6.223854359542081,6.289694,6.006782,0.2829119999999996,0.04498024864166677,6.019646,5.738462,0.28118399999999966,0.046711052443947645,3.2529,18.999918,22.036712,kv_b_proj,attn_mha,0.179355,0.2432,0.2432,"{""kernels"":[{""name"":""concat_mla_k_kernel"",""stream_id"":13,""start_ns"":1718167174,""end_ns"":1718408198,""duration_ms"":0.241024,""overlap_ms"":0.241024}],""cuda_runtime"":[{""name"":""cudaLaunchKernel_v7000"",""start_ns"":1718216890,""end_ns"":1718231025,""duration_ms"":0.014135,""overlap_ms"":0.014135}],""cuda_sync"":[],""osrt"":[{""name"":""epoll_wait"",""start_ns"":1715024896,""end_ns"":1725084809,""duration_ms"":10.059913,""overlap_ms"":0.2432},{""name"":""epoll_wait"",""start_ns"":1635876331,""end_ns"":1752074505,""duration_ms"":116.198174,""overlap_ms"":0.2432},{""name"":""epoll_pwait"",""start_ns"":23377984,""end_ns"":1752476986,""duration_ms"":1729.099002,""overlap_ms"":0.2432},{""name"":""epoll_wait"",""start_ns"":23354021,""end_ns"":1752253731,""duration_ms"":1728.89971,""overlap_ms"":0.2432},{""name"":""pthread_cond_timedwait"",""start_ns"":1684890300,""end_ns"":1784983995,""duration_ms"":100.093695,""overlap_ms"":0.2432}],""profiler_overhead"":[],""nvtx"":[{""name"":""{'Module': 'model.model', 'Inputs': [[1], [1]]}"",""start_ns"":1713594226,""end_ns"":1735149895,""duration_ms"":21.555669,""overlap_ms"":0.2432},{""name"":""{'Module': 'model.model.layers.0', 'Inputs': [[1], [1, 7168]]}"",""start_ns"":1713914033,""end_ns"":1718722065,""duration_ms"":4.808032,""overlap_ms"":0.2432},{""name"":""{'Module': 'model.model.layers.0.mlp', 'Inputs': [[1, 7168]]}"",""start_ns"":1717632374,""end_ns"":1718706245,""duration_ms"":1.073871,""overlap_ms"":0.2432},{""name"":""{'Module': 'model.model.layers.0.mlp.down_proj', 'TrainableParams': {'weight': [7168, 18432], 'weight_scale_inv': [56, 144]}, 'Inputs': [[1, 18432]]}"",""start_ns"":1718298645,""end_ns"":1718688279,""duration_ms"":0.389634,""overlap_ms"":0.110609},{""name"":""{'Module': 'model.model.layers.0.mlp.act_fn', 'Inputs': [[1, 36864]]}"",""start_ns"":1718152517,""end_ns"":1718241377,""duration_ms"":0.08886,""overlap_ms"":0.075323}]}",/home/ai_lab/ljc/scale-up-sim/aiconfigurator/bench_data/h100_sxm/sglang/v0.5.9/deepseek_v3_mla/raw_runs/20260618_105655_prefill_stage1_req1_equal_fresh_regular_b1_f8192_p0_b1_fvar8192_pvar0_layers5_backend_auto_cg_off_pcg_off_tp1_marker_on_profile_nsys/nsys/MLA时延拆解.csv
target,req1_equal_fresh_regular_b1_f8192_p0,prefill,20260618_105655_prefill_stage1_req1_equal_fresh_regular_b1_f8192_p0_b1_fvar8192_pvar0_layers5_backend_auto_cg_off_pcg_off_tp1_marker_on_profile_nsys,4,5,1,1,1,8192,0,attn_mha,auto,6.3943,-0.6562995073597742,3.9629080868909634,6.436543,6.151007,0.28553600000000046,0.044361701615292626,6.150559,5.867935,0.2826240000000002,0.04595094527180378,3.394717,29.941594,32.98342,kv_b_proj,attn_mha,0.171758,0.242624,0.242624,"{""kernels"":[{""name"":""concat_mla_k_kernel"",""stream_id"":13,""start_ns"":1735037795,""end_ns"":1735278083,""duration_ms"":0.240288,""overlap_ms"":0.240288}],""cuda_runtime"":[{""name"":""cudaLaunchKernelExC_v11060"",""start_ns"":1735118561,""end_ns"":1735129176,""duration_ms"":0.010615,""overlap_ms"":0.010615}],""cuda_sync"":[],""osrt"":[{""name"":""epoll_wait"",""start_ns"":1635876331,""end_ns"":1752074505,""duration_ms"":116.198174,""overlap_ms"":0.242624},{""name"":""epoll_pwait"",""start_ns"":23377984,""end_ns"":1752476986,""duration_ms"":1729.099002,""overlap_ms"":0.242624},{""name"":""epoll_wait"",""start_ns"":23354021,""end_ns"":1752253731,""duration_ms"":1728.89971,""overlap_ms"":0.242624},{""name"":""pthread_cond_timedwait"",""start_ns"":1684890300,""end_ns"":1784983995,""duration_ms"":100.093695,""overlap_ms"":0.242624},{""name"":""epoll_wait"",""start_ns"":1734902667,""end_ns"":1744970623,""duration_ms"":10.067956,""overlap_ms"":0.242624}],""profiler_overhead"":[],""nvtx"":[{""name"":""{'Module': 'model.model', 'Inputs': [[1], [1]]}"",""start_ns"":1713594226,""end_ns"":1735149895,""duration_ms"":21.555669,""overlap_ms"":0.113444},{""name"":""{'Module': 'model.logits_processor', 'Inputs': [[1], [1, 7168]]}"",""start_ns"":1735212456,""end_ns"":1735472574,""duration_ms"":0.260118,""overlap_ms"":0.066619},{""name"":""{'Module': 'model.model.norm', 'TrainableParams': {'weight': [7168]}, 'Inputs': [[1, 7168], [1, 7168]]}"",""start_ns"":1735091202,""end_ns"":1735136568,""duration_ms"":0.045366,""overlap_ms"":0.045366},{""name"":""{'Module': 'model.model.layers.4', 'Inputs': [[1], [1, 7168], [1, 7168]]}"",""start_ns"":1730986511,""end_ns"":1735037800,""duration_ms"":4.051289,""overlap_ms"":0.001349}]}",/home/ai_lab/ljc/scale-up-sim/aiconfigurator/bench_data/h100_sxm/sglang/v0.5.9/deepseek_v3_mla/raw_runs/20260618_105655_prefill_stage1_req1_equal_fresh_regular_b1_f8192_p0_b1_fvar8192_pvar0_layers5_backend_auto_cg_off_pcg_off_tp1_marker_on_profile_nsys/nsys/MLA时延拆解.csv
target,req1_equal_prefix_regular_b1_f8192_p0,prefill,20260618_111628_prefill_stage1_req1_equal_prefix_regular_b1_f8192_p0_b1_fvar8192_pvar0_layers5_backend_auto_cg_off_pcg_off_tp1_marker_on_profile_nsys,0,1,1,1,1,8192,0,attn_mha,auto,6.3943,-97.22400073490634,-97.21505728106665,230.34228,6.009023,224.33325699999997,0.9739126355786701,229.602568,5.735839,223.866729,0.9750184022332015,227.015776,0.569453,3.895957,rotary_emb,kv_b_proj,221.706197,222.125738,222.125738,"{""kernels"":[{""name"":""set_mla_kv_buffer_kernel"",""stream_id"":13,""start_ns"":1532424062,""end_ns"":1532449982,""duration_ms"":0.02592,""overlap_ms"":0.02592}],""cuda_runtime"":[{""name"":""cuModuleLoadData"",""start_ns"":1531939953,""end_ns"":1532119543,""duration_ms"":0.17959,""overlap_ms"":0.17959},{""name"":""cuLaunchKernelEx"",""start_ns"":1532374404,""end_ns"":1532434090,""duration_ms"":0.059686,""overlap_ms"":0.059686},{""name"":""cudaLaunchKernel_v7000"",""start_ns"":1533116300,""end_ns"":1533157927,""duration_ms"":0.041627,""overlap_ms"":0.035954}],""cuda_sync"":[],""osrt"":[{""name"":""epoll_wait"",""start_ns"":22901443,""end_ns"":1601154009,""duration_ms"":1578.252566,""overlap_ms"":222.125738},{""name"":""epoll_pwait"",""start_ns"":930947390,""end_ns"":1931238761,""duration_ms"":1000.291371,""overlap_ms"":222.125738},{""name"":""clock_nanosleep"",""start_ns"":955833429,""end_ns"":1955901053,""duration_ms"":1000.067624,""overlap_ms"":222.125738},{""name"":""pthread_cond_timedwait"",""start_ns"":930965642,""end_ns"":1931046104,""duration_ms"":1000.080462,""overlap_ms"":222.125738},{""name"":""epoll_pwait"",""start_ns"":22928579,""end_ns"":1601348189,""duration_ms"":1578.41961,""overlap_ms"":222.125738}],""profiler_overhead"":[{""name"":""OS runtime libraries profiling initialization"",""start_ns"":1401972936,""end_ns"":1406207535,""duration_ms"":4.234599,""overlap_ms"":4.234599},{""name"":""TLS allocation"",""start_ns"":1399858345,""end_ns"":1400594165,""duration_ms"":0.73582,""overlap_ms"":0.73582},{""name"":""TLS allocation"",""start_ns"":1486778286,""end_ns"":1487491532,""duration_ms"":0.713246,""overlap_ms"":0.713246},{""name"":""TLS allocation"",""start_ns"":1362691978,""end_ns"":1362971848,""duration_ms"":0.27987,""overlap_ms"":0.27987},{""name"":""TLS allocation"",""start_ns"":1399850293,""end_ns"":1400109793,""duration_ms"":0.2595,""overlap_ms"":0.2595}],""nvtx"":[{""name"":""{'Module': 'model.model', 'Inputs': [[8192], [8192]]}"",""start_ns"":1307680445,""end_ns"":1566798330,""duration_ms"":259.117885,""overlap_ms"":222.125738},{""name"":""{'Module': 'model.model.layers.0', 'Inputs': [[8192], [8192, 7168]]}"",""start_ns"":1308163027,""end_ns"":1537379622,""duration_ms"":229.216595,""overlap_ms"":222.125738},{""name"":""{'Module': 'model.model.layers.0.self_attn'}"",""start_ns"":1308443495,""end_ns"":1535459271,""duration_ms"":227.015776,""overlap_ms"":222.125738},{""name"":""{'Module': 'model.model.layers.0.self_attn.kv_b_proj', 'TrainableParams': {'weight': [32768, 512], 'weight_scale_inv': [256, 4]}, 'Inputs': [[8192, 512]]}"",""start_ns"":1532659538,""end_ns"":1533806587,""duration_ms"":1.147049,""overlap_ms"":0.492716}]}",/home/ai_lab/ljc/scale-up-sim/aiconfigurator/bench_data/h100_sxm/sglang/v0.5.9/deepseek_v3_mla/raw_runs/20260618_111628_prefill_stage1_req1_equal_prefix_regular_b1_f8192_p0_b1_fvar8192_pvar0_layers5_backend_auto_cg_off_pcg_off_tp1_marker_on_profile_nsys/nsys/MLA时延拆解.csv
target,req1_equal_prefix_regular_b1_f8192_p0,prefill,20260618_111628_prefill_stage1_req1_equal_prefix_regular_b1_f8192_p0_b1_fvar8192_pvar0_layers5_backend_auto_cg_off_pcg_off_tp1_marker_on_profile_nsys,1,2,1,1,1,8192,0,attn_mha,auto,6.3943,1.7863672201511618,6.345947393324339,6.282079,5.996383,0.2856960000000006,0.04547793811570988,6.012735,5.729631,0.2831039999999998,0.047084064074002896,4.813797,6.227827,7.696109,kv_b_proj,attn_mha,0.256467,0.243424,0.243424,"{""kernels"":[{""name"":""concat_mla_k_kernel"",""stream_id"":13,""start_ns"":1545155451,""end_ns"":1545396219,""duration_ms"":0.240768,""overlap_ms"":0.240768}],""cuda_runtime"":[{""name"":""cudaLaunchKernel_v7000"",""start_ns"":1545214144,""end_ns"":1545235207,""duration_ms"":0.021063,""overlap_ms"":0.021063}],""cuda_sync"":[],""osrt"":[{""name"":""epoll_wait"",""start_ns"":22901443,""end_ns"":1601154009,""duration_ms"":1578.252566,""overlap_ms"":0.243424},{""name"":""pthread_cond_timedwait"",""start_ns"":1504438498,""end_ns"":1604525192,""duration_ms"":100.086694,""overlap_ms"":0.243424},{""name"":""epoll_pwait"",""start_ns"":930947390,""end_ns"":1931238761,""duration_ms"":1000.291371,""overlap_ms"":0.243424},{""name"":""clock_nanosleep"",""start_ns"":955833429,""end_ns"":1955901053,""duration_ms"":1000.067624,""overlap_ms"":0.243424},{""name"":""pthread_cond_timedwait"",""start_ns"":930965642,""end_ns"":1931046104,""duration_ms"":1000.080462,""overlap_ms"":0.243424}],""profiler_overhead"":[],""nvtx"":[{""name"":""{'Module': 'model.model', 'Inputs': [[8192], [8192]]}"",""start_ns"":1307680445,""end_ns"":1566798330,""duration_ms"":259.117885,""overlap_ms"":0.243424},{""name"":""{'Module': 'model.model.layers.2', 'Inputs': [[8192], [8192, 7168], [8192, 7168]]}"",""start_ns"":1544532847,""end_ns"":1550946157,""duration_ms"":6.41331,""overlap_ms"":0.243424},{""name"":""{'Module': 'model.model.layers.2.self_attn'}"",""start_ns"":1544750586,""end_ns"":1549247977,""duration_ms"":4.497391,""overlap_ms"":0.243424},{""name"":""{'Module': 'model.model.layers.2.self_attn.fused_qkv_a_proj_with_mqa', 'TrainableParams': {'weight': [2112, 7168], 'weight_scale_inv': [17, 56]}, 'Inputs': [[8192, 7168]]}"",""start_ns"":1545028272,""end_ns"":1545587768,""duration_ms"":0.559496,""overlap_ms"":0.243424}]}",/home/ai_lab/ljc/scale-up-sim/aiconfigurator/bench_data/h100_sxm/sglang/v0.5.9/deepseek_v3_mla/raw_runs/20260618_111628_prefill_stage1_req1_equal_prefix_regular_b1_f8192_p0_b1_fvar8192_pvar0_layers5_backend_auto_cg_off_pcg_off_tp1_marker_on_profile_nsys/nsys/MLA时延拆解.csv
target,req1_equal_prefix_regular_b1_f8192_p0,prefill,20260618_111628_prefill_stage1_req1_equal_prefix_regular_b1_f8192_p0_b1_fvar8192_pvar0_layers5_backend_auto_cg_off_pcg_off_tp1_marker_on_profile_nsys,2,3,1,1,1,8192,0,attn_mha,auto,6.3943,1.9229117024615499,6.484225370266781,6.273663,5.988927,0.28473599999999966,0.0453859252561063,6.004927,5.7216629999999995,0.28326400000000085,0.04717193064961503,4.497391,10.116926,11.893198,kv_b_proj,attn_mha,0.257454,0.243712,0.243712,"{""kernels"":[{""name"":""concat_mla_k_kernel"",""stream_id"":13,""start_ns"":1556036056,""end_ns"":1556275096,""duration_ms"":0.23904,""overlap_ms"":0.23904}],""cuda_runtime"":[],""cuda_sync"":[],""osrt"":[{""name"":""epoll_wait"",""start_ns"":22901443,""end_ns"":1601154009,""duration_ms"":1578.252566,""overlap_ms"":0.243712},{""name"":""pthread_cond_timedwait"",""start_ns"":1504438498,""end_ns"":1604525192,""duration_ms"":100.086694,""overlap_ms"":0.243712},{""name"":""epoll_pwait"",""start_ns"":930947390,""end_ns"":1931238761,""duration_ms"":1000.291371,""overlap_ms"":0.243712},{""name"":""clock_nanosleep"",""start_ns"":955833429,""end_ns"":1955901053,""duration_ms"":1000.067624,""overlap_ms"":0.243712},{""name"":""pthread_cond_timedwait"",""start_ns"":930965642,""end_ns"":1931046104,""duration_ms"":1000.080462,""overlap_ms"":0.243712}],""profiler_overhead"":[],""nvtx"":[{""name"":""{'Module': 'model.model', 'Inputs': [[8192], [8192]]}"",""start_ns"":1307680445,""end_ns"":1566798330,""duration_ms"":259.117885,""overlap_ms"":0.243712},{""name"":""{'Module': 'model.model.layers.3', 'Inputs': [[8192], [8192, 7168], [8192, 7168]]}"",""start_ns"":1551056719,""end_ns"":1558860460,""duration_ms"":7.803741,""overlap_ms"":0.243712},{""name"":""{'Module': 'model.model.layers.3.mlp', 'Inputs': [[8192, 7168]]}"",""start_ns"":1555984129,""end_ns"":1558840260,""duration_ms"":2.856131,""overlap_ms"":0.243712},{""name"":""{'Module': 'model.model.layers.3.mlp.gate', 'TrainableParams': {'weight': [256, 7168], 'e_score_correction_bias': [256]}, 'Inputs': [[8192, 7168]]}"",""start_ns"":1556082859,""end_ns"":1556366721,""duration_ms"":0.283862,""overlap_ms"":0.194413}]}",/home/ai_lab/ljc/scale-up-sim/aiconfigurator/bench_data/h100_sxm/sglang/v0.5.9/deepseek_v3_mla/raw_runs/20260618_111628_prefill_stage1_req1_equal_prefix_regular_b1_f8192_p0_b1_fvar8192_pvar0_layers5_backend_auto_cg_off_pcg_off_tp1_marker_on_profile_nsys/nsys/MLA时延拆解.csv
target,req1_equal_prefix_regular_b1_f8192_p0,prefill,20260618_111628_prefill_stage1_req1_equal_prefix_regular_b1_f8192_p0_b1_fvar8192_pvar0_layers5_backend_auto_cg_off_pcg_off_tp1_marker_on_profile_nsys,3,4,1,1,1,8192,0,attn_mha,auto,6.3943,1.4185560286648677,5.959678881341011,6.304862,6.019359,0.2855030000000003,0.04528298954045311,6.034654,5.7519029999999995,0.2827510000000002,0.046854550401729776,4.45238,14.496269,16.348751,kv_b_proj,attn_mha,0.248205,0.242463,0.242463,"{""kernels"":[{""name"":""concat_mla_k_kernel"",""stream_id"":13,""start_ns"":1566944278,""end_ns"":1567184597,""duration_ms"":0.240319,""overlap_ms"":0.240319}],""cuda_runtime"":[{""name"":""cudaLaunchKernel_v7000"",""start_ns"":1567029955,""end_ns"":1567050481,""duration_ms"":0.020526,""overlap_ms"":0.020526},{""name"":""cudaLaunchKernel_v7000"",""start_ns"":1567118634,""end_ns"":1567131056,""duration_ms"":0.012422,""overlap_ms"":0.012422},{""name"":""cudaLaunchKernel_v7000"",""start_ns"":1567089541,""end_ns"":1567100470,""duration_ms"":0.010929,""overlap_ms"":0.010929}],""cuda_sync"":[],""osrt"":[{""name"":""epoll_wait"",""start_ns"":22901443,""end_ns"":1601154009,""duration_ms"":1578.252566,""overlap_ms"":0.242463},{""name"":""pthread_cond_timedwait"",""start_ns"":1504438498,""end_ns"":1604525192,""duration_ms"":100.086694,""overlap_ms"":0.242463},{""name"":""epoll_pwait"",""start_ns"":930947390,""end_ns"":1931238761,""duration_ms"":1000.291371,""overlap_ms"":0.242463},{""name"":""clock_nanosleep"",""start_ns"":955833429,""end_ns"":1955901053,""duration_ms"":1000.067624,""overlap_ms"":0.242463},{""name"":""pthread_cond_timedwait"",""start_ns"":930965642,""end_ns"":1931046104,""duration_ms"":1000.080462,""overlap_ms"":0.242463}],""profiler_overhead"":[],""nvtx"":[{""name"":""{'Module': 'model.logits_processor', 'Inputs': [[8192], [8192, 7168]]}"",""start_ns"":1566902771,""end_ns"":1567700855,""duration_ms"":0.798084,""overlap_ms"":0.242463},{""name"":""373"",""start_ns"":1567078788,""end_ns"":1567136020,""duration_ms"":0.057232,""overlap_ms"":0.057232}]}",/home/ai_lab/ljc/scale-up-sim/aiconfigurator/bench_data/h100_sxm/sglang/v0.5.9/deepseek_v3_mla/raw_runs/20260618_111628_prefill_stage1_req1_equal_prefix_regular_b1_f8192_p0_b1_fvar8192_pvar0_layers5_backend_auto_cg_off_pcg_off_tp1_marker_on_profile_nsys/nsys/MLA时延拆解.csv
target,req1_equal_prefix_regular_b1_f8192_p0,prefill,20260618_111628_prefill_stage1_req1_equal_prefix_regular_b1_f8192_p0_b1_fvar8192_pvar0_layers5_backend_auto_cg_off_pcg_off_tp1_marker_on_profile_nsys,4,5,1,1,1,8192,0,attn_mha,auto,6.3943,-0.7352450345888947,3.8586367382446625,6.441662,6.157118,0.28454400000000035,0.04417245114692456,6.156734,5.875102,0.2816320000000001,0.04574373360941046,4.661696,23.400886,25.180852,kv_b_proj,attn_mha,0.252166,0.2424,0.2424,"{""kernels"":[{""name"":""concat_mla_k_kernel"",""stream_id"":13,""start_ns"":1583856305,""end_ns"":1584096305,""duration_ms"":0.24,""overlap_ms"":0.24}],""cuda_runtime"":[{""name"":""cuLaunchKernelEx"",""start_ns"":1583975997,""end_ns"":1583987482,""duration_ms"":0.011485,""overlap_ms"":0.011485},{""name"":""cuTensorMapEncodeTiled"",""start_ns"":1583941228,""end_ns"":1583942185,""duration_ms"":0.000957,""overlap_ms"":0.000957},{""name"":""cuTensorMapEncodeTiled"",""start_ns"":1583944029,""end_ns"":1583944518,""duration_ms"":0.000489,""overlap_ms"":0.000489},{""name"":""cuTensorMapEncodeTiled"",""start_ns"":1583945375,""end_ns"":1583945809,""duration_ms"":0.000434,""overlap_ms"":0.000434},{""name"":""cuTensorMapEncodeTiled"",""start_ns"":1583942955,""end_ns"":1583943285,""duration_ms"":0.00033,""overlap_ms"":0.00033}],""cuda_sync"":[],""osrt"":[{""name"":""epoll_wait"",""start_ns"":22901443,""end_ns"":1601154009,""duration_ms"":1578.252566,""overlap_ms"":0.2424},{""name"":""pthread_cond_timedwait"",""start_ns"":1504438498,""end_ns"":1604525192,""duration_ms"":100.086694,""overlap_ms"":0.2424},{""name"":""epoll_pwait"",""start_ns"":930947390,""end_ns"":1931238761,""duration_ms"":1000.291371,""overlap_ms"":0.2424},{""name"":""clock_nanosleep"",""start_ns"":955833429,""end_ns"":1955901053,""duration_ms"":1000.067624,""overlap_ms"":0.2424},{""name"":""pthread_cond_timedwait"",""start_ns"":930965642,""end_ns"":1931046104,""duration_ms"":1000.080462,""overlap_ms"":0.2424}],""profiler_overhead"":[],""nvtx"":[{""name"":""{'Module': 'model.model', 'Inputs': [[1], [1]]}"",""start_ns"":1571404662,""end_ns"":1593830558,""duration_ms"":22.425896,""overlap_ms"":0.2424},{""name"":""{'Module': 'model.model.layers.2', 'Inputs': [[1], [1, 7168], [1, 7168]]}"",""start_ns"":1581289786,""end_ns"":1585169187,""duration_ms"":3.879401,""overlap_ms"":0.2424},{""name"":""{'Module': 'model.model.layers.2.self_attn'}"",""start_ns"":1581442074,""end_ns"":1584057674,""duration_ms"":2.6156,""overlap_ms"":0.202777},{""name"":""{'Module': 'model.model.layers.2.self_attn.o_proj', 'TrainableParams': {'weight': [7168, 16384], 'weight_scale_inv': [56, 128]}, 'Inputs': [[1, 16384]]}"",""start_ns"":1583593320,""end_ns"":1584031951,""duration_ms"":0.438631,""overlap_ms"":0.177054}]}",/home/ai_lab/ljc/scale-up-sim/aiconfigurator/bench_data/h100_sxm/sglang/v0.5.9/deepseek_v3_mla/raw_runs/20260618_111628_prefill_stage1_req1_equal_prefix_regular_b1_f8192_p0_b1_fvar8192_pvar0_layers5_backend_auto_cg_off_pcg_off_tp1_marker_on_profile_nsys/nsys/MLA时延拆解.csv
