stage,tag,run_instance_name,layer_id,event_order_index,stage_instance_index,stage_instance_count,gap_rank,gap_edge,gpu_gap_ms,root_cause_class,event_kind,event_name,relation,source,start_ns,end_ns,offset_start_ms,offset_end_ms,duration_ms
decode,req1_equal_fresh_irregular_b12_f300_p0,20260618_105915_prefill_stage1_req1_equal_fresh_irregular_b12_f300_p0_b12_fvar300-300-300-300-300-300-300-300-300-300-300-300_pvar0-0-0-0-0-0-0-0-0-0-0-0_layers5_backend_auto_cg_off_pcg_off_tp1_marker_on_profile_nsys,4,10,1,1,1,q_b_proj->rotary_emb,0.235232,short_decode_fixed_launch_interval_dominates,osrt_overlap_in_gap,epoll_wait,overlaps_gap,OSRT_API,24967403,62294784,-32.979326,4.348055,37.327381
decode,req1_equal_fresh_irregular_b12_f300_p0,20260618_105915_prefill_stage1_req1_equal_fresh_irregular_b12_f300_p0_b12_fvar300-300-300-300-300-300-300-300-300-300-300-300_pvar0-0-0-0-0-0-0-0-0-0-0-0_layers5_backend_auto_cg_off_pcg_off_tp1_marker_on_profile_nsys,4,10,1,1,1,q_b_proj->rotary_emb,0.235232,short_decode_fixed_launch_interval_dominates,osrt_overlap_in_gap,epoll_wait,overlaps_gap,OSRT_API,25051048,62197334,-32.895681,4.250605,37.146286
decode,req1_equal_fresh_irregular_b12_f300_p0,20260618_105915_prefill_stage1_req1_equal_fresh_irregular_b12_f300_p0_b12_fvar300-300-300-300-300-300-300-300-300-300-300-300_pvar0-0-0-0-0-0-0-0-0-0-0-0_layers5_backend_auto_cg_off_pcg_off_tp1_marker_on_profile_nsys,4,10,1,1,1,q_b_proj->rotary_emb,0.235232,short_decode_fixed_launch_interval_dominates,osrt_overlap_in_gap,epoll_pwait,overlaps_gap,OSRT_API,25871331,62538415,-32.075398,4.591686,36.667084
decode,req1_equal_fresh_irregular_b12_f300_p0,20260618_105915_prefill_stage1_req1_equal_fresh_irregular_b12_f300_p0_b12_fvar300-300-300-300-300-300-300-300-300-300-300-300_pvar0-0-0-0-0-0-0-0-0-0-0-0_layers5_backend_auto_cg_off_pcg_off_tp1_marker_on_profile_nsys,4,10,1,1,1,q_b_proj->rotary_emb,0.235232,short_decode_fixed_launch_interval_dominates,osrt_overlap_in_gap,poll,overlaps_gap,OSRT_API,41706422,141835193,-16.240307,83.888464,100.128771
decode,req1_equal_fresh_irregular_b12_f300_p0,20260618_105915_prefill_stage1_req1_equal_fresh_irregular_b12_f300_p0_b12_fvar300-300-300-300-300-300-300-300-300-300-300-300_pvar0-0-0-0-0-0-0-0-0-0-0-0_layers5_backend_auto_cg_off_pcg_off_tp1_marker_on_profile_nsys,4,10,1,1,1,q_b_proj->rotary_emb,0.235232,short_decode_fixed_launch_interval_dominates,nvtx_covering_gap,"{'Module': 'model.model', 'Inputs': [[12], [12]]}",covers_or_overlaps_gap,NVTX_EVENTS,46296390,60248653,-11.650339,2.301924,13.952263
decode,req1_equal_fresh_irregular_b12_f300_p0,20260618_105915_prefill_stage1_req1_equal_fresh_irregular_b12_f300_p0_b12_fvar300-300-300-300-300-300-300-300-300-300-300-300_pvar0-0-0-0-0-0-0-0-0-0-0-0_layers5_backend_auto_cg_off_pcg_off_tp1_marker_on_profile_nsys,4,10,1,1,1,q_b_proj->rotary_emb,0.235232,short_decode_fixed_launch_interval_dominates,osrt_overlap_in_gap,epoll_wait,overlaps_gap,OSRT_API,49284593,59404348,-8.662136,1.457619,10.119755
decode,req1_equal_fresh_irregular_b12_f300_p0,20260618_105915_prefill_stage1_req1_equal_fresh_irregular_b12_f300_p0_b12_fvar300-300-300-300-300-300-300-300-300-300-300-300_pvar0-0-0-0-0-0-0-0-0-0-0-0_layers5_backend_auto_cg_off_pcg_off_tp1_marker_on_profile_nsys,4,10,1,1,1,q_b_proj->rotary_emb,0.235232,short_decode_fixed_launch_interval_dominates,nvtx_covering_gap,"{'Module': 'model.model.layers.4', 'Inputs': [[12], [12, 7168], [12, 7168]]}",covers_or_overlaps_gap,NVTX_EVENTS,57102906,60156879,-0.843823,2.21015,3.053973
decode,req1_equal_fresh_irregular_b12_f300_p0,20260618_105915_prefill_stage1_req1_equal_fresh_irregular_b12_f300_p0_b12_fvar300-300-300-300-300-300-300-300-300-300-300-300_pvar0-0-0-0-0-0-0-0-0-0-0-0_layers5_backend_auto_cg_off_pcg_off_tp1_marker_on_profile_nsys,4,10,1,1,1,q_b_proj->rotary_emb,0.235232,short_decode_fixed_launch_interval_dominates,nvtx_covering_gap,{'Module': 'model.model.layers.4.self_attn'},covers_or_overlaps_gap,NVTX_EVENTS,57207010,58935423,-0.739719,0.988694,1.728413
decode,req1_equal_fresh_irregular_b12_f300_p0,20260618_105915_prefill_stage1_req1_equal_fresh_irregular_b12_f300_p0_b12_fvar300-300-300-300-300-300-300-300-300-300-300-300_pvar0-0-0-0-0-0-0-0-0-0-0-0_layers5_backend_auto_cg_off_pcg_off_tp1_marker_on_profile_nsys,4,10,1,1,1,q_b_proj->rotary_emb,0.235232,short_decode_fixed_launch_interval_dominates,nvtx_covering_gap,"{'Module': 'model.model.layers.4.self_attn.q_b_proj', 'TrainableParams': {'weight': [24576, 1536], 'weight_scale_inv': [192, 12]}, 'Inputs': [[12, 1536]]}",covers_or_overlaps_gap,NVTX_EVENTS,57733330,57951567,-0.213399,0.004838,0.218237
decode,req1_equal_fresh_irregular_b12_f300_p0,20260618_105915_prefill_stage1_req1_equal_fresh_irregular_b12_f300_p0_b12_fvar300-300-300-300-300-300-300-300-300-300-300-300_pvar0-0-0-0-0-0-0-0-0-0-0-0_layers5_backend_auto_cg_off_pcg_off_tp1_marker_on_profile_nsys,4,10,1,1,1,q_b_proj->rotary_emb,0.235232,short_decode_fixed_launch_interval_dominates,cuda_runtime_boundary,cuLaunchKernelEx,prev_kernel_launch_runtime,CUPTI runtime correlationId,57921441,57928328,-0.025288,-0.018401,0.006887
decode,req1_equal_fresh_irregular_b12_f300_p0,20260618_105915_prefill_stage1_req1_equal_fresh_irregular_b12_f300_p0_b12_fvar300-300-300-300-300-300-300-300-300-300-300-300_pvar0-0-0-0-0-0-0-0-0-0-0-0_layers5_backend_auto_cg_off_pcg_off_tp1_marker_on_profile_nsys,4,10,1,1,1,q_b_proj->rotary_emb,0.235232,short_decode_fixed_launch_interval_dominates,gpu_kernel_boundary,sm90_fp8_gemm_1d2d_impl,prev_kernel,CUPTI kernel,57929609,57946729,-0.01712,0.0,0.01712
decode,req1_equal_fresh_irregular_b12_f300_p0,20260618_105915_prefill_stage1_req1_equal_fresh_irregular_b12_f300_p0_b12_fvar300-300-300-300-300-300-300-300-300-300-300-300_pvar0-0-0-0-0-0-0-0-0-0-0-0_layers5_backend_auto_cg_off_pcg_off_tp1_marker_on_profile_nsys,4,10,1,1,1,q_b_proj->rotary_emb,0.235232,short_decode_fixed_launch_interval_dominates,gpu_gap_boundary,gap_start_prev_kernel_end,gap_start,kernel boundary,57946729,57946729,0.0,0.0,0.0
decode,req1_equal_fresh_irregular_b12_f300_p0,20260618_105915_prefill_stage1_req1_equal_fresh_irregular_b12_f300_p0_b12_fvar300-300-300-300-300-300-300-300-300-300-300-300_pvar0-0-0-0-0-0-0-0-0-0-0-0_layers5_backend_auto_cg_off_pcg_off_tp1_marker_on_profile_nsys,4,10,1,1,1,q_b_proj->rotary_emb,0.235232,short_decode_fixed_launch_interval_dominates,host_child_marker,q_b_proj.host_end,prev_child_host_end,child_timing_json/NVTX,57951567,57951567,0.004838,0.004838,0.0
decode,req1_equal_fresh_irregular_b12_f300_p0,20260618_105915_prefill_stage1_req1_equal_fresh_irregular_b12_f300_p0_b12_fvar300-300-300-300-300-300-300-300-300-300-300-300_pvar0-0-0-0-0-0-0-0-0-0-0-0_layers5_backend_auto_cg_off_pcg_off_tp1_marker_on_profile_nsys,4,10,1,1,1,q_b_proj->rotary_emb,0.235232,short_decode_fixed_launch_interval_dominates,cuda_runtime_in_gap,cuLaunchKernelEx,inside_gap,CUPTI runtime,58052587,58063667,0.105858,0.116938,0.01108
decode,req1_equal_fresh_irregular_b12_f300_p0,20260618_105915_prefill_stage1_req1_equal_fresh_irregular_b12_f300_p0_b12_fvar300-300-300-300-300-300-300-300-300-300-300-300_pvar0-0-0-0-0-0-0-0-0-0-0-0_layers5_backend_auto_cg_off_pcg_off_tp1_marker_on_profile_nsys,4,10,1,1,1,q_b_proj->rotary_emb,0.235232,short_decode_fixed_launch_interval_dominates,host_child_marker,rotary_emb.host_start,next_child_host_start,child_timing_json/NVTX,58105393,58105393,0.158664,0.158664,0.0
decode,req1_equal_fresh_irregular_b12_f300_p0,20260618_105915_prefill_stage1_req1_equal_fresh_irregular_b12_f300_p0_b12_fvar300-300-300-300-300-300-300-300-300-300-300-300_pvar0-0-0-0-0-0-0-0-0-0-0-0_layers5_backend_auto_cg_off_pcg_off_tp1_marker_on_profile_nsys,4,10,1,1,1,q_b_proj->rotary_emb,0.235232,short_decode_fixed_launch_interval_dominates,nvtx_covering_gap,"{'Module': 'model.model.layers.0.self_attn.rotary_emb', 'Inputs': [[12], [12, 128, 64], [12, 1, 64]]}",covers_or_overlaps_gap,NVTX_EVENTS,58105393,58194507,0.158664,0.247778,0.089114
decode,req1_equal_fresh_irregular_b12_f300_p0,20260618_105915_prefill_stage1_req1_equal_fresh_irregular_b12_f300_p0_b12_fvar300-300-300-300-300-300-300-300-300-300-300-300_pvar0-0-0-0-0-0-0-0-0-0-0-0_layers5_backend_auto_cg_off_pcg_off_tp1_marker_on_profile_nsys,4,10,1,1,1,q_b_proj->rotary_emb,0.235232,short_decode_fixed_launch_interval_dominates,cuda_runtime_boundary,cudaLaunchKernel_v7000,next_kernel_launch_runtime,CUPTI runtime correlationId,58164459,58181438,0.21773,0.234709,0.016979
decode,req1_equal_fresh_irregular_b12_f300_p0,20260618_105915_prefill_stage1_req1_equal_fresh_irregular_b12_f300_p0_b12_fvar300-300-300-300-300-300-300-300-300-300-300-300_pvar0-0-0-0-0-0-0-0-0-0-0-0_layers5_backend_auto_cg_off_pcg_off_tp1_marker_on_profile_nsys,4,10,1,1,1,q_b_proj->rotary_emb,0.235232,short_decode_fixed_launch_interval_dominates,cuda_runtime_in_gap,cudaLaunchKernel_v7000,inside_gap,CUPTI runtime,58164459,58181438,0.21773,0.234709,0.016979
decode,req1_equal_fresh_irregular_b12_f300_p0,20260618_105915_prefill_stage1_req1_equal_fresh_irregular_b12_f300_p0_b12_fvar300-300-300-300-300-300-300-300-300-300-300-300_pvar0-0-0-0-0-0-0-0-0-0-0-0_layers5_backend_auto_cg_off_pcg_off_tp1_marker_on_profile_nsys,4,10,1,1,1,q_b_proj->rotary_emb,0.235232,short_decode_fixed_launch_interval_dominates,gpu_gap_boundary,gap_end_next_kernel_start,gap_end,kernel boundary,58181961,58181961,0.235232,0.235232,0.0
decode,req1_equal_fresh_irregular_b12_f300_p0,20260618_105915_prefill_stage1_req1_equal_fresh_irregular_b12_f300_p0_b12_fvar300-300-300-300-300-300-300-300-300-300-300-300_pvar0-0-0-0-0-0-0-0-0-0-0-0_layers5_backend_auto_cg_off_pcg_off_tp1_marker_on_profile_nsys,4,10,1,1,1,q_b_proj->rotary_emb,0.235232,short_decode_fixed_launch_interval_dominates,gpu_kernel_boundary,BatchQKApplyRotaryPosIdsCosSinCacheHeadParallelismKernel,next_kernel,CUPTI kernel,58181961,58183785,0.235232,0.237056,0.001824
decode,req1_equal_fresh_irregular_b1_f4500_p0,20260618_110344_prefill_stage1_req1_equal_fresh_irregular_b1_f4500_p0_b1_fvar4500_pvar0_layers5_backend_auto_cg_off_pcg_off_tp1_marker_on_profile_nsys,0,6,1,1,1,attn_mqa->o_proj,0.518752,short_decode_fixed_launch_interval_dominates,osrt_overlap_in_gap,epoll_pwait,overlaps_gap,OSRT_API,23802807,1675699645,-1630.737048,21.15979,1651.896838
decode,req1_equal_fresh_irregular_b1_f4500_p0,20260618_110344_prefill_stage1_req1_equal_fresh_irregular_b1_f4500_p0_b1_fvar4500_pvar0_layers5_backend_auto_cg_off_pcg_off_tp1_marker_on_profile_nsys,0,6,1,1,1,attn_mqa->o_proj,0.518752,short_decode_fixed_launch_interval_dominates,osrt_overlap_in_gap,pthread_cond_timedwait,overlaps_gap,OSRT_API,1627391050,1727482094,-27.148805,72.942239,100.091044
decode,req1_equal_fresh_irregular_b1_f4500_p0,20260618_110344_prefill_stage1_req1_equal_fresh_irregular_b1_f4500_p0_b1_fvar4500_pvar0_layers5_backend_auto_cg_off_pcg_off_tp1_marker_on_profile_nsys,0,6,1,1,1,attn_mqa->o_proj,0.518752,short_decode_fixed_launch_interval_dominates,osrt_overlap_in_gap,poll,overlaps_gap,OSRT_API,1639763513,1739911443,-14.776342,85.371588,100.14793
decode,req1_equal_fresh_irregular_b1_f4500_p0,20260618_110344_prefill_stage1_req1_equal_fresh_irregular_b1_f4500_p0_b1_fvar4500_pvar0_layers5_backend_auto_cg_off_pcg_off_tp1_marker_on_profile_nsys,0,6,1,1,1,attn_mqa->o_proj,0.518752,short_decode_fixed_launch_interval_dominates,nvtx_covering_gap,"{'Module': 'model.model', 'Inputs': [[1], [1]]}",covers_or_overlaps_gap,NVTX_EVENTS,1651155788,1673929864,-3.384067,19.390009,22.774076
decode,req1_equal_fresh_irregular_b1_f4500_p0,20260618_110344_prefill_stage1_req1_equal_fresh_irregular_b1_f4500_p0_b1_fvar4500_pvar0_layers5_backend_auto_cg_off_pcg_off_tp1_marker_on_profile_nsys,0,6,1,1,1,attn_mqa->o_proj,0.518752,short_decode_fixed_launch_interval_dominates,nvtx_covering_gap,"{'Module': 'model.model.layers.0', 'Inputs': [[1], [1, 7168]]}",covers_or_overlaps_gap,NVTX_EVENTS,1651504955,1656815038,-3.0349,2.275183,5.310083
decode,req1_equal_fresh_irregular_b1_f4500_p0,20260618_110344_prefill_stage1_req1_equal_fresh_irregular_b1_f4500_p0_b1_fvar4500_pvar0_layers5_backend_auto_cg_off_pcg_off_tp1_marker_on_profile_nsys,0,6,1,1,1,attn_mqa->o_proj,0.518752,short_decode_fixed_launch_interval_dominates,nvtx_covering_gap,{'Module': 'model.model.layers.0.self_attn'},covers_or_overlaps_gap,NVTX_EVENTS,1651731085,1655475130,-2.80877,0.935275,3.744045
decode,req1_equal_fresh_irregular_b1_f4500_p0,20260618_110344_prefill_stage1_req1_equal_fresh_irregular_b1_f4500_p0_b1_fvar4500_pvar0_layers5_backend_auto_cg_off_pcg_off_tp1_marker_on_profile_nsys,0,6,1,1,1,attn_mqa->o_proj,0.518752,short_decode_fixed_launch_interval_dominates,osrt_overlap_in_gap,epoll_wait,overlaps_gap,OSRT_API,1651915397,1661982401,-2.624458,7.442546,10.067004
decode,req1_equal_fresh_irregular_b1_f4500_p0,20260618_110344_prefill_stage1_req1_equal_fresh_irregular_b1_f4500_p0_b1_fvar4500_pvar0_layers5_backend_auto_cg_off_pcg_off_tp1_marker_on_profile_nsys,0,6,1,1,1,attn_mqa->o_proj,0.518752,short_decode_fixed_launch_interval_dominates,osrt_overlap_in_gap,epoll_wait,overlaps_gap,OSRT_API,1652279908,1662345988,-2.259947,7.806133,10.06608
decode,req1_equal_fresh_irregular_b1_f4500_p0,20260618_110344_prefill_stage1_req1_equal_fresh_irregular_b1_f4500_p0_b1_fvar4500_pvar0_layers5_backend_auto_cg_off_pcg_off_tp1_marker_on_profile_nsys,0,6,1,1,1,attn_mqa->o_proj,0.518752,short_decode_fixed_launch_interval_dominates,nvtx_covering_gap,"{'Module': 'model.model.layers.0.self_attn.attn_mqa', 'TrainableParams': {'k_scale': [], 'v_scale': []}, 'Inputs': [[1, 128, 512], [1, 1, 512], [1, 1, 512]]}",covers_or_overlaps_gap,NVTX_EVENTS,1654013767,1654596181,-0.526088,0.056326,0.582414
decode,req1_equal_fresh_irregular_b1_f4500_p0,20260618_110344_prefill_stage1_req1_equal_fresh_irregular_b1_f4500_p0_b1_fvar4500_pvar0_layers5_backend_auto_cg_off_pcg_off_tp1_marker_on_profile_nsys,0,6,1,1,1,attn_mqa->o_proj,0.518752,short_decode_fixed_launch_interval_dominates,cuda_runtime_boundary,cudaLaunchKernelExC_v11060,prev_kernel_launch_runtime,CUPTI runtime correlationId,1654523386,1654534198,-0.016469,-0.005657,0.010812
decode,req1_equal_fresh_irregular_b1_f4500_p0,20260618_110344_prefill_stage1_req1_equal_fresh_irregular_b1_f4500_p0_b1_fvar4500_pvar0_layers5_backend_auto_cg_off_pcg_off_tp1_marker_on_profile_nsys,0,6,1,1,1,attn_mqa->o_proj,0.518752,short_decode_fixed_launch_interval_dominates,gpu_kernel_boundary,device_kernel,prev_kernel,CUPTI kernel,1654534703,1654539855,-0.005152,0.0,0.005152
decode,req1_equal_fresh_irregular_b1_f4500_p0,20260618_110344_prefill_stage1_req1_equal_fresh_irregular_b1_f4500_p0_b1_fvar4500_pvar0_layers5_backend_auto_cg_off_pcg_off_tp1_marker_on_profile_nsys,0,6,1,1,1,attn_mqa->o_proj,0.518752,short_decode_fixed_launch_interval_dominates,gpu_gap_boundary,gap_start_prev_kernel_end,gap_start,kernel boundary,1654539855,1654539855,0.0,0.0,0.0
decode,req1_equal_fresh_irregular_b1_f4500_p0,20260618_110344_prefill_stage1_req1_equal_fresh_irregular_b1_f4500_p0_b1_fvar4500_pvar0_layers5_backend_auto_cg_off_pcg_off_tp1_marker_on_profile_nsys,0,6,1,1,1,attn_mqa->o_proj,0.518752,short_decode_fixed_launch_interval_dominates,host_child_marker,attn_mqa.host_end,prev_child_host_end,child_timing_json/NVTX,1654596181,1654596181,0.056326,0.056326,0.0
decode,req1_equal_fresh_irregular_b1_f4500_p0,20260618_110344_prefill_stage1_req1_equal_fresh_irregular_b1_f4500_p0_b1_fvar4500_pvar0_layers5_backend_auto_cg_off_pcg_off_tp1_marker_on_profile_nsys,0,6,1,1,1,attn_mqa->o_proj,0.518752,short_decode_fixed_launch_interval_dominates,cuda_runtime_in_gap,cuLaunchKernelEx,inside_gap,CUPTI runtime,1654745393,1654761277,0.205538,0.221422,0.015884
decode,req1_equal_fresh_irregular_b1_f4500_p0,20260618_110344_prefill_stage1_req1_equal_fresh_irregular_b1_f4500_p0_b1_fvar4500_pvar0_layers5_backend_auto_cg_off_pcg_off_tp1_marker_on_profile_nsys,0,6,1,1,1,attn_mqa->o_proj,0.518752,short_decode_fixed_launch_interval_dominates,host_child_marker,o_proj.host_start,next_child_host_start,child_timing_json/NVTX,1654861898,1654861898,0.322043,0.322043,0.0
decode,req1_equal_fresh_irregular_b1_f4500_p0,20260618_110344_prefill_stage1_req1_equal_fresh_irregular_b1_f4500_p0_b1_fvar4500_pvar0_layers5_backend_auto_cg_off_pcg_off_tp1_marker_on_profile_nsys,0,6,1,1,1,attn_mqa->o_proj,0.518752,short_decode_fixed_launch_interval_dominates,nvtx_covering_gap,"{'Module': 'model.model.layers.0.self_attn.o_proj', 'TrainableParams': {'weight': [7168, 16384], 'weight_scale_inv': [56, 128]}, 'Inputs': [[1, 16384]]}",covers_or_overlaps_gap,NVTX_EVENTS,1654861898,1655438260,0.322043,0.898405,0.576362
decode,req1_equal_fresh_irregular_b1_f4500_p0,20260618_110344_prefill_stage1_req1_equal_fresh_irregular_b1_f4500_p0_b1_fvar4500_pvar0_layers5_backend_auto_cg_off_pcg_off_tp1_marker_on_profile_nsys,0,6,1,1,1,attn_mqa->o_proj,0.518752,short_decode_fixed_launch_interval_dominates,cuda_runtime_boundary,cudaLaunchKernel_v7000,next_kernel_launch_runtime,CUPTI runtime correlationId,1655041897,1655059804,0.502042,0.519949,0.017907
decode,req1_equal_fresh_irregular_b1_f4500_p0,20260618_110344_prefill_stage1_req1_equal_fresh_irregular_b1_f4500_p0_b1_fvar4500_pvar0_layers5_backend_auto_cg_off_pcg_off_tp1_marker_on_profile_nsys,0,6,1,1,1,attn_mqa->o_proj,0.518752,short_decode_fixed_launch_interval_dominates,cuda_runtime_in_gap,cudaLaunchKernel_v7000,inside_gap,CUPTI runtime,1655041897,1655059804,0.502042,0.519949,0.017907
decode,req1_equal_fresh_irregular_b1_f4500_p0,20260618_110344_prefill_stage1_req1_equal_fresh_irregular_b1_f4500_p0_b1_fvar4500_pvar0_layers5_backend_auto_cg_off_pcg_off_tp1_marker_on_profile_nsys,0,6,1,1,1,attn_mqa->o_proj,0.518752,short_decode_fixed_launch_interval_dominates,gpu_gap_boundary,gap_end_next_kernel_start,gap_end,kernel boundary,1655058607,1655058607,0.518752,0.518752,0.0
decode,req1_equal_fresh_irregular_b1_f4500_p0,20260618_110344_prefill_stage1_req1_equal_fresh_irregular_b1_f4500_p0_b1_fvar4500_pvar0_layers5_backend_auto_cg_off_pcg_off_tp1_marker_on_profile_nsys,0,6,1,1,1,attn_mqa->o_proj,0.518752,short_decode_fixed_launch_interval_dominates,gpu_kernel_boundary,per_token_group_quant_8bit_kernel,next_kernel,CUPTI kernel,1655058607,1655060399,0.518752,0.520544,0.001792
decode,req1_equal_fresh_irregular_b1_f4500_p0,20260618_110344_prefill_stage1_req1_equal_fresh_irregular_b1_f4500_p0_b1_fvar4500_pvar0_layers5_backend_auto_cg_off_pcg_off_tp1_marker_on_profile_nsys,1,7,1,1,1,attn_mqa->o_proj,0.446208,short_decode_fixed_launch_interval_dominates,osrt_overlap_in_gap,epoll_pwait,overlaps_gap,OSRT_API,23802807,1675699645,-1635.46412,16.432718,1651.896838
decode,req1_equal_fresh_irregular_b1_f4500_p0,20260618_110344_prefill_stage1_req1_equal_fresh_irregular_b1_f4500_p0_b1_fvar4500_pvar0_layers5_backend_auto_cg_off_pcg_off_tp1_marker_on_profile_nsys,1,7,1,1,1,attn_mqa->o_proj,0.446208,short_decode_fixed_launch_interval_dominates,osrt_overlap_in_gap,pthread_cond_timedwait,overlaps_gap,OSRT_API,1627391050,1727482094,-31.875877,68.215167,100.091044
decode,req1_equal_fresh_irregular_b1_f4500_p0,20260618_110344_prefill_stage1_req1_equal_fresh_irregular_b1_f4500_p0_b1_fvar4500_pvar0_layers5_backend_auto_cg_off_pcg_off_tp1_marker_on_profile_nsys,1,7,1,1,1,attn_mqa->o_proj,0.446208,short_decode_fixed_launch_interval_dominates,osrt_overlap_in_gap,poll,overlaps_gap,OSRT_API,1639763513,1739911443,-19.503414,80.644516,100.14793
decode,req1_equal_fresh_irregular_b1_f4500_p0,20260618_110344_prefill_stage1_req1_equal_fresh_irregular_b1_f4500_p0_b1_fvar4500_pvar0_layers5_backend_auto_cg_off_pcg_off_tp1_marker_on_profile_nsys,1,7,1,1,1,attn_mqa->o_proj,0.446208,short_decode_fixed_launch_interval_dominates,nvtx_covering_gap,"{'Module': 'model.model', 'Inputs': [[1], [1]]}",covers_or_overlaps_gap,NVTX_EVENTS,1651155788,1673929864,-8.111139,14.662937,22.774076
decode,req1_equal_fresh_irregular_b1_f4500_p0,20260618_110344_prefill_stage1_req1_equal_fresh_irregular_b1_f4500_p0_b1_fvar4500_pvar0_layers5_backend_auto_cg_off_pcg_off_tp1_marker_on_profile_nsys,1,7,1,1,1,attn_mqa->o_proj,0.446208,short_decode_fixed_launch_interval_dominates,osrt_overlap_in_gap,epoll_wait,overlaps_gap,OSRT_API,1651915397,1661982401,-7.35153,2.715474,10.067004
decode,req1_equal_fresh_irregular_b1_f4500_p0,20260618_110344_prefill_stage1_req1_equal_fresh_irregular_b1_f4500_p0_b1_fvar4500_pvar0_layers5_backend_auto_cg_off_pcg_off_tp1_marker_on_profile_nsys,1,7,1,1,1,attn_mqa->o_proj,0.446208,short_decode_fixed_launch_interval_dominates,osrt_overlap_in_gap,epoll_wait,overlaps_gap,OSRT_API,1652279908,1662345988,-6.987019,3.079061,10.06608
decode,req1_equal_fresh_irregular_b1_f4500_p0,20260618_110344_prefill_stage1_req1_equal_fresh_irregular_b1_f4500_p0_b1_fvar4500_pvar0_layers5_backend_auto_cg_off_pcg_off_tp1_marker_on_profile_nsys,1,7,1,1,1,attn_mqa->o_proj,0.446208,short_decode_fixed_launch_interval_dominates,nvtx_covering_gap,"{'Module': 'model.model.layers.1', 'Inputs': [[1], [1, 7168], [1, 7168]]}",covers_or_overlaps_gap,NVTX_EVENTS,1656894581,1661218732,-2.372346,1.951805,4.324151
decode,req1_equal_fresh_irregular_b1_f4500_p0,20260618_110344_prefill_stage1_req1_equal_fresh_irregular_b1_f4500_p0_b1_fvar4500_pvar0_layers5_backend_auto_cg_off_pcg_off_tp1_marker_on_profile_nsys,1,7,1,1,1,attn_mqa->o_proj,0.446208,short_decode_fixed_launch_interval_dominates,nvtx_covering_gap,{'Module': 'model.model.layers.1.self_attn'},covers_or_overlaps_gap,NVTX_EVENTS,1657059675,1660026426,-2.207252,0.759499,2.966751
decode,req1_equal_fresh_irregular_b1_f4500_p0,20260618_110344_prefill_stage1_req1_equal_fresh_irregular_b1_f4500_p0_b1_fvar4500_pvar0_layers5_backend_auto_cg_off_pcg_off_tp1_marker_on_profile_nsys,1,7,1,1,1,attn_mqa->o_proj,0.446208,short_decode_fixed_launch_interval_dominates,nvtx_covering_gap,"{'Module': 'model.model.layers.1.self_attn.attn_mqa', 'TrainableParams': {'k_scale': [], 'v_scale': []}, 'Inputs': [[1, 128, 512], [1, 1, 512], [1, 1, 512]]}",covers_or_overlaps_gap,NVTX_EVENTS,1658799714,1659312027,-0.467213,0.0451,0.512313
decode,req1_equal_fresh_irregular_b1_f4500_p0,20260618_110344_prefill_stage1_req1_equal_fresh_irregular_b1_f4500_p0_b1_fvar4500_pvar0_layers5_backend_auto_cg_off_pcg_off_tp1_marker_on_profile_nsys,1,7,1,1,1,attn_mqa->o_proj,0.446208,short_decode_fixed_launch_interval_dominates,cuda_runtime_boundary,cudaLaunchKernelExC_v11060,prev_kernel_launch_runtime,CUPTI runtime correlationId,1659247876,1659257454,-0.019051,-0.009473,0.009578
decode,req1_equal_fresh_irregular_b1_f4500_p0,20260618_110344_prefill_stage1_req1_equal_fresh_irregular_b1_f4500_p0_b1_fvar4500_pvar0_layers5_backend_auto_cg_off_pcg_off_tp1_marker_on_profile_nsys,1,7,1,1,1,attn_mqa->o_proj,0.446208,short_decode_fixed_launch_interval_dominates,gpu_kernel_boundary,device_kernel,prev_kernel,CUPTI kernel,1659261775,1659266927,-0.005152,0.0,0.005152
decode,req1_equal_fresh_irregular_b1_f4500_p0,20260618_110344_prefill_stage1_req1_equal_fresh_irregular_b1_f4500_p0_b1_fvar4500_pvar0_layers5_backend_auto_cg_off_pcg_off_tp1_marker_on_profile_nsys,1,7,1,1,1,attn_mqa->o_proj,0.446208,short_decode_fixed_launch_interval_dominates,gpu_gap_boundary,gap_start_prev_kernel_end,gap_start,kernel boundary,1659266927,1659266927,0.0,0.0,0.0
decode,req1_equal_fresh_irregular_b1_f4500_p0,20260618_110344_prefill_stage1_req1_equal_fresh_irregular_b1_f4500_p0_b1_fvar4500_pvar0_layers5_backend_auto_cg_off_pcg_off_tp1_marker_on_profile_nsys,1,7,1,1,1,attn_mqa->o_proj,0.446208,short_decode_fixed_launch_interval_dominates,host_child_marker,attn_mqa.host_end,prev_child_host_end,child_timing_json/NVTX,1659312027,1659312027,0.0451,0.0451,0.0
decode,req1_equal_fresh_irregular_b1_f4500_p0,20260618_110344_prefill_stage1_req1_equal_fresh_irregular_b1_f4500_p0_b1_fvar4500_pvar0_layers5_backend_auto_cg_off_pcg_off_tp1_marker_on_profile_nsys,1,7,1,1,1,attn_mqa->o_proj,0.446208,short_decode_fixed_launch_interval_dominates,cuda_runtime_in_gap,cuLaunchKernelEx,inside_gap,CUPTI runtime,1659440904,1659454422,0.173977,0.187495,0.013518
decode,req1_equal_fresh_irregular_b1_f4500_p0,20260618_110344_prefill_stage1_req1_equal_fresh_irregular_b1_f4500_p0_b1_fvar4500_pvar0_layers5_backend_auto_cg_off_pcg_off_tp1_marker_on_profile_nsys,1,7,1,1,1,attn_mqa->o_proj,0.446208,short_decode_fixed_launch_interval_dominates,host_child_marker,o_proj.host_start,next_child_host_start,child_timing_json/NVTX,1659541043,1659541043,0.274116,0.274116,0.0
decode,req1_equal_fresh_irregular_b1_f4500_p0,20260618_110344_prefill_stage1_req1_equal_fresh_irregular_b1_f4500_p0_b1_fvar4500_pvar0_layers5_backend_auto_cg_off_pcg_off_tp1_marker_on_profile_nsys,1,7,1,1,1,attn_mqa->o_proj,0.446208,short_decode_fixed_launch_interval_dominates,nvtx_covering_gap,"{'Module': 'model.model.layers.1.self_attn.o_proj', 'TrainableParams': {'weight': [7168, 16384], 'weight_scale_inv': [56, 128]}, 'Inputs': [[1, 16384]]}",covers_or_overlaps_gap,NVTX_EVENTS,1659541043,1659997223,0.274116,0.730296,0.45618
decode,req1_equal_fresh_irregular_b1_f4500_p0,20260618_110344_prefill_stage1_req1_equal_fresh_irregular_b1_f4500_p0_b1_fvar4500_pvar0_layers5_backend_auto_cg_off_pcg_off_tp1_marker_on_profile_nsys,1,7,1,1,1,attn_mqa->o_proj,0.446208,short_decode_fixed_launch_interval_dominates,cuda_runtime_boundary,cudaLaunchKernel_v7000,next_kernel_launch_runtime,CUPTI runtime correlationId,1659700266,1659713183,0.433339,0.446256,0.012917
decode,req1_equal_fresh_irregular_b1_f4500_p0,20260618_110344_prefill_stage1_req1_equal_fresh_irregular_b1_f4500_p0_b1_fvar4500_pvar0_layers5_backend_auto_cg_off_pcg_off_tp1_marker_on_profile_nsys,1,7,1,1,1,attn_mqa->o_proj,0.446208,short_decode_fixed_launch_interval_dominates,cuda_runtime_in_gap,cudaLaunchKernel_v7000,inside_gap,CUPTI runtime,1659700266,1659713183,0.433339,0.446256,0.012917
decode,req1_equal_fresh_irregular_b1_f4500_p0,20260618_110344_prefill_stage1_req1_equal_fresh_irregular_b1_f4500_p0_b1_fvar4500_pvar0_layers5_backend_auto_cg_off_pcg_off_tp1_marker_on_profile_nsys,1,7,1,1,1,attn_mqa->o_proj,0.446208,short_decode_fixed_launch_interval_dominates,gpu_gap_boundary,gap_end_next_kernel_start,gap_end,kernel boundary,1659713135,1659713135,0.446208,0.446208,0.0
decode,req1_equal_fresh_irregular_b1_f4500_p0,20260618_110344_prefill_stage1_req1_equal_fresh_irregular_b1_f4500_p0_b1_fvar4500_pvar0_layers5_backend_auto_cg_off_pcg_off_tp1_marker_on_profile_nsys,1,7,1,1,1,attn_mqa->o_proj,0.446208,short_decode_fixed_launch_interval_dominates,gpu_kernel_boundary,per_token_group_quant_8bit_kernel,next_kernel,CUPTI kernel,1659713135,1659714927,0.446208,0.448,0.001792
decode,req1_equal_fresh_irregular_b1_f4500_p0,20260618_110344_prefill_stage1_req1_equal_fresh_irregular_b1_f4500_p0_b1_fvar4500_pvar0_layers5_backend_auto_cg_off_pcg_off_tp1_marker_on_profile_nsys,2,8,1,1,1,attn_mqa->o_proj,0.379936,short_decode_fixed_launch_interval_dominates,osrt_overlap_in_gap,epoll_pwait,overlaps_gap,OSRT_API,23802807,1675699645,-1639.604119,12.292719,1651.896838
decode,req1_equal_fresh_irregular_b1_f4500_p0,20260618_110344_prefill_stage1_req1_equal_fresh_irregular_b1_f4500_p0_b1_fvar4500_pvar0_layers5_backend_auto_cg_off_pcg_off_tp1_marker_on_profile_nsys,2,8,1,1,1,attn_mqa->o_proj,0.379936,short_decode_fixed_launch_interval_dominates,osrt_overlap_in_gap,pthread_cond_timedwait,overlaps_gap,OSRT_API,1627391050,1727482094,-36.015876,64.075168,100.091044
decode,req1_equal_fresh_irregular_b1_f4500_p0,20260618_110344_prefill_stage1_req1_equal_fresh_irregular_b1_f4500_p0_b1_fvar4500_pvar0_layers5_backend_auto_cg_off_pcg_off_tp1_marker_on_profile_nsys,2,8,1,1,1,attn_mqa->o_proj,0.379936,short_decode_fixed_launch_interval_dominates,osrt_overlap_in_gap,poll,overlaps_gap,OSRT_API,1639763513,1739911443,-23.643413,76.504517,100.14793
decode,req1_equal_fresh_irregular_b1_f4500_p0,20260618_110344_prefill_stage1_req1_equal_fresh_irregular_b1_f4500_p0_b1_fvar4500_pvar0_layers5_backend_auto_cg_off_pcg_off_tp1_marker_on_profile_nsys,2,8,1,1,1,attn_mqa->o_proj,0.379936,short_decode_fixed_launch_interval_dominates,nvtx_covering_gap,"{'Module': 'model.model', 'Inputs': [[1], [1]]}",covers_or_overlaps_gap,NVTX_EVENTS,1651155788,1673929864,-12.251138,10.522938,22.774076
decode,req1_equal_fresh_irregular_b1_f4500_p0,20260618_110344_prefill_stage1_req1_equal_fresh_irregular_b1_f4500_p0_b1_fvar4500_pvar0_layers5_backend_auto_cg_off_pcg_off_tp1_marker_on_profile_nsys,2,8,1,1,1,attn_mqa->o_proj,0.379936,short_decode_fixed_launch_interval_dominates,nvtx_covering_gap,"{'Module': 'model.model.layers.2', 'Inputs': [[1], [1, 7168], [1, 7168]]}",covers_or_overlaps_gap,NVTX_EVENTS,1661290531,1665189047,-2.116395,1.782121,3.898516
decode,req1_equal_fresh_irregular_b1_f4500_p0,20260618_110344_prefill_stage1_req1_equal_fresh_irregular_b1_f4500_p0_b1_fvar4500_pvar0_layers5_backend_auto_cg_off_pcg_off_tp1_marker_on_profile_nsys,2,8,1,1,1,attn_mqa->o_proj,0.379936,short_decode_fixed_launch_interval_dominates,nvtx_covering_gap,{'Module': 'model.model.layers.2.self_attn'},covers_or_overlaps_gap,NVTX_EVENTS,1661436925,1664094140,-1.970001,0.687214,2.657215
decode,req1_equal_fresh_irregular_b1_f4500_p0,20260618_110344_prefill_stage1_req1_equal_fresh_irregular_b1_f4500_p0_b1_fvar4500_pvar0_layers5_backend_auto_cg_off_pcg_off_tp1_marker_on_profile_nsys,2,8,1,1,1,attn_mqa->o_proj,0.379936,short_decode_fixed_launch_interval_dominates,osrt_overlap_in_gap,epoll_wait,overlaps_gap,OSRT_API,1661989621,1672083892,-1.417305,8.676966,10.094271
decode,req1_equal_fresh_irregular_b1_f4500_p0,20260618_110344_prefill_stage1_req1_equal_fresh_irregular_b1_f4500_p0_b1_fvar4500_pvar0_layers5_backend_auto_cg_off_pcg_off_tp1_marker_on_profile_nsys,2,8,1,1,1,attn_mqa->o_proj,0.379936,short_decode_fixed_launch_interval_dominates,osrt_overlap_in_gap,epoll_wait,overlaps_gap,OSRT_API,1662352977,1672446190,-1.053949,9.039264,10.093213
decode,req1_equal_fresh_irregular_b1_f4500_p0,20260618_110344_prefill_stage1_req1_equal_fresh_irregular_b1_f4500_p0_b1_fvar4500_pvar0_layers5_backend_auto_cg_off_pcg_off_tp1_marker_on_profile_nsys,2,8,1,1,1,attn_mqa->o_proj,0.379936,short_decode_fixed_launch_interval_dominates,nvtx_covering_gap,"{'Module': 'model.model.layers.2.self_attn.attn_mqa', 'TrainableParams': {'k_scale': [], 'v_scale': []}, 'Inputs': [[1, 128, 512], [1, 1, 512], [1, 1, 512]]}",covers_or_overlaps_gap,NVTX_EVENTS,1662988818,1663441800,-0.418108,0.034874,0.452982
decode,req1_equal_fresh_irregular_b1_f4500_p0,20260618_110344_prefill_stage1_req1_equal_fresh_irregular_b1_f4500_p0_b1_fvar4500_pvar0_layers5_backend_auto_cg_off_pcg_off_tp1_marker_on_profile_nsys,2,8,1,1,1,attn_mqa->o_proj,0.379936,short_decode_fixed_launch_interval_dominates,cuda_runtime_boundary,cudaLaunchKernelExC_v11060,prev_kernel_launch_runtime,CUPTI runtime correlationId,1663387095,1663394800,-0.019831,-0.012126,0.007705
decode,req1_equal_fresh_irregular_b1_f4500_p0,20260618_110344_prefill_stage1_req1_equal_fresh_irregular_b1_f4500_p0_b1_fvar4500_pvar0_layers5_backend_auto_cg_off_pcg_off_tp1_marker_on_profile_nsys,2,8,1,1,1,attn_mqa->o_proj,0.379936,short_decode_fixed_launch_interval_dominates,gpu_kernel_boundary,device_kernel,prev_kernel,CUPTI kernel,1663401806,1663406926,-0.00512,0.0,0.00512
decode,req1_equal_fresh_irregular_b1_f4500_p0,20260618_110344_prefill_stage1_req1_equal_fresh_irregular_b1_f4500_p0_b1_fvar4500_pvar0_layers5_backend_auto_cg_off_pcg_off_tp1_marker_on_profile_nsys,2,8,1,1,1,attn_mqa->o_proj,0.379936,short_decode_fixed_launch_interval_dominates,gpu_gap_boundary,gap_start_prev_kernel_end,gap_start,kernel boundary,1663406926,1663406926,0.0,0.0,0.0
decode,req1_equal_fresh_irregular_b1_f4500_p0,20260618_110344_prefill_stage1_req1_equal_fresh_irregular_b1_f4500_p0_b1_fvar4500_pvar0_layers5_backend_auto_cg_off_pcg_off_tp1_marker_on_profile_nsys,2,8,1,1,1,attn_mqa->o_proj,0.379936,short_decode_fixed_launch_interval_dominates,host_child_marker,attn_mqa.host_end,prev_child_host_end,child_timing_json/NVTX,1663441800,1663441800,0.034874,0.034874,0.0
decode,req1_equal_fresh_irregular_b1_f4500_p0,20260618_110344_prefill_stage1_req1_equal_fresh_irregular_b1_f4500_p0_b1_fvar4500_pvar0_layers5_backend_auto_cg_off_pcg_off_tp1_marker_on_profile_nsys,2,8,1,1,1,attn_mqa->o_proj,0.379936,short_decode_fixed_launch_interval_dominates,cuda_runtime_in_gap,cuLaunchKernelEx,inside_gap,CUPTI runtime,1663553037,1663564282,0.146111,0.157356,0.011245
decode,req1_equal_fresh_irregular_b1_f4500_p0,20260618_110344_prefill_stage1_req1_equal_fresh_irregular_b1_f4500_p0_b1_fvar4500_pvar0_layers5_backend_auto_cg_off_pcg_off_tp1_marker_on_profile_nsys,2,8,1,1,1,attn_mqa->o_proj,0.379936,short_decode_fixed_launch_interval_dominates,host_child_marker,o_proj.host_start,next_child_host_start,child_timing_json/NVTX,1663631950,1663631950,0.225024,0.225024,0.0
decode,req1_equal_fresh_irregular_b1_f4500_p0,20260618_110344_prefill_stage1_req1_equal_fresh_irregular_b1_f4500_p0_b1_fvar4500_pvar0_layers5_backend_auto_cg_off_pcg_off_tp1_marker_on_profile_nsys,2,8,1,1,1,attn_mqa->o_proj,0.379936,short_decode_fixed_launch_interval_dominates,nvtx_covering_gap,"{'Module': 'model.model.layers.2.self_attn.o_proj', 'TrainableParams': {'weight': [7168, 16384], 'weight_scale_inv': [56, 128]}, 'Inputs': [[1, 16384]]}",covers_or_overlaps_gap,NVTX_EVENTS,1663631950,1664054619,0.225024,0.647693,0.422669
decode,req1_equal_fresh_irregular_b1_f4500_p0,20260618_110344_prefill_stage1_req1_equal_fresh_irregular_b1_f4500_p0_b1_fvar4500_pvar0_layers5_backend_auto_cg_off_pcg_off_tp1_marker_on_profile_nsys,2,8,1,1,1,attn_mqa->o_proj,0.379936,short_decode_fixed_launch_interval_dominates,cuda_runtime_boundary,cudaLaunchKernel_v7000,next_kernel_launch_runtime,CUPTI runtime correlationId,1663769384,1663786852,0.362458,0.379926,0.017468
decode,req1_equal_fresh_irregular_b1_f4500_p0,20260618_110344_prefill_stage1_req1_equal_fresh_irregular_b1_f4500_p0_b1_fvar4500_pvar0_layers5_backend_auto_cg_off_pcg_off_tp1_marker_on_profile_nsys,2,8,1,1,1,attn_mqa->o_proj,0.379936,short_decode_fixed_launch_interval_dominates,cuda_runtime_in_gap,cudaLaunchKernel_v7000,inside_gap,CUPTI runtime,1663769384,1663786852,0.362458,0.379926,0.017468
decode,req1_equal_fresh_irregular_b1_f4500_p0,20260618_110344_prefill_stage1_req1_equal_fresh_irregular_b1_f4500_p0_b1_fvar4500_pvar0_layers5_backend_auto_cg_off_pcg_off_tp1_marker_on_profile_nsys,2,8,1,1,1,attn_mqa->o_proj,0.379936,short_decode_fixed_launch_interval_dominates,gpu_gap_boundary,gap_end_next_kernel_start,gap_end,kernel boundary,1663786862,1663786862,0.379936,0.379936,0.0
decode,req1_equal_fresh_irregular_b1_f4500_p0,20260618_110344_prefill_stage1_req1_equal_fresh_irregular_b1_f4500_p0_b1_fvar4500_pvar0_layers5_backend_auto_cg_off_pcg_off_tp1_marker_on_profile_nsys,2,8,1,1,1,attn_mqa->o_proj,0.379936,short_decode_fixed_launch_interval_dominates,gpu_kernel_boundary,per_token_group_quant_8bit_kernel,next_kernel,CUPTI kernel,1663786862,1663788718,0.379936,0.381792,0.001856
decode,req1_equal_fresh_irregular_b1_f4500_p0,20260618_110344_prefill_stage1_req1_equal_fresh_irregular_b1_f4500_p0_b1_fvar4500_pvar0_layers5_backend_auto_cg_off_pcg_off_tp1_marker_on_profile_nsys,3,9,1,1,1,attn_mqa->o_proj,0.344416,short_decode_fixed_launch_interval_dominates,osrt_overlap_in_gap,epoll_pwait,overlaps_gap,OSRT_API,23802807,1675699645,-1643.421879,8.474959,1651.896838
decode,req1_equal_fresh_irregular_b1_f4500_p0,20260618_110344_prefill_stage1_req1_equal_fresh_irregular_b1_f4500_p0_b1_fvar4500_pvar0_layers5_backend_auto_cg_off_pcg_off_tp1_marker_on_profile_nsys,3,9,1,1,1,attn_mqa->o_proj,0.344416,short_decode_fixed_launch_interval_dominates,osrt_overlap_in_gap,pthread_cond_timedwait,overlaps_gap,OSRT_API,1627391050,1727482094,-39.833636,60.257408,100.091044
decode,req1_equal_fresh_irregular_b1_f4500_p0,20260618_110344_prefill_stage1_req1_equal_fresh_irregular_b1_f4500_p0_b1_fvar4500_pvar0_layers5_backend_auto_cg_off_pcg_off_tp1_marker_on_profile_nsys,3,9,1,1,1,attn_mqa->o_proj,0.344416,short_decode_fixed_launch_interval_dominates,osrt_overlap_in_gap,poll,overlaps_gap,OSRT_API,1639763513,1739911443,-27.461173,72.686757,100.14793
decode,req1_equal_fresh_irregular_b1_f4500_p0,20260618_110344_prefill_stage1_req1_equal_fresh_irregular_b1_f4500_p0_b1_fvar4500_pvar0_layers5_backend_auto_cg_off_pcg_off_tp1_marker_on_profile_nsys,3,9,1,1,1,attn_mqa->o_proj,0.344416,short_decode_fixed_launch_interval_dominates,nvtx_covering_gap,"{'Module': 'model.model', 'Inputs': [[1], [1]]}",covers_or_overlaps_gap,NVTX_EVENTS,1651155788,1673929864,-16.068898,6.705178,22.774076
decode,req1_equal_fresh_irregular_b1_f4500_p0,20260618_110344_prefill_stage1_req1_equal_fresh_irregular_b1_f4500_p0_b1_fvar4500_pvar0_layers5_backend_auto_cg_off_pcg_off_tp1_marker_on_profile_nsys,3,9,1,1,1,attn_mqa->o_proj,0.344416,short_decode_fixed_launch_interval_dominates,osrt_overlap_in_gap,epoll_wait,overlaps_gap,OSRT_API,1661989621,1672083892,-5.235065,4.859206,10.094271
decode,req1_equal_fresh_irregular_b1_f4500_p0,20260618_110344_prefill_stage1_req1_equal_fresh_irregular_b1_f4500_p0_b1_fvar4500_pvar0_layers5_backend_auto_cg_off_pcg_off_tp1_marker_on_profile_nsys,3,9,1,1,1,attn_mqa->o_proj,0.344416,short_decode_fixed_launch_interval_dominates,osrt_overlap_in_gap,epoll_wait,overlaps_gap,OSRT_API,1662352977,1672446190,-4.871709,5.221504,10.093213
decode,req1_equal_fresh_irregular_b1_f4500_p0,20260618_110344_prefill_stage1_req1_equal_fresh_irregular_b1_f4500_p0_b1_fvar4500_pvar0_layers5_backend_auto_cg_off_pcg_off_tp1_marker_on_profile_nsys,3,9,1,1,1,attn_mqa->o_proj,0.344416,short_decode_fixed_launch_interval_dominates,nvtx_covering_gap,"{'Module': 'model.model.layers.3', 'Inputs': [[1], [1, 7168], [1, 7168]]}",covers_or_overlaps_gap,NVTX_EVENTS,1665257366,1669659327,-1.96732,2.434641,4.401961
decode,req1_equal_fresh_irregular_b1_f4500_p0,20260618_110344_prefill_stage1_req1_equal_fresh_irregular_b1_f4500_p0_b1_fvar4500_pvar0_layers5_backend_auto_cg_off_pcg_off_tp1_marker_on_profile_nsys,3,9,1,1,1,attn_mqa->o_proj,0.344416,short_decode_fixed_launch_interval_dominates,nvtx_covering_gap,{'Module': 'model.model.layers.3.self_attn'},covers_or_overlaps_gap,NVTX_EVENTS,1665390169,1667833208,-1.834517,0.608522,2.443039
decode,req1_equal_fresh_irregular_b1_f4500_p0,20260618_110344_prefill_stage1_req1_equal_fresh_irregular_b1_f4500_p0_b1_fvar4500_pvar0_layers5_backend_auto_cg_off_pcg_off_tp1_marker_on_profile_nsys,3,9,1,1,1,attn_mqa->o_proj,0.344416,short_decode_fixed_launch_interval_dominates,nvtx_covering_gap,"{'Module': 'model.model.layers.3.self_attn.attn_mqa', 'TrainableParams': {'k_scale': [], 'v_scale': []}, 'Inputs': [[1, 128, 512], [1, 1, 512], [1, 1, 512]]}",covers_or_overlaps_gap,NVTX_EVENTS,1666831351,1667260566,-0.393335,0.03588,0.429215
decode,req1_equal_fresh_irregular_b1_f4500_p0,20260618_110344_prefill_stage1_req1_equal_fresh_irregular_b1_f4500_p0_b1_fvar4500_pvar0_layers5_backend_auto_cg_off_pcg_off_tp1_marker_on_profile_nsys,3,9,1,1,1,attn_mqa->o_proj,0.344416,short_decode_fixed_launch_interval_dominates,cuda_runtime_boundary,cudaLaunchKernelExC_v11060,prev_kernel_launch_runtime,CUPTI runtime correlationId,1667208044,1667215657,-0.016642,-0.009029,0.007613
decode,req1_equal_fresh_irregular_b1_f4500_p0,20260618_110344_prefill_stage1_req1_equal_fresh_irregular_b1_f4500_p0_b1_fvar4500_pvar0_layers5_backend_auto_cg_off_pcg_off_tp1_marker_on_profile_nsys,3,9,1,1,1,attn_mqa->o_proj,0.344416,short_decode_fixed_launch_interval_dominates,gpu_kernel_boundary,device_kernel,prev_kernel,CUPTI kernel,1667219598,1667224686,-0.005088,0.0,0.005088
decode,req1_equal_fresh_irregular_b1_f4500_p0,20260618_110344_prefill_stage1_req1_equal_fresh_irregular_b1_f4500_p0_b1_fvar4500_pvar0_layers5_backend_auto_cg_off_pcg_off_tp1_marker_on_profile_nsys,3,9,1,1,1,attn_mqa->o_proj,0.344416,short_decode_fixed_launch_interval_dominates,gpu_gap_boundary,gap_start_prev_kernel_end,gap_start,kernel boundary,1667224686,1667224686,0.0,0.0,0.0
decode,req1_equal_fresh_irregular_b1_f4500_p0,20260618_110344_prefill_stage1_req1_equal_fresh_irregular_b1_f4500_p0_b1_fvar4500_pvar0_layers5_backend_auto_cg_off_pcg_off_tp1_marker_on_profile_nsys,3,9,1,1,1,attn_mqa->o_proj,0.344416,short_decode_fixed_launch_interval_dominates,host_child_marker,attn_mqa.host_end,prev_child_host_end,child_timing_json/NVTX,1667260566,1667260566,0.03588,0.03588,0.0
decode,req1_equal_fresh_irregular_b1_f4500_p0,20260618_110344_prefill_stage1_req1_equal_fresh_irregular_b1_f4500_p0_b1_fvar4500_pvar0_layers5_backend_auto_cg_off_pcg_off_tp1_marker_on_profile_nsys,3,9,1,1,1,attn_mqa->o_proj,0.344416,short_decode_fixed_launch_interval_dominates,cuda_runtime_in_gap,cuLaunchKernelEx,inside_gap,CUPTI runtime,1667361046,1667371706,0.13636,0.14702,0.01066
decode,req1_equal_fresh_irregular_b1_f4500_p0,20260618_110344_prefill_stage1_req1_equal_fresh_irregular_b1_f4500_p0_b1_fvar4500_pvar0_layers5_backend_auto_cg_off_pcg_off_tp1_marker_on_profile_nsys,3,9,1,1,1,attn_mqa->o_proj,0.344416,short_decode_fixed_launch_interval_dominates,host_child_marker,o_proj.host_start,next_child_host_start,child_timing_json/NVTX,1667434329,1667434329,0.209643,0.209643,0.0
decode,req1_equal_fresh_irregular_b1_f4500_p0,20260618_110344_prefill_stage1_req1_equal_fresh_irregular_b1_f4500_p0_b1_fvar4500_pvar0_layers5_backend_auto_cg_off_pcg_off_tp1_marker_on_profile_nsys,3,9,1,1,1,attn_mqa->o_proj,0.344416,short_decode_fixed_launch_interval_dominates,nvtx_covering_gap,"{'Module': 'model.model.layers.3.self_attn.o_proj', 'TrainableParams': {'weight': [7168, 16384], 'weight_scale_inv': [56, 128]}, 'Inputs': [[1, 16384]]}",covers_or_overlaps_gap,NVTX_EVENTS,1667434329,1667808271,0.209643,0.583585,0.373942
decode,req1_equal_fresh_irregular_b1_f4500_p0,20260618_110344_prefill_stage1_req1_equal_fresh_irregular_b1_f4500_p0_b1_fvar4500_pvar0_layers5_backend_auto_cg_off_pcg_off_tp1_marker_on_profile_nsys,3,9,1,1,1,attn_mqa->o_proj,0.344416,short_decode_fixed_launch_interval_dominates,cuda_runtime_boundary,cudaLaunchKernel_v7000,next_kernel_launch_runtime,CUPTI runtime correlationId,1667556913,1667568799,0.332227,0.344113,0.011886
decode,req1_equal_fresh_irregular_b1_f4500_p0,20260618_110344_prefill_stage1_req1_equal_fresh_irregular_b1_f4500_p0_b1_fvar4500_pvar0_layers5_backend_auto_cg_off_pcg_off_tp1_marker_on_profile_nsys,3,9,1,1,1,attn_mqa->o_proj,0.344416,short_decode_fixed_launch_interval_dominates,cuda_runtime_in_gap,cudaLaunchKernel_v7000,inside_gap,CUPTI runtime,1667556913,1667568799,0.332227,0.344113,0.011886
decode,req1_equal_fresh_irregular_b1_f4500_p0,20260618_110344_prefill_stage1_req1_equal_fresh_irregular_b1_f4500_p0_b1_fvar4500_pvar0_layers5_backend_auto_cg_off_pcg_off_tp1_marker_on_profile_nsys,3,9,1,1,1,attn_mqa->o_proj,0.344416,short_decode_fixed_launch_interval_dominates,gpu_gap_boundary,gap_end_next_kernel_start,gap_end,kernel boundary,1667569102,1667569102,0.344416,0.344416,0.0
decode,req1_equal_fresh_irregular_b1_f4500_p0,20260618_110344_prefill_stage1_req1_equal_fresh_irregular_b1_f4500_p0_b1_fvar4500_pvar0_layers5_backend_auto_cg_off_pcg_off_tp1_marker_on_profile_nsys,3,9,1,1,1,attn_mqa->o_proj,0.344416,short_decode_fixed_launch_interval_dominates,gpu_kernel_boundary,per_token_group_quant_8bit_kernel,next_kernel,CUPTI kernel,1667569102,1667570926,0.344416,0.34624,0.001824
decode,req1_equal_fresh_irregular_b1_f4500_p0,20260618_110344_prefill_stage1_req1_equal_fresh_irregular_b1_f4500_p0_b1_fvar4500_pvar0_layers5_backend_auto_cg_off_pcg_off_tp1_marker_on_profile_nsys,4,10,1,1,1,attn_mqa->o_proj,0.31008,short_decode_fixed_launch_interval_dominates,osrt_overlap_in_gap,epoll_pwait,overlaps_gap,OSRT_API,23802807,1675699645,-1647.872407,4.024431,1651.896838
decode,req1_equal_fresh_irregular_b1_f4500_p0,20260618_110344_prefill_stage1_req1_equal_fresh_irregular_b1_f4500_p0_b1_fvar4500_pvar0_layers5_backend_auto_cg_off_pcg_off_tp1_marker_on_profile_nsys,4,10,1,1,1,attn_mqa->o_proj,0.31008,short_decode_fixed_launch_interval_dominates,osrt_overlap_in_gap,pthread_cond_timedwait,overlaps_gap,OSRT_API,1627391050,1727482094,-44.284164,55.80688,100.091044
decode,req1_equal_fresh_irregular_b1_f4500_p0,20260618_110344_prefill_stage1_req1_equal_fresh_irregular_b1_f4500_p0_b1_fvar4500_pvar0_layers5_backend_auto_cg_off_pcg_off_tp1_marker_on_profile_nsys,4,10,1,1,1,attn_mqa->o_proj,0.31008,short_decode_fixed_launch_interval_dominates,osrt_overlap_in_gap,poll,overlaps_gap,OSRT_API,1639763513,1739911443,-31.911701,68.236229,100.14793
decode,req1_equal_fresh_irregular_b1_f4500_p0,20260618_110344_prefill_stage1_req1_equal_fresh_irregular_b1_f4500_p0_b1_fvar4500_pvar0_layers5_backend_auto_cg_off_pcg_off_tp1_marker_on_profile_nsys,4,10,1,1,1,attn_mqa->o_proj,0.31008,short_decode_fixed_launch_interval_dominates,nvtx_covering_gap,"{'Module': 'model.model', 'Inputs': [[1], [1]]}",covers_or_overlaps_gap,NVTX_EVENTS,1651155788,1673929864,-20.519426,2.25465,22.774076
decode,req1_equal_fresh_irregular_b1_f4500_p0,20260618_110344_prefill_stage1_req1_equal_fresh_irregular_b1_f4500_p0_b1_fvar4500_pvar0_layers5_backend_auto_cg_off_pcg_off_tp1_marker_on_profile_nsys,4,10,1,1,1,attn_mqa->o_proj,0.31008,short_decode_fixed_launch_interval_dominates,osrt_overlap_in_gap,epoll_wait,overlaps_gap,OSRT_API,1661989621,1672083892,-9.685593,0.408678,10.094271
decode,req1_equal_fresh_irregular_b1_f4500_p0,20260618_110344_prefill_stage1_req1_equal_fresh_irregular_b1_f4500_p0_b1_fvar4500_pvar0_layers5_backend_auto_cg_off_pcg_off_tp1_marker_on_profile_nsys,4,10,1,1,1,attn_mqa->o_proj,0.31008,short_decode_fixed_launch_interval_dominates,osrt_overlap_in_gap,epoll_wait,overlaps_gap,OSRT_API,1662352977,1672446190,-9.322237,0.770976,10.093213
decode,req1_equal_fresh_irregular_b1_f4500_p0,20260618_110344_prefill_stage1_req1_equal_fresh_irregular_b1_f4500_p0_b1_fvar4500_pvar0_layers5_backend_auto_cg_off_pcg_off_tp1_marker_on_profile_nsys,4,10,1,1,1,attn_mqa->o_proj,0.31008,short_decode_fixed_launch_interval_dominates,nvtx_covering_gap,"{'Module': 'model.model.layers.4', 'Inputs': [[1], [1, 7168], [1, 7168]]}",covers_or_overlaps_gap,NVTX_EVENTS,1669730730,1673811020,-1.944484,2.135806,4.08029
decode,req1_equal_fresh_irregular_b1_f4500_p0,20260618_110344_prefill_stage1_req1_equal_fresh_irregular_b1_f4500_p0_b1_fvar4500_pvar0_layers5_backend_auto_cg_off_pcg_off_tp1_marker_on_profile_nsys,4,10,1,1,1,attn_mqa->o_proj,0.31008,short_decode_fixed_launch_interval_dominates,nvtx_covering_gap,{'Module': 'model.model.layers.4.self_attn'},covers_or_overlaps_gap,NVTX_EVENTS,1669869651,1672243699,-1.805563,0.568485,2.374048
decode,req1_equal_fresh_irregular_b1_f4500_p0,20260618_110344_prefill_stage1_req1_equal_fresh_irregular_b1_f4500_p0_b1_fvar4500_pvar0_layers5_backend_auto_cg_off_pcg_off_tp1_marker_on_profile_nsys,4,10,1,1,1,attn_mqa->o_proj,0.31008,short_decode_fixed_launch_interval_dominates,nvtx_covering_gap,"{'Module': 'model.model.layers.4.self_attn.attn_mqa', 'TrainableParams': {'k_scale': [], 'v_scale': []}, 'Inputs': [[1, 128, 512], [1, 1, 512], [1, 1, 512]]}",covers_or_overlaps_gap,NVTX_EVENTS,1671325755,1671704025,-0.349459,0.028811,0.37827
decode,req1_equal_fresh_irregular_b1_f4500_p0,20260618_110344_prefill_stage1_req1_equal_fresh_irregular_b1_f4500_p0_b1_fvar4500_pvar0_layers5_backend_auto_cg_off_pcg_off_tp1_marker_on_profile_nsys,4,10,1,1,1,attn_mqa->o_proj,0.31008,short_decode_fixed_launch_interval_dominates,cuda_runtime_boundary,cudaLaunchKernelExC_v11060,prev_kernel_launch_runtime,CUPTI runtime correlationId,1671657854,1671664618,-0.01736,-0.010596,0.006764
decode,req1_equal_fresh_irregular_b1_f4500_p0,20260618_110344_prefill_stage1_req1_equal_fresh_irregular_b1_f4500_p0_b1_fvar4500_pvar0_layers5_backend_auto_cg_off_pcg_off_tp1_marker_on_profile_nsys,4,10,1,1,1,attn_mqa->o_proj,0.31008,short_decode_fixed_launch_interval_dominates,gpu_kernel_boundary,device_kernel,prev_kernel,CUPTI kernel,1671669998,1671675214,-0.005216,0.0,0.005216
decode,req1_equal_fresh_irregular_b1_f4500_p0,20260618_110344_prefill_stage1_req1_equal_fresh_irregular_b1_f4500_p0_b1_fvar4500_pvar0_layers5_backend_auto_cg_off_pcg_off_tp1_marker_on_profile_nsys,4,10,1,1,1,attn_mqa->o_proj,0.31008,short_decode_fixed_launch_interval_dominates,gpu_gap_boundary,gap_start_prev_kernel_end,gap_start,kernel boundary,1671675214,1671675214,0.0,0.0,0.0
decode,req1_equal_fresh_irregular_b1_f4500_p0,20260618_110344_prefill_stage1_req1_equal_fresh_irregular_b1_f4500_p0_b1_fvar4500_pvar0_layers5_backend_auto_cg_off_pcg_off_tp1_marker_on_profile_nsys,4,10,1,1,1,attn_mqa->o_proj,0.31008,short_decode_fixed_launch_interval_dominates,host_child_marker,attn_mqa.host_end,prev_child_host_end,child_timing_json/NVTX,1671704025,1671704025,0.028811,0.028811,0.0
decode,req1_equal_fresh_irregular_b1_f4500_p0,20260618_110344_prefill_stage1_req1_equal_fresh_irregular_b1_f4500_p0_b1_fvar4500_pvar0_layers5_backend_auto_cg_off_pcg_off_tp1_marker_on_profile_nsys,4,10,1,1,1,attn_mqa->o_proj,0.31008,short_decode_fixed_launch_interval_dominates,host_child_marker,o_proj.host_start,next_child_host_start,child_timing_json/NVTX,1671866817,1671866817,0.191603,0.191603,0.0
decode,req1_equal_fresh_irregular_b1_f4500_p0,20260618_110344_prefill_stage1_req1_equal_fresh_irregular_b1_f4500_p0_b1_fvar4500_pvar0_layers5_backend_auto_cg_off_pcg_off_tp1_marker_on_profile_nsys,4,10,1,1,1,attn_mqa->o_proj,0.31008,short_decode_fixed_launch_interval_dominates,nvtx_covering_gap,"{'Module': 'model.model.layers.4.self_attn.o_proj', 'TrainableParams': {'weight': [7168, 16384], 'weight_scale_inv': [56, 128]}, 'Inputs': [[1, 16384]]}",covers_or_overlaps_gap,NVTX_EVENTS,1671866817,1672219236,0.191603,0.544022,0.352419
decode,req1_equal_fresh_irregular_b1_f4500_p0,20260618_110344_prefill_stage1_req1_equal_fresh_irregular_b1_f4500_p0_b1_fvar4500_pvar0_layers5_backend_auto_cg_off_pcg_off_tp1_marker_on_profile_nsys,4,10,1,1,1,attn_mqa->o_proj,0.31008,short_decode_fixed_launch_interval_dominates,cuda_runtime_boundary,cudaLaunchKernel_v7000,next_kernel_launch_runtime,CUPTI runtime correlationId,1671974465,1671984307,0.299251,0.309093,0.009842
decode,req1_equal_fresh_irregular_b1_f4500_p0,20260618_110344_prefill_stage1_req1_equal_fresh_irregular_b1_f4500_p0_b1_fvar4500_pvar0_layers5_backend_auto_cg_off_pcg_off_tp1_marker_on_profile_nsys,4,10,1,1,1,attn_mqa->o_proj,0.31008,short_decode_fixed_launch_interval_dominates,gpu_gap_boundary,gap_end_next_kernel_start,gap_end,kernel boundary,1671985294,1671985294,0.31008,0.31008,0.0
decode,req1_equal_fresh_irregular_b1_f4500_p0,20260618_110344_prefill_stage1_req1_equal_fresh_irregular_b1_f4500_p0_b1_fvar4500_pvar0_layers5_backend_auto_cg_off_pcg_off_tp1_marker_on_profile_nsys,4,10,1,1,1,attn_mqa->o_proj,0.31008,short_decode_fixed_launch_interval_dominates,gpu_kernel_boundary,per_token_group_quant_8bit_kernel,next_kernel,CUPTI kernel,1671985294,1671987118,0.31008,0.311904,0.001824
decode,req1_equal_fresh_irregular_b1_f6000_p0,20260618_110607_prefill_stage1_req1_equal_fresh_irregular_b1_f6000_p0_b1_fvar6000_pvar0_layers5_backend_auto_cg_off_pcg_off_tp1_marker_on_profile_nsys,4,10,1,1,1,attn_mqa->o_proj,0.315616,short_decode_fixed_launch_interval_dominates,osrt_overlap_in_gap,epoll_pwait,overlaps_gap,OSRT_API,158761888,1640429344,-1477.534506,4.13295,1481.667456
decode,req1_equal_fresh_irregular_b1_f6000_p0,20260618_110607_prefill_stage1_req1_equal_fresh_irregular_b1_f6000_p0_b1_fvar6000_pvar0_layers5_backend_auto_cg_off_pcg_off_tp1_marker_on_profile_nsys,4,10,1,1,1,attn_mqa->o_proj,0.315616,short_decode_fixed_launch_interval_dominates,osrt_overlap_in_gap,pthread_cond_timedwait,overlaps_gap,OSRT_API,931274337,1931381895,-705.022057,295.085501,1000.107558
decode,req1_equal_fresh_irregular_b1_f6000_p0,20260618_110607_prefill_stage1_req1_equal_fresh_irregular_b1_f6000_p0_b1_fvar6000_pvar0_layers5_backend_auto_cg_off_pcg_off_tp1_marker_on_profile_nsys,4,10,1,1,1,attn_mqa->o_proj,0.315616,short_decode_fixed_launch_interval_dominates,osrt_overlap_in_gap,poll,overlaps_gap,OSRT_API,1605910100,1706090559,-30.386294,69.794165,100.180459
decode,req1_equal_fresh_irregular_b1_f6000_p0,20260618_110607_prefill_stage1_req1_equal_fresh_irregular_b1_f6000_p0_b1_fvar6000_pvar0_layers5_backend_auto_cg_off_pcg_off_tp1_marker_on_profile_nsys,4,10,1,1,1,attn_mqa->o_proj,0.315616,short_decode_fixed_launch_interval_dominates,nvtx_covering_gap,"{'Module': 'model.model', 'Inputs': [[1], [1]]}",covers_or_overlaps_gap,NVTX_EVENTS,1616884485,1638558237,-19.411909,2.261843,21.673752
decode,req1_equal_fresh_irregular_b1_f6000_p0,20260618_110607_prefill_stage1_req1_equal_fresh_irregular_b1_f6000_p0_b1_fvar6000_pvar0_layers5_backend_auto_cg_off_pcg_off_tp1_marker_on_profile_nsys,4,10,1,1,1,attn_mqa->o_proj,0.315616,short_decode_fixed_launch_interval_dominates,osrt_overlap_in_gap,epoll_wait,overlaps_gap,OSRT_API,1625428312,1639870076,-10.868082,3.573682,14.441764
decode,req1_equal_fresh_irregular_b1_f6000_p0,20260618_110607_prefill_stage1_req1_equal_fresh_irregular_b1_f6000_p0_b1_fvar6000_pvar0_layers5_backend_auto_cg_off_pcg_off_tp1_marker_on_profile_nsys,4,10,1,1,1,attn_mqa->o_proj,0.315616,short_decode_fixed_launch_interval_dominates,osrt_overlap_in_gap,epoll_wait,overlaps_gap,OSRT_API,1628318992,1638386262,-7.977402,2.089868,10.06727
decode,req1_equal_fresh_irregular_b1_f6000_p0,20260618_110607_prefill_stage1_req1_equal_fresh_irregular_b1_f6000_p0_b1_fvar6000_pvar0_layers5_backend_auto_cg_off_pcg_off_tp1_marker_on_profile_nsys,4,10,1,1,1,attn_mqa->o_proj,0.315616,short_decode_fixed_launch_interval_dominates,nvtx_covering_gap,"{'Module': 'model.model.layers.4', 'Inputs': [[1], [1, 7168], [1, 7168]]}",covers_or_overlaps_gap,NVTX_EVENTS,1634368583,1638442987,-1.927811,2.146593,4.074404
decode,req1_equal_fresh_irregular_b1_f6000_p0,20260618_110607_prefill_stage1_req1_equal_fresh_irregular_b1_f6000_p0_b1_fvar6000_pvar0_layers5_backend_auto_cg_off_pcg_off_tp1_marker_on_profile_nsys,4,10,1,1,1,attn_mqa->o_proj,0.315616,short_decode_fixed_launch_interval_dominates,nvtx_covering_gap,{'Module': 'model.model.layers.4.self_attn'},covers_or_overlaps_gap,NVTX_EVENTS,1634503657,1636846762,-1.792737,0.550368,2.343105
decode,req1_equal_fresh_irregular_b1_f6000_p0,20260618_110607_prefill_stage1_req1_equal_fresh_irregular_b1_f6000_p0_b1_fvar6000_pvar0_layers5_backend_auto_cg_off_pcg_off_tp1_marker_on_profile_nsys,4,10,1,1,1,attn_mqa->o_proj,0.315616,short_decode_fixed_launch_interval_dominates,nvtx_covering_gap,"{'Module': 'model.model.layers.4.self_attn.attn_mqa', 'TrainableParams': {'k_scale': [], 'v_scale': []}, 'Inputs': [[1, 128, 512], [1, 1, 512], [1, 1, 512]]}",covers_or_overlaps_gap,NVTX_EVENTS,1635942555,1636323497,-0.353839,0.027103,0.380942
decode,req1_equal_fresh_irregular_b1_f6000_p0,20260618_110607_prefill_stage1_req1_equal_fresh_irregular_b1_f6000_p0_b1_fvar6000_pvar0_layers5_backend_auto_cg_off_pcg_off_tp1_marker_on_profile_nsys,4,10,1,1,1,attn_mqa->o_proj,0.315616,short_decode_fixed_launch_interval_dominates,cuda_runtime_boundary,cudaLaunchKernelExC_v11060,prev_kernel_launch_runtime,CUPTI runtime correlationId,1636278138,1636285206,-0.018256,-0.011188,0.007068
decode,req1_equal_fresh_irregular_b1_f6000_p0,20260618_110607_prefill_stage1_req1_equal_fresh_irregular_b1_f6000_p0_b1_fvar6000_pvar0_layers5_backend_auto_cg_off_pcg_off_tp1_marker_on_profile_nsys,4,10,1,1,1,attn_mqa->o_proj,0.315616,short_decode_fixed_launch_interval_dominates,gpu_kernel_boundary,device_kernel,prev_kernel,CUPTI kernel,1636290314,1636296394,-0.00608,0.0,0.00608
decode,req1_equal_fresh_irregular_b1_f6000_p0,20260618_110607_prefill_stage1_req1_equal_fresh_irregular_b1_f6000_p0_b1_fvar6000_pvar0_layers5_backend_auto_cg_off_pcg_off_tp1_marker_on_profile_nsys,4,10,1,1,1,attn_mqa->o_proj,0.315616,short_decode_fixed_launch_interval_dominates,gpu_gap_boundary,gap_start_prev_kernel_end,gap_start,kernel boundary,1636296394,1636296394,0.0,0.0,0.0
decode,req1_equal_fresh_irregular_b1_f6000_p0,20260618_110607_prefill_stage1_req1_equal_fresh_irregular_b1_f6000_p0_b1_fvar6000_pvar0_layers5_backend_auto_cg_off_pcg_off_tp1_marker_on_profile_nsys,4,10,1,1,1,attn_mqa->o_proj,0.315616,short_decode_fixed_launch_interval_dominates,host_child_marker,attn_mqa.host_end,prev_child_host_end,child_timing_json/NVTX,1636323497,1636323497,0.027103,0.027103,0.0
decode,req1_equal_fresh_irregular_b1_f6000_p0,20260618_110607_prefill_stage1_req1_equal_fresh_irregular_b1_f6000_p0_b1_fvar6000_pvar0_layers5_backend_auto_cg_off_pcg_off_tp1_marker_on_profile_nsys,4,10,1,1,1,attn_mqa->o_proj,0.315616,short_decode_fixed_launch_interval_dominates,host_child_marker,o_proj.host_start,next_child_host_start,child_timing_json/NVTX,1636489082,1636489082,0.192688,0.192688,0.0
decode,req1_equal_fresh_irregular_b1_f6000_p0,20260618_110607_prefill_stage1_req1_equal_fresh_irregular_b1_f6000_p0_b1_fvar6000_pvar0_layers5_backend_auto_cg_off_pcg_off_tp1_marker_on_profile_nsys,4,10,1,1,1,attn_mqa->o_proj,0.315616,short_decode_fixed_launch_interval_dominates,nvtx_covering_gap,"{'Module': 'model.model.layers.4.self_attn.o_proj', 'TrainableParams': {'weight': [7168, 16384], 'weight_scale_inv': [56, 128]}, 'Inputs': [[1, 16384]]}",covers_or_overlaps_gap,NVTX_EVENTS,1636489082,1636824316,0.192688,0.527922,0.335234
decode,req1_equal_fresh_irregular_b1_f6000_p0,20260618_110607_prefill_stage1_req1_equal_fresh_irregular_b1_f6000_p0_b1_fvar6000_pvar0_layers5_backend_auto_cg_off_pcg_off_tp1_marker_on_profile_nsys,4,10,1,1,1,attn_mqa->o_proj,0.315616,short_decode_fixed_launch_interval_dominates,cuda_runtime_boundary,cudaLaunchKernel_v7000,next_kernel_launch_runtime,CUPTI runtime correlationId,1636601354,1636610997,0.30496,0.314603,0.009643
decode,req1_equal_fresh_irregular_b1_f6000_p0,20260618_110607_prefill_stage1_req1_equal_fresh_irregular_b1_f6000_p0_b1_fvar6000_pvar0_layers5_backend_auto_cg_off_pcg_off_tp1_marker_on_profile_nsys,4,10,1,1,1,attn_mqa->o_proj,0.315616,short_decode_fixed_launch_interval_dominates,gpu_gap_boundary,gap_end_next_kernel_start,gap_end,kernel boundary,1636612010,1636612010,0.315616,0.315616,0.0
decode,req1_equal_fresh_irregular_b1_f6000_p0,20260618_110607_prefill_stage1_req1_equal_fresh_irregular_b1_f6000_p0_b1_fvar6000_pvar0_layers5_backend_auto_cg_off_pcg_off_tp1_marker_on_profile_nsys,4,10,1,1,1,attn_mqa->o_proj,0.315616,short_decode_fixed_launch_interval_dominates,gpu_kernel_boundary,per_token_group_quant_8bit_kernel,next_kernel,CUPTI kernel,1636612010,1636613738,0.315616,0.317344,0.001728
decode,req1_equal_fresh_regular_b1_f1_p0,20260618_104620_prefill_stage1_req1_equal_fresh_regular_b1_f1_p0_b1_fvar1_pvar0_layers5_backend_auto_cg_off_pcg_off_tp1_marker_on_profile_nsys,0,1,1,2,1,rotary_emb->o_proj,0.903744,short_decode_fixed_launch_interval_dominates,osrt_overlap_in_gap,epoll_wait,overlaps_gap,OSRT_API,28449148,38516131,-7.193628,2.873355,10.066983
decode,req1_equal_fresh_regular_b1_f1_p0,20260618_104620_prefill_stage1_req1_equal_fresh_regular_b1_f1_p0_b1_fvar1_pvar0_layers5_backend_auto_cg_off_pcg_off_tp1_marker_on_profile_nsys,0,1,1,2,1,rotary_emb->o_proj,0.903744,short_decode_fixed_launch_interval_dominates,osrt_overlap_in_gap,epoll_wait,overlaps_gap,OSRT_API,30135940,40202766,-5.506836,4.55999,10.066826
decode,req1_equal_fresh_regular_b1_f1_p0,20260618_104620_prefill_stage1_req1_equal_fresh_regular_b1_f1_p0_b1_fvar1_pvar0_layers5_backend_auto_cg_off_pcg_off_tp1_marker_on_profile_nsys,0,1,1,2,1,rotary_emb->o_proj,0.903744,short_decode_fixed_launch_interval_dominates,osrt_overlap_in_gap,epoll_wait,overlaps_gap,OSRT_API,31025945,70079476,-4.616831,34.4367,39.053531
decode,req1_equal_fresh_regular_b1_f1_p0,20260618_104620_prefill_stage1_req1_equal_fresh_regular_b1_f1_p0_b1_fvar1_pvar0_layers5_backend_auto_cg_off_pcg_off_tp1_marker_on_profile_nsys,0,1,1,2,1,rotary_emb->o_proj,0.903744,short_decode_fixed_launch_interval_dominates,osrt_overlap_in_gap,epoll_wait,overlaps_gap,OSRT_API,31098642,69852001,-4.544134,34.209225,38.753359
decode,req1_equal_fresh_regular_b1_f1_p0,20260618_104620_prefill_stage1_req1_equal_fresh_regular_b1_f1_p0_b1_fvar1_pvar0_layers5_backend_auto_cg_off_pcg_off_tp1_marker_on_profile_nsys,0,1,1,2,1,rotary_emb->o_proj,0.903744,short_decode_fixed_launch_interval_dominates,osrt_overlap_in_gap,epoll_pwait,overlaps_gap,OSRT_API,31195381,70174995,-4.447395,34.532219,38.979614
decode,req1_equal_fresh_regular_b1_f1_p0,20260618_104620_prefill_stage1_req1_equal_fresh_regular_b1_f1_p0_b1_fvar1_pvar0_layers5_backend_auto_cg_off_pcg_off_tp1_marker_on_profile_nsys,0,1,1,2,1,rotary_emb->o_proj,0.903744,short_decode_fixed_launch_interval_dominates,nvtx_covering_gap,"{'Module': 'model.model', 'Inputs': [[1], [1]]}",covers_or_overlaps_gap,NVTX_EVENTS,33999115,50805401,-1.643661,15.162625,16.806286
decode,req1_equal_fresh_regular_b1_f1_p0,20260618_104620_prefill_stage1_req1_equal_fresh_regular_b1_f1_p0_b1_fvar1_pvar0_layers5_backend_auto_cg_off_pcg_off_tp1_marker_on_profile_nsys,0,1,1,2,1,rotary_emb->o_proj,0.903744,short_decode_fixed_launch_interval_dominates,nvtx_covering_gap,"{'Module': 'model.model.layers.0', 'Inputs': [[1], [1, 7168]]}",covers_or_overlaps_gap,NVTX_EVENTS,34235301,37508218,-1.407475,1.865442,3.272917
decode,req1_equal_fresh_regular_b1_f1_p0,20260618_104620_prefill_stage1_req1_equal_fresh_regular_b1_f1_p0_b1_fvar1_pvar0_layers5_backend_auto_cg_off_pcg_off_tp1_marker_on_profile_nsys,0,1,1,2,1,rotary_emb->o_proj,0.903744,short_decode_fixed_launch_interval_dominates,nvtx_covering_gap,{'Module': 'model.model.layers.0.self_attn'},covers_or_overlaps_gap,NVTX_EVENTS,34387347,36726071,-1.255429,1.083295,2.338724
decode,req1_equal_fresh_regular_b1_f1_p0,20260618_104620_prefill_stage1_req1_equal_fresh_regular_b1_f1_p0_b1_fvar1_pvar0_layers5_backend_auto_cg_off_pcg_off_tp1_marker_on_profile_nsys,0,1,1,2,1,rotary_emb->o_proj,0.903744,short_decode_fixed_launch_interval_dominates,cuda_runtime_boundary,cudaLaunchKernel_v7000,prev_kernel_launch_runtime,CUPTI runtime correlationId,35631100,35640710,-0.011676,-0.002066,0.00961
decode,req1_equal_fresh_regular_b1_f1_p0,20260618_104620_prefill_stage1_req1_equal_fresh_regular_b1_f1_p0_b1_fvar1_pvar0_layers5_backend_auto_cg_off_pcg_off_tp1_marker_on_profile_nsys,0,1,1,2,1,rotary_emb->o_proj,0.903744,short_decode_fixed_launch_interval_dominates,gpu_kernel_boundary,BatchQKApplyRotaryPosIdsCosSinCacheHeadParallelismKernel,prev_kernel,CUPTI kernel,35641112,35642776,-0.001664,0.0,0.001664
decode,req1_equal_fresh_regular_b1_f1_p0,20260618_104620_prefill_stage1_req1_equal_fresh_regular_b1_f1_p0_b1_fvar1_pvar0_layers5_backend_auto_cg_off_pcg_off_tp1_marker_on_profile_nsys,0,1,1,2,1,rotary_emb->o_proj,0.903744,short_decode_fixed_launch_interval_dominates,gpu_gap_boundary,gap_start_prev_kernel_end,gap_start,kernel boundary,35642776,35642776,0.0,0.0,0.0
decode,req1_equal_fresh_regular_b1_f1_p0,20260618_104620_prefill_stage1_req1_equal_fresh_regular_b1_f1_p0_b1_fvar1_pvar0_layers5_backend_auto_cg_off_pcg_off_tp1_marker_on_profile_nsys,0,1,1,2,1,rotary_emb->o_proj,0.903744,short_decode_fixed_launch_interval_dominates,host_child_marker,rotary_emb.host_end,prev_child_host_end,child_timing_json/NVTX,35655666,35655666,0.01289,0.01289,0.0
decode,req1_equal_fresh_regular_b1_f1_p0,20260618_104620_prefill_stage1_req1_equal_fresh_regular_b1_f1_p0_b1_fvar1_pvar0_layers5_backend_auto_cg_off_pcg_off_tp1_marker_on_profile_nsys,0,1,1,2,1,rotary_emb->o_proj,0.903744,short_decode_fixed_launch_interval_dominates,nvtx_covering_gap,"{'Module': 'model.model.layers.0.self_attn.kv_b_proj', 'TrainableParams': {'weight': [32768, 512], 'weight_scale_inv': [256, 4]}, 'Inputs': [[1, 512]]}",covers_or_overlaps_gap,NVTX_EVENTS,35818384,36087176,0.175608,0.4444,0.268792
decode,req1_equal_fresh_regular_b1_f1_p0,20260618_104620_prefill_stage1_req1_equal_fresh_regular_b1_f1_p0_b1_fvar1_pvar0_layers5_backend_auto_cg_off_pcg_off_tp1_marker_on_profile_nsys,0,1,1,2,1,rotary_emb->o_proj,0.903744,short_decode_fixed_launch_interval_dominates,cuda_runtime_in_gap,cuLaunchKernelEx,inside_gap,CUPTI runtime,36047425,36059778,0.404649,0.417002,0.012353
decode,req1_equal_fresh_regular_b1_f1_p0,20260618_104620_prefill_stage1_req1_equal_fresh_regular_b1_f1_p0_b1_fvar1_pvar0_layers5_backend_auto_cg_off_pcg_off_tp1_marker_on_profile_nsys,0,1,1,2,1,rotary_emb->o_proj,0.903744,short_decode_fixed_launch_interval_dominates,nvtx_covering_gap,"{'Module': 'model.model.layers.0.self_attn.attn_mha', 'TrainableParams': {'k_scale': [], 'v_scale': []}, 'Inputs': [[1, 128, 192], [1, 128, 192], [1, 128, 128]]}",covers_or_overlaps_gap,NVTX_EVENTS,36204904,36396122,0.562128,0.753346,0.191218
decode,req1_equal_fresh_regular_b1_f1_p0,20260618_104620_prefill_stage1_req1_equal_fresh_regular_b1_f1_p0_b1_fvar1_pvar0_layers5_backend_auto_cg_off_pcg_off_tp1_marker_on_profile_nsys,0,1,1,2,1,rotary_emb->o_proj,0.903744,short_decode_fixed_launch_interval_dominates,cuda_runtime_in_gap,cudaLaunchKernel_v7000,inside_gap,CUPTI runtime,36337246,36347735,0.69447,0.704959,0.010489
decode,req1_equal_fresh_regular_b1_f1_p0,20260618_104620_prefill_stage1_req1_equal_fresh_regular_b1_f1_p0_b1_fvar1_pvar0_layers5_backend_auto_cg_off_pcg_off_tp1_marker_on_profile_nsys,0,1,1,2,1,rotary_emb->o_proj,0.903744,short_decode_fixed_launch_interval_dominates,host_child_marker,o_proj.host_start,next_child_host_start,child_timing_json/NVTX,36447476,36447476,0.8047,0.8047,0.0
decode,req1_equal_fresh_regular_b1_f1_p0,20260618_104620_prefill_stage1_req1_equal_fresh_regular_b1_f1_p0_b1_fvar1_pvar0_layers5_backend_auto_cg_off_pcg_off_tp1_marker_on_profile_nsys,0,1,1,2,1,rotary_emb->o_proj,0.903744,short_decode_fixed_launch_interval_dominates,cuda_runtime_boundary,cudaLaunchKernel_v7000,next_kernel_launch_runtime,CUPTI runtime correlationId,36537135,36544961,0.894359,0.902185,0.007826
decode,req1_equal_fresh_regular_b1_f1_p0,20260618_104620_prefill_stage1_req1_equal_fresh_regular_b1_f1_p0_b1_fvar1_pvar0_layers5_backend_auto_cg_off_pcg_off_tp1_marker_on_profile_nsys,0,1,1,2,1,rotary_emb->o_proj,0.903744,short_decode_fixed_launch_interval_dominates,gpu_gap_boundary,gap_end_next_kernel_start,gap_end,kernel boundary,36546520,36546520,0.903744,0.903744,0.0
decode,req1_equal_fresh_regular_b1_f1_p0,20260618_104620_prefill_stage1_req1_equal_fresh_regular_b1_f1_p0_b1_fvar1_pvar0_layers5_backend_auto_cg_off_pcg_off_tp1_marker_on_profile_nsys,0,1,1,2,1,rotary_emb->o_proj,0.903744,short_decode_fixed_launch_interval_dominates,gpu_kernel_boundary,per_token_group_quant_8bit_kernel,next_kernel,CUPTI kernel,36546520,36548184,0.903744,0.905408,0.001664
decode,req1_equal_fresh_regular_b1_f1_p0,20260618_104620_prefill_stage1_req1_equal_fresh_regular_b1_f1_p0_b1_fvar1_pvar0_layers5_backend_auto_cg_off_pcg_off_tp1_marker_on_profile_nsys,0,6,2,2,1,q_b_proj->rotary_emb,0.27728,short_decode_fixed_launch_interval_dominates,osrt_overlap_in_gap,epoll_wait,overlaps_gap,OSRT_API,31025945,70079476,-23.434942,15.618589,39.053531
decode,req1_equal_fresh_regular_b1_f1_p0,20260618_104620_prefill_stage1_req1_equal_fresh_regular_b1_f1_p0_b1_fvar1_pvar0_layers5_backend_auto_cg_off_pcg_off_tp1_marker_on_profile_nsys,0,6,2,2,1,q_b_proj->rotary_emb,0.27728,short_decode_fixed_launch_interval_dominates,osrt_overlap_in_gap,epoll_wait,overlaps_gap,OSRT_API,31098642,69852001,-23.362245,15.391114,38.753359
decode,req1_equal_fresh_regular_b1_f1_p0,20260618_104620_prefill_stage1_req1_equal_fresh_regular_b1_f1_p0_b1_fvar1_pvar0_layers5_backend_auto_cg_off_pcg_off_tp1_marker_on_profile_nsys,0,6,2,2,1,q_b_proj->rotary_emb,0.27728,short_decode_fixed_launch_interval_dominates,osrt_overlap_in_gap,epoll_pwait,overlaps_gap,OSRT_API,31195381,70174995,-23.265506,15.714108,38.979614
decode,req1_equal_fresh_regular_b1_f1_p0,20260618_104620_prefill_stage1_req1_equal_fresh_regular_b1_f1_p0_b1_fvar1_pvar0_layers5_backend_auto_cg_off_pcg_off_tp1_marker_on_profile_nsys,0,6,2,2,1,q_b_proj->rotary_emb,0.27728,short_decode_fixed_launch_interval_dominates,osrt_overlap_in_gap,epoll_wait,overlaps_gap,OSRT_API,49380042,59449045,-5.080845,4.988158,10.069003
decode,req1_equal_fresh_regular_b1_f1_p0,20260618_104620_prefill_stage1_req1_equal_fresh_regular_b1_f1_p0_b1_fvar1_pvar0_layers5_backend_auto_cg_off_pcg_off_tp1_marker_on_profile_nsys,0,6,2,2,1,q_b_proj->rotary_emb,0.27728,short_decode_fixed_launch_interval_dominates,osrt_overlap_in_gap,epoll_wait,overlaps_gap,OSRT_API,51083770,61150864,-3.377117,6.689977,10.067094
decode,req1_equal_fresh_regular_b1_f1_p0,20260618_104620_prefill_stage1_req1_equal_fresh_regular_b1_f1_p0_b1_fvar1_pvar0_layers5_backend_auto_cg_off_pcg_off_tp1_marker_on_profile_nsys,0,6,2,2,1,q_b_proj->rotary_emb,0.27728,short_decode_fixed_launch_interval_dominates,nvtx_covering_gap,"{'Module': 'model.model', 'Inputs': [[1], [1]]}",covers_or_overlaps_gap,NVTX_EVENTS,53218323,68730425,-1.242564,14.269538,15.512102
decode,req1_equal_fresh_regular_b1_f1_p0,20260618_104620_prefill_stage1_req1_equal_fresh_regular_b1_f1_p0_b1_fvar1_pvar0_layers5_backend_auto_cg_off_pcg_off_tp1_marker_on_profile_nsys,0,6,2,2,1,q_b_proj->rotary_emb,0.27728,short_decode_fixed_launch_interval_dominates,nvtx_covering_gap,"{'Module': 'model.model.layers.0', 'Inputs': [[1], [1, 7168]]}",covers_or_overlaps_gap,NVTX_EVENTS,53415545,56366265,-1.045342,1.905378,2.95072
decode,req1_equal_fresh_regular_b1_f1_p0,20260618_104620_prefill_stage1_req1_equal_fresh_regular_b1_f1_p0_b1_fvar1_pvar0_layers5_backend_auto_cg_off_pcg_off_tp1_marker_on_profile_nsys,0,6,2,2,1,q_b_proj->rotary_emb,0.27728,short_decode_fixed_launch_interval_dominates,nvtx_covering_gap,{'Module': 'model.model.layers.0.self_attn'},covers_or_overlaps_gap,NVTX_EVENTS,53537972,55574671,-0.922915,1.113784,2.036699
decode,req1_equal_fresh_regular_b1_f1_p0,20260618_104620_prefill_stage1_req1_equal_fresh_regular_b1_f1_p0_b1_fvar1_pvar0_layers5_backend_auto_cg_off_pcg_off_tp1_marker_on_profile_nsys,0,6,2,2,1,q_b_proj->rotary_emb,0.27728,short_decode_fixed_launch_interval_dominates,nvtx_covering_gap,"{'Module': 'model.model.layers.0.self_attn.q_b_proj', 'TrainableParams': {'weight': [24576, 1536], 'weight_scale_inv': [192, 12]}, 'Inputs': [[1, 1536]]}",covers_or_overlaps_gap,NVTX_EVENTS,54188441,54473698,-0.272446,0.012811,0.285257
decode,req1_equal_fresh_regular_b1_f1_p0,20260618_104620_prefill_stage1_req1_equal_fresh_regular_b1_f1_p0_b1_fvar1_pvar0_layers5_backend_auto_cg_off_pcg_off_tp1_marker_on_profile_nsys,0,6,2,2,1,q_b_proj->rotary_emb,0.27728,short_decode_fixed_launch_interval_dominates,cuda_runtime_boundary,cuLaunchKernelEx,prev_kernel_launch_runtime,CUPTI runtime correlationId,54434385,54442595,-0.026502,-0.018292,0.00821
decode,req1_equal_fresh_regular_b1_f1_p0,20260618_104620_prefill_stage1_req1_equal_fresh_regular_b1_f1_p0_b1_fvar1_pvar0_layers5_backend_auto_cg_off_pcg_off_tp1_marker_on_profile_nsys,0,6,2,2,1,q_b_proj->rotary_emb,0.27728,short_decode_fixed_launch_interval_dominates,gpu_kernel_boundary,sm90_fp8_gemm_1d2d_impl,prev_kernel,CUPTI kernel,54443831,54460887,-0.017056,0.0,0.017056
decode,req1_equal_fresh_regular_b1_f1_p0,20260618_104620_prefill_stage1_req1_equal_fresh_regular_b1_f1_p0_b1_fvar1_pvar0_layers5_backend_auto_cg_off_pcg_off_tp1_marker_on_profile_nsys,0,6,2,2,1,q_b_proj->rotary_emb,0.27728,short_decode_fixed_launch_interval_dominates,gpu_gap_boundary,gap_start_prev_kernel_end,gap_start,kernel boundary,54460887,54460887,0.0,0.0,0.0
decode,req1_equal_fresh_regular_b1_f1_p0,20260618_104620_prefill_stage1_req1_equal_fresh_regular_b1_f1_p0_b1_fvar1_pvar0_layers5_backend_auto_cg_off_pcg_off_tp1_marker_on_profile_nsys,0,6,2,2,1,q_b_proj->rotary_emb,0.27728,short_decode_fixed_launch_interval_dominates,host_child_marker,q_b_proj.host_end,prev_child_host_end,child_timing_json/NVTX,54473698,54473698,0.012811,0.012811,0.0
decode,req1_equal_fresh_regular_b1_f1_p0,20260618_104620_prefill_stage1_req1_equal_fresh_regular_b1_f1_p0_b1_fvar1_pvar0_layers5_backend_auto_cg_off_pcg_off_tp1_marker_on_profile_nsys,0,6,2,2,1,q_b_proj->rotary_emb,0.27728,short_decode_fixed_launch_interval_dominates,cuda_runtime_in_gap,cuLaunchKernelEx,inside_gap,CUPTI runtime,54592460,54606159,0.131573,0.145272,0.013699
decode,req1_equal_fresh_regular_b1_f1_p0,20260618_104620_prefill_stage1_req1_equal_fresh_regular_b1_f1_p0_b1_fvar1_pvar0_layers5_backend_auto_cg_off_pcg_off_tp1_marker_on_profile_nsys,0,6,2,2,1,q_b_proj->rotary_emb,0.27728,short_decode_fixed_launch_interval_dominates,host_child_marker,rotary_emb.host_start,next_child_host_start,child_timing_json/NVTX,54660957,54660957,0.20007,0.20007,0.0
decode,req1_equal_fresh_regular_b1_f1_p0,20260618_104620_prefill_stage1_req1_equal_fresh_regular_b1_f1_p0_b1_fvar1_pvar0_layers5_backend_auto_cg_off_pcg_off_tp1_marker_on_profile_nsys,0,6,2,2,1,q_b_proj->rotary_emb,0.27728,short_decode_fixed_launch_interval_dominates,nvtx_covering_gap,"{'Module': 'model.model.layers.0.self_attn.rotary_emb', 'Inputs': [[1], [1, 128, 64], [1, 1, 64]]}",covers_or_overlaps_gap,NVTX_EVENTS,54660957,54752522,0.20007,0.291635,0.091565
decode,req1_equal_fresh_regular_b1_f1_p0,20260618_104620_prefill_stage1_req1_equal_fresh_regular_b1_f1_p0_b1_fvar1_pvar0_layers5_backend_auto_cg_off_pcg_off_tp1_marker_on_profile_nsys,0,6,2,2,1,q_b_proj->rotary_emb,0.27728,short_decode_fixed_launch_interval_dominates,cuda_runtime_boundary,cudaLaunchKernel_v7000,next_kernel_launch_runtime,CUPTI runtime correlationId,54728623,54737620,0.267736,0.276733,0.008997
decode,req1_equal_fresh_regular_b1_f1_p0,20260618_104620_prefill_stage1_req1_equal_fresh_regular_b1_f1_p0_b1_fvar1_pvar0_layers5_backend_auto_cg_off_pcg_off_tp1_marker_on_profile_nsys,0,6,2,2,1,q_b_proj->rotary_emb,0.27728,short_decode_fixed_launch_interval_dominates,gpu_gap_boundary,gap_end_next_kernel_start,gap_end,kernel boundary,54738167,54738167,0.27728,0.27728,0.0
decode,req1_equal_fresh_regular_b1_f1_p0,20260618_104620_prefill_stage1_req1_equal_fresh_regular_b1_f1_p0_b1_fvar1_pvar0_layers5_backend_auto_cg_off_pcg_off_tp1_marker_on_profile_nsys,0,6,2,2,1,q_b_proj->rotary_emb,0.27728,short_decode_fixed_launch_interval_dominates,gpu_kernel_boundary,BatchQKApplyRotaryPosIdsCosSinCacheHeadParallelismKernel,next_kernel,CUPTI kernel,54738167,54739927,0.27728,0.27904,0.00176
decode,req1_equal_fresh_regular_b1_f1_p0,20260618_104620_prefill_stage1_req1_equal_fresh_regular_b1_f1_p0_b1_fvar1_pvar0_layers5_backend_auto_cg_off_pcg_off_tp1_marker_on_profile_nsys,1,2,1,2,1,rotary_emb->o_proj,0.828896,short_decode_fixed_launch_interval_dominates,osrt_overlap_in_gap,epoll_wait,overlaps_gap,OSRT_API,30135940,40202766,-8.56706,1.499766,10.066826
decode,req1_equal_fresh_regular_b1_f1_p0,20260618_104620_prefill_stage1_req1_equal_fresh_regular_b1_f1_p0_b1_fvar1_pvar0_layers5_backend_auto_cg_off_pcg_off_tp1_marker_on_profile_nsys,1,2,1,2,1,rotary_emb->o_proj,0.828896,short_decode_fixed_launch_interval_dominates,osrt_overlap_in_gap,epoll_wait,overlaps_gap,OSRT_API,30273917,40364335,-8.429083,1.661335,10.090418
decode,req1_equal_fresh_regular_b1_f1_p0,20260618_104620_prefill_stage1_req1_equal_fresh_regular_b1_f1_p0_b1_fvar1_pvar0_layers5_backend_auto_cg_off_pcg_off_tp1_marker_on_profile_nsys,1,2,1,2,1,rotary_emb->o_proj,0.828896,short_decode_fixed_launch_interval_dominates,osrt_overlap_in_gap,epoll_wait,overlaps_gap,OSRT_API,31025945,70079476,-7.677055,31.376476,39.053531
decode,req1_equal_fresh_regular_b1_f1_p0,20260618_104620_prefill_stage1_req1_equal_fresh_regular_b1_f1_p0_b1_fvar1_pvar0_layers5_backend_auto_cg_off_pcg_off_tp1_marker_on_profile_nsys,1,2,1,2,1,rotary_emb->o_proj,0.828896,short_decode_fixed_launch_interval_dominates,osrt_overlap_in_gap,epoll_wait,overlaps_gap,OSRT_API,31098642,69852001,-7.604358,31.149001,38.753359
decode,req1_equal_fresh_regular_b1_f1_p0,20260618_104620_prefill_stage1_req1_equal_fresh_regular_b1_f1_p0_b1_fvar1_pvar0_layers5_backend_auto_cg_off_pcg_off_tp1_marker_on_profile_nsys,1,2,1,2,1,rotary_emb->o_proj,0.828896,short_decode_fixed_launch_interval_dominates,osrt_overlap_in_gap,epoll_pwait,overlaps_gap,OSRT_API,31195381,70174995,-7.507619,31.471995,38.979614
decode,req1_equal_fresh_regular_b1_f1_p0,20260618_104620_prefill_stage1_req1_equal_fresh_regular_b1_f1_p0_b1_fvar1_pvar0_layers5_backend_auto_cg_off_pcg_off_tp1_marker_on_profile_nsys,1,2,1,2,1,rotary_emb->o_proj,0.828896,short_decode_fixed_launch_interval_dominates,nvtx_covering_gap,"{'Module': 'model.model', 'Inputs': [[1], [1]]}",covers_or_overlaps_gap,NVTX_EVENTS,33999115,50805401,-4.703885,12.102401,16.806286
decode,req1_equal_fresh_regular_b1_f1_p0,20260618_104620_prefill_stage1_req1_equal_fresh_regular_b1_f1_p0_b1_fvar1_pvar0_layers5_backend_auto_cg_off_pcg_off_tp1_marker_on_profile_nsys,1,2,1,2,1,rotary_emb->o_proj,0.828896,short_decode_fixed_launch_interval_dominates,nvtx_covering_gap,"{'Module': 'model.model.layers.1', 'Inputs': [[1], [1, 7168], [1, 7168]]}",covers_or_overlaps_gap,NVTX_EVENTS,37562202,40459936,-1.140798,1.756936,2.897734
decode,req1_equal_fresh_regular_b1_f1_p0,20260618_104620_prefill_stage1_req1_equal_fresh_regular_b1_f1_p0_b1_fvar1_pvar0_layers5_backend_auto_cg_off_pcg_off_tp1_marker_on_profile_nsys,1,2,1,2,1,rotary_emb->o_proj,0.828896,short_decode_fixed_launch_interval_dominates,nvtx_covering_gap,{'Module': 'model.model.layers.1.self_attn'},covers_or_overlaps_gap,NVTX_EVENTS,37664131,39704869,-1.038869,1.001869,2.040738
decode,req1_equal_fresh_regular_b1_f1_p0,20260618_104620_prefill_stage1_req1_equal_fresh_regular_b1_f1_p0_b1_fvar1_pvar0_layers5_backend_auto_cg_off_pcg_off_tp1_marker_on_profile_nsys,1,2,1,2,1,rotary_emb->o_proj,0.828896,short_decode_fixed_launch_interval_dominates,profiler_overhead_in_gap,TLS allocation,inside_gap,PROFILER_OVERHEAD,38563694,39274927,-0.139306,0.571927,0.711233
decode,req1_equal_fresh_regular_b1_f1_p0,20260618_104620_prefill_stage1_req1_equal_fresh_regular_b1_f1_p0_b1_fvar1_pvar0_layers5_backend_auto_cg_off_pcg_off_tp1_marker_on_profile_nsys,1,2,1,2,1,rotary_emb->o_proj,0.828896,short_decode_fixed_launch_interval_dominates,cuda_runtime_boundary,cudaLaunchKernel_v7000,prev_kernel_launch_runtime,CUPTI runtime correlationId,38691577,38700445,-0.011423,-0.002555,0.008868
decode,req1_equal_fresh_regular_b1_f1_p0,20260618_104620_prefill_stage1_req1_equal_fresh_regular_b1_f1_p0_b1_fvar1_pvar0_layers5_backend_auto_cg_off_pcg_off_tp1_marker_on_profile_nsys,1,2,1,2,1,rotary_emb->o_proj,0.828896,short_decode_fixed_launch_interval_dominates,gpu_kernel_boundary,BatchQKApplyRotaryPosIdsCosSinCacheHeadParallelismKernel,prev_kernel,CUPTI kernel,38701176,38703000,-0.001824,0.0,0.001824
decode,req1_equal_fresh_regular_b1_f1_p0,20260618_104620_prefill_stage1_req1_equal_fresh_regular_b1_f1_p0_b1_fvar1_pvar0_layers5_backend_auto_cg_off_pcg_off_tp1_marker_on_profile_nsys,1,2,1,2,1,rotary_emb->o_proj,0.828896,short_decode_fixed_launch_interval_dominates,gpu_gap_boundary,gap_start_prev_kernel_end,gap_start,kernel boundary,38703000,38703000,0.0,0.0,0.0
decode,req1_equal_fresh_regular_b1_f1_p0,20260618_104620_prefill_stage1_req1_equal_fresh_regular_b1_f1_p0_b1_fvar1_pvar0_layers5_backend_auto_cg_off_pcg_off_tp1_marker_on_profile_nsys,1,2,1,2,1,rotary_emb->o_proj,0.828896,short_decode_fixed_launch_interval_dominates,host_child_marker,rotary_emb.host_end,prev_child_host_end,child_timing_json/NVTX,38713874,38713874,0.010874,0.010874,0.0
decode,req1_equal_fresh_regular_b1_f1_p0,20260618_104620_prefill_stage1_req1_equal_fresh_regular_b1_f1_p0_b1_fvar1_pvar0_layers5_backend_auto_cg_off_pcg_off_tp1_marker_on_profile_nsys,1,2,1,2,1,rotary_emb->o_proj,0.828896,short_decode_fixed_launch_interval_dominates,nvtx_covering_gap,"{'Module': 'model.model.layers.1.self_attn.kv_b_proj', 'TrainableParams': {'weight': [32768, 512], 'weight_scale_inv': [256, 4]}, 'Inputs': [[1, 512]]}",covers_or_overlaps_gap,NVTX_EVENTS,38864753,39111608,0.161753,0.408608,0.246855
decode,req1_equal_fresh_regular_b1_f1_p0,20260618_104620_prefill_stage1_req1_equal_fresh_regular_b1_f1_p0_b1_fvar1_pvar0_layers5_backend_auto_cg_off_pcg_off_tp1_marker_on_profile_nsys,1,2,1,2,1,rotary_emb->o_proj,0.828896,short_decode_fixed_launch_interval_dominates,nvtx_covering_gap,"{'Module': 'model.model.layers.1.self_attn.attn_mha', 'TrainableParams': {'k_scale': [], 'v_scale': []}, 'Inputs': [[1, 128, 192], [1, 128, 192], [1, 128, 128]]}",covers_or_overlaps_gap,NVTX_EVENTS,39217723,39389640,0.514723,0.68664,0.171917
decode,req1_equal_fresh_regular_b1_f1_p0,20260618_104620_prefill_stage1_req1_equal_fresh_regular_b1_f1_p0_b1_fvar1_pvar0_layers5_backend_auto_cg_off_pcg_off_tp1_marker_on_profile_nsys,1,2,1,2,1,rotary_emb->o_proj,0.828896,short_decode_fixed_launch_interval_dominates,host_child_marker,o_proj.host_start,next_child_host_start,child_timing_json/NVTX,39437308,39437308,0.734308,0.734308,0.0
decode,req1_equal_fresh_regular_b1_f1_p0,20260618_104620_prefill_stage1_req1_equal_fresh_regular_b1_f1_p0_b1_fvar1_pvar0_layers5_backend_auto_cg_off_pcg_off_tp1_marker_on_profile_nsys,1,2,1,2,1,rotary_emb->o_proj,0.828896,short_decode_fixed_launch_interval_dominates,cuda_runtime_boundary,cudaLaunchKernel_v7000,next_kernel_launch_runtime,CUPTI runtime correlationId,39522500,39530836,0.8195,0.827836,0.008336
decode,req1_equal_fresh_regular_b1_f1_p0,20260618_104620_prefill_stage1_req1_equal_fresh_regular_b1_f1_p0_b1_fvar1_pvar0_layers5_backend_auto_cg_off_pcg_off_tp1_marker_on_profile_nsys,1,2,1,2,1,rotary_emb->o_proj,0.828896,short_decode_fixed_launch_interval_dominates,gpu_gap_boundary,gap_end_next_kernel_start,gap_end,kernel boundary,39531896,39531896,0.828896,0.828896,0.0
decode,req1_equal_fresh_regular_b1_f1_p0,20260618_104620_prefill_stage1_req1_equal_fresh_regular_b1_f1_p0_b1_fvar1_pvar0_layers5_backend_auto_cg_off_pcg_off_tp1_marker_on_profile_nsys,1,2,1,2,1,rotary_emb->o_proj,0.828896,short_decode_fixed_launch_interval_dominates,gpu_kernel_boundary,per_token_group_quant_8bit_kernel,next_kernel,CUPTI kernel,39531896,39533624,0.828896,0.830624,0.001728
decode,req1_equal_fresh_regular_b1_f1_p0,20260618_104620_prefill_stage1_req1_equal_fresh_regular_b1_f1_p0_b1_fvar1_pvar0_layers5_backend_auto_cg_off_pcg_off_tp1_marker_on_profile_nsys,1,7,2,2,1,attn_mqa->o_proj,0.263071,short_decode_fixed_launch_interval_dominates,osrt_overlap_in_gap,epoll_wait,overlaps_gap,OSRT_API,31025945,70079476,-26.824606,12.228925,39.053531
decode,req1_equal_fresh_regular_b1_f1_p0,20260618_104620_prefill_stage1_req1_equal_fresh_regular_b1_f1_p0_b1_fvar1_pvar0_layers5_backend_auto_cg_off_pcg_off_tp1_marker_on_profile_nsys,1,7,2,2,1,attn_mqa->o_proj,0.263071,short_decode_fixed_launch_interval_dominates,osrt_overlap_in_gap,epoll_wait,overlaps_gap,OSRT_API,31098642,69852001,-26.751909,12.00145,38.753359
decode,req1_equal_fresh_regular_b1_f1_p0,20260618_104620_prefill_stage1_req1_equal_fresh_regular_b1_f1_p0_b1_fvar1_pvar0_layers5_backend_auto_cg_off_pcg_off_tp1_marker_on_profile_nsys,1,7,2,2,1,attn_mqa->o_proj,0.263071,short_decode_fixed_launch_interval_dominates,osrt_overlap_in_gap,epoll_pwait,overlaps_gap,OSRT_API,31195381,70174995,-26.65517,12.324444,38.979614
decode,req1_equal_fresh_regular_b1_f1_p0,20260618_104620_prefill_stage1_req1_equal_fresh_regular_b1_f1_p0_b1_fvar1_pvar0_layers5_backend_auto_cg_off_pcg_off_tp1_marker_on_profile_nsys,1,7,2,2,1,attn_mqa->o_proj,0.263071,short_decode_fixed_launch_interval_dominates,osrt_overlap_in_gap,epoll_wait,overlaps_gap,OSRT_API,49380042,59449045,-8.470509,1.598494,10.069003
decode,req1_equal_fresh_regular_b1_f1_p0,20260618_104620_prefill_stage1_req1_equal_fresh_regular_b1_f1_p0_b1_fvar1_pvar0_layers5_backend_auto_cg_off_pcg_off_tp1_marker_on_profile_nsys,1,7,2,2,1,attn_mqa->o_proj,0.263071,short_decode_fixed_launch_interval_dominates,osrt_overlap_in_gap,epoll_wait,overlaps_gap,OSRT_API,51083770,61150864,-6.766781,3.300313,10.067094
decode,req1_equal_fresh_regular_b1_f1_p0,20260618_104620_prefill_stage1_req1_equal_fresh_regular_b1_f1_p0_b1_fvar1_pvar0_layers5_backend_auto_cg_off_pcg_off_tp1_marker_on_profile_nsys,1,7,2,2,1,attn_mqa->o_proj,0.263071,short_decode_fixed_launch_interval_dominates,nvtx_covering_gap,"{'Module': 'model.model', 'Inputs': [[1], [1]]}",covers_or_overlaps_gap,NVTX_EVENTS,53218323,68730425,-4.632228,10.879874,15.512102
decode,req1_equal_fresh_regular_b1_f1_p0,20260618_104620_prefill_stage1_req1_equal_fresh_regular_b1_f1_p0_b1_fvar1_pvar0_layers5_backend_auto_cg_off_pcg_off_tp1_marker_on_profile_nsys,1,7,2,2,1,attn_mqa->o_proj,0.263071,short_decode_fixed_launch_interval_dominates,nvtx_covering_gap,"{'Module': 'model.model.layers.1', 'Inputs': [[1], [1, 7168], [1, 7168]]}",covers_or_overlaps_gap,NVTX_EVENTS,56415307,59109343,-1.435244,1.258792,2.694036
decode,req1_equal_fresh_regular_b1_f1_p0,20260618_104620_prefill_stage1_req1_equal_fresh_regular_b1_f1_p0_b1_fvar1_pvar0_layers5_backend_auto_cg_off_pcg_off_tp1_marker_on_profile_nsys,1,7,2,2,1,attn_mqa->o_proj,0.263071,short_decode_fixed_launch_interval_dominates,nvtx_covering_gap,{'Module': 'model.model.layers.1.self_attn'},covers_or_overlaps_gap,NVTX_EVENTS,56523137,58337075,-1.327414,0.486524,1.813938
decode,req1_equal_fresh_regular_b1_f1_p0,20260618_104620_prefill_stage1_req1_equal_fresh_regular_b1_f1_p0_b1_fvar1_pvar0_layers5_backend_auto_cg_off_pcg_off_tp1_marker_on_profile_nsys,1,7,2,2,1,attn_mqa->o_proj,0.263071,short_decode_fixed_launch_interval_dominates,nvtx_covering_gap,"{'Module': 'model.model.layers.1.self_attn.attn_mqa', 'TrainableParams': {'k_scale': [], 'v_scale': []}, 'Inputs': [[1, 128, 512], [1, 1, 512], [1, 1, 512]]}",covers_or_overlaps_gap,NVTX_EVENTS,57574161,57869249,-0.27639,0.018698,0.295088
decode,req1_equal_fresh_regular_b1_f1_p0,20260618_104620_prefill_stage1_req1_equal_fresh_regular_b1_f1_p0_b1_fvar1_pvar0_layers5_backend_auto_cg_off_pcg_off_tp1_marker_on_profile_nsys,1,7,2,2,1,attn_mqa->o_proj,0.263071,short_decode_fixed_launch_interval_dominates,cuda_runtime_boundary,cudaLaunchKernelExC_v11060,prev_kernel_launch_runtime,CUPTI runtime correlationId,57832217,57839421,-0.018334,-0.01113,0.007204
decode,req1_equal_fresh_regular_b1_f1_p0,20260618_104620_prefill_stage1_req1_equal_fresh_regular_b1_f1_p0_b1_fvar1_pvar0_layers5_backend_auto_cg_off_pcg_off_tp1_marker_on_profile_nsys,1,7,2,2,1,attn_mqa->o_proj,0.263071,short_decode_fixed_launch_interval_dominates,gpu_kernel_boundary,device_kernel,prev_kernel,CUPTI kernel,57841335,57850551,-0.009216,0.0,0.009216
decode,req1_equal_fresh_regular_b1_f1_p0,20260618_104620_prefill_stage1_req1_equal_fresh_regular_b1_f1_p0_b1_fvar1_pvar0_layers5_backend_auto_cg_off_pcg_off_tp1_marker_on_profile_nsys,1,7,2,2,1,attn_mqa->o_proj,0.263071,short_decode_fixed_launch_interval_dominates,gpu_gap_boundary,gap_start_prev_kernel_end,gap_start,kernel boundary,57850551,57850551,0.0,0.0,0.0
decode,req1_equal_fresh_regular_b1_f1_p0,20260618_104620_prefill_stage1_req1_equal_fresh_regular_b1_f1_p0_b1_fvar1_pvar0_layers5_backend_auto_cg_off_pcg_off_tp1_marker_on_profile_nsys,1,7,2,2,1,attn_mqa->o_proj,0.263071,short_decode_fixed_launch_interval_dominates,host_child_marker,attn_mqa.host_end,prev_child_host_end,child_timing_json/NVTX,57869249,57869249,0.018698,0.018698,0.0
decode,req1_equal_fresh_regular_b1_f1_p0,20260618_104620_prefill_stage1_req1_equal_fresh_regular_b1_f1_p0_b1_fvar1_pvar0_layers5_backend_auto_cg_off_pcg_off_tp1_marker_on_profile_nsys,1,7,2,2,1,attn_mqa->o_proj,0.263071,short_decode_fixed_launch_interval_dominates,host_child_marker,o_proj.host_start,next_child_host_start,child_timing_json/NVTX,58004899,58004899,0.154348,0.154348,0.0
decode,req1_equal_fresh_regular_b1_f1_p0,20260618_104620_prefill_stage1_req1_equal_fresh_regular_b1_f1_p0_b1_fvar1_pvar0_layers5_backend_auto_cg_off_pcg_off_tp1_marker_on_profile_nsys,1,7,2,2,1,attn_mqa->o_proj,0.263071,short_decode_fixed_launch_interval_dominates,nvtx_covering_gap,"{'Module': 'model.model.layers.1.self_attn.o_proj', 'TrainableParams': {'weight': [7168, 16384], 'weight_scale_inv': [56, 128]}, 'Inputs': [[1, 16384]]}",covers_or_overlaps_gap,NVTX_EVENTS,58004899,58317319,0.154348,0.466768,0.31242
decode,req1_equal_fresh_regular_b1_f1_p0,20260618_104620_prefill_stage1_req1_equal_fresh_regular_b1_f1_p0_b1_fvar1_pvar0_layers5_backend_auto_cg_off_pcg_off_tp1_marker_on_profile_nsys,1,7,2,2,1,attn_mqa->o_proj,0.263071,short_decode_fixed_launch_interval_dominates,cuda_runtime_boundary,cudaLaunchKernel_v7000,next_kernel_launch_runtime,CUPTI runtime correlationId,58103646,58112748,0.253095,0.262197,0.009102
decode,req1_equal_fresh_regular_b1_f1_p0,20260618_104620_prefill_stage1_req1_equal_fresh_regular_b1_f1_p0_b1_fvar1_pvar0_layers5_backend_auto_cg_off_pcg_off_tp1_marker_on_profile_nsys,1,7,2,2,1,attn_mqa->o_proj,0.263071,short_decode_fixed_launch_interval_dominates,gpu_gap_boundary,gap_end_next_kernel_start,gap_end,kernel boundary,58113622,58113622,0.263071,0.263071,0.0
decode,req1_equal_fresh_regular_b1_f1_p0,20260618_104620_prefill_stage1_req1_equal_fresh_regular_b1_f1_p0_b1_fvar1_pvar0_layers5_backend_auto_cg_off_pcg_off_tp1_marker_on_profile_nsys,1,7,2,2,1,attn_mqa->o_proj,0.263071,short_decode_fixed_launch_interval_dominates,gpu_kernel_boundary,per_token_group_quant_8bit_kernel,next_kernel,CUPTI kernel,58113622,58115446,0.263071,0.264895,0.001824
decode,req1_equal_fresh_regular_b1_f1_p0,20260618_104620_prefill_stage1_req1_equal_fresh_regular_b1_f1_p0_b1_fvar1_pvar0_layers5_backend_auto_cg_off_pcg_off_tp1_marker_on_profile_nsys,2,3,1,2,1,rotary_emb->o_proj,0.81776,short_decode_fixed_launch_interval_dominates,osrt_overlap_in_gap,epoll_wait,overlaps_gap,OSRT_API,31025945,70079476,-10.573951,28.47958,39.053531
decode,req1_equal_fresh_regular_b1_f1_p0,20260618_104620_prefill_stage1_req1_equal_fresh_regular_b1_f1_p0_b1_fvar1_pvar0_layers5_backend_auto_cg_off_pcg_off_tp1_marker_on_profile_nsys,2,3,1,2,1,rotary_emb->o_proj,0.81776,short_decode_fixed_launch_interval_dominates,osrt_overlap_in_gap,epoll_wait,overlaps_gap,OSRT_API,31098642,69852001,-10.501254,28.252105,38.753359
decode,req1_equal_fresh_regular_b1_f1_p0,20260618_104620_prefill_stage1_req1_equal_fresh_regular_b1_f1_p0_b1_fvar1_pvar0_layers5_backend_auto_cg_off_pcg_off_tp1_marker_on_profile_nsys,2,3,1,2,1,rotary_emb->o_proj,0.81776,short_decode_fixed_launch_interval_dominates,osrt_overlap_in_gap,epoll_pwait,overlaps_gap,OSRT_API,31195381,70174995,-10.404515,28.575099,38.979614
decode,req1_equal_fresh_regular_b1_f1_p0,20260618_104620_prefill_stage1_req1_equal_fresh_regular_b1_f1_p0_b1_fvar1_pvar0_layers5_backend_auto_cg_off_pcg_off_tp1_marker_on_profile_nsys,2,3,1,2,1,rotary_emb->o_proj,0.81776,short_decode_fixed_launch_interval_dominates,nvtx_covering_gap,"{'Module': 'model.model', 'Inputs': [[1], [1]]}",covers_or_overlaps_gap,NVTX_EVENTS,33999115,50805401,-7.600781,9.205505,16.806286
decode,req1_equal_fresh_regular_b1_f1_p0,20260618_104620_prefill_stage1_req1_equal_fresh_regular_b1_f1_p0_b1_fvar1_pvar0_layers5_backend_auto_cg_off_pcg_off_tp1_marker_on_profile_nsys,2,3,1,2,1,rotary_emb->o_proj,0.81776,short_decode_fixed_launch_interval_dominates,osrt_overlap_in_gap,epoll_wait,overlaps_gap,OSRT_API,39285871,49365136,-2.314025,7.76524,10.079265
decode,req1_equal_fresh_regular_b1_f1_p0,20260618_104620_prefill_stage1_req1_equal_fresh_regular_b1_f1_p0_b1_fvar1_pvar0_layers5_backend_auto_cg_off_pcg_off_tp1_marker_on_profile_nsys,2,3,1,2,1,rotary_emb->o_proj,0.81776,short_decode_fixed_launch_interval_dominates,nvtx_covering_gap,"{'Module': 'model.model.layers.2', 'Inputs': [[1], [1, 7168], [1, 7168]]}",covers_or_overlaps_gap,NVTX_EVENTS,40509389,43337861,-1.090507,1.737965,2.828472
decode,req1_equal_fresh_regular_b1_f1_p0,20260618_104620_prefill_stage1_req1_equal_fresh_regular_b1_f1_p0_b1_fvar1_pvar0_layers5_backend_auto_cg_off_pcg_off_tp1_marker_on_profile_nsys,2,3,1,2,1,rotary_emb->o_proj,0.81776,short_decode_fixed_launch_interval_dominates,nvtx_covering_gap,{'Module': 'model.model.layers.2.self_attn'},covers_or_overlaps_gap,NVTX_EVENTS,40608500,42589789,-0.991396,0.989893,1.981289
decode,req1_equal_fresh_regular_b1_f1_p0,20260618_104620_prefill_stage1_req1_equal_fresh_regular_b1_f1_p0_b1_fvar1_pvar0_layers5_backend_auto_cg_off_pcg_off_tp1_marker_on_profile_nsys,2,3,1,2,1,rotary_emb->o_proj,0.81776,short_decode_fixed_launch_interval_dominates,osrt_overlap_in_gap,epoll_wait,overlaps_gap,OSRT_API,40956703,51068777,-0.643193,9.468881,10.112074
decode,req1_equal_fresh_regular_b1_f1_p0,20260618_104620_prefill_stage1_req1_equal_fresh_regular_b1_f1_p0_b1_fvar1_pvar0_layers5_backend_auto_cg_off_pcg_off_tp1_marker_on_profile_nsys,2,3,1,2,1,rotary_emb->o_proj,0.81776,short_decode_fixed_launch_interval_dominates,cuda_runtime_boundary,cudaLaunchKernel_v7000,prev_kernel_launch_runtime,CUPTI runtime correlationId,41588508,41597330,-0.011388,-0.002566,0.008822
decode,req1_equal_fresh_regular_b1_f1_p0,20260618_104620_prefill_stage1_req1_equal_fresh_regular_b1_f1_p0_b1_fvar1_pvar0_layers5_backend_auto_cg_off_pcg_off_tp1_marker_on_profile_nsys,2,3,1,2,1,rotary_emb->o_proj,0.81776,short_decode_fixed_launch_interval_dominates,gpu_kernel_boundary,BatchQKApplyRotaryPosIdsCosSinCacheHeadParallelismKernel,prev_kernel,CUPTI kernel,41598072,41599896,-0.001824,0.0,0.001824
decode,req1_equal_fresh_regular_b1_f1_p0,20260618_104620_prefill_stage1_req1_equal_fresh_regular_b1_f1_p0_b1_fvar1_pvar0_layers5_backend_auto_cg_off_pcg_off_tp1_marker_on_profile_nsys,2,3,1,2,1,rotary_emb->o_proj,0.81776,short_decode_fixed_launch_interval_dominates,gpu_gap_boundary,gap_start_prev_kernel_end,gap_start,kernel boundary,41599896,41599896,0.0,0.0,0.0
decode,req1_equal_fresh_regular_b1_f1_p0,20260618_104620_prefill_stage1_req1_equal_fresh_regular_b1_f1_p0_b1_fvar1_pvar0_layers5_backend_auto_cg_off_pcg_off_tp1_marker_on_profile_nsys,2,3,1,2,1,rotary_emb->o_proj,0.81776,short_decode_fixed_launch_interval_dominates,host_child_marker,rotary_emb.host_end,prev_child_host_end,child_timing_json/NVTX,41610345,41610345,0.010449,0.010449,0.0
decode,req1_equal_fresh_regular_b1_f1_p0,20260618_104620_prefill_stage1_req1_equal_fresh_regular_b1_f1_p0_b1_fvar1_pvar0_layers5_backend_auto_cg_off_pcg_off_tp1_marker_on_profile_nsys,2,3,1,2,1,rotary_emb->o_proj,0.81776,short_decode_fixed_launch_interval_dominates,nvtx_covering_gap,"{'Module': 'model.model.layers.2.self_attn.kv_b_proj', 'TrainableParams': {'weight': [32768, 512], 'weight_scale_inv': [256, 4]}, 'Inputs': [[1, 512]]}",covers_or_overlaps_gap,NVTX_EVENTS,41756245,42003143,0.156349,0.403247,0.246898
decode,req1_equal_fresh_regular_b1_f1_p0,20260618_104620_prefill_stage1_req1_equal_fresh_regular_b1_f1_p0_b1_fvar1_pvar0_layers5_backend_auto_cg_off_pcg_off_tp1_marker_on_profile_nsys,2,3,1,2,1,rotary_emb->o_proj,0.81776,short_decode_fixed_launch_interval_dominates,nvtx_covering_gap,"{'Module': 'model.model.layers.2.self_attn.attn_mha', 'TrainableParams': {'k_scale': [], 'v_scale': []}, 'Inputs': [[1, 128, 192], [1, 128, 192], [1, 128, 128]]}",covers_or_overlaps_gap,NVTX_EVENTS,42109635,42273754,0.509739,0.673858,0.164119
decode,req1_equal_fresh_regular_b1_f1_p0,20260618_104620_prefill_stage1_req1_equal_fresh_regular_b1_f1_p0_b1_fvar1_pvar0_layers5_backend_auto_cg_off_pcg_off_tp1_marker_on_profile_nsys,2,3,1,2,1,rotary_emb->o_proj,0.81776,short_decode_fixed_launch_interval_dominates,host_child_marker,o_proj.host_start,next_child_host_start,child_timing_json/NVTX,42319750,42319750,0.719854,0.719854,0.0
decode,req1_equal_fresh_regular_b1_f1_p0,20260618_104620_prefill_stage1_req1_equal_fresh_regular_b1_f1_p0_b1_fvar1_pvar0_layers5_backend_auto_cg_off_pcg_off_tp1_marker_on_profile_nsys,2,3,1,2,1,rotary_emb->o_proj,0.81776,short_decode_fixed_launch_interval_dominates,cuda_runtime_boundary,cudaLaunchKernel_v7000,next_kernel_launch_runtime,CUPTI runtime correlationId,42408597,42416635,0.808701,0.816739,0.008038
decode,req1_equal_fresh_regular_b1_f1_p0,20260618_104620_prefill_stage1_req1_equal_fresh_regular_b1_f1_p0_b1_fvar1_pvar0_layers5_backend_auto_cg_off_pcg_off_tp1_marker_on_profile_nsys,2,3,1,2,1,rotary_emb->o_proj,0.81776,short_decode_fixed_launch_interval_dominates,gpu_gap_boundary,gap_end_next_kernel_start,gap_end,kernel boundary,42417656,42417656,0.81776,0.81776,0.0
decode,req1_equal_fresh_regular_b1_f1_p0,20260618_104620_prefill_stage1_req1_equal_fresh_regular_b1_f1_p0_b1_fvar1_pvar0_layers5_backend_auto_cg_off_pcg_off_tp1_marker_on_profile_nsys,2,3,1,2,1,rotary_emb->o_proj,0.81776,short_decode_fixed_launch_interval_dominates,gpu_kernel_boundary,per_token_group_quant_8bit_kernel,next_kernel,CUPTI kernel,42417656,42419416,0.81776,0.81952,0.00176
decode,req1_equal_fresh_regular_b1_f1_p0,20260618_104620_prefill_stage1_req1_equal_fresh_regular_b1_f1_p0_b1_fvar1_pvar0_layers5_backend_auto_cg_off_pcg_off_tp1_marker_on_profile_nsys,2,8,2,2,1,attn_mqa->o_proj,0.267616,short_decode_fixed_launch_interval_dominates,osrt_overlap_in_gap,epoll_wait,overlaps_gap,OSRT_API,31025945,70079476,-29.545533,9.507998,39.053531
decode,req1_equal_fresh_regular_b1_f1_p0,20260618_104620_prefill_stage1_req1_equal_fresh_regular_b1_f1_p0_b1_fvar1_pvar0_layers5_backend_auto_cg_off_pcg_off_tp1_marker_on_profile_nsys,2,8,2,2,1,attn_mqa->o_proj,0.267616,short_decode_fixed_launch_interval_dominates,osrt_overlap_in_gap,epoll_wait,overlaps_gap,OSRT_API,31098642,69852001,-29.472836,9.280523,38.753359
decode,req1_equal_fresh_regular_b1_f1_p0,20260618_104620_prefill_stage1_req1_equal_fresh_regular_b1_f1_p0_b1_fvar1_pvar0_layers5_backend_auto_cg_off_pcg_off_tp1_marker_on_profile_nsys,2,8,2,2,1,attn_mqa->o_proj,0.267616,short_decode_fixed_launch_interval_dominates,osrt_overlap_in_gap,epoll_pwait,overlaps_gap,OSRT_API,31195381,70174995,-29.376097,9.603517,38.979614
decode,req1_equal_fresh_regular_b1_f1_p0,20260618_104620_prefill_stage1_req1_equal_fresh_regular_b1_f1_p0_b1_fvar1_pvar0_layers5_backend_auto_cg_off_pcg_off_tp1_marker_on_profile_nsys,2,8,2,2,1,attn_mqa->o_proj,0.267616,short_decode_fixed_launch_interval_dominates,osrt_overlap_in_gap,epoll_wait,overlaps_gap,OSRT_API,51083770,61150864,-9.487708,0.579386,10.067094
decode,req1_equal_fresh_regular_b1_f1_p0,20260618_104620_prefill_stage1_req1_equal_fresh_regular_b1_f1_p0_b1_fvar1_pvar0_layers5_backend_auto_cg_off_pcg_off_tp1_marker_on_profile_nsys,2,8,2,2,1,attn_mqa->o_proj,0.267616,short_decode_fixed_launch_interval_dominates,nvtx_covering_gap,"{'Module': 'model.model', 'Inputs': [[1], [1]]}",covers_or_overlaps_gap,NVTX_EVENTS,53218323,68730425,-7.353155,8.158947,15.512102
decode,req1_equal_fresh_regular_b1_f1_p0,20260618_104620_prefill_stage1_req1_equal_fresh_regular_b1_f1_p0_b1_fvar1_pvar0_layers5_backend_auto_cg_off_pcg_off_tp1_marker_on_profile_nsys,2,8,2,2,1,attn_mqa->o_proj,0.267616,short_decode_fixed_launch_interval_dominates,nvtx_covering_gap,"{'Module': 'model.model.layers.2', 'Inputs': [[1], [1, 7168], [1, 7168]]}",covers_or_overlaps_gap,NVTX_EVENTS,59158223,61838387,-1.413255,1.266909,2.680164
decode,req1_equal_fresh_regular_b1_f1_p0,20260618_104620_prefill_stage1_req1_equal_fresh_regular_b1_f1_p0_b1_fvar1_pvar0_layers5_backend_auto_cg_off_pcg_off_tp1_marker_on_profile_nsys,2,8,2,2,1,attn_mqa->o_proj,0.267616,short_decode_fixed_launch_interval_dominates,nvtx_covering_gap,{'Module': 'model.model.layers.2.self_attn'},covers_or_overlaps_gap,NVTX_EVENTS,59264178,61048920,-1.3073,0.477442,1.784742
decode,req1_equal_fresh_regular_b1_f1_p0,20260618_104620_prefill_stage1_req1_equal_fresh_regular_b1_f1_p0_b1_fvar1_pvar0_layers5_backend_auto_cg_off_pcg_off_tp1_marker_on_profile_nsys,2,8,2,2,1,attn_mqa->o_proj,0.267616,short_decode_fixed_launch_interval_dominates,osrt_overlap_in_gap,epoll_wait,overlaps_gap,OSRT_API,59477211,69568621,-1.094267,8.997143,10.09141
decode,req1_equal_fresh_regular_b1_f1_p0,20260618_104620_prefill_stage1_req1_equal_fresh_regular_b1_f1_p0_b1_fvar1_pvar0_layers5_backend_auto_cg_off_pcg_off_tp1_marker_on_profile_nsys,2,8,2,2,1,attn_mqa->o_proj,0.267616,short_decode_fixed_launch_interval_dominates,nvtx_covering_gap,"{'Module': 'model.model.layers.2.self_attn.attn_mqa', 'TrainableParams': {'k_scale': [], 'v_scale': []}, 'Inputs': [[1, 128, 512], [1, 1, 512], [1, 1, 512]]}",covers_or_overlaps_gap,NVTX_EVENTS,60311562,60588956,-0.259916,0.017478,0.277394
decode,req1_equal_fresh_regular_b1_f1_p0,20260618_104620_prefill_stage1_req1_equal_fresh_regular_b1_f1_p0_b1_fvar1_pvar0_layers5_backend_auto_cg_off_pcg_off_tp1_marker_on_profile_nsys,2,8,2,2,1,attn_mqa->o_proj,0.267616,short_decode_fixed_launch_interval_dominates,cuda_runtime_boundary,cudaLaunchKernelExC_v11060,prev_kernel_launch_runtime,CUPTI runtime correlationId,60553998,60560844,-0.01748,-0.010634,0.006846
decode,req1_equal_fresh_regular_b1_f1_p0,20260618_104620_prefill_stage1_req1_equal_fresh_regular_b1_f1_p0_b1_fvar1_pvar0_layers5_backend_auto_cg_off_pcg_off_tp1_marker_on_profile_nsys,2,8,2,2,1,attn_mqa->o_proj,0.267616,short_decode_fixed_launch_interval_dominates,gpu_kernel_boundary,device_kernel,prev_kernel,CUPTI kernel,60562454,60571478,-0.009024,0.0,0.009024
decode,req1_equal_fresh_regular_b1_f1_p0,20260618_104620_prefill_stage1_req1_equal_fresh_regular_b1_f1_p0_b1_fvar1_pvar0_layers5_backend_auto_cg_off_pcg_off_tp1_marker_on_profile_nsys,2,8,2,2,1,attn_mqa->o_proj,0.267616,short_decode_fixed_launch_interval_dominates,gpu_gap_boundary,gap_start_prev_kernel_end,gap_start,kernel boundary,60571478,60571478,0.0,0.0,0.0
decode,req1_equal_fresh_regular_b1_f1_p0,20260618_104620_prefill_stage1_req1_equal_fresh_regular_b1_f1_p0_b1_fvar1_pvar0_layers5_backend_auto_cg_off_pcg_off_tp1_marker_on_profile_nsys,2,8,2,2,1,attn_mqa->o_proj,0.267616,short_decode_fixed_launch_interval_dominates,host_child_marker,attn_mqa.host_end,prev_child_host_end,child_timing_json/NVTX,60588956,60588956,0.017478,0.017478,0.0
decode,req1_equal_fresh_regular_b1_f1_p0,20260618_104620_prefill_stage1_req1_equal_fresh_regular_b1_f1_p0_b1_fvar1_pvar0_layers5_backend_auto_cg_off_pcg_off_tp1_marker_on_profile_nsys,2,8,2,2,1,attn_mqa->o_proj,0.267616,short_decode_fixed_launch_interval_dominates,cuda_runtime_in_gap,cuLaunchKernelEx,inside_gap,CUPTI runtime,60670408,60680858,0.09893,0.10938,0.01045
decode,req1_equal_fresh_regular_b1_f1_p0,20260618_104620_prefill_stage1_req1_equal_fresh_regular_b1_f1_p0_b1_fvar1_pvar0_layers5_backend_auto_cg_off_pcg_off_tp1_marker_on_profile_nsys,2,8,2,2,1,attn_mqa->o_proj,0.267616,short_decode_fixed_launch_interval_dominates,host_child_marker,o_proj.host_start,next_child_host_start,child_timing_json/NVTX,60733207,60733207,0.161729,0.161729,0.0
decode,req1_equal_fresh_regular_b1_f1_p0,20260618_104620_prefill_stage1_req1_equal_fresh_regular_b1_f1_p0_b1_fvar1_pvar0_layers5_backend_auto_cg_off_pcg_off_tp1_marker_on_profile_nsys,2,8,2,2,1,attn_mqa->o_proj,0.267616,short_decode_fixed_launch_interval_dominates,nvtx_covering_gap,"{'Module': 'model.model.layers.2.self_attn.o_proj', 'TrainableParams': {'weight': [7168, 16384], 'weight_scale_inv': [56, 128]}, 'Inputs': [[1, 16384]]}",covers_or_overlaps_gap,NVTX_EVENTS,60733207,61030254,0.161729,0.458776,0.297047
decode,req1_equal_fresh_regular_b1_f1_p0,20260618_104620_prefill_stage1_req1_equal_fresh_regular_b1_f1_p0_b1_fvar1_pvar0_layers5_backend_auto_cg_off_pcg_off_tp1_marker_on_profile_nsys,2,8,2,2,1,attn_mqa->o_proj,0.267616,short_decode_fixed_launch_interval_dominates,cuda_runtime_boundary,cudaLaunchKernel_v7000,next_kernel_launch_runtime,CUPTI runtime correlationId,60829396,60838102,0.257918,0.266624,0.008706
decode,req1_equal_fresh_regular_b1_f1_p0,20260618_104620_prefill_stage1_req1_equal_fresh_regular_b1_f1_p0_b1_fvar1_pvar0_layers5_backend_auto_cg_off_pcg_off_tp1_marker_on_profile_nsys,2,8,2,2,1,attn_mqa->o_proj,0.267616,short_decode_fixed_launch_interval_dominates,gpu_gap_boundary,gap_end_next_kernel_start,gap_end,kernel boundary,60839094,60839094,0.267616,0.267616,0.0
decode,req1_equal_fresh_regular_b1_f1_p0,20260618_104620_prefill_stage1_req1_equal_fresh_regular_b1_f1_p0_b1_fvar1_pvar0_layers5_backend_auto_cg_off_pcg_off_tp1_marker_on_profile_nsys,2,8,2,2,1,attn_mqa->o_proj,0.267616,short_decode_fixed_launch_interval_dominates,gpu_kernel_boundary,per_token_group_quant_8bit_kernel,next_kernel,CUPTI kernel,60839094,60841046,0.267616,0.269568,0.001952
decode,req1_equal_fresh_regular_b1_f1_p0,20260618_104620_prefill_stage1_req1_equal_fresh_regular_b1_f1_p0_b1_fvar1_pvar0_layers5_backend_auto_cg_off_pcg_off_tp1_marker_on_profile_nsys,3,4,1,2,1,rotary_emb->o_proj,0.810336,short_decode_fixed_launch_interval_dominates,osrt_overlap_in_gap,epoll_wait,overlaps_gap,OSRT_API,31025945,70079476,-13.464638,25.588893,39.053531
decode,req1_equal_fresh_regular_b1_f1_p0,20260618_104620_prefill_stage1_req1_equal_fresh_regular_b1_f1_p0_b1_fvar1_pvar0_layers5_backend_auto_cg_off_pcg_off_tp1_marker_on_profile_nsys,3,4,1,2,1,rotary_emb->o_proj,0.810336,short_decode_fixed_launch_interval_dominates,osrt_overlap_in_gap,epoll_wait,overlaps_gap,OSRT_API,31098642,69852001,-13.391941,25.361418,38.753359
decode,req1_equal_fresh_regular_b1_f1_p0,20260618_104620_prefill_stage1_req1_equal_fresh_regular_b1_f1_p0_b1_fvar1_pvar0_layers5_backend_auto_cg_off_pcg_off_tp1_marker_on_profile_nsys,3,4,1,2,1,rotary_emb->o_proj,0.810336,short_decode_fixed_launch_interval_dominates,osrt_overlap_in_gap,epoll_pwait,overlaps_gap,OSRT_API,31195381,70174995,-13.295202,25.684412,38.979614
decode,req1_equal_fresh_regular_b1_f1_p0,20260618_104620_prefill_stage1_req1_equal_fresh_regular_b1_f1_p0_b1_fvar1_pvar0_layers5_backend_auto_cg_off_pcg_off_tp1_marker_on_profile_nsys,3,4,1,2,1,rotary_emb->o_proj,0.810336,short_decode_fixed_launch_interval_dominates,nvtx_covering_gap,"{'Module': 'model.model', 'Inputs': [[1], [1]]}",covers_or_overlaps_gap,NVTX_EVENTS,33999115,50805401,-10.491468,6.314818,16.806286
decode,req1_equal_fresh_regular_b1_f1_p0,20260618_104620_prefill_stage1_req1_equal_fresh_regular_b1_f1_p0_b1_fvar1_pvar0_layers5_backend_auto_cg_off_pcg_off_tp1_marker_on_profile_nsys,3,4,1,2,1,rotary_emb->o_proj,0.810336,short_decode_fixed_launch_interval_dominates,osrt_overlap_in_gap,epoll_wait,overlaps_gap,OSRT_API,39285871,49365136,-5.204712,4.874553,10.079265
decode,req1_equal_fresh_regular_b1_f1_p0,20260618_104620_prefill_stage1_req1_equal_fresh_regular_b1_f1_p0_b1_fvar1_pvar0_layers5_backend_auto_cg_off_pcg_off_tp1_marker_on_profile_nsys,3,4,1,2,1,rotary_emb->o_proj,0.810336,short_decode_fixed_launch_interval_dominates,osrt_overlap_in_gap,epoll_wait,overlaps_gap,OSRT_API,40956703,51068777,-3.53388,6.578194,10.112074
decode,req1_equal_fresh_regular_b1_f1_p0,20260618_104620_prefill_stage1_req1_equal_fresh_regular_b1_f1_p0_b1_fvar1_pvar0_layers5_backend_auto_cg_off_pcg_off_tp1_marker_on_profile_nsys,3,4,1,2,1,rotary_emb->o_proj,0.810336,short_decode_fixed_launch_interval_dominates,nvtx_covering_gap,"{'Module': 'model.model.layers.3', 'Inputs': [[1], [1, 7168], [1, 7168]]}",covers_or_overlaps_gap,NVTX_EVENTS,43386400,46976447,-1.104183,2.485864,3.590047
decode,req1_equal_fresh_regular_b1_f1_p0,20260618_104620_prefill_stage1_req1_equal_fresh_regular_b1_f1_p0_b1_fvar1_pvar0_layers5_backend_auto_cg_off_pcg_off_tp1_marker_on_profile_nsys,3,4,1,2,1,rotary_emb->o_proj,0.810336,short_decode_fixed_launch_interval_dominates,nvtx_covering_gap,{'Module': 'model.model.layers.3.self_attn'},covers_or_overlaps_gap,NVTX_EVENTS,43482536,45471435,-1.008047,0.980852,1.988899
decode,req1_equal_fresh_regular_b1_f1_p0,20260618_104620_prefill_stage1_req1_equal_fresh_regular_b1_f1_p0_b1_fvar1_pvar0_layers5_backend_auto_cg_off_pcg_off_tp1_marker_on_profile_nsys,3,4,1,2,1,rotary_emb->o_proj,0.810336,short_decode_fixed_launch_interval_dominates,cuda_runtime_boundary,cudaLaunchKernel_v7000,prev_kernel_launch_runtime,CUPTI runtime correlationId,44479083,44491403,-0.0115,0.00082,0.01232
decode,req1_equal_fresh_regular_b1_f1_p0,20260618_104620_prefill_stage1_req1_equal_fresh_regular_b1_f1_p0_b1_fvar1_pvar0_layers5_backend_auto_cg_off_pcg_off_tp1_marker_on_profile_nsys,3,4,1,2,1,rotary_emb->o_proj,0.810336,short_decode_fixed_launch_interval_dominates,cuda_runtime_in_gap,cudaLaunchKernel_v7000,inside_gap,CUPTI runtime,44479083,44491403,-0.0115,0.00082,0.01232
decode,req1_equal_fresh_regular_b1_f1_p0,20260618_104620_prefill_stage1_req1_equal_fresh_regular_b1_f1_p0_b1_fvar1_pvar0_layers5_backend_auto_cg_off_pcg_off_tp1_marker_on_profile_nsys,3,4,1,2,1,rotary_emb->o_proj,0.810336,short_decode_fixed_launch_interval_dominates,gpu_kernel_boundary,BatchQKApplyRotaryPosIdsCosSinCacheHeadParallelismKernel,prev_kernel,CUPTI kernel,44488759,44490583,-0.001824,0.0,0.001824
decode,req1_equal_fresh_regular_b1_f1_p0,20260618_104620_prefill_stage1_req1_equal_fresh_regular_b1_f1_p0_b1_fvar1_pvar0_layers5_backend_auto_cg_off_pcg_off_tp1_marker_on_profile_nsys,3,4,1,2,1,rotary_emb->o_proj,0.810336,short_decode_fixed_launch_interval_dominates,gpu_gap_boundary,gap_start_prev_kernel_end,gap_start,kernel boundary,44490583,44490583,0.0,0.0,0.0
decode,req1_equal_fresh_regular_b1_f1_p0,20260618_104620_prefill_stage1_req1_equal_fresh_regular_b1_f1_p0_b1_fvar1_pvar0_layers5_backend_auto_cg_off_pcg_off_tp1_marker_on_profile_nsys,3,4,1,2,1,rotary_emb->o_proj,0.810336,short_decode_fixed_launch_interval_dominates,host_child_marker,rotary_emb.host_end,prev_child_host_end,child_timing_json/NVTX,44504119,44504119,0.013536,0.013536,0.0
decode,req1_equal_fresh_regular_b1_f1_p0,20260618_104620_prefill_stage1_req1_equal_fresh_regular_b1_f1_p0_b1_fvar1_pvar0_layers5_backend_auto_cg_off_pcg_off_tp1_marker_on_profile_nsys,3,4,1,2,1,rotary_emb->o_proj,0.810336,short_decode_fixed_launch_interval_dominates,nvtx_covering_gap,"{'Module': 'model.model.layers.3.self_attn.kv_b_proj', 'TrainableParams': {'weight': [32768, 512], 'weight_scale_inv': [256, 4]}, 'Inputs': [[1, 512]]}",covers_or_overlaps_gap,NVTX_EVENTS,44651696,44894727,0.161113,0.404144,0.243031
decode,req1_equal_fresh_regular_b1_f1_p0,20260618_104620_prefill_stage1_req1_equal_fresh_regular_b1_f1_p0_b1_fvar1_pvar0_layers5_backend_auto_cg_off_pcg_off_tp1_marker_on_profile_nsys,3,4,1,2,1,rotary_emb->o_proj,0.810336,short_decode_fixed_launch_interval_dominates,nvtx_covering_gap,"{'Module': 'model.model.layers.3.self_attn.attn_mha', 'TrainableParams': {'k_scale': [], 'v_scale': []}, 'Inputs': [[1, 128, 192], [1, 128, 192], [1, 128, 128]]}",covers_or_overlaps_gap,NVTX_EVENTS,44998348,45153640,0.507765,0.663057,0.155292
decode,req1_equal_fresh_regular_b1_f1_p0,20260618_104620_prefill_stage1_req1_equal_fresh_regular_b1_f1_p0_b1_fvar1_pvar0_layers5_backend_auto_cg_off_pcg_off_tp1_marker_on_profile_nsys,3,4,1,2,1,rotary_emb->o_proj,0.810336,short_decode_fixed_launch_interval_dominates,host_child_marker,o_proj.host_start,next_child_host_start,child_timing_json/NVTX,45201031,45201031,0.710448,0.710448,0.0
decode,req1_equal_fresh_regular_b1_f1_p0,20260618_104620_prefill_stage1_req1_equal_fresh_regular_b1_f1_p0_b1_fvar1_pvar0_layers5_backend_auto_cg_off_pcg_off_tp1_marker_on_profile_nsys,3,4,1,2,1,rotary_emb->o_proj,0.810336,short_decode_fixed_launch_interval_dominates,cuda_runtime_boundary,cudaLaunchKernel_v7000,next_kernel_launch_runtime,CUPTI runtime correlationId,45291039,45299612,0.800456,0.809029,0.008573
decode,req1_equal_fresh_regular_b1_f1_p0,20260618_104620_prefill_stage1_req1_equal_fresh_regular_b1_f1_p0_b1_fvar1_pvar0_layers5_backend_auto_cg_off_pcg_off_tp1_marker_on_profile_nsys,3,4,1,2,1,rotary_emb->o_proj,0.810336,short_decode_fixed_launch_interval_dominates,gpu_gap_boundary,gap_end_next_kernel_start,gap_end,kernel boundary,45300919,45300919,0.810336,0.810336,0.0
decode,req1_equal_fresh_regular_b1_f1_p0,20260618_104620_prefill_stage1_req1_equal_fresh_regular_b1_f1_p0_b1_fvar1_pvar0_layers5_backend_auto_cg_off_pcg_off_tp1_marker_on_profile_nsys,3,4,1,2,1,rotary_emb->o_proj,0.810336,short_decode_fixed_launch_interval_dominates,gpu_kernel_boundary,per_token_group_quant_8bit_kernel,next_kernel,CUPTI kernel,45300919,45302615,0.810336,0.812032,0.001696
decode,req1_equal_fresh_regular_b1_f1_p0,20260618_104620_prefill_stage1_req1_equal_fresh_regular_b1_f1_p0_b1_fvar1_pvar0_layers5_backend_auto_cg_off_pcg_off_tp1_marker_on_profile_nsys,3,9,2,2,1,attn_mqa->o_proj,0.263392,short_decode_fixed_launch_interval_dominates,osrt_overlap_in_gap,epoll_wait,overlaps_gap,OSRT_API,31025945,70079476,-32.285853,6.767678,39.053531
decode,req1_equal_fresh_regular_b1_f1_p0,20260618_104620_prefill_stage1_req1_equal_fresh_regular_b1_f1_p0_b1_fvar1_pvar0_layers5_backend_auto_cg_off_pcg_off_tp1_marker_on_profile_nsys,3,9,2,2,1,attn_mqa->o_proj,0.263392,short_decode_fixed_launch_interval_dominates,osrt_overlap_in_gap,epoll_wait,overlaps_gap,OSRT_API,31098642,69852001,-32.213156,6.540203,38.753359
decode,req1_equal_fresh_regular_b1_f1_p0,20260618_104620_prefill_stage1_req1_equal_fresh_regular_b1_f1_p0_b1_fvar1_pvar0_layers5_backend_auto_cg_off_pcg_off_tp1_marker_on_profile_nsys,3,9,2,2,1,attn_mqa->o_proj,0.263392,short_decode_fixed_launch_interval_dominates,osrt_overlap_in_gap,epoll_pwait,overlaps_gap,OSRT_API,31195381,70174995,-32.116417,6.863197,38.979614
decode,req1_equal_fresh_regular_b1_f1_p0,20260618_104620_prefill_stage1_req1_equal_fresh_regular_b1_f1_p0_b1_fvar1_pvar0_layers5_backend_auto_cg_off_pcg_off_tp1_marker_on_profile_nsys,3,9,2,2,1,attn_mqa->o_proj,0.263392,short_decode_fixed_launch_interval_dominates,nvtx_covering_gap,"{'Module': 'model.model', 'Inputs': [[1], [1]]}",covers_or_overlaps_gap,NVTX_EVENTS,53218323,68730425,-10.093475,5.418627,15.512102
decode,req1_equal_fresh_regular_b1_f1_p0,20260618_104620_prefill_stage1_req1_equal_fresh_regular_b1_f1_p0_b1_fvar1_pvar0_layers5_backend_auto_cg_off_pcg_off_tp1_marker_on_profile_nsys,3,9,2,2,1,attn_mqa->o_proj,0.263392,short_decode_fixed_launch_interval_dominates,osrt_overlap_in_gap,epoll_wait,overlaps_gap,OSRT_API,59477211,69568621,-3.834587,6.256823,10.09141
decode,req1_equal_fresh_regular_b1_f1_p0,20260618_104620_prefill_stage1_req1_equal_fresh_regular_b1_f1_p0_b1_fvar1_pvar0_layers5_backend_auto_cg_off_pcg_off_tp1_marker_on_profile_nsys,3,9,2,2,1,attn_mqa->o_proj,0.263392,short_decode_fixed_launch_interval_dominates,osrt_overlap_in_gap,epoll_wait,overlaps_gap,OSRT_API,61178648,71245571,-2.13315,7.933773,10.066923
decode,req1_equal_fresh_regular_b1_f1_p0,20260618_104620_prefill_stage1_req1_equal_fresh_regular_b1_f1_p0_b1_fvar1_pvar0_layers5_backend_auto_cg_off_pcg_off_tp1_marker_on_profile_nsys,3,9,2,2,1,attn_mqa->o_proj,0.263392,short_decode_fixed_launch_interval_dominates,nvtx_covering_gap,"{'Module': 'model.model.layers.3', 'Inputs': [[1], [1, 7168], [1, 7168]]}",covers_or_overlaps_gap,NVTX_EVENTS,61888565,65179079,-1.423233,1.867281,3.290514
decode,req1_equal_fresh_regular_b1_f1_p0,20260618_104620_prefill_stage1_req1_equal_fresh_regular_b1_f1_p0_b1_fvar1_pvar0_layers5_backend_auto_cg_off_pcg_off_tp1_marker_on_profile_nsys,3,9,2,2,1,attn_mqa->o_proj,0.263392,short_decode_fixed_launch_interval_dominates,nvtx_covering_gap,{'Module': 'model.model.layers.3.self_attn'},covers_or_overlaps_gap,NVTX_EVENTS,61986346,63787637,-1.325452,0.475839,1.801291
decode,req1_equal_fresh_regular_b1_f1_p0,20260618_104620_prefill_stage1_req1_equal_fresh_regular_b1_f1_p0_b1_fvar1_pvar0_layers5_backend_auto_cg_off_pcg_off_tp1_marker_on_profile_nsys,3,9,2,2,1,attn_mqa->o_proj,0.263392,short_decode_fixed_launch_interval_dominates,nvtx_covering_gap,"{'Module': 'model.model.layers.3.self_attn.attn_mqa', 'TrainableParams': {'k_scale': [], 'v_scale': []}, 'Inputs': [[1, 128, 512], [1, 1, 512], [1, 1, 512]]}",covers_or_overlaps_gap,NVTX_EVENTS,63038157,63329597,-0.273641,0.017799,0.29144
decode,req1_equal_fresh_regular_b1_f1_p0,20260618_104620_prefill_stage1_req1_equal_fresh_regular_b1_f1_p0_b1_fvar1_pvar0_layers5_backend_auto_cg_off_pcg_off_tp1_marker_on_profile_nsys,3,9,2,2,1,attn_mqa->o_proj,0.263392,short_decode_fixed_launch_interval_dominates,cuda_runtime_boundary,cudaLaunchKernelExC_v11060,prev_kernel_launch_runtime,CUPTI runtime correlationId,63294156,63300885,-0.017642,-0.010913,0.006729
decode,req1_equal_fresh_regular_b1_f1_p0,20260618_104620_prefill_stage1_req1_equal_fresh_regular_b1_f1_p0_b1_fvar1_pvar0_layers5_backend_auto_cg_off_pcg_off_tp1_marker_on_profile_nsys,3,9,2,2,1,attn_mqa->o_proj,0.263392,short_decode_fixed_launch_interval_dominates,gpu_kernel_boundary,device_kernel,prev_kernel,CUPTI kernel,63302710,63311798,-0.009088,0.0,0.009088
decode,req1_equal_fresh_regular_b1_f1_p0,20260618_104620_prefill_stage1_req1_equal_fresh_regular_b1_f1_p0_b1_fvar1_pvar0_layers5_backend_auto_cg_off_pcg_off_tp1_marker_on_profile_nsys,3,9,2,2,1,attn_mqa->o_proj,0.263392,short_decode_fixed_launch_interval_dominates,gpu_gap_boundary,gap_start_prev_kernel_end,gap_start,kernel boundary,63311798,63311798,0.0,0.0,0.0
decode,req1_equal_fresh_regular_b1_f1_p0,20260618_104620_prefill_stage1_req1_equal_fresh_regular_b1_f1_p0_b1_fvar1_pvar0_layers5_backend_auto_cg_off_pcg_off_tp1_marker_on_profile_nsys,3,9,2,2,1,attn_mqa->o_proj,0.263392,short_decode_fixed_launch_interval_dominates,host_child_marker,attn_mqa.host_end,prev_child_host_end,child_timing_json/NVTX,63329597,63329597,0.017799,0.017799,0.0
decode,req1_equal_fresh_regular_b1_f1_p0,20260618_104620_prefill_stage1_req1_equal_fresh_regular_b1_f1_p0_b1_fvar1_pvar0_layers5_backend_auto_cg_off_pcg_off_tp1_marker_on_profile_nsys,3,9,2,2,1,attn_mqa->o_proj,0.263392,short_decode_fixed_launch_interval_dominates,host_child_marker,o_proj.host_start,next_child_host_start,child_timing_json/NVTX,63461722,63461722,0.149924,0.149924,0.0
decode,req1_equal_fresh_regular_b1_f1_p0,20260618_104620_prefill_stage1_req1_equal_fresh_regular_b1_f1_p0_b1_fvar1_pvar0_layers5_backend_auto_cg_off_pcg_off_tp1_marker_on_profile_nsys,3,9,2,2,1,attn_mqa->o_proj,0.263392,short_decode_fixed_launch_interval_dominates,nvtx_covering_gap,"{'Module': 'model.model.layers.3.self_attn.o_proj', 'TrainableParams': {'weight': [7168, 16384], 'weight_scale_inv': [56, 128]}, 'Inputs': [[1, 16384]]}",covers_or_overlaps_gap,NVTX_EVENTS,63461722,63768296,0.149924,0.456498,0.306574
decode,req1_equal_fresh_regular_b1_f1_p0,20260618_104620_prefill_stage1_req1_equal_fresh_regular_b1_f1_p0_b1_fvar1_pvar0_layers5_backend_auto_cg_off_pcg_off_tp1_marker_on_profile_nsys,3,9,2,2,1,attn_mqa->o_proj,0.263392,short_decode_fixed_launch_interval_dominates,cuda_runtime_boundary,cudaLaunchKernel_v7000,next_kernel_launch_runtime,CUPTI runtime correlationId,63565524,63574236,0.253726,0.262438,0.008712
decode,req1_equal_fresh_regular_b1_f1_p0,20260618_104620_prefill_stage1_req1_equal_fresh_regular_b1_f1_p0_b1_fvar1_pvar0_layers5_backend_auto_cg_off_pcg_off_tp1_marker_on_profile_nsys,3,9,2,2,1,attn_mqa->o_proj,0.263392,short_decode_fixed_launch_interval_dominates,gpu_gap_boundary,gap_end_next_kernel_start,gap_end,kernel boundary,63575190,63575190,0.263392,0.263392,0.0
decode,req1_equal_fresh_regular_b1_f1_p0,20260618_104620_prefill_stage1_req1_equal_fresh_regular_b1_f1_p0_b1_fvar1_pvar0_layers5_backend_auto_cg_off_pcg_off_tp1_marker_on_profile_nsys,3,9,2,2,1,attn_mqa->o_proj,0.263392,short_decode_fixed_launch_interval_dominates,gpu_kernel_boundary,per_token_group_quant_8bit_kernel,next_kernel,CUPTI kernel,63575190,63577014,0.263392,0.265216,0.001824
decode,req1_equal_fresh_regular_b1_f1_p0,20260618_104620_prefill_stage1_req1_equal_fresh_regular_b1_f1_p0_b1_fvar1_pvar0_layers5_backend_auto_cg_off_pcg_off_tp1_marker_on_profile_nsys,4,5,1,2,1,rotary_emb->o_proj,0.84592,short_decode_fixed_launch_interval_dominates,osrt_overlap_in_gap,epoll_wait,overlaps_gap,OSRT_API,31025945,70079476,-17.234206,21.819325,39.053531
decode,req1_equal_fresh_regular_b1_f1_p0,20260618_104620_prefill_stage1_req1_equal_fresh_regular_b1_f1_p0_b1_fvar1_pvar0_layers5_backend_auto_cg_off_pcg_off_tp1_marker_on_profile_nsys,4,5,1,2,1,rotary_emb->o_proj,0.84592,short_decode_fixed_launch_interval_dominates,osrt_overlap_in_gap,epoll_wait,overlaps_gap,OSRT_API,31098642,69852001,-17.161509,21.59185,38.753359
decode,req1_equal_fresh_regular_b1_f1_p0,20260618_104620_prefill_stage1_req1_equal_fresh_regular_b1_f1_p0_b1_fvar1_pvar0_layers5_backend_auto_cg_off_pcg_off_tp1_marker_on_profile_nsys,4,5,1,2,1,rotary_emb->o_proj,0.84592,short_decode_fixed_launch_interval_dominates,osrt_overlap_in_gap,epoll_pwait,overlaps_gap,OSRT_API,31195381,70174995,-17.06477,21.914844,38.979614
decode,req1_equal_fresh_regular_b1_f1_p0,20260618_104620_prefill_stage1_req1_equal_fresh_regular_b1_f1_p0_b1_fvar1_pvar0_layers5_backend_auto_cg_off_pcg_off_tp1_marker_on_profile_nsys,4,5,1,2,1,rotary_emb->o_proj,0.84592,short_decode_fixed_launch_interval_dominates,nvtx_covering_gap,"{'Module': 'model.model', 'Inputs': [[1], [1]]}",covers_or_overlaps_gap,NVTX_EVENTS,33999115,50805401,-14.261036,2.54525,16.806286
decode,req1_equal_fresh_regular_b1_f1_p0,20260618_104620_prefill_stage1_req1_equal_fresh_regular_b1_f1_p0_b1_fvar1_pvar0_layers5_backend_auto_cg_off_pcg_off_tp1_marker_on_profile_nsys,4,5,1,2,1,rotary_emb->o_proj,0.84592,short_decode_fixed_launch_interval_dominates,osrt_overlap_in_gap,epoll_wait,overlaps_gap,OSRT_API,39285871,49365136,-8.97428,1.104985,10.079265
decode,req1_equal_fresh_regular_b1_f1_p0,20260618_104620_prefill_stage1_req1_equal_fresh_regular_b1_f1_p0_b1_fvar1_pvar0_layers5_backend_auto_cg_off_pcg_off_tp1_marker_on_profile_nsys,4,5,1,2,1,rotary_emb->o_proj,0.84592,short_decode_fixed_launch_interval_dominates,osrt_overlap_in_gap,epoll_wait,overlaps_gap,OSRT_API,40956703,51068777,-7.303448,2.808626,10.112074
decode,req1_equal_fresh_regular_b1_f1_p0,20260618_104620_prefill_stage1_req1_equal_fresh_regular_b1_f1_p0_b1_fvar1_pvar0_layers5_backend_auto_cg_off_pcg_off_tp1_marker_on_profile_nsys,4,5,1,2,1,rotary_emb->o_proj,0.84592,short_decode_fixed_launch_interval_dominates,nvtx_covering_gap,"{'Module': 'model.model.layers.4', 'Inputs': [[1], [1, 7168], [1, 7168]]}",covers_or_overlaps_gap,NVTX_EVENTS,47037979,50702297,-1.222172,2.442146,3.664318
decode,req1_equal_fresh_regular_b1_f1_p0,20260618_104620_prefill_stage1_req1_equal_fresh_regular_b1_f1_p0_b1_fvar1_pvar0_layers5_backend_auto_cg_off_pcg_off_tp1_marker_on_profile_nsys,4,5,1,2,1,rotary_emb->o_proj,0.84592,short_decode_fixed_launch_interval_dominates,nvtx_covering_gap,{'Module': 'model.model.layers.4.self_attn'},covers_or_overlaps_gap,NVTX_EVENTS,47152189,49305326,-1.107962,1.045175,2.153137
decode,req1_equal_fresh_regular_b1_f1_p0,20260618_104620_prefill_stage1_req1_equal_fresh_regular_b1_f1_p0_b1_fvar1_pvar0_layers5_backend_auto_cg_off_pcg_off_tp1_marker_on_profile_nsys,4,5,1,2,1,rotary_emb->o_proj,0.84592,short_decode_fixed_launch_interval_dominates,cuda_runtime_boundary,cudaLaunchKernel_v7000,prev_kernel_launch_runtime,CUPTI runtime correlationId,48248786,48261343,-0.011365,0.001192,0.012557
decode,req1_equal_fresh_regular_b1_f1_p0,20260618_104620_prefill_stage1_req1_equal_fresh_regular_b1_f1_p0_b1_fvar1_pvar0_layers5_backend_auto_cg_off_pcg_off_tp1_marker_on_profile_nsys,4,5,1,2,1,rotary_emb->o_proj,0.84592,short_decode_fixed_launch_interval_dominates,cuda_runtime_in_gap,cudaLaunchKernel_v7000,inside_gap,CUPTI runtime,48248786,48261343,-0.011365,0.001192,0.012557
decode,req1_equal_fresh_regular_b1_f1_p0,20260618_104620_prefill_stage1_req1_equal_fresh_regular_b1_f1_p0_b1_fvar1_pvar0_layers5_backend_auto_cg_off_pcg_off_tp1_marker_on_profile_nsys,4,5,1,2,1,rotary_emb->o_proj,0.84592,short_decode_fixed_launch_interval_dominates,gpu_kernel_boundary,BatchQKApplyRotaryPosIdsCosSinCacheHeadParallelismKernel,prev_kernel,CUPTI kernel,48258327,48260151,-0.001824,0.0,0.001824
decode,req1_equal_fresh_regular_b1_f1_p0,20260618_104620_prefill_stage1_req1_equal_fresh_regular_b1_f1_p0_b1_fvar1_pvar0_layers5_backend_auto_cg_off_pcg_off_tp1_marker_on_profile_nsys,4,5,1,2,1,rotary_emb->o_proj,0.84592,short_decode_fixed_launch_interval_dominates,gpu_gap_boundary,gap_start_prev_kernel_end,gap_start,kernel boundary,48260151,48260151,0.0,0.0,0.0
decode,req1_equal_fresh_regular_b1_f1_p0,20260618_104620_prefill_stage1_req1_equal_fresh_regular_b1_f1_p0_b1_fvar1_pvar0_layers5_backend_auto_cg_off_pcg_off_tp1_marker_on_profile_nsys,4,5,1,2,1,rotary_emb->o_proj,0.84592,short_decode_fixed_launch_interval_dominates,host_child_marker,rotary_emb.host_end,prev_child_host_end,child_timing_json/NVTX,48275451,48275451,0.0153,0.0153,0.0
decode,req1_equal_fresh_regular_b1_f1_p0,20260618_104620_prefill_stage1_req1_equal_fresh_regular_b1_f1_p0_b1_fvar1_pvar0_layers5_backend_auto_cg_off_pcg_off_tp1_marker_on_profile_nsys,4,5,1,2,1,rotary_emb->o_proj,0.84592,short_decode_fixed_launch_interval_dominates,nvtx_covering_gap,"{'Module': 'model.model.layers.4.self_attn.kv_b_proj', 'TrainableParams': {'weight': [32768, 512], 'weight_scale_inv': [256, 4]}, 'Inputs': [[1, 512]]}",covers_or_overlaps_gap,NVTX_EVENTS,48420563,48680446,0.160412,0.420295,0.259883
decode,req1_equal_fresh_regular_b1_f1_p0,20260618_104620_prefill_stage1_req1_equal_fresh_regular_b1_f1_p0_b1_fvar1_pvar0_layers5_backend_auto_cg_off_pcg_off_tp1_marker_on_profile_nsys,4,5,1,2,1,rotary_emb->o_proj,0.84592,short_decode_fixed_launch_interval_dominates,nvtx_covering_gap,"{'Module': 'model.model.layers.4.self_attn.attn_mha', 'TrainableParams': {'k_scale': [], 'v_scale': []}, 'Inputs': [[1, 128, 192], [1, 128, 192], [1, 128, 128]]}",covers_or_overlaps_gap,NVTX_EVENTS,48787635,48953850,0.527484,0.693699,0.166215
decode,req1_equal_fresh_regular_b1_f1_p0,20260618_104620_prefill_stage1_req1_equal_fresh_regular_b1_f1_p0_b1_fvar1_pvar0_layers5_backend_auto_cg_off_pcg_off_tp1_marker_on_profile_nsys,4,5,1,2,1,rotary_emb->o_proj,0.84592,short_decode_fixed_launch_interval_dominates,cuda_runtime_in_gap,cudaLaunchKernel_v7000,inside_gap,CUPTI runtime,48899649,48910414,0.639498,0.650263,0.010765
decode,req1_equal_fresh_regular_b1_f1_p0,20260618_104620_prefill_stage1_req1_equal_fresh_regular_b1_f1_p0_b1_fvar1_pvar0_layers5_backend_auto_cg_off_pcg_off_tp1_marker_on_profile_nsys,4,5,1,2,1,rotary_emb->o_proj,0.84592,short_decode_fixed_launch_interval_dominates,host_child_marker,o_proj.host_start,next_child_host_start,child_timing_json/NVTX,49002466,49002466,0.742315,0.742315,0.0
decode,req1_equal_fresh_regular_b1_f1_p0,20260618_104620_prefill_stage1_req1_equal_fresh_regular_b1_f1_p0_b1_fvar1_pvar0_layers5_backend_auto_cg_off_pcg_off_tp1_marker_on_profile_nsys,4,5,1,2,1,rotary_emb->o_proj,0.84592,short_decode_fixed_launch_interval_dominates,cuda_runtime_boundary,cudaLaunchKernel_v7000,next_kernel_launch_runtime,CUPTI runtime correlationId,49096408,49105178,0.836257,0.845027,0.00877
decode,req1_equal_fresh_regular_b1_f1_p0,20260618_104620_prefill_stage1_req1_equal_fresh_regular_b1_f1_p0_b1_fvar1_pvar0_layers5_backend_auto_cg_off_pcg_off_tp1_marker_on_profile_nsys,4,5,1,2,1,rotary_emb->o_proj,0.84592,short_decode_fixed_launch_interval_dominates,gpu_gap_boundary,gap_end_next_kernel_start,gap_end,kernel boundary,49106071,49106071,0.84592,0.84592,0.0
decode,req1_equal_fresh_regular_b1_f1_p0,20260618_104620_prefill_stage1_req1_equal_fresh_regular_b1_f1_p0_b1_fvar1_pvar0_layers5_backend_auto_cg_off_pcg_off_tp1_marker_on_profile_nsys,4,5,1,2,1,rotary_emb->o_proj,0.84592,short_decode_fixed_launch_interval_dominates,gpu_kernel_boundary,per_token_group_quant_8bit_kernel,next_kernel,CUPTI kernel,49106071,49107799,0.84592,0.847648,0.001728
decode,req1_equal_fresh_regular_b1_f1_p0,20260618_104620_prefill_stage1_req1_equal_fresh_regular_b1_f1_p0_b1_fvar1_pvar0_layers5_backend_auto_cg_off_pcg_off_tp1_marker_on_profile_nsys,4,10,2,2,1,q_b_proj->rotary_emb,0.259744,short_decode_fixed_launch_interval_dominates,osrt_overlap_in_gap,epoll_wait,overlaps_gap,OSRT_API,31025945,70079476,-35.192349,3.861182,39.053531
decode,req1_equal_fresh_regular_b1_f1_p0,20260618_104620_prefill_stage1_req1_equal_fresh_regular_b1_f1_p0_b1_fvar1_pvar0_layers5_backend_auto_cg_off_pcg_off_tp1_marker_on_profile_nsys,4,10,2,2,1,q_b_proj->rotary_emb,0.259744,short_decode_fixed_launch_interval_dominates,osrt_overlap_in_gap,epoll_wait,overlaps_gap,OSRT_API,31098642,69852001,-35.119652,3.633707,38.753359
decode,req1_equal_fresh_regular_b1_f1_p0,20260618_104620_prefill_stage1_req1_equal_fresh_regular_b1_f1_p0_b1_fvar1_pvar0_layers5_backend_auto_cg_off_pcg_off_tp1_marker_on_profile_nsys,4,10,2,2,1,q_b_proj->rotary_emb,0.259744,short_decode_fixed_launch_interval_dominates,osrt_overlap_in_gap,epoll_pwait,overlaps_gap,OSRT_API,31195381,70174995,-35.022913,3.956701,38.979614
decode,req1_equal_fresh_regular_b1_f1_p0,20260618_104620_prefill_stage1_req1_equal_fresh_regular_b1_f1_p0_b1_fvar1_pvar0_layers5_backend_auto_cg_off_pcg_off_tp1_marker_on_profile_nsys,4,10,2,2,1,q_b_proj->rotary_emb,0.259744,short_decode_fixed_launch_interval_dominates,nvtx_covering_gap,"{'Module': 'model.model', 'Inputs': [[1], [1]]}",covers_or_overlaps_gap,NVTX_EVENTS,53218323,68730425,-12.999971,2.512131,15.512102
decode,req1_equal_fresh_regular_b1_f1_p0,20260618_104620_prefill_stage1_req1_equal_fresh_regular_b1_f1_p0_b1_fvar1_pvar0_layers5_backend_auto_cg_off_pcg_off_tp1_marker_on_profile_nsys,4,10,2,2,1,q_b_proj->rotary_emb,0.259744,short_decode_fixed_launch_interval_dominates,osrt_overlap_in_gap,epoll_wait,overlaps_gap,OSRT_API,59477211,69568621,-6.741083,3.350327,10.09141
decode,req1_equal_fresh_regular_b1_f1_p0,20260618_104620_prefill_stage1_req1_equal_fresh_regular_b1_f1_p0_b1_fvar1_pvar0_layers5_backend_auto_cg_off_pcg_off_tp1_marker_on_profile_nsys,4,10,2,2,1,q_b_proj->rotary_emb,0.259744,short_decode_fixed_launch_interval_dominates,osrt_overlap_in_gap,epoll_wait,overlaps_gap,OSRT_API,61178648,71245571,-5.039646,5.027277,10.066923
decode,req1_equal_fresh_regular_b1_f1_p0,20260618_104620_prefill_stage1_req1_equal_fresh_regular_b1_f1_p0_b1_fvar1_pvar0_layers5_backend_auto_cg_off_pcg_off_tp1_marker_on_profile_nsys,4,10,2,2,1,q_b_proj->rotary_emb,0.259744,short_decode_fixed_launch_interval_dominates,nvtx_covering_gap,"{'Module': 'model.model.layers.4', 'Inputs': [[1], [1, 7168], [1, 7168]]}",covers_or_overlaps_gap,NVTX_EVENTS,65246800,68631606,-0.971494,2.413312,3.384806
decode,req1_equal_fresh_regular_b1_f1_p0,20260618_104620_prefill_stage1_req1_equal_fresh_regular_b1_f1_p0_b1_fvar1_pvar0_layers5_backend_auto_cg_off_pcg_off_tp1_marker_on_profile_nsys,4,10,2,2,1,q_b_proj->rotary_emb,0.259744,short_decode_fixed_launch_interval_dominates,nvtx_covering_gap,{'Module': 'model.model.layers.4.self_attn'},covers_or_overlaps_gap,NVTX_EVENTS,65361815,67269919,-0.856479,1.051625,1.908104
decode,req1_equal_fresh_regular_b1_f1_p0,20260618_104620_prefill_stage1_req1_equal_fresh_regular_b1_f1_p0_b1_fvar1_pvar0_layers5_backend_auto_cg_off_pcg_off_tp1_marker_on_profile_nsys,4,10,2,2,1,q_b_proj->rotary_emb,0.259744,short_decode_fixed_launch_interval_dominates,nvtx_covering_gap,"{'Module': 'model.model.layers.4.self_attn.q_b_proj', 'TrainableParams': {'weight': [24576, 1536], 'weight_scale_inv': [192, 12]}, 'Inputs': [[1, 1536]]}",covers_or_overlaps_gap,NVTX_EVENTS,65971747,66233465,-0.246547,0.015171,0.261718
decode,req1_equal_fresh_regular_b1_f1_p0,20260618_104620_prefill_stage1_req1_equal_fresh_regular_b1_f1_p0_b1_fvar1_pvar0_layers5_backend_auto_cg_off_pcg_off_tp1_marker_on_profile_nsys,4,10,2,2,1,q_b_proj->rotary_emb,0.259744,short_decode_fixed_launch_interval_dominates,cuda_runtime_boundary,cuLaunchKernelEx,prev_kernel_launch_runtime,CUPTI runtime correlationId,66192336,66200136,-0.025958,-0.018158,0.0078
decode,req1_equal_fresh_regular_b1_f1_p0,20260618_104620_prefill_stage1_req1_equal_fresh_regular_b1_f1_p0_b1_fvar1_pvar0_layers5_backend_auto_cg_off_pcg_off_tp1_marker_on_profile_nsys,4,10,2,2,1,q_b_proj->rotary_emb,0.259744,short_decode_fixed_launch_interval_dominates,gpu_kernel_boundary,sm90_fp8_gemm_1d2d_impl,prev_kernel,CUPTI kernel,66201558,66218294,-0.016736,0.0,0.016736
decode,req1_equal_fresh_regular_b1_f1_p0,20260618_104620_prefill_stage1_req1_equal_fresh_regular_b1_f1_p0_b1_fvar1_pvar0_layers5_backend_auto_cg_off_pcg_off_tp1_marker_on_profile_nsys,4,10,2,2,1,q_b_proj->rotary_emb,0.259744,short_decode_fixed_launch_interval_dominates,gpu_gap_boundary,gap_start_prev_kernel_end,gap_start,kernel boundary,66218294,66218294,0.0,0.0,0.0
decode,req1_equal_fresh_regular_b1_f1_p0,20260618_104620_prefill_stage1_req1_equal_fresh_regular_b1_f1_p0_b1_fvar1_pvar0_layers5_backend_auto_cg_off_pcg_off_tp1_marker_on_profile_nsys,4,10,2,2,1,q_b_proj->rotary_emb,0.259744,short_decode_fixed_launch_interval_dominates,host_child_marker,q_b_proj.host_end,prev_child_host_end,child_timing_json/NVTX,66233465,66233465,0.015171,0.015171,0.0
decode,req1_equal_fresh_regular_b1_f1_p0,20260618_104620_prefill_stage1_req1_equal_fresh_regular_b1_f1_p0_b1_fvar1_pvar0_layers5_backend_auto_cg_off_pcg_off_tp1_marker_on_profile_nsys,4,10,2,2,1,q_b_proj->rotary_emb,0.259744,short_decode_fixed_launch_interval_dominates,cuda_runtime_in_gap,cuLaunchKernelEx,inside_gap,CUPTI runtime,66343860,66355529,0.125566,0.137235,0.011669
decode,req1_equal_fresh_regular_b1_f1_p0,20260618_104620_prefill_stage1_req1_equal_fresh_regular_b1_f1_p0_b1_fvar1_pvar0_layers5_backend_auto_cg_off_pcg_off_tp1_marker_on_profile_nsys,4,10,2,2,1,q_b_proj->rotary_emb,0.259744,short_decode_fixed_launch_interval_dominates,host_child_marker,rotary_emb.host_start,next_child_host_start,child_timing_json/NVTX,66404041,66404041,0.185747,0.185747,0.0
decode,req1_equal_fresh_regular_b1_f1_p0,20260618_104620_prefill_stage1_req1_equal_fresh_regular_b1_f1_p0_b1_fvar1_pvar0_layers5_backend_auto_cg_off_pcg_off_tp1_marker_on_profile_nsys,4,10,2,2,1,q_b_proj->rotary_emb,0.259744,short_decode_fixed_launch_interval_dominates,nvtx_covering_gap,"{'Module': 'model.model.layers.0.self_attn.rotary_emb', 'Inputs': [[1], [1, 128, 64], [1, 1, 64]]}",covers_or_overlaps_gap,NVTX_EVENTS,66404041,66492110,0.185747,0.273816,0.088069
decode,req1_equal_fresh_regular_b1_f1_p0,20260618_104620_prefill_stage1_req1_equal_fresh_regular_b1_f1_p0_b1_fvar1_pvar0_layers5_backend_auto_cg_off_pcg_off_tp1_marker_on_profile_nsys,4,10,2,2,1,q_b_proj->rotary_emb,0.259744,short_decode_fixed_launch_interval_dominates,cuda_runtime_boundary,cudaLaunchKernel_v7000,next_kernel_launch_runtime,CUPTI runtime correlationId,66468751,66477243,0.250457,0.258949,0.008492
decode,req1_equal_fresh_regular_b1_f1_p0,20260618_104620_prefill_stage1_req1_equal_fresh_regular_b1_f1_p0_b1_fvar1_pvar0_layers5_backend_auto_cg_off_pcg_off_tp1_marker_on_profile_nsys,4,10,2,2,1,q_b_proj->rotary_emb,0.259744,short_decode_fixed_launch_interval_dominates,gpu_gap_boundary,gap_end_next_kernel_start,gap_end,kernel boundary,66478038,66478038,0.259744,0.259744,0.0
decode,req1_equal_fresh_regular_b1_f1_p0,20260618_104620_prefill_stage1_req1_equal_fresh_regular_b1_f1_p0_b1_fvar1_pvar0_layers5_backend_auto_cg_off_pcg_off_tp1_marker_on_profile_nsys,4,10,2,2,1,q_b_proj->rotary_emb,0.259744,short_decode_fixed_launch_interval_dominates,gpu_kernel_boundary,BatchQKApplyRotaryPosIdsCosSinCacheHeadParallelismKernel,next_kernel,CUPTI kernel,66478038,66479766,0.259744,0.261472,0.001728
decode,req1_equal_fresh_regular_b4_f512_p0,20260618_104959_prefill_stage1_req1_equal_fresh_regular_b4_f512_p0_b4_fvar512-512-512-512_pvar0-0-0-0_layers5_backend_auto_cg_off_pcg_off_tp1_marker_on_profile_nsys,0,6,1,1,1,attn_mqa->o_proj,0.256864,short_decode_fixed_launch_interval_dominates,osrt_overlap_in_gap,epoll_wait,overlaps_gap,OSRT_API,24082251,63709300,-22.533211,17.093838,39.627049
decode,req1_equal_fresh_regular_b4_f512_p0,20260618_104959_prefill_stage1_req1_equal_fresh_regular_b4_f512_p0_b4_fvar512-512-512-512_pvar0-0-0-0_layers5_backend_auto_cg_off_pcg_off_tp1_marker_on_profile_nsys,0,6,1,1,1,attn_mqa->o_proj,0.256864,short_decode_fixed_launch_interval_dominates,osrt_overlap_in_gap,epoll_pwait,overlaps_gap,OSRT_API,24934639,60777024,-21.680823,14.161562,35.842385
decode,req1_equal_fresh_regular_b4_f512_p0,20260618_104959_prefill_stage1_req1_equal_fresh_regular_b4_f512_p0_b4_fvar512-512-512-512_pvar0-0-0-0_layers5_backend_auto_cg_off_pcg_off_tp1_marker_on_profile_nsys,0,6,1,1,1,attn_mqa->o_proj,0.256864,short_decode_fixed_launch_interval_dominates,osrt_overlap_in_gap,pthread_cond_timedwait,overlaps_gap,OSRT_API,27378580,127411340,-19.236882,80.795878,100.03276
decode,req1_equal_fresh_regular_b4_f512_p0,20260618_104959_prefill_stage1_req1_equal_fresh_regular_b4_f512_p0_b4_fvar512-512-512-512_pvar0-0-0-0_layers5_backend_auto_cg_off_pcg_off_tp1_marker_on_profile_nsys,0,6,1,1,1,attn_mqa->o_proj,0.256864,short_decode_fixed_launch_interval_dominates,osrt_overlap_in_gap,epoll_wait,overlaps_gap,OSRT_API,43673627,53739639,-2.941835,7.124177,10.066012
decode,req1_equal_fresh_regular_b4_f512_p0,20260618_104959_prefill_stage1_req1_equal_fresh_regular_b4_f512_p0_b4_fvar512-512-512-512_pvar0-0-0-0_layers5_backend_auto_cg_off_pcg_off_tp1_marker_on_profile_nsys,0,6,1,1,1,attn_mqa->o_proj,0.256864,short_decode_fixed_launch_interval_dominates,osrt_overlap_in_gap,epoll_wait,overlaps_gap,OSRT_API,44593597,54659751,-2.021865,8.044289,10.066154
decode,req1_equal_fresh_regular_b4_f512_p0,20260618_104959_prefill_stage1_req1_equal_fresh_regular_b4_f512_p0_b4_fvar512-512-512-512_pvar0-0-0-0_layers5_backend_auto_cg_off_pcg_off_tp1_marker_on_profile_nsys,0,6,1,1,1,attn_mqa->o_proj,0.256864,short_decode_fixed_launch_interval_dominates,nvtx_covering_gap,"{'Module': 'model.model', 'Inputs': [[4], [4]]}",covers_or_overlaps_gap,NVTX_EVENTS,44926941,58786396,-1.688521,12.170934,13.859455
decode,req1_equal_fresh_regular_b4_f512_p0,20260618_104959_prefill_stage1_req1_equal_fresh_regular_b4_f512_p0_b4_fvar512-512-512-512_pvar0-0-0-0_layers5_backend_auto_cg_off_pcg_off_tp1_marker_on_profile_nsys,0,6,1,1,1,attn_mqa->o_proj,0.256864,short_decode_fixed_launch_interval_dominates,nvtx_covering_gap,"{'Module': 'model.model.layers.0', 'Inputs': [[4], [4, 7168]]}",covers_or_overlaps_gap,NVTX_EVENTS,45095323,47762380,-1.520139,1.146918,2.667057
decode,req1_equal_fresh_regular_b4_f512_p0,20260618_104959_prefill_stage1_req1_equal_fresh_regular_b4_f512_p0_b4_fvar512-512-512-512_pvar0-0-0-0_layers5_backend_auto_cg_off_pcg_off_tp1_marker_on_profile_nsys,0,6,1,1,1,attn_mqa->o_proj,0.256864,short_decode_fixed_launch_interval_dominates,nvtx_covering_gap,{'Module': 'model.model.layers.0.self_attn'},covers_or_overlaps_gap,NVTX_EVENTS,45207363,47066613,-1.408099,0.451151,1.85925
decode,req1_equal_fresh_regular_b4_f512_p0,20260618_104959_prefill_stage1_req1_equal_fresh_regular_b4_f512_p0_b4_fvar512-512-512-512_pvar0-0-0-0_layers5_backend_auto_cg_off_pcg_off_tp1_marker_on_profile_nsys,0,6,1,1,1,attn_mqa->o_proj,0.256864,short_decode_fixed_launch_interval_dominates,nvtx_covering_gap,"{'Module': 'model.model.layers.0.self_attn.attn_mqa', 'TrainableParams': {'k_scale': [], 'v_scale': []}, 'Inputs': [[4, 128, 512], [4, 1, 512], [4, 1, 512]]}",covers_or_overlaps_gap,NVTX_EVENTS,46339932,46639150,-0.27553,0.023688,0.299218
decode,req1_equal_fresh_regular_b4_f512_p0,20260618_104959_prefill_stage1_req1_equal_fresh_regular_b4_f512_p0_b4_fvar512-512-512-512_pvar0-0-0-0_layers5_backend_auto_cg_off_pcg_off_tp1_marker_on_profile_nsys,0,6,1,1,1,attn_mqa->o_proj,0.256864,short_decode_fixed_launch_interval_dominates,cuda_runtime_boundary,cudaLaunchKernelExC_v11060,prev_kernel_launch_runtime,CUPTI runtime correlationId,46601674,46608794,-0.013788,-0.006668,0.00712
decode,req1_equal_fresh_regular_b4_f512_p0,20260618_104959_prefill_stage1_req1_equal_fresh_regular_b4_f512_p0_b4_fvar512-512-512-512_pvar0-0-0-0_layers5_backend_auto_cg_off_pcg_off_tp1_marker_on_profile_nsys,0,6,1,1,1,attn_mqa->o_proj,0.256864,short_decode_fixed_launch_interval_dominates,gpu_kernel_boundary,device_kernel,prev_kernel,CUPTI kernel,46612262,46615462,-0.0032,0.0,0.0032
decode,req1_equal_fresh_regular_b4_f512_p0,20260618_104959_prefill_stage1_req1_equal_fresh_regular_b4_f512_p0_b4_fvar512-512-512-512_pvar0-0-0-0_layers5_backend_auto_cg_off_pcg_off_tp1_marker_on_profile_nsys,0,6,1,1,1,attn_mqa->o_proj,0.256864,short_decode_fixed_launch_interval_dominates,gpu_gap_boundary,gap_start_prev_kernel_end,gap_start,kernel boundary,46615462,46615462,0.0,0.0,0.0
decode,req1_equal_fresh_regular_b4_f512_p0,20260618_104959_prefill_stage1_req1_equal_fresh_regular_b4_f512_p0_b4_fvar512-512-512-512_pvar0-0-0-0_layers5_backend_auto_cg_off_pcg_off_tp1_marker_on_profile_nsys,0,6,1,1,1,attn_mqa->o_proj,0.256864,short_decode_fixed_launch_interval_dominates,host_child_marker,attn_mqa.host_end,prev_child_host_end,child_timing_json/NVTX,46639150,46639150,0.023688,0.023688,0.0
decode,req1_equal_fresh_regular_b4_f512_p0,20260618_104959_prefill_stage1_req1_equal_fresh_regular_b4_f512_p0_b4_fvar512-512-512-512_pvar0-0-0-0_layers5_backend_auto_cg_off_pcg_off_tp1_marker_on_profile_nsys,0,6,1,1,1,attn_mqa->o_proj,0.256864,short_decode_fixed_launch_interval_dominates,host_child_marker,o_proj.host_start,next_child_host_start,child_timing_json/NVTX,46765488,46765488,0.150026,0.150026,0.0
decode,req1_equal_fresh_regular_b4_f512_p0,20260618_104959_prefill_stage1_req1_equal_fresh_regular_b4_f512_p0_b4_fvar512-512-512-512_pvar0-0-0-0_layers5_backend_auto_cg_off_pcg_off_tp1_marker_on_profile_nsys,0,6,1,1,1,attn_mqa->o_proj,0.256864,short_decode_fixed_launch_interval_dominates,nvtx_covering_gap,"{'Module': 'model.model.layers.0.self_attn.o_proj', 'TrainableParams': {'weight': [7168, 16384], 'weight_scale_inv': [56, 128]}, 'Inputs': [[4, 16384]]}",covers_or_overlaps_gap,NVTX_EVENTS,46765488,47048616,0.150026,0.433154,0.283128
decode,req1_equal_fresh_regular_b4_f512_p0,20260618_104959_prefill_stage1_req1_equal_fresh_regular_b4_f512_p0_b4_fvar512-512-512-512_pvar0-0-0-0_layers5_backend_auto_cg_off_pcg_off_tp1_marker_on_profile_nsys,0,6,1,1,1,attn_mqa->o_proj,0.256864,short_decode_fixed_launch_interval_dominates,cuda_runtime_boundary,cudaLaunchKernel_v7000,next_kernel_launch_runtime,CUPTI runtime correlationId,46863309,46871342,0.247847,0.25588,0.008033
decode,req1_equal_fresh_regular_b4_f512_p0,20260618_104959_prefill_stage1_req1_equal_fresh_regular_b4_f512_p0_b4_fvar512-512-512-512_pvar0-0-0-0_layers5_backend_auto_cg_off_pcg_off_tp1_marker_on_profile_nsys,0,6,1,1,1,attn_mqa->o_proj,0.256864,short_decode_fixed_launch_interval_dominates,gpu_gap_boundary,gap_end_next_kernel_start,gap_end,kernel boundary,46872326,46872326,0.256864,0.256864,0.0
decode,req1_equal_fresh_regular_b4_f512_p0,20260618_104959_prefill_stage1_req1_equal_fresh_regular_b4_f512_p0_b4_fvar512-512-512-512_pvar0-0-0-0_layers5_backend_auto_cg_off_pcg_off_tp1_marker_on_profile_nsys,0,6,1,1,1,attn_mqa->o_proj,0.256864,short_decode_fixed_launch_interval_dominates,gpu_kernel_boundary,per_token_group_quant_8bit_kernel,next_kernel,CUPTI kernel,46872326,46874246,0.256864,0.258784,0.00192
decode,req1_equal_fresh_regular_b4_f512_p0,20260618_104959_prefill_stage1_req1_equal_fresh_regular_b4_f512_p0_b4_fvar512-512-512-512_pvar0-0-0-0_layers5_backend_auto_cg_off_pcg_off_tp1_marker_on_profile_nsys,1,7,1,1,1,attn_mqa->o_proj,0.236928,short_decode_fixed_launch_interval_dominates,osrt_overlap_in_gap,epoll_wait,overlaps_gap,OSRT_API,24082251,63709300,-25.016635,14.610414,39.627049
decode,req1_equal_fresh_regular_b4_f512_p0,20260618_104959_prefill_stage1_req1_equal_fresh_regular_b4_f512_p0_b4_fvar512-512-512-512_pvar0-0-0-0_layers5_backend_auto_cg_off_pcg_off_tp1_marker_on_profile_nsys,1,7,1,1,1,attn_mqa->o_proj,0.236928,short_decode_fixed_launch_interval_dominates,osrt_overlap_in_gap,epoll_pwait,overlaps_gap,OSRT_API,24934639,60777024,-24.164247,11.678138,35.842385
decode,req1_equal_fresh_regular_b4_f512_p0,20260618_104959_prefill_stage1_req1_equal_fresh_regular_b4_f512_p0_b4_fvar512-512-512-512_pvar0-0-0-0_layers5_backend_auto_cg_off_pcg_off_tp1_marker_on_profile_nsys,1,7,1,1,1,attn_mqa->o_proj,0.236928,short_decode_fixed_launch_interval_dominates,osrt_overlap_in_gap,pthread_cond_timedwait,overlaps_gap,OSRT_API,27378580,127411340,-21.720306,78.312454,100.03276
decode,req1_equal_fresh_regular_b4_f512_p0,20260618_104959_prefill_stage1_req1_equal_fresh_regular_b4_f512_p0_b4_fvar512-512-512-512_pvar0-0-0-0_layers5_backend_auto_cg_off_pcg_off_tp1_marker_on_profile_nsys,1,7,1,1,1,attn_mqa->o_proj,0.236928,short_decode_fixed_launch_interval_dominates,osrt_overlap_in_gap,epoll_wait,overlaps_gap,OSRT_API,43673627,53739639,-5.425259,4.640753,10.066012
decode,req1_equal_fresh_regular_b4_f512_p0,20260618_104959_prefill_stage1_req1_equal_fresh_regular_b4_f512_p0_b4_fvar512-512-512-512_pvar0-0-0-0_layers5_backend_auto_cg_off_pcg_off_tp1_marker_on_profile_nsys,1,7,1,1,1,attn_mqa->o_proj,0.236928,short_decode_fixed_launch_interval_dominates,osrt_overlap_in_gap,epoll_wait,overlaps_gap,OSRT_API,44593597,54659751,-4.505289,5.560865,10.066154
decode,req1_equal_fresh_regular_b4_f512_p0,20260618_104959_prefill_stage1_req1_equal_fresh_regular_b4_f512_p0_b4_fvar512-512-512-512_pvar0-0-0-0_layers5_backend_auto_cg_off_pcg_off_tp1_marker_on_profile_nsys,1,7,1,1,1,attn_mqa->o_proj,0.236928,short_decode_fixed_launch_interval_dominates,nvtx_covering_gap,"{'Module': 'model.model', 'Inputs': [[4], [4]]}",covers_or_overlaps_gap,NVTX_EVENTS,44926941,58786396,-4.171945,9.68751,13.859455
decode,req1_equal_fresh_regular_b4_f512_p0,20260618_104959_prefill_stage1_req1_equal_fresh_regular_b4_f512_p0_b4_fvar512-512-512-512_pvar0-0-0-0_layers5_backend_auto_cg_off_pcg_off_tp1_marker_on_profile_nsys,1,7,1,1,1,attn_mqa->o_proj,0.236928,short_decode_fixed_launch_interval_dominates,nvtx_covering_gap,"{'Module': 'model.model.layers.1', 'Inputs': [[4], [4, 7168], [4, 7168]]}",covers_or_overlaps_gap,NVTX_EVENTS,47821140,50219443,-1.277746,1.120557,2.398303
decode,req1_equal_fresh_regular_b4_f512_p0,20260618_104959_prefill_stage1_req1_equal_fresh_regular_b4_f512_p0_b4_fvar512-512-512-512_pvar0-0-0-0_layers5_backend_auto_cg_off_pcg_off_tp1_marker_on_profile_nsys,1,7,1,1,1,attn_mqa->o_proj,0.236928,short_decode_fixed_launch_interval_dominates,nvtx_covering_gap,{'Module': 'model.model.layers.1.self_attn'},covers_or_overlaps_gap,NVTX_EVENTS,47911635,49522341,-1.187251,0.423455,1.610706
decode,req1_equal_fresh_regular_b4_f512_p0,20260618_104959_prefill_stage1_req1_equal_fresh_regular_b4_f512_p0_b4_fvar512-512-512-512_pvar0-0-0-0_layers5_backend_auto_cg_off_pcg_off_tp1_marker_on_profile_nsys,1,7,1,1,1,attn_mqa->o_proj,0.236928,short_decode_fixed_launch_interval_dominates,nvtx_covering_gap,"{'Module': 'model.model.layers.1.self_attn.attn_mqa', 'TrainableParams': {'k_scale': [], 'v_scale': []}, 'Inputs': [[4, 128, 512], [4, 1, 512], [4, 1, 512]]}",covers_or_overlaps_gap,NVTX_EVENTS,48842646,49115616,-0.25624,0.01673,0.27297
decode,req1_equal_fresh_regular_b4_f512_p0,20260618_104959_prefill_stage1_req1_equal_fresh_regular_b4_f512_p0_b4_fvar512-512-512-512_pvar0-0-0-0_layers5_backend_auto_cg_off_pcg_off_tp1_marker_on_profile_nsys,1,7,1,1,1,attn_mqa->o_proj,0.236928,short_decode_fixed_launch_interval_dominates,cuda_runtime_boundary,cudaLaunchKernelExC_v11060,prev_kernel_launch_runtime,CUPTI runtime correlationId,49081049,49085904,-0.017837,-0.012982,0.004855
decode,req1_equal_fresh_regular_b4_f512_p0,20260618_104959_prefill_stage1_req1_equal_fresh_regular_b4_f512_p0_b4_fvar512-512-512-512_pvar0-0-0-0_layers5_backend_auto_cg_off_pcg_off_tp1_marker_on_profile_nsys,1,7,1,1,1,attn_mqa->o_proj,0.236928,short_decode_fixed_launch_interval_dominates,gpu_kernel_boundary,device_kernel,prev_kernel,CUPTI kernel,49095718,49098886,-0.003168,0.0,0.003168
decode,req1_equal_fresh_regular_b4_f512_p0,20260618_104959_prefill_stage1_req1_equal_fresh_regular_b4_f512_p0_b4_fvar512-512-512-512_pvar0-0-0-0_layers5_backend_auto_cg_off_pcg_off_tp1_marker_on_profile_nsys,1,7,1,1,1,attn_mqa->o_proj,0.236928,short_decode_fixed_launch_interval_dominates,gpu_gap_boundary,gap_start_prev_kernel_end,gap_start,kernel boundary,49098886,49098886,0.0,0.0,0.0
decode,req1_equal_fresh_regular_b4_f512_p0,20260618_104959_prefill_stage1_req1_equal_fresh_regular_b4_f512_p0_b4_fvar512-512-512-512_pvar0-0-0-0_layers5_backend_auto_cg_off_pcg_off_tp1_marker_on_profile_nsys,1,7,1,1,1,attn_mqa->o_proj,0.236928,short_decode_fixed_launch_interval_dominates,host_child_marker,attn_mqa.host_end,prev_child_host_end,child_timing_json/NVTX,49115616,49115616,0.01673,0.01673,0.0
decode,req1_equal_fresh_regular_b4_f512_p0,20260618_104959_prefill_stage1_req1_equal_fresh_regular_b4_f512_p0_b4_fvar512-512-512-512_pvar0-0-0-0_layers5_backend_auto_cg_off_pcg_off_tp1_marker_on_profile_nsys,1,7,1,1,1,attn_mqa->o_proj,0.236928,short_decode_fixed_launch_interval_dominates,host_child_marker,o_proj.host_start,next_child_host_start,child_timing_json/NVTX,49240857,49240857,0.141971,0.141971,0.0
decode,req1_equal_fresh_regular_b4_f512_p0,20260618_104959_prefill_stage1_req1_equal_fresh_regular_b4_f512_p0_b4_fvar512-512-512-512_pvar0-0-0-0_layers5_backend_auto_cg_off_pcg_off_tp1_marker_on_profile_nsys,1,7,1,1,1,attn_mqa->o_proj,0.236928,short_decode_fixed_launch_interval_dominates,nvtx_covering_gap,"{'Module': 'model.model.layers.1.self_attn.o_proj', 'TrainableParams': {'weight': [7168, 16384], 'weight_scale_inv': [56, 128]}, 'Inputs': [[4, 16384]]}",covers_or_overlaps_gap,NVTX_EVENTS,49240857,49505561,0.141971,0.406675,0.264704
decode,req1_equal_fresh_regular_b4_f512_p0,20260618_104959_prefill_stage1_req1_equal_fresh_regular_b4_f512_p0_b4_fvar512-512-512-512_pvar0-0-0-0_layers5_backend_auto_cg_off_pcg_off_tp1_marker_on_profile_nsys,1,7,1,1,1,attn_mqa->o_proj,0.236928,short_decode_fixed_launch_interval_dominates,cuda_runtime_boundary,cudaLaunchKernel_v7000,next_kernel_launch_runtime,CUPTI runtime correlationId,49326692,49334931,0.227806,0.236045,0.008239
decode,req1_equal_fresh_regular_b4_f512_p0,20260618_104959_prefill_stage1_req1_equal_fresh_regular_b4_f512_p0_b4_fvar512-512-512-512_pvar0-0-0-0_layers5_backend_auto_cg_off_pcg_off_tp1_marker_on_profile_nsys,1,7,1,1,1,attn_mqa->o_proj,0.236928,short_decode_fixed_launch_interval_dominates,gpu_gap_boundary,gap_end_next_kernel_start,gap_end,kernel boundary,49335814,49335814,0.236928,0.236928,0.0
decode,req1_equal_fresh_regular_b4_f512_p0,20260618_104959_prefill_stage1_req1_equal_fresh_regular_b4_f512_p0_b4_fvar512-512-512-512_pvar0-0-0-0_layers5_backend_auto_cg_off_pcg_off_tp1_marker_on_profile_nsys,1,7,1,1,1,attn_mqa->o_proj,0.236928,short_decode_fixed_launch_interval_dominates,gpu_kernel_boundary,per_token_group_quant_8bit_kernel,next_kernel,CUPTI kernel,49335814,49337766,0.236928,0.23888,0.001952
decode,req1_equal_fresh_regular_b4_f512_p0,20260618_104959_prefill_stage1_req1_equal_fresh_regular_b4_f512_p0_b4_fvar512-512-512-512_pvar0-0-0-0_layers5_backend_auto_cg_off_pcg_off_tp1_marker_on_profile_nsys,2,8,1,1,1,attn_mqa->o_proj,0.22928,short_decode_fixed_launch_interval_dominates,osrt_overlap_in_gap,epoll_wait,overlaps_gap,OSRT_API,24082251,63709300,-27.440058,12.186991,39.627049
decode,req1_equal_fresh_regular_b4_f512_p0,20260618_104959_prefill_stage1_req1_equal_fresh_regular_b4_f512_p0_b4_fvar512-512-512-512_pvar0-0-0-0_layers5_backend_auto_cg_off_pcg_off_tp1_marker_on_profile_nsys,2,8,1,1,1,attn_mqa->o_proj,0.22928,short_decode_fixed_launch_interval_dominates,osrt_overlap_in_gap,epoll_pwait,overlaps_gap,OSRT_API,24934639,60777024,-26.58767,9.254715,35.842385
decode,req1_equal_fresh_regular_b4_f512_p0,20260618_104959_prefill_stage1_req1_equal_fresh_regular_b4_f512_p0_b4_fvar512-512-512-512_pvar0-0-0-0_layers5_backend_auto_cg_off_pcg_off_tp1_marker_on_profile_nsys,2,8,1,1,1,attn_mqa->o_proj,0.22928,short_decode_fixed_launch_interval_dominates,osrt_overlap_in_gap,pthread_cond_timedwait,overlaps_gap,OSRT_API,27378580,127411340,-24.143729,75.889031,100.03276
decode,req1_equal_fresh_regular_b4_f512_p0,20260618_104959_prefill_stage1_req1_equal_fresh_regular_b4_f512_p0_b4_fvar512-512-512-512_pvar0-0-0-0_layers5_backend_auto_cg_off_pcg_off_tp1_marker_on_profile_nsys,2,8,1,1,1,attn_mqa->o_proj,0.22928,short_decode_fixed_launch_interval_dominates,osrt_overlap_in_gap,epoll_wait,overlaps_gap,OSRT_API,43673627,53739639,-7.848682,2.21733,10.066012
decode,req1_equal_fresh_regular_b4_f512_p0,20260618_104959_prefill_stage1_req1_equal_fresh_regular_b4_f512_p0_b4_fvar512-512-512-512_pvar0-0-0-0_layers5_backend_auto_cg_off_pcg_off_tp1_marker_on_profile_nsys,2,8,1,1,1,attn_mqa->o_proj,0.22928,short_decode_fixed_launch_interval_dominates,osrt_overlap_in_gap,epoll_wait,overlaps_gap,OSRT_API,44593597,54659751,-6.928712,3.137442,10.066154
decode,req1_equal_fresh_regular_b4_f512_p0,20260618_104959_prefill_stage1_req1_equal_fresh_regular_b4_f512_p0_b4_fvar512-512-512-512_pvar0-0-0-0_layers5_backend_auto_cg_off_pcg_off_tp1_marker_on_profile_nsys,2,8,1,1,1,attn_mqa->o_proj,0.22928,short_decode_fixed_launch_interval_dominates,nvtx_covering_gap,"{'Module': 'model.model', 'Inputs': [[4], [4]]}",covers_or_overlaps_gap,NVTX_EVENTS,44926941,58786396,-6.595368,7.264087,13.859455
decode,req1_equal_fresh_regular_b4_f512_p0,20260618_104959_prefill_stage1_req1_equal_fresh_regular_b4_f512_p0_b4_fvar512-512-512-512_pvar0-0-0-0_layers5_backend_auto_cg_off_pcg_off_tp1_marker_on_profile_nsys,2,8,1,1,1,attn_mqa->o_proj,0.22928,short_decode_fixed_launch_interval_dominates,nvtx_covering_gap,"{'Module': 'model.model.layers.2', 'Inputs': [[4], [4, 7168], [4, 7168]]}",covers_or_overlaps_gap,NVTX_EVENTS,50263042,52629317,-1.259267,1.107008,2.366275
decode,req1_equal_fresh_regular_b4_f512_p0,20260618_104959_prefill_stage1_req1_equal_fresh_regular_b4_f512_p0_b4_fvar512-512-512-512_pvar0-0-0-0_layers5_backend_auto_cg_off_pcg_off_tp1_marker_on_profile_nsys,2,8,1,1,1,attn_mqa->o_proj,0.22928,short_decode_fixed_launch_interval_dominates,nvtx_covering_gap,{'Module': 'model.model.layers.2.self_attn'},covers_or_overlaps_gap,NVTX_EVENTS,50351932,51942942,-1.170377,0.420633,1.59101
decode,req1_equal_fresh_regular_b4_f512_p0,20260618_104959_prefill_stage1_req1_equal_fresh_regular_b4_f512_p0_b4_fvar512-512-512-512_pvar0-0-0-0_layers5_backend_auto_cg_off_pcg_off_tp1_marker_on_profile_nsys,2,8,1,1,1,attn_mqa->o_proj,0.22928,short_decode_fixed_launch_interval_dominates,nvtx_covering_gap,"{'Module': 'model.model.layers.2.self_attn.attn_mqa', 'TrainableParams': {'k_scale': [], 'v_scale': []}, 'Inputs': [[4, 128, 512], [4, 1, 512], [4, 1, 512]]}",covers_or_overlaps_gap,NVTX_EVENTS,51265764,51539465,-0.256545,0.017156,0.273701
decode,req1_equal_fresh_regular_b4_f512_p0,20260618_104959_prefill_stage1_req1_equal_fresh_regular_b4_f512_p0_b4_fvar512-512-512-512_pvar0-0-0-0_layers5_backend_auto_cg_off_pcg_off_tp1_marker_on_profile_nsys,2,8,1,1,1,attn_mqa->o_proj,0.22928,short_decode_fixed_launch_interval_dominates,cuda_runtime_boundary,cudaLaunchKernelExC_v11060,prev_kernel_launch_runtime,CUPTI runtime correlationId,51504876,51510046,-0.017433,-0.012263,0.00517
decode,req1_equal_fresh_regular_b4_f512_p0,20260618_104959_prefill_stage1_req1_equal_fresh_regular_b4_f512_p0_b4_fvar512-512-512-512_pvar0-0-0-0_layers5_backend_auto_cg_off_pcg_off_tp1_marker_on_profile_nsys,2,8,1,1,1,attn_mqa->o_proj,0.22928,short_decode_fixed_launch_interval_dominates,gpu_kernel_boundary,device_kernel,prev_kernel,CUPTI kernel,51519077,51522309,-0.003232,0.0,0.003232
decode,req1_equal_fresh_regular_b4_f512_p0,20260618_104959_prefill_stage1_req1_equal_fresh_regular_b4_f512_p0_b4_fvar512-512-512-512_pvar0-0-0-0_layers5_backend_auto_cg_off_pcg_off_tp1_marker_on_profile_nsys,2,8,1,1,1,attn_mqa->o_proj,0.22928,short_decode_fixed_launch_interval_dominates,gpu_gap_boundary,gap_start_prev_kernel_end,gap_start,kernel boundary,51522309,51522309,0.0,0.0,0.0
decode,req1_equal_fresh_regular_b4_f512_p0,20260618_104959_prefill_stage1_req1_equal_fresh_regular_b4_f512_p0_b4_fvar512-512-512-512_pvar0-0-0-0_layers5_backend_auto_cg_off_pcg_off_tp1_marker_on_profile_nsys,2,8,1,1,1,attn_mqa->o_proj,0.22928,short_decode_fixed_launch_interval_dominates,host_child_marker,attn_mqa.host_end,prev_child_host_end,child_timing_json/NVTX,51539465,51539465,0.017156,0.017156,0.0
decode,req1_equal_fresh_regular_b4_f512_p0,20260618_104959_prefill_stage1_req1_equal_fresh_regular_b4_f512_p0_b4_fvar512-512-512-512_pvar0-0-0-0_layers5_backend_auto_cg_off_pcg_off_tp1_marker_on_profile_nsys,2,8,1,1,1,attn_mqa->o_proj,0.22928,short_decode_fixed_launch_interval_dominates,host_child_marker,o_proj.host_start,next_child_host_start,child_timing_json/NVTX,51660552,51660552,0.138243,0.138243,0.0
decode,req1_equal_fresh_regular_b4_f512_p0,20260618_104959_prefill_stage1_req1_equal_fresh_regular_b4_f512_p0_b4_fvar512-512-512-512_pvar0-0-0-0_layers5_backend_auto_cg_off_pcg_off_tp1_marker_on_profile_nsys,2,8,1,1,1,attn_mqa->o_proj,0.22928,short_decode_fixed_launch_interval_dominates,nvtx_covering_gap,"{'Module': 'model.model.layers.2.self_attn.o_proj', 'TrainableParams': {'weight': [7168, 16384], 'weight_scale_inv': [56, 128]}, 'Inputs': [[4, 16384]]}",covers_or_overlaps_gap,NVTX_EVENTS,51660552,51925215,0.138243,0.402906,0.264663
decode,req1_equal_fresh_regular_b4_f512_p0,20260618_104959_prefill_stage1_req1_equal_fresh_regular_b4_f512_p0_b4_fvar512-512-512-512_pvar0-0-0-0_layers5_backend_auto_cg_off_pcg_off_tp1_marker_on_profile_nsys,2,8,1,1,1,attn_mqa->o_proj,0.22928,short_decode_fixed_launch_interval_dominates,cuda_runtime_boundary,cudaLaunchKernel_v7000,next_kernel_launch_runtime,CUPTI runtime correlationId,51742818,51750861,0.220509,0.228552,0.008043
decode,req1_equal_fresh_regular_b4_f512_p0,20260618_104959_prefill_stage1_req1_equal_fresh_regular_b4_f512_p0_b4_fvar512-512-512-512_pvar0-0-0-0_layers5_backend_auto_cg_off_pcg_off_tp1_marker_on_profile_nsys,2,8,1,1,1,attn_mqa->o_proj,0.22928,short_decode_fixed_launch_interval_dominates,gpu_gap_boundary,gap_end_next_kernel_start,gap_end,kernel boundary,51751589,51751589,0.22928,0.22928,0.0
decode,req1_equal_fresh_regular_b4_f512_p0,20260618_104959_prefill_stage1_req1_equal_fresh_regular_b4_f512_p0_b4_fvar512-512-512-512_pvar0-0-0-0_layers5_backend_auto_cg_off_pcg_off_tp1_marker_on_profile_nsys,2,8,1,1,1,attn_mqa->o_proj,0.22928,short_decode_fixed_launch_interval_dominates,gpu_kernel_boundary,per_token_group_quant_8bit_kernel,next_kernel,CUPTI kernel,51751589,51753477,0.22928,0.231168,0.001888
decode,req1_equal_fresh_regular_b4_f512_p0,20260618_104959_prefill_stage1_req1_equal_fresh_regular_b4_f512_p0_b4_fvar512-512-512-512_pvar0-0-0-0_layers5_backend_auto_cg_off_pcg_off_tp1_marker_on_profile_nsys,3,9,1,1,1,attn_mqa->o_proj,0.234336,short_decode_fixed_launch_interval_dominates,osrt_overlap_in_gap,epoll_wait,overlaps_gap,OSRT_API,24082251,63709300,-29.856602,9.770447,39.627049
decode,req1_equal_fresh_regular_b4_f512_p0,20260618_104959_prefill_stage1_req1_equal_fresh_regular_b4_f512_p0_b4_fvar512-512-512-512_pvar0-0-0-0_layers5_backend_auto_cg_off_pcg_off_tp1_marker_on_profile_nsys,3,9,1,1,1,attn_mqa->o_proj,0.234336,short_decode_fixed_launch_interval_dominates,osrt_overlap_in_gap,epoll_pwait,overlaps_gap,OSRT_API,24934639,60777024,-29.004214,6.838171,35.842385
decode,req1_equal_fresh_regular_b4_f512_p0,20260618_104959_prefill_stage1_req1_equal_fresh_regular_b4_f512_p0_b4_fvar512-512-512-512_pvar0-0-0-0_layers5_backend_auto_cg_off_pcg_off_tp1_marker_on_profile_nsys,3,9,1,1,1,attn_mqa->o_proj,0.234336,short_decode_fixed_launch_interval_dominates,osrt_overlap_in_gap,pthread_cond_timedwait,overlaps_gap,OSRT_API,27378580,127411340,-26.560273,73.472487,100.03276
decode,req1_equal_fresh_regular_b4_f512_p0,20260618_104959_prefill_stage1_req1_equal_fresh_regular_b4_f512_p0_b4_fvar512-512-512-512_pvar0-0-0-0_layers5_backend_auto_cg_off_pcg_off_tp1_marker_on_profile_nsys,3,9,1,1,1,attn_mqa->o_proj,0.234336,short_decode_fixed_launch_interval_dominates,osrt_overlap_in_gap,epoll_wait,overlaps_gap,OSRT_API,44593597,54659751,-9.345256,0.720898,10.066154
decode,req1_equal_fresh_regular_b4_f512_p0,20260618_104959_prefill_stage1_req1_equal_fresh_regular_b4_f512_p0_b4_fvar512-512-512-512_pvar0-0-0-0_layers5_backend_auto_cg_off_pcg_off_tp1_marker_on_profile_nsys,3,9,1,1,1,attn_mqa->o_proj,0.234336,short_decode_fixed_launch_interval_dominates,nvtx_covering_gap,"{'Module': 'model.model', 'Inputs': [[4], [4]]}",covers_or_overlaps_gap,NVTX_EVENTS,44926941,58786396,-9.011912,4.847543,13.859455
decode,req1_equal_fresh_regular_b4_f512_p0,20260618_104959_prefill_stage1_req1_equal_fresh_regular_b4_f512_p0_b4_fvar512-512-512-512_pvar0-0-0-0_layers5_backend_auto_cg_off_pcg_off_tp1_marker_on_profile_nsys,3,9,1,1,1,attn_mqa->o_proj,0.234336,short_decode_fixed_launch_interval_dominates,nvtx_covering_gap,"{'Module': 'model.model.layers.3', 'Inputs': [[4], [4, 7168], [4, 7168]]}",covers_or_overlaps_gap,NVTX_EVENTS,52673524,55617635,-1.265329,1.678782,2.944111
decode,req1_equal_fresh_regular_b4_f512_p0,20260618_104959_prefill_stage1_req1_equal_fresh_regular_b4_f512_p0_b4_fvar512-512-512-512_pvar0-0-0-0_layers5_backend_auto_cg_off_pcg_off_tp1_marker_on_profile_nsys,3,9,1,1,1,attn_mqa->o_proj,0.234336,short_decode_fixed_launch_interval_dominates,nvtx_covering_gap,{'Module': 'model.model.layers.3.self_attn'},covers_or_overlaps_gap,NVTX_EVENTS,52760185,54355318,-1.178668,0.416465,1.595133
decode,req1_equal_fresh_regular_b4_f512_p0,20260618_104959_prefill_stage1_req1_equal_fresh_regular_b4_f512_p0_b4_fvar512-512-512-512_pvar0-0-0-0_layers5_backend_auto_cg_off_pcg_off_tp1_marker_on_profile_nsys,3,9,1,1,1,attn_mqa->o_proj,0.234336,short_decode_fixed_launch_interval_dominates,nvtx_covering_gap,"{'Module': 'model.model.layers.3.self_attn.attn_mqa', 'TrainableParams': {'k_scale': [], 'v_scale': []}, 'Inputs': [[4, 128, 512], [4, 1, 512], [4, 1, 512]]}",covers_or_overlaps_gap,NVTX_EVENTS,53670659,53958795,-0.268194,0.019942,0.288136
decode,req1_equal_fresh_regular_b4_f512_p0,20260618_104959_prefill_stage1_req1_equal_fresh_regular_b4_f512_p0_b4_fvar512-512-512-512_pvar0-0-0-0_layers5_backend_auto_cg_off_pcg_off_tp1_marker_on_profile_nsys,3,9,1,1,1,attn_mqa->o_proj,0.234336,short_decode_fixed_launch_interval_dominates,osrt_overlap_in_gap,epoll_wait,overlaps_gap,OSRT_API,53767094,63827818,-0.171759,9.888965,10.060724
decode,req1_equal_fresh_regular_b4_f512_p0,20260618_104959_prefill_stage1_req1_equal_fresh_regular_b4_f512_p0_b4_fvar512-512-512-512_pvar0-0-0-0_layers5_backend_auto_cg_off_pcg_off_tp1_marker_on_profile_nsys,3,9,1,1,1,attn_mqa->o_proj,0.234336,short_decode_fixed_launch_interval_dominates,cuda_runtime_boundary,cudaLaunchKernelExC_v11060,prev_kernel_launch_runtime,CUPTI runtime correlationId,53923960,53929180,-0.014893,-0.009673,0.00522
decode,req1_equal_fresh_regular_b4_f512_p0,20260618_104959_prefill_stage1_req1_equal_fresh_regular_b4_f512_p0_b4_fvar512-512-512-512_pvar0-0-0-0_layers5_backend_auto_cg_off_pcg_off_tp1_marker_on_profile_nsys,3,9,1,1,1,attn_mqa->o_proj,0.234336,short_decode_fixed_launch_interval_dominates,gpu_kernel_boundary,device_kernel,prev_kernel,CUPTI kernel,53935589,53938853,-0.003264,0.0,0.003264
decode,req1_equal_fresh_regular_b4_f512_p0,20260618_104959_prefill_stage1_req1_equal_fresh_regular_b4_f512_p0_b4_fvar512-512-512-512_pvar0-0-0-0_layers5_backend_auto_cg_off_pcg_off_tp1_marker_on_profile_nsys,3,9,1,1,1,attn_mqa->o_proj,0.234336,short_decode_fixed_launch_interval_dominates,gpu_gap_boundary,gap_start_prev_kernel_end,gap_start,kernel boundary,53938853,53938853,0.0,0.0,0.0
decode,req1_equal_fresh_regular_b4_f512_p0,20260618_104959_prefill_stage1_req1_equal_fresh_regular_b4_f512_p0_b4_fvar512-512-512-512_pvar0-0-0-0_layers5_backend_auto_cg_off_pcg_off_tp1_marker_on_profile_nsys,3,9,1,1,1,attn_mqa->o_proj,0.234336,short_decode_fixed_launch_interval_dominates,host_child_marker,attn_mqa.host_end,prev_child_host_end,child_timing_json/NVTX,53958795,53958795,0.019942,0.019942,0.0
decode,req1_equal_fresh_regular_b4_f512_p0,20260618_104959_prefill_stage1_req1_equal_fresh_regular_b4_f512_p0_b4_fvar512-512-512-512_pvar0-0-0-0_layers5_backend_auto_cg_off_pcg_off_tp1_marker_on_profile_nsys,3,9,1,1,1,attn_mqa->o_proj,0.234336,short_decode_fixed_launch_interval_dominates,host_child_marker,o_proj.host_start,next_child_host_start,child_timing_json/NVTX,54079620,54079620,0.140767,0.140767,0.0
decode,req1_equal_fresh_regular_b4_f512_p0,20260618_104959_prefill_stage1_req1_equal_fresh_regular_b4_f512_p0_b4_fvar512-512-512-512_pvar0-0-0-0_layers5_backend_auto_cg_off_pcg_off_tp1_marker_on_profile_nsys,3,9,1,1,1,attn_mqa->o_proj,0.234336,short_decode_fixed_launch_interval_dominates,nvtx_covering_gap,"{'Module': 'model.model.layers.3.self_attn.o_proj', 'TrainableParams': {'weight': [7168, 16384], 'weight_scale_inv': [56, 128]}, 'Inputs': [[4, 16384]]}",covers_or_overlaps_gap,NVTX_EVENTS,54079620,54337904,0.140767,0.399051,0.258284
decode,req1_equal_fresh_regular_b4_f512_p0,20260618_104959_prefill_stage1_req1_equal_fresh_regular_b4_f512_p0_b4_fvar512-512-512-512_pvar0-0-0-0_layers5_backend_auto_cg_off_pcg_off_tp1_marker_on_profile_nsys,3,9,1,1,1,attn_mqa->o_proj,0.234336,short_decode_fixed_launch_interval_dominates,cuda_runtime_boundary,cudaLaunchKernel_v7000,next_kernel_launch_runtime,CUPTI runtime correlationId,54164134,54172273,0.225281,0.23342,0.008139
decode,req1_equal_fresh_regular_b4_f512_p0,20260618_104959_prefill_stage1_req1_equal_fresh_regular_b4_f512_p0_b4_fvar512-512-512-512_pvar0-0-0-0_layers5_backend_auto_cg_off_pcg_off_tp1_marker_on_profile_nsys,3,9,1,1,1,attn_mqa->o_proj,0.234336,short_decode_fixed_launch_interval_dominates,gpu_gap_boundary,gap_end_next_kernel_start,gap_end,kernel boundary,54173189,54173189,0.234336,0.234336,0.0
decode,req1_equal_fresh_regular_b4_f512_p0,20260618_104959_prefill_stage1_req1_equal_fresh_regular_b4_f512_p0_b4_fvar512-512-512-512_pvar0-0-0-0_layers5_backend_auto_cg_off_pcg_off_tp1_marker_on_profile_nsys,3,9,1,1,1,attn_mqa->o_proj,0.234336,short_decode_fixed_launch_interval_dominates,gpu_kernel_boundary,per_token_group_quant_8bit_kernel,next_kernel,CUPTI kernel,54173189,54175077,0.234336,0.236224,0.001888
decode,req1_equal_fresh_regular_b4_f512_p0,20260618_104959_prefill_stage1_req1_equal_fresh_regular_b4_f512_p0_b4_fvar512-512-512-512_pvar0-0-0-0_layers5_backend_auto_cg_off_pcg_off_tp1_marker_on_profile_nsys,4,10,1,1,1,attn_mqa->o_proj,0.2296,short_decode_fixed_launch_interval_dominates,osrt_overlap_in_gap,epoll_wait,overlaps_gap,OSRT_API,24082251,63709300,-32.991034,6.636015,39.627049
decode,req1_equal_fresh_regular_b4_f512_p0,20260618_104959_prefill_stage1_req1_equal_fresh_regular_b4_f512_p0_b4_fvar512-512-512-512_pvar0-0-0-0_layers5_backend_auto_cg_off_pcg_off_tp1_marker_on_profile_nsys,4,10,1,1,1,attn_mqa->o_proj,0.2296,short_decode_fixed_launch_interval_dominates,osrt_overlap_in_gap,epoll_pwait,overlaps_gap,OSRT_API,24934639,60777024,-32.138646,3.703739,35.842385
decode,req1_equal_fresh_regular_b4_f512_p0,20260618_104959_prefill_stage1_req1_equal_fresh_regular_b4_f512_p0_b4_fvar512-512-512-512_pvar0-0-0-0_layers5_backend_auto_cg_off_pcg_off_tp1_marker_on_profile_nsys,4,10,1,1,1,attn_mqa->o_proj,0.2296,short_decode_fixed_launch_interval_dominates,osrt_overlap_in_gap,pthread_cond_timedwait,overlaps_gap,OSRT_API,27378580,127411340,-29.694705,70.338055,100.03276
decode,req1_equal_fresh_regular_b4_f512_p0,20260618_104959_prefill_stage1_req1_equal_fresh_regular_b4_f512_p0_b4_fvar512-512-512-512_pvar0-0-0-0_layers5_backend_auto_cg_off_pcg_off_tp1_marker_on_profile_nsys,4,10,1,1,1,attn_mqa->o_proj,0.2296,short_decode_fixed_launch_interval_dominates,nvtx_covering_gap,"{'Module': 'model.model', 'Inputs': [[4], [4]]}",covers_or_overlaps_gap,NVTX_EVENTS,44926941,58786396,-12.146344,1.713111,13.859455
decode,req1_equal_fresh_regular_b4_f512_p0,20260618_104959_prefill_stage1_req1_equal_fresh_regular_b4_f512_p0_b4_fvar512-512-512-512_pvar0-0-0-0_layers5_backend_auto_cg_off_pcg_off_tp1_marker_on_profile_nsys,4,10,1,1,1,attn_mqa->o_proj,0.2296,short_decode_fixed_launch_interval_dominates,osrt_overlap_in_gap,epoll_wait,overlaps_gap,OSRT_API,53767094,63827818,-3.306191,6.754533,10.060724
decode,req1_equal_fresh_regular_b4_f512_p0,20260618_104959_prefill_stage1_req1_equal_fresh_regular_b4_f512_p0_b4_fvar512-512-512-512_pvar0-0-0-0_layers5_backend_auto_cg_off_pcg_off_tp1_marker_on_profile_nsys,4,10,1,1,1,attn_mqa->o_proj,0.2296,short_decode_fixed_launch_interval_dominates,osrt_overlap_in_gap,epoll_wait,overlaps_gap,OSRT_API,54685139,64750364,-2.388146,7.677079,10.065225
decode,req1_equal_fresh_regular_b4_f512_p0,20260618_104959_prefill_stage1_req1_equal_fresh_regular_b4_f512_p0_b4_fvar512-512-512-512_pvar0-0-0-0_layers5_backend_auto_cg_off_pcg_off_tp1_marker_on_profile_nsys,4,10,1,1,1,attn_mqa->o_proj,0.2296,short_decode_fixed_launch_interval_dominates,nvtx_covering_gap,"{'Module': 'model.model.layers.4', 'Inputs': [[4], [4, 7168], [4, 7168]]}",covers_or_overlaps_gap,NVTX_EVENTS,55669149,58694110,-1.404136,1.620825,3.024961
decode,req1_equal_fresh_regular_b4_f512_p0,20260618_104959_prefill_stage1_req1_equal_fresh_regular_b4_f512_p0_b4_fvar512-512-512-512_pvar0-0-0-0_layers5_backend_auto_cg_off_pcg_off_tp1_marker_on_profile_nsys,4,10,1,1,1,attn_mqa->o_proj,0.2296,short_decode_fixed_launch_interval_dominates,nvtx_covering_gap,{'Module': 'model.model.layers.4.self_attn'},covers_or_overlaps_gap,NVTX_EVENTS,55772477,57477229,-1.300808,0.403944,1.704752
decode,req1_equal_fresh_regular_b4_f512_p0,20260618_104959_prefill_stage1_req1_equal_fresh_regular_b4_f512_p0_b4_fvar512-512-512-512_pvar0-0-0-0_layers5_backend_auto_cg_off_pcg_off_tp1_marker_on_profile_nsys,4,10,1,1,1,attn_mqa->o_proj,0.2296,short_decode_fixed_launch_interval_dominates,nvtx_covering_gap,"{'Module': 'model.model.layers.4.self_attn.attn_mqa', 'TrainableParams': {'k_scale': [], 'v_scale': []}, 'Inputs': [[4, 128, 512], [4, 1, 512], [4, 1, 512]]}",covers_or_overlaps_gap,NVTX_EVENTS,56811858,57093901,-0.261427,0.020616,0.282043
decode,req1_equal_fresh_regular_b4_f512_p0,20260618_104959_prefill_stage1_req1_equal_fresh_regular_b4_f512_p0_b4_fvar512-512-512-512_pvar0-0-0-0_layers5_backend_auto_cg_off_pcg_off_tp1_marker_on_profile_nsys,4,10,1,1,1,attn_mqa->o_proj,0.2296,short_decode_fixed_launch_interval_dominates,cuda_runtime_boundary,cudaLaunchKernelExC_v11060,prev_kernel_launch_runtime,CUPTI runtime correlationId,57058849,57064398,-0.014436,-0.008887,0.005549
decode,req1_equal_fresh_regular_b4_f512_p0,20260618_104959_prefill_stage1_req1_equal_fresh_regular_b4_f512_p0_b4_fvar512-512-512-512_pvar0-0-0-0_layers5_backend_auto_cg_off_pcg_off_tp1_marker_on_profile_nsys,4,10,1,1,1,attn_mqa->o_proj,0.2296,short_decode_fixed_launch_interval_dominates,gpu_kernel_boundary,device_kernel,prev_kernel,CUPTI kernel,57070085,57073285,-0.0032,0.0,0.0032
decode,req1_equal_fresh_regular_b4_f512_p0,20260618_104959_prefill_stage1_req1_equal_fresh_regular_b4_f512_p0_b4_fvar512-512-512-512_pvar0-0-0-0_layers5_backend_auto_cg_off_pcg_off_tp1_marker_on_profile_nsys,4,10,1,1,1,attn_mqa->o_proj,0.2296,short_decode_fixed_launch_interval_dominates,gpu_gap_boundary,gap_start_prev_kernel_end,gap_start,kernel boundary,57073285,57073285,0.0,0.0,0.0
decode,req1_equal_fresh_regular_b4_f512_p0,20260618_104959_prefill_stage1_req1_equal_fresh_regular_b4_f512_p0_b4_fvar512-512-512-512_pvar0-0-0-0_layers5_backend_auto_cg_off_pcg_off_tp1_marker_on_profile_nsys,4,10,1,1,1,attn_mqa->o_proj,0.2296,short_decode_fixed_launch_interval_dominates,host_child_marker,attn_mqa.host_end,prev_child_host_end,child_timing_json/NVTX,57093901,57093901,0.020616,0.020616,0.0
decode,req1_equal_fresh_regular_b4_f512_p0,20260618_104959_prefill_stage1_req1_equal_fresh_regular_b4_f512_p0_b4_fvar512-512-512-512_pvar0-0-0-0_layers5_backend_auto_cg_off_pcg_off_tp1_marker_on_profile_nsys,4,10,1,1,1,attn_mqa->o_proj,0.2296,short_decode_fixed_launch_interval_dominates,host_child_marker,o_proj.host_start,next_child_host_start,child_timing_json/NVTX,57213288,57213288,0.140003,0.140003,0.0
decode,req1_equal_fresh_regular_b4_f512_p0,20260618_104959_prefill_stage1_req1_equal_fresh_regular_b4_f512_p0_b4_fvar512-512-512-512_pvar0-0-0-0_layers5_backend_auto_cg_off_pcg_off_tp1_marker_on_profile_nsys,4,10,1,1,1,attn_mqa->o_proj,0.2296,short_decode_fixed_launch_interval_dominates,nvtx_covering_gap,"{'Module': 'model.model.layers.4.self_attn.o_proj', 'TrainableParams': {'weight': [7168, 16384], 'weight_scale_inv': [56, 128]}, 'Inputs': [[4, 16384]]}",covers_or_overlaps_gap,NVTX_EVENTS,57213288,57460273,0.140003,0.386988,0.246985
decode,req1_equal_fresh_regular_b4_f512_p0,20260618_104959_prefill_stage1_req1_equal_fresh_regular_b4_f512_p0_b4_fvar512-512-512-512_pvar0-0-0-0_layers5_backend_auto_cg_off_pcg_off_tp1_marker_on_profile_nsys,4,10,1,1,1,attn_mqa->o_proj,0.2296,short_decode_fixed_launch_interval_dominates,cuda_runtime_boundary,cudaLaunchKernel_v7000,next_kernel_launch_runtime,CUPTI runtime correlationId,57294038,57301894,0.220753,0.228609,0.007856
decode,req1_equal_fresh_regular_b4_f512_p0,20260618_104959_prefill_stage1_req1_equal_fresh_regular_b4_f512_p0_b4_fvar512-512-512-512_pvar0-0-0-0_layers5_backend_auto_cg_off_pcg_off_tp1_marker_on_profile_nsys,4,10,1,1,1,attn_mqa->o_proj,0.2296,short_decode_fixed_launch_interval_dominates,gpu_gap_boundary,gap_end_next_kernel_start,gap_end,kernel boundary,57302885,57302885,0.2296,0.2296,0.0
decode,req1_equal_fresh_regular_b4_f512_p0,20260618_104959_prefill_stage1_req1_equal_fresh_regular_b4_f512_p0_b4_fvar512-512-512-512_pvar0-0-0-0_layers5_backend_auto_cg_off_pcg_off_tp1_marker_on_profile_nsys,4,10,1,1,1,attn_mqa->o_proj,0.2296,short_decode_fixed_launch_interval_dominates,gpu_kernel_boundary,per_token_group_quant_8bit_kernel,next_kernel,CUPTI kernel,57302885,57304805,0.2296,0.23152,0.00192
decode,req1_equal_fresh_regular_b8_f1_p0,20260618_104810_prefill_stage1_req1_equal_fresh_regular_b8_f1_p0_b8_fvar1-1-1-1-1-1-1-1_pvar0-0-0-0-0-0-0-0_layers5_backend_auto_cg_off_pcg_off_tp1_marker_on_profile_nsys,0,6,1,1,1,attn_mqa->o_proj,0.135936,short_decode_fixed_launch_interval_dominates,osrt_overlap_in_gap,epoll_wait,overlaps_gap,OSRT_API,19517135,45114284,-17.657098,7.940051,25.597149
decode,req1_equal_fresh_regular_b8_f1_p0,20260618_104810_prefill_stage1_req1_equal_fresh_regular_b8_f1_p0_b8_fvar1-1-1-1-1-1-1-1_pvar0-0-0-0-0-0-0-0_layers5_backend_auto_cg_off_pcg_off_tp1_marker_on_profile_nsys,0,6,1,1,1,attn_mqa->o_proj,0.135936,short_decode_fixed_launch_interval_dominates,osrt_overlap_in_gap,epoll_wait,overlaps_gap,OSRT_API,24057273,48019106,-13.11696,10.844873,23.961833
decode,req1_equal_fresh_regular_b8_f1_p0,20260618_104810_prefill_stage1_req1_equal_fresh_regular_b8_f1_p0_b8_fvar1-1-1-1-1-1-1-1_pvar0-0-0-0-0-0-0-0_layers5_backend_auto_cg_off_pcg_off_tp1_marker_on_profile_nsys,0,6,1,1,1,attn_mqa->o_proj,0.135936,short_decode_fixed_launch_interval_dominates,osrt_overlap_in_gap,epoll_pwait,overlaps_gap,OSRT_API,24076361,45181387,-13.097872,8.007154,21.105026
decode,req1_equal_fresh_regular_b8_f1_p0,20260618_104810_prefill_stage1_req1_equal_fresh_regular_b8_f1_p0_b8_fvar1-1-1-1-1-1-1-1_pvar0-0-0-0-0-0-0-0_layers5_backend_auto_cg_off_pcg_off_tp1_marker_on_profile_nsys,0,6,1,1,1,attn_mqa->o_proj,0.135936,short_decode_fixed_launch_interval_dominates,osrt_overlap_in_gap,epoll_wait,overlaps_gap,OSRT_API,24121976,45079003,-13.052257,7.90477,20.957027
decode,req1_equal_fresh_regular_b8_f1_p0,20260618_104810_prefill_stage1_req1_equal_fresh_regular_b8_f1_p0_b8_fvar1-1-1-1-1-1-1-1_pvar0-0-0-0-0-0-0-0_layers5_backend_auto_cg_off_pcg_off_tp1_marker_on_profile_nsys,0,6,1,1,1,attn_mqa->o_proj,0.135936,short_decode_fixed_launch_interval_dominates,osrt_overlap_in_gap,epoll_wait,overlaps_gap,OSRT_API,28975000,39036464,-8.199233,1.862231,10.061464
decode,req1_equal_fresh_regular_b8_f1_p0,20260618_104810_prefill_stage1_req1_equal_fresh_regular_b8_f1_p0_b8_fvar1-1-1-1-1-1-1-1_pvar0-0-0-0-0-0-0-0_layers5_backend_auto_cg_off_pcg_off_tp1_marker_on_profile_nsys,0,6,1,1,1,attn_mqa->o_proj,0.135936,short_decode_fixed_launch_interval_dominates,nvtx_covering_gap,"{'Module': 'model.model', 'Inputs': [[8], [8]]}",covers_or_overlaps_gap,NVTX_EVENTS,36200089,44183136,-0.974144,7.008903,7.983047
decode,req1_equal_fresh_regular_b8_f1_p0,20260618_104810_prefill_stage1_req1_equal_fresh_regular_b8_f1_p0_b8_fvar1-1-1-1-1-1-1-1_pvar0-0-0-0-0-0-0-0_layers5_backend_auto_cg_off_pcg_off_tp1_marker_on_profile_nsys,0,6,1,1,1,attn_mqa->o_proj,0.135936,short_decode_fixed_launch_interval_dominates,nvtx_covering_gap,"{'Module': 'model.model.layers.0', 'Inputs': [[8], [8, 7168]]}",covers_or_overlaps_gap,NVTX_EVENTS,36302989,37838120,-0.871244,0.663887,1.535131
decode,req1_equal_fresh_regular_b8_f1_p0,20260618_104810_prefill_stage1_req1_equal_fresh_regular_b8_f1_p0_b8_fvar1-1-1-1-1-1-1-1_pvar0-0-0-0-0-0-0-0_layers5_backend_auto_cg_off_pcg_off_tp1_marker_on_profile_nsys,0,6,1,1,1,attn_mqa->o_proj,0.135936,short_decode_fixed_launch_interval_dominates,nvtx_covering_gap,{'Module': 'model.model.layers.0.self_attn'},covers_or_overlaps_gap,NVTX_EVENTS,36376486,37430308,-0.797747,0.256075,1.053822
decode,req1_equal_fresh_regular_b8_f1_p0,20260618_104810_prefill_stage1_req1_equal_fresh_regular_b8_f1_p0_b8_fvar1-1-1-1-1-1-1-1_pvar0-0-0-0-0-0-0-0_layers5_backend_auto_cg_off_pcg_off_tp1_marker_on_profile_nsys,0,6,1,1,1,attn_mqa->o_proj,0.135936,short_decode_fixed_launch_interval_dominates,nvtx_covering_gap,"{'Module': 'model.model.layers.0.self_attn.attn_mqa', 'TrainableParams': {'k_scale': [], 'v_scale': []}, 'Inputs': [[8, 128, 512], [8, 1, 512], [8, 1, 512]]}",covers_or_overlaps_gap,NVTX_EVENTS,37023361,37178078,-0.150872,0.003845,0.154717
decode,req1_equal_fresh_regular_b8_f1_p0,20260618_104810_prefill_stage1_req1_equal_fresh_regular_b8_f1_p0_b8_fvar1-1-1-1-1-1-1-1_pvar0-0-0-0-0-0-0-0_layers5_backend_auto_cg_off_pcg_off_tp1_marker_on_profile_nsys,0,6,1,1,1,attn_mqa->o_proj,0.135936,short_decode_fixed_launch_interval_dominates,cuda_runtime_boundary,cudaLaunchKernelExC_v11060,prev_kernel_launch_runtime,CUPTI runtime correlationId,37158118,37162877,-0.016115,-0.011356,0.004759
decode,req1_equal_fresh_regular_b8_f1_p0,20260618_104810_prefill_stage1_req1_equal_fresh_regular_b8_f1_p0_b8_fvar1-1-1-1-1-1-1-1_pvar0-0-0-0-0-0-0-0_layers5_backend_auto_cg_off_pcg_off_tp1_marker_on_profile_nsys,0,6,1,1,1,attn_mqa->o_proj,0.135936,short_decode_fixed_launch_interval_dominates,gpu_kernel_boundary,device_kernel,prev_kernel,CUPTI kernel,37164377,37174233,-0.009856,0.0,0.009856
decode,req1_equal_fresh_regular_b8_f1_p0,20260618_104810_prefill_stage1_req1_equal_fresh_regular_b8_f1_p0_b8_fvar1-1-1-1-1-1-1-1_pvar0-0-0-0-0-0-0-0_layers5_backend_auto_cg_off_pcg_off_tp1_marker_on_profile_nsys,0,6,1,1,1,attn_mqa->o_proj,0.135936,short_decode_fixed_launch_interval_dominates,gpu_gap_boundary,gap_start_prev_kernel_end,gap_start,kernel boundary,37174233,37174233,0.0,0.0,0.0
decode,req1_equal_fresh_regular_b8_f1_p0,20260618_104810_prefill_stage1_req1_equal_fresh_regular_b8_f1_p0_b8_fvar1-1-1-1-1-1-1-1_pvar0-0-0-0-0-0-0-0_layers5_backend_auto_cg_off_pcg_off_tp1_marker_on_profile_nsys,0,6,1,1,1,attn_mqa->o_proj,0.135936,short_decode_fixed_launch_interval_dominates,host_child_marker,attn_mqa.host_end,prev_child_host_end,child_timing_json/NVTX,37178078,37178078,0.003845,0.003845,0.0
decode,req1_equal_fresh_regular_b8_f1_p0,20260618_104810_prefill_stage1_req1_equal_fresh_regular_b8_f1_p0_b8_fvar1-1-1-1-1-1-1-1_pvar0-0-0-0-0-0-0-0_layers5_backend_auto_cg_off_pcg_off_tp1_marker_on_profile_nsys,0,6,1,1,1,attn_mqa->o_proj,0.135936,short_decode_fixed_launch_interval_dominates,host_child_marker,o_proj.host_start,next_child_host_start,child_timing_json/NVTX,37253563,37253563,0.07933,0.07933,0.0
decode,req1_equal_fresh_regular_b8_f1_p0,20260618_104810_prefill_stage1_req1_equal_fresh_regular_b8_f1_p0_b8_fvar1-1-1-1-1-1-1-1_pvar0-0-0-0-0-0-0-0_layers5_backend_auto_cg_off_pcg_off_tp1_marker_on_profile_nsys,0,6,1,1,1,attn_mqa->o_proj,0.135936,short_decode_fixed_launch_interval_dominates,nvtx_covering_gap,"{'Module': 'model.model.layers.0.self_attn.o_proj', 'TrainableParams': {'weight': [7168, 16384], 'weight_scale_inv': [56, 128]}, 'Inputs': [[8, 16384]]}",covers_or_overlaps_gap,NVTX_EVENTS,37253563,37419838,0.07933,0.245605,0.166275
decode,req1_equal_fresh_regular_b8_f1_p0,20260618_104810_prefill_stage1_req1_equal_fresh_regular_b8_f1_p0_b8_fvar1-1-1-1-1-1-1-1_pvar0-0-0-0-0-0-0-0_layers5_backend_auto_cg_off_pcg_off_tp1_marker_on_profile_nsys,0,6,1,1,1,attn_mqa->o_proj,0.135936,short_decode_fixed_launch_interval_dominates,cuda_runtime_boundary,cudaLaunchKernel_v7000,next_kernel_launch_runtime,CUPTI runtime correlationId,37303644,37308580,0.129411,0.134347,0.004936
decode,req1_equal_fresh_regular_b8_f1_p0,20260618_104810_prefill_stage1_req1_equal_fresh_regular_b8_f1_p0_b8_fvar1-1-1-1-1-1-1-1_pvar0-0-0-0-0-0-0-0_layers5_backend_auto_cg_off_pcg_off_tp1_marker_on_profile_nsys,0,6,1,1,1,attn_mqa->o_proj,0.135936,short_decode_fixed_launch_interval_dominates,gpu_gap_boundary,gap_end_next_kernel_start,gap_end,kernel boundary,37310169,37310169,0.135936,0.135936,0.0
decode,req1_equal_fresh_regular_b8_f1_p0,20260618_104810_prefill_stage1_req1_equal_fresh_regular_b8_f1_p0_b8_fvar1-1-1-1-1-1-1-1_pvar0-0-0-0-0-0-0-0_layers5_backend_auto_cg_off_pcg_off_tp1_marker_on_profile_nsys,0,6,1,1,1,attn_mqa->o_proj,0.135936,short_decode_fixed_launch_interval_dominates,gpu_kernel_boundary,per_token_group_quant_8bit_kernel,next_kernel,CUPTI kernel,37310169,37312121,0.135936,0.137888,0.001952
decode,req1_equal_fresh_regular_b8_f1_p0,20260618_104810_prefill_stage1_req1_equal_fresh_regular_b8_f1_p0_b8_fvar1-1-1-1-1-1-1-1_pvar0-0-0-0-0-0-0-0_layers5_backend_auto_cg_off_pcg_off_tp1_marker_on_profile_nsys,1,7,1,1,1,attn_mqa->o_proj,0.13184,short_decode_fixed_launch_interval_dominates,osrt_overlap_in_gap,epoll_wait,overlaps_gap,OSRT_API,19517135,45114284,-19.105834,6.491315,25.597149
decode,req1_equal_fresh_regular_b8_f1_p0,20260618_104810_prefill_stage1_req1_equal_fresh_regular_b8_f1_p0_b8_fvar1-1-1-1-1-1-1-1_pvar0-0-0-0-0-0-0-0_layers5_backend_auto_cg_off_pcg_off_tp1_marker_on_profile_nsys,1,7,1,1,1,attn_mqa->o_proj,0.13184,short_decode_fixed_launch_interval_dominates,osrt_overlap_in_gap,epoll_wait,overlaps_gap,OSRT_API,24057273,48019106,-14.565696,9.396137,23.961833
decode,req1_equal_fresh_regular_b8_f1_p0,20260618_104810_prefill_stage1_req1_equal_fresh_regular_b8_f1_p0_b8_fvar1-1-1-1-1-1-1-1_pvar0-0-0-0-0-0-0-0_layers5_backend_auto_cg_off_pcg_off_tp1_marker_on_profile_nsys,1,7,1,1,1,attn_mqa->o_proj,0.13184,short_decode_fixed_launch_interval_dominates,osrt_overlap_in_gap,epoll_pwait,overlaps_gap,OSRT_API,24076361,45181387,-14.546608,6.558418,21.105026
decode,req1_equal_fresh_regular_b8_f1_p0,20260618_104810_prefill_stage1_req1_equal_fresh_regular_b8_f1_p0_b8_fvar1-1-1-1-1-1-1-1_pvar0-0-0-0-0-0-0-0_layers5_backend_auto_cg_off_pcg_off_tp1_marker_on_profile_nsys,1,7,1,1,1,attn_mqa->o_proj,0.13184,short_decode_fixed_launch_interval_dominates,osrt_overlap_in_gap,epoll_wait,overlaps_gap,OSRT_API,24121976,45079003,-14.500993,6.456034,20.957027
decode,req1_equal_fresh_regular_b8_f1_p0,20260618_104810_prefill_stage1_req1_equal_fresh_regular_b8_f1_p0_b8_fvar1-1-1-1-1-1-1-1_pvar0-0-0-0-0-0-0-0_layers5_backend_auto_cg_off_pcg_off_tp1_marker_on_profile_nsys,1,7,1,1,1,attn_mqa->o_proj,0.13184,short_decode_fixed_launch_interval_dominates,osrt_overlap_in_gap,epoll_wait,overlaps_gap,OSRT_API,28975000,39036464,-9.647969,0.413495,10.061464
decode,req1_equal_fresh_regular_b8_f1_p0,20260618_104810_prefill_stage1_req1_equal_fresh_regular_b8_f1_p0_b8_fvar1-1-1-1-1-1-1-1_pvar0-0-0-0-0-0-0-0_layers5_backend_auto_cg_off_pcg_off_tp1_marker_on_profile_nsys,1,7,1,1,1,attn_mqa->o_proj,0.13184,short_decode_fixed_launch_interval_dominates,nvtx_covering_gap,"{'Module': 'model.model', 'Inputs': [[8], [8]]}",covers_or_overlaps_gap,NVTX_EVENTS,36200089,44183136,-2.42288,5.560167,7.983047
decode,req1_equal_fresh_regular_b8_f1_p0,20260618_104810_prefill_stage1_req1_equal_fresh_regular_b8_f1_p0_b8_fvar1-1-1-1-1-1-1-1_pvar0-0-0-0-0-0-0-0_layers5_backend_auto_cg_off_pcg_off_tp1_marker_on_profile_nsys,1,7,1,1,1,attn_mqa->o_proj,0.13184,short_decode_fixed_launch_interval_dominates,nvtx_covering_gap,"{'Module': 'model.model.layers.1', 'Inputs': [[8], [8, 7168], [8, 7168]]}",covers_or_overlaps_gap,NVTX_EVENTS,37864615,39247879,-0.758354,0.62491,1.383264
decode,req1_equal_fresh_regular_b8_f1_p0,20260618_104810_prefill_stage1_req1_equal_fresh_regular_b8_f1_p0_b8_fvar1-1-1-1-1-1-1-1_pvar0-0-0-0-0-0-0-0_layers5_backend_auto_cg_off_pcg_off_tp1_marker_on_profile_nsys,1,7,1,1,1,attn_mqa->o_proj,0.13184,short_decode_fixed_launch_interval_dominates,nvtx_covering_gap,{'Module': 'model.model.layers.1.self_attn'},covers_or_overlaps_gap,NVTX_EVENTS,37919015,38862898,-0.703954,0.239929,0.943883
decode,req1_equal_fresh_regular_b8_f1_p0,20260618_104810_prefill_stage1_req1_equal_fresh_regular_b8_f1_p0_b8_fvar1-1-1-1-1-1-1-1_pvar0-0-0-0-0-0-0-0_layers5_backend_auto_cg_off_pcg_off_tp1_marker_on_profile_nsys,1,7,1,1,1,attn_mqa->o_proj,0.13184,short_decode_fixed_launch_interval_dominates,nvtx_covering_gap,"{'Module': 'model.model.layers.1.self_attn.attn_mqa', 'TrainableParams': {'k_scale': [], 'v_scale': []}, 'Inputs': [[8, 128, 512], [8, 1, 512], [8, 1, 512]]}",covers_or_overlaps_gap,NVTX_EVENTS,38472983,38626039,-0.149986,0.00307,0.153056
decode,req1_equal_fresh_regular_b8_f1_p0,20260618_104810_prefill_stage1_req1_equal_fresh_regular_b8_f1_p0_b8_fvar1-1-1-1-1-1-1-1_pvar0-0-0-0-0-0-0-0_layers5_backend_auto_cg_off_pcg_off_tp1_marker_on_profile_nsys,1,7,1,1,1,attn_mqa->o_proj,0.13184,short_decode_fixed_launch_interval_dominates,cuda_runtime_boundary,cudaLaunchKernelExC_v11060,prev_kernel_launch_runtime,CUPTI runtime correlationId,38607008,38610856,-0.015961,-0.012113,0.003848
decode,req1_equal_fresh_regular_b8_f1_p0,20260618_104810_prefill_stage1_req1_equal_fresh_regular_b8_f1_p0_b8_fvar1-1-1-1-1-1-1-1_pvar0-0-0-0-0-0-0-0_layers5_backend_auto_cg_off_pcg_off_tp1_marker_on_profile_nsys,1,7,1,1,1,attn_mqa->o_proj,0.13184,short_decode_fixed_launch_interval_dominates,gpu_kernel_boundary,device_kernel,prev_kernel,CUPTI kernel,38613241,38622969,-0.009728,0.0,0.009728
decode,req1_equal_fresh_regular_b8_f1_p0,20260618_104810_prefill_stage1_req1_equal_fresh_regular_b8_f1_p0_b8_fvar1-1-1-1-1-1-1-1_pvar0-0-0-0-0-0-0-0_layers5_backend_auto_cg_off_pcg_off_tp1_marker_on_profile_nsys,1,7,1,1,1,attn_mqa->o_proj,0.13184,short_decode_fixed_launch_interval_dominates,gpu_gap_boundary,gap_start_prev_kernel_end,gap_start,kernel boundary,38622969,38622969,0.0,0.0,0.0
decode,req1_equal_fresh_regular_b8_f1_p0,20260618_104810_prefill_stage1_req1_equal_fresh_regular_b8_f1_p0_b8_fvar1-1-1-1-1-1-1-1_pvar0-0-0-0-0-0-0-0_layers5_backend_auto_cg_off_pcg_off_tp1_marker_on_profile_nsys,1,7,1,1,1,attn_mqa->o_proj,0.13184,short_decode_fixed_launch_interval_dominates,host_child_marker,attn_mqa.host_end,prev_child_host_end,child_timing_json/NVTX,38626039,38626039,0.00307,0.00307,0.0
decode,req1_equal_fresh_regular_b8_f1_p0,20260618_104810_prefill_stage1_req1_equal_fresh_regular_b8_f1_p0_b8_fvar1-1-1-1-1-1-1-1_pvar0-0-0-0-0-0-0-0_layers5_backend_auto_cg_off_pcg_off_tp1_marker_on_profile_nsys,1,7,1,1,1,attn_mqa->o_proj,0.13184,short_decode_fixed_launch_interval_dominates,host_child_marker,o_proj.host_start,next_child_host_start,child_timing_json/NVTX,38699558,38699558,0.076589,0.076589,0.0
decode,req1_equal_fresh_regular_b8_f1_p0,20260618_104810_prefill_stage1_req1_equal_fresh_regular_b8_f1_p0_b8_fvar1-1-1-1-1-1-1-1_pvar0-0-0-0-0-0-0-0_layers5_backend_auto_cg_off_pcg_off_tp1_marker_on_profile_nsys,1,7,1,1,1,attn_mqa->o_proj,0.13184,short_decode_fixed_launch_interval_dominates,nvtx_covering_gap,"{'Module': 'model.model.layers.1.self_attn.o_proj', 'TrainableParams': {'weight': [7168, 16384], 'weight_scale_inv': [56, 128]}, 'Inputs': [[8, 16384]]}",covers_or_overlaps_gap,NVTX_EVENTS,38699558,38853229,0.076589,0.23026,0.153671
decode,req1_equal_fresh_regular_b8_f1_p0,20260618_104810_prefill_stage1_req1_equal_fresh_regular_b8_f1_p0_b8_fvar1-1-1-1-1-1-1-1_pvar0-0-0-0-0-0-0-0_layers5_backend_auto_cg_off_pcg_off_tp1_marker_on_profile_nsys,1,7,1,1,1,attn_mqa->o_proj,0.13184,short_decode_fixed_launch_interval_dominates,cuda_runtime_boundary,cudaLaunchKernel_v7000,next_kernel_launch_runtime,CUPTI runtime correlationId,38748109,38753252,0.12514,0.130283,0.005143
decode,req1_equal_fresh_regular_b8_f1_p0,20260618_104810_prefill_stage1_req1_equal_fresh_regular_b8_f1_p0_b8_fvar1-1-1-1-1-1-1-1_pvar0-0-0-0-0-0-0-0_layers5_backend_auto_cg_off_pcg_off_tp1_marker_on_profile_nsys,1,7,1,1,1,attn_mqa->o_proj,0.13184,short_decode_fixed_launch_interval_dominates,gpu_gap_boundary,gap_end_next_kernel_start,gap_end,kernel boundary,38754809,38754809,0.13184,0.13184,0.0
decode,req1_equal_fresh_regular_b8_f1_p0,20260618_104810_prefill_stage1_req1_equal_fresh_regular_b8_f1_p0_b8_fvar1-1-1-1-1-1-1-1_pvar0-0-0-0-0-0-0-0_layers5_backend_auto_cg_off_pcg_off_tp1_marker_on_profile_nsys,1,7,1,1,1,attn_mqa->o_proj,0.13184,short_decode_fixed_launch_interval_dominates,gpu_kernel_boundary,per_token_group_quant_8bit_kernel,next_kernel,CUPTI kernel,38754809,38756729,0.13184,0.13376,0.00192
decode,req1_equal_fresh_regular_b8_f1_p0,20260618_104810_prefill_stage1_req1_equal_fresh_regular_b8_f1_p0_b8_fvar1-1-1-1-1-1-1-1_pvar0-0-0-0-0-0-0-0_layers5_backend_auto_cg_off_pcg_off_tp1_marker_on_profile_nsys,2,8,1,1,1,attn_mqa->o_proj,0.133056,short_decode_fixed_launch_interval_dominates,osrt_overlap_in_gap,epoll_wait,overlaps_gap,OSRT_API,19517135,45114284,-20.49185,5.105299,25.597149
decode,req1_equal_fresh_regular_b8_f1_p0,20260618_104810_prefill_stage1_req1_equal_fresh_regular_b8_f1_p0_b8_fvar1-1-1-1-1-1-1-1_pvar0-0-0-0-0-0-0-0_layers5_backend_auto_cg_off_pcg_off_tp1_marker_on_profile_nsys,2,8,1,1,1,attn_mqa->o_proj,0.133056,short_decode_fixed_launch_interval_dominates,osrt_overlap_in_gap,epoll_wait,overlaps_gap,OSRT_API,24057273,48019106,-15.951712,8.010121,23.961833
decode,req1_equal_fresh_regular_b8_f1_p0,20260618_104810_prefill_stage1_req1_equal_fresh_regular_b8_f1_p0_b8_fvar1-1-1-1-1-1-1-1_pvar0-0-0-0-0-0-0-0_layers5_backend_auto_cg_off_pcg_off_tp1_marker_on_profile_nsys,2,8,1,1,1,attn_mqa->o_proj,0.133056,short_decode_fixed_launch_interval_dominates,osrt_overlap_in_gap,epoll_pwait,overlaps_gap,OSRT_API,24076361,45181387,-15.932624,5.172402,21.105026
decode,req1_equal_fresh_regular_b8_f1_p0,20260618_104810_prefill_stage1_req1_equal_fresh_regular_b8_f1_p0_b8_fvar1-1-1-1-1-1-1-1_pvar0-0-0-0-0-0-0-0_layers5_backend_auto_cg_off_pcg_off_tp1_marker_on_profile_nsys,2,8,1,1,1,attn_mqa->o_proj,0.133056,short_decode_fixed_launch_interval_dominates,osrt_overlap_in_gap,epoll_wait,overlaps_gap,OSRT_API,24121976,45079003,-15.887009,5.070018,20.957027
decode,req1_equal_fresh_regular_b8_f1_p0,20260618_104810_prefill_stage1_req1_equal_fresh_regular_b8_f1_p0_b8_fvar1-1-1-1-1-1-1-1_pvar0-0-0-0-0-0-0-0_layers5_backend_auto_cg_off_pcg_off_tp1_marker_on_profile_nsys,2,8,1,1,1,attn_mqa->o_proj,0.133056,short_decode_fixed_launch_interval_dominates,nvtx_covering_gap,"{'Module': 'model.model', 'Inputs': [[8], [8]]}",covers_or_overlaps_gap,NVTX_EVENTS,36200089,44183136,-3.808896,4.174151,7.983047
decode,req1_equal_fresh_regular_b8_f1_p0,20260618_104810_prefill_stage1_req1_equal_fresh_regular_b8_f1_p0_b8_fvar1-1-1-1-1-1-1-1_pvar0-0-0-0-0-0-0-0_layers5_backend_auto_cg_off_pcg_off_tp1_marker_on_profile_nsys,2,8,1,1,1,attn_mqa->o_proj,0.133056,short_decode_fixed_launch_interval_dominates,osrt_overlap_in_gap,epoll_wait,overlaps_gap,OSRT_API,39042180,49103518,-0.966805,9.094533,10.061338
decode,req1_equal_fresh_regular_b8_f1_p0,20260618_104810_prefill_stage1_req1_equal_fresh_regular_b8_f1_p0_b8_fvar1-1-1-1-1-1-1-1_pvar0-0-0-0-0-0-0-0_layers5_backend_auto_cg_off_pcg_off_tp1_marker_on_profile_nsys,2,8,1,1,1,attn_mqa->o_proj,0.133056,short_decode_fixed_launch_interval_dominates,nvtx_covering_gap,"{'Module': 'model.model.layers.2', 'Inputs': [[8], [8, 7168], [8, 7168]]}",covers_or_overlaps_gap,NVTX_EVENTS,39273531,40646217,-0.735454,0.637232,1.372686
decode,req1_equal_fresh_regular_b8_f1_p0,20260618_104810_prefill_stage1_req1_equal_fresh_regular_b8_f1_p0_b8_fvar1-1-1-1-1-1-1-1_pvar0-0-0-0-0-0-0-0_layers5_backend_auto_cg_off_pcg_off_tp1_marker_on_profile_nsys,2,8,1,1,1,attn_mqa->o_proj,0.133056,short_decode_fixed_launch_interval_dominates,nvtx_covering_gap,{'Module': 'model.model.layers.2.self_attn'},covers_or_overlaps_gap,NVTX_EVENTS,39334623,40247337,-0.674362,0.238352,0.912714
decode,req1_equal_fresh_regular_b8_f1_p0,20260618_104810_prefill_stage1_req1_equal_fresh_regular_b8_f1_p0_b8_fvar1-1-1-1-1-1-1-1_pvar0-0-0-0-0-0-0-0_layers5_backend_auto_cg_off_pcg_off_tp1_marker_on_profile_nsys,2,8,1,1,1,attn_mqa->o_proj,0.133056,short_decode_fixed_launch_interval_dominates,nvtx_covering_gap,"{'Module': 'model.model.layers.2.self_attn.attn_mqa', 'TrainableParams': {'k_scale': [], 'v_scale': []}, 'Inputs': [[8, 128, 512], [8, 1, 512], [8, 1, 512]]}",covers_or_overlaps_gap,NVTX_EVENTS,39864973,40011383,-0.144012,0.002398,0.14641
decode,req1_equal_fresh_regular_b8_f1_p0,20260618_104810_prefill_stage1_req1_equal_fresh_regular_b8_f1_p0_b8_fvar1-1-1-1-1-1-1-1_pvar0-0-0-0-0-0-0-0_layers5_backend_auto_cg_off_pcg_off_tp1_marker_on_profile_nsys,2,8,1,1,1,attn_mqa->o_proj,0.133056,short_decode_fixed_launch_interval_dominates,cuda_runtime_boundary,cudaLaunchKernelExC_v11060,prev_kernel_launch_runtime,CUPTI runtime correlationId,39993025,39997032,-0.01596,-0.011953,0.004007
decode,req1_equal_fresh_regular_b8_f1_p0,20260618_104810_prefill_stage1_req1_equal_fresh_regular_b8_f1_p0_b8_fvar1-1-1-1-1-1-1-1_pvar0-0-0-0-0-0-0-0_layers5_backend_auto_cg_off_pcg_off_tp1_marker_on_profile_nsys,2,8,1,1,1,attn_mqa->o_proj,0.133056,short_decode_fixed_launch_interval_dominates,gpu_kernel_boundary,device_kernel,prev_kernel,CUPTI kernel,39999257,40008985,-0.009728,0.0,0.009728
decode,req1_equal_fresh_regular_b8_f1_p0,20260618_104810_prefill_stage1_req1_equal_fresh_regular_b8_f1_p0_b8_fvar1-1-1-1-1-1-1-1_pvar0-0-0-0-0-0-0-0_layers5_backend_auto_cg_off_pcg_off_tp1_marker_on_profile_nsys,2,8,1,1,1,attn_mqa->o_proj,0.133056,short_decode_fixed_launch_interval_dominates,gpu_gap_boundary,gap_start_prev_kernel_end,gap_start,kernel boundary,40008985,40008985,0.0,0.0,0.0
decode,req1_equal_fresh_regular_b8_f1_p0,20260618_104810_prefill_stage1_req1_equal_fresh_regular_b8_f1_p0_b8_fvar1-1-1-1-1-1-1-1_pvar0-0-0-0-0-0-0-0_layers5_backend_auto_cg_off_pcg_off_tp1_marker_on_profile_nsys,2,8,1,1,1,attn_mqa->o_proj,0.133056,short_decode_fixed_launch_interval_dominates,host_child_marker,attn_mqa.host_end,prev_child_host_end,child_timing_json/NVTX,40011383,40011383,0.002398,0.002398,0.0
decode,req1_equal_fresh_regular_b8_f1_p0,20260618_104810_prefill_stage1_req1_equal_fresh_regular_b8_f1_p0_b8_fvar1-1-1-1-1-1-1-1_pvar0-0-0-0-0-0-0-0_layers5_backend_auto_cg_off_pcg_off_tp1_marker_on_profile_nsys,2,8,1,1,1,attn_mqa->o_proj,0.133056,short_decode_fixed_launch_interval_dominates,host_child_marker,o_proj.host_start,next_child_host_start,child_timing_json/NVTX,40086311,40086311,0.077326,0.077326,0.0
decode,req1_equal_fresh_regular_b8_f1_p0,20260618_104810_prefill_stage1_req1_equal_fresh_regular_b8_f1_p0_b8_fvar1-1-1-1-1-1-1-1_pvar0-0-0-0-0-0-0-0_layers5_backend_auto_cg_off_pcg_off_tp1_marker_on_profile_nsys,2,8,1,1,1,attn_mqa->o_proj,0.133056,short_decode_fixed_launch_interval_dominates,nvtx_covering_gap,"{'Module': 'model.model.layers.2.self_attn.o_proj', 'TrainableParams': {'weight': [7168, 16384], 'weight_scale_inv': [56, 128]}, 'Inputs': [[8, 16384]]}",covers_or_overlaps_gap,NVTX_EVENTS,40086311,40237568,0.077326,0.228583,0.151257
decode,req1_equal_fresh_regular_b8_f1_p0,20260618_104810_prefill_stage1_req1_equal_fresh_regular_b8_f1_p0_b8_fvar1-1-1-1-1-1-1-1_pvar0-0-0-0-0-0-0-0_layers5_backend_auto_cg_off_pcg_off_tp1_marker_on_profile_nsys,2,8,1,1,1,attn_mqa->o_proj,0.133056,short_decode_fixed_launch_interval_dominates,cuda_runtime_boundary,cudaLaunchKernel_v7000,next_kernel_launch_runtime,CUPTI runtime correlationId,40135182,40140297,0.126197,0.131312,0.005115
decode,req1_equal_fresh_regular_b8_f1_p0,20260618_104810_prefill_stage1_req1_equal_fresh_regular_b8_f1_p0_b8_fvar1-1-1-1-1-1-1-1_pvar0-0-0-0-0-0-0-0_layers5_backend_auto_cg_off_pcg_off_tp1_marker_on_profile_nsys,2,8,1,1,1,attn_mqa->o_proj,0.133056,short_decode_fixed_launch_interval_dominates,gpu_gap_boundary,gap_end_next_kernel_start,gap_end,kernel boundary,40142041,40142041,0.133056,0.133056,0.0
decode,req1_equal_fresh_regular_b8_f1_p0,20260618_104810_prefill_stage1_req1_equal_fresh_regular_b8_f1_p0_b8_fvar1-1-1-1-1-1-1-1_pvar0-0-0-0-0-0-0-0_layers5_backend_auto_cg_off_pcg_off_tp1_marker_on_profile_nsys,2,8,1,1,1,attn_mqa->o_proj,0.133056,short_decode_fixed_launch_interval_dominates,gpu_kernel_boundary,per_token_group_quant_8bit_kernel,next_kernel,CUPTI kernel,40142041,40143929,0.133056,0.134944,0.001888
decode,req1_equal_fresh_regular_b8_f1_p0,20260618_104810_prefill_stage1_req1_equal_fresh_regular_b8_f1_p0_b8_fvar1-1-1-1-1-1-1-1_pvar0-0-0-0-0-0-0-0_layers5_backend_auto_cg_off_pcg_off_tp1_marker_on_profile_nsys,3,9,1,1,1,attn_mqa->o_proj,0.127392,short_decode_fixed_launch_interval_dominates,osrt_overlap_in_gap,epoll_wait,overlaps_gap,OSRT_API,19517135,45114284,-21.87697,3.720179,25.597149
decode,req1_equal_fresh_regular_b8_f1_p0,20260618_104810_prefill_stage1_req1_equal_fresh_regular_b8_f1_p0_b8_fvar1-1-1-1-1-1-1-1_pvar0-0-0-0-0-0-0-0_layers5_backend_auto_cg_off_pcg_off_tp1_marker_on_profile_nsys,3,9,1,1,1,attn_mqa->o_proj,0.127392,short_decode_fixed_launch_interval_dominates,osrt_overlap_in_gap,epoll_wait,overlaps_gap,OSRT_API,24057273,48019106,-17.336832,6.625001,23.961833
decode,req1_equal_fresh_regular_b8_f1_p0,20260618_104810_prefill_stage1_req1_equal_fresh_regular_b8_f1_p0_b8_fvar1-1-1-1-1-1-1-1_pvar0-0-0-0-0-0-0-0_layers5_backend_auto_cg_off_pcg_off_tp1_marker_on_profile_nsys,3,9,1,1,1,attn_mqa->o_proj,0.127392,short_decode_fixed_launch_interval_dominates,osrt_overlap_in_gap,epoll_pwait,overlaps_gap,OSRT_API,24076361,45181387,-17.317744,3.787282,21.105026
decode,req1_equal_fresh_regular_b8_f1_p0,20260618_104810_prefill_stage1_req1_equal_fresh_regular_b8_f1_p0_b8_fvar1-1-1-1-1-1-1-1_pvar0-0-0-0-0-0-0-0_layers5_backend_auto_cg_off_pcg_off_tp1_marker_on_profile_nsys,3,9,1,1,1,attn_mqa->o_proj,0.127392,short_decode_fixed_launch_interval_dominates,osrt_overlap_in_gap,epoll_wait,overlaps_gap,OSRT_API,24121976,45079003,-17.272129,3.684898,20.957027
decode,req1_equal_fresh_regular_b8_f1_p0,20260618_104810_prefill_stage1_req1_equal_fresh_regular_b8_f1_p0_b8_fvar1-1-1-1-1-1-1-1_pvar0-0-0-0-0-0-0-0_layers5_backend_auto_cg_off_pcg_off_tp1_marker_on_profile_nsys,3,9,1,1,1,attn_mqa->o_proj,0.127392,short_decode_fixed_launch_interval_dominates,nvtx_covering_gap,"{'Module': 'model.model', 'Inputs': [[8], [8]]}",covers_or_overlaps_gap,NVTX_EVENTS,36200089,44183136,-5.194016,2.789031,7.983047
decode,req1_equal_fresh_regular_b8_f1_p0,20260618_104810_prefill_stage1_req1_equal_fresh_regular_b8_f1_p0_b8_fvar1-1-1-1-1-1-1-1_pvar0-0-0-0-0-0-0-0_layers5_backend_auto_cg_off_pcg_off_tp1_marker_on_profile_nsys,3,9,1,1,1,attn_mqa->o_proj,0.127392,short_decode_fixed_launch_interval_dominates,osrt_overlap_in_gap,epoll_wait,overlaps_gap,OSRT_API,39042180,49103518,-2.351925,7.709413,10.061338
decode,req1_equal_fresh_regular_b8_f1_p0,20260618_104810_prefill_stage1_req1_equal_fresh_regular_b8_f1_p0_b8_fvar1-1-1-1-1-1-1-1_pvar0-0-0-0-0-0-0-0_layers5_backend_auto_cg_off_pcg_off_tp1_marker_on_profile_nsys,3,9,1,1,1,attn_mqa->o_proj,0.127392,short_decode_fixed_launch_interval_dominates,nvtx_covering_gap,"{'Module': 'model.model.layers.3', 'Inputs': [[8], [8, 7168], [8, 7168]]}",covers_or_overlaps_gap,NVTX_EVENTS,40671206,42355557,-0.722899,0.961452,1.684351
decode,req1_equal_fresh_regular_b8_f1_p0,20260618_104810_prefill_stage1_req1_equal_fresh_regular_b8_f1_p0_b8_fvar1-1-1-1-1-1-1-1_pvar0-0-0-0-0-0-0-0_layers5_backend_auto_cg_off_pcg_off_tp1_marker_on_profile_nsys,3,9,1,1,1,attn_mqa->o_proj,0.127392,short_decode_fixed_launch_interval_dominates,nvtx_covering_gap,{'Module': 'model.model.layers.3.self_attn'},covers_or_overlaps_gap,NVTX_EVENTS,40724411,41626433,-0.669694,0.232328,0.902022
decode,req1_equal_fresh_regular_b8_f1_p0,20260618_104810_prefill_stage1_req1_equal_fresh_regular_b8_f1_p0_b8_fvar1-1-1-1-1-1-1-1_pvar0-0-0-0-0-0-0-0_layers5_backend_auto_cg_off_pcg_off_tp1_marker_on_profile_nsys,3,9,1,1,1,attn_mqa->o_proj,0.127392,short_decode_fixed_launch_interval_dominates,nvtx_covering_gap,"{'Module': 'model.model.layers.3.self_attn.attn_mqa', 'TrainableParams': {'k_scale': [], 'v_scale': []}, 'Inputs': [[8, 128, 512], [8, 1, 512], [8, 1, 512]]}",covers_or_overlaps_gap,NVTX_EVENTS,41248764,41396121,-0.145341,0.002016,0.147357
decode,req1_equal_fresh_regular_b8_f1_p0,20260618_104810_prefill_stage1_req1_equal_fresh_regular_b8_f1_p0_b8_fvar1-1-1-1-1-1-1-1_pvar0-0-0-0-0-0-0-0_layers5_backend_auto_cg_off_pcg_off_tp1_marker_on_profile_nsys,3,9,1,1,1,attn_mqa->o_proj,0.127392,short_decode_fixed_launch_interval_dominates,cuda_runtime_boundary,cudaLaunchKernelExC_v11060,prev_kernel_launch_runtime,CUPTI runtime correlationId,41377898,41381975,-0.016207,-0.01213,0.004077
decode,req1_equal_fresh_regular_b8_f1_p0,20260618_104810_prefill_stage1_req1_equal_fresh_regular_b8_f1_p0_b8_fvar1-1-1-1-1-1-1-1_pvar0-0-0-0-0-0-0-0_layers5_backend_auto_cg_off_pcg_off_tp1_marker_on_profile_nsys,3,9,1,1,1,attn_mqa->o_proj,0.127392,short_decode_fixed_launch_interval_dominates,gpu_kernel_boundary,device_kernel,prev_kernel,CUPTI kernel,41384217,41394105,-0.009888,0.0,0.009888
decode,req1_equal_fresh_regular_b8_f1_p0,20260618_104810_prefill_stage1_req1_equal_fresh_regular_b8_f1_p0_b8_fvar1-1-1-1-1-1-1-1_pvar0-0-0-0-0-0-0-0_layers5_backend_auto_cg_off_pcg_off_tp1_marker_on_profile_nsys,3,9,1,1,1,attn_mqa->o_proj,0.127392,short_decode_fixed_launch_interval_dominates,gpu_gap_boundary,gap_start_prev_kernel_end,gap_start,kernel boundary,41394105,41394105,0.0,0.0,0.0
decode,req1_equal_fresh_regular_b8_f1_p0,20260618_104810_prefill_stage1_req1_equal_fresh_regular_b8_f1_p0_b8_fvar1-1-1-1-1-1-1-1_pvar0-0-0-0-0-0-0-0_layers5_backend_auto_cg_off_pcg_off_tp1_marker_on_profile_nsys,3,9,1,1,1,attn_mqa->o_proj,0.127392,short_decode_fixed_launch_interval_dominates,host_child_marker,attn_mqa.host_end,prev_child_host_end,child_timing_json/NVTX,41396121,41396121,0.002016,0.002016,0.0
decode,req1_equal_fresh_regular_b8_f1_p0,20260618_104810_prefill_stage1_req1_equal_fresh_regular_b8_f1_p0_b8_fvar1-1-1-1-1-1-1-1_pvar0-0-0-0-0-0-0-0_layers5_backend_auto_cg_off_pcg_off_tp1_marker_on_profile_nsys,3,9,1,1,1,attn_mqa->o_proj,0.127392,short_decode_fixed_launch_interval_dominates,host_child_marker,o_proj.host_start,next_child_host_start,child_timing_json/NVTX,41466727,41466727,0.072622,0.072622,0.0
decode,req1_equal_fresh_regular_b8_f1_p0,20260618_104810_prefill_stage1_req1_equal_fresh_regular_b8_f1_p0_b8_fvar1-1-1-1-1-1-1-1_pvar0-0-0-0-0-0-0-0_layers5_backend_auto_cg_off_pcg_off_tp1_marker_on_profile_nsys,3,9,1,1,1,attn_mqa->o_proj,0.127392,short_decode_fixed_launch_interval_dominates,nvtx_covering_gap,"{'Module': 'model.model.layers.3.self_attn.o_proj', 'TrainableParams': {'weight': [7168, 16384], 'weight_scale_inv': [56, 128]}, 'Inputs': [[8, 16384]]}",covers_or_overlaps_gap,NVTX_EVENTS,41466727,41616624,0.072622,0.222519,0.149897
decode,req1_equal_fresh_regular_b8_f1_p0,20260618_104810_prefill_stage1_req1_equal_fresh_regular_b8_f1_p0_b8_fvar1-1-1-1-1-1-1-1_pvar0-0-0-0-0-0-0-0_layers5_backend_auto_cg_off_pcg_off_tp1_marker_on_profile_nsys,3,9,1,1,1,attn_mqa->o_proj,0.127392,short_decode_fixed_launch_interval_dominates,cuda_runtime_boundary,cudaLaunchKernel_v7000,next_kernel_launch_runtime,CUPTI runtime correlationId,41514759,41519573,0.120654,0.125468,0.004814
decode,req1_equal_fresh_regular_b8_f1_p0,20260618_104810_prefill_stage1_req1_equal_fresh_regular_b8_f1_p0_b8_fvar1-1-1-1-1-1-1-1_pvar0-0-0-0-0-0-0-0_layers5_backend_auto_cg_off_pcg_off_tp1_marker_on_profile_nsys,3,9,1,1,1,attn_mqa->o_proj,0.127392,short_decode_fixed_launch_interval_dominates,gpu_gap_boundary,gap_end_next_kernel_start,gap_end,kernel boundary,41521497,41521497,0.127392,0.127392,0.0
decode,req1_equal_fresh_regular_b8_f1_p0,20260618_104810_prefill_stage1_req1_equal_fresh_regular_b8_f1_p0_b8_fvar1-1-1-1-1-1-1-1_pvar0-0-0-0-0-0-0-0_layers5_backend_auto_cg_off_pcg_off_tp1_marker_on_profile_nsys,3,9,1,1,1,attn_mqa->o_proj,0.127392,short_decode_fixed_launch_interval_dominates,gpu_kernel_boundary,per_token_group_quant_8bit_kernel,next_kernel,CUPTI kernel,41521497,41523449,0.127392,0.129344,0.001952
decode,req1_equal_fresh_regular_b8_f1_p0,20260618_104810_prefill_stage1_req1_equal_fresh_regular_b8_f1_p0_b8_fvar1-1-1-1-1-1-1-1_pvar0-0-0-0-0-0-0-0_layers5_backend_auto_cg_off_pcg_off_tp1_marker_on_profile_nsys,4,10,1,1,1,attn_mqa->o_proj,0.13376,short_decode_fixed_launch_interval_dominates,osrt_overlap_in_gap,epoll_wait,overlaps_gap,OSRT_API,19517135,45114284,-23.675113,1.922036,25.597149
decode,req1_equal_fresh_regular_b8_f1_p0,20260618_104810_prefill_stage1_req1_equal_fresh_regular_b8_f1_p0_b8_fvar1-1-1-1-1-1-1-1_pvar0-0-0-0-0-0-0-0_layers5_backend_auto_cg_off_pcg_off_tp1_marker_on_profile_nsys,4,10,1,1,1,attn_mqa->o_proj,0.13376,short_decode_fixed_launch_interval_dominates,osrt_overlap_in_gap,epoll_wait,overlaps_gap,OSRT_API,24057273,48019106,-19.134975,4.826858,23.961833
decode,req1_equal_fresh_regular_b8_f1_p0,20260618_104810_prefill_stage1_req1_equal_fresh_regular_b8_f1_p0_b8_fvar1-1-1-1-1-1-1-1_pvar0-0-0-0-0-0-0-0_layers5_backend_auto_cg_off_pcg_off_tp1_marker_on_profile_nsys,4,10,1,1,1,attn_mqa->o_proj,0.13376,short_decode_fixed_launch_interval_dominates,osrt_overlap_in_gap,epoll_pwait,overlaps_gap,OSRT_API,24076361,45181387,-19.115887,1.989139,21.105026
decode,req1_equal_fresh_regular_b8_f1_p0,20260618_104810_prefill_stage1_req1_equal_fresh_regular_b8_f1_p0_b8_fvar1-1-1-1-1-1-1-1_pvar0-0-0-0-0-0-0-0_layers5_backend_auto_cg_off_pcg_off_tp1_marker_on_profile_nsys,4,10,1,1,1,attn_mqa->o_proj,0.13376,short_decode_fixed_launch_interval_dominates,osrt_overlap_in_gap,epoll_wait,overlaps_gap,OSRT_API,24121976,45079003,-19.070272,1.886755,20.957027
decode,req1_equal_fresh_regular_b8_f1_p0,20260618_104810_prefill_stage1_req1_equal_fresh_regular_b8_f1_p0_b8_fvar1-1-1-1-1-1-1-1_pvar0-0-0-0-0-0-0-0_layers5_backend_auto_cg_off_pcg_off_tp1_marker_on_profile_nsys,4,10,1,1,1,attn_mqa->o_proj,0.13376,short_decode_fixed_launch_interval_dominates,nvtx_covering_gap,"{'Module': 'model.model', 'Inputs': [[8], [8]]}",covers_or_overlaps_gap,NVTX_EVENTS,36200089,44183136,-6.992159,0.990888,7.983047
decode,req1_equal_fresh_regular_b8_f1_p0,20260618_104810_prefill_stage1_req1_equal_fresh_regular_b8_f1_p0_b8_fvar1-1-1-1-1-1-1-1_pvar0-0-0-0-0-0-0-0_layers5_backend_auto_cg_off_pcg_off_tp1_marker_on_profile_nsys,4,10,1,1,1,attn_mqa->o_proj,0.13376,short_decode_fixed_launch_interval_dominates,osrt_overlap_in_gap,epoll_wait,overlaps_gap,OSRT_API,39042180,49103518,-4.150068,5.91127,10.061338
decode,req1_equal_fresh_regular_b8_f1_p0,20260618_104810_prefill_stage1_req1_equal_fresh_regular_b8_f1_p0_b8_fvar1-1-1-1-1-1-1-1_pvar0-0-0-0-0-0-0-0_layers5_backend_auto_cg_off_pcg_off_tp1_marker_on_profile_nsys,4,10,1,1,1,attn_mqa->o_proj,0.13376,short_decode_fixed_launch_interval_dominates,nvtx_covering_gap,"{'Module': 'model.model.layers.4', 'Inputs': [[8], [8, 7168], [8, 7168]]}",covers_or_overlaps_gap,NVTX_EVENTS,42385580,44127595,-0.806668,0.935347,1.742015
decode,req1_equal_fresh_regular_b8_f1_p0,20260618_104810_prefill_stage1_req1_equal_fresh_regular_b8_f1_p0_b8_fvar1-1-1-1-1-1-1-1_pvar0-0-0-0-0-0-0-0_layers5_backend_auto_cg_off_pcg_off_tp1_marker_on_profile_nsys,4,10,1,1,1,attn_mqa->o_proj,0.13376,short_decode_fixed_launch_interval_dominates,nvtx_covering_gap,{'Module': 'model.model.layers.4.self_attn'},covers_or_overlaps_gap,NVTX_EVENTS,42444545,43425422,-0.747703,0.233174,0.980877
decode,req1_equal_fresh_regular_b8_f1_p0,20260618_104810_prefill_stage1_req1_equal_fresh_regular_b8_f1_p0_b8_fvar1-1-1-1-1-1-1-1_pvar0-0-0-0-0-0-0-0_layers5_backend_auto_cg_off_pcg_off_tp1_marker_on_profile_nsys,4,10,1,1,1,attn_mqa->o_proj,0.13376,short_decode_fixed_launch_interval_dominates,nvtx_covering_gap,"{'Module': 'model.model.layers.4.self_attn.attn_mqa', 'TrainableParams': {'k_scale': [], 'v_scale': []}, 'Inputs': [[8, 128, 512], [8, 1, 512], [8, 1, 512]]}",covers_or_overlaps_gap,NVTX_EVENTS,43045802,43194852,-0.146446,0.002604,0.14905
decode,req1_equal_fresh_regular_b8_f1_p0,20260618_104810_prefill_stage1_req1_equal_fresh_regular_b8_f1_p0_b8_fvar1-1-1-1-1-1-1-1_pvar0-0-0-0-0-0-0-0_layers5_backend_auto_cg_off_pcg_off_tp1_marker_on_profile_nsys,4,10,1,1,1,attn_mqa->o_proj,0.13376,short_decode_fixed_launch_interval_dominates,cuda_runtime_boundary,cudaLaunchKernelExC_v11060,prev_kernel_launch_runtime,CUPTI runtime correlationId,43176198,43180082,-0.01605,-0.012166,0.003884
decode,req1_equal_fresh_regular_b8_f1_p0,20260618_104810_prefill_stage1_req1_equal_fresh_regular_b8_f1_p0_b8_fvar1-1-1-1-1-1-1-1_pvar0-0-0-0-0-0-0-0_layers5_backend_auto_cg_off_pcg_off_tp1_marker_on_profile_nsys,4,10,1,1,1,attn_mqa->o_proj,0.13376,short_decode_fixed_launch_interval_dominates,gpu_kernel_boundary,device_kernel,prev_kernel,CUPTI kernel,43182488,43192248,-0.00976,0.0,0.00976
decode,req1_equal_fresh_regular_b8_f1_p0,20260618_104810_prefill_stage1_req1_equal_fresh_regular_b8_f1_p0_b8_fvar1-1-1-1-1-1-1-1_pvar0-0-0-0-0-0-0-0_layers5_backend_auto_cg_off_pcg_off_tp1_marker_on_profile_nsys,4,10,1,1,1,attn_mqa->o_proj,0.13376,short_decode_fixed_launch_interval_dominates,gpu_gap_boundary,gap_start_prev_kernel_end,gap_start,kernel boundary,43192248,43192248,0.0,0.0,0.0
decode,req1_equal_fresh_regular_b8_f1_p0,20260618_104810_prefill_stage1_req1_equal_fresh_regular_b8_f1_p0_b8_fvar1-1-1-1-1-1-1-1_pvar0-0-0-0-0-0-0-0_layers5_backend_auto_cg_off_pcg_off_tp1_marker_on_profile_nsys,4,10,1,1,1,attn_mqa->o_proj,0.13376,short_decode_fixed_launch_interval_dominates,host_child_marker,attn_mqa.host_end,prev_child_host_end,child_timing_json/NVTX,43194852,43194852,0.002604,0.002604,0.0
decode,req1_equal_fresh_regular_b8_f1_p0,20260618_104810_prefill_stage1_req1_equal_fresh_regular_b8_f1_p0_b8_fvar1-1-1-1-1-1-1-1_pvar0-0-0-0-0-0-0-0_layers5_backend_auto_cg_off_pcg_off_tp1_marker_on_profile_nsys,4,10,1,1,1,attn_mqa->o_proj,0.13376,short_decode_fixed_launch_interval_dominates,host_child_marker,o_proj.host_start,next_child_host_start,child_timing_json/NVTX,43266641,43266641,0.074393,0.074393,0.0
decode,req1_equal_fresh_regular_b8_f1_p0,20260618_104810_prefill_stage1_req1_equal_fresh_regular_b8_f1_p0_b8_fvar1-1-1-1-1-1-1-1_pvar0-0-0-0-0-0-0-0_layers5_backend_auto_cg_off_pcg_off_tp1_marker_on_profile_nsys,4,10,1,1,1,attn_mqa->o_proj,0.13376,short_decode_fixed_launch_interval_dominates,nvtx_covering_gap,"{'Module': 'model.model.layers.4.self_attn.o_proj', 'TrainableParams': {'weight': [7168, 16384], 'weight_scale_inv': [56, 128]}, 'Inputs': [[8, 16384]]}",covers_or_overlaps_gap,NVTX_EVENTS,43266641,43416054,0.074393,0.223806,0.149413
decode,req1_equal_fresh_regular_b8_f1_p0,20260618_104810_prefill_stage1_req1_equal_fresh_regular_b8_f1_p0_b8_fvar1-1-1-1-1-1-1-1_pvar0-0-0-0-0-0-0-0_layers5_backend_auto_cg_off_pcg_off_tp1_marker_on_profile_nsys,4,10,1,1,1,attn_mqa->o_proj,0.13376,short_decode_fixed_launch_interval_dominates,cuda_runtime_boundary,cudaLaunchKernel_v7000,next_kernel_launch_runtime,CUPTI runtime correlationId,43312269,43324244,0.120021,0.131996,0.011975
decode,req1_equal_fresh_regular_b8_f1_p0,20260618_104810_prefill_stage1_req1_equal_fresh_regular_b8_f1_p0_b8_fvar1-1-1-1-1-1-1-1_pvar0-0-0-0-0-0-0-0_layers5_backend_auto_cg_off_pcg_off_tp1_marker_on_profile_nsys,4,10,1,1,1,attn_mqa->o_proj,0.13376,short_decode_fixed_launch_interval_dominates,cuda_runtime_in_gap,cudaLaunchKernel_v7000,inside_gap,CUPTI runtime,43312269,43324244,0.120021,0.131996,0.011975
decode,req1_equal_fresh_regular_b8_f1_p0,20260618_104810_prefill_stage1_req1_equal_fresh_regular_b8_f1_p0_b8_fvar1-1-1-1-1-1-1-1_pvar0-0-0-0-0-0-0-0_layers5_backend_auto_cg_off_pcg_off_tp1_marker_on_profile_nsys,4,10,1,1,1,attn_mqa->o_proj,0.13376,short_decode_fixed_launch_interval_dominates,gpu_gap_boundary,gap_end_next_kernel_start,gap_end,kernel boundary,43326008,43326008,0.13376,0.13376,0.0
decode,req1_equal_fresh_regular_b8_f1_p0,20260618_104810_prefill_stage1_req1_equal_fresh_regular_b8_f1_p0_b8_fvar1-1-1-1-1-1-1-1_pvar0-0-0-0-0-0-0-0_layers5_backend_auto_cg_off_pcg_off_tp1_marker_on_profile_nsys,4,10,1,1,1,attn_mqa->o_proj,0.13376,short_decode_fixed_launch_interval_dominates,gpu_kernel_boundary,per_token_group_quant_8bit_kernel,next_kernel,CUPTI kernel,43326008,43327928,0.13376,0.13568,0.00192
decode,req1_equal_prefix_regular_b4_f512_p512,20260618_110830_prefill_stage1_req1_equal_prefix_regular_b4_f512_p512_b4_fvar512-512-512-512_pvar512-512-512-512_layers5_backend_auto_cg_off_pcg_off_tp1_marker_on_profile_nsys,0,6,1,1,1,attn_mqa->o_proj,0.291776,short_decode_fixed_launch_interval_dominates,osrt_overlap_in_gap,epoll_wait,overlaps_gap,OSRT_API,21886559,66128029,-28.958716,15.282754,44.24147
decode,req1_equal_prefix_regular_b4_f512_p512,20260618_110830_prefill_stage1_req1_equal_prefix_regular_b4_f512_p512_b4_fvar512-512-512-512_pvar512-512-512-512_layers5_backend_auto_cg_off_pcg_off_tp1_marker_on_profile_nsys,0,6,1,1,1,attn_mqa->o_proj,0.291776,short_decode_fixed_launch_interval_dominates,osrt_overlap_in_gap,epoll_pwait,overlaps_gap,OSRT_API,24454954,66421583,-26.390321,15.576308,41.966629
decode,req1_equal_prefix_regular_b4_f512_p512,20260618_110830_prefill_stage1_req1_equal_prefix_regular_b4_f512_p512_b4_fvar512-512-512-512_pvar512-512-512-512_layers5_backend_auto_cg_off_pcg_off_tp1_marker_on_profile_nsys,0,6,1,1,1,attn_mqa->o_proj,0.291776,short_decode_fixed_launch_interval_dominates,osrt_overlap_in_gap,epoll_wait,overlaps_gap,OSRT_API,25161597,69296199,-25.683678,18.450924,44.134602
decode,req1_equal_prefix_regular_b4_f512_p512,20260618_110830_prefill_stage1_req1_equal_prefix_regular_b4_f512_p512_b4_fvar512-512-512-512_pvar512-512-512-512_layers5_backend_auto_cg_off_pcg_off_tp1_marker_on_profile_nsys,0,6,1,1,1,attn_mqa->o_proj,0.291776,short_decode_fixed_launch_interval_dominates,osrt_overlap_in_gap,epoll_wait,overlaps_gap,OSRT_API,25237750,51334285,-25.607525,0.48901,26.096535
decode,req1_equal_prefix_regular_b4_f512_p512,20260618_110830_prefill_stage1_req1_equal_prefix_regular_b4_f512_p512_b4_fvar512-512-512-512_pvar512-512-512-512_layers5_backend_auto_cg_off_pcg_off_tp1_marker_on_profile_nsys,0,6,1,1,1,attn_mqa->o_proj,0.291776,short_decode_fixed_launch_interval_dominates,osrt_overlap_in_gap,epoll_wait,overlaps_gap,OSRT_API,42616160,52712015,-8.229115,1.86674,10.095855
decode,req1_equal_prefix_regular_b4_f512_p512,20260618_110830_prefill_stage1_req1_equal_prefix_regular_b4_f512_p512_b4_fvar512-512-512-512_pvar512-512-512-512_layers5_backend_auto_cg_off_pcg_off_tp1_marker_on_profile_nsys,0,6,1,1,1,attn_mqa->o_proj,0.291776,short_decode_fixed_launch_interval_dominates,nvtx_covering_gap,"{'Module': 'model.model', 'Inputs': [[4], [4]]}",covers_or_overlaps_gap,NVTX_EVENTS,48875711,64330898,-1.969564,13.485623,15.455187
decode,req1_equal_prefix_regular_b4_f512_p512,20260618_110830_prefill_stage1_req1_equal_prefix_regular_b4_f512_p512_b4_fvar512-512-512-512_pvar512-512-512-512_layers5_backend_auto_cg_off_pcg_off_tp1_marker_on_profile_nsys,0,6,1,1,1,attn_mqa->o_proj,0.291776,short_decode_fixed_launch_interval_dominates,nvtx_covering_gap,"{'Module': 'model.model.layers.0', 'Inputs': [[4], [4, 7168]]}",covers_or_overlaps_gap,NVTX_EVENTS,49080716,52138105,-1.764559,1.29283,3.057389
decode,req1_equal_prefix_regular_b4_f512_p512,20260618_110830_prefill_stage1_req1_equal_prefix_regular_b4_f512_p512_b4_fvar512-512-512-512_pvar512-512-512-512_layers5_backend_auto_cg_off_pcg_off_tp1_marker_on_profile_nsys,0,6,1,1,1,attn_mqa->o_proj,0.291776,short_decode_fixed_launch_interval_dominates,nvtx_covering_gap,{'Module': 'model.model.layers.0.self_attn'},covers_or_overlaps_gap,NVTX_EVENTS,49197313,51365534,-1.647962,0.520259,2.168221
decode,req1_equal_prefix_regular_b4_f512_p512,20260618_110830_prefill_stage1_req1_equal_prefix_regular_b4_f512_p512_b4_fvar512-512-512-512_pvar512-512-512-512_layers5_backend_auto_cg_off_pcg_off_tp1_marker_on_profile_nsys,0,6,1,1,1,attn_mqa->o_proj,0.291776,short_decode_fixed_launch_interval_dominates,nvtx_covering_gap,"{'Module': 'model.model.layers.0.self_attn.attn_mqa', 'TrainableParams': {'k_scale': [], 'v_scale': []}, 'Inputs': [[4, 128, 512], [4, 1, 512], [4, 1, 512]]}",covers_or_overlaps_gap,NVTX_EVENTS,50473523,50875025,-0.371752,0.02975,0.401502
decode,req1_equal_prefix_regular_b4_f512_p512,20260618_110830_prefill_stage1_req1_equal_prefix_regular_b4_f512_p512_b4_fvar512-512-512-512_pvar512-512-512-512_layers5_backend_auto_cg_off_pcg_off_tp1_marker_on_profile_nsys,0,6,1,1,1,attn_mqa->o_proj,0.291776,short_decode_fixed_launch_interval_dominates,cuda_runtime_boundary,cudaLaunchKernelExC_v11060,prev_kernel_launch_runtime,CUPTI runtime correlationId,50827923,50838872,-0.017352,-0.006403,0.010949
decode,req1_equal_prefix_regular_b4_f512_p512,20260618_110830_prefill_stage1_req1_equal_prefix_regular_b4_f512_p512_b4_fvar512-512-512-512_pvar512-512-512-512_layers5_backend_auto_cg_off_pcg_off_tp1_marker_on_profile_nsys,0,6,1,1,1,attn_mqa->o_proj,0.291776,short_decode_fixed_launch_interval_dominates,gpu_kernel_boundary,device_kernel,prev_kernel,CUPTI kernel,50840699,50845275,-0.004576,0.0,0.004576
decode,req1_equal_prefix_regular_b4_f512_p512,20260618_110830_prefill_stage1_req1_equal_prefix_regular_b4_f512_p512_b4_fvar512-512-512-512_pvar512-512-512-512_layers5_backend_auto_cg_off_pcg_off_tp1_marker_on_profile_nsys,0,6,1,1,1,attn_mqa->o_proj,0.291776,short_decode_fixed_launch_interval_dominates,gpu_gap_boundary,gap_start_prev_kernel_end,gap_start,kernel boundary,50845275,50845275,0.0,0.0,0.0
decode,req1_equal_prefix_regular_b4_f512_p512,20260618_110830_prefill_stage1_req1_equal_prefix_regular_b4_f512_p512_b4_fvar512-512-512-512_pvar512-512-512-512_layers5_backend_auto_cg_off_pcg_off_tp1_marker_on_profile_nsys,0,6,1,1,1,attn_mqa->o_proj,0.291776,short_decode_fixed_launch_interval_dominates,host_child_marker,attn_mqa.host_end,prev_child_host_end,child_timing_json/NVTX,50875025,50875025,0.02975,0.02975,0.0
decode,req1_equal_prefix_regular_b4_f512_p512,20260618_110830_prefill_stage1_req1_equal_prefix_regular_b4_f512_p512_b4_fvar512-512-512-512_pvar512-512-512-512_layers5_backend_auto_cg_off_pcg_off_tp1_marker_on_profile_nsys,0,6,1,1,1,attn_mqa->o_proj,0.291776,short_decode_fixed_launch_interval_dominates,host_child_marker,o_proj.host_start,next_child_host_start,child_timing_json/NVTX,51028276,51028276,0.183001,0.183001,0.0
decode,req1_equal_prefix_regular_b4_f512_p512,20260618_110830_prefill_stage1_req1_equal_prefix_regular_b4_f512_p512_b4_fvar512-512-512-512_pvar512-512-512-512_layers5_backend_auto_cg_off_pcg_off_tp1_marker_on_profile_nsys,0,6,1,1,1,attn_mqa->o_proj,0.291776,short_decode_fixed_launch_interval_dominates,nvtx_covering_gap,"{'Module': 'model.model.layers.0.self_attn.o_proj', 'TrainableParams': {'weight': [7168, 16384], 'weight_scale_inv': [56, 128]}, 'Inputs': [[4, 16384]]}",covers_or_overlaps_gap,NVTX_EVENTS,51028276,51346329,0.183001,0.501054,0.318053
decode,req1_equal_prefix_regular_b4_f512_p512,20260618_110830_prefill_stage1_req1_equal_prefix_regular_b4_f512_p512_b4_fvar512-512-512-512_pvar512-512-512-512_layers5_backend_auto_cg_off_pcg_off_tp1_marker_on_profile_nsys,0,6,1,1,1,attn_mqa->o_proj,0.291776,short_decode_fixed_launch_interval_dominates,cuda_runtime_boundary,cudaLaunchKernel_v7000,next_kernel_launch_runtime,CUPTI runtime correlationId,51127124,51136153,0.281849,0.290878,0.009029
decode,req1_equal_prefix_regular_b4_f512_p512,20260618_110830_prefill_stage1_req1_equal_prefix_regular_b4_f512_p512_b4_fvar512-512-512-512_pvar512-512-512-512_layers5_backend_auto_cg_off_pcg_off_tp1_marker_on_profile_nsys,0,6,1,1,1,attn_mqa->o_proj,0.291776,short_decode_fixed_launch_interval_dominates,gpu_gap_boundary,gap_end_next_kernel_start,gap_end,kernel boundary,51137051,51137051,0.291776,0.291776,0.0
decode,req1_equal_prefix_regular_b4_f512_p512,20260618_110830_prefill_stage1_req1_equal_prefix_regular_b4_f512_p512_b4_fvar512-512-512-512_pvar512-512-512-512_layers5_backend_auto_cg_off_pcg_off_tp1_marker_on_profile_nsys,0,6,1,1,1,attn_mqa->o_proj,0.291776,short_decode_fixed_launch_interval_dominates,gpu_kernel_boundary,per_token_group_quant_8bit_kernel,next_kernel,CUPTI kernel,51137051,51138939,0.291776,0.293664,0.001888
decode,req1_equal_prefix_regular_b4_f512_p512,20260618_110830_prefill_stage1_req1_equal_prefix_regular_b4_f512_p512_b4_fvar512-512-512-512_pvar512-512-512-512_layers5_backend_auto_cg_off_pcg_off_tp1_marker_on_profile_nsys,1,7,1,1,1,attn_mqa->o_proj,0.263936,short_decode_fixed_launch_interval_dominates,osrt_overlap_in_gap,epoll_wait,overlaps_gap,OSRT_API,21886559,66128029,-31.703035,12.538435,44.24147
decode,req1_equal_prefix_regular_b4_f512_p512,20260618_110830_prefill_stage1_req1_equal_prefix_regular_b4_f512_p512_b4_fvar512-512-512-512_pvar512-512-512-512_layers5_backend_auto_cg_off_pcg_off_tp1_marker_on_profile_nsys,1,7,1,1,1,attn_mqa->o_proj,0.263936,short_decode_fixed_launch_interval_dominates,osrt_overlap_in_gap,epoll_pwait,overlaps_gap,OSRT_API,24454954,66421583,-29.13464,12.831989,41.966629
decode,req1_equal_prefix_regular_b4_f512_p512,20260618_110830_prefill_stage1_req1_equal_prefix_regular_b4_f512_p512_b4_fvar512-512-512-512_pvar512-512-512-512_layers5_backend_auto_cg_off_pcg_off_tp1_marker_on_profile_nsys,1,7,1,1,1,attn_mqa->o_proj,0.263936,short_decode_fixed_launch_interval_dominates,osrt_overlap_in_gap,epoll_wait,overlaps_gap,OSRT_API,25161597,69296199,-28.427997,15.706605,44.134602
decode,req1_equal_prefix_regular_b4_f512_p512,20260618_110830_prefill_stage1_req1_equal_prefix_regular_b4_f512_p512_b4_fvar512-512-512-512_pvar512-512-512-512_layers5_backend_auto_cg_off_pcg_off_tp1_marker_on_profile_nsys,1,7,1,1,1,attn_mqa->o_proj,0.263936,short_decode_fixed_launch_interval_dominates,nvtx_covering_gap,"{'Module': 'model.model', 'Inputs': [[4], [4]]}",covers_or_overlaps_gap,NVTX_EVENTS,48875711,64330898,-4.713883,10.741304,15.455187
decode,req1_equal_prefix_regular_b4_f512_p512,20260618_110830_prefill_stage1_req1_equal_prefix_regular_b4_f512_p512_b4_fvar512-512-512-512_pvar512-512-512-512_layers5_backend_auto_cg_off_pcg_off_tp1_marker_on_profile_nsys,1,7,1,1,1,attn_mqa->o_proj,0.263936,short_decode_fixed_launch_interval_dominates,osrt_overlap_in_gap,epoll_wait,overlaps_gap,OSRT_API,51449406,65897544,-2.140188,12.30795,14.448138
decode,req1_equal_prefix_regular_b4_f512_p512,20260618_110830_prefill_stage1_req1_equal_prefix_regular_b4_f512_p512_b4_fvar512-512-512-512_pvar512-512-512-512_layers5_backend_auto_cg_off_pcg_off_tp1_marker_on_profile_nsys,1,7,1,1,1,attn_mqa->o_proj,0.263936,short_decode_fixed_launch_interval_dominates,nvtx_covering_gap,"{'Module': 'model.model.layers.1', 'Inputs': [[4], [4, 7168], [4, 7168]]}",covers_or_overlaps_gap,NVTX_EVENTS,52186302,54765747,-1.403292,1.176153,2.579445
decode,req1_equal_prefix_regular_b4_f512_p512,20260618_110830_prefill_stage1_req1_equal_prefix_regular_b4_f512_p512_b4_fvar512-512-512-512_pvar512-512-512-512_layers5_backend_auto_cg_off_pcg_off_tp1_marker_on_profile_nsys,1,7,1,1,1,attn_mqa->o_proj,0.263936,short_decode_fixed_launch_interval_dominates,nvtx_covering_gap,{'Module': 'model.model.layers.1.self_attn'},covers_or_overlaps_gap,NVTX_EVENTS,52277260,54049890,-1.312334,0.460296,1.77263
decode,req1_equal_prefix_regular_b4_f512_p512,20260618_110830_prefill_stage1_req1_equal_prefix_regular_b4_f512_p512_b4_fvar512-512-512-512_pvar512-512-512-512_layers5_backend_auto_cg_off_pcg_off_tp1_marker_on_profile_nsys,1,7,1,1,1,attn_mqa->o_proj,0.263936,short_decode_fixed_launch_interval_dominates,osrt_overlap_in_gap,epoll_wait,overlaps_gap,OSRT_API,52751675,62851201,-0.837919,9.261607,10.099526
decode,req1_equal_prefix_regular_b4_f512_p512,20260618_110830_prefill_stage1_req1_equal_prefix_regular_b4_f512_p512_b4_fvar512-512-512-512_pvar512-512-512-512_layers5_backend_auto_cg_off_pcg_off_tp1_marker_on_profile_nsys,1,7,1,1,1,attn_mqa->o_proj,0.263936,short_decode_fixed_launch_interval_dominates,nvtx_covering_gap,"{'Module': 'model.model.layers.1.self_attn.attn_mqa', 'TrainableParams': {'k_scale': [], 'v_scale': []}, 'Inputs': [[4, 128, 512], [4, 1, 512], [4, 1, 512]]}",covers_or_overlaps_gap,NVTX_EVENTS,53289567,53616411,-0.300027,0.026817,0.326844
decode,req1_equal_prefix_regular_b4_f512_p512,20260618_110830_prefill_stage1_req1_equal_prefix_regular_b4_f512_p512_b4_fvar512-512-512-512_pvar512-512-512-512_layers5_backend_auto_cg_off_pcg_off_tp1_marker_on_profile_nsys,1,7,1,1,1,attn_mqa->o_proj,0.263936,short_decode_fixed_launch_interval_dominates,cuda_runtime_boundary,cudaLaunchKernelExC_v11060,prev_kernel_launch_runtime,CUPTI runtime correlationId,53569531,53575641,-0.020063,-0.013953,0.00611
decode,req1_equal_prefix_regular_b4_f512_p512,20260618_110830_prefill_stage1_req1_equal_prefix_regular_b4_f512_p512_b4_fvar512-512-512-512_pvar512-512-512-512_layers5_backend_auto_cg_off_pcg_off_tp1_marker_on_profile_nsys,1,7,1,1,1,attn_mqa->o_proj,0.263936,short_decode_fixed_launch_interval_dominates,gpu_kernel_boundary,device_kernel,prev_kernel,CUPTI kernel,53585082,53589594,-0.004512,0.0,0.004512
decode,req1_equal_prefix_regular_b4_f512_p512,20260618_110830_prefill_stage1_req1_equal_prefix_regular_b4_f512_p512_b4_fvar512-512-512-512_pvar512-512-512-512_layers5_backend_auto_cg_off_pcg_off_tp1_marker_on_profile_nsys,1,7,1,1,1,attn_mqa->o_proj,0.263936,short_decode_fixed_launch_interval_dominates,gpu_gap_boundary,gap_start_prev_kernel_end,gap_start,kernel boundary,53589594,53589594,0.0,0.0,0.0
decode,req1_equal_prefix_regular_b4_f512_p512,20260618_110830_prefill_stage1_req1_equal_prefix_regular_b4_f512_p512_b4_fvar512-512-512-512_pvar512-512-512-512_layers5_backend_auto_cg_off_pcg_off_tp1_marker_on_profile_nsys,1,7,1,1,1,attn_mqa->o_proj,0.263936,short_decode_fixed_launch_interval_dominates,host_child_marker,attn_mqa.host_end,prev_child_host_end,child_timing_json/NVTX,53616411,53616411,0.026817,0.026817,0.0
decode,req1_equal_prefix_regular_b4_f512_p512,20260618_110830_prefill_stage1_req1_equal_prefix_regular_b4_f512_p512_b4_fvar512-512-512-512_pvar512-512-512-512_layers5_backend_auto_cg_off_pcg_off_tp1_marker_on_profile_nsys,1,7,1,1,1,attn_mqa->o_proj,0.263936,short_decode_fixed_launch_interval_dominates,host_child_marker,o_proj.host_start,next_child_host_start,child_timing_json/NVTX,53753484,53753484,0.16389,0.16389,0.0
decode,req1_equal_prefix_regular_b4_f512_p512,20260618_110830_prefill_stage1_req1_equal_prefix_regular_b4_f512_p512_b4_fvar512-512-512-512_pvar512-512-512-512_layers5_backend_auto_cg_off_pcg_off_tp1_marker_on_profile_nsys,1,7,1,1,1,attn_mqa->o_proj,0.263936,short_decode_fixed_launch_interval_dominates,nvtx_covering_gap,"{'Module': 'model.model.layers.1.self_attn.o_proj', 'TrainableParams': {'weight': [7168, 16384], 'weight_scale_inv': [56, 128]}, 'Inputs': [[4, 16384]]}",covers_or_overlaps_gap,NVTX_EVENTS,53753484,54031120,0.16389,0.441526,0.277636
decode,req1_equal_prefix_regular_b4_f512_p512,20260618_110830_prefill_stage1_req1_equal_prefix_regular_b4_f512_p512_b4_fvar512-512-512-512_pvar512-512-512-512_layers5_backend_auto_cg_off_pcg_off_tp1_marker_on_profile_nsys,1,7,1,1,1,attn_mqa->o_proj,0.263936,short_decode_fixed_launch_interval_dominates,cuda_runtime_boundary,cudaLaunchKernel_v7000,next_kernel_launch_runtime,CUPTI runtime correlationId,53843920,53852327,0.254326,0.262733,0.008407
decode,req1_equal_prefix_regular_b4_f512_p512,20260618_110830_prefill_stage1_req1_equal_prefix_regular_b4_f512_p512_b4_fvar512-512-512-512_pvar512-512-512-512_layers5_backend_auto_cg_off_pcg_off_tp1_marker_on_profile_nsys,1,7,1,1,1,attn_mqa->o_proj,0.263936,short_decode_fixed_launch_interval_dominates,gpu_gap_boundary,gap_end_next_kernel_start,gap_end,kernel boundary,53853530,53853530,0.263936,0.263936,0.0
decode,req1_equal_prefix_regular_b4_f512_p512,20260618_110830_prefill_stage1_req1_equal_prefix_regular_b4_f512_p512_b4_fvar512-512-512-512_pvar512-512-512-512_layers5_backend_auto_cg_off_pcg_off_tp1_marker_on_profile_nsys,1,7,1,1,1,attn_mqa->o_proj,0.263936,short_decode_fixed_launch_interval_dominates,gpu_kernel_boundary,per_token_group_quant_8bit_kernel,next_kernel,CUPTI kernel,53853530,53855418,0.263936,0.265824,0.001888
decode,req1_equal_prefix_regular_b4_f512_p512,20260618_110830_prefill_stage1_req1_equal_prefix_regular_b4_f512_p512_b4_fvar512-512-512-512_pvar512-512-512-512_layers5_backend_auto_cg_off_pcg_off_tp1_marker_on_profile_nsys,2,8,1,1,1,q_b_proj->rotary_emb,0.26192,short_decode_fixed_launch_interval_dominates,osrt_overlap_in_gap,epoll_wait,overlaps_gap,OSRT_API,21886559,66128029,-33.70793,10.53354,44.24147
decode,req1_equal_prefix_regular_b4_f512_p512,20260618_110830_prefill_stage1_req1_equal_prefix_regular_b4_f512_p512_b4_fvar512-512-512-512_pvar512-512-512-512_layers5_backend_auto_cg_off_pcg_off_tp1_marker_on_profile_nsys,2,8,1,1,1,q_b_proj->rotary_emb,0.26192,short_decode_fixed_launch_interval_dominates,osrt_overlap_in_gap,epoll_pwait,overlaps_gap,OSRT_API,24454954,66421583,-31.139535,10.827094,41.966629
decode,req1_equal_prefix_regular_b4_f512_p512,20260618_110830_prefill_stage1_req1_equal_prefix_regular_b4_f512_p512_b4_fvar512-512-512-512_pvar512-512-512-512_layers5_backend_auto_cg_off_pcg_off_tp1_marker_on_profile_nsys,2,8,1,1,1,q_b_proj->rotary_emb,0.26192,short_decode_fixed_launch_interval_dominates,osrt_overlap_in_gap,epoll_wait,overlaps_gap,OSRT_API,25161597,69296199,-30.432892,13.70171,44.134602
decode,req1_equal_prefix_regular_b4_f512_p512,20260618_110830_prefill_stage1_req1_equal_prefix_regular_b4_f512_p512_b4_fvar512-512-512-512_pvar512-512-512-512_layers5_backend_auto_cg_off_pcg_off_tp1_marker_on_profile_nsys,2,8,1,1,1,q_b_proj->rotary_emb,0.26192,short_decode_fixed_launch_interval_dominates,nvtx_covering_gap,"{'Module': 'model.model', 'Inputs': [[4], [4]]}",covers_or_overlaps_gap,NVTX_EVENTS,48875711,64330898,-6.718778,8.736409,15.455187
decode,req1_equal_prefix_regular_b4_f512_p512,20260618_110830_prefill_stage1_req1_equal_prefix_regular_b4_f512_p512_b4_fvar512-512-512-512_pvar512-512-512-512_layers5_backend_auto_cg_off_pcg_off_tp1_marker_on_profile_nsys,2,8,1,1,1,q_b_proj->rotary_emb,0.26192,short_decode_fixed_launch_interval_dominates,osrt_overlap_in_gap,epoll_wait,overlaps_gap,OSRT_API,51449406,65897544,-4.145083,10.303055,14.448138
decode,req1_equal_prefix_regular_b4_f512_p512,20260618_110830_prefill_stage1_req1_equal_prefix_regular_b4_f512_p512_b4_fvar512-512-512-512_pvar512-512-512-512_layers5_backend_auto_cg_off_pcg_off_tp1_marker_on_profile_nsys,2,8,1,1,1,q_b_proj->rotary_emb,0.26192,short_decode_fixed_launch_interval_dominates,osrt_overlap_in_gap,epoll_wait,overlaps_gap,OSRT_API,52751675,62851201,-2.842814,7.256712,10.099526
decode,req1_equal_prefix_regular_b4_f512_p512,20260618_110830_prefill_stage1_req1_equal_prefix_regular_b4_f512_p512_b4_fvar512-512-512-512_pvar512-512-512-512_layers5_backend_auto_cg_off_pcg_off_tp1_marker_on_profile_nsys,2,8,1,1,1,q_b_proj->rotary_emb,0.26192,short_decode_fixed_launch_interval_dominates,nvtx_covering_gap,"{'Module': 'model.model.layers.2', 'Inputs': [[4], [4, 7168], [4, 7168]]}",covers_or_overlaps_gap,NVTX_EVENTS,54811896,57410140,-0.782593,1.815651,2.598244
decode,req1_equal_prefix_regular_b4_f512_p512,20260618_110830_prefill_stage1_req1_equal_prefix_regular_b4_f512_p512_b4_fvar512-512-512-512_pvar512-512-512-512_layers5_backend_auto_cg_off_pcg_off_tp1_marker_on_profile_nsys,2,8,1,1,1,q_b_proj->rotary_emb,0.26192,short_decode_fixed_launch_interval_dominates,nvtx_covering_gap,{'Module': 'model.model.layers.2.self_attn'},covers_or_overlaps_gap,NVTX_EVENTS,54913929,56687456,-0.68056,1.092967,1.773527
decode,req1_equal_prefix_regular_b4_f512_p512,20260618_110830_prefill_stage1_req1_equal_prefix_regular_b4_f512_p512_b4_fvar512-512-512-512_pvar512-512-512-512_layers5_backend_auto_cg_off_pcg_off_tp1_marker_on_profile_nsys,2,8,1,1,1,q_b_proj->rotary_emb,0.26192,short_decode_fixed_launch_interval_dominates,nvtx_covering_gap,"{'Module': 'model.model.layers.2.self_attn.q_b_proj', 'TrainableParams': {'weight': [24576, 1536], 'weight_scale_inv': [192, 12]}, 'Inputs': [[4, 1536]]}",covers_or_overlaps_gap,NVTX_EVENTS,55396160,55607820,-0.198329,0.013331,0.21166
decode,req1_equal_prefix_regular_b4_f512_p512,20260618_110830_prefill_stage1_req1_equal_prefix_regular_b4_f512_p512_b4_fvar512-512-512-512_pvar512-512-512-512_layers5_backend_auto_cg_off_pcg_off_tp1_marker_on_profile_nsys,2,8,1,1,1,q_b_proj->rotary_emb,0.26192,short_decode_fixed_launch_interval_dominates,cuda_runtime_boundary,cuLaunchKernelEx,prev_kernel_launch_runtime,CUPTI runtime correlationId,55569490,55576322,-0.024999,-0.018167,0.006832
decode,req1_equal_prefix_regular_b4_f512_p512,20260618_110830_prefill_stage1_req1_equal_prefix_regular_b4_f512_p512_b4_fvar512-512-512-512_pvar512-512-512-512_layers5_backend_auto_cg_off_pcg_off_tp1_marker_on_profile_nsys,2,8,1,1,1,q_b_proj->rotary_emb,0.26192,short_decode_fixed_launch_interval_dominates,gpu_kernel_boundary,sm90_fp8_gemm_1d2d_impl,prev_kernel,CUPTI kernel,55578009,55594489,-0.01648,0.0,0.01648
decode,req1_equal_prefix_regular_b4_f512_p512,20260618_110830_prefill_stage1_req1_equal_prefix_regular_b4_f512_p512_b4_fvar512-512-512-512_pvar512-512-512-512_layers5_backend_auto_cg_off_pcg_off_tp1_marker_on_profile_nsys,2,8,1,1,1,q_b_proj->rotary_emb,0.26192,short_decode_fixed_launch_interval_dominates,gpu_gap_boundary,gap_start_prev_kernel_end,gap_start,kernel boundary,55594489,55594489,0.0,0.0,0.0
decode,req1_equal_prefix_regular_b4_f512_p512,20260618_110830_prefill_stage1_req1_equal_prefix_regular_b4_f512_p512_b4_fvar512-512-512-512_pvar512-512-512-512_layers5_backend_auto_cg_off_pcg_off_tp1_marker_on_profile_nsys,2,8,1,1,1,q_b_proj->rotary_emb,0.26192,short_decode_fixed_launch_interval_dominates,host_child_marker,q_b_proj.host_end,prev_child_host_end,child_timing_json/NVTX,55607820,55607820,0.013331,0.013331,0.0
decode,req1_equal_prefix_regular_b4_f512_p512,20260618_110830_prefill_stage1_req1_equal_prefix_regular_b4_f512_p512_b4_fvar512-512-512-512_pvar512-512-512-512_layers5_backend_auto_cg_off_pcg_off_tp1_marker_on_profile_nsys,2,8,1,1,1,q_b_proj->rotary_emb,0.26192,short_decode_fixed_launch_interval_dominates,cuda_runtime_in_gap,cuLaunchKernelEx,inside_gap,CUPTI runtime,55728405,55739868,0.133916,0.145379,0.011463
decode,req1_equal_prefix_regular_b4_f512_p512,20260618_110830_prefill_stage1_req1_equal_prefix_regular_b4_f512_p512_b4_fvar512-512-512-512_pvar512-512-512-512_layers5_backend_auto_cg_off_pcg_off_tp1_marker_on_profile_nsys,2,8,1,1,1,q_b_proj->rotary_emb,0.26192,short_decode_fixed_launch_interval_dominates,host_child_marker,rotary_emb.host_start,next_child_host_start,child_timing_json/NVTX,55782516,55782516,0.188027,0.188027,0.0
decode,req1_equal_prefix_regular_b4_f512_p512,20260618_110830_prefill_stage1_req1_equal_prefix_regular_b4_f512_p512_b4_fvar512-512-512-512_pvar512-512-512-512_layers5_backend_auto_cg_off_pcg_off_tp1_marker_on_profile_nsys,2,8,1,1,1,q_b_proj->rotary_emb,0.26192,short_decode_fixed_launch_interval_dominates,nvtx_covering_gap,"{'Module': 'model.model.layers.0.self_attn.rotary_emb', 'Inputs': [[4], [4, 128, 64], [4, 1, 64]]}",covers_or_overlaps_gap,NVTX_EVENTS,55782516,55868591,0.188027,0.274102,0.086075
decode,req1_equal_prefix_regular_b4_f512_p512,20260618_110830_prefill_stage1_req1_equal_prefix_regular_b4_f512_p512_b4_fvar512-512-512-512_pvar512-512-512-512_layers5_backend_auto_cg_off_pcg_off_tp1_marker_on_profile_nsys,2,8,1,1,1,q_b_proj->rotary_emb,0.26192,short_decode_fixed_launch_interval_dominates,cuda_runtime_boundary,cudaLaunchKernel_v7000,next_kernel_launch_runtime,CUPTI runtime correlationId,55846512,55855501,0.252023,0.261012,0.008989
decode,req1_equal_prefix_regular_b4_f512_p512,20260618_110830_prefill_stage1_req1_equal_prefix_regular_b4_f512_p512_b4_fvar512-512-512-512_pvar512-512-512-512_layers5_backend_auto_cg_off_pcg_off_tp1_marker_on_profile_nsys,2,8,1,1,1,q_b_proj->rotary_emb,0.26192,short_decode_fixed_launch_interval_dominates,gpu_gap_boundary,gap_end_next_kernel_start,gap_end,kernel boundary,55856409,55856409,0.26192,0.26192,0.0
decode,req1_equal_prefix_regular_b4_f512_p512,20260618_110830_prefill_stage1_req1_equal_prefix_regular_b4_f512_p512_b4_fvar512-512-512-512_pvar512-512-512-512_layers5_backend_auto_cg_off_pcg_off_tp1_marker_on_profile_nsys,2,8,1,1,1,q_b_proj->rotary_emb,0.26192,short_decode_fixed_launch_interval_dominates,gpu_kernel_boundary,BatchQKApplyRotaryPosIdsCosSinCacheHeadParallelismKernel,next_kernel,CUPTI kernel,55856409,55858361,0.26192,0.263872,0.001952
decode,req1_equal_prefix_regular_b4_f512_p512,20260618_110830_prefill_stage1_req1_equal_prefix_regular_b4_f512_p512_b4_fvar512-512-512-512_pvar512-512-512-512_layers5_backend_auto_cg_off_pcg_off_tp1_marker_on_profile_nsys,3,9,1,1,1,q_b_proj->rotary_emb,0.259264,short_decode_fixed_launch_interval_dominates,osrt_overlap_in_gap,epoll_wait,overlaps_gap,OSRT_API,21886559,66128029,-36.472921,7.768549,44.24147
decode,req1_equal_prefix_regular_b4_f512_p512,20260618_110830_prefill_stage1_req1_equal_prefix_regular_b4_f512_p512_b4_fvar512-512-512-512_pvar512-512-512-512_layers5_backend_auto_cg_off_pcg_off_tp1_marker_on_profile_nsys,3,9,1,1,1,q_b_proj->rotary_emb,0.259264,short_decode_fixed_launch_interval_dominates,osrt_overlap_in_gap,epoll_pwait,overlaps_gap,OSRT_API,24454954,66421583,-33.904526,8.062103,41.966629
decode,req1_equal_prefix_regular_b4_f512_p512,20260618_110830_prefill_stage1_req1_equal_prefix_regular_b4_f512_p512_b4_fvar512-512-512-512_pvar512-512-512-512_layers5_backend_auto_cg_off_pcg_off_tp1_marker_on_profile_nsys,3,9,1,1,1,q_b_proj->rotary_emb,0.259264,short_decode_fixed_launch_interval_dominates,osrt_overlap_in_gap,epoll_wait,overlaps_gap,OSRT_API,25161597,69296199,-33.197883,10.936719,44.134602
decode,req1_equal_prefix_regular_b4_f512_p512,20260618_110830_prefill_stage1_req1_equal_prefix_regular_b4_f512_p512_b4_fvar512-512-512-512_pvar512-512-512-512_layers5_backend_auto_cg_off_pcg_off_tp1_marker_on_profile_nsys,3,9,1,1,1,q_b_proj->rotary_emb,0.259264,short_decode_fixed_launch_interval_dominates,nvtx_covering_gap,"{'Module': 'model.model', 'Inputs': [[4], [4]]}",covers_or_overlaps_gap,NVTX_EVENTS,48875711,64330898,-9.483769,5.971418,15.455187
decode,req1_equal_prefix_regular_b4_f512_p512,20260618_110830_prefill_stage1_req1_equal_prefix_regular_b4_f512_p512_b4_fvar512-512-512-512_pvar512-512-512-512_layers5_backend_auto_cg_off_pcg_off_tp1_marker_on_profile_nsys,3,9,1,1,1,q_b_proj->rotary_emb,0.259264,short_decode_fixed_launch_interval_dominates,osrt_overlap_in_gap,epoll_wait,overlaps_gap,OSRT_API,51449406,65897544,-6.910074,7.538064,14.448138
decode,req1_equal_prefix_regular_b4_f512_p512,20260618_110830_prefill_stage1_req1_equal_prefix_regular_b4_f512_p512_b4_fvar512-512-512-512_pvar512-512-512-512_layers5_backend_auto_cg_off_pcg_off_tp1_marker_on_profile_nsys,3,9,1,1,1,q_b_proj->rotary_emb,0.259264,short_decode_fixed_launch_interval_dominates,osrt_overlap_in_gap,epoll_wait,overlaps_gap,OSRT_API,52751675,62851201,-5.607805,4.491721,10.099526
decode,req1_equal_prefix_regular_b4_f512_p512,20260618_110830_prefill_stage1_req1_equal_prefix_regular_b4_f512_p512_b4_fvar512-512-512-512_pvar512-512-512-512_layers5_backend_auto_cg_off_pcg_off_tp1_marker_on_profile_nsys,3,9,1,1,1,q_b_proj->rotary_emb,0.259264,short_decode_fixed_launch_interval_dominates,nvtx_covering_gap,"{'Module': 'model.model.layers.3', 'Inputs': [[4], [4, 7168], [4, 7168]]}",covers_or_overlaps_gap,NVTX_EVENTS,57456337,60808365,-0.903143,2.448885,3.352028
decode,req1_equal_prefix_regular_b4_f512_p512,20260618_110830_prefill_stage1_req1_equal_prefix_regular_b4_f512_p512_b4_fvar512-512-512-512_pvar512-512-512-512_layers5_backend_auto_cg_off_pcg_off_tp1_marker_on_profile_nsys,3,9,1,1,1,q_b_proj->rotary_emb,0.259264,short_decode_fixed_launch_interval_dominates,nvtx_covering_gap,{'Module': 'model.model.layers.3.self_attn'},covers_or_overlaps_gap,NVTX_EVENTS,57555903,59432728,-0.803577,1.073248,1.876825
decode,req1_equal_prefix_regular_b4_f512_p512,20260618_110830_prefill_stage1_req1_equal_prefix_regular_b4_f512_p512_b4_fvar512-512-512-512_pvar512-512-512-512_layers5_backend_auto_cg_off_pcg_off_tp1_marker_on_profile_nsys,3,9,1,1,1,q_b_proj->rotary_emb,0.259264,short_decode_fixed_launch_interval_dominates,nvtx_covering_gap,"{'Module': 'model.model.layers.3.self_attn.q_b_proj', 'TrainableParams': {'weight': [24576, 1536], 'weight_scale_inv': [192, 12]}, 'Inputs': [[4, 1536]]}",covers_or_overlaps_gap,NVTX_EVENTS,58141618,58363072,-0.217862,0.003592,0.221454
decode,req1_equal_prefix_regular_b4_f512_p512,20260618_110830_prefill_stage1_req1_equal_prefix_regular_b4_f512_p512_b4_fvar512-512-512-512_pvar512-512-512-512_layers5_backend_auto_cg_off_pcg_off_tp1_marker_on_profile_nsys,3,9,1,1,1,q_b_proj->rotary_emb,0.259264,short_decode_fixed_launch_interval_dominates,cuda_runtime_boundary,cuLaunchKernelEx,prev_kernel_launch_runtime,CUPTI runtime correlationId,58334168,58341485,-0.025312,-0.017995,0.007317
decode,req1_equal_prefix_regular_b4_f512_p512,20260618_110830_prefill_stage1_req1_equal_prefix_regular_b4_f512_p512_b4_fvar512-512-512-512_pvar512-512-512-512_layers5_backend_auto_cg_off_pcg_off_tp1_marker_on_profile_nsys,3,9,1,1,1,q_b_proj->rotary_emb,0.259264,short_decode_fixed_launch_interval_dominates,gpu_kernel_boundary,sm90_fp8_gemm_1d2d_impl,prev_kernel,CUPTI kernel,58342936,58359480,-0.016544,0.0,0.016544
decode,req1_equal_prefix_regular_b4_f512_p512,20260618_110830_prefill_stage1_req1_equal_prefix_regular_b4_f512_p512_b4_fvar512-512-512-512_pvar512-512-512-512_layers5_backend_auto_cg_off_pcg_off_tp1_marker_on_profile_nsys,3,9,1,1,1,q_b_proj->rotary_emb,0.259264,short_decode_fixed_launch_interval_dominates,gpu_gap_boundary,gap_start_prev_kernel_end,gap_start,kernel boundary,58359480,58359480,0.0,0.0,0.0
decode,req1_equal_prefix_regular_b4_f512_p512,20260618_110830_prefill_stage1_req1_equal_prefix_regular_b4_f512_p512_b4_fvar512-512-512-512_pvar512-512-512-512_layers5_backend_auto_cg_off_pcg_off_tp1_marker_on_profile_nsys,3,9,1,1,1,q_b_proj->rotary_emb,0.259264,short_decode_fixed_launch_interval_dominates,host_child_marker,q_b_proj.host_end,prev_child_host_end,child_timing_json/NVTX,58363072,58363072,0.003592,0.003592,0.0
decode,req1_equal_prefix_regular_b4_f512_p512,20260618_110830_prefill_stage1_req1_equal_prefix_regular_b4_f512_p512_b4_fvar512-512-512-512_pvar512-512-512-512_layers5_backend_auto_cg_off_pcg_off_tp1_marker_on_profile_nsys,3,9,1,1,1,q_b_proj->rotary_emb,0.259264,short_decode_fixed_launch_interval_dominates,cuda_runtime_in_gap,cuLaunchKernelEx,inside_gap,CUPTI runtime,58473697,58485215,0.114217,0.125735,0.011518
decode,req1_equal_prefix_regular_b4_f512_p512,20260618_110830_prefill_stage1_req1_equal_prefix_regular_b4_f512_p512_b4_fvar512-512-512-512_pvar512-512-512-512_layers5_backend_auto_cg_off_pcg_off_tp1_marker_on_profile_nsys,3,9,1,1,1,q_b_proj->rotary_emb,0.259264,short_decode_fixed_launch_interval_dominates,host_child_marker,rotary_emb.host_start,next_child_host_start,child_timing_json/NVTX,58530238,58530238,0.170758,0.170758,0.0
decode,req1_equal_prefix_regular_b4_f512_p512,20260618_110830_prefill_stage1_req1_equal_prefix_regular_b4_f512_p512_b4_fvar512-512-512-512_pvar512-512-512-512_layers5_backend_auto_cg_off_pcg_off_tp1_marker_on_profile_nsys,3,9,1,1,1,q_b_proj->rotary_emb,0.259264,short_decode_fixed_launch_interval_dominates,nvtx_covering_gap,"{'Module': 'model.model.layers.0.self_attn.rotary_emb', 'Inputs': [[4], [4, 128, 64], [4, 1, 64]]}",covers_or_overlaps_gap,NVTX_EVENTS,58530238,58634759,0.170758,0.275279,0.104521
decode,req1_equal_prefix_regular_b4_f512_p512,20260618_110830_prefill_stage1_req1_equal_prefix_regular_b4_f512_p512_b4_fvar512-512-512-512_pvar512-512-512-512_layers5_backend_auto_cg_off_pcg_off_tp1_marker_on_profile_nsys,3,9,1,1,1,q_b_proj->rotary_emb,0.259264,short_decode_fixed_launch_interval_dominates,cuda_runtime_boundary,cudaLaunchKernel_v7000,next_kernel_launch_runtime,CUPTI runtime correlationId,58594421,58618585,0.234941,0.259105,0.024164
decode,req1_equal_prefix_regular_b4_f512_p512,20260618_110830_prefill_stage1_req1_equal_prefix_regular_b4_f512_p512_b4_fvar512-512-512-512_pvar512-512-512-512_layers5_backend_auto_cg_off_pcg_off_tp1_marker_on_profile_nsys,3,9,1,1,1,q_b_proj->rotary_emb,0.259264,short_decode_fixed_launch_interval_dominates,cuda_runtime_in_gap,cudaLaunchKernel_v7000,inside_gap,CUPTI runtime,58594421,58618585,0.234941,0.259105,0.024164
decode,req1_equal_prefix_regular_b4_f512_p512,20260618_110830_prefill_stage1_req1_equal_prefix_regular_b4_f512_p512_b4_fvar512-512-512-512_pvar512-512-512-512_layers5_backend_auto_cg_off_pcg_off_tp1_marker_on_profile_nsys,3,9,1,1,1,q_b_proj->rotary_emb,0.259264,short_decode_fixed_launch_interval_dominates,gpu_gap_boundary,gap_end_next_kernel_start,gap_end,kernel boundary,58618744,58618744,0.259264,0.259264,0.0
decode,req1_equal_prefix_regular_b4_f512_p512,20260618_110830_prefill_stage1_req1_equal_prefix_regular_b4_f512_p512_b4_fvar512-512-512-512_pvar512-512-512-512_layers5_backend_auto_cg_off_pcg_off_tp1_marker_on_profile_nsys,3,9,1,1,1,q_b_proj->rotary_emb,0.259264,short_decode_fixed_launch_interval_dominates,gpu_kernel_boundary,BatchQKApplyRotaryPosIdsCosSinCacheHeadParallelismKernel,next_kernel,CUPTI kernel,58618744,58620568,0.259264,0.261088,0.001824
decode,req1_equal_prefix_regular_b4_f512_p512,20260618_110830_prefill_stage1_req1_equal_prefix_regular_b4_f512_p512_b4_fvar512-512-512-512_pvar512-512-512-512_layers5_backend_auto_cg_off_pcg_off_tp1_marker_on_profile_nsys,4,10,1,1,1,attn_mqa->o_proj,0.263552,short_decode_fixed_launch_interval_dominates,osrt_overlap_in_gap,epoll_wait,overlaps_gap,OSRT_API,21886559,66128029,-40.535383,3.706087,44.24147
decode,req1_equal_prefix_regular_b4_f512_p512,20260618_110830_prefill_stage1_req1_equal_prefix_regular_b4_f512_p512_b4_fvar512-512-512-512_pvar512-512-512-512_layers5_backend_auto_cg_off_pcg_off_tp1_marker_on_profile_nsys,4,10,1,1,1,attn_mqa->o_proj,0.263552,short_decode_fixed_launch_interval_dominates,osrt_overlap_in_gap,epoll_pwait,overlaps_gap,OSRT_API,24454954,66421583,-37.966988,3.999641,41.966629
decode,req1_equal_prefix_regular_b4_f512_p512,20260618_110830_prefill_stage1_req1_equal_prefix_regular_b4_f512_p512_b4_fvar512-512-512-512_pvar512-512-512-512_layers5_backend_auto_cg_off_pcg_off_tp1_marker_on_profile_nsys,4,10,1,1,1,attn_mqa->o_proj,0.263552,short_decode_fixed_launch_interval_dominates,osrt_overlap_in_gap,epoll_wait,overlaps_gap,OSRT_API,25161597,69296199,-37.260345,6.874257,44.134602
decode,req1_equal_prefix_regular_b4_f512_p512,20260618_110830_prefill_stage1_req1_equal_prefix_regular_b4_f512_p512_b4_fvar512-512-512-512_pvar512-512-512-512_layers5_backend_auto_cg_off_pcg_off_tp1_marker_on_profile_nsys,4,10,1,1,1,attn_mqa->o_proj,0.263552,short_decode_fixed_launch_interval_dominates,nvtx_covering_gap,"{'Module': 'model.model', 'Inputs': [[4], [4]]}",covers_or_overlaps_gap,NVTX_EVENTS,48875711,64330898,-13.546231,1.908956,15.455187
decode,req1_equal_prefix_regular_b4_f512_p512,20260618_110830_prefill_stage1_req1_equal_prefix_regular_b4_f512_p512_b4_fvar512-512-512-512_pvar512-512-512-512_layers5_backend_auto_cg_off_pcg_off_tp1_marker_on_profile_nsys,4,10,1,1,1,attn_mqa->o_proj,0.263552,short_decode_fixed_launch_interval_dominates,osrt_overlap_in_gap,epoll_wait,overlaps_gap,OSRT_API,51449406,65897544,-10.972536,3.475602,14.448138
decode,req1_equal_prefix_regular_b4_f512_p512,20260618_110830_prefill_stage1_req1_equal_prefix_regular_b4_f512_p512_b4_fvar512-512-512-512_pvar512-512-512-512_layers5_backend_auto_cg_off_pcg_off_tp1_marker_on_profile_nsys,4,10,1,1,1,attn_mqa->o_proj,0.263552,short_decode_fixed_launch_interval_dominates,osrt_overlap_in_gap,epoll_wait,overlaps_gap,OSRT_API,52751675,62851201,-9.670267,0.429259,10.099526
decode,req1_equal_prefix_regular_b4_f512_p512,20260618_110830_prefill_stage1_req1_equal_prefix_regular_b4_f512_p512_b4_fvar512-512-512-512_pvar512-512-512-512_layers5_backend_auto_cg_off_pcg_off_tp1_marker_on_profile_nsys,4,10,1,1,1,attn_mqa->o_proj,0.263552,short_decode_fixed_launch_interval_dominates,nvtx_covering_gap,"{'Module': 'model.model.layers.4', 'Inputs': [[4], [4, 7168], [4, 7168]]}",covers_or_overlaps_gap,NVTX_EVENTS,60866655,64211305,-1.555287,1.789363,3.34465
decode,req1_equal_prefix_regular_b4_f512_p512,20260618_110830_prefill_stage1_req1_equal_prefix_regular_b4_f512_p512_b4_fvar512-512-512-512_pvar512-512-512-512_layers5_backend_auto_cg_off_pcg_off_tp1_marker_on_profile_nsys,4,10,1,1,1,attn_mqa->o_proj,0.263552,short_decode_fixed_launch_interval_dominates,nvtx_covering_gap,{'Module': 'model.model.layers.4.self_attn'},covers_or_overlaps_gap,NVTX_EVENTS,60988876,62881279,-1.433066,0.459337,1.892403
decode,req1_equal_prefix_regular_b4_f512_p512,20260618_110830_prefill_stage1_req1_equal_prefix_regular_b4_f512_p512_b4_fvar512-512-512-512_pvar512-512-512-512_layers5_backend_auto_cg_off_pcg_off_tp1_marker_on_profile_nsys,4,10,1,1,1,attn_mqa->o_proj,0.263552,short_decode_fixed_launch_interval_dominates,nvtx_covering_gap,"{'Module': 'model.model.layers.4.self_attn.attn_mqa', 'TrainableParams': {'k_scale': [], 'v_scale': []}, 'Inputs': [[4, 128, 512], [4, 1, 512], [4, 1, 512]]}",covers_or_overlaps_gap,NVTX_EVENTS,62136806,62445811,-0.285136,0.023869,0.309005
decode,req1_equal_prefix_regular_b4_f512_p512,20260618_110830_prefill_stage1_req1_equal_prefix_regular_b4_f512_p512_b4_fvar512-512-512-512_pvar512-512-512-512_layers5_backend_auto_cg_off_pcg_off_tp1_marker_on_profile_nsys,4,10,1,1,1,attn_mqa->o_proj,0.263552,short_decode_fixed_launch_interval_dominates,cuda_runtime_boundary,cudaLaunchKernelExC_v11060,prev_kernel_launch_runtime,CUPTI runtime correlationId,62408110,62415351,-0.013832,-0.006591,0.007241
decode,req1_equal_prefix_regular_b4_f512_p512,20260618_110830_prefill_stage1_req1_equal_prefix_regular_b4_f512_p512_b4_fvar512-512-512-512_pvar512-512-512-512_layers5_backend_auto_cg_off_pcg_off_tp1_marker_on_profile_nsys,4,10,1,1,1,attn_mqa->o_proj,0.263552,short_decode_fixed_launch_interval_dominates,gpu_kernel_boundary,device_kernel,prev_kernel,CUPTI kernel,62417398,62421942,-0.004544,0.0,0.004544
decode,req1_equal_prefix_regular_b4_f512_p512,20260618_110830_prefill_stage1_req1_equal_prefix_regular_b4_f512_p512_b4_fvar512-512-512-512_pvar512-512-512-512_layers5_backend_auto_cg_off_pcg_off_tp1_marker_on_profile_nsys,4,10,1,1,1,attn_mqa->o_proj,0.263552,short_decode_fixed_launch_interval_dominates,gpu_gap_boundary,gap_start_prev_kernel_end,gap_start,kernel boundary,62421942,62421942,0.0,0.0,0.0
decode,req1_equal_prefix_regular_b4_f512_p512,20260618_110830_prefill_stage1_req1_equal_prefix_regular_b4_f512_p512_b4_fvar512-512-512-512_pvar512-512-512-512_layers5_backend_auto_cg_off_pcg_off_tp1_marker_on_profile_nsys,4,10,1,1,1,attn_mqa->o_proj,0.263552,short_decode_fixed_launch_interval_dominates,host_child_marker,attn_mqa.host_end,prev_child_host_end,child_timing_json/NVTX,62445811,62445811,0.023869,0.023869,0.0
decode,req1_equal_prefix_regular_b4_f512_p512,20260618_110830_prefill_stage1_req1_equal_prefix_regular_b4_f512_p512_b4_fvar512-512-512-512_pvar512-512-512-512_layers5_backend_auto_cg_off_pcg_off_tp1_marker_on_profile_nsys,4,10,1,1,1,attn_mqa->o_proj,0.263552,short_decode_fixed_launch_interval_dominates,host_child_marker,o_proj.host_start,next_child_host_start,child_timing_json/NVTX,62579008,62579008,0.157066,0.157066,0.0
decode,req1_equal_prefix_regular_b4_f512_p512,20260618_110830_prefill_stage1_req1_equal_prefix_regular_b4_f512_p512_b4_fvar512-512-512-512_pvar512-512-512-512_layers5_backend_auto_cg_off_pcg_off_tp1_marker_on_profile_nsys,4,10,1,1,1,attn_mqa->o_proj,0.263552,short_decode_fixed_launch_interval_dominates,nvtx_covering_gap,"{'Module': 'model.model.layers.4.self_attn.o_proj', 'TrainableParams': {'weight': [7168, 16384], 'weight_scale_inv': [56, 128]}, 'Inputs': [[4, 16384]]}",covers_or_overlaps_gap,NVTX_EVENTS,62579008,62863762,0.157066,0.44182,0.284754
decode,req1_equal_prefix_regular_b4_f512_p512,20260618_110830_prefill_stage1_req1_equal_prefix_regular_b4_f512_p512_b4_fvar512-512-512-512_pvar512-512-512-512_layers5_backend_auto_cg_off_pcg_off_tp1_marker_on_profile_nsys,4,10,1,1,1,attn_mqa->o_proj,0.263552,short_decode_fixed_launch_interval_dominates,cuda_runtime_boundary,cudaLaunchKernel_v7000,next_kernel_launch_runtime,CUPTI runtime correlationId,62675735,62684189,0.253793,0.262247,0.008454
decode,req1_equal_prefix_regular_b4_f512_p512,20260618_110830_prefill_stage1_req1_equal_prefix_regular_b4_f512_p512_b4_fvar512-512-512-512_pvar512-512-512-512_layers5_backend_auto_cg_off_pcg_off_tp1_marker_on_profile_nsys,4,10,1,1,1,attn_mqa->o_proj,0.263552,short_decode_fixed_launch_interval_dominates,gpu_gap_boundary,gap_end_next_kernel_start,gap_end,kernel boundary,62685494,62685494,0.263552,0.263552,0.0
decode,req1_equal_prefix_regular_b4_f512_p512,20260618_110830_prefill_stage1_req1_equal_prefix_regular_b4_f512_p512_b4_fvar512-512-512-512_pvar512-512-512-512_layers5_backend_auto_cg_off_pcg_off_tp1_marker_on_profile_nsys,4,10,1,1,1,attn_mqa->o_proj,0.263552,short_decode_fixed_launch_interval_dominates,gpu_kernel_boundary,per_token_group_quant_8bit_kernel,next_kernel,CUPTI kernel,62685494,62687382,0.263552,0.26544,0.001888
prefill,req1_equal_fresh_irregular_b1_f4500_p0,20260618_110344_prefill_stage1_req1_equal_fresh_irregular_b1_f4500_p0_b1_fvar4500_pvar0_layers5_backend_auto_cg_off_pcg_off_tp1_marker_on_profile_nsys,0,1,1,1,1,rotary_emb->kv_b_proj,274.305423,host_no_launch_long_prefill_first_layer_gap,osrt_overlap_in_gap,epoll_wait,overlaps_gap,OSRT_API,23574547,1675514292,-1318.471664,333.468081,1651.939745
prefill,req1_equal_fresh_irregular_b1_f4500_p0,20260618_110344_prefill_stage1_req1_equal_fresh_irregular_b1_f4500_p0_b1_fvar4500_pvar0_layers5_backend_auto_cg_off_pcg_off_tp1_marker_on_profile_nsys,0,1,1,1,1,rotary_emb->kv_b_proj,274.305423,host_no_launch_long_prefill_first_layer_gap,osrt_overlap_in_gap,epoll_pwait,overlaps_gap,OSRT_API,23802807,1675699645,-1318.243404,333.653434,1651.896838
prefill,req1_equal_fresh_irregular_b1_f4500_p0,20260618_110344_prefill_stage1_req1_equal_fresh_irregular_b1_f4500_p0_b1_fvar4500_pvar0_layers5_backend_auto_cg_off_pcg_off_tp1_marker_on_profile_nsys,0,1,1,1,1,rotary_emb->kv_b_proj,274.305423,host_no_launch_long_prefill_first_layer_gap,osrt_overlap_in_gap,clock_nanosleep,overlaps_gap,OSRT_API,569205401,1569264409,-772.84081,227.218198,1000.059008
prefill,req1_equal_fresh_irregular_b1_f4500_p0,20260618_110344_prefill_stage1_req1_equal_fresh_irregular_b1_f4500_p0_b1_fvar4500_pvar0_layers5_backend_auto_cg_off_pcg_off_tp1_marker_on_profile_nsys,0,1,1,1,1,rotary_emb->kv_b_proj,274.305423,host_no_launch_long_prefill_first_layer_gap,osrt_overlap_in_gap,epoll_pwait,overlaps_gap,OSRT_API,967259326,1967813633,-374.786885,625.767422,1000.554307
prefill,req1_equal_fresh_irregular_b1_f4500_p0,20260618_110344_prefill_stage1_req1_equal_fresh_irregular_b1_f4500_p0_b1_fvar4500_pvar0_layers5_backend_auto_cg_off_pcg_off_tp1_marker_on_profile_nsys,0,1,1,1,1,rotary_emb->kv_b_proj,274.305423,host_no_launch_long_prefill_first_layer_gap,osrt_overlap_in_gap,pthread_cond_timedwait,overlaps_gap,OSRT_API,967277081,1967628279,-374.76913,625.582068,1000.351198
prefill,req1_equal_fresh_irregular_b1_f4500_p0,20260618_110344_prefill_stage1_req1_equal_fresh_irregular_b1_f4500_p0_b1_fvar4500_pvar0_layers5_backend_auto_cg_off_pcg_off_tp1_marker_on_profile_nsys,0,1,1,1,1,rotary_emb->kv_b_proj,274.305423,host_no_launch_long_prefill_first_layer_gap,nvtx_covering_gap,"{'Module': 'model.model', 'Inputs': [[4500], [4500]]}",covers_or_overlaps_gap,NVTX_EVENTS,1338698863,1646621405,-3.347348,304.575194,307.922542
prefill,req1_equal_fresh_irregular_b1_f4500_p0,20260618_110344_prefill_stage1_req1_equal_fresh_irregular_b1_f4500_p0_b1_fvar4500_pvar0_layers5_backend_auto_cg_off_pcg_off_tp1_marker_on_profile_nsys,0,1,1,1,1,rotary_emb->kv_b_proj,274.305423,host_no_launch_long_prefill_first_layer_gap,nvtx_covering_gap,"{'Module': 'model.model.layers.0', 'Inputs': [[4500], [4500, 7168]]}",covers_or_overlaps_gap,NVTX_EVENTS,1339206485,1620158465,-2.839726,278.112254,280.95198
prefill,req1_equal_fresh_irregular_b1_f4500_p0,20260618_110344_prefill_stage1_req1_equal_fresh_irregular_b1_f4500_p0_b1_fvar4500_pvar0_layers5_backend_auto_cg_off_pcg_off_tp1_marker_on_profile_nsys,0,1,1,1,1,rotary_emb->kv_b_proj,274.305423,host_no_launch_long_prefill_first_layer_gap,nvtx_covering_gap,{'Module': 'model.model.layers.0.self_attn'},covers_or_overlaps_gap,NVTX_EVENTS,1339495827,1618422166,-2.550384,276.375955,278.926339
prefill,req1_equal_fresh_irregular_b1_f4500_p0,20260618_110344_prefill_stage1_req1_equal_fresh_irregular_b1_f4500_p0_b1_fvar4500_pvar0_layers5_backend_auto_cg_off_pcg_off_tp1_marker_on_profile_nsys,0,1,1,1,1,rotary_emb->kv_b_proj,274.305423,host_no_launch_long_prefill_first_layer_gap,cuda_runtime_boundary,cudaLaunchKernel_v7000,prev_kernel_launch_runtime,CUPTI runtime correlationId,1341969793,1341990366,-0.076418,-0.055845,0.020573
prefill,req1_equal_fresh_irregular_b1_f4500_p0,20260618_110344_prefill_stage1_req1_equal_fresh_irregular_b1_f4500_p0_b1_fvar4500_pvar0_layers5_backend_auto_cg_off_pcg_off_tp1_marker_on_profile_nsys,0,1,1,1,1,rotary_emb->kv_b_proj,274.305423,host_no_launch_long_prefill_first_layer_gap,gpu_kernel_boundary,BatchQKApplyRotaryPosIdsCosSinCacheHeadParallelismKernel,prev_kernel,CUPTI kernel,1341987907,1342046211,-0.058304,0.0,0.058304
prefill,req1_equal_fresh_irregular_b1_f4500_p0,20260618_110344_prefill_stage1_req1_equal_fresh_irregular_b1_f4500_p0_b1_fvar4500_pvar0_layers5_backend_auto_cg_off_pcg_off_tp1_marker_on_profile_nsys,0,1,1,1,1,rotary_emb->kv_b_proj,274.305423,host_no_launch_long_prefill_first_layer_gap,host_child_marker,rotary_emb.host_end,prev_child_host_end,child_timing_json/NVTX,1342021171,1342021171,-0.02504,-0.02504,0.0
prefill,req1_equal_fresh_irregular_b1_f4500_p0,20260618_110344_prefill_stage1_req1_equal_fresh_irregular_b1_f4500_p0_b1_fvar4500_pvar0_layers5_backend_auto_cg_off_pcg_off_tp1_marker_on_profile_nsys,0,1,1,1,1,rotary_emb->kv_b_proj,274.305423,host_no_launch_long_prefill_first_layer_gap,gpu_gap_boundary,gap_start_prev_kernel_end,gap_start,kernel boundary,1342046211,1342046211,0.0,0.0,0.0
prefill,req1_equal_fresh_irregular_b1_f4500_p0,20260618_110344_prefill_stage1_req1_equal_fresh_irregular_b1_f4500_p0_b1_fvar4500_pvar0_layers5_backend_auto_cg_off_pcg_off_tp1_marker_on_profile_nsys,0,1,1,1,1,rotary_emb->kv_b_proj,274.305423,host_no_launch_long_prefill_first_layer_gap,profiler_overhead_in_gap,TLS allocation,inside_gap,PROFILER_OVERHEAD,1395241506,1395812281,53.195295,53.76607,0.570775
prefill,req1_equal_fresh_irregular_b1_f4500_p0,20260618_110344_prefill_stage1_req1_equal_fresh_irregular_b1_f4500_p0_b1_fvar4500_pvar0_layers5_backend_auto_cg_off_pcg_off_tp1_marker_on_profile_nsys,0,1,1,1,1,rotary_emb->kv_b_proj,274.305423,host_no_launch_long_prefill_first_layer_gap,profiler_overhead_in_gap,TLS allocation,inside_gap,PROFILER_OVERHEAD,1433716780,1434191707,91.670569,92.145496,0.474927
prefill,req1_equal_fresh_irregular_b1_f4500_p0,20260618_110344_prefill_stage1_req1_equal_fresh_irregular_b1_f4500_p0_b1_fvar4500_pvar0_layers5_backend_auto_cg_off_pcg_off_tp1_marker_on_profile_nsys,0,1,1,1,1,rotary_emb->kv_b_proj,274.305423,host_no_launch_long_prefill_first_layer_gap,profiler_overhead_in_gap,TLS allocation,inside_gap,PROFILER_OVERHEAD,1433722206,1434371513,91.675995,92.325302,0.649307
prefill,req1_equal_fresh_irregular_b1_f4500_p0,20260618_110344_prefill_stage1_req1_equal_fresh_irregular_b1_f4500_p0_b1_fvar4500_pvar0_layers5_backend_auto_cg_off_pcg_off_tp1_marker_on_profile_nsys,0,1,1,1,1,rotary_emb->kv_b_proj,274.305423,host_no_launch_long_prefill_first_layer_gap,profiler_overhead_in_gap,OS runtime libraries profiling initialization,inside_gap,PROFILER_OVERHEAD,1436401900,1441765606,94.355689,99.719395,5.363706
prefill,req1_equal_fresh_irregular_b1_f4500_p0,20260618_110344_prefill_stage1_req1_equal_fresh_irregular_b1_f4500_p0_b1_fvar4500_pvar0_layers5_backend_auto_cg_off_pcg_off_tp1_marker_on_profile_nsys,0,1,1,1,1,rotary_emb->kv_b_proj,274.305423,host_no_launch_long_prefill_first_layer_gap,profiler_overhead_in_gap,TLS allocation,inside_gap,PROFILER_OVERHEAD,1569339799,1570009657,227.293588,227.963446,0.669858
prefill,req1_equal_fresh_irregular_b1_f4500_p0,20260618_110344_prefill_stage1_req1_equal_fresh_irregular_b1_f4500_p0_b1_fvar4500_pvar0_layers5_backend_auto_cg_off_pcg_off_tp1_marker_on_profile_nsys,0,1,1,1,1,rotary_emb->kv_b_proj,274.305423,host_no_launch_long_prefill_first_layer_gap,cuda_runtime_in_gap,cuModuleLoadData,inside_gap,CUPTI runtime,1615244632,1615407743,273.198421,273.361532,0.163111
prefill,req1_equal_fresh_irregular_b1_f4500_p0,20260618_110344_prefill_stage1_req1_equal_fresh_irregular_b1_f4500_p0_b1_fvar4500_pvar0_layers5_backend_auto_cg_off_pcg_off_tp1_marker_on_profile_nsys,0,1,1,1,1,rotary_emb->kv_b_proj,274.305423,host_no_launch_long_prefill_first_layer_gap,cuda_runtime_in_gap,cuLaunchKernelEx,inside_gap,CUPTI runtime,1615634602,1615688916,273.588391,273.642705,0.054314
prefill,req1_equal_fresh_irregular_b1_f4500_p0,20260618_110344_prefill_stage1_req1_equal_fresh_irregular_b1_f4500_p0_b1_fvar4500_pvar0_layers5_backend_auto_cg_off_pcg_off_tp1_marker_on_profile_nsys,0,1,1,1,1,rotary_emb->kv_b_proj,274.305423,host_no_launch_long_prefill_first_layer_gap,host_child_marker,kv_b_proj.host_start,next_child_host_start,child_timing_json/NVTX,1615896273,1615896273,273.850062,273.850062,0.0
prefill,req1_equal_fresh_irregular_b1_f4500_p0,20260618_110344_prefill_stage1_req1_equal_fresh_irregular_b1_f4500_p0_b1_fvar4500_pvar0_layers5_backend_auto_cg_off_pcg_off_tp1_marker_on_profile_nsys,0,1,1,1,1,rotary_emb->kv_b_proj,274.305423,host_no_launch_long_prefill_first_layer_gap,nvtx_covering_gap,"{'Module': 'model.model.layers.0.self_attn.kv_b_proj', 'TrainableParams': {'weight': [32768, 512], 'weight_scale_inv': [256, 4]}, 'Inputs': [[4500, 512]]}",covers_or_overlaps_gap,NVTX_EVENTS,1615896273,1616927862,273.850062,274.881651,1.031589
prefill,req1_equal_fresh_irregular_b1_f4500_p0,20260618_110344_prefill_stage1_req1_equal_fresh_irregular_b1_f4500_p0_b1_fvar4500_pvar0_layers5_backend_auto_cg_off_pcg_off_tp1_marker_on_profile_nsys,0,1,1,1,1,rotary_emb->kv_b_proj,274.305423,host_no_launch_long_prefill_first_layer_gap,cuda_runtime_boundary,cudaLaunchKernel_v7000,next_kernel_launch_runtime,CUPTI runtime correlationId,1616317769,1616356375,274.271558,274.310164,0.038606
prefill,req1_equal_fresh_irregular_b1_f4500_p0,20260618_110344_prefill_stage1_req1_equal_fresh_irregular_b1_f4500_p0_b1_fvar4500_pvar0_layers5_backend_auto_cg_off_pcg_off_tp1_marker_on_profile_nsys,0,1,1,1,1,rotary_emb->kv_b_proj,274.305423,host_no_launch_long_prefill_first_layer_gap,cuda_runtime_in_gap,cudaLaunchKernel_v7000,inside_gap,CUPTI runtime,1616317769,1616356375,274.271558,274.310164,0.038606
prefill,req1_equal_fresh_irregular_b1_f4500_p0,20260618_110344_prefill_stage1_req1_equal_fresh_irregular_b1_f4500_p0_b1_fvar4500_pvar0_layers5_backend_auto_cg_off_pcg_off_tp1_marker_on_profile_nsys,0,1,1,1,1,rotary_emb->kv_b_proj,274.305423,host_no_launch_long_prefill_first_layer_gap,gpu_gap_boundary,gap_end_next_kernel_start,gap_end,kernel boundary,1616351634,1616351634,274.305423,274.305423,0.0
prefill,req1_equal_fresh_irregular_b1_f4500_p0,20260618_110344_prefill_stage1_req1_equal_fresh_irregular_b1_f4500_p0_b1_fvar4500_pvar0_layers5_backend_auto_cg_off_pcg_off_tp1_marker_on_profile_nsys,0,1,1,1,1,rotary_emb->kv_b_proj,274.305423,host_no_launch_long_prefill_first_layer_gap,gpu_kernel_boundary,per_token_group_quant_8bit_kernel,next_kernel,CUPTI kernel,1616351634,1616355602,274.305423,274.309391,0.003968
prefill,req1_equal_fresh_irregular_b1_f6000_p0,20260618_110607_prefill_stage1_req1_equal_fresh_irregular_b1_f6000_p0_b1_fvar6000_pvar0_layers5_backend_auto_cg_off_pcg_off_tp1_marker_on_profile_nsys,0,1,1,1,1,rotary_emb->kv_b_proj,283.860699,host_no_launch_long_prefill_first_layer_gap,osrt_overlap_in_gap,epoll_wait,overlaps_gap,OSRT_API,23609352,1643819768,-1276.875918,343.334498,1620.210416
prefill,req1_equal_fresh_irregular_b1_f6000_p0,20260618_110607_prefill_stage1_req1_equal_fresh_irregular_b1_f6000_p0_b1_fvar6000_pvar0_layers5_backend_auto_cg_off_pcg_off_tp1_marker_on_profile_nsys,0,1,1,1,1,rotary_emb->kv_b_proj,283.860699,host_no_launch_long_prefill_first_layer_gap,osrt_overlap_in_gap,epoll_pwait,overlaps_gap,OSRT_API,158761888,1640429344,-1141.723382,339.944074,1481.667456
prefill,req1_equal_fresh_irregular_b1_f6000_p0,20260618_110607_prefill_stage1_req1_equal_fresh_irregular_b1_f6000_p0_b1_fvar6000_pvar0_layers5_backend_auto_cg_off_pcg_off_tp1_marker_on_profile_nsys,0,1,1,1,1,rotary_emb->kv_b_proj,283.860699,host_no_launch_long_prefill_first_layer_gap,osrt_overlap_in_gap,epoll_pwait,overlaps_gap,OSRT_API,931109819,1931627284,-369.375451,631.142014,1000.517465
prefill,req1_equal_fresh_irregular_b1_f6000_p0,20260618_110607_prefill_stage1_req1_equal_fresh_irregular_b1_f6000_p0_b1_fvar6000_pvar0_layers5_backend_auto_cg_off_pcg_off_tp1_marker_on_profile_nsys,0,1,1,1,1,rotary_emb->kv_b_proj,283.860699,host_no_launch_long_prefill_first_layer_gap,osrt_overlap_in_gap,pthread_cond_timedwait,overlaps_gap,OSRT_API,931274337,1931381895,-369.210933,630.896625,1000.107558
prefill,req1_equal_fresh_irregular_b1_f6000_p0,20260618_110607_prefill_stage1_req1_equal_fresh_irregular_b1_f6000_p0_b1_fvar6000_pvar0_layers5_backend_auto_cg_off_pcg_off_tp1_marker_on_profile_nsys,0,1,1,1,1,rotary_emb->kv_b_proj,283.860699,host_no_launch_long_prefill_first_layer_gap,osrt_overlap_in_gap,clock_nanosleep,overlaps_gap,OSRT_API,1195747618,2195886585,-104.737652,895.401315,1000.138967
prefill,req1_equal_fresh_irregular_b1_f6000_p0,20260618_110607_prefill_stage1_req1_equal_fresh_irregular_b1_f6000_p0_b1_fvar6000_pvar0_layers5_backend_auto_cg_off_pcg_off_tp1_marker_on_profile_nsys,0,1,1,1,1,rotary_emb->kv_b_proj,283.860699,host_no_launch_long_prefill_first_layer_gap,nvtx_covering_gap,"{'Module': 'model.model', 'Inputs': [[6000], [6000]]}",covers_or_overlaps_gap,NVTX_EVENTS,1297832950,1612316268,-2.65232,311.830998,314.483318
prefill,req1_equal_fresh_irregular_b1_f6000_p0,20260618_110607_prefill_stage1_req1_equal_fresh_irregular_b1_f6000_p0_b1_fvar6000_pvar0_layers5_backend_auto_cg_off_pcg_off_tp1_marker_on_profile_nsys,0,1,1,1,1,rotary_emb->kv_b_proj,283.860699,host_no_launch_long_prefill_first_layer_gap,nvtx_covering_gap,"{'Module': 'model.model.layers.0', 'Inputs': [[6000], [6000, 7168]]}",covers_or_overlaps_gap,NVTX_EVENTS,1298031248,1587979466,-2.454022,287.494196,289.948218
prefill,req1_equal_fresh_irregular_b1_f6000_p0,20260618_110607_prefill_stage1_req1_equal_fresh_irregular_b1_f6000_p0_b1_fvar6000_pvar0_layers5_backend_auto_cg_off_pcg_off_tp1_marker_on_profile_nsys,0,1,1,1,1,rotary_emb->kv_b_proj,283.860699,host_no_launch_long_prefill_first_layer_gap,nvtx_covering_gap,{'Module': 'model.model.layers.0.self_attn'},covers_or_overlaps_gap,NVTX_EVENTS,1298152119,1586318985,-2.333151,285.833715,288.166866
prefill,req1_equal_fresh_irregular_b1_f6000_p0,20260618_110607_prefill_stage1_req1_equal_fresh_irregular_b1_f6000_p0_b1_fvar6000_pvar0_layers5_backend_auto_cg_off_pcg_off_tp1_marker_on_profile_nsys,0,1,1,1,1,rotary_emb->kv_b_proj,283.860699,host_no_launch_long_prefill_first_layer_gap,cuda_runtime_boundary,cudaLaunchKernel_v7000,prev_kernel_launch_runtime,CUPTI runtime correlationId,1300388056,1300409767,-0.097214,-0.075503,0.021711
prefill,req1_equal_fresh_irregular_b1_f6000_p0,20260618_110607_prefill_stage1_req1_equal_fresh_irregular_b1_f6000_p0_b1_fvar6000_pvar0_layers5_backend_auto_cg_off_pcg_off_tp1_marker_on_profile_nsys,0,1,1,1,1,rotary_emb->kv_b_proj,283.860699,host_no_launch_long_prefill_first_layer_gap,gpu_kernel_boundary,BatchQKApplyRotaryPosIdsCosSinCacheHeadParallelismKernel,prev_kernel,CUPTI kernel,1300406998,1300485270,-0.078272,0.0,0.078272
prefill,req1_equal_fresh_irregular_b1_f6000_p0,20260618_110607_prefill_stage1_req1_equal_fresh_irregular_b1_f6000_p0_b1_fvar6000_pvar0_layers5_backend_auto_cg_off_pcg_off_tp1_marker_on_profile_nsys,0,1,1,1,1,rotary_emb->kv_b_proj,283.860699,host_no_launch_long_prefill_first_layer_gap,host_child_marker,rotary_emb.host_end,prev_child_host_end,child_timing_json/NVTX,1300443858,1300443858,-0.041412,-0.041412,0.0
prefill,req1_equal_fresh_irregular_b1_f6000_p0,20260618_110607_prefill_stage1_req1_equal_fresh_irregular_b1_f6000_p0_b1_fvar6000_pvar0_layers5_backend_auto_cg_off_pcg_off_tp1_marker_on_profile_nsys,0,1,1,1,1,rotary_emb->kv_b_proj,283.860699,host_no_launch_long_prefill_first_layer_gap,gpu_gap_boundary,gap_start_prev_kernel_end,gap_start,kernel boundary,1300485270,1300485270,0.0,0.0,0.0
prefill,req1_equal_fresh_irregular_b1_f6000_p0,20260618_110607_prefill_stage1_req1_equal_fresh_irregular_b1_f6000_p0_b1_fvar6000_pvar0_layers5_backend_auto_cg_off_pcg_off_tp1_marker_on_profile_nsys,0,1,1,1,1,rotary_emb->kv_b_proj,283.860699,host_no_launch_long_prefill_first_layer_gap,profiler_overhead_in_gap,TLS allocation,inside_gap,PROFILER_OVERHEAD,1377505450,1378147053,77.02018,77.661783,0.641603
prefill,req1_equal_fresh_irregular_b1_f6000_p0,20260618_110607_prefill_stage1_req1_equal_fresh_irregular_b1_f6000_p0_b1_fvar6000_pvar0_layers5_backend_auto_cg_off_pcg_off_tp1_marker_on_profile_nsys,0,1,1,1,1,rotary_emb->kv_b_proj,283.860699,host_no_launch_long_prefill_first_layer_gap,profiler_overhead_in_gap,TLS allocation,inside_gap,PROFILER_OVERHEAD,1393899643,1394732477,93.414373,94.247207,0.832834
prefill,req1_equal_fresh_irregular_b1_f6000_p0,20260618_110607_prefill_stage1_req1_equal_fresh_irregular_b1_f6000_p0_b1_fvar6000_pvar0_layers5_backend_auto_cg_off_pcg_off_tp1_marker_on_profile_nsys,0,1,1,1,1,rotary_emb->kv_b_proj,283.860699,host_no_launch_long_prefill_first_layer_gap,profiler_overhead_in_gap,TLS allocation,inside_gap,PROFILER_OVERHEAD,1393903694,1394965552,93.418424,94.480282,1.061858
prefill,req1_equal_fresh_irregular_b1_f6000_p0,20260618_110607_prefill_stage1_req1_equal_fresh_irregular_b1_f6000_p0_b1_fvar6000_pvar0_layers5_backend_auto_cg_off_pcg_off_tp1_marker_on_profile_nsys,0,1,1,1,1,rotary_emb->kv_b_proj,283.860699,host_no_launch_long_prefill_first_layer_gap,profiler_overhead_in_gap,OS runtime libraries profiling initialization,inside_gap,PROFILER_OVERHEAD,1396504932,1402056115,96.019662,101.570845,5.551183
prefill,req1_equal_fresh_irregular_b1_f6000_p0,20260618_110607_prefill_stage1_req1_equal_fresh_irregular_b1_f6000_p0_b1_fvar6000_pvar0_layers5_backend_auto_cg_off_pcg_off_tp1_marker_on_profile_nsys,0,1,1,1,1,rotary_emb->kv_b_proj,283.860699,host_no_launch_long_prefill_first_layer_gap,profiler_overhead_in_gap,In-process plugins initialization,inside_gap,PROFILER_OVERHEAD,1402120091,1402891859,101.634821,102.406589,0.771768
prefill,req1_equal_fresh_irregular_b1_f6000_p0,20260618_110607_prefill_stage1_req1_equal_fresh_irregular_b1_f6000_p0_b1_fvar6000_pvar0_layers5_backend_auto_cg_off_pcg_off_tp1_marker_on_profile_nsys,0,1,1,1,1,rotary_emb->kv_b_proj,283.860699,host_no_launch_long_prefill_first_layer_gap,cuda_runtime_in_gap,cuModuleLoadData,inside_gap,CUPTI runtime,1583193107,1583373495,282.707837,282.888225,0.180388
prefill,req1_equal_fresh_irregular_b1_f6000_p0,20260618_110607_prefill_stage1_req1_equal_fresh_irregular_b1_f6000_p0_b1_fvar6000_pvar0_layers5_backend_auto_cg_off_pcg_off_tp1_marker_on_profile_nsys,0,1,1,1,1,rotary_emb->kv_b_proj,283.860699,host_no_launch_long_prefill_first_layer_gap,cuda_runtime_in_gap,cuLaunchKernelEx,inside_gap,CUPTI runtime,1583612960,1583677818,283.12769,283.192548,0.064858
prefill,req1_equal_fresh_irregular_b1_f6000_p0,20260618_110607_prefill_stage1_req1_equal_fresh_irregular_b1_f6000_p0_b1_fvar6000_pvar0_layers5_backend_auto_cg_off_pcg_off_tp1_marker_on_profile_nsys,0,1,1,1,1,rotary_emb->kv_b_proj,283.860699,host_no_launch_long_prefill_first_layer_gap,host_child_marker,kv_b_proj.host_start,next_child_host_start,child_timing_json/NVTX,1583887006,1583887006,283.401736,283.401736,0.0
prefill,req1_equal_fresh_irregular_b1_f6000_p0,20260618_110607_prefill_stage1_req1_equal_fresh_irregular_b1_f6000_p0_b1_fvar6000_pvar0_layers5_backend_auto_cg_off_pcg_off_tp1_marker_on_profile_nsys,0,1,1,1,1,rotary_emb->kv_b_proj,283.860699,host_no_launch_long_prefill_first_layer_gap,nvtx_covering_gap,"{'Module': 'model.model.layers.0.self_attn.kv_b_proj', 'TrainableParams': {'weight': [32768, 512], 'weight_scale_inv': [256, 4]}, 'Inputs': [[6000, 512]]}",covers_or_overlaps_gap,NVTX_EVENTS,1583887006,1584902870,283.401736,284.4176,1.015864
prefill,req1_equal_fresh_irregular_b1_f6000_p0,20260618_110607_prefill_stage1_req1_equal_fresh_irregular_b1_f6000_p0_b1_fvar6000_pvar0_layers5_backend_auto_cg_off_pcg_off_tp1_marker_on_profile_nsys,0,1,1,1,1,rotary_emb->kv_b_proj,283.860699,host_no_launch_long_prefill_first_layer_gap,cuda_runtime_boundary,cudaLaunchKernel_v7000,next_kernel_launch_runtime,CUPTI runtime correlationId,1584312972,1584350376,283.827702,283.865106,0.037404
prefill,req1_equal_fresh_irregular_b1_f6000_p0,20260618_110607_prefill_stage1_req1_equal_fresh_irregular_b1_f6000_p0_b1_fvar6000_pvar0_layers5_backend_auto_cg_off_pcg_off_tp1_marker_on_profile_nsys,0,1,1,1,1,rotary_emb->kv_b_proj,283.860699,host_no_launch_long_prefill_first_layer_gap,cuda_runtime_in_gap,cudaLaunchKernel_v7000,inside_gap,CUPTI runtime,1584312972,1584350376,283.827702,283.865106,0.037404
prefill,req1_equal_fresh_irregular_b1_f6000_p0,20260618_110607_prefill_stage1_req1_equal_fresh_irregular_b1_f6000_p0_b1_fvar6000_pvar0_layers5_backend_auto_cg_off_pcg_off_tp1_marker_on_profile_nsys,0,1,1,1,1,rotary_emb->kv_b_proj,283.860699,host_no_launch_long_prefill_first_layer_gap,gpu_gap_boundary,gap_end_next_kernel_start,gap_end,kernel boundary,1584345969,1584345969,283.860699,283.860699,0.0
prefill,req1_equal_fresh_irregular_b1_f6000_p0,20260618_110607_prefill_stage1_req1_equal_fresh_irregular_b1_f6000_p0_b1_fvar6000_pvar0_layers5_backend_auto_cg_off_pcg_off_tp1_marker_on_profile_nsys,0,1,1,1,1,rotary_emb->kv_b_proj,283.860699,host_no_launch_long_prefill_first_layer_gap,gpu_kernel_boundary,per_token_group_quant_8bit_kernel,next_kernel,CUPTI kernel,1584345969,1584350641,283.860699,283.865371,0.004672
prefill,req1_equal_fresh_regular_b1_f8192_p0,20260618_105655_prefill_stage1_req1_equal_fresh_regular_b1_f8192_p0_b1_fvar8192_pvar0_layers5_backend_auto_cg_off_pcg_off_tp1_marker_on_profile_nsys,0,1,1,1,1,rotary_emb->kv_b_proj,252.020752,host_no_launch_long_prefill_first_layer_gap,osrt_overlap_in_gap,epoll_wait,overlaps_gap,OSRT_API,23354021,1752253731,-1409.331288,319.568422,1728.89971
prefill,req1_equal_fresh_regular_b1_f8192_p0,20260618_105655_prefill_stage1_req1_equal_fresh_regular_b1_f8192_p0_b1_fvar8192_pvar0_layers5_backend_auto_cg_off_pcg_off_tp1_marker_on_profile_nsys,0,1,1,1,1,rotary_emb->kv_b_proj,252.020752,host_no_launch_long_prefill_first_layer_gap,osrt_overlap_in_gap,epoll_pwait,overlaps_gap,OSRT_API,23377984,1752476986,-1409.307325,319.791677,1729.099002
prefill,req1_equal_fresh_regular_b1_f8192_p0,20260618_105655_prefill_stage1_req1_equal_fresh_regular_b1_f8192_p0_b1_fvar8192_pvar0_layers5_backend_auto_cg_off_pcg_off_tp1_marker_on_profile_nsys,0,1,1,1,1,rotary_emb->kv_b_proj,252.020752,host_no_launch_long_prefill_first_layer_gap,osrt_overlap_in_gap,epoll_wait,overlaps_gap,OSRT_API,24516997,1755271913,-1408.168312,322.586604,1730.754916
prefill,req1_equal_fresh_regular_b1_f8192_p0,20260618_105655_prefill_stage1_req1_equal_fresh_regular_b1_f8192_p0_b1_fvar8192_pvar0_layers5_backend_auto_cg_off_pcg_off_tp1_marker_on_profile_nsys,0,1,1,1,1,rotary_emb->kv_b_proj,252.020752,host_no_launch_long_prefill_first_layer_gap,osrt_overlap_in_gap,clock_nanosleep,overlaps_gap,OSRT_API,782930488,1783000647,-649.754821,350.315338,1000.070159
prefill,req1_equal_fresh_regular_b1_f8192_p0,20260618_105655_prefill_stage1_req1_equal_fresh_regular_b1_f8192_p0_b1_fvar8192_pvar0_layers5_backend_auto_cg_off_pcg_off_tp1_marker_on_profile_nsys,0,1,1,1,1,rotary_emb->kv_b_proj,252.020752,host_no_launch_long_prefill_first_layer_gap,osrt_overlap_in_gap,epoll_pwait,overlaps_gap,OSRT_API,1323382596,2323682092,-109.302713,890.996783,1000.299496
prefill,req1_equal_fresh_regular_b1_f8192_p0,20260618_105655_prefill_stage1_req1_equal_fresh_regular_b1_f8192_p0_b1_fvar8192_pvar0_layers5_backend_auto_cg_off_pcg_off_tp1_marker_on_profile_nsys,0,1,1,1,1,rotary_emb->kv_b_proj,252.020752,host_no_launch_long_prefill_first_layer_gap,nvtx_covering_gap,"{'Module': 'model.model', 'Inputs': [[8192], [8192]]}",covers_or_overlaps_gap,NVTX_EVENTS,1430151805,1709550621,-2.533504,276.865312,279.398816
prefill,req1_equal_fresh_regular_b1_f8192_p0,20260618_105655_prefill_stage1_req1_equal_fresh_regular_b1_f8192_p0_b1_fvar8192_pvar0_layers5_backend_auto_cg_off_pcg_off_tp1_marker_on_profile_nsys,0,1,1,1,1,rotary_emb->kv_b_proj,252.020752,host_no_launch_long_prefill_first_layer_gap,nvtx_covering_gap,"{'Module': 'model.model.layers.0', 'Inputs': [[8192], [8192, 7168]]}",covers_or_overlaps_gap,NVTX_EVENTS,1430627750,1687772642,-2.057559,255.087333,257.144892
prefill,req1_equal_fresh_regular_b1_f8192_p0,20260618_105655_prefill_stage1_req1_equal_fresh_regular_b1_f8192_p0_b1_fvar8192_pvar0_layers5_backend_auto_cg_off_pcg_off_tp1_marker_on_profile_nsys,0,1,1,1,1,rotary_emb->kv_b_proj,252.020752,host_no_launch_long_prefill_first_layer_gap,nvtx_covering_gap,{'Module': 'model.model.layers.0.self_attn'},covers_or_overlaps_gap,NVTX_EVENTS,1430911895,1686401117,-1.773414,253.715808,255.489222
prefill,req1_equal_fresh_regular_b1_f8192_p0,20260618_105655_prefill_stage1_req1_equal_fresh_regular_b1_f8192_p0_b1_fvar8192_pvar0_layers5_backend_auto_cg_off_pcg_off_tp1_marker_on_profile_nsys,0,1,1,1,1,rotary_emb->kv_b_proj,252.020752,host_no_launch_long_prefill_first_layer_gap,cuda_runtime_boundary,cudaLaunchKernel_v7000,prev_kernel_launch_runtime,CUPTI runtime correlationId,1432306729,1432313372,-0.37858,-0.371937,0.006643
prefill,req1_equal_fresh_regular_b1_f8192_p0,20260618_105655_prefill_stage1_req1_equal_fresh_regular_b1_f8192_p0_b1_fvar8192_pvar0_layers5_backend_auto_cg_off_pcg_off_tp1_marker_on_profile_nsys,0,1,1,1,1,rotary_emb->kv_b_proj,252.020752,host_no_launch_long_prefill_first_layer_gap,host_child_marker,rotary_emb.host_end,prev_child_host_end,child_timing_json/NVTX,1432323003,1432323003,-0.362306,-0.362306,0.0
prefill,req1_equal_fresh_regular_b1_f8192_p0,20260618_105655_prefill_stage1_req1_equal_fresh_regular_b1_f8192_p0_b1_fvar8192_pvar0_layers5_backend_auto_cg_off_pcg_off_tp1_marker_on_profile_nsys,0,1,1,1,1,rotary_emb->kv_b_proj,252.020752,host_no_launch_long_prefill_first_layer_gap,gpu_kernel_boundary,BatchQKApplyRotaryPosIdsCosSinCacheHeadParallelismKernel,prev_kernel,CUPTI kernel,1432578781,1432685309,-0.106528,0.0,0.106528
prefill,req1_equal_fresh_regular_b1_f8192_p0,20260618_105655_prefill_stage1_req1_equal_fresh_regular_b1_f8192_p0_b1_fvar8192_pvar0_layers5_backend_auto_cg_off_pcg_off_tp1_marker_on_profile_nsys,0,1,1,1,1,rotary_emb->kv_b_proj,252.020752,host_no_launch_long_prefill_first_layer_gap,gpu_gap_boundary,gap_start_prev_kernel_end,gap_start,kernel boundary,1432685309,1432685309,0.0,0.0,0.0
prefill,req1_equal_fresh_regular_b1_f8192_p0,20260618_105655_prefill_stage1_req1_equal_fresh_regular_b1_f8192_p0_b1_fvar8192_pvar0_layers5_backend_auto_cg_off_pcg_off_tp1_marker_on_profile_nsys,0,1,1,1,1,rotary_emb->kv_b_proj,252.020752,host_no_launch_long_prefill_first_layer_gap,profiler_overhead_in_gap,TLS allocation,inside_gap,PROFILER_OVERHEAD,1468083669,1468703239,35.39836,36.01793,0.61957
prefill,req1_equal_fresh_regular_b1_f8192_p0,20260618_105655_prefill_stage1_req1_equal_fresh_regular_b1_f8192_p0_b1_fvar8192_pvar0_layers5_backend_auto_cg_off_pcg_off_tp1_marker_on_profile_nsys,0,1,1,1,1,rotary_emb->kv_b_proj,252.020752,host_no_launch_long_prefill_first_layer_gap,profiler_overhead_in_gap,TLS allocation,inside_gap,PROFILER_OVERHEAD,1468534063,1469018828,35.848754,36.333519,0.484765
prefill,req1_equal_fresh_regular_b1_f8192_p0,20260618_105655_prefill_stage1_req1_equal_fresh_regular_b1_f8192_p0_b1_fvar8192_pvar0_layers5_backend_auto_cg_off_pcg_off_tp1_marker_on_profile_nsys,0,1,1,1,1,rotary_emb->kv_b_proj,252.020752,host_no_launch_long_prefill_first_layer_gap,profiler_overhead_in_gap,TLS allocation,inside_gap,PROFILER_OVERHEAD,1506329070,1506708433,73.643761,74.023124,0.379363
prefill,req1_equal_fresh_regular_b1_f8192_p0,20260618_105655_prefill_stage1_req1_equal_fresh_regular_b1_f8192_p0_b1_fvar8192_pvar0_layers5_backend_auto_cg_off_pcg_off_tp1_marker_on_profile_nsys,0,1,1,1,1,rotary_emb->kv_b_proj,252.020752,host_no_launch_long_prefill_first_layer_gap,profiler_overhead_in_gap,TLS allocation,inside_gap,PROFILER_OVERHEAD,1506337281,1506913482,73.651972,74.228173,0.576201
prefill,req1_equal_fresh_regular_b1_f8192_p0,20260618_105655_prefill_stage1_req1_equal_fresh_regular_b1_f8192_p0_b1_fvar8192_pvar0_layers5_backend_auto_cg_off_pcg_off_tp1_marker_on_profile_nsys,0,1,1,1,1,rotary_emb->kv_b_proj,252.020752,host_no_launch_long_prefill_first_layer_gap,profiler_overhead_in_gap,OS runtime libraries profiling initialization,inside_gap,PROFILER_OVERHEAD,1508945289,1514167388,76.25998,81.482079,5.222099
prefill,req1_equal_fresh_regular_b1_f8192_p0,20260618_105655_prefill_stage1_req1_equal_fresh_regular_b1_f8192_p0_b1_fvar8192_pvar0_layers5_backend_auto_cg_off_pcg_off_tp1_marker_on_profile_nsys,0,1,1,1,1,rotary_emb->kv_b_proj,252.020752,host_no_launch_long_prefill_first_layer_gap,cuda_runtime_in_gap,cuModuleLoadData,inside_gap,CUPTI runtime,1683745643,1683887487,251.060334,251.202178,0.141844
prefill,req1_equal_fresh_regular_b1_f8192_p0,20260618_105655_prefill_stage1_req1_equal_fresh_regular_b1_f8192_p0_b1_fvar8192_pvar0_layers5_backend_auto_cg_off_pcg_off_tp1_marker_on_profile_nsys,0,1,1,1,1,rotary_emb->kv_b_proj,252.020752,host_no_launch_long_prefill_first_layer_gap,cuda_runtime_in_gap,cuLaunchKernelEx,inside_gap,CUPTI runtime,1684087638,1684136824,251.402329,251.451515,0.049186
prefill,req1_equal_fresh_regular_b1_f8192_p0,20260618_105655_prefill_stage1_req1_equal_fresh_regular_b1_f8192_p0_b1_fvar8192_pvar0_layers5_backend_auto_cg_off_pcg_off_tp1_marker_on_profile_nsys,0,1,1,1,1,rotary_emb->kv_b_proj,252.020752,host_no_launch_long_prefill_first_layer_gap,host_child_marker,kv_b_proj.host_start,next_child_host_start,child_timing_json/NVTX,1684328427,1684328427,251.643118,251.643118,0.0
prefill,req1_equal_fresh_regular_b1_f8192_p0,20260618_105655_prefill_stage1_req1_equal_fresh_regular_b1_f8192_p0_b1_fvar8192_pvar0_layers5_backend_auto_cg_off_pcg_off_tp1_marker_on_profile_nsys,0,1,1,1,1,rotary_emb->kv_b_proj,252.020752,host_no_launch_long_prefill_first_layer_gap,nvtx_covering_gap,"{'Module': 'model.model.layers.0.self_attn.kv_b_proj', 'TrainableParams': {'weight': [32768, 512], 'weight_scale_inv': [256, 4]}, 'Inputs': [[8192, 512]]}",covers_or_overlaps_gap,NVTX_EVENTS,1684328427,1685197559,251.643118,252.51225,0.869132
prefill,req1_equal_fresh_regular_b1_f8192_p0,20260618_105655_prefill_stage1_req1_equal_fresh_regular_b1_f8192_p0_b1_fvar8192_pvar0_layers5_backend_auto_cg_off_pcg_off_tp1_marker_on_profile_nsys,0,1,1,1,1,rotary_emb->kv_b_proj,252.020752,host_no_launch_long_prefill_first_layer_gap,cuda_runtime_boundary,cudaLaunchKernel_v7000,next_kernel_launch_runtime,CUPTI runtime correlationId,1684677974,1684709227,251.992665,252.023918,0.031253
prefill,req1_equal_fresh_regular_b1_f8192_p0,20260618_105655_prefill_stage1_req1_equal_fresh_regular_b1_f8192_p0_b1_fvar8192_pvar0_layers5_backend_auto_cg_off_pcg_off_tp1_marker_on_profile_nsys,0,1,1,1,1,rotary_emb->kv_b_proj,252.020752,host_no_launch_long_prefill_first_layer_gap,cuda_runtime_in_gap,cudaLaunchKernel_v7000,inside_gap,CUPTI runtime,1684677974,1684709227,251.992665,252.023918,0.031253
prefill,req1_equal_fresh_regular_b1_f8192_p0,20260618_105655_prefill_stage1_req1_equal_fresh_regular_b1_f8192_p0_b1_fvar8192_pvar0_layers5_backend_auto_cg_off_pcg_off_tp1_marker_on_profile_nsys,0,1,1,1,1,rotary_emb->kv_b_proj,252.020752,host_no_launch_long_prefill_first_layer_gap,gpu_gap_boundary,gap_end_next_kernel_start,gap_end,kernel boundary,1684706061,1684706061,252.020752,252.020752,0.0
prefill,req1_equal_fresh_regular_b1_f8192_p0,20260618_105655_prefill_stage1_req1_equal_fresh_regular_b1_f8192_p0_b1_fvar8192_pvar0_layers5_backend_auto_cg_off_pcg_off_tp1_marker_on_profile_nsys,0,1,1,1,1,rotary_emb->kv_b_proj,252.020752,host_no_launch_long_prefill_first_layer_gap,gpu_kernel_boundary,per_token_group_quant_8bit_kernel,next_kernel,CUPTI kernel,1684706061,1684711725,252.020752,252.026416,0.005664
prefill,req1_equal_prefix_regular_b1_f8192_p0,20260618_111628_prefill_stage1_req1_equal_prefix_regular_b1_f8192_p0_b1_fvar8192_pvar0_layers5_backend_auto_cg_off_pcg_off_tp1_marker_on_profile_nsys,0,1,1,1,1,rotary_emb->kv_b_proj,222.125738,host_no_launch_long_prefill_first_layer_gap,osrt_overlap_in_gap,epoll_wait,overlaps_gap,OSRT_API,22901443,1601154009,-1288.125073,290.127493,1578.252566
prefill,req1_equal_prefix_regular_b1_f8192_p0,20260618_111628_prefill_stage1_req1_equal_prefix_regular_b1_f8192_p0_b1_fvar8192_pvar0_layers5_backend_auto_cg_off_pcg_off_tp1_marker_on_profile_nsys,0,1,1,1,1,rotary_emb->kv_b_proj,222.125738,host_no_launch_long_prefill_first_layer_gap,osrt_overlap_in_gap,epoll_pwait,overlaps_gap,OSRT_API,22928579,1601348189,-1288.097937,290.321673,1578.41961
prefill,req1_equal_prefix_regular_b1_f8192_p0,20260618_111628_prefill_stage1_req1_equal_prefix_regular_b1_f8192_p0_b1_fvar8192_pvar0_layers5_backend_auto_cg_off_pcg_off_tp1_marker_on_profile_nsys,0,1,1,1,1,rotary_emb->kv_b_proj,222.125738,host_no_launch_long_prefill_first_layer_gap,osrt_overlap_in_gap,epoll_pwait,overlaps_gap,OSRT_API,930947390,1931238761,-380.079126,620.212245,1000.291371
prefill,req1_equal_prefix_regular_b1_f8192_p0,20260618_111628_prefill_stage1_req1_equal_prefix_regular_b1_f8192_p0_b1_fvar8192_pvar0_layers5_backend_auto_cg_off_pcg_off_tp1_marker_on_profile_nsys,0,1,1,1,1,rotary_emb->kv_b_proj,222.125738,host_no_launch_long_prefill_first_layer_gap,osrt_overlap_in_gap,pthread_cond_timedwait,overlaps_gap,OSRT_API,930965642,1931046104,-380.060874,620.019588,1000.080462
prefill,req1_equal_prefix_regular_b1_f8192_p0,20260618_111628_prefill_stage1_req1_equal_prefix_regular_b1_f8192_p0_b1_fvar8192_pvar0_layers5_backend_auto_cg_off_pcg_off_tp1_marker_on_profile_nsys,0,1,1,1,1,rotary_emb->kv_b_proj,222.125738,host_no_launch_long_prefill_first_layer_gap,osrt_overlap_in_gap,clock_nanosleep,overlaps_gap,OSRT_API,955833429,1955901053,-355.193087,644.874537,1000.067624
prefill,req1_equal_prefix_regular_b1_f8192_p0,20260618_111628_prefill_stage1_req1_equal_prefix_regular_b1_f8192_p0_b1_fvar8192_pvar0_layers5_backend_auto_cg_off_pcg_off_tp1_marker_on_profile_nsys,0,1,1,1,1,rotary_emb->kv_b_proj,222.125738,host_no_launch_long_prefill_first_layer_gap,nvtx_covering_gap,"{'Module': 'model.model', 'Inputs': [[8192], [8192]]}",covers_or_overlaps_gap,NVTX_EVENTS,1307680445,1566798330,-3.346071,255.771814,259.117885
prefill,req1_equal_prefix_regular_b1_f8192_p0,20260618_111628_prefill_stage1_req1_equal_prefix_regular_b1_f8192_p0_b1_fvar8192_pvar0_layers5_backend_auto_cg_off_pcg_off_tp1_marker_on_profile_nsys,0,1,1,1,1,rotary_emb->kv_b_proj,222.125738,host_no_launch_long_prefill_first_layer_gap,nvtx_covering_gap,"{'Module': 'model.model.layers.0', 'Inputs': [[8192], [8192, 7168]]}",covers_or_overlaps_gap,NVTX_EVENTS,1308163027,1537379622,-2.863489,226.353106,229.216595
prefill,req1_equal_prefix_regular_b1_f8192_p0,20260618_111628_prefill_stage1_req1_equal_prefix_regular_b1_f8192_p0_b1_fvar8192_pvar0_layers5_backend_auto_cg_off_pcg_off_tp1_marker_on_profile_nsys,0,1,1,1,1,rotary_emb->kv_b_proj,222.125738,host_no_launch_long_prefill_first_layer_gap,nvtx_covering_gap,{'Module': 'model.model.layers.0.self_attn'},covers_or_overlaps_gap,NVTX_EVENTS,1308443495,1535459271,-2.583021,224.432755,227.015776
prefill,req1_equal_prefix_regular_b1_f8192_p0,20260618_111628_prefill_stage1_req1_equal_prefix_regular_b1_f8192_p0_b1_fvar8192_pvar0_layers5_backend_auto_cg_off_pcg_off_tp1_marker_on_profile_nsys,0,1,1,1,1,rotary_emb->kv_b_proj,222.125738,host_no_launch_long_prefill_first_layer_gap,cuda_runtime_boundary,cudaLaunchKernel_v7000,prev_kernel_launch_runtime,CUPTI runtime correlationId,1310902978,1310922208,-0.123538,-0.104308,0.01923
prefill,req1_equal_prefix_regular_b1_f8192_p0,20260618_111628_prefill_stage1_req1_equal_prefix_regular_b1_f8192_p0_b1_fvar8192_pvar0_layers5_backend_auto_cg_off_pcg_off_tp1_marker_on_profile_nsys,0,1,1,1,1,rotary_emb->kv_b_proj,222.125738,host_no_launch_long_prefill_first_layer_gap,gpu_kernel_boundary,BatchQKApplyRotaryPosIdsCosSinCacheHeadParallelismKernel,prev_kernel,CUPTI kernel,1310920276,1311026516,-0.10624,0.0,0.10624
prefill,req1_equal_prefix_regular_b1_f8192_p0,20260618_111628_prefill_stage1_req1_equal_prefix_regular_b1_f8192_p0_b1_fvar8192_pvar0_layers5_backend_auto_cg_off_pcg_off_tp1_marker_on_profile_nsys,0,1,1,1,1,rotary_emb->kv_b_proj,222.125738,host_no_launch_long_prefill_first_layer_gap,host_child_marker,rotary_emb.host_end,prev_child_host_end,child_timing_json/NVTX,1310953341,1310953341,-0.073175,-0.073175,0.0
prefill,req1_equal_prefix_regular_b1_f8192_p0,20260618_111628_prefill_stage1_req1_equal_prefix_regular_b1_f8192_p0_b1_fvar8192_pvar0_layers5_backend_auto_cg_off_pcg_off_tp1_marker_on_profile_nsys,0,1,1,1,1,rotary_emb->kv_b_proj,222.125738,host_no_launch_long_prefill_first_layer_gap,gpu_gap_boundary,gap_start_prev_kernel_end,gap_start,kernel boundary,1311026516,1311026516,0.0,0.0,0.0
prefill,req1_equal_prefix_regular_b1_f8192_p0,20260618_111628_prefill_stage1_req1_equal_prefix_regular_b1_f8192_p0_b1_fvar8192_pvar0_layers5_backend_auto_cg_off_pcg_off_tp1_marker_on_profile_nsys,0,1,1,1,1,rotary_emb->kv_b_proj,222.125738,host_no_launch_long_prefill_first_layer_gap,profiler_overhead_in_gap,TLS allocation,inside_gap,PROFILER_OVERHEAD,1362691978,1362971848,51.665462,51.945332,0.27987
prefill,req1_equal_prefix_regular_b1_f8192_p0,20260618_111628_prefill_stage1_req1_equal_prefix_regular_b1_f8192_p0_b1_fvar8192_pvar0_layers5_backend_auto_cg_off_pcg_off_tp1_marker_on_profile_nsys,0,1,1,1,1,rotary_emb->kv_b_proj,222.125738,host_no_launch_long_prefill_first_layer_gap,profiler_overhead_in_gap,TLS allocation,inside_gap,PROFILER_OVERHEAD,1399850293,1400109793,88.823777,89.083277,0.2595
prefill,req1_equal_prefix_regular_b1_f8192_p0,20260618_111628_prefill_stage1_req1_equal_prefix_regular_b1_f8192_p0_b1_fvar8192_pvar0_layers5_backend_auto_cg_off_pcg_off_tp1_marker_on_profile_nsys,0,1,1,1,1,rotary_emb->kv_b_proj,222.125738,host_no_launch_long_prefill_first_layer_gap,profiler_overhead_in_gap,TLS allocation,inside_gap,PROFILER_OVERHEAD,1399858345,1400594165,88.831829,89.567649,0.73582
prefill,req1_equal_prefix_regular_b1_f8192_p0,20260618_111628_prefill_stage1_req1_equal_prefix_regular_b1_f8192_p0_b1_fvar8192_pvar0_layers5_backend_auto_cg_off_pcg_off_tp1_marker_on_profile_nsys,0,1,1,1,1,rotary_emb->kv_b_proj,222.125738,host_no_launch_long_prefill_first_layer_gap,profiler_overhead_in_gap,OS runtime libraries profiling initialization,inside_gap,PROFILER_OVERHEAD,1401972936,1406207535,90.94642,95.181019,4.234599
prefill,req1_equal_prefix_regular_b1_f8192_p0,20260618_111628_prefill_stage1_req1_equal_prefix_regular_b1_f8192_p0_b1_fvar8192_pvar0_layers5_backend_auto_cg_off_pcg_off_tp1_marker_on_profile_nsys,0,1,1,1,1,rotary_emb->kv_b_proj,222.125738,host_no_launch_long_prefill_first_layer_gap,profiler_overhead_in_gap,TLS allocation,inside_gap,PROFILER_OVERHEAD,1486778286,1487491532,175.75177,176.465016,0.713246
prefill,req1_equal_prefix_regular_b1_f8192_p0,20260618_111628_prefill_stage1_req1_equal_prefix_regular_b1_f8192_p0_b1_fvar8192_pvar0_layers5_backend_auto_cg_off_pcg_off_tp1_marker_on_profile_nsys,0,1,1,1,1,rotary_emb->kv_b_proj,222.125738,host_no_launch_long_prefill_first_layer_gap,cuda_runtime_in_gap,cuModuleLoadData,inside_gap,CUPTI runtime,1531939953,1532119543,220.913437,221.093027,0.17959
prefill,req1_equal_prefix_regular_b1_f8192_p0,20260618_111628_prefill_stage1_req1_equal_prefix_regular_b1_f8192_p0_b1_fvar8192_pvar0_layers5_backend_auto_cg_off_pcg_off_tp1_marker_on_profile_nsys,0,1,1,1,1,rotary_emb->kv_b_proj,222.125738,host_no_launch_long_prefill_first_layer_gap,cuda_runtime_in_gap,cuLaunchKernelEx,inside_gap,CUPTI runtime,1532374404,1532434090,221.347888,221.407574,0.059686
prefill,req1_equal_prefix_regular_b1_f8192_p0,20260618_111628_prefill_stage1_req1_equal_prefix_regular_b1_f8192_p0_b1_fvar8192_pvar0_layers5_backend_auto_cg_off_pcg_off_tp1_marker_on_profile_nsys,0,1,1,1,1,rotary_emb->kv_b_proj,222.125738,host_no_launch_long_prefill_first_layer_gap,host_child_marker,kv_b_proj.host_start,next_child_host_start,child_timing_json/NVTX,1532659538,1532659538,221.633022,221.633022,0.0
prefill,req1_equal_prefix_regular_b1_f8192_p0,20260618_111628_prefill_stage1_req1_equal_prefix_regular_b1_f8192_p0_b1_fvar8192_pvar0_layers5_backend_auto_cg_off_pcg_off_tp1_marker_on_profile_nsys,0,1,1,1,1,rotary_emb->kv_b_proj,222.125738,host_no_launch_long_prefill_first_layer_gap,nvtx_covering_gap,"{'Module': 'model.model.layers.0.self_attn.kv_b_proj', 'TrainableParams': {'weight': [32768, 512], 'weight_scale_inv': [256, 4]}, 'Inputs': [[8192, 512]]}",covers_or_overlaps_gap,NVTX_EVENTS,1532659538,1533806587,221.633022,222.780071,1.147049
prefill,req1_equal_prefix_regular_b1_f8192_p0,20260618_111628_prefill_stage1_req1_equal_prefix_regular_b1_f8192_p0_b1_fvar8192_pvar0_layers5_backend_auto_cg_off_pcg_off_tp1_marker_on_profile_nsys,0,1,1,1,1,rotary_emb->kv_b_proj,222.125738,host_no_launch_long_prefill_first_layer_gap,cuda_runtime_boundary,cudaLaunchKernel_v7000,next_kernel_launch_runtime,CUPTI runtime correlationId,1533116300,1533157927,222.089784,222.131411,0.041627
prefill,req1_equal_prefix_regular_b1_f8192_p0,20260618_111628_prefill_stage1_req1_equal_prefix_regular_b1_f8192_p0_b1_fvar8192_pvar0_layers5_backend_auto_cg_off_pcg_off_tp1_marker_on_profile_nsys,0,1,1,1,1,rotary_emb->kv_b_proj,222.125738,host_no_launch_long_prefill_first_layer_gap,cuda_runtime_in_gap,cudaLaunchKernel_v7000,inside_gap,CUPTI runtime,1533116300,1533157927,222.089784,222.131411,0.041627
prefill,req1_equal_prefix_regular_b1_f8192_p0,20260618_111628_prefill_stage1_req1_equal_prefix_regular_b1_f8192_p0_b1_fvar8192_pvar0_layers5_backend_auto_cg_off_pcg_off_tp1_marker_on_profile_nsys,0,1,1,1,1,rotary_emb->kv_b_proj,222.125738,host_no_launch_long_prefill_first_layer_gap,gpu_gap_boundary,gap_end_next_kernel_start,gap_end,kernel boundary,1533152254,1533152254,222.125738,222.125738,0.0
prefill,req1_equal_prefix_regular_b1_f8192_p0,20260618_111628_prefill_stage1_req1_equal_prefix_regular_b1_f8192_p0_b1_fvar8192_pvar0_layers5_backend_auto_cg_off_pcg_off_tp1_marker_on_profile_nsys,0,1,1,1,1,rotary_emb->kv_b_proj,222.125738,host_no_launch_long_prefill_first_layer_gap,gpu_kernel_boundary,per_token_group_quant_8bit_kernel,next_kernel,CUPTI kernel,1533152254,1533157950,222.125738,222.131434,0.005696
