tag,case_id,case_label,case_full_label,alignment_class,real_stage_values,real_attention_token_count_first_layer,aic_batch_size,aic_isl,aic_prefix,aic_ctx_tokens,first_formal_prefill_req_count,first_formal_decode_req_count,first_formal_sum_prefill_fresh_tokens,first_formal_sum_decode_kv_tokens,operator_family,display_name,real_components_json,aic_ops_json,real_gpu_makespan_ms,real_gpu_kernel_time_sum_ms,aic_per_layer_latency_ms,diff_real_minus_aic_ms,ratio_real_to_aic,coverage_status,boundary_note,aic_query_path_json,aic_query_shapes_json,top_real_kernels_json
agg_aic_p0_small_b8_isl512_ctx2048,C01,"C01
P4x512+0
D4x512",P b4 ctx2048 | isl512 pre0 | D b4 kv512,strict_prefix0,decode,2052.0,4,512,0,1536,3,1,1536,512,qkv_a_proj,qkv_a_proj,"[""fused_qkv_a_proj_with_mqa""]","[""context_downscale_gemm""]",0.0812284,0.0796988,0.05647289155385277,0.024755508446147233,1.4383609155649535,both,Real fused_qkv_a_proj_with_mqa includes q_a/kv_a projection path and fp8 activation quant kernel. AIC context_downscale_gemm is a standalone SDK GEMM op before context_mla_block; collector fp8 GEMM uses pre-quantized inputs and usually excludes runtime activation quantization.,"[""diagnostic_forced_prefix_ops""]","[""[{\""batch_size\"": 1, \""s\"": 1537, \""prefix\"": 0, \""path\"": \""diagnostic_forced_prefix_ops\""}]""]","[{""real_component"": ""fused_qkv_a_proj_with_mqa"", ""kernel_short_name"": ""sm90_fp8_gemm_1d2d_impl"", ""avg_kernel_gpu_time_ms"": 0.059321599999999995}, {""real_component"": ""fused_qkv_a_proj_with_mqa"", ""kernel_short_name"": ""per_token_group_quant_8bit_kernel"", ""avg_kernel_gpu_time_ms"": 0.0203772}]"
agg_aic_p0_small_b8_isl512_ctx2048,C01,"C01
P4x512+0
D4x512",P b4 ctx2048 | isl512 pre0 | D b4 kv512,strict_prefix0,decode,2052.0,4,512,0,1536,3,1,1536,512,q_a_layernorm,q_a_layernorm,"[""q_a_layernorm""]",[],0.0054974,0.0054974,0.0,,,real_only,Real has an explicit q_a RMSNorm child range; ordinary DeepSeekModel MLA path does not model it as a separate SDK op.,[],[],"[{""real_component"": ""q_a_layernorm"", ""kernel_short_name"": ""RMSNormKernel"", ""avg_kernel_gpu_time_ms"": 0.0054974}]"
agg_aic_p0_small_b8_isl512_ctx2048,C01,"C01
P4x512+0
D4x512",P b4 ctx2048 | isl512 pre0 | D b4 kv512,strict_prefix0,decode,2052.0,4,512,0,1536,3,1,1536,512,kv_a_layernorm,kv_a_layernorm,"[""kv_a_layernorm""]",[],0.0045376,0.0045376,0.0,,,real_only,Real has an explicit kv_a RMSNorm child range; ordinary DeepSeekModel MLA path does not model it as a separate SDK op.,[],[],"[{""real_component"": ""kv_a_layernorm"", ""kernel_short_name"": ""RMSNormKernel"", ""avg_kernel_gpu_time_ms"": 0.0045376}]"
agg_aic_p0_small_b8_isl512_ctx2048,C01,"C01
P4x512+0
D4x512",P b4 ctx2048 | isl512 pre0 | D b4 kv512,strict_prefix0,decode,2052.0,4,512,0,1536,3,1,1536,512,q_b_proj,q_b_proj,"[""q_b_proj""]","[""context_q_b_proj_gemm""]",0.1316032,0.1303232,0.110411453480814,0.021191746519185997,1.1919343134348688,both,"Both sides represent q_b projection, but real fp8 path includes activation quantization plus DeepGEMM kernels.","[""diagnostic_forced_prefix_ops""]","[""[{\""batch_size\"": 1, \""s\"": 1537, \""prefix\"": 0, \""path\"": \""diagnostic_forced_prefix_ops\""}]""]","[{""real_component"": ""q_b_proj"", ""kernel_short_name"": ""sm90_fp8_gemm_1d2d_impl"", ""avg_kernel_gpu_time_ms"": 0.1255552}, {""real_component"": ""q_b_proj"", ""kernel_short_name"": ""per_token_group_quant_8bit_kernel"", ""avg_kernel_gpu_time_ms"": 0.004768}]"
agg_aic_p0_small_b8_isl512_ctx2048,C01,"C01
P4x512+0
D4x512",P b4 ctx2048 | isl512 pre0 | D b4 kv512,strict_prefix0,decode,2052.0,4,512,0,1536,3,1,1536,512,kv_b_proj,kv_b_proj,[],"[""context_kv_b_proj_gemm""]",0.0,0.0,0.06346070805406259,,,aic_only,Present as a separate real child mainly for attn_mha/prefill cases; MQA cases often fold or omit this child.,"[""diagnostic_forced_prefix_ops""]","[""[{\""batch_size\"": 1, \""s\"": 1537, \""prefix\"": 0, \""path\"": \""diagnostic_forced_prefix_ops\""}]""]",[]
agg_aic_p0_small_b8_isl512_ctx2048,C01,"C01
P4x512+0
D4x512",P b4 ctx2048 | isl512 pre0 | D b4 kv512,strict_prefix0,decode,2052.0,4,512,0,1536,3,1,1536,512,mla_concat_k,mla_concat_k,[],"[""context_mla_concat_k""]",0.0,0.0,0.04701936930650844,,,aic_only,AIC prefix/granular path models SGLang MLA K concat as a separate op; real trace usually exposes concat_mla_k_kernel inside surrounding child ranges.,"[""diagnostic_forced_prefix_ops""]","[""[{\""batch_size\"": 1, \""s\"": 1537, \""prefix\"": 0, \""path\"": \""diagnostic_forced_prefix_ops\""}]""]",[]
agg_aic_p0_small_b8_isl512_ctx2048,C01,"C01
P4x512+0
D4x512",P b4 ctx2048 | isl512 pre0 | D b4 kv512,strict_prefix0,decode,2052.0,4,512,0,1536,3,1,1536,512,rotary_emb,rotary_emb,"[""rotary_emb""]",[],0.027839999999999997,0.027839999999999997,0.0,,,real_only,Real has an explicit RoPE child range; AIC context MLA path does not expose a separate RoPE SDK op.,[],[],"[{""real_component"": ""rotary_emb"", ""kernel_short_name"": ""BatchQKApplyRotaryPosIdsCosSinCacheHeadParallelismKernel"", ""avg_kernel_gpu_time_ms"": 0.027839999999999997}]"
agg_aic_p0_small_b8_isl512_ctx2048,C01,"C01
P4x512+0
D4x512",P b4 ctx2048 | isl512 pre0 | D b4 kv512,strict_prefix0,decode,2052.0,4,512,0,1536,3,1,1536,512,attention,attention,"[""attn_mqa""]","[""context_attention""]",0.48369840000000003,0.48212399999999994,0.174778434150445,0.30891996584955506,2.7674947561530634,both,Real attention may be attn_mha or attn_mqa depending on SGLang scheduling/backend choice. AIC context_attention is queried with the second-pass run_agg context-attention shape and scale correction.,"[""diagnostic_forced_prefix_ops_attention_second_pass""]","[""[{\""batch_size\"": 3, \""s\"": 512, \""prefix\"": 0, \""path\"": \""diagnostic_forced_prefix_ops_attention_second_pass\""}]""]","[{""real_component"": ""attn_mqa"", ""kernel_short_name"": ""device_kernel"", ""avg_kernel_gpu_time_ms"": 0.47131460000000003}, {""real_component"": ""attn_mqa"", ""kernel_short_name"": ""set_mla_kv_buffer_kernel"", ""avg_kernel_gpu_time_ms"": 0.0075646}, {""real_component"": ""attn_mqa"", ""kernel_short_name"": ""prepare_varlen_num_blocks_kernel"", ""avg_kernel_gpu_time_ms"": 0.0032448}]"
agg_aic_p0_small_b8_isl512_ctx2048,C01,"C01
P4x512+0
D4x512",P b4 ctx2048 | isl512 pre0 | D b4 kv512,strict_prefix0,decode,2052.0,4,512,0,1536,3,1,1536,512,o_proj,o_proj,"[""o_proj""]","[""context_proj_gemm""]",0.3799352,0.378252,0.30796265602111816,0.07197254397888181,1.2337054268487229,both,"Both sides represent output projection, but real fp8 path includes activation quantization plus DeepGEMM kernels.","[""diagnostic_forced_prefix_ops""]","[""[{\""batch_size\"": 1, \""s\"": 1537, \""prefix\"": 0, \""path\"": \""diagnostic_forced_prefix_ops\""}]""]","[{""real_component"": ""o_proj"", ""kernel_short_name"": ""sm90_fp8_gemm_1d2d_impl"", ""avg_kernel_gpu_time_ms"": 0.3369786}, {""real_component"": ""o_proj"", ""kernel_short_name"": ""per_token_group_quant_8bit_kernel"", ""avg_kernel_gpu_time_ms"": 0.0412734}]"
agg_aic_p0_small_b8_isl512_ctx2048,C01,"C01
P4x512+0
D4x512",P b4 ctx2048 | isl512 pre0 | D b4 kv512,strict_prefix0,decode,2052.0,4,512,0,1536,3,1,1536,512,mla_total,MLA total,"[""attn_mqa"", ""fused_qkv_a_proj_with_mqa"", ""kv_a_layernorm"", ""o_proj"", ""q_a_layernorm"", ""q_b_proj"", ""rotary_emb""]","[""context_attention"", ""context_downscale_gemm"", ""context_kv_b_proj_gemm"", ""context_mla_concat_k"", ""context_proj_gemm"", ""context_q_b_proj_gemm""]",1.1143402,1.108273,0.760105512566801,0.35423468743319897,1.4660335724141553,both,Roll-up of MLA child/operator pieces only; excludes MoE/FFN/embedding/logits and excludes generation-only steps.,"[""diagnostic_forced_prefix_ops"", ""diagnostic_forced_prefix_ops_attention_second_pass""]","[""[{\""batch_size\"": 3, \""s\"": 512, \""prefix\"": 0, \""path\"": \""diagnostic_forced_prefix_ops_attention_second_pass\""}]"", ""[{\""batch_size\"": 1, \""s\"": 1537, \""prefix\"": 0, \""path\"": \""diagnostic_forced_prefix_ops\""}]"", ""[{\""batch_size\"": 1, \""s\"": 1537, \""prefix\"": 0, \""path\"": \""diagnostic_forced_prefix_ops\""}]"", ""[{\""batch_size\"": 1, \""s\"": 1537, \""prefix\"": 0, \""path\"": \""diagnostic_forced_prefix_ops\""}]"", ""[{\""batch_size\"": 1, \""s\"": 1537, \""prefix\"": 0, \""path\"": \""diagnostic_forced_prefix_ops\""}]"", ""[{\""batch_size\"": 1, \""s\"": 1537, \""prefix\"": 0, \""path\"": \""diagnostic_forced_prefix_ops\""}]""]","[{""real_component"": ""attn_mqa"", ""kernel_short_name"": ""device_kernel"", ""avg_kernel_gpu_time_ms"": 0.47131460000000003}, {""real_component"": ""o_proj"", ""kernel_short_name"": ""sm90_fp8_gemm_1d2d_impl"", ""avg_kernel_gpu_time_ms"": 0.3369786}, {""real_component"": ""q_b_proj"", ""kernel_short_name"": ""sm90_fp8_gemm_1d2d_impl"", ""avg_kernel_gpu_time_ms"": 0.1255552}, {""real_component"": ""fused_qkv_a_proj_with_mqa"", ""kernel_short_name"": ""sm90_fp8_gemm_1d2d_impl"", ""avg_kernel_gpu_time_ms"": 0.059321599999999995}, {""real_component"": ""o_proj"", ""kernel_short_name"": ""per_token_group_quant_8bit_kernel"", ""avg_kernel_gpu_time_ms"": 0.0412734}]"
agg_aic_p0_decode_heavy_b12_isl512_ctx2048,C02,"C02
P4x512+0
D8x512",P b4 ctx2048 | isl512 pre0 | D b8 kv512,strict_prefix0,decode,2056.0,8,512,0,3584,7,1,3584,512,qkv_a_proj,qkv_a_proj,"[""fused_qkv_a_proj_with_mqa""]","[""context_downscale_gemm""]",0.0817022,0.0798846,0.11506980263666565,-0.03336760263666565,0.7100229437081397,both,Real fused_qkv_a_proj_with_mqa includes q_a/kv_a projection path and fp8 activation quant kernel. AIC context_downscale_gemm is a standalone SDK GEMM op before context_mla_block; collector fp8 GEMM uses pre-quantized inputs and usually excludes runtime activation quantization.,"[""diagnostic_forced_prefix_ops""]","[""[{\""batch_size\"": 1, \""s\"": 3585, \""prefix\"": 0, \""path\"": \""diagnostic_forced_prefix_ops\""}]""]","[{""real_component"": ""fused_qkv_a_proj_with_mqa"", ""kernel_short_name"": ""sm90_fp8_gemm_1d2d_impl"", ""avg_kernel_gpu_time_ms"": 0.0596734}, {""real_component"": ""fused_qkv_a_proj_with_mqa"", ""kernel_short_name"": ""per_token_group_quant_8bit_kernel"", ""avg_kernel_gpu_time_ms"": 0.020211200000000002}]"
agg_aic_p0_decode_heavy_b12_isl512_ctx2048,C02,"C02
P4x512+0
D8x512",P b4 ctx2048 | isl512 pre0 | D b8 kv512,strict_prefix0,decode,2056.0,8,512,0,3584,7,1,3584,512,q_a_layernorm,q_a_layernorm,"[""q_a_layernorm""]",[],0.0054464,0.0054464,0.0,,,real_only,Real has an explicit q_a RMSNorm child range; ordinary DeepSeekModel MLA path does not model it as a separate SDK op.,[],[],"[{""real_component"": ""q_a_layernorm"", ""kernel_short_name"": ""RMSNormKernel"", ""avg_kernel_gpu_time_ms"": 0.0054464}]"
agg_aic_p0_decode_heavy_b12_isl512_ctx2048,C02,"C02
P4x512+0
D8x512",P b4 ctx2048 | isl512 pre0 | D b8 kv512,strict_prefix0,decode,2056.0,8,512,0,3584,7,1,3584,512,kv_a_layernorm,kv_a_layernorm,"[""kv_a_layernorm""]",[],0.0045888,0.0045888,0.0,,,real_only,Real has an explicit kv_a RMSNorm child range; ordinary DeepSeekModel MLA path does not model it as a separate SDK op.,[],[],"[{""real_component"": ""kv_a_layernorm"", ""kernel_short_name"": ""RMSNormKernel"", ""avg_kernel_gpu_time_ms"": 0.0045888}]"
agg_aic_p0_decode_heavy_b12_isl512_ctx2048,C02,"C02
P4x512+0
D8x512",P b4 ctx2048 | isl512 pre0 | D b8 kv512,strict_prefix0,decode,2056.0,8,512,0,3584,7,1,3584,512,q_b_proj,q_b_proj,"[""q_b_proj""]","[""context_q_b_proj_gemm""]",0.13260160000000001,0.13131520000000002,0.22892110410079458,-0.09631950410079457,0.5792458520627053,both,"Both sides represent q_b projection, but real fp8 path includes activation quantization plus DeepGEMM kernels.","[""diagnostic_forced_prefix_ops""]","[""[{\""batch_size\"": 1, \""s\"": 3585, \""prefix\"": 0, \""path\"": \""diagnostic_forced_prefix_ops\""}]""]","[{""real_component"": ""q_b_proj"", ""kernel_short_name"": ""sm90_fp8_gemm_1d2d_impl"", ""avg_kernel_gpu_time_ms"": 0.1264832}, {""real_component"": ""q_b_proj"", ""kernel_short_name"": ""per_token_group_quant_8bit_kernel"", ""avg_kernel_gpu_time_ms"": 0.004832}]"
agg_aic_p0_decode_heavy_b12_isl512_ctx2048,C02,"C02
P4x512+0
D8x512",P b4 ctx2048 | isl512 pre0 | D b8 kv512,strict_prefix0,decode,2056.0,8,512,0,3584,7,1,3584,512,kv_b_proj,kv_b_proj,[],"[""context_kv_b_proj_gemm""]",0.0,0.0,0.12890332158094917,,,aic_only,Present as a separate real child mainly for attn_mha/prefill cases; MQA cases often fold or omit this child.,"[""diagnostic_forced_prefix_ops""]","[""[{\""batch_size\"": 1, \""s\"": 3585, \""prefix\"": 0, \""path\"": \""diagnostic_forced_prefix_ops\""}]""]",[]
agg_aic_p0_decode_heavy_b12_isl512_ctx2048,C02,"C02
P4x512+0
D8x512",P b4 ctx2048 | isl512 pre0 | D b8 kv512,strict_prefix0,decode,2056.0,8,512,0,3584,7,1,3584,512,mla_concat_k,mla_concat_k,[],"[""context_mla_concat_k""]",0.0,0.0,0.10529785064863972,,,aic_only,AIC prefix/granular path models SGLang MLA K concat as a separate op; real trace usually exposes concat_mla_k_kernel inside surrounding child ranges.,"[""diagnostic_forced_prefix_ops""]","[""[{\""batch_size\"": 1, \""s\"": 3585, \""prefix\"": 0, \""path\"": \""diagnostic_forced_prefix_ops\""}]""]",[]
agg_aic_p0_decode_heavy_b12_isl512_ctx2048,C02,"C02
P4x512+0
D8x512",P b4 ctx2048 | isl512 pre0 | D b8 kv512,strict_prefix0,decode,2056.0,8,512,0,3584,7,1,3584,512,rotary_emb,rotary_emb,"[""rotary_emb""]",[],0.0282176,0.0282176,0.0,,,real_only,Real has an explicit RoPE child range; AIC context MLA path does not expose a separate RoPE SDK op.,[],[],"[{""real_component"": ""rotary_emb"", ""kernel_short_name"": ""BatchQKApplyRotaryPosIdsCosSinCacheHeadParallelismKernel"", ""avg_kernel_gpu_time_ms"": 0.0282176}]"
agg_aic_p0_decode_heavy_b12_isl512_ctx2048,C02,"C02
P4x512+0
D8x512",P b4 ctx2048 | isl512 pre0 | D b8 kv512,strict_prefix0,decode,2056.0,8,512,0,3584,7,1,3584,512,attention,attention,"[""attn_mqa""]","[""context_attention""]",0.48295659999999996,0.48135659999999997,0.3762784512509703,0.10667814874902964,1.2835085251211407,both,Real attention may be attn_mha or attn_mqa depending on SGLang scheduling/backend choice. AIC context_attention is queried with the second-pass run_agg context-attention shape and scale correction.,"[""diagnostic_forced_prefix_ops_attention_second_pass""]","[""[{\""batch_size\"": 7, \""s\"": 512, \""prefix\"": 0, \""path\"": \""diagnostic_forced_prefix_ops_attention_second_pass\""}]""]","[{""real_component"": ""attn_mqa"", ""kernel_short_name"": ""device_kernel"", ""avg_kernel_gpu_time_ms"": 0.47039980000000003}, {""real_component"": ""attn_mqa"", ""kernel_short_name"": ""set_mla_kv_buffer_kernel"", ""avg_kernel_gpu_time_ms"": 0.007616}, {""real_component"": ""attn_mqa"", ""kernel_short_name"": ""prepare_varlen_num_blocks_kernel"", ""avg_kernel_gpu_time_ms"": 0.0033408}]"
agg_aic_p0_decode_heavy_b12_isl512_ctx2048,C02,"C02
P4x512+0
D8x512",P b4 ctx2048 | isl512 pre0 | D b8 kv512,strict_prefix0,decode,2056.0,8,512,0,3584,7,1,3584,512,o_proj,o_proj,"[""o_proj""]","[""context_proj_gemm""]",0.37976299999999996,0.378035,0.6861413319905599,-0.30637833199055997,0.5534763499791976,both,"Both sides represent output projection, but real fp8 path includes activation quantization plus DeepGEMM kernels.","[""diagnostic_forced_prefix_ops""]","[""[{\""batch_size\"": 1, \""s\"": 3585, \""prefix\"": 0, \""path\"": \""diagnostic_forced_prefix_ops\""}]""]","[{""real_component"": ""o_proj"", ""kernel_short_name"": ""sm90_fp8_gemm_1d2d_impl"", ""avg_kernel_gpu_time_ms"": 0.3368704}, {""real_component"": ""o_proj"", ""kernel_short_name"": ""per_token_group_quant_8bit_kernel"", ""avg_kernel_gpu_time_ms"": 0.0411646}]"
agg_aic_p0_decode_heavy_b12_isl512_ctx2048,C02,"C02
P4x512+0
D8x512",P b4 ctx2048 | isl512 pre0 | D b8 kv512,strict_prefix0,decode,2056.0,8,512,0,3584,7,1,3584,512,mla_total,MLA total,"[""attn_mqa"", ""fused_qkv_a_proj_with_mqa"", ""kv_a_layernorm"", ""o_proj"", ""q_a_layernorm"", ""q_b_proj"", ""rotary_emb""]","[""context_attention"", ""context_downscale_gemm"", ""context_kv_b_proj_gemm"", ""context_mla_concat_k"", ""context_proj_gemm"", ""context_q_b_proj_gemm""]",1.1152761999999998,1.1088442,1.6406118622085792,-0.5253356622085794,0.6797928417380961,both,Roll-up of MLA child/operator pieces only; excludes MoE/FFN/embedding/logits and excludes generation-only steps.,"[""diagnostic_forced_prefix_ops"", ""diagnostic_forced_prefix_ops_attention_second_pass""]","[""[{\""batch_size\"": 7, \""s\"": 512, \""prefix\"": 0, \""path\"": \""diagnostic_forced_prefix_ops_attention_second_pass\""}]"", ""[{\""batch_size\"": 1, \""s\"": 3585, \""prefix\"": 0, \""path\"": \""diagnostic_forced_prefix_ops\""}]"", ""[{\""batch_size\"": 1, \""s\"": 3585, \""prefix\"": 0, \""path\"": \""diagnostic_forced_prefix_ops\""}]"", ""[{\""batch_size\"": 1, \""s\"": 3585, \""prefix\"": 0, \""path\"": \""diagnostic_forced_prefix_ops\""}]"", ""[{\""batch_size\"": 1, \""s\"": 3585, \""prefix\"": 0, \""path\"": \""diagnostic_forced_prefix_ops\""}]"", ""[{\""batch_size\"": 1, \""s\"": 3585, \""prefix\"": 0, \""path\"": \""diagnostic_forced_prefix_ops\""}]""]","[{""real_component"": ""attn_mqa"", ""kernel_short_name"": ""device_kernel"", ""avg_kernel_gpu_time_ms"": 0.47039980000000003}, {""real_component"": ""o_proj"", ""kernel_short_name"": ""sm90_fp8_gemm_1d2d_impl"", ""avg_kernel_gpu_time_ms"": 0.3368704}, {""real_component"": ""q_b_proj"", ""kernel_short_name"": ""sm90_fp8_gemm_1d2d_impl"", ""avg_kernel_gpu_time_ms"": 0.1264832}, {""real_component"": ""fused_qkv_a_proj_with_mqa"", ""kernel_short_name"": ""sm90_fp8_gemm_1d2d_impl"", ""avg_kernel_gpu_time_ms"": 0.0596734}, {""real_component"": ""o_proj"", ""kernel_short_name"": ""per_token_group_quant_8bit_kernel"", ""avg_kernel_gpu_time_ms"": 0.0411646}]"
agg_aic_p0_prefill_heavy_b16_isl512_ctx4096,C03,"C03
P8x512+0
D8x512",P b8 ctx4096 | isl512 pre0 | D b8 kv512,strict_prefix0,decode,4104.0,8,512,0,3584,7,1,3584,512,qkv_a_proj,qkv_a_proj,"[""fused_qkv_a_proj_with_mqa""]","[""context_downscale_gemm""]",0.1474238,0.1454784,0.11506980263666565,0.032353997363334344,1.2811684440399407,both,Real fused_qkv_a_proj_with_mqa includes q_a/kv_a projection path and fp8 activation quant kernel. AIC context_downscale_gemm is a standalone SDK GEMM op before context_mla_block; collector fp8 GEMM uses pre-quantized inputs and usually excludes runtime activation quantization.,"[""diagnostic_forced_prefix_ops""]","[""[{\""batch_size\"": 1, \""s\"": 3585, \""prefix\"": 0, \""path\"": \""diagnostic_forced_prefix_ops\""}]""]","[{""real_component"": ""fused_qkv_a_proj_with_mqa"", ""kernel_short_name"": ""sm90_fp8_gemm_1d2d_impl"", ""avg_kernel_gpu_time_ms"": 0.106272}, {""real_component"": ""fused_qkv_a_proj_with_mqa"", ""kernel_short_name"": ""per_token_group_quant_8bit_kernel"", ""avg_kernel_gpu_time_ms"": 0.039206399999999995}]"
agg_aic_p0_prefill_heavy_b16_isl512_ctx4096,C03,"C03
P8x512+0
D8x512",P b8 ctx4096 | isl512 pre0 | D b8 kv512,strict_prefix0,decode,4104.0,8,512,0,3584,7,1,3584,512,q_a_layernorm,q_a_layernorm,"[""q_a_layernorm""]",[],0.0092608,0.0092608,0.0,,,real_only,Real has an explicit q_a RMSNorm child range; ordinary DeepSeekModel MLA path does not model it as a separate SDK op.,[],[],"[{""real_component"": ""q_a_layernorm"", ""kernel_short_name"": ""RMSNormKernel"", ""avg_kernel_gpu_time_ms"": 0.0092608}]"
agg_aic_p0_prefill_heavy_b16_isl512_ctx4096,C03,"C03
P8x512+0
D8x512",P b8 ctx4096 | isl512 pre0 | D b8 kv512,strict_prefix0,decode,4104.0,8,512,0,3584,7,1,3584,512,kv_a_layernorm,kv_a_layernorm,"[""kv_a_layernorm""]",[],0.0071871999999999995,0.0071871999999999995,0.0,,,real_only,Real has an explicit kv_a RMSNorm child range; ordinary DeepSeekModel MLA path does not model it as a separate SDK op.,[],[],"[{""real_component"": ""kv_a_layernorm"", ""kernel_short_name"": ""RMSNormKernel"", ""avg_kernel_gpu_time_ms"": 0.0071871999999999995}]"
agg_aic_p0_prefill_heavy_b16_isl512_ctx4096,C03,"C03
P8x512+0
D8x512",P b8 ctx4096 | isl512 pre0 | D b8 kv512,strict_prefix0,decode,4104.0,8,512,0,3584,7,1,3584,512,q_b_proj,q_b_proj,"[""q_b_proj""]","[""context_q_b_proj_gemm""]",0.2377084,0.23644759999999998,0.22892110410079458,0.008787295899205405,1.038385695952857,both,"Both sides represent q_b projection, but real fp8 path includes activation quantization plus DeepGEMM kernels.","[""diagnostic_forced_prefix_ops""]","[""[{\""batch_size\"": 1, \""s\"": 3585, \""prefix\"": 0, \""path\"": \""diagnostic_forced_prefix_ops\""}]""]","[{""real_component"": ""q_b_proj"", ""kernel_short_name"": ""sm90_fp8_gemm_1d2d_impl"", ""avg_kernel_gpu_time_ms"": 0.2284668}, {""real_component"": ""q_b_proj"", ""kernel_short_name"": ""per_token_group_quant_8bit_kernel"", ""avg_kernel_gpu_time_ms"": 0.0079808}]"
agg_aic_p0_prefill_heavy_b16_isl512_ctx4096,C03,"C03
P8x512+0
D8x512",P b8 ctx4096 | isl512 pre0 | D b8 kv512,strict_prefix0,decode,4104.0,8,512,0,3584,7,1,3584,512,kv_b_proj,kv_b_proj,[],"[""context_kv_b_proj_gemm""]",0.0,0.0,0.12890332158094917,,,aic_only,Present as a separate real child mainly for attn_mha/prefill cases; MQA cases often fold or omit this child.,"[""diagnostic_forced_prefix_ops""]","[""[{\""batch_size\"": 1, \""s\"": 3585, \""prefix\"": 0, \""path\"": \""diagnostic_forced_prefix_ops\""}]""]",[]
agg_aic_p0_prefill_heavy_b16_isl512_ctx4096,C03,"C03
P8x512+0
D8x512",P b8 ctx4096 | isl512 pre0 | D b8 kv512,strict_prefix0,decode,4104.0,8,512,0,3584,7,1,3584,512,mla_concat_k,mla_concat_k,[],"[""context_mla_concat_k""]",0.0,0.0,0.10529785064863972,,,aic_only,AIC prefix/granular path models SGLang MLA K concat as a separate op; real trace usually exposes concat_mla_k_kernel inside surrounding child ranges.,"[""diagnostic_forced_prefix_ops""]","[""[{\""batch_size\"": 1, \""s\"": 3585, \""prefix\"": 0, \""path\"": \""diagnostic_forced_prefix_ops\""}]""]",[]
agg_aic_p0_prefill_heavy_b16_isl512_ctx4096,C03,"C03
P8x512+0
D8x512",P b8 ctx4096 | isl512 pre0 | D b8 kv512,strict_prefix0,decode,4104.0,8,512,0,3584,7,1,3584,512,rotary_emb,rotary_emb,"[""rotary_emb""]",[],0.054067,0.054067,0.0,,,real_only,Real has an explicit RoPE child range; AIC context MLA path does not expose a separate RoPE SDK op.,[],[],"[{""real_component"": ""rotary_emb"", ""kernel_short_name"": ""BatchQKApplyRotaryPosIdsCosSinCacheHeadParallelismKernel"", ""avg_kernel_gpu_time_ms"": 0.054067}]"
agg_aic_p0_prefill_heavy_b16_isl512_ctx4096,C03,"C03
P8x512+0
D8x512",P b8 ctx4096 | isl512 pre0 | D b8 kv512,strict_prefix0,decode,4104.0,8,512,0,3584,7,1,3584,512,attention,attention,"[""attn_mqa""]","[""context_attention""]",0.9370228,0.9354419999999999,0.3762784512509703,0.5607443487490298,2.4902377398567115,both,Real attention may be attn_mha or attn_mqa depending on SGLang scheduling/backend choice. AIC context_attention is queried with the second-pass run_agg context-attention shape and scale correction.,"[""diagnostic_forced_prefix_ops_attention_second_pass""]","[""[{\""batch_size\"": 7, \""s\"": 512, \""prefix\"": 0, \""path\"": \""diagnostic_forced_prefix_ops_attention_second_pass\""}]""]","[{""real_component"": ""attn_mqa"", ""kernel_short_name"": ""device_kernel"", ""avg_kernel_gpu_time_ms"": 0.9184243999999999}, {""real_component"": ""attn_mqa"", ""kernel_short_name"": ""set_mla_kv_buffer_kernel"", ""avg_kernel_gpu_time_ms"": 0.01376}, {""real_component"": ""attn_mqa"", ""kernel_short_name"": ""prepare_varlen_num_blocks_kernel"", ""avg_kernel_gpu_time_ms"": 0.0032576000000000003}]"
agg_aic_p0_prefill_heavy_b16_isl512_ctx4096,C03,"C03
P8x512+0
D8x512",P b8 ctx4096 | isl512 pre0 | D b8 kv512,strict_prefix0,decode,4104.0,8,512,0,3584,7,1,3584,512,o_proj,o_proj,"[""o_proj""]","[""context_proj_gemm""]",0.7132662,0.711551,0.6861413319905599,0.02712486800944003,1.0395324793082328,both,"Both sides represent output projection, but real fp8 path includes activation quantization plus DeepGEMM kernels.","[""diagnostic_forced_prefix_ops""]","[""[{\""batch_size\"": 1, \""s\"": 3585, \""prefix\"": 0, \""path\"": \""diagnostic_forced_prefix_ops\""}]""]","[{""real_component"": ""o_proj"", ""kernel_short_name"": ""sm90_fp8_gemm_1d2d_impl"", ""avg_kernel_gpu_time_ms"": 0.6304118}, {""real_component"": ""o_proj"", ""kernel_short_name"": ""per_token_group_quant_8bit_kernel"", ""avg_kernel_gpu_time_ms"": 0.0811392}]"
agg_aic_p0_prefill_heavy_b16_isl512_ctx4096,C03,"C03
P8x512+0
D8x512",P b8 ctx4096 | isl512 pre0 | D b8 kv512,strict_prefix0,decode,4104.0,8,512,0,3584,7,1,3584,512,mla_total,MLA total,"[""attn_mqa"", ""fused_qkv_a_proj_with_mqa"", ""kv_a_layernorm"", ""o_proj"", ""q_a_layernorm"", ""q_b_proj"", ""rotary_emb""]","[""context_attention"", ""context_downscale_gemm"", ""context_kv_b_proj_gemm"", ""context_mla_concat_k"", ""context_proj_gemm"", ""context_q_b_proj_gemm""]",2.1059362,2.0994339999999996,1.6406118622085792,0.4653243377914207,1.2836285342744045,both,Roll-up of MLA child/operator pieces only; excludes MoE/FFN/embedding/logits and excludes generation-only steps.,"[""diagnostic_forced_prefix_ops"", ""diagnostic_forced_prefix_ops_attention_second_pass""]","[""[{\""batch_size\"": 7, \""s\"": 512, \""prefix\"": 0, \""path\"": \""diagnostic_forced_prefix_ops_attention_second_pass\""}]"", ""[{\""batch_size\"": 1, \""s\"": 3585, \""prefix\"": 0, \""path\"": \""diagnostic_forced_prefix_ops\""}]"", ""[{\""batch_size\"": 1, \""s\"": 3585, \""prefix\"": 0, \""path\"": \""diagnostic_forced_prefix_ops\""}]"", ""[{\""batch_size\"": 1, \""s\"": 3585, \""prefix\"": 0, \""path\"": \""diagnostic_forced_prefix_ops\""}]"", ""[{\""batch_size\"": 1, \""s\"": 3585, \""prefix\"": 0, \""path\"": \""diagnostic_forced_prefix_ops\""}]"", ""[{\""batch_size\"": 1, \""s\"": 3585, \""prefix\"": 0, \""path\"": \""diagnostic_forced_prefix_ops\""}]""]","[{""real_component"": ""attn_mqa"", ""kernel_short_name"": ""device_kernel"", ""avg_kernel_gpu_time_ms"": 0.9184243999999999}, {""real_component"": ""o_proj"", ""kernel_short_name"": ""sm90_fp8_gemm_1d2d_impl"", ""avg_kernel_gpu_time_ms"": 0.6304118}, {""real_component"": ""q_b_proj"", ""kernel_short_name"": ""sm90_fp8_gemm_1d2d_impl"", ""avg_kernel_gpu_time_ms"": 0.2284668}, {""real_component"": ""fused_qkv_a_proj_with_mqa"", ""kernel_short_name"": ""sm90_fp8_gemm_1d2d_impl"", ""avg_kernel_gpu_time_ms"": 0.106272}, {""real_component"": ""o_proj"", ""kernel_short_name"": ""per_token_group_quant_8bit_kernel"", ""avg_kernel_gpu_time_ms"": 0.0811392}]"
agg_aic_p0_mid_b8_isl2048_ctx8192,C04,"C04
P4x2048+0
D4x2048",P b4 ctx8192 | isl2048 pre0 | D b4 kv2048,strict_prefix0,prefill,8192.0,4,2048,0,6144,3,1,6144,2048,qkv_a_proj,qkv_a_proj,"[""fused_qkv_a_proj_with_mqa""]","[""context_downscale_gemm""]",0.27072640000000003,0.268736,0.1943087488344951,0.07641765116550495,1.3932795184152755,both,Real fused_qkv_a_proj_with_mqa includes q_a/kv_a projection path and fp8 activation quant kernel. AIC context_downscale_gemm is a standalone SDK GEMM op before context_mla_block; collector fp8 GEMM uses pre-quantized inputs and usually excludes runtime activation quantization.,"[""diagnostic_forced_prefix_ops""]","[""[{\""batch_size\"": 1, \""s\"": 6145, \""prefix\"": 0, \""path\"": \""diagnostic_forced_prefix_ops\""}]""]","[{""real_component"": ""fused_qkv_a_proj_with_mqa"", ""kernel_short_name"": ""sm90_fp8_gemm_1d2d_impl"", ""avg_kernel_gpu_time_ms"": 0.195296}, {""real_component"": ""fused_qkv_a_proj_with_mqa"", ""kernel_short_name"": ""per_token_group_quant_8bit_kernel"", ""avg_kernel_gpu_time_ms"": 0.07343999999999999}]"
agg_aic_p0_mid_b8_isl2048_ctx8192,C04,"C04
P4x2048+0
D4x2048",P b4 ctx8192 | isl2048 pre0 | D b4 kv2048,strict_prefix0,prefill,8192.0,4,2048,0,6144,3,1,6144,2048,q_a_layernorm,q_a_layernorm,"[""q_a_layernorm""]",[],0.0179392,0.0179392,0.0,,,real_only,Real has an explicit q_a RMSNorm child range; ordinary DeepSeekModel MLA path does not model it as a separate SDK op.,[],[],"[{""real_component"": ""q_a_layernorm"", ""kernel_short_name"": ""RMSNormKernel"", ""avg_kernel_gpu_time_ms"": 0.0179392}]"
agg_aic_p0_mid_b8_isl2048_ctx8192,C04,"C04
P4x2048+0
D4x2048",P b4 ctx8192 | isl2048 pre0 | D b4 kv2048,strict_prefix0,prefill,8192.0,4,2048,0,6144,3,1,6144,2048,kv_a_layernorm,kv_a_layernorm,"[""kv_a_layernorm""]",[],0.0131712,0.0131712,0.0,,,real_only,Real has an explicit kv_a RMSNorm child range; ordinary DeepSeekModel MLA path does not model it as a separate SDK op.,[],[],"[{""real_component"": ""kv_a_layernorm"", ""kernel_short_name"": ""RMSNormKernel"", ""avg_kernel_gpu_time_ms"": 0.0131712}]"
agg_aic_p0_mid_b8_isl2048_ctx8192,C04,"C04
P4x2048+0
D4x2048",P b4 ctx8192 | isl2048 pre0 | D b4 kv2048,strict_prefix0,prefill,8192.0,4,2048,0,6144,3,1,6144,2048,q_b_proj,q_b_proj,"[""q_b_proj""]","[""context_q_b_proj_gemm""]",0.44386559999999997,0.4424768,0.3755449411872365,0.06832065881276345,1.1819240557382469,both,"Both sides represent q_b projection, but real fp8 path includes activation quantization plus DeepGEMM kernels.","[""diagnostic_forced_prefix_ops""]","[""[{\""batch_size\"": 1, \""s\"": 6145, \""prefix\"": 0, \""path\"": \""diagnostic_forced_prefix_ops\""}]""]","[{""real_component"": ""q_b_proj"", ""kernel_short_name"": ""sm90_fp8_gemm_1d2d_impl"", ""avg_kernel_gpu_time_ms"": 0.4265088}, {""real_component"": ""q_b_proj"", ""kernel_short_name"": ""per_token_group_quant_8bit_kernel"", ""avg_kernel_gpu_time_ms"": 0.015968}]"
agg_aic_p0_mid_b8_isl2048_ctx8192,C04,"C04
P4x2048+0
D4x2048",P b4 ctx8192 | isl2048 pre0 | D b4 kv2048,strict_prefix0,prefill,8192.0,4,2048,0,6144,3,1,6144,2048,kv_b_proj,kv_b_proj,"[""kv_b_proj""]","[""context_kv_b_proj_gemm""]",0.5604544,0.5589824,0.23021592558264717,0.3302384744173529,2.4344727610896655,both,Present as a separate real child mainly for attn_mha/prefill cases; MQA cases often fold or omit this child.,"[""diagnostic_forced_prefix_ops""]","[""[{\""batch_size\"": 1, \""s\"": 6145, \""prefix\"": 0, \""path\"": \""diagnostic_forced_prefix_ops\""}]""]","[{""real_component"": ""kv_b_proj"", ""kernel_short_name"": ""sm90_fp8_gemm_1d2d_impl"", ""avg_kernel_gpu_time_ms"": 0.5473472}, {""real_component"": ""kv_b_proj"", ""kernel_short_name"": ""per_token_group_quant_8bit_kernel"", ""avg_kernel_gpu_time_ms"": 0.0116352}]"
agg_aic_p0_mid_b8_isl2048_ctx8192,C04,"C04
P4x2048+0
D4x2048",P b4 ctx8192 | isl2048 pre0 | D b4 kv2048,strict_prefix0,prefill,8192.0,4,2048,0,6144,3,1,6144,2048,mla_concat_k,mla_concat_k,[],"[""context_mla_concat_k""]",0.0,0.0,0.17778983677271754,,,aic_only,AIC prefix/granular path models SGLang MLA K concat as a separate op; real trace usually exposes concat_mla_k_kernel inside surrounding child ranges.,"[""diagnostic_forced_prefix_ops""]","[""[{\""batch_size\"": 1, \""s\"": 6145, \""prefix\"": 0, \""path\"": \""diagnostic_forced_prefix_ops\""}]""]",[]
agg_aic_p0_mid_b8_isl2048_ctx8192,C04,"C04
P4x2048+0
D4x2048",P b4 ctx8192 | isl2048 pre0 | D b4 kv2048,strict_prefix0,prefill,8192.0,4,2048,0,6144,3,1,6144,2048,rotary_emb,rotary_emb,"[""rotary_emb""]",[],0.10553599999999999,0.10553599999999999,0.0,,,real_only,Real has an explicit RoPE child range; AIC context MLA path does not expose a separate RoPE SDK op.,[],[],"[{""real_component"": ""rotary_emb"", ""kernel_short_name"": ""BatchQKApplyRotaryPosIdsCosSinCacheHeadParallelismKernel"", ""avg_kernel_gpu_time_ms"": 0.10553599999999999}]"
agg_aic_p0_mid_b8_isl2048_ctx8192,C04,"C04
P4x2048+0
D4x2048",P b4 ctx8192 | isl2048 pre0 | D b4 kv2048,strict_prefix0,prefill,8192.0,4,2048,0,6144,3,1,6144,2048,attention,attention,"[""attn_mha""]","[""context_attention""]",1.3274176,1.3273408,1.030195246897496,0.297222353102504,1.2885107012458168,both,Real attention may be attn_mha or attn_mqa depending on SGLang scheduling/backend choice. AIC context_attention is queried with the second-pass run_agg context-attention shape and scale correction.,"[""diagnostic_forced_prefix_ops_attention_second_pass""]","[""[{\""batch_size\"": 3, \""s\"": 2048, \""prefix\"": 0, \""path\"": \""diagnostic_forced_prefix_ops_attention_second_pass\""}]""]","[{""real_component"": ""attn_mha"", ""kernel_short_name"": ""device_kernel"", ""avg_kernel_gpu_time_ms"": 1.3241856}, {""real_component"": ""attn_mha"", ""kernel_short_name"": ""prepare_varlen_num_blocks_kernel"", ""avg_kernel_gpu_time_ms"": 0.0031551999999999995}]"
agg_aic_p0_mid_b8_isl2048_ctx8192,C04,"C04
P4x2048+0
D4x2048",P b4 ctx8192 | isl2048 pre0 | D b4 kv2048,strict_prefix0,prefill,8192.0,4,2048,0,6144,3,1,6144,2048,o_proj,o_proj,"[""o_proj""]","[""context_proj_gemm""]",1.2621943999999998,1.2608376,1.1501976798568936,0.11199672014310624,1.0973717145360968,both,"Both sides represent output projection, but real fp8 path includes activation quantization plus DeepGEMM kernels.","[""diagnostic_forced_prefix_ops""]","[""[{\""batch_size\"": 1, \""s\"": 6145, \""prefix\"": 0, \""path\"": \""diagnostic_forced_prefix_ops\""}]""]","[{""real_component"": ""o_proj"", ""kernel_short_name"": ""sm90_fp8_gemm_1d2d_impl"", ""avg_kernel_gpu_time_ms"": 1.1010681999999998}, {""real_component"": ""o_proj"", ""kernel_short_name"": ""per_token_group_quant_8bit_kernel"", ""avg_kernel_gpu_time_ms"": 0.1597694}]"
agg_aic_p0_mid_b8_isl2048_ctx8192,C04,"C04
P4x2048+0
D4x2048",P b4 ctx8192 | isl2048 pre0 | D b4 kv2048,strict_prefix0,prefill,8192.0,4,2048,0,6144,3,1,6144,2048,mla_total,MLA total,"[""attn_mha"", ""fused_qkv_a_proj_with_mqa"", ""kv_a_layernorm"", ""kv_b_proj"", ""o_proj"", ""q_a_layernorm"", ""q_b_proj"", ""rotary_emb""]","[""context_attention"", ""context_downscale_gemm"", ""context_kv_b_proj_gemm"", ""context_mla_concat_k"", ""context_proj_gemm"", ""context_q_b_proj_gemm""]",4.0013048,3.9950200000000002,3.158252379131486,0.843052420868514,1.266936368492613,both,Roll-up of MLA child/operator pieces only; excludes MoE/FFN/embedding/logits and excludes generation-only steps.,"[""diagnostic_forced_prefix_ops"", ""diagnostic_forced_prefix_ops_attention_second_pass""]","[""[{\""batch_size\"": 3, \""s\"": 2048, \""prefix\"": 0, \""path\"": \""diagnostic_forced_prefix_ops_attention_second_pass\""}]"", ""[{\""batch_size\"": 1, \""s\"": 6145, \""prefix\"": 0, \""path\"": \""diagnostic_forced_prefix_ops\""}]"", ""[{\""batch_size\"": 1, \""s\"": 6145, \""prefix\"": 0, \""path\"": \""diagnostic_forced_prefix_ops\""}]"", ""[{\""batch_size\"": 1, \""s\"": 6145, \""prefix\"": 0, \""path\"": \""diagnostic_forced_prefix_ops\""}]"", ""[{\""batch_size\"": 1, \""s\"": 6145, \""prefix\"": 0, \""path\"": \""diagnostic_forced_prefix_ops\""}]"", ""[{\""batch_size\"": 1, \""s\"": 6145, \""prefix\"": 0, \""path\"": \""diagnostic_forced_prefix_ops\""}]""]","[{""real_component"": ""attn_mha"", ""kernel_short_name"": ""device_kernel"", ""avg_kernel_gpu_time_ms"": 1.3241856}, {""real_component"": ""o_proj"", ""kernel_short_name"": ""sm90_fp8_gemm_1d2d_impl"", ""avg_kernel_gpu_time_ms"": 1.1010681999999998}, {""real_component"": ""kv_b_proj"", ""kernel_short_name"": ""sm90_fp8_gemm_1d2d_impl"", ""avg_kernel_gpu_time_ms"": 0.5473472}, {""real_component"": ""q_b_proj"", ""kernel_short_name"": ""sm90_fp8_gemm_1d2d_impl"", ""avg_kernel_gpu_time_ms"": 0.4265088}, {""real_component"": ""fused_qkv_a_proj_with_mqa"", ""kernel_short_name"": ""sm90_fp8_gemm_1d2d_impl"", ""avg_kernel_gpu_time_ms"": 0.195296}]"
agg_aic_p0_decode_heavy_b17_isl2048_ctx2048,C05,"C05
P1x2048+0
D16x2048",P b1 ctx2048 | isl2048 pre0 | D b16 kv2048,strict_prefix0,prefill,2064.0,5,2048,0,8192,4,1,8191,2048,qkv_a_proj,qkv_a_proj,"[""fused_qkv_a_proj_with_mqa""]","[""context_downscale_gemm""]",0.0817728,0.0798208,0.24566652184456692,-0.1638937218445669,0.332860983197937,both,Real fused_qkv_a_proj_with_mqa includes q_a/kv_a projection path and fp8 activation quant kernel. AIC context_downscale_gemm is a standalone SDK GEMM op before context_mla_block; collector fp8 GEMM uses pre-quantized inputs and usually excludes runtime activation quantization.,"[""diagnostic_forced_prefix_ops""]","[""[{\""batch_size\"": 1, \""s\"": 8193, \""prefix\"": 0, \""path\"": \""diagnostic_forced_prefix_ops\""}]""]","[{""real_component"": ""fused_qkv_a_proj_with_mqa"", ""kernel_short_name"": ""sm90_fp8_gemm_1d2d_impl"", ""avg_kernel_gpu_time_ms"": 0.0594688}, {""real_component"": ""fused_qkv_a_proj_with_mqa"", ""kernel_short_name"": ""per_token_group_quant_8bit_kernel"", ""avg_kernel_gpu_time_ms"": 0.020352000000000002}]"
agg_aic_p0_decode_heavy_b17_isl2048_ctx2048,C05,"C05
P1x2048+0
D16x2048",P b1 ctx2048 | isl2048 pre0 | D b16 kv2048,strict_prefix0,prefill,2064.0,5,2048,0,8192,4,1,8191,2048,q_a_layernorm,q_a_layernorm,"[""q_a_layernorm""]",[],0.005568,0.005568,0.0,,,real_only,Real has an explicit q_a RMSNorm child range; ordinary DeepSeekModel MLA path does not model it as a separate SDK op.,[],[],"[{""real_component"": ""q_a_layernorm"", ""kernel_short_name"": ""RMSNormKernel"", ""avg_kernel_gpu_time_ms"": 0.005568}]"
agg_aic_p0_decode_heavy_b17_isl2048_ctx2048,C05,"C05
P1x2048+0
D16x2048",P b1 ctx2048 | isl2048 pre0 | D b16 kv2048,strict_prefix0,prefill,2064.0,5,2048,0,8192,4,1,8191,2048,kv_a_layernorm,kv_a_layernorm,"[""kv_a_layernorm""]",[],0.0052224,0.0052224,0.0,,,real_only,Real has an explicit kv_a RMSNorm child range; ordinary DeepSeekModel MLA path does not model it as a separate SDK op.,[],[],"[{""real_component"": ""kv_a_layernorm"", ""kernel_short_name"": ""RMSNormKernel"", ""avg_kernel_gpu_time_ms"": 0.0052224}]"
agg_aic_p0_decode_heavy_b17_isl2048_ctx2048,C05,"C05
P1x2048+0
D16x2048",P b1 ctx2048 | isl2048 pre0 | D b16 kv2048,strict_prefix0,prefill,2064.0,5,2048,0,8192,4,1,8191,2048,q_b_proj,q_b_proj,"[""q_b_proj""]","[""context_q_b_proj_gemm""]",0.13200620000000002,0.1305278,0.48832115386171404,-0.356314953861714,0.270326605669396,both,"Both sides represent q_b projection, but real fp8 path includes activation quantization plus DeepGEMM kernels.","[""diagnostic_forced_prefix_ops""]","[""[{\""batch_size\"": 1, \""s\"": 8193, \""prefix\"": 0, \""path\"": \""diagnostic_forced_prefix_ops\""}]""]","[{""real_component"": ""q_b_proj"", ""kernel_short_name"": ""sm90_fp8_gemm_1d2d_impl"", ""avg_kernel_gpu_time_ms"": 0.1256062}, {""real_component"": ""q_b_proj"", ""kernel_short_name"": ""per_token_group_quant_8bit_kernel"", ""avg_kernel_gpu_time_ms"": 0.0049216}]"
agg_aic_p0_decode_heavy_b17_isl2048_ctx2048,C05,"C05
P1x2048+0
D16x2048",P b1 ctx2048 | isl2048 pre0 | D b16 kv2048,strict_prefix0,prefill,2064.0,5,2048,0,8192,4,1,8191,2048,kv_b_proj,kv_b_proj,"[""kv_b_proj""]","[""context_kv_b_proj_gemm""]",1.2606443999999999,1.258686,0.31023981161592484,0.950404588384075,4.063451410164826,both,Present as a separate real child mainly for attn_mha/prefill cases; MQA cases often fold or omit this child.,"[""diagnostic_forced_prefix_ops""]","[""[{\""batch_size\"": 1, \""s\"": 8193, \""prefix\"": 0, \""path\"": \""diagnostic_forced_prefix_ops\""}]""]","[{""real_component"": ""kv_b_proj"", ""kernel_short_name"": ""sm90_fp8_gemm_1d2d_impl"", ""avg_kernel_gpu_time_ms"": 1.2349869999999998}, {""real_component"": ""kv_b_proj"", ""kernel_short_name"": ""per_token_group_quant_8bit_kernel"", ""avg_kernel_gpu_time_ms"": 0.023699}]"
agg_aic_p0_decode_heavy_b17_isl2048_ctx2048,C05,"C05
P1x2048+0
D16x2048",P b1 ctx2048 | isl2048 pre0 | D b16 kv2048,strict_prefix0,prefill,2064.0,5,2048,0,8192,4,1,8191,2048,mla_concat_k,mla_concat_k,[],"[""context_mla_concat_k""]",0.0,0.0,0.23561389496317134,,,aic_only,AIC prefix/granular path models SGLang MLA K concat as a separate op; real trace usually exposes concat_mla_k_kernel inside surrounding child ranges.,"[""diagnostic_forced_prefix_ops""]","[""[{\""batch_size\"": 1, \""s\"": 8193, \""prefix\"": 0, \""path\"": \""diagnostic_forced_prefix_ops\""}]""]",[]
agg_aic_p0_decode_heavy_b17_isl2048_ctx2048,C05,"C05
P1x2048+0
D16x2048",P b1 ctx2048 | isl2048 pre0 | D b16 kv2048,strict_prefix0,prefill,2064.0,5,2048,0,8192,4,1,8191,2048,rotary_emb,rotary_emb,"[""rotary_emb""]",[],0.026534400000000003,0.026534400000000003,0.0,,,real_only,Real has an explicit RoPE child range; AIC context MLA path does not expose a separate RoPE SDK op.,[],[],"[{""real_component"": ""rotary_emb"", ""kernel_short_name"": ""BatchQKApplyRotaryPosIdsCosSinCacheHeadParallelismKernel"", ""avg_kernel_gpu_time_ms"": 0.026534400000000003}]"
agg_aic_p0_decode_heavy_b17_isl2048_ctx2048,C05,"C05
P1x2048+0
D16x2048",P b1 ctx2048 | isl2048 pre0 | D b16 kv2048,strict_prefix0,prefill,2064.0,5,2048,0,8192,4,1,8191,2048,attention,attention,"[""attn_mha""]","[""context_attention""]",1.1917424,1.1916848,1.3545455932617188,-0.16280319326171866,0.8798097354038177,both,Real attention may be attn_mha or attn_mqa depending on SGLang scheduling/backend choice. AIC context_attention is queried with the second-pass run_agg context-attention shape and scale correction.,"[""diagnostic_forced_prefix_ops_attention_second_pass""]","[""[{\""batch_size\"": 4, \""s\"": 2048, \""prefix\"": 0, \""path\"": \""diagnostic_forced_prefix_ops_attention_second_pass\""}]""]","[{""real_component"": ""attn_mha"", ""kernel_short_name"": ""device_kernel"", ""avg_kernel_gpu_time_ms"": 1.1882031999999998}, {""real_component"": ""attn_mha"", ""kernel_short_name"": ""prepare_varlen_num_blocks_kernel"", ""avg_kernel_gpu_time_ms"": 0.0034816}]"
agg_aic_p0_decode_heavy_b17_isl2048_ctx2048,C05,"C05
P1x2048+0
D16x2048",P b1 ctx2048 | isl2048 pre0 | D b16 kv2048,strict_prefix0,prefill,2064.0,5,2048,0,8192,4,1,8191,2048,o_proj,o_proj,"[""o_proj""]","[""context_proj_gemm""]",0.379385,0.3779194,1.5220019002833094,-1.1426169002833095,0.24926710008008549,both,"Both sides represent output projection, but real fp8 path includes activation quantization plus DeepGEMM kernels.","[""diagnostic_forced_prefix_ops""]","[""[{\""batch_size\"": 1, \""s\"": 8193, \""prefix\"": 0, \""path\"": \""diagnostic_forced_prefix_ops\""}]""]","[{""real_component"": ""o_proj"", ""kernel_short_name"": ""sm90_fp8_gemm_1d2d_impl"", ""avg_kernel_gpu_time_ms"": 0.3366458}, {""real_component"": ""o_proj"", ""kernel_short_name"": ""per_token_group_quant_8bit_kernel"", ""avg_kernel_gpu_time_ms"": 0.0412736}]"
agg_aic_p0_decode_heavy_b17_isl2048_ctx2048,C05,"C05
P1x2048+0
D16x2048",P b1 ctx2048 | isl2048 pre0 | D b16 kv2048,strict_prefix0,prefill,2064.0,5,2048,0,8192,4,1,8191,2048,mla_total,MLA total,"[""attn_mha"", ""fused_qkv_a_proj_with_mqa"", ""kv_a_layernorm"", ""kv_b_proj"", ""o_proj"", ""q_a_layernorm"", ""q_b_proj"", ""rotary_emb""]","[""context_attention"", ""context_downscale_gemm"", ""context_kv_b_proj_gemm"", ""context_mla_concat_k"", ""context_proj_gemm"", ""context_q_b_proj_gemm""]",3.0828756,3.0759636000000006,4.156388875830405,-1.0735132758304053,0.74171972163795,both,Roll-up of MLA child/operator pieces only; excludes MoE/FFN/embedding/logits and excludes generation-only steps.,"[""diagnostic_forced_prefix_ops"", ""diagnostic_forced_prefix_ops_attention_second_pass""]","[""[{\""batch_size\"": 4, \""s\"": 2048, \""prefix\"": 0, \""path\"": \""diagnostic_forced_prefix_ops_attention_second_pass\""}]"", ""[{\""batch_size\"": 1, \""s\"": 8193, \""prefix\"": 0, \""path\"": \""diagnostic_forced_prefix_ops\""}]"", ""[{\""batch_size\"": 1, \""s\"": 8193, \""prefix\"": 0, \""path\"": \""diagnostic_forced_prefix_ops\""}]"", ""[{\""batch_size\"": 1, \""s\"": 8193, \""prefix\"": 0, \""path\"": \""diagnostic_forced_prefix_ops\""}]"", ""[{\""batch_size\"": 1, \""s\"": 8193, \""prefix\"": 0, \""path\"": \""diagnostic_forced_prefix_ops\""}]"", ""[{\""batch_size\"": 1, \""s\"": 8193, \""prefix\"": 0, \""path\"": \""diagnostic_forced_prefix_ops\""}]""]","[{""real_component"": ""kv_b_proj"", ""kernel_short_name"": ""sm90_fp8_gemm_1d2d_impl"", ""avg_kernel_gpu_time_ms"": 1.2349869999999998}, {""real_component"": ""attn_mha"", ""kernel_short_name"": ""device_kernel"", ""avg_kernel_gpu_time_ms"": 1.1882031999999998}, {""real_component"": ""o_proj"", ""kernel_short_name"": ""sm90_fp8_gemm_1d2d_impl"", ""avg_kernel_gpu_time_ms"": 0.3366458}, {""real_component"": ""q_b_proj"", ""kernel_short_name"": ""sm90_fp8_gemm_1d2d_impl"", ""avg_kernel_gpu_time_ms"": 0.1256062}, {""real_component"": ""fused_qkv_a_proj_with_mqa"", ""kernel_short_name"": ""sm90_fp8_gemm_1d2d_impl"", ""avg_kernel_gpu_time_ms"": 0.0594688}]"
agg_aic_p0_chunk_b9_isl8192_ctx8192,C06,"C06
P1x8192+0
D8x8192",P b1 ctx8192 | isl8192 pre0 | D b8 kv8192,strict_prefix0,prefill,8192.0,2,8192,0,8192,1,1,8191,8192,qkv_a_proj,qkv_a_proj,"[""fused_qkv_a_proj_with_mqa""]","[""context_downscale_gemm""]",0.27456,0.27307519999999996,0.24566652184456692,0.02889347815543311,1.1176125991384125,both,Real fused_qkv_a_proj_with_mqa includes q_a/kv_a projection path and fp8 activation quant kernel. AIC context_downscale_gemm is a standalone SDK GEMM op before context_mla_block; collector fp8 GEMM uses pre-quantized inputs and usually excludes runtime activation quantization.,"[""diagnostic_forced_prefix_ops""]","[""[{\""batch_size\"": 1, \""s\"": 8193, \""prefix\"": 0, \""path\"": \""diagnostic_forced_prefix_ops\""}]""]","[{""real_component"": ""fused_qkv_a_proj_with_mqa"", ""kernel_short_name"": ""sm90_fp8_gemm_1d2d_impl"", ""avg_kernel_gpu_time_ms"": 0.19852799999999998}, {""real_component"": ""fused_qkv_a_proj_with_mqa"", ""kernel_short_name"": ""per_token_group_quant_8bit_kernel"", ""avg_kernel_gpu_time_ms"": 0.0745472}]"
agg_aic_p0_chunk_b9_isl8192_ctx8192,C06,"C06
P1x8192+0
D8x8192",P b1 ctx8192 | isl8192 pre0 | D b8 kv8192,strict_prefix0,prefill,8192.0,2,8192,0,8192,1,1,8191,8192,q_a_layernorm,q_a_layernorm,"[""q_a_layernorm""]",[],0.0177536,0.0177536,0.0,,,real_only,Real has an explicit q_a RMSNorm child range; ordinary DeepSeekModel MLA path does not model it as a separate SDK op.,[],[],"[{""real_component"": ""q_a_layernorm"", ""kernel_short_name"": ""RMSNormKernel"", ""avg_kernel_gpu_time_ms"": 0.0177536}]"
agg_aic_p0_chunk_b9_isl8192_ctx8192,C06,"C06
P1x8192+0
D8x8192",P b1 ctx8192 | isl8192 pre0 | D b8 kv8192,strict_prefix0,prefill,8192.0,2,8192,0,8192,1,1,8191,8192,kv_a_layernorm,kv_a_layernorm,"[""kv_a_layernorm""]",[],0.013062399999999998,0.013062399999999998,0.0,,,real_only,Real has an explicit kv_a RMSNorm child range; ordinary DeepSeekModel MLA path does not model it as a separate SDK op.,[],[],"[{""real_component"": ""kv_a_layernorm"", ""kernel_short_name"": ""RMSNormKernel"", ""avg_kernel_gpu_time_ms"": 0.013062399999999998}]"
agg_aic_p0_chunk_b9_isl8192_ctx8192,C06,"C06
P1x8192+0
D8x8192",P b1 ctx8192 | isl8192 pre0 | D b8 kv8192,strict_prefix0,prefill,8192.0,2,8192,0,8192,1,1,8191,8192,q_b_proj,q_b_proj,"[""q_b_proj""]","[""context_q_b_proj_gemm""]",0.452608,0.4509632,0.48832115386171404,-0.03571315386171403,0.9268654376750028,both,"Both sides represent q_b projection, but real fp8 path includes activation quantization plus DeepGEMM kernels.","[""diagnostic_forced_prefix_ops""]","[""[{\""batch_size\"": 1, \""s\"": 8193, \""prefix\"": 0, \""path\"": \""diagnostic_forced_prefix_ops\""}]""]","[{""real_component"": ""q_b_proj"", ""kernel_short_name"": ""sm90_fp8_gemm_1d2d_impl"", ""avg_kernel_gpu_time_ms"": 0.4346496}, {""real_component"": ""q_b_proj"", ""kernel_short_name"": ""per_token_group_quant_8bit_kernel"", ""avg_kernel_gpu_time_ms"": 0.0163136}]"
agg_aic_p0_chunk_b9_isl8192_ctx8192,C06,"C06
P1x8192+0
D8x8192",P b1 ctx8192 | isl8192 pre0 | D b8 kv8192,strict_prefix0,prefill,8192.0,2,8192,0,8192,1,1,8191,8192,kv_b_proj,kv_b_proj,"[""kv_b_proj""]","[""context_kv_b_proj_gemm""]",2.9264956,2.9249276,0.31023981161592484,2.616255788384075,9.43301114307981,both,Present as a separate real child mainly for attn_mha/prefill cases; MQA cases often fold or omit this child.,"[""diagnostic_forced_prefix_ops""]","[""[{\""batch_size\"": 1, \""s\"": 8193, \""prefix\"": 0, \""path\"": \""diagnostic_forced_prefix_ops\""}]""]","[{""real_component"": ""kv_b_proj"", ""kernel_short_name"": ""sm90_fp8_gemm_1d2d_impl"", ""avg_kernel_gpu_time_ms"": 2.87703}, {""real_component"": ""kv_b_proj"", ""kernel_short_name"": ""per_token_group_quant_8bit_kernel"", ""avg_kernel_gpu_time_ms"": 0.0478976}]"
agg_aic_p0_chunk_b9_isl8192_ctx8192,C06,"C06
P1x8192+0
D8x8192",P b1 ctx8192 | isl8192 pre0 | D b8 kv8192,strict_prefix0,prefill,8192.0,2,8192,0,8192,1,1,8191,8192,mla_concat_k,mla_concat_k,[],"[""context_mla_concat_k""]",0.0,0.0,0.23561389496317134,,,aic_only,AIC prefix/granular path models SGLang MLA K concat as a separate op; real trace usually exposes concat_mla_k_kernel inside surrounding child ranges.,"[""diagnostic_forced_prefix_ops""]","[""[{\""batch_size\"": 1, \""s\"": 8193, \""prefix\"": 0, \""path\"": \""diagnostic_forced_prefix_ops\""}]""]",[]
agg_aic_p0_chunk_b9_isl8192_ctx8192,C06,"C06
P1x8192+0
D8x8192",P b1 ctx8192 | isl8192 pre0 | D b8 kv8192,strict_prefix0,prefill,8192.0,2,8192,0,8192,1,1,8191,8192,rotary_emb,rotary_emb,"[""rotary_emb""]",[],0.1064768,0.1064768,0.0,,,real_only,Real has an explicit RoPE child range; AIC context MLA path does not expose a separate RoPE SDK op.,[],[],"[{""real_component"": ""rotary_emb"", ""kernel_short_name"": ""BatchQKApplyRotaryPosIdsCosSinCacheHeadParallelismKernel"", ""avg_kernel_gpu_time_ms"": 0.1064768}]"
agg_aic_p0_chunk_b9_isl8192_ctx8192,C06,"C06
P1x8192+0
D8x8192",P b1 ctx8192 | isl8192 pre0 | D b8 kv8192,strict_prefix0,prefill,8192.0,2,8192,0,8192,1,1,8191,8192,attention,attention,"[""attn_mha""]","[""context_attention""]",5.239096999999999,5.239033,3.7315151214599616,1.5075818785400377,1.4040133376037864,both,Real attention may be attn_mha or attn_mqa depending on SGLang scheduling/backend choice. AIC context_attention is queried with the second-pass run_agg context-attention shape and scale correction.,"[""diagnostic_forced_prefix_ops_attention_second_pass""]","[""[{\""batch_size\"": 1, \""s\"": 8192, \""prefix\"": 0, \""path\"": \""diagnostic_forced_prefix_ops_attention_second_pass\""}]""]","[{""real_component"": ""attn_mha"", ""kernel_short_name"": ""device_kernel"", ""avg_kernel_gpu_time_ms"": 5.2355834}, {""real_component"": ""attn_mha"", ""kernel_short_name"": ""prepare_varlen_num_blocks_kernel"", ""avg_kernel_gpu_time_ms"": 0.0034495999999999997}]"
agg_aic_p0_chunk_b9_isl8192_ctx8192,C06,"C06
P1x8192+0
D8x8192",P b1 ctx8192 | isl8192 pre0 | D b8 kv8192,strict_prefix0,prefill,8192.0,2,8192,0,8192,1,1,8191,8192,o_proj,o_proj,"[""o_proj""]","[""context_proj_gemm""]",1.2926016,1.2908928,1.5220019002833094,-0.22940030028330938,0.8492772576429712,both,"Both sides represent output projection, but real fp8 path includes activation quantization plus DeepGEMM kernels.","[""diagnostic_forced_prefix_ops""]","[""[{\""batch_size\"": 1, \""s\"": 8193, \""prefix\"": 0, \""path\"": \""diagnostic_forced_prefix_ops\""}]""]","[{""real_component"": ""o_proj"", ""kernel_short_name"": ""sm90_fp8_gemm_1d2d_impl"", ""avg_kernel_gpu_time_ms"": 1.1298368}, {""real_component"": ""o_proj"", ""kernel_short_name"": ""per_token_group_quant_8bit_kernel"", ""avg_kernel_gpu_time_ms"": 0.161056}]"
agg_aic_p0_chunk_b9_isl8192_ctx8192,C06,"C06
P1x8192+0
D8x8192",P b1 ctx8192 | isl8192 pre0 | D b8 kv8192,strict_prefix0,prefill,8192.0,2,8192,0,8192,1,1,8191,8192,mla_total,MLA total,"[""attn_mha"", ""fused_qkv_a_proj_with_mqa"", ""kv_a_layernorm"", ""kv_b_proj"", ""o_proj"", ""q_a_layernorm"", ""q_b_proj"", ""rotary_emb""]","[""context_attention"", ""context_downscale_gemm"", ""context_kv_b_proj_gemm"", ""context_mla_concat_k"", ""context_proj_gemm"", ""context_q_b_proj_gemm""]",10.322655000000001,10.3161846,6.5333584040286485,3.7892965959713525,1.579992151300741,both,Roll-up of MLA child/operator pieces only; excludes MoE/FFN/embedding/logits and excludes generation-only steps.,"[""diagnostic_forced_prefix_ops"", ""diagnostic_forced_prefix_ops_attention_second_pass""]","[""[{\""batch_size\"": 1, \""s\"": 8192, \""prefix\"": 0, \""path\"": \""diagnostic_forced_prefix_ops_attention_second_pass\""}]"", ""[{\""batch_size\"": 1, \""s\"": 8193, \""prefix\"": 0, \""path\"": \""diagnostic_forced_prefix_ops\""}]"", ""[{\""batch_size\"": 1, \""s\"": 8193, \""prefix\"": 0, \""path\"": \""diagnostic_forced_prefix_ops\""}]"", ""[{\""batch_size\"": 1, \""s\"": 8193, \""prefix\"": 0, \""path\"": \""diagnostic_forced_prefix_ops\""}]"", ""[{\""batch_size\"": 1, \""s\"": 8193, \""prefix\"": 0, \""path\"": \""diagnostic_forced_prefix_ops\""}]"", ""[{\""batch_size\"": 1, \""s\"": 8193, \""prefix\"": 0, \""path\"": \""diagnostic_forced_prefix_ops\""}]""]","[{""real_component"": ""attn_mha"", ""kernel_short_name"": ""device_kernel"", ""avg_kernel_gpu_time_ms"": 5.2355834}, {""real_component"": ""kv_b_proj"", ""kernel_short_name"": ""sm90_fp8_gemm_1d2d_impl"", ""avg_kernel_gpu_time_ms"": 2.87703}, {""real_component"": ""o_proj"", ""kernel_short_name"": ""sm90_fp8_gemm_1d2d_impl"", ""avg_kernel_gpu_time_ms"": 1.1298368}, {""real_component"": ""q_b_proj"", ""kernel_short_name"": ""sm90_fp8_gemm_1d2d_impl"", ""avg_kernel_gpu_time_ms"": 0.4346496}, {""real_component"": ""fused_qkv_a_proj_with_mqa"", ""kernel_short_name"": ""sm90_fp8_gemm_1d2d_impl"", ""avg_kernel_gpu_time_ms"": 0.19852799999999998}]"
agg_aic_p0_dense_b36_isl1024_ctx4096,C07,"C07
P4x1024+0
D32x1024",P b4 ctx4096 | isl1024 pre0 | D b32 kv1024,strict_prefix0,prefill,4128.0,9,1024,0,8192,8,1,8191,1024,qkv_a_proj,qkv_a_proj,"[""fused_qkv_a_proj_with_mqa""]","[""context_downscale_gemm""]",0.14535019999999998,0.14312940000000002,0.24566652184456692,-0.10031632184456693,0.5916565224624419,both,Real fused_qkv_a_proj_with_mqa includes q_a/kv_a projection path and fp8 activation quant kernel. AIC context_downscale_gemm is a standalone SDK GEMM op before context_mla_block; collector fp8 GEMM uses pre-quantized inputs and usually excludes runtime activation quantization.,"[""diagnostic_forced_prefix_ops""]","[""[{\""batch_size\"": 1, \""s\"": 8193, \""prefix\"": 0, \""path\"": \""diagnostic_forced_prefix_ops\""}]""]","[{""real_component"": ""fused_qkv_a_proj_with_mqa"", ""kernel_short_name"": ""sm90_fp8_gemm_1d2d_impl"", ""avg_kernel_gpu_time_ms"": 0.10403180000000001}, {""real_component"": ""fused_qkv_a_proj_with_mqa"", ""kernel_short_name"": ""per_token_group_quant_8bit_kernel"", ""avg_kernel_gpu_time_ms"": 0.039097599999999996}]"
agg_aic_p0_dense_b36_isl1024_ctx4096,C07,"C07
P4x1024+0
D32x1024",P b4 ctx4096 | isl1024 pre0 | D b32 kv1024,strict_prefix0,prefill,4128.0,9,1024,0,8192,8,1,8191,1024,q_a_layernorm,q_a_layernorm,"[""q_a_layernorm""]",[],0.0094464,0.0094464,0.0,,,real_only,Real has an explicit q_a RMSNorm child range; ordinary DeepSeekModel MLA path does not model it as a separate SDK op.,[],[],"[{""real_component"": ""q_a_layernorm"", ""kernel_short_name"": ""RMSNormKernel"", ""avg_kernel_gpu_time_ms"": 0.0094464}]"
agg_aic_p0_dense_b36_isl1024_ctx4096,C07,"C07
P4x1024+0
D32x1024",P b4 ctx4096 | isl1024 pre0 | D b32 kv1024,strict_prefix0,prefill,4128.0,9,1024,0,8192,8,1,8191,1024,kv_a_layernorm,kv_a_layernorm,"[""kv_a_layernorm""]",[],0.0085376,0.0085376,0.0,,,real_only,Real has an explicit kv_a RMSNorm child range; ordinary DeepSeekModel MLA path does not model it as a separate SDK op.,[],[],"[{""real_component"": ""kv_a_layernorm"", ""kernel_short_name"": ""RMSNormKernel"", ""avg_kernel_gpu_time_ms"": 0.0085376}]"
agg_aic_p0_dense_b36_isl1024_ctx4096,C07,"C07
P4x1024+0
D32x1024",P b4 ctx4096 | isl1024 pre0 | D b32 kv1024,strict_prefix0,prefill,4128.0,9,1024,0,8192,8,1,8191,1024,q_b_proj,q_b_proj,"[""q_b_proj""]","[""context_q_b_proj_gemm""]",0.237881,0.236537,0.48832115386171404,-0.25044015386171403,0.4871404773657721,both,"Both sides represent q_b projection, but real fp8 path includes activation quantization plus DeepGEMM kernels.","[""diagnostic_forced_prefix_ops""]","[""[{\""batch_size\"": 1, \""s\"": 8193, \""prefix\"": 0, \""path\"": \""diagnostic_forced_prefix_ops\""}]""]","[{""real_component"": ""q_b_proj"", ""kernel_short_name"": ""sm90_fp8_gemm_1d2d_impl"", ""avg_kernel_gpu_time_ms"": 0.2287226}, {""real_component"": ""q_b_proj"", ""kernel_short_name"": ""per_token_group_quant_8bit_kernel"", ""avg_kernel_gpu_time_ms"": 0.007814399999999999}]"
agg_aic_p0_dense_b36_isl1024_ctx4096,C07,"C07
P4x1024+0
D32x1024",P b4 ctx4096 | isl1024 pre0 | D b32 kv1024,strict_prefix0,prefill,4128.0,9,1024,0,8192,8,1,8191,1024,kv_b_proj,kv_b_proj,"[""kv_b_proj""]","[""context_kv_b_proj_gemm""]",1.3322606000000001,1.3304238,0.31023981161592484,1.0220207883840753,4.294292834503559,both,Present as a separate real child mainly for attn_mha/prefill cases; MQA cases often fold or omit this child.,"[""diagnostic_forced_prefix_ops""]","[""[{\""batch_size\"": 1, \""s\"": 8193, \""prefix\"": 0, \""path\"": \""diagnostic_forced_prefix_ops\""}]""]","[{""real_component"": ""kv_b_proj"", ""kernel_short_name"": ""sm90_fp8_gemm_1d2d_impl"", ""avg_kernel_gpu_time_ms"": 1.3053998}, {""real_component"": ""kv_b_proj"", ""kernel_short_name"": ""per_token_group_quant_8bit_kernel"", ""avg_kernel_gpu_time_ms"": 0.025024}]"
agg_aic_p0_dense_b36_isl1024_ctx4096,C07,"C07
P4x1024+0
D32x1024",P b4 ctx4096 | isl1024 pre0 | D b32 kv1024,strict_prefix0,prefill,4128.0,9,1024,0,8192,8,1,8191,1024,mla_concat_k,mla_concat_k,[],"[""context_mla_concat_k""]",0.0,0.0,0.23561389496317134,,,aic_only,AIC prefix/granular path models SGLang MLA K concat as a separate op; real trace usually exposes concat_mla_k_kernel inside surrounding child ranges.,"[""diagnostic_forced_prefix_ops""]","[""[{\""batch_size\"": 1, \""s\"": 8193, \""prefix\"": 0, \""path\"": \""diagnostic_forced_prefix_ops\""}]""]",[]
agg_aic_p0_dense_b36_isl1024_ctx4096,C07,"C07
P4x1024+0
D32x1024",P b4 ctx4096 | isl1024 pre0 | D b32 kv1024,strict_prefix0,prefill,4128.0,9,1024,0,8192,8,1,8191,1024,rotary_emb,rotary_emb,"[""rotary_emb""]",[],0.0528574,0.0528574,0.0,,,real_only,Real has an explicit RoPE child range; AIC context MLA path does not expose a separate RoPE SDK op.,[],[],"[{""real_component"": ""rotary_emb"", ""kernel_short_name"": ""BatchQKApplyRotaryPosIdsCosSinCacheHeadParallelismKernel"", ""avg_kernel_gpu_time_ms"": 0.0528574}]"
agg_aic_p0_dense_b36_isl1024_ctx4096,C07,"C07
P4x1024+0
D32x1024",P b4 ctx4096 | isl1024 pre0 | D b32 kv1024,strict_prefix0,prefill,4128.0,9,1024,0,8192,8,1,8191,1024,attention,attention,"[""attn_mha""]","[""context_attention""]",1.3256044,1.3255596,1.0010704040527343,0.32453399594726573,1.3241869848848014,both,Real attention may be attn_mha or attn_mqa depending on SGLang scheduling/backend choice. AIC context_attention is queried with the second-pass run_agg context-attention shape and scale correction.,"[""diagnostic_forced_prefix_ops_attention_second_pass""]","[""[{\""batch_size\"": 8, \""s\"": 1024, \""prefix\"": 0, \""path\"": \""diagnostic_forced_prefix_ops_attention_second_pass\""}]""]","[{""real_component"": ""attn_mha"", ""kernel_short_name"": ""device_kernel"", ""avg_kernel_gpu_time_ms"": 1.321886}, {""real_component"": ""attn_mha"", ""kernel_short_name"": ""prepare_varlen_num_blocks_kernel"", ""avg_kernel_gpu_time_ms"": 0.0036736}]"
agg_aic_p0_dense_b36_isl1024_ctx4096,C07,"C07
P4x1024+0
D32x1024",P b4 ctx4096 | isl1024 pre0 | D b32 kv1024,strict_prefix0,prefill,4128.0,9,1024,0,8192,8,1,8191,1024,o_proj,o_proj,"[""o_proj""]","[""context_proj_gemm""]",0.7142326,0.7125366,1.5220019002833094,-0.8077693002833094,0.4692718188243069,both,"Both sides represent output projection, but real fp8 path includes activation quantization plus DeepGEMM kernels.","[""diagnostic_forced_prefix_ops""]","[""[{\""batch_size\"": 1, \""s\"": 8193, \""prefix\"": 0, \""path\"": \""diagnostic_forced_prefix_ops\""}]""]","[{""real_component"": ""o_proj"", ""kernel_short_name"": ""sm90_fp8_gemm_1d2d_impl"", ""avg_kernel_gpu_time_ms"": 0.6313397999999999}, {""real_component"": ""o_proj"", ""kernel_short_name"": ""per_token_group_quant_8bit_kernel"", ""avg_kernel_gpu_time_ms"": 0.0811968}]"
agg_aic_p0_dense_b36_isl1024_ctx4096,C07,"C07
P4x1024+0
D32x1024",P b4 ctx4096 | isl1024 pre0 | D b32 kv1024,strict_prefix0,prefill,4128.0,9,1024,0,8192,8,1,8191,1024,mla_total,MLA total,"[""attn_mha"", ""fused_qkv_a_proj_with_mqa"", ""kv_a_layernorm"", ""kv_b_proj"", ""o_proj"", ""q_a_layernorm"", ""q_b_proj"", ""rotary_emb""]","[""context_attention"", ""context_downscale_gemm"", ""context_kv_b_proj_gemm"", ""context_mla_concat_k"", ""context_proj_gemm"", ""context_q_b_proj_gemm""]",3.8261702,3.8190277999999998,3.802913686621421,0.023256513378579147,1.0061154460224524,both,Roll-up of MLA child/operator pieces only; excludes MoE/FFN/embedding/logits and excludes generation-only steps.,"[""diagnostic_forced_prefix_ops"", ""diagnostic_forced_prefix_ops_attention_second_pass""]","[""[{\""batch_size\"": 8, \""s\"": 1024, \""prefix\"": 0, \""path\"": \""diagnostic_forced_prefix_ops_attention_second_pass\""}]"", ""[{\""batch_size\"": 1, \""s\"": 8193, \""prefix\"": 0, \""path\"": \""diagnostic_forced_prefix_ops\""}]"", ""[{\""batch_size\"": 1, \""s\"": 8193, \""prefix\"": 0, \""path\"": \""diagnostic_forced_prefix_ops\""}]"", ""[{\""batch_size\"": 1, \""s\"": 8193, \""prefix\"": 0, \""path\"": \""diagnostic_forced_prefix_ops\""}]"", ""[{\""batch_size\"": 1, \""s\"": 8193, \""prefix\"": 0, \""path\"": \""diagnostic_forced_prefix_ops\""}]"", ""[{\""batch_size\"": 1, \""s\"": 8193, \""prefix\"": 0, \""path\"": \""diagnostic_forced_prefix_ops\""}]""]","[{""real_component"": ""attn_mha"", ""kernel_short_name"": ""device_kernel"", ""avg_kernel_gpu_time_ms"": 1.321886}, {""real_component"": ""kv_b_proj"", ""kernel_short_name"": ""sm90_fp8_gemm_1d2d_impl"", ""avg_kernel_gpu_time_ms"": 1.3053998}, {""real_component"": ""o_proj"", ""kernel_short_name"": ""sm90_fp8_gemm_1d2d_impl"", ""avg_kernel_gpu_time_ms"": 0.6313397999999999}, {""real_component"": ""q_b_proj"", ""kernel_short_name"": ""sm90_fp8_gemm_1d2d_impl"", ""avg_kernel_gpu_time_ms"": 0.2287226}, {""real_component"": ""fused_qkv_a_proj_with_mqa"", ""kernel_short_name"": ""sm90_fp8_gemm_1d2d_impl"", ""avg_kernel_gpu_time_ms"": 0.10403180000000001}]"
agg_aic_p0_dense_prefill_b40_isl512_ctx4096,C08,"C08
P8x512+0
D32x512",P b8 ctx4096 | isl512 pre0 | D b32 kv512,strict_prefix0,prefill,4128.0,21,512,0,8192,16,5,8187,2560,qkv_a_proj,qkv_a_proj,"[""fused_qkv_a_proj_with_mqa""]","[""context_downscale_gemm""]",0.1448704,0.14313599999999999,0.24577319837475797,-0.10090279837475796,0.5894475107863464,both,Real fused_qkv_a_proj_with_mqa includes q_a/kv_a projection path and fp8 activation quant kernel. AIC context_downscale_gemm is a standalone SDK GEMM op before context_mla_block; collector fp8 GEMM uses pre-quantized inputs and usually excludes runtime activation quantization.,"[""diagnostic_forced_prefix_ops""]","[""[{\""batch_size\"": 1, \""s\"": 8197, \""prefix\"": 0, \""path\"": \""diagnostic_forced_prefix_ops\""}]""]","[{""real_component"": ""fused_qkv_a_proj_with_mqa"", ""kernel_short_name"": ""sm90_fp8_gemm_1d2d_impl"", ""avg_kernel_gpu_time_ms"": 0.1039232}, {""real_component"": ""fused_qkv_a_proj_with_mqa"", ""kernel_short_name"": ""per_token_group_quant_8bit_kernel"", ""avg_kernel_gpu_time_ms"": 0.0392128}]"
agg_aic_p0_dense_prefill_b40_isl512_ctx4096,C08,"C08
P8x512+0
D32x512",P b8 ctx4096 | isl512 pre0 | D b32 kv512,strict_prefix0,prefill,4128.0,21,512,0,8192,16,5,8187,2560,q_a_layernorm,q_a_layernorm,"[""q_a_layernorm""]",[],0.00944,0.00944,0.0,,,real_only,Real has an explicit q_a RMSNorm child range; ordinary DeepSeekModel MLA path does not model it as a separate SDK op.,[],[],"[{""real_component"": ""q_a_layernorm"", ""kernel_short_name"": ""RMSNormKernel"", ""avg_kernel_gpu_time_ms"": 0.00944}]"
agg_aic_p0_dense_prefill_b40_isl512_ctx4096,C08,"C08
P8x512+0
D32x512",P b8 ctx4096 | isl512 pre0 | D b32 kv512,strict_prefix0,prefill,4128.0,21,512,0,8192,16,5,8187,2560,kv_a_layernorm,kv_a_layernorm,"[""kv_a_layernorm""]",[],0.008224,0.008224,0.0,,,real_only,Real has an explicit kv_a RMSNorm child range; ordinary DeepSeekModel MLA path does not model it as a separate SDK op.,[],[],"[{""real_component"": ""kv_a_layernorm"", ""kernel_short_name"": ""RMSNormKernel"", ""avg_kernel_gpu_time_ms"": 0.008224}]"
agg_aic_p0_dense_prefill_b40_isl512_ctx4096,C08,"C08
P8x512+0
D32x512",P b8 ctx4096 | isl512 pre0 | D b32 kv512,strict_prefix0,prefill,4128.0,21,512,0,8192,16,5,8187,2560,q_b_proj,q_b_proj,"[""q_b_proj""]","[""context_q_b_proj_gemm""]",0.23651819999999998,0.2351806,0.4885556171594943,-0.25203741715949435,0.4841172462106521,both,"Both sides represent q_b projection, but real fp8 path includes activation quantization plus DeepGEMM kernels.","[""diagnostic_forced_prefix_ops""]","[""[{\""batch_size\"": 1, \""s\"": 8197, \""prefix\"": 0, \""path\"": \""diagnostic_forced_prefix_ops\""}]""]","[{""real_component"": ""q_b_proj"", ""kernel_short_name"": ""sm90_fp8_gemm_1d2d_impl"", ""avg_kernel_gpu_time_ms"": 0.2273342}, {""real_component"": ""q_b_proj"", ""kernel_short_name"": ""per_token_group_quant_8bit_kernel"", ""avg_kernel_gpu_time_ms"": 0.0078464}]"
agg_aic_p0_dense_prefill_b40_isl512_ctx4096,C08,"C08
P8x512+0
D32x512",P b8 ctx4096 | isl512 pre0 | D b32 kv512,strict_prefix0,prefill,4128.0,21,512,0,8192,16,5,8187,2560,kv_b_proj,kv_b_proj,"[""kv_b_proj""]","[""context_kv_b_proj_gemm""]",0.715571,0.7138622,0.3103798656794585,0.40519113432054144,2.3054684891802815,both,Present as a separate real child mainly for attn_mha/prefill cases; MQA cases often fold or omit this child.,"[""diagnostic_forced_prefix_ops""]","[""[{\""batch_size\"": 1, \""s\"": 8197, \""prefix\"": 0, \""path\"": \""diagnostic_forced_prefix_ops\""}]""]","[{""real_component"": ""kv_b_proj"", ""kernel_short_name"": ""sm90_fp8_gemm_1d2d_impl"", ""avg_kernel_gpu_time_ms"": 0.6992894}, {""real_component"": ""kv_b_proj"", ""kernel_short_name"": ""per_token_group_quant_8bit_kernel"", ""avg_kernel_gpu_time_ms"": 0.0145728}]"
agg_aic_p0_dense_prefill_b40_isl512_ctx4096,C08,"C08
P8x512+0
D32x512",P b8 ctx4096 | isl512 pre0 | D b32 kv512,strict_prefix0,prefill,4128.0,21,512,0,8192,16,5,8187,2560,mla_concat_k,mla_concat_k,[],"[""context_mla_concat_k""]",0.0,0.0,0.23572709810687228,,,aic_only,AIC prefix/granular path models SGLang MLA K concat as a separate op; real trace usually exposes concat_mla_k_kernel inside surrounding child ranges.,"[""diagnostic_forced_prefix_ops""]","[""[{\""batch_size\"": 1, \""s\"": 8197, \""prefix\"": 0, \""path\"": \""diagnostic_forced_prefix_ops\""}]""]",[]
agg_aic_p0_dense_prefill_b40_isl512_ctx4096,C08,"C08
P8x512+0
D32x512",P b8 ctx4096 | isl512 pre0 | D b32 kv512,strict_prefix0,prefill,4128.0,21,512,0,8192,16,5,8187,2560,rotary_emb,rotary_emb,"[""rotary_emb""]",[],0.052780799999999996,0.052780799999999996,0.0,,,real_only,Real has an explicit RoPE child range; AIC context MLA path does not expose a separate RoPE SDK op.,[],[],"[{""real_component"": ""rotary_emb"", ""kernel_short_name"": ""BatchQKApplyRotaryPosIdsCosSinCacheHeadParallelismKernel"", ""avg_kernel_gpu_time_ms"": 0.052780799999999996}]"
agg_aic_p0_dense_prefill_b40_isl512_ctx4096,C08,"C08
P8x512+0
D32x512",P b8 ctx4096 | isl512 pre0 | D b32 kv512,strict_prefix0,prefill,4128.0,21,512,0,8192,16,5,8187,2560,attention,attention,"[""attn_mha""]","[""context_attention""]",0.8010303999999999,0.8009789999999999,0.8382800102233888,-0.03724961022338891,0.9555642389546395,both,Real attention may be attn_mha or attn_mqa depending on SGLang scheduling/backend choice. AIC context_attention is queried with the second-pass run_agg context-attention shape and scale correction.,"[""diagnostic_forced_prefix_ops_attention_second_pass""]","[""[{\""batch_size\"": 16, \""s\"": 512, \""prefix\"": 0, \""path\"": \""diagnostic_forced_prefix_ops_attention_second_pass\""}]""]","[{""real_component"": ""attn_mha"", ""kernel_short_name"": ""device_kernel"", ""avg_kernel_gpu_time_ms"": 0.7972736}, {""real_component"": ""attn_mha"", ""kernel_short_name"": ""prepare_varlen_num_blocks_kernel"", ""avg_kernel_gpu_time_ms"": 0.0037054}]"
agg_aic_p0_dense_prefill_b40_isl512_ctx4096,C08,"C08
P8x512+0
D32x512",P b8 ctx4096 | isl512 pre0 | D b32 kv512,strict_prefix0,prefill,4128.0,21,512,0,8192,16,5,8187,2560,o_proj,o_proj,"[""o_proj""]","[""context_proj_gemm""]",0.7136064,0.711776,1.5228271385421976,-0.8092207385421977,0.4686063059548146,both,"Both sides represent output projection, but real fp8 path includes activation quantization plus DeepGEMM kernels.","[""diagnostic_forced_prefix_ops""]","[""[{\""batch_size\"": 1, \""s\"": 8197, \""prefix\"": 0, \""path\"": \""diagnostic_forced_prefix_ops\""}]""]","[{""real_component"": ""o_proj"", ""kernel_short_name"": ""sm90_fp8_gemm_1d2d_impl"", ""avg_kernel_gpu_time_ms"": 0.630336}, {""real_component"": ""o_proj"", ""kernel_short_name"": ""per_token_group_quant_8bit_kernel"", ""avg_kernel_gpu_time_ms"": 0.08144}]"
agg_aic_p0_dense_prefill_b40_isl512_ctx4096,C08,"C08
P8x512+0
D32x512",P b8 ctx4096 | isl512 pre0 | D b32 kv512,strict_prefix0,prefill,4128.0,21,512,0,8192,16,5,8187,2560,mla_total,MLA total,"[""attn_mha"", ""fused_qkv_a_proj_with_mqa"", ""kv_a_layernorm"", ""kv_b_proj"", ""o_proj"", ""q_a_layernorm"", ""q_b_proj"", ""rotary_emb""]","[""context_attention"", ""context_downscale_gemm"", ""context_kv_b_proj_gemm"", ""context_mla_concat_k"", ""context_proj_gemm"", ""context_q_b_proj_gemm""]",2.6820412,2.6753785999999997,3.6415429280861695,-0.9595017280861695,0.7365123116671756,both,Roll-up of MLA child/operator pieces only; excludes MoE/FFN/embedding/logits and excludes generation-only steps.,"[""diagnostic_forced_prefix_ops"", ""diagnostic_forced_prefix_ops_attention_second_pass""]","[""[{\""batch_size\"": 16, \""s\"": 512, \""prefix\"": 0, \""path\"": \""diagnostic_forced_prefix_ops_attention_second_pass\""}]"", ""[{\""batch_size\"": 1, \""s\"": 8197, \""prefix\"": 0, \""path\"": \""diagnostic_forced_prefix_ops\""}]"", ""[{\""batch_size\"": 1, \""s\"": 8197, \""prefix\"": 0, \""path\"": \""diagnostic_forced_prefix_ops\""}]"", ""[{\""batch_size\"": 1, \""s\"": 8197, \""prefix\"": 0, \""path\"": \""diagnostic_forced_prefix_ops\""}]"", ""[{\""batch_size\"": 1, \""s\"": 8197, \""prefix\"": 0, \""path\"": \""diagnostic_forced_prefix_ops\""}]"", ""[{\""batch_size\"": 1, \""s\"": 8197, \""prefix\"": 0, \""path\"": \""diagnostic_forced_prefix_ops\""}]""]","[{""real_component"": ""attn_mha"", ""kernel_short_name"": ""device_kernel"", ""avg_kernel_gpu_time_ms"": 0.7972736}, {""real_component"": ""kv_b_proj"", ""kernel_short_name"": ""sm90_fp8_gemm_1d2d_impl"", ""avg_kernel_gpu_time_ms"": 0.6992894}, {""real_component"": ""o_proj"", ""kernel_short_name"": ""sm90_fp8_gemm_1d2d_impl"", ""avg_kernel_gpu_time_ms"": 0.630336}, {""real_component"": ""q_b_proj"", ""kernel_short_name"": ""sm90_fp8_gemm_1d2d_impl"", ""avg_kernel_gpu_time_ms"": 0.2273342}, {""real_component"": ""fused_qkv_a_proj_with_mqa"", ""kernel_short_name"": ""sm90_fp8_gemm_1d2d_impl"", ""avg_kernel_gpu_time_ms"": 0.1039232}]"
agg_aic_p0_longctx_b8_isl4096_ctx8192,C09,"C09
P2x4096+0
D6x4096",P b2 ctx8192 | isl4096 pre0 | D b6 kv4096,strict_prefix0,prefill,8192.0,4,4096,0,8192,2,2,8190,8192,qkv_a_proj,qkv_a_proj,"[""fused_qkv_a_proj_with_mqa""]","[""context_downscale_gemm""]",0.2718588,0.2703612,0.24569319097711464,0.026165609022885367,1.106497086544505,both,Real fused_qkv_a_proj_with_mqa includes q_a/kv_a projection path and fp8 activation quant kernel. AIC context_downscale_gemm is a standalone SDK GEMM op before context_mla_block; collector fp8 GEMM uses pre-quantized inputs and usually excludes runtime activation quantization.,"[""diagnostic_forced_prefix_ops""]","[""[{\""batch_size\"": 1, \""s\"": 8194, \""prefix\"": 0, \""path\"": \""diagnostic_forced_prefix_ops\""}]""]","[{""real_component"": ""fused_qkv_a_proj_with_mqa"", ""kernel_short_name"": ""sm90_fp8_gemm_1d2d_impl"", ""avg_kernel_gpu_time_ms"": 0.1965374}, {""real_component"": ""fused_qkv_a_proj_with_mqa"", ""kernel_short_name"": ""per_token_group_quant_8bit_kernel"", ""avg_kernel_gpu_time_ms"": 0.0738238}]"
agg_aic_p0_longctx_b8_isl4096_ctx8192,C09,"C09
P2x4096+0
D6x4096",P b2 ctx8192 | isl4096 pre0 | D b6 kv4096,strict_prefix0,prefill,8192.0,4,4096,0,8192,2,2,8190,8192,q_a_layernorm,q_a_layernorm,"[""q_a_layernorm""]",[],0.0178368,0.0178368,0.0,,,real_only,Real has an explicit q_a RMSNorm child range; ordinary DeepSeekModel MLA path does not model it as a separate SDK op.,[],[],"[{""real_component"": ""q_a_layernorm"", ""kernel_short_name"": ""RMSNormKernel"", ""avg_kernel_gpu_time_ms"": 0.0178368}]"
agg_aic_p0_longctx_b8_isl4096_ctx8192,C09,"C09
P2x4096+0
D6x4096",P b2 ctx8192 | isl4096 pre0 | D b6 kv4096,strict_prefix0,prefill,8192.0,4,4096,0,8192,2,2,8190,8192,kv_a_layernorm,kv_a_layernorm,"[""kv_a_layernorm""]",[],0.0132736,0.0132736,0.0,,,real_only,Real has an explicit kv_a RMSNorm child range; ordinary DeepSeekModel MLA path does not model it as a separate SDK op.,[],[],"[{""real_component"": ""kv_a_layernorm"", ""kernel_short_name"": ""RMSNormKernel"", ""avg_kernel_gpu_time_ms"": 0.0132736}]"
agg_aic_p0_longctx_b8_isl4096_ctx8192,C09,"C09
P2x4096+0
D6x4096",P b2 ctx8192 | isl4096 pre0 | D b6 kv4096,strict_prefix0,prefill,8192.0,4,4096,0,8192,2,2,8190,8192,q_b_proj,q_b_proj,"[""q_b_proj""]","[""context_q_b_proj_gemm""]",0.44658499999999995,0.4448442,0.4883797696861591,-0.04179476968615914,0.9144215786968056,both,"Both sides represent q_b projection, but real fp8 path includes activation quantization plus DeepGEMM kernels.","[""diagnostic_forced_prefix_ops""]","[""[{\""batch_size\"": 1, \""s\"": 8194, \""prefix\"": 0, \""path\"": \""diagnostic_forced_prefix_ops\""}]""]","[{""real_component"": ""q_b_proj"", ""kernel_short_name"": ""sm90_fp8_gemm_1d2d_impl"", ""avg_kernel_gpu_time_ms"": 0.42869060000000003}, {""real_component"": ""q_b_proj"", ""kernel_short_name"": ""per_token_group_quant_8bit_kernel"", ""avg_kernel_gpu_time_ms"": 0.0161536}]"
agg_aic_p0_longctx_b8_isl4096_ctx8192,C09,"C09
P2x4096+0
D6x4096",P b2 ctx8192 | isl4096 pre0 | D b6 kv4096,strict_prefix0,prefill,8192.0,4,4096,0,8192,2,2,8190,8192,kv_b_proj,kv_b_proj,"[""kv_b_proj""]","[""context_kv_b_proj_gemm""]",1.2071538,1.2056882,0.31027482513180826,0.8968789748681917,3.890595376170746,both,Present as a separate real child mainly for attn_mha/prefill cases; MQA cases often fold or omit this child.,"[""diagnostic_forced_prefix_ops""]","[""[{\""batch_size\"": 1, \""s\"": 8194, \""prefix\"": 0, \""path\"": \""diagnostic_forced_prefix_ops\""}]""]","[{""real_component"": ""kv_b_proj"", ""kernel_short_name"": ""sm90_fp8_gemm_1d2d_impl"", ""avg_kernel_gpu_time_ms"": 1.1825394}, {""real_component"": ""kv_b_proj"", ""kernel_short_name"": ""per_token_group_quant_8bit_kernel"", ""avg_kernel_gpu_time_ms"": 0.0231488}]"
agg_aic_p0_longctx_b8_isl4096_ctx8192,C09,"C09
P2x4096+0
D6x4096",P b2 ctx8192 | isl4096 pre0 | D b6 kv4096,strict_prefix0,prefill,8192.0,4,4096,0,8192,2,2,8190,8192,mla_concat_k,mla_concat_k,[],"[""context_mla_concat_k""]",0.0,0.0,0.23564219574909653,,,aic_only,AIC prefix/granular path models SGLang MLA K concat as a separate op; real trace usually exposes concat_mla_k_kernel inside surrounding child ranges.,"[""diagnostic_forced_prefix_ops""]","[""[{\""batch_size\"": 1, \""s\"": 8194, \""prefix\"": 0, \""path\"": \""diagnostic_forced_prefix_ops\""}]""]",[]
agg_aic_p0_longctx_b8_isl4096_ctx8192,C09,"C09
P2x4096+0
D6x4096",P b2 ctx8192 | isl4096 pre0 | D b6 kv4096,strict_prefix0,prefill,8192.0,4,4096,0,8192,2,2,8190,8192,rotary_emb,rotary_emb,"[""rotary_emb""]",[],0.1064894,0.1064894,0.0,,,real_only,Real has an explicit RoPE child range; AIC context MLA path does not expose a separate RoPE SDK op.,[],[],"[{""real_component"": ""rotary_emb"", ""kernel_short_name"": ""BatchQKApplyRotaryPosIdsCosSinCacheHeadParallelismKernel"", ""avg_kernel_gpu_time_ms"": 0.1064894}]"
agg_aic_p0_longctx_b8_isl4096_ctx8192,C09,"C09
P2x4096+0
D6x4096",P b2 ctx8192 | isl4096 pre0 | D b6 kv4096,strict_prefix0,prefill,8192.0,4,4096,0,8192,2,2,8190,8192,attention,attention,"[""attn_mha""]","[""context_attention""]",2.5825692,2.5825115999999997,2.120439910888672,0.4621292891113282,1.2179402900022056,both,Real attention may be attn_mha or attn_mqa depending on SGLang scheduling/backend choice. AIC context_attention is queried with the second-pass run_agg context-attention shape and scale correction.,"[""diagnostic_forced_prefix_ops_attention_second_pass""]","[""[{\""batch_size\"": 2, \""s\"": 4096, \""prefix\"": 0, \""path\"": \""diagnostic_forced_prefix_ops_attention_second_pass\""}]""]","[{""real_component"": ""attn_mha"", ""kernel_short_name"": ""device_kernel"", ""avg_kernel_gpu_time_ms"": 2.5789148}, {""real_component"": ""attn_mha"", ""kernel_short_name"": ""prepare_varlen_num_blocks_kernel"", ""avg_kernel_gpu_time_ms"": 0.0035968}]"
agg_aic_p0_longctx_b8_isl4096_ctx8192,C09,"C09
P2x4096+0
D6x4096",P b2 ctx8192 | isl4096 pre0 | D b6 kv4096,strict_prefix0,prefill,8192.0,4,4096,0,8192,2,2,8190,8192,o_proj,o_proj,"[""o_proj""]","[""context_proj_gemm""]",1.2710384,1.2691824,1.5222082098480314,-0.2511698098480315,0.8349964162438023,both,"Both sides represent output projection, but real fp8 path includes activation quantization plus DeepGEMM kernels.","[""diagnostic_forced_prefix_ops""]","[""[{\""batch_size\"": 1, \""s\"": 8194, \""prefix\"": 0, \""path\"": \""diagnostic_forced_prefix_ops\""}]""]","[{""real_component"": ""o_proj"", ""kernel_short_name"": ""sm90_fp8_gemm_1d2d_impl"", ""avg_kernel_gpu_time_ms"": 1.10892}, {""real_component"": ""o_proj"", ""kernel_short_name"": ""per_token_group_quant_8bit_kernel"", ""avg_kernel_gpu_time_ms"": 0.1602624}]"
agg_aic_p0_longctx_b8_isl4096_ctx8192,C09,"C09
P2x4096+0
D6x4096",P b2 ctx8192 | isl4096 pre0 | D b6 kv4096,strict_prefix0,prefill,8192.0,4,4096,0,8192,2,2,8190,8192,mla_total,MLA total,"[""attn_mha"", ""fused_qkv_a_proj_with_mqa"", ""kv_a_layernorm"", ""kv_b_proj"", ""o_proj"", ""q_a_layernorm"", ""q_b_proj"", ""rotary_emb""]","[""context_attention"", ""context_downscale_gemm"", ""context_kv_b_proj_gemm"", ""context_mla_concat_k"", ""context_proj_gemm"", ""context_q_b_proj_gemm""]",5.916805,5.9101874,4.9226381022808825,0.9941668977191176,1.2019581527349075,both,Roll-up of MLA child/operator pieces only; excludes MoE/FFN/embedding/logits and excludes generation-only steps.,"[""diagnostic_forced_prefix_ops"", ""diagnostic_forced_prefix_ops_attention_second_pass""]","[""[{\""batch_size\"": 2, \""s\"": 4096, \""prefix\"": 0, \""path\"": \""diagnostic_forced_prefix_ops_attention_second_pass\""}]"", ""[{\""batch_size\"": 1, \""s\"": 8194, \""prefix\"": 0, \""path\"": \""diagnostic_forced_prefix_ops\""}]"", ""[{\""batch_size\"": 1, \""s\"": 8194, \""prefix\"": 0, \""path\"": \""diagnostic_forced_prefix_ops\""}]"", ""[{\""batch_size\"": 1, \""s\"": 8194, \""prefix\"": 0, \""path\"": \""diagnostic_forced_prefix_ops\""}]"", ""[{\""batch_size\"": 1, \""s\"": 8194, \""prefix\"": 0, \""path\"": \""diagnostic_forced_prefix_ops\""}]"", ""[{\""batch_size\"": 1, \""s\"": 8194, \""prefix\"": 0, \""path\"": \""diagnostic_forced_prefix_ops\""}]""]","[{""real_component"": ""attn_mha"", ""kernel_short_name"": ""device_kernel"", ""avg_kernel_gpu_time_ms"": 2.5789148}, {""real_component"": ""kv_b_proj"", ""kernel_short_name"": ""sm90_fp8_gemm_1d2d_impl"", ""avg_kernel_gpu_time_ms"": 1.1825394}, {""real_component"": ""o_proj"", ""kernel_short_name"": ""sm90_fp8_gemm_1d2d_impl"", ""avg_kernel_gpu_time_ms"": 1.10892}, {""real_component"": ""q_b_proj"", ""kernel_short_name"": ""sm90_fp8_gemm_1d2d_impl"", ""avg_kernel_gpu_time_ms"": 0.42869060000000003}, {""real_component"": ""fused_qkv_a_proj_with_mqa"", ""kernel_short_name"": ""sm90_fp8_gemm_1d2d_impl"", ""avg_kernel_gpu_time_ms"": 0.1965374}]"
agg_aic_prefix_probe_b12_isl1024_prefix512_ctx4096,C10,"C10
P4x512+512
D8x1024",P b4 ctx4096 | isl1024 pre512 | D b8 kv1024,prefix_probe,prefill,2056.0,8,1024,0,5120,5,3,5120,3072,qkv_a_proj,qkv_a_proj,"[""fused_qkv_a_proj_with_mqa""]","[""context_downscale_gemm""]",0.0815936,0.0801664,0.16868081128548207,-0.08708721128548207,0.4837159566532305,both,Real fused_qkv_a_proj_with_mqa includes q_a/kv_a projection path and fp8 activation quant kernel. AIC context_downscale_gemm is a standalone SDK GEMM op before context_mla_block; collector fp8 GEMM uses pre-quantized inputs and usually excludes runtime activation quantization.,"[""diagnostic_forced_prefix_ops""]","[""[{\""batch_size\"": 1, \""s\"": 5123, \""prefix\"": 0, \""path\"": \""diagnostic_forced_prefix_ops\""}]""]","[{""real_component"": ""fused_qkv_a_proj_with_mqa"", ""kernel_short_name"": ""sm90_fp8_gemm_1d2d_impl"", ""avg_kernel_gpu_time_ms"": 0.059692800000000004}, {""real_component"": ""fused_qkv_a_proj_with_mqa"", ""kernel_short_name"": ""per_token_group_quant_8bit_kernel"", ""avg_kernel_gpu_time_ms"": 0.0204736}]"
agg_aic_prefix_probe_b12_isl1024_prefix512_ctx4096,C10,"C10
P4x512+512
D8x1024",P b4 ctx4096 | isl1024 pre512 | D b8 kv1024,prefix_probe,prefill,2056.0,8,1024,0,5120,5,3,5120,3072,q_a_layernorm,q_a_layernorm,"[""q_a_layernorm""]",[],0.005388800000000001,0.005388800000000001,0.0,,,real_only,Real has an explicit q_a RMSNorm child range; ordinary DeepSeekModel MLA path does not model it as a separate SDK op.,[],[],"[{""real_component"": ""q_a_layernorm"", ""kernel_short_name"": ""RMSNormKernel"", ""avg_kernel_gpu_time_ms"": 0.005388800000000001}]"
agg_aic_prefix_probe_b12_isl1024_prefix512_ctx4096,C10,"C10
P4x512+512
D8x1024",P b4 ctx4096 | isl1024 pre512 | D b8 kv1024,prefix_probe,prefill,2056.0,8,1024,0,5120,5,3,5120,3072,kv_a_layernorm,kv_a_layernorm,"[""kv_a_layernorm""]",[],0.0050111999999999995,0.0050111999999999995,0.0,,,real_only,Real has an explicit kv_a RMSNorm child range; ordinary DeepSeekModel MLA path does not model it as a separate SDK op.,[],[],"[{""real_component"": ""kv_a_layernorm"", ""kernel_short_name"": ""RMSNormKernel"", ""avg_kernel_gpu_time_ms"": 0.0050111999999999995}]"
agg_aic_prefix_probe_b12_isl1024_prefix512_ctx4096,C10,"C10
P4x512+512
D8x1024",P b4 ctx4096 | isl1024 pre512 | D b8 kv1024,prefix_probe,prefill,2056.0,8,1024,0,5120,5,3,5120,3072,q_b_proj,q_b_proj,"[""q_b_proj""]","[""context_q_b_proj_gemm""]",0.131603,0.13025899999999999,0.31926873992649735,-0.18766573992649735,0.4122013324270265,both,"Both sides represent q_b projection, but real fp8 path includes activation quantization plus DeepGEMM kernels.","[""diagnostic_forced_prefix_ops""]","[""[{\""batch_size\"": 1, \""s\"": 5123, \""prefix\"": 0, \""path\"": \""diagnostic_forced_prefix_ops\""}]""]","[{""real_component"": ""q_b_proj"", ""kernel_short_name"": ""sm90_fp8_gemm_1d2d_impl"", ""avg_kernel_gpu_time_ms"": 0.12541419999999998}, {""real_component"": ""q_b_proj"", ""kernel_short_name"": ""per_token_group_quant_8bit_kernel"", ""avg_kernel_gpu_time_ms"": 0.0048448}]"
agg_aic_prefix_probe_b12_isl1024_prefix512_ctx4096,C10,"C10
P4x512+512
D8x1024",P b4 ctx4096 | isl1024 pre512 | D b8 kv1024,prefix_probe,prefill,2056.0,8,1024,0,5120,5,3,5120,3072,kv_b_proj,kv_b_proj,"[""kv_b_proj""]","[""context_kv_b_proj_gemm""]",0.4137982,0.412211,0.1902801035441631,0.2235180964558369,2.1746792874955494,both,Present as a separate real child mainly for attn_mha/prefill cases; MQA cases often fold or omit this child.,"[""diagnostic_forced_prefix_ops""]","[""[{\""batch_size\"": 1, \""s\"": 5123, \""prefix\"": 0, \""path\"": \""diagnostic_forced_prefix_ops\""}]""]","[{""real_component"": ""kv_b_proj"", ""kernel_short_name"": ""sm90_fp8_gemm_1d2d_impl"", ""avg_kernel_gpu_time_ms"": 0.403059}, {""real_component"": ""kv_b_proj"", ""kernel_short_name"": ""per_token_group_quant_8bit_kernel"", ""avg_kernel_gpu_time_ms"": 0.009152}]"
agg_aic_prefix_probe_b12_isl1024_prefix512_ctx4096,C10,"C10
P4x512+512
D8x1024",P b4 ctx4096 | isl1024 pre512 | D b8 kv1024,prefix_probe,prefill,2056.0,8,1024,0,5120,5,3,5120,3072,mla_concat_k,mla_concat_k,[],"[""context_mla_concat_k""]",0.0,0.0,0.14862880365690215,,,aic_only,AIC prefix/granular path models SGLang MLA K concat as a separate op; real trace usually exposes concat_mla_k_kernel inside surrounding child ranges.,"[""diagnostic_forced_prefix_ops""]","[""[{\""batch_size\"": 1, \""s\"": 5123, \""prefix\"": 0, \""path\"": \""diagnostic_forced_prefix_ops\""}]""]",[]
agg_aic_prefix_probe_b12_isl1024_prefix512_ctx4096,C10,"C10
P4x512+512
D8x1024",P b4 ctx4096 | isl1024 pre512 | D b8 kv1024,prefix_probe,prefill,2056.0,8,1024,0,5120,5,3,5120,3072,rotary_emb,rotary_emb,"[""rotary_emb""]",[],0.026739199999999998,0.026739199999999998,0.0,,,real_only,Real has an explicit RoPE child range; AIC context MLA path does not expose a separate RoPE SDK op.,[],[],"[{""real_component"": ""rotary_emb"", ""kernel_short_name"": ""BatchQKApplyRotaryPosIdsCosSinCacheHeadParallelismKernel"", ""avg_kernel_gpu_time_ms"": 0.026739199999999998}]"
agg_aic_prefix_probe_b12_isl1024_prefix512_ctx4096,C10,"C10
P4x512+512
D8x1024",P b4 ctx4096 | isl1024 pre512 | D b8 kv1024,prefix_probe,prefill,2056.0,8,1024,0,5120,5,3,5120,3072,attention,attention,"[""attn_mha""]","[""context_attention""]",0.48598379999999997,0.4859198,0.6355144405414125,-0.14953064054141252,0.7647092953324189,both,Real attention may be attn_mha or attn_mqa depending on SGLang scheduling/backend choice. AIC context_attention is queried with the second-pass run_agg context-attention shape and scale correction.,"[""diagnostic_forced_prefix_ops_attention_second_pass""]","[""[{\""batch_size\"": 5, \""s\"": 1024, \""prefix\"": 0, \""path\"": \""diagnostic_forced_prefix_ops_attention_second_pass\""}]""]","[{""real_component"": ""attn_mha"", ""kernel_short_name"": ""device_kernel"", ""avg_kernel_gpu_time_ms"": 0.48259179999999996}, {""real_component"": ""attn_mha"", ""kernel_short_name"": ""prepare_varlen_num_blocks_kernel"", ""avg_kernel_gpu_time_ms"": 0.003328}]"
agg_aic_prefix_probe_b12_isl1024_prefix512_ctx4096,C10,"C10
P4x512+512
D8x1024",P b4 ctx4096 | isl1024 pre512 | D b8 kv1024,prefix_probe,prefill,2056.0,8,1024,0,5120,5,3,5120,3072,o_proj,o_proj,"[""o_proj""]","[""context_proj_gemm""]",0.37601260000000003,0.3744446,0.9646710238233563,-0.5886584238233563,0.38978324290255945,both,"Both sides represent output projection, but real fp8 path includes activation quantization plus DeepGEMM kernels.","[""diagnostic_forced_prefix_ops""]","[""[{\""batch_size\"": 1, \""s\"": 5123, \""prefix\"": 0, \""path\"": \""diagnostic_forced_prefix_ops\""}]""]","[{""real_component"": ""o_proj"", ""kernel_short_name"": ""sm90_fp8_gemm_1d2d_impl"", ""avg_kernel_gpu_time_ms"": 0.33310059999999997}, {""real_component"": ""o_proj"", ""kernel_short_name"": ""per_token_group_quant_8bit_kernel"", ""avg_kernel_gpu_time_ms"": 0.041344000000000006}]"
agg_aic_prefix_probe_b12_isl1024_prefix512_ctx4096,C10,"C10
P4x512+512
D8x1024",P b4 ctx4096 | isl1024 pre512 | D b8 kv1024,prefix_probe,prefill,2056.0,8,1024,0,5120,5,3,5120,3072,mla_total,MLA total,"[""attn_mha"", ""fused_qkv_a_proj_with_mqa"", ""kv_a_layernorm"", ""kv_b_proj"", ""o_proj"", ""q_a_layernorm"", ""q_b_proj"", ""rotary_emb""]","[""context_attention"", ""context_downscale_gemm"", ""context_kv_b_proj_gemm"", ""context_mla_concat_k"", ""context_proj_gemm"", ""context_q_b_proj_gemm""]",1.5261304,1.52014,2.4270439227778136,-0.9009135227778136,0.6288021348428277,both,Roll-up of MLA child/operator pieces only; excludes MoE/FFN/embedding/logits and excludes generation-only steps.,"[""diagnostic_forced_prefix_ops"", ""diagnostic_forced_prefix_ops_attention_second_pass""]","[""[{\""batch_size\"": 5, \""s\"": 1024, \""prefix\"": 0, \""path\"": \""diagnostic_forced_prefix_ops_attention_second_pass\""}]"", ""[{\""batch_size\"": 1, \""s\"": 5123, \""prefix\"": 0, \""path\"": \""diagnostic_forced_prefix_ops\""}]"", ""[{\""batch_size\"": 1, \""s\"": 5123, \""prefix\"": 0, \""path\"": \""diagnostic_forced_prefix_ops\""}]"", ""[{\""batch_size\"": 1, \""s\"": 5123, \""prefix\"": 0, \""path\"": \""diagnostic_forced_prefix_ops\""}]"", ""[{\""batch_size\"": 1, \""s\"": 5123, \""prefix\"": 0, \""path\"": \""diagnostic_forced_prefix_ops\""}]"", ""[{\""batch_size\"": 1, \""s\"": 5123, \""prefix\"": 0, \""path\"": \""diagnostic_forced_prefix_ops\""}]""]","[{""real_component"": ""attn_mha"", ""kernel_short_name"": ""device_kernel"", ""avg_kernel_gpu_time_ms"": 0.48259179999999996}, {""real_component"": ""kv_b_proj"", ""kernel_short_name"": ""sm90_fp8_gemm_1d2d_impl"", ""avg_kernel_gpu_time_ms"": 0.403059}, {""real_component"": ""o_proj"", ""kernel_short_name"": ""sm90_fp8_gemm_1d2d_impl"", ""avg_kernel_gpu_time_ms"": 0.33310059999999997}, {""real_component"": ""q_b_proj"", ""kernel_short_name"": ""sm90_fp8_gemm_1d2d_impl"", ""avg_kernel_gpu_time_ms"": 0.12541419999999998}, {""real_component"": ""fused_qkv_a_proj_with_mqa"", ""kernel_short_name"": ""sm90_fp8_gemm_1d2d_impl"", ""avg_kernel_gpu_time_ms"": 0.059692800000000004}]"
agg_aic_prefix_probe_b24_isl1280_prefix1024_ctx10240,C11,"C11
P8x256+1024
D16x1280",P b8 ctx10240 | isl1280 pre1024 | D b16 kv1280,prefix_probe,prefill,2064.0,8,1280,0,8960,7,1,8191,1280,qkv_a_proj,qkv_a_proj,"[""fused_qkv_a_proj_with_mqa""]","[""context_downscale_gemm""]",0.0816574,0.0801086,0.26614841564125635,-0.18449101564125636,0.30681152019355507,both,Real fused_qkv_a_proj_with_mqa includes q_a/kv_a projection path and fp8 activation quant kernel. AIC context_downscale_gemm is a standalone SDK GEMM op before context_mla_block; collector fp8 GEMM uses pre-quantized inputs and usually excludes runtime activation quantization.,"[""diagnostic_forced_prefix_ops""]","[""[{\""batch_size\"": 1, \""s\"": 8961, \""prefix\"": 0, \""path\"": \""diagnostic_forced_prefix_ops\""}]""]","[{""real_component"": ""fused_qkv_a_proj_with_mqa"", ""kernel_short_name"": ""sm90_fp8_gemm_1d2d_impl"", ""avg_kernel_gpu_time_ms"": 0.059558200000000006}, {""real_component"": ""fused_qkv_a_proj_with_mqa"", ""kernel_short_name"": ""per_token_group_quant_8bit_kernel"", ""avg_kernel_gpu_time_ms"": 0.0205504}]"
agg_aic_prefix_probe_b24_isl1280_prefix1024_ctx10240,C11,"C11
P8x256+1024
D16x1280",P b8 ctx10240 | isl1280 pre1024 | D b16 kv1280,prefix_probe,prefill,2064.0,8,1280,0,8960,7,1,8191,1280,q_a_layernorm,q_a_layernorm,"[""q_a_layernorm""]",[],0.005728,0.005728,0.0,,,real_only,Real has an explicit q_a RMSNorm child range; ordinary DeepSeekModel MLA path does not model it as a separate SDK op.,[],[],"[{""real_component"": ""q_a_layernorm"", ""kernel_short_name"": ""RMSNormKernel"", ""avg_kernel_gpu_time_ms"": 0.005728}]"
agg_aic_prefix_probe_b24_isl1280_prefix1024_ctx10240,C11,"C11
P8x256+1024
D16x1280",P b8 ctx10240 | isl1280 pre1024 | D b16 kv1280,prefix_probe,prefill,2064.0,8,1280,0,8960,7,1,8191,1280,kv_a_layernorm,kv_a_layernorm,"[""kv_a_layernorm""]",[],0.005216,0.005216,0.0,,,real_only,Real has an explicit kv_a RMSNorm child range; ordinary DeepSeekModel MLA path does not model it as a separate SDK op.,[],[],"[{""real_component"": ""kv_a_layernorm"", ""kernel_short_name"": ""RMSNormKernel"", ""avg_kernel_gpu_time_ms"": 0.005216}]"
agg_aic_prefix_probe_b24_isl1280_prefix1024_ctx10240,C11,"C11
P8x256+1024
D16x1280",P b8 ctx10240 | isl1280 pre1024 | D b16 kv1280,prefix_probe,prefill,2064.0,8,1280,0,8960,7,1,8191,1280,q_b_proj,q_b_proj,"[""q_b_proj""]","[""context_q_b_proj_gemm""]",0.13246059999999998,0.1307198,0.5333381070355198,-0.4008775070355198,0.2483614019936855,both,"Both sides represent q_b projection, but real fp8 path includes activation quantization plus DeepGEMM kernels.","[""diagnostic_forced_prefix_ops""]","[""[{\""batch_size\"": 1, \""s\"": 8961, \""prefix\"": 0, \""path\"": \""diagnostic_forced_prefix_ops\""}]""]","[{""real_component"": ""q_b_proj"", ""kernel_short_name"": ""sm90_fp8_gemm_1d2d_impl"", ""avg_kernel_gpu_time_ms"": 0.1258046}, {""real_component"": ""q_b_proj"", ""kernel_short_name"": ""per_token_group_quant_8bit_kernel"", ""avg_kernel_gpu_time_ms"": 0.0049152}]"
agg_aic_prefix_probe_b24_isl1280_prefix1024_ctx10240,C11,"C11
P8x256+1024
D16x1280",P b8 ctx10240 | isl1280 pre1024 | D b16 kv1280,prefix_probe,prefill,2064.0,8,1280,0,8960,7,1,8191,1280,kv_b_proj,kv_b_proj,"[""kv_b_proj""]","[""context_kv_b_proj_gemm""]",1.152171,1.150475,0.3371301918143896,0.8150408081856104,3.417584743149731,both,Present as a separate real child mainly for attn_mha/prefill cases; MQA cases often fold or omit this child.,"[""diagnostic_forced_prefix_ops""]","[""[{\""batch_size\"": 1, \""s\"": 8961, \""prefix\"": 0, \""path\"": \""diagnostic_forced_prefix_ops\""}]""]","[{""real_component"": ""kv_b_proj"", ""kernel_short_name"": ""sm90_fp8_gemm_1d2d_impl"", ""avg_kernel_gpu_time_ms"": 1.1291758}, {""real_component"": ""kv_b_proj"", ""kernel_short_name"": ""per_token_group_quant_8bit_kernel"", ""avg_kernel_gpu_time_ms"": 0.0212992}]"
agg_aic_prefix_probe_b24_isl1280_prefix1024_ctx10240,C11,"C11
P8x256+1024
D16x1280",P b8 ctx10240 | isl1280 pre1024 | D b16 kv1280,prefix_probe,prefill,2064.0,8,1280,0,8960,7,1,8191,1280,mla_concat_k,mla_concat_k,[],"[""context_mla_concat_k""]",0.0,0.0,0.25734889855375515,,,aic_only,AIC prefix/granular path models SGLang MLA K concat as a separate op; real trace usually exposes concat_mla_k_kernel inside surrounding child ranges.,"[""diagnostic_forced_prefix_ops""]","[""[{\""batch_size\"": 1, \""s\"": 8961, \""prefix\"": 0, \""path\"": \""diagnostic_forced_prefix_ops\""}]""]",[]
agg_aic_prefix_probe_b24_isl1280_prefix1024_ctx10240,C11,"C11
P8x256+1024
D16x1280",P b8 ctx10240 | isl1280 pre1024 | D b16 kv1280,prefix_probe,prefill,2064.0,8,1280,0,8960,7,1,8191,1280,rotary_emb,rotary_emb,"[""rotary_emb""]",[],0.0263232,0.0263232,0.0,,,real_only,Real has an explicit RoPE child range; AIC context MLA path does not expose a separate RoPE SDK op.,[],[],"[{""real_component"": ""rotary_emb"", ""kernel_short_name"": ""BatchQKApplyRotaryPosIdsCosSinCacheHeadParallelismKernel"", ""avg_kernel_gpu_time_ms"": 0.0263232}]"
agg_aic_prefix_probe_b24_isl1280_prefix1024_ctx10240,C11,"C11
P8x256+1024
D16x1280",P b8 ctx10240 | isl1280 pre1024 | D b16 kv1280,prefix_probe,prefill,2064.0,8,1280,0,8960,7,1,8191,1280,attention,attention,"[""attn_mha""]","[""context_attention""]",0.9579889999999999,0.9579314,1.258564829580835,-0.30057582958083506,0.7611757276890203,both,Real attention may be attn_mha or attn_mqa depending on SGLang scheduling/backend choice. AIC context_attention is queried with the second-pass run_agg context-attention shape and scale correction.,"[""diagnostic_forced_prefix_ops_attention_second_pass""]","[""[{\""batch_size\"": 7, \""s\"": 1280, \""prefix\"": 0, \""path\"": \""diagnostic_forced_prefix_ops_attention_second_pass\""}]""]","[{""real_component"": ""attn_mha"", ""kernel_short_name"": ""device_kernel"", ""avg_kernel_gpu_time_ms"": 0.9545266}, {""real_component"": ""attn_mha"", ""kernel_short_name"": ""prepare_varlen_num_blocks_kernel"", ""avg_kernel_gpu_time_ms"": 0.0034048000000000004}]"
agg_aic_prefix_probe_b24_isl1280_prefix1024_ctx10240,C11,"C11
P8x256+1024
D16x1280",P b8 ctx10240 | isl1280 pre1024 | D b16 kv1280,prefix_probe,prefill,2064.0,8,1280,0,8960,7,1,8191,1280,o_proj,o_proj,"[""o_proj""]","[""context_proj_gemm""]",0.378905,0.376857,1.6804476459898676,-1.3015426459898676,0.22547861035968544,both,"Both sides represent output projection, but real fp8 path includes activation quantization plus DeepGEMM kernels.","[""diagnostic_forced_prefix_ops""]","[""[{\""batch_size\"": 1, \""s\"": 8961, \""prefix\"": 0, \""path\"": \""diagnostic_forced_prefix_ops\""}]""]","[{""real_component"": ""o_proj"", ""kernel_short_name"": ""sm90_fp8_gemm_1d2d_impl"", ""avg_kernel_gpu_time_ms"": 0.3354042}, {""real_component"": ""o_proj"", ""kernel_short_name"": ""per_token_group_quant_8bit_kernel"", ""avg_kernel_gpu_time_ms"": 0.0414528}]"
agg_aic_prefix_probe_b24_isl1280_prefix1024_ctx10240,C11,"C11
P8x256+1024
D16x1280",P b8 ctx10240 | isl1280 pre1024 | D b16 kv1280,prefix_probe,prefill,2064.0,8,1280,0,8960,7,1,8191,1280,mla_total,MLA total,"[""attn_mha"", ""fused_qkv_a_proj_with_mqa"", ""kv_a_layernorm"", ""kv_b_proj"", ""o_proj"", ""q_a_layernorm"", ""q_b_proj"", ""rotary_emb""]","[""context_attention"", ""context_downscale_gemm"", ""context_kv_b_proj_gemm"", ""context_mla_concat_k"", ""context_proj_gemm"", ""context_q_b_proj_gemm""]",2.7404501999999997,2.733359,4.332978088615623,-1.5925278886156233,0.6324634336832217,both,Roll-up of MLA child/operator pieces only; excludes MoE/FFN/embedding/logits and excludes generation-only steps.,"[""diagnostic_forced_prefix_ops"", ""diagnostic_forced_prefix_ops_attention_second_pass""]","[""[{\""batch_size\"": 7, \""s\"": 1280, \""prefix\"": 0, \""path\"": \""diagnostic_forced_prefix_ops_attention_second_pass\""}]"", ""[{\""batch_size\"": 1, \""s\"": 8961, \""prefix\"": 0, \""path\"": \""diagnostic_forced_prefix_ops\""}]"", ""[{\""batch_size\"": 1, \""s\"": 8961, \""prefix\"": 0, \""path\"": \""diagnostic_forced_prefix_ops\""}]"", ""[{\""batch_size\"": 1, \""s\"": 8961, \""prefix\"": 0, \""path\"": \""diagnostic_forced_prefix_ops\""}]"", ""[{\""batch_size\"": 1, \""s\"": 8961, \""prefix\"": 0, \""path\"": \""diagnostic_forced_prefix_ops\""}]"", ""[{\""batch_size\"": 1, \""s\"": 8961, \""prefix\"": 0, \""path\"": \""diagnostic_forced_prefix_ops\""}]""]","[{""real_component"": ""kv_b_proj"", ""kernel_short_name"": ""sm90_fp8_gemm_1d2d_impl"", ""avg_kernel_gpu_time_ms"": 1.1291758}, {""real_component"": ""attn_mha"", ""kernel_short_name"": ""device_kernel"", ""avg_kernel_gpu_time_ms"": 0.9545266}, {""real_component"": ""o_proj"", ""kernel_short_name"": ""sm90_fp8_gemm_1d2d_impl"", ""avg_kernel_gpu_time_ms"": 0.3354042}, {""real_component"": ""q_b_proj"", ""kernel_short_name"": ""sm90_fp8_gemm_1d2d_impl"", ""avg_kernel_gpu_time_ms"": 0.1258046}, {""real_component"": ""fused_qkv_a_proj_with_mqa"", ""kernel_short_name"": ""sm90_fp8_gemm_1d2d_impl"", ""avg_kernel_gpu_time_ms"": 0.059558200000000006}]"
agg_aic_prefix_probe_b12_isl4096_prefix2048_ctx8192,C12,"C12
P2x2048+2048
D10x4096",P b2 ctx8192 | isl4096 pre2048 | D b10 kv4096,prefix_probe,prefill,4106.0,3,4096,0,8192,2,1,8191,4096,qkv_a_proj,qkv_a_proj,"[""fused_qkv_a_proj_with_mqa""]","[""context_downscale_gemm""]",0.14743040000000002,0.1454016,0.24566652184456692,-0.0982361218445669,0.6001240986888688,both,Real fused_qkv_a_proj_with_mqa includes q_a/kv_a projection path and fp8 activation quant kernel. AIC context_downscale_gemm is a standalone SDK GEMM op before context_mla_block; collector fp8 GEMM uses pre-quantized inputs and usually excludes runtime activation quantization.,"[""diagnostic_forced_prefix_ops""]","[""[{\""batch_size\"": 1, \""s\"": 8193, \""prefix\"": 0, \""path\"": \""diagnostic_forced_prefix_ops\""}]""]","[{""real_component"": ""fused_qkv_a_proj_with_mqa"", ""kernel_short_name"": ""sm90_fp8_gemm_1d2d_impl"", ""avg_kernel_gpu_time_ms"": 0.1066368}, {""real_component"": ""fused_qkv_a_proj_with_mqa"", ""kernel_short_name"": ""per_token_group_quant_8bit_kernel"", ""avg_kernel_gpu_time_ms"": 0.0387648}]"
agg_aic_prefix_probe_b12_isl4096_prefix2048_ctx8192,C12,"C12
P2x2048+2048
D10x4096",P b2 ctx8192 | isl4096 pre2048 | D b10 kv4096,prefix_probe,prefill,4106.0,3,4096,0,8192,2,1,8191,4096,q_a_layernorm,q_a_layernorm,"[""q_a_layernorm""]",[],0.0093248,0.0093248,0.0,,,real_only,Real has an explicit q_a RMSNorm child range; ordinary DeepSeekModel MLA path does not model it as a separate SDK op.,[],[],"[{""real_component"": ""q_a_layernorm"", ""kernel_short_name"": ""RMSNormKernel"", ""avg_kernel_gpu_time_ms"": 0.0093248}]"
agg_aic_prefix_probe_b12_isl4096_prefix2048_ctx8192,C12,"C12
P2x2048+2048
D10x4096",P b2 ctx8192 | isl4096 pre2048 | D b10 kv4096,prefix_probe,prefill,4106.0,3,4096,0,8192,2,1,8191,4096,kv_a_layernorm,kv_a_layernorm,"[""kv_a_layernorm""]",[],0.0082624,0.0082624,0.0,,,real_only,Real has an explicit kv_a RMSNorm child range; ordinary DeepSeekModel MLA path does not model it as a separate SDK op.,[],[],"[{""real_component"": ""kv_a_layernorm"", ""kernel_short_name"": ""RMSNormKernel"", ""avg_kernel_gpu_time_ms"": 0.0082624}]"
agg_aic_prefix_probe_b12_isl4096_prefix2048_ctx8192,C12,"C12
P2x2048+2048
D10x4096",P b2 ctx8192 | isl4096 pre2048 | D b10 kv4096,prefix_probe,prefill,4106.0,3,4096,0,8192,2,1,8191,4096,q_b_proj,q_b_proj,"[""q_b_proj""]","[""context_q_b_proj_gemm""]",0.2360704,0.2346304,0.48832115386171404,-0.252250753861714,0.48343267157918773,both,"Both sides represent q_b projection, but real fp8 path includes activation quantization plus DeepGEMM kernels.","[""diagnostic_forced_prefix_ops""]","[""[{\""batch_size\"": 1, \""s\"": 8193, \""prefix\"": 0, \""path\"": \""diagnostic_forced_prefix_ops\""}]""]","[{""real_component"": ""q_b_proj"", ""kernel_short_name"": ""sm90_fp8_gemm_1d2d_impl"", ""avg_kernel_gpu_time_ms"": 0.22718080000000002}, {""real_component"": ""q_b_proj"", ""kernel_short_name"": ""per_token_group_quant_8bit_kernel"", ""avg_kernel_gpu_time_ms"": 0.007449600000000001}]"
agg_aic_prefix_probe_b12_isl4096_prefix2048_ctx8192,C12,"C12
P2x2048+2048
D10x4096",P b2 ctx8192 | isl4096 pre2048 | D b10 kv4096,prefix_probe,prefill,4106.0,3,4096,0,8192,2,1,8191,4096,kv_b_proj,kv_b_proj,"[""kv_b_proj""]","[""context_kv_b_proj_gemm""]",1.8846973999999999,1.8830014,0.31023981161592484,1.574457588384075,6.074969521749338,both,Present as a separate real child mainly for attn_mha/prefill cases; MQA cases often fold or omit this child.,"[""diagnostic_forced_prefix_ops""]","[""[{\""batch_size\"": 1, \""s\"": 8193, \""prefix\"": 0, \""path\"": \""diagnostic_forced_prefix_ops\""}]""]","[{""real_component"": ""kv_b_proj"", ""kernel_short_name"": ""sm90_fp8_gemm_1d2d_impl"", ""avg_kernel_gpu_time_ms"": 1.8507453999999999}, {""real_component"": ""kv_b_proj"", ""kernel_short_name"": ""per_token_group_quant_8bit_kernel"", ""avg_kernel_gpu_time_ms"": 0.032256}]"
agg_aic_prefix_probe_b12_isl4096_prefix2048_ctx8192,C12,"C12
P2x2048+2048
D10x4096",P b2 ctx8192 | isl4096 pre2048 | D b10 kv4096,prefix_probe,prefill,4106.0,3,4096,0,8192,2,1,8191,4096,mla_concat_k,mla_concat_k,[],"[""context_mla_concat_k""]",0.0,0.0,0.23561389496317134,,,aic_only,AIC prefix/granular path models SGLang MLA K concat as a separate op; real trace usually exposes concat_mla_k_kernel inside surrounding child ranges.,"[""diagnostic_forced_prefix_ops""]","[""[{\""batch_size\"": 1, \""s\"": 8193, \""prefix\"": 0, \""path\"": \""diagnostic_forced_prefix_ops\""}]""]",[]
agg_aic_prefix_probe_b12_isl4096_prefix2048_ctx8192,C12,"C12
P2x2048+2048
D10x4096",P b2 ctx8192 | isl4096 pre2048 | D b10 kv4096,prefix_probe,prefill,4106.0,3,4096,0,8192,2,1,8191,4096,rotary_emb,rotary_emb,"[""rotary_emb""]",[],0.0526656,0.0526656,0.0,,,real_only,Real has an explicit RoPE child range; AIC context MLA path does not expose a separate RoPE SDK op.,[],[],"[{""real_component"": ""rotary_emb"", ""kernel_short_name"": ""BatchQKApplyRotaryPosIdsCosSinCacheHeadParallelismKernel"", ""avg_kernel_gpu_time_ms"": 0.0526656}]"
agg_aic_prefix_probe_b12_isl4096_prefix2048_ctx8192,C12,"C12
P2x2048+2048
D10x4096",P b2 ctx8192 | isl4096 pre2048 | D b10 kv4096,prefix_probe,prefill,4106.0,3,4096,0,8192,2,1,8191,4096,attention,attention,"[""attn_mha""]","[""context_attention""]",2.4719740000000003,2.4719100000000003,2.120439910888672,0.35153408911132855,1.1657835656205893,both,Real attention may be attn_mha or attn_mqa depending on SGLang scheduling/backend choice. AIC context_attention is queried with the second-pass run_agg context-attention shape and scale correction.,"[""diagnostic_forced_prefix_ops_attention_second_pass""]","[""[{\""batch_size\"": 2, \""s\"": 4096, \""prefix\"": 0, \""path\"": \""diagnostic_forced_prefix_ops_attention_second_pass\""}]""]","[{""real_component"": ""attn_mha"", ""kernel_short_name"": ""device_kernel"", ""avg_kernel_gpu_time_ms"": 2.4685948}, {""real_component"": ""attn_mha"", ""kernel_short_name"": ""prepare_varlen_num_blocks_kernel"", ""avg_kernel_gpu_time_ms"": 0.0033152}]"
agg_aic_prefix_probe_b12_isl4096_prefix2048_ctx8192,C12,"C12
P2x2048+2048
D10x4096",P b2 ctx8192 | isl4096 pre2048 | D b10 kv4096,prefix_probe,prefill,4106.0,3,4096,0,8192,2,1,8191,4096,o_proj,o_proj,"[""o_proj""]","[""context_proj_gemm""]",0.7117114,0.7102586,1.5220019002833094,-0.8102905002833094,0.46761531629331093,both,"Both sides represent output projection, but real fp8 path includes activation quantization plus DeepGEMM kernels.","[""diagnostic_forced_prefix_ops""]","[""[{\""batch_size\"": 1, \""s\"": 8193, \""prefix\"": 0, \""path\"": \""diagnostic_forced_prefix_ops\""}]""]","[{""real_component"": ""o_proj"", ""kernel_short_name"": ""sm90_fp8_gemm_1d2d_impl"", ""avg_kernel_gpu_time_ms"": 0.6299258}, {""real_component"": ""o_proj"", ""kernel_short_name"": ""per_token_group_quant_8bit_kernel"", ""avg_kernel_gpu_time_ms"": 0.08033280000000001}]"
agg_aic_prefix_probe_b12_isl4096_prefix2048_ctx8192,C12,"C12
P2x2048+2048
D10x4096",P b2 ctx8192 | isl4096 pre2048 | D b10 kv4096,prefix_probe,prefill,4106.0,3,4096,0,8192,2,1,8191,4096,mla_total,MLA total,"[""attn_mha"", ""fused_qkv_a_proj_with_mqa"", ""kv_a_layernorm"", ""kv_b_proj"", ""o_proj"", ""q_a_layernorm"", ""q_b_proj"", ""rotary_emb""]","[""context_attention"", ""context_downscale_gemm"", ""context_kv_b_proj_gemm"", ""context_mla_concat_k"", ""context_proj_gemm"", ""context_q_b_proj_gemm""]",5.522136400000001,5.5154548,4.922283193457359,0.5998532065426421,1.1218648303982104,both,Roll-up of MLA child/operator pieces only; excludes MoE/FFN/embedding/logits and excludes generation-only steps.,"[""diagnostic_forced_prefix_ops"", ""diagnostic_forced_prefix_ops_attention_second_pass""]","[""[{\""batch_size\"": 2, \""s\"": 4096, \""prefix\"": 0, \""path\"": \""diagnostic_forced_prefix_ops_attention_second_pass\""}]"", ""[{\""batch_size\"": 1, \""s\"": 8193, \""prefix\"": 0, \""path\"": \""diagnostic_forced_prefix_ops\""}]"", ""[{\""batch_size\"": 1, \""s\"": 8193, \""prefix\"": 0, \""path\"": \""diagnostic_forced_prefix_ops\""}]"", ""[{\""batch_size\"": 1, \""s\"": 8193, \""prefix\"": 0, \""path\"": \""diagnostic_forced_prefix_ops\""}]"", ""[{\""batch_size\"": 1, \""s\"": 8193, \""prefix\"": 0, \""path\"": \""diagnostic_forced_prefix_ops\""}]"", ""[{\""batch_size\"": 1, \""s\"": 8193, \""prefix\"": 0, \""path\"": \""diagnostic_forced_prefix_ops\""}]""]","[{""real_component"": ""attn_mha"", ""kernel_short_name"": ""device_kernel"", ""avg_kernel_gpu_time_ms"": 2.4685948}, {""real_component"": ""kv_b_proj"", ""kernel_short_name"": ""sm90_fp8_gemm_1d2d_impl"", ""avg_kernel_gpu_time_ms"": 1.8507453999999999}, {""real_component"": ""o_proj"", ""kernel_short_name"": ""sm90_fp8_gemm_1d2d_impl"", ""avg_kernel_gpu_time_ms"": 0.6299258}, {""real_component"": ""q_b_proj"", ""kernel_short_name"": ""sm90_fp8_gemm_1d2d_impl"", ""avg_kernel_gpu_time_ms"": 0.22718080000000002}, {""real_component"": ""fused_qkv_a_proj_with_mqa"", ""kernel_short_name"": ""sm90_fp8_gemm_1d2d_impl"", ""avg_kernel_gpu_time_ms"": 0.1066368}]"
