tag,alignment_class,csv_path,layer_id,stage,stage_instance_index,attention_module,attention_token_count,module_gpu_makespan_ms,module_gpu_kernel_time_sum_ms,real_component,kernel_short_name,kernel_gpu_time_ms,kernel_gpu_time_ns,component_kernel_count
agg_aic_p0_small_b8_isl512_ctx2048,strict_prefix0,/home/ai_lab/ljc/scale-up-sim/aiconfigurator/bench_data/h100_sxm/sglang/v0.5.9/deepseek_v3_mla/agg_csv/20260630_181724_agg_stage2_agg_aic_p0_small_b8_isl512_ctx2048_d4_dctx512_p4_pf512_pp0_layers6_backend_auto_cg_off_pcg_off_tp1_profile_nsys__MLA时延拆解.csv,0,decode,1,attn_mqa,2052,2.494172,1.10339,fused_qkv_a_proj_with_mqa,sm90_fp8_gemm_1d2d_impl,0.060032,60032,2
agg_aic_p0_small_b8_isl512_ctx2048,strict_prefix0,/home/ai_lab/ljc/scale-up-sim/aiconfigurator/bench_data/h100_sxm/sglang/v0.5.9/deepseek_v3_mla/agg_csv/20260630_181724_agg_stage2_agg_aic_p0_small_b8_isl512_ctx2048_d4_dctx512_p4_pf512_pp0_layers6_backend_auto_cg_off_pcg_off_tp1_profile_nsys__MLA时延拆解.csv,0,decode,1,attn_mqa,2052,2.494172,1.10339,fused_qkv_a_proj_with_mqa,per_token_group_quant_8bit_kernel,0.019808,19808,2
agg_aic_p0_small_b8_isl512_ctx2048,strict_prefix0,/home/ai_lab/ljc/scale-up-sim/aiconfigurator/bench_data/h100_sxm/sglang/v0.5.9/deepseek_v3_mla/agg_csv/20260630_181724_agg_stage2_agg_aic_p0_small_b8_isl512_ctx2048_d4_dctx512_p4_pf512_pp0_layers6_backend_auto_cg_off_pcg_off_tp1_profile_nsys__MLA时延拆解.csv,0,decode,1,attn_mqa,2052,2.494172,1.10339,q_a_layernorm,RMSNormKernel,0.00544,5440,1
agg_aic_p0_small_b8_isl512_ctx2048,strict_prefix0,/home/ai_lab/ljc/scale-up-sim/aiconfigurator/bench_data/h100_sxm/sglang/v0.5.9/deepseek_v3_mla/agg_csv/20260630_181724_agg_stage2_agg_aic_p0_small_b8_isl512_ctx2048_d4_dctx512_p4_pf512_pp0_layers6_backend_auto_cg_off_pcg_off_tp1_profile_nsys__MLA时延拆解.csv,0,decode,1,attn_mqa,2052,2.494172,1.10339,kv_a_layernorm,RMSNormKernel,0.004448,4448,1
agg_aic_p0_small_b8_isl512_ctx2048,strict_prefix0,/home/ai_lab/ljc/scale-up-sim/aiconfigurator/bench_data/h100_sxm/sglang/v0.5.9/deepseek_v3_mla/agg_csv/20260630_181724_agg_stage2_agg_aic_p0_small_b8_isl512_ctx2048_d4_dctx512_p4_pf512_pp0_layers6_backend_auto_cg_off_pcg_off_tp1_profile_nsys__MLA时延拆解.csv,0,decode,1,attn_mqa,2052,2.494172,1.10339,q_b_proj,sm90_fp8_gemm_1d2d_impl,0.130175,130175,2
agg_aic_p0_small_b8_isl512_ctx2048,strict_prefix0,/home/ai_lab/ljc/scale-up-sim/aiconfigurator/bench_data/h100_sxm/sglang/v0.5.9/deepseek_v3_mla/agg_csv/20260630_181724_agg_stage2_agg_aic_p0_small_b8_isl512_ctx2048_d4_dctx512_p4_pf512_pp0_layers6_backend_auto_cg_off_pcg_off_tp1_profile_nsys__MLA时延拆解.csv,0,decode,1,attn_mqa,2052,2.494172,1.10339,q_b_proj,per_token_group_quant_8bit_kernel,0.004736,4736,2
agg_aic_p0_small_b8_isl512_ctx2048,strict_prefix0,/home/ai_lab/ljc/scale-up-sim/aiconfigurator/bench_data/h100_sxm/sglang/v0.5.9/deepseek_v3_mla/agg_csv/20260630_181724_agg_stage2_agg_aic_p0_small_b8_isl512_ctx2048_d4_dctx512_p4_pf512_pp0_layers6_backend_auto_cg_off_pcg_off_tp1_profile_nsys__MLA时延拆解.csv,0,decode,1,attn_mqa,2052,2.494172,1.10339,rotary_emb,BatchQKApplyRotaryPosIdsCosSinCacheHeadParallelismKernel,0.027552,27552,1
agg_aic_p0_small_b8_isl512_ctx2048,strict_prefix0,/home/ai_lab/ljc/scale-up-sim/aiconfigurator/bench_data/h100_sxm/sglang/v0.5.9/deepseek_v3_mla/agg_csv/20260630_181724_agg_stage2_agg_aic_p0_small_b8_isl512_ctx2048_d4_dctx512_p4_pf512_pp0_layers6_backend_auto_cg_off_pcg_off_tp1_profile_nsys__MLA时延拆解.csv,0,decode,1,attn_mqa,2052,2.494172,1.10339,attn_mqa,device_kernel,0.470783,470783,3
agg_aic_p0_small_b8_isl512_ctx2048,strict_prefix0,/home/ai_lab/ljc/scale-up-sim/aiconfigurator/bench_data/h100_sxm/sglang/v0.5.9/deepseek_v3_mla/agg_csv/20260630_181724_agg_stage2_agg_aic_p0_small_b8_isl512_ctx2048_d4_dctx512_p4_pf512_pp0_layers6_backend_auto_cg_off_pcg_off_tp1_profile_nsys__MLA时延拆解.csv,0,decode,1,attn_mqa,2052,2.494172,1.10339,attn_mqa,set_mla_kv_buffer_kernel,0.007488,7488,3
agg_aic_p0_small_b8_isl512_ctx2048,strict_prefix0,/home/ai_lab/ljc/scale-up-sim/aiconfigurator/bench_data/h100_sxm/sglang/v0.5.9/deepseek_v3_mla/agg_csv/20260630_181724_agg_stage2_agg_aic_p0_small_b8_isl512_ctx2048_d4_dctx512_p4_pf512_pp0_layers6_backend_auto_cg_off_pcg_off_tp1_profile_nsys__MLA时延拆解.csv,0,decode,1,attn_mqa,2052,2.494172,1.10339,attn_mqa,prepare_varlen_num_blocks_kernel,0.0032,3200,3
agg_aic_p0_small_b8_isl512_ctx2048,strict_prefix0,/home/ai_lab/ljc/scale-up-sim/aiconfigurator/bench_data/h100_sxm/sglang/v0.5.9/deepseek_v3_mla/agg_csv/20260630_181724_agg_stage2_agg_aic_p0_small_b8_isl512_ctx2048_d4_dctx512_p4_pf512_pp0_layers6_backend_auto_cg_off_pcg_off_tp1_profile_nsys__MLA时延拆解.csv,0,decode,1,attn_mqa,2052,2.494172,1.10339,o_proj,sm90_fp8_gemm_1d2d_impl,0.329088,329088,2
agg_aic_p0_small_b8_isl512_ctx2048,strict_prefix0,/home/ai_lab/ljc/scale-up-sim/aiconfigurator/bench_data/h100_sxm/sglang/v0.5.9/deepseek_v3_mla/agg_csv/20260630_181724_agg_stage2_agg_aic_p0_small_b8_isl512_ctx2048_d4_dctx512_p4_pf512_pp0_layers6_backend_auto_cg_off_pcg_off_tp1_profile_nsys__MLA时延拆解.csv,0,decode,1,attn_mqa,2052,2.494172,1.10339,o_proj,per_token_group_quant_8bit_kernel,0.04064,40640,2
agg_aic_p0_small_b8_isl512_ctx2048,strict_prefix0,/home/ai_lab/ljc/scale-up-sim/aiconfigurator/bench_data/h100_sxm/sglang/v0.5.9/deepseek_v3_mla/agg_csv/20260630_181724_agg_stage2_agg_aic_p0_small_b8_isl512_ctx2048_d4_dctx512_p4_pf512_pp0_layers6_backend_auto_cg_off_pcg_off_tp1_profile_nsys__MLA时延拆解.csv,1,decode,1,attn_mqa,2052,1.380285,1.104861,fused_qkv_a_proj_with_mqa,sm90_fp8_gemm_1d2d_impl,0.059616,59616,2
agg_aic_p0_small_b8_isl512_ctx2048,strict_prefix0,/home/ai_lab/ljc/scale-up-sim/aiconfigurator/bench_data/h100_sxm/sglang/v0.5.9/deepseek_v3_mla/agg_csv/20260630_181724_agg_stage2_agg_aic_p0_small_b8_isl512_ctx2048_d4_dctx512_p4_pf512_pp0_layers6_backend_auto_cg_off_pcg_off_tp1_profile_nsys__MLA时延拆解.csv,1,decode,1,attn_mqa,2052,1.380285,1.104861,fused_qkv_a_proj_with_mqa,per_token_group_quant_8bit_kernel,0.020127,20127,2
agg_aic_p0_small_b8_isl512_ctx2048,strict_prefix0,/home/ai_lab/ljc/scale-up-sim/aiconfigurator/bench_data/h100_sxm/sglang/v0.5.9/deepseek_v3_mla/agg_csv/20260630_181724_agg_stage2_agg_aic_p0_small_b8_isl512_ctx2048_d4_dctx512_p4_pf512_pp0_layers6_backend_auto_cg_off_pcg_off_tp1_profile_nsys__MLA时延拆解.csv,1,decode,1,attn_mqa,2052,1.380285,1.104861,q_a_layernorm,RMSNormKernel,0.005504,5504,1
agg_aic_p0_small_b8_isl512_ctx2048,strict_prefix0,/home/ai_lab/ljc/scale-up-sim/aiconfigurator/bench_data/h100_sxm/sglang/v0.5.9/deepseek_v3_mla/agg_csv/20260630_181724_agg_stage2_agg_aic_p0_small_b8_isl512_ctx2048_d4_dctx512_p4_pf512_pp0_layers6_backend_auto_cg_off_pcg_off_tp1_profile_nsys__MLA时延拆解.csv,1,decode,1,attn_mqa,2052,1.380285,1.104861,kv_a_layernorm,RMSNormKernel,0.00448,4480,1
agg_aic_p0_small_b8_isl512_ctx2048,strict_prefix0,/home/ai_lab/ljc/scale-up-sim/aiconfigurator/bench_data/h100_sxm/sglang/v0.5.9/deepseek_v3_mla/agg_csv/20260630_181724_agg_stage2_agg_aic_p0_small_b8_isl512_ctx2048_d4_dctx512_p4_pf512_pp0_layers6_backend_auto_cg_off_pcg_off_tp1_profile_nsys__MLA时延拆解.csv,1,decode,1,attn_mqa,2052,1.380285,1.104861,q_b_proj,sm90_fp8_gemm_1d2d_impl,0.125792,125792,2
agg_aic_p0_small_b8_isl512_ctx2048,strict_prefix0,/home/ai_lab/ljc/scale-up-sim/aiconfigurator/bench_data/h100_sxm/sglang/v0.5.9/deepseek_v3_mla/agg_csv/20260630_181724_agg_stage2_agg_aic_p0_small_b8_isl512_ctx2048_d4_dctx512_p4_pf512_pp0_layers6_backend_auto_cg_off_pcg_off_tp1_profile_nsys__MLA时延拆解.csv,1,decode,1,attn_mqa,2052,1.380285,1.104861,q_b_proj,per_token_group_quant_8bit_kernel,0.004832,4832,2
agg_aic_p0_small_b8_isl512_ctx2048,strict_prefix0,/home/ai_lab/ljc/scale-up-sim/aiconfigurator/bench_data/h100_sxm/sglang/v0.5.9/deepseek_v3_mla/agg_csv/20260630_181724_agg_stage2_agg_aic_p0_small_b8_isl512_ctx2048_d4_dctx512_p4_pf512_pp0_layers6_backend_auto_cg_off_pcg_off_tp1_profile_nsys__MLA时延拆解.csv,1,decode,1,attn_mqa,2052,1.380285,1.104861,rotary_emb,BatchQKApplyRotaryPosIdsCosSinCacheHeadParallelismKernel,0.028384,28384,1
agg_aic_p0_small_b8_isl512_ctx2048,strict_prefix0,/home/ai_lab/ljc/scale-up-sim/aiconfigurator/bench_data/h100_sxm/sglang/v0.5.9/deepseek_v3_mla/agg_csv/20260630_181724_agg_stage2_agg_aic_p0_small_b8_isl512_ctx2048_d4_dctx512_p4_pf512_pp0_layers6_backend_auto_cg_off_pcg_off_tp1_profile_nsys__MLA时延拆解.csv,1,decode,1,attn_mqa,2052,1.380285,1.104861,attn_mqa,device_kernel,0.463455,463455,3
agg_aic_p0_small_b8_isl512_ctx2048,strict_prefix0,/home/ai_lab/ljc/scale-up-sim/aiconfigurator/bench_data/h100_sxm/sglang/v0.5.9/deepseek_v3_mla/agg_csv/20260630_181724_agg_stage2_agg_aic_p0_small_b8_isl512_ctx2048_d4_dctx512_p4_pf512_pp0_layers6_backend_auto_cg_off_pcg_off_tp1_profile_nsys__MLA时延拆解.csv,1,decode,1,attn_mqa,2052,1.380285,1.104861,attn_mqa,set_mla_kv_buffer_kernel,0.007616,7616,3
agg_aic_p0_small_b8_isl512_ctx2048,strict_prefix0,/home/ai_lab/ljc/scale-up-sim/aiconfigurator/bench_data/h100_sxm/sglang/v0.5.9/deepseek_v3_mla/agg_csv/20260630_181724_agg_stage2_agg_aic_p0_small_b8_isl512_ctx2048_d4_dctx512_p4_pf512_pp0_layers6_backend_auto_cg_off_pcg_off_tp1_profile_nsys__MLA时延拆解.csv,1,decode,1,attn_mqa,2052,1.380285,1.104861,attn_mqa,prepare_varlen_num_blocks_kernel,0.003136,3136,3
agg_aic_p0_small_b8_isl512_ctx2048,strict_prefix0,/home/ai_lab/ljc/scale-up-sim/aiconfigurator/bench_data/h100_sxm/sglang/v0.5.9/deepseek_v3_mla/agg_csv/20260630_181724_agg_stage2_agg_aic_p0_small_b8_isl512_ctx2048_d4_dctx512_p4_pf512_pp0_layers6_backend_auto_cg_off_pcg_off_tp1_profile_nsys__MLA时延拆解.csv,1,decode,1,attn_mqa,2052,1.380285,1.104861,o_proj,sm90_fp8_gemm_1d2d_impl,0.340959,340959,2
agg_aic_p0_small_b8_isl512_ctx2048,strict_prefix0,/home/ai_lab/ljc/scale-up-sim/aiconfigurator/bench_data/h100_sxm/sglang/v0.5.9/deepseek_v3_mla/agg_csv/20260630_181724_agg_stage2_agg_aic_p0_small_b8_isl512_ctx2048_d4_dctx512_p4_pf512_pp0_layers6_backend_auto_cg_off_pcg_off_tp1_profile_nsys__MLA时延拆解.csv,1,decode,1,attn_mqa,2052,1.380285,1.104861,o_proj,per_token_group_quant_8bit_kernel,0.04096,40960,2
agg_aic_p0_small_b8_isl512_ctx2048,strict_prefix0,/home/ai_lab/ljc/scale-up-sim/aiconfigurator/bench_data/h100_sxm/sglang/v0.5.9/deepseek_v3_mla/agg_csv/20260630_181724_agg_stage2_agg_aic_p0_small_b8_isl512_ctx2048_d4_dctx512_p4_pf512_pp0_layers6_backend_auto_cg_off_pcg_off_tp1_profile_nsys__MLA时延拆解.csv,2,decode,1,attn_mqa,2052,1.381086,1.107645,fused_qkv_a_proj_with_mqa,sm90_fp8_gemm_1d2d_impl,0.059776,59776,2
agg_aic_p0_small_b8_isl512_ctx2048,strict_prefix0,/home/ai_lab/ljc/scale-up-sim/aiconfigurator/bench_data/h100_sxm/sglang/v0.5.9/deepseek_v3_mla/agg_csv/20260630_181724_agg_stage2_agg_aic_p0_small_b8_isl512_ctx2048_d4_dctx512_p4_pf512_pp0_layers6_backend_auto_cg_off_pcg_off_tp1_profile_nsys__MLA时延拆解.csv,2,decode,1,attn_mqa,2052,1.381086,1.107645,fused_qkv_a_proj_with_mqa,per_token_group_quant_8bit_kernel,0.019968,19968,2
agg_aic_p0_small_b8_isl512_ctx2048,strict_prefix0,/home/ai_lab/ljc/scale-up-sim/aiconfigurator/bench_data/h100_sxm/sglang/v0.5.9/deepseek_v3_mla/agg_csv/20260630_181724_agg_stage2_agg_aic_p0_small_b8_isl512_ctx2048_d4_dctx512_p4_pf512_pp0_layers6_backend_auto_cg_off_pcg_off_tp1_profile_nsys__MLA时延拆解.csv,2,decode,1,attn_mqa,2052,1.381086,1.107645,q_a_layernorm,RMSNormKernel,0.005727,5727,1
agg_aic_p0_small_b8_isl512_ctx2048,strict_prefix0,/home/ai_lab/ljc/scale-up-sim/aiconfigurator/bench_data/h100_sxm/sglang/v0.5.9/deepseek_v3_mla/agg_csv/20260630_181724_agg_stage2_agg_aic_p0_small_b8_isl512_ctx2048_d4_dctx512_p4_pf512_pp0_layers6_backend_auto_cg_off_pcg_off_tp1_profile_nsys__MLA时延拆解.csv,2,decode,1,attn_mqa,2052,1.381086,1.107645,kv_a_layernorm,RMSNormKernel,0.00448,4480,1
agg_aic_p0_small_b8_isl512_ctx2048,strict_prefix0,/home/ai_lab/ljc/scale-up-sim/aiconfigurator/bench_data/h100_sxm/sglang/v0.5.9/deepseek_v3_mla/agg_csv/20260630_181724_agg_stage2_agg_aic_p0_small_b8_isl512_ctx2048_d4_dctx512_p4_pf512_pp0_layers6_backend_auto_cg_off_pcg_off_tp1_profile_nsys__MLA时延拆解.csv,2,decode,1,attn_mqa,2052,1.381086,1.107645,q_b_proj,sm90_fp8_gemm_1d2d_impl,0.126048,126048,2
agg_aic_p0_small_b8_isl512_ctx2048,strict_prefix0,/home/ai_lab/ljc/scale-up-sim/aiconfigurator/bench_data/h100_sxm/sglang/v0.5.9/deepseek_v3_mla/agg_csv/20260630_181724_agg_stage2_agg_aic_p0_small_b8_isl512_ctx2048_d4_dctx512_p4_pf512_pp0_layers6_backend_auto_cg_off_pcg_off_tp1_profile_nsys__MLA时延拆解.csv,2,decode,1,attn_mqa,2052,1.381086,1.107645,q_b_proj,per_token_group_quant_8bit_kernel,0.004768,4768,2
agg_aic_p0_small_b8_isl512_ctx2048,strict_prefix0,/home/ai_lab/ljc/scale-up-sim/aiconfigurator/bench_data/h100_sxm/sglang/v0.5.9/deepseek_v3_mla/agg_csv/20260630_181724_agg_stage2_agg_aic_p0_small_b8_isl512_ctx2048_d4_dctx512_p4_pf512_pp0_layers6_backend_auto_cg_off_pcg_off_tp1_profile_nsys__MLA时延拆解.csv,2,decode,1,attn_mqa,2052,1.381086,1.107645,rotary_emb,BatchQKApplyRotaryPosIdsCosSinCacheHeadParallelismKernel,0.027424,27424,1
agg_aic_p0_small_b8_isl512_ctx2048,strict_prefix0,/home/ai_lab/ljc/scale-up-sim/aiconfigurator/bench_data/h100_sxm/sglang/v0.5.9/deepseek_v3_mla/agg_csv/20260630_181724_agg_stage2_agg_aic_p0_small_b8_isl512_ctx2048_d4_dctx512_p4_pf512_pp0_layers6_backend_auto_cg_off_pcg_off_tp1_profile_nsys__MLA时延拆解.csv,2,decode,1,attn_mqa,2052,1.381086,1.107645,attn_mqa,device_kernel,0.474591,474591,3
agg_aic_p0_small_b8_isl512_ctx2048,strict_prefix0,/home/ai_lab/ljc/scale-up-sim/aiconfigurator/bench_data/h100_sxm/sglang/v0.5.9/deepseek_v3_mla/agg_csv/20260630_181724_agg_stage2_agg_aic_p0_small_b8_isl512_ctx2048_d4_dctx512_p4_pf512_pp0_layers6_backend_auto_cg_off_pcg_off_tp1_profile_nsys__MLA时延拆解.csv,2,decode,1,attn_mqa,2052,1.381086,1.107645,attn_mqa,set_mla_kv_buffer_kernel,0.007552,7552,3
agg_aic_p0_small_b8_isl512_ctx2048,strict_prefix0,/home/ai_lab/ljc/scale-up-sim/aiconfigurator/bench_data/h100_sxm/sglang/v0.5.9/deepseek_v3_mla/agg_csv/20260630_181724_agg_stage2_agg_aic_p0_small_b8_isl512_ctx2048_d4_dctx512_p4_pf512_pp0_layers6_backend_auto_cg_off_pcg_off_tp1_profile_nsys__MLA时延拆解.csv,2,decode,1,attn_mqa,2052,1.381086,1.107645,attn_mqa,prepare_varlen_num_blocks_kernel,0.003296,3296,3
agg_aic_p0_small_b8_isl512_ctx2048,strict_prefix0,/home/ai_lab/ljc/scale-up-sim/aiconfigurator/bench_data/h100_sxm/sglang/v0.5.9/deepseek_v3_mla/agg_csv/20260630_181724_agg_stage2_agg_aic_p0_small_b8_isl512_ctx2048_d4_dctx512_p4_pf512_pp0_layers6_backend_auto_cg_off_pcg_off_tp1_profile_nsys__MLA时延拆解.csv,2,decode,1,attn_mqa,2052,1.381086,1.107645,o_proj,sm90_fp8_gemm_1d2d_impl,0.333087,333087,2
agg_aic_p0_small_b8_isl512_ctx2048,strict_prefix0,/home/ai_lab/ljc/scale-up-sim/aiconfigurator/bench_data/h100_sxm/sglang/v0.5.9/deepseek_v3_mla/agg_csv/20260630_181724_agg_stage2_agg_aic_p0_small_b8_isl512_ctx2048_d4_dctx512_p4_pf512_pp0_layers6_backend_auto_cg_off_pcg_off_tp1_profile_nsys__MLA时延拆解.csv,2,decode,1,attn_mqa,2052,1.381086,1.107645,o_proj,per_token_group_quant_8bit_kernel,0.040928,40928,2
agg_aic_p0_small_b8_isl512_ctx2048,strict_prefix0,/home/ai_lab/ljc/scale-up-sim/aiconfigurator/bench_data/h100_sxm/sglang/v0.5.9/deepseek_v3_mla/agg_csv/20260630_181724_agg_stage2_agg_aic_p0_small_b8_isl512_ctx2048_d4_dctx512_p4_pf512_pp0_layers6_backend_auto_cg_off_pcg_off_tp1_profile_nsys__MLA时延拆解.csv,3,decode,1,attn_mqa,2052,1.385566,1.108384,fused_qkv_a_proj_with_mqa,sm90_fp8_gemm_1d2d_impl,0.059552,59552,2
agg_aic_p0_small_b8_isl512_ctx2048,strict_prefix0,/home/ai_lab/ljc/scale-up-sim/aiconfigurator/bench_data/h100_sxm/sglang/v0.5.9/deepseek_v3_mla/agg_csv/20260630_181724_agg_stage2_agg_aic_p0_small_b8_isl512_ctx2048_d4_dctx512_p4_pf512_pp0_layers6_backend_auto_cg_off_pcg_off_tp1_profile_nsys__MLA时延拆解.csv,3,decode,1,attn_mqa,2052,1.385566,1.108384,fused_qkv_a_proj_with_mqa,per_token_group_quant_8bit_kernel,0.02016,20160,2
agg_aic_p0_small_b8_isl512_ctx2048,strict_prefix0,/home/ai_lab/ljc/scale-up-sim/aiconfigurator/bench_data/h100_sxm/sglang/v0.5.9/deepseek_v3_mla/agg_csv/20260630_181724_agg_stage2_agg_aic_p0_small_b8_isl512_ctx2048_d4_dctx512_p4_pf512_pp0_layers6_backend_auto_cg_off_pcg_off_tp1_profile_nsys__MLA时延拆解.csv,3,decode,1,attn_mqa,2052,1.385566,1.108384,q_a_layernorm,RMSNormKernel,0.00544,5440,1
agg_aic_p0_small_b8_isl512_ctx2048,strict_prefix0,/home/ai_lab/ljc/scale-up-sim/aiconfigurator/bench_data/h100_sxm/sglang/v0.5.9/deepseek_v3_mla/agg_csv/20260630_181724_agg_stage2_agg_aic_p0_small_b8_isl512_ctx2048_d4_dctx512_p4_pf512_pp0_layers6_backend_auto_cg_off_pcg_off_tp1_profile_nsys__MLA时延拆解.csv,3,decode,1,attn_mqa,2052,1.385566,1.108384,kv_a_layernorm,RMSNormKernel,0.004512,4512,1
agg_aic_p0_small_b8_isl512_ctx2048,strict_prefix0,/home/ai_lab/ljc/scale-up-sim/aiconfigurator/bench_data/h100_sxm/sglang/v0.5.9/deepseek_v3_mla/agg_csv/20260630_181724_agg_stage2_agg_aic_p0_small_b8_isl512_ctx2048_d4_dctx512_p4_pf512_pp0_layers6_backend_auto_cg_off_pcg_off_tp1_profile_nsys__MLA时延拆解.csv,3,decode,1,attn_mqa,2052,1.385566,1.108384,q_b_proj,sm90_fp8_gemm_1d2d_impl,0.12528,125280,2
agg_aic_p0_small_b8_isl512_ctx2048,strict_prefix0,/home/ai_lab/ljc/scale-up-sim/aiconfigurator/bench_data/h100_sxm/sglang/v0.5.9/deepseek_v3_mla/agg_csv/20260630_181724_agg_stage2_agg_aic_p0_small_b8_isl512_ctx2048_d4_dctx512_p4_pf512_pp0_layers6_backend_auto_cg_off_pcg_off_tp1_profile_nsys__MLA时延拆解.csv,3,decode,1,attn_mqa,2052,1.385566,1.108384,q_b_proj,per_token_group_quant_8bit_kernel,0.004736,4736,2
agg_aic_p0_small_b8_isl512_ctx2048,strict_prefix0,/home/ai_lab/ljc/scale-up-sim/aiconfigurator/bench_data/h100_sxm/sglang/v0.5.9/deepseek_v3_mla/agg_csv/20260630_181724_agg_stage2_agg_aic_p0_small_b8_isl512_ctx2048_d4_dctx512_p4_pf512_pp0_layers6_backend_auto_cg_off_pcg_off_tp1_profile_nsys__MLA时延拆解.csv,3,decode,1,attn_mqa,2052,1.385566,1.108384,rotary_emb,BatchQKApplyRotaryPosIdsCosSinCacheHeadParallelismKernel,0.028032,28032,1
agg_aic_p0_small_b8_isl512_ctx2048,strict_prefix0,/home/ai_lab/ljc/scale-up-sim/aiconfigurator/bench_data/h100_sxm/sglang/v0.5.9/deepseek_v3_mla/agg_csv/20260630_181724_agg_stage2_agg_aic_p0_small_b8_isl512_ctx2048_d4_dctx512_p4_pf512_pp0_layers6_backend_auto_cg_off_pcg_off_tp1_profile_nsys__MLA时延拆解.csv,3,decode,1,attn_mqa,2052,1.385566,1.108384,attn_mqa,device_kernel,0.46864,468640,3
agg_aic_p0_small_b8_isl512_ctx2048,strict_prefix0,/home/ai_lab/ljc/scale-up-sim/aiconfigurator/bench_data/h100_sxm/sglang/v0.5.9/deepseek_v3_mla/agg_csv/20260630_181724_agg_stage2_agg_aic_p0_small_b8_isl512_ctx2048_d4_dctx512_p4_pf512_pp0_layers6_backend_auto_cg_off_pcg_off_tp1_profile_nsys__MLA时延拆解.csv,3,decode,1,attn_mqa,2052,1.385566,1.108384,attn_mqa,set_mla_kv_buffer_kernel,0.00752,7520,3
agg_aic_p0_small_b8_isl512_ctx2048,strict_prefix0,/home/ai_lab/ljc/scale-up-sim/aiconfigurator/bench_data/h100_sxm/sglang/v0.5.9/deepseek_v3_mla/agg_csv/20260630_181724_agg_stage2_agg_aic_p0_small_b8_isl512_ctx2048_d4_dctx512_p4_pf512_pp0_layers6_backend_auto_cg_off_pcg_off_tp1_profile_nsys__MLA时延拆解.csv,3,decode,1,attn_mqa,2052,1.385566,1.108384,attn_mqa,prepare_varlen_num_blocks_kernel,0.003168,3168,3
agg_aic_p0_small_b8_isl512_ctx2048,strict_prefix0,/home/ai_lab/ljc/scale-up-sim/aiconfigurator/bench_data/h100_sxm/sglang/v0.5.9/deepseek_v3_mla/agg_csv/20260630_181724_agg_stage2_agg_aic_p0_small_b8_isl512_ctx2048_d4_dctx512_p4_pf512_pp0_layers6_backend_auto_cg_off_pcg_off_tp1_profile_nsys__MLA时延拆解.csv,3,decode,1,attn_mqa,2052,1.385566,1.108384,o_proj,sm90_fp8_gemm_1d2d_impl,0.340288,340288,2
agg_aic_p0_small_b8_isl512_ctx2048,strict_prefix0,/home/ai_lab/ljc/scale-up-sim/aiconfigurator/bench_data/h100_sxm/sglang/v0.5.9/deepseek_v3_mla/agg_csv/20260630_181724_agg_stage2_agg_aic_p0_small_b8_isl512_ctx2048_d4_dctx512_p4_pf512_pp0_layers6_backend_auto_cg_off_pcg_off_tp1_profile_nsys__MLA时延拆解.csv,3,decode,1,attn_mqa,2052,1.385566,1.108384,o_proj,per_token_group_quant_8bit_kernel,0.041056,41056,2
agg_aic_p0_small_b8_isl512_ctx2048,strict_prefix0,/home/ai_lab/ljc/scale-up-sim/aiconfigurator/bench_data/h100_sxm/sglang/v0.5.9/deepseek_v3_mla/agg_csv/20260630_181724_agg_stage2_agg_aic_p0_small_b8_isl512_ctx2048_d4_dctx512_p4_pf512_pp0_layers6_backend_auto_cg_off_pcg_off_tp1_profile_nsys__MLA时延拆解.csv,4,decode,1,attn_mqa,2052,1.375229,1.098013,fused_qkv_a_proj_with_mqa,sm90_fp8_gemm_1d2d_impl,0.058976,58976,2
agg_aic_p0_small_b8_isl512_ctx2048,strict_prefix0,/home/ai_lab/ljc/scale-up-sim/aiconfigurator/bench_data/h100_sxm/sglang/v0.5.9/deepseek_v3_mla/agg_csv/20260630_181724_agg_stage2_agg_aic_p0_small_b8_isl512_ctx2048_d4_dctx512_p4_pf512_pp0_layers6_backend_auto_cg_off_pcg_off_tp1_profile_nsys__MLA时延拆解.csv,4,decode,1,attn_mqa,2052,1.375229,1.098013,fused_qkv_a_proj_with_mqa,per_token_group_quant_8bit_kernel,0.020223,20223,2
agg_aic_p0_small_b8_isl512_ctx2048,strict_prefix0,/home/ai_lab/ljc/scale-up-sim/aiconfigurator/bench_data/h100_sxm/sglang/v0.5.9/deepseek_v3_mla/agg_csv/20260630_181724_agg_stage2_agg_aic_p0_small_b8_isl512_ctx2048_d4_dctx512_p4_pf512_pp0_layers6_backend_auto_cg_off_pcg_off_tp1_profile_nsys__MLA时延拆解.csv,4,decode,1,attn_mqa,2052,1.375229,1.098013,q_a_layernorm,RMSNormKernel,0.005408,5408,1
agg_aic_p0_small_b8_isl512_ctx2048,strict_prefix0,/home/ai_lab/ljc/scale-up-sim/aiconfigurator/bench_data/h100_sxm/sglang/v0.5.9/deepseek_v3_mla/agg_csv/20260630_181724_agg_stage2_agg_aic_p0_small_b8_isl512_ctx2048_d4_dctx512_p4_pf512_pp0_layers6_backend_auto_cg_off_pcg_off_tp1_profile_nsys__MLA时延拆解.csv,4,decode,1,attn_mqa,2052,1.375229,1.098013,kv_a_layernorm,RMSNormKernel,0.004672,4672,1
agg_aic_p0_small_b8_isl512_ctx2048,strict_prefix0,/home/ai_lab/ljc/scale-up-sim/aiconfigurator/bench_data/h100_sxm/sglang/v0.5.9/deepseek_v3_mla/agg_csv/20260630_181724_agg_stage2_agg_aic_p0_small_b8_isl512_ctx2048_d4_dctx512_p4_pf512_pp0_layers6_backend_auto_cg_off_pcg_off_tp1_profile_nsys__MLA时延拆解.csv,4,decode,1,attn_mqa,2052,1.375229,1.098013,q_b_proj,sm90_fp8_gemm_1d2d_impl,0.125376,125376,2
agg_aic_p0_small_b8_isl512_ctx2048,strict_prefix0,/home/ai_lab/ljc/scale-up-sim/aiconfigurator/bench_data/h100_sxm/sglang/v0.5.9/deepseek_v3_mla/agg_csv/20260630_181724_agg_stage2_agg_aic_p0_small_b8_isl512_ctx2048_d4_dctx512_p4_pf512_pp0_layers6_backend_auto_cg_off_pcg_off_tp1_profile_nsys__MLA时延拆解.csv,4,decode,1,attn_mqa,2052,1.375229,1.098013,q_b_proj,per_token_group_quant_8bit_kernel,0.0048,4800,2
agg_aic_p0_small_b8_isl512_ctx2048,strict_prefix0,/home/ai_lab/ljc/scale-up-sim/aiconfigurator/bench_data/h100_sxm/sglang/v0.5.9/deepseek_v3_mla/agg_csv/20260630_181724_agg_stage2_agg_aic_p0_small_b8_isl512_ctx2048_d4_dctx512_p4_pf512_pp0_layers6_backend_auto_cg_off_pcg_off_tp1_profile_nsys__MLA时延拆解.csv,4,decode,1,attn_mqa,2052,1.375229,1.098013,rotary_emb,BatchQKApplyRotaryPosIdsCosSinCacheHeadParallelismKernel,0.027552,27552,1
agg_aic_p0_small_b8_isl512_ctx2048,strict_prefix0,/home/ai_lab/ljc/scale-up-sim/aiconfigurator/bench_data/h100_sxm/sglang/v0.5.9/deepseek_v3_mla/agg_csv/20260630_181724_agg_stage2_agg_aic_p0_small_b8_isl512_ctx2048_d4_dctx512_p4_pf512_pp0_layers6_backend_auto_cg_off_pcg_off_tp1_profile_nsys__MLA时延拆解.csv,4,decode,1,attn_mqa,2052,1.375229,1.098013,attn_mqa,device_kernel,0.469887,469887,3
agg_aic_p0_small_b8_isl512_ctx2048,strict_prefix0,/home/ai_lab/ljc/scale-up-sim/aiconfigurator/bench_data/h100_sxm/sglang/v0.5.9/deepseek_v3_mla/agg_csv/20260630_181724_agg_stage2_agg_aic_p0_small_b8_isl512_ctx2048_d4_dctx512_p4_pf512_pp0_layers6_backend_auto_cg_off_pcg_off_tp1_profile_nsys__MLA时延拆解.csv,4,decode,1,attn_mqa,2052,1.375229,1.098013,attn_mqa,set_mla_kv_buffer_kernel,0.007616,7616,3
agg_aic_p0_small_b8_isl512_ctx2048,strict_prefix0,/home/ai_lab/ljc/scale-up-sim/aiconfigurator/bench_data/h100_sxm/sglang/v0.5.9/deepseek_v3_mla/agg_csv/20260630_181724_agg_stage2_agg_aic_p0_small_b8_isl512_ctx2048_d4_dctx512_p4_pf512_pp0_layers6_backend_auto_cg_off_pcg_off_tp1_profile_nsys__MLA时延拆解.csv,4,decode,1,attn_mqa,2052,1.375229,1.098013,attn_mqa,prepare_varlen_num_blocks_kernel,0.003392,3392,3
agg_aic_p0_small_b8_isl512_ctx2048,strict_prefix0,/home/ai_lab/ljc/scale-up-sim/aiconfigurator/bench_data/h100_sxm/sglang/v0.5.9/deepseek_v3_mla/agg_csv/20260630_181724_agg_stage2_agg_aic_p0_small_b8_isl512_ctx2048_d4_dctx512_p4_pf512_pp0_layers6_backend_auto_cg_off_pcg_off_tp1_profile_nsys__MLA时延拆解.csv,4,decode,1,attn_mqa,2052,1.375229,1.098013,o_proj,sm90_fp8_gemm_1d2d_impl,0.328415,328415,2
agg_aic_p0_small_b8_isl512_ctx2048,strict_prefix0,/home/ai_lab/ljc/scale-up-sim/aiconfigurator/bench_data/h100_sxm/sglang/v0.5.9/deepseek_v3_mla/agg_csv/20260630_181724_agg_stage2_agg_aic_p0_small_b8_isl512_ctx2048_d4_dctx512_p4_pf512_pp0_layers6_backend_auto_cg_off_pcg_off_tp1_profile_nsys__MLA时延拆解.csv,4,decode,1,attn_mqa,2052,1.375229,1.098013,o_proj,per_token_group_quant_8bit_kernel,0.041696,41696,2
agg_aic_p0_small_b8_isl512_ctx2048,strict_prefix0,/home/ai_lab/ljc/scale-up-sim/aiconfigurator/bench_data/h100_sxm/sglang/v0.5.9/deepseek_v3_mla/agg_csv/20260630_181724_agg_stage2_agg_aic_p0_small_b8_isl512_ctx2048_d4_dctx512_p4_pf512_pp0_layers6_backend_auto_cg_off_pcg_off_tp1_profile_nsys__MLA时延拆解.csv,5,decode,1,attn_mqa,2052,1.395614,1.122462,fused_qkv_a_proj_with_mqa,sm90_fp8_gemm_1d2d_impl,0.058688,58688,2
agg_aic_p0_small_b8_isl512_ctx2048,strict_prefix0,/home/ai_lab/ljc/scale-up-sim/aiconfigurator/bench_data/h100_sxm/sglang/v0.5.9/deepseek_v3_mla/agg_csv/20260630_181724_agg_stage2_agg_aic_p0_small_b8_isl512_ctx2048_d4_dctx512_p4_pf512_pp0_layers6_backend_auto_cg_off_pcg_off_tp1_profile_nsys__MLA时延拆解.csv,5,decode,1,attn_mqa,2052,1.395614,1.122462,fused_qkv_a_proj_with_mqa,per_token_group_quant_8bit_kernel,0.021408,21408,2
agg_aic_p0_small_b8_isl512_ctx2048,strict_prefix0,/home/ai_lab/ljc/scale-up-sim/aiconfigurator/bench_data/h100_sxm/sglang/v0.5.9/deepseek_v3_mla/agg_csv/20260630_181724_agg_stage2_agg_aic_p0_small_b8_isl512_ctx2048_d4_dctx512_p4_pf512_pp0_layers6_backend_auto_cg_off_pcg_off_tp1_profile_nsys__MLA时延拆解.csv,5,decode,1,attn_mqa,2052,1.395614,1.122462,q_a_layernorm,RMSNormKernel,0.005408,5408,1
agg_aic_p0_small_b8_isl512_ctx2048,strict_prefix0,/home/ai_lab/ljc/scale-up-sim/aiconfigurator/bench_data/h100_sxm/sglang/v0.5.9/deepseek_v3_mla/agg_csv/20260630_181724_agg_stage2_agg_aic_p0_small_b8_isl512_ctx2048_d4_dctx512_p4_pf512_pp0_layers6_backend_auto_cg_off_pcg_off_tp1_profile_nsys__MLA时延拆解.csv,5,decode,1,attn_mqa,2052,1.395614,1.122462,kv_a_layernorm,RMSNormKernel,0.004544,4544,1
agg_aic_p0_small_b8_isl512_ctx2048,strict_prefix0,/home/ai_lab/ljc/scale-up-sim/aiconfigurator/bench_data/h100_sxm/sglang/v0.5.9/deepseek_v3_mla/agg_csv/20260630_181724_agg_stage2_agg_aic_p0_small_b8_isl512_ctx2048_d4_dctx512_p4_pf512_pp0_layers6_backend_auto_cg_off_pcg_off_tp1_profile_nsys__MLA时延拆解.csv,5,decode,1,attn_mqa,2052,1.395614,1.122462,q_b_proj,sm90_fp8_gemm_1d2d_impl,0.12528,125280,2
agg_aic_p0_small_b8_isl512_ctx2048,strict_prefix0,/home/ai_lab/ljc/scale-up-sim/aiconfigurator/bench_data/h100_sxm/sglang/v0.5.9/deepseek_v3_mla/agg_csv/20260630_181724_agg_stage2_agg_aic_p0_small_b8_isl512_ctx2048_d4_dctx512_p4_pf512_pp0_layers6_backend_auto_cg_off_pcg_off_tp1_profile_nsys__MLA时延拆解.csv,5,decode,1,attn_mqa,2052,1.395614,1.122462,q_b_proj,per_token_group_quant_8bit_kernel,0.004704,4704,2
agg_aic_p0_small_b8_isl512_ctx2048,strict_prefix0,/home/ai_lab/ljc/scale-up-sim/aiconfigurator/bench_data/h100_sxm/sglang/v0.5.9/deepseek_v3_mla/agg_csv/20260630_181724_agg_stage2_agg_aic_p0_small_b8_isl512_ctx2048_d4_dctx512_p4_pf512_pp0_layers6_backend_auto_cg_off_pcg_off_tp1_profile_nsys__MLA时延拆解.csv,5,decode,1,attn_mqa,2052,1.395614,1.122462,rotary_emb,BatchQKApplyRotaryPosIdsCosSinCacheHeadParallelismKernel,0.027808,27808,1
agg_aic_p0_small_b8_isl512_ctx2048,strict_prefix0,/home/ai_lab/ljc/scale-up-sim/aiconfigurator/bench_data/h100_sxm/sglang/v0.5.9/deepseek_v3_mla/agg_csv/20260630_181724_agg_stage2_agg_aic_p0_small_b8_isl512_ctx2048_d4_dctx512_p4_pf512_pp0_layers6_backend_auto_cg_off_pcg_off_tp1_profile_nsys__MLA时延拆解.csv,5,decode,1,attn_mqa,2052,1.395614,1.122462,attn_mqa,device_kernel,0.48,480000,3
agg_aic_p0_small_b8_isl512_ctx2048,strict_prefix0,/home/ai_lab/ljc/scale-up-sim/aiconfigurator/bench_data/h100_sxm/sglang/v0.5.9/deepseek_v3_mla/agg_csv/20260630_181724_agg_stage2_agg_aic_p0_small_b8_isl512_ctx2048_d4_dctx512_p4_pf512_pp0_layers6_backend_auto_cg_off_pcg_off_tp1_profile_nsys__MLA时延拆解.csv,5,decode,1,attn_mqa,2052,1.395614,1.122462,attn_mqa,set_mla_kv_buffer_kernel,0.007519,7519,3
agg_aic_p0_small_b8_isl512_ctx2048,strict_prefix0,/home/ai_lab/ljc/scale-up-sim/aiconfigurator/bench_data/h100_sxm/sglang/v0.5.9/deepseek_v3_mla/agg_csv/20260630_181724_agg_stage2_agg_aic_p0_small_b8_isl512_ctx2048_d4_dctx512_p4_pf512_pp0_layers6_backend_auto_cg_off_pcg_off_tp1_profile_nsys__MLA时延拆解.csv,5,decode,1,attn_mqa,2052,1.395614,1.122462,attn_mqa,prepare_varlen_num_blocks_kernel,0.003232,3232,3
agg_aic_p0_small_b8_isl512_ctx2048,strict_prefix0,/home/ai_lab/ljc/scale-up-sim/aiconfigurator/bench_data/h100_sxm/sglang/v0.5.9/deepseek_v3_mla/agg_csv/20260630_181724_agg_stage2_agg_aic_p0_small_b8_isl512_ctx2048_d4_dctx512_p4_pf512_pp0_layers6_backend_auto_cg_off_pcg_off_tp1_profile_nsys__MLA时延拆解.csv,5,decode,1,attn_mqa,2052,1.395614,1.122462,o_proj,sm90_fp8_gemm_1d2d_impl,0.342144,342144,2
agg_aic_p0_small_b8_isl512_ctx2048,strict_prefix0,/home/ai_lab/ljc/scale-up-sim/aiconfigurator/bench_data/h100_sxm/sglang/v0.5.9/deepseek_v3_mla/agg_csv/20260630_181724_agg_stage2_agg_aic_p0_small_b8_isl512_ctx2048_d4_dctx512_p4_pf512_pp0_layers6_backend_auto_cg_off_pcg_off_tp1_profile_nsys__MLA时延拆解.csv,5,decode,1,attn_mqa,2052,1.395614,1.122462,o_proj,per_token_group_quant_8bit_kernel,0.041727,41727,2
agg_aic_p0_decode_heavy_b12_isl512_ctx2048,strict_prefix0,/home/ai_lab/ljc/scale-up-sim/aiconfigurator/bench_data/h100_sxm/sglang/v0.5.9/deepseek_v3_mla/agg_csv/20260630_182041_agg_stage2_agg_aic_p0_decode_heavy_b12_isl512_ctx2048_d8_dctx512_p4_pf512_pp0_layers6_backend_auto_cg_off_pcg_off_tp1_profile_nsys__MLA时延拆解.csv,0,decode,1,attn_mqa,2056,1.893152,1.10496,fused_qkv_a_proj_with_mqa,sm90_fp8_gemm_1d2d_impl,0.060192,60192,2
agg_aic_p0_decode_heavy_b12_isl512_ctx2048,strict_prefix0,/home/ai_lab/ljc/scale-up-sim/aiconfigurator/bench_data/h100_sxm/sglang/v0.5.9/deepseek_v3_mla/agg_csv/20260630_182041_agg_stage2_agg_aic_p0_decode_heavy_b12_isl512_ctx2048_d8_dctx512_p4_pf512_pp0_layers6_backend_auto_cg_off_pcg_off_tp1_profile_nsys__MLA时延拆解.csv,0,decode,1,attn_mqa,2056,1.893152,1.10496,fused_qkv_a_proj_with_mqa,per_token_group_quant_8bit_kernel,0.020576,20576,2
agg_aic_p0_decode_heavy_b12_isl512_ctx2048,strict_prefix0,/home/ai_lab/ljc/scale-up-sim/aiconfigurator/bench_data/h100_sxm/sglang/v0.5.9/deepseek_v3_mla/agg_csv/20260630_182041_agg_stage2_agg_aic_p0_decode_heavy_b12_isl512_ctx2048_d8_dctx512_p4_pf512_pp0_layers6_backend_auto_cg_off_pcg_off_tp1_profile_nsys__MLA时延拆解.csv,0,decode,1,attn_mqa,2056,1.893152,1.10496,q_a_layernorm,RMSNormKernel,0.005504,5504,1
agg_aic_p0_decode_heavy_b12_isl512_ctx2048,strict_prefix0,/home/ai_lab/ljc/scale-up-sim/aiconfigurator/bench_data/h100_sxm/sglang/v0.5.9/deepseek_v3_mla/agg_csv/20260630_182041_agg_stage2_agg_aic_p0_decode_heavy_b12_isl512_ctx2048_d8_dctx512_p4_pf512_pp0_layers6_backend_auto_cg_off_pcg_off_tp1_profile_nsys__MLA时延拆解.csv,0,decode,1,attn_mqa,2056,1.893152,1.10496,kv_a_layernorm,RMSNormKernel,0.004448,4448,1
agg_aic_p0_decode_heavy_b12_isl512_ctx2048,strict_prefix0,/home/ai_lab/ljc/scale-up-sim/aiconfigurator/bench_data/h100_sxm/sglang/v0.5.9/deepseek_v3_mla/agg_csv/20260630_182041_agg_stage2_agg_aic_p0_decode_heavy_b12_isl512_ctx2048_d8_dctx512_p4_pf512_pp0_layers6_backend_auto_cg_off_pcg_off_tp1_profile_nsys__MLA时延拆解.csv,0,decode,1,attn_mqa,2056,1.893152,1.10496,q_b_proj,sm90_fp8_gemm_1d2d_impl,0.13008,130080,2
agg_aic_p0_decode_heavy_b12_isl512_ctx2048,strict_prefix0,/home/ai_lab/ljc/scale-up-sim/aiconfigurator/bench_data/h100_sxm/sglang/v0.5.9/deepseek_v3_mla/agg_csv/20260630_182041_agg_stage2_agg_aic_p0_decode_heavy_b12_isl512_ctx2048_d8_dctx512_p4_pf512_pp0_layers6_backend_auto_cg_off_pcg_off_tp1_profile_nsys__MLA时延拆解.csv,0,decode,1,attn_mqa,2056,1.893152,1.10496,q_b_proj,per_token_group_quant_8bit_kernel,0.0048,4800,2
agg_aic_p0_decode_heavy_b12_isl512_ctx2048,strict_prefix0,/home/ai_lab/ljc/scale-up-sim/aiconfigurator/bench_data/h100_sxm/sglang/v0.5.9/deepseek_v3_mla/agg_csv/20260630_182041_agg_stage2_agg_aic_p0_decode_heavy_b12_isl512_ctx2048_d8_dctx512_p4_pf512_pp0_layers6_backend_auto_cg_off_pcg_off_tp1_profile_nsys__MLA时延拆解.csv,0,decode,1,attn_mqa,2056,1.893152,1.10496,rotary_emb,BatchQKApplyRotaryPosIdsCosSinCacheHeadParallelismKernel,0.027776,27776,1
agg_aic_p0_decode_heavy_b12_isl512_ctx2048,strict_prefix0,/home/ai_lab/ljc/scale-up-sim/aiconfigurator/bench_data/h100_sxm/sglang/v0.5.9/deepseek_v3_mla/agg_csv/20260630_182041_agg_stage2_agg_aic_p0_decode_heavy_b12_isl512_ctx2048_d8_dctx512_p4_pf512_pp0_layers6_backend_auto_cg_off_pcg_off_tp1_profile_nsys__MLA时延拆解.csv,0,decode,1,attn_mqa,2056,1.893152,1.10496,attn_mqa,device_kernel,0.463136,463136,3
agg_aic_p0_decode_heavy_b12_isl512_ctx2048,strict_prefix0,/home/ai_lab/ljc/scale-up-sim/aiconfigurator/bench_data/h100_sxm/sglang/v0.5.9/deepseek_v3_mla/agg_csv/20260630_182041_agg_stage2_agg_aic_p0_decode_heavy_b12_isl512_ctx2048_d8_dctx512_p4_pf512_pp0_layers6_backend_auto_cg_off_pcg_off_tp1_profile_nsys__MLA时延拆解.csv,0,decode,1,attn_mqa,2056,1.893152,1.10496,attn_mqa,set_mla_kv_buffer_kernel,0.00752,7520,3
agg_aic_p0_decode_heavy_b12_isl512_ctx2048,strict_prefix0,/home/ai_lab/ljc/scale-up-sim/aiconfigurator/bench_data/h100_sxm/sglang/v0.5.9/deepseek_v3_mla/agg_csv/20260630_182041_agg_stage2_agg_aic_p0_decode_heavy_b12_isl512_ctx2048_d8_dctx512_p4_pf512_pp0_layers6_backend_auto_cg_off_pcg_off_tp1_profile_nsys__MLA时延拆解.csv,0,decode,1,attn_mqa,2056,1.893152,1.10496,attn_mqa,prepare_varlen_num_blocks_kernel,0.0032,3200,3
agg_aic_p0_decode_heavy_b12_isl512_ctx2048,strict_prefix0,/home/ai_lab/ljc/scale-up-sim/aiconfigurator/bench_data/h100_sxm/sglang/v0.5.9/deepseek_v3_mla/agg_csv/20260630_182041_agg_stage2_agg_aic_p0_decode_heavy_b12_isl512_ctx2048_d8_dctx512_p4_pf512_pp0_layers6_backend_auto_cg_off_pcg_off_tp1_profile_nsys__MLA时延拆解.csv,0,decode,1,attn_mqa,2056,1.893152,1.10496,o_proj,sm90_fp8_gemm_1d2d_impl,0.33616,336160,2
agg_aic_p0_decode_heavy_b12_isl512_ctx2048,strict_prefix0,/home/ai_lab/ljc/scale-up-sim/aiconfigurator/bench_data/h100_sxm/sglang/v0.5.9/deepseek_v3_mla/agg_csv/20260630_182041_agg_stage2_agg_aic_p0_decode_heavy_b12_isl512_ctx2048_d8_dctx512_p4_pf512_pp0_layers6_backend_auto_cg_off_pcg_off_tp1_profile_nsys__MLA时延拆解.csv,0,decode,1,attn_mqa,2056,1.893152,1.10496,o_proj,per_token_group_quant_8bit_kernel,0.041568,41568,2
agg_aic_p0_decode_heavy_b12_isl512_ctx2048,strict_prefix0,/home/ai_lab/ljc/scale-up-sim/aiconfigurator/bench_data/h100_sxm/sglang/v0.5.9/deepseek_v3_mla/agg_csv/20260630_182041_agg_stage2_agg_aic_p0_decode_heavy_b12_isl512_ctx2048_d8_dctx512_p4_pf512_pp0_layers6_backend_auto_cg_off_pcg_off_tp1_profile_nsys__MLA时延拆解.csv,1,decode,1,attn_mqa,2056,1.395999,1.115647,fused_qkv_a_proj_with_mqa,sm90_fp8_gemm_1d2d_impl,0.0592,59200,2
agg_aic_p0_decode_heavy_b12_isl512_ctx2048,strict_prefix0,/home/ai_lab/ljc/scale-up-sim/aiconfigurator/bench_data/h100_sxm/sglang/v0.5.9/deepseek_v3_mla/agg_csv/20260630_182041_agg_stage2_agg_aic_p0_decode_heavy_b12_isl512_ctx2048_d8_dctx512_p4_pf512_pp0_layers6_backend_auto_cg_off_pcg_off_tp1_profile_nsys__MLA时延拆解.csv,1,decode,1,attn_mqa,2056,1.395999,1.115647,fused_qkv_a_proj_with_mqa,per_token_group_quant_8bit_kernel,0.020704,20704,2
agg_aic_p0_decode_heavy_b12_isl512_ctx2048,strict_prefix0,/home/ai_lab/ljc/scale-up-sim/aiconfigurator/bench_data/h100_sxm/sglang/v0.5.9/deepseek_v3_mla/agg_csv/20260630_182041_agg_stage2_agg_aic_p0_decode_heavy_b12_isl512_ctx2048_d8_dctx512_p4_pf512_pp0_layers6_backend_auto_cg_off_pcg_off_tp1_profile_nsys__MLA时延拆解.csv,1,decode,1,attn_mqa,2056,1.395999,1.115647,q_a_layernorm,RMSNormKernel,0.005504,5504,1
agg_aic_p0_decode_heavy_b12_isl512_ctx2048,strict_prefix0,/home/ai_lab/ljc/scale-up-sim/aiconfigurator/bench_data/h100_sxm/sglang/v0.5.9/deepseek_v3_mla/agg_csv/20260630_182041_agg_stage2_agg_aic_p0_decode_heavy_b12_isl512_ctx2048_d8_dctx512_p4_pf512_pp0_layers6_backend_auto_cg_off_pcg_off_tp1_profile_nsys__MLA时延拆解.csv,1,decode,1,attn_mqa,2056,1.395999,1.115647,kv_a_layernorm,RMSNormKernel,0.004768,4768,1
agg_aic_p0_decode_heavy_b12_isl512_ctx2048,strict_prefix0,/home/ai_lab/ljc/scale-up-sim/aiconfigurator/bench_data/h100_sxm/sglang/v0.5.9/deepseek_v3_mla/agg_csv/20260630_182041_agg_stage2_agg_aic_p0_decode_heavy_b12_isl512_ctx2048_d8_dctx512_p4_pf512_pp0_layers6_backend_auto_cg_off_pcg_off_tp1_profile_nsys__MLA时延拆解.csv,1,decode,1,attn_mqa,2056,1.395999,1.115647,q_b_proj,sm90_fp8_gemm_1d2d_impl,0.126304,126304,2
agg_aic_p0_decode_heavy_b12_isl512_ctx2048,strict_prefix0,/home/ai_lab/ljc/scale-up-sim/aiconfigurator/bench_data/h100_sxm/sglang/v0.5.9/deepseek_v3_mla/agg_csv/20260630_182041_agg_stage2_agg_aic_p0_decode_heavy_b12_isl512_ctx2048_d8_dctx512_p4_pf512_pp0_layers6_backend_auto_cg_off_pcg_off_tp1_profile_nsys__MLA时延拆解.csv,1,decode,1,attn_mqa,2056,1.395999,1.115647,q_b_proj,per_token_group_quant_8bit_kernel,0.004928,4928,2
agg_aic_p0_decode_heavy_b12_isl512_ctx2048,strict_prefix0,/home/ai_lab/ljc/scale-up-sim/aiconfigurator/bench_data/h100_sxm/sglang/v0.5.9/deepseek_v3_mla/agg_csv/20260630_182041_agg_stage2_agg_aic_p0_decode_heavy_b12_isl512_ctx2048_d8_dctx512_p4_pf512_pp0_layers6_backend_auto_cg_off_pcg_off_tp1_profile_nsys__MLA时延拆解.csv,1,decode,1,attn_mqa,2056,1.395999,1.115647,rotary_emb,BatchQKApplyRotaryPosIdsCosSinCacheHeadParallelismKernel,0.028032,28032,1
agg_aic_p0_decode_heavy_b12_isl512_ctx2048,strict_prefix0,/home/ai_lab/ljc/scale-up-sim/aiconfigurator/bench_data/h100_sxm/sglang/v0.5.9/deepseek_v3_mla/agg_csv/20260630_182041_agg_stage2_agg_aic_p0_decode_heavy_b12_isl512_ctx2048_d8_dctx512_p4_pf512_pp0_layers6_backend_auto_cg_off_pcg_off_tp1_profile_nsys__MLA时延拆解.csv,1,decode,1,attn_mqa,2056,1.395999,1.115647,attn_mqa,device_kernel,0.476,476000,3
agg_aic_p0_decode_heavy_b12_isl512_ctx2048,strict_prefix0,/home/ai_lab/ljc/scale-up-sim/aiconfigurator/bench_data/h100_sxm/sglang/v0.5.9/deepseek_v3_mla/agg_csv/20260630_182041_agg_stage2_agg_aic_p0_decode_heavy_b12_isl512_ctx2048_d8_dctx512_p4_pf512_pp0_layers6_backend_auto_cg_off_pcg_off_tp1_profile_nsys__MLA时延拆解.csv,1,decode,1,attn_mqa,2056,1.395999,1.115647,attn_mqa,set_mla_kv_buffer_kernel,0.007584,7584,3
agg_aic_p0_decode_heavy_b12_isl512_ctx2048,strict_prefix0,/home/ai_lab/ljc/scale-up-sim/aiconfigurator/bench_data/h100_sxm/sglang/v0.5.9/deepseek_v3_mla/agg_csv/20260630_182041_agg_stage2_agg_aic_p0_decode_heavy_b12_isl512_ctx2048_d8_dctx512_p4_pf512_pp0_layers6_backend_auto_cg_off_pcg_off_tp1_profile_nsys__MLA时延拆解.csv,1,decode,1,attn_mqa,2056,1.395999,1.115647,attn_mqa,prepare_varlen_num_blocks_kernel,0.003712,3712,3
agg_aic_p0_decode_heavy_b12_isl512_ctx2048,strict_prefix0,/home/ai_lab/ljc/scale-up-sim/aiconfigurator/bench_data/h100_sxm/sglang/v0.5.9/deepseek_v3_mla/agg_csv/20260630_182041_agg_stage2_agg_aic_p0_decode_heavy_b12_isl512_ctx2048_d8_dctx512_p4_pf512_pp0_layers6_backend_auto_cg_off_pcg_off_tp1_profile_nsys__MLA时延拆解.csv,1,decode,1,attn_mqa,2056,1.395999,1.115647,o_proj,sm90_fp8_gemm_1d2d_impl,0.337824,337824,2
agg_aic_p0_decode_heavy_b12_isl512_ctx2048,strict_prefix0,/home/ai_lab/ljc/scale-up-sim/aiconfigurator/bench_data/h100_sxm/sglang/v0.5.9/deepseek_v3_mla/agg_csv/20260630_182041_agg_stage2_agg_aic_p0_decode_heavy_b12_isl512_ctx2048_d8_dctx512_p4_pf512_pp0_layers6_backend_auto_cg_off_pcg_off_tp1_profile_nsys__MLA时延拆解.csv,1,decode,1,attn_mqa,2056,1.395999,1.115647,o_proj,per_token_group_quant_8bit_kernel,0.041087,41087,2
agg_aic_p0_decode_heavy_b12_isl512_ctx2048,strict_prefix0,/home/ai_lab/ljc/scale-up-sim/aiconfigurator/bench_data/h100_sxm/sglang/v0.5.9/deepseek_v3_mla/agg_csv/20260630_182041_agg_stage2_agg_aic_p0_decode_heavy_b12_isl512_ctx2048_d8_dctx512_p4_pf512_pp0_layers6_backend_auto_cg_off_pcg_off_tp1_profile_nsys__MLA时延拆解.csv,2,decode,1,attn_mqa,2056,1.375327,1.094079,fused_qkv_a_proj_with_mqa,sm90_fp8_gemm_1d2d_impl,0.059264,59264,2
agg_aic_p0_decode_heavy_b12_isl512_ctx2048,strict_prefix0,/home/ai_lab/ljc/scale-up-sim/aiconfigurator/bench_data/h100_sxm/sglang/v0.5.9/deepseek_v3_mla/agg_csv/20260630_182041_agg_stage2_agg_aic_p0_decode_heavy_b12_isl512_ctx2048_d8_dctx512_p4_pf512_pp0_layers6_backend_auto_cg_off_pcg_off_tp1_profile_nsys__MLA时延拆解.csv,2,decode,1,attn_mqa,2056,1.375327,1.094079,fused_qkv_a_proj_with_mqa,per_token_group_quant_8bit_kernel,0.020128,20128,2
agg_aic_p0_decode_heavy_b12_isl512_ctx2048,strict_prefix0,/home/ai_lab/ljc/scale-up-sim/aiconfigurator/bench_data/h100_sxm/sglang/v0.5.9/deepseek_v3_mla/agg_csv/20260630_182041_agg_stage2_agg_aic_p0_decode_heavy_b12_isl512_ctx2048_d8_dctx512_p4_pf512_pp0_layers6_backend_auto_cg_off_pcg_off_tp1_profile_nsys__MLA时延拆解.csv,2,decode,1,attn_mqa,2056,1.375327,1.094079,q_a_layernorm,RMSNormKernel,0.00544,5440,1
agg_aic_p0_decode_heavy_b12_isl512_ctx2048,strict_prefix0,/home/ai_lab/ljc/scale-up-sim/aiconfigurator/bench_data/h100_sxm/sglang/v0.5.9/deepseek_v3_mla/agg_csv/20260630_182041_agg_stage2_agg_aic_p0_decode_heavy_b12_isl512_ctx2048_d8_dctx512_p4_pf512_pp0_layers6_backend_auto_cg_off_pcg_off_tp1_profile_nsys__MLA时延拆解.csv,2,decode,1,attn_mqa,2056,1.375327,1.094079,kv_a_layernorm,RMSNormKernel,0.004608,4608,1
agg_aic_p0_decode_heavy_b12_isl512_ctx2048,strict_prefix0,/home/ai_lab/ljc/scale-up-sim/aiconfigurator/bench_data/h100_sxm/sglang/v0.5.9/deepseek_v3_mla/agg_csv/20260630_182041_agg_stage2_agg_aic_p0_decode_heavy_b12_isl512_ctx2048_d8_dctx512_p4_pf512_pp0_layers6_backend_auto_cg_off_pcg_off_tp1_profile_nsys__MLA时延拆解.csv,2,decode,1,attn_mqa,2056,1.375327,1.094079,q_b_proj,sm90_fp8_gemm_1d2d_impl,0.126208,126208,2
agg_aic_p0_decode_heavy_b12_isl512_ctx2048,strict_prefix0,/home/ai_lab/ljc/scale-up-sim/aiconfigurator/bench_data/h100_sxm/sglang/v0.5.9/deepseek_v3_mla/agg_csv/20260630_182041_agg_stage2_agg_aic_p0_decode_heavy_b12_isl512_ctx2048_d8_dctx512_p4_pf512_pp0_layers6_backend_auto_cg_off_pcg_off_tp1_profile_nsys__MLA时延拆解.csv,2,decode,1,attn_mqa,2056,1.375327,1.094079,q_b_proj,per_token_group_quant_8bit_kernel,0.004896,4896,2
agg_aic_p0_decode_heavy_b12_isl512_ctx2048,strict_prefix0,/home/ai_lab/ljc/scale-up-sim/aiconfigurator/bench_data/h100_sxm/sglang/v0.5.9/deepseek_v3_mla/agg_csv/20260630_182041_agg_stage2_agg_aic_p0_decode_heavy_b12_isl512_ctx2048_d8_dctx512_p4_pf512_pp0_layers6_backend_auto_cg_off_pcg_off_tp1_profile_nsys__MLA时延拆解.csv,2,decode,1,attn_mqa,2056,1.375327,1.094079,rotary_emb,BatchQKApplyRotaryPosIdsCosSinCacheHeadParallelismKernel,0.0288,28800,1
agg_aic_p0_decode_heavy_b12_isl512_ctx2048,strict_prefix0,/home/ai_lab/ljc/scale-up-sim/aiconfigurator/bench_data/h100_sxm/sglang/v0.5.9/deepseek_v3_mla/agg_csv/20260630_182041_agg_stage2_agg_aic_p0_decode_heavy_b12_isl512_ctx2048_d8_dctx512_p4_pf512_pp0_layers6_backend_auto_cg_off_pcg_off_tp1_profile_nsys__MLA时延拆解.csv,2,decode,1,attn_mqa,2056,1.375327,1.094079,attn_mqa,device_kernel,0.457983,457983,3
agg_aic_p0_decode_heavy_b12_isl512_ctx2048,strict_prefix0,/home/ai_lab/ljc/scale-up-sim/aiconfigurator/bench_data/h100_sxm/sglang/v0.5.9/deepseek_v3_mla/agg_csv/20260630_182041_agg_stage2_agg_aic_p0_decode_heavy_b12_isl512_ctx2048_d8_dctx512_p4_pf512_pp0_layers6_backend_auto_cg_off_pcg_off_tp1_profile_nsys__MLA时延拆解.csv,2,decode,1,attn_mqa,2056,1.375327,1.094079,attn_mqa,set_mla_kv_buffer_kernel,0.00752,7520,3
agg_aic_p0_decode_heavy_b12_isl512_ctx2048,strict_prefix0,/home/ai_lab/ljc/scale-up-sim/aiconfigurator/bench_data/h100_sxm/sglang/v0.5.9/deepseek_v3_mla/agg_csv/20260630_182041_agg_stage2_agg_aic_p0_decode_heavy_b12_isl512_ctx2048_d8_dctx512_p4_pf512_pp0_layers6_backend_auto_cg_off_pcg_off_tp1_profile_nsys__MLA时延拆解.csv,2,decode,1,attn_mqa,2056,1.375327,1.094079,attn_mqa,prepare_varlen_num_blocks_kernel,0.003232,3232,3
agg_aic_p0_decode_heavy_b12_isl512_ctx2048,strict_prefix0,/home/ai_lab/ljc/scale-up-sim/aiconfigurator/bench_data/h100_sxm/sglang/v0.5.9/deepseek_v3_mla/agg_csv/20260630_182041_agg_stage2_agg_aic_p0_decode_heavy_b12_isl512_ctx2048_d8_dctx512_p4_pf512_pp0_layers6_backend_auto_cg_off_pcg_off_tp1_profile_nsys__MLA时延拆解.csv,2,decode,1,attn_mqa,2056,1.375327,1.094079,o_proj,sm90_fp8_gemm_1d2d_impl,0.334912,334912,2
agg_aic_p0_decode_heavy_b12_isl512_ctx2048,strict_prefix0,/home/ai_lab/ljc/scale-up-sim/aiconfigurator/bench_data/h100_sxm/sglang/v0.5.9/deepseek_v3_mla/agg_csv/20260630_182041_agg_stage2_agg_aic_p0_decode_heavy_b12_isl512_ctx2048_d8_dctx512_p4_pf512_pp0_layers6_backend_auto_cg_off_pcg_off_tp1_profile_nsys__MLA时延拆解.csv,2,decode,1,attn_mqa,2056,1.375327,1.094079,o_proj,per_token_group_quant_8bit_kernel,0.041088,41088,2
agg_aic_p0_decode_heavy_b12_isl512_ctx2048,strict_prefix0,/home/ai_lab/ljc/scale-up-sim/aiconfigurator/bench_data/h100_sxm/sglang/v0.5.9/deepseek_v3_mla/agg_csv/20260630_182041_agg_stage2_agg_aic_p0_decode_heavy_b12_isl512_ctx2048_d8_dctx512_p4_pf512_pp0_layers6_backend_auto_cg_off_pcg_off_tp1_profile_nsys__MLA时延拆解.csv,3,decode,1,attn_mqa,2056,1.392736,1.110624,fused_qkv_a_proj_with_mqa,sm90_fp8_gemm_1d2d_impl,0.0608,60800,2
agg_aic_p0_decode_heavy_b12_isl512_ctx2048,strict_prefix0,/home/ai_lab/ljc/scale-up-sim/aiconfigurator/bench_data/h100_sxm/sglang/v0.5.9/deepseek_v3_mla/agg_csv/20260630_182041_agg_stage2_agg_aic_p0_decode_heavy_b12_isl512_ctx2048_d8_dctx512_p4_pf512_pp0_layers6_backend_auto_cg_off_pcg_off_tp1_profile_nsys__MLA时延拆解.csv,3,decode,1,attn_mqa,2056,1.392736,1.110624,fused_qkv_a_proj_with_mqa,per_token_group_quant_8bit_kernel,0.020032,20032,2
agg_aic_p0_decode_heavy_b12_isl512_ctx2048,strict_prefix0,/home/ai_lab/ljc/scale-up-sim/aiconfigurator/bench_data/h100_sxm/sglang/v0.5.9/deepseek_v3_mla/agg_csv/20260630_182041_agg_stage2_agg_aic_p0_decode_heavy_b12_isl512_ctx2048_d8_dctx512_p4_pf512_pp0_layers6_backend_auto_cg_off_pcg_off_tp1_profile_nsys__MLA时延拆解.csv,3,decode,1,attn_mqa,2056,1.392736,1.110624,q_a_layernorm,RMSNormKernel,0.005408,5408,1
agg_aic_p0_decode_heavy_b12_isl512_ctx2048,strict_prefix0,/home/ai_lab/ljc/scale-up-sim/aiconfigurator/bench_data/h100_sxm/sglang/v0.5.9/deepseek_v3_mla/agg_csv/20260630_182041_agg_stage2_agg_aic_p0_decode_heavy_b12_isl512_ctx2048_d8_dctx512_p4_pf512_pp0_layers6_backend_auto_cg_off_pcg_off_tp1_profile_nsys__MLA时延拆解.csv,3,decode,1,attn_mqa,2056,1.392736,1.110624,kv_a_layernorm,RMSNormKernel,0.004576,4576,1
agg_aic_p0_decode_heavy_b12_isl512_ctx2048,strict_prefix0,/home/ai_lab/ljc/scale-up-sim/aiconfigurator/bench_data/h100_sxm/sglang/v0.5.9/deepseek_v3_mla/agg_csv/20260630_182041_agg_stage2_agg_aic_p0_decode_heavy_b12_isl512_ctx2048_d8_dctx512_p4_pf512_pp0_layers6_backend_auto_cg_off_pcg_off_tp1_profile_nsys__MLA时延拆解.csv,3,decode,1,attn_mqa,2056,1.392736,1.110624,q_b_proj,sm90_fp8_gemm_1d2d_impl,0.126496,126496,2
agg_aic_p0_decode_heavy_b12_isl512_ctx2048,strict_prefix0,/home/ai_lab/ljc/scale-up-sim/aiconfigurator/bench_data/h100_sxm/sglang/v0.5.9/deepseek_v3_mla/agg_csv/20260630_182041_agg_stage2_agg_aic_p0_decode_heavy_b12_isl512_ctx2048_d8_dctx512_p4_pf512_pp0_layers6_backend_auto_cg_off_pcg_off_tp1_profile_nsys__MLA时延拆解.csv,3,decode,1,attn_mqa,2056,1.392736,1.110624,q_b_proj,per_token_group_quant_8bit_kernel,0.004736,4736,2
agg_aic_p0_decode_heavy_b12_isl512_ctx2048,strict_prefix0,/home/ai_lab/ljc/scale-up-sim/aiconfigurator/bench_data/h100_sxm/sglang/v0.5.9/deepseek_v3_mla/agg_csv/20260630_182041_agg_stage2_agg_aic_p0_decode_heavy_b12_isl512_ctx2048_d8_dctx512_p4_pf512_pp0_layers6_backend_auto_cg_off_pcg_off_tp1_profile_nsys__MLA时延拆解.csv,3,decode,1,attn_mqa,2056,1.392736,1.110624,rotary_emb,BatchQKApplyRotaryPosIdsCosSinCacheHeadParallelismKernel,0.028512,28512,1
agg_aic_p0_decode_heavy_b12_isl512_ctx2048,strict_prefix0,/home/ai_lab/ljc/scale-up-sim/aiconfigurator/bench_data/h100_sxm/sglang/v0.5.9/deepseek_v3_mla/agg_csv/20260630_182041_agg_stage2_agg_aic_p0_decode_heavy_b12_isl512_ctx2048_d8_dctx512_p4_pf512_pp0_layers6_backend_auto_cg_off_pcg_off_tp1_profile_nsys__MLA时延拆解.csv,3,decode,1,attn_mqa,2056,1.392736,1.110624,attn_mqa,device_kernel,0.471648,471648,3
agg_aic_p0_decode_heavy_b12_isl512_ctx2048,strict_prefix0,/home/ai_lab/ljc/scale-up-sim/aiconfigurator/bench_data/h100_sxm/sglang/v0.5.9/deepseek_v3_mla/agg_csv/20260630_182041_agg_stage2_agg_aic_p0_decode_heavy_b12_isl512_ctx2048_d8_dctx512_p4_pf512_pp0_layers6_backend_auto_cg_off_pcg_off_tp1_profile_nsys__MLA时延拆解.csv,3,decode,1,attn_mqa,2056,1.392736,1.110624,attn_mqa,set_mla_kv_buffer_kernel,0.007648,7648,3
agg_aic_p0_decode_heavy_b12_isl512_ctx2048,strict_prefix0,/home/ai_lab/ljc/scale-up-sim/aiconfigurator/bench_data/h100_sxm/sglang/v0.5.9/deepseek_v3_mla/agg_csv/20260630_182041_agg_stage2_agg_aic_p0_decode_heavy_b12_isl512_ctx2048_d8_dctx512_p4_pf512_pp0_layers6_backend_auto_cg_off_pcg_off_tp1_profile_nsys__MLA时延拆解.csv,3,decode,1,attn_mqa,2056,1.392736,1.110624,attn_mqa,prepare_varlen_num_blocks_kernel,0.003328,3328,3
agg_aic_p0_decode_heavy_b12_isl512_ctx2048,strict_prefix0,/home/ai_lab/ljc/scale-up-sim/aiconfigurator/bench_data/h100_sxm/sglang/v0.5.9/deepseek_v3_mla/agg_csv/20260630_182041_agg_stage2_agg_aic_p0_decode_heavy_b12_isl512_ctx2048_d8_dctx512_p4_pf512_pp0_layers6_backend_auto_cg_off_pcg_off_tp1_profile_nsys__MLA时延拆解.csv,3,decode,1,attn_mqa,2056,1.392736,1.110624,o_proj,sm90_fp8_gemm_1d2d_impl,0.336384,336384,2
agg_aic_p0_decode_heavy_b12_isl512_ctx2048,strict_prefix0,/home/ai_lab/ljc/scale-up-sim/aiconfigurator/bench_data/h100_sxm/sglang/v0.5.9/deepseek_v3_mla/agg_csv/20260630_182041_agg_stage2_agg_aic_p0_decode_heavy_b12_isl512_ctx2048_d8_dctx512_p4_pf512_pp0_layers6_backend_auto_cg_off_pcg_off_tp1_profile_nsys__MLA时延拆解.csv,3,decode,1,attn_mqa,2056,1.392736,1.110624,o_proj,per_token_group_quant_8bit_kernel,0.041056,41056,2
agg_aic_p0_decode_heavy_b12_isl512_ctx2048,strict_prefix0,/home/ai_lab/ljc/scale-up-sim/aiconfigurator/bench_data/h100_sxm/sglang/v0.5.9/deepseek_v3_mla/agg_csv/20260630_182041_agg_stage2_agg_aic_p0_decode_heavy_b12_isl512_ctx2048_d8_dctx512_p4_pf512_pp0_layers6_backend_auto_cg_off_pcg_off_tp1_profile_nsys__MLA时延拆解.csv,4,decode,1,attn_mqa,2056,1.392799,1.114687,fused_qkv_a_proj_with_mqa,sm90_fp8_gemm_1d2d_impl,0.059583,59583,2
agg_aic_p0_decode_heavy_b12_isl512_ctx2048,strict_prefix0,/home/ai_lab/ljc/scale-up-sim/aiconfigurator/bench_data/h100_sxm/sglang/v0.5.9/deepseek_v3_mla/agg_csv/20260630_182041_agg_stage2_agg_aic_p0_decode_heavy_b12_isl512_ctx2048_d8_dctx512_p4_pf512_pp0_layers6_backend_auto_cg_off_pcg_off_tp1_profile_nsys__MLA时延拆解.csv,4,decode,1,attn_mqa,2056,1.392799,1.114687,fused_qkv_a_proj_with_mqa,per_token_group_quant_8bit_kernel,0.020128,20128,2
agg_aic_p0_decode_heavy_b12_isl512_ctx2048,strict_prefix0,/home/ai_lab/ljc/scale-up-sim/aiconfigurator/bench_data/h100_sxm/sglang/v0.5.9/deepseek_v3_mla/agg_csv/20260630_182041_agg_stage2_agg_aic_p0_decode_heavy_b12_isl512_ctx2048_d8_dctx512_p4_pf512_pp0_layers6_backend_auto_cg_off_pcg_off_tp1_profile_nsys__MLA时延拆解.csv,4,decode,1,attn_mqa,2056,1.392799,1.114687,q_a_layernorm,RMSNormKernel,0.005312,5312,1
agg_aic_p0_decode_heavy_b12_isl512_ctx2048,strict_prefix0,/home/ai_lab/ljc/scale-up-sim/aiconfigurator/bench_data/h100_sxm/sglang/v0.5.9/deepseek_v3_mla/agg_csv/20260630_182041_agg_stage2_agg_aic_p0_decode_heavy_b12_isl512_ctx2048_d8_dctx512_p4_pf512_pp0_layers6_backend_auto_cg_off_pcg_off_tp1_profile_nsys__MLA时延拆解.csv,4,decode,1,attn_mqa,2056,1.392799,1.114687,kv_a_layernorm,RMSNormKernel,0.004512,4512,1
agg_aic_p0_decode_heavy_b12_isl512_ctx2048,strict_prefix0,/home/ai_lab/ljc/scale-up-sim/aiconfigurator/bench_data/h100_sxm/sglang/v0.5.9/deepseek_v3_mla/agg_csv/20260630_182041_agg_stage2_agg_aic_p0_decode_heavy_b12_isl512_ctx2048_d8_dctx512_p4_pf512_pp0_layers6_backend_auto_cg_off_pcg_off_tp1_profile_nsys__MLA时延拆解.csv,4,decode,1,attn_mqa,2056,1.392799,1.114687,q_b_proj,sm90_fp8_gemm_1d2d_impl,0.12784,127840,2
agg_aic_p0_decode_heavy_b12_isl512_ctx2048,strict_prefix0,/home/ai_lab/ljc/scale-up-sim/aiconfigurator/bench_data/h100_sxm/sglang/v0.5.9/deepseek_v3_mla/agg_csv/20260630_182041_agg_stage2_agg_aic_p0_decode_heavy_b12_isl512_ctx2048_d8_dctx512_p4_pf512_pp0_layers6_backend_auto_cg_off_pcg_off_tp1_profile_nsys__MLA时延拆解.csv,4,decode,1,attn_mqa,2056,1.392799,1.114687,q_b_proj,per_token_group_quant_8bit_kernel,0.004832,4832,2
agg_aic_p0_decode_heavy_b12_isl512_ctx2048,strict_prefix0,/home/ai_lab/ljc/scale-up-sim/aiconfigurator/bench_data/h100_sxm/sglang/v0.5.9/deepseek_v3_mla/agg_csv/20260630_182041_agg_stage2_agg_aic_p0_decode_heavy_b12_isl512_ctx2048_d8_dctx512_p4_pf512_pp0_layers6_backend_auto_cg_off_pcg_off_tp1_profile_nsys__MLA时延拆解.csv,4,decode,1,attn_mqa,2056,1.392799,1.114687,rotary_emb,BatchQKApplyRotaryPosIdsCosSinCacheHeadParallelismKernel,0.027872,27872,1
agg_aic_p0_decode_heavy_b12_isl512_ctx2048,strict_prefix0,/home/ai_lab/ljc/scale-up-sim/aiconfigurator/bench_data/h100_sxm/sglang/v0.5.9/deepseek_v3_mla/agg_csv/20260630_182041_agg_stage2_agg_aic_p0_decode_heavy_b12_isl512_ctx2048_d8_dctx512_p4_pf512_pp0_layers6_backend_auto_cg_off_pcg_off_tp1_profile_nsys__MLA时延拆解.csv,4,decode,1,attn_mqa,2056,1.392799,1.114687,attn_mqa,device_kernel,0.477216,477216,3
agg_aic_p0_decode_heavy_b12_isl512_ctx2048,strict_prefix0,/home/ai_lab/ljc/scale-up-sim/aiconfigurator/bench_data/h100_sxm/sglang/v0.5.9/deepseek_v3_mla/agg_csv/20260630_182041_agg_stage2_agg_aic_p0_decode_heavy_b12_isl512_ctx2048_d8_dctx512_p4_pf512_pp0_layers6_backend_auto_cg_off_pcg_off_tp1_profile_nsys__MLA时延拆解.csv,4,decode,1,attn_mqa,2056,1.392799,1.114687,attn_mqa,set_mla_kv_buffer_kernel,0.00752,7520,3
agg_aic_p0_decode_heavy_b12_isl512_ctx2048,strict_prefix0,/home/ai_lab/ljc/scale-up-sim/aiconfigurator/bench_data/h100_sxm/sglang/v0.5.9/deepseek_v3_mla/agg_csv/20260630_182041_agg_stage2_agg_aic_p0_decode_heavy_b12_isl512_ctx2048_d8_dctx512_p4_pf512_pp0_layers6_backend_auto_cg_off_pcg_off_tp1_profile_nsys__MLA时延拆解.csv,4,decode,1,attn_mqa,2056,1.392799,1.114687,attn_mqa,prepare_varlen_num_blocks_kernel,0.003232,3232,3
agg_aic_p0_decode_heavy_b12_isl512_ctx2048,strict_prefix0,/home/ai_lab/ljc/scale-up-sim/aiconfigurator/bench_data/h100_sxm/sglang/v0.5.9/deepseek_v3_mla/agg_csv/20260630_182041_agg_stage2_agg_aic_p0_decode_heavy_b12_isl512_ctx2048_d8_dctx512_p4_pf512_pp0_layers6_backend_auto_cg_off_pcg_off_tp1_profile_nsys__MLA时延拆解.csv,4,decode,1,attn_mqa,2056,1.392799,1.114687,o_proj,sm90_fp8_gemm_1d2d_impl,0.334912,334912,2
agg_aic_p0_decode_heavy_b12_isl512_ctx2048,strict_prefix0,/home/ai_lab/ljc/scale-up-sim/aiconfigurator/bench_data/h100_sxm/sglang/v0.5.9/deepseek_v3_mla/agg_csv/20260630_182041_agg_stage2_agg_aic_p0_decode_heavy_b12_isl512_ctx2048_d8_dctx512_p4_pf512_pp0_layers6_backend_auto_cg_off_pcg_off_tp1_profile_nsys__MLA时延拆解.csv,4,decode,1,attn_mqa,2056,1.392799,1.114687,o_proj,per_token_group_quant_8bit_kernel,0.041728,41728,2
agg_aic_p0_decode_heavy_b12_isl512_ctx2048,strict_prefix0,/home/ai_lab/ljc/scale-up-sim/aiconfigurator/bench_data/h100_sxm/sglang/v0.5.9/deepseek_v3_mla/agg_csv/20260630_182041_agg_stage2_agg_aic_p0_decode_heavy_b12_isl512_ctx2048_d8_dctx512_p4_pf512_pp0_layers6_backend_auto_cg_off_pcg_off_tp1_profile_nsys__MLA时延拆解.csv,5,decode,1,attn_mqa,2056,1.388607,1.109184,fused_qkv_a_proj_with_mqa,sm90_fp8_gemm_1d2d_impl,0.05952,59520,2
agg_aic_p0_decode_heavy_b12_isl512_ctx2048,strict_prefix0,/home/ai_lab/ljc/scale-up-sim/aiconfigurator/bench_data/h100_sxm/sglang/v0.5.9/deepseek_v3_mla/agg_csv/20260630_182041_agg_stage2_agg_aic_p0_decode_heavy_b12_isl512_ctx2048_d8_dctx512_p4_pf512_pp0_layers6_backend_auto_cg_off_pcg_off_tp1_profile_nsys__MLA时延拆解.csv,5,decode,1,attn_mqa,2056,1.388607,1.109184,fused_qkv_a_proj_with_mqa,per_token_group_quant_8bit_kernel,0.020064,20064,2
agg_aic_p0_decode_heavy_b12_isl512_ctx2048,strict_prefix0,/home/ai_lab/ljc/scale-up-sim/aiconfigurator/bench_data/h100_sxm/sglang/v0.5.9/deepseek_v3_mla/agg_csv/20260630_182041_agg_stage2_agg_aic_p0_decode_heavy_b12_isl512_ctx2048_d8_dctx512_p4_pf512_pp0_layers6_backend_auto_cg_off_pcg_off_tp1_profile_nsys__MLA时延拆解.csv,5,decode,1,attn_mqa,2056,1.388607,1.109184,q_a_layernorm,RMSNormKernel,0.005568,5568,1
agg_aic_p0_decode_heavy_b12_isl512_ctx2048,strict_prefix0,/home/ai_lab/ljc/scale-up-sim/aiconfigurator/bench_data/h100_sxm/sglang/v0.5.9/deepseek_v3_mla/agg_csv/20260630_182041_agg_stage2_agg_aic_p0_decode_heavy_b12_isl512_ctx2048_d8_dctx512_p4_pf512_pp0_layers6_backend_auto_cg_off_pcg_off_tp1_profile_nsys__MLA时延拆解.csv,5,decode,1,attn_mqa,2056,1.388607,1.109184,kv_a_layernorm,RMSNormKernel,0.00448,4480,1
agg_aic_p0_decode_heavy_b12_isl512_ctx2048,strict_prefix0,/home/ai_lab/ljc/scale-up-sim/aiconfigurator/bench_data/h100_sxm/sglang/v0.5.9/deepseek_v3_mla/agg_csv/20260630_182041_agg_stage2_agg_aic_p0_decode_heavy_b12_isl512_ctx2048_d8_dctx512_p4_pf512_pp0_layers6_backend_auto_cg_off_pcg_off_tp1_profile_nsys__MLA时延拆解.csv,5,decode,1,attn_mqa,2056,1.388607,1.109184,q_b_proj,sm90_fp8_gemm_1d2d_impl,0.125568,125568,2
agg_aic_p0_decode_heavy_b12_isl512_ctx2048,strict_prefix0,/home/ai_lab/ljc/scale-up-sim/aiconfigurator/bench_data/h100_sxm/sglang/v0.5.9/deepseek_v3_mla/agg_csv/20260630_182041_agg_stage2_agg_aic_p0_decode_heavy_b12_isl512_ctx2048_d8_dctx512_p4_pf512_pp0_layers6_backend_auto_cg_off_pcg_off_tp1_profile_nsys__MLA时延拆解.csv,5,decode,1,attn_mqa,2056,1.388607,1.109184,q_b_proj,per_token_group_quant_8bit_kernel,0.004768,4768,2
agg_aic_p0_decode_heavy_b12_isl512_ctx2048,strict_prefix0,/home/ai_lab/ljc/scale-up-sim/aiconfigurator/bench_data/h100_sxm/sglang/v0.5.9/deepseek_v3_mla/agg_csv/20260630_182041_agg_stage2_agg_aic_p0_decode_heavy_b12_isl512_ctx2048_d8_dctx512_p4_pf512_pp0_layers6_backend_auto_cg_off_pcg_off_tp1_profile_nsys__MLA时延拆解.csv,5,decode,1,attn_mqa,2056,1.388607,1.109184,rotary_emb,BatchQKApplyRotaryPosIdsCosSinCacheHeadParallelismKernel,0.027872,27872,1
agg_aic_p0_decode_heavy_b12_isl512_ctx2048,strict_prefix0,/home/ai_lab/ljc/scale-up-sim/aiconfigurator/bench_data/h100_sxm/sglang/v0.5.9/deepseek_v3_mla/agg_csv/20260630_182041_agg_stage2_agg_aic_p0_decode_heavy_b12_isl512_ctx2048_d8_dctx512_p4_pf512_pp0_layers6_backend_auto_cg_off_pcg_off_tp1_profile_nsys__MLA时延拆解.csv,5,decode,1,attn_mqa,2056,1.388607,1.109184,attn_mqa,device_kernel,0.469152,469152,3
agg_aic_p0_decode_heavy_b12_isl512_ctx2048,strict_prefix0,/home/ai_lab/ljc/scale-up-sim/aiconfigurator/bench_data/h100_sxm/sglang/v0.5.9/deepseek_v3_mla/agg_csv/20260630_182041_agg_stage2_agg_aic_p0_decode_heavy_b12_isl512_ctx2048_d8_dctx512_p4_pf512_pp0_layers6_backend_auto_cg_off_pcg_off_tp1_profile_nsys__MLA时延拆解.csv,5,decode,1,attn_mqa,2056,1.388607,1.109184,attn_mqa,set_mla_kv_buffer_kernel,0.007808,7808,3
agg_aic_p0_decode_heavy_b12_isl512_ctx2048,strict_prefix0,/home/ai_lab/ljc/scale-up-sim/aiconfigurator/bench_data/h100_sxm/sglang/v0.5.9/deepseek_v3_mla/agg_csv/20260630_182041_agg_stage2_agg_aic_p0_decode_heavy_b12_isl512_ctx2048_d8_dctx512_p4_pf512_pp0_layers6_backend_auto_cg_off_pcg_off_tp1_profile_nsys__MLA时延拆解.csv,5,decode,1,attn_mqa,2056,1.388607,1.109184,attn_mqa,prepare_varlen_num_blocks_kernel,0.0032,3200,3
agg_aic_p0_decode_heavy_b12_isl512_ctx2048,strict_prefix0,/home/ai_lab/ljc/scale-up-sim/aiconfigurator/bench_data/h100_sxm/sglang/v0.5.9/deepseek_v3_mla/agg_csv/20260630_182041_agg_stage2_agg_aic_p0_decode_heavy_b12_isl512_ctx2048_d8_dctx512_p4_pf512_pp0_layers6_backend_auto_cg_off_pcg_off_tp1_profile_nsys__MLA时延拆解.csv,5,decode,1,attn_mqa,2056,1.388607,1.109184,o_proj,sm90_fp8_gemm_1d2d_impl,0.34032,340320,2
agg_aic_p0_decode_heavy_b12_isl512_ctx2048,strict_prefix0,/home/ai_lab/ljc/scale-up-sim/aiconfigurator/bench_data/h100_sxm/sglang/v0.5.9/deepseek_v3_mla/agg_csv/20260630_182041_agg_stage2_agg_aic_p0_decode_heavy_b12_isl512_ctx2048_d8_dctx512_p4_pf512_pp0_layers6_backend_auto_cg_off_pcg_off_tp1_profile_nsys__MLA时延拆解.csv,5,decode,1,attn_mqa,2056,1.388607,1.109184,o_proj,per_token_group_quant_8bit_kernel,0.040864,40864,2
agg_aic_p0_prefill_heavy_b16_isl512_ctx4096,strict_prefix0,/home/ai_lab/ljc/scale-up-sim/aiconfigurator/bench_data/h100_sxm/sglang/v0.5.9/deepseek_v3_mla/agg_csv/20260630_182355_agg_stage2_agg_aic_p0_prefill_heavy_b16_isl512_ctx4096_d8_dctx512_p8_pf512_pp0_layers6_backend_auto_cg_off_pcg_off_tp1_profile_nsys__MLA时延拆解.csv,0,decode,1,attn_mqa,4104,3.350171,2.112925,fused_qkv_a_proj_with_mqa,sm90_fp8_gemm_1d2d_impl,0.10688,106880,2
agg_aic_p0_prefill_heavy_b16_isl512_ctx4096,strict_prefix0,/home/ai_lab/ljc/scale-up-sim/aiconfigurator/bench_data/h100_sxm/sglang/v0.5.9/deepseek_v3_mla/agg_csv/20260630_182355_agg_stage2_agg_aic_p0_prefill_heavy_b16_isl512_ctx4096_d8_dctx512_p8_pf512_pp0_layers6_backend_auto_cg_off_pcg_off_tp1_profile_nsys__MLA时延拆解.csv,0,decode,1,attn_mqa,4104,3.350171,2.112925,fused_qkv_a_proj_with_mqa,per_token_group_quant_8bit_kernel,0.037824,37824,2
agg_aic_p0_prefill_heavy_b16_isl512_ctx4096,strict_prefix0,/home/ai_lab/ljc/scale-up-sim/aiconfigurator/bench_data/h100_sxm/sglang/v0.5.9/deepseek_v3_mla/agg_csv/20260630_182355_agg_stage2_agg_aic_p0_prefill_heavy_b16_isl512_ctx4096_d8_dctx512_p8_pf512_pp0_layers6_backend_auto_cg_off_pcg_off_tp1_profile_nsys__MLA时延拆解.csv,0,decode,1,attn_mqa,4104,3.350171,2.112925,q_a_layernorm,RMSNormKernel,0.008992,8992,1
agg_aic_p0_prefill_heavy_b16_isl512_ctx4096,strict_prefix0,/home/ai_lab/ljc/scale-up-sim/aiconfigurator/bench_data/h100_sxm/sglang/v0.5.9/deepseek_v3_mla/agg_csv/20260630_182355_agg_stage2_agg_aic_p0_prefill_heavy_b16_isl512_ctx4096_d8_dctx512_p8_pf512_pp0_layers6_backend_auto_cg_off_pcg_off_tp1_profile_nsys__MLA时延拆解.csv,0,decode,1,attn_mqa,4104,3.350171,2.112925,kv_a_layernorm,RMSNormKernel,0.00704,7040,1
agg_aic_p0_prefill_heavy_b16_isl512_ctx4096,strict_prefix0,/home/ai_lab/ljc/scale-up-sim/aiconfigurator/bench_data/h100_sxm/sglang/v0.5.9/deepseek_v3_mla/agg_csv/20260630_182355_agg_stage2_agg_aic_p0_prefill_heavy_b16_isl512_ctx4096_d8_dctx512_p8_pf512_pp0_layers6_backend_auto_cg_off_pcg_off_tp1_profile_nsys__MLA时延拆解.csv,0,decode,1,attn_mqa,4104,3.350171,2.112925,q_b_proj,sm90_fp8_gemm_1d2d_impl,0.234912,234912,2
agg_aic_p0_prefill_heavy_b16_isl512_ctx4096,strict_prefix0,/home/ai_lab/ljc/scale-up-sim/aiconfigurator/bench_data/h100_sxm/sglang/v0.5.9/deepseek_v3_mla/agg_csv/20260630_182355_agg_stage2_agg_aic_p0_prefill_heavy_b16_isl512_ctx4096_d8_dctx512_p8_pf512_pp0_layers6_backend_auto_cg_off_pcg_off_tp1_profile_nsys__MLA时延拆解.csv,0,decode,1,attn_mqa,4104,3.350171,2.112925,q_b_proj,per_token_group_quant_8bit_kernel,0.008064,8064,2
agg_aic_p0_prefill_heavy_b16_isl512_ctx4096,strict_prefix0,/home/ai_lab/ljc/scale-up-sim/aiconfigurator/bench_data/h100_sxm/sglang/v0.5.9/deepseek_v3_mla/agg_csv/20260630_182355_agg_stage2_agg_aic_p0_prefill_heavy_b16_isl512_ctx4096_d8_dctx512_p8_pf512_pp0_layers6_backend_auto_cg_off_pcg_off_tp1_profile_nsys__MLA时延拆解.csv,0,decode,1,attn_mqa,4104,3.350171,2.112925,rotary_emb,BatchQKApplyRotaryPosIdsCosSinCacheHeadParallelismKernel,0.054336,54336,1
agg_aic_p0_prefill_heavy_b16_isl512_ctx4096,strict_prefix0,/home/ai_lab/ljc/scale-up-sim/aiconfigurator/bench_data/h100_sxm/sglang/v0.5.9/deepseek_v3_mla/agg_csv/20260630_182355_agg_stage2_agg_aic_p0_prefill_heavy_b16_isl512_ctx4096_d8_dctx512_p8_pf512_pp0_layers6_backend_auto_cg_off_pcg_off_tp1_profile_nsys__MLA时延拆解.csv,0,decode,1,attn_mqa,4104,3.350171,2.112925,attn_mqa,device_kernel,0.926686,926686,3
agg_aic_p0_prefill_heavy_b16_isl512_ctx4096,strict_prefix0,/home/ai_lab/ljc/scale-up-sim/aiconfigurator/bench_data/h100_sxm/sglang/v0.5.9/deepseek_v3_mla/agg_csv/20260630_182355_agg_stage2_agg_aic_p0_prefill_heavy_b16_isl512_ctx4096_d8_dctx512_p8_pf512_pp0_layers6_backend_auto_cg_off_pcg_off_tp1_profile_nsys__MLA时延拆解.csv,0,decode,1,attn_mqa,4104,3.350171,2.112925,attn_mqa,set_mla_kv_buffer_kernel,0.013696,13696,3
agg_aic_p0_prefill_heavy_b16_isl512_ctx4096,strict_prefix0,/home/ai_lab/ljc/scale-up-sim/aiconfigurator/bench_data/h100_sxm/sglang/v0.5.9/deepseek_v3_mla/agg_csv/20260630_182355_agg_stage2_agg_aic_p0_prefill_heavy_b16_isl512_ctx4096_d8_dctx512_p8_pf512_pp0_layers6_backend_auto_cg_off_pcg_off_tp1_profile_nsys__MLA时延拆解.csv,0,decode,1,attn_mqa,4104,3.350171,2.112925,attn_mqa,prepare_varlen_num_blocks_kernel,0.0032,3200,3
agg_aic_p0_prefill_heavy_b16_isl512_ctx4096,strict_prefix0,/home/ai_lab/ljc/scale-up-sim/aiconfigurator/bench_data/h100_sxm/sglang/v0.5.9/deepseek_v3_mla/agg_csv/20260630_182355_agg_stage2_agg_aic_p0_prefill_heavy_b16_isl512_ctx4096_d8_dctx512_p8_pf512_pp0_layers6_backend_auto_cg_off_pcg_off_tp1_profile_nsys__MLA时延拆解.csv,0,decode,1,attn_mqa,4104,3.350171,2.112925,o_proj,sm90_fp8_gemm_1d2d_impl,0.630111,630111,2
agg_aic_p0_prefill_heavy_b16_isl512_ctx4096,strict_prefix0,/home/ai_lab/ljc/scale-up-sim/aiconfigurator/bench_data/h100_sxm/sglang/v0.5.9/deepseek_v3_mla/agg_csv/20260630_182355_agg_stage2_agg_aic_p0_prefill_heavy_b16_isl512_ctx4096_d8_dctx512_p8_pf512_pp0_layers6_backend_auto_cg_off_pcg_off_tp1_profile_nsys__MLA时延拆解.csv,0,decode,1,attn_mqa,4104,3.350171,2.112925,o_proj,per_token_group_quant_8bit_kernel,0.081184,81184,2
agg_aic_p0_prefill_heavy_b16_isl512_ctx4096,strict_prefix0,/home/ai_lab/ljc/scale-up-sim/aiconfigurator/bench_data/h100_sxm/sglang/v0.5.9/deepseek_v3_mla/agg_csv/20260630_182355_agg_stage2_agg_aic_p0_prefill_heavy_b16_isl512_ctx4096_d8_dctx512_p8_pf512_pp0_layers6_backend_auto_cg_off_pcg_off_tp1_profile_nsys__MLA时延拆解.csv,1,decode,1,attn_mqa,4104,2.603356,2.087518,fused_qkv_a_proj_with_mqa,sm90_fp8_gemm_1d2d_impl,0.10384,103840,2
agg_aic_p0_prefill_heavy_b16_isl512_ctx4096,strict_prefix0,/home/ai_lab/ljc/scale-up-sim/aiconfigurator/bench_data/h100_sxm/sglang/v0.5.9/deepseek_v3_mla/agg_csv/20260630_182355_agg_stage2_agg_aic_p0_prefill_heavy_b16_isl512_ctx4096_d8_dctx512_p8_pf512_pp0_layers6_backend_auto_cg_off_pcg_off_tp1_profile_nsys__MLA时延拆解.csv,1,decode,1,attn_mqa,4104,2.603356,2.087518,fused_qkv_a_proj_with_mqa,per_token_group_quant_8bit_kernel,0.03984,39840,2
agg_aic_p0_prefill_heavy_b16_isl512_ctx4096,strict_prefix0,/home/ai_lab/ljc/scale-up-sim/aiconfigurator/bench_data/h100_sxm/sglang/v0.5.9/deepseek_v3_mla/agg_csv/20260630_182355_agg_stage2_agg_aic_p0_prefill_heavy_b16_isl512_ctx4096_d8_dctx512_p8_pf512_pp0_layers6_backend_auto_cg_off_pcg_off_tp1_profile_nsys__MLA时延拆解.csv,1,decode,1,attn_mqa,4104,2.603356,2.087518,q_a_layernorm,RMSNormKernel,0.009184,9184,1
agg_aic_p0_prefill_heavy_b16_isl512_ctx4096,strict_prefix0,/home/ai_lab/ljc/scale-up-sim/aiconfigurator/bench_data/h100_sxm/sglang/v0.5.9/deepseek_v3_mla/agg_csv/20260630_182355_agg_stage2_agg_aic_p0_prefill_heavy_b16_isl512_ctx4096_d8_dctx512_p8_pf512_pp0_layers6_backend_auto_cg_off_pcg_off_tp1_profile_nsys__MLA时延拆解.csv,1,decode,1,attn_mqa,4104,2.603356,2.087518,kv_a_layernorm,RMSNormKernel,0.007072,7072,1
agg_aic_p0_prefill_heavy_b16_isl512_ctx4096,strict_prefix0,/home/ai_lab/ljc/scale-up-sim/aiconfigurator/bench_data/h100_sxm/sglang/v0.5.9/deepseek_v3_mla/agg_csv/20260630_182355_agg_stage2_agg_aic_p0_prefill_heavy_b16_isl512_ctx4096_d8_dctx512_p8_pf512_pp0_layers6_backend_auto_cg_off_pcg_off_tp1_profile_nsys__MLA时延拆解.csv,1,decode,1,attn_mqa,4104,2.603356,2.087518,q_b_proj,sm90_fp8_gemm_1d2d_impl,0.227104,227104,2
agg_aic_p0_prefill_heavy_b16_isl512_ctx4096,strict_prefix0,/home/ai_lab/ljc/scale-up-sim/aiconfigurator/bench_data/h100_sxm/sglang/v0.5.9/deepseek_v3_mla/agg_csv/20260630_182355_agg_stage2_agg_aic_p0_prefill_heavy_b16_isl512_ctx4096_d8_dctx512_p8_pf512_pp0_layers6_backend_auto_cg_off_pcg_off_tp1_profile_nsys__MLA时延拆解.csv,1,decode,1,attn_mqa,4104,2.603356,2.087518,q_b_proj,per_token_group_quant_8bit_kernel,0.008032,8032,2
agg_aic_p0_prefill_heavy_b16_isl512_ctx4096,strict_prefix0,/home/ai_lab/ljc/scale-up-sim/aiconfigurator/bench_data/h100_sxm/sglang/v0.5.9/deepseek_v3_mla/agg_csv/20260630_182355_agg_stage2_agg_aic_p0_prefill_heavy_b16_isl512_ctx4096_d8_dctx512_p8_pf512_pp0_layers6_backend_auto_cg_off_pcg_off_tp1_profile_nsys__MLA时延拆解.csv,1,decode,1,attn_mqa,4104,2.603356,2.087518,rotary_emb,BatchQKApplyRotaryPosIdsCosSinCacheHeadParallelismKernel,0.053504,53504,1
agg_aic_p0_prefill_heavy_b16_isl512_ctx4096,strict_prefix0,/home/ai_lab/ljc/scale-up-sim/aiconfigurator/bench_data/h100_sxm/sglang/v0.5.9/deepseek_v3_mla/agg_csv/20260630_182355_agg_stage2_agg_aic_p0_prefill_heavy_b16_isl512_ctx4096_d8_dctx512_p8_pf512_pp0_layers6_backend_auto_cg_off_pcg_off_tp1_profile_nsys__MLA时延拆解.csv,1,decode,1,attn_mqa,4104,2.603356,2.087518,attn_mqa,device_kernel,0.910623,910623,3
agg_aic_p0_prefill_heavy_b16_isl512_ctx4096,strict_prefix0,/home/ai_lab/ljc/scale-up-sim/aiconfigurator/bench_data/h100_sxm/sglang/v0.5.9/deepseek_v3_mla/agg_csv/20260630_182355_agg_stage2_agg_aic_p0_prefill_heavy_b16_isl512_ctx4096_d8_dctx512_p8_pf512_pp0_layers6_backend_auto_cg_off_pcg_off_tp1_profile_nsys__MLA时延拆解.csv,1,decode,1,attn_mqa,4104,2.603356,2.087518,attn_mqa,set_mla_kv_buffer_kernel,0.013984,13984,3
agg_aic_p0_prefill_heavy_b16_isl512_ctx4096,strict_prefix0,/home/ai_lab/ljc/scale-up-sim/aiconfigurator/bench_data/h100_sxm/sglang/v0.5.9/deepseek_v3_mla/agg_csv/20260630_182355_agg_stage2_agg_aic_p0_prefill_heavy_b16_isl512_ctx4096_d8_dctx512_p8_pf512_pp0_layers6_backend_auto_cg_off_pcg_off_tp1_profile_nsys__MLA时延拆解.csv,1,decode,1,attn_mqa,4104,2.603356,2.087518,attn_mqa,prepare_varlen_num_blocks_kernel,0.0032,3200,3
agg_aic_p0_prefill_heavy_b16_isl512_ctx4096,strict_prefix0,/home/ai_lab/ljc/scale-up-sim/aiconfigurator/bench_data/h100_sxm/sglang/v0.5.9/deepseek_v3_mla/agg_csv/20260630_182355_agg_stage2_agg_aic_p0_prefill_heavy_b16_isl512_ctx4096_d8_dctx512_p8_pf512_pp0_layers6_backend_auto_cg_off_pcg_off_tp1_profile_nsys__MLA时延拆解.csv,1,decode,1,attn_mqa,4104,2.603356,2.087518,o_proj,sm90_fp8_gemm_1d2d_impl,0.629887,629887,2
agg_aic_p0_prefill_heavy_b16_isl512_ctx4096,strict_prefix0,/home/ai_lab/ljc/scale-up-sim/aiconfigurator/bench_data/h100_sxm/sglang/v0.5.9/deepseek_v3_mla/agg_csv/20260630_182355_agg_stage2_agg_aic_p0_prefill_heavy_b16_isl512_ctx4096_d8_dctx512_p8_pf512_pp0_layers6_backend_auto_cg_off_pcg_off_tp1_profile_nsys__MLA时延拆解.csv,1,decode,1,attn_mqa,4104,2.603356,2.087518,o_proj,per_token_group_quant_8bit_kernel,0.081248,81248,2
agg_aic_p0_prefill_heavy_b16_isl512_ctx4096,strict_prefix0,/home/ai_lab/ljc/scale-up-sim/aiconfigurator/bench_data/h100_sxm/sglang/v0.5.9/deepseek_v3_mla/agg_csv/20260630_182355_agg_stage2_agg_aic_p0_prefill_heavy_b16_isl512_ctx4096_d8_dctx512_p8_pf512_pp0_layers6_backend_auto_cg_off_pcg_off_tp1_profile_nsys__MLA时延拆解.csv,2,decode,1,attn_mqa,4104,2.614524,2.098333,fused_qkv_a_proj_with_mqa,sm90_fp8_gemm_1d2d_impl,0.111232,111232,2
agg_aic_p0_prefill_heavy_b16_isl512_ctx4096,strict_prefix0,/home/ai_lab/ljc/scale-up-sim/aiconfigurator/bench_data/h100_sxm/sglang/v0.5.9/deepseek_v3_mla/agg_csv/20260630_182355_agg_stage2_agg_aic_p0_prefill_heavy_b16_isl512_ctx4096_d8_dctx512_p8_pf512_pp0_layers6_backend_auto_cg_off_pcg_off_tp1_profile_nsys__MLA时延拆解.csv,2,decode,1,attn_mqa,4104,2.614524,2.098333,fused_qkv_a_proj_with_mqa,per_token_group_quant_8bit_kernel,0.039648,39648,2
agg_aic_p0_prefill_heavy_b16_isl512_ctx4096,strict_prefix0,/home/ai_lab/ljc/scale-up-sim/aiconfigurator/bench_data/h100_sxm/sglang/v0.5.9/deepseek_v3_mla/agg_csv/20260630_182355_agg_stage2_agg_aic_p0_prefill_heavy_b16_isl512_ctx4096_d8_dctx512_p8_pf512_pp0_layers6_backend_auto_cg_off_pcg_off_tp1_profile_nsys__MLA时延拆解.csv,2,decode,1,attn_mqa,4104,2.614524,2.098333,q_a_layernorm,RMSNormKernel,0.00944,9440,1
agg_aic_p0_prefill_heavy_b16_isl512_ctx4096,strict_prefix0,/home/ai_lab/ljc/scale-up-sim/aiconfigurator/bench_data/h100_sxm/sglang/v0.5.9/deepseek_v3_mla/agg_csv/20260630_182355_agg_stage2_agg_aic_p0_prefill_heavy_b16_isl512_ctx4096_d8_dctx512_p8_pf512_pp0_layers6_backend_auto_cg_off_pcg_off_tp1_profile_nsys__MLA时延拆解.csv,2,decode,1,attn_mqa,4104,2.614524,2.098333,kv_a_layernorm,RMSNormKernel,0.007232,7232,1
agg_aic_p0_prefill_heavy_b16_isl512_ctx4096,strict_prefix0,/home/ai_lab/ljc/scale-up-sim/aiconfigurator/bench_data/h100_sxm/sglang/v0.5.9/deepseek_v3_mla/agg_csv/20260630_182355_agg_stage2_agg_aic_p0_prefill_heavy_b16_isl512_ctx4096_d8_dctx512_p8_pf512_pp0_layers6_backend_auto_cg_off_pcg_off_tp1_profile_nsys__MLA时延拆解.csv,2,decode,1,attn_mqa,4104,2.614524,2.098333,q_b_proj,sm90_fp8_gemm_1d2d_impl,0.22688,226880,2
agg_aic_p0_prefill_heavy_b16_isl512_ctx4096,strict_prefix0,/home/ai_lab/ljc/scale-up-sim/aiconfigurator/bench_data/h100_sxm/sglang/v0.5.9/deepseek_v3_mla/agg_csv/20260630_182355_agg_stage2_agg_aic_p0_prefill_heavy_b16_isl512_ctx4096_d8_dctx512_p8_pf512_pp0_layers6_backend_auto_cg_off_pcg_off_tp1_profile_nsys__MLA时延拆解.csv,2,decode,1,attn_mqa,4104,2.614524,2.098333,q_b_proj,per_token_group_quant_8bit_kernel,0.007872,7872,2
agg_aic_p0_prefill_heavy_b16_isl512_ctx4096,strict_prefix0,/home/ai_lab/ljc/scale-up-sim/aiconfigurator/bench_data/h100_sxm/sglang/v0.5.9/deepseek_v3_mla/agg_csv/20260630_182355_agg_stage2_agg_aic_p0_prefill_heavy_b16_isl512_ctx4096_d8_dctx512_p8_pf512_pp0_layers6_backend_auto_cg_off_pcg_off_tp1_profile_nsys__MLA时延拆解.csv,2,decode,1,attn_mqa,4104,2.614524,2.098333,rotary_emb,BatchQKApplyRotaryPosIdsCosSinCacheHeadParallelismKernel,0.054175,54175,1
agg_aic_p0_prefill_heavy_b16_isl512_ctx4096,strict_prefix0,/home/ai_lab/ljc/scale-up-sim/aiconfigurator/bench_data/h100_sxm/sglang/v0.5.9/deepseek_v3_mla/agg_csv/20260630_182355_agg_stage2_agg_aic_p0_prefill_heavy_b16_isl512_ctx4096_d8_dctx512_p8_pf512_pp0_layers6_backend_auto_cg_off_pcg_off_tp1_profile_nsys__MLA时延拆解.csv,2,decode,1,attn_mqa,4104,2.614524,2.098333,attn_mqa,device_kernel,0.913919,913919,3
agg_aic_p0_prefill_heavy_b16_isl512_ctx4096,strict_prefix0,/home/ai_lab/ljc/scale-up-sim/aiconfigurator/bench_data/h100_sxm/sglang/v0.5.9/deepseek_v3_mla/agg_csv/20260630_182355_agg_stage2_agg_aic_p0_prefill_heavy_b16_isl512_ctx4096_d8_dctx512_p8_pf512_pp0_layers6_backend_auto_cg_off_pcg_off_tp1_profile_nsys__MLA时延拆解.csv,2,decode,1,attn_mqa,4104,2.614524,2.098333,attn_mqa,set_mla_kv_buffer_kernel,0.013664,13664,3
agg_aic_p0_prefill_heavy_b16_isl512_ctx4096,strict_prefix0,/home/ai_lab/ljc/scale-up-sim/aiconfigurator/bench_data/h100_sxm/sglang/v0.5.9/deepseek_v3_mla/agg_csv/20260630_182355_agg_stage2_agg_aic_p0_prefill_heavy_b16_isl512_ctx4096_d8_dctx512_p8_pf512_pp0_layers6_backend_auto_cg_off_pcg_off_tp1_profile_nsys__MLA时延拆解.csv,2,decode,1,attn_mqa,4104,2.614524,2.098333,attn_mqa,prepare_varlen_num_blocks_kernel,0.003168,3168,3
agg_aic_p0_prefill_heavy_b16_isl512_ctx4096,strict_prefix0,/home/ai_lab/ljc/scale-up-sim/aiconfigurator/bench_data/h100_sxm/sglang/v0.5.9/deepseek_v3_mla/agg_csv/20260630_182355_agg_stage2_agg_aic_p0_prefill_heavy_b16_isl512_ctx4096_d8_dctx512_p8_pf512_pp0_layers6_backend_auto_cg_off_pcg_off_tp1_profile_nsys__MLA时延拆解.csv,2,decode,1,attn_mqa,4104,2.614524,2.098333,o_proj,sm90_fp8_gemm_1d2d_impl,0.630431,630431,2
agg_aic_p0_prefill_heavy_b16_isl512_ctx4096,strict_prefix0,/home/ai_lab/ljc/scale-up-sim/aiconfigurator/bench_data/h100_sxm/sglang/v0.5.9/deepseek_v3_mla/agg_csv/20260630_182355_agg_stage2_agg_aic_p0_prefill_heavy_b16_isl512_ctx4096_d8_dctx512_p8_pf512_pp0_layers6_backend_auto_cg_off_pcg_off_tp1_profile_nsys__MLA时延拆解.csv,2,decode,1,attn_mqa,4104,2.614524,2.098333,o_proj,per_token_group_quant_8bit_kernel,0.080672,80672,2
agg_aic_p0_prefill_heavy_b16_isl512_ctx4096,strict_prefix0,/home/ai_lab/ljc/scale-up-sim/aiconfigurator/bench_data/h100_sxm/sglang/v0.5.9/deepseek_v3_mla/agg_csv/20260630_182355_agg_stage2_agg_aic_p0_prefill_heavy_b16_isl512_ctx4096_d8_dctx512_p8_pf512_pp0_layers6_backend_auto_cg_off_pcg_off_tp1_profile_nsys__MLA时延拆解.csv,3,decode,1,attn_mqa,4104,2.637404,2.115836,fused_qkv_a_proj_with_mqa,sm90_fp8_gemm_1d2d_impl,0.107008,107008,2
agg_aic_p0_prefill_heavy_b16_isl512_ctx4096,strict_prefix0,/home/ai_lab/ljc/scale-up-sim/aiconfigurator/bench_data/h100_sxm/sglang/v0.5.9/deepseek_v3_mla/agg_csv/20260630_182355_agg_stage2_agg_aic_p0_prefill_heavy_b16_isl512_ctx4096_d8_dctx512_p8_pf512_pp0_layers6_backend_auto_cg_off_pcg_off_tp1_profile_nsys__MLA时延拆解.csv,3,decode,1,attn_mqa,4104,2.637404,2.115836,fused_qkv_a_proj_with_mqa,per_token_group_quant_8bit_kernel,0.03888,38880,2
agg_aic_p0_prefill_heavy_b16_isl512_ctx4096,strict_prefix0,/home/ai_lab/ljc/scale-up-sim/aiconfigurator/bench_data/h100_sxm/sglang/v0.5.9/deepseek_v3_mla/agg_csv/20260630_182355_agg_stage2_agg_aic_p0_prefill_heavy_b16_isl512_ctx4096_d8_dctx512_p8_pf512_pp0_layers6_backend_auto_cg_off_pcg_off_tp1_profile_nsys__MLA时延拆解.csv,3,decode,1,attn_mqa,4104,2.637404,2.115836,q_a_layernorm,RMSNormKernel,0.009216,9216,1
agg_aic_p0_prefill_heavy_b16_isl512_ctx4096,strict_prefix0,/home/ai_lab/ljc/scale-up-sim/aiconfigurator/bench_data/h100_sxm/sglang/v0.5.9/deepseek_v3_mla/agg_csv/20260630_182355_agg_stage2_agg_aic_p0_prefill_heavy_b16_isl512_ctx4096_d8_dctx512_p8_pf512_pp0_layers6_backend_auto_cg_off_pcg_off_tp1_profile_nsys__MLA时延拆解.csv,3,decode,1,attn_mqa,4104,2.637404,2.115836,kv_a_layernorm,RMSNormKernel,0.007232,7232,1
agg_aic_p0_prefill_heavy_b16_isl512_ctx4096,strict_prefix0,/home/ai_lab/ljc/scale-up-sim/aiconfigurator/bench_data/h100_sxm/sglang/v0.5.9/deepseek_v3_mla/agg_csv/20260630_182355_agg_stage2_agg_aic_p0_prefill_heavy_b16_isl512_ctx4096_d8_dctx512_p8_pf512_pp0_layers6_backend_auto_cg_off_pcg_off_tp1_profile_nsys__MLA时延拆解.csv,3,decode,1,attn_mqa,4104,2.637404,2.115836,q_b_proj,sm90_fp8_gemm_1d2d_impl,0.231487,231487,2
agg_aic_p0_prefill_heavy_b16_isl512_ctx4096,strict_prefix0,/home/ai_lab/ljc/scale-up-sim/aiconfigurator/bench_data/h100_sxm/sglang/v0.5.9/deepseek_v3_mla/agg_csv/20260630_182355_agg_stage2_agg_aic_p0_prefill_heavy_b16_isl512_ctx4096_d8_dctx512_p8_pf512_pp0_layers6_backend_auto_cg_off_pcg_off_tp1_profile_nsys__MLA时延拆解.csv,3,decode,1,attn_mqa,4104,2.637404,2.115836,q_b_proj,per_token_group_quant_8bit_kernel,0.008096,8096,2
agg_aic_p0_prefill_heavy_b16_isl512_ctx4096,strict_prefix0,/home/ai_lab/ljc/scale-up-sim/aiconfigurator/bench_data/h100_sxm/sglang/v0.5.9/deepseek_v3_mla/agg_csv/20260630_182355_agg_stage2_agg_aic_p0_prefill_heavy_b16_isl512_ctx4096_d8_dctx512_p8_pf512_pp0_layers6_backend_auto_cg_off_pcg_off_tp1_profile_nsys__MLA时延拆解.csv,3,decode,1,attn_mqa,4104,2.637404,2.115836,rotary_emb,BatchQKApplyRotaryPosIdsCosSinCacheHeadParallelismKernel,0.054112,54112,1
agg_aic_p0_prefill_heavy_b16_isl512_ctx4096,strict_prefix0,/home/ai_lab/ljc/scale-up-sim/aiconfigurator/bench_data/h100_sxm/sglang/v0.5.9/deepseek_v3_mla/agg_csv/20260630_182355_agg_stage2_agg_aic_p0_prefill_heavy_b16_isl512_ctx4096_d8_dctx512_p8_pf512_pp0_layers6_backend_auto_cg_off_pcg_off_tp1_profile_nsys__MLA时延拆解.csv,3,decode,1,attn_mqa,4104,2.637404,2.115836,attn_mqa,device_kernel,0.930238,930238,3
agg_aic_p0_prefill_heavy_b16_isl512_ctx4096,strict_prefix0,/home/ai_lab/ljc/scale-up-sim/aiconfigurator/bench_data/h100_sxm/sglang/v0.5.9/deepseek_v3_mla/agg_csv/20260630_182355_agg_stage2_agg_aic_p0_prefill_heavy_b16_isl512_ctx4096_d8_dctx512_p8_pf512_pp0_layers6_backend_auto_cg_off_pcg_off_tp1_profile_nsys__MLA时延拆解.csv,3,decode,1,attn_mqa,4104,2.637404,2.115836,attn_mqa,set_mla_kv_buffer_kernel,0.013792,13792,3
agg_aic_p0_prefill_heavy_b16_isl512_ctx4096,strict_prefix0,/home/ai_lab/ljc/scale-up-sim/aiconfigurator/bench_data/h100_sxm/sglang/v0.5.9/deepseek_v3_mla/agg_csv/20260630_182355_agg_stage2_agg_aic_p0_prefill_heavy_b16_isl512_ctx4096_d8_dctx512_p8_pf512_pp0_layers6_backend_auto_cg_off_pcg_off_tp1_profile_nsys__MLA时延拆解.csv,3,decode,1,attn_mqa,4104,2.637404,2.115836,attn_mqa,prepare_varlen_num_blocks_kernel,0.003168,3168,3
agg_aic_p0_prefill_heavy_b16_isl512_ctx4096,strict_prefix0,/home/ai_lab/ljc/scale-up-sim/aiconfigurator/bench_data/h100_sxm/sglang/v0.5.9/deepseek_v3_mla/agg_csv/20260630_182355_agg_stage2_agg_aic_p0_prefill_heavy_b16_isl512_ctx4096_d8_dctx512_p8_pf512_pp0_layers6_backend_auto_cg_off_pcg_off_tp1_profile_nsys__MLA时延拆解.csv,3,decode,1,attn_mqa,4104,2.637404,2.115836,o_proj,sm90_fp8_gemm_1d2d_impl,0.631423,631423,2
agg_aic_p0_prefill_heavy_b16_isl512_ctx4096,strict_prefix0,/home/ai_lab/ljc/scale-up-sim/aiconfigurator/bench_data/h100_sxm/sglang/v0.5.9/deepseek_v3_mla/agg_csv/20260630_182355_agg_stage2_agg_aic_p0_prefill_heavy_b16_isl512_ctx4096_d8_dctx512_p8_pf512_pp0_layers6_backend_auto_cg_off_pcg_off_tp1_profile_nsys__MLA时延拆解.csv,3,decode,1,attn_mqa,4104,2.637404,2.115836,o_proj,per_token_group_quant_8bit_kernel,0.081184,81184,2
agg_aic_p0_prefill_heavy_b16_isl512_ctx4096,strict_prefix0,/home/ai_lab/ljc/scale-up-sim/aiconfigurator/bench_data/h100_sxm/sglang/v0.5.9/deepseek_v3_mla/agg_csv/20260630_182355_agg_stage2_agg_aic_p0_prefill_heavy_b16_isl512_ctx4096_d8_dctx512_p8_pf512_pp0_layers6_backend_auto_cg_off_pcg_off_tp1_profile_nsys__MLA时延拆解.csv,4,decode,1,attn_mqa,4104,2.601948,2.087325,fused_qkv_a_proj_with_mqa,sm90_fp8_gemm_1d2d_impl,0.105824,105824,2
agg_aic_p0_prefill_heavy_b16_isl512_ctx4096,strict_prefix0,/home/ai_lab/ljc/scale-up-sim/aiconfigurator/bench_data/h100_sxm/sglang/v0.5.9/deepseek_v3_mla/agg_csv/20260630_182355_agg_stage2_agg_aic_p0_prefill_heavy_b16_isl512_ctx4096_d8_dctx512_p8_pf512_pp0_layers6_backend_auto_cg_off_pcg_off_tp1_profile_nsys__MLA时延拆解.csv,4,decode,1,attn_mqa,4104,2.601948,2.087325,fused_qkv_a_proj_with_mqa,per_token_group_quant_8bit_kernel,0.038944,38944,2
agg_aic_p0_prefill_heavy_b16_isl512_ctx4096,strict_prefix0,/home/ai_lab/ljc/scale-up-sim/aiconfigurator/bench_data/h100_sxm/sglang/v0.5.9/deepseek_v3_mla/agg_csv/20260630_182355_agg_stage2_agg_aic_p0_prefill_heavy_b16_isl512_ctx4096_d8_dctx512_p8_pf512_pp0_layers6_backend_auto_cg_off_pcg_off_tp1_profile_nsys__MLA时延拆解.csv,4,decode,1,attn_mqa,4104,2.601948,2.087325,q_a_layernorm,RMSNormKernel,0.009344,9344,1
agg_aic_p0_prefill_heavy_b16_isl512_ctx4096,strict_prefix0,/home/ai_lab/ljc/scale-up-sim/aiconfigurator/bench_data/h100_sxm/sglang/v0.5.9/deepseek_v3_mla/agg_csv/20260630_182355_agg_stage2_agg_aic_p0_prefill_heavy_b16_isl512_ctx4096_d8_dctx512_p8_pf512_pp0_layers6_backend_auto_cg_off_pcg_off_tp1_profile_nsys__MLA时延拆解.csv,4,decode,1,attn_mqa,4104,2.601948,2.087325,kv_a_layernorm,RMSNormKernel,0.007232,7232,1
agg_aic_p0_prefill_heavy_b16_isl512_ctx4096,strict_prefix0,/home/ai_lab/ljc/scale-up-sim/aiconfigurator/bench_data/h100_sxm/sglang/v0.5.9/deepseek_v3_mla/agg_csv/20260630_182355_agg_stage2_agg_aic_p0_prefill_heavy_b16_isl512_ctx4096_d8_dctx512_p8_pf512_pp0_layers6_backend_auto_cg_off_pcg_off_tp1_profile_nsys__MLA时延拆解.csv,4,decode,1,attn_mqa,4104,2.601948,2.087325,q_b_proj,sm90_fp8_gemm_1d2d_impl,0.228383,228383,2
agg_aic_p0_prefill_heavy_b16_isl512_ctx4096,strict_prefix0,/home/ai_lab/ljc/scale-up-sim/aiconfigurator/bench_data/h100_sxm/sglang/v0.5.9/deepseek_v3_mla/agg_csv/20260630_182355_agg_stage2_agg_aic_p0_prefill_heavy_b16_isl512_ctx4096_d8_dctx512_p8_pf512_pp0_layers6_backend_auto_cg_off_pcg_off_tp1_profile_nsys__MLA时延拆解.csv,4,decode,1,attn_mqa,4104,2.601948,2.087325,q_b_proj,per_token_group_quant_8bit_kernel,0.00784,7840,2
agg_aic_p0_prefill_heavy_b16_isl512_ctx4096,strict_prefix0,/home/ai_lab/ljc/scale-up-sim/aiconfigurator/bench_data/h100_sxm/sglang/v0.5.9/deepseek_v3_mla/agg_csv/20260630_182355_agg_stage2_agg_aic_p0_prefill_heavy_b16_isl512_ctx4096_d8_dctx512_p8_pf512_pp0_layers6_backend_auto_cg_off_pcg_off_tp1_profile_nsys__MLA时延拆解.csv,4,decode,1,attn_mqa,4104,2.601948,2.087325,rotary_emb,BatchQKApplyRotaryPosIdsCosSinCacheHeadParallelismKernel,0.054016,54016,1
agg_aic_p0_prefill_heavy_b16_isl512_ctx4096,strict_prefix0,/home/ai_lab/ljc/scale-up-sim/aiconfigurator/bench_data/h100_sxm/sglang/v0.5.9/deepseek_v3_mla/agg_csv/20260630_182355_agg_stage2_agg_aic_p0_prefill_heavy_b16_isl512_ctx4096_d8_dctx512_p8_pf512_pp0_layers6_backend_auto_cg_off_pcg_off_tp1_profile_nsys__MLA时延拆解.csv,4,decode,1,attn_mqa,4104,2.601948,2.087325,attn_mqa,device_kernel,0.906239,906239,3
agg_aic_p0_prefill_heavy_b16_isl512_ctx4096,strict_prefix0,/home/ai_lab/ljc/scale-up-sim/aiconfigurator/bench_data/h100_sxm/sglang/v0.5.9/deepseek_v3_mla/agg_csv/20260630_182355_agg_stage2_agg_aic_p0_prefill_heavy_b16_isl512_ctx4096_d8_dctx512_p8_pf512_pp0_layers6_backend_auto_cg_off_pcg_off_tp1_profile_nsys__MLA时延拆解.csv,4,decode,1,attn_mqa,4104,2.601948,2.087325,attn_mqa,set_mla_kv_buffer_kernel,0.013696,13696,3
agg_aic_p0_prefill_heavy_b16_isl512_ctx4096,strict_prefix0,/home/ai_lab/ljc/scale-up-sim/aiconfigurator/bench_data/h100_sxm/sglang/v0.5.9/deepseek_v3_mla/agg_csv/20260630_182355_agg_stage2_agg_aic_p0_prefill_heavy_b16_isl512_ctx4096_d8_dctx512_p8_pf512_pp0_layers6_backend_auto_cg_off_pcg_off_tp1_profile_nsys__MLA时延拆解.csv,4,decode,1,attn_mqa,4104,2.601948,2.087325,attn_mqa,prepare_varlen_num_blocks_kernel,0.003488,3488,3
agg_aic_p0_prefill_heavy_b16_isl512_ctx4096,strict_prefix0,/home/ai_lab/ljc/scale-up-sim/aiconfigurator/bench_data/h100_sxm/sglang/v0.5.9/deepseek_v3_mla/agg_csv/20260630_182355_agg_stage2_agg_aic_p0_prefill_heavy_b16_isl512_ctx4096_d8_dctx512_p8_pf512_pp0_layers6_backend_auto_cg_off_pcg_off_tp1_profile_nsys__MLA时延拆解.csv,4,decode,1,attn_mqa,4104,2.601948,2.087325,o_proj,sm90_fp8_gemm_1d2d_impl,0.631327,631327,2
agg_aic_p0_prefill_heavy_b16_isl512_ctx4096,strict_prefix0,/home/ai_lab/ljc/scale-up-sim/aiconfigurator/bench_data/h100_sxm/sglang/v0.5.9/deepseek_v3_mla/agg_csv/20260630_182355_agg_stage2_agg_aic_p0_prefill_heavy_b16_isl512_ctx4096_d8_dctx512_p8_pf512_pp0_layers6_backend_auto_cg_off_pcg_off_tp1_profile_nsys__MLA时延拆解.csv,4,decode,1,attn_mqa,4104,2.601948,2.087325,o_proj,per_token_group_quant_8bit_kernel,0.080992,80992,2
agg_aic_p0_prefill_heavy_b16_isl512_ctx4096,strict_prefix0,/home/ai_lab/ljc/scale-up-sim/aiconfigurator/bench_data/h100_sxm/sglang/v0.5.9/deepseek_v3_mla/agg_csv/20260630_182355_agg_stage2_agg_aic_p0_prefill_heavy_b16_isl512_ctx4096_d8_dctx512_p8_pf512_pp0_layers6_backend_auto_cg_off_pcg_off_tp1_profile_nsys__MLA时延拆解.csv,5,decode,1,attn_mqa,4104,2.623324,2.108158,fused_qkv_a_proj_with_mqa,sm90_fp8_gemm_1d2d_impl,0.103456,103456,2
agg_aic_p0_prefill_heavy_b16_isl512_ctx4096,strict_prefix0,/home/ai_lab/ljc/scale-up-sim/aiconfigurator/bench_data/h100_sxm/sglang/v0.5.9/deepseek_v3_mla/agg_csv/20260630_182355_agg_stage2_agg_aic_p0_prefill_heavy_b16_isl512_ctx4096_d8_dctx512_p8_pf512_pp0_layers6_backend_auto_cg_off_pcg_off_tp1_profile_nsys__MLA时延拆解.csv,5,decode,1,attn_mqa,4104,2.623324,2.108158,fused_qkv_a_proj_with_mqa,per_token_group_quant_8bit_kernel,0.03872,38720,2
agg_aic_p0_prefill_heavy_b16_isl512_ctx4096,strict_prefix0,/home/ai_lab/ljc/scale-up-sim/aiconfigurator/bench_data/h100_sxm/sglang/v0.5.9/deepseek_v3_mla/agg_csv/20260630_182355_agg_stage2_agg_aic_p0_prefill_heavy_b16_isl512_ctx4096_d8_dctx512_p8_pf512_pp0_layers6_backend_auto_cg_off_pcg_off_tp1_profile_nsys__MLA时延拆解.csv,5,decode,1,attn_mqa,4104,2.623324,2.108158,q_a_layernorm,RMSNormKernel,0.00912,9120,1
agg_aic_p0_prefill_heavy_b16_isl512_ctx4096,strict_prefix0,/home/ai_lab/ljc/scale-up-sim/aiconfigurator/bench_data/h100_sxm/sglang/v0.5.9/deepseek_v3_mla/agg_csv/20260630_182355_agg_stage2_agg_aic_p0_prefill_heavy_b16_isl512_ctx4096_d8_dctx512_p8_pf512_pp0_layers6_backend_auto_cg_off_pcg_off_tp1_profile_nsys__MLA时延拆解.csv,5,decode,1,attn_mqa,4104,2.623324,2.108158,kv_a_layernorm,RMSNormKernel,0.007168,7168,1
agg_aic_p0_prefill_heavy_b16_isl512_ctx4096,strict_prefix0,/home/ai_lab/ljc/scale-up-sim/aiconfigurator/bench_data/h100_sxm/sglang/v0.5.9/deepseek_v3_mla/agg_csv/20260630_182355_agg_stage2_agg_aic_p0_prefill_heavy_b16_isl512_ctx4096_d8_dctx512_p8_pf512_pp0_layers6_backend_auto_cg_off_pcg_off_tp1_profile_nsys__MLA时延拆解.csv,5,decode,1,attn_mqa,4104,2.623324,2.108158,q_b_proj,sm90_fp8_gemm_1d2d_impl,0.22848,228480,2
agg_aic_p0_prefill_heavy_b16_isl512_ctx4096,strict_prefix0,/home/ai_lab/ljc/scale-up-sim/aiconfigurator/bench_data/h100_sxm/sglang/v0.5.9/deepseek_v3_mla/agg_csv/20260630_182355_agg_stage2_agg_aic_p0_prefill_heavy_b16_isl512_ctx4096_d8_dctx512_p8_pf512_pp0_layers6_backend_auto_cg_off_pcg_off_tp1_profile_nsys__MLA时延拆解.csv,5,decode,1,attn_mqa,4104,2.623324,2.108158,q_b_proj,per_token_group_quant_8bit_kernel,0.008064,8064,2
agg_aic_p0_prefill_heavy_b16_isl512_ctx4096,strict_prefix0,/home/ai_lab/ljc/scale-up-sim/aiconfigurator/bench_data/h100_sxm/sglang/v0.5.9/deepseek_v3_mla/agg_csv/20260630_182355_agg_stage2_agg_aic_p0_prefill_heavy_b16_isl512_ctx4096_d8_dctx512_p8_pf512_pp0_layers6_backend_auto_cg_off_pcg_off_tp1_profile_nsys__MLA时延拆解.csv,5,decode,1,attn_mqa,4104,2.623324,2.108158,rotary_emb,BatchQKApplyRotaryPosIdsCosSinCacheHeadParallelismKernel,0.054528,54528,1
agg_aic_p0_prefill_heavy_b16_isl512_ctx4096,strict_prefix0,/home/ai_lab/ljc/scale-up-sim/aiconfigurator/bench_data/h100_sxm/sglang/v0.5.9/deepseek_v3_mla/agg_csv/20260630_182355_agg_stage2_agg_aic_p0_prefill_heavy_b16_isl512_ctx4096_d8_dctx512_p8_pf512_pp0_layers6_backend_auto_cg_off_pcg_off_tp1_profile_nsys__MLA时延拆解.csv,5,decode,1,attn_mqa,4104,2.623324,2.108158,attn_mqa,device_kernel,0.931103,931103,3
agg_aic_p0_prefill_heavy_b16_isl512_ctx4096,strict_prefix0,/home/ai_lab/ljc/scale-up-sim/aiconfigurator/bench_data/h100_sxm/sglang/v0.5.9/deepseek_v3_mla/agg_csv/20260630_182355_agg_stage2_agg_aic_p0_prefill_heavy_b16_isl512_ctx4096_d8_dctx512_p8_pf512_pp0_layers6_backend_auto_cg_off_pcg_off_tp1_profile_nsys__MLA时延拆解.csv,5,decode,1,attn_mqa,4104,2.623324,2.108158,attn_mqa,set_mla_kv_buffer_kernel,0.013664,13664,3
agg_aic_p0_prefill_heavy_b16_isl512_ctx4096,strict_prefix0,/home/ai_lab/ljc/scale-up-sim/aiconfigurator/bench_data/h100_sxm/sglang/v0.5.9/deepseek_v3_mla/agg_csv/20260630_182355_agg_stage2_agg_aic_p0_prefill_heavy_b16_isl512_ctx4096_d8_dctx512_p8_pf512_pp0_layers6_backend_auto_cg_off_pcg_off_tp1_profile_nsys__MLA时延拆解.csv,5,decode,1,attn_mqa,4104,2.623324,2.108158,attn_mqa,prepare_varlen_num_blocks_kernel,0.003264,3264,3
agg_aic_p0_prefill_heavy_b16_isl512_ctx4096,strict_prefix0,/home/ai_lab/ljc/scale-up-sim/aiconfigurator/bench_data/h100_sxm/sglang/v0.5.9/deepseek_v3_mla/agg_csv/20260630_182355_agg_stage2_agg_aic_p0_prefill_heavy_b16_isl512_ctx4096_d8_dctx512_p8_pf512_pp0_layers6_backend_auto_cg_off_pcg_off_tp1_profile_nsys__MLA时延拆解.csv,5,decode,1,attn_mqa,4104,2.623324,2.108158,o_proj,sm90_fp8_gemm_1d2d_impl,0.628991,628991,2
agg_aic_p0_prefill_heavy_b16_isl512_ctx4096,strict_prefix0,/home/ai_lab/ljc/scale-up-sim/aiconfigurator/bench_data/h100_sxm/sglang/v0.5.9/deepseek_v3_mla/agg_csv/20260630_182355_agg_stage2_agg_aic_p0_prefill_heavy_b16_isl512_ctx4096_d8_dctx512_p8_pf512_pp0_layers6_backend_auto_cg_off_pcg_off_tp1_profile_nsys__MLA时延拆解.csv,5,decode,1,attn_mqa,4104,2.623324,2.108158,o_proj,per_token_group_quant_8bit_kernel,0.0816,81600,2
agg_aic_p0_mid_b8_isl2048_ctx8192,strict_prefix0,/home/ai_lab/ljc/scale-up-sim/aiconfigurator/bench_data/h100_sxm/sglang/v0.5.9/deepseek_v3_mla/agg_csv/20260630_182701_agg_stage2_agg_aic_p0_mid_b8_isl2048_ctx8192_d4_dctx2048_p4_pf2048_pp0_layers6_backend_auto_cg_off_pcg_off_tp1_profile_nsys__MLA时延拆解.csv,0,prefill,1,attn_mha,8192,4.838911,3.984607,fused_qkv_a_proj_with_mqa,sm90_fp8_gemm_1d2d_impl,0.20112,201120,2
agg_aic_p0_mid_b8_isl2048_ctx8192,strict_prefix0,/home/ai_lab/ljc/scale-up-sim/aiconfigurator/bench_data/h100_sxm/sglang/v0.5.9/deepseek_v3_mla/agg_csv/20260630_182701_agg_stage2_agg_aic_p0_mid_b8_isl2048_ctx8192_d4_dctx2048_p4_pf2048_pp0_layers6_backend_auto_cg_off_pcg_off_tp1_profile_nsys__MLA时延拆解.csv,0,prefill,1,attn_mha,8192,4.838911,3.984607,fused_qkv_a_proj_with_mqa,per_token_group_quant_8bit_kernel,0.072384,72384,2
agg_aic_p0_mid_b8_isl2048_ctx8192,strict_prefix0,/home/ai_lab/ljc/scale-up-sim/aiconfigurator/bench_data/h100_sxm/sglang/v0.5.9/deepseek_v3_mla/agg_csv/20260630_182701_agg_stage2_agg_aic_p0_mid_b8_isl2048_ctx8192_d4_dctx2048_p4_pf2048_pp0_layers6_backend_auto_cg_off_pcg_off_tp1_profile_nsys__MLA时延拆解.csv,0,prefill,1,attn_mha,8192,4.838911,3.984607,q_a_layernorm,RMSNormKernel,0.017504,17504,1
agg_aic_p0_mid_b8_isl2048_ctx8192,strict_prefix0,/home/ai_lab/ljc/scale-up-sim/aiconfigurator/bench_data/h100_sxm/sglang/v0.5.9/deepseek_v3_mla/agg_csv/20260630_182701_agg_stage2_agg_aic_p0_mid_b8_isl2048_ctx8192_d4_dctx2048_p4_pf2048_pp0_layers6_backend_auto_cg_off_pcg_off_tp1_profile_nsys__MLA时延拆解.csv,0,prefill,1,attn_mha,8192,4.838911,3.984607,q_b_proj,sm90_fp8_gemm_1d2d_impl,0.43248,432480,2
agg_aic_p0_mid_b8_isl2048_ctx8192,strict_prefix0,/home/ai_lab/ljc/scale-up-sim/aiconfigurator/bench_data/h100_sxm/sglang/v0.5.9/deepseek_v3_mla/agg_csv/20260630_182701_agg_stage2_agg_aic_p0_mid_b8_isl2048_ctx8192_d4_dctx2048_p4_pf2048_pp0_layers6_backend_auto_cg_off_pcg_off_tp1_profile_nsys__MLA时延拆解.csv,0,prefill,1,attn_mha,8192,4.838911,3.984607,q_b_proj,per_token_group_quant_8bit_kernel,0.016096,16096,2
agg_aic_p0_mid_b8_isl2048_ctx8192,strict_prefix0,/home/ai_lab/ljc/scale-up-sim/aiconfigurator/bench_data/h100_sxm/sglang/v0.5.9/deepseek_v3_mla/agg_csv/20260630_182701_agg_stage2_agg_aic_p0_mid_b8_isl2048_ctx8192_d4_dctx2048_p4_pf2048_pp0_layers6_backend_auto_cg_off_pcg_off_tp1_profile_nsys__MLA时延拆解.csv,0,prefill,1,attn_mha,8192,4.838911,3.984607,kv_a_layernorm,RMSNormKernel,0.012768,12768,1
agg_aic_p0_mid_b8_isl2048_ctx8192,strict_prefix0,/home/ai_lab/ljc/scale-up-sim/aiconfigurator/bench_data/h100_sxm/sglang/v0.5.9/deepseek_v3_mla/agg_csv/20260630_182701_agg_stage2_agg_aic_p0_mid_b8_isl2048_ctx8192_d4_dctx2048_p4_pf2048_pp0_layers6_backend_auto_cg_off_pcg_off_tp1_profile_nsys__MLA时延拆解.csv,0,prefill,1,attn_mha,8192,4.838911,3.984607,rotary_emb,BatchQKApplyRotaryPosIdsCosSinCacheHeadParallelismKernel,0.105632,105632,1
agg_aic_p0_mid_b8_isl2048_ctx8192,strict_prefix0,/home/ai_lab/ljc/scale-up-sim/aiconfigurator/bench_data/h100_sxm/sglang/v0.5.9/deepseek_v3_mla/agg_csv/20260630_182701_agg_stage2_agg_aic_p0_mid_b8_isl2048_ctx8192_d4_dctx2048_p4_pf2048_pp0_layers6_backend_auto_cg_off_pcg_off_tp1_profile_nsys__MLA时延拆解.csv,0,prefill,1,attn_mha,8192,4.838911,3.984607,kv_b_proj,sm90_fp8_gemm_1d2d_impl,0.532896,532896,2
agg_aic_p0_mid_b8_isl2048_ctx8192,strict_prefix0,/home/ai_lab/ljc/scale-up-sim/aiconfigurator/bench_data/h100_sxm/sglang/v0.5.9/deepseek_v3_mla/agg_csv/20260630_182701_agg_stage2_agg_aic_p0_mid_b8_isl2048_ctx8192_d4_dctx2048_p4_pf2048_pp0_layers6_backend_auto_cg_off_pcg_off_tp1_profile_nsys__MLA时延拆解.csv,0,prefill,1,attn_mha,8192,4.838911,3.984607,kv_b_proj,per_token_group_quant_8bit_kernel,0.011648,11648,2
agg_aic_p0_mid_b8_isl2048_ctx8192,strict_prefix0,/home/ai_lab/ljc/scale-up-sim/aiconfigurator/bench_data/h100_sxm/sglang/v0.5.9/deepseek_v3_mla/agg_csv/20260630_182701_agg_stage2_agg_aic_p0_mid_b8_isl2048_ctx8192_d4_dctx2048_p4_pf2048_pp0_layers6_backend_auto_cg_off_pcg_off_tp1_profile_nsys__MLA时延拆解.csv,0,prefill,1,attn_mha,8192,4.838911,3.984607,attn_mha,device_kernel,1.321824,1321824,2
agg_aic_p0_mid_b8_isl2048_ctx8192,strict_prefix0,/home/ai_lab/ljc/scale-up-sim/aiconfigurator/bench_data/h100_sxm/sglang/v0.5.9/deepseek_v3_mla/agg_csv/20260630_182701_agg_stage2_agg_aic_p0_mid_b8_isl2048_ctx8192_d4_dctx2048_p4_pf2048_pp0_layers6_backend_auto_cg_off_pcg_off_tp1_profile_nsys__MLA时延拆解.csv,0,prefill,1,attn_mha,8192,4.838911,3.984607,attn_mha,prepare_varlen_num_blocks_kernel,0.003136,3136,2
agg_aic_p0_mid_b8_isl2048_ctx8192,strict_prefix0,/home/ai_lab/ljc/scale-up-sim/aiconfigurator/bench_data/h100_sxm/sglang/v0.5.9/deepseek_v3_mla/agg_csv/20260630_182701_agg_stage2_agg_aic_p0_mid_b8_isl2048_ctx8192_d4_dctx2048_p4_pf2048_pp0_layers6_backend_auto_cg_off_pcg_off_tp1_profile_nsys__MLA时延拆解.csv,0,prefill,1,attn_mha,8192,4.838911,3.984607,o_proj,sm90_fp8_gemm_1d2d_impl,1.097279,1097279,2
agg_aic_p0_mid_b8_isl2048_ctx8192,strict_prefix0,/home/ai_lab/ljc/scale-up-sim/aiconfigurator/bench_data/h100_sxm/sglang/v0.5.9/deepseek_v3_mla/agg_csv/20260630_182701_agg_stage2_agg_aic_p0_mid_b8_isl2048_ctx8192_d4_dctx2048_p4_pf2048_pp0_layers6_backend_auto_cg_off_pcg_off_tp1_profile_nsys__MLA时延拆解.csv,0,prefill,1,attn_mha,8192,4.838911,3.984607,o_proj,per_token_group_quant_8bit_kernel,0.15984,159840,2
agg_aic_p0_mid_b8_isl2048_ctx8192,strict_prefix0,/home/ai_lab/ljc/scale-up-sim/aiconfigurator/bench_data/h100_sxm/sglang/v0.5.9/deepseek_v3_mla/agg_csv/20260630_182701_agg_stage2_agg_aic_p0_mid_b8_isl2048_ctx8192_d4_dctx2048_p4_pf2048_pp0_layers6_backend_auto_cg_off_pcg_off_tp1_profile_nsys__MLA时延拆解.csv,1,prefill,1,attn_mha,8192,4.540127,3.999807,fused_qkv_a_proj_with_mqa,sm90_fp8_gemm_1d2d_impl,0.1944,194400,2
agg_aic_p0_mid_b8_isl2048_ctx8192,strict_prefix0,/home/ai_lab/ljc/scale-up-sim/aiconfigurator/bench_data/h100_sxm/sglang/v0.5.9/deepseek_v3_mla/agg_csv/20260630_182701_agg_stage2_agg_aic_p0_mid_b8_isl2048_ctx8192_d4_dctx2048_p4_pf2048_pp0_layers6_backend_auto_cg_off_pcg_off_tp1_profile_nsys__MLA时延拆解.csv,1,prefill,1,attn_mha,8192,4.540127,3.999807,fused_qkv_a_proj_with_mqa,per_token_group_quant_8bit_kernel,0.072736,72736,2
agg_aic_p0_mid_b8_isl2048_ctx8192,strict_prefix0,/home/ai_lab/ljc/scale-up-sim/aiconfigurator/bench_data/h100_sxm/sglang/v0.5.9/deepseek_v3_mla/agg_csv/20260630_182701_agg_stage2_agg_aic_p0_mid_b8_isl2048_ctx8192_d4_dctx2048_p4_pf2048_pp0_layers6_backend_auto_cg_off_pcg_off_tp1_profile_nsys__MLA时延拆解.csv,1,prefill,1,attn_mha,8192,4.540127,3.999807,q_a_layernorm,RMSNormKernel,0.0184,18400,1
agg_aic_p0_mid_b8_isl2048_ctx8192,strict_prefix0,/home/ai_lab/ljc/scale-up-sim/aiconfigurator/bench_data/h100_sxm/sglang/v0.5.9/deepseek_v3_mla/agg_csv/20260630_182701_agg_stage2_agg_aic_p0_mid_b8_isl2048_ctx8192_d4_dctx2048_p4_pf2048_pp0_layers6_backend_auto_cg_off_pcg_off_tp1_profile_nsys__MLA时延拆解.csv,1,prefill,1,attn_mha,8192,4.540127,3.999807,q_b_proj,sm90_fp8_gemm_1d2d_impl,0.429024,429024,2
agg_aic_p0_mid_b8_isl2048_ctx8192,strict_prefix0,/home/ai_lab/ljc/scale-up-sim/aiconfigurator/bench_data/h100_sxm/sglang/v0.5.9/deepseek_v3_mla/agg_csv/20260630_182701_agg_stage2_agg_aic_p0_mid_b8_isl2048_ctx8192_d4_dctx2048_p4_pf2048_pp0_layers6_backend_auto_cg_off_pcg_off_tp1_profile_nsys__MLA时延拆解.csv,1,prefill,1,attn_mha,8192,4.540127,3.999807,q_b_proj,per_token_group_quant_8bit_kernel,0.015936,15936,2
agg_aic_p0_mid_b8_isl2048_ctx8192,strict_prefix0,/home/ai_lab/ljc/scale-up-sim/aiconfigurator/bench_data/h100_sxm/sglang/v0.5.9/deepseek_v3_mla/agg_csv/20260630_182701_agg_stage2_agg_aic_p0_mid_b8_isl2048_ctx8192_d4_dctx2048_p4_pf2048_pp0_layers6_backend_auto_cg_off_pcg_off_tp1_profile_nsys__MLA时延拆解.csv,1,prefill,1,attn_mha,8192,4.540127,3.999807,kv_a_layernorm,RMSNormKernel,0.013152,13152,1
agg_aic_p0_mid_b8_isl2048_ctx8192,strict_prefix0,/home/ai_lab/ljc/scale-up-sim/aiconfigurator/bench_data/h100_sxm/sglang/v0.5.9/deepseek_v3_mla/agg_csv/20260630_182701_agg_stage2_agg_aic_p0_mid_b8_isl2048_ctx8192_d4_dctx2048_p4_pf2048_pp0_layers6_backend_auto_cg_off_pcg_off_tp1_profile_nsys__MLA时延拆解.csv,1,prefill,1,attn_mha,8192,4.540127,3.999807,rotary_emb,BatchQKApplyRotaryPosIdsCosSinCacheHeadParallelismKernel,0.105568,105568,1
agg_aic_p0_mid_b8_isl2048_ctx8192,strict_prefix0,/home/ai_lab/ljc/scale-up-sim/aiconfigurator/bench_data/h100_sxm/sglang/v0.5.9/deepseek_v3_mla/agg_csv/20260630_182701_agg_stage2_agg_aic_p0_mid_b8_isl2048_ctx8192_d4_dctx2048_p4_pf2048_pp0_layers6_backend_auto_cg_off_pcg_off_tp1_profile_nsys__MLA时延拆解.csv,1,prefill,1,attn_mha,8192,4.540127,3.999807,kv_b_proj,sm90_fp8_gemm_1d2d_impl,0.55408,554080,2
agg_aic_p0_mid_b8_isl2048_ctx8192,strict_prefix0,/home/ai_lab/ljc/scale-up-sim/aiconfigurator/bench_data/h100_sxm/sglang/v0.5.9/deepseek_v3_mla/agg_csv/20260630_182701_agg_stage2_agg_aic_p0_mid_b8_isl2048_ctx8192_d4_dctx2048_p4_pf2048_pp0_layers6_backend_auto_cg_off_pcg_off_tp1_profile_nsys__MLA时延拆解.csv,1,prefill,1,attn_mha,8192,4.540127,3.999807,kv_b_proj,per_token_group_quant_8bit_kernel,0.011648,11648,2
agg_aic_p0_mid_b8_isl2048_ctx8192,strict_prefix0,/home/ai_lab/ljc/scale-up-sim/aiconfigurator/bench_data/h100_sxm/sglang/v0.5.9/deepseek_v3_mla/agg_csv/20260630_182701_agg_stage2_agg_aic_p0_mid_b8_isl2048_ctx8192_d4_dctx2048_p4_pf2048_pp0_layers6_backend_auto_cg_off_pcg_off_tp1_profile_nsys__MLA时延拆解.csv,1,prefill,1,attn_mha,8192,4.540127,3.999807,attn_mha,device_kernel,1.324256,1324256,2
agg_aic_p0_mid_b8_isl2048_ctx8192,strict_prefix0,/home/ai_lab/ljc/scale-up-sim/aiconfigurator/bench_data/h100_sxm/sglang/v0.5.9/deepseek_v3_mla/agg_csv/20260630_182701_agg_stage2_agg_aic_p0_mid_b8_isl2048_ctx8192_d4_dctx2048_p4_pf2048_pp0_layers6_backend_auto_cg_off_pcg_off_tp1_profile_nsys__MLA时延拆解.csv,1,prefill,1,attn_mha,8192,4.540127,3.999807,attn_mha,prepare_varlen_num_blocks_kernel,0.003136,3136,2
agg_aic_p0_mid_b8_isl2048_ctx8192,strict_prefix0,/home/ai_lab/ljc/scale-up-sim/aiconfigurator/bench_data/h100_sxm/sglang/v0.5.9/deepseek_v3_mla/agg_csv/20260630_182701_agg_stage2_agg_aic_p0_mid_b8_isl2048_ctx8192_d4_dctx2048_p4_pf2048_pp0_layers6_backend_auto_cg_off_pcg_off_tp1_profile_nsys__MLA时延拆解.csv,1,prefill,1,attn_mha,8192,4.540127,3.999807,o_proj,sm90_fp8_gemm_1d2d_impl,1.097759,1097759,2
agg_aic_p0_mid_b8_isl2048_ctx8192,strict_prefix0,/home/ai_lab/ljc/scale-up-sim/aiconfigurator/bench_data/h100_sxm/sglang/v0.5.9/deepseek_v3_mla/agg_csv/20260630_182701_agg_stage2_agg_aic_p0_mid_b8_isl2048_ctx8192_d4_dctx2048_p4_pf2048_pp0_layers6_backend_auto_cg_off_pcg_off_tp1_profile_nsys__MLA时延拆解.csv,1,prefill,1,attn_mha,8192,4.540127,3.999807,o_proj,per_token_group_quant_8bit_kernel,0.159712,159712,2
agg_aic_p0_mid_b8_isl2048_ctx8192,strict_prefix0,/home/ai_lab/ljc/scale-up-sim/aiconfigurator/bench_data/h100_sxm/sglang/v0.5.9/deepseek_v3_mla/agg_csv/20260630_182701_agg_stage2_agg_aic_p0_mid_b8_isl2048_ctx8192_d4_dctx2048_p4_pf2048_pp0_layers6_backend_auto_cg_off_pcg_off_tp1_profile_nsys__MLA时延拆解.csv,2,prefill,1,attn_mha,8192,4.510207,3.973471,fused_qkv_a_proj_with_mqa,sm90_fp8_gemm_1d2d_impl,0.194848,194848,2
agg_aic_p0_mid_b8_isl2048_ctx8192,strict_prefix0,/home/ai_lab/ljc/scale-up-sim/aiconfigurator/bench_data/h100_sxm/sglang/v0.5.9/deepseek_v3_mla/agg_csv/20260630_182701_agg_stage2_agg_aic_p0_mid_b8_isl2048_ctx8192_d4_dctx2048_p4_pf2048_pp0_layers6_backend_auto_cg_off_pcg_off_tp1_profile_nsys__MLA时延拆解.csv,2,prefill,1,attn_mha,8192,4.510207,3.973471,fused_qkv_a_proj_with_mqa,per_token_group_quant_8bit_kernel,0.073696,73696,2
agg_aic_p0_mid_b8_isl2048_ctx8192,strict_prefix0,/home/ai_lab/ljc/scale-up-sim/aiconfigurator/bench_data/h100_sxm/sglang/v0.5.9/deepseek_v3_mla/agg_csv/20260630_182701_agg_stage2_agg_aic_p0_mid_b8_isl2048_ctx8192_d4_dctx2048_p4_pf2048_pp0_layers6_backend_auto_cg_off_pcg_off_tp1_profile_nsys__MLA时延拆解.csv,2,prefill,1,attn_mha,8192,4.510207,3.973471,q_a_layernorm,RMSNormKernel,0.017856,17856,1
agg_aic_p0_mid_b8_isl2048_ctx8192,strict_prefix0,/home/ai_lab/ljc/scale-up-sim/aiconfigurator/bench_data/h100_sxm/sglang/v0.5.9/deepseek_v3_mla/agg_csv/20260630_182701_agg_stage2_agg_aic_p0_mid_b8_isl2048_ctx8192_d4_dctx2048_p4_pf2048_pp0_layers6_backend_auto_cg_off_pcg_off_tp1_profile_nsys__MLA时延拆解.csv,2,prefill,1,attn_mha,8192,4.510207,3.973471,q_b_proj,sm90_fp8_gemm_1d2d_impl,0.4232,423200,2
agg_aic_p0_mid_b8_isl2048_ctx8192,strict_prefix0,/home/ai_lab/ljc/scale-up-sim/aiconfigurator/bench_data/h100_sxm/sglang/v0.5.9/deepseek_v3_mla/agg_csv/20260630_182701_agg_stage2_agg_aic_p0_mid_b8_isl2048_ctx8192_d4_dctx2048_p4_pf2048_pp0_layers6_backend_auto_cg_off_pcg_off_tp1_profile_nsys__MLA时延拆解.csv,2,prefill,1,attn_mha,8192,4.510207,3.973471,q_b_proj,per_token_group_quant_8bit_kernel,0.016,16000,2
agg_aic_p0_mid_b8_isl2048_ctx8192,strict_prefix0,/home/ai_lab/ljc/scale-up-sim/aiconfigurator/bench_data/h100_sxm/sglang/v0.5.9/deepseek_v3_mla/agg_csv/20260630_182701_agg_stage2_agg_aic_p0_mid_b8_isl2048_ctx8192_d4_dctx2048_p4_pf2048_pp0_layers6_backend_auto_cg_off_pcg_off_tp1_profile_nsys__MLA时延拆解.csv,2,prefill,1,attn_mha,8192,4.510207,3.973471,kv_a_layernorm,RMSNormKernel,0.013856,13856,1
agg_aic_p0_mid_b8_isl2048_ctx8192,strict_prefix0,/home/ai_lab/ljc/scale-up-sim/aiconfigurator/bench_data/h100_sxm/sglang/v0.5.9/deepseek_v3_mla/agg_csv/20260630_182701_agg_stage2_agg_aic_p0_mid_b8_isl2048_ctx8192_d4_dctx2048_p4_pf2048_pp0_layers6_backend_auto_cg_off_pcg_off_tp1_profile_nsys__MLA时延拆解.csv,2,prefill,1,attn_mha,8192,4.510207,3.973471,rotary_emb,BatchQKApplyRotaryPosIdsCosSinCacheHeadParallelismKernel,0.105472,105472,1
agg_aic_p0_mid_b8_isl2048_ctx8192,strict_prefix0,/home/ai_lab/ljc/scale-up-sim/aiconfigurator/bench_data/h100_sxm/sglang/v0.5.9/deepseek_v3_mla/agg_csv/20260630_182701_agg_stage2_agg_aic_p0_mid_b8_isl2048_ctx8192_d4_dctx2048_p4_pf2048_pp0_layers6_backend_auto_cg_off_pcg_off_tp1_profile_nsys__MLA时延拆解.csv,2,prefill,1,attn_mha,8192,4.510207,3.973471,kv_b_proj,sm90_fp8_gemm_1d2d_impl,0.530112,530112,2
agg_aic_p0_mid_b8_isl2048_ctx8192,strict_prefix0,/home/ai_lab/ljc/scale-up-sim/aiconfigurator/bench_data/h100_sxm/sglang/v0.5.9/deepseek_v3_mla/agg_csv/20260630_182701_agg_stage2_agg_aic_p0_mid_b8_isl2048_ctx8192_d4_dctx2048_p4_pf2048_pp0_layers6_backend_auto_cg_off_pcg_off_tp1_profile_nsys__MLA时延拆解.csv,2,prefill,1,attn_mha,8192,4.510207,3.973471,kv_b_proj,per_token_group_quant_8bit_kernel,0.011552,11552,2
agg_aic_p0_mid_b8_isl2048_ctx8192,strict_prefix0,/home/ai_lab/ljc/scale-up-sim/aiconfigurator/bench_data/h100_sxm/sglang/v0.5.9/deepseek_v3_mla/agg_csv/20260630_182701_agg_stage2_agg_aic_p0_mid_b8_isl2048_ctx8192_d4_dctx2048_p4_pf2048_pp0_layers6_backend_auto_cg_off_pcg_off_tp1_profile_nsys__MLA时延拆解.csv,2,prefill,1,attn_mha,8192,4.510207,3.973471,attn_mha,device_kernel,1.32464,1324640,2
agg_aic_p0_mid_b8_isl2048_ctx8192,strict_prefix0,/home/ai_lab/ljc/scale-up-sim/aiconfigurator/bench_data/h100_sxm/sglang/v0.5.9/deepseek_v3_mla/agg_csv/20260630_182701_agg_stage2_agg_aic_p0_mid_b8_isl2048_ctx8192_d4_dctx2048_p4_pf2048_pp0_layers6_backend_auto_cg_off_pcg_off_tp1_profile_nsys__MLA时延拆解.csv,2,prefill,1,attn_mha,8192,4.510207,3.973471,attn_mha,prepare_varlen_num_blocks_kernel,0.003136,3136,2
agg_aic_p0_mid_b8_isl2048_ctx8192,strict_prefix0,/home/ai_lab/ljc/scale-up-sim/aiconfigurator/bench_data/h100_sxm/sglang/v0.5.9/deepseek_v3_mla/agg_csv/20260630_182701_agg_stage2_agg_aic_p0_mid_b8_isl2048_ctx8192_d4_dctx2048_p4_pf2048_pp0_layers6_backend_auto_cg_off_pcg_off_tp1_profile_nsys__MLA时延拆解.csv,2,prefill,1,attn_mha,8192,4.510207,3.973471,o_proj,sm90_fp8_gemm_1d2d_impl,1.099423,1099423,2
agg_aic_p0_mid_b8_isl2048_ctx8192,strict_prefix0,/home/ai_lab/ljc/scale-up-sim/aiconfigurator/bench_data/h100_sxm/sglang/v0.5.9/deepseek_v3_mla/agg_csv/20260630_182701_agg_stage2_agg_aic_p0_mid_b8_isl2048_ctx8192_d4_dctx2048_p4_pf2048_pp0_layers6_backend_auto_cg_off_pcg_off_tp1_profile_nsys__MLA时延拆解.csv,2,prefill,1,attn_mha,8192,4.510207,3.973471,o_proj,per_token_group_quant_8bit_kernel,0.15968,159680,2
agg_aic_p0_mid_b8_isl2048_ctx8192,strict_prefix0,/home/ai_lab/ljc/scale-up-sim/aiconfigurator/bench_data/h100_sxm/sglang/v0.5.9/deepseek_v3_mla/agg_csv/20260630_182701_agg_stage2_agg_aic_p0_mid_b8_isl2048_ctx8192_d4_dctx2048_p4_pf2048_pp0_layers6_backend_auto_cg_off_pcg_off_tp1_profile_nsys__MLA时延拆解.csv,3,prefill,1,attn_mha,8192,4.554272,4.017056,fused_qkv_a_proj_with_mqa,sm90_fp8_gemm_1d2d_impl,0.194048,194048,2
agg_aic_p0_mid_b8_isl2048_ctx8192,strict_prefix0,/home/ai_lab/ljc/scale-up-sim/aiconfigurator/bench_data/h100_sxm/sglang/v0.5.9/deepseek_v3_mla/agg_csv/20260630_182701_agg_stage2_agg_aic_p0_mid_b8_isl2048_ctx8192_d4_dctx2048_p4_pf2048_pp0_layers6_backend_auto_cg_off_pcg_off_tp1_profile_nsys__MLA时延拆解.csv,3,prefill,1,attn_mha,8192,4.554272,4.017056,fused_qkv_a_proj_with_mqa,per_token_group_quant_8bit_kernel,0.073728,73728,2
agg_aic_p0_mid_b8_isl2048_ctx8192,strict_prefix0,/home/ai_lab/ljc/scale-up-sim/aiconfigurator/bench_data/h100_sxm/sglang/v0.5.9/deepseek_v3_mla/agg_csv/20260630_182701_agg_stage2_agg_aic_p0_mid_b8_isl2048_ctx8192_d4_dctx2048_p4_pf2048_pp0_layers6_backend_auto_cg_off_pcg_off_tp1_profile_nsys__MLA时延拆解.csv,3,prefill,1,attn_mha,8192,4.554272,4.017056,q_a_layernorm,RMSNormKernel,0.0176,17600,1
agg_aic_p0_mid_b8_isl2048_ctx8192,strict_prefix0,/home/ai_lab/ljc/scale-up-sim/aiconfigurator/bench_data/h100_sxm/sglang/v0.5.9/deepseek_v3_mla/agg_csv/20260630_182701_agg_stage2_agg_aic_p0_mid_b8_isl2048_ctx8192_d4_dctx2048_p4_pf2048_pp0_layers6_backend_auto_cg_off_pcg_off_tp1_profile_nsys__MLA时延拆解.csv,3,prefill,1,attn_mha,8192,4.554272,4.017056,q_b_proj,sm90_fp8_gemm_1d2d_impl,0.422624,422624,2
agg_aic_p0_mid_b8_isl2048_ctx8192,strict_prefix0,/home/ai_lab/ljc/scale-up-sim/aiconfigurator/bench_data/h100_sxm/sglang/v0.5.9/deepseek_v3_mla/agg_csv/20260630_182701_agg_stage2_agg_aic_p0_mid_b8_isl2048_ctx8192_d4_dctx2048_p4_pf2048_pp0_layers6_backend_auto_cg_off_pcg_off_tp1_profile_nsys__MLA时延拆解.csv,3,prefill,1,attn_mha,8192,4.554272,4.017056,q_b_proj,per_token_group_quant_8bit_kernel,0.015872,15872,2
agg_aic_p0_mid_b8_isl2048_ctx8192,strict_prefix0,/home/ai_lab/ljc/scale-up-sim/aiconfigurator/bench_data/h100_sxm/sglang/v0.5.9/deepseek_v3_mla/agg_csv/20260630_182701_agg_stage2_agg_aic_p0_mid_b8_isl2048_ctx8192_d4_dctx2048_p4_pf2048_pp0_layers6_backend_auto_cg_off_pcg_off_tp1_profile_nsys__MLA时延拆解.csv,3,prefill,1,attn_mha,8192,4.554272,4.017056,kv_a_layernorm,RMSNormKernel,0.01312,13120,1
agg_aic_p0_mid_b8_isl2048_ctx8192,strict_prefix0,/home/ai_lab/ljc/scale-up-sim/aiconfigurator/bench_data/h100_sxm/sglang/v0.5.9/deepseek_v3_mla/agg_csv/20260630_182701_agg_stage2_agg_aic_p0_mid_b8_isl2048_ctx8192_d4_dctx2048_p4_pf2048_pp0_layers6_backend_auto_cg_off_pcg_off_tp1_profile_nsys__MLA时延拆解.csv,3,prefill,1,attn_mha,8192,4.554272,4.017056,rotary_emb,BatchQKApplyRotaryPosIdsCosSinCacheHeadParallelismKernel,0.105728,105728,1
agg_aic_p0_mid_b8_isl2048_ctx8192,strict_prefix0,/home/ai_lab/ljc/scale-up-sim/aiconfigurator/bench_data/h100_sxm/sglang/v0.5.9/deepseek_v3_mla/agg_csv/20260630_182701_agg_stage2_agg_aic_p0_mid_b8_isl2048_ctx8192_d4_dctx2048_p4_pf2048_pp0_layers6_backend_auto_cg_off_pcg_off_tp1_profile_nsys__MLA时延拆解.csv,3,prefill,1,attn_mha,8192,4.554272,4.017056,kv_b_proj,sm90_fp8_gemm_1d2d_impl,0.58,580000,2
agg_aic_p0_mid_b8_isl2048_ctx8192,strict_prefix0,/home/ai_lab/ljc/scale-up-sim/aiconfigurator/bench_data/h100_sxm/sglang/v0.5.9/deepseek_v3_mla/agg_csv/20260630_182701_agg_stage2_agg_aic_p0_mid_b8_isl2048_ctx8192_d4_dctx2048_p4_pf2048_pp0_layers6_backend_auto_cg_off_pcg_off_tp1_profile_nsys__MLA时延拆解.csv,3,prefill,1,attn_mha,8192,4.554272,4.017056,kv_b_proj,per_token_group_quant_8bit_kernel,0.011648,11648,2
agg_aic_p0_mid_b8_isl2048_ctx8192,strict_prefix0,/home/ai_lab/ljc/scale-up-sim/aiconfigurator/bench_data/h100_sxm/sglang/v0.5.9/deepseek_v3_mla/agg_csv/20260630_182701_agg_stage2_agg_aic_p0_mid_b8_isl2048_ctx8192_d4_dctx2048_p4_pf2048_pp0_layers6_backend_auto_cg_off_pcg_off_tp1_profile_nsys__MLA时延拆解.csv,3,prefill,1,attn_mha,8192,4.554272,4.017056,attn_mha,device_kernel,1.323008,1323008,2
agg_aic_p0_mid_b8_isl2048_ctx8192,strict_prefix0,/home/ai_lab/ljc/scale-up-sim/aiconfigurator/bench_data/h100_sxm/sglang/v0.5.9/deepseek_v3_mla/agg_csv/20260630_182701_agg_stage2_agg_aic_p0_mid_b8_isl2048_ctx8192_d4_dctx2048_p4_pf2048_pp0_layers6_backend_auto_cg_off_pcg_off_tp1_profile_nsys__MLA时延拆解.csv,3,prefill,1,attn_mha,8192,4.554272,4.017056,attn_mha,prepare_varlen_num_blocks_kernel,0.0032,3200,2
agg_aic_p0_mid_b8_isl2048_ctx8192,strict_prefix0,/home/ai_lab/ljc/scale-up-sim/aiconfigurator/bench_data/h100_sxm/sglang/v0.5.9/deepseek_v3_mla/agg_csv/20260630_182701_agg_stage2_agg_aic_p0_mid_b8_isl2048_ctx8192_d4_dctx2048_p4_pf2048_pp0_layers6_backend_auto_cg_off_pcg_off_tp1_profile_nsys__MLA时延拆解.csv,3,prefill,1,attn_mha,8192,4.554272,4.017056,o_proj,sm90_fp8_gemm_1d2d_impl,1.0976,1097600,2
agg_aic_p0_mid_b8_isl2048_ctx8192,strict_prefix0,/home/ai_lab/ljc/scale-up-sim/aiconfigurator/bench_data/h100_sxm/sglang/v0.5.9/deepseek_v3_mla/agg_csv/20260630_182701_agg_stage2_agg_aic_p0_mid_b8_isl2048_ctx8192_d4_dctx2048_p4_pf2048_pp0_layers6_backend_auto_cg_off_pcg_off_tp1_profile_nsys__MLA时延拆解.csv,3,prefill,1,attn_mha,8192,4.554272,4.017056,o_proj,per_token_group_quant_8bit_kernel,0.15888,158880,2
agg_aic_p0_mid_b8_isl2048_ctx8192,strict_prefix0,/home/ai_lab/ljc/scale-up-sim/aiconfigurator/bench_data/h100_sxm/sglang/v0.5.9/deepseek_v3_mla/agg_csv/20260630_182701_agg_stage2_agg_aic_p0_mid_b8_isl2048_ctx8192_d4_dctx2048_p4_pf2048_pp0_layers6_backend_auto_cg_off_pcg_off_tp1_profile_nsys__MLA时延拆解.csv,4,prefill,1,attn_mha,8192,4.506975,3.968383,fused_qkv_a_proj_with_mqa,sm90_fp8_gemm_1d2d_impl,0.195392,195392,2
agg_aic_p0_mid_b8_isl2048_ctx8192,strict_prefix0,/home/ai_lab/ljc/scale-up-sim/aiconfigurator/bench_data/h100_sxm/sglang/v0.5.9/deepseek_v3_mla/agg_csv/20260630_182701_agg_stage2_agg_aic_p0_mid_b8_isl2048_ctx8192_d4_dctx2048_p4_pf2048_pp0_layers6_backend_auto_cg_off_pcg_off_tp1_profile_nsys__MLA时延拆解.csv,4,prefill,1,attn_mha,8192,4.506975,3.968383,fused_qkv_a_proj_with_mqa,per_token_group_quant_8bit_kernel,0.072576,72576,2
agg_aic_p0_mid_b8_isl2048_ctx8192,strict_prefix0,/home/ai_lab/ljc/scale-up-sim/aiconfigurator/bench_data/h100_sxm/sglang/v0.5.9/deepseek_v3_mla/agg_csv/20260630_182701_agg_stage2_agg_aic_p0_mid_b8_isl2048_ctx8192_d4_dctx2048_p4_pf2048_pp0_layers6_backend_auto_cg_off_pcg_off_tp1_profile_nsys__MLA时延拆解.csv,4,prefill,1,attn_mha,8192,4.506975,3.968383,q_a_layernorm,RMSNormKernel,0.018144,18144,1
agg_aic_p0_mid_b8_isl2048_ctx8192,strict_prefix0,/home/ai_lab/ljc/scale-up-sim/aiconfigurator/bench_data/h100_sxm/sglang/v0.5.9/deepseek_v3_mla/agg_csv/20260630_182701_agg_stage2_agg_aic_p0_mid_b8_isl2048_ctx8192_d4_dctx2048_p4_pf2048_pp0_layers6_backend_auto_cg_off_pcg_off_tp1_profile_nsys__MLA时延拆解.csv,4,prefill,1,attn_mha,8192,4.506975,3.968383,q_b_proj,sm90_fp8_gemm_1d2d_impl,0.423392,423392,2
agg_aic_p0_mid_b8_isl2048_ctx8192,strict_prefix0,/home/ai_lab/ljc/scale-up-sim/aiconfigurator/bench_data/h100_sxm/sglang/v0.5.9/deepseek_v3_mla/agg_csv/20260630_182701_agg_stage2_agg_aic_p0_mid_b8_isl2048_ctx8192_d4_dctx2048_p4_pf2048_pp0_layers6_backend_auto_cg_off_pcg_off_tp1_profile_nsys__MLA时延拆解.csv,4,prefill,1,attn_mha,8192,4.506975,3.968383,q_b_proj,per_token_group_quant_8bit_kernel,0.015808,15808,2
agg_aic_p0_mid_b8_isl2048_ctx8192,strict_prefix0,/home/ai_lab/ljc/scale-up-sim/aiconfigurator/bench_data/h100_sxm/sglang/v0.5.9/deepseek_v3_mla/agg_csv/20260630_182701_agg_stage2_agg_aic_p0_mid_b8_isl2048_ctx8192_d4_dctx2048_p4_pf2048_pp0_layers6_backend_auto_cg_off_pcg_off_tp1_profile_nsys__MLA时延拆解.csv,4,prefill,1,attn_mha,8192,4.506975,3.968383,kv_a_layernorm,RMSNormKernel,0.012928,12928,1
agg_aic_p0_mid_b8_isl2048_ctx8192,strict_prefix0,/home/ai_lab/ljc/scale-up-sim/aiconfigurator/bench_data/h100_sxm/sglang/v0.5.9/deepseek_v3_mla/agg_csv/20260630_182701_agg_stage2_agg_aic_p0_mid_b8_isl2048_ctx8192_d4_dctx2048_p4_pf2048_pp0_layers6_backend_auto_cg_off_pcg_off_tp1_profile_nsys__MLA时延拆解.csv,4,prefill,1,attn_mha,8192,4.506975,3.968383,rotary_emb,BatchQKApplyRotaryPosIdsCosSinCacheHeadParallelismKernel,0.105344,105344,1
agg_aic_p0_mid_b8_isl2048_ctx8192,strict_prefix0,/home/ai_lab/ljc/scale-up-sim/aiconfigurator/bench_data/h100_sxm/sglang/v0.5.9/deepseek_v3_mla/agg_csv/20260630_182701_agg_stage2_agg_aic_p0_mid_b8_isl2048_ctx8192_d4_dctx2048_p4_pf2048_pp0_layers6_backend_auto_cg_off_pcg_off_tp1_profile_nsys__MLA时延拆解.csv,4,prefill,1,attn_mha,8192,4.506975,3.968383,kv_b_proj,sm90_fp8_gemm_1d2d_impl,0.528896,528896,2
agg_aic_p0_mid_b8_isl2048_ctx8192,strict_prefix0,/home/ai_lab/ljc/scale-up-sim/aiconfigurator/bench_data/h100_sxm/sglang/v0.5.9/deepseek_v3_mla/agg_csv/20260630_182701_agg_stage2_agg_aic_p0_mid_b8_isl2048_ctx8192_d4_dctx2048_p4_pf2048_pp0_layers6_backend_auto_cg_off_pcg_off_tp1_profile_nsys__MLA时延拆解.csv,4,prefill,1,attn_mha,8192,4.506975,3.968383,kv_b_proj,per_token_group_quant_8bit_kernel,0.011648,11648,2
agg_aic_p0_mid_b8_isl2048_ctx8192,strict_prefix0,/home/ai_lab/ljc/scale-up-sim/aiconfigurator/bench_data/h100_sxm/sglang/v0.5.9/deepseek_v3_mla/agg_csv/20260630_182701_agg_stage2_agg_aic_p0_mid_b8_isl2048_ctx8192_d4_dctx2048_p4_pf2048_pp0_layers6_backend_auto_cg_off_pcg_off_tp1_profile_nsys__MLA时延拆解.csv,4,prefill,1,attn_mha,8192,4.506975,3.968383,attn_mha,device_kernel,1.323936,1323936,2
agg_aic_p0_mid_b8_isl2048_ctx8192,strict_prefix0,/home/ai_lab/ljc/scale-up-sim/aiconfigurator/bench_data/h100_sxm/sglang/v0.5.9/deepseek_v3_mla/agg_csv/20260630_182701_agg_stage2_agg_aic_p0_mid_b8_isl2048_ctx8192_d4_dctx2048_p4_pf2048_pp0_layers6_backend_auto_cg_off_pcg_off_tp1_profile_nsys__MLA时延拆解.csv,4,prefill,1,attn_mha,8192,4.506975,3.968383,attn_mha,prepare_varlen_num_blocks_kernel,0.003136,3136,2
agg_aic_p0_mid_b8_isl2048_ctx8192,strict_prefix0,/home/ai_lab/ljc/scale-up-sim/aiconfigurator/bench_data/h100_sxm/sglang/v0.5.9/deepseek_v3_mla/agg_csv/20260630_182701_agg_stage2_agg_aic_p0_mid_b8_isl2048_ctx8192_d4_dctx2048_p4_pf2048_pp0_layers6_backend_auto_cg_off_pcg_off_tp1_profile_nsys__MLA时延拆解.csv,4,prefill,1,attn_mha,8192,4.506975,3.968383,o_proj,sm90_fp8_gemm_1d2d_impl,1.097151,1097151,2
agg_aic_p0_mid_b8_isl2048_ctx8192,strict_prefix0,/home/ai_lab/ljc/scale-up-sim/aiconfigurator/bench_data/h100_sxm/sglang/v0.5.9/deepseek_v3_mla/agg_csv/20260630_182701_agg_stage2_agg_aic_p0_mid_b8_isl2048_ctx8192_d4_dctx2048_p4_pf2048_pp0_layers6_backend_auto_cg_off_pcg_off_tp1_profile_nsys__MLA时延拆解.csv,4,prefill,1,attn_mha,8192,4.506975,3.968383,o_proj,per_token_group_quant_8bit_kernel,0.160032,160032,2
agg_aic_p0_mid_b8_isl2048_ctx8192,strict_prefix0,/home/ai_lab/ljc/scale-up-sim/aiconfigurator/bench_data/h100_sxm/sglang/v0.5.9/deepseek_v3_mla/agg_csv/20260630_182701_agg_stage2_agg_aic_p0_mid_b8_isl2048_ctx8192_d4_dctx2048_p4_pf2048_pp0_layers6_backend_auto_cg_off_pcg_off_tp1_profile_nsys__MLA时延拆解.csv,5,prefill,1,attn_mha,8192,4.554303,4.016383,fused_qkv_a_proj_with_mqa,sm90_fp8_gemm_1d2d_impl,0.197792,197792,2
agg_aic_p0_mid_b8_isl2048_ctx8192,strict_prefix0,/home/ai_lab/ljc/scale-up-sim/aiconfigurator/bench_data/h100_sxm/sglang/v0.5.9/deepseek_v3_mla/agg_csv/20260630_182701_agg_stage2_agg_aic_p0_mid_b8_isl2048_ctx8192_d4_dctx2048_p4_pf2048_pp0_layers6_backend_auto_cg_off_pcg_off_tp1_profile_nsys__MLA时延拆解.csv,5,prefill,1,attn_mha,8192,4.554303,4.016383,fused_qkv_a_proj_with_mqa,per_token_group_quant_8bit_kernel,0.074464,74464,2
agg_aic_p0_mid_b8_isl2048_ctx8192,strict_prefix0,/home/ai_lab/ljc/scale-up-sim/aiconfigurator/bench_data/h100_sxm/sglang/v0.5.9/deepseek_v3_mla/agg_csv/20260630_182701_agg_stage2_agg_aic_p0_mid_b8_isl2048_ctx8192_d4_dctx2048_p4_pf2048_pp0_layers6_backend_auto_cg_off_pcg_off_tp1_profile_nsys__MLA时延拆解.csv,5,prefill,1,attn_mha,8192,4.554303,4.016383,q_a_layernorm,RMSNormKernel,0.017696,17696,1
agg_aic_p0_mid_b8_isl2048_ctx8192,strict_prefix0,/home/ai_lab/ljc/scale-up-sim/aiconfigurator/bench_data/h100_sxm/sglang/v0.5.9/deepseek_v3_mla/agg_csv/20260630_182701_agg_stage2_agg_aic_p0_mid_b8_isl2048_ctx8192_d4_dctx2048_p4_pf2048_pp0_layers6_backend_auto_cg_off_pcg_off_tp1_profile_nsys__MLA时延拆解.csv,5,prefill,1,attn_mha,8192,4.554303,4.016383,q_b_proj,sm90_fp8_gemm_1d2d_impl,0.434304,434304,2
agg_aic_p0_mid_b8_isl2048_ctx8192,strict_prefix0,/home/ai_lab/ljc/scale-up-sim/aiconfigurator/bench_data/h100_sxm/sglang/v0.5.9/deepseek_v3_mla/agg_csv/20260630_182701_agg_stage2_agg_aic_p0_mid_b8_isl2048_ctx8192_d4_dctx2048_p4_pf2048_pp0_layers6_backend_auto_cg_off_pcg_off_tp1_profile_nsys__MLA时延拆解.csv,5,prefill,1,attn_mha,8192,4.554303,4.016383,q_b_proj,per_token_group_quant_8bit_kernel,0.016224,16224,2
agg_aic_p0_mid_b8_isl2048_ctx8192,strict_prefix0,/home/ai_lab/ljc/scale-up-sim/aiconfigurator/bench_data/h100_sxm/sglang/v0.5.9/deepseek_v3_mla/agg_csv/20260630_182701_agg_stage2_agg_aic_p0_mid_b8_isl2048_ctx8192_d4_dctx2048_p4_pf2048_pp0_layers6_backend_auto_cg_off_pcg_off_tp1_profile_nsys__MLA时延拆解.csv,5,prefill,1,attn_mha,8192,4.554303,4.016383,kv_a_layernorm,RMSNormKernel,0.0128,12800,1
agg_aic_p0_mid_b8_isl2048_ctx8192,strict_prefix0,/home/ai_lab/ljc/scale-up-sim/aiconfigurator/bench_data/h100_sxm/sglang/v0.5.9/deepseek_v3_mla/agg_csv/20260630_182701_agg_stage2_agg_aic_p0_mid_b8_isl2048_ctx8192_d4_dctx2048_p4_pf2048_pp0_layers6_backend_auto_cg_off_pcg_off_tp1_profile_nsys__MLA时延拆解.csv,5,prefill,1,attn_mha,8192,4.554303,4.016383,rotary_emb,BatchQKApplyRotaryPosIdsCosSinCacheHeadParallelismKernel,0.105568,105568,1
agg_aic_p0_mid_b8_isl2048_ctx8192,strict_prefix0,/home/ai_lab/ljc/scale-up-sim/aiconfigurator/bench_data/h100_sxm/sglang/v0.5.9/deepseek_v3_mla/agg_csv/20260630_182701_agg_stage2_agg_aic_p0_mid_b8_isl2048_ctx8192_d4_dctx2048_p4_pf2048_pp0_layers6_backend_auto_cg_off_pcg_off_tp1_profile_nsys__MLA时延拆解.csv,5,prefill,1,attn_mha,8192,4.554303,4.016383,kv_b_proj,sm90_fp8_gemm_1d2d_impl,0.543648,543648,2
agg_aic_p0_mid_b8_isl2048_ctx8192,strict_prefix0,/home/ai_lab/ljc/scale-up-sim/aiconfigurator/bench_data/h100_sxm/sglang/v0.5.9/deepseek_v3_mla/agg_csv/20260630_182701_agg_stage2_agg_aic_p0_mid_b8_isl2048_ctx8192_d4_dctx2048_p4_pf2048_pp0_layers6_backend_auto_cg_off_pcg_off_tp1_profile_nsys__MLA时延拆解.csv,5,prefill,1,attn_mha,8192,4.554303,4.016383,kv_b_proj,per_token_group_quant_8bit_kernel,0.01168,11680,2
agg_aic_p0_mid_b8_isl2048_ctx8192,strict_prefix0,/home/ai_lab/ljc/scale-up-sim/aiconfigurator/bench_data/h100_sxm/sglang/v0.5.9/deepseek_v3_mla/agg_csv/20260630_182701_agg_stage2_agg_aic_p0_mid_b8_isl2048_ctx8192_d4_dctx2048_p4_pf2048_pp0_layers6_backend_auto_cg_off_pcg_off_tp1_profile_nsys__MLA时延拆解.csv,5,prefill,1,attn_mha,8192,4.554303,4.016383,attn_mha,device_kernel,1.325088,1325088,2
agg_aic_p0_mid_b8_isl2048_ctx8192,strict_prefix0,/home/ai_lab/ljc/scale-up-sim/aiconfigurator/bench_data/h100_sxm/sglang/v0.5.9/deepseek_v3_mla/agg_csv/20260630_182701_agg_stage2_agg_aic_p0_mid_b8_isl2048_ctx8192_d4_dctx2048_p4_pf2048_pp0_layers6_backend_auto_cg_off_pcg_off_tp1_profile_nsys__MLA时延拆解.csv,5,prefill,1,attn_mha,8192,4.554303,4.016383,attn_mha,prepare_varlen_num_blocks_kernel,0.003168,3168,2
agg_aic_p0_mid_b8_isl2048_ctx8192,strict_prefix0,/home/ai_lab/ljc/scale-up-sim/aiconfigurator/bench_data/h100_sxm/sglang/v0.5.9/deepseek_v3_mla/agg_csv/20260630_182701_agg_stage2_agg_aic_p0_mid_b8_isl2048_ctx8192_d4_dctx2048_p4_pf2048_pp0_layers6_backend_auto_cg_off_pcg_off_tp1_profile_nsys__MLA时延拆解.csv,5,prefill,1,attn_mha,8192,4.554303,4.016383,o_proj,sm90_fp8_gemm_1d2d_impl,1.113408,1113408,2
agg_aic_p0_mid_b8_isl2048_ctx8192,strict_prefix0,/home/ai_lab/ljc/scale-up-sim/aiconfigurator/bench_data/h100_sxm/sglang/v0.5.9/deepseek_v3_mla/agg_csv/20260630_182701_agg_stage2_agg_aic_p0_mid_b8_isl2048_ctx8192_d4_dctx2048_p4_pf2048_pp0_layers6_backend_auto_cg_off_pcg_off_tp1_profile_nsys__MLA时延拆解.csv,5,prefill,1,attn_mha,8192,4.554303,4.016383,o_proj,per_token_group_quant_8bit_kernel,0.160543,160543,2
agg_aic_p0_decode_heavy_b17_isl2048_ctx2048,strict_prefix0,/home/ai_lab/ljc/scale-up-sim/aiconfigurator/bench_data/h100_sxm/sglang/v0.5.9/deepseek_v3_mla/agg_csv/20260630_183013_agg_stage2_agg_aic_p0_decode_heavy_b17_isl2048_ctx2048_d16_dctx2048_p1_pf2048_pp0_layers6_backend_auto_cg_off_pcg_off_tp1_profile_nsys__MLA时延拆解.csv,0,prefill,1,attn_mha,2064,5.419,3.073948,fused_qkv_a_proj_with_mqa,sm90_fp8_gemm_1d2d_impl,0.060096,60096,2
agg_aic_p0_decode_heavy_b17_isl2048_ctx2048,strict_prefix0,/home/ai_lab/ljc/scale-up-sim/aiconfigurator/bench_data/h100_sxm/sglang/v0.5.9/deepseek_v3_mla/agg_csv/20260630_183013_agg_stage2_agg_aic_p0_decode_heavy_b17_isl2048_ctx2048_d16_dctx2048_p1_pf2048_pp0_layers6_backend_auto_cg_off_pcg_off_tp1_profile_nsys__MLA时延拆解.csv,0,prefill,1,attn_mha,2064,5.419,3.073948,fused_qkv_a_proj_with_mqa,per_token_group_quant_8bit_kernel,0.02016,20160,2
agg_aic_p0_decode_heavy_b17_isl2048_ctx2048,strict_prefix0,/home/ai_lab/ljc/scale-up-sim/aiconfigurator/bench_data/h100_sxm/sglang/v0.5.9/deepseek_v3_mla/agg_csv/20260630_183013_agg_stage2_agg_aic_p0_decode_heavy_b17_isl2048_ctx2048_d16_dctx2048_p1_pf2048_pp0_layers6_backend_auto_cg_off_pcg_off_tp1_profile_nsys__MLA时延拆解.csv,0,prefill,1,attn_mha,2064,5.419,3.073948,q_a_layernorm,RMSNormKernel,0.005152,5152,1
agg_aic_p0_decode_heavy_b17_isl2048_ctx2048,strict_prefix0,/home/ai_lab/ljc/scale-up-sim/aiconfigurator/bench_data/h100_sxm/sglang/v0.5.9/deepseek_v3_mla/agg_csv/20260630_183013_agg_stage2_agg_aic_p0_decode_heavy_b17_isl2048_ctx2048_d16_dctx2048_p1_pf2048_pp0_layers6_backend_auto_cg_off_pcg_off_tp1_profile_nsys__MLA时延拆解.csv,0,prefill,1,attn_mha,2064,5.419,3.073948,q_b_proj,sm90_fp8_gemm_1d2d_impl,0.130816,130816,2
agg_aic_p0_decode_heavy_b17_isl2048_ctx2048,strict_prefix0,/home/ai_lab/ljc/scale-up-sim/aiconfigurator/bench_data/h100_sxm/sglang/v0.5.9/deepseek_v3_mla/agg_csv/20260630_183013_agg_stage2_agg_aic_p0_decode_heavy_b17_isl2048_ctx2048_d16_dctx2048_p1_pf2048_pp0_layers6_backend_auto_cg_off_pcg_off_tp1_profile_nsys__MLA时延拆解.csv,0,prefill,1,attn_mha,2064,5.419,3.073948,q_b_proj,per_token_group_quant_8bit_kernel,0.004896,4896,2
agg_aic_p0_decode_heavy_b17_isl2048_ctx2048,strict_prefix0,/home/ai_lab/ljc/scale-up-sim/aiconfigurator/bench_data/h100_sxm/sglang/v0.5.9/deepseek_v3_mla/agg_csv/20260630_183013_agg_stage2_agg_aic_p0_decode_heavy_b17_isl2048_ctx2048_d16_dctx2048_p1_pf2048_pp0_layers6_backend_auto_cg_off_pcg_off_tp1_profile_nsys__MLA时延拆解.csv,0,prefill,1,attn_mha,2064,5.419,3.073948,kv_a_layernorm,RMSNormKernel,0.004896,4896,1
agg_aic_p0_decode_heavy_b17_isl2048_ctx2048,strict_prefix0,/home/ai_lab/ljc/scale-up-sim/aiconfigurator/bench_data/h100_sxm/sglang/v0.5.9/deepseek_v3_mla/agg_csv/20260630_183013_agg_stage2_agg_aic_p0_decode_heavy_b17_isl2048_ctx2048_d16_dctx2048_p1_pf2048_pp0_layers6_backend_auto_cg_off_pcg_off_tp1_profile_nsys__MLA时延拆解.csv,0,prefill,1,attn_mha,2064,5.419,3.073948,rotary_emb,BatchQKApplyRotaryPosIdsCosSinCacheHeadParallelismKernel,0.02688,26880,1
agg_aic_p0_decode_heavy_b17_isl2048_ctx2048,strict_prefix0,/home/ai_lab/ljc/scale-up-sim/aiconfigurator/bench_data/h100_sxm/sglang/v0.5.9/deepseek_v3_mla/agg_csv/20260630_183013_agg_stage2_agg_aic_p0_decode_heavy_b17_isl2048_ctx2048_d16_dctx2048_p1_pf2048_pp0_layers6_backend_auto_cg_off_pcg_off_tp1_profile_nsys__MLA时延拆解.csv,0,prefill,1,attn_mha,2064,5.419,3.073948,kv_b_proj,sm90_fp8_gemm_1d2d_impl,1.229054,1229054,2
agg_aic_p0_decode_heavy_b17_isl2048_ctx2048,strict_prefix0,/home/ai_lab/ljc/scale-up-sim/aiconfigurator/bench_data/h100_sxm/sglang/v0.5.9/deepseek_v3_mla/agg_csv/20260630_183013_agg_stage2_agg_aic_p0_decode_heavy_b17_isl2048_ctx2048_d16_dctx2048_p1_pf2048_pp0_layers6_backend_auto_cg_off_pcg_off_tp1_profile_nsys__MLA时延拆解.csv,0,prefill,1,attn_mha,2064,5.419,3.073948,kv_b_proj,per_token_group_quant_8bit_kernel,0.023584,23584,2
agg_aic_p0_decode_heavy_b17_isl2048_ctx2048,strict_prefix0,/home/ai_lab/ljc/scale-up-sim/aiconfigurator/bench_data/h100_sxm/sglang/v0.5.9/deepseek_v3_mla/agg_csv/20260630_183013_agg_stage2_agg_aic_p0_decode_heavy_b17_isl2048_ctx2048_d16_dctx2048_p1_pf2048_pp0_layers6_backend_auto_cg_off_pcg_off_tp1_profile_nsys__MLA时延拆解.csv,0,prefill,1,attn_mha,2064,5.419,3.073948,attn_mha,device_kernel,1.190175,1190175,2
agg_aic_p0_decode_heavy_b17_isl2048_ctx2048,strict_prefix0,/home/ai_lab/ljc/scale-up-sim/aiconfigurator/bench_data/h100_sxm/sglang/v0.5.9/deepseek_v3_mla/agg_csv/20260630_183013_agg_stage2_agg_aic_p0_decode_heavy_b17_isl2048_ctx2048_d16_dctx2048_p1_pf2048_pp0_layers6_backend_auto_cg_off_pcg_off_tp1_profile_nsys__MLA时延拆解.csv,0,prefill,1,attn_mha,2064,5.419,3.073948,attn_mha,prepare_varlen_num_blocks_kernel,0.003488,3488,2
agg_aic_p0_decode_heavy_b17_isl2048_ctx2048,strict_prefix0,/home/ai_lab/ljc/scale-up-sim/aiconfigurator/bench_data/h100_sxm/sglang/v0.5.9/deepseek_v3_mla/agg_csv/20260630_183013_agg_stage2_agg_aic_p0_decode_heavy_b17_isl2048_ctx2048_d16_dctx2048_p1_pf2048_pp0_layers6_backend_auto_cg_off_pcg_off_tp1_profile_nsys__MLA时延拆解.csv,0,prefill,1,attn_mha,2064,5.419,3.073948,o_proj,sm90_fp8_gemm_1d2d_impl,0.333439,333439,2
agg_aic_p0_decode_heavy_b17_isl2048_ctx2048,strict_prefix0,/home/ai_lab/ljc/scale-up-sim/aiconfigurator/bench_data/h100_sxm/sglang/v0.5.9/deepseek_v3_mla/agg_csv/20260630_183013_agg_stage2_agg_aic_p0_decode_heavy_b17_isl2048_ctx2048_d16_dctx2048_p1_pf2048_pp0_layers6_backend_auto_cg_off_pcg_off_tp1_profile_nsys__MLA时延拆解.csv,0,prefill,1,attn_mha,2064,5.419,3.073948,o_proj,per_token_group_quant_8bit_kernel,0.041312,41312,2
agg_aic_p0_decode_heavy_b17_isl2048_ctx2048,strict_prefix0,/home/ai_lab/ljc/scale-up-sim/aiconfigurator/bench_data/h100_sxm/sglang/v0.5.9/deepseek_v3_mla/agg_csv/20260630_183013_agg_stage2_agg_aic_p0_decode_heavy_b17_isl2048_ctx2048_d16_dctx2048_p1_pf2048_pp0_layers6_backend_auto_cg_off_pcg_off_tp1_profile_nsys__MLA时延拆解.csv,1,prefill,1,attn_mha,2064,4.19769,3.124156,fused_qkv_a_proj_with_mqa,sm90_fp8_gemm_1d2d_impl,0.060352,60352,2
agg_aic_p0_decode_heavy_b17_isl2048_ctx2048,strict_prefix0,/home/ai_lab/ljc/scale-up-sim/aiconfigurator/bench_data/h100_sxm/sglang/v0.5.9/deepseek_v3_mla/agg_csv/20260630_183013_agg_stage2_agg_aic_p0_decode_heavy_b17_isl2048_ctx2048_d16_dctx2048_p1_pf2048_pp0_layers6_backend_auto_cg_off_pcg_off_tp1_profile_nsys__MLA时延拆解.csv,1,prefill,1,attn_mha,2064,4.19769,3.124156,fused_qkv_a_proj_with_mqa,per_token_group_quant_8bit_kernel,0.020928,20928,2
agg_aic_p0_decode_heavy_b17_isl2048_ctx2048,strict_prefix0,/home/ai_lab/ljc/scale-up-sim/aiconfigurator/bench_data/h100_sxm/sglang/v0.5.9/deepseek_v3_mla/agg_csv/20260630_183013_agg_stage2_agg_aic_p0_decode_heavy_b17_isl2048_ctx2048_d16_dctx2048_p1_pf2048_pp0_layers6_backend_auto_cg_off_pcg_off_tp1_profile_nsys__MLA时延拆解.csv,1,prefill,1,attn_mha,2064,4.19769,3.124156,q_a_layernorm,RMSNormKernel,0.005696,5696,1
agg_aic_p0_decode_heavy_b17_isl2048_ctx2048,strict_prefix0,/home/ai_lab/ljc/scale-up-sim/aiconfigurator/bench_data/h100_sxm/sglang/v0.5.9/deepseek_v3_mla/agg_csv/20260630_183013_agg_stage2_agg_aic_p0_decode_heavy_b17_isl2048_ctx2048_d16_dctx2048_p1_pf2048_pp0_layers6_backend_auto_cg_off_pcg_off_tp1_profile_nsys__MLA时延拆解.csv,1,prefill,1,attn_mha,2064,4.19769,3.124156,q_b_proj,sm90_fp8_gemm_1d2d_impl,0.126592,126592,2
agg_aic_p0_decode_heavy_b17_isl2048_ctx2048,strict_prefix0,/home/ai_lab/ljc/scale-up-sim/aiconfigurator/bench_data/h100_sxm/sglang/v0.5.9/deepseek_v3_mla/agg_csv/20260630_183013_agg_stage2_agg_aic_p0_decode_heavy_b17_isl2048_ctx2048_d16_dctx2048_p1_pf2048_pp0_layers6_backend_auto_cg_off_pcg_off_tp1_profile_nsys__MLA时延拆解.csv,1,prefill,1,attn_mha,2064,4.19769,3.124156,q_b_proj,per_token_group_quant_8bit_kernel,0.004992,4992,2
agg_aic_p0_decode_heavy_b17_isl2048_ctx2048,strict_prefix0,/home/ai_lab/ljc/scale-up-sim/aiconfigurator/bench_data/h100_sxm/sglang/v0.5.9/deepseek_v3_mla/agg_csv/20260630_183013_agg_stage2_agg_aic_p0_decode_heavy_b17_isl2048_ctx2048_d16_dctx2048_p1_pf2048_pp0_layers6_backend_auto_cg_off_pcg_off_tp1_profile_nsys__MLA时延拆解.csv,1,prefill,1,attn_mha,2064,4.19769,3.124156,kv_a_layernorm,RMSNormKernel,0.005184,5184,1
agg_aic_p0_decode_heavy_b17_isl2048_ctx2048,strict_prefix0,/home/ai_lab/ljc/scale-up-sim/aiconfigurator/bench_data/h100_sxm/sglang/v0.5.9/deepseek_v3_mla/agg_csv/20260630_183013_agg_stage2_agg_aic_p0_decode_heavy_b17_isl2048_ctx2048_d16_dctx2048_p1_pf2048_pp0_layers6_backend_auto_cg_off_pcg_off_tp1_profile_nsys__MLA时延拆解.csv,1,prefill,1,attn_mha,2064,4.19769,3.124156,rotary_emb,BatchQKApplyRotaryPosIdsCosSinCacheHeadParallelismKernel,0.026528,26528,1
agg_aic_p0_decode_heavy_b17_isl2048_ctx2048,strict_prefix0,/home/ai_lab/ljc/scale-up-sim/aiconfigurator/bench_data/h100_sxm/sglang/v0.5.9/deepseek_v3_mla/agg_csv/20260630_183013_agg_stage2_agg_aic_p0_decode_heavy_b17_isl2048_ctx2048_d16_dctx2048_p1_pf2048_pp0_layers6_backend_auto_cg_off_pcg_off_tp1_profile_nsys__MLA时延拆解.csv,1,prefill,1,attn_mha,2064,4.19769,3.124156,kv_b_proj,sm90_fp8_gemm_1d2d_impl,1.270719,1270719,2
agg_aic_p0_decode_heavy_b17_isl2048_ctx2048,strict_prefix0,/home/ai_lab/ljc/scale-up-sim/aiconfigurator/bench_data/h100_sxm/sglang/v0.5.9/deepseek_v3_mla/agg_csv/20260630_183013_agg_stage2_agg_aic_p0_decode_heavy_b17_isl2048_ctx2048_d16_dctx2048_p1_pf2048_pp0_layers6_backend_auto_cg_off_pcg_off_tp1_profile_nsys__MLA时延拆解.csv,1,prefill,1,attn_mha,2064,4.19769,3.124156,kv_b_proj,per_token_group_quant_8bit_kernel,0.024255,24255,2
agg_aic_p0_decode_heavy_b17_isl2048_ctx2048,strict_prefix0,/home/ai_lab/ljc/scale-up-sim/aiconfigurator/bench_data/h100_sxm/sglang/v0.5.9/deepseek_v3_mla/agg_csv/20260630_183013_agg_stage2_agg_aic_p0_decode_heavy_b17_isl2048_ctx2048_d16_dctx2048_p1_pf2048_pp0_layers6_backend_auto_cg_off_pcg_off_tp1_profile_nsys__MLA时延拆解.csv,1,prefill,1,attn_mha,2064,4.19769,3.124156,attn_mha,device_kernel,1.18867,1188670,2
agg_aic_p0_decode_heavy_b17_isl2048_ctx2048,strict_prefix0,/home/ai_lab/ljc/scale-up-sim/aiconfigurator/bench_data/h100_sxm/sglang/v0.5.9/deepseek_v3_mla/agg_csv/20260630_183013_agg_stage2_agg_aic_p0_decode_heavy_b17_isl2048_ctx2048_d16_dctx2048_p1_pf2048_pp0_layers6_backend_auto_cg_off_pcg_off_tp1_profile_nsys__MLA时延拆解.csv,1,prefill,1,attn_mha,2064,4.19769,3.124156,attn_mha,prepare_varlen_num_blocks_kernel,0.003488,3488,2
agg_aic_p0_decode_heavy_b17_isl2048_ctx2048,strict_prefix0,/home/ai_lab/ljc/scale-up-sim/aiconfigurator/bench_data/h100_sxm/sglang/v0.5.9/deepseek_v3_mla/agg_csv/20260630_183013_agg_stage2_agg_aic_p0_decode_heavy_b17_isl2048_ctx2048_d16_dctx2048_p1_pf2048_pp0_layers6_backend_auto_cg_off_pcg_off_tp1_profile_nsys__MLA时延拆解.csv,1,prefill,1,attn_mha,2064,4.19769,3.124156,o_proj,sm90_fp8_gemm_1d2d_impl,0.345152,345152,2
agg_aic_p0_decode_heavy_b17_isl2048_ctx2048,strict_prefix0,/home/ai_lab/ljc/scale-up-sim/aiconfigurator/bench_data/h100_sxm/sglang/v0.5.9/deepseek_v3_mla/agg_csv/20260630_183013_agg_stage2_agg_aic_p0_decode_heavy_b17_isl2048_ctx2048_d16_dctx2048_p1_pf2048_pp0_layers6_backend_auto_cg_off_pcg_off_tp1_profile_nsys__MLA时延拆解.csv,1,prefill,1,attn_mha,2064,4.19769,3.124156,o_proj,per_token_group_quant_8bit_kernel,0.0416,41600,2
agg_aic_p0_decode_heavy_b17_isl2048_ctx2048,strict_prefix0,/home/ai_lab/ljc/scale-up-sim/aiconfigurator/bench_data/h100_sxm/sglang/v0.5.9/deepseek_v3_mla/agg_csv/20260630_183013_agg_stage2_agg_aic_p0_decode_heavy_b17_isl2048_ctx2048_d16_dctx2048_p1_pf2048_pp0_layers6_backend_auto_cg_off_pcg_off_tp1_profile_nsys__MLA时延拆解.csv,2,prefill,1,attn_mha,2064,4.21817,3.146876,fused_qkv_a_proj_with_mqa,sm90_fp8_gemm_1d2d_impl,0.060288,60288,2
agg_aic_p0_decode_heavy_b17_isl2048_ctx2048,strict_prefix0,/home/ai_lab/ljc/scale-up-sim/aiconfigurator/bench_data/h100_sxm/sglang/v0.5.9/deepseek_v3_mla/agg_csv/20260630_183013_agg_stage2_agg_aic_p0_decode_heavy_b17_isl2048_ctx2048_d16_dctx2048_p1_pf2048_pp0_layers6_backend_auto_cg_off_pcg_off_tp1_profile_nsys__MLA时延拆解.csv,2,prefill,1,attn_mha,2064,4.21817,3.146876,fused_qkv_a_proj_with_mqa,per_token_group_quant_8bit_kernel,0.02048,20480,2
agg_aic_p0_decode_heavy_b17_isl2048_ctx2048,strict_prefix0,/home/ai_lab/ljc/scale-up-sim/aiconfigurator/bench_data/h100_sxm/sglang/v0.5.9/deepseek_v3_mla/agg_csv/20260630_183013_agg_stage2_agg_aic_p0_decode_heavy_b17_isl2048_ctx2048_d16_dctx2048_p1_pf2048_pp0_layers6_backend_auto_cg_off_pcg_off_tp1_profile_nsys__MLA时延拆解.csv,2,prefill,1,attn_mha,2064,4.21817,3.146876,q_a_layernorm,RMSNormKernel,0.006048,6048,1
agg_aic_p0_decode_heavy_b17_isl2048_ctx2048,strict_prefix0,/home/ai_lab/ljc/scale-up-sim/aiconfigurator/bench_data/h100_sxm/sglang/v0.5.9/deepseek_v3_mla/agg_csv/20260630_183013_agg_stage2_agg_aic_p0_decode_heavy_b17_isl2048_ctx2048_d16_dctx2048_p1_pf2048_pp0_layers6_backend_auto_cg_off_pcg_off_tp1_profile_nsys__MLA时延拆解.csv,2,prefill,1,attn_mha,2064,4.21817,3.146876,q_b_proj,sm90_fp8_gemm_1d2d_impl,0.125728,125728,2
agg_aic_p0_decode_heavy_b17_isl2048_ctx2048,strict_prefix0,/home/ai_lab/ljc/scale-up-sim/aiconfigurator/bench_data/h100_sxm/sglang/v0.5.9/deepseek_v3_mla/agg_csv/20260630_183013_agg_stage2_agg_aic_p0_decode_heavy_b17_isl2048_ctx2048_d16_dctx2048_p1_pf2048_pp0_layers6_backend_auto_cg_off_pcg_off_tp1_profile_nsys__MLA时延拆解.csv,2,prefill,1,attn_mha,2064,4.21817,3.146876,q_b_proj,per_token_group_quant_8bit_kernel,0.004864,4864,2
agg_aic_p0_decode_heavy_b17_isl2048_ctx2048,strict_prefix0,/home/ai_lab/ljc/scale-up-sim/aiconfigurator/bench_data/h100_sxm/sglang/v0.5.9/deepseek_v3_mla/agg_csv/20260630_183013_agg_stage2_agg_aic_p0_decode_heavy_b17_isl2048_ctx2048_d16_dctx2048_p1_pf2048_pp0_layers6_backend_auto_cg_off_pcg_off_tp1_profile_nsys__MLA时延拆解.csv,2,prefill,1,attn_mha,2064,4.21817,3.146876,kv_a_layernorm,RMSNormKernel,0.00512,5120,1
agg_aic_p0_decode_heavy_b17_isl2048_ctx2048,strict_prefix0,/home/ai_lab/ljc/scale-up-sim/aiconfigurator/bench_data/h100_sxm/sglang/v0.5.9/deepseek_v3_mla/agg_csv/20260630_183013_agg_stage2_agg_aic_p0_decode_heavy_b17_isl2048_ctx2048_d16_dctx2048_p1_pf2048_pp0_layers6_backend_auto_cg_off_pcg_off_tp1_profile_nsys__MLA时延拆解.csv,2,prefill,1,attn_mha,2064,4.21817,3.146876,rotary_emb,BatchQKApplyRotaryPosIdsCosSinCacheHeadParallelismKernel,0.026304,26304,1
agg_aic_p0_decode_heavy_b17_isl2048_ctx2048,strict_prefix0,/home/ai_lab/ljc/scale-up-sim/aiconfigurator/bench_data/h100_sxm/sglang/v0.5.9/deepseek_v3_mla/agg_csv/20260630_183013_agg_stage2_agg_aic_p0_decode_heavy_b17_isl2048_ctx2048_d16_dctx2048_p1_pf2048_pp0_layers6_backend_auto_cg_off_pcg_off_tp1_profile_nsys__MLA时延拆解.csv,2,prefill,1,attn_mha,2064,4.21817,3.146876,kv_b_proj,sm90_fp8_gemm_1d2d_impl,1.297598,1297598,2
agg_aic_p0_decode_heavy_b17_isl2048_ctx2048,strict_prefix0,/home/ai_lab/ljc/scale-up-sim/aiconfigurator/bench_data/h100_sxm/sglang/v0.5.9/deepseek_v3_mla/agg_csv/20260630_183013_agg_stage2_agg_aic_p0_decode_heavy_b17_isl2048_ctx2048_d16_dctx2048_p1_pf2048_pp0_layers6_backend_auto_cg_off_pcg_off_tp1_profile_nsys__MLA时延拆解.csv,2,prefill,1,attn_mha,2064,4.21817,3.146876,kv_b_proj,per_token_group_quant_8bit_kernel,0.023456,23456,2
agg_aic_p0_decode_heavy_b17_isl2048_ctx2048,strict_prefix0,/home/ai_lab/ljc/scale-up-sim/aiconfigurator/bench_data/h100_sxm/sglang/v0.5.9/deepseek_v3_mla/agg_csv/20260630_183013_agg_stage2_agg_aic_p0_decode_heavy_b17_isl2048_ctx2048_d16_dctx2048_p1_pf2048_pp0_layers6_backend_auto_cg_off_pcg_off_tp1_profile_nsys__MLA时延拆解.csv,2,prefill,1,attn_mha,2064,4.21817,3.146876,attn_mha,device_kernel,1.191583,1191583,2
agg_aic_p0_decode_heavy_b17_isl2048_ctx2048,strict_prefix0,/home/ai_lab/ljc/scale-up-sim/aiconfigurator/bench_data/h100_sxm/sglang/v0.5.9/deepseek_v3_mla/agg_csv/20260630_183013_agg_stage2_agg_aic_p0_decode_heavy_b17_isl2048_ctx2048_d16_dctx2048_p1_pf2048_pp0_layers6_backend_auto_cg_off_pcg_off_tp1_profile_nsys__MLA时延拆解.csv,2,prefill,1,attn_mha,2064,4.21817,3.146876,attn_mha,prepare_varlen_num_blocks_kernel,0.003584,3584,2
agg_aic_p0_decode_heavy_b17_isl2048_ctx2048,strict_prefix0,/home/ai_lab/ljc/scale-up-sim/aiconfigurator/bench_data/h100_sxm/sglang/v0.5.9/deepseek_v3_mla/agg_csv/20260630_183013_agg_stage2_agg_aic_p0_decode_heavy_b17_isl2048_ctx2048_d16_dctx2048_p1_pf2048_pp0_layers6_backend_auto_cg_off_pcg_off_tp1_profile_nsys__MLA时延拆解.csv,2,prefill,1,attn_mha,2064,4.21817,3.146876,o_proj,sm90_fp8_gemm_1d2d_impl,0.340735,340735,2
agg_aic_p0_decode_heavy_b17_isl2048_ctx2048,strict_prefix0,/home/ai_lab/ljc/scale-up-sim/aiconfigurator/bench_data/h100_sxm/sglang/v0.5.9/deepseek_v3_mla/agg_csv/20260630_183013_agg_stage2_agg_aic_p0_decode_heavy_b17_isl2048_ctx2048_d16_dctx2048_p1_pf2048_pp0_layers6_backend_auto_cg_off_pcg_off_tp1_profile_nsys__MLA时延拆解.csv,2,prefill,1,attn_mha,2064,4.21817,3.146876,o_proj,per_token_group_quant_8bit_kernel,0.041088,41088,2
agg_aic_p0_decode_heavy_b17_isl2048_ctx2048,strict_prefix0,/home/ai_lab/ljc/scale-up-sim/aiconfigurator/bench_data/h100_sxm/sglang/v0.5.9/deepseek_v3_mla/agg_csv/20260630_183013_agg_stage2_agg_aic_p0_decode_heavy_b17_isl2048_ctx2048_d16_dctx2048_p1_pf2048_pp0_layers6_backend_auto_cg_off_pcg_off_tp1_profile_nsys__MLA时延拆解.csv,3,prefill,1,attn_mha,2064,4.065082,2.992796,fused_qkv_a_proj_with_mqa,sm90_fp8_gemm_1d2d_impl,0.059264,59264,2
agg_aic_p0_decode_heavy_b17_isl2048_ctx2048,strict_prefix0,/home/ai_lab/ljc/scale-up-sim/aiconfigurator/bench_data/h100_sxm/sglang/v0.5.9/deepseek_v3_mla/agg_csv/20260630_183013_agg_stage2_agg_aic_p0_decode_heavy_b17_isl2048_ctx2048_d16_dctx2048_p1_pf2048_pp0_layers6_backend_auto_cg_off_pcg_off_tp1_profile_nsys__MLA时延拆解.csv,3,prefill,1,attn_mha,2064,4.065082,2.992796,fused_qkv_a_proj_with_mqa,per_token_group_quant_8bit_kernel,0.01984,19840,2
agg_aic_p0_decode_heavy_b17_isl2048_ctx2048,strict_prefix0,/home/ai_lab/ljc/scale-up-sim/aiconfigurator/bench_data/h100_sxm/sglang/v0.5.9/deepseek_v3_mla/agg_csv/20260630_183013_agg_stage2_agg_aic_p0_decode_heavy_b17_isl2048_ctx2048_d16_dctx2048_p1_pf2048_pp0_layers6_backend_auto_cg_off_pcg_off_tp1_profile_nsys__MLA时延拆解.csv,3,prefill,1,attn_mha,2064,4.065082,2.992796,q_a_layernorm,RMSNormKernel,0.005472,5472,1
agg_aic_p0_decode_heavy_b17_isl2048_ctx2048,strict_prefix0,/home/ai_lab/ljc/scale-up-sim/aiconfigurator/bench_data/h100_sxm/sglang/v0.5.9/deepseek_v3_mla/agg_csv/20260630_183013_agg_stage2_agg_aic_p0_decode_heavy_b17_isl2048_ctx2048_d16_dctx2048_p1_pf2048_pp0_layers6_backend_auto_cg_off_pcg_off_tp1_profile_nsys__MLA时延拆解.csv,3,prefill,1,attn_mha,2064,4.065082,2.992796,q_b_proj,sm90_fp8_gemm_1d2d_impl,0.126176,126176,2
agg_aic_p0_decode_heavy_b17_isl2048_ctx2048,strict_prefix0,/home/ai_lab/ljc/scale-up-sim/aiconfigurator/bench_data/h100_sxm/sglang/v0.5.9/deepseek_v3_mla/agg_csv/20260630_183013_agg_stage2_agg_aic_p0_decode_heavy_b17_isl2048_ctx2048_d16_dctx2048_p1_pf2048_pp0_layers6_backend_auto_cg_off_pcg_off_tp1_profile_nsys__MLA时延拆解.csv,3,prefill,1,attn_mha,2064,4.065082,2.992796,q_b_proj,per_token_group_quant_8bit_kernel,0.004864,4864,2
agg_aic_p0_decode_heavy_b17_isl2048_ctx2048,strict_prefix0,/home/ai_lab/ljc/scale-up-sim/aiconfigurator/bench_data/h100_sxm/sglang/v0.5.9/deepseek_v3_mla/agg_csv/20260630_183013_agg_stage2_agg_aic_p0_decode_heavy_b17_isl2048_ctx2048_d16_dctx2048_p1_pf2048_pp0_layers6_backend_auto_cg_off_pcg_off_tp1_profile_nsys__MLA时延拆解.csv,3,prefill,1,attn_mha,2064,4.065082,2.992796,kv_a_layernorm,RMSNormKernel,0.005312,5312,1
agg_aic_p0_decode_heavy_b17_isl2048_ctx2048,strict_prefix0,/home/ai_lab/ljc/scale-up-sim/aiconfigurator/bench_data/h100_sxm/sglang/v0.5.9/deepseek_v3_mla/agg_csv/20260630_183013_agg_stage2_agg_aic_p0_decode_heavy_b17_isl2048_ctx2048_d16_dctx2048_p1_pf2048_pp0_layers6_backend_auto_cg_off_pcg_off_tp1_profile_nsys__MLA时延拆解.csv,3,prefill,1,attn_mha,2064,4.065082,2.992796,rotary_emb,BatchQKApplyRotaryPosIdsCosSinCacheHeadParallelismKernel,0.026336,26336,1
agg_aic_p0_decode_heavy_b17_isl2048_ctx2048,strict_prefix0,/home/ai_lab/ljc/scale-up-sim/aiconfigurator/bench_data/h100_sxm/sglang/v0.5.9/deepseek_v3_mla/agg_csv/20260630_183013_agg_stage2_agg_aic_p0_decode_heavy_b17_isl2048_ctx2048_d16_dctx2048_p1_pf2048_pp0_layers6_backend_auto_cg_off_pcg_off_tp1_profile_nsys__MLA时延拆解.csv,3,prefill,1,attn_mha,2064,4.065082,2.992796,kv_b_proj,sm90_fp8_gemm_1d2d_impl,1.156798,1156798,2
agg_aic_p0_decode_heavy_b17_isl2048_ctx2048,strict_prefix0,/home/ai_lab/ljc/scale-up-sim/aiconfigurator/bench_data/h100_sxm/sglang/v0.5.9/deepseek_v3_mla/agg_csv/20260630_183013_agg_stage2_agg_aic_p0_decode_heavy_b17_isl2048_ctx2048_d16_dctx2048_p1_pf2048_pp0_layers6_backend_auto_cg_off_pcg_off_tp1_profile_nsys__MLA时延拆解.csv,3,prefill,1,attn_mha,2064,4.065082,2.992796,kv_b_proj,per_token_group_quant_8bit_kernel,0.023552,23552,2
agg_aic_p0_decode_heavy_b17_isl2048_ctx2048,strict_prefix0,/home/ai_lab/ljc/scale-up-sim/aiconfigurator/bench_data/h100_sxm/sglang/v0.5.9/deepseek_v3_mla/agg_csv/20260630_183013_agg_stage2_agg_aic_p0_decode_heavy_b17_isl2048_ctx2048_d16_dctx2048_p1_pf2048_pp0_layers6_backend_auto_cg_off_pcg_off_tp1_profile_nsys__MLA时延拆解.csv,3,prefill,1,attn_mha,2064,4.065082,2.992796,attn_mha,device_kernel,1.18723,1187230,2
agg_aic_p0_decode_heavy_b17_isl2048_ctx2048,strict_prefix0,/home/ai_lab/ljc/scale-up-sim/aiconfigurator/bench_data/h100_sxm/sglang/v0.5.9/deepseek_v3_mla/agg_csv/20260630_183013_agg_stage2_agg_aic_p0_decode_heavy_b17_isl2048_ctx2048_d16_dctx2048_p1_pf2048_pp0_layers6_backend_auto_cg_off_pcg_off_tp1_profile_nsys__MLA时延拆解.csv,3,prefill,1,attn_mha,2064,4.065082,2.992796,attn_mha,prepare_varlen_num_blocks_kernel,0.003584,3584,2
agg_aic_p0_decode_heavy_b17_isl2048_ctx2048,strict_prefix0,/home/ai_lab/ljc/scale-up-sim/aiconfigurator/bench_data/h100_sxm/sglang/v0.5.9/deepseek_v3_mla/agg_csv/20260630_183013_agg_stage2_agg_aic_p0_decode_heavy_b17_isl2048_ctx2048_d16_dctx2048_p1_pf2048_pp0_layers6_backend_auto_cg_off_pcg_off_tp1_profile_nsys__MLA时延拆解.csv,3,prefill,1,attn_mha,2064,4.065082,2.992796,o_proj,sm90_fp8_gemm_1d2d_impl,0.332832,332832,2
agg_aic_p0_decode_heavy_b17_isl2048_ctx2048,strict_prefix0,/home/ai_lab/ljc/scale-up-sim/aiconfigurator/bench_data/h100_sxm/sglang/v0.5.9/deepseek_v3_mla/agg_csv/20260630_183013_agg_stage2_agg_aic_p0_decode_heavy_b17_isl2048_ctx2048_d16_dctx2048_p1_pf2048_pp0_layers6_backend_auto_cg_off_pcg_off_tp1_profile_nsys__MLA时延拆解.csv,3,prefill,1,attn_mha,2064,4.065082,2.992796,o_proj,per_token_group_quant_8bit_kernel,0.041536,41536,2
agg_aic_p0_decode_heavy_b17_isl2048_ctx2048,strict_prefix0,/home/ai_lab/ljc/scale-up-sim/aiconfigurator/bench_data/h100_sxm/sglang/v0.5.9/deepseek_v3_mla/agg_csv/20260630_183013_agg_stage2_agg_aic_p0_decode_heavy_b17_isl2048_ctx2048_d16_dctx2048_p1_pf2048_pp0_layers6_backend_auto_cg_off_pcg_off_tp1_profile_nsys__MLA时延拆解.csv,4,prefill,1,attn_mha,2064,4.088281,3.015098,fused_qkv_a_proj_with_mqa,sm90_fp8_gemm_1d2d_impl,0.05904,59040,2
agg_aic_p0_decode_heavy_b17_isl2048_ctx2048,strict_prefix0,/home/ai_lab/ljc/scale-up-sim/aiconfigurator/bench_data/h100_sxm/sglang/v0.5.9/deepseek_v3_mla/agg_csv/20260630_183013_agg_stage2_agg_aic_p0_decode_heavy_b17_isl2048_ctx2048_d16_dctx2048_p1_pf2048_pp0_layers6_backend_auto_cg_off_pcg_off_tp1_profile_nsys__MLA时延拆解.csv,4,prefill,1,attn_mha,2064,4.088281,3.015098,fused_qkv_a_proj_with_mqa,per_token_group_quant_8bit_kernel,0.02032,20320,2
agg_aic_p0_decode_heavy_b17_isl2048_ctx2048,strict_prefix0,/home/ai_lab/ljc/scale-up-sim/aiconfigurator/bench_data/h100_sxm/sglang/v0.5.9/deepseek_v3_mla/agg_csv/20260630_183013_agg_stage2_agg_aic_p0_decode_heavy_b17_isl2048_ctx2048_d16_dctx2048_p1_pf2048_pp0_layers6_backend_auto_cg_off_pcg_off_tp1_profile_nsys__MLA时延拆解.csv,4,prefill,1,attn_mha,2064,4.088281,3.015098,q_a_layernorm,RMSNormKernel,0.005344,5344,1
agg_aic_p0_decode_heavy_b17_isl2048_ctx2048,strict_prefix0,/home/ai_lab/ljc/scale-up-sim/aiconfigurator/bench_data/h100_sxm/sglang/v0.5.9/deepseek_v3_mla/agg_csv/20260630_183013_agg_stage2_agg_aic_p0_decode_heavy_b17_isl2048_ctx2048_d16_dctx2048_p1_pf2048_pp0_layers6_backend_auto_cg_off_pcg_off_tp1_profile_nsys__MLA时延拆解.csv,4,prefill,1,attn_mha,2064,4.088281,3.015098,q_b_proj,sm90_fp8_gemm_1d2d_impl,0.126047,126047,2
agg_aic_p0_decode_heavy_b17_isl2048_ctx2048,strict_prefix0,/home/ai_lab/ljc/scale-up-sim/aiconfigurator/bench_data/h100_sxm/sglang/v0.5.9/deepseek_v3_mla/agg_csv/20260630_183013_agg_stage2_agg_aic_p0_decode_heavy_b17_isl2048_ctx2048_d16_dctx2048_p1_pf2048_pp0_layers6_backend_auto_cg_off_pcg_off_tp1_profile_nsys__MLA时延拆解.csv,4,prefill,1,attn_mha,2064,4.088281,3.015098,q_b_proj,per_token_group_quant_8bit_kernel,0.004992,4992,2
agg_aic_p0_decode_heavy_b17_isl2048_ctx2048,strict_prefix0,/home/ai_lab/ljc/scale-up-sim/aiconfigurator/bench_data/h100_sxm/sglang/v0.5.9/deepseek_v3_mla/agg_csv/20260630_183013_agg_stage2_agg_aic_p0_decode_heavy_b17_isl2048_ctx2048_d16_dctx2048_p1_pf2048_pp0_layers6_backend_auto_cg_off_pcg_off_tp1_profile_nsys__MLA时延拆解.csv,4,prefill,1,attn_mha,2064,4.088281,3.015098,kv_a_layernorm,RMSNormKernel,0.005408,5408,1
agg_aic_p0_decode_heavy_b17_isl2048_ctx2048,strict_prefix0,/home/ai_lab/ljc/scale-up-sim/aiconfigurator/bench_data/h100_sxm/sglang/v0.5.9/deepseek_v3_mla/agg_csv/20260630_183013_agg_stage2_agg_aic_p0_decode_heavy_b17_isl2048_ctx2048_d16_dctx2048_p1_pf2048_pp0_layers6_backend_auto_cg_off_pcg_off_tp1_profile_nsys__MLA时延拆解.csv,4,prefill,1,attn_mha,2064,4.088281,3.015098,rotary_emb,BatchQKApplyRotaryPosIdsCosSinCacheHeadParallelismKernel,0.026432,26432,1
agg_aic_p0_decode_heavy_b17_isl2048_ctx2048,strict_prefix0,/home/ai_lab/ljc/scale-up-sim/aiconfigurator/bench_data/h100_sxm/sglang/v0.5.9/deepseek_v3_mla/agg_csv/20260630_183013_agg_stage2_agg_aic_p0_decode_heavy_b17_isl2048_ctx2048_d16_dctx2048_p1_pf2048_pp0_layers6_backend_auto_cg_off_pcg_off_tp1_profile_nsys__MLA时延拆解.csv,4,prefill,1,attn_mha,2064,4.088281,3.015098,kv_b_proj,sm90_fp8_gemm_1d2d_impl,1.183742,1183742,2
agg_aic_p0_decode_heavy_b17_isl2048_ctx2048,strict_prefix0,/home/ai_lab/ljc/scale-up-sim/aiconfigurator/bench_data/h100_sxm/sglang/v0.5.9/deepseek_v3_mla/agg_csv/20260630_183013_agg_stage2_agg_aic_p0_decode_heavy_b17_isl2048_ctx2048_d16_dctx2048_p1_pf2048_pp0_layers6_backend_auto_cg_off_pcg_off_tp1_profile_nsys__MLA时延拆解.csv,4,prefill,1,attn_mha,2064,4.088281,3.015098,kv_b_proj,per_token_group_quant_8bit_kernel,0.023552,23552,2
agg_aic_p0_decode_heavy_b17_isl2048_ctx2048,strict_prefix0,/home/ai_lab/ljc/scale-up-sim/aiconfigurator/bench_data/h100_sxm/sglang/v0.5.9/deepseek_v3_mla/agg_csv/20260630_183013_agg_stage2_agg_aic_p0_decode_heavy_b17_isl2048_ctx2048_d16_dctx2048_p1_pf2048_pp0_layers6_backend_auto_cg_off_pcg_off_tp1_profile_nsys__MLA时延拆解.csv,4,prefill,1,attn_mha,2064,4.088281,3.015098,attn_mha,device_kernel,1.18675,1186750,2
agg_aic_p0_decode_heavy_b17_isl2048_ctx2048,strict_prefix0,/home/ai_lab/ljc/scale-up-sim/aiconfigurator/bench_data/h100_sxm/sglang/v0.5.9/deepseek_v3_mla/agg_csv/20260630_183013_agg_stage2_agg_aic_p0_decode_heavy_b17_isl2048_ctx2048_d16_dctx2048_p1_pf2048_pp0_layers6_backend_auto_cg_off_pcg_off_tp1_profile_nsys__MLA时延拆解.csv,4,prefill,1,attn_mha,2064,4.088281,3.015098,attn_mha,prepare_varlen_num_blocks_kernel,0.003392,3392,2
agg_aic_p0_decode_heavy_b17_isl2048_ctx2048,strict_prefix0,/home/ai_lab/ljc/scale-up-sim/aiconfigurator/bench_data/h100_sxm/sglang/v0.5.9/deepseek_v3_mla/agg_csv/20260630_183013_agg_stage2_agg_aic_p0_decode_heavy_b17_isl2048_ctx2048_d16_dctx2048_p1_pf2048_pp0_layers6_backend_auto_cg_off_pcg_off_tp1_profile_nsys__MLA时延拆解.csv,4,prefill,1,attn_mha,2064,4.088281,3.015098,o_proj,sm90_fp8_gemm_1d2d_impl,0.328927,328927,2
agg_aic_p0_decode_heavy_b17_isl2048_ctx2048,strict_prefix0,/home/ai_lab/ljc/scale-up-sim/aiconfigurator/bench_data/h100_sxm/sglang/v0.5.9/deepseek_v3_mla/agg_csv/20260630_183013_agg_stage2_agg_aic_p0_decode_heavy_b17_isl2048_ctx2048_d16_dctx2048_p1_pf2048_pp0_layers6_backend_auto_cg_off_pcg_off_tp1_profile_nsys__MLA时延拆解.csv,4,prefill,1,attn_mha,2064,4.088281,3.015098,o_proj,per_token_group_quant_8bit_kernel,0.041152,41152,2
agg_aic_p0_decode_heavy_b17_isl2048_ctx2048,strict_prefix0,/home/ai_lab/ljc/scale-up-sim/aiconfigurator/bench_data/h100_sxm/sglang/v0.5.9/deepseek_v3_mla/agg_csv/20260630_183013_agg_stage2_agg_aic_p0_decode_heavy_b17_isl2048_ctx2048_d16_dctx2048_p1_pf2048_pp0_layers6_backend_auto_cg_off_pcg_off_tp1_profile_nsys__MLA时延拆解.csv,5,prefill,1,attn_mha,2064,4.17049,3.100892,fused_qkv_a_proj_with_mqa,sm90_fp8_gemm_1d2d_impl,0.0584,58400,2
agg_aic_p0_decode_heavy_b17_isl2048_ctx2048,strict_prefix0,/home/ai_lab/ljc/scale-up-sim/aiconfigurator/bench_data/h100_sxm/sglang/v0.5.9/deepseek_v3_mla/agg_csv/20260630_183013_agg_stage2_agg_aic_p0_decode_heavy_b17_isl2048_ctx2048_d16_dctx2048_p1_pf2048_pp0_layers6_backend_auto_cg_off_pcg_off_tp1_profile_nsys__MLA时延拆解.csv,5,prefill,1,attn_mha,2064,4.17049,3.100892,fused_qkv_a_proj_with_mqa,per_token_group_quant_8bit_kernel,0.020192,20192,2
agg_aic_p0_decode_heavy_b17_isl2048_ctx2048,strict_prefix0,/home/ai_lab/ljc/scale-up-sim/aiconfigurator/bench_data/h100_sxm/sglang/v0.5.9/deepseek_v3_mla/agg_csv/20260630_183013_agg_stage2_agg_aic_p0_decode_heavy_b17_isl2048_ctx2048_d16_dctx2048_p1_pf2048_pp0_layers6_backend_auto_cg_off_pcg_off_tp1_profile_nsys__MLA时延拆解.csv,5,prefill,1,attn_mha,2064,4.17049,3.100892,q_a_layernorm,RMSNormKernel,0.00528,5280,1
agg_aic_p0_decode_heavy_b17_isl2048_ctx2048,strict_prefix0,/home/ai_lab/ljc/scale-up-sim/aiconfigurator/bench_data/h100_sxm/sglang/v0.5.9/deepseek_v3_mla/agg_csv/20260630_183013_agg_stage2_agg_aic_p0_decode_heavy_b17_isl2048_ctx2048_d16_dctx2048_p1_pf2048_pp0_layers6_backend_auto_cg_off_pcg_off_tp1_profile_nsys__MLA时延拆解.csv,5,prefill,1,attn_mha,2064,4.17049,3.100892,q_b_proj,sm90_fp8_gemm_1d2d_impl,0.123488,123488,2
agg_aic_p0_decode_heavy_b17_isl2048_ctx2048,strict_prefix0,/home/ai_lab/ljc/scale-up-sim/aiconfigurator/bench_data/h100_sxm/sglang/v0.5.9/deepseek_v3_mla/agg_csv/20260630_183013_agg_stage2_agg_aic_p0_decode_heavy_b17_isl2048_ctx2048_d16_dctx2048_p1_pf2048_pp0_layers6_backend_auto_cg_off_pcg_off_tp1_profile_nsys__MLA时延拆解.csv,5,prefill,1,attn_mha,2064,4.17049,3.100892,q_b_proj,per_token_group_quant_8bit_kernel,0.004896,4896,2
agg_aic_p0_decode_heavy_b17_isl2048_ctx2048,strict_prefix0,/home/ai_lab/ljc/scale-up-sim/aiconfigurator/bench_data/h100_sxm/sglang/v0.5.9/deepseek_v3_mla/agg_csv/20260630_183013_agg_stage2_agg_aic_p0_decode_heavy_b17_isl2048_ctx2048_d16_dctx2048_p1_pf2048_pp0_layers6_backend_auto_cg_off_pcg_off_tp1_profile_nsys__MLA时延拆解.csv,5,prefill,1,attn_mha,2064,4.17049,3.100892,kv_a_layernorm,RMSNormKernel,0.005088,5088,1
agg_aic_p0_decode_heavy_b17_isl2048_ctx2048,strict_prefix0,/home/ai_lab/ljc/scale-up-sim/aiconfigurator/bench_data/h100_sxm/sglang/v0.5.9/deepseek_v3_mla/agg_csv/20260630_183013_agg_stage2_agg_aic_p0_decode_heavy_b17_isl2048_ctx2048_d16_dctx2048_p1_pf2048_pp0_layers6_backend_auto_cg_off_pcg_off_tp1_profile_nsys__MLA时延拆解.csv,5,prefill,1,attn_mha,2064,4.17049,3.100892,rotary_emb,BatchQKApplyRotaryPosIdsCosSinCacheHeadParallelismKernel,0.027072,27072,1
agg_aic_p0_decode_heavy_b17_isl2048_ctx2048,strict_prefix0,/home/ai_lab/ljc/scale-up-sim/aiconfigurator/bench_data/h100_sxm/sglang/v0.5.9/deepseek_v3_mla/agg_csv/20260630_183013_agg_stage2_agg_aic_p0_decode_heavy_b17_isl2048_ctx2048_d16_dctx2048_p1_pf2048_pp0_layers6_backend_auto_cg_off_pcg_off_tp1_profile_nsys__MLA时延拆解.csv,5,prefill,1,attn_mha,2064,4.17049,3.100892,kv_b_proj,sm90_fp8_gemm_1d2d_impl,1.266078,1266078,2
agg_aic_p0_decode_heavy_b17_isl2048_ctx2048,strict_prefix0,/home/ai_lab/ljc/scale-up-sim/aiconfigurator/bench_data/h100_sxm/sglang/v0.5.9/deepseek_v3_mla/agg_csv/20260630_183013_agg_stage2_agg_aic_p0_decode_heavy_b17_isl2048_ctx2048_d16_dctx2048_p1_pf2048_pp0_layers6_backend_auto_cg_off_pcg_off_tp1_profile_nsys__MLA时延拆解.csv,5,prefill,1,attn_mha,2064,4.17049,3.100892,kv_b_proj,per_token_group_quant_8bit_kernel,0.02368,23680,2
agg_aic_p0_decode_heavy_b17_isl2048_ctx2048,strict_prefix0,/home/ai_lab/ljc/scale-up-sim/aiconfigurator/bench_data/h100_sxm/sglang/v0.5.9/deepseek_v3_mla/agg_csv/20260630_183013_agg_stage2_agg_aic_p0_decode_heavy_b17_isl2048_ctx2048_d16_dctx2048_p1_pf2048_pp0_layers6_backend_auto_cg_off_pcg_off_tp1_profile_nsys__MLA时延拆解.csv,5,prefill,1,attn_mha,2064,4.17049,3.100892,attn_mha,device_kernel,1.186783,1186783,2
agg_aic_p0_decode_heavy_b17_isl2048_ctx2048,strict_prefix0,/home/ai_lab/ljc/scale-up-sim/aiconfigurator/bench_data/h100_sxm/sglang/v0.5.9/deepseek_v3_mla/agg_csv/20260630_183013_agg_stage2_agg_aic_p0_decode_heavy_b17_isl2048_ctx2048_d16_dctx2048_p1_pf2048_pp0_layers6_backend_auto_cg_off_pcg_off_tp1_profile_nsys__MLA时延拆解.csv,5,prefill,1,attn_mha,2064,4.17049,3.100892,attn_mha,prepare_varlen_num_blocks_kernel,0.00336,3360,2
agg_aic_p0_decode_heavy_b17_isl2048_ctx2048,strict_prefix0,/home/ai_lab/ljc/scale-up-sim/aiconfigurator/bench_data/h100_sxm/sglang/v0.5.9/deepseek_v3_mla/agg_csv/20260630_183013_agg_stage2_agg_aic_p0_decode_heavy_b17_isl2048_ctx2048_d16_dctx2048_p1_pf2048_pp0_layers6_backend_auto_cg_off_pcg_off_tp1_profile_nsys__MLA时延拆解.csv,5,prefill,1,attn_mha,2064,4.17049,3.100892,o_proj,sm90_fp8_gemm_1d2d_impl,0.335583,335583,2
agg_aic_p0_decode_heavy_b17_isl2048_ctx2048,strict_prefix0,/home/ai_lab/ljc/scale-up-sim/aiconfigurator/bench_data/h100_sxm/sglang/v0.5.9/deepseek_v3_mla/agg_csv/20260630_183013_agg_stage2_agg_aic_p0_decode_heavy_b17_isl2048_ctx2048_d16_dctx2048_p1_pf2048_pp0_layers6_backend_auto_cg_off_pcg_off_tp1_profile_nsys__MLA时延拆解.csv,5,prefill,1,attn_mha,2064,4.17049,3.100892,o_proj,per_token_group_quant_8bit_kernel,0.040992,40992,2
agg_aic_p0_chunk_b9_isl8192_ctx8192,strict_prefix0,/home/ai_lab/ljc/scale-up-sim/aiconfigurator/bench_data/h100_sxm/sglang/v0.5.9/deepseek_v3_mla/agg_csv/20260630_183416_agg_stage2_agg_aic_p0_chunk_b9_isl8192_ctx8192_d8_dctx8192_p1_pf8192_pp0_layers6_backend_auto_cg_off_pcg_off_tp1_profile_nsys__MLA时延拆解.csv,0,prefill,1,attn_mha,8192,12.674879,10.326816,fused_qkv_a_proj_with_mqa,sm90_fp8_gemm_1d2d_impl,0.200896,200896,2
agg_aic_p0_chunk_b9_isl8192_ctx8192,strict_prefix0,/home/ai_lab/ljc/scale-up-sim/aiconfigurator/bench_data/h100_sxm/sglang/v0.5.9/deepseek_v3_mla/agg_csv/20260630_183416_agg_stage2_agg_aic_p0_chunk_b9_isl8192_ctx8192_d8_dctx8192_p1_pf8192_pp0_layers6_backend_auto_cg_off_pcg_off_tp1_profile_nsys__MLA时延拆解.csv,0,prefill,1,attn_mha,8192,12.674879,10.326816,fused_qkv_a_proj_with_mqa,per_token_group_quant_8bit_kernel,0.073056,73056,2
agg_aic_p0_chunk_b9_isl8192_ctx8192,strict_prefix0,/home/ai_lab/ljc/scale-up-sim/aiconfigurator/bench_data/h100_sxm/sglang/v0.5.9/deepseek_v3_mla/agg_csv/20260630_183416_agg_stage2_agg_aic_p0_chunk_b9_isl8192_ctx8192_d8_dctx8192_p1_pf8192_pp0_layers6_backend_auto_cg_off_pcg_off_tp1_profile_nsys__MLA时延拆解.csv,0,prefill,1,attn_mha,8192,12.674879,10.326816,q_a_layernorm,RMSNormKernel,0.018016,18016,1
agg_aic_p0_chunk_b9_isl8192_ctx8192,strict_prefix0,/home/ai_lab/ljc/scale-up-sim/aiconfigurator/bench_data/h100_sxm/sglang/v0.5.9/deepseek_v3_mla/agg_csv/20260630_183416_agg_stage2_agg_aic_p0_chunk_b9_isl8192_ctx8192_d8_dctx8192_p1_pf8192_pp0_layers6_backend_auto_cg_off_pcg_off_tp1_profile_nsys__MLA时延拆解.csv,0,prefill,1,attn_mha,8192,12.674879,10.326816,q_b_proj,sm90_fp8_gemm_1d2d_impl,0.426624,426624,2
agg_aic_p0_chunk_b9_isl8192_ctx8192,strict_prefix0,/home/ai_lab/ljc/scale-up-sim/aiconfigurator/bench_data/h100_sxm/sglang/v0.5.9/deepseek_v3_mla/agg_csv/20260630_183416_agg_stage2_agg_aic_p0_chunk_b9_isl8192_ctx8192_d8_dctx8192_p1_pf8192_pp0_layers6_backend_auto_cg_off_pcg_off_tp1_profile_nsys__MLA时延拆解.csv,0,prefill,1,attn_mha,8192,12.674879,10.326816,q_b_proj,per_token_group_quant_8bit_kernel,0.015968,15968,2
agg_aic_p0_chunk_b9_isl8192_ctx8192,strict_prefix0,/home/ai_lab/ljc/scale-up-sim/aiconfigurator/bench_data/h100_sxm/sglang/v0.5.9/deepseek_v3_mla/agg_csv/20260630_183416_agg_stage2_agg_aic_p0_chunk_b9_isl8192_ctx8192_d8_dctx8192_p1_pf8192_pp0_layers6_backend_auto_cg_off_pcg_off_tp1_profile_nsys__MLA时延拆解.csv,0,prefill,1,attn_mha,8192,12.674879,10.326816,kv_a_layernorm,RMSNormKernel,0.013152,13152,1
agg_aic_p0_chunk_b9_isl8192_ctx8192,strict_prefix0,/home/ai_lab/ljc/scale-up-sim/aiconfigurator/bench_data/h100_sxm/sglang/v0.5.9/deepseek_v3_mla/agg_csv/20260630_183416_agg_stage2_agg_aic_p0_chunk_b9_isl8192_ctx8192_d8_dctx8192_p1_pf8192_pp0_layers6_backend_auto_cg_off_pcg_off_tp1_profile_nsys__MLA时延拆解.csv,0,prefill,1,attn_mha,8192,12.674879,10.326816,rotary_emb,BatchQKApplyRotaryPosIdsCosSinCacheHeadParallelismKernel,0.106528,106528,1
agg_aic_p0_chunk_b9_isl8192_ctx8192,strict_prefix0,/home/ai_lab/ljc/scale-up-sim/aiconfigurator/bench_data/h100_sxm/sglang/v0.5.9/deepseek_v3_mla/agg_csv/20260630_183416_agg_stage2_agg_aic_p0_chunk_b9_isl8192_ctx8192_d8_dctx8192_p1_pf8192_pp0_layers6_backend_auto_cg_off_pcg_off_tp1_profile_nsys__MLA时延拆解.csv,0,prefill,1,attn_mha,8192,12.674879,10.326816,kv_b_proj,sm90_fp8_gemm_1d2d_impl,2.938016,2938016,2
agg_aic_p0_chunk_b9_isl8192_ctx8192,strict_prefix0,/home/ai_lab/ljc/scale-up-sim/aiconfigurator/bench_data/h100_sxm/sglang/v0.5.9/deepseek_v3_mla/agg_csv/20260630_183416_agg_stage2_agg_aic_p0_chunk_b9_isl8192_ctx8192_d8_dctx8192_p1_pf8192_pp0_layers6_backend_auto_cg_off_pcg_off_tp1_profile_nsys__MLA时延拆解.csv,0,prefill,1,attn_mha,8192,12.674879,10.326816,kv_b_proj,per_token_group_quant_8bit_kernel,0.046944,46944,2
agg_aic_p0_chunk_b9_isl8192_ctx8192,strict_prefix0,/home/ai_lab/ljc/scale-up-sim/aiconfigurator/bench_data/h100_sxm/sglang/v0.5.9/deepseek_v3_mla/agg_csv/20260630_183416_agg_stage2_agg_aic_p0_chunk_b9_isl8192_ctx8192_d8_dctx8192_p1_pf8192_pp0_layers6_backend_auto_cg_off_pcg_off_tp1_profile_nsys__MLA时延拆解.csv,0,prefill,1,attn_mha,8192,12.674879,10.326816,attn_mha,device_kernel,5.226144,5226144,2
agg_aic_p0_chunk_b9_isl8192_ctx8192,strict_prefix0,/home/ai_lab/ljc/scale-up-sim/aiconfigurator/bench_data/h100_sxm/sglang/v0.5.9/deepseek_v3_mla/agg_csv/20260630_183416_agg_stage2_agg_aic_p0_chunk_b9_isl8192_ctx8192_d8_dctx8192_p1_pf8192_pp0_layers6_backend_auto_cg_off_pcg_off_tp1_profile_nsys__MLA时延拆解.csv,0,prefill,1,attn_mha,8192,12.674879,10.326816,attn_mha,prepare_varlen_num_blocks_kernel,0.00336,3360,2
agg_aic_p0_chunk_b9_isl8192_ctx8192,strict_prefix0,/home/ai_lab/ljc/scale-up-sim/aiconfigurator/bench_data/h100_sxm/sglang/v0.5.9/deepseek_v3_mla/agg_csv/20260630_183416_agg_stage2_agg_aic_p0_chunk_b9_isl8192_ctx8192_d8_dctx8192_p1_pf8192_pp0_layers6_backend_auto_cg_off_pcg_off_tp1_profile_nsys__MLA时延拆解.csv,0,prefill,1,attn_mha,8192,12.674879,10.326816,o_proj,sm90_fp8_gemm_1d2d_impl,1.09952,1099520,2
agg_aic_p0_chunk_b9_isl8192_ctx8192,strict_prefix0,/home/ai_lab/ljc/scale-up-sim/aiconfigurator/bench_data/h100_sxm/sglang/v0.5.9/deepseek_v3_mla/agg_csv/20260630_183416_agg_stage2_agg_aic_p0_chunk_b9_isl8192_ctx8192_d8_dctx8192_p1_pf8192_pp0_layers6_backend_auto_cg_off_pcg_off_tp1_profile_nsys__MLA时延拆解.csv,0,prefill,1,attn_mha,8192,12.674879,10.326816,o_proj,per_token_group_quant_8bit_kernel,0.158592,158592,2
agg_aic_p0_chunk_b9_isl8192_ctx8192,strict_prefix0,/home/ai_lab/ljc/scale-up-sim/aiconfigurator/bench_data/h100_sxm/sglang/v0.5.9/deepseek_v3_mla/agg_csv/20260630_183416_agg_stage2_agg_aic_p0_chunk_b9_isl8192_ctx8192_d8_dctx8192_p1_pf8192_pp0_layers6_backend_auto_cg_off_pcg_off_tp1_profile_nsys__MLA时延拆解.csv,1,prefill,1,attn_mha,8192,12.361438,10.120862,fused_qkv_a_proj_with_mqa,sm90_fp8_gemm_1d2d_impl,0.19376,193760,2
agg_aic_p0_chunk_b9_isl8192_ctx8192,strict_prefix0,/home/ai_lab/ljc/scale-up-sim/aiconfigurator/bench_data/h100_sxm/sglang/v0.5.9/deepseek_v3_mla/agg_csv/20260630_183416_agg_stage2_agg_aic_p0_chunk_b9_isl8192_ctx8192_d8_dctx8192_p1_pf8192_pp0_layers6_backend_auto_cg_off_pcg_off_tp1_profile_nsys__MLA时延拆解.csv,1,prefill,1,attn_mha,8192,12.361438,10.120862,fused_qkv_a_proj_with_mqa,per_token_group_quant_8bit_kernel,0.074304,74304,2
agg_aic_p0_chunk_b9_isl8192_ctx8192,strict_prefix0,/home/ai_lab/ljc/scale-up-sim/aiconfigurator/bench_data/h100_sxm/sglang/v0.5.9/deepseek_v3_mla/agg_csv/20260630_183416_agg_stage2_agg_aic_p0_chunk_b9_isl8192_ctx8192_d8_dctx8192_p1_pf8192_pp0_layers6_backend_auto_cg_off_pcg_off_tp1_profile_nsys__MLA时延拆解.csv,1,prefill,1,attn_mha,8192,12.361438,10.120862,q_a_layernorm,RMSNormKernel,0.017536,17536,1
agg_aic_p0_chunk_b9_isl8192_ctx8192,strict_prefix0,/home/ai_lab/ljc/scale-up-sim/aiconfigurator/bench_data/h100_sxm/sglang/v0.5.9/deepseek_v3_mla/agg_csv/20260630_183416_agg_stage2_agg_aic_p0_chunk_b9_isl8192_ctx8192_d8_dctx8192_p1_pf8192_pp0_layers6_backend_auto_cg_off_pcg_off_tp1_profile_nsys__MLA时延拆解.csv,1,prefill,1,attn_mha,8192,12.361438,10.120862,q_b_proj,sm90_fp8_gemm_1d2d_impl,0.427808,427808,2
agg_aic_p0_chunk_b9_isl8192_ctx8192,strict_prefix0,/home/ai_lab/ljc/scale-up-sim/aiconfigurator/bench_data/h100_sxm/sglang/v0.5.9/deepseek_v3_mla/agg_csv/20260630_183416_agg_stage2_agg_aic_p0_chunk_b9_isl8192_ctx8192_d8_dctx8192_p1_pf8192_pp0_layers6_backend_auto_cg_off_pcg_off_tp1_profile_nsys__MLA时延拆解.csv,1,prefill,1,attn_mha,8192,12.361438,10.120862,q_b_proj,per_token_group_quant_8bit_kernel,0.015904,15904,2
agg_aic_p0_chunk_b9_isl8192_ctx8192,strict_prefix0,/home/ai_lab/ljc/scale-up-sim/aiconfigurator/bench_data/h100_sxm/sglang/v0.5.9/deepseek_v3_mla/agg_csv/20260630_183416_agg_stage2_agg_aic_p0_chunk_b9_isl8192_ctx8192_d8_dctx8192_p1_pf8192_pp0_layers6_backend_auto_cg_off_pcg_off_tp1_profile_nsys__MLA时延拆解.csv,1,prefill,1,attn_mha,8192,12.361438,10.120862,kv_a_layernorm,RMSNormKernel,0.012896,12896,1
agg_aic_p0_chunk_b9_isl8192_ctx8192,strict_prefix0,/home/ai_lab/ljc/scale-up-sim/aiconfigurator/bench_data/h100_sxm/sglang/v0.5.9/deepseek_v3_mla/agg_csv/20260630_183416_agg_stage2_agg_aic_p0_chunk_b9_isl8192_ctx8192_d8_dctx8192_p1_pf8192_pp0_layers6_backend_auto_cg_off_pcg_off_tp1_profile_nsys__MLA时延拆解.csv,1,prefill,1,attn_mha,8192,12.361438,10.120862,rotary_emb,BatchQKApplyRotaryPosIdsCosSinCacheHeadParallelismKernel,0.106496,106496,1
agg_aic_p0_chunk_b9_isl8192_ctx8192,strict_prefix0,/home/ai_lab/ljc/scale-up-sim/aiconfigurator/bench_data/h100_sxm/sglang/v0.5.9/deepseek_v3_mla/agg_csv/20260630_183416_agg_stage2_agg_aic_p0_chunk_b9_isl8192_ctx8192_d8_dctx8192_p1_pf8192_pp0_layers6_backend_auto_cg_off_pcg_off_tp1_profile_nsys__MLA时延拆解.csv,1,prefill,1,attn_mha,8192,12.361438,10.120862,kv_b_proj,sm90_fp8_gemm_1d2d_impl,2.731455,2731455,2
agg_aic_p0_chunk_b9_isl8192_ctx8192,strict_prefix0,/home/ai_lab/ljc/scale-up-sim/aiconfigurator/bench_data/h100_sxm/sglang/v0.5.9/deepseek_v3_mla/agg_csv/20260630_183416_agg_stage2_agg_aic_p0_chunk_b9_isl8192_ctx8192_d8_dctx8192_p1_pf8192_pp0_layers6_backend_auto_cg_off_pcg_off_tp1_profile_nsys__MLA时延拆解.csv,1,prefill,1,attn_mha,8192,12.361438,10.120862,kv_b_proj,per_token_group_quant_8bit_kernel,0.046848,46848,2
agg_aic_p0_chunk_b9_isl8192_ctx8192,strict_prefix0,/home/ai_lab/ljc/scale-up-sim/aiconfigurator/bench_data/h100_sxm/sglang/v0.5.9/deepseek_v3_mla/agg_csv/20260630_183416_agg_stage2_agg_aic_p0_chunk_b9_isl8192_ctx8192_d8_dctx8192_p1_pf8192_pp0_layers6_backend_auto_cg_off_pcg_off_tp1_profile_nsys__MLA时延拆解.csv,1,prefill,1,attn_mha,8192,12.361438,10.120862,attn_mha,device_kernel,5.232639,5232639,2
agg_aic_p0_chunk_b9_isl8192_ctx8192,strict_prefix0,/home/ai_lab/ljc/scale-up-sim/aiconfigurator/bench_data/h100_sxm/sglang/v0.5.9/deepseek_v3_mla/agg_csv/20260630_183416_agg_stage2_agg_aic_p0_chunk_b9_isl8192_ctx8192_d8_dctx8192_p1_pf8192_pp0_layers6_backend_auto_cg_off_pcg_off_tp1_profile_nsys__MLA时延拆解.csv,1,prefill,1,attn_mha,8192,12.361438,10.120862,attn_mha,prepare_varlen_num_blocks_kernel,0.00336,3360,2
agg_aic_p0_chunk_b9_isl8192_ctx8192,strict_prefix0,/home/ai_lab/ljc/scale-up-sim/aiconfigurator/bench_data/h100_sxm/sglang/v0.5.9/deepseek_v3_mla/agg_csv/20260630_183416_agg_stage2_agg_aic_p0_chunk_b9_isl8192_ctx8192_d8_dctx8192_p1_pf8192_pp0_layers6_backend_auto_cg_off_pcg_off_tp1_profile_nsys__MLA时延拆解.csv,1,prefill,1,attn_mha,8192,12.361438,10.120862,o_proj,sm90_fp8_gemm_1d2d_impl,1.09808,1098080,2
agg_aic_p0_chunk_b9_isl8192_ctx8192,strict_prefix0,/home/ai_lab/ljc/scale-up-sim/aiconfigurator/bench_data/h100_sxm/sglang/v0.5.9/deepseek_v3_mla/agg_csv/20260630_183416_agg_stage2_agg_aic_p0_chunk_b9_isl8192_ctx8192_d8_dctx8192_p1_pf8192_pp0_layers6_backend_auto_cg_off_pcg_off_tp1_profile_nsys__MLA时延拆解.csv,1,prefill,1,attn_mha,8192,12.361438,10.120862,o_proj,per_token_group_quant_8bit_kernel,0.159776,159776,2
agg_aic_p0_chunk_b9_isl8192_ctx8192,strict_prefix0,/home/ai_lab/ljc/scale-up-sim/aiconfigurator/bench_data/h100_sxm/sglang/v0.5.9/deepseek_v3_mla/agg_csv/20260630_183416_agg_stage2_agg_aic_p0_chunk_b9_isl8192_ctx8192_d8_dctx8192_p1_pf8192_pp0_layers6_backend_auto_cg_off_pcg_off_tp1_profile_nsys__MLA时延拆解.csv,2,prefill,1,attn_mha,8192,12.504286,10.267998,fused_qkv_a_proj_with_mqa,sm90_fp8_gemm_1d2d_impl,0.192832,192832,2
agg_aic_p0_chunk_b9_isl8192_ctx8192,strict_prefix0,/home/ai_lab/ljc/scale-up-sim/aiconfigurator/bench_data/h100_sxm/sglang/v0.5.9/deepseek_v3_mla/agg_csv/20260630_183416_agg_stage2_agg_aic_p0_chunk_b9_isl8192_ctx8192_d8_dctx8192_p1_pf8192_pp0_layers6_backend_auto_cg_off_pcg_off_tp1_profile_nsys__MLA时延拆解.csv,2,prefill,1,attn_mha,8192,12.504286,10.267998,fused_qkv_a_proj_with_mqa,per_token_group_quant_8bit_kernel,0.073664,73664,2
agg_aic_p0_chunk_b9_isl8192_ctx8192,strict_prefix0,/home/ai_lab/ljc/scale-up-sim/aiconfigurator/bench_data/h100_sxm/sglang/v0.5.9/deepseek_v3_mla/agg_csv/20260630_183416_agg_stage2_agg_aic_p0_chunk_b9_isl8192_ctx8192_d8_dctx8192_p1_pf8192_pp0_layers6_backend_auto_cg_off_pcg_off_tp1_profile_nsys__MLA时延拆解.csv,2,prefill,1,attn_mha,8192,12.504286,10.267998,q_a_layernorm,RMSNormKernel,0.01744,17440,1
agg_aic_p0_chunk_b9_isl8192_ctx8192,strict_prefix0,/home/ai_lab/ljc/scale-up-sim/aiconfigurator/bench_data/h100_sxm/sglang/v0.5.9/deepseek_v3_mla/agg_csv/20260630_183416_agg_stage2_agg_aic_p0_chunk_b9_isl8192_ctx8192_d8_dctx8192_p1_pf8192_pp0_layers6_backend_auto_cg_off_pcg_off_tp1_profile_nsys__MLA时延拆解.csv,2,prefill,1,attn_mha,8192,12.504286,10.267998,q_b_proj,sm90_fp8_gemm_1d2d_impl,0.423008,423008,2
agg_aic_p0_chunk_b9_isl8192_ctx8192,strict_prefix0,/home/ai_lab/ljc/scale-up-sim/aiconfigurator/bench_data/h100_sxm/sglang/v0.5.9/deepseek_v3_mla/agg_csv/20260630_183416_agg_stage2_agg_aic_p0_chunk_b9_isl8192_ctx8192_d8_dctx8192_p1_pf8192_pp0_layers6_backend_auto_cg_off_pcg_off_tp1_profile_nsys__MLA时延拆解.csv,2,prefill,1,attn_mha,8192,12.504286,10.267998,q_b_proj,per_token_group_quant_8bit_kernel,0.016,16000,2
agg_aic_p0_chunk_b9_isl8192_ctx8192,strict_prefix0,/home/ai_lab/ljc/scale-up-sim/aiconfigurator/bench_data/h100_sxm/sglang/v0.5.9/deepseek_v3_mla/agg_csv/20260630_183416_agg_stage2_agg_aic_p0_chunk_b9_isl8192_ctx8192_d8_dctx8192_p1_pf8192_pp0_layers6_backend_auto_cg_off_pcg_off_tp1_profile_nsys__MLA时延拆解.csv,2,prefill,1,attn_mha,8192,12.504286,10.267998,kv_a_layernorm,RMSNormKernel,0.013312,13312,1
agg_aic_p0_chunk_b9_isl8192_ctx8192,strict_prefix0,/home/ai_lab/ljc/scale-up-sim/aiconfigurator/bench_data/h100_sxm/sglang/v0.5.9/deepseek_v3_mla/agg_csv/20260630_183416_agg_stage2_agg_aic_p0_chunk_b9_isl8192_ctx8192_d8_dctx8192_p1_pf8192_pp0_layers6_backend_auto_cg_off_pcg_off_tp1_profile_nsys__MLA时延拆解.csv,2,prefill,1,attn_mha,8192,12.504286,10.267998,rotary_emb,BatchQKApplyRotaryPosIdsCosSinCacheHeadParallelismKernel,0.106176,106176,1
agg_aic_p0_chunk_b9_isl8192_ctx8192,strict_prefix0,/home/ai_lab/ljc/scale-up-sim/aiconfigurator/bench_data/h100_sxm/sglang/v0.5.9/deepseek_v3_mla/agg_csv/20260630_183416_agg_stage2_agg_aic_p0_chunk_b9_isl8192_ctx8192_d8_dctx8192_p1_pf8192_pp0_layers6_backend_auto_cg_off_pcg_off_tp1_profile_nsys__MLA时延拆解.csv,2,prefill,1,attn_mha,8192,12.504286,10.267998,kv_b_proj,sm90_fp8_gemm_1d2d_impl,2.858559,2858559,2
agg_aic_p0_chunk_b9_isl8192_ctx8192,strict_prefix0,/home/ai_lab/ljc/scale-up-sim/aiconfigurator/bench_data/h100_sxm/sglang/v0.5.9/deepseek_v3_mla/agg_csv/20260630_183416_agg_stage2_agg_aic_p0_chunk_b9_isl8192_ctx8192_d8_dctx8192_p1_pf8192_pp0_layers6_backend_auto_cg_off_pcg_off_tp1_profile_nsys__MLA时延拆解.csv,2,prefill,1,attn_mha,8192,12.504286,10.267998,kv_b_proj,per_token_group_quant_8bit_kernel,0.047936,47936,2
agg_aic_p0_chunk_b9_isl8192_ctx8192,strict_prefix0,/home/ai_lab/ljc/scale-up-sim/aiconfigurator/bench_data/h100_sxm/sglang/v0.5.9/deepseek_v3_mla/agg_csv/20260630_183416_agg_stage2_agg_aic_p0_chunk_b9_isl8192_ctx8192_d8_dctx8192_p1_pf8192_pp0_layers6_backend_auto_cg_off_pcg_off_tp1_profile_nsys__MLA时延拆解.csv,2,prefill,1,attn_mha,8192,12.504286,10.267998,attn_mha,device_kernel,5.231999,5231999,2
agg_aic_p0_chunk_b9_isl8192_ctx8192,strict_prefix0,/home/ai_lab/ljc/scale-up-sim/aiconfigurator/bench_data/h100_sxm/sglang/v0.5.9/deepseek_v3_mla/agg_csv/20260630_183416_agg_stage2_agg_aic_p0_chunk_b9_isl8192_ctx8192_d8_dctx8192_p1_pf8192_pp0_layers6_backend_auto_cg_off_pcg_off_tp1_profile_nsys__MLA时延拆解.csv,2,prefill,1,attn_mha,8192,12.504286,10.267998,attn_mha,prepare_varlen_num_blocks_kernel,0.003456,3456,2
agg_aic_p0_chunk_b9_isl8192_ctx8192,strict_prefix0,/home/ai_lab/ljc/scale-up-sim/aiconfigurator/bench_data/h100_sxm/sglang/v0.5.9/deepseek_v3_mla/agg_csv/20260630_183416_agg_stage2_agg_aic_p0_chunk_b9_isl8192_ctx8192_d8_dctx8192_p1_pf8192_pp0_layers6_backend_auto_cg_off_pcg_off_tp1_profile_nsys__MLA时延拆解.csv,2,prefill,1,attn_mha,8192,12.504286,10.267998,o_proj,sm90_fp8_gemm_1d2d_impl,1.123776,1123776,2
agg_aic_p0_chunk_b9_isl8192_ctx8192,strict_prefix0,/home/ai_lab/ljc/scale-up-sim/aiconfigurator/bench_data/h100_sxm/sglang/v0.5.9/deepseek_v3_mla/agg_csv/20260630_183416_agg_stage2_agg_aic_p0_chunk_b9_isl8192_ctx8192_d8_dctx8192_p1_pf8192_pp0_layers6_backend_auto_cg_off_pcg_off_tp1_profile_nsys__MLA时延拆解.csv,2,prefill,1,attn_mha,8192,12.504286,10.267998,o_proj,per_token_group_quant_8bit_kernel,0.15984,159840,2
agg_aic_p0_chunk_b9_isl8192_ctx8192,strict_prefix0,/home/ai_lab/ljc/scale-up-sim/aiconfigurator/bench_data/h100_sxm/sglang/v0.5.9/deepseek_v3_mla/agg_csv/20260630_183416_agg_stage2_agg_aic_p0_chunk_b9_isl8192_ctx8192_d8_dctx8192_p1_pf8192_pp0_layers6_backend_auto_cg_off_pcg_off_tp1_profile_nsys__MLA时延拆解.csv,3,prefill,1,attn_mha,8192,12.724287,10.484799,fused_qkv_a_proj_with_mqa,sm90_fp8_gemm_1d2d_impl,0.19808,198080,2
agg_aic_p0_chunk_b9_isl8192_ctx8192,strict_prefix0,/home/ai_lab/ljc/scale-up-sim/aiconfigurator/bench_data/h100_sxm/sglang/v0.5.9/deepseek_v3_mla/agg_csv/20260630_183416_agg_stage2_agg_aic_p0_chunk_b9_isl8192_ctx8192_d8_dctx8192_p1_pf8192_pp0_layers6_backend_auto_cg_off_pcg_off_tp1_profile_nsys__MLA时延拆解.csv,3,prefill,1,attn_mha,8192,12.724287,10.484799,fused_qkv_a_proj_with_mqa,per_token_group_quant_8bit_kernel,0.074112,74112,2
agg_aic_p0_chunk_b9_isl8192_ctx8192,strict_prefix0,/home/ai_lab/ljc/scale-up-sim/aiconfigurator/bench_data/h100_sxm/sglang/v0.5.9/deepseek_v3_mla/agg_csv/20260630_183416_agg_stage2_agg_aic_p0_chunk_b9_isl8192_ctx8192_d8_dctx8192_p1_pf8192_pp0_layers6_backend_auto_cg_off_pcg_off_tp1_profile_nsys__MLA时延拆解.csv,3,prefill,1,attn_mha,8192,12.724287,10.484799,q_a_layernorm,RMSNormKernel,0.017792,17792,1
agg_aic_p0_chunk_b9_isl8192_ctx8192,strict_prefix0,/home/ai_lab/ljc/scale-up-sim/aiconfigurator/bench_data/h100_sxm/sglang/v0.5.9/deepseek_v3_mla/agg_csv/20260630_183416_agg_stage2_agg_aic_p0_chunk_b9_isl8192_ctx8192_d8_dctx8192_p1_pf8192_pp0_layers6_backend_auto_cg_off_pcg_off_tp1_profile_nsys__MLA时延拆解.csv,3,prefill,1,attn_mha,8192,12.724287,10.484799,q_b_proj,sm90_fp8_gemm_1d2d_impl,0.432736,432736,2
agg_aic_p0_chunk_b9_isl8192_ctx8192,strict_prefix0,/home/ai_lab/ljc/scale-up-sim/aiconfigurator/bench_data/h100_sxm/sglang/v0.5.9/deepseek_v3_mla/agg_csv/20260630_183416_agg_stage2_agg_aic_p0_chunk_b9_isl8192_ctx8192_d8_dctx8192_p1_pf8192_pp0_layers6_backend_auto_cg_off_pcg_off_tp1_profile_nsys__MLA时延拆解.csv,3,prefill,1,attn_mha,8192,12.724287,10.484799,q_b_proj,per_token_group_quant_8bit_kernel,0.01648,16480,2
agg_aic_p0_chunk_b9_isl8192_ctx8192,strict_prefix0,/home/ai_lab/ljc/scale-up-sim/aiconfigurator/bench_data/h100_sxm/sglang/v0.5.9/deepseek_v3_mla/agg_csv/20260630_183416_agg_stage2_agg_aic_p0_chunk_b9_isl8192_ctx8192_d8_dctx8192_p1_pf8192_pp0_layers6_backend_auto_cg_off_pcg_off_tp1_profile_nsys__MLA时延拆解.csv,3,prefill,1,attn_mha,8192,12.724287,10.484799,kv_a_layernorm,RMSNormKernel,0.013056,13056,1
agg_aic_p0_chunk_b9_isl8192_ctx8192,strict_prefix0,/home/ai_lab/ljc/scale-up-sim/aiconfigurator/bench_data/h100_sxm/sglang/v0.5.9/deepseek_v3_mla/agg_csv/20260630_183416_agg_stage2_agg_aic_p0_chunk_b9_isl8192_ctx8192_d8_dctx8192_p1_pf8192_pp0_layers6_backend_auto_cg_off_pcg_off_tp1_profile_nsys__MLA时延拆解.csv,3,prefill,1,attn_mha,8192,12.724287,10.484799,rotary_emb,BatchQKApplyRotaryPosIdsCosSinCacheHeadParallelismKernel,0.106816,106816,1
agg_aic_p0_chunk_b9_isl8192_ctx8192,strict_prefix0,/home/ai_lab/ljc/scale-up-sim/aiconfigurator/bench_data/h100_sxm/sglang/v0.5.9/deepseek_v3_mla/agg_csv/20260630_183416_agg_stage2_agg_aic_p0_chunk_b9_isl8192_ctx8192_d8_dctx8192_p1_pf8192_pp0_layers6_backend_auto_cg_off_pcg_off_tp1_profile_nsys__MLA时延拆解.csv,3,prefill,1,attn_mha,8192,12.724287,10.484799,kv_b_proj,sm90_fp8_gemm_1d2d_impl,3.053312,3053312,2
agg_aic_p0_chunk_b9_isl8192_ctx8192,strict_prefix0,/home/ai_lab/ljc/scale-up-sim/aiconfigurator/bench_data/h100_sxm/sglang/v0.5.9/deepseek_v3_mla/agg_csv/20260630_183416_agg_stage2_agg_aic_p0_chunk_b9_isl8192_ctx8192_d8_dctx8192_p1_pf8192_pp0_layers6_backend_auto_cg_off_pcg_off_tp1_profile_nsys__MLA时延拆解.csv,3,prefill,1,attn_mha,8192,12.724287,10.484799,kv_b_proj,per_token_group_quant_8bit_kernel,0.048064,48064,2
agg_aic_p0_chunk_b9_isl8192_ctx8192,strict_prefix0,/home/ai_lab/ljc/scale-up-sim/aiconfigurator/bench_data/h100_sxm/sglang/v0.5.9/deepseek_v3_mla/agg_csv/20260630_183416_agg_stage2_agg_aic_p0_chunk_b9_isl8192_ctx8192_d8_dctx8192_p1_pf8192_pp0_layers6_backend_auto_cg_off_pcg_off_tp1_profile_nsys__MLA时延拆解.csv,3,prefill,1,attn_mha,8192,12.724287,10.484799,attn_mha,device_kernel,5.237439,5237439,2
agg_aic_p0_chunk_b9_isl8192_ctx8192,strict_prefix0,/home/ai_lab/ljc/scale-up-sim/aiconfigurator/bench_data/h100_sxm/sglang/v0.5.9/deepseek_v3_mla/agg_csv/20260630_183416_agg_stage2_agg_aic_p0_chunk_b9_isl8192_ctx8192_d8_dctx8192_p1_pf8192_pp0_layers6_backend_auto_cg_off_pcg_off_tp1_profile_nsys__MLA时延拆解.csv,3,prefill,1,attn_mha,8192,12.724287,10.484799,attn_mha,prepare_varlen_num_blocks_kernel,0.003392,3392,2
agg_aic_p0_chunk_b9_isl8192_ctx8192,strict_prefix0,/home/ai_lab/ljc/scale-up-sim/aiconfigurator/bench_data/h100_sxm/sglang/v0.5.9/deepseek_v3_mla/agg_csv/20260630_183416_agg_stage2_agg_aic_p0_chunk_b9_isl8192_ctx8192_d8_dctx8192_p1_pf8192_pp0_layers6_backend_auto_cg_off_pcg_off_tp1_profile_nsys__MLA时延拆解.csv,3,prefill,1,attn_mha,8192,12.724287,10.484799,o_proj,sm90_fp8_gemm_1d2d_impl,1.12256,1122560,2
agg_aic_p0_chunk_b9_isl8192_ctx8192,strict_prefix0,/home/ai_lab/ljc/scale-up-sim/aiconfigurator/bench_data/h100_sxm/sglang/v0.5.9/deepseek_v3_mla/agg_csv/20260630_183416_agg_stage2_agg_aic_p0_chunk_b9_isl8192_ctx8192_d8_dctx8192_p1_pf8192_pp0_layers6_backend_auto_cg_off_pcg_off_tp1_profile_nsys__MLA时延拆解.csv,3,prefill,1,attn_mha,8192,12.724287,10.484799,o_proj,per_token_group_quant_8bit_kernel,0.16096,160960,2
agg_aic_p0_chunk_b9_isl8192_ctx8192,strict_prefix0,/home/ai_lab/ljc/scale-up-sim/aiconfigurator/bench_data/h100_sxm/sglang/v0.5.9/deepseek_v3_mla/agg_csv/20260630_183416_agg_stage2_agg_aic_p0_chunk_b9_isl8192_ctx8192_d8_dctx8192_p1_pf8192_pp0_layers6_backend_auto_cg_off_pcg_off_tp1_profile_nsys__MLA时延拆解.csv,4,prefill,1,attn_mha,8192,12.526367,10.288512,fused_qkv_a_proj_with_mqa,sm90_fp8_gemm_1d2d_impl,0.203872,203872,2
agg_aic_p0_chunk_b9_isl8192_ctx8192,strict_prefix0,/home/ai_lab/ljc/scale-up-sim/aiconfigurator/bench_data/h100_sxm/sglang/v0.5.9/deepseek_v3_mla/agg_csv/20260630_183416_agg_stage2_agg_aic_p0_chunk_b9_isl8192_ctx8192_d8_dctx8192_p1_pf8192_pp0_layers6_backend_auto_cg_off_pcg_off_tp1_profile_nsys__MLA时延拆解.csv,4,prefill,1,attn_mha,8192,12.526367,10.288512,fused_qkv_a_proj_with_mqa,per_token_group_quant_8bit_kernel,0.075584,75584,2
agg_aic_p0_chunk_b9_isl8192_ctx8192,strict_prefix0,/home/ai_lab/ljc/scale-up-sim/aiconfigurator/bench_data/h100_sxm/sglang/v0.5.9/deepseek_v3_mla/agg_csv/20260630_183416_agg_stage2_agg_aic_p0_chunk_b9_isl8192_ctx8192_d8_dctx8192_p1_pf8192_pp0_layers6_backend_auto_cg_off_pcg_off_tp1_profile_nsys__MLA时延拆解.csv,4,prefill,1,attn_mha,8192,12.526367,10.288512,q_a_layernorm,RMSNormKernel,0.017888,17888,1
agg_aic_p0_chunk_b9_isl8192_ctx8192,strict_prefix0,/home/ai_lab/ljc/scale-up-sim/aiconfigurator/bench_data/h100_sxm/sglang/v0.5.9/deepseek_v3_mla/agg_csv/20260630_183416_agg_stage2_agg_aic_p0_chunk_b9_isl8192_ctx8192_d8_dctx8192_p1_pf8192_pp0_layers6_backend_auto_cg_off_pcg_off_tp1_profile_nsys__MLA时延拆解.csv,4,prefill,1,attn_mha,8192,12.526367,10.288512,q_b_proj,sm90_fp8_gemm_1d2d_impl,0.448288,448288,2
agg_aic_p0_chunk_b9_isl8192_ctx8192,strict_prefix0,/home/ai_lab/ljc/scale-up-sim/aiconfigurator/bench_data/h100_sxm/sglang/v0.5.9/deepseek_v3_mla/agg_csv/20260630_183416_agg_stage2_agg_aic_p0_chunk_b9_isl8192_ctx8192_d8_dctx8192_p1_pf8192_pp0_layers6_backend_auto_cg_off_pcg_off_tp1_profile_nsys__MLA时延拆解.csv,4,prefill,1,attn_mha,8192,12.526367,10.288512,q_b_proj,per_token_group_quant_8bit_kernel,0.016512,16512,2
agg_aic_p0_chunk_b9_isl8192_ctx8192,strict_prefix0,/home/ai_lab/ljc/scale-up-sim/aiconfigurator/bench_data/h100_sxm/sglang/v0.5.9/deepseek_v3_mla/agg_csv/20260630_183416_agg_stage2_agg_aic_p0_chunk_b9_isl8192_ctx8192_d8_dctx8192_p1_pf8192_pp0_layers6_backend_auto_cg_off_pcg_off_tp1_profile_nsys__MLA时延拆解.csv,4,prefill,1,attn_mha,8192,12.526367,10.288512,kv_a_layernorm,RMSNormKernel,0.01296,12960,1
agg_aic_p0_chunk_b9_isl8192_ctx8192,strict_prefix0,/home/ai_lab/ljc/scale-up-sim/aiconfigurator/bench_data/h100_sxm/sglang/v0.5.9/deepseek_v3_mla/agg_csv/20260630_183416_agg_stage2_agg_aic_p0_chunk_b9_isl8192_ctx8192_d8_dctx8192_p1_pf8192_pp0_layers6_backend_auto_cg_off_pcg_off_tp1_profile_nsys__MLA时延拆解.csv,4,prefill,1,attn_mha,8192,12.526367,10.288512,rotary_emb,BatchQKApplyRotaryPosIdsCosSinCacheHeadParallelismKernel,0.10656,106560,1
agg_aic_p0_chunk_b9_isl8192_ctx8192,strict_prefix0,/home/ai_lab/ljc/scale-up-sim/aiconfigurator/bench_data/h100_sxm/sglang/v0.5.9/deepseek_v3_mla/agg_csv/20260630_183416_agg_stage2_agg_aic_p0_chunk_b9_isl8192_ctx8192_d8_dctx8192_p1_pf8192_pp0_layers6_backend_auto_cg_off_pcg_off_tp1_profile_nsys__MLA时延拆解.csv,4,prefill,1,attn_mha,8192,12.526367,10.288512,kv_b_proj,sm90_fp8_gemm_1d2d_impl,2.805376,2805376,2
agg_aic_p0_chunk_b9_isl8192_ctx8192,strict_prefix0,/home/ai_lab/ljc/scale-up-sim/aiconfigurator/bench_data/h100_sxm/sglang/v0.5.9/deepseek_v3_mla/agg_csv/20260630_183416_agg_stage2_agg_aic_p0_chunk_b9_isl8192_ctx8192_d8_dctx8192_p1_pf8192_pp0_layers6_backend_auto_cg_off_pcg_off_tp1_profile_nsys__MLA时延拆解.csv,4,prefill,1,attn_mha,8192,12.526367,10.288512,kv_b_proj,per_token_group_quant_8bit_kernel,0.048384,48384,2
agg_aic_p0_chunk_b9_isl8192_ctx8192,strict_prefix0,/home/ai_lab/ljc/scale-up-sim/aiconfigurator/bench_data/h100_sxm/sglang/v0.5.9/deepseek_v3_mla/agg_csv/20260630_183416_agg_stage2_agg_aic_p0_chunk_b9_isl8192_ctx8192_d8_dctx8192_p1_pf8192_pp0_layers6_backend_auto_cg_off_pcg_off_tp1_profile_nsys__MLA时延拆解.csv,4,prefill,1,attn_mha,8192,12.526367,10.288512,attn_mha,device_kernel,5.23696,5236960,2
agg_aic_p0_chunk_b9_isl8192_ctx8192,strict_prefix0,/home/ai_lab/ljc/scale-up-sim/aiconfigurator/bench_data/h100_sxm/sglang/v0.5.9/deepseek_v3_mla/agg_csv/20260630_183416_agg_stage2_agg_aic_p0_chunk_b9_isl8192_ctx8192_d8_dctx8192_p1_pf8192_pp0_layers6_backend_auto_cg_off_pcg_off_tp1_profile_nsys__MLA时延拆解.csv,4,prefill,1,attn_mha,8192,12.526367,10.288512,attn_mha,prepare_varlen_num_blocks_kernel,0.003552,3552,2
agg_aic_p0_chunk_b9_isl8192_ctx8192,strict_prefix0,/home/ai_lab/ljc/scale-up-sim/aiconfigurator/bench_data/h100_sxm/sglang/v0.5.9/deepseek_v3_mla/agg_csv/20260630_183416_agg_stage2_agg_aic_p0_chunk_b9_isl8192_ctx8192_d8_dctx8192_p1_pf8192_pp0_layers6_backend_auto_cg_off_pcg_off_tp1_profile_nsys__MLA时延拆解.csv,4,prefill,1,attn_mha,8192,12.526367,10.288512,o_proj,sm90_fp8_gemm_1d2d_impl,1.149792,1149792,2
agg_aic_p0_chunk_b9_isl8192_ctx8192,strict_prefix0,/home/ai_lab/ljc/scale-up-sim/aiconfigurator/bench_data/h100_sxm/sglang/v0.5.9/deepseek_v3_mla/agg_csv/20260630_183416_agg_stage2_agg_aic_p0_chunk_b9_isl8192_ctx8192_d8_dctx8192_p1_pf8192_pp0_layers6_backend_auto_cg_off_pcg_off_tp1_profile_nsys__MLA时延拆解.csv,4,prefill,1,attn_mha,8192,12.526367,10.288512,o_proj,per_token_group_quant_8bit_kernel,0.162784,162784,2
agg_aic_p0_chunk_b9_isl8192_ctx8192,strict_prefix0,/home/ai_lab/ljc/scale-up-sim/aiconfigurator/bench_data/h100_sxm/sglang/v0.5.9/deepseek_v3_mla/agg_csv/20260630_183416_agg_stage2_agg_aic_p0_chunk_b9_isl8192_ctx8192_d8_dctx8192_p1_pf8192_pp0_layers6_backend_auto_cg_off_pcg_off_tp1_profile_nsys__MLA时延拆解.csv,5,prefill,1,attn_mha,8192,12.656447,10.418752,fused_qkv_a_proj_with_mqa,sm90_fp8_gemm_1d2d_impl,0.204096,204096,2
agg_aic_p0_chunk_b9_isl8192_ctx8192,strict_prefix0,/home/ai_lab/ljc/scale-up-sim/aiconfigurator/bench_data/h100_sxm/sglang/v0.5.9/deepseek_v3_mla/agg_csv/20260630_183416_agg_stage2_agg_aic_p0_chunk_b9_isl8192_ctx8192_d8_dctx8192_p1_pf8192_pp0_layers6_backend_auto_cg_off_pcg_off_tp1_profile_nsys__MLA时延拆解.csv,5,prefill,1,attn_mha,8192,12.656447,10.418752,fused_qkv_a_proj_with_mqa,per_token_group_quant_8bit_kernel,0.075072,75072,2
agg_aic_p0_chunk_b9_isl8192_ctx8192,strict_prefix0,/home/ai_lab/ljc/scale-up-sim/aiconfigurator/bench_data/h100_sxm/sglang/v0.5.9/deepseek_v3_mla/agg_csv/20260630_183416_agg_stage2_agg_aic_p0_chunk_b9_isl8192_ctx8192_d8_dctx8192_p1_pf8192_pp0_layers6_backend_auto_cg_off_pcg_off_tp1_profile_nsys__MLA时延拆解.csv,5,prefill,1,attn_mha,8192,12.656447,10.418752,q_a_layernorm,RMSNormKernel,0.018112,18112,1
agg_aic_p0_chunk_b9_isl8192_ctx8192,strict_prefix0,/home/ai_lab/ljc/scale-up-sim/aiconfigurator/bench_data/h100_sxm/sglang/v0.5.9/deepseek_v3_mla/agg_csv/20260630_183416_agg_stage2_agg_aic_p0_chunk_b9_isl8192_ctx8192_d8_dctx8192_p1_pf8192_pp0_layers6_backend_auto_cg_off_pcg_off_tp1_profile_nsys__MLA时延拆解.csv,5,prefill,1,attn_mha,8192,12.656447,10.418752,q_b_proj,sm90_fp8_gemm_1d2d_impl,0.441408,441408,2
agg_aic_p0_chunk_b9_isl8192_ctx8192,strict_prefix0,/home/ai_lab/ljc/scale-up-sim/aiconfigurator/bench_data/h100_sxm/sglang/v0.5.9/deepseek_v3_mla/agg_csv/20260630_183416_agg_stage2_agg_aic_p0_chunk_b9_isl8192_ctx8192_d8_dctx8192_p1_pf8192_pp0_layers6_backend_auto_cg_off_pcg_off_tp1_profile_nsys__MLA时延拆解.csv,5,prefill,1,attn_mha,8192,12.656447,10.418752,q_b_proj,per_token_group_quant_8bit_kernel,0.016672,16672,2
agg_aic_p0_chunk_b9_isl8192_ctx8192,strict_prefix0,/home/ai_lab/ljc/scale-up-sim/aiconfigurator/bench_data/h100_sxm/sglang/v0.5.9/deepseek_v3_mla/agg_csv/20260630_183416_agg_stage2_agg_aic_p0_chunk_b9_isl8192_ctx8192_d8_dctx8192_p1_pf8192_pp0_layers6_backend_auto_cg_off_pcg_off_tp1_profile_nsys__MLA时延拆解.csv,5,prefill,1,attn_mha,8192,12.656447,10.418752,kv_a_layernorm,RMSNormKernel,0.013088,13088,1
agg_aic_p0_chunk_b9_isl8192_ctx8192,strict_prefix0,/home/ai_lab/ljc/scale-up-sim/aiconfigurator/bench_data/h100_sxm/sglang/v0.5.9/deepseek_v3_mla/agg_csv/20260630_183416_agg_stage2_agg_aic_p0_chunk_b9_isl8192_ctx8192_d8_dctx8192_p1_pf8192_pp0_layers6_backend_auto_cg_off_pcg_off_tp1_profile_nsys__MLA时延拆解.csv,5,prefill,1,attn_mha,8192,12.656447,10.418752,rotary_emb,BatchQKApplyRotaryPosIdsCosSinCacheHeadParallelismKernel,0.106336,106336,1
agg_aic_p0_chunk_b9_isl8192_ctx8192,strict_prefix0,/home/ai_lab/ljc/scale-up-sim/aiconfigurator/bench_data/h100_sxm/sglang/v0.5.9/deepseek_v3_mla/agg_csv/20260630_183416_agg_stage2_agg_aic_p0_chunk_b9_isl8192_ctx8192_d8_dctx8192_p1_pf8192_pp0_layers6_backend_auto_cg_off_pcg_off_tp1_profile_nsys__MLA时延拆解.csv,5,prefill,1,attn_mha,8192,12.656447,10.418752,kv_b_proj,sm90_fp8_gemm_1d2d_impl,2.936448,2936448,2
agg_aic_p0_chunk_b9_isl8192_ctx8192,strict_prefix0,/home/ai_lab/ljc/scale-up-sim/aiconfigurator/bench_data/h100_sxm/sglang/v0.5.9/deepseek_v3_mla/agg_csv/20260630_183416_agg_stage2_agg_aic_p0_chunk_b9_isl8192_ctx8192_d8_dctx8192_p1_pf8192_pp0_layers6_backend_auto_cg_off_pcg_off_tp1_profile_nsys__MLA时延拆解.csv,5,prefill,1,attn_mha,8192,12.656447,10.418752,kv_b_proj,per_token_group_quant_8bit_kernel,0.048256,48256,2
agg_aic_p0_chunk_b9_isl8192_ctx8192,strict_prefix0,/home/ai_lab/ljc/scale-up-sim/aiconfigurator/bench_data/h100_sxm/sglang/v0.5.9/deepseek_v3_mla/agg_csv/20260630_183416_agg_stage2_agg_aic_p0_chunk_b9_isl8192_ctx8192_d8_dctx8192_p1_pf8192_pp0_layers6_backend_auto_cg_off_pcg_off_tp1_profile_nsys__MLA时延拆解.csv,5,prefill,1,attn_mha,8192,12.656447,10.418752,attn_mha,device_kernel,5.23888,5238880,2
agg_aic_p0_chunk_b9_isl8192_ctx8192,strict_prefix0,/home/ai_lab/ljc/scale-up-sim/aiconfigurator/bench_data/h100_sxm/sglang/v0.5.9/deepseek_v3_mla/agg_csv/20260630_183416_agg_stage2_agg_aic_p0_chunk_b9_isl8192_ctx8192_d8_dctx8192_p1_pf8192_pp0_layers6_backend_auto_cg_off_pcg_off_tp1_profile_nsys__MLA时延拆解.csv,5,prefill,1,attn_mha,8192,12.656447,10.418752,attn_mha,prepare_varlen_num_blocks_kernel,0.003488,3488,2
agg_aic_p0_chunk_b9_isl8192_ctx8192,strict_prefix0,/home/ai_lab/ljc/scale-up-sim/aiconfigurator/bench_data/h100_sxm/sglang/v0.5.9/deepseek_v3_mla/agg_csv/20260630_183416_agg_stage2_agg_aic_p0_chunk_b9_isl8192_ctx8192_d8_dctx8192_p1_pf8192_pp0_layers6_backend_auto_cg_off_pcg_off_tp1_profile_nsys__MLA时延拆解.csv,5,prefill,1,attn_mha,8192,12.656447,10.418752,o_proj,sm90_fp8_gemm_1d2d_impl,1.154976,1154976,2
agg_aic_p0_chunk_b9_isl8192_ctx8192,strict_prefix0,/home/ai_lab/ljc/scale-up-sim/aiconfigurator/bench_data/h100_sxm/sglang/v0.5.9/deepseek_v3_mla/agg_csv/20260630_183416_agg_stage2_agg_aic_p0_chunk_b9_isl8192_ctx8192_d8_dctx8192_p1_pf8192_pp0_layers6_backend_auto_cg_off_pcg_off_tp1_profile_nsys__MLA时延拆解.csv,5,prefill,1,attn_mha,8192,12.656447,10.418752,o_proj,per_token_group_quant_8bit_kernel,0.16192,161920,2
agg_aic_p0_dense_b36_isl1024_ctx4096,strict_prefix0,/home/ai_lab/ljc/scale-up-sim/aiconfigurator/bench_data/h100_sxm/sglang/v0.5.9/deepseek_v3_mla/agg_csv/20260630_183719_agg_stage2_agg_aic_p0_dense_b36_isl1024_ctx4096_d32_dctx1024_p4_pf1024_pp0_layers6_backend_auto_cg_off_pcg_off_tp1_profile_nsys__MLA时延拆解.csv,0,prefill,1,attn_mha,4128,7.858165,3.786203,fused_qkv_a_proj_with_mqa,sm90_fp8_gemm_1d2d_impl,0.105791,105791,2
agg_aic_p0_dense_b36_isl1024_ctx4096,strict_prefix0,/home/ai_lab/ljc/scale-up-sim/aiconfigurator/bench_data/h100_sxm/sglang/v0.5.9/deepseek_v3_mla/agg_csv/20260630_183719_agg_stage2_agg_aic_p0_dense_b36_isl1024_ctx4096_d32_dctx1024_p4_pf1024_pp0_layers6_backend_auto_cg_off_pcg_off_tp1_profile_nsys__MLA时延拆解.csv,0,prefill,1,attn_mha,4128,7.858165,3.786203,fused_qkv_a_proj_with_mqa,per_token_group_quant_8bit_kernel,0.038112,38112,2
agg_aic_p0_dense_b36_isl1024_ctx4096,strict_prefix0,/home/ai_lab/ljc/scale-up-sim/aiconfigurator/bench_data/h100_sxm/sglang/v0.5.9/deepseek_v3_mla/agg_csv/20260630_183719_agg_stage2_agg_aic_p0_dense_b36_isl1024_ctx4096_d32_dctx1024_p4_pf1024_pp0_layers6_backend_auto_cg_off_pcg_off_tp1_profile_nsys__MLA时延拆解.csv,0,prefill,1,attn_mha,4128,7.858165,3.786203,q_a_layernorm,RMSNormKernel,0.009184,9184,1
agg_aic_p0_dense_b36_isl1024_ctx4096,strict_prefix0,/home/ai_lab/ljc/scale-up-sim/aiconfigurator/bench_data/h100_sxm/sglang/v0.5.9/deepseek_v3_mla/agg_csv/20260630_183719_agg_stage2_agg_aic_p0_dense_b36_isl1024_ctx4096_d32_dctx1024_p4_pf1024_pp0_layers6_backend_auto_cg_off_pcg_off_tp1_profile_nsys__MLA时延拆解.csv,0,prefill,1,attn_mha,4128,7.858165,3.786203,q_b_proj,sm90_fp8_gemm_1d2d_impl,0.23376,233760,2
agg_aic_p0_dense_b36_isl1024_ctx4096,strict_prefix0,/home/ai_lab/ljc/scale-up-sim/aiconfigurator/bench_data/h100_sxm/sglang/v0.5.9/deepseek_v3_mla/agg_csv/20260630_183719_agg_stage2_agg_aic_p0_dense_b36_isl1024_ctx4096_d32_dctx1024_p4_pf1024_pp0_layers6_backend_auto_cg_off_pcg_off_tp1_profile_nsys__MLA时延拆解.csv,0,prefill,1,attn_mha,4128,7.858165,3.786203,q_b_proj,per_token_group_quant_8bit_kernel,0.007904,7904,2
agg_aic_p0_dense_b36_isl1024_ctx4096,strict_prefix0,/home/ai_lab/ljc/scale-up-sim/aiconfigurator/bench_data/h100_sxm/sglang/v0.5.9/deepseek_v3_mla/agg_csv/20260630_183719_agg_stage2_agg_aic_p0_dense_b36_isl1024_ctx4096_d32_dctx1024_p4_pf1024_pp0_layers6_backend_auto_cg_off_pcg_off_tp1_profile_nsys__MLA时延拆解.csv,0,prefill,1,attn_mha,4128,7.858165,3.786203,kv_a_layernorm,RMSNormKernel,0.00912,9120,1
agg_aic_p0_dense_b36_isl1024_ctx4096,strict_prefix0,/home/ai_lab/ljc/scale-up-sim/aiconfigurator/bench_data/h100_sxm/sglang/v0.5.9/deepseek_v3_mla/agg_csv/20260630_183719_agg_stage2_agg_aic_p0_dense_b36_isl1024_ctx4096_d32_dctx1024_p4_pf1024_pp0_layers6_backend_auto_cg_off_pcg_off_tp1_profile_nsys__MLA时延拆解.csv,0,prefill,1,attn_mha,4128,7.858165,3.786203,rotary_emb,BatchQKApplyRotaryPosIdsCosSinCacheHeadParallelismKernel,0.053216,53216,1
agg_aic_p0_dense_b36_isl1024_ctx4096,strict_prefix0,/home/ai_lab/ljc/scale-up-sim/aiconfigurator/bench_data/h100_sxm/sglang/v0.5.9/deepseek_v3_mla/agg_csv/20260630_183719_agg_stage2_agg_aic_p0_dense_b36_isl1024_ctx4096_d32_dctx1024_p4_pf1024_pp0_layers6_backend_auto_cg_off_pcg_off_tp1_profile_nsys__MLA时延拆解.csv,0,prefill,1,attn_mha,4128,7.858165,3.786203,kv_b_proj,sm90_fp8_gemm_1d2d_impl,1.263455,1263455,2
agg_aic_p0_dense_b36_isl1024_ctx4096,strict_prefix0,/home/ai_lab/ljc/scale-up-sim/aiconfigurator/bench_data/h100_sxm/sglang/v0.5.9/deepseek_v3_mla/agg_csv/20260630_183719_agg_stage2_agg_aic_p0_dense_b36_isl1024_ctx4096_d32_dctx1024_p4_pf1024_pp0_layers6_backend_auto_cg_off_pcg_off_tp1_profile_nsys__MLA时延拆解.csv,0,prefill,1,attn_mha,4128,7.858165,3.786203,kv_b_proj,per_token_group_quant_8bit_kernel,0.025312,25312,2
agg_aic_p0_dense_b36_isl1024_ctx4096,strict_prefix0,/home/ai_lab/ljc/scale-up-sim/aiconfigurator/bench_data/h100_sxm/sglang/v0.5.9/deepseek_v3_mla/agg_csv/20260630_183719_agg_stage2_agg_aic_p0_dense_b36_isl1024_ctx4096_d32_dctx1024_p4_pf1024_pp0_layers6_backend_auto_cg_off_pcg_off_tp1_profile_nsys__MLA时延拆解.csv,0,prefill,1,attn_mha,4128,7.858165,3.786203,attn_mha,device_kernel,1.320414,1320414,2
agg_aic_p0_dense_b36_isl1024_ctx4096,strict_prefix0,/home/ai_lab/ljc/scale-up-sim/aiconfigurator/bench_data/h100_sxm/sglang/v0.5.9/deepseek_v3_mla/agg_csv/20260630_183719_agg_stage2_agg_aic_p0_dense_b36_isl1024_ctx4096_d32_dctx1024_p4_pf1024_pp0_layers6_backend_auto_cg_off_pcg_off_tp1_profile_nsys__MLA时延拆解.csv,0,prefill,1,attn_mha,4128,7.858165,3.786203,attn_mha,prepare_varlen_num_blocks_kernel,0.003712,3712,2
agg_aic_p0_dense_b36_isl1024_ctx4096,strict_prefix0,/home/ai_lab/ljc/scale-up-sim/aiconfigurator/bench_data/h100_sxm/sglang/v0.5.9/deepseek_v3_mla/agg_csv/20260630_183719_agg_stage2_agg_aic_p0_dense_b36_isl1024_ctx4096_d32_dctx1024_p4_pf1024_pp0_layers6_backend_auto_cg_off_pcg_off_tp1_profile_nsys__MLA时延拆解.csv,0,prefill,1,attn_mha,4128,7.858165,3.786203,o_proj,sm90_fp8_gemm_1d2d_impl,0.634239,634239,2
agg_aic_p0_dense_b36_isl1024_ctx4096,strict_prefix0,/home/ai_lab/ljc/scale-up-sim/aiconfigurator/bench_data/h100_sxm/sglang/v0.5.9/deepseek_v3_mla/agg_csv/20260630_183719_agg_stage2_agg_aic_p0_dense_b36_isl1024_ctx4096_d32_dctx1024_p4_pf1024_pp0_layers6_backend_auto_cg_off_pcg_off_tp1_profile_nsys__MLA时延拆解.csv,0,prefill,1,attn_mha,4128,7.858165,3.786203,o_proj,per_token_group_quant_8bit_kernel,0.081984,81984,2
agg_aic_p0_dense_b36_isl1024_ctx4096,strict_prefix0,/home/ai_lab/ljc/scale-up-sim/aiconfigurator/bench_data/h100_sxm/sglang/v0.5.9/deepseek_v3_mla/agg_csv/20260630_183719_agg_stage2_agg_aic_p0_dense_b36_isl1024_ctx4096_d32_dctx1024_p4_pf1024_pp0_layers6_backend_auto_cg_off_pcg_off_tp1_profile_nsys__MLA时延拆解.csv,1,prefill,1,attn_mha,4128,4.952441,3.80969,fused_qkv_a_proj_with_mqa,sm90_fp8_gemm_1d2d_impl,0.104096,104096,2
agg_aic_p0_dense_b36_isl1024_ctx4096,strict_prefix0,/home/ai_lab/ljc/scale-up-sim/aiconfigurator/bench_data/h100_sxm/sglang/v0.5.9/deepseek_v3_mla/agg_csv/20260630_183719_agg_stage2_agg_aic_p0_dense_b36_isl1024_ctx4096_d32_dctx1024_p4_pf1024_pp0_layers6_backend_auto_cg_off_pcg_off_tp1_profile_nsys__MLA时延拆解.csv,1,prefill,1,attn_mha,4128,4.952441,3.80969,fused_qkv_a_proj_with_mqa,per_token_group_quant_8bit_kernel,0.038944,38944,2
agg_aic_p0_dense_b36_isl1024_ctx4096,strict_prefix0,/home/ai_lab/ljc/scale-up-sim/aiconfigurator/bench_data/h100_sxm/sglang/v0.5.9/deepseek_v3_mla/agg_csv/20260630_183719_agg_stage2_agg_aic_p0_dense_b36_isl1024_ctx4096_d32_dctx1024_p4_pf1024_pp0_layers6_backend_auto_cg_off_pcg_off_tp1_profile_nsys__MLA时延拆解.csv,1,prefill,1,attn_mha,4128,4.952441,3.80969,q_a_layernorm,RMSNormKernel,0.009568,9568,1
agg_aic_p0_dense_b36_isl1024_ctx4096,strict_prefix0,/home/ai_lab/ljc/scale-up-sim/aiconfigurator/bench_data/h100_sxm/sglang/v0.5.9/deepseek_v3_mla/agg_csv/20260630_183719_agg_stage2_agg_aic_p0_dense_b36_isl1024_ctx4096_d32_dctx1024_p4_pf1024_pp0_layers6_backend_auto_cg_off_pcg_off_tp1_profile_nsys__MLA时延拆解.csv,1,prefill,1,attn_mha,4128,4.952441,3.80969,q_b_proj,sm90_fp8_gemm_1d2d_impl,0.229343,229343,2
agg_aic_p0_dense_b36_isl1024_ctx4096,strict_prefix0,/home/ai_lab/ljc/scale-up-sim/aiconfigurator/bench_data/h100_sxm/sglang/v0.5.9/deepseek_v3_mla/agg_csv/20260630_183719_agg_stage2_agg_aic_p0_dense_b36_isl1024_ctx4096_d32_dctx1024_p4_pf1024_pp0_layers6_backend_auto_cg_off_pcg_off_tp1_profile_nsys__MLA时延拆解.csv,1,prefill,1,attn_mha,4128,4.952441,3.80969,q_b_proj,per_token_group_quant_8bit_kernel,0.007808,7808,2
agg_aic_p0_dense_b36_isl1024_ctx4096,strict_prefix0,/home/ai_lab/ljc/scale-up-sim/aiconfigurator/bench_data/h100_sxm/sglang/v0.5.9/deepseek_v3_mla/agg_csv/20260630_183719_agg_stage2_agg_aic_p0_dense_b36_isl1024_ctx4096_d32_dctx1024_p4_pf1024_pp0_layers6_backend_auto_cg_off_pcg_off_tp1_profile_nsys__MLA时延拆解.csv,1,prefill,1,attn_mha,4128,4.952441,3.80969,kv_a_layernorm,RMSNormKernel,0.008128,8128,1
agg_aic_p0_dense_b36_isl1024_ctx4096,strict_prefix0,/home/ai_lab/ljc/scale-up-sim/aiconfigurator/bench_data/h100_sxm/sglang/v0.5.9/deepseek_v3_mla/agg_csv/20260630_183719_agg_stage2_agg_aic_p0_dense_b36_isl1024_ctx4096_d32_dctx1024_p4_pf1024_pp0_layers6_backend_auto_cg_off_pcg_off_tp1_profile_nsys__MLA时延拆解.csv,1,prefill,1,attn_mha,4128,4.952441,3.80969,rotary_emb,BatchQKApplyRotaryPosIdsCosSinCacheHeadParallelismKernel,0.052544,52544,1
agg_aic_p0_dense_b36_isl1024_ctx4096,strict_prefix0,/home/ai_lab/ljc/scale-up-sim/aiconfigurator/bench_data/h100_sxm/sglang/v0.5.9/deepseek_v3_mla/agg_csv/20260630_183719_agg_stage2_agg_aic_p0_dense_b36_isl1024_ctx4096_d32_dctx1024_p4_pf1024_pp0_layers6_backend_auto_cg_off_pcg_off_tp1_profile_nsys__MLA时延拆解.csv,1,prefill,1,attn_mha,4128,4.952441,3.80969,kv_b_proj,sm90_fp8_gemm_1d2d_impl,1.30163,1301630,2
agg_aic_p0_dense_b36_isl1024_ctx4096,strict_prefix0,/home/ai_lab/ljc/scale-up-sim/aiconfigurator/bench_data/h100_sxm/sglang/v0.5.9/deepseek_v3_mla/agg_csv/20260630_183719_agg_stage2_agg_aic_p0_dense_b36_isl1024_ctx4096_d32_dctx1024_p4_pf1024_pp0_layers6_backend_auto_cg_off_pcg_off_tp1_profile_nsys__MLA时延拆解.csv,1,prefill,1,attn_mha,4128,4.952441,3.80969,kv_b_proj,per_token_group_quant_8bit_kernel,0.02496,24960,2
agg_aic_p0_dense_b36_isl1024_ctx4096,strict_prefix0,/home/ai_lab/ljc/scale-up-sim/aiconfigurator/bench_data/h100_sxm/sglang/v0.5.9/deepseek_v3_mla/agg_csv/20260630_183719_agg_stage2_agg_aic_p0_dense_b36_isl1024_ctx4096_d32_dctx1024_p4_pf1024_pp0_layers6_backend_auto_cg_off_pcg_off_tp1_profile_nsys__MLA时延拆解.csv,1,prefill,1,attn_mha,4128,4.952441,3.80969,attn_mha,device_kernel,1.31747,1317470,2
agg_aic_p0_dense_b36_isl1024_ctx4096,strict_prefix0,/home/ai_lab/ljc/scale-up-sim/aiconfigurator/bench_data/h100_sxm/sglang/v0.5.9/deepseek_v3_mla/agg_csv/20260630_183719_agg_stage2_agg_aic_p0_dense_b36_isl1024_ctx4096_d32_dctx1024_p4_pf1024_pp0_layers6_backend_auto_cg_off_pcg_off_tp1_profile_nsys__MLA时延拆解.csv,1,prefill,1,attn_mha,4128,4.952441,3.80969,attn_mha,prepare_varlen_num_blocks_kernel,0.003808,3808,2
agg_aic_p0_dense_b36_isl1024_ctx4096,strict_prefix0,/home/ai_lab/ljc/scale-up-sim/aiconfigurator/bench_data/h100_sxm/sglang/v0.5.9/deepseek_v3_mla/agg_csv/20260630_183719_agg_stage2_agg_aic_p0_dense_b36_isl1024_ctx4096_d32_dctx1024_p4_pf1024_pp0_layers6_backend_auto_cg_off_pcg_off_tp1_profile_nsys__MLA时延拆解.csv,1,prefill,1,attn_mha,4128,4.952441,3.80969,o_proj,sm90_fp8_gemm_1d2d_impl,0.629791,629791,2
agg_aic_p0_dense_b36_isl1024_ctx4096,strict_prefix0,/home/ai_lab/ljc/scale-up-sim/aiconfigurator/bench_data/h100_sxm/sglang/v0.5.9/deepseek_v3_mla/agg_csv/20260630_183719_agg_stage2_agg_aic_p0_dense_b36_isl1024_ctx4096_d32_dctx1024_p4_pf1024_pp0_layers6_backend_auto_cg_off_pcg_off_tp1_profile_nsys__MLA时延拆解.csv,1,prefill,1,attn_mha,4128,4.952441,3.80969,o_proj,per_token_group_quant_8bit_kernel,0.0816,81600,2
agg_aic_p0_dense_b36_isl1024_ctx4096,strict_prefix0,/home/ai_lab/ljc/scale-up-sim/aiconfigurator/bench_data/h100_sxm/sglang/v0.5.9/deepseek_v3_mla/agg_csv/20260630_183719_agg_stage2_agg_aic_p0_dense_b36_isl1024_ctx4096_d32_dctx1024_p4_pf1024_pp0_layers6_backend_auto_cg_off_pcg_off_tp1_profile_nsys__MLA时延拆解.csv,2,prefill,1,attn_mha,4128,5.063705,3.923866,fused_qkv_a_proj_with_mqa,sm90_fp8_gemm_1d2d_impl,0.106048,106048,2
agg_aic_p0_dense_b36_isl1024_ctx4096,strict_prefix0,/home/ai_lab/ljc/scale-up-sim/aiconfigurator/bench_data/h100_sxm/sglang/v0.5.9/deepseek_v3_mla/agg_csv/20260630_183719_agg_stage2_agg_aic_p0_dense_b36_isl1024_ctx4096_d32_dctx1024_p4_pf1024_pp0_layers6_backend_auto_cg_off_pcg_off_tp1_profile_nsys__MLA时延拆解.csv,2,prefill,1,attn_mha,4128,5.063705,3.923866,fused_qkv_a_proj_with_mqa,per_token_group_quant_8bit_kernel,0.040096,40096,2
agg_aic_p0_dense_b36_isl1024_ctx4096,strict_prefix0,/home/ai_lab/ljc/scale-up-sim/aiconfigurator/bench_data/h100_sxm/sglang/v0.5.9/deepseek_v3_mla/agg_csv/20260630_183719_agg_stage2_agg_aic_p0_dense_b36_isl1024_ctx4096_d32_dctx1024_p4_pf1024_pp0_layers6_backend_auto_cg_off_pcg_off_tp1_profile_nsys__MLA时延拆解.csv,2,prefill,1,attn_mha,4128,5.063705,3.923866,q_a_layernorm,RMSNormKernel,0.009312,9312,1
agg_aic_p0_dense_b36_isl1024_ctx4096,strict_prefix0,/home/ai_lab/ljc/scale-up-sim/aiconfigurator/bench_data/h100_sxm/sglang/v0.5.9/deepseek_v3_mla/agg_csv/20260630_183719_agg_stage2_agg_aic_p0_dense_b36_isl1024_ctx4096_d32_dctx1024_p4_pf1024_pp0_layers6_backend_auto_cg_off_pcg_off_tp1_profile_nsys__MLA时延拆解.csv,2,prefill,1,attn_mha,4128,5.063705,3.923866,q_b_proj,sm90_fp8_gemm_1d2d_impl,0.228767,228767,2
agg_aic_p0_dense_b36_isl1024_ctx4096,strict_prefix0,/home/ai_lab/ljc/scale-up-sim/aiconfigurator/bench_data/h100_sxm/sglang/v0.5.9/deepseek_v3_mla/agg_csv/20260630_183719_agg_stage2_agg_aic_p0_dense_b36_isl1024_ctx4096_d32_dctx1024_p4_pf1024_pp0_layers6_backend_auto_cg_off_pcg_off_tp1_profile_nsys__MLA时延拆解.csv,2,prefill,1,attn_mha,4128,5.063705,3.923866,q_b_proj,per_token_group_quant_8bit_kernel,0.007808,7808,2
agg_aic_p0_dense_b36_isl1024_ctx4096,strict_prefix0,/home/ai_lab/ljc/scale-up-sim/aiconfigurator/bench_data/h100_sxm/sglang/v0.5.9/deepseek_v3_mla/agg_csv/20260630_183719_agg_stage2_agg_aic_p0_dense_b36_isl1024_ctx4096_d32_dctx1024_p4_pf1024_pp0_layers6_backend_auto_cg_off_pcg_off_tp1_profile_nsys__MLA时延拆解.csv,2,prefill,1,attn_mha,4128,5.063705,3.923866,kv_a_layernorm,RMSNormKernel,0.008832,8832,1
agg_aic_p0_dense_b36_isl1024_ctx4096,strict_prefix0,/home/ai_lab/ljc/scale-up-sim/aiconfigurator/bench_data/h100_sxm/sglang/v0.5.9/deepseek_v3_mla/agg_csv/20260630_183719_agg_stage2_agg_aic_p0_dense_b36_isl1024_ctx4096_d32_dctx1024_p4_pf1024_pp0_layers6_backend_auto_cg_off_pcg_off_tp1_profile_nsys__MLA时延拆解.csv,2,prefill,1,attn_mha,4128,5.063705,3.923866,rotary_emb,BatchQKApplyRotaryPosIdsCosSinCacheHeadParallelismKernel,0.053024,53024,1
agg_aic_p0_dense_b36_isl1024_ctx4096,strict_prefix0,/home/ai_lab/ljc/scale-up-sim/aiconfigurator/bench_data/h100_sxm/sglang/v0.5.9/deepseek_v3_mla/agg_csv/20260630_183719_agg_stage2_agg_aic_p0_dense_b36_isl1024_ctx4096_d32_dctx1024_p4_pf1024_pp0_layers6_backend_auto_cg_off_pcg_off_tp1_profile_nsys__MLA时延拆解.csv,2,prefill,1,attn_mha,4128,5.063705,3.923866,kv_b_proj,sm90_fp8_gemm_1d2d_impl,1.400702,1400702,2
agg_aic_p0_dense_b36_isl1024_ctx4096,strict_prefix0,/home/ai_lab/ljc/scale-up-sim/aiconfigurator/bench_data/h100_sxm/sglang/v0.5.9/deepseek_v3_mla/agg_csv/20260630_183719_agg_stage2_agg_aic_p0_dense_b36_isl1024_ctx4096_d32_dctx1024_p4_pf1024_pp0_layers6_backend_auto_cg_off_pcg_off_tp1_profile_nsys__MLA时延拆解.csv,2,prefill,1,attn_mha,4128,5.063705,3.923866,kv_b_proj,per_token_group_quant_8bit_kernel,0.0256,25600,2
agg_aic_p0_dense_b36_isl1024_ctx4096,strict_prefix0,/home/ai_lab/ljc/scale-up-sim/aiconfigurator/bench_data/h100_sxm/sglang/v0.5.9/deepseek_v3_mla/agg_csv/20260630_183719_agg_stage2_agg_aic_p0_dense_b36_isl1024_ctx4096_d32_dctx1024_p4_pf1024_pp0_layers6_backend_auto_cg_off_pcg_off_tp1_profile_nsys__MLA时延拆解.csv,2,prefill,1,attn_mha,4128,5.063705,3.923866,attn_mha,device_kernel,1.32547,1325470,2
agg_aic_p0_dense_b36_isl1024_ctx4096,strict_prefix0,/home/ai_lab/ljc/scale-up-sim/aiconfigurator/bench_data/h100_sxm/sglang/v0.5.9/deepseek_v3_mla/agg_csv/20260630_183719_agg_stage2_agg_aic_p0_dense_b36_isl1024_ctx4096_d32_dctx1024_p4_pf1024_pp0_layers6_backend_auto_cg_off_pcg_off_tp1_profile_nsys__MLA时延拆解.csv,2,prefill,1,attn_mha,4128,5.063705,3.923866,attn_mha,prepare_varlen_num_blocks_kernel,0.003616,3616,2
agg_aic_p0_dense_b36_isl1024_ctx4096,strict_prefix0,/home/ai_lab/ljc/scale-up-sim/aiconfigurator/bench_data/h100_sxm/sglang/v0.5.9/deepseek_v3_mla/agg_csv/20260630_183719_agg_stage2_agg_aic_p0_dense_b36_isl1024_ctx4096_d32_dctx1024_p4_pf1024_pp0_layers6_backend_auto_cg_off_pcg_off_tp1_profile_nsys__MLA时延拆解.csv,2,prefill,1,attn_mha,4128,5.063705,3.923866,o_proj,sm90_fp8_gemm_1d2d_impl,0.633759,633759,2
agg_aic_p0_dense_b36_isl1024_ctx4096,strict_prefix0,/home/ai_lab/ljc/scale-up-sim/aiconfigurator/bench_data/h100_sxm/sglang/v0.5.9/deepseek_v3_mla/agg_csv/20260630_183719_agg_stage2_agg_aic_p0_dense_b36_isl1024_ctx4096_d32_dctx1024_p4_pf1024_pp0_layers6_backend_auto_cg_off_pcg_off_tp1_profile_nsys__MLA时延拆解.csv,2,prefill,1,attn_mha,4128,5.063705,3.923866,o_proj,per_token_group_quant_8bit_kernel,0.080832,80832,2
agg_aic_p0_dense_b36_isl1024_ctx4096,strict_prefix0,/home/ai_lab/ljc/scale-up-sim/aiconfigurator/bench_data/h100_sxm/sglang/v0.5.9/deepseek_v3_mla/agg_csv/20260630_183719_agg_stage2_agg_aic_p0_dense_b36_isl1024_ctx4096_d32_dctx1024_p4_pf1024_pp0_layers6_backend_auto_cg_off_pcg_off_tp1_profile_nsys__MLA时延拆解.csv,3,prefill,1,attn_mha,4128,4.966937,3.827482,fused_qkv_a_proj_with_mqa,sm90_fp8_gemm_1d2d_impl,0.103807,103807,2
agg_aic_p0_dense_b36_isl1024_ctx4096,strict_prefix0,/home/ai_lab/ljc/scale-up-sim/aiconfigurator/bench_data/h100_sxm/sglang/v0.5.9/deepseek_v3_mla/agg_csv/20260630_183719_agg_stage2_agg_aic_p0_dense_b36_isl1024_ctx4096_d32_dctx1024_p4_pf1024_pp0_layers6_backend_auto_cg_off_pcg_off_tp1_profile_nsys__MLA时延拆解.csv,3,prefill,1,attn_mha,4128,4.966937,3.827482,fused_qkv_a_proj_with_mqa,per_token_group_quant_8bit_kernel,0.038784,38784,2
agg_aic_p0_dense_b36_isl1024_ctx4096,strict_prefix0,/home/ai_lab/ljc/scale-up-sim/aiconfigurator/bench_data/h100_sxm/sglang/v0.5.9/deepseek_v3_mla/agg_csv/20260630_183719_agg_stage2_agg_aic_p0_dense_b36_isl1024_ctx4096_d32_dctx1024_p4_pf1024_pp0_layers6_backend_auto_cg_off_pcg_off_tp1_profile_nsys__MLA时延拆解.csv,3,prefill,1,attn_mha,4128,4.966937,3.827482,q_a_layernorm,RMSNormKernel,0.00944,9440,1
agg_aic_p0_dense_b36_isl1024_ctx4096,strict_prefix0,/home/ai_lab/ljc/scale-up-sim/aiconfigurator/bench_data/h100_sxm/sglang/v0.5.9/deepseek_v3_mla/agg_csv/20260630_183719_agg_stage2_agg_aic_p0_dense_b36_isl1024_ctx4096_d32_dctx1024_p4_pf1024_pp0_layers6_backend_auto_cg_off_pcg_off_tp1_profile_nsys__MLA时延拆解.csv,3,prefill,1,attn_mha,4128,4.966937,3.827482,q_b_proj,sm90_fp8_gemm_1d2d_impl,0.228128,228128,2
agg_aic_p0_dense_b36_isl1024_ctx4096,strict_prefix0,/home/ai_lab/ljc/scale-up-sim/aiconfigurator/bench_data/h100_sxm/sglang/v0.5.9/deepseek_v3_mla/agg_csv/20260630_183719_agg_stage2_agg_aic_p0_dense_b36_isl1024_ctx4096_d32_dctx1024_p4_pf1024_pp0_layers6_backend_auto_cg_off_pcg_off_tp1_profile_nsys__MLA时延拆解.csv,3,prefill,1,attn_mha,4128,4.966937,3.827482,q_b_proj,per_token_group_quant_8bit_kernel,0.007776,7776,2
agg_aic_p0_dense_b36_isl1024_ctx4096,strict_prefix0,/home/ai_lab/ljc/scale-up-sim/aiconfigurator/bench_data/h100_sxm/sglang/v0.5.9/deepseek_v3_mla/agg_csv/20260630_183719_agg_stage2_agg_aic_p0_dense_b36_isl1024_ctx4096_d32_dctx1024_p4_pf1024_pp0_layers6_backend_auto_cg_off_pcg_off_tp1_profile_nsys__MLA时延拆解.csv,3,prefill,1,attn_mha,4128,4.966937,3.827482,kv_a_layernorm,RMSNormKernel,0.00832,8320,1
agg_aic_p0_dense_b36_isl1024_ctx4096,strict_prefix0,/home/ai_lab/ljc/scale-up-sim/aiconfigurator/bench_data/h100_sxm/sglang/v0.5.9/deepseek_v3_mla/agg_csv/20260630_183719_agg_stage2_agg_aic_p0_dense_b36_isl1024_ctx4096_d32_dctx1024_p4_pf1024_pp0_layers6_backend_auto_cg_off_pcg_off_tp1_profile_nsys__MLA时延拆解.csv,3,prefill,1,attn_mha,4128,4.966937,3.827482,rotary_emb,BatchQKApplyRotaryPosIdsCosSinCacheHeadParallelismKernel,0.053472,53472,1
agg_aic_p0_dense_b36_isl1024_ctx4096,strict_prefix0,/home/ai_lab/ljc/scale-up-sim/aiconfigurator/bench_data/h100_sxm/sglang/v0.5.9/deepseek_v3_mla/agg_csv/20260630_183719_agg_stage2_agg_aic_p0_dense_b36_isl1024_ctx4096_d32_dctx1024_p4_pf1024_pp0_layers6_backend_auto_cg_off_pcg_off_tp1_profile_nsys__MLA时延拆解.csv,3,prefill,1,attn_mha,4128,4.966937,3.827482,kv_b_proj,sm90_fp8_gemm_1d2d_impl,1.314878,1314878,2
agg_aic_p0_dense_b36_isl1024_ctx4096,strict_prefix0,/home/ai_lab/ljc/scale-up-sim/aiconfigurator/bench_data/h100_sxm/sglang/v0.5.9/deepseek_v3_mla/agg_csv/20260630_183719_agg_stage2_agg_aic_p0_dense_b36_isl1024_ctx4096_d32_dctx1024_p4_pf1024_pp0_layers6_backend_auto_cg_off_pcg_off_tp1_profile_nsys__MLA时延拆解.csv,3,prefill,1,attn_mha,4128,4.966937,3.827482,kv_b_proj,per_token_group_quant_8bit_kernel,0.0248,24800,2
agg_aic_p0_dense_b36_isl1024_ctx4096,strict_prefix0,/home/ai_lab/ljc/scale-up-sim/aiconfigurator/bench_data/h100_sxm/sglang/v0.5.9/deepseek_v3_mla/agg_csv/20260630_183719_agg_stage2_agg_aic_p0_dense_b36_isl1024_ctx4096_d32_dctx1024_p4_pf1024_pp0_layers6_backend_auto_cg_off_pcg_off_tp1_profile_nsys__MLA时延拆解.csv,3,prefill,1,attn_mha,4128,4.966937,3.827482,attn_mha,device_kernel,1.32051,1320510,2
agg_aic_p0_dense_b36_isl1024_ctx4096,strict_prefix0,/home/ai_lab/ljc/scale-up-sim/aiconfigurator/bench_data/h100_sxm/sglang/v0.5.9/deepseek_v3_mla/agg_csv/20260630_183719_agg_stage2_agg_aic_p0_dense_b36_isl1024_ctx4096_d32_dctx1024_p4_pf1024_pp0_layers6_backend_auto_cg_off_pcg_off_tp1_profile_nsys__MLA时延拆解.csv,3,prefill,1,attn_mha,4128,4.966937,3.827482,attn_mha,prepare_varlen_num_blocks_kernel,0.00368,3680,2
agg_aic_p0_dense_b36_isl1024_ctx4096,strict_prefix0,/home/ai_lab/ljc/scale-up-sim/aiconfigurator/bench_data/h100_sxm/sglang/v0.5.9/deepseek_v3_mla/agg_csv/20260630_183719_agg_stage2_agg_aic_p0_dense_b36_isl1024_ctx4096_d32_dctx1024_p4_pf1024_pp0_layers6_backend_auto_cg_off_pcg_off_tp1_profile_nsys__MLA时延拆解.csv,3,prefill,1,attn_mha,4128,4.966937,3.827482,o_proj,sm90_fp8_gemm_1d2d_impl,0.632255,632255,2
agg_aic_p0_dense_b36_isl1024_ctx4096,strict_prefix0,/home/ai_lab/ljc/scale-up-sim/aiconfigurator/bench_data/h100_sxm/sglang/v0.5.9/deepseek_v3_mla/agg_csv/20260630_183719_agg_stage2_agg_aic_p0_dense_b36_isl1024_ctx4096_d32_dctx1024_p4_pf1024_pp0_layers6_backend_auto_cg_off_pcg_off_tp1_profile_nsys__MLA时延拆解.csv,3,prefill,1,attn_mha,4128,4.966937,3.827482,o_proj,per_token_group_quant_8bit_kernel,0.081632,81632,2
agg_aic_p0_dense_b36_isl1024_ctx4096,strict_prefix0,/home/ai_lab/ljc/scale-up-sim/aiconfigurator/bench_data/h100_sxm/sglang/v0.5.9/deepseek_v3_mla/agg_csv/20260630_183719_agg_stage2_agg_aic_p0_dense_b36_isl1024_ctx4096_d32_dctx1024_p4_pf1024_pp0_layers6_backend_auto_cg_off_pcg_off_tp1_profile_nsys__MLA时延拆解.csv,4,prefill,1,attn_mha,4128,4.881625,3.74041,fused_qkv_a_proj_with_mqa,sm90_fp8_gemm_1d2d_impl,0.103392,103392,2
agg_aic_p0_dense_b36_isl1024_ctx4096,strict_prefix0,/home/ai_lab/ljc/scale-up-sim/aiconfigurator/bench_data/h100_sxm/sglang/v0.5.9/deepseek_v3_mla/agg_csv/20260630_183719_agg_stage2_agg_aic_p0_dense_b36_isl1024_ctx4096_d32_dctx1024_p4_pf1024_pp0_layers6_backend_auto_cg_off_pcg_off_tp1_profile_nsys__MLA时延拆解.csv,4,prefill,1,attn_mha,4128,4.881625,3.74041,fused_qkv_a_proj_with_mqa,per_token_group_quant_8bit_kernel,0.03888,38880,2
agg_aic_p0_dense_b36_isl1024_ctx4096,strict_prefix0,/home/ai_lab/ljc/scale-up-sim/aiconfigurator/bench_data/h100_sxm/sglang/v0.5.9/deepseek_v3_mla/agg_csv/20260630_183719_agg_stage2_agg_aic_p0_dense_b36_isl1024_ctx4096_d32_dctx1024_p4_pf1024_pp0_layers6_backend_auto_cg_off_pcg_off_tp1_profile_nsys__MLA时延拆解.csv,4,prefill,1,attn_mha,4128,4.881625,3.74041,q_a_layernorm,RMSNormKernel,0.009376,9376,1
agg_aic_p0_dense_b36_isl1024_ctx4096,strict_prefix0,/home/ai_lab/ljc/scale-up-sim/aiconfigurator/bench_data/h100_sxm/sglang/v0.5.9/deepseek_v3_mla/agg_csv/20260630_183719_agg_stage2_agg_aic_p0_dense_b36_isl1024_ctx4096_d32_dctx1024_p4_pf1024_pp0_layers6_backend_auto_cg_off_pcg_off_tp1_profile_nsys__MLA时延拆解.csv,4,prefill,1,attn_mha,4128,4.881625,3.74041,q_b_proj,sm90_fp8_gemm_1d2d_impl,0.229119,229119,2
agg_aic_p0_dense_b36_isl1024_ctx4096,strict_prefix0,/home/ai_lab/ljc/scale-up-sim/aiconfigurator/bench_data/h100_sxm/sglang/v0.5.9/deepseek_v3_mla/agg_csv/20260630_183719_agg_stage2_agg_aic_p0_dense_b36_isl1024_ctx4096_d32_dctx1024_p4_pf1024_pp0_layers6_backend_auto_cg_off_pcg_off_tp1_profile_nsys__MLA时延拆解.csv,4,prefill,1,attn_mha,4128,4.881625,3.74041,q_b_proj,per_token_group_quant_8bit_kernel,0.007744,7744,2
agg_aic_p0_dense_b36_isl1024_ctx4096,strict_prefix0,/home/ai_lab/ljc/scale-up-sim/aiconfigurator/bench_data/h100_sxm/sglang/v0.5.9/deepseek_v3_mla/agg_csv/20260630_183719_agg_stage2_agg_aic_p0_dense_b36_isl1024_ctx4096_d32_dctx1024_p4_pf1024_pp0_layers6_backend_auto_cg_off_pcg_off_tp1_profile_nsys__MLA时延拆解.csv,4,prefill,1,attn_mha,4128,4.881625,3.74041,kv_a_layernorm,RMSNormKernel,0.008192,8192,1
agg_aic_p0_dense_b36_isl1024_ctx4096,strict_prefix0,/home/ai_lab/ljc/scale-up-sim/aiconfigurator/bench_data/h100_sxm/sglang/v0.5.9/deepseek_v3_mla/agg_csv/20260630_183719_agg_stage2_agg_aic_p0_dense_b36_isl1024_ctx4096_d32_dctx1024_p4_pf1024_pp0_layers6_backend_auto_cg_off_pcg_off_tp1_profile_nsys__MLA时延拆解.csv,4,prefill,1,attn_mha,4128,4.881625,3.74041,rotary_emb,BatchQKApplyRotaryPosIdsCosSinCacheHeadParallelismKernel,0.053024,53024,1
agg_aic_p0_dense_b36_isl1024_ctx4096,strict_prefix0,/home/ai_lab/ljc/scale-up-sim/aiconfigurator/bench_data/h100_sxm/sglang/v0.5.9/deepseek_v3_mla/agg_csv/20260630_183719_agg_stage2_agg_aic_p0_dense_b36_isl1024_ctx4096_d32_dctx1024_p4_pf1024_pp0_layers6_backend_auto_cg_off_pcg_off_tp1_profile_nsys__MLA时延拆解.csv,4,prefill,1,attn_mha,4128,4.881625,3.74041,kv_b_proj,sm90_fp8_gemm_1d2d_impl,1.22403,1224030,2
agg_aic_p0_dense_b36_isl1024_ctx4096,strict_prefix0,/home/ai_lab/ljc/scale-up-sim/aiconfigurator/bench_data/h100_sxm/sglang/v0.5.9/deepseek_v3_mla/agg_csv/20260630_183719_agg_stage2_agg_aic_p0_dense_b36_isl1024_ctx4096_d32_dctx1024_p4_pf1024_pp0_layers6_backend_auto_cg_off_pcg_off_tp1_profile_nsys__MLA时延拆解.csv,4,prefill,1,attn_mha,4128,4.881625,3.74041,kv_b_proj,per_token_group_quant_8bit_kernel,0.024832,24832,2
agg_aic_p0_dense_b36_isl1024_ctx4096,strict_prefix0,/home/ai_lab/ljc/scale-up-sim/aiconfigurator/bench_data/h100_sxm/sglang/v0.5.9/deepseek_v3_mla/agg_csv/20260630_183719_agg_stage2_agg_aic_p0_dense_b36_isl1024_ctx4096_d32_dctx1024_p4_pf1024_pp0_layers6_backend_auto_cg_off_pcg_off_tp1_profile_nsys__MLA时延拆解.csv,4,prefill,1,attn_mha,4128,4.881625,3.74041,attn_mha,device_kernel,1.32659,1326590,2
agg_aic_p0_dense_b36_isl1024_ctx4096,strict_prefix0,/home/ai_lab/ljc/scale-up-sim/aiconfigurator/bench_data/h100_sxm/sglang/v0.5.9/deepseek_v3_mla/agg_csv/20260630_183719_agg_stage2_agg_aic_p0_dense_b36_isl1024_ctx4096_d32_dctx1024_p4_pf1024_pp0_layers6_backend_auto_cg_off_pcg_off_tp1_profile_nsys__MLA时延拆解.csv,4,prefill,1,attn_mha,4128,4.881625,3.74041,attn_mha,prepare_varlen_num_blocks_kernel,0.003616,3616,2
agg_aic_p0_dense_b36_isl1024_ctx4096,strict_prefix0,/home/ai_lab/ljc/scale-up-sim/aiconfigurator/bench_data/h100_sxm/sglang/v0.5.9/deepseek_v3_mla/agg_csv/20260630_183719_agg_stage2_agg_aic_p0_dense_b36_isl1024_ctx4096_d32_dctx1024_p4_pf1024_pp0_layers6_backend_auto_cg_off_pcg_off_tp1_profile_nsys__MLA时延拆解.csv,4,prefill,1,attn_mha,4128,4.881625,3.74041,o_proj,sm90_fp8_gemm_1d2d_impl,0.630911,630911,2
agg_aic_p0_dense_b36_isl1024_ctx4096,strict_prefix0,/home/ai_lab/ljc/scale-up-sim/aiconfigurator/bench_data/h100_sxm/sglang/v0.5.9/deepseek_v3_mla/agg_csv/20260630_183719_agg_stage2_agg_aic_p0_dense_b36_isl1024_ctx4096_d32_dctx1024_p4_pf1024_pp0_layers6_backend_auto_cg_off_pcg_off_tp1_profile_nsys__MLA时延拆解.csv,4,prefill,1,attn_mha,4128,4.881625,3.74041,o_proj,per_token_group_quant_8bit_kernel,0.080704,80704,2
agg_aic_p0_dense_b36_isl1024_ctx4096,strict_prefix0,/home/ai_lab/ljc/scale-up-sim/aiconfigurator/bench_data/h100_sxm/sglang/v0.5.9/deepseek_v3_mla/agg_csv/20260630_183719_agg_stage2_agg_aic_p0_dense_b36_isl1024_ctx4096_d32_dctx1024_p4_pf1024_pp0_layers6_backend_auto_cg_off_pcg_off_tp1_profile_nsys__MLA时延拆解.csv,5,prefill,1,attn_mha,4128,4.932697,3.793691,fused_qkv_a_proj_with_mqa,sm90_fp8_gemm_1d2d_impl,0.102816,102816,2
agg_aic_p0_dense_b36_isl1024_ctx4096,strict_prefix0,/home/ai_lab/ljc/scale-up-sim/aiconfigurator/bench_data/h100_sxm/sglang/v0.5.9/deepseek_v3_mla/agg_csv/20260630_183719_agg_stage2_agg_aic_p0_dense_b36_isl1024_ctx4096_d32_dctx1024_p4_pf1024_pp0_layers6_backend_auto_cg_off_pcg_off_tp1_profile_nsys__MLA时延拆解.csv,5,prefill,1,attn_mha,4128,4.932697,3.793691,fused_qkv_a_proj_with_mqa,per_token_group_quant_8bit_kernel,0.038784,38784,2
agg_aic_p0_dense_b36_isl1024_ctx4096,strict_prefix0,/home/ai_lab/ljc/scale-up-sim/aiconfigurator/bench_data/h100_sxm/sglang/v0.5.9/deepseek_v3_mla/agg_csv/20260630_183719_agg_stage2_agg_aic_p0_dense_b36_isl1024_ctx4096_d32_dctx1024_p4_pf1024_pp0_layers6_backend_auto_cg_off_pcg_off_tp1_profile_nsys__MLA时延拆解.csv,5,prefill,1,attn_mha,4128,4.932697,3.793691,q_a_layernorm,RMSNormKernel,0.009536,9536,1
agg_aic_p0_dense_b36_isl1024_ctx4096,strict_prefix0,/home/ai_lab/ljc/scale-up-sim/aiconfigurator/bench_data/h100_sxm/sglang/v0.5.9/deepseek_v3_mla/agg_csv/20260630_183719_agg_stage2_agg_aic_p0_dense_b36_isl1024_ctx4096_d32_dctx1024_p4_pf1024_pp0_layers6_backend_auto_cg_off_pcg_off_tp1_profile_nsys__MLA时延拆解.csv,5,prefill,1,attn_mha,4128,4.932697,3.793691,q_b_proj,sm90_fp8_gemm_1d2d_impl,0.228256,228256,2
agg_aic_p0_dense_b36_isl1024_ctx4096,strict_prefix0,/home/ai_lab/ljc/scale-up-sim/aiconfigurator/bench_data/h100_sxm/sglang/v0.5.9/deepseek_v3_mla/agg_csv/20260630_183719_agg_stage2_agg_aic_p0_dense_b36_isl1024_ctx4096_d32_dctx1024_p4_pf1024_pp0_layers6_backend_auto_cg_off_pcg_off_tp1_profile_nsys__MLA时延拆解.csv,5,prefill,1,attn_mha,4128,4.932697,3.793691,q_b_proj,per_token_group_quant_8bit_kernel,0.007936,7936,2
agg_aic_p0_dense_b36_isl1024_ctx4096,strict_prefix0,/home/ai_lab/ljc/scale-up-sim/aiconfigurator/bench_data/h100_sxm/sglang/v0.5.9/deepseek_v3_mla/agg_csv/20260630_183719_agg_stage2_agg_aic_p0_dense_b36_isl1024_ctx4096_d32_dctx1024_p4_pf1024_pp0_layers6_backend_auto_cg_off_pcg_off_tp1_profile_nsys__MLA时延拆解.csv,5,prefill,1,attn_mha,4128,4.932697,3.793691,kv_a_layernorm,RMSNormKernel,0.009216,9216,1
agg_aic_p0_dense_b36_isl1024_ctx4096,strict_prefix0,/home/ai_lab/ljc/scale-up-sim/aiconfigurator/bench_data/h100_sxm/sglang/v0.5.9/deepseek_v3_mla/agg_csv/20260630_183719_agg_stage2_agg_aic_p0_dense_b36_isl1024_ctx4096_d32_dctx1024_p4_pf1024_pp0_layers6_backend_auto_cg_off_pcg_off_tp1_profile_nsys__MLA时延拆解.csv,5,prefill,1,attn_mha,4128,4.932697,3.793691,rotary_emb,BatchQKApplyRotaryPosIdsCosSinCacheHeadParallelismKernel,0.052223,52223,1
agg_aic_p0_dense_b36_isl1024_ctx4096,strict_prefix0,/home/ai_lab/ljc/scale-up-sim/aiconfigurator/bench_data/h100_sxm/sglang/v0.5.9/deepseek_v3_mla/agg_csv/20260630_183719_agg_stage2_agg_aic_p0_dense_b36_isl1024_ctx4096_d32_dctx1024_p4_pf1024_pp0_layers6_backend_auto_cg_off_pcg_off_tp1_profile_nsys__MLA时延拆解.csv,5,prefill,1,attn_mha,4128,4.932697,3.793691,kv_b_proj,sm90_fp8_gemm_1d2d_impl,1.285759,1285759,2
agg_aic_p0_dense_b36_isl1024_ctx4096,strict_prefix0,/home/ai_lab/ljc/scale-up-sim/aiconfigurator/bench_data/h100_sxm/sglang/v0.5.9/deepseek_v3_mla/agg_csv/20260630_183719_agg_stage2_agg_aic_p0_dense_b36_isl1024_ctx4096_d32_dctx1024_p4_pf1024_pp0_layers6_backend_auto_cg_off_pcg_off_tp1_profile_nsys__MLA时延拆解.csv,5,prefill,1,attn_mha,4128,4.932697,3.793691,kv_b_proj,per_token_group_quant_8bit_kernel,0.024928,24928,2
agg_aic_p0_dense_b36_isl1024_ctx4096,strict_prefix0,/home/ai_lab/ljc/scale-up-sim/aiconfigurator/bench_data/h100_sxm/sglang/v0.5.9/deepseek_v3_mla/agg_csv/20260630_183719_agg_stage2_agg_aic_p0_dense_b36_isl1024_ctx4096_d32_dctx1024_p4_pf1024_pp0_layers6_backend_auto_cg_off_pcg_off_tp1_profile_nsys__MLA时延拆解.csv,5,prefill,1,attn_mha,4128,4.932697,3.793691,attn_mha,device_kernel,1.31939,1319390,2
agg_aic_p0_dense_b36_isl1024_ctx4096,strict_prefix0,/home/ai_lab/ljc/scale-up-sim/aiconfigurator/bench_data/h100_sxm/sglang/v0.5.9/deepseek_v3_mla/agg_csv/20260630_183719_agg_stage2_agg_aic_p0_dense_b36_isl1024_ctx4096_d32_dctx1024_p4_pf1024_pp0_layers6_backend_auto_cg_off_pcg_off_tp1_profile_nsys__MLA时延拆解.csv,5,prefill,1,attn_mha,4128,4.932697,3.793691,attn_mha,prepare_varlen_num_blocks_kernel,0.003648,3648,2
agg_aic_p0_dense_b36_isl1024_ctx4096,strict_prefix0,/home/ai_lab/ljc/scale-up-sim/aiconfigurator/bench_data/h100_sxm/sglang/v0.5.9/deepseek_v3_mla/agg_csv/20260630_183719_agg_stage2_agg_aic_p0_dense_b36_isl1024_ctx4096_d32_dctx1024_p4_pf1024_pp0_layers6_backend_auto_cg_off_pcg_off_tp1_profile_nsys__MLA时延拆解.csv,5,prefill,1,attn_mha,4128,4.932697,3.793691,o_proj,sm90_fp8_gemm_1d2d_impl,0.629983,629983,2
agg_aic_p0_dense_b36_isl1024_ctx4096,strict_prefix0,/home/ai_lab/ljc/scale-up-sim/aiconfigurator/bench_data/h100_sxm/sglang/v0.5.9/deepseek_v3_mla/agg_csv/20260630_183719_agg_stage2_agg_aic_p0_dense_b36_isl1024_ctx4096_d32_dctx1024_p4_pf1024_pp0_layers6_backend_auto_cg_off_pcg_off_tp1_profile_nsys__MLA时延拆解.csv,5,prefill,1,attn_mha,4128,4.932697,3.793691,o_proj,per_token_group_quant_8bit_kernel,0.081216,81216,2
agg_aic_p0_dense_prefill_b40_isl512_ctx4096,strict_prefix0,/home/ai_lab/ljc/scale-up-sim/aiconfigurator/bench_data/h100_sxm/sglang/v0.5.9/deepseek_v3_mla/agg_csv/20260630_184151_agg_stage2_agg_aic_p0_dense_prefill_b40_isl512_ctx4096_d32_dctx512_p8_pf512_pp0_layers6_backend_auto_cg_off_pcg_off_tp1_profile_nsys__MLA时延拆解.csv,0,prefill,1,attn_mha,4128,5.426527,2.718144,fused_qkv_a_proj_with_mqa,sm90_fp8_gemm_1d2d_impl,0.103232,103232,2
agg_aic_p0_dense_prefill_b40_isl512_ctx4096,strict_prefix0,/home/ai_lab/ljc/scale-up-sim/aiconfigurator/bench_data/h100_sxm/sglang/v0.5.9/deepseek_v3_mla/agg_csv/20260630_184151_agg_stage2_agg_aic_p0_dense_prefill_b40_isl512_ctx4096_d32_dctx512_p8_pf512_pp0_layers6_backend_auto_cg_off_pcg_off_tp1_profile_nsys__MLA时延拆解.csv,0,prefill,1,attn_mha,4128,5.426527,2.718144,fused_qkv_a_proj_with_mqa,per_token_group_quant_8bit_kernel,0.038368,38368,2
agg_aic_p0_dense_prefill_b40_isl512_ctx4096,strict_prefix0,/home/ai_lab/ljc/scale-up-sim/aiconfigurator/bench_data/h100_sxm/sglang/v0.5.9/deepseek_v3_mla/agg_csv/20260630_184151_agg_stage2_agg_aic_p0_dense_prefill_b40_isl512_ctx4096_d32_dctx512_p8_pf512_pp0_layers6_backend_auto_cg_off_pcg_off_tp1_profile_nsys__MLA时延拆解.csv,0,prefill,1,attn_mha,4128,5.426527,2.718144,q_a_layernorm,RMSNormKernel,0.00928,9280,1
agg_aic_p0_dense_prefill_b40_isl512_ctx4096,strict_prefix0,/home/ai_lab/ljc/scale-up-sim/aiconfigurator/bench_data/h100_sxm/sglang/v0.5.9/deepseek_v3_mla/agg_csv/20260630_184151_agg_stage2_agg_aic_p0_dense_prefill_b40_isl512_ctx4096_d32_dctx512_p8_pf512_pp0_layers6_backend_auto_cg_off_pcg_off_tp1_profile_nsys__MLA时延拆解.csv,0,prefill,1,attn_mha,4128,5.426527,2.718144,q_b_proj,sm90_fp8_gemm_1d2d_impl,0.233728,233728,2
agg_aic_p0_dense_prefill_b40_isl512_ctx4096,strict_prefix0,/home/ai_lab/ljc/scale-up-sim/aiconfigurator/bench_data/h100_sxm/sglang/v0.5.9/deepseek_v3_mla/agg_csv/20260630_184151_agg_stage2_agg_aic_p0_dense_prefill_b40_isl512_ctx4096_d32_dctx512_p8_pf512_pp0_layers6_backend_auto_cg_off_pcg_off_tp1_profile_nsys__MLA时延拆解.csv,0,prefill,1,attn_mha,4128,5.426527,2.718144,q_b_proj,per_token_group_quant_8bit_kernel,0.007808,7808,2
agg_aic_p0_dense_prefill_b40_isl512_ctx4096,strict_prefix0,/home/ai_lab/ljc/scale-up-sim/aiconfigurator/bench_data/h100_sxm/sglang/v0.5.9/deepseek_v3_mla/agg_csv/20260630_184151_agg_stage2_agg_aic_p0_dense_prefill_b40_isl512_ctx4096_d32_dctx512_p8_pf512_pp0_layers6_backend_auto_cg_off_pcg_off_tp1_profile_nsys__MLA时延拆解.csv,0,prefill,1,attn_mha,4128,5.426527,2.718144,kv_a_layernorm,RMSNormKernel,0.008032,8032,1
agg_aic_p0_dense_prefill_b40_isl512_ctx4096,strict_prefix0,/home/ai_lab/ljc/scale-up-sim/aiconfigurator/bench_data/h100_sxm/sglang/v0.5.9/deepseek_v3_mla/agg_csv/20260630_184151_agg_stage2_agg_aic_p0_dense_prefill_b40_isl512_ctx4096_d32_dctx512_p8_pf512_pp0_layers6_backend_auto_cg_off_pcg_off_tp1_profile_nsys__MLA时延拆解.csv,0,prefill,1,attn_mha,4128,5.426527,2.718144,rotary_emb,BatchQKApplyRotaryPosIdsCosSinCacheHeadParallelismKernel,0.052992,52992,1
agg_aic_p0_dense_prefill_b40_isl512_ctx4096,strict_prefix0,/home/ai_lab/ljc/scale-up-sim/aiconfigurator/bench_data/h100_sxm/sglang/v0.5.9/deepseek_v3_mla/agg_csv/20260630_184151_agg_stage2_agg_aic_p0_dense_prefill_b40_isl512_ctx4096_d32_dctx512_p8_pf512_pp0_layers6_backend_auto_cg_off_pcg_off_tp1_profile_nsys__MLA时延拆解.csv,0,prefill,1,attn_mha,4128,5.426527,2.718144,kv_b_proj,sm90_fp8_gemm_1d2d_impl,0.73216,732160,2
agg_aic_p0_dense_prefill_b40_isl512_ctx4096,strict_prefix0,/home/ai_lab/ljc/scale-up-sim/aiconfigurator/bench_data/h100_sxm/sglang/v0.5.9/deepseek_v3_mla/agg_csv/20260630_184151_agg_stage2_agg_aic_p0_dense_prefill_b40_isl512_ctx4096_d32_dctx512_p8_pf512_pp0_layers6_backend_auto_cg_off_pcg_off_tp1_profile_nsys__MLA时延拆解.csv,0,prefill,1,attn_mha,4128,5.426527,2.718144,kv_b_proj,per_token_group_quant_8bit_kernel,0.014496,14496,2
agg_aic_p0_dense_prefill_b40_isl512_ctx4096,strict_prefix0,/home/ai_lab/ljc/scale-up-sim/aiconfigurator/bench_data/h100_sxm/sglang/v0.5.9/deepseek_v3_mla/agg_csv/20260630_184151_agg_stage2_agg_aic_p0_dense_prefill_b40_isl512_ctx4096_d32_dctx512_p8_pf512_pp0_layers6_backend_auto_cg_off_pcg_off_tp1_profile_nsys__MLA时延拆解.csv,0,prefill,1,attn_mha,4128,5.426527,2.718144,attn_mha,device_kernel,0.801536,801536,2
agg_aic_p0_dense_prefill_b40_isl512_ctx4096,strict_prefix0,/home/ai_lab/ljc/scale-up-sim/aiconfigurator/bench_data/h100_sxm/sglang/v0.5.9/deepseek_v3_mla/agg_csv/20260630_184151_agg_stage2_agg_aic_p0_dense_prefill_b40_isl512_ctx4096_d32_dctx512_p8_pf512_pp0_layers6_backend_auto_cg_off_pcg_off_tp1_profile_nsys__MLA时延拆解.csv,0,prefill,1,attn_mha,4128,5.426527,2.718144,attn_mha,prepare_varlen_num_blocks_kernel,0.003616,3616,2
agg_aic_p0_dense_prefill_b40_isl512_ctx4096,strict_prefix0,/home/ai_lab/ljc/scale-up-sim/aiconfigurator/bench_data/h100_sxm/sglang/v0.5.9/deepseek_v3_mla/agg_csv/20260630_184151_agg_stage2_agg_aic_p0_dense_prefill_b40_isl512_ctx4096_d32_dctx512_p8_pf512_pp0_layers6_backend_auto_cg_off_pcg_off_tp1_profile_nsys__MLA时延拆解.csv,0,prefill,1,attn_mha,4128,5.426527,2.718144,o_proj,sm90_fp8_gemm_1d2d_impl,0.631392,631392,2
agg_aic_p0_dense_prefill_b40_isl512_ctx4096,strict_prefix0,/home/ai_lab/ljc/scale-up-sim/aiconfigurator/bench_data/h100_sxm/sglang/v0.5.9/deepseek_v3_mla/agg_csv/20260630_184151_agg_stage2_agg_aic_p0_dense_prefill_b40_isl512_ctx4096_d32_dctx512_p8_pf512_pp0_layers6_backend_auto_cg_off_pcg_off_tp1_profile_nsys__MLA时延拆解.csv,0,prefill,1,attn_mha,4128,5.426527,2.718144,o_proj,per_token_group_quant_8bit_kernel,0.081504,81504,2
agg_aic_p0_dense_prefill_b40_isl512_ctx4096,strict_prefix0,/home/ai_lab/ljc/scale-up-sim/aiconfigurator/bench_data/h100_sxm/sglang/v0.5.9/deepseek_v3_mla/agg_csv/20260630_184151_agg_stage2_agg_aic_p0_dense_prefill_b40_isl512_ctx4096_d32_dctx512_p8_pf512_pp0_layers6_backend_auto_cg_off_pcg_off_tp1_profile_nsys__MLA时延拆解.csv,1,prefill,1,attn_mha,4128,3.322303,2.669439,fused_qkv_a_proj_with_mqa,sm90_fp8_gemm_1d2d_impl,0.102368,102368,2
agg_aic_p0_dense_prefill_b40_isl512_ctx4096,strict_prefix0,/home/ai_lab/ljc/scale-up-sim/aiconfigurator/bench_data/h100_sxm/sglang/v0.5.9/deepseek_v3_mla/agg_csv/20260630_184151_agg_stage2_agg_aic_p0_dense_prefill_b40_isl512_ctx4096_d32_dctx512_p8_pf512_pp0_layers6_backend_auto_cg_off_pcg_off_tp1_profile_nsys__MLA时延拆解.csv,1,prefill,1,attn_mha,4128,3.322303,2.669439,fused_qkv_a_proj_with_mqa,per_token_group_quant_8bit_kernel,0.03904,39040,2
agg_aic_p0_dense_prefill_b40_isl512_ctx4096,strict_prefix0,/home/ai_lab/ljc/scale-up-sim/aiconfigurator/bench_data/h100_sxm/sglang/v0.5.9/deepseek_v3_mla/agg_csv/20260630_184151_agg_stage2_agg_aic_p0_dense_prefill_b40_isl512_ctx4096_d32_dctx512_p8_pf512_pp0_layers6_backend_auto_cg_off_pcg_off_tp1_profile_nsys__MLA时延拆解.csv,1,prefill,1,attn_mha,4128,3.322303,2.669439,q_a_layernorm,RMSNormKernel,0.009664,9664,1
agg_aic_p0_dense_prefill_b40_isl512_ctx4096,strict_prefix0,/home/ai_lab/ljc/scale-up-sim/aiconfigurator/bench_data/h100_sxm/sglang/v0.5.9/deepseek_v3_mla/agg_csv/20260630_184151_agg_stage2_agg_aic_p0_dense_prefill_b40_isl512_ctx4096_d32_dctx512_p8_pf512_pp0_layers6_backend_auto_cg_off_pcg_off_tp1_profile_nsys__MLA时延拆解.csv,1,prefill,1,attn_mha,4128,3.322303,2.669439,q_b_proj,sm90_fp8_gemm_1d2d_impl,0.227456,227456,2
agg_aic_p0_dense_prefill_b40_isl512_ctx4096,strict_prefix0,/home/ai_lab/ljc/scale-up-sim/aiconfigurator/bench_data/h100_sxm/sglang/v0.5.9/deepseek_v3_mla/agg_csv/20260630_184151_agg_stage2_agg_aic_p0_dense_prefill_b40_isl512_ctx4096_d32_dctx512_p8_pf512_pp0_layers6_backend_auto_cg_off_pcg_off_tp1_profile_nsys__MLA时延拆解.csv,1,prefill,1,attn_mha,4128,3.322303,2.669439,q_b_proj,per_token_group_quant_8bit_kernel,0.007776,7776,2
agg_aic_p0_dense_prefill_b40_isl512_ctx4096,strict_prefix0,/home/ai_lab/ljc/scale-up-sim/aiconfigurator/bench_data/h100_sxm/sglang/v0.5.9/deepseek_v3_mla/agg_csv/20260630_184151_agg_stage2_agg_aic_p0_dense_prefill_b40_isl512_ctx4096_d32_dctx512_p8_pf512_pp0_layers6_backend_auto_cg_off_pcg_off_tp1_profile_nsys__MLA时延拆解.csv,1,prefill,1,attn_mha,4128,3.322303,2.669439,kv_a_layernorm,RMSNormKernel,0.007968,7968,1
agg_aic_p0_dense_prefill_b40_isl512_ctx4096,strict_prefix0,/home/ai_lab/ljc/scale-up-sim/aiconfigurator/bench_data/h100_sxm/sglang/v0.5.9/deepseek_v3_mla/agg_csv/20260630_184151_agg_stage2_agg_aic_p0_dense_prefill_b40_isl512_ctx4096_d32_dctx512_p8_pf512_pp0_layers6_backend_auto_cg_off_pcg_off_tp1_profile_nsys__MLA时延拆解.csv,1,prefill,1,attn_mha,4128,3.322303,2.669439,rotary_emb,BatchQKApplyRotaryPosIdsCosSinCacheHeadParallelismKernel,0.052832,52832,1
agg_aic_p0_dense_prefill_b40_isl512_ctx4096,strict_prefix0,/home/ai_lab/ljc/scale-up-sim/aiconfigurator/bench_data/h100_sxm/sglang/v0.5.9/deepseek_v3_mla/agg_csv/20260630_184151_agg_stage2_agg_aic_p0_dense_prefill_b40_isl512_ctx4096_d32_dctx512_p8_pf512_pp0_layers6_backend_auto_cg_off_pcg_off_tp1_profile_nsys__MLA时延拆解.csv,1,prefill,1,attn_mha,4128,3.322303,2.669439,kv_b_proj,sm90_fp8_gemm_1d2d_impl,0.698272,698272,2
agg_aic_p0_dense_prefill_b40_isl512_ctx4096,strict_prefix0,/home/ai_lab/ljc/scale-up-sim/aiconfigurator/bench_data/h100_sxm/sglang/v0.5.9/deepseek_v3_mla/agg_csv/20260630_184151_agg_stage2_agg_aic_p0_dense_prefill_b40_isl512_ctx4096_d32_dctx512_p8_pf512_pp0_layers6_backend_auto_cg_off_pcg_off_tp1_profile_nsys__MLA时延拆解.csv,1,prefill,1,attn_mha,4128,3.322303,2.669439,kv_b_proj,per_token_group_quant_8bit_kernel,0.014592,14592,2
agg_aic_p0_dense_prefill_b40_isl512_ctx4096,strict_prefix0,/home/ai_lab/ljc/scale-up-sim/aiconfigurator/bench_data/h100_sxm/sglang/v0.5.9/deepseek_v3_mla/agg_csv/20260630_184151_agg_stage2_agg_aic_p0_dense_prefill_b40_isl512_ctx4096_d32_dctx512_p8_pf512_pp0_layers6_backend_auto_cg_off_pcg_off_tp1_profile_nsys__MLA时延拆解.csv,1,prefill,1,attn_mha,4128,3.322303,2.669439,attn_mha,device_kernel,0.793984,793984,2
agg_aic_p0_dense_prefill_b40_isl512_ctx4096,strict_prefix0,/home/ai_lab/ljc/scale-up-sim/aiconfigurator/bench_data/h100_sxm/sglang/v0.5.9/deepseek_v3_mla/agg_csv/20260630_184151_agg_stage2_agg_aic_p0_dense_prefill_b40_isl512_ctx4096_d32_dctx512_p8_pf512_pp0_layers6_backend_auto_cg_off_pcg_off_tp1_profile_nsys__MLA时延拆解.csv,1,prefill,1,attn_mha,4128,3.322303,2.669439,attn_mha,prepare_varlen_num_blocks_kernel,0.003647,3647,2
agg_aic_p0_dense_prefill_b40_isl512_ctx4096,strict_prefix0,/home/ai_lab/ljc/scale-up-sim/aiconfigurator/bench_data/h100_sxm/sglang/v0.5.9/deepseek_v3_mla/agg_csv/20260630_184151_agg_stage2_agg_aic_p0_dense_prefill_b40_isl512_ctx4096_d32_dctx512_p8_pf512_pp0_layers6_backend_auto_cg_off_pcg_off_tp1_profile_nsys__MLA时延拆解.csv,1,prefill,1,attn_mha,4128,3.322303,2.669439,o_proj,sm90_fp8_gemm_1d2d_impl,0.630656,630656,2
agg_aic_p0_dense_prefill_b40_isl512_ctx4096,strict_prefix0,/home/ai_lab/ljc/scale-up-sim/aiconfigurator/bench_data/h100_sxm/sglang/v0.5.9/deepseek_v3_mla/agg_csv/20260630_184151_agg_stage2_agg_aic_p0_dense_prefill_b40_isl512_ctx4096_d32_dctx512_p8_pf512_pp0_layers6_backend_auto_cg_off_pcg_off_tp1_profile_nsys__MLA时延拆解.csv,1,prefill,1,attn_mha,4128,3.322303,2.669439,o_proj,per_token_group_quant_8bit_kernel,0.081184,81184,2
agg_aic_p0_dense_prefill_b40_isl512_ctx4096,strict_prefix0,/home/ai_lab/ljc/scale-up-sim/aiconfigurator/bench_data/h100_sxm/sglang/v0.5.9/deepseek_v3_mla/agg_csv/20260630_184151_agg_stage2_agg_aic_p0_dense_prefill_b40_isl512_ctx4096_d32_dctx512_p8_pf512_pp0_layers6_backend_auto_cg_off_pcg_off_tp1_profile_nsys__MLA时延拆解.csv,2,prefill,1,attn_mha,4128,3.296064,2.637696,fused_qkv_a_proj_with_mqa,sm90_fp8_gemm_1d2d_impl,0.108864,108864,2
agg_aic_p0_dense_prefill_b40_isl512_ctx4096,strict_prefix0,/home/ai_lab/ljc/scale-up-sim/aiconfigurator/bench_data/h100_sxm/sglang/v0.5.9/deepseek_v3_mla/agg_csv/20260630_184151_agg_stage2_agg_aic_p0_dense_prefill_b40_isl512_ctx4096_d32_dctx512_p8_pf512_pp0_layers6_backend_auto_cg_off_pcg_off_tp1_profile_nsys__MLA时延拆解.csv,2,prefill,1,attn_mha,4128,3.296064,2.637696,fused_qkv_a_proj_with_mqa,per_token_group_quant_8bit_kernel,0.038784,38784,2
agg_aic_p0_dense_prefill_b40_isl512_ctx4096,strict_prefix0,/home/ai_lab/ljc/scale-up-sim/aiconfigurator/bench_data/h100_sxm/sglang/v0.5.9/deepseek_v3_mla/agg_csv/20260630_184151_agg_stage2_agg_aic_p0_dense_prefill_b40_isl512_ctx4096_d32_dctx512_p8_pf512_pp0_layers6_backend_auto_cg_off_pcg_off_tp1_profile_nsys__MLA时延拆解.csv,2,prefill,1,attn_mha,4128,3.296064,2.637696,q_a_layernorm,RMSNormKernel,0.009408,9408,1
agg_aic_p0_dense_prefill_b40_isl512_ctx4096,strict_prefix0,/home/ai_lab/ljc/scale-up-sim/aiconfigurator/bench_data/h100_sxm/sglang/v0.5.9/deepseek_v3_mla/agg_csv/20260630_184151_agg_stage2_agg_aic_p0_dense_prefill_b40_isl512_ctx4096_d32_dctx512_p8_pf512_pp0_layers6_backend_auto_cg_off_pcg_off_tp1_profile_nsys__MLA时延拆解.csv,2,prefill,1,attn_mha,4128,3.296064,2.637696,q_b_proj,sm90_fp8_gemm_1d2d_impl,0.227424,227424,2
agg_aic_p0_dense_prefill_b40_isl512_ctx4096,strict_prefix0,/home/ai_lab/ljc/scale-up-sim/aiconfigurator/bench_data/h100_sxm/sglang/v0.5.9/deepseek_v3_mla/agg_csv/20260630_184151_agg_stage2_agg_aic_p0_dense_prefill_b40_isl512_ctx4096_d32_dctx512_p8_pf512_pp0_layers6_backend_auto_cg_off_pcg_off_tp1_profile_nsys__MLA时延拆解.csv,2,prefill,1,attn_mha,4128,3.296064,2.637696,q_b_proj,per_token_group_quant_8bit_kernel,0.007808,7808,2
agg_aic_p0_dense_prefill_b40_isl512_ctx4096,strict_prefix0,/home/ai_lab/ljc/scale-up-sim/aiconfigurator/bench_data/h100_sxm/sglang/v0.5.9/deepseek_v3_mla/agg_csv/20260630_184151_agg_stage2_agg_aic_p0_dense_prefill_b40_isl512_ctx4096_d32_dctx512_p8_pf512_pp0_layers6_backend_auto_cg_off_pcg_off_tp1_profile_nsys__MLA时延拆解.csv,2,prefill,1,attn_mha,4128,3.296064,2.637696,kv_a_layernorm,RMSNormKernel,0.00848,8480,1
agg_aic_p0_dense_prefill_b40_isl512_ctx4096,strict_prefix0,/home/ai_lab/ljc/scale-up-sim/aiconfigurator/bench_data/h100_sxm/sglang/v0.5.9/deepseek_v3_mla/agg_csv/20260630_184151_agg_stage2_agg_aic_p0_dense_prefill_b40_isl512_ctx4096_d32_dctx512_p8_pf512_pp0_layers6_backend_auto_cg_off_pcg_off_tp1_profile_nsys__MLA时延拆解.csv,2,prefill,1,attn_mha,4128,3.296064,2.637696,rotary_emb,BatchQKApplyRotaryPosIdsCosSinCacheHeadParallelismKernel,0.052416,52416,1
agg_aic_p0_dense_prefill_b40_isl512_ctx4096,strict_prefix0,/home/ai_lab/ljc/scale-up-sim/aiconfigurator/bench_data/h100_sxm/sglang/v0.5.9/deepseek_v3_mla/agg_csv/20260630_184151_agg_stage2_agg_aic_p0_dense_prefill_b40_isl512_ctx4096_d32_dctx512_p8_pf512_pp0_layers6_backend_auto_cg_off_pcg_off_tp1_profile_nsys__MLA时延拆解.csv,2,prefill,1,attn_mha,4128,3.296064,2.637696,kv_b_proj,sm90_fp8_gemm_1d2d_impl,0.656768,656768,2
agg_aic_p0_dense_prefill_b40_isl512_ctx4096,strict_prefix0,/home/ai_lab/ljc/scale-up-sim/aiconfigurator/bench_data/h100_sxm/sglang/v0.5.9/deepseek_v3_mla/agg_csv/20260630_184151_agg_stage2_agg_aic_p0_dense_prefill_b40_isl512_ctx4096_d32_dctx512_p8_pf512_pp0_layers6_backend_auto_cg_off_pcg_off_tp1_profile_nsys__MLA时延拆解.csv,2,prefill,1,attn_mha,4128,3.296064,2.637696,kv_b_proj,per_token_group_quant_8bit_kernel,0.014624,14624,2
agg_aic_p0_dense_prefill_b40_isl512_ctx4096,strict_prefix0,/home/ai_lab/ljc/scale-up-sim/aiconfigurator/bench_data/h100_sxm/sglang/v0.5.9/deepseek_v3_mla/agg_csv/20260630_184151_agg_stage2_agg_aic_p0_dense_prefill_b40_isl512_ctx4096_d32_dctx512_p8_pf512_pp0_layers6_backend_auto_cg_off_pcg_off_tp1_profile_nsys__MLA时延拆解.csv,2,prefill,1,attn_mha,4128,3.296064,2.637696,attn_mha,device_kernel,0.79776,797760,2
agg_aic_p0_dense_prefill_b40_isl512_ctx4096,strict_prefix0,/home/ai_lab/ljc/scale-up-sim/aiconfigurator/bench_data/h100_sxm/sglang/v0.5.9/deepseek_v3_mla/agg_csv/20260630_184151_agg_stage2_agg_aic_p0_dense_prefill_b40_isl512_ctx4096_d32_dctx512_p8_pf512_pp0_layers6_backend_auto_cg_off_pcg_off_tp1_profile_nsys__MLA时延拆解.csv,2,prefill,1,attn_mha,4128,3.296064,2.637696,attn_mha,prepare_varlen_num_blocks_kernel,0.003712,3712,2
agg_aic_p0_dense_prefill_b40_isl512_ctx4096,strict_prefix0,/home/ai_lab/ljc/scale-up-sim/aiconfigurator/bench_data/h100_sxm/sglang/v0.5.9/deepseek_v3_mla/agg_csv/20260630_184151_agg_stage2_agg_aic_p0_dense_prefill_b40_isl512_ctx4096_d32_dctx512_p8_pf512_pp0_layers6_backend_auto_cg_off_pcg_off_tp1_profile_nsys__MLA时延拆解.csv,2,prefill,1,attn_mha,4128,3.296064,2.637696,o_proj,sm90_fp8_gemm_1d2d_impl,0.630592,630592,2
agg_aic_p0_dense_prefill_b40_isl512_ctx4096,strict_prefix0,/home/ai_lab/ljc/scale-up-sim/aiconfigurator/bench_data/h100_sxm/sglang/v0.5.9/deepseek_v3_mla/agg_csv/20260630_184151_agg_stage2_agg_aic_p0_dense_prefill_b40_isl512_ctx4096_d32_dctx512_p8_pf512_pp0_layers6_backend_auto_cg_off_pcg_off_tp1_profile_nsys__MLA时延拆解.csv,2,prefill,1,attn_mha,4128,3.296064,2.637696,o_proj,per_token_group_quant_8bit_kernel,0.081056,81056,2
agg_aic_p0_dense_prefill_b40_isl512_ctx4096,strict_prefix0,/home/ai_lab/ljc/scale-up-sim/aiconfigurator/bench_data/h100_sxm/sglang/v0.5.9/deepseek_v3_mla/agg_csv/20260630_184151_agg_stage2_agg_aic_p0_dense_prefill_b40_isl512_ctx4096_d32_dctx512_p8_pf512_pp0_layers6_backend_auto_cg_off_pcg_off_tp1_profile_nsys__MLA时延拆解.csv,3,prefill,1,attn_mha,4128,3.346719,2.690144,fused_qkv_a_proj_with_mqa,sm90_fp8_gemm_1d2d_impl,0.101792,101792,2
agg_aic_p0_dense_prefill_b40_isl512_ctx4096,strict_prefix0,/home/ai_lab/ljc/scale-up-sim/aiconfigurator/bench_data/h100_sxm/sglang/v0.5.9/deepseek_v3_mla/agg_csv/20260630_184151_agg_stage2_agg_aic_p0_dense_prefill_b40_isl512_ctx4096_d32_dctx512_p8_pf512_pp0_layers6_backend_auto_cg_off_pcg_off_tp1_profile_nsys__MLA时延拆解.csv,3,prefill,1,attn_mha,4128,3.346719,2.690144,fused_qkv_a_proj_with_mqa,per_token_group_quant_8bit_kernel,0.039136,39136,2
agg_aic_p0_dense_prefill_b40_isl512_ctx4096,strict_prefix0,/home/ai_lab/ljc/scale-up-sim/aiconfigurator/bench_data/h100_sxm/sglang/v0.5.9/deepseek_v3_mla/agg_csv/20260630_184151_agg_stage2_agg_aic_p0_dense_prefill_b40_isl512_ctx4096_d32_dctx512_p8_pf512_pp0_layers6_backend_auto_cg_off_pcg_off_tp1_profile_nsys__MLA时延拆解.csv,3,prefill,1,attn_mha,4128,3.346719,2.690144,q_a_layernorm,RMSNormKernel,0.009376,9376,1
agg_aic_p0_dense_prefill_b40_isl512_ctx4096,strict_prefix0,/home/ai_lab/ljc/scale-up-sim/aiconfigurator/bench_data/h100_sxm/sglang/v0.5.9/deepseek_v3_mla/agg_csv/20260630_184151_agg_stage2_agg_aic_p0_dense_prefill_b40_isl512_ctx4096_d32_dctx512_p8_pf512_pp0_layers6_backend_auto_cg_off_pcg_off_tp1_profile_nsys__MLA时延拆解.csv,3,prefill,1,attn_mha,4128,3.346719,2.690144,q_b_proj,sm90_fp8_gemm_1d2d_impl,0.227488,227488,2
agg_aic_p0_dense_prefill_b40_isl512_ctx4096,strict_prefix0,/home/ai_lab/ljc/scale-up-sim/aiconfigurator/bench_data/h100_sxm/sglang/v0.5.9/deepseek_v3_mla/agg_csv/20260630_184151_agg_stage2_agg_aic_p0_dense_prefill_b40_isl512_ctx4096_d32_dctx512_p8_pf512_pp0_layers6_backend_auto_cg_off_pcg_off_tp1_profile_nsys__MLA时延拆解.csv,3,prefill,1,attn_mha,4128,3.346719,2.690144,q_b_proj,per_token_group_quant_8bit_kernel,0.008,8000,2
agg_aic_p0_dense_prefill_b40_isl512_ctx4096,strict_prefix0,/home/ai_lab/ljc/scale-up-sim/aiconfigurator/bench_data/h100_sxm/sglang/v0.5.9/deepseek_v3_mla/agg_csv/20260630_184151_agg_stage2_agg_aic_p0_dense_prefill_b40_isl512_ctx4096_d32_dctx512_p8_pf512_pp0_layers6_backend_auto_cg_off_pcg_off_tp1_profile_nsys__MLA时延拆解.csv,3,prefill,1,attn_mha,4128,3.346719,2.690144,kv_a_layernorm,RMSNormKernel,0.008576,8576,1
agg_aic_p0_dense_prefill_b40_isl512_ctx4096,strict_prefix0,/home/ai_lab/ljc/scale-up-sim/aiconfigurator/bench_data/h100_sxm/sglang/v0.5.9/deepseek_v3_mla/agg_csv/20260630_184151_agg_stage2_agg_aic_p0_dense_prefill_b40_isl512_ctx4096_d32_dctx512_p8_pf512_pp0_layers6_backend_auto_cg_off_pcg_off_tp1_profile_nsys__MLA时延拆解.csv,3,prefill,1,attn_mha,4128,3.346719,2.690144,rotary_emb,BatchQKApplyRotaryPosIdsCosSinCacheHeadParallelismKernel,0.052736,52736,1
agg_aic_p0_dense_prefill_b40_isl512_ctx4096,strict_prefix0,/home/ai_lab/ljc/scale-up-sim/aiconfigurator/bench_data/h100_sxm/sglang/v0.5.9/deepseek_v3_mla/agg_csv/20260630_184151_agg_stage2_agg_aic_p0_dense_prefill_b40_isl512_ctx4096_d32_dctx512_p8_pf512_pp0_layers6_backend_auto_cg_off_pcg_off_tp1_profile_nsys__MLA时延拆解.csv,3,prefill,1,attn_mha,4128,3.346719,2.690144,kv_b_proj,sm90_fp8_gemm_1d2d_impl,0.712448,712448,2
agg_aic_p0_dense_prefill_b40_isl512_ctx4096,strict_prefix0,/home/ai_lab/ljc/scale-up-sim/aiconfigurator/bench_data/h100_sxm/sglang/v0.5.9/deepseek_v3_mla/agg_csv/20260630_184151_agg_stage2_agg_aic_p0_dense_prefill_b40_isl512_ctx4096_d32_dctx512_p8_pf512_pp0_layers6_backend_auto_cg_off_pcg_off_tp1_profile_nsys__MLA时延拆解.csv,3,prefill,1,attn_mha,4128,3.346719,2.690144,kv_b_proj,per_token_group_quant_8bit_kernel,0.014528,14528,2
agg_aic_p0_dense_prefill_b40_isl512_ctx4096,strict_prefix0,/home/ai_lab/ljc/scale-up-sim/aiconfigurator/bench_data/h100_sxm/sglang/v0.5.9/deepseek_v3_mla/agg_csv/20260630_184151_agg_stage2_agg_aic_p0_dense_prefill_b40_isl512_ctx4096_d32_dctx512_p8_pf512_pp0_layers6_backend_auto_cg_off_pcg_off_tp1_profile_nsys__MLA时延拆解.csv,3,prefill,1,attn_mha,4128,3.346719,2.690144,attn_mha,device_kernel,0.800928,800928,2
agg_aic_p0_dense_prefill_b40_isl512_ctx4096,strict_prefix0,/home/ai_lab/ljc/scale-up-sim/aiconfigurator/bench_data/h100_sxm/sglang/v0.5.9/deepseek_v3_mla/agg_csv/20260630_184151_agg_stage2_agg_aic_p0_dense_prefill_b40_isl512_ctx4096_d32_dctx512_p8_pf512_pp0_layers6_backend_auto_cg_off_pcg_off_tp1_profile_nsys__MLA时延拆解.csv,3,prefill,1,attn_mha,4128,3.346719,2.690144,attn_mha,prepare_varlen_num_blocks_kernel,0.00368,3680,2
agg_aic_p0_dense_prefill_b40_isl512_ctx4096,strict_prefix0,/home/ai_lab/ljc/scale-up-sim/aiconfigurator/bench_data/h100_sxm/sglang/v0.5.9/deepseek_v3_mla/agg_csv/20260630_184151_agg_stage2_agg_aic_p0_dense_prefill_b40_isl512_ctx4096_d32_dctx512_p8_pf512_pp0_layers6_backend_auto_cg_off_pcg_off_tp1_profile_nsys__MLA时延拆解.csv,3,prefill,1,attn_mha,4128,3.346719,2.690144,o_proj,sm90_fp8_gemm_1d2d_impl,0.629376,629376,2
agg_aic_p0_dense_prefill_b40_isl512_ctx4096,strict_prefix0,/home/ai_lab/ljc/scale-up-sim/aiconfigurator/bench_data/h100_sxm/sglang/v0.5.9/deepseek_v3_mla/agg_csv/20260630_184151_agg_stage2_agg_aic_p0_dense_prefill_b40_isl512_ctx4096_d32_dctx512_p8_pf512_pp0_layers6_backend_auto_cg_off_pcg_off_tp1_profile_nsys__MLA时延拆解.csv,3,prefill,1,attn_mha,4128,3.346719,2.690144,o_proj,per_token_group_quant_8bit_kernel,0.08208,82080,2
agg_aic_p0_dense_prefill_b40_isl512_ctx4096,strict_prefix0,/home/ai_lab/ljc/scale-up-sim/aiconfigurator/bench_data/h100_sxm/sglang/v0.5.9/deepseek_v3_mla/agg_csv/20260630_184151_agg_stage2_agg_aic_p0_dense_prefill_b40_isl512_ctx4096_d32_dctx512_p8_pf512_pp0_layers6_backend_auto_cg_off_pcg_off_tp1_profile_nsys__MLA时延拆解.csv,4,prefill,1,attn_mha,4128,3.324511,2.670303,fused_qkv_a_proj_with_mqa,sm90_fp8_gemm_1d2d_impl,0.102464,102464,2
agg_aic_p0_dense_prefill_b40_isl512_ctx4096,strict_prefix0,/home/ai_lab/ljc/scale-up-sim/aiconfigurator/bench_data/h100_sxm/sglang/v0.5.9/deepseek_v3_mla/agg_csv/20260630_184151_agg_stage2_agg_aic_p0_dense_prefill_b40_isl512_ctx4096_d32_dctx512_p8_pf512_pp0_layers6_backend_auto_cg_off_pcg_off_tp1_profile_nsys__MLA时延拆解.csv,4,prefill,1,attn_mha,4128,3.324511,2.670303,fused_qkv_a_proj_with_mqa,per_token_group_quant_8bit_kernel,0.039008,39008,2
agg_aic_p0_dense_prefill_b40_isl512_ctx4096,strict_prefix0,/home/ai_lab/ljc/scale-up-sim/aiconfigurator/bench_data/h100_sxm/sglang/v0.5.9/deepseek_v3_mla/agg_csv/20260630_184151_agg_stage2_agg_aic_p0_dense_prefill_b40_isl512_ctx4096_d32_dctx512_p8_pf512_pp0_layers6_backend_auto_cg_off_pcg_off_tp1_profile_nsys__MLA时延拆解.csv,4,prefill,1,attn_mha,4128,3.324511,2.670303,q_a_layernorm,RMSNormKernel,0.009472,9472,1
agg_aic_p0_dense_prefill_b40_isl512_ctx4096,strict_prefix0,/home/ai_lab/ljc/scale-up-sim/aiconfigurator/bench_data/h100_sxm/sglang/v0.5.9/deepseek_v3_mla/agg_csv/20260630_184151_agg_stage2_agg_aic_p0_dense_prefill_b40_isl512_ctx4096_d32_dctx512_p8_pf512_pp0_layers6_backend_auto_cg_off_pcg_off_tp1_profile_nsys__MLA时延拆解.csv,4,prefill,1,attn_mha,4128,3.324511,2.670303,q_b_proj,sm90_fp8_gemm_1d2d_impl,0.226976,226976,2
agg_aic_p0_dense_prefill_b40_isl512_ctx4096,strict_prefix0,/home/ai_lab/ljc/scale-up-sim/aiconfigurator/bench_data/h100_sxm/sglang/v0.5.9/deepseek_v3_mla/agg_csv/20260630_184151_agg_stage2_agg_aic_p0_dense_prefill_b40_isl512_ctx4096_d32_dctx512_p8_pf512_pp0_layers6_backend_auto_cg_off_pcg_off_tp1_profile_nsys__MLA时延拆解.csv,4,prefill,1,attn_mha,4128,3.324511,2.670303,q_b_proj,per_token_group_quant_8bit_kernel,0.007744,7744,2
agg_aic_p0_dense_prefill_b40_isl512_ctx4096,strict_prefix0,/home/ai_lab/ljc/scale-up-sim/aiconfigurator/bench_data/h100_sxm/sglang/v0.5.9/deepseek_v3_mla/agg_csv/20260630_184151_agg_stage2_agg_aic_p0_dense_prefill_b40_isl512_ctx4096_d32_dctx512_p8_pf512_pp0_layers6_backend_auto_cg_off_pcg_off_tp1_profile_nsys__MLA时延拆解.csv,4,prefill,1,attn_mha,4128,3.324511,2.670303,kv_a_layernorm,RMSNormKernel,0.008096,8096,1
agg_aic_p0_dense_prefill_b40_isl512_ctx4096,strict_prefix0,/home/ai_lab/ljc/scale-up-sim/aiconfigurator/bench_data/h100_sxm/sglang/v0.5.9/deepseek_v3_mla/agg_csv/20260630_184151_agg_stage2_agg_aic_p0_dense_prefill_b40_isl512_ctx4096_d32_dctx512_p8_pf512_pp0_layers6_backend_auto_cg_off_pcg_off_tp1_profile_nsys__MLA时延拆解.csv,4,prefill,1,attn_mha,4128,3.324511,2.670303,rotary_emb,BatchQKApplyRotaryPosIdsCosSinCacheHeadParallelismKernel,0.052608,52608,1
agg_aic_p0_dense_prefill_b40_isl512_ctx4096,strict_prefix0,/home/ai_lab/ljc/scale-up-sim/aiconfigurator/bench_data/h100_sxm/sglang/v0.5.9/deepseek_v3_mla/agg_csv/20260630_184151_agg_stage2_agg_aic_p0_dense_prefill_b40_isl512_ctx4096_d32_dctx512_p8_pf512_pp0_layers6_backend_auto_cg_off_pcg_off_tp1_profile_nsys__MLA时延拆解.csv,4,prefill,1,attn_mha,4128,3.324511,2.670303,kv_b_proj,sm90_fp8_gemm_1d2d_impl,0.697855,697855,2
agg_aic_p0_dense_prefill_b40_isl512_ctx4096,strict_prefix0,/home/ai_lab/ljc/scale-up-sim/aiconfigurator/bench_data/h100_sxm/sglang/v0.5.9/deepseek_v3_mla/agg_csv/20260630_184151_agg_stage2_agg_aic_p0_dense_prefill_b40_isl512_ctx4096_d32_dctx512_p8_pf512_pp0_layers6_backend_auto_cg_off_pcg_off_tp1_profile_nsys__MLA时延拆解.csv,4,prefill,1,attn_mha,4128,3.324511,2.670303,kv_b_proj,per_token_group_quant_8bit_kernel,0.014592,14592,2
agg_aic_p0_dense_prefill_b40_isl512_ctx4096,strict_prefix0,/home/ai_lab/ljc/scale-up-sim/aiconfigurator/bench_data/h100_sxm/sglang/v0.5.9/deepseek_v3_mla/agg_csv/20260630_184151_agg_stage2_agg_aic_p0_dense_prefill_b40_isl512_ctx4096_d32_dctx512_p8_pf512_pp0_layers6_backend_auto_cg_off_pcg_off_tp1_profile_nsys__MLA时延拆解.csv,4,prefill,1,attn_mha,4128,3.324511,2.670303,attn_mha,device_kernel,0.795968,795968,2
agg_aic_p0_dense_prefill_b40_isl512_ctx4096,strict_prefix0,/home/ai_lab/ljc/scale-up-sim/aiconfigurator/bench_data/h100_sxm/sglang/v0.5.9/deepseek_v3_mla/agg_csv/20260630_184151_agg_stage2_agg_aic_p0_dense_prefill_b40_isl512_ctx4096_d32_dctx512_p8_pf512_pp0_layers6_backend_auto_cg_off_pcg_off_tp1_profile_nsys__MLA时延拆解.csv,4,prefill,1,attn_mha,4128,3.324511,2.670303,attn_mha,prepare_varlen_num_blocks_kernel,0.003744,3744,2
agg_aic_p0_dense_prefill_b40_isl512_ctx4096,strict_prefix0,/home/ai_lab/ljc/scale-up-sim/aiconfigurator/bench_data/h100_sxm/sglang/v0.5.9/deepseek_v3_mla/agg_csv/20260630_184151_agg_stage2_agg_aic_p0_dense_prefill_b40_isl512_ctx4096_d32_dctx512_p8_pf512_pp0_layers6_backend_auto_cg_off_pcg_off_tp1_profile_nsys__MLA时延拆解.csv,4,prefill,1,attn_mha,4128,3.324511,2.670303,o_proj,sm90_fp8_gemm_1d2d_impl,0.63008,630080,2
agg_aic_p0_dense_prefill_b40_isl512_ctx4096,strict_prefix0,/home/ai_lab/ljc/scale-up-sim/aiconfigurator/bench_data/h100_sxm/sglang/v0.5.9/deepseek_v3_mla/agg_csv/20260630_184151_agg_stage2_agg_aic_p0_dense_prefill_b40_isl512_ctx4096_d32_dctx512_p8_pf512_pp0_layers6_backend_auto_cg_off_pcg_off_tp1_profile_nsys__MLA时延拆解.csv,4,prefill,1,attn_mha,4128,3.324511,2.670303,o_proj,per_token_group_quant_8bit_kernel,0.081696,81696,2
agg_aic_p0_dense_prefill_b40_isl512_ctx4096,strict_prefix0,/home/ai_lab/ljc/scale-up-sim/aiconfigurator/bench_data/h100_sxm/sglang/v0.5.9/deepseek_v3_mla/agg_csv/20260630_184151_agg_stage2_agg_aic_p0_dense_prefill_b40_isl512_ctx4096_d32_dctx512_p8_pf512_pp0_layers6_backend_auto_cg_off_pcg_off_tp1_profile_nsys__MLA时延拆解.csv,5,prefill,1,attn_mha,4128,3.361055,2.709311,fused_qkv_a_proj_with_mqa,sm90_fp8_gemm_1d2d_impl,0.104128,104128,2
agg_aic_p0_dense_prefill_b40_isl512_ctx4096,strict_prefix0,/home/ai_lab/ljc/scale-up-sim/aiconfigurator/bench_data/h100_sxm/sglang/v0.5.9/deepseek_v3_mla/agg_csv/20260630_184151_agg_stage2_agg_aic_p0_dense_prefill_b40_isl512_ctx4096_d32_dctx512_p8_pf512_pp0_layers6_backend_auto_cg_off_pcg_off_tp1_profile_nsys__MLA时延拆解.csv,5,prefill,1,attn_mha,4128,3.361055,2.709311,fused_qkv_a_proj_with_mqa,per_token_group_quant_8bit_kernel,0.040096,40096,2
agg_aic_p0_dense_prefill_b40_isl512_ctx4096,strict_prefix0,/home/ai_lab/ljc/scale-up-sim/aiconfigurator/bench_data/h100_sxm/sglang/v0.5.9/deepseek_v3_mla/agg_csv/20260630_184151_agg_stage2_agg_aic_p0_dense_prefill_b40_isl512_ctx4096_d32_dctx512_p8_pf512_pp0_layers6_backend_auto_cg_off_pcg_off_tp1_profile_nsys__MLA时延拆解.csv,5,prefill,1,attn_mha,4128,3.361055,2.709311,q_a_layernorm,RMSNormKernel,0.00928,9280,1
agg_aic_p0_dense_prefill_b40_isl512_ctx4096,strict_prefix0,/home/ai_lab/ljc/scale-up-sim/aiconfigurator/bench_data/h100_sxm/sglang/v0.5.9/deepseek_v3_mla/agg_csv/20260630_184151_agg_stage2_agg_aic_p0_dense_prefill_b40_isl512_ctx4096_d32_dctx512_p8_pf512_pp0_layers6_backend_auto_cg_off_pcg_off_tp1_profile_nsys__MLA时延拆解.csv,5,prefill,1,attn_mha,4128,3.361055,2.709311,q_b_proj,sm90_fp8_gemm_1d2d_impl,0.227327,227327,2
agg_aic_p0_dense_prefill_b40_isl512_ctx4096,strict_prefix0,/home/ai_lab/ljc/scale-up-sim/aiconfigurator/bench_data/h100_sxm/sglang/v0.5.9/deepseek_v3_mla/agg_csv/20260630_184151_agg_stage2_agg_aic_p0_dense_prefill_b40_isl512_ctx4096_d32_dctx512_p8_pf512_pp0_layers6_backend_auto_cg_off_pcg_off_tp1_profile_nsys__MLA时延拆解.csv,5,prefill,1,attn_mha,4128,3.361055,2.709311,q_b_proj,per_token_group_quant_8bit_kernel,0.007904,7904,2
agg_aic_p0_dense_prefill_b40_isl512_ctx4096,strict_prefix0,/home/ai_lab/ljc/scale-up-sim/aiconfigurator/bench_data/h100_sxm/sglang/v0.5.9/deepseek_v3_mla/agg_csv/20260630_184151_agg_stage2_agg_aic_p0_dense_prefill_b40_isl512_ctx4096_d32_dctx512_p8_pf512_pp0_layers6_backend_auto_cg_off_pcg_off_tp1_profile_nsys__MLA时延拆解.csv,5,prefill,1,attn_mha,4128,3.361055,2.709311,kv_a_layernorm,RMSNormKernel,0.008,8000,1
agg_aic_p0_dense_prefill_b40_isl512_ctx4096,strict_prefix0,/home/ai_lab/ljc/scale-up-sim/aiconfigurator/bench_data/h100_sxm/sglang/v0.5.9/deepseek_v3_mla/agg_csv/20260630_184151_agg_stage2_agg_aic_p0_dense_prefill_b40_isl512_ctx4096_d32_dctx512_p8_pf512_pp0_layers6_backend_auto_cg_off_pcg_off_tp1_profile_nsys__MLA时延拆解.csv,5,prefill,1,attn_mha,4128,3.361055,2.709311,rotary_emb,BatchQKApplyRotaryPosIdsCosSinCacheHeadParallelismKernel,0.053312,53312,1
agg_aic_p0_dense_prefill_b40_isl512_ctx4096,strict_prefix0,/home/ai_lab/ljc/scale-up-sim/aiconfigurator/bench_data/h100_sxm/sglang/v0.5.9/deepseek_v3_mla/agg_csv/20260630_184151_agg_stage2_agg_aic_p0_dense_prefill_b40_isl512_ctx4096_d32_dctx512_p8_pf512_pp0_layers6_backend_auto_cg_off_pcg_off_tp1_profile_nsys__MLA时延拆解.csv,5,prefill,1,attn_mha,4128,3.361055,2.709311,kv_b_proj,sm90_fp8_gemm_1d2d_impl,0.731104,731104,2
agg_aic_p0_dense_prefill_b40_isl512_ctx4096,strict_prefix0,/home/ai_lab/ljc/scale-up-sim/aiconfigurator/bench_data/h100_sxm/sglang/v0.5.9/deepseek_v3_mla/agg_csv/20260630_184151_agg_stage2_agg_aic_p0_dense_prefill_b40_isl512_ctx4096_d32_dctx512_p8_pf512_pp0_layers6_backend_auto_cg_off_pcg_off_tp1_profile_nsys__MLA时延拆解.csv,5,prefill,1,attn_mha,4128,3.361055,2.709311,kv_b_proj,per_token_group_quant_8bit_kernel,0.014528,14528,2
agg_aic_p0_dense_prefill_b40_isl512_ctx4096,strict_prefix0,/home/ai_lab/ljc/scale-up-sim/aiconfigurator/bench_data/h100_sxm/sglang/v0.5.9/deepseek_v3_mla/agg_csv/20260630_184151_agg_stage2_agg_aic_p0_dense_prefill_b40_isl512_ctx4096_d32_dctx512_p8_pf512_pp0_layers6_backend_auto_cg_off_pcg_off_tp1_profile_nsys__MLA时延拆解.csv,5,prefill,1,attn_mha,4128,3.361055,2.709311,attn_mha,device_kernel,0.797728,797728,2
agg_aic_p0_dense_prefill_b40_isl512_ctx4096,strict_prefix0,/home/ai_lab/ljc/scale-up-sim/aiconfigurator/bench_data/h100_sxm/sglang/v0.5.9/deepseek_v3_mla/agg_csv/20260630_184151_agg_stage2_agg_aic_p0_dense_prefill_b40_isl512_ctx4096_d32_dctx512_p8_pf512_pp0_layers6_backend_auto_cg_off_pcg_off_tp1_profile_nsys__MLA时延拆解.csv,5,prefill,1,attn_mha,4128,3.361055,2.709311,attn_mha,prepare_varlen_num_blocks_kernel,0.003744,3744,2
agg_aic_p0_dense_prefill_b40_isl512_ctx4096,strict_prefix0,/home/ai_lab/ljc/scale-up-sim/aiconfigurator/bench_data/h100_sxm/sglang/v0.5.9/deepseek_v3_mla/agg_csv/20260630_184151_agg_stage2_agg_aic_p0_dense_prefill_b40_isl512_ctx4096_d32_dctx512_p8_pf512_pp0_layers6_backend_auto_cg_off_pcg_off_tp1_profile_nsys__MLA时延拆解.csv,5,prefill,1,attn_mha,4128,3.361055,2.709311,o_proj,sm90_fp8_gemm_1d2d_impl,0.630976,630976,2
agg_aic_p0_dense_prefill_b40_isl512_ctx4096,strict_prefix0,/home/ai_lab/ljc/scale-up-sim/aiconfigurator/bench_data/h100_sxm/sglang/v0.5.9/deepseek_v3_mla/agg_csv/20260630_184151_agg_stage2_agg_aic_p0_dense_prefill_b40_isl512_ctx4096_d32_dctx512_p8_pf512_pp0_layers6_backend_auto_cg_off_pcg_off_tp1_profile_nsys__MLA时延拆解.csv,5,prefill,1,attn_mha,4128,3.361055,2.709311,o_proj,per_token_group_quant_8bit_kernel,0.081184,81184,2
agg_aic_p0_longctx_b8_isl4096_ctx8192,strict_prefix0,/home/ai_lab/ljc/scale-up-sim/aiconfigurator/bench_data/h100_sxm/sglang/v0.5.9/deepseek_v3_mla/agg_csv/20260630_184647_agg_stage2_agg_aic_p0_longctx_b8_isl4096_ctx8192_d6_dctx4096_p2_pf4096_pp0_layers6_backend_auto_cg_off_pcg_off_tp1_profile_nsys__MLA时延拆解.csv,0,prefill,1,attn_mha,8192,7.43743,5.783095,fused_qkv_a_proj_with_mqa,sm90_fp8_gemm_1d2d_impl,0.202431,202431,2
agg_aic_p0_longctx_b8_isl4096_ctx8192,strict_prefix0,/home/ai_lab/ljc/scale-up-sim/aiconfigurator/bench_data/h100_sxm/sglang/v0.5.9/deepseek_v3_mla/agg_csv/20260630_184647_agg_stage2_agg_aic_p0_longctx_b8_isl4096_ctx8192_d6_dctx4096_p2_pf4096_pp0_layers6_backend_auto_cg_off_pcg_off_tp1_profile_nsys__MLA时延拆解.csv,0,prefill,1,attn_mha,8192,7.43743,5.783095,fused_qkv_a_proj_with_mqa,per_token_group_quant_8bit_kernel,0.07264,72640,2
agg_aic_p0_longctx_b8_isl4096_ctx8192,strict_prefix0,/home/ai_lab/ljc/scale-up-sim/aiconfigurator/bench_data/h100_sxm/sglang/v0.5.9/deepseek_v3_mla/agg_csv/20260630_184647_agg_stage2_agg_aic_p0_longctx_b8_isl4096_ctx8192_d6_dctx4096_p2_pf4096_pp0_layers6_backend_auto_cg_off_pcg_off_tp1_profile_nsys__MLA时延拆解.csv,0,prefill,1,attn_mha,8192,7.43743,5.783095,q_a_layernorm,RMSNormKernel,0.017568,17568,1
agg_aic_p0_longctx_b8_isl4096_ctx8192,strict_prefix0,/home/ai_lab/ljc/scale-up-sim/aiconfigurator/bench_data/h100_sxm/sglang/v0.5.9/deepseek_v3_mla/agg_csv/20260630_184647_agg_stage2_agg_aic_p0_longctx_b8_isl4096_ctx8192_d6_dctx4096_p2_pf4096_pp0_layers6_backend_auto_cg_off_pcg_off_tp1_profile_nsys__MLA时延拆解.csv,0,prefill,1,attn_mha,8192,7.43743,5.783095,q_b_proj,sm90_fp8_gemm_1d2d_impl,0.434527,434527,2
agg_aic_p0_longctx_b8_isl4096_ctx8192,strict_prefix0,/home/ai_lab/ljc/scale-up-sim/aiconfigurator/bench_data/h100_sxm/sglang/v0.5.9/deepseek_v3_mla/agg_csv/20260630_184647_agg_stage2_agg_aic_p0_longctx_b8_isl4096_ctx8192_d6_dctx4096_p2_pf4096_pp0_layers6_backend_auto_cg_off_pcg_off_tp1_profile_nsys__MLA时延拆解.csv,0,prefill,1,attn_mha,8192,7.43743,5.783095,q_b_proj,per_token_group_quant_8bit_kernel,0.01616,16160,2
agg_aic_p0_longctx_b8_isl4096_ctx8192,strict_prefix0,/home/ai_lab/ljc/scale-up-sim/aiconfigurator/bench_data/h100_sxm/sglang/v0.5.9/deepseek_v3_mla/agg_csv/20260630_184647_agg_stage2_agg_aic_p0_longctx_b8_isl4096_ctx8192_d6_dctx4096_p2_pf4096_pp0_layers6_backend_auto_cg_off_pcg_off_tp1_profile_nsys__MLA时延拆解.csv,0,prefill,1,attn_mha,8192,7.43743,5.783095,kv_a_layernorm,RMSNormKernel,0.012768,12768,1
agg_aic_p0_longctx_b8_isl4096_ctx8192,strict_prefix0,/home/ai_lab/ljc/scale-up-sim/aiconfigurator/bench_data/h100_sxm/sglang/v0.5.9/deepseek_v3_mla/agg_csv/20260630_184647_agg_stage2_agg_aic_p0_longctx_b8_isl4096_ctx8192_d6_dctx4096_p2_pf4096_pp0_layers6_backend_auto_cg_off_pcg_off_tp1_profile_nsys__MLA时延拆解.csv,0,prefill,1,attn_mha,8192,7.43743,5.783095,rotary_emb,BatchQKApplyRotaryPosIdsCosSinCacheHeadParallelismKernel,0.106368,106368,1
agg_aic_p0_longctx_b8_isl4096_ctx8192,strict_prefix0,/home/ai_lab/ljc/scale-up-sim/aiconfigurator/bench_data/h100_sxm/sglang/v0.5.9/deepseek_v3_mla/agg_csv/20260630_184647_agg_stage2_agg_aic_p0_longctx_b8_isl4096_ctx8192_d6_dctx4096_p2_pf4096_pp0_layers6_backend_auto_cg_off_pcg_off_tp1_profile_nsys__MLA时延拆解.csv,0,prefill,1,attn_mha,8192,7.43743,5.783095,kv_b_proj,sm90_fp8_gemm_1d2d_impl,1.06147,1061470,2
agg_aic_p0_longctx_b8_isl4096_ctx8192,strict_prefix0,/home/ai_lab/ljc/scale-up-sim/aiconfigurator/bench_data/h100_sxm/sglang/v0.5.9/deepseek_v3_mla/agg_csv/20260630_184647_agg_stage2_agg_aic_p0_longctx_b8_isl4096_ctx8192_d6_dctx4096_p2_pf4096_pp0_layers6_backend_auto_cg_off_pcg_off_tp1_profile_nsys__MLA时延拆解.csv,0,prefill,1,attn_mha,8192,7.43743,5.783095,kv_b_proj,per_token_group_quant_8bit_kernel,0.02304,23040,2
agg_aic_p0_longctx_b8_isl4096_ctx8192,strict_prefix0,/home/ai_lab/ljc/scale-up-sim/aiconfigurator/bench_data/h100_sxm/sglang/v0.5.9/deepseek_v3_mla/agg_csv/20260630_184647_agg_stage2_agg_aic_p0_longctx_b8_isl4096_ctx8192_d6_dctx4096_p2_pf4096_pp0_layers6_backend_auto_cg_off_pcg_off_tp1_profile_nsys__MLA时延拆解.csv,0,prefill,1,attn_mha,8192,7.43743,5.783095,attn_mha,device_kernel,2.574972,2574972,2
agg_aic_p0_longctx_b8_isl4096_ctx8192,strict_prefix0,/home/ai_lab/ljc/scale-up-sim/aiconfigurator/bench_data/h100_sxm/sglang/v0.5.9/deepseek_v3_mla/agg_csv/20260630_184647_agg_stage2_agg_aic_p0_longctx_b8_isl4096_ctx8192_d6_dctx4096_p2_pf4096_pp0_layers6_backend_auto_cg_off_pcg_off_tp1_profile_nsys__MLA时延拆解.csv,0,prefill,1,attn_mha,8192,7.43743,5.783095,attn_mha,prepare_varlen_num_blocks_kernel,0.003552,3552,2
agg_aic_p0_longctx_b8_isl4096_ctx8192,strict_prefix0,/home/ai_lab/ljc/scale-up-sim/aiconfigurator/bench_data/h100_sxm/sglang/v0.5.9/deepseek_v3_mla/agg_csv/20260630_184647_agg_stage2_agg_aic_p0_longctx_b8_isl4096_ctx8192_d6_dctx4096_p2_pf4096_pp0_layers6_backend_auto_cg_off_pcg_off_tp1_profile_nsys__MLA时延拆解.csv,0,prefill,1,attn_mha,8192,7.43743,5.783095,o_proj,sm90_fp8_gemm_1d2d_impl,1.098687,1098687,2
agg_aic_p0_longctx_b8_isl4096_ctx8192,strict_prefix0,/home/ai_lab/ljc/scale-up-sim/aiconfigurator/bench_data/h100_sxm/sglang/v0.5.9/deepseek_v3_mla/agg_csv/20260630_184647_agg_stage2_agg_aic_p0_longctx_b8_isl4096_ctx8192_d6_dctx4096_p2_pf4096_pp0_layers6_backend_auto_cg_off_pcg_off_tp1_profile_nsys__MLA时延拆解.csv,0,prefill,1,attn_mha,8192,7.43743,5.783095,o_proj,per_token_group_quant_8bit_kernel,0.158912,158912,2
agg_aic_p0_longctx_b8_isl4096_ctx8192,strict_prefix0,/home/ai_lab/ljc/scale-up-sim/aiconfigurator/bench_data/h100_sxm/sglang/v0.5.9/deepseek_v3_mla/agg_csv/20260630_184647_agg_stage2_agg_aic_p0_longctx_b8_isl4096_ctx8192_d6_dctx4096_p2_pf4096_pp0_layers6_backend_auto_cg_off_pcg_off_tp1_profile_nsys__MLA时延拆解.csv,1,prefill,1,attn_mha,8192,6.923062,5.895128,fused_qkv_a_proj_with_mqa,sm90_fp8_gemm_1d2d_impl,0.194528,194528,2
agg_aic_p0_longctx_b8_isl4096_ctx8192,strict_prefix0,/home/ai_lab/ljc/scale-up-sim/aiconfigurator/bench_data/h100_sxm/sglang/v0.5.9/deepseek_v3_mla/agg_csv/20260630_184647_agg_stage2_agg_aic_p0_longctx_b8_isl4096_ctx8192_d6_dctx4096_p2_pf4096_pp0_layers6_backend_auto_cg_off_pcg_off_tp1_profile_nsys__MLA时延拆解.csv,1,prefill,1,attn_mha,8192,6.923062,5.895128,fused_qkv_a_proj_with_mqa,per_token_group_quant_8bit_kernel,0.072607,72607,2
agg_aic_p0_longctx_b8_isl4096_ctx8192,strict_prefix0,/home/ai_lab/ljc/scale-up-sim/aiconfigurator/bench_data/h100_sxm/sglang/v0.5.9/deepseek_v3_mla/agg_csv/20260630_184647_agg_stage2_agg_aic_p0_longctx_b8_isl4096_ctx8192_d6_dctx4096_p2_pf4096_pp0_layers6_backend_auto_cg_off_pcg_off_tp1_profile_nsys__MLA时延拆解.csv,1,prefill,1,attn_mha,8192,6.923062,5.895128,q_a_layernorm,RMSNormKernel,0.01776,17760,1
agg_aic_p0_longctx_b8_isl4096_ctx8192,strict_prefix0,/home/ai_lab/ljc/scale-up-sim/aiconfigurator/bench_data/h100_sxm/sglang/v0.5.9/deepseek_v3_mla/agg_csv/20260630_184647_agg_stage2_agg_aic_p0_longctx_b8_isl4096_ctx8192_d6_dctx4096_p2_pf4096_pp0_layers6_backend_auto_cg_off_pcg_off_tp1_profile_nsys__MLA时延拆解.csv,1,prefill,1,attn_mha,8192,6.923062,5.895128,q_b_proj,sm90_fp8_gemm_1d2d_impl,0.422816,422816,2
agg_aic_p0_longctx_b8_isl4096_ctx8192,strict_prefix0,/home/ai_lab/ljc/scale-up-sim/aiconfigurator/bench_data/h100_sxm/sglang/v0.5.9/deepseek_v3_mla/agg_csv/20260630_184647_agg_stage2_agg_aic_p0_longctx_b8_isl4096_ctx8192_d6_dctx4096_p2_pf4096_pp0_layers6_backend_auto_cg_off_pcg_off_tp1_profile_nsys__MLA时延拆解.csv,1,prefill,1,attn_mha,8192,6.923062,5.895128,q_b_proj,per_token_group_quant_8bit_kernel,0.016128,16128,2
agg_aic_p0_longctx_b8_isl4096_ctx8192,strict_prefix0,/home/ai_lab/ljc/scale-up-sim/aiconfigurator/bench_data/h100_sxm/sglang/v0.5.9/deepseek_v3_mla/agg_csv/20260630_184647_agg_stage2_agg_aic_p0_longctx_b8_isl4096_ctx8192_d6_dctx4096_p2_pf4096_pp0_layers6_backend_auto_cg_off_pcg_off_tp1_profile_nsys__MLA时延拆解.csv,1,prefill,1,attn_mha,8192,6.923062,5.895128,kv_a_layernorm,RMSNormKernel,0.013568,13568,1
agg_aic_p0_longctx_b8_isl4096_ctx8192,strict_prefix0,/home/ai_lab/ljc/scale-up-sim/aiconfigurator/bench_data/h100_sxm/sglang/v0.5.9/deepseek_v3_mla/agg_csv/20260630_184647_agg_stage2_agg_aic_p0_longctx_b8_isl4096_ctx8192_d6_dctx4096_p2_pf4096_pp0_layers6_backend_auto_cg_off_pcg_off_tp1_profile_nsys__MLA时延拆解.csv,1,prefill,1,attn_mha,8192,6.923062,5.895128,rotary_emb,BatchQKApplyRotaryPosIdsCosSinCacheHeadParallelismKernel,0.106111,106111,1
agg_aic_p0_longctx_b8_isl4096_ctx8192,strict_prefix0,/home/ai_lab/ljc/scale-up-sim/aiconfigurator/bench_data/h100_sxm/sglang/v0.5.9/deepseek_v3_mla/agg_csv/20260630_184647_agg_stage2_agg_aic_p0_longctx_b8_isl4096_ctx8192_d6_dctx4096_p2_pf4096_pp0_layers6_backend_auto_cg_off_pcg_off_tp1_profile_nsys__MLA时延拆解.csv,1,prefill,1,attn_mha,8192,6.923062,5.895128,kv_b_proj,sm90_fp8_gemm_1d2d_impl,1.195263,1195263,2
agg_aic_p0_longctx_b8_isl4096_ctx8192,strict_prefix0,/home/ai_lab/ljc/scale-up-sim/aiconfigurator/bench_data/h100_sxm/sglang/v0.5.9/deepseek_v3_mla/agg_csv/20260630_184647_agg_stage2_agg_aic_p0_longctx_b8_isl4096_ctx8192_d6_dctx4096_p2_pf4096_pp0_layers6_backend_auto_cg_off_pcg_off_tp1_profile_nsys__MLA时延拆解.csv,1,prefill,1,attn_mha,8192,6.923062,5.895128,kv_b_proj,per_token_group_quant_8bit_kernel,0.022752,22752,2
agg_aic_p0_longctx_b8_isl4096_ctx8192,strict_prefix0,/home/ai_lab/ljc/scale-up-sim/aiconfigurator/bench_data/h100_sxm/sglang/v0.5.9/deepseek_v3_mla/agg_csv/20260630_184647_agg_stage2_agg_aic_p0_longctx_b8_isl4096_ctx8192_d6_dctx4096_p2_pf4096_pp0_layers6_backend_auto_cg_off_pcg_off_tp1_profile_nsys__MLA时延拆解.csv,1,prefill,1,attn_mha,8192,6.923062,5.895128,attn_mha,device_kernel,2.579261,2579261,2
agg_aic_p0_longctx_b8_isl4096_ctx8192,strict_prefix0,/home/ai_lab/ljc/scale-up-sim/aiconfigurator/bench_data/h100_sxm/sglang/v0.5.9/deepseek_v3_mla/agg_csv/20260630_184647_agg_stage2_agg_aic_p0_longctx_b8_isl4096_ctx8192_d6_dctx4096_p2_pf4096_pp0_layers6_backend_auto_cg_off_pcg_off_tp1_profile_nsys__MLA时延拆解.csv,1,prefill,1,attn_mha,8192,6.923062,5.895128,attn_mha,prepare_varlen_num_blocks_kernel,0.003584,3584,2
agg_aic_p0_longctx_b8_isl4096_ctx8192,strict_prefix0,/home/ai_lab/ljc/scale-up-sim/aiconfigurator/bench_data/h100_sxm/sglang/v0.5.9/deepseek_v3_mla/agg_csv/20260630_184647_agg_stage2_agg_aic_p0_longctx_b8_isl4096_ctx8192_d6_dctx4096_p2_pf4096_pp0_layers6_backend_auto_cg_off_pcg_off_tp1_profile_nsys__MLA时延拆解.csv,1,prefill,1,attn_mha,8192,6.923062,5.895128,o_proj,sm90_fp8_gemm_1d2d_impl,1.091614,1091614,2
agg_aic_p0_longctx_b8_isl4096_ctx8192,strict_prefix0,/home/ai_lab/ljc/scale-up-sim/aiconfigurator/bench_data/h100_sxm/sglang/v0.5.9/deepseek_v3_mla/agg_csv/20260630_184647_agg_stage2_agg_aic_p0_longctx_b8_isl4096_ctx8192_d6_dctx4096_p2_pf4096_pp0_layers6_backend_auto_cg_off_pcg_off_tp1_profile_nsys__MLA时延拆解.csv,1,prefill,1,attn_mha,8192,6.923062,5.895128,o_proj,per_token_group_quant_8bit_kernel,0.159136,159136,2
agg_aic_p0_longctx_b8_isl4096_ctx8192,strict_prefix0,/home/ai_lab/ljc/scale-up-sim/aiconfigurator/bench_data/h100_sxm/sglang/v0.5.9/deepseek_v3_mla/agg_csv/20260630_184647_agg_stage2_agg_aic_p0_longctx_b8_isl4096_ctx8192_d6_dctx4096_p2_pf4096_pp0_layers6_backend_auto_cg_off_pcg_off_tp1_profile_nsys__MLA时延拆解.csv,2,prefill,1,attn_mha,8192,6.908791,5.8846,fused_qkv_a_proj_with_mqa,sm90_fp8_gemm_1d2d_impl,0.193248,193248,2
agg_aic_p0_longctx_b8_isl4096_ctx8192,strict_prefix0,/home/ai_lab/ljc/scale-up-sim/aiconfigurator/bench_data/h100_sxm/sglang/v0.5.9/deepseek_v3_mla/agg_csv/20260630_184647_agg_stage2_agg_aic_p0_longctx_b8_isl4096_ctx8192_d6_dctx4096_p2_pf4096_pp0_layers6_backend_auto_cg_off_pcg_off_tp1_profile_nsys__MLA时延拆解.csv,2,prefill,1,attn_mha,8192,6.908791,5.8846,fused_qkv_a_proj_with_mqa,per_token_group_quant_8bit_kernel,0.072544,72544,2
agg_aic_p0_longctx_b8_isl4096_ctx8192,strict_prefix0,/home/ai_lab/ljc/scale-up-sim/aiconfigurator/bench_data/h100_sxm/sglang/v0.5.9/deepseek_v3_mla/agg_csv/20260630_184647_agg_stage2_agg_aic_p0_longctx_b8_isl4096_ctx8192_d6_dctx4096_p2_pf4096_pp0_layers6_backend_auto_cg_off_pcg_off_tp1_profile_nsys__MLA时延拆解.csv,2,prefill,1,attn_mha,8192,6.908791,5.8846,q_a_layernorm,RMSNormKernel,0.017792,17792,1
agg_aic_p0_longctx_b8_isl4096_ctx8192,strict_prefix0,/home/ai_lab/ljc/scale-up-sim/aiconfigurator/bench_data/h100_sxm/sglang/v0.5.9/deepseek_v3_mla/agg_csv/20260630_184647_agg_stage2_agg_aic_p0_longctx_b8_isl4096_ctx8192_d6_dctx4096_p2_pf4096_pp0_layers6_backend_auto_cg_off_pcg_off_tp1_profile_nsys__MLA时延拆解.csv,2,prefill,1,attn_mha,8192,6.908791,5.8846,q_b_proj,sm90_fp8_gemm_1d2d_impl,0.425663,425663,2
agg_aic_p0_longctx_b8_isl4096_ctx8192,strict_prefix0,/home/ai_lab/ljc/scale-up-sim/aiconfigurator/bench_data/h100_sxm/sglang/v0.5.9/deepseek_v3_mla/agg_csv/20260630_184647_agg_stage2_agg_aic_p0_longctx_b8_isl4096_ctx8192_d6_dctx4096_p2_pf4096_pp0_layers6_backend_auto_cg_off_pcg_off_tp1_profile_nsys__MLA时延拆解.csv,2,prefill,1,attn_mha,8192,6.908791,5.8846,q_b_proj,per_token_group_quant_8bit_kernel,0.015904,15904,2
agg_aic_p0_longctx_b8_isl4096_ctx8192,strict_prefix0,/home/ai_lab/ljc/scale-up-sim/aiconfigurator/bench_data/h100_sxm/sglang/v0.5.9/deepseek_v3_mla/agg_csv/20260630_184647_agg_stage2_agg_aic_p0_longctx_b8_isl4096_ctx8192_d6_dctx4096_p2_pf4096_pp0_layers6_backend_auto_cg_off_pcg_off_tp1_profile_nsys__MLA时延拆解.csv,2,prefill,1,attn_mha,8192,6.908791,5.8846,kv_a_layernorm,RMSNormKernel,0.013472,13472,1
agg_aic_p0_longctx_b8_isl4096_ctx8192,strict_prefix0,/home/ai_lab/ljc/scale-up-sim/aiconfigurator/bench_data/h100_sxm/sglang/v0.5.9/deepseek_v3_mla/agg_csv/20260630_184647_agg_stage2_agg_aic_p0_longctx_b8_isl4096_ctx8192_d6_dctx4096_p2_pf4096_pp0_layers6_backend_auto_cg_off_pcg_off_tp1_profile_nsys__MLA时延拆解.csv,2,prefill,1,attn_mha,8192,6.908791,5.8846,rotary_emb,BatchQKApplyRotaryPosIdsCosSinCacheHeadParallelismKernel,0.106208,106208,1
agg_aic_p0_longctx_b8_isl4096_ctx8192,strict_prefix0,/home/ai_lab/ljc/scale-up-sim/aiconfigurator/bench_data/h100_sxm/sglang/v0.5.9/deepseek_v3_mla/agg_csv/20260630_184647_agg_stage2_agg_aic_p0_longctx_b8_isl4096_ctx8192_d6_dctx4096_p2_pf4096_pp0_layers6_backend_auto_cg_off_pcg_off_tp1_profile_nsys__MLA时延拆解.csv,2,prefill,1,attn_mha,8192,6.908791,5.8846,kv_b_proj,sm90_fp8_gemm_1d2d_impl,1.18963,1189630,2
agg_aic_p0_longctx_b8_isl4096_ctx8192,strict_prefix0,/home/ai_lab/ljc/scale-up-sim/aiconfigurator/bench_data/h100_sxm/sglang/v0.5.9/deepseek_v3_mla/agg_csv/20260630_184647_agg_stage2_agg_aic_p0_longctx_b8_isl4096_ctx8192_d6_dctx4096_p2_pf4096_pp0_layers6_backend_auto_cg_off_pcg_off_tp1_profile_nsys__MLA时延拆解.csv,2,prefill,1,attn_mha,8192,6.908791,5.8846,kv_b_proj,per_token_group_quant_8bit_kernel,0.022656,22656,2
agg_aic_p0_longctx_b8_isl4096_ctx8192,strict_prefix0,/home/ai_lab/ljc/scale-up-sim/aiconfigurator/bench_data/h100_sxm/sglang/v0.5.9/deepseek_v3_mla/agg_csv/20260630_184647_agg_stage2_agg_aic_p0_longctx_b8_isl4096_ctx8192_d6_dctx4096_p2_pf4096_pp0_layers6_backend_auto_cg_off_pcg_off_tp1_profile_nsys__MLA时延拆解.csv,2,prefill,1,attn_mha,8192,6.908791,5.8846,attn_mha,device_kernel,2.575068,2575068,2
agg_aic_p0_longctx_b8_isl4096_ctx8192,strict_prefix0,/home/ai_lab/ljc/scale-up-sim/aiconfigurator/bench_data/h100_sxm/sglang/v0.5.9/deepseek_v3_mla/agg_csv/20260630_184647_agg_stage2_agg_aic_p0_longctx_b8_isl4096_ctx8192_d6_dctx4096_p2_pf4096_pp0_layers6_backend_auto_cg_off_pcg_off_tp1_profile_nsys__MLA时延拆解.csv,2,prefill,1,attn_mha,8192,6.908791,5.8846,attn_mha,prepare_varlen_num_blocks_kernel,0.003904,3904,2
agg_aic_p0_longctx_b8_isl4096_ctx8192,strict_prefix0,/home/ai_lab/ljc/scale-up-sim/aiconfigurator/bench_data/h100_sxm/sglang/v0.5.9/deepseek_v3_mla/agg_csv/20260630_184647_agg_stage2_agg_aic_p0_longctx_b8_isl4096_ctx8192_d6_dctx4096_p2_pf4096_pp0_layers6_backend_auto_cg_off_pcg_off_tp1_profile_nsys__MLA时延拆解.csv,2,prefill,1,attn_mha,8192,6.908791,5.8846,o_proj,sm90_fp8_gemm_1d2d_impl,1.089119,1089119,2
agg_aic_p0_longctx_b8_isl4096_ctx8192,strict_prefix0,/home/ai_lab/ljc/scale-up-sim/aiconfigurator/bench_data/h100_sxm/sglang/v0.5.9/deepseek_v3_mla/agg_csv/20260630_184647_agg_stage2_agg_aic_p0_longctx_b8_isl4096_ctx8192_d6_dctx4096_p2_pf4096_pp0_layers6_backend_auto_cg_off_pcg_off_tp1_profile_nsys__MLA时延拆解.csv,2,prefill,1,attn_mha,8192,6.908791,5.8846,o_proj,per_token_group_quant_8bit_kernel,0.159392,159392,2
agg_aic_p0_longctx_b8_isl4096_ctx8192,strict_prefix0,/home/ai_lab/ljc/scale-up-sim/aiconfigurator/bench_data/h100_sxm/sglang/v0.5.9/deepseek_v3_mla/agg_csv/20260630_184647_agg_stage2_agg_aic_p0_longctx_b8_isl4096_ctx8192_d6_dctx4096_p2_pf4096_pp0_layers6_backend_auto_cg_off_pcg_off_tp1_profile_nsys__MLA时延拆解.csv,3,prefill,1,attn_mha,8192,6.837175,5.813561,fused_qkv_a_proj_with_mqa,sm90_fp8_gemm_1d2d_impl,0.197152,197152,2
agg_aic_p0_longctx_b8_isl4096_ctx8192,strict_prefix0,/home/ai_lab/ljc/scale-up-sim/aiconfigurator/bench_data/h100_sxm/sglang/v0.5.9/deepseek_v3_mla/agg_csv/20260630_184647_agg_stage2_agg_aic_p0_longctx_b8_isl4096_ctx8192_d6_dctx4096_p2_pf4096_pp0_layers6_backend_auto_cg_off_pcg_off_tp1_profile_nsys__MLA时延拆解.csv,3,prefill,1,attn_mha,8192,6.837175,5.813561,fused_qkv_a_proj_with_mqa,per_token_group_quant_8bit_kernel,0.074656,74656,2
agg_aic_p0_longctx_b8_isl4096_ctx8192,strict_prefix0,/home/ai_lab/ljc/scale-up-sim/aiconfigurator/bench_data/h100_sxm/sglang/v0.5.9/deepseek_v3_mla/agg_csv/20260630_184647_agg_stage2_agg_aic_p0_longctx_b8_isl4096_ctx8192_d6_dctx4096_p2_pf4096_pp0_layers6_backend_auto_cg_off_pcg_off_tp1_profile_nsys__MLA时延拆解.csv,3,prefill,1,attn_mha,8192,6.837175,5.813561,q_a_layernorm,RMSNormKernel,0.017984,17984,1
agg_aic_p0_longctx_b8_isl4096_ctx8192,strict_prefix0,/home/ai_lab/ljc/scale-up-sim/aiconfigurator/bench_data/h100_sxm/sglang/v0.5.9/deepseek_v3_mla/agg_csv/20260630_184647_agg_stage2_agg_aic_p0_longctx_b8_isl4096_ctx8192_d6_dctx4096_p2_pf4096_pp0_layers6_backend_auto_cg_off_pcg_off_tp1_profile_nsys__MLA时延拆解.csv,3,prefill,1,attn_mha,8192,6.837175,5.813561,q_b_proj,sm90_fp8_gemm_1d2d_impl,0.426559,426559,2
agg_aic_p0_longctx_b8_isl4096_ctx8192,strict_prefix0,/home/ai_lab/ljc/scale-up-sim/aiconfigurator/bench_data/h100_sxm/sglang/v0.5.9/deepseek_v3_mla/agg_csv/20260630_184647_agg_stage2_agg_aic_p0_longctx_b8_isl4096_ctx8192_d6_dctx4096_p2_pf4096_pp0_layers6_backend_auto_cg_off_pcg_off_tp1_profile_nsys__MLA时延拆解.csv,3,prefill,1,attn_mha,8192,6.837175,5.813561,q_b_proj,per_token_group_quant_8bit_kernel,0.016288,16288,2
agg_aic_p0_longctx_b8_isl4096_ctx8192,strict_prefix0,/home/ai_lab/ljc/scale-up-sim/aiconfigurator/bench_data/h100_sxm/sglang/v0.5.9/deepseek_v3_mla/agg_csv/20260630_184647_agg_stage2_agg_aic_p0_longctx_b8_isl4096_ctx8192_d6_dctx4096_p2_pf4096_pp0_layers6_backend_auto_cg_off_pcg_off_tp1_profile_nsys__MLA时延拆解.csv,3,prefill,1,attn_mha,8192,6.837175,5.813561,kv_a_layernorm,RMSNormKernel,0.012832,12832,1
agg_aic_p0_longctx_b8_isl4096_ctx8192,strict_prefix0,/home/ai_lab/ljc/scale-up-sim/aiconfigurator/bench_data/h100_sxm/sglang/v0.5.9/deepseek_v3_mla/agg_csv/20260630_184647_agg_stage2_agg_aic_p0_longctx_b8_isl4096_ctx8192_d6_dctx4096_p2_pf4096_pp0_layers6_backend_auto_cg_off_pcg_off_tp1_profile_nsys__MLA时延拆解.csv,3,prefill,1,attn_mha,8192,6.837175,5.813561,rotary_emb,BatchQKApplyRotaryPosIdsCosSinCacheHeadParallelismKernel,0.10704,107040,1
agg_aic_p0_longctx_b8_isl4096_ctx8192,strict_prefix0,/home/ai_lab/ljc/scale-up-sim/aiconfigurator/bench_data/h100_sxm/sglang/v0.5.9/deepseek_v3_mla/agg_csv/20260630_184647_agg_stage2_agg_aic_p0_longctx_b8_isl4096_ctx8192_d6_dctx4096_p2_pf4096_pp0_layers6_backend_auto_cg_off_pcg_off_tp1_profile_nsys__MLA时延拆解.csv,3,prefill,1,attn_mha,8192,6.837175,5.813561,kv_b_proj,sm90_fp8_gemm_1d2d_impl,1.080927,1080927,2
agg_aic_p0_longctx_b8_isl4096_ctx8192,strict_prefix0,/home/ai_lab/ljc/scale-up-sim/aiconfigurator/bench_data/h100_sxm/sglang/v0.5.9/deepseek_v3_mla/agg_csv/20260630_184647_agg_stage2_agg_aic_p0_longctx_b8_isl4096_ctx8192_d6_dctx4096_p2_pf4096_pp0_layers6_backend_auto_cg_off_pcg_off_tp1_profile_nsys__MLA时延拆解.csv,3,prefill,1,attn_mha,8192,6.837175,5.813561,kv_b_proj,per_token_group_quant_8bit_kernel,0.023648,23648,2
agg_aic_p0_longctx_b8_isl4096_ctx8192,strict_prefix0,/home/ai_lab/ljc/scale-up-sim/aiconfigurator/bench_data/h100_sxm/sglang/v0.5.9/deepseek_v3_mla/agg_csv/20260630_184647_agg_stage2_agg_aic_p0_longctx_b8_isl4096_ctx8192_d6_dctx4096_p2_pf4096_pp0_layers6_backend_auto_cg_off_pcg_off_tp1_profile_nsys__MLA时延拆解.csv,3,prefill,1,attn_mha,8192,6.837175,5.813561,attn_mha,device_kernel,2.578781,2578781,2
agg_aic_p0_longctx_b8_isl4096_ctx8192,strict_prefix0,/home/ai_lab/ljc/scale-up-sim/aiconfigurator/bench_data/h100_sxm/sglang/v0.5.9/deepseek_v3_mla/agg_csv/20260630_184647_agg_stage2_agg_aic_p0_longctx_b8_isl4096_ctx8192_d6_dctx4096_p2_pf4096_pp0_layers6_backend_auto_cg_off_pcg_off_tp1_profile_nsys__MLA时延拆解.csv,3,prefill,1,attn_mha,8192,6.837175,5.813561,attn_mha,prepare_varlen_num_blocks_kernel,0.003424,3424,2
agg_aic_p0_longctx_b8_isl4096_ctx8192,strict_prefix0,/home/ai_lab/ljc/scale-up-sim/aiconfigurator/bench_data/h100_sxm/sglang/v0.5.9/deepseek_v3_mla/agg_csv/20260630_184647_agg_stage2_agg_aic_p0_longctx_b8_isl4096_ctx8192_d6_dctx4096_p2_pf4096_pp0_layers6_backend_auto_cg_off_pcg_off_tp1_profile_nsys__MLA时延拆解.csv,3,prefill,1,attn_mha,8192,6.837175,5.813561,o_proj,sm90_fp8_gemm_1d2d_impl,1.11411,1114110,2
agg_aic_p0_longctx_b8_isl4096_ctx8192,strict_prefix0,/home/ai_lab/ljc/scale-up-sim/aiconfigurator/bench_data/h100_sxm/sglang/v0.5.9/deepseek_v3_mla/agg_csv/20260630_184647_agg_stage2_agg_aic_p0_longctx_b8_isl4096_ctx8192_d6_dctx4096_p2_pf4096_pp0_layers6_backend_auto_cg_off_pcg_off_tp1_profile_nsys__MLA时延拆解.csv,3,prefill,1,attn_mha,8192,6.837175,5.813561,o_proj,per_token_group_quant_8bit_kernel,0.16016,160160,2
agg_aic_p0_longctx_b8_isl4096_ctx8192,strict_prefix0,/home/ai_lab/ljc/scale-up-sim/aiconfigurator/bench_data/h100_sxm/sglang/v0.5.9/deepseek_v3_mla/agg_csv/20260630_184647_agg_stage2_agg_aic_p0_longctx_b8_isl4096_ctx8192_d6_dctx4096_p2_pf4096_pp0_layers6_backend_auto_cg_off_pcg_off_tp1_profile_nsys__MLA时延拆解.csv,4,prefill,1,attn_mha,8192,7.000311,5.977272,fused_qkv_a_proj_with_mqa,sm90_fp8_gemm_1d2d_impl,0.199136,199136,2
agg_aic_p0_longctx_b8_isl4096_ctx8192,strict_prefix0,/home/ai_lab/ljc/scale-up-sim/aiconfigurator/bench_data/h100_sxm/sglang/v0.5.9/deepseek_v3_mla/agg_csv/20260630_184647_agg_stage2_agg_aic_p0_longctx_b8_isl4096_ctx8192_d6_dctx4096_p2_pf4096_pp0_layers6_backend_auto_cg_off_pcg_off_tp1_profile_nsys__MLA时延拆解.csv,4,prefill,1,attn_mha,8192,7.000311,5.977272,fused_qkv_a_proj_with_mqa,per_token_group_quant_8bit_kernel,0.074368,74368,2
agg_aic_p0_longctx_b8_isl4096_ctx8192,strict_prefix0,/home/ai_lab/ljc/scale-up-sim/aiconfigurator/bench_data/h100_sxm/sglang/v0.5.9/deepseek_v3_mla/agg_csv/20260630_184647_agg_stage2_agg_aic_p0_longctx_b8_isl4096_ctx8192_d6_dctx4096_p2_pf4096_pp0_layers6_backend_auto_cg_off_pcg_off_tp1_profile_nsys__MLA时延拆解.csv,4,prefill,1,attn_mha,8192,7.000311,5.977272,q_a_layernorm,RMSNormKernel,0.017856,17856,1
agg_aic_p0_longctx_b8_isl4096_ctx8192,strict_prefix0,/home/ai_lab/ljc/scale-up-sim/aiconfigurator/bench_data/h100_sxm/sglang/v0.5.9/deepseek_v3_mla/agg_csv/20260630_184647_agg_stage2_agg_aic_p0_longctx_b8_isl4096_ctx8192_d6_dctx4096_p2_pf4096_pp0_layers6_backend_auto_cg_off_pcg_off_tp1_profile_nsys__MLA时延拆解.csv,4,prefill,1,attn_mha,8192,7.000311,5.977272,q_b_proj,sm90_fp8_gemm_1d2d_impl,0.433983,433983,2
agg_aic_p0_longctx_b8_isl4096_ctx8192,strict_prefix0,/home/ai_lab/ljc/scale-up-sim/aiconfigurator/bench_data/h100_sxm/sglang/v0.5.9/deepseek_v3_mla/agg_csv/20260630_184647_agg_stage2_agg_aic_p0_longctx_b8_isl4096_ctx8192_d6_dctx4096_p2_pf4096_pp0_layers6_backend_auto_cg_off_pcg_off_tp1_profile_nsys__MLA时延拆解.csv,4,prefill,1,attn_mha,8192,7.000311,5.977272,q_b_proj,per_token_group_quant_8bit_kernel,0.01616,16160,2
agg_aic_p0_longctx_b8_isl4096_ctx8192,strict_prefix0,/home/ai_lab/ljc/scale-up-sim/aiconfigurator/bench_data/h100_sxm/sglang/v0.5.9/deepseek_v3_mla/agg_csv/20260630_184647_agg_stage2_agg_aic_p0_longctx_b8_isl4096_ctx8192_d6_dctx4096_p2_pf4096_pp0_layers6_backend_auto_cg_off_pcg_off_tp1_profile_nsys__MLA时延拆解.csv,4,prefill,1,attn_mha,8192,7.000311,5.977272,kv_a_layernorm,RMSNormKernel,0.013568,13568,1
agg_aic_p0_longctx_b8_isl4096_ctx8192,strict_prefix0,/home/ai_lab/ljc/scale-up-sim/aiconfigurator/bench_data/h100_sxm/sglang/v0.5.9/deepseek_v3_mla/agg_csv/20260630_184647_agg_stage2_agg_aic_p0_longctx_b8_isl4096_ctx8192_d6_dctx4096_p2_pf4096_pp0_layers6_backend_auto_cg_off_pcg_off_tp1_profile_nsys__MLA时延拆解.csv,4,prefill,1,attn_mha,8192,7.000311,5.977272,rotary_emb,BatchQKApplyRotaryPosIdsCosSinCacheHeadParallelismKernel,0.106592,106592,1
agg_aic_p0_longctx_b8_isl4096_ctx8192,strict_prefix0,/home/ai_lab/ljc/scale-up-sim/aiconfigurator/bench_data/h100_sxm/sglang/v0.5.9/deepseek_v3_mla/agg_csv/20260630_184647_agg_stage2_agg_aic_p0_longctx_b8_isl4096_ctx8192_d6_dctx4096_p2_pf4096_pp0_layers6_backend_auto_cg_off_pcg_off_tp1_profile_nsys__MLA时延拆解.csv,4,prefill,1,attn_mha,8192,7.000311,5.977272,kv_b_proj,sm90_fp8_gemm_1d2d_impl,1.219934,1219934,2
agg_aic_p0_longctx_b8_isl4096_ctx8192,strict_prefix0,/home/ai_lab/ljc/scale-up-sim/aiconfigurator/bench_data/h100_sxm/sglang/v0.5.9/deepseek_v3_mla/agg_csv/20260630_184647_agg_stage2_agg_aic_p0_longctx_b8_isl4096_ctx8192_d6_dctx4096_p2_pf4096_pp0_layers6_backend_auto_cg_off_pcg_off_tp1_profile_nsys__MLA时延拆解.csv,4,prefill,1,attn_mha,8192,7.000311,5.977272,kv_b_proj,per_token_group_quant_8bit_kernel,0.023744,23744,2
agg_aic_p0_longctx_b8_isl4096_ctx8192,strict_prefix0,/home/ai_lab/ljc/scale-up-sim/aiconfigurator/bench_data/h100_sxm/sglang/v0.5.9/deepseek_v3_mla/agg_csv/20260630_184647_agg_stage2_agg_aic_p0_longctx_b8_isl4096_ctx8192_d6_dctx4096_p2_pf4096_pp0_layers6_backend_auto_cg_off_pcg_off_tp1_profile_nsys__MLA时延拆解.csv,4,prefill,1,attn_mha,8192,7.000311,5.977272,attn_mha,device_kernel,2.578396,2578396,2
agg_aic_p0_longctx_b8_isl4096_ctx8192,strict_prefix0,/home/ai_lab/ljc/scale-up-sim/aiconfigurator/bench_data/h100_sxm/sglang/v0.5.9/deepseek_v3_mla/agg_csv/20260630_184647_agg_stage2_agg_aic_p0_longctx_b8_isl4096_ctx8192_d6_dctx4096_p2_pf4096_pp0_layers6_backend_auto_cg_off_pcg_off_tp1_profile_nsys__MLA时延拆解.csv,4,prefill,1,attn_mha,8192,7.000311,5.977272,attn_mha,prepare_varlen_num_blocks_kernel,0.003648,3648,2
agg_aic_p0_longctx_b8_isl4096_ctx8192,strict_prefix0,/home/ai_lab/ljc/scale-up-sim/aiconfigurator/bench_data/h100_sxm/sglang/v0.5.9/deepseek_v3_mla/agg_csv/20260630_184647_agg_stage2_agg_aic_p0_longctx_b8_isl4096_ctx8192_d6_dctx4096_p2_pf4096_pp0_layers6_backend_auto_cg_off_pcg_off_tp1_profile_nsys__MLA时延拆解.csv,4,prefill,1,attn_mha,8192,7.000311,5.977272,o_proj,sm90_fp8_gemm_1d2d_impl,1.128383,1128383,2
agg_aic_p0_longctx_b8_isl4096_ctx8192,strict_prefix0,/home/ai_lab/ljc/scale-up-sim/aiconfigurator/bench_data/h100_sxm/sglang/v0.5.9/deepseek_v3_mla/agg_csv/20260630_184647_agg_stage2_agg_aic_p0_longctx_b8_isl4096_ctx8192_d6_dctx4096_p2_pf4096_pp0_layers6_backend_auto_cg_off_pcg_off_tp1_profile_nsys__MLA时延拆解.csv,4,prefill,1,attn_mha,8192,7.000311,5.977272,o_proj,per_token_group_quant_8bit_kernel,0.161504,161504,2
agg_aic_p0_longctx_b8_isl4096_ctx8192,strict_prefix0,/home/ai_lab/ljc/scale-up-sim/aiconfigurator/bench_data/h100_sxm/sglang/v0.5.9/deepseek_v3_mla/agg_csv/20260630_184647_agg_stage2_agg_aic_p0_longctx_b8_isl4096_ctx8192_d6_dctx4096_p2_pf4096_pp0_layers6_backend_auto_cg_off_pcg_off_tp1_profile_nsys__MLA时延拆解.csv,5,prefill,1,attn_mha,8192,7.002742,5.980376,fused_qkv_a_proj_with_mqa,sm90_fp8_gemm_1d2d_impl,0.198623,198623,2
agg_aic_p0_longctx_b8_isl4096_ctx8192,strict_prefix0,/home/ai_lab/ljc/scale-up-sim/aiconfigurator/bench_data/h100_sxm/sglang/v0.5.9/deepseek_v3_mla/agg_csv/20260630_184647_agg_stage2_agg_aic_p0_longctx_b8_isl4096_ctx8192_d6_dctx4096_p2_pf4096_pp0_layers6_backend_auto_cg_off_pcg_off_tp1_profile_nsys__MLA时延拆解.csv,5,prefill,1,attn_mha,8192,7.002742,5.980376,fused_qkv_a_proj_with_mqa,per_token_group_quant_8bit_kernel,0.074944,74944,2
agg_aic_p0_longctx_b8_isl4096_ctx8192,strict_prefix0,/home/ai_lab/ljc/scale-up-sim/aiconfigurator/bench_data/h100_sxm/sglang/v0.5.9/deepseek_v3_mla/agg_csv/20260630_184647_agg_stage2_agg_aic_p0_longctx_b8_isl4096_ctx8192_d6_dctx4096_p2_pf4096_pp0_layers6_backend_auto_cg_off_pcg_off_tp1_profile_nsys__MLA时延拆解.csv,5,prefill,1,attn_mha,8192,7.002742,5.980376,q_a_layernorm,RMSNormKernel,0.017792,17792,1
agg_aic_p0_longctx_b8_isl4096_ctx8192,strict_prefix0,/home/ai_lab/ljc/scale-up-sim/aiconfigurator/bench_data/h100_sxm/sglang/v0.5.9/deepseek_v3_mla/agg_csv/20260630_184647_agg_stage2_agg_aic_p0_longctx_b8_isl4096_ctx8192_d6_dctx4096_p2_pf4096_pp0_layers6_backend_auto_cg_off_pcg_off_tp1_profile_nsys__MLA时延拆解.csv,5,prefill,1,attn_mha,8192,7.002742,5.980376,q_b_proj,sm90_fp8_gemm_1d2d_impl,0.434432,434432,2
agg_aic_p0_longctx_b8_isl4096_ctx8192,strict_prefix0,/home/ai_lab/ljc/scale-up-sim/aiconfigurator/bench_data/h100_sxm/sglang/v0.5.9/deepseek_v3_mla/agg_csv/20260630_184647_agg_stage2_agg_aic_p0_longctx_b8_isl4096_ctx8192_d6_dctx4096_p2_pf4096_pp0_layers6_backend_auto_cg_off_pcg_off_tp1_profile_nsys__MLA时延拆解.csv,5,prefill,1,attn_mha,8192,7.002742,5.980376,q_b_proj,per_token_group_quant_8bit_kernel,0.016288,16288,2
agg_aic_p0_longctx_b8_isl4096_ctx8192,strict_prefix0,/home/ai_lab/ljc/scale-up-sim/aiconfigurator/bench_data/h100_sxm/sglang/v0.5.9/deepseek_v3_mla/agg_csv/20260630_184647_agg_stage2_agg_aic_p0_longctx_b8_isl4096_ctx8192_d6_dctx4096_p2_pf4096_pp0_layers6_backend_auto_cg_off_pcg_off_tp1_profile_nsys__MLA时延拆解.csv,5,prefill,1,attn_mha,8192,7.002742,5.980376,kv_a_layernorm,RMSNormKernel,0.012928,12928,1
agg_aic_p0_longctx_b8_isl4096_ctx8192,strict_prefix0,/home/ai_lab/ljc/scale-up-sim/aiconfigurator/bench_data/h100_sxm/sglang/v0.5.9/deepseek_v3_mla/agg_csv/20260630_184647_agg_stage2_agg_aic_p0_longctx_b8_isl4096_ctx8192_d6_dctx4096_p2_pf4096_pp0_layers6_backend_auto_cg_off_pcg_off_tp1_profile_nsys__MLA时延拆解.csv,5,prefill,1,attn_mha,8192,7.002742,5.980376,rotary_emb,BatchQKApplyRotaryPosIdsCosSinCacheHeadParallelismKernel,0.106496,106496,1
agg_aic_p0_longctx_b8_isl4096_ctx8192,strict_prefix0,/home/ai_lab/ljc/scale-up-sim/aiconfigurator/bench_data/h100_sxm/sglang/v0.5.9/deepseek_v3_mla/agg_csv/20260630_184647_agg_stage2_agg_aic_p0_longctx_b8_isl4096_ctx8192_d6_dctx4096_p2_pf4096_pp0_layers6_backend_auto_cg_off_pcg_off_tp1_profile_nsys__MLA时延拆解.csv,5,prefill,1,attn_mha,8192,7.002742,5.980376,kv_b_proj,sm90_fp8_gemm_1d2d_impl,1.226943,1226943,2
agg_aic_p0_longctx_b8_isl4096_ctx8192,strict_prefix0,/home/ai_lab/ljc/scale-up-sim/aiconfigurator/bench_data/h100_sxm/sglang/v0.5.9/deepseek_v3_mla/agg_csv/20260630_184647_agg_stage2_agg_aic_p0_longctx_b8_isl4096_ctx8192_d6_dctx4096_p2_pf4096_pp0_layers6_backend_auto_cg_off_pcg_off_tp1_profile_nsys__MLA时延拆解.csv,5,prefill,1,attn_mha,8192,7.002742,5.980376,kv_b_proj,per_token_group_quant_8bit_kernel,0.022944,22944,2
agg_aic_p0_longctx_b8_isl4096_ctx8192,strict_prefix0,/home/ai_lab/ljc/scale-up-sim/aiconfigurator/bench_data/h100_sxm/sglang/v0.5.9/deepseek_v3_mla/agg_csv/20260630_184647_agg_stage2_agg_aic_p0_longctx_b8_isl4096_ctx8192_d6_dctx4096_p2_pf4096_pp0_layers6_backend_auto_cg_off_pcg_off_tp1_profile_nsys__MLA时延拆解.csv,5,prefill,1,attn_mha,8192,7.002742,5.980376,attn_mha,device_kernel,2.583068,2583068,2
agg_aic_p0_longctx_b8_isl4096_ctx8192,strict_prefix0,/home/ai_lab/ljc/scale-up-sim/aiconfigurator/bench_data/h100_sxm/sglang/v0.5.9/deepseek_v3_mla/agg_csv/20260630_184647_agg_stage2_agg_aic_p0_longctx_b8_isl4096_ctx8192_d6_dctx4096_p2_pf4096_pp0_layers6_backend_auto_cg_off_pcg_off_tp1_profile_nsys__MLA时延拆解.csv,5,prefill,1,attn_mha,8192,7.002742,5.980376,attn_mha,prepare_varlen_num_blocks_kernel,0.003424,3424,2
agg_aic_p0_longctx_b8_isl4096_ctx8192,strict_prefix0,/home/ai_lab/ljc/scale-up-sim/aiconfigurator/bench_data/h100_sxm/sglang/v0.5.9/deepseek_v3_mla/agg_csv/20260630_184647_agg_stage2_agg_aic_p0_longctx_b8_isl4096_ctx8192_d6_dctx4096_p2_pf4096_pp0_layers6_backend_auto_cg_off_pcg_off_tp1_profile_nsys__MLA时延拆解.csv,5,prefill,1,attn_mha,8192,7.002742,5.980376,o_proj,sm90_fp8_gemm_1d2d_impl,1.121374,1121374,2
agg_aic_p0_longctx_b8_isl4096_ctx8192,strict_prefix0,/home/ai_lab/ljc/scale-up-sim/aiconfigurator/bench_data/h100_sxm/sglang/v0.5.9/deepseek_v3_mla/agg_csv/20260630_184647_agg_stage2_agg_aic_p0_longctx_b8_isl4096_ctx8192_d6_dctx4096_p2_pf4096_pp0_layers6_backend_auto_cg_off_pcg_off_tp1_profile_nsys__MLA时延拆解.csv,5,prefill,1,attn_mha,8192,7.002742,5.980376,o_proj,per_token_group_quant_8bit_kernel,0.16112,161120,2
agg_aic_prefix_probe_b12_isl1024_prefix512_ctx4096,prefix_probe,/home/ai_lab/ljc/scale-up-sim/aiconfigurator/bench_data/h100_sxm/sglang/v0.5.9/deepseek_v3_mla/agg_csv/20260630_185003_agg_stage2_agg_aic_prefix_probe_b12_isl1024_prefix512_ctx4096_d8_dctx1024_p4_pf512_pp512_layers6_backend_auto_cg_off_pcg_off_tp1_profile_nsys__MLA时延拆解.csv,0,prefill,1,attn_mha,2056,3.646367,1.526592,fused_qkv_a_proj_with_mqa,sm90_fp8_gemm_1d2d_impl,0.060352,60352,2
agg_aic_prefix_probe_b12_isl1024_prefix512_ctx4096,prefix_probe,/home/ai_lab/ljc/scale-up-sim/aiconfigurator/bench_data/h100_sxm/sglang/v0.5.9/deepseek_v3_mla/agg_csv/20260630_185003_agg_stage2_agg_aic_prefix_probe_b12_isl1024_prefix512_ctx4096_d8_dctx1024_p4_pf512_pp512_layers6_backend_auto_cg_off_pcg_off_tp1_profile_nsys__MLA时延拆解.csv,0,prefill,1,attn_mha,2056,3.646367,1.526592,fused_qkv_a_proj_with_mqa,per_token_group_quant_8bit_kernel,0.020096,20096,2
agg_aic_prefix_probe_b12_isl1024_prefix512_ctx4096,prefix_probe,/home/ai_lab/ljc/scale-up-sim/aiconfigurator/bench_data/h100_sxm/sglang/v0.5.9/deepseek_v3_mla/agg_csv/20260630_185003_agg_stage2_agg_aic_prefix_probe_b12_isl1024_prefix512_ctx4096_d8_dctx1024_p4_pf512_pp512_layers6_backend_auto_cg_off_pcg_off_tp1_profile_nsys__MLA时延拆解.csv,0,prefill,1,attn_mha,2056,3.646367,1.526592,q_a_layernorm,RMSNormKernel,0.005472,5472,1
agg_aic_prefix_probe_b12_isl1024_prefix512_ctx4096,prefix_probe,/home/ai_lab/ljc/scale-up-sim/aiconfigurator/bench_data/h100_sxm/sglang/v0.5.9/deepseek_v3_mla/agg_csv/20260630_185003_agg_stage2_agg_aic_prefix_probe_b12_isl1024_prefix512_ctx4096_d8_dctx1024_p4_pf512_pp512_layers6_backend_auto_cg_off_pcg_off_tp1_profile_nsys__MLA时延拆解.csv,0,prefill,1,attn_mha,2056,3.646367,1.526592,q_b_proj,sm90_fp8_gemm_1d2d_impl,0.129312,129312,2
agg_aic_prefix_probe_b12_isl1024_prefix512_ctx4096,prefix_probe,/home/ai_lab/ljc/scale-up-sim/aiconfigurator/bench_data/h100_sxm/sglang/v0.5.9/deepseek_v3_mla/agg_csv/20260630_185003_agg_stage2_agg_aic_prefix_probe_b12_isl1024_prefix512_ctx4096_d8_dctx1024_p4_pf512_pp512_layers6_backend_auto_cg_off_pcg_off_tp1_profile_nsys__MLA时延拆解.csv,0,prefill,1,attn_mha,2056,3.646367,1.526592,q_b_proj,per_token_group_quant_8bit_kernel,0.0048,4800,2
agg_aic_prefix_probe_b12_isl1024_prefix512_ctx4096,prefix_probe,/home/ai_lab/ljc/scale-up-sim/aiconfigurator/bench_data/h100_sxm/sglang/v0.5.9/deepseek_v3_mla/agg_csv/20260630_185003_agg_stage2_agg_aic_prefix_probe_b12_isl1024_prefix512_ctx4096_d8_dctx1024_p4_pf512_pp512_layers6_backend_auto_cg_off_pcg_off_tp1_profile_nsys__MLA时延拆解.csv,0,prefill,1,attn_mha,2056,3.646367,1.526592,kv_a_layernorm,RMSNormKernel,0.00496,4960,1
agg_aic_prefix_probe_b12_isl1024_prefix512_ctx4096,prefix_probe,/home/ai_lab/ljc/scale-up-sim/aiconfigurator/bench_data/h100_sxm/sglang/v0.5.9/deepseek_v3_mla/agg_csv/20260630_185003_agg_stage2_agg_aic_prefix_probe_b12_isl1024_prefix512_ctx4096_d8_dctx1024_p4_pf512_pp512_layers6_backend_auto_cg_off_pcg_off_tp1_profile_nsys__MLA时延拆解.csv,0,prefill,1,attn_mha,2056,3.646367,1.526592,rotary_emb,BatchQKApplyRotaryPosIdsCosSinCacheHeadParallelismKernel,0.026624,26624,1
agg_aic_prefix_probe_b12_isl1024_prefix512_ctx4096,prefix_probe,/home/ai_lab/ljc/scale-up-sim/aiconfigurator/bench_data/h100_sxm/sglang/v0.5.9/deepseek_v3_mla/agg_csv/20260630_185003_agg_stage2_agg_aic_prefix_probe_b12_isl1024_prefix512_ctx4096_d8_dctx1024_p4_pf512_pp512_layers6_backend_auto_cg_off_pcg_off_tp1_profile_nsys__MLA时延拆解.csv,0,prefill,1,attn_mha,2056,3.646367,1.526592,kv_b_proj,sm90_fp8_gemm_1d2d_impl,0.404608,404608,2
agg_aic_prefix_probe_b12_isl1024_prefix512_ctx4096,prefix_probe,/home/ai_lab/ljc/scale-up-sim/aiconfigurator/bench_data/h100_sxm/sglang/v0.5.9/deepseek_v3_mla/agg_csv/20260630_185003_agg_stage2_agg_aic_prefix_probe_b12_isl1024_prefix512_ctx4096_d8_dctx1024_p4_pf512_pp512_layers6_backend_auto_cg_off_pcg_off_tp1_profile_nsys__MLA时延拆解.csv,0,prefill,1,attn_mha,2056,3.646367,1.526592,kv_b_proj,per_token_group_quant_8bit_kernel,0.009248,9248,2
agg_aic_prefix_probe_b12_isl1024_prefix512_ctx4096,prefix_probe,/home/ai_lab/ljc/scale-up-sim/aiconfigurator/bench_data/h100_sxm/sglang/v0.5.9/deepseek_v3_mla/agg_csv/20260630_185003_agg_stage2_agg_aic_prefix_probe_b12_isl1024_prefix512_ctx4096_d8_dctx1024_p4_pf512_pp512_layers6_backend_auto_cg_off_pcg_off_tp1_profile_nsys__MLA时延拆解.csv,0,prefill,1,attn_mha,2056,3.646367,1.526592,attn_mha,device_kernel,0.482656,482656,2
agg_aic_prefix_probe_b12_isl1024_prefix512_ctx4096,prefix_probe,/home/ai_lab/ljc/scale-up-sim/aiconfigurator/bench_data/h100_sxm/sglang/v0.5.9/deepseek_v3_mla/agg_csv/20260630_185003_agg_stage2_agg_aic_prefix_probe_b12_isl1024_prefix512_ctx4096_d8_dctx1024_p4_pf512_pp512_layers6_backend_auto_cg_off_pcg_off_tp1_profile_nsys__MLA时延拆解.csv,0,prefill,1,attn_mha,2056,3.646367,1.526592,attn_mha,prepare_varlen_num_blocks_kernel,0.003392,3392,2
agg_aic_prefix_probe_b12_isl1024_prefix512_ctx4096,prefix_probe,/home/ai_lab/ljc/scale-up-sim/aiconfigurator/bench_data/h100_sxm/sglang/v0.5.9/deepseek_v3_mla/agg_csv/20260630_185003_agg_stage2_agg_aic_prefix_probe_b12_isl1024_prefix512_ctx4096_d8_dctx1024_p4_pf512_pp512_layers6_backend_auto_cg_off_pcg_off_tp1_profile_nsys__MLA时延拆解.csv,0,prefill,1,attn_mha,2056,3.646367,1.526592,o_proj,sm90_fp8_gemm_1d2d_impl,0.333696,333696,2
agg_aic_prefix_probe_b12_isl1024_prefix512_ctx4096,prefix_probe,/home/ai_lab/ljc/scale-up-sim/aiconfigurator/bench_data/h100_sxm/sglang/v0.5.9/deepseek_v3_mla/agg_csv/20260630_185003_agg_stage2_agg_aic_prefix_probe_b12_isl1024_prefix512_ctx4096_d8_dctx1024_p4_pf512_pp512_layers6_backend_auto_cg_off_pcg_off_tp1_profile_nsys__MLA时延拆解.csv,0,prefill,1,attn_mha,2056,3.646367,1.526592,o_proj,per_token_group_quant_8bit_kernel,0.041376,41376,2
agg_aic_prefix_probe_b12_isl1024_prefix512_ctx4096,prefix_probe,/home/ai_lab/ljc/scale-up-sim/aiconfigurator/bench_data/h100_sxm/sglang/v0.5.9/deepseek_v3_mla/agg_csv/20260630_185003_agg_stage2_agg_aic_prefix_probe_b12_isl1024_prefix512_ctx4096_d8_dctx1024_p4_pf512_pp512_layers6_backend_auto_cg_off_pcg_off_tp1_profile_nsys__MLA时延拆解.csv,1,prefill,1,attn_mha,2056,1.915327,1.517087,fused_qkv_a_proj_with_mqa,sm90_fp8_gemm_1d2d_impl,0.060128,60128,2
agg_aic_prefix_probe_b12_isl1024_prefix512_ctx4096,prefix_probe,/home/ai_lab/ljc/scale-up-sim/aiconfigurator/bench_data/h100_sxm/sglang/v0.5.9/deepseek_v3_mla/agg_csv/20260630_185003_agg_stage2_agg_aic_prefix_probe_b12_isl1024_prefix512_ctx4096_d8_dctx1024_p4_pf512_pp512_layers6_backend_auto_cg_off_pcg_off_tp1_profile_nsys__MLA时延拆解.csv,1,prefill,1,attn_mha,2056,1.915327,1.517087,fused_qkv_a_proj_with_mqa,per_token_group_quant_8bit_kernel,0.020928,20928,2
agg_aic_prefix_probe_b12_isl1024_prefix512_ctx4096,prefix_probe,/home/ai_lab/ljc/scale-up-sim/aiconfigurator/bench_data/h100_sxm/sglang/v0.5.9/deepseek_v3_mla/agg_csv/20260630_185003_agg_stage2_agg_aic_prefix_probe_b12_isl1024_prefix512_ctx4096_d8_dctx1024_p4_pf512_pp512_layers6_backend_auto_cg_off_pcg_off_tp1_profile_nsys__MLA时延拆解.csv,1,prefill,1,attn_mha,2056,1.915327,1.517087,q_a_layernorm,RMSNormKernel,0.00544,5440,1
agg_aic_prefix_probe_b12_isl1024_prefix512_ctx4096,prefix_probe,/home/ai_lab/ljc/scale-up-sim/aiconfigurator/bench_data/h100_sxm/sglang/v0.5.9/deepseek_v3_mla/agg_csv/20260630_185003_agg_stage2_agg_aic_prefix_probe_b12_isl1024_prefix512_ctx4096_d8_dctx1024_p4_pf512_pp512_layers6_backend_auto_cg_off_pcg_off_tp1_profile_nsys__MLA时延拆解.csv,1,prefill,1,attn_mha,2056,1.915327,1.517087,q_b_proj,sm90_fp8_gemm_1d2d_impl,0.125408,125408,2
agg_aic_prefix_probe_b12_isl1024_prefix512_ctx4096,prefix_probe,/home/ai_lab/ljc/scale-up-sim/aiconfigurator/bench_data/h100_sxm/sglang/v0.5.9/deepseek_v3_mla/agg_csv/20260630_185003_agg_stage2_agg_aic_prefix_probe_b12_isl1024_prefix512_ctx4096_d8_dctx1024_p4_pf512_pp512_layers6_backend_auto_cg_off_pcg_off_tp1_profile_nsys__MLA时延拆解.csv,1,prefill,1,attn_mha,2056,1.915327,1.517087,q_b_proj,per_token_group_quant_8bit_kernel,0.004864,4864,2
agg_aic_prefix_probe_b12_isl1024_prefix512_ctx4096,prefix_probe,/home/ai_lab/ljc/scale-up-sim/aiconfigurator/bench_data/h100_sxm/sglang/v0.5.9/deepseek_v3_mla/agg_csv/20260630_185003_agg_stage2_agg_aic_prefix_probe_b12_isl1024_prefix512_ctx4096_d8_dctx1024_p4_pf512_pp512_layers6_backend_auto_cg_off_pcg_off_tp1_profile_nsys__MLA时延拆解.csv,1,prefill,1,attn_mha,2056,1.915327,1.517087,kv_a_layernorm,RMSNormKernel,0.004832,4832,1
agg_aic_prefix_probe_b12_isl1024_prefix512_ctx4096,prefix_probe,/home/ai_lab/ljc/scale-up-sim/aiconfigurator/bench_data/h100_sxm/sglang/v0.5.9/deepseek_v3_mla/agg_csv/20260630_185003_agg_stage2_agg_aic_prefix_probe_b12_isl1024_prefix512_ctx4096_d8_dctx1024_p4_pf512_pp512_layers6_backend_auto_cg_off_pcg_off_tp1_profile_nsys__MLA时延拆解.csv,1,prefill,1,attn_mha,2056,1.915327,1.517087,rotary_emb,BatchQKApplyRotaryPosIdsCosSinCacheHeadParallelismKernel,0.026656,26656,1
agg_aic_prefix_probe_b12_isl1024_prefix512_ctx4096,prefix_probe,/home/ai_lab/ljc/scale-up-sim/aiconfigurator/bench_data/h100_sxm/sglang/v0.5.9/deepseek_v3_mla/agg_csv/20260630_185003_agg_stage2_agg_aic_prefix_probe_b12_isl1024_prefix512_ctx4096_d8_dctx1024_p4_pf512_pp512_layers6_backend_auto_cg_off_pcg_off_tp1_profile_nsys__MLA时延拆解.csv,1,prefill,1,attn_mha,2056,1.915327,1.517087,kv_b_proj,sm90_fp8_gemm_1d2d_impl,0.399743,399743,2
agg_aic_prefix_probe_b12_isl1024_prefix512_ctx4096,prefix_probe,/home/ai_lab/ljc/scale-up-sim/aiconfigurator/bench_data/h100_sxm/sglang/v0.5.9/deepseek_v3_mla/agg_csv/20260630_185003_agg_stage2_agg_aic_prefix_probe_b12_isl1024_prefix512_ctx4096_d8_dctx1024_p4_pf512_pp512_layers6_backend_auto_cg_off_pcg_off_tp1_profile_nsys__MLA时延拆解.csv,1,prefill,1,attn_mha,2056,1.915327,1.517087,kv_b_proj,per_token_group_quant_8bit_kernel,0.009152,9152,2
agg_aic_prefix_probe_b12_isl1024_prefix512_ctx4096,prefix_probe,/home/ai_lab/ljc/scale-up-sim/aiconfigurator/bench_data/h100_sxm/sglang/v0.5.9/deepseek_v3_mla/agg_csv/20260630_185003_agg_stage2_agg_aic_prefix_probe_b12_isl1024_prefix512_ctx4096_d8_dctx1024_p4_pf512_pp512_layers6_backend_auto_cg_off_pcg_off_tp1_profile_nsys__MLA时延拆解.csv,1,prefill,1,attn_mha,2056,1.915327,1.517087,attn_mha,device_kernel,0.482432,482432,2
agg_aic_prefix_probe_b12_isl1024_prefix512_ctx4096,prefix_probe,/home/ai_lab/ljc/scale-up-sim/aiconfigurator/bench_data/h100_sxm/sglang/v0.5.9/deepseek_v3_mla/agg_csv/20260630_185003_agg_stage2_agg_aic_prefix_probe_b12_isl1024_prefix512_ctx4096_d8_dctx1024_p4_pf512_pp512_layers6_backend_auto_cg_off_pcg_off_tp1_profile_nsys__MLA时延拆解.csv,1,prefill,1,attn_mha,2056,1.915327,1.517087,attn_mha,prepare_varlen_num_blocks_kernel,0.003392,3392,2
agg_aic_prefix_probe_b12_isl1024_prefix512_ctx4096,prefix_probe,/home/ai_lab/ljc/scale-up-sim/aiconfigurator/bench_data/h100_sxm/sglang/v0.5.9/deepseek_v3_mla/agg_csv/20260630_185003_agg_stage2_agg_aic_prefix_probe_b12_isl1024_prefix512_ctx4096_d8_dctx1024_p4_pf512_pp512_layers6_backend_auto_cg_off_pcg_off_tp1_profile_nsys__MLA时延拆解.csv,1,prefill,1,attn_mha,2056,1.915327,1.517087,o_proj,sm90_fp8_gemm_1d2d_impl,0.333152,333152,2
agg_aic_prefix_probe_b12_isl1024_prefix512_ctx4096,prefix_probe,/home/ai_lab/ljc/scale-up-sim/aiconfigurator/bench_data/h100_sxm/sglang/v0.5.9/deepseek_v3_mla/agg_csv/20260630_185003_agg_stage2_agg_aic_prefix_probe_b12_isl1024_prefix512_ctx4096_d8_dctx1024_p4_pf512_pp512_layers6_backend_auto_cg_off_pcg_off_tp1_profile_nsys__MLA时延拆解.csv,1,prefill,1,attn_mha,2056,1.915327,1.517087,o_proj,per_token_group_quant_8bit_kernel,0.04096,40960,2
agg_aic_prefix_probe_b12_isl1024_prefix512_ctx4096,prefix_probe,/home/ai_lab/ljc/scale-up-sim/aiconfigurator/bench_data/h100_sxm/sglang/v0.5.9/deepseek_v3_mla/agg_csv/20260630_185003_agg_stage2_agg_aic_prefix_probe_b12_isl1024_prefix512_ctx4096_d8_dctx1024_p4_pf512_pp512_layers6_backend_auto_cg_off_pcg_off_tp1_profile_nsys__MLA时延拆解.csv,2,prefill,1,attn_mha,2056,1.927999,1.528543,fused_qkv_a_proj_with_mqa,sm90_fp8_gemm_1d2d_impl,0.059584,59584,2
agg_aic_prefix_probe_b12_isl1024_prefix512_ctx4096,prefix_probe,/home/ai_lab/ljc/scale-up-sim/aiconfigurator/bench_data/h100_sxm/sglang/v0.5.9/deepseek_v3_mla/agg_csv/20260630_185003_agg_stage2_agg_aic_prefix_probe_b12_isl1024_prefix512_ctx4096_d8_dctx1024_p4_pf512_pp512_layers6_backend_auto_cg_off_pcg_off_tp1_profile_nsys__MLA时延拆解.csv,2,prefill,1,attn_mha,2056,1.927999,1.528543,fused_qkv_a_proj_with_mqa,per_token_group_quant_8bit_kernel,0.020064,20064,2
agg_aic_prefix_probe_b12_isl1024_prefix512_ctx4096,prefix_probe,/home/ai_lab/ljc/scale-up-sim/aiconfigurator/bench_data/h100_sxm/sglang/v0.5.9/deepseek_v3_mla/agg_csv/20260630_185003_agg_stage2_agg_aic_prefix_probe_b12_isl1024_prefix512_ctx4096_d8_dctx1024_p4_pf512_pp512_layers6_backend_auto_cg_off_pcg_off_tp1_profile_nsys__MLA时延拆解.csv,2,prefill,1,attn_mha,2056,1.927999,1.528543,q_a_layernorm,RMSNormKernel,0.005344,5344,1
agg_aic_prefix_probe_b12_isl1024_prefix512_ctx4096,prefix_probe,/home/ai_lab/ljc/scale-up-sim/aiconfigurator/bench_data/h100_sxm/sglang/v0.5.9/deepseek_v3_mla/agg_csv/20260630_185003_agg_stage2_agg_aic_prefix_probe_b12_isl1024_prefix512_ctx4096_d8_dctx1024_p4_pf512_pp512_layers6_backend_auto_cg_off_pcg_off_tp1_profile_nsys__MLA时延拆解.csv,2,prefill,1,attn_mha,2056,1.927999,1.528543,q_b_proj,sm90_fp8_gemm_1d2d_impl,0.125216,125216,2
agg_aic_prefix_probe_b12_isl1024_prefix512_ctx4096,prefix_probe,/home/ai_lab/ljc/scale-up-sim/aiconfigurator/bench_data/h100_sxm/sglang/v0.5.9/deepseek_v3_mla/agg_csv/20260630_185003_agg_stage2_agg_aic_prefix_probe_b12_isl1024_prefix512_ctx4096_d8_dctx1024_p4_pf512_pp512_layers6_backend_auto_cg_off_pcg_off_tp1_profile_nsys__MLA时延拆解.csv,2,prefill,1,attn_mha,2056,1.927999,1.528543,q_b_proj,per_token_group_quant_8bit_kernel,0.005024,5024,2
agg_aic_prefix_probe_b12_isl1024_prefix512_ctx4096,prefix_probe,/home/ai_lab/ljc/scale-up-sim/aiconfigurator/bench_data/h100_sxm/sglang/v0.5.9/deepseek_v3_mla/agg_csv/20260630_185003_agg_stage2_agg_aic_prefix_probe_b12_isl1024_prefix512_ctx4096_d8_dctx1024_p4_pf512_pp512_layers6_backend_auto_cg_off_pcg_off_tp1_profile_nsys__MLA时延拆解.csv,2,prefill,1,attn_mha,2056,1.927999,1.528543,kv_a_layernorm,RMSNormKernel,0.005024,5024,1
agg_aic_prefix_probe_b12_isl1024_prefix512_ctx4096,prefix_probe,/home/ai_lab/ljc/scale-up-sim/aiconfigurator/bench_data/h100_sxm/sglang/v0.5.9/deepseek_v3_mla/agg_csv/20260630_185003_agg_stage2_agg_aic_prefix_probe_b12_isl1024_prefix512_ctx4096_d8_dctx1024_p4_pf512_pp512_layers6_backend_auto_cg_off_pcg_off_tp1_profile_nsys__MLA时延拆解.csv,2,prefill,1,attn_mha,2056,1.927999,1.528543,rotary_emb,BatchQKApplyRotaryPosIdsCosSinCacheHeadParallelismKernel,0.026816,26816,1
agg_aic_prefix_probe_b12_isl1024_prefix512_ctx4096,prefix_probe,/home/ai_lab/ljc/scale-up-sim/aiconfigurator/bench_data/h100_sxm/sglang/v0.5.9/deepseek_v3_mla/agg_csv/20260630_185003_agg_stage2_agg_aic_prefix_probe_b12_isl1024_prefix512_ctx4096_d8_dctx1024_p4_pf512_pp512_layers6_backend_auto_cg_off_pcg_off_tp1_profile_nsys__MLA时延拆解.csv,2,prefill,1,attn_mha,2056,1.927999,1.528543,kv_b_proj,sm90_fp8_gemm_1d2d_impl,0.405088,405088,2
agg_aic_prefix_probe_b12_isl1024_prefix512_ctx4096,prefix_probe,/home/ai_lab/ljc/scale-up-sim/aiconfigurator/bench_data/h100_sxm/sglang/v0.5.9/deepseek_v3_mla/agg_csv/20260630_185003_agg_stage2_agg_aic_prefix_probe_b12_isl1024_prefix512_ctx4096_d8_dctx1024_p4_pf512_pp512_layers6_backend_auto_cg_off_pcg_off_tp1_profile_nsys__MLA时延拆解.csv,2,prefill,1,attn_mha,2056,1.927999,1.528543,kv_b_proj,per_token_group_quant_8bit_kernel,0.009152,9152,2
agg_aic_prefix_probe_b12_isl1024_prefix512_ctx4096,prefix_probe,/home/ai_lab/ljc/scale-up-sim/aiconfigurator/bench_data/h100_sxm/sglang/v0.5.9/deepseek_v3_mla/agg_csv/20260630_185003_agg_stage2_agg_aic_prefix_probe_b12_isl1024_prefix512_ctx4096_d8_dctx1024_p4_pf512_pp512_layers6_backend_auto_cg_off_pcg_off_tp1_profile_nsys__MLA时延拆解.csv,2,prefill,1,attn_mha,2056,1.927999,1.528543,attn_mha,device_kernel,0.483999,483999,2
agg_aic_prefix_probe_b12_isl1024_prefix512_ctx4096,prefix_probe,/home/ai_lab/ljc/scale-up-sim/aiconfigurator/bench_data/h100_sxm/sglang/v0.5.9/deepseek_v3_mla/agg_csv/20260630_185003_agg_stage2_agg_aic_prefix_probe_b12_isl1024_prefix512_ctx4096_d8_dctx1024_p4_pf512_pp512_layers6_backend_auto_cg_off_pcg_off_tp1_profile_nsys__MLA时延拆解.csv,2,prefill,1,attn_mha,2056,1.927999,1.528543,attn_mha,prepare_varlen_num_blocks_kernel,0.003264,3264,2
agg_aic_prefix_probe_b12_isl1024_prefix512_ctx4096,prefix_probe,/home/ai_lab/ljc/scale-up-sim/aiconfigurator/bench_data/h100_sxm/sglang/v0.5.9/deepseek_v3_mla/agg_csv/20260630_185003_agg_stage2_agg_aic_prefix_probe_b12_isl1024_prefix512_ctx4096_d8_dctx1024_p4_pf512_pp512_layers6_backend_auto_cg_off_pcg_off_tp1_profile_nsys__MLA时延拆解.csv,2,prefill,1,attn_mha,2056,1.927999,1.528543,o_proj,sm90_fp8_gemm_1d2d_impl,0.338304,338304,2
agg_aic_prefix_probe_b12_isl1024_prefix512_ctx4096,prefix_probe,/home/ai_lab/ljc/scale-up-sim/aiconfigurator/bench_data/h100_sxm/sglang/v0.5.9/deepseek_v3_mla/agg_csv/20260630_185003_agg_stage2_agg_aic_prefix_probe_b12_isl1024_prefix512_ctx4096_d8_dctx1024_p4_pf512_pp512_layers6_backend_auto_cg_off_pcg_off_tp1_profile_nsys__MLA时延拆解.csv,2,prefill,1,attn_mha,2056,1.927999,1.528543,o_proj,per_token_group_quant_8bit_kernel,0.041664,41664,2
agg_aic_prefix_probe_b12_isl1024_prefix512_ctx4096,prefix_probe,/home/ai_lab/ljc/scale-up-sim/aiconfigurator/bench_data/h100_sxm/sglang/v0.5.9/deepseek_v3_mla/agg_csv/20260630_185003_agg_stage2_agg_aic_prefix_probe_b12_isl1024_prefix512_ctx4096_d8_dctx1024_p4_pf512_pp512_layers6_backend_auto_cg_off_pcg_off_tp1_profile_nsys__MLA时延拆解.csv,3,prefill,1,attn_mha,2056,1.921759,1.516063,fused_qkv_a_proj_with_mqa,sm90_fp8_gemm_1d2d_impl,0.059616,59616,2
agg_aic_prefix_probe_b12_isl1024_prefix512_ctx4096,prefix_probe,/home/ai_lab/ljc/scale-up-sim/aiconfigurator/bench_data/h100_sxm/sglang/v0.5.9/deepseek_v3_mla/agg_csv/20260630_185003_agg_stage2_agg_aic_prefix_probe_b12_isl1024_prefix512_ctx4096_d8_dctx1024_p4_pf512_pp512_layers6_backend_auto_cg_off_pcg_off_tp1_profile_nsys__MLA时延拆解.csv,3,prefill,1,attn_mha,2056,1.921759,1.516063,fused_qkv_a_proj_with_mqa,per_token_group_quant_8bit_kernel,0.020832,20832,2
agg_aic_prefix_probe_b12_isl1024_prefix512_ctx4096,prefix_probe,/home/ai_lab/ljc/scale-up-sim/aiconfigurator/bench_data/h100_sxm/sglang/v0.5.9/deepseek_v3_mla/agg_csv/20260630_185003_agg_stage2_agg_aic_prefix_probe_b12_isl1024_prefix512_ctx4096_d8_dctx1024_p4_pf512_pp512_layers6_backend_auto_cg_off_pcg_off_tp1_profile_nsys__MLA时延拆解.csv,3,prefill,1,attn_mha,2056,1.921759,1.516063,q_a_layernorm,RMSNormKernel,0.005472,5472,1
agg_aic_prefix_probe_b12_isl1024_prefix512_ctx4096,prefix_probe,/home/ai_lab/ljc/scale-up-sim/aiconfigurator/bench_data/h100_sxm/sglang/v0.5.9/deepseek_v3_mla/agg_csv/20260630_185003_agg_stage2_agg_aic_prefix_probe_b12_isl1024_prefix512_ctx4096_d8_dctx1024_p4_pf512_pp512_layers6_backend_auto_cg_off_pcg_off_tp1_profile_nsys__MLA时延拆解.csv,3,prefill,1,attn_mha,2056,1.921759,1.516063,q_b_proj,sm90_fp8_gemm_1d2d_impl,0.125664,125664,2
agg_aic_prefix_probe_b12_isl1024_prefix512_ctx4096,prefix_probe,/home/ai_lab/ljc/scale-up-sim/aiconfigurator/bench_data/h100_sxm/sglang/v0.5.9/deepseek_v3_mla/agg_csv/20260630_185003_agg_stage2_agg_aic_prefix_probe_b12_isl1024_prefix512_ctx4096_d8_dctx1024_p4_pf512_pp512_layers6_backend_auto_cg_off_pcg_off_tp1_profile_nsys__MLA时延拆解.csv,3,prefill,1,attn_mha,2056,1.921759,1.516063,q_b_proj,per_token_group_quant_8bit_kernel,0.0048,4800,2
agg_aic_prefix_probe_b12_isl1024_prefix512_ctx4096,prefix_probe,/home/ai_lab/ljc/scale-up-sim/aiconfigurator/bench_data/h100_sxm/sglang/v0.5.9/deepseek_v3_mla/agg_csv/20260630_185003_agg_stage2_agg_aic_prefix_probe_b12_isl1024_prefix512_ctx4096_d8_dctx1024_p4_pf512_pp512_layers6_backend_auto_cg_off_pcg_off_tp1_profile_nsys__MLA时延拆解.csv,3,prefill,1,attn_mha,2056,1.921759,1.516063,kv_a_layernorm,RMSNormKernel,0.0048,4800,1
agg_aic_prefix_probe_b12_isl1024_prefix512_ctx4096,prefix_probe,/home/ai_lab/ljc/scale-up-sim/aiconfigurator/bench_data/h100_sxm/sglang/v0.5.9/deepseek_v3_mla/agg_csv/20260630_185003_agg_stage2_agg_aic_prefix_probe_b12_isl1024_prefix512_ctx4096_d8_dctx1024_p4_pf512_pp512_layers6_backend_auto_cg_off_pcg_off_tp1_profile_nsys__MLA时延拆解.csv,3,prefill,1,attn_mha,2056,1.921759,1.516063,rotary_emb,BatchQKApplyRotaryPosIdsCosSinCacheHeadParallelismKernel,0.026656,26656,1
agg_aic_prefix_probe_b12_isl1024_prefix512_ctx4096,prefix_probe,/home/ai_lab/ljc/scale-up-sim/aiconfigurator/bench_data/h100_sxm/sglang/v0.5.9/deepseek_v3_mla/agg_csv/20260630_185003_agg_stage2_agg_aic_prefix_probe_b12_isl1024_prefix512_ctx4096_d8_dctx1024_p4_pf512_pp512_layers6_backend_auto_cg_off_pcg_off_tp1_profile_nsys__MLA时延拆解.csv,3,prefill,1,attn_mha,2056,1.921759,1.516063,kv_b_proj,sm90_fp8_gemm_1d2d_impl,0.404768,404768,2
agg_aic_prefix_probe_b12_isl1024_prefix512_ctx4096,prefix_probe,/home/ai_lab/ljc/scale-up-sim/aiconfigurator/bench_data/h100_sxm/sglang/v0.5.9/deepseek_v3_mla/agg_csv/20260630_185003_agg_stage2_agg_aic_prefix_probe_b12_isl1024_prefix512_ctx4096_d8_dctx1024_p4_pf512_pp512_layers6_backend_auto_cg_off_pcg_off_tp1_profile_nsys__MLA时延拆解.csv,3,prefill,1,attn_mha,2056,1.921759,1.516063,kv_b_proj,per_token_group_quant_8bit_kernel,0.00912,9120,2
agg_aic_prefix_probe_b12_isl1024_prefix512_ctx4096,prefix_probe,/home/ai_lab/ljc/scale-up-sim/aiconfigurator/bench_data/h100_sxm/sglang/v0.5.9/deepseek_v3_mla/agg_csv/20260630_185003_agg_stage2_agg_aic_prefix_probe_b12_isl1024_prefix512_ctx4096_d8_dctx1024_p4_pf512_pp512_layers6_backend_auto_cg_off_pcg_off_tp1_profile_nsys__MLA时延拆解.csv,3,prefill,1,attn_mha,2056,1.921759,1.516063,attn_mha,device_kernel,0.482592,482592,2
agg_aic_prefix_probe_b12_isl1024_prefix512_ctx4096,prefix_probe,/home/ai_lab/ljc/scale-up-sim/aiconfigurator/bench_data/h100_sxm/sglang/v0.5.9/deepseek_v3_mla/agg_csv/20260630_185003_agg_stage2_agg_aic_prefix_probe_b12_isl1024_prefix512_ctx4096_d8_dctx1024_p4_pf512_pp512_layers6_backend_auto_cg_off_pcg_off_tp1_profile_nsys__MLA时延拆解.csv,3,prefill,1,attn_mha,2056,1.921759,1.516063,attn_mha,prepare_varlen_num_blocks_kernel,0.00336,3360,2
agg_aic_prefix_probe_b12_isl1024_prefix512_ctx4096,prefix_probe,/home/ai_lab/ljc/scale-up-sim/aiconfigurator/bench_data/h100_sxm/sglang/v0.5.9/deepseek_v3_mla/agg_csv/20260630_185003_agg_stage2_agg_aic_prefix_probe_b12_isl1024_prefix512_ctx4096_d8_dctx1024_p4_pf512_pp512_layers6_backend_auto_cg_off_pcg_off_tp1_profile_nsys__MLA时延拆解.csv,3,prefill,1,attn_mha,2056,1.921759,1.516063,o_proj,sm90_fp8_gemm_1d2d_impl,0.327359,327359,2
agg_aic_prefix_probe_b12_isl1024_prefix512_ctx4096,prefix_probe,/home/ai_lab/ljc/scale-up-sim/aiconfigurator/bench_data/h100_sxm/sglang/v0.5.9/deepseek_v3_mla/agg_csv/20260630_185003_agg_stage2_agg_aic_prefix_probe_b12_isl1024_prefix512_ctx4096_d8_dctx1024_p4_pf512_pp512_layers6_backend_auto_cg_off_pcg_off_tp1_profile_nsys__MLA时延拆解.csv,3,prefill,1,attn_mha,2056,1.921759,1.516063,o_proj,per_token_group_quant_8bit_kernel,0.041024,41024,2
agg_aic_prefix_probe_b12_isl1024_prefix512_ctx4096,prefix_probe,/home/ai_lab/ljc/scale-up-sim/aiconfigurator/bench_data/h100_sxm/sglang/v0.5.9/deepseek_v3_mla/agg_csv/20260630_185003_agg_stage2_agg_aic_prefix_probe_b12_isl1024_prefix512_ctx4096_d8_dctx1024_p4_pf512_pp512_layers6_backend_auto_cg_off_pcg_off_tp1_profile_nsys__MLA时延拆解.csv,4,prefill,1,attn_mha,2056,1.926591,1.520768,fused_qkv_a_proj_with_mqa,sm90_fp8_gemm_1d2d_impl,0.059776,59776,2
agg_aic_prefix_probe_b12_isl1024_prefix512_ctx4096,prefix_probe,/home/ai_lab/ljc/scale-up-sim/aiconfigurator/bench_data/h100_sxm/sglang/v0.5.9/deepseek_v3_mla/agg_csv/20260630_185003_agg_stage2_agg_aic_prefix_probe_b12_isl1024_prefix512_ctx4096_d8_dctx1024_p4_pf512_pp512_layers6_backend_auto_cg_off_pcg_off_tp1_profile_nsys__MLA时延拆解.csv,4,prefill,1,attn_mha,2056,1.926591,1.520768,fused_qkv_a_proj_with_mqa,per_token_group_quant_8bit_kernel,0.02016,20160,2
agg_aic_prefix_probe_b12_isl1024_prefix512_ctx4096,prefix_probe,/home/ai_lab/ljc/scale-up-sim/aiconfigurator/bench_data/h100_sxm/sglang/v0.5.9/deepseek_v3_mla/agg_csv/20260630_185003_agg_stage2_agg_aic_prefix_probe_b12_isl1024_prefix512_ctx4096_d8_dctx1024_p4_pf512_pp512_layers6_backend_auto_cg_off_pcg_off_tp1_profile_nsys__MLA时延拆解.csv,4,prefill,1,attn_mha,2056,1.926591,1.520768,q_a_layernorm,RMSNormKernel,0.005216,5216,1
agg_aic_prefix_probe_b12_isl1024_prefix512_ctx4096,prefix_probe,/home/ai_lab/ljc/scale-up-sim/aiconfigurator/bench_data/h100_sxm/sglang/v0.5.9/deepseek_v3_mla/agg_csv/20260630_185003_agg_stage2_agg_aic_prefix_probe_b12_isl1024_prefix512_ctx4096_d8_dctx1024_p4_pf512_pp512_layers6_backend_auto_cg_off_pcg_off_tp1_profile_nsys__MLA时延拆解.csv,4,prefill,1,attn_mha,2056,1.926591,1.520768,q_b_proj,sm90_fp8_gemm_1d2d_impl,0.125504,125504,2
agg_aic_prefix_probe_b12_isl1024_prefix512_ctx4096,prefix_probe,/home/ai_lab/ljc/scale-up-sim/aiconfigurator/bench_data/h100_sxm/sglang/v0.5.9/deepseek_v3_mla/agg_csv/20260630_185003_agg_stage2_agg_aic_prefix_probe_b12_isl1024_prefix512_ctx4096_d8_dctx1024_p4_pf512_pp512_layers6_backend_auto_cg_off_pcg_off_tp1_profile_nsys__MLA时延拆解.csv,4,prefill,1,attn_mha,2056,1.926591,1.520768,q_b_proj,per_token_group_quant_8bit_kernel,0.004832,4832,2
agg_aic_prefix_probe_b12_isl1024_prefix512_ctx4096,prefix_probe,/home/ai_lab/ljc/scale-up-sim/aiconfigurator/bench_data/h100_sxm/sglang/v0.5.9/deepseek_v3_mla/agg_csv/20260630_185003_agg_stage2_agg_aic_prefix_probe_b12_isl1024_prefix512_ctx4096_d8_dctx1024_p4_pf512_pp512_layers6_backend_auto_cg_off_pcg_off_tp1_profile_nsys__MLA时延拆解.csv,4,prefill,1,attn_mha,2056,1.926591,1.520768,kv_a_layernorm,RMSNormKernel,0.005344,5344,1
agg_aic_prefix_probe_b12_isl1024_prefix512_ctx4096,prefix_probe,/home/ai_lab/ljc/scale-up-sim/aiconfigurator/bench_data/h100_sxm/sglang/v0.5.9/deepseek_v3_mla/agg_csv/20260630_185003_agg_stage2_agg_aic_prefix_probe_b12_isl1024_prefix512_ctx4096_d8_dctx1024_p4_pf512_pp512_layers6_backend_auto_cg_off_pcg_off_tp1_profile_nsys__MLA时延拆解.csv,4,prefill,1,attn_mha,2056,1.926591,1.520768,rotary_emb,BatchQKApplyRotaryPosIdsCosSinCacheHeadParallelismKernel,0.027232,27232,1
agg_aic_prefix_probe_b12_isl1024_prefix512_ctx4096,prefix_probe,/home/ai_lab/ljc/scale-up-sim/aiconfigurator/bench_data/h100_sxm/sglang/v0.5.9/deepseek_v3_mla/agg_csv/20260630_185003_agg_stage2_agg_aic_prefix_probe_b12_isl1024_prefix512_ctx4096_d8_dctx1024_p4_pf512_pp512_layers6_backend_auto_cg_off_pcg_off_tp1_profile_nsys__MLA时延拆解.csv,4,prefill,1,attn_mha,2056,1.926591,1.520768,kv_b_proj,sm90_fp8_gemm_1d2d_impl,0.404544,404544,2
agg_aic_prefix_probe_b12_isl1024_prefix512_ctx4096,prefix_probe,/home/ai_lab/ljc/scale-up-sim/aiconfigurator/bench_data/h100_sxm/sglang/v0.5.9/deepseek_v3_mla/agg_csv/20260630_185003_agg_stage2_agg_aic_prefix_probe_b12_isl1024_prefix512_ctx4096_d8_dctx1024_p4_pf512_pp512_layers6_backend_auto_cg_off_pcg_off_tp1_profile_nsys__MLA时延拆解.csv,4,prefill,1,attn_mha,2056,1.926591,1.520768,kv_b_proj,per_token_group_quant_8bit_kernel,0.009216,9216,2
agg_aic_prefix_probe_b12_isl1024_prefix512_ctx4096,prefix_probe,/home/ai_lab/ljc/scale-up-sim/aiconfigurator/bench_data/h100_sxm/sglang/v0.5.9/deepseek_v3_mla/agg_csv/20260630_185003_agg_stage2_agg_aic_prefix_probe_b12_isl1024_prefix512_ctx4096_d8_dctx1024_p4_pf512_pp512_layers6_backend_auto_cg_off_pcg_off_tp1_profile_nsys__MLA时延拆解.csv,4,prefill,1,attn_mha,2056,1.926591,1.520768,attn_mha,device_kernel,0.481664,481664,2
agg_aic_prefix_probe_b12_isl1024_prefix512_ctx4096,prefix_probe,/home/ai_lab/ljc/scale-up-sim/aiconfigurator/bench_data/h100_sxm/sglang/v0.5.9/deepseek_v3_mla/agg_csv/20260630_185003_agg_stage2_agg_aic_prefix_probe_b12_isl1024_prefix512_ctx4096_d8_dctx1024_p4_pf512_pp512_layers6_backend_auto_cg_off_pcg_off_tp1_profile_nsys__MLA时延拆解.csv,4,prefill,1,attn_mha,2056,1.926591,1.520768,attn_mha,prepare_varlen_num_blocks_kernel,0.003296,3296,2
agg_aic_prefix_probe_b12_isl1024_prefix512_ctx4096,prefix_probe,/home/ai_lab/ljc/scale-up-sim/aiconfigurator/bench_data/h100_sxm/sglang/v0.5.9/deepseek_v3_mla/agg_csv/20260630_185003_agg_stage2_agg_aic_prefix_probe_b12_isl1024_prefix512_ctx4096_d8_dctx1024_p4_pf512_pp512_layers6_backend_auto_cg_off_pcg_off_tp1_profile_nsys__MLA时延拆解.csv,4,prefill,1,attn_mha,2056,1.926591,1.520768,o_proj,sm90_fp8_gemm_1d2d_impl,0.332864,332864,2
agg_aic_prefix_probe_b12_isl1024_prefix512_ctx4096,prefix_probe,/home/ai_lab/ljc/scale-up-sim/aiconfigurator/bench_data/h100_sxm/sglang/v0.5.9/deepseek_v3_mla/agg_csv/20260630_185003_agg_stage2_agg_aic_prefix_probe_b12_isl1024_prefix512_ctx4096_d8_dctx1024_p4_pf512_pp512_layers6_backend_auto_cg_off_pcg_off_tp1_profile_nsys__MLA时延拆解.csv,4,prefill,1,attn_mha,2056,1.926591,1.520768,o_proj,per_token_group_quant_8bit_kernel,0.04112,41120,2
agg_aic_prefix_probe_b12_isl1024_prefix512_ctx4096,prefix_probe,/home/ai_lab/ljc/scale-up-sim/aiconfigurator/bench_data/h100_sxm/sglang/v0.5.9/deepseek_v3_mla/agg_csv/20260630_185003_agg_stage2_agg_aic_prefix_probe_b12_isl1024_prefix512_ctx4096_d8_dctx1024_p4_pf512_pp512_layers6_backend_auto_cg_off_pcg_off_tp1_profile_nsys__MLA时延拆解.csv,5,prefill,1,attn_mha,2056,1.919935,1.518239,fused_qkv_a_proj_with_mqa,sm90_fp8_gemm_1d2d_impl,0.05936,59360,2
agg_aic_prefix_probe_b12_isl1024_prefix512_ctx4096,prefix_probe,/home/ai_lab/ljc/scale-up-sim/aiconfigurator/bench_data/h100_sxm/sglang/v0.5.9/deepseek_v3_mla/agg_csv/20260630_185003_agg_stage2_agg_aic_prefix_probe_b12_isl1024_prefix512_ctx4096_d8_dctx1024_p4_pf512_pp512_layers6_backend_auto_cg_off_pcg_off_tp1_profile_nsys__MLA时延拆解.csv,5,prefill,1,attn_mha,2056,1.919935,1.518239,fused_qkv_a_proj_with_mqa,per_token_group_quant_8bit_kernel,0.020384,20384,2
agg_aic_prefix_probe_b12_isl1024_prefix512_ctx4096,prefix_probe,/home/ai_lab/ljc/scale-up-sim/aiconfigurator/bench_data/h100_sxm/sglang/v0.5.9/deepseek_v3_mla/agg_csv/20260630_185003_agg_stage2_agg_aic_prefix_probe_b12_isl1024_prefix512_ctx4096_d8_dctx1024_p4_pf512_pp512_layers6_backend_auto_cg_off_pcg_off_tp1_profile_nsys__MLA时延拆解.csv,5,prefill,1,attn_mha,2056,1.919935,1.518239,q_a_layernorm,RMSNormKernel,0.005472,5472,1
agg_aic_prefix_probe_b12_isl1024_prefix512_ctx4096,prefix_probe,/home/ai_lab/ljc/scale-up-sim/aiconfigurator/bench_data/h100_sxm/sglang/v0.5.9/deepseek_v3_mla/agg_csv/20260630_185003_agg_stage2_agg_aic_prefix_probe_b12_isl1024_prefix512_ctx4096_d8_dctx1024_p4_pf512_pp512_layers6_backend_auto_cg_off_pcg_off_tp1_profile_nsys__MLA时延拆解.csv,5,prefill,1,attn_mha,2056,1.919935,1.518239,q_b_proj,sm90_fp8_gemm_1d2d_impl,0.125279,125279,2
agg_aic_prefix_probe_b12_isl1024_prefix512_ctx4096,prefix_probe,/home/ai_lab/ljc/scale-up-sim/aiconfigurator/bench_data/h100_sxm/sglang/v0.5.9/deepseek_v3_mla/agg_csv/20260630_185003_agg_stage2_agg_aic_prefix_probe_b12_isl1024_prefix512_ctx4096_d8_dctx1024_p4_pf512_pp512_layers6_backend_auto_cg_off_pcg_off_tp1_profile_nsys__MLA时延拆解.csv,5,prefill,1,attn_mha,2056,1.919935,1.518239,q_b_proj,per_token_group_quant_8bit_kernel,0.004704,4704,2
agg_aic_prefix_probe_b12_isl1024_prefix512_ctx4096,prefix_probe,/home/ai_lab/ljc/scale-up-sim/aiconfigurator/bench_data/h100_sxm/sglang/v0.5.9/deepseek_v3_mla/agg_csv/20260630_185003_agg_stage2_agg_aic_prefix_probe_b12_isl1024_prefix512_ctx4096_d8_dctx1024_p4_pf512_pp512_layers6_backend_auto_cg_off_pcg_off_tp1_profile_nsys__MLA时延拆解.csv,5,prefill,1,attn_mha,2056,1.919935,1.518239,kv_a_layernorm,RMSNormKernel,0.005056,5056,1
agg_aic_prefix_probe_b12_isl1024_prefix512_ctx4096,prefix_probe,/home/ai_lab/ljc/scale-up-sim/aiconfigurator/bench_data/h100_sxm/sglang/v0.5.9/deepseek_v3_mla/agg_csv/20260630_185003_agg_stage2_agg_aic_prefix_probe_b12_isl1024_prefix512_ctx4096_d8_dctx1024_p4_pf512_pp512_layers6_backend_auto_cg_off_pcg_off_tp1_profile_nsys__MLA时延拆解.csv,5,prefill,1,attn_mha,2056,1.919935,1.518239,rotary_emb,BatchQKApplyRotaryPosIdsCosSinCacheHeadParallelismKernel,0.026336,26336,1
agg_aic_prefix_probe_b12_isl1024_prefix512_ctx4096,prefix_probe,/home/ai_lab/ljc/scale-up-sim/aiconfigurator/bench_data/h100_sxm/sglang/v0.5.9/deepseek_v3_mla/agg_csv/20260630_185003_agg_stage2_agg_aic_prefix_probe_b12_isl1024_prefix512_ctx4096_d8_dctx1024_p4_pf512_pp512_layers6_backend_auto_cg_off_pcg_off_tp1_profile_nsys__MLA时延拆解.csv,5,prefill,1,attn_mha,2056,1.919935,1.518239,kv_b_proj,sm90_fp8_gemm_1d2d_impl,0.401152,401152,2
agg_aic_prefix_probe_b12_isl1024_prefix512_ctx4096,prefix_probe,/home/ai_lab/ljc/scale-up-sim/aiconfigurator/bench_data/h100_sxm/sglang/v0.5.9/deepseek_v3_mla/agg_csv/20260630_185003_agg_stage2_agg_aic_prefix_probe_b12_isl1024_prefix512_ctx4096_d8_dctx1024_p4_pf512_pp512_layers6_backend_auto_cg_off_pcg_off_tp1_profile_nsys__MLA时延拆解.csv,5,prefill,1,attn_mha,2056,1.919935,1.518239,kv_b_proj,per_token_group_quant_8bit_kernel,0.00912,9120,2
agg_aic_prefix_probe_b12_isl1024_prefix512_ctx4096,prefix_probe,/home/ai_lab/ljc/scale-up-sim/aiconfigurator/bench_data/h100_sxm/sglang/v0.5.9/deepseek_v3_mla/agg_csv/20260630_185003_agg_stage2_agg_aic_prefix_probe_b12_isl1024_prefix512_ctx4096_d8_dctx1024_p4_pf512_pp512_layers6_backend_auto_cg_off_pcg_off_tp1_profile_nsys__MLA时延拆解.csv,5,prefill,1,attn_mha,2056,1.919935,1.518239,attn_mha,device_kernel,0.482272,482272,2
agg_aic_prefix_probe_b12_isl1024_prefix512_ctx4096,prefix_probe,/home/ai_lab/ljc/scale-up-sim/aiconfigurator/bench_data/h100_sxm/sglang/v0.5.9/deepseek_v3_mla/agg_csv/20260630_185003_agg_stage2_agg_aic_prefix_probe_b12_isl1024_prefix512_ctx4096_d8_dctx1024_p4_pf512_pp512_layers6_backend_auto_cg_off_pcg_off_tp1_profile_nsys__MLA时延拆解.csv,5,prefill,1,attn_mha,2056,1.919935,1.518239,attn_mha,prepare_varlen_num_blocks_kernel,0.003328,3328,2
agg_aic_prefix_probe_b12_isl1024_prefix512_ctx4096,prefix_probe,/home/ai_lab/ljc/scale-up-sim/aiconfigurator/bench_data/h100_sxm/sglang/v0.5.9/deepseek_v3_mla/agg_csv/20260630_185003_agg_stage2_agg_aic_prefix_probe_b12_isl1024_prefix512_ctx4096_d8_dctx1024_p4_pf512_pp512_layers6_backend_auto_cg_off_pcg_off_tp1_profile_nsys__MLA时延拆解.csv,5,prefill,1,attn_mha,2056,1.919935,1.518239,o_proj,sm90_fp8_gemm_1d2d_impl,0.333824,333824,2
agg_aic_prefix_probe_b12_isl1024_prefix512_ctx4096,prefix_probe,/home/ai_lab/ljc/scale-up-sim/aiconfigurator/bench_data/h100_sxm/sglang/v0.5.9/deepseek_v3_mla/agg_csv/20260630_185003_agg_stage2_agg_aic_prefix_probe_b12_isl1024_prefix512_ctx4096_d8_dctx1024_p4_pf512_pp512_layers6_backend_auto_cg_off_pcg_off_tp1_profile_nsys__MLA时延拆解.csv,5,prefill,1,attn_mha,2056,1.919935,1.518239,o_proj,per_token_group_quant_8bit_kernel,0.041952,41952,2
agg_aic_prefix_probe_b24_isl1280_prefix1024_ctx10240,prefix_probe,/home/ai_lab/ljc/scale-up-sim/aiconfigurator/bench_data/h100_sxm/sglang/v0.5.9/deepseek_v3_mla/agg_csv/20260630_185404_agg_stage2_agg_aic_prefix_probe_b24_isl1280_prefix1024_ctx10240_d16_dctx1280_p8_pf256_pp1024_layers6_backend_auto_cg_off_pcg_off_tp1_profile_nsys__MLA时延拆解.csv,0,prefill,1,attn_mha,2064,4.876729,2.703357,fused_qkv_a_proj_with_mqa,sm90_fp8_gemm_1d2d_impl,0.060704,60704,2
agg_aic_prefix_probe_b24_isl1280_prefix1024_ctx10240,prefix_probe,/home/ai_lab/ljc/scale-up-sim/aiconfigurator/bench_data/h100_sxm/sglang/v0.5.9/deepseek_v3_mla/agg_csv/20260630_185404_agg_stage2_agg_aic_prefix_probe_b24_isl1280_prefix1024_ctx10240_d16_dctx1280_p8_pf256_pp1024_layers6_backend_auto_cg_off_pcg_off_tp1_profile_nsys__MLA时延拆解.csv,0,prefill,1,attn_mha,2064,4.876729,2.703357,fused_qkv_a_proj_with_mqa,per_token_group_quant_8bit_kernel,0.020352,20352,2
agg_aic_prefix_probe_b24_isl1280_prefix1024_ctx10240,prefix_probe,/home/ai_lab/ljc/scale-up-sim/aiconfigurator/bench_data/h100_sxm/sglang/v0.5.9/deepseek_v3_mla/agg_csv/20260630_185404_agg_stage2_agg_aic_prefix_probe_b24_isl1280_prefix1024_ctx10240_d16_dctx1280_p8_pf256_pp1024_layers6_backend_auto_cg_off_pcg_off_tp1_profile_nsys__MLA时延拆解.csv,0,prefill,1,attn_mha,2064,4.876729,2.703357,q_a_layernorm,RMSNormKernel,0.005088,5088,1
agg_aic_prefix_probe_b24_isl1280_prefix1024_ctx10240,prefix_probe,/home/ai_lab/ljc/scale-up-sim/aiconfigurator/bench_data/h100_sxm/sglang/v0.5.9/deepseek_v3_mla/agg_csv/20260630_185404_agg_stage2_agg_aic_prefix_probe_b24_isl1280_prefix1024_ctx10240_d16_dctx1280_p8_pf256_pp1024_layers6_backend_auto_cg_off_pcg_off_tp1_profile_nsys__MLA时延拆解.csv,0,prefill,1,attn_mha,2064,4.876729,2.703357,q_b_proj,sm90_fp8_gemm_1d2d_impl,0.13088,130880,2
agg_aic_prefix_probe_b24_isl1280_prefix1024_ctx10240,prefix_probe,/home/ai_lab/ljc/scale-up-sim/aiconfigurator/bench_data/h100_sxm/sglang/v0.5.9/deepseek_v3_mla/agg_csv/20260630_185404_agg_stage2_agg_aic_prefix_probe_b24_isl1280_prefix1024_ctx10240_d16_dctx1280_p8_pf256_pp1024_layers6_backend_auto_cg_off_pcg_off_tp1_profile_nsys__MLA时延拆解.csv,0,prefill,1,attn_mha,2064,4.876729,2.703357,q_b_proj,per_token_group_quant_8bit_kernel,0.004864,4864,2
agg_aic_prefix_probe_b24_isl1280_prefix1024_ctx10240,prefix_probe,/home/ai_lab/ljc/scale-up-sim/aiconfigurator/bench_data/h100_sxm/sglang/v0.5.9/deepseek_v3_mla/agg_csv/20260630_185404_agg_stage2_agg_aic_prefix_probe_b24_isl1280_prefix1024_ctx10240_d16_dctx1280_p8_pf256_pp1024_layers6_backend_auto_cg_off_pcg_off_tp1_profile_nsys__MLA时延拆解.csv,0,prefill,1,attn_mha,2064,4.876729,2.703357,kv_a_layernorm,RMSNormKernel,0.004928,4928,1
agg_aic_prefix_probe_b24_isl1280_prefix1024_ctx10240,prefix_probe,/home/ai_lab/ljc/scale-up-sim/aiconfigurator/bench_data/h100_sxm/sglang/v0.5.9/deepseek_v3_mla/agg_csv/20260630_185404_agg_stage2_agg_aic_prefix_probe_b24_isl1280_prefix1024_ctx10240_d16_dctx1280_p8_pf256_pp1024_layers6_backend_auto_cg_off_pcg_off_tp1_profile_nsys__MLA时延拆解.csv,0,prefill,1,attn_mha,2064,4.876729,2.703357,rotary_emb,BatchQKApplyRotaryPosIdsCosSinCacheHeadParallelismKernel,0.026175,26175,1
agg_aic_prefix_probe_b24_isl1280_prefix1024_ctx10240,prefix_probe,/home/ai_lab/ljc/scale-up-sim/aiconfigurator/bench_data/h100_sxm/sglang/v0.5.9/deepseek_v3_mla/agg_csv/20260630_185404_agg_stage2_agg_aic_prefix_probe_b24_isl1280_prefix1024_ctx10240_d16_dctx1280_p8_pf256_pp1024_layers6_backend_auto_cg_off_pcg_off_tp1_profile_nsys__MLA时延拆解.csv,0,prefill,1,attn_mha,2064,4.876729,2.703357,kv_b_proj,sm90_fp8_gemm_1d2d_impl,1.106079,1106079,2
agg_aic_prefix_probe_b24_isl1280_prefix1024_ctx10240,prefix_probe,/home/ai_lab/ljc/scale-up-sim/aiconfigurator/bench_data/h100_sxm/sglang/v0.5.9/deepseek_v3_mla/agg_csv/20260630_185404_agg_stage2_agg_aic_prefix_probe_b24_isl1280_prefix1024_ctx10240_d16_dctx1280_p8_pf256_pp1024_layers6_backend_auto_cg_off_pcg_off_tp1_profile_nsys__MLA时延拆解.csv,0,prefill,1,attn_mha,2064,4.876729,2.703357,kv_b_proj,per_token_group_quant_8bit_kernel,0.021152,21152,2
agg_aic_prefix_probe_b24_isl1280_prefix1024_ctx10240,prefix_probe,/home/ai_lab/ljc/scale-up-sim/aiconfigurator/bench_data/h100_sxm/sglang/v0.5.9/deepseek_v3_mla/agg_csv/20260630_185404_agg_stage2_agg_aic_prefix_probe_b24_isl1280_prefix1024_ctx10240_d16_dctx1280_p8_pf256_pp1024_layers6_backend_auto_cg_off_pcg_off_tp1_profile_nsys__MLA时延拆解.csv,0,prefill,1,attn_mha,2064,4.876729,2.703357,attn_mha,device_kernel,0.950591,950591,2
agg_aic_prefix_probe_b24_isl1280_prefix1024_ctx10240,prefix_probe,/home/ai_lab/ljc/scale-up-sim/aiconfigurator/bench_data/h100_sxm/sglang/v0.5.9/deepseek_v3_mla/agg_csv/20260630_185404_agg_stage2_agg_aic_prefix_probe_b24_isl1280_prefix1024_ctx10240_d16_dctx1280_p8_pf256_pp1024_layers6_backend_auto_cg_off_pcg_off_tp1_profile_nsys__MLA时延拆解.csv,0,prefill,1,attn_mha,2064,4.876729,2.703357,attn_mha,prepare_varlen_num_blocks_kernel,0.003424,3424,2
agg_aic_prefix_probe_b24_isl1280_prefix1024_ctx10240,prefix_probe,/home/ai_lab/ljc/scale-up-sim/aiconfigurator/bench_data/h100_sxm/sglang/v0.5.9/deepseek_v3_mla/agg_csv/20260630_185404_agg_stage2_agg_aic_prefix_probe_b24_isl1280_prefix1024_ctx10240_d16_dctx1280_p8_pf256_pp1024_layers6_backend_auto_cg_off_pcg_off_tp1_profile_nsys__MLA时延拆解.csv,0,prefill,1,attn_mha,2064,4.876729,2.703357,o_proj,sm90_fp8_gemm_1d2d_impl,0.327776,327776,2
agg_aic_prefix_probe_b24_isl1280_prefix1024_ctx10240,prefix_probe,/home/ai_lab/ljc/scale-up-sim/aiconfigurator/bench_data/h100_sxm/sglang/v0.5.9/deepseek_v3_mla/agg_csv/20260630_185404_agg_stage2_agg_aic_prefix_probe_b24_isl1280_prefix1024_ctx10240_d16_dctx1280_p8_pf256_pp1024_layers6_backend_auto_cg_off_pcg_off_tp1_profile_nsys__MLA时延拆解.csv,0,prefill,1,attn_mha,2064,4.876729,2.703357,o_proj,per_token_group_quant_8bit_kernel,0.041344,41344,2
agg_aic_prefix_probe_b24_isl1280_prefix1024_ctx10240,prefix_probe,/home/ai_lab/ljc/scale-up-sim/aiconfigurator/bench_data/h100_sxm/sglang/v0.5.9/deepseek_v3_mla/agg_csv/20260630_185404_agg_stage2_agg_aic_prefix_probe_b24_isl1280_prefix1024_ctx10240_d16_dctx1280_p8_pf256_pp1024_layers6_backend_auto_cg_off_pcg_off_tp1_profile_nsys__MLA时延拆解.csv,1,prefill,1,attn_mha,2064,3.715034,2.761979,fused_qkv_a_proj_with_mqa,sm90_fp8_gemm_1d2d_impl,0.059647,59647,2
agg_aic_prefix_probe_b24_isl1280_prefix1024_ctx10240,prefix_probe,/home/ai_lab/ljc/scale-up-sim/aiconfigurator/bench_data/h100_sxm/sglang/v0.5.9/deepseek_v3_mla/agg_csv/20260630_185404_agg_stage2_agg_aic_prefix_probe_b24_isl1280_prefix1024_ctx10240_d16_dctx1280_p8_pf256_pp1024_layers6_backend_auto_cg_off_pcg_off_tp1_profile_nsys__MLA时延拆解.csv,1,prefill,1,attn_mha,2064,3.715034,2.761979,fused_qkv_a_proj_with_mqa,per_token_group_quant_8bit_kernel,0.020256,20256,2
agg_aic_prefix_probe_b24_isl1280_prefix1024_ctx10240,prefix_probe,/home/ai_lab/ljc/scale-up-sim/aiconfigurator/bench_data/h100_sxm/sglang/v0.5.9/deepseek_v3_mla/agg_csv/20260630_185404_agg_stage2_agg_aic_prefix_probe_b24_isl1280_prefix1024_ctx10240_d16_dctx1280_p8_pf256_pp1024_layers6_backend_auto_cg_off_pcg_off_tp1_profile_nsys__MLA时延拆解.csv,1,prefill,1,attn_mha,2064,3.715034,2.761979,q_a_layernorm,RMSNormKernel,0.005632,5632,1
agg_aic_prefix_probe_b24_isl1280_prefix1024_ctx10240,prefix_probe,/home/ai_lab/ljc/scale-up-sim/aiconfigurator/bench_data/h100_sxm/sglang/v0.5.9/deepseek_v3_mla/agg_csv/20260630_185404_agg_stage2_agg_aic_prefix_probe_b24_isl1280_prefix1024_ctx10240_d16_dctx1280_p8_pf256_pp1024_layers6_backend_auto_cg_off_pcg_off_tp1_profile_nsys__MLA时延拆解.csv,1,prefill,1,attn_mha,2064,3.715034,2.761979,q_b_proj,sm90_fp8_gemm_1d2d_impl,0.126208,126208,2
agg_aic_prefix_probe_b24_isl1280_prefix1024_ctx10240,prefix_probe,/home/ai_lab/ljc/scale-up-sim/aiconfigurator/bench_data/h100_sxm/sglang/v0.5.9/deepseek_v3_mla/agg_csv/20260630_185404_agg_stage2_agg_aic_prefix_probe_b24_isl1280_prefix1024_ctx10240_d16_dctx1280_p8_pf256_pp1024_layers6_backend_auto_cg_off_pcg_off_tp1_profile_nsys__MLA时延拆解.csv,1,prefill,1,attn_mha,2064,3.715034,2.761979,q_b_proj,per_token_group_quant_8bit_kernel,0.004864,4864,2
agg_aic_prefix_probe_b24_isl1280_prefix1024_ctx10240,prefix_probe,/home/ai_lab/ljc/scale-up-sim/aiconfigurator/bench_data/h100_sxm/sglang/v0.5.9/deepseek_v3_mla/agg_csv/20260630_185404_agg_stage2_agg_aic_prefix_probe_b24_isl1280_prefix1024_ctx10240_d16_dctx1280_p8_pf256_pp1024_layers6_backend_auto_cg_off_pcg_off_tp1_profile_nsys__MLA时延拆解.csv,1,prefill,1,attn_mha,2064,3.715034,2.761979,kv_a_layernorm,RMSNormKernel,0.005408,5408,1
agg_aic_prefix_probe_b24_isl1280_prefix1024_ctx10240,prefix_probe,/home/ai_lab/ljc/scale-up-sim/aiconfigurator/bench_data/h100_sxm/sglang/v0.5.9/deepseek_v3_mla/agg_csv/20260630_185404_agg_stage2_agg_aic_prefix_probe_b24_isl1280_prefix1024_ctx10240_d16_dctx1280_p8_pf256_pp1024_layers6_backend_auto_cg_off_pcg_off_tp1_profile_nsys__MLA时延拆解.csv,1,prefill,1,attn_mha,2064,3.715034,2.761979,rotary_emb,BatchQKApplyRotaryPosIdsCosSinCacheHeadParallelismKernel,0.026112,26112,1
agg_aic_prefix_probe_b24_isl1280_prefix1024_ctx10240,prefix_probe,/home/ai_lab/ljc/scale-up-sim/aiconfigurator/bench_data/h100_sxm/sglang/v0.5.9/deepseek_v3_mla/agg_csv/20260630_185404_agg_stage2_agg_aic_prefix_probe_b24_isl1280_prefix1024_ctx10240_d16_dctx1280_p8_pf256_pp1024_layers6_backend_auto_cg_off_pcg_off_tp1_profile_nsys__MLA时延拆解.csv,1,prefill,1,attn_mha,2064,3.715034,2.761979,kv_b_proj,sm90_fp8_gemm_1d2d_impl,1.16275,1162750,2
agg_aic_prefix_probe_b24_isl1280_prefix1024_ctx10240,prefix_probe,/home/ai_lab/ljc/scale-up-sim/aiconfigurator/bench_data/h100_sxm/sglang/v0.5.9/deepseek_v3_mla/agg_csv/20260630_185404_agg_stage2_agg_aic_prefix_probe_b24_isl1280_prefix1024_ctx10240_d16_dctx1280_p8_pf256_pp1024_layers6_backend_auto_cg_off_pcg_off_tp1_profile_nsys__MLA时延拆解.csv,1,prefill,1,attn_mha,2064,3.715034,2.761979,kv_b_proj,per_token_group_quant_8bit_kernel,0.02112,21120,2
agg_aic_prefix_probe_b24_isl1280_prefix1024_ctx10240,prefix_probe,/home/ai_lab/ljc/scale-up-sim/aiconfigurator/bench_data/h100_sxm/sglang/v0.5.9/deepseek_v3_mla/agg_csv/20260630_185404_agg_stage2_agg_aic_prefix_probe_b24_isl1280_prefix1024_ctx10240_d16_dctx1280_p8_pf256_pp1024_layers6_backend_auto_cg_off_pcg_off_tp1_profile_nsys__MLA时延拆解.csv,1,prefill,1,attn_mha,2064,3.715034,2.761979,attn_mha,device_kernel,0.952927,952927,2
agg_aic_prefix_probe_b24_isl1280_prefix1024_ctx10240,prefix_probe,/home/ai_lab/ljc/scale-up-sim/aiconfigurator/bench_data/h100_sxm/sglang/v0.5.9/deepseek_v3_mla/agg_csv/20260630_185404_agg_stage2_agg_aic_prefix_probe_b24_isl1280_prefix1024_ctx10240_d16_dctx1280_p8_pf256_pp1024_layers6_backend_auto_cg_off_pcg_off_tp1_profile_nsys__MLA时延拆解.csv,1,prefill,1,attn_mha,2064,3.715034,2.761979,attn_mha,prepare_varlen_num_blocks_kernel,0.00336,3360,2
agg_aic_prefix_probe_b24_isl1280_prefix1024_ctx10240,prefix_probe,/home/ai_lab/ljc/scale-up-sim/aiconfigurator/bench_data/h100_sxm/sglang/v0.5.9/deepseek_v3_mla/agg_csv/20260630_185404_agg_stage2_agg_aic_prefix_probe_b24_isl1280_prefix1024_ctx10240_d16_dctx1280_p8_pf256_pp1024_layers6_backend_auto_cg_off_pcg_off_tp1_profile_nsys__MLA时延拆解.csv,1,prefill,1,attn_mha,2064,3.715034,2.761979,o_proj,sm90_fp8_gemm_1d2d_impl,0.332031,332031,2
agg_aic_prefix_probe_b24_isl1280_prefix1024_ctx10240,prefix_probe,/home/ai_lab/ljc/scale-up-sim/aiconfigurator/bench_data/h100_sxm/sglang/v0.5.9/deepseek_v3_mla/agg_csv/20260630_185404_agg_stage2_agg_aic_prefix_probe_b24_isl1280_prefix1024_ctx10240_d16_dctx1280_p8_pf256_pp1024_layers6_backend_auto_cg_off_pcg_off_tp1_profile_nsys__MLA时延拆解.csv,1,prefill,1,attn_mha,2064,3.715034,2.761979,o_proj,per_token_group_quant_8bit_kernel,0.041664,41664,2
agg_aic_prefix_probe_b24_isl1280_prefix1024_ctx10240,prefix_probe,/home/ai_lab/ljc/scale-up-sim/aiconfigurator/bench_data/h100_sxm/sglang/v0.5.9/deepseek_v3_mla/agg_csv/20260630_185404_agg_stage2_agg_aic_prefix_probe_b24_isl1280_prefix1024_ctx10240_d16_dctx1280_p8_pf256_pp1024_layers6_backend_auto_cg_off_pcg_off_tp1_profile_nsys__MLA时延拆解.csv,2,prefill,1,attn_mha,2064,3.644635,2.691708,fused_qkv_a_proj_with_mqa,sm90_fp8_gemm_1d2d_impl,0.05936,59360,2
agg_aic_prefix_probe_b24_isl1280_prefix1024_ctx10240,prefix_probe,/home/ai_lab/ljc/scale-up-sim/aiconfigurator/bench_data/h100_sxm/sglang/v0.5.9/deepseek_v3_mla/agg_csv/20260630_185404_agg_stage2_agg_aic_prefix_probe_b24_isl1280_prefix1024_ctx10240_d16_dctx1280_p8_pf256_pp1024_layers6_backend_auto_cg_off_pcg_off_tp1_profile_nsys__MLA时延拆解.csv,2,prefill,1,attn_mha,2064,3.644635,2.691708,fused_qkv_a_proj_with_mqa,per_token_group_quant_8bit_kernel,0.020352,20352,2
agg_aic_prefix_probe_b24_isl1280_prefix1024_ctx10240,prefix_probe,/home/ai_lab/ljc/scale-up-sim/aiconfigurator/bench_data/h100_sxm/sglang/v0.5.9/deepseek_v3_mla/agg_csv/20260630_185404_agg_stage2_agg_aic_prefix_probe_b24_isl1280_prefix1024_ctx10240_d16_dctx1280_p8_pf256_pp1024_layers6_backend_auto_cg_off_pcg_off_tp1_profile_nsys__MLA时延拆解.csv,2,prefill,1,attn_mha,2064,3.644635,2.691708,q_a_layernorm,RMSNormKernel,0.005664,5664,1
agg_aic_prefix_probe_b24_isl1280_prefix1024_ctx10240,prefix_probe,/home/ai_lab/ljc/scale-up-sim/aiconfigurator/bench_data/h100_sxm/sglang/v0.5.9/deepseek_v3_mla/agg_csv/20260630_185404_agg_stage2_agg_aic_prefix_probe_b24_isl1280_prefix1024_ctx10240_d16_dctx1280_p8_pf256_pp1024_layers6_backend_auto_cg_off_pcg_off_tp1_profile_nsys__MLA时延拆解.csv,2,prefill,1,attn_mha,2064,3.644635,2.691708,q_b_proj,sm90_fp8_gemm_1d2d_impl,0.12576,125760,2
agg_aic_prefix_probe_b24_isl1280_prefix1024_ctx10240,prefix_probe,/home/ai_lab/ljc/scale-up-sim/aiconfigurator/bench_data/h100_sxm/sglang/v0.5.9/deepseek_v3_mla/agg_csv/20260630_185404_agg_stage2_agg_aic_prefix_probe_b24_isl1280_prefix1024_ctx10240_d16_dctx1280_p8_pf256_pp1024_layers6_backend_auto_cg_off_pcg_off_tp1_profile_nsys__MLA时延拆解.csv,2,prefill,1,attn_mha,2064,3.644635,2.691708,q_b_proj,per_token_group_quant_8bit_kernel,0.004992,4992,2
agg_aic_prefix_probe_b24_isl1280_prefix1024_ctx10240,prefix_probe,/home/ai_lab/ljc/scale-up-sim/aiconfigurator/bench_data/h100_sxm/sglang/v0.5.9/deepseek_v3_mla/agg_csv/20260630_185404_agg_stage2_agg_aic_prefix_probe_b24_isl1280_prefix1024_ctx10240_d16_dctx1280_p8_pf256_pp1024_layers6_backend_auto_cg_off_pcg_off_tp1_profile_nsys__MLA时延拆解.csv,2,prefill,1,attn_mha,2064,3.644635,2.691708,kv_a_layernorm,RMSNormKernel,0.005344,5344,1
agg_aic_prefix_probe_b24_isl1280_prefix1024_ctx10240,prefix_probe,/home/ai_lab/ljc/scale-up-sim/aiconfigurator/bench_data/h100_sxm/sglang/v0.5.9/deepseek_v3_mla/agg_csv/20260630_185404_agg_stage2_agg_aic_prefix_probe_b24_isl1280_prefix1024_ctx10240_d16_dctx1280_p8_pf256_pp1024_layers6_backend_auto_cg_off_pcg_off_tp1_profile_nsys__MLA时延拆解.csv,2,prefill,1,attn_mha,2064,3.644635,2.691708,rotary_emb,BatchQKApplyRotaryPosIdsCosSinCacheHeadParallelismKernel,0.026272,26272,1
agg_aic_prefix_probe_b24_isl1280_prefix1024_ctx10240,prefix_probe,/home/ai_lab/ljc/scale-up-sim/aiconfigurator/bench_data/h100_sxm/sglang/v0.5.9/deepseek_v3_mla/agg_csv/20260630_185404_agg_stage2_agg_aic_prefix_probe_b24_isl1280_prefix1024_ctx10240_d16_dctx1280_p8_pf256_pp1024_layers6_backend_auto_cg_off_pcg_off_tp1_profile_nsys__MLA时延拆解.csv,2,prefill,1,attn_mha,2064,3.644635,2.691708,kv_b_proj,sm90_fp8_gemm_1d2d_impl,1.092798,1092798,2
agg_aic_prefix_probe_b24_isl1280_prefix1024_ctx10240,prefix_probe,/home/ai_lab/ljc/scale-up-sim/aiconfigurator/bench_data/h100_sxm/sglang/v0.5.9/deepseek_v3_mla/agg_csv/20260630_185404_agg_stage2_agg_aic_prefix_probe_b24_isl1280_prefix1024_ctx10240_d16_dctx1280_p8_pf256_pp1024_layers6_backend_auto_cg_off_pcg_off_tp1_profile_nsys__MLA时延拆解.csv,2,prefill,1,attn_mha,2064,3.644635,2.691708,kv_b_proj,per_token_group_quant_8bit_kernel,0.021024,21024,2
agg_aic_prefix_probe_b24_isl1280_prefix1024_ctx10240,prefix_probe,/home/ai_lab/ljc/scale-up-sim/aiconfigurator/bench_data/h100_sxm/sglang/v0.5.9/deepseek_v3_mla/agg_csv/20260630_185404_agg_stage2_agg_aic_prefix_probe_b24_isl1280_prefix1024_ctx10240_d16_dctx1280_p8_pf256_pp1024_layers6_backend_auto_cg_off_pcg_off_tp1_profile_nsys__MLA时延拆解.csv,2,prefill,1,attn_mha,2064,3.644635,2.691708,attn_mha,device_kernel,0.955486,955486,2
agg_aic_prefix_probe_b24_isl1280_prefix1024_ctx10240,prefix_probe,/home/ai_lab/ljc/scale-up-sim/aiconfigurator/bench_data/h100_sxm/sglang/v0.5.9/deepseek_v3_mla/agg_csv/20260630_185404_agg_stage2_agg_aic_prefix_probe_b24_isl1280_prefix1024_ctx10240_d16_dctx1280_p8_pf256_pp1024_layers6_backend_auto_cg_off_pcg_off_tp1_profile_nsys__MLA时延拆解.csv,2,prefill,1,attn_mha,2064,3.644635,2.691708,attn_mha,prepare_varlen_num_blocks_kernel,0.00352,3520,2
agg_aic_prefix_probe_b24_isl1280_prefix1024_ctx10240,prefix_probe,/home/ai_lab/ljc/scale-up-sim/aiconfigurator/bench_data/h100_sxm/sglang/v0.5.9/deepseek_v3_mla/agg_csv/20260630_185404_agg_stage2_agg_aic_prefix_probe_b24_isl1280_prefix1024_ctx10240_d16_dctx1280_p8_pf256_pp1024_layers6_backend_auto_cg_off_pcg_off_tp1_profile_nsys__MLA时延拆解.csv,2,prefill,1,attn_mha,2064,3.644635,2.691708,o_proj,sm90_fp8_gemm_1d2d_impl,0.329792,329792,2
agg_aic_prefix_probe_b24_isl1280_prefix1024_ctx10240,prefix_probe,/home/ai_lab/ljc/scale-up-sim/aiconfigurator/bench_data/h100_sxm/sglang/v0.5.9/deepseek_v3_mla/agg_csv/20260630_185404_agg_stage2_agg_aic_prefix_probe_b24_isl1280_prefix1024_ctx10240_d16_dctx1280_p8_pf256_pp1024_layers6_backend_auto_cg_off_pcg_off_tp1_profile_nsys__MLA时延拆解.csv,2,prefill,1,attn_mha,2064,3.644635,2.691708,o_proj,per_token_group_quant_8bit_kernel,0.041344,41344,2
agg_aic_prefix_probe_b24_isl1280_prefix1024_ctx10240,prefix_probe,/home/ai_lab/ljc/scale-up-sim/aiconfigurator/bench_data/h100_sxm/sglang/v0.5.9/deepseek_v3_mla/agg_csv/20260630_185404_agg_stage2_agg_aic_prefix_probe_b24_isl1280_prefix1024_ctx10240_d16_dctx1280_p8_pf256_pp1024_layers6_backend_auto_cg_off_pcg_off_tp1_profile_nsys__MLA时延拆解.csv,3,prefill,1,attn_mha,2064,3.683738,2.732028,fused_qkv_a_proj_with_mqa,sm90_fp8_gemm_1d2d_impl,0.060096,60096,2
agg_aic_prefix_probe_b24_isl1280_prefix1024_ctx10240,prefix_probe,/home/ai_lab/ljc/scale-up-sim/aiconfigurator/bench_data/h100_sxm/sglang/v0.5.9/deepseek_v3_mla/agg_csv/20260630_185404_agg_stage2_agg_aic_prefix_probe_b24_isl1280_prefix1024_ctx10240_d16_dctx1280_p8_pf256_pp1024_layers6_backend_auto_cg_off_pcg_off_tp1_profile_nsys__MLA时延拆解.csv,3,prefill,1,attn_mha,2064,3.683738,2.732028,fused_qkv_a_proj_with_mqa,per_token_group_quant_8bit_kernel,0.020224,20224,2
agg_aic_prefix_probe_b24_isl1280_prefix1024_ctx10240,prefix_probe,/home/ai_lab/ljc/scale-up-sim/aiconfigurator/bench_data/h100_sxm/sglang/v0.5.9/deepseek_v3_mla/agg_csv/20260630_185404_agg_stage2_agg_aic_prefix_probe_b24_isl1280_prefix1024_ctx10240_d16_dctx1280_p8_pf256_pp1024_layers6_backend_auto_cg_off_pcg_off_tp1_profile_nsys__MLA时延拆解.csv,3,prefill,1,attn_mha,2064,3.683738,2.732028,q_a_layernorm,RMSNormKernel,0.006304,6304,1
agg_aic_prefix_probe_b24_isl1280_prefix1024_ctx10240,prefix_probe,/home/ai_lab/ljc/scale-up-sim/aiconfigurator/bench_data/h100_sxm/sglang/v0.5.9/deepseek_v3_mla/agg_csv/20260630_185404_agg_stage2_agg_aic_prefix_probe_b24_isl1280_prefix1024_ctx10240_d16_dctx1280_p8_pf256_pp1024_layers6_backend_auto_cg_off_pcg_off_tp1_profile_nsys__MLA时延拆解.csv,3,prefill,1,attn_mha,2064,3.683738,2.732028,q_b_proj,sm90_fp8_gemm_1d2d_impl,0.125855,125855,2
agg_aic_prefix_probe_b24_isl1280_prefix1024_ctx10240,prefix_probe,/home/ai_lab/ljc/scale-up-sim/aiconfigurator/bench_data/h100_sxm/sglang/v0.5.9/deepseek_v3_mla/agg_csv/20260630_185404_agg_stage2_agg_aic_prefix_probe_b24_isl1280_prefix1024_ctx10240_d16_dctx1280_p8_pf256_pp1024_layers6_backend_auto_cg_off_pcg_off_tp1_profile_nsys__MLA时延拆解.csv,3,prefill,1,attn_mha,2064,3.683738,2.732028,q_b_proj,per_token_group_quant_8bit_kernel,0.004896,4896,2
agg_aic_prefix_probe_b24_isl1280_prefix1024_ctx10240,prefix_probe,/home/ai_lab/ljc/scale-up-sim/aiconfigurator/bench_data/h100_sxm/sglang/v0.5.9/deepseek_v3_mla/agg_csv/20260630_185404_agg_stage2_agg_aic_prefix_probe_b24_isl1280_prefix1024_ctx10240_d16_dctx1280_p8_pf256_pp1024_layers6_backend_auto_cg_off_pcg_off_tp1_profile_nsys__MLA时延拆解.csv,3,prefill,1,attn_mha,2064,3.683738,2.732028,kv_a_layernorm,RMSNormKernel,0.005216,5216,1
agg_aic_prefix_probe_b24_isl1280_prefix1024_ctx10240,prefix_probe,/home/ai_lab/ljc/scale-up-sim/aiconfigurator/bench_data/h100_sxm/sglang/v0.5.9/deepseek_v3_mla/agg_csv/20260630_185404_agg_stage2_agg_aic_prefix_probe_b24_isl1280_prefix1024_ctx10240_d16_dctx1280_p8_pf256_pp1024_layers6_backend_auto_cg_off_pcg_off_tp1_profile_nsys__MLA时延拆解.csv,3,prefill,1,attn_mha,2064,3.683738,2.732028,rotary_emb,BatchQKApplyRotaryPosIdsCosSinCacheHeadParallelismKernel,0.026208,26208,1
agg_aic_prefix_probe_b24_isl1280_prefix1024_ctx10240,prefix_probe,/home/ai_lab/ljc/scale-up-sim/aiconfigurator/bench_data/h100_sxm/sglang/v0.5.9/deepseek_v3_mla/agg_csv/20260630_185404_agg_stage2_agg_aic_prefix_probe_b24_isl1280_prefix1024_ctx10240_d16_dctx1280_p8_pf256_pp1024_layers6_backend_auto_cg_off_pcg_off_tp1_profile_nsys__MLA时延拆解.csv,3,prefill,1,attn_mha,2064,3.683738,2.732028,kv_b_proj,sm90_fp8_gemm_1d2d_impl,1.129055,1129055,2
agg_aic_prefix_probe_b24_isl1280_prefix1024_ctx10240,prefix_probe,/home/ai_lab/ljc/scale-up-sim/aiconfigurator/bench_data/h100_sxm/sglang/v0.5.9/deepseek_v3_mla/agg_csv/20260630_185404_agg_stage2_agg_aic_prefix_probe_b24_isl1280_prefix1024_ctx10240_d16_dctx1280_p8_pf256_pp1024_layers6_backend_auto_cg_off_pcg_off_tp1_profile_nsys__MLA时延拆解.csv,3,prefill,1,attn_mha,2064,3.683738,2.732028,kv_b_proj,per_token_group_quant_8bit_kernel,0.021184,21184,2
agg_aic_prefix_probe_b24_isl1280_prefix1024_ctx10240,prefix_probe,/home/ai_lab/ljc/scale-up-sim/aiconfigurator/bench_data/h100_sxm/sglang/v0.5.9/deepseek_v3_mla/agg_csv/20260630_185404_agg_stage2_agg_aic_prefix_probe_b24_isl1280_prefix1024_ctx10240_d16_dctx1280_p8_pf256_pp1024_layers6_backend_auto_cg_off_pcg_off_tp1_profile_nsys__MLA时延拆解.csv,3,prefill,1,attn_mha,2064,3.683738,2.732028,attn_mha,device_kernel,0.953151,953151,2
agg_aic_prefix_probe_b24_isl1280_prefix1024_ctx10240,prefix_probe,/home/ai_lab/ljc/scale-up-sim/aiconfigurator/bench_data/h100_sxm/sglang/v0.5.9/deepseek_v3_mla/agg_csv/20260630_185404_agg_stage2_agg_aic_prefix_probe_b24_isl1280_prefix1024_ctx10240_d16_dctx1280_p8_pf256_pp1024_layers6_backend_auto_cg_off_pcg_off_tp1_profile_nsys__MLA时延拆解.csv,3,prefill,1,attn_mha,2064,3.683738,2.732028,attn_mha,prepare_varlen_num_blocks_kernel,0.00336,3360,2
agg_aic_prefix_probe_b24_isl1280_prefix1024_ctx10240,prefix_probe,/home/ai_lab/ljc/scale-up-sim/aiconfigurator/bench_data/h100_sxm/sglang/v0.5.9/deepseek_v3_mla/agg_csv/20260630_185404_agg_stage2_agg_aic_prefix_probe_b24_isl1280_prefix1024_ctx10240_d16_dctx1280_p8_pf256_pp1024_layers6_backend_auto_cg_off_pcg_off_tp1_profile_nsys__MLA时延拆解.csv,3,prefill,1,attn_mha,2064,3.683738,2.732028,o_proj,sm90_fp8_gemm_1d2d_impl,0.335039,335039,2
agg_aic_prefix_probe_b24_isl1280_prefix1024_ctx10240,prefix_probe,/home/ai_lab/ljc/scale-up-sim/aiconfigurator/bench_data/h100_sxm/sglang/v0.5.9/deepseek_v3_mla/agg_csv/20260630_185404_agg_stage2_agg_aic_prefix_probe_b24_isl1280_prefix1024_ctx10240_d16_dctx1280_p8_pf256_pp1024_layers6_backend_auto_cg_off_pcg_off_tp1_profile_nsys__MLA时延拆解.csv,3,prefill,1,attn_mha,2064,3.683738,2.732028,o_proj,per_token_group_quant_8bit_kernel,0.04144,41440,2
agg_aic_prefix_probe_b24_isl1280_prefix1024_ctx10240,prefix_probe,/home/ai_lab/ljc/scale-up-sim/aiconfigurator/bench_data/h100_sxm/sglang/v0.5.9/deepseek_v3_mla/agg_csv/20260630_185404_agg_stage2_agg_aic_prefix_probe_b24_isl1280_prefix1024_ctx10240_d16_dctx1280_p8_pf256_pp1024_layers6_backend_auto_cg_off_pcg_off_tp1_profile_nsys__MLA时延拆解.csv,4,prefill,1,attn_mha,2064,3.676475,2.72566,fused_qkv_a_proj_with_mqa,sm90_fp8_gemm_1d2d_impl,0.059552,59552,2
agg_aic_prefix_probe_b24_isl1280_prefix1024_ctx10240,prefix_probe,/home/ai_lab/ljc/scale-up-sim/aiconfigurator/bench_data/h100_sxm/sglang/v0.5.9/deepseek_v3_mla/agg_csv/20260630_185404_agg_stage2_agg_aic_prefix_probe_b24_isl1280_prefix1024_ctx10240_d16_dctx1280_p8_pf256_pp1024_layers6_backend_auto_cg_off_pcg_off_tp1_profile_nsys__MLA时延拆解.csv,4,prefill,1,attn_mha,2064,3.676475,2.72566,fused_qkv_a_proj_with_mqa,per_token_group_quant_8bit_kernel,0.020352,20352,2
agg_aic_prefix_probe_b24_isl1280_prefix1024_ctx10240,prefix_probe,/home/ai_lab/ljc/scale-up-sim/aiconfigurator/bench_data/h100_sxm/sglang/v0.5.9/deepseek_v3_mla/agg_csv/20260630_185404_agg_stage2_agg_aic_prefix_probe_b24_isl1280_prefix1024_ctx10240_d16_dctx1280_p8_pf256_pp1024_layers6_backend_auto_cg_off_pcg_off_tp1_profile_nsys__MLA时延拆解.csv,4,prefill,1,attn_mha,2064,3.676475,2.72566,q_a_layernorm,RMSNormKernel,0.005504,5504,1
agg_aic_prefix_probe_b24_isl1280_prefix1024_ctx10240,prefix_probe,/home/ai_lab/ljc/scale-up-sim/aiconfigurator/bench_data/h100_sxm/sglang/v0.5.9/deepseek_v3_mla/agg_csv/20260630_185404_agg_stage2_agg_aic_prefix_probe_b24_isl1280_prefix1024_ctx10240_d16_dctx1280_p8_pf256_pp1024_layers6_backend_auto_cg_off_pcg_off_tp1_profile_nsys__MLA时延拆解.csv,4,prefill,1,attn_mha,2064,3.676475,2.72566,q_b_proj,sm90_fp8_gemm_1d2d_impl,0.125376,125376,2
agg_aic_prefix_probe_b24_isl1280_prefix1024_ctx10240,prefix_probe,/home/ai_lab/ljc/scale-up-sim/aiconfigurator/bench_data/h100_sxm/sglang/v0.5.9/deepseek_v3_mla/agg_csv/20260630_185404_agg_stage2_agg_aic_prefix_probe_b24_isl1280_prefix1024_ctx10240_d16_dctx1280_p8_pf256_pp1024_layers6_backend_auto_cg_off_pcg_off_tp1_profile_nsys__MLA时延拆解.csv,4,prefill,1,attn_mha,2064,3.676475,2.72566,q_b_proj,per_token_group_quant_8bit_kernel,0.004896,4896,2
agg_aic_prefix_probe_b24_isl1280_prefix1024_ctx10240,prefix_probe,/home/ai_lab/ljc/scale-up-sim/aiconfigurator/bench_data/h100_sxm/sglang/v0.5.9/deepseek_v3_mla/agg_csv/20260630_185404_agg_stage2_agg_aic_prefix_probe_b24_isl1280_prefix1024_ctx10240_d16_dctx1280_p8_pf256_pp1024_layers6_backend_auto_cg_off_pcg_off_tp1_profile_nsys__MLA时延拆解.csv,4,prefill,1,attn_mha,2064,3.676475,2.72566,kv_a_layernorm,RMSNormKernel,0.005088,5088,1
agg_aic_prefix_probe_b24_isl1280_prefix1024_ctx10240,prefix_probe,/home/ai_lab/ljc/scale-up-sim/aiconfigurator/bench_data/h100_sxm/sglang/v0.5.9/deepseek_v3_mla/agg_csv/20260630_185404_agg_stage2_agg_aic_prefix_probe_b24_isl1280_prefix1024_ctx10240_d16_dctx1280_p8_pf256_pp1024_layers6_backend_auto_cg_off_pcg_off_tp1_profile_nsys__MLA时延拆解.csv,4,prefill,1,attn_mha,2064,3.676475,2.72566,rotary_emb,BatchQKApplyRotaryPosIdsCosSinCacheHeadParallelismKernel,0.026656,26656,1
agg_aic_prefix_probe_b24_isl1280_prefix1024_ctx10240,prefix_probe,/home/ai_lab/ljc/scale-up-sim/aiconfigurator/bench_data/h100_sxm/sglang/v0.5.9/deepseek_v3_mla/agg_csv/20260630_185404_agg_stage2_agg_aic_prefix_probe_b24_isl1280_prefix1024_ctx10240_d16_dctx1280_p8_pf256_pp1024_layers6_backend_auto_cg_off_pcg_off_tp1_profile_nsys__MLA时延拆解.csv,4,prefill,1,attn_mha,2064,3.676475,2.72566,kv_b_proj,sm90_fp8_gemm_1d2d_impl,1.11763,1117630,2
agg_aic_prefix_probe_b24_isl1280_prefix1024_ctx10240,prefix_probe,/home/ai_lab/ljc/scale-up-sim/aiconfigurator/bench_data/h100_sxm/sglang/v0.5.9/deepseek_v3_mla/agg_csv/20260630_185404_agg_stage2_agg_aic_prefix_probe_b24_isl1280_prefix1024_ctx10240_d16_dctx1280_p8_pf256_pp1024_layers6_backend_auto_cg_off_pcg_off_tp1_profile_nsys__MLA时延拆解.csv,4,prefill,1,attn_mha,2064,3.676475,2.72566,kv_b_proj,per_token_group_quant_8bit_kernel,0.021216,21216,2
agg_aic_prefix_probe_b24_isl1280_prefix1024_ctx10240,prefix_probe,/home/ai_lab/ljc/scale-up-sim/aiconfigurator/bench_data/h100_sxm/sglang/v0.5.9/deepseek_v3_mla/agg_csv/20260630_185404_agg_stage2_agg_aic_prefix_probe_b24_isl1280_prefix1024_ctx10240_d16_dctx1280_p8_pf256_pp1024_layers6_backend_auto_cg_off_pcg_off_tp1_profile_nsys__MLA时延拆解.csv,4,prefill,1,attn_mha,2064,3.676475,2.72566,attn_mha,device_kernel,0.955679,955679,2
agg_aic_prefix_probe_b24_isl1280_prefix1024_ctx10240,prefix_probe,/home/ai_lab/ljc/scale-up-sim/aiconfigurator/bench_data/h100_sxm/sglang/v0.5.9/deepseek_v3_mla/agg_csv/20260630_185404_agg_stage2_agg_aic_prefix_probe_b24_isl1280_prefix1024_ctx10240_d16_dctx1280_p8_pf256_pp1024_layers6_backend_auto_cg_off_pcg_off_tp1_profile_nsys__MLA时延拆解.csv,4,prefill,1,attn_mha,2064,3.676475,2.72566,attn_mha,prepare_varlen_num_blocks_kernel,0.003392,3392,2
agg_aic_prefix_probe_b24_isl1280_prefix1024_ctx10240,prefix_probe,/home/ai_lab/ljc/scale-up-sim/aiconfigurator/bench_data/h100_sxm/sglang/v0.5.9/deepseek_v3_mla/agg_csv/20260630_185404_agg_stage2_agg_aic_prefix_probe_b24_isl1280_prefix1024_ctx10240_d16_dctx1280_p8_pf256_pp1024_layers6_backend_auto_cg_off_pcg_off_tp1_profile_nsys__MLA时延拆解.csv,4,prefill,1,attn_mha,2064,3.676475,2.72566,o_proj,sm90_fp8_gemm_1d2d_impl,0.338879,338879,2
agg_aic_prefix_probe_b24_isl1280_prefix1024_ctx10240,prefix_probe,/home/ai_lab/ljc/scale-up-sim/aiconfigurator/bench_data/h100_sxm/sglang/v0.5.9/deepseek_v3_mla/agg_csv/20260630_185404_agg_stage2_agg_aic_prefix_probe_b24_isl1280_prefix1024_ctx10240_d16_dctx1280_p8_pf256_pp1024_layers6_backend_auto_cg_off_pcg_off_tp1_profile_nsys__MLA时延拆解.csv,4,prefill,1,attn_mha,2064,3.676475,2.72566,o_proj,per_token_group_quant_8bit_kernel,0.04144,41440,2
agg_aic_prefix_probe_b24_isl1280_prefix1024_ctx10240,prefix_probe,/home/ai_lab/ljc/scale-up-sim/aiconfigurator/bench_data/h100_sxm/sglang/v0.5.9/deepseek_v3_mla/agg_csv/20260630_185404_agg_stage2_agg_aic_prefix_probe_b24_isl1280_prefix1024_ctx10240_d16_dctx1280_p8_pf256_pp1024_layers6_backend_auto_cg_off_pcg_off_tp1_profile_nsys__MLA时延拆解.csv,5,prefill,1,attn_mha,2064,3.707131,2.75542,fused_qkv_a_proj_with_mqa,sm90_fp8_gemm_1d2d_impl,0.059136,59136,2
agg_aic_prefix_probe_b24_isl1280_prefix1024_ctx10240,prefix_probe,/home/ai_lab/ljc/scale-up-sim/aiconfigurator/bench_data/h100_sxm/sglang/v0.5.9/deepseek_v3_mla/agg_csv/20260630_185404_agg_stage2_agg_aic_prefix_probe_b24_isl1280_prefix1024_ctx10240_d16_dctx1280_p8_pf256_pp1024_layers6_backend_auto_cg_off_pcg_off_tp1_profile_nsys__MLA时延拆解.csv,5,prefill,1,attn_mha,2064,3.707131,2.75542,fused_qkv_a_proj_with_mqa,per_token_group_quant_8bit_kernel,0.021568,21568,2
agg_aic_prefix_probe_b24_isl1280_prefix1024_ctx10240,prefix_probe,/home/ai_lab/ljc/scale-up-sim/aiconfigurator/bench_data/h100_sxm/sglang/v0.5.9/deepseek_v3_mla/agg_csv/20260630_185404_agg_stage2_agg_aic_prefix_probe_b24_isl1280_prefix1024_ctx10240_d16_dctx1280_p8_pf256_pp1024_layers6_backend_auto_cg_off_pcg_off_tp1_profile_nsys__MLA时延拆解.csv,5,prefill,1,attn_mha,2064,3.707131,2.75542,q_a_layernorm,RMSNormKernel,0.005536,5536,1
agg_aic_prefix_probe_b24_isl1280_prefix1024_ctx10240,prefix_probe,/home/ai_lab/ljc/scale-up-sim/aiconfigurator/bench_data/h100_sxm/sglang/v0.5.9/deepseek_v3_mla/agg_csv/20260630_185404_agg_stage2_agg_aic_prefix_probe_b24_isl1280_prefix1024_ctx10240_d16_dctx1280_p8_pf256_pp1024_layers6_backend_auto_cg_off_pcg_off_tp1_profile_nsys__MLA时延拆解.csv,5,prefill,1,attn_mha,2064,3.707131,2.75542,q_b_proj,sm90_fp8_gemm_1d2d_impl,0.125824,125824,2
agg_aic_prefix_probe_b24_isl1280_prefix1024_ctx10240,prefix_probe,/home/ai_lab/ljc/scale-up-sim/aiconfigurator/bench_data/h100_sxm/sglang/v0.5.9/deepseek_v3_mla/agg_csv/20260630_185404_agg_stage2_agg_aic_prefix_probe_b24_isl1280_prefix1024_ctx10240_d16_dctx1280_p8_pf256_pp1024_layers6_backend_auto_cg_off_pcg_off_tp1_profile_nsys__MLA时延拆解.csv,5,prefill,1,attn_mha,2064,3.707131,2.75542,q_b_proj,per_token_group_quant_8bit_kernel,0.004928,4928,2
agg_aic_prefix_probe_b24_isl1280_prefix1024_ctx10240,prefix_probe,/home/ai_lab/ljc/scale-up-sim/aiconfigurator/bench_data/h100_sxm/sglang/v0.5.9/deepseek_v3_mla/agg_csv/20260630_185404_agg_stage2_agg_aic_prefix_probe_b24_isl1280_prefix1024_ctx10240_d16_dctx1280_p8_pf256_pp1024_layers6_backend_auto_cg_off_pcg_off_tp1_profile_nsys__MLA时延拆解.csv,5,prefill,1,attn_mha,2064,3.707131,2.75542,kv_a_layernorm,RMSNormKernel,0.005024,5024,1
agg_aic_prefix_probe_b24_isl1280_prefix1024_ctx10240,prefix_probe,/home/ai_lab/ljc/scale-up-sim/aiconfigurator/bench_data/h100_sxm/sglang/v0.5.9/deepseek_v3_mla/agg_csv/20260630_185404_agg_stage2_agg_aic_prefix_probe_b24_isl1280_prefix1024_ctx10240_d16_dctx1280_p8_pf256_pp1024_layers6_backend_auto_cg_off_pcg_off_tp1_profile_nsys__MLA时延拆解.csv,5,prefill,1,attn_mha,2064,3.707131,2.75542,rotary_emb,BatchQKApplyRotaryPosIdsCosSinCacheHeadParallelismKernel,0.026368,26368,1
agg_aic_prefix_probe_b24_isl1280_prefix1024_ctx10240,prefix_probe,/home/ai_lab/ljc/scale-up-sim/aiconfigurator/bench_data/h100_sxm/sglang/v0.5.9/deepseek_v3_mla/agg_csv/20260630_185404_agg_stage2_agg_aic_prefix_probe_b24_isl1280_prefix1024_ctx10240_d16_dctx1280_p8_pf256_pp1024_layers6_backend_auto_cg_off_pcg_off_tp1_profile_nsys__MLA时延拆解.csv,5,prefill,1,attn_mha,2064,3.707131,2.75542,kv_b_proj,sm90_fp8_gemm_1d2d_impl,1.143646,1143646,2
agg_aic_prefix_probe_b24_isl1280_prefix1024_ctx10240,prefix_probe,/home/ai_lab/ljc/scale-up-sim/aiconfigurator/bench_data/h100_sxm/sglang/v0.5.9/deepseek_v3_mla/agg_csv/20260630_185404_agg_stage2_agg_aic_prefix_probe_b24_isl1280_prefix1024_ctx10240_d16_dctx1280_p8_pf256_pp1024_layers6_backend_auto_cg_off_pcg_off_tp1_profile_nsys__MLA时延拆解.csv,5,prefill,1,attn_mha,2064,3.707131,2.75542,kv_b_proj,per_token_group_quant_8bit_kernel,0.021952,21952,2
agg_aic_prefix_probe_b24_isl1280_prefix1024_ctx10240,prefix_probe,/home/ai_lab/ljc/scale-up-sim/aiconfigurator/bench_data/h100_sxm/sglang/v0.5.9/deepseek_v3_mla/agg_csv/20260630_185404_agg_stage2_agg_aic_prefix_probe_b24_isl1280_prefix1024_ctx10240_d16_dctx1280_p8_pf256_pp1024_layers6_backend_auto_cg_off_pcg_off_tp1_profile_nsys__MLA时延拆解.csv,5,prefill,1,attn_mha,2064,3.707131,2.75542,attn_mha,device_kernel,0.95539,955390,2
agg_aic_prefix_probe_b24_isl1280_prefix1024_ctx10240,prefix_probe,/home/ai_lab/ljc/scale-up-sim/aiconfigurator/bench_data/h100_sxm/sglang/v0.5.9/deepseek_v3_mla/agg_csv/20260630_185404_agg_stage2_agg_aic_prefix_probe_b24_isl1280_prefix1024_ctx10240_d16_dctx1280_p8_pf256_pp1024_layers6_backend_auto_cg_off_pcg_off_tp1_profile_nsys__MLA时延拆解.csv,5,prefill,1,attn_mha,2064,3.707131,2.75542,attn_mha,prepare_varlen_num_blocks_kernel,0.003392,3392,2
agg_aic_prefix_probe_b24_isl1280_prefix1024_ctx10240,prefix_probe,/home/ai_lab/ljc/scale-up-sim/aiconfigurator/bench_data/h100_sxm/sglang/v0.5.9/deepseek_v3_mla/agg_csv/20260630_185404_agg_stage2_agg_aic_prefix_probe_b24_isl1280_prefix1024_ctx10240_d16_dctx1280_p8_pf256_pp1024_layers6_backend_auto_cg_off_pcg_off_tp1_profile_nsys__MLA时延拆解.csv,5,prefill,1,attn_mha,2064,3.707131,2.75542,o_proj,sm90_fp8_gemm_1d2d_impl,0.34128,341280,2
agg_aic_prefix_probe_b24_isl1280_prefix1024_ctx10240,prefix_probe,/home/ai_lab/ljc/scale-up-sim/aiconfigurator/bench_data/h100_sxm/sglang/v0.5.9/deepseek_v3_mla/agg_csv/20260630_185404_agg_stage2_agg_aic_prefix_probe_b24_isl1280_prefix1024_ctx10240_d16_dctx1280_p8_pf256_pp1024_layers6_backend_auto_cg_off_pcg_off_tp1_profile_nsys__MLA时延拆解.csv,5,prefill,1,attn_mha,2064,3.707131,2.75542,o_proj,per_token_group_quant_8bit_kernel,0.041376,41376,2
agg_aic_prefix_probe_b12_isl4096_prefix2048_ctx8192,prefix_probe,/home/ai_lab/ljc/scale-up-sim/aiconfigurator/bench_data/h100_sxm/sglang/v0.5.9/deepseek_v3_mla/agg_csv/20260630_185819_agg_stage2_agg_aic_prefix_probe_b12_isl4096_prefix2048_ctx8192_d10_dctx4096_p2_pf2048_pp2048_layers6_backend_auto_cg_off_pcg_off_tp1_profile_nsys__MLA时延拆解.csv,0,prefill,1,attn_mha,4106,8.10451,5.581823,fused_qkv_a_proj_with_mqa,sm90_fp8_gemm_1d2d_impl,0.10528,105280,2
agg_aic_prefix_probe_b12_isl4096_prefix2048_ctx8192,prefix_probe,/home/ai_lab/ljc/scale-up-sim/aiconfigurator/bench_data/h100_sxm/sglang/v0.5.9/deepseek_v3_mla/agg_csv/20260630_185819_agg_stage2_agg_aic_prefix_probe_b12_isl4096_prefix2048_ctx8192_d10_dctx4096_p2_pf2048_pp2048_layers6_backend_auto_cg_off_pcg_off_tp1_profile_nsys__MLA时延拆解.csv,0,prefill,1,attn_mha,4106,8.10451,5.581823,fused_qkv_a_proj_with_mqa,per_token_group_quant_8bit_kernel,0.037856,37856,2
agg_aic_prefix_probe_b12_isl4096_prefix2048_ctx8192,prefix_probe,/home/ai_lab/ljc/scale-up-sim/aiconfigurator/bench_data/h100_sxm/sglang/v0.5.9/deepseek_v3_mla/agg_csv/20260630_185819_agg_stage2_agg_aic_prefix_probe_b12_isl4096_prefix2048_ctx8192_d10_dctx4096_p2_pf2048_pp2048_layers6_backend_auto_cg_off_pcg_off_tp1_profile_nsys__MLA时延拆解.csv,0,prefill,1,attn_mha,4106,8.10451,5.581823,q_a_layernorm,RMSNormKernel,0.009248,9248,1
agg_aic_prefix_probe_b12_isl4096_prefix2048_ctx8192,prefix_probe,/home/ai_lab/ljc/scale-up-sim/aiconfigurator/bench_data/h100_sxm/sglang/v0.5.9/deepseek_v3_mla/agg_csv/20260630_185819_agg_stage2_agg_aic_prefix_probe_b12_isl4096_prefix2048_ctx8192_d10_dctx4096_p2_pf2048_pp2048_layers6_backend_auto_cg_off_pcg_off_tp1_profile_nsys__MLA时延拆解.csv,0,prefill,1,attn_mha,4106,8.10451,5.581823,q_b_proj,sm90_fp8_gemm_1d2d_impl,0.2344,234400,2
agg_aic_prefix_probe_b12_isl4096_prefix2048_ctx8192,prefix_probe,/home/ai_lab/ljc/scale-up-sim/aiconfigurator/bench_data/h100_sxm/sglang/v0.5.9/deepseek_v3_mla/agg_csv/20260630_185819_agg_stage2_agg_aic_prefix_probe_b12_isl4096_prefix2048_ctx8192_d10_dctx4096_p2_pf2048_pp2048_layers6_backend_auto_cg_off_pcg_off_tp1_profile_nsys__MLA时延拆解.csv,0,prefill,1,attn_mha,4106,8.10451,5.581823,q_b_proj,per_token_group_quant_8bit_kernel,0.007488,7488,2
agg_aic_prefix_probe_b12_isl4096_prefix2048_ctx8192,prefix_probe,/home/ai_lab/ljc/scale-up-sim/aiconfigurator/bench_data/h100_sxm/sglang/v0.5.9/deepseek_v3_mla/agg_csv/20260630_185819_agg_stage2_agg_aic_prefix_probe_b12_isl4096_prefix2048_ctx8192_d10_dctx4096_p2_pf2048_pp2048_layers6_backend_auto_cg_off_pcg_off_tp1_profile_nsys__MLA时延拆解.csv,0,prefill,1,attn_mha,4106,8.10451,5.581823,kv_a_layernorm,RMSNormKernel,0.008288,8288,1
agg_aic_prefix_probe_b12_isl4096_prefix2048_ctx8192,prefix_probe,/home/ai_lab/ljc/scale-up-sim/aiconfigurator/bench_data/h100_sxm/sglang/v0.5.9/deepseek_v3_mla/agg_csv/20260630_185819_agg_stage2_agg_aic_prefix_probe_b12_isl4096_prefix2048_ctx8192_d10_dctx4096_p2_pf2048_pp2048_layers6_backend_auto_cg_off_pcg_off_tp1_profile_nsys__MLA时延拆解.csv,0,prefill,1,attn_mha,4106,8.10451,5.581823,rotary_emb,BatchQKApplyRotaryPosIdsCosSinCacheHeadParallelismKernel,0.053216,53216,1
agg_aic_prefix_probe_b12_isl4096_prefix2048_ctx8192,prefix_probe,/home/ai_lab/ljc/scale-up-sim/aiconfigurator/bench_data/h100_sxm/sglang/v0.5.9/deepseek_v3_mla/agg_csv/20260630_185819_agg_stage2_agg_aic_prefix_probe_b12_isl4096_prefix2048_ctx8192_d10_dctx4096_p2_pf2048_pp2048_layers6_backend_auto_cg_off_pcg_off_tp1_profile_nsys__MLA时延拆解.csv,0,prefill,1,attn_mha,4106,8.10451,5.581823,kv_b_proj,sm90_fp8_gemm_1d2d_impl,1.914976,1914976,2
agg_aic_prefix_probe_b12_isl4096_prefix2048_ctx8192,prefix_probe,/home/ai_lab/ljc/scale-up-sim/aiconfigurator/bench_data/h100_sxm/sglang/v0.5.9/deepseek_v3_mla/agg_csv/20260630_185819_agg_stage2_agg_aic_prefix_probe_b12_isl4096_prefix2048_ctx8192_d10_dctx4096_p2_pf2048_pp2048_layers6_backend_auto_cg_off_pcg_off_tp1_profile_nsys__MLA时延拆解.csv,0,prefill,1,attn_mha,4106,8.10451,5.581823,kv_b_proj,per_token_group_quant_8bit_kernel,0.032224,32224,2
agg_aic_prefix_probe_b12_isl4096_prefix2048_ctx8192,prefix_probe,/home/ai_lab/ljc/scale-up-sim/aiconfigurator/bench_data/h100_sxm/sglang/v0.5.9/deepseek_v3_mla/agg_csv/20260630_185819_agg_stage2_agg_aic_prefix_probe_b12_isl4096_prefix2048_ctx8192_d10_dctx4096_p2_pf2048_pp2048_layers6_backend_auto_cg_off_pcg_off_tp1_profile_nsys__MLA时延拆解.csv,0,prefill,1,attn_mha,4106,8.10451,5.581823,attn_mha,device_kernel,2.465088,2465088,2
agg_aic_prefix_probe_b12_isl4096_prefix2048_ctx8192,prefix_probe,/home/ai_lab/ljc/scale-up-sim/aiconfigurator/bench_data/h100_sxm/sglang/v0.5.9/deepseek_v3_mla/agg_csv/20260630_185819_agg_stage2_agg_aic_prefix_probe_b12_isl4096_prefix2048_ctx8192_d10_dctx4096_p2_pf2048_pp2048_layers6_backend_auto_cg_off_pcg_off_tp1_profile_nsys__MLA时延拆解.csv,0,prefill,1,attn_mha,4106,8.10451,5.581823,attn_mha,prepare_varlen_num_blocks_kernel,0.003264,3264,2
agg_aic_prefix_probe_b12_isl4096_prefix2048_ctx8192,prefix_probe,/home/ai_lab/ljc/scale-up-sim/aiconfigurator/bench_data/h100_sxm/sglang/v0.5.9/deepseek_v3_mla/agg_csv/20260630_185819_agg_stage2_agg_aic_prefix_probe_b12_isl4096_prefix2048_ctx8192_d10_dctx4096_p2_pf2048_pp2048_layers6_backend_auto_cg_off_pcg_off_tp1_profile_nsys__MLA时延拆解.csv,0,prefill,1,attn_mha,4106,8.10451,5.581823,o_proj,sm90_fp8_gemm_1d2d_impl,0.630143,630143,2
agg_aic_prefix_probe_b12_isl4096_prefix2048_ctx8192,prefix_probe,/home/ai_lab/ljc/scale-up-sim/aiconfigurator/bench_data/h100_sxm/sglang/v0.5.9/deepseek_v3_mla/agg_csv/20260630_185819_agg_stage2_agg_aic_prefix_probe_b12_isl4096_prefix2048_ctx8192_d10_dctx4096_p2_pf2048_pp2048_layers6_backend_auto_cg_off_pcg_off_tp1_profile_nsys__MLA时延拆解.csv,0,prefill,1,attn_mha,4106,8.10451,5.581823,o_proj,per_token_group_quant_8bit_kernel,0.080352,80352,2
agg_aic_prefix_probe_b12_isl4096_prefix2048_ctx8192,prefix_probe,/home/ai_lab/ljc/scale-up-sim/aiconfigurator/bench_data/h100_sxm/sglang/v0.5.9/deepseek_v3_mla/agg_csv/20260630_185819_agg_stage2_agg_aic_prefix_probe_b12_isl4096_prefix2048_ctx8192_d10_dctx4096_p2_pf2048_pp2048_layers6_backend_auto_cg_off_pcg_off_tp1_profile_nsys__MLA时延拆解.csv,1,prefill,1,attn_mha,4106,7.014558,5.514686,fused_qkv_a_proj_with_mqa,sm90_fp8_gemm_1d2d_impl,0.112096,112096,2
agg_aic_prefix_probe_b12_isl4096_prefix2048_ctx8192,prefix_probe,/home/ai_lab/ljc/scale-up-sim/aiconfigurator/bench_data/h100_sxm/sglang/v0.5.9/deepseek_v3_mla/agg_csv/20260630_185819_agg_stage2_agg_aic_prefix_probe_b12_isl4096_prefix2048_ctx8192_d10_dctx4096_p2_pf2048_pp2048_layers6_backend_auto_cg_off_pcg_off_tp1_profile_nsys__MLA时延拆解.csv,1,prefill,1,attn_mha,4106,7.014558,5.514686,fused_qkv_a_proj_with_mqa,per_token_group_quant_8bit_kernel,0.038688,38688,2
agg_aic_prefix_probe_b12_isl4096_prefix2048_ctx8192,prefix_probe,/home/ai_lab/ljc/scale-up-sim/aiconfigurator/bench_data/h100_sxm/sglang/v0.5.9/deepseek_v3_mla/agg_csv/20260630_185819_agg_stage2_agg_aic_prefix_probe_b12_isl4096_prefix2048_ctx8192_d10_dctx4096_p2_pf2048_pp2048_layers6_backend_auto_cg_off_pcg_off_tp1_profile_nsys__MLA时延拆解.csv,1,prefill,1,attn_mha,4106,7.014558,5.514686,q_a_layernorm,RMSNormKernel,0.00944,9440,1
agg_aic_prefix_probe_b12_isl4096_prefix2048_ctx8192,prefix_probe,/home/ai_lab/ljc/scale-up-sim/aiconfigurator/bench_data/h100_sxm/sglang/v0.5.9/deepseek_v3_mla/agg_csv/20260630_185819_agg_stage2_agg_aic_prefix_probe_b12_isl4096_prefix2048_ctx8192_d10_dctx4096_p2_pf2048_pp2048_layers6_backend_auto_cg_off_pcg_off_tp1_profile_nsys__MLA时延拆解.csv,1,prefill,1,attn_mha,4106,7.014558,5.514686,q_b_proj,sm90_fp8_gemm_1d2d_impl,0.228608,228608,2
agg_aic_prefix_probe_b12_isl4096_prefix2048_ctx8192,prefix_probe,/home/ai_lab/ljc/scale-up-sim/aiconfigurator/bench_data/h100_sxm/sglang/v0.5.9/deepseek_v3_mla/agg_csv/20260630_185819_agg_stage2_agg_aic_prefix_probe_b12_isl4096_prefix2048_ctx8192_d10_dctx4096_p2_pf2048_pp2048_layers6_backend_auto_cg_off_pcg_off_tp1_profile_nsys__MLA时延拆解.csv,1,prefill,1,attn_mha,4106,7.014558,5.514686,q_b_proj,per_token_group_quant_8bit_kernel,0.007424,7424,2
agg_aic_prefix_probe_b12_isl4096_prefix2048_ctx8192,prefix_probe,/home/ai_lab/ljc/scale-up-sim/aiconfigurator/bench_data/h100_sxm/sglang/v0.5.9/deepseek_v3_mla/agg_csv/20260630_185819_agg_stage2_agg_aic_prefix_probe_b12_isl4096_prefix2048_ctx8192_d10_dctx4096_p2_pf2048_pp2048_layers6_backend_auto_cg_off_pcg_off_tp1_profile_nsys__MLA时延拆解.csv,1,prefill,1,attn_mha,4106,7.014558,5.514686,kv_a_layernorm,RMSNormKernel,0.008224,8224,1
agg_aic_prefix_probe_b12_isl4096_prefix2048_ctx8192,prefix_probe,/home/ai_lab/ljc/scale-up-sim/aiconfigurator/bench_data/h100_sxm/sglang/v0.5.9/deepseek_v3_mla/agg_csv/20260630_185819_agg_stage2_agg_aic_prefix_probe_b12_isl4096_prefix2048_ctx8192_d10_dctx4096_p2_pf2048_pp2048_layers6_backend_auto_cg_off_pcg_off_tp1_profile_nsys__MLA时延拆解.csv,1,prefill,1,attn_mha,4106,7.014558,5.514686,rotary_emb,BatchQKApplyRotaryPosIdsCosSinCacheHeadParallelismKernel,0.052256,52256,1
agg_aic_prefix_probe_b12_isl4096_prefix2048_ctx8192,prefix_probe,/home/ai_lab/ljc/scale-up-sim/aiconfigurator/bench_data/h100_sxm/sglang/v0.5.9/deepseek_v3_mla/agg_csv/20260630_185819_agg_stage2_agg_aic_prefix_probe_b12_isl4096_prefix2048_ctx8192_d10_dctx4096_p2_pf2048_pp2048_layers6_backend_auto_cg_off_pcg_off_tp1_profile_nsys__MLA时延拆解.csv,1,prefill,1,attn_mha,4106,7.014558,5.514686,kv_b_proj,sm90_fp8_gemm_1d2d_impl,1.842239,1842239,2
agg_aic_prefix_probe_b12_isl4096_prefix2048_ctx8192,prefix_probe,/home/ai_lab/ljc/scale-up-sim/aiconfigurator/bench_data/h100_sxm/sglang/v0.5.9/deepseek_v3_mla/agg_csv/20260630_185819_agg_stage2_agg_aic_prefix_probe_b12_isl4096_prefix2048_ctx8192_d10_dctx4096_p2_pf2048_pp2048_layers6_backend_auto_cg_off_pcg_off_tp1_profile_nsys__MLA时延拆解.csv,1,prefill,1,attn_mha,4106,7.014558,5.514686,kv_b_proj,per_token_group_quant_8bit_kernel,0.032064,32064,2
agg_aic_prefix_probe_b12_isl4096_prefix2048_ctx8192,prefix_probe,/home/ai_lab/ljc/scale-up-sim/aiconfigurator/bench_data/h100_sxm/sglang/v0.5.9/deepseek_v3_mla/agg_csv/20260630_185819_agg_stage2_agg_aic_prefix_probe_b12_isl4096_prefix2048_ctx8192_d10_dctx4096_p2_pf2048_pp2048_layers6_backend_auto_cg_off_pcg_off_tp1_profile_nsys__MLA时延拆解.csv,1,prefill,1,attn_mha,4106,7.014558,5.514686,attn_mha,device_kernel,2.470527,2470527,2
agg_aic_prefix_probe_b12_isl4096_prefix2048_ctx8192,prefix_probe,/home/ai_lab/ljc/scale-up-sim/aiconfigurator/bench_data/h100_sxm/sglang/v0.5.9/deepseek_v3_mla/agg_csv/20260630_185819_agg_stage2_agg_aic_prefix_probe_b12_isl4096_prefix2048_ctx8192_d10_dctx4096_p2_pf2048_pp2048_layers6_backend_auto_cg_off_pcg_off_tp1_profile_nsys__MLA时延拆解.csv,1,prefill,1,attn_mha,4106,7.014558,5.514686,attn_mha,prepare_varlen_num_blocks_kernel,0.003488,3488,2
agg_aic_prefix_probe_b12_isl4096_prefix2048_ctx8192,prefix_probe,/home/ai_lab/ljc/scale-up-sim/aiconfigurator/bench_data/h100_sxm/sglang/v0.5.9/deepseek_v3_mla/agg_csv/20260630_185819_agg_stage2_agg_aic_prefix_probe_b12_isl4096_prefix2048_ctx8192_d10_dctx4096_p2_pf2048_pp2048_layers6_backend_auto_cg_off_pcg_off_tp1_profile_nsys__MLA时延拆解.csv,1,prefill,1,attn_mha,4106,7.014558,5.514686,o_proj,sm90_fp8_gemm_1d2d_impl,0.629952,629952,2
agg_aic_prefix_probe_b12_isl4096_prefix2048_ctx8192,prefix_probe,/home/ai_lab/ljc/scale-up-sim/aiconfigurator/bench_data/h100_sxm/sglang/v0.5.9/deepseek_v3_mla/agg_csv/20260630_185819_agg_stage2_agg_aic_prefix_probe_b12_isl4096_prefix2048_ctx8192_d10_dctx4096_p2_pf2048_pp2048_layers6_backend_auto_cg_off_pcg_off_tp1_profile_nsys__MLA时延拆解.csv,1,prefill,1,attn_mha,4106,7.014558,5.514686,o_proj,per_token_group_quant_8bit_kernel,0.07968,79680,2
agg_aic_prefix_probe_b12_isl4096_prefix2048_ctx8192,prefix_probe,/home/ai_lab/ljc/scale-up-sim/aiconfigurator/bench_data/h100_sxm/sglang/v0.5.9/deepseek_v3_mla/agg_csv/20260630_185819_agg_stage2_agg_aic_prefix_probe_b12_isl4096_prefix2048_ctx8192_d10_dctx4096_p2_pf2048_pp2048_layers6_backend_auto_cg_off_pcg_off_tp1_profile_nsys__MLA时延拆解.csv,2,prefill,1,attn_mha,4106,7.021631,5.521151,fused_qkv_a_proj_with_mqa,sm90_fp8_gemm_1d2d_impl,0.105664,105664,2
agg_aic_prefix_probe_b12_isl4096_prefix2048_ctx8192,prefix_probe,/home/ai_lab/ljc/scale-up-sim/aiconfigurator/bench_data/h100_sxm/sglang/v0.5.9/deepseek_v3_mla/agg_csv/20260630_185819_agg_stage2_agg_aic_prefix_probe_b12_isl4096_prefix2048_ctx8192_d10_dctx4096_p2_pf2048_pp2048_layers6_backend_auto_cg_off_pcg_off_tp1_profile_nsys__MLA时延拆解.csv,2,prefill,1,attn_mha,4106,7.021631,5.521151,fused_qkv_a_proj_with_mqa,per_token_group_quant_8bit_kernel,0.03888,38880,2
agg_aic_prefix_probe_b12_isl4096_prefix2048_ctx8192,prefix_probe,/home/ai_lab/ljc/scale-up-sim/aiconfigurator/bench_data/h100_sxm/sglang/v0.5.9/deepseek_v3_mla/agg_csv/20260630_185819_agg_stage2_agg_aic_prefix_probe_b12_isl4096_prefix2048_ctx8192_d10_dctx4096_p2_pf2048_pp2048_layers6_backend_auto_cg_off_pcg_off_tp1_profile_nsys__MLA时延拆解.csv,2,prefill,1,attn_mha,4106,7.021631,5.521151,q_a_layernorm,RMSNormKernel,0.009152,9152,1
agg_aic_prefix_probe_b12_isl4096_prefix2048_ctx8192,prefix_probe,/home/ai_lab/ljc/scale-up-sim/aiconfigurator/bench_data/h100_sxm/sglang/v0.5.9/deepseek_v3_mla/agg_csv/20260630_185819_agg_stage2_agg_aic_prefix_probe_b12_isl4096_prefix2048_ctx8192_d10_dctx4096_p2_pf2048_pp2048_layers6_backend_auto_cg_off_pcg_off_tp1_profile_nsys__MLA时延拆解.csv,2,prefill,1,attn_mha,4106,7.021631,5.521151,q_b_proj,sm90_fp8_gemm_1d2d_impl,0.226944,226944,2
agg_aic_prefix_probe_b12_isl4096_prefix2048_ctx8192,prefix_probe,/home/ai_lab/ljc/scale-up-sim/aiconfigurator/bench_data/h100_sxm/sglang/v0.5.9/deepseek_v3_mla/agg_csv/20260630_185819_agg_stage2_agg_aic_prefix_probe_b12_isl4096_prefix2048_ctx8192_d10_dctx4096_p2_pf2048_pp2048_layers6_backend_auto_cg_off_pcg_off_tp1_profile_nsys__MLA时延拆解.csv,2,prefill,1,attn_mha,4106,7.021631,5.521151,q_b_proj,per_token_group_quant_8bit_kernel,0.007392,7392,2
agg_aic_prefix_probe_b12_isl4096_prefix2048_ctx8192,prefix_probe,/home/ai_lab/ljc/scale-up-sim/aiconfigurator/bench_data/h100_sxm/sglang/v0.5.9/deepseek_v3_mla/agg_csv/20260630_185819_agg_stage2_agg_aic_prefix_probe_b12_isl4096_prefix2048_ctx8192_d10_dctx4096_p2_pf2048_pp2048_layers6_backend_auto_cg_off_pcg_off_tp1_profile_nsys__MLA时延拆解.csv,2,prefill,1,attn_mha,4106,7.021631,5.521151,kv_a_layernorm,RMSNormKernel,0.007808,7808,1
agg_aic_prefix_probe_b12_isl4096_prefix2048_ctx8192,prefix_probe,/home/ai_lab/ljc/scale-up-sim/aiconfigurator/bench_data/h100_sxm/sglang/v0.5.9/deepseek_v3_mla/agg_csv/20260630_185819_agg_stage2_agg_aic_prefix_probe_b12_isl4096_prefix2048_ctx8192_d10_dctx4096_p2_pf2048_pp2048_layers6_backend_auto_cg_off_pcg_off_tp1_profile_nsys__MLA时延拆解.csv,2,prefill,1,attn_mha,4106,7.021631,5.521151,rotary_emb,BatchQKApplyRotaryPosIdsCosSinCacheHeadParallelismKernel,0.052576,52576,1
agg_aic_prefix_probe_b12_isl4096_prefix2048_ctx8192,prefix_probe,/home/ai_lab/ljc/scale-up-sim/aiconfigurator/bench_data/h100_sxm/sglang/v0.5.9/deepseek_v3_mla/agg_csv/20260630_185819_agg_stage2_agg_aic_prefix_probe_b12_isl4096_prefix2048_ctx8192_d10_dctx4096_p2_pf2048_pp2048_layers6_backend_auto_cg_off_pcg_off_tp1_profile_nsys__MLA时延拆解.csv,2,prefill,1,attn_mha,4106,7.021631,5.521151,kv_b_proj,sm90_fp8_gemm_1d2d_impl,1.85792,1857920,2
agg_aic_prefix_probe_b12_isl4096_prefix2048_ctx8192,prefix_probe,/home/ai_lab/ljc/scale-up-sim/aiconfigurator/bench_data/h100_sxm/sglang/v0.5.9/deepseek_v3_mla/agg_csv/20260630_185819_agg_stage2_agg_aic_prefix_probe_b12_isl4096_prefix2048_ctx8192_d10_dctx4096_p2_pf2048_pp2048_layers6_backend_auto_cg_off_pcg_off_tp1_profile_nsys__MLA时延拆解.csv,2,prefill,1,attn_mha,4106,7.021631,5.521151,kv_b_proj,per_token_group_quant_8bit_kernel,0.032192,32192,2
agg_aic_prefix_probe_b12_isl4096_prefix2048_ctx8192,prefix_probe,/home/ai_lab/ljc/scale-up-sim/aiconfigurator/bench_data/h100_sxm/sglang/v0.5.9/deepseek_v3_mla/agg_csv/20260630_185819_agg_stage2_agg_aic_prefix_probe_b12_isl4096_prefix2048_ctx8192_d10_dctx4096_p2_pf2048_pp2048_layers6_backend_auto_cg_off_pcg_off_tp1_profile_nsys__MLA时延拆解.csv,2,prefill,1,attn_mha,4106,7.021631,5.521151,attn_mha,device_kernel,2.469119,2469119,2
agg_aic_prefix_probe_b12_isl4096_prefix2048_ctx8192,prefix_probe,/home/ai_lab/ljc/scale-up-sim/aiconfigurator/bench_data/h100_sxm/sglang/v0.5.9/deepseek_v3_mla/agg_csv/20260630_185819_agg_stage2_agg_aic_prefix_probe_b12_isl4096_prefix2048_ctx8192_d10_dctx4096_p2_pf2048_pp2048_layers6_backend_auto_cg_off_pcg_off_tp1_profile_nsys__MLA时延拆解.csv,2,prefill,1,attn_mha,4106,7.021631,5.521151,attn_mha,prepare_varlen_num_blocks_kernel,0.003264,3264,2
agg_aic_prefix_probe_b12_isl4096_prefix2048_ctx8192,prefix_probe,/home/ai_lab/ljc/scale-up-sim/aiconfigurator/bench_data/h100_sxm/sglang/v0.5.9/deepseek_v3_mla/agg_csv/20260630_185819_agg_stage2_agg_aic_prefix_probe_b12_isl4096_prefix2048_ctx8192_d10_dctx4096_p2_pf2048_pp2048_layers6_backend_auto_cg_off_pcg_off_tp1_profile_nsys__MLA时延拆解.csv,2,prefill,1,attn_mha,4106,7.021631,5.521151,o_proj,sm90_fp8_gemm_1d2d_impl,0.629216,629216,2
agg_aic_prefix_probe_b12_isl4096_prefix2048_ctx8192,prefix_probe,/home/ai_lab/ljc/scale-up-sim/aiconfigurator/bench_data/h100_sxm/sglang/v0.5.9/deepseek_v3_mla/agg_csv/20260630_185819_agg_stage2_agg_aic_prefix_probe_b12_isl4096_prefix2048_ctx8192_d10_dctx4096_p2_pf2048_pp2048_layers6_backend_auto_cg_off_pcg_off_tp1_profile_nsys__MLA时延拆解.csv,2,prefill,1,attn_mha,4106,7.021631,5.521151,o_proj,per_token_group_quant_8bit_kernel,0.081024,81024,2
agg_aic_prefix_probe_b12_isl4096_prefix2048_ctx8192,prefix_probe,/home/ai_lab/ljc/scale-up-sim/aiconfigurator/bench_data/h100_sxm/sglang/v0.5.9/deepseek_v3_mla/agg_csv/20260630_185819_agg_stage2_agg_aic_prefix_probe_b12_isl4096_prefix2048_ctx8192_d10_dctx4096_p2_pf2048_pp2048_layers6_backend_auto_cg_off_pcg_off_tp1_profile_nsys__MLA时延拆解.csv,3,prefill,1,attn_mha,4106,6.942046,5.438847,fused_qkv_a_proj_with_mqa,sm90_fp8_gemm_1d2d_impl,0.106944,106944,2
agg_aic_prefix_probe_b12_isl4096_prefix2048_ctx8192,prefix_probe,/home/ai_lab/ljc/scale-up-sim/aiconfigurator/bench_data/h100_sxm/sglang/v0.5.9/deepseek_v3_mla/agg_csv/20260630_185819_agg_stage2_agg_aic_prefix_probe_b12_isl4096_prefix2048_ctx8192_d10_dctx4096_p2_pf2048_pp2048_layers6_backend_auto_cg_off_pcg_off_tp1_profile_nsys__MLA时延拆解.csv,3,prefill,1,attn_mha,4106,6.942046,5.438847,fused_qkv_a_proj_with_mqa,per_token_group_quant_8bit_kernel,0.038688,38688,2
agg_aic_prefix_probe_b12_isl4096_prefix2048_ctx8192,prefix_probe,/home/ai_lab/ljc/scale-up-sim/aiconfigurator/bench_data/h100_sxm/sglang/v0.5.9/deepseek_v3_mla/agg_csv/20260630_185819_agg_stage2_agg_aic_prefix_probe_b12_isl4096_prefix2048_ctx8192_d10_dctx4096_p2_pf2048_pp2048_layers6_backend_auto_cg_off_pcg_off_tp1_profile_nsys__MLA时延拆解.csv,3,prefill,1,attn_mha,4106,6.942046,5.438847,q_a_layernorm,RMSNormKernel,0.00928,9280,1
agg_aic_prefix_probe_b12_isl4096_prefix2048_ctx8192,prefix_probe,/home/ai_lab/ljc/scale-up-sim/aiconfigurator/bench_data/h100_sxm/sglang/v0.5.9/deepseek_v3_mla/agg_csv/20260630_185819_agg_stage2_agg_aic_prefix_probe_b12_isl4096_prefix2048_ctx8192_d10_dctx4096_p2_pf2048_pp2048_layers6_backend_auto_cg_off_pcg_off_tp1_profile_nsys__MLA时延拆解.csv,3,prefill,1,attn_mha,4106,6.942046,5.438847,q_b_proj,sm90_fp8_gemm_1d2d_impl,0.226176,226176,2
agg_aic_prefix_probe_b12_isl4096_prefix2048_ctx8192,prefix_probe,/home/ai_lab/ljc/scale-up-sim/aiconfigurator/bench_data/h100_sxm/sglang/v0.5.9/deepseek_v3_mla/agg_csv/20260630_185819_agg_stage2_agg_aic_prefix_probe_b12_isl4096_prefix2048_ctx8192_d10_dctx4096_p2_pf2048_pp2048_layers6_backend_auto_cg_off_pcg_off_tp1_profile_nsys__MLA时延拆解.csv,3,prefill,1,attn_mha,4106,6.942046,5.438847,q_b_proj,per_token_group_quant_8bit_kernel,0.007424,7424,2
agg_aic_prefix_probe_b12_isl4096_prefix2048_ctx8192,prefix_probe,/home/ai_lab/ljc/scale-up-sim/aiconfigurator/bench_data/h100_sxm/sglang/v0.5.9/deepseek_v3_mla/agg_csv/20260630_185819_agg_stage2_agg_aic_prefix_probe_b12_isl4096_prefix2048_ctx8192_d10_dctx4096_p2_pf2048_pp2048_layers6_backend_auto_cg_off_pcg_off_tp1_profile_nsys__MLA时延拆解.csv,3,prefill,1,attn_mha,4106,6.942046,5.438847,kv_a_layernorm,RMSNormKernel,0.009056,9056,1
agg_aic_prefix_probe_b12_isl4096_prefix2048_ctx8192,prefix_probe,/home/ai_lab/ljc/scale-up-sim/aiconfigurator/bench_data/h100_sxm/sglang/v0.5.9/deepseek_v3_mla/agg_csv/20260630_185819_agg_stage2_agg_aic_prefix_probe_b12_isl4096_prefix2048_ctx8192_d10_dctx4096_p2_pf2048_pp2048_layers6_backend_auto_cg_off_pcg_off_tp1_profile_nsys__MLA时延拆解.csv,3,prefill,1,attn_mha,4106,6.942046,5.438847,rotary_emb,BatchQKApplyRotaryPosIdsCosSinCacheHeadParallelismKernel,0.053344,53344,1
agg_aic_prefix_probe_b12_isl4096_prefix2048_ctx8192,prefix_probe,/home/ai_lab/ljc/scale-up-sim/aiconfigurator/bench_data/h100_sxm/sglang/v0.5.9/deepseek_v3_mla/agg_csv/20260630_185819_agg_stage2_agg_aic_prefix_probe_b12_isl4096_prefix2048_ctx8192_d10_dctx4096_p2_pf2048_pp2048_layers6_backend_auto_cg_off_pcg_off_tp1_profile_nsys__MLA时延拆解.csv,3,prefill,1,attn_mha,4106,6.942046,5.438847,kv_b_proj,sm90_fp8_gemm_1d2d_impl,1.778176,1778176,2
agg_aic_prefix_probe_b12_isl4096_prefix2048_ctx8192,prefix_probe,/home/ai_lab/ljc/scale-up-sim/aiconfigurator/bench_data/h100_sxm/sglang/v0.5.9/deepseek_v3_mla/agg_csv/20260630_185819_agg_stage2_agg_aic_prefix_probe_b12_isl4096_prefix2048_ctx8192_d10_dctx4096_p2_pf2048_pp2048_layers6_backend_auto_cg_off_pcg_off_tp1_profile_nsys__MLA时延拆解.csv,3,prefill,1,attn_mha,4106,6.942046,5.438847,kv_b_proj,per_token_group_quant_8bit_kernel,0.032832,32832,2
agg_aic_prefix_probe_b12_isl4096_prefix2048_ctx8192,prefix_probe,/home/ai_lab/ljc/scale-up-sim/aiconfigurator/bench_data/h100_sxm/sglang/v0.5.9/deepseek_v3_mla/agg_csv/20260630_185819_agg_stage2_agg_aic_prefix_probe_b12_isl4096_prefix2048_ctx8192_d10_dctx4096_p2_pf2048_pp2048_layers6_backend_auto_cg_off_pcg_off_tp1_profile_nsys__MLA时延拆解.csv,3,prefill,1,attn_mha,4106,6.942046,5.438847,attn_mha,device_kernel,2.464608,2464608,2
agg_aic_prefix_probe_b12_isl4096_prefix2048_ctx8192,prefix_probe,/home/ai_lab/ljc/scale-up-sim/aiconfigurator/bench_data/h100_sxm/sglang/v0.5.9/deepseek_v3_mla/agg_csv/20260630_185819_agg_stage2_agg_aic_prefix_probe_b12_isl4096_prefix2048_ctx8192_d10_dctx4096_p2_pf2048_pp2048_layers6_backend_auto_cg_off_pcg_off_tp1_profile_nsys__MLA时延拆解.csv,3,prefill,1,attn_mha,4106,6.942046,5.438847,attn_mha,prepare_varlen_num_blocks_kernel,0.003296,3296,2
agg_aic_prefix_probe_b12_isl4096_prefix2048_ctx8192,prefix_probe,/home/ai_lab/ljc/scale-up-sim/aiconfigurator/bench_data/h100_sxm/sglang/v0.5.9/deepseek_v3_mla/agg_csv/20260630_185819_agg_stage2_agg_aic_prefix_probe_b12_isl4096_prefix2048_ctx8192_d10_dctx4096_p2_pf2048_pp2048_layers6_backend_auto_cg_off_pcg_off_tp1_profile_nsys__MLA时延拆解.csv,3,prefill,1,attn_mha,4106,6.942046,5.438847,o_proj,sm90_fp8_gemm_1d2d_impl,0.628831,628831,2
agg_aic_prefix_probe_b12_isl4096_prefix2048_ctx8192,prefix_probe,/home/ai_lab/ljc/scale-up-sim/aiconfigurator/bench_data/h100_sxm/sglang/v0.5.9/deepseek_v3_mla/agg_csv/20260630_185819_agg_stage2_agg_aic_prefix_probe_b12_isl4096_prefix2048_ctx8192_d10_dctx4096_p2_pf2048_pp2048_layers6_backend_auto_cg_off_pcg_off_tp1_profile_nsys__MLA时延拆解.csv,3,prefill,1,attn_mha,4106,6.942046,5.438847,o_proj,per_token_group_quant_8bit_kernel,0.080192,80192,2
agg_aic_prefix_probe_b12_isl4096_prefix2048_ctx8192,prefix_probe,/home/ai_lab/ljc/scale-up-sim/aiconfigurator/bench_data/h100_sxm/sglang/v0.5.9/deepseek_v3_mla/agg_csv/20260630_185819_agg_stage2_agg_aic_prefix_probe_b12_isl4096_prefix2048_ctx8192_d10_dctx4096_p2_pf2048_pp2048_layers6_backend_auto_cg_off_pcg_off_tp1_profile_nsys__MLA时延拆解.csv,4,prefill,1,attn_mha,4106,7.041406,5.543231,fused_qkv_a_proj_with_mqa,sm90_fp8_gemm_1d2d_impl,0.104608,104608,2
agg_aic_prefix_probe_b12_isl4096_prefix2048_ctx8192,prefix_probe,/home/ai_lab/ljc/scale-up-sim/aiconfigurator/bench_data/h100_sxm/sglang/v0.5.9/deepseek_v3_mla/agg_csv/20260630_185819_agg_stage2_agg_aic_prefix_probe_b12_isl4096_prefix2048_ctx8192_d10_dctx4096_p2_pf2048_pp2048_layers6_backend_auto_cg_off_pcg_off_tp1_profile_nsys__MLA时延拆解.csv,4,prefill,1,attn_mha,4106,7.041406,5.543231,fused_qkv_a_proj_with_mqa,per_token_group_quant_8bit_kernel,0.038816,38816,2
agg_aic_prefix_probe_b12_isl4096_prefix2048_ctx8192,prefix_probe,/home/ai_lab/ljc/scale-up-sim/aiconfigurator/bench_data/h100_sxm/sglang/v0.5.9/deepseek_v3_mla/agg_csv/20260630_185819_agg_stage2_agg_aic_prefix_probe_b12_isl4096_prefix2048_ctx8192_d10_dctx4096_p2_pf2048_pp2048_layers6_backend_auto_cg_off_pcg_off_tp1_profile_nsys__MLA时延拆解.csv,4,prefill,1,attn_mha,4106,7.041406,5.543231,q_a_layernorm,RMSNormKernel,0.009376,9376,1
agg_aic_prefix_probe_b12_isl4096_prefix2048_ctx8192,prefix_probe,/home/ai_lab/ljc/scale-up-sim/aiconfigurator/bench_data/h100_sxm/sglang/v0.5.9/deepseek_v3_mla/agg_csv/20260630_185819_agg_stage2_agg_aic_prefix_probe_b12_isl4096_prefix2048_ctx8192_d10_dctx4096_p2_pf2048_pp2048_layers6_backend_auto_cg_off_pcg_off_tp1_profile_nsys__MLA时延拆解.csv,4,prefill,1,attn_mha,4106,7.041406,5.543231,q_b_proj,sm90_fp8_gemm_1d2d_impl,0.227136,227136,2
agg_aic_prefix_probe_b12_isl4096_prefix2048_ctx8192,prefix_probe,/home/ai_lab/ljc/scale-up-sim/aiconfigurator/bench_data/h100_sxm/sglang/v0.5.9/deepseek_v3_mla/agg_csv/20260630_185819_agg_stage2_agg_aic_prefix_probe_b12_isl4096_prefix2048_ctx8192_d10_dctx4096_p2_pf2048_pp2048_layers6_backend_auto_cg_off_pcg_off_tp1_profile_nsys__MLA时延拆解.csv,4,prefill,1,attn_mha,4106,7.041406,5.543231,q_b_proj,per_token_group_quant_8bit_kernel,0.007488,7488,2
agg_aic_prefix_probe_b12_isl4096_prefix2048_ctx8192,prefix_probe,/home/ai_lab/ljc/scale-up-sim/aiconfigurator/bench_data/h100_sxm/sglang/v0.5.9/deepseek_v3_mla/agg_csv/20260630_185819_agg_stage2_agg_aic_prefix_probe_b12_isl4096_prefix2048_ctx8192_d10_dctx4096_p2_pf2048_pp2048_layers6_backend_auto_cg_off_pcg_off_tp1_profile_nsys__MLA时延拆解.csv,4,prefill,1,attn_mha,4106,7.041406,5.543231,kv_a_layernorm,RMSNormKernel,0.008032,8032,1
agg_aic_prefix_probe_b12_isl4096_prefix2048_ctx8192,prefix_probe,/home/ai_lab/ljc/scale-up-sim/aiconfigurator/bench_data/h100_sxm/sglang/v0.5.9/deepseek_v3_mla/agg_csv/20260630_185819_agg_stage2_agg_aic_prefix_probe_b12_isl4096_prefix2048_ctx8192_d10_dctx4096_p2_pf2048_pp2048_layers6_backend_auto_cg_off_pcg_off_tp1_profile_nsys__MLA时延拆解.csv,4,prefill,1,attn_mha,4106,7.041406,5.543231,rotary_emb,BatchQKApplyRotaryPosIdsCosSinCacheHeadParallelismKernel,0.052864,52864,1
agg_aic_prefix_probe_b12_isl4096_prefix2048_ctx8192,prefix_probe,/home/ai_lab/ljc/scale-up-sim/aiconfigurator/bench_data/h100_sxm/sglang/v0.5.9/deepseek_v3_mla/agg_csv/20260630_185819_agg_stage2_agg_aic_prefix_probe_b12_isl4096_prefix2048_ctx8192_d10_dctx4096_p2_pf2048_pp2048_layers6_backend_auto_cg_off_pcg_off_tp1_profile_nsys__MLA时延拆解.csv,4,prefill,1,attn_mha,4106,7.041406,5.543231,kv_b_proj,sm90_fp8_gemm_1d2d_impl,1.879232,1879232,2
agg_aic_prefix_probe_b12_isl4096_prefix2048_ctx8192,prefix_probe,/home/ai_lab/ljc/scale-up-sim/aiconfigurator/bench_data/h100_sxm/sglang/v0.5.9/deepseek_v3_mla/agg_csv/20260630_185819_agg_stage2_agg_aic_prefix_probe_b12_isl4096_prefix2048_ctx8192_d10_dctx4096_p2_pf2048_pp2048_layers6_backend_auto_cg_off_pcg_off_tp1_profile_nsys__MLA时延拆解.csv,4,prefill,1,attn_mha,4106,7.041406,5.543231,kv_b_proj,per_token_group_quant_8bit_kernel,0.032096,32096,2
agg_aic_prefix_probe_b12_isl4096_prefix2048_ctx8192,prefix_probe,/home/ai_lab/ljc/scale-up-sim/aiconfigurator/bench_data/h100_sxm/sglang/v0.5.9/deepseek_v3_mla/agg_csv/20260630_185819_agg_stage2_agg_aic_prefix_probe_b12_isl4096_prefix2048_ctx8192_d10_dctx4096_p2_pf2048_pp2048_layers6_backend_auto_cg_off_pcg_off_tp1_profile_nsys__MLA时延拆解.csv,4,prefill,1,attn_mha,4106,7.041406,5.543231,attn_mha,device_kernel,2.467968,2467968,2
agg_aic_prefix_probe_b12_isl4096_prefix2048_ctx8192,prefix_probe,/home/ai_lab/ljc/scale-up-sim/aiconfigurator/bench_data/h100_sxm/sglang/v0.5.9/deepseek_v3_mla/agg_csv/20260630_185819_agg_stage2_agg_aic_prefix_probe_b12_isl4096_prefix2048_ctx8192_d10_dctx4096_p2_pf2048_pp2048_layers6_backend_auto_cg_off_pcg_off_tp1_profile_nsys__MLA时延拆解.csv,4,prefill,1,attn_mha,4106,7.041406,5.543231,attn_mha,prepare_varlen_num_blocks_kernel,0.003264,3264,2
agg_aic_prefix_probe_b12_isl4096_prefix2048_ctx8192,prefix_probe,/home/ai_lab/ljc/scale-up-sim/aiconfigurator/bench_data/h100_sxm/sglang/v0.5.9/deepseek_v3_mla/agg_csv/20260630_185819_agg_stage2_agg_aic_prefix_probe_b12_isl4096_prefix2048_ctx8192_d10_dctx4096_p2_pf2048_pp2048_layers6_backend_auto_cg_off_pcg_off_tp1_profile_nsys__MLA时延拆解.csv,4,prefill,1,attn_mha,4106,7.041406,5.543231,o_proj,sm90_fp8_gemm_1d2d_impl,0.632159,632159,2
agg_aic_prefix_probe_b12_isl4096_prefix2048_ctx8192,prefix_probe,/home/ai_lab/ljc/scale-up-sim/aiconfigurator/bench_data/h100_sxm/sglang/v0.5.9/deepseek_v3_mla/agg_csv/20260630_185819_agg_stage2_agg_aic_prefix_probe_b12_isl4096_prefix2048_ctx8192_d10_dctx4096_p2_pf2048_pp2048_layers6_backend_auto_cg_off_pcg_off_tp1_profile_nsys__MLA时延拆解.csv,4,prefill,1,attn_mha,4106,7.041406,5.543231,o_proj,per_token_group_quant_8bit_kernel,0.080192,80192,2
agg_aic_prefix_probe_b12_isl4096_prefix2048_ctx8192,prefix_probe,/home/ai_lab/ljc/scale-up-sim/aiconfigurator/bench_data/h100_sxm/sglang/v0.5.9/deepseek_v3_mla/agg_csv/20260630_185819_agg_stage2_agg_aic_prefix_probe_b12_isl4096_prefix2048_ctx8192_d10_dctx4096_p2_pf2048_pp2048_layers6_backend_auto_cg_off_pcg_off_tp1_profile_nsys__MLA时延拆解.csv,5,prefill,1,attn_mha,4106,7.055806,5.559359,fused_qkv_a_proj_with_mqa,sm90_fp8_gemm_1d2d_impl,0.103872,103872,2
agg_aic_prefix_probe_b12_isl4096_prefix2048_ctx8192,prefix_probe,/home/ai_lab/ljc/scale-up-sim/aiconfigurator/bench_data/h100_sxm/sglang/v0.5.9/deepseek_v3_mla/agg_csv/20260630_185819_agg_stage2_agg_aic_prefix_probe_b12_isl4096_prefix2048_ctx8192_d10_dctx4096_p2_pf2048_pp2048_layers6_backend_auto_cg_off_pcg_off_tp1_profile_nsys__MLA时延拆解.csv,5,prefill,1,attn_mha,4106,7.055806,5.559359,fused_qkv_a_proj_with_mqa,per_token_group_quant_8bit_kernel,0.038752,38752,2
agg_aic_prefix_probe_b12_isl4096_prefix2048_ctx8192,prefix_probe,/home/ai_lab/ljc/scale-up-sim/aiconfigurator/bench_data/h100_sxm/sglang/v0.5.9/deepseek_v3_mla/agg_csv/20260630_185819_agg_stage2_agg_aic_prefix_probe_b12_isl4096_prefix2048_ctx8192_d10_dctx4096_p2_pf2048_pp2048_layers6_backend_auto_cg_off_pcg_off_tp1_profile_nsys__MLA时延拆解.csv,5,prefill,1,attn_mha,4106,7.055806,5.559359,q_a_layernorm,RMSNormKernel,0.009376,9376,1
agg_aic_prefix_probe_b12_isl4096_prefix2048_ctx8192,prefix_probe,/home/ai_lab/ljc/scale-up-sim/aiconfigurator/bench_data/h100_sxm/sglang/v0.5.9/deepseek_v3_mla/agg_csv/20260630_185819_agg_stage2_agg_aic_prefix_probe_b12_isl4096_prefix2048_ctx8192_d10_dctx4096_p2_pf2048_pp2048_layers6_backend_auto_cg_off_pcg_off_tp1_profile_nsys__MLA时延拆解.csv,5,prefill,1,attn_mha,4106,7.055806,5.559359,q_b_proj,sm90_fp8_gemm_1d2d_impl,0.22704,227040,2
agg_aic_prefix_probe_b12_isl4096_prefix2048_ctx8192,prefix_probe,/home/ai_lab/ljc/scale-up-sim/aiconfigurator/bench_data/h100_sxm/sglang/v0.5.9/deepseek_v3_mla/agg_csv/20260630_185819_agg_stage2_agg_aic_prefix_probe_b12_isl4096_prefix2048_ctx8192_d10_dctx4096_p2_pf2048_pp2048_layers6_backend_auto_cg_off_pcg_off_tp1_profile_nsys__MLA时延拆解.csv,5,prefill,1,attn_mha,4106,7.055806,5.559359,q_b_proj,per_token_group_quant_8bit_kernel,0.00752,7520,2
agg_aic_prefix_probe_b12_isl4096_prefix2048_ctx8192,prefix_probe,/home/ai_lab/ljc/scale-up-sim/aiconfigurator/bench_data/h100_sxm/sglang/v0.5.9/deepseek_v3_mla/agg_csv/20260630_185819_agg_stage2_agg_aic_prefix_probe_b12_isl4096_prefix2048_ctx8192_d10_dctx4096_p2_pf2048_pp2048_layers6_backend_auto_cg_off_pcg_off_tp1_profile_nsys__MLA时延拆解.csv,5,prefill,1,attn_mha,4106,7.055806,5.559359,kv_a_layernorm,RMSNormKernel,0.008192,8192,1
agg_aic_prefix_probe_b12_isl4096_prefix2048_ctx8192,prefix_probe,/home/ai_lab/ljc/scale-up-sim/aiconfigurator/bench_data/h100_sxm/sglang/v0.5.9/deepseek_v3_mla/agg_csv/20260630_185819_agg_stage2_agg_aic_prefix_probe_b12_isl4096_prefix2048_ctx8192_d10_dctx4096_p2_pf2048_pp2048_layers6_backend_auto_cg_off_pcg_off_tp1_profile_nsys__MLA时延拆解.csv,5,prefill,1,attn_mha,4106,7.055806,5.559359,rotary_emb,BatchQKApplyRotaryPosIdsCosSinCacheHeadParallelismKernel,0.052288,52288,1
agg_aic_prefix_probe_b12_isl4096_prefix2048_ctx8192,prefix_probe,/home/ai_lab/ljc/scale-up-sim/aiconfigurator/bench_data/h100_sxm/sglang/v0.5.9/deepseek_v3_mla/agg_csv/20260630_185819_agg_stage2_agg_aic_prefix_probe_b12_isl4096_prefix2048_ctx8192_d10_dctx4096_p2_pf2048_pp2048_layers6_backend_auto_cg_off_pcg_off_tp1_profile_nsys__MLA时延拆解.csv,5,prefill,1,attn_mha,4106,7.055806,5.559359,kv_b_proj,sm90_fp8_gemm_1d2d_impl,1.89616,1896160,2
agg_aic_prefix_probe_b12_isl4096_prefix2048_ctx8192,prefix_probe,/home/ai_lab/ljc/scale-up-sim/aiconfigurator/bench_data/h100_sxm/sglang/v0.5.9/deepseek_v3_mla/agg_csv/20260630_185819_agg_stage2_agg_aic_prefix_probe_b12_isl4096_prefix2048_ctx8192_d10_dctx4096_p2_pf2048_pp2048_layers6_backend_auto_cg_off_pcg_off_tp1_profile_nsys__MLA时延拆解.csv,5,prefill,1,attn_mha,4106,7.055806,5.559359,kv_b_proj,per_token_group_quant_8bit_kernel,0.032096,32096,2
agg_aic_prefix_probe_b12_isl4096_prefix2048_ctx8192,prefix_probe,/home/ai_lab/ljc/scale-up-sim/aiconfigurator/bench_data/h100_sxm/sglang/v0.5.9/deepseek_v3_mla/agg_csv/20260630_185819_agg_stage2_agg_aic_prefix_probe_b12_isl4096_prefix2048_ctx8192_d10_dctx4096_p2_pf2048_pp2048_layers6_backend_auto_cg_off_pcg_off_tp1_profile_nsys__MLA时延拆解.csv,5,prefill,1,attn_mha,4106,7.055806,5.559359,attn_mha,device_kernel,2.470752,2470752,2
agg_aic_prefix_probe_b12_isl4096_prefix2048_ctx8192,prefix_probe,/home/ai_lab/ljc/scale-up-sim/aiconfigurator/bench_data/h100_sxm/sglang/v0.5.9/deepseek_v3_mla/agg_csv/20260630_185819_agg_stage2_agg_aic_prefix_probe_b12_isl4096_prefix2048_ctx8192_d10_dctx4096_p2_pf2048_pp2048_layers6_backend_auto_cg_off_pcg_off_tp1_profile_nsys__MLA时延拆解.csv,5,prefill,1,attn_mha,4106,7.055806,5.559359,attn_mha,prepare_varlen_num_blocks_kernel,0.003264,3264,2
agg_aic_prefix_probe_b12_isl4096_prefix2048_ctx8192,prefix_probe,/home/ai_lab/ljc/scale-up-sim/aiconfigurator/bench_data/h100_sxm/sglang/v0.5.9/deepseek_v3_mla/agg_csv/20260630_185819_agg_stage2_agg_aic_prefix_probe_b12_isl4096_prefix2048_ctx8192_d10_dctx4096_p2_pf2048_pp2048_layers6_backend_auto_cg_off_pcg_off_tp1_profile_nsys__MLA时延拆解.csv,5,prefill,1,attn_mha,4106,7.055806,5.559359,o_proj,sm90_fp8_gemm_1d2d_impl,0.629471,629471,2
agg_aic_prefix_probe_b12_isl4096_prefix2048_ctx8192,prefix_probe,/home/ai_lab/ljc/scale-up-sim/aiconfigurator/bench_data/h100_sxm/sglang/v0.5.9/deepseek_v3_mla/agg_csv/20260630_185819_agg_stage2_agg_aic_prefix_probe_b12_isl4096_prefix2048_ctx8192_d10_dctx4096_p2_pf2048_pp2048_layers6_backend_auto_cg_off_pcg_off_tp1_profile_nsys__MLA时延拆解.csv,5,prefill,1,attn_mha,4106,7.055806,5.559359,o_proj,per_token_group_quant_8bit_kernel,0.080576,80576,2
