tag,alignment_class,csv_path,layer_id,stage,stage_instance_index,attention_module,attention_token_count,module_gpu_makespan_ms,module_gpu_kernel_time_sum_ms,real_component,aic_mapping_hint,host_duration_ms,total_to_last_kernel_ms,gpu_makespan_ms,gpu_kernel_time_sum_ms,gpu_kernel_count,first_kernel_name,last_kernel_name
agg_aic_p0_small_b8_isl512_ctx2048,strict_prefix0,/home/ai_lab/ljc/scale-up-sim/aiconfigurator/bench_data/h100_sxm/sglang/v0.5.9/deepseek_v3_mla/agg_csv/20260630_181724_agg_stage2_agg_aic_p0_small_b8_isl512_ctx2048_d4_dctx512_p4_pf512_pp0_layers6_backend_auto_cg_off_pcg_off_tp1_profile_nsys__MLA时延拆解.csv,0,decode,1,attn_mqa,2052,2.494172,1.10339,fused_qkv_a_proj_with_mqa,context_downscale_gemm / generation_downscale_gemm,0.33123,0.360431,0.245791,0.07984,2,per_token_group_quant_8bit_kernel,sm90_fp8_gemm_1d2d_impl
agg_aic_p0_small_b8_isl512_ctx2048,strict_prefix0,/home/ai_lab/ljc/scale-up-sim/aiconfigurator/bench_data/h100_sxm/sglang/v0.5.9/deepseek_v3_mla/agg_csv/20260630_181724_agg_stage2_agg_aic_p0_small_b8_isl512_ctx2048_d4_dctx512_p4_pf512_pp0_layers6_backend_auto_cg_off_pcg_off_tp1_profile_nsys__MLA时延拆解.csv,0,decode,1,attn_mqa,2052,2.494172,1.10339,q_a_layernorm,not modeled in DeepSeekModel FallbackOp,0.049574,0.049574,0.00544,0.00544,1,RMSNormKernel,RMSNormKernel
agg_aic_p0_small_b8_isl512_ctx2048,strict_prefix0,/home/ai_lab/ljc/scale-up-sim/aiconfigurator/bench_data/h100_sxm/sglang/v0.5.9/deepseek_v3_mla/agg_csv/20260630_181724_agg_stage2_agg_aic_p0_small_b8_isl512_ctx2048_d4_dctx512_p4_pf512_pp0_layers6_backend_auto_cg_off_pcg_off_tp1_profile_nsys__MLA时延拆解.csv,0,decode,1,attn_mqa,2052,2.494172,1.10339,kv_a_layernorm,not modeled in DeepSeekModel FallbackOp,0.031192,0.031854,0.004448,0.004448,1,RMSNormKernel,RMSNormKernel
agg_aic_p0_small_b8_isl512_ctx2048,strict_prefix0,/home/ai_lab/ljc/scale-up-sim/aiconfigurator/bench_data/h100_sxm/sglang/v0.5.9/deepseek_v3_mla/agg_csv/20260630_181724_agg_stage2_agg_aic_p0_small_b8_isl512_ctx2048_d4_dctx512_p4_pf512_pp0_layers6_backend_auto_cg_off_pcg_off_tp1_profile_nsys__MLA时延拆解.csv,0,decode,1,attn_mqa,2052,2.494172,1.10339,q_b_proj,context_q_b_proj_gemm / generation_q_b_proj_gemm,0.243303,0.34635,0.259359,0.134911,2,per_token_group_quant_8bit_kernel,sm90_fp8_gemm_1d2d_impl
agg_aic_p0_small_b8_isl512_ctx2048,strict_prefix0,/home/ai_lab/ljc/scale-up-sim/aiconfigurator/bench_data/h100_sxm/sglang/v0.5.9/deepseek_v3_mla/agg_csv/20260630_181724_agg_stage2_agg_aic_p0_small_b8_isl512_ctx2048_d4_dctx512_p4_pf512_pp0_layers6_backend_auto_cg_off_pcg_off_tp1_profile_nsys__MLA时延拆解.csv,0,decode,1,attn_mqa,2052,2.494172,1.10339,rotary_emb,partly inside context_attention / generation bmm_rope handling,0.09242,0.104992,0.027552,0.027552,1,BatchQKApplyRotaryPosIdsCosSinCacheHeadParallelismKernel,BatchQKApplyRotaryPosIdsCosSinCacheHeadParallelismKernel
agg_aic_p0_small_b8_isl512_ctx2048,strict_prefix0,/home/ai_lab/ljc/scale-up-sim/aiconfigurator/bench_data/h100_sxm/sglang/v0.5.9/deepseek_v3_mla/agg_csv/20260630_181724_agg_stage2_agg_aic_p0_small_b8_isl512_ctx2048_d4_dctx512_p4_pf512_pp0_layers6_backend_auto_cg_off_pcg_off_tp1_profile_nsys__MLA时延拆解.csv,0,decode,1,attn_mqa,2052,2.494172,1.10339,attn_mqa,generation_attention,0.288824,0.731596,0.630687,0.481471,3,set_mla_kv_buffer_kernel,device_kernel
agg_aic_p0_small_b8_isl512_ctx2048,strict_prefix0,/home/ai_lab/ljc/scale-up-sim/aiconfigurator/bench_data/h100_sxm/sglang/v0.5.9/deepseek_v3_mla/agg_csv/20260630_181724_agg_stage2_agg_aic_p0_small_b8_isl512_ctx2048_d4_dctx512_p4_pf512_pp0_layers6_backend_auto_cg_off_pcg_off_tp1_profile_nsys__MLA时延拆解.csv,0,decode,1,attn_mqa,2052,2.494172,1.10339,o_proj,context_proj_gemm / generation_proj_gemm,0.305317,0.785684,0.371072,0.369728,2,per_token_group_quant_8bit_kernel,sm90_fp8_gemm_1d2d_impl
agg_aic_p0_small_b8_isl512_ctx2048,strict_prefix0,/home/ai_lab/ljc/scale-up-sim/aiconfigurator/bench_data/h100_sxm/sglang/v0.5.9/deepseek_v3_mla/agg_csv/20260630_181724_agg_stage2_agg_aic_p0_small_b8_isl512_ctx2048_d4_dctx512_p4_pf512_pp0_layers6_backend_auto_cg_off_pcg_off_tp1_profile_nsys__MLA时延拆解.csv,1,decode,1,attn_mqa,2052,1.380285,1.104861,fused_qkv_a_proj_with_mqa,context_downscale_gemm / generation_downscale_gemm,0.216709,0.959358,0.080991,0.079743,2,per_token_group_quant_8bit_kernel,sm90_fp8_gemm_1d2d_impl
agg_aic_p0_small_b8_isl512_ctx2048,strict_prefix0,/home/ai_lab/ljc/scale-up-sim/aiconfigurator/bench_data/h100_sxm/sglang/v0.5.9/deepseek_v3_mla/agg_csv/20260630_181724_agg_stage2_agg_aic_p0_small_b8_isl512_ctx2048_d4_dctx512_p4_pf512_pp0_layers6_backend_auto_cg_off_pcg_off_tp1_profile_nsys__MLA时延拆解.csv,1,decode,1,attn_mqa,2052,1.380285,1.104861,q_a_layernorm,not modeled in DeepSeekModel FallbackOp,0.045649,0.689376,0.005504,0.005504,1,RMSNormKernel,RMSNormKernel
agg_aic_p0_small_b8_isl512_ctx2048,strict_prefix0,/home/ai_lab/ljc/scale-up-sim/aiconfigurator/bench_data/h100_sxm/sglang/v0.5.9/deepseek_v3_mla/agg_csv/20260630_181724_agg_stage2_agg_aic_p0_small_b8_isl512_ctx2048_d4_dctx512_p4_pf512_pp0_layers6_backend_auto_cg_off_pcg_off_tp1_profile_nsys__MLA时延拆解.csv,1,decode,1,attn_mqa,2052,1.380285,1.104861,kv_a_layernorm,not modeled in DeepSeekModel FallbackOp,0.03205,0.62276,0.00448,0.00448,1,RMSNormKernel,RMSNormKernel
agg_aic_p0_small_b8_isl512_ctx2048,strict_prefix0,/home/ai_lab/ljc/scale-up-sim/aiconfigurator/bench_data/h100_sxm/sglang/v0.5.9/deepseek_v3_mla/agg_csv/20260630_181724_agg_stage2_agg_aic_p0_small_b8_isl512_ctx2048_d4_dctx512_p4_pf512_pp0_layers6_backend_auto_cg_off_pcg_off_tp1_profile_nsys__MLA时延拆解.csv,1,decode,1,attn_mqa,2052,1.380285,1.104861,q_b_proj,context_q_b_proj_gemm / generation_q_b_proj_gemm,0.214069,0.691371,0.13184,0.130624,2,per_token_group_quant_8bit_kernel,sm90_fp8_gemm_1d2d_impl
agg_aic_p0_small_b8_isl512_ctx2048,strict_prefix0,/home/ai_lab/ljc/scale-up-sim/aiconfigurator/bench_data/h100_sxm/sglang/v0.5.9/deepseek_v3_mla/agg_csv/20260630_181724_agg_stage2_agg_aic_p0_small_b8_isl512_ctx2048_d4_dctx512_p4_pf512_pp0_layers6_backend_auto_cg_off_pcg_off_tp1_profile_nsys__MLA时延拆解.csv,1,decode,1,attn_mqa,2052,1.380285,1.104861,rotary_emb,partly inside context_attention / generation bmm_rope handling,0.077456,0.481545,0.028384,0.028384,1,BatchQKApplyRotaryPosIdsCosSinCacheHeadParallelismKernel,BatchQKApplyRotaryPosIdsCosSinCacheHeadParallelismKernel
agg_aic_p0_small_b8_isl512_ctx2048,strict_prefix0,/home/ai_lab/ljc/scale-up-sim/aiconfigurator/bench_data/h100_sxm/sglang/v0.5.9/deepseek_v3_mla/agg_csv/20260630_181724_agg_stage2_agg_aic_p0_small_b8_isl512_ctx2048_d4_dctx512_p4_pf512_pp0_layers6_backend_auto_cg_off_pcg_off_tp1_profile_nsys__MLA时延拆解.csv,1,decode,1,attn_mqa,2052,1.380285,1.104861,attn_mqa,generation_attention,0.265731,0.827291,0.475327,0.474207,3,set_mla_kv_buffer_kernel,device_kernel
agg_aic_p0_small_b8_isl512_ctx2048,strict_prefix0,/home/ai_lab/ljc/scale-up-sim/aiconfigurator/bench_data/h100_sxm/sglang/v0.5.9/deepseek_v3_mla/agg_csv/20260630_181724_agg_stage2_agg_aic_p0_small_b8_isl512_ctx2048_d4_dctx512_p4_pf512_pp0_layers6_backend_auto_cg_off_pcg_off_tp1_profile_nsys__MLA时延拆解.csv,1,decode,1,attn_mqa,2052,1.380285,1.104861,o_proj,context_proj_gemm / generation_proj_gemm,0.257777,0.947893,0.383263,0.381919,2,per_token_group_quant_8bit_kernel,sm90_fp8_gemm_1d2d_impl
agg_aic_p0_small_b8_isl512_ctx2048,strict_prefix0,/home/ai_lab/ljc/scale-up-sim/aiconfigurator/bench_data/h100_sxm/sglang/v0.5.9/deepseek_v3_mla/agg_csv/20260630_181724_agg_stage2_agg_aic_p0_small_b8_isl512_ctx2048_d4_dctx512_p4_pf512_pp0_layers6_backend_auto_cg_off_pcg_off_tp1_profile_nsys__MLA时延拆解.csv,2,decode,1,attn_mqa,2052,1.381086,1.107645,fused_qkv_a_proj_with_mqa,context_downscale_gemm / generation_downscale_gemm,0.228769,1.222501,0.081088,0.079744,2,per_token_group_quant_8bit_kernel,sm90_fp8_gemm_1d2d_impl
agg_aic_p0_small_b8_isl512_ctx2048,strict_prefix0,/home/ai_lab/ljc/scale-up-sim/aiconfigurator/bench_data/h100_sxm/sglang/v0.5.9/deepseek_v3_mla/agg_csv/20260630_181724_agg_stage2_agg_aic_p0_small_b8_isl512_ctx2048_d4_dctx512_p4_pf512_pp0_layers6_backend_auto_cg_off_pcg_off_tp1_profile_nsys__MLA时延拆解.csv,2,decode,1,attn_mqa,2052,1.381086,1.107645,q_a_layernorm,not modeled in DeepSeekModel FallbackOp,0.045248,0.939826,0.005727,0.005727,1,RMSNormKernel,RMSNormKernel
agg_aic_p0_small_b8_isl512_ctx2048,strict_prefix0,/home/ai_lab/ljc/scale-up-sim/aiconfigurator/bench_data/h100_sxm/sglang/v0.5.9/deepseek_v3_mla/agg_csv/20260630_181724_agg_stage2_agg_aic_p0_small_b8_isl512_ctx2048_d4_dctx512_p4_pf512_pp0_layers6_backend_auto_cg_off_pcg_off_tp1_profile_nsys__MLA时延拆解.csv,2,decode,1,attn_mqa,2052,1.381086,1.107645,kv_a_layernorm,not modeled in DeepSeekModel FallbackOp,0.034225,0.876583,0.00448,0.00448,1,RMSNormKernel,RMSNormKernel
agg_aic_p0_small_b8_isl512_ctx2048,strict_prefix0,/home/ai_lab/ljc/scale-up-sim/aiconfigurator/bench_data/h100_sxm/sglang/v0.5.9/deepseek_v3_mla/agg_csv/20260630_181724_agg_stage2_agg_aic_p0_small_b8_isl512_ctx2048_d4_dctx512_p4_pf512_pp0_layers6_backend_auto_cg_off_pcg_off_tp1_profile_nsys__MLA时延拆解.csv,2,decode,1,attn_mqa,2052,1.381086,1.107645,q_b_proj,context_q_b_proj_gemm / generation_q_b_proj_gemm,0.217337,0.942917,0.131904,0.130816,2,per_token_group_quant_8bit_kernel,sm90_fp8_gemm_1d2d_impl
agg_aic_p0_small_b8_isl512_ctx2048,strict_prefix0,/home/ai_lab/ljc/scale-up-sim/aiconfigurator/bench_data/h100_sxm/sglang/v0.5.9/deepseek_v3_mla/agg_csv/20260630_181724_agg_stage2_agg_aic_p0_small_b8_isl512_ctx2048_d4_dctx512_p4_pf512_pp0_layers6_backend_auto_cg_off_pcg_off_tp1_profile_nsys__MLA时延拆解.csv,2,decode,1,attn_mqa,2052,1.381086,1.107645,rotary_emb,partly inside context_attention / generation bmm_rope handling,0.077411,0.730587,0.027424,0.027424,1,BatchQKApplyRotaryPosIdsCosSinCacheHeadParallelismKernel,BatchQKApplyRotaryPosIdsCosSinCacheHeadParallelismKernel
agg_aic_p0_small_b8_isl512_ctx2048,strict_prefix0,/home/ai_lab/ljc/scale-up-sim/aiconfigurator/bench_data/h100_sxm/sglang/v0.5.9/deepseek_v3_mla/agg_csv/20260630_181724_agg_stage2_agg_aic_p0_small_b8_isl512_ctx2048_d4_dctx512_p4_pf512_pp0_layers6_backend_auto_cg_off_pcg_off_tp1_profile_nsys__MLA时延拆解.csv,2,decode,1,attn_mqa,2052,1.381086,1.107645,attn_mqa,generation_attention,0.265806,1.099803,0.487327,0.485439,3,set_mla_kv_buffer_kernel,device_kernel
agg_aic_p0_small_b8_isl512_ctx2048,strict_prefix0,/home/ai_lab/ljc/scale-up-sim/aiconfigurator/bench_data/h100_sxm/sglang/v0.5.9/deepseek_v3_mla/agg_csv/20260630_181724_agg_stage2_agg_aic_p0_small_b8_isl512_ctx2048_d4_dctx512_p4_pf512_pp0_layers6_backend_auto_cg_off_pcg_off_tp1_profile_nsys__MLA时延拆解.csv,2,decode,1,attn_mqa,2052,1.381086,1.107645,o_proj,context_proj_gemm / generation_proj_gemm,0.257744,1.21233,0.375391,0.374015,2,per_token_group_quant_8bit_kernel,sm90_fp8_gemm_1d2d_impl
agg_aic_p0_small_b8_isl512_ctx2048,strict_prefix0,/home/ai_lab/ljc/scale-up-sim/aiconfigurator/bench_data/h100_sxm/sglang/v0.5.9/deepseek_v3_mla/agg_csv/20260630_181724_agg_stage2_agg_aic_p0_small_b8_isl512_ctx2048_d4_dctx512_p4_pf512_pp0_layers6_backend_auto_cg_off_pcg_off_tp1_profile_nsys__MLA时延拆解.csv,3,decode,1,attn_mqa,2052,1.385566,1.108384,fused_qkv_a_proj_with_mqa,context_downscale_gemm / generation_downscale_gemm,0.214894,1.494979,0.081088,0.079712,2,per_token_group_quant_8bit_kernel,sm90_fp8_gemm_1d2d_impl
agg_aic_p0_small_b8_isl512_ctx2048,strict_prefix0,/home/ai_lab/ljc/scale-up-sim/aiconfigurator/bench_data/h100_sxm/sglang/v0.5.9/deepseek_v3_mla/agg_csv/20260630_181724_agg_stage2_agg_aic_p0_small_b8_isl512_ctx2048_d4_dctx512_p4_pf512_pp0_layers6_backend_auto_cg_off_pcg_off_tp1_profile_nsys__MLA时延拆解.csv,3,decode,1,attn_mqa,2052,1.385566,1.108384,q_a_layernorm,not modeled in DeepSeekModel FallbackOp,0.043306,1.230069,0.00544,0.00544,1,RMSNormKernel,RMSNormKernel
agg_aic_p0_small_b8_isl512_ctx2048,strict_prefix0,/home/ai_lab/ljc/scale-up-sim/aiconfigurator/bench_data/h100_sxm/sglang/v0.5.9/deepseek_v3_mla/agg_csv/20260630_181724_agg_stage2_agg_aic_p0_small_b8_isl512_ctx2048_d4_dctx512_p4_pf512_pp0_layers6_backend_auto_cg_off_pcg_off_tp1_profile_nsys__MLA时延拆解.csv,3,decode,1,attn_mqa,2052,1.385566,1.108384,kv_a_layernorm,not modeled in DeepSeekModel FallbackOp,0.030398,1.167272,0.004512,0.004512,1,RMSNormKernel,RMSNormKernel
agg_aic_p0_small_b8_isl512_ctx2048,strict_prefix0,/home/ai_lab/ljc/scale-up-sim/aiconfigurator/bench_data/h100_sxm/sglang/v0.5.9/deepseek_v3_mla/agg_csv/20260630_181724_agg_stage2_agg_aic_p0_small_b8_isl512_ctx2048_d4_dctx512_p4_pf512_pp0_layers6_backend_auto_cg_off_pcg_off_tp1_profile_nsys__MLA时延拆解.csv,3,decode,1,attn_mqa,2052,1.385566,1.108384,q_b_proj,context_q_b_proj_gemm / generation_q_b_proj_gemm,0.211641,1.238371,0.132,0.130016,2,per_token_group_quant_8bit_kernel,sm90_fp8_gemm_1d2d_impl
agg_aic_p0_small_b8_isl512_ctx2048,strict_prefix0,/home/ai_lab/ljc/scale-up-sim/aiconfigurator/bench_data/h100_sxm/sglang/v0.5.9/deepseek_v3_mla/agg_csv/20260630_181724_agg_stage2_agg_aic_p0_small_b8_isl512_ctx2048_d4_dctx512_p4_pf512_pp0_layers6_backend_auto_cg_off_pcg_off_tp1_profile_nsys__MLA时延拆解.csv,3,decode,1,attn_mqa,2052,1.385566,1.108384,rotary_emb,partly inside context_attention / generation bmm_rope handling,0.0749,1.035401,0.028032,0.028032,1,BatchQKApplyRotaryPosIdsCosSinCacheHeadParallelismKernel,BatchQKApplyRotaryPosIdsCosSinCacheHeadParallelismKernel
agg_aic_p0_small_b8_isl512_ctx2048,strict_prefix0,/home/ai_lab/ljc/scale-up-sim/aiconfigurator/bench_data/h100_sxm/sglang/v0.5.9/deepseek_v3_mla/agg_csv/20260630_181724_agg_stage2_agg_aic_p0_small_b8_isl512_ctx2048_d4_dctx512_p4_pf512_pp0_layers6_backend_auto_cg_off_pcg_off_tp1_profile_nsys__MLA时延拆解.csv,3,decode,1,attn_mqa,2052,1.385566,1.108384,attn_mqa,generation_attention,0.262832,1.401712,0.481312,0.479328,3,set_mla_kv_buffer_kernel,device_kernel
agg_aic_p0_small_b8_isl512_ctx2048,strict_prefix0,/home/ai_lab/ljc/scale-up-sim/aiconfigurator/bench_data/h100_sxm/sglang/v0.5.9/deepseek_v3_mla/agg_csv/20260630_181724_agg_stage2_agg_aic_p0_small_b8_isl512_ctx2048_d4_dctx512_p4_pf512_pp0_layers6_backend_auto_cg_off_pcg_off_tp1_profile_nsys__MLA时延拆解.csv,3,decode,1,attn_mqa,2052,1.385566,1.108384,o_proj,context_proj_gemm / generation_proj_gemm,0.247246,1.527792,0.383744,0.381344,2,per_token_group_quant_8bit_kernel,sm90_fp8_gemm_1d2d_impl
agg_aic_p0_small_b8_isl512_ctx2048,strict_prefix0,/home/ai_lab/ljc/scale-up-sim/aiconfigurator/bench_data/h100_sxm/sglang/v0.5.9/deepseek_v3_mla/agg_csv/20260630_181724_agg_stage2_agg_aic_p0_small_b8_isl512_ctx2048_d4_dctx512_p4_pf512_pp0_layers6_backend_auto_cg_off_pcg_off_tp1_profile_nsys__MLA时延拆解.csv,4,decode,1,attn_mqa,2052,1.375229,1.098013,fused_qkv_a_proj_with_mqa,context_downscale_gemm / generation_downscale_gemm,0.271321,2.615155,0.081631,0.079199,2,per_token_group_quant_8bit_kernel,sm90_fp8_gemm_1d2d_impl
agg_aic_p0_small_b8_isl512_ctx2048,strict_prefix0,/home/ai_lab/ljc/scale-up-sim/aiconfigurator/bench_data/h100_sxm/sglang/v0.5.9/deepseek_v3_mla/agg_csv/20260630_181724_agg_stage2_agg_aic_p0_small_b8_isl512_ctx2048_d4_dctx512_p4_pf512_pp0_layers6_backend_auto_cg_off_pcg_off_tp1_profile_nsys__MLA时延拆解.csv,4,decode,1,attn_mqa,2052,1.375229,1.098013,q_a_layernorm,not modeled in DeepSeekModel FallbackOp,0.046531,2.287485,0.005408,0.005408,1,RMSNormKernel,RMSNormKernel
agg_aic_p0_small_b8_isl512_ctx2048,strict_prefix0,/home/ai_lab/ljc/scale-up-sim/aiconfigurator/bench_data/h100_sxm/sglang/v0.5.9/deepseek_v3_mla/agg_csv/20260630_181724_agg_stage2_agg_aic_p0_small_b8_isl512_ctx2048_d4_dctx512_p4_pf512_pp0_layers6_backend_auto_cg_off_pcg_off_tp1_profile_nsys__MLA时延拆解.csv,4,decode,1,attn_mqa,2052,1.375229,1.098013,kv_a_layernorm,not modeled in DeepSeekModel FallbackOp,0.029902,2.221329,0.004672,0.004672,1,RMSNormKernel,RMSNormKernel
agg_aic_p0_small_b8_isl512_ctx2048,strict_prefix0,/home/ai_lab/ljc/scale-up-sim/aiconfigurator/bench_data/h100_sxm/sglang/v0.5.9/deepseek_v3_mla/agg_csv/20260630_181724_agg_stage2_agg_aic_p0_small_b8_isl512_ctx2048_d4_dctx512_p4_pf512_pp0_layers6_backend_auto_cg_off_pcg_off_tp1_profile_nsys__MLA时延拆解.csv,4,decode,1,attn_mqa,2052,1.375229,1.098013,q_b_proj,context_q_b_proj_gemm / generation_q_b_proj_gemm,0.224037,2.289997,0.131264,0.130176,2,per_token_group_quant_8bit_kernel,sm90_fp8_gemm_1d2d_impl
agg_aic_p0_small_b8_isl512_ctx2048,strict_prefix0,/home/ai_lab/ljc/scale-up-sim/aiconfigurator/bench_data/h100_sxm/sglang/v0.5.9/deepseek_v3_mla/agg_csv/20260630_181724_agg_stage2_agg_aic_p0_small_b8_isl512_ctx2048_d4_dctx512_p4_pf512_pp0_layers6_backend_auto_cg_off_pcg_off_tp1_profile_nsys__MLA时延拆解.csv,4,decode,1,attn_mqa,2052,1.375229,1.098013,rotary_emb,partly inside context_attention / generation bmm_rope handling,0.076381,2.070471,0.027552,0.027552,1,BatchQKApplyRotaryPosIdsCosSinCacheHeadParallelismKernel,BatchQKApplyRotaryPosIdsCosSinCacheHeadParallelismKernel
agg_aic_p0_small_b8_isl512_ctx2048,strict_prefix0,/home/ai_lab/ljc/scale-up-sim/aiconfigurator/bench_data/h100_sxm/sglang/v0.5.9/deepseek_v3_mla/agg_csv/20260630_181724_agg_stage2_agg_aic_p0_small_b8_isl512_ctx2048_d4_dctx512_p4_pf512_pp0_layers6_backend_auto_cg_off_pcg_off_tp1_profile_nsys__MLA时延拆解.csv,4,decode,1,attn_mqa,2052,1.375229,1.098013,attn_mqa,generation_attention,0.258046,2.43586,0.482847,0.480895,3,set_mla_kv_buffer_kernel,device_kernel
agg_aic_p0_small_b8_isl512_ctx2048,strict_prefix0,/home/ai_lab/ljc/scale-up-sim/aiconfigurator/bench_data/h100_sxm/sglang/v0.5.9/deepseek_v3_mla/agg_csv/20260630_181724_agg_stage2_agg_aic_p0_small_b8_isl512_ctx2048_d4_dctx512_p4_pf512_pp0_layers6_backend_auto_cg_off_pcg_off_tp1_profile_nsys__MLA时延拆解.csv,4,decode,1,attn_mqa,2052,1.375229,1.098013,o_proj,context_proj_gemm / generation_proj_gemm,0.249593,2.553126,0.372287,0.370111,2,per_token_group_quant_8bit_kernel,sm90_fp8_gemm_1d2d_impl
agg_aic_p0_small_b8_isl512_ctx2048,strict_prefix0,/home/ai_lab/ljc/scale-up-sim/aiconfigurator/bench_data/h100_sxm/sglang/v0.5.9/deepseek_v3_mla/agg_csv/20260630_181724_agg_stage2_agg_aic_p0_small_b8_isl512_ctx2048_d4_dctx512_p4_pf512_pp0_layers6_backend_auto_cg_off_pcg_off_tp1_profile_nsys__MLA时延拆解.csv,5,decode,1,attn_mqa,2052,1.395614,1.122462,fused_qkv_a_proj_with_mqa,context_downscale_gemm / generation_downscale_gemm,0.26583,3.716766,0.081344,0.080096,2,per_token_group_quant_8bit_kernel,sm90_fp8_gemm_1d2d_impl
agg_aic_p0_small_b8_isl512_ctx2048,strict_prefix0,/home/ai_lab/ljc/scale-up-sim/aiconfigurator/bench_data/h100_sxm/sglang/v0.5.9/deepseek_v3_mla/agg_csv/20260630_181724_agg_stage2_agg_aic_p0_small_b8_isl512_ctx2048_d4_dctx512_p4_pf512_pp0_layers6_backend_auto_cg_off_pcg_off_tp1_profile_nsys__MLA时延拆解.csv,5,decode,1,attn_mqa,2052,1.395614,1.122462,q_a_layernorm,not modeled in DeepSeekModel FallbackOp,0.047275,3.394747,0.005408,0.005408,1,RMSNormKernel,RMSNormKernel
agg_aic_p0_small_b8_isl512_ctx2048,strict_prefix0,/home/ai_lab/ljc/scale-up-sim/aiconfigurator/bench_data/h100_sxm/sglang/v0.5.9/deepseek_v3_mla/agg_csv/20260630_181724_agg_stage2_agg_aic_p0_small_b8_isl512_ctx2048_d4_dctx512_p4_pf512_pp0_layers6_backend_auto_cg_off_pcg_off_tp1_profile_nsys__MLA时延拆解.csv,5,decode,1,attn_mqa,2052,1.395614,1.122462,kv_a_layernorm,not modeled in DeepSeekModel FallbackOp,0.030052,3.328394,0.004544,0.004544,1,RMSNormKernel,RMSNormKernel
agg_aic_p0_small_b8_isl512_ctx2048,strict_prefix0,/home/ai_lab/ljc/scale-up-sim/aiconfigurator/bench_data/h100_sxm/sglang/v0.5.9/deepseek_v3_mla/agg_csv/20260630_181724_agg_stage2_agg_aic_p0_small_b8_isl512_ctx2048_d4_dctx512_p4_pf512_pp0_layers6_backend_auto_cg_off_pcg_off_tp1_profile_nsys__MLA时延拆解.csv,5,decode,1,attn_mqa,2052,1.395614,1.122462,q_b_proj,context_q_b_proj_gemm / generation_q_b_proj_gemm,0.225269,3.396092,0.131008,0.129984,2,per_token_group_quant_8bit_kernel,sm90_fp8_gemm_1d2d_impl
agg_aic_p0_small_b8_isl512_ctx2048,strict_prefix0,/home/ai_lab/ljc/scale-up-sim/aiconfigurator/bench_data/h100_sxm/sglang/v0.5.9/deepseek_v3_mla/agg_csv/20260630_181724_agg_stage2_agg_aic_p0_small_b8_isl512_ctx2048_d4_dctx512_p4_pf512_pp0_layers6_backend_auto_cg_off_pcg_off_tp1_profile_nsys__MLA时延拆解.csv,5,decode,1,attn_mqa,2052,1.395614,1.122462,rotary_emb,partly inside context_attention / generation bmm_rope handling,0.075565,3.174334,0.027808,0.027808,1,BatchQKApplyRotaryPosIdsCosSinCacheHeadParallelismKernel,BatchQKApplyRotaryPosIdsCosSinCacheHeadParallelismKernel
agg_aic_p0_small_b8_isl512_ctx2048,strict_prefix0,/home/ai_lab/ljc/scale-up-sim/aiconfigurator/bench_data/h100_sxm/sglang/v0.5.9/deepseek_v3_mla/agg_csv/20260630_181724_agg_stage2_agg_aic_p0_small_b8_isl512_ctx2048_d4_dctx512_p4_pf512_pp0_layers6_backend_auto_cg_off_pcg_off_tp1_profile_nsys__MLA时延拆解.csv,5,decode,1,attn_mqa,2052,1.395614,1.122462,attn_mqa,generation_attention,0.252202,3.547674,0.491679,0.490751,3,set_mla_kv_buffer_kernel,device_kernel
agg_aic_p0_small_b8_isl512_ctx2048,strict_prefix0,/home/ai_lab/ljc/scale-up-sim/aiconfigurator/bench_data/h100_sxm/sglang/v0.5.9/deepseek_v3_mla/agg_csv/20260630_181724_agg_stage2_agg_aic_p0_small_b8_isl512_ctx2048_d4_dctx512_p4_pf512_pp0_layers6_backend_auto_cg_off_pcg_off_tp1_profile_nsys__MLA时延拆解.csv,5,decode,1,attn_mqa,2052,1.395614,1.122462,o_proj,context_proj_gemm / generation_proj_gemm,0.252237,3.68338,0.384991,0.383871,2,per_token_group_quant_8bit_kernel,sm90_fp8_gemm_1d2d_impl
agg_aic_p0_decode_heavy_b12_isl512_ctx2048,strict_prefix0,/home/ai_lab/ljc/scale-up-sim/aiconfigurator/bench_data/h100_sxm/sglang/v0.5.9/deepseek_v3_mla/agg_csv/20260630_182041_agg_stage2_agg_aic_p0_decode_heavy_b12_isl512_ctx2048_d8_dctx512_p4_pf512_pp0_layers6_backend_auto_cg_off_pcg_off_tp1_profile_nsys__MLA时延拆解.csv,0,decode,1,attn_mqa,2056,1.893152,1.10496,fused_qkv_a_proj_with_mqa,context_downscale_gemm / generation_downscale_gemm,0.255442,0.294132,0.208576,0.080768,2,per_token_group_quant_8bit_kernel,sm90_fp8_gemm_1d2d_impl
agg_aic_p0_decode_heavy_b12_isl512_ctx2048,strict_prefix0,/home/ai_lab/ljc/scale-up-sim/aiconfigurator/bench_data/h100_sxm/sglang/v0.5.9/deepseek_v3_mla/agg_csv/20260630_182041_agg_stage2_agg_aic_p0_decode_heavy_b12_isl512_ctx2048_d8_dctx512_p4_pf512_pp0_layers6_backend_auto_cg_off_pcg_off_tp1_profile_nsys__MLA时延拆解.csv,0,decode,1,attn_mqa,2056,1.893152,1.10496,q_a_layernorm,not modeled in DeepSeekModel FallbackOp,0.03485,0.038101,0.005504,0.005504,1,RMSNormKernel,RMSNormKernel
agg_aic_p0_decode_heavy_b12_isl512_ctx2048,strict_prefix0,/home/ai_lab/ljc/scale-up-sim/aiconfigurator/bench_data/h100_sxm/sglang/v0.5.9/deepseek_v3_mla/agg_csv/20260630_182041_agg_stage2_agg_aic_p0_decode_heavy_b12_isl512_ctx2048_d8_dctx512_p4_pf512_pp0_layers6_backend_auto_cg_off_pcg_off_tp1_profile_nsys__MLA时延拆解.csv,0,decode,1,attn_mqa,2056,1.893152,1.10496,kv_a_layernorm,not modeled in DeepSeekModel FallbackOp,0.030435,0.033618,0.004448,0.004448,1,RMSNormKernel,RMSNormKernel
agg_aic_p0_decode_heavy_b12_isl512_ctx2048,strict_prefix0,/home/ai_lab/ljc/scale-up-sim/aiconfigurator/bench_data/h100_sxm/sglang/v0.5.9/deepseek_v3_mla/agg_csv/20260630_182041_agg_stage2_agg_aic_p0_decode_heavy_b12_isl512_ctx2048_d8_dctx512_p4_pf512_pp0_layers6_backend_auto_cg_off_pcg_off_tp1_profile_nsys__MLA时延拆解.csv,0,decode,1,attn_mqa,2056,1.893152,1.10496,q_b_proj,context_q_b_proj_gemm / generation_q_b_proj_gemm,0.165091,0.27851,0.220448,0.13488,2,per_token_group_quant_8bit_kernel,sm90_fp8_gemm_1d2d_impl
agg_aic_p0_decode_heavy_b12_isl512_ctx2048,strict_prefix0,/home/ai_lab/ljc/scale-up-sim/aiconfigurator/bench_data/h100_sxm/sglang/v0.5.9/deepseek_v3_mla/agg_csv/20260630_182041_agg_stage2_agg_aic_p0_decode_heavy_b12_isl512_ctx2048_d8_dctx512_p4_pf512_pp0_layers6_backend_auto_cg_off_pcg_off_tp1_profile_nsys__MLA时延拆解.csv,0,decode,1,attn_mqa,2056,1.893152,1.10496,rotary_emb,partly inside context_attention / generation bmm_rope handling,0.067153,0.138481,0.027776,0.027776,1,BatchQKApplyRotaryPosIdsCosSinCacheHeadParallelismKernel,BatchQKApplyRotaryPosIdsCosSinCacheHeadParallelismKernel
agg_aic_p0_decode_heavy_b12_isl512_ctx2048,strict_prefix0,/home/ai_lab/ljc/scale-up-sim/aiconfigurator/bench_data/h100_sxm/sglang/v0.5.9/deepseek_v3_mla/agg_csv/20260630_182041_agg_stage2_agg_aic_p0_decode_heavy_b12_isl512_ctx2048_d8_dctx512_p4_pf512_pp0_layers6_backend_auto_cg_off_pcg_off_tp1_profile_nsys__MLA时延拆解.csv,0,decode,1,attn_mqa,2056,1.893152,1.10496,attn_mqa,generation_attention,0.200481,0.647565,0.572096,0.473856,3,set_mla_kv_buffer_kernel,device_kernel
agg_aic_p0_decode_heavy_b12_isl512_ctx2048,strict_prefix0,/home/ai_lab/ljc/scale-up-sim/aiconfigurator/bench_data/h100_sxm/sglang/v0.5.9/deepseek_v3_mla/agg_csv/20260630_182041_agg_stage2_agg_aic_p0_decode_heavy_b12_isl512_ctx2048_d8_dctx512_p4_pf512_pp0_layers6_backend_auto_cg_off_pcg_off_tp1_profile_nsys__MLA时延拆解.csv,0,decode,1,attn_mqa,2056,1.893152,1.10496,o_proj,context_proj_gemm / generation_proj_gemm,0.20336,0.84543,0.37888,0.377728,2,per_token_group_quant_8bit_kernel,sm90_fp8_gemm_1d2d_impl
agg_aic_p0_decode_heavy_b12_isl512_ctx2048,strict_prefix0,/home/ai_lab/ljc/scale-up-sim/aiconfigurator/bench_data/h100_sxm/sglang/v0.5.9/deepseek_v3_mla/agg_csv/20260630_182041_agg_stage2_agg_aic_p0_decode_heavy_b12_isl512_ctx2048_d8_dctx512_p4_pf512_pp0_layers6_backend_auto_cg_off_pcg_off_tp1_profile_nsys__MLA时延拆解.csv,1,decode,1,attn_mqa,2056,1.395999,1.115647,fused_qkv_a_proj_with_mqa,context_downscale_gemm / generation_downscale_gemm,0.131084,1.438455,0.08112,0.079904,2,per_token_group_quant_8bit_kernel,sm90_fp8_gemm_1d2d_impl
agg_aic_p0_decode_heavy_b12_isl512_ctx2048,strict_prefix0,/home/ai_lab/ljc/scale-up-sim/aiconfigurator/bench_data/h100_sxm/sglang/v0.5.9/deepseek_v3_mla/agg_csv/20260630_182041_agg_stage2_agg_aic_p0_decode_heavy_b12_isl512_ctx2048_d8_dctx512_p4_pf512_pp0_layers6_backend_auto_cg_off_pcg_off_tp1_profile_nsys__MLA时延拆解.csv,1,decode,1,attn_mqa,2056,1.395999,1.115647,q_a_layernorm,not modeled in DeepSeekModel FallbackOp,0.0318,1.273878,0.005504,0.005504,1,RMSNormKernel,RMSNormKernel
agg_aic_p0_decode_heavy_b12_isl512_ctx2048,strict_prefix0,/home/ai_lab/ljc/scale-up-sim/aiconfigurator/bench_data/h100_sxm/sglang/v0.5.9/deepseek_v3_mla/agg_csv/20260630_182041_agg_stage2_agg_aic_p0_decode_heavy_b12_isl512_ctx2048_d8_dctx512_p4_pf512_pp0_layers6_backend_auto_cg_off_pcg_off_tp1_profile_nsys__MLA时延拆解.csv,1,decode,1,attn_mqa,2056,1.395999,1.115647,kv_a_layernorm,not modeled in DeepSeekModel FallbackOp,0.021064,1.230038,0.004768,0.004768,1,RMSNormKernel,RMSNormKernel
agg_aic_p0_decode_heavy_b12_isl512_ctx2048,strict_prefix0,/home/ai_lab/ljc/scale-up-sim/aiconfigurator/bench_data/h100_sxm/sglang/v0.5.9/deepseek_v3_mla/agg_csv/20260630_182041_agg_stage2_agg_aic_p0_decode_heavy_b12_isl512_ctx2048_d8_dctx512_p4_pf512_pp0_layers6_backend_auto_cg_off_pcg_off_tp1_profile_nsys__MLA时延拆解.csv,1,decode,1,attn_mqa,2056,1.395999,1.115647,q_b_proj,context_q_b_proj_gemm / generation_q_b_proj_gemm,0.123309,1.322561,0.132256,0.131232,2,per_token_group_quant_8bit_kernel,sm90_fp8_gemm_1d2d_impl
agg_aic_p0_decode_heavy_b12_isl512_ctx2048,strict_prefix0,/home/ai_lab/ljc/scale-up-sim/aiconfigurator/bench_data/h100_sxm/sglang/v0.5.9/deepseek_v3_mla/agg_csv/20260630_182041_agg_stage2_agg_aic_p0_decode_heavy_b12_isl512_ctx2048_d8_dctx512_p4_pf512_pp0_layers6_backend_auto_cg_off_pcg_off_tp1_profile_nsys__MLA时延拆解.csv,1,decode,1,attn_mqa,2056,1.395999,1.115647,rotary_emb,partly inside context_attention / generation bmm_rope handling,0.06061,1.244936,0.028032,0.028032,1,BatchQKApplyRotaryPosIdsCosSinCacheHeadParallelismKernel,BatchQKApplyRotaryPosIdsCosSinCacheHeadParallelismKernel
agg_aic_p0_decode_heavy_b12_isl512_ctx2048,strict_prefix0,/home/ai_lab/ljc/scale-up-sim/aiconfigurator/bench_data/h100_sxm/sglang/v0.5.9/deepseek_v3_mla/agg_csv/20260630_182041_agg_stage2_agg_aic_p0_decode_heavy_b12_isl512_ctx2048_d8_dctx512_p4_pf512_pp0_layers6_backend_auto_cg_off_pcg_off_tp1_profile_nsys__MLA时延拆解.csv,1,decode,1,attn_mqa,2056,1.395999,1.115647,attn_mqa,generation_attention,0.191932,1.646866,0.488384,0.487296,3,set_mla_kv_buffer_kernel,device_kernel
agg_aic_p0_decode_heavy_b12_isl512_ctx2048,strict_prefix0,/home/ai_lab/ljc/scale-up-sim/aiconfigurator/bench_data/h100_sxm/sglang/v0.5.9/deepseek_v3_mla/agg_csv/20260630_182041_agg_stage2_agg_aic_p0_decode_heavy_b12_isl512_ctx2048_d8_dctx512_p4_pf512_pp0_layers6_backend_auto_cg_off_pcg_off_tp1_profile_nsys__MLA时延拆解.csv,1,decode,1,attn_mqa,2056,1.395999,1.115647,o_proj,context_proj_gemm / generation_proj_gemm,0.188577,1.86731,0.380063,0.378911,2,per_token_group_quant_8bit_kernel,sm90_fp8_gemm_1d2d_impl
agg_aic_p0_decode_heavy_b12_isl512_ctx2048,strict_prefix0,/home/ai_lab/ljc/scale-up-sim/aiconfigurator/bench_data/h100_sxm/sglang/v0.5.9/deepseek_v3_mla/agg_csv/20260630_182041_agg_stage2_agg_aic_p0_decode_heavy_b12_isl512_ctx2048_d8_dctx512_p4_pf512_pp0_layers6_backend_auto_cg_off_pcg_off_tp1_profile_nsys__MLA时延拆解.csv,2,decode,1,attn_mqa,2056,1.375327,1.094079,fused_qkv_a_proj_with_mqa,context_downscale_gemm / generation_downscale_gemm,0.128622,2.511145,0.0816,0.079392,2,per_token_group_quant_8bit_kernel,sm90_fp8_gemm_1d2d_impl
agg_aic_p0_decode_heavy_b12_isl512_ctx2048,strict_prefix0,/home/ai_lab/ljc/scale-up-sim/aiconfigurator/bench_data/h100_sxm/sglang/v0.5.9/deepseek_v3_mla/agg_csv/20260630_182041_agg_stage2_agg_aic_p0_decode_heavy_b12_isl512_ctx2048_d8_dctx512_p4_pf512_pp0_layers6_backend_auto_cg_off_pcg_off_tp1_profile_nsys__MLA时延拆解.csv,2,decode,1,attn_mqa,2056,1.375327,1.094079,q_a_layernorm,not modeled in DeepSeekModel FallbackOp,0.032123,2.350312,0.00544,0.00544,1,RMSNormKernel,RMSNormKernel
agg_aic_p0_decode_heavy_b12_isl512_ctx2048,strict_prefix0,/home/ai_lab/ljc/scale-up-sim/aiconfigurator/bench_data/h100_sxm/sglang/v0.5.9/deepseek_v3_mla/agg_csv/20260630_182041_agg_stage2_agg_aic_p0_decode_heavy_b12_isl512_ctx2048_d8_dctx512_p4_pf512_pp0_layers6_backend_auto_cg_off_pcg_off_tp1_profile_nsys__MLA时延拆解.csv,2,decode,1,attn_mqa,2056,1.375327,1.094079,kv_a_layernorm,not modeled in DeepSeekModel FallbackOp,0.020749,2.309388,0.004608,0.004608,1,RMSNormKernel,RMSNormKernel
agg_aic_p0_decode_heavy_b12_isl512_ctx2048,strict_prefix0,/home/ai_lab/ljc/scale-up-sim/aiconfigurator/bench_data/h100_sxm/sglang/v0.5.9/deepseek_v3_mla/agg_csv/20260630_182041_agg_stage2_agg_aic_p0_decode_heavy_b12_isl512_ctx2048_d8_dctx512_p4_pf512_pp0_layers6_backend_auto_cg_off_pcg_off_tp1_profile_nsys__MLA时延拆解.csv,2,decode,1,attn_mqa,2056,1.375327,1.094079,q_b_proj,context_q_b_proj_gemm / generation_q_b_proj_gemm,0.120487,2.402478,0.13232,0.131104,2,per_token_group_quant_8bit_kernel,sm90_fp8_gemm_1d2d_impl
agg_aic_p0_decode_heavy_b12_isl512_ctx2048,strict_prefix0,/home/ai_lab/ljc/scale-up-sim/aiconfigurator/bench_data/h100_sxm/sglang/v0.5.9/deepseek_v3_mla/agg_csv/20260630_182041_agg_stage2_agg_aic_p0_decode_heavy_b12_isl512_ctx2048_d8_dctx512_p4_pf512_pp0_layers6_backend_auto_cg_off_pcg_off_tp1_profile_nsys__MLA时延拆解.csv,2,decode,1,attn_mqa,2056,1.375327,1.094079,rotary_emb,partly inside context_attention / generation bmm_rope handling,0.057408,2.337313,0.0288,0.0288,1,BatchQKApplyRotaryPosIdsCosSinCacheHeadParallelismKernel,BatchQKApplyRotaryPosIdsCosSinCacheHeadParallelismKernel
agg_aic_p0_decode_heavy_b12_isl512_ctx2048,strict_prefix0,/home/ai_lab/ljc/scale-up-sim/aiconfigurator/bench_data/h100_sxm/sglang/v0.5.9/deepseek_v3_mla/agg_csv/20260630_182041_agg_stage2_agg_aic_p0_decode_heavy_b12_isl512_ctx2048_d8_dctx512_p4_pf512_pp0_layers6_backend_auto_cg_off_pcg_off_tp1_profile_nsys__MLA时延拆解.csv,2,decode,1,attn_mqa,2056,1.375327,1.094079,attn_mqa,generation_attention,0.197087,2.724508,0.470815,0.468735,3,set_mla_kv_buffer_kernel,device_kernel
agg_aic_p0_decode_heavy_b12_isl512_ctx2048,strict_prefix0,/home/ai_lab/ljc/scale-up-sim/aiconfigurator/bench_data/h100_sxm/sglang/v0.5.9/deepseek_v3_mla/agg_csv/20260630_182041_agg_stage2_agg_aic_p0_decode_heavy_b12_isl512_ctx2048_d8_dctx512_p4_pf512_pp0_layers6_backend_auto_cg_off_pcg_off_tp1_profile_nsys__MLA时延拆解.csv,2,decode,1,attn_mqa,2056,1.375327,1.094079,o_proj,context_proj_gemm / generation_proj_gemm,0.191383,2.928247,0.378496,0.376,2,per_token_group_quant_8bit_kernel,sm90_fp8_gemm_1d2d_impl
agg_aic_p0_decode_heavy_b12_isl512_ctx2048,strict_prefix0,/home/ai_lab/ljc/scale-up-sim/aiconfigurator/bench_data/h100_sxm/sglang/v0.5.9/deepseek_v3_mla/agg_csv/20260630_182041_agg_stage2_agg_aic_p0_decode_heavy_b12_isl512_ctx2048_d8_dctx512_p4_pf512_pp0_layers6_backend_auto_cg_off_pcg_off_tp1_profile_nsys__MLA时延拆解.csv,3,decode,1,attn_mqa,2056,1.392736,1.110624,fused_qkv_a_proj_with_mqa,context_downscale_gemm / generation_downscale_gemm,0.126726,3.577895,0.083168,0.080832,2,per_token_group_quant_8bit_kernel,sm90_fp8_gemm_1d2d_impl
agg_aic_p0_decode_heavy_b12_isl512_ctx2048,strict_prefix0,/home/ai_lab/ljc/scale-up-sim/aiconfigurator/bench_data/h100_sxm/sglang/v0.5.9/deepseek_v3_mla/agg_csv/20260630_182041_agg_stage2_agg_aic_p0_decode_heavy_b12_isl512_ctx2048_d8_dctx512_p4_pf512_pp0_layers6_backend_auto_cg_off_pcg_off_tp1_profile_nsys__MLA时延拆解.csv,3,decode,1,attn_mqa,2056,1.392736,1.110624,q_a_layernorm,not modeled in DeepSeekModel FallbackOp,0.031888,3.411662,0.005408,0.005408,1,RMSNormKernel,RMSNormKernel
agg_aic_p0_decode_heavy_b12_isl512_ctx2048,strict_prefix0,/home/ai_lab/ljc/scale-up-sim/aiconfigurator/bench_data/h100_sxm/sglang/v0.5.9/deepseek_v3_mla/agg_csv/20260630_182041_agg_stage2_agg_aic_p0_decode_heavy_b12_isl512_ctx2048_d8_dctx512_p4_pf512_pp0_layers6_backend_auto_cg_off_pcg_off_tp1_profile_nsys__MLA时延拆解.csv,3,decode,1,attn_mqa,2056,1.392736,1.110624,kv_a_layernorm,not modeled in DeepSeekModel FallbackOp,0.018764,3.371156,0.004576,0.004576,1,RMSNormKernel,RMSNormKernel
agg_aic_p0_decode_heavy_b12_isl512_ctx2048,strict_prefix0,/home/ai_lab/ljc/scale-up-sim/aiconfigurator/bench_data/h100_sxm/sglang/v0.5.9/deepseek_v3_mla/agg_csv/20260630_182041_agg_stage2_agg_aic_p0_decode_heavy_b12_isl512_ctx2048_d8_dctx512_p4_pf512_pp0_layers6_backend_auto_cg_off_pcg_off_tp1_profile_nsys__MLA时延拆解.csv,3,decode,1,attn_mqa,2056,1.392736,1.110624,q_b_proj,context_q_b_proj_gemm / generation_q_b_proj_gemm,0.125033,3.467489,0.133344,0.131232,2,per_token_group_quant_8bit_kernel,sm90_fp8_gemm_1d2d_impl
agg_aic_p0_decode_heavy_b12_isl512_ctx2048,strict_prefix0,/home/ai_lab/ljc/scale-up-sim/aiconfigurator/bench_data/h100_sxm/sglang/v0.5.9/deepseek_v3_mla/agg_csv/20260630_182041_agg_stage2_agg_aic_p0_decode_heavy_b12_isl512_ctx2048_d8_dctx512_p4_pf512_pp0_layers6_backend_auto_cg_off_pcg_off_tp1_profile_nsys__MLA时延拆解.csv,3,decode,1,attn_mqa,2056,1.392736,1.110624,rotary_emb,partly inside context_attention / generation bmm_rope handling,0.059151,3.396449,0.028512,0.028512,1,BatchQKApplyRotaryPosIdsCosSinCacheHeadParallelismKernel,BatchQKApplyRotaryPosIdsCosSinCacheHeadParallelismKernel
agg_aic_p0_decode_heavy_b12_isl512_ctx2048,strict_prefix0,/home/ai_lab/ljc/scale-up-sim/aiconfigurator/bench_data/h100_sxm/sglang/v0.5.9/deepseek_v3_mla/agg_csv/20260630_182041_agg_stage2_agg_aic_p0_decode_heavy_b12_isl512_ctx2048_d8_dctx512_p4_pf512_pp0_layers6_backend_auto_cg_off_pcg_off_tp1_profile_nsys__MLA时延拆解.csv,3,decode,1,attn_mqa,2056,1.392736,1.110624,attn_mqa,generation_attention,0.190033,3.797324,0.48448,0.482624,3,set_mla_kv_buffer_kernel,device_kernel
agg_aic_p0_decode_heavy_b12_isl512_ctx2048,strict_prefix0,/home/ai_lab/ljc/scale-up-sim/aiconfigurator/bench_data/h100_sxm/sglang/v0.5.9/deepseek_v3_mla/agg_csv/20260630_182041_agg_stage2_agg_aic_p0_decode_heavy_b12_isl512_ctx2048_d8_dctx512_p4_pf512_pp0_layers6_backend_auto_cg_off_pcg_off_tp1_profile_nsys__MLA时延拆解.csv,3,decode,1,attn_mqa,2056,1.392736,1.110624,o_proj,context_proj_gemm / generation_proj_gemm,0.186593,4.024146,0.37968,0.37744,2,per_token_group_quant_8bit_kernel,sm90_fp8_gemm_1d2d_impl
agg_aic_p0_decode_heavy_b12_isl512_ctx2048,strict_prefix0,/home/ai_lab/ljc/scale-up-sim/aiconfigurator/bench_data/h100_sxm/sglang/v0.5.9/deepseek_v3_mla/agg_csv/20260630_182041_agg_stage2_agg_aic_p0_decode_heavy_b12_isl512_ctx2048_d8_dctx512_p4_pf512_pp0_layers6_backend_auto_cg_off_pcg_off_tp1_profile_nsys__MLA时延拆解.csv,4,decode,1,attn_mqa,2056,1.392799,1.114687,fused_qkv_a_proj_with_mqa,context_downscale_gemm / generation_downscale_gemm,0.192042,5.619092,0.081823,0.079711,2,per_token_group_quant_8bit_kernel,sm90_fp8_gemm_1d2d_impl
agg_aic_p0_decode_heavy_b12_isl512_ctx2048,strict_prefix0,/home/ai_lab/ljc/scale-up-sim/aiconfigurator/bench_data/h100_sxm/sglang/v0.5.9/deepseek_v3_mla/agg_csv/20260630_182041_agg_stage2_agg_aic_p0_decode_heavy_b12_isl512_ctx2048_d8_dctx512_p4_pf512_pp0_layers6_backend_auto_cg_off_pcg_off_tp1_profile_nsys__MLA时延拆解.csv,4,decode,1,attn_mqa,2056,1.392799,1.114687,q_a_layernorm,not modeled in DeepSeekModel FallbackOp,0.035229,5.389409,0.005312,0.005312,1,RMSNormKernel,RMSNormKernel
agg_aic_p0_decode_heavy_b12_isl512_ctx2048,strict_prefix0,/home/ai_lab/ljc/scale-up-sim/aiconfigurator/bench_data/h100_sxm/sglang/v0.5.9/deepseek_v3_mla/agg_csv/20260630_182041_agg_stage2_agg_aic_p0_decode_heavy_b12_isl512_ctx2048_d8_dctx512_p4_pf512_pp0_layers6_backend_auto_cg_off_pcg_off_tp1_profile_nsys__MLA时延拆解.csv,4,decode,1,attn_mqa,2056,1.392799,1.114687,kv_a_layernorm,not modeled in DeepSeekModel FallbackOp,0.019057,5.343638,0.004512,0.004512,1,RMSNormKernel,RMSNormKernel
agg_aic_p0_decode_heavy_b12_isl512_ctx2048,strict_prefix0,/home/ai_lab/ljc/scale-up-sim/aiconfigurator/bench_data/h100_sxm/sglang/v0.5.9/deepseek_v3_mla/agg_csv/20260630_182041_agg_stage2_agg_aic_p0_decode_heavy_b12_isl512_ctx2048_d8_dctx512_p4_pf512_pp0_layers6_backend_auto_cg_off_pcg_off_tp1_profile_nsys__MLA时延拆解.csv,4,decode,1,attn_mqa,2056,1.392799,1.114687,q_b_proj,context_q_b_proj_gemm / generation_q_b_proj_gemm,0.143753,5.436947,0.13376,0.132672,2,per_token_group_quant_8bit_kernel,sm90_fp8_gemm_1d2d_impl
agg_aic_p0_decode_heavy_b12_isl512_ctx2048,strict_prefix0,/home/ai_lab/ljc/scale-up-sim/aiconfigurator/bench_data/h100_sxm/sglang/v0.5.9/deepseek_v3_mla/agg_csv/20260630_182041_agg_stage2_agg_aic_p0_decode_heavy_b12_isl512_ctx2048_d8_dctx512_p4_pf512_pp0_layers6_backend_auto_cg_off_pcg_off_tp1_profile_nsys__MLA时延拆解.csv,4,decode,1,attn_mqa,2056,1.392799,1.114687,rotary_emb,partly inside context_attention / generation bmm_rope handling,0.059611,5.338365,0.027872,0.027872,1,BatchQKApplyRotaryPosIdsCosSinCacheHeadParallelismKernel,BatchQKApplyRotaryPosIdsCosSinCacheHeadParallelismKernel
agg_aic_p0_decode_heavy_b12_isl512_ctx2048,strict_prefix0,/home/ai_lab/ljc/scale-up-sim/aiconfigurator/bench_data/h100_sxm/sglang/v0.5.9/deepseek_v3_mla/agg_csv/20260630_182041_agg_stage2_agg_aic_p0_decode_heavy_b12_isl512_ctx2048_d8_dctx512_p4_pf512_pp0_layers6_backend_auto_cg_off_pcg_off_tp1_profile_nsys__MLA时延拆解.csv,4,decode,1,attn_mqa,2056,1.392799,1.114687,attn_mqa,generation_attention,0.18521,5.74094,0.489824,0.487968,3,set_mla_kv_buffer_kernel,device_kernel
agg_aic_p0_decode_heavy_b12_isl512_ctx2048,strict_prefix0,/home/ai_lab/ljc/scale-up-sim/aiconfigurator/bench_data/h100_sxm/sglang/v0.5.9/deepseek_v3_mla/agg_csv/20260630_182041_agg_stage2_agg_aic_p0_decode_heavy_b12_isl512_ctx2048_d8_dctx512_p4_pf512_pp0_layers6_backend_auto_cg_off_pcg_off_tp1_profile_nsys__MLA时延拆解.csv,4,decode,1,attn_mqa,2056,1.392799,1.114687,o_proj,context_proj_gemm / generation_proj_gemm,0.174409,5.970579,0.378048,0.37664,2,per_token_group_quant_8bit_kernel,sm90_fp8_gemm_1d2d_impl
agg_aic_p0_decode_heavy_b12_isl512_ctx2048,strict_prefix0,/home/ai_lab/ljc/scale-up-sim/aiconfigurator/bench_data/h100_sxm/sglang/v0.5.9/deepseek_v3_mla/agg_csv/20260630_182041_agg_stage2_agg_aic_p0_decode_heavy_b12_isl512_ctx2048_d8_dctx512_p4_pf512_pp0_layers6_backend_auto_cg_off_pcg_off_tp1_profile_nsys__MLA时延拆解.csv,5,decode,1,attn_mqa,2056,1.388607,1.109184,fused_qkv_a_proj_with_mqa,context_downscale_gemm / generation_downscale_gemm,0.198513,7.587394,0.0808,0.079584,2,per_token_group_quant_8bit_kernel,sm90_fp8_gemm_1d2d_impl
agg_aic_p0_decode_heavy_b12_isl512_ctx2048,strict_prefix0,/home/ai_lab/ljc/scale-up-sim/aiconfigurator/bench_data/h100_sxm/sglang/v0.5.9/deepseek_v3_mla/agg_csv/20260630_182041_agg_stage2_agg_aic_p0_decode_heavy_b12_isl512_ctx2048_d8_dctx512_p4_pf512_pp0_layers6_backend_auto_cg_off_pcg_off_tp1_profile_nsys__MLA时延拆解.csv,5,decode,1,attn_mqa,2056,1.388607,1.109184,q_a_layernorm,not modeled in DeepSeekModel FallbackOp,0.034628,7.353793,0.005568,0.005568,1,RMSNormKernel,RMSNormKernel
agg_aic_p0_decode_heavy_b12_isl512_ctx2048,strict_prefix0,/home/ai_lab/ljc/scale-up-sim/aiconfigurator/bench_data/h100_sxm/sglang/v0.5.9/deepseek_v3_mla/agg_csv/20260630_182041_agg_stage2_agg_aic_p0_decode_heavy_b12_isl512_ctx2048_d8_dctx512_p4_pf512_pp0_layers6_backend_auto_cg_off_pcg_off_tp1_profile_nsys__MLA时延拆解.csv,5,decode,1,attn_mqa,2056,1.388607,1.109184,kv_a_layernorm,not modeled in DeepSeekModel FallbackOp,0.018536,7.309749,0.00448,0.00448,1,RMSNormKernel,RMSNormKernel
agg_aic_p0_decode_heavy_b12_isl512_ctx2048,strict_prefix0,/home/ai_lab/ljc/scale-up-sim/aiconfigurator/bench_data/h100_sxm/sglang/v0.5.9/deepseek_v3_mla/agg_csv/20260630_182041_agg_stage2_agg_aic_p0_decode_heavy_b12_isl512_ctx2048_d8_dctx512_p4_pf512_pp0_layers6_backend_auto_cg_off_pcg_off_tp1_profile_nsys__MLA时延拆解.csv,5,decode,1,attn_mqa,2056,1.388607,1.109184,q_b_proj,context_q_b_proj_gemm / generation_q_b_proj_gemm,0.13876,7.402615,0.131328,0.130336,2,per_token_group_quant_8bit_kernel,sm90_fp8_gemm_1d2d_impl
agg_aic_p0_decode_heavy_b12_isl512_ctx2048,strict_prefix0,/home/ai_lab/ljc/scale-up-sim/aiconfigurator/bench_data/h100_sxm/sglang/v0.5.9/deepseek_v3_mla/agg_csv/20260630_182041_agg_stage2_agg_aic_p0_decode_heavy_b12_isl512_ctx2048_d8_dctx512_p4_pf512_pp0_layers6_backend_auto_cg_off_pcg_off_tp1_profile_nsys__MLA时延拆解.csv,5,decode,1,attn_mqa,2056,1.388607,1.109184,rotary_emb,partly inside context_attention / generation bmm_rope handling,0.059083,7.310288,0.027872,0.027872,1,BatchQKApplyRotaryPosIdsCosSinCacheHeadParallelismKernel,BatchQKApplyRotaryPosIdsCosSinCacheHeadParallelismKernel
agg_aic_p0_decode_heavy_b12_isl512_ctx2048,strict_prefix0,/home/ai_lab/ljc/scale-up-sim/aiconfigurator/bench_data/h100_sxm/sglang/v0.5.9/deepseek_v3_mla/agg_csv/20260630_182041_agg_stage2_agg_aic_p0_decode_heavy_b12_isl512_ctx2048_d8_dctx512_p4_pf512_pp0_layers6_backend_auto_cg_off_pcg_off_tp1_profile_nsys__MLA时延拆解.csv,5,decode,1,attn_mqa,2056,1.388607,1.109184,attn_mqa,generation_attention,0.17913,7.705315,0.48128,0.48016,3,set_mla_kv_buffer_kernel,device_kernel
agg_aic_p0_decode_heavy_b12_isl512_ctx2048,strict_prefix0,/home/ai_lab/ljc/scale-up-sim/aiconfigurator/bench_data/h100_sxm/sglang/v0.5.9/deepseek_v3_mla/agg_csv/20260630_182041_agg_stage2_agg_aic_p0_decode_heavy_b12_isl512_ctx2048_d8_dctx512_p4_pf512_pp0_layers6_backend_auto_cg_off_pcg_off_tp1_profile_nsys__MLA时延拆解.csv,5,decode,1,attn_mqa,2056,1.388607,1.109184,o_proj,context_proj_gemm / generation_proj_gemm,0.183855,7.947244,0.382528,0.381184,2,per_token_group_quant_8bit_kernel,sm90_fp8_gemm_1d2d_impl
agg_aic_p0_prefill_heavy_b16_isl512_ctx4096,strict_prefix0,/home/ai_lab/ljc/scale-up-sim/aiconfigurator/bench_data/h100_sxm/sglang/v0.5.9/deepseek_v3_mla/agg_csv/20260630_182355_agg_stage2_agg_aic_p0_prefill_heavy_b16_isl512_ctx4096_d8_dctx512_p8_pf512_pp0_layers6_backend_auto_cg_off_pcg_off_tp1_profile_nsys__MLA时延拆解.csv,0,decode,1,attn_mqa,4104,3.350171,2.112925,fused_qkv_a_proj_with_mqa,context_downscale_gemm / generation_downscale_gemm,0.409013,0.479288,0.339648,0.144704,2,per_token_group_quant_8bit_kernel,sm90_fp8_gemm_1d2d_impl
agg_aic_p0_prefill_heavy_b16_isl512_ctx4096,strict_prefix0,/home/ai_lab/ljc/scale-up-sim/aiconfigurator/bench_data/h100_sxm/sglang/v0.5.9/deepseek_v3_mla/agg_csv/20260630_182355_agg_stage2_agg_aic_p0_prefill_heavy_b16_isl512_ctx4096_d8_dctx512_p8_pf512_pp0_layers6_backend_auto_cg_off_pcg_off_tp1_profile_nsys__MLA时延拆解.csv,0,decode,1,attn_mqa,4104,3.350171,2.112925,q_a_layernorm,not modeled in DeepSeekModel FallbackOp,0.057394,0.060362,0.008992,0.008992,1,RMSNormKernel,RMSNormKernel
agg_aic_p0_prefill_heavy_b16_isl512_ctx4096,strict_prefix0,/home/ai_lab/ljc/scale-up-sim/aiconfigurator/bench_data/h100_sxm/sglang/v0.5.9/deepseek_v3_mla/agg_csv/20260630_182355_agg_stage2_agg_aic_p0_prefill_heavy_b16_isl512_ctx4096_d8_dctx512_p8_pf512_pp0_layers6_backend_auto_cg_off_pcg_off_tp1_profile_nsys__MLA时延拆解.csv,0,decode,1,attn_mqa,4104,3.350171,2.112925,kv_a_layernorm,not modeled in DeepSeekModel FallbackOp,0.033519,0.036707,0.00704,0.00704,1,RMSNormKernel,RMSNormKernel
agg_aic_p0_prefill_heavy_b16_isl512_ctx4096,strict_prefix0,/home/ai_lab/ljc/scale-up-sim/aiconfigurator/bench_data/h100_sxm/sglang/v0.5.9/deepseek_v3_mla/agg_csv/20260630_182355_agg_stage2_agg_aic_p0_prefill_heavy_b16_isl512_ctx4096_d8_dctx512_p8_pf512_pp0_layers6_backend_auto_cg_off_pcg_off_tp1_profile_nsys__MLA时延拆解.csv,0,decode,1,attn_mqa,4104,3.350171,2.112925,q_b_proj,context_q_b_proj_gemm / generation_q_b_proj_gemm,0.280081,0.484083,0.390976,0.242976,2,per_token_group_quant_8bit_kernel,sm90_fp8_gemm_1d2d_impl
agg_aic_p0_prefill_heavy_b16_isl512_ctx4096,strict_prefix0,/home/ai_lab/ljc/scale-up-sim/aiconfigurator/bench_data/h100_sxm/sglang/v0.5.9/deepseek_v3_mla/agg_csv/20260630_182355_agg_stage2_agg_aic_p0_prefill_heavy_b16_isl512_ctx4096_d8_dctx512_p8_pf512_pp0_layers6_backend_auto_cg_off_pcg_off_tp1_profile_nsys__MLA时延拆解.csv,0,decode,1,attn_mqa,4104,3.350171,2.112925,rotary_emb,partly inside context_attention / generation bmm_rope handling,0.108358,0.291315,0.054336,0.054336,1,BatchQKApplyRotaryPosIdsCosSinCacheHeadParallelismKernel,BatchQKApplyRotaryPosIdsCosSinCacheHeadParallelismKernel
agg_aic_p0_prefill_heavy_b16_isl512_ctx4096,strict_prefix0,/home/ai_lab/ljc/scale-up-sim/aiconfigurator/bench_data/h100_sxm/sglang/v0.5.9/deepseek_v3_mla/agg_csv/20260630_182355_agg_stage2_agg_aic_p0_prefill_heavy_b16_isl512_ctx4096_d8_dctx512_p8_pf512_pp0_layers6_backend_auto_cg_off_pcg_off_tp1_profile_nsys__MLA时延拆解.csv,0,decode,1,attn_mqa,4104,3.350171,2.112925,attn_mqa,generation_attention,0.329426,1.226883,1.095262,0.943582,3,set_mla_kv_buffer_kernel,device_kernel
agg_aic_p0_prefill_heavy_b16_isl512_ctx4096,strict_prefix0,/home/ai_lab/ljc/scale-up-sim/aiconfigurator/bench_data/h100_sxm/sglang/v0.5.9/deepseek_v3_mla/agg_csv/20260630_182355_agg_stage2_agg_aic_p0_prefill_heavy_b16_isl512_ctx4096_d8_dctx512_p8_pf512_pp0_layers6_backend_auto_cg_off_pcg_off_tp1_profile_nsys__MLA时延拆解.csv,0,decode,1,attn_mqa,4104,3.350171,2.112925,o_proj,context_proj_gemm / generation_proj_gemm,0.342718,1.663487,0.712607,0.711295,2,per_token_group_quant_8bit_kernel,sm90_fp8_gemm_1d2d_impl
agg_aic_p0_prefill_heavy_b16_isl512_ctx4096,strict_prefix0,/home/ai_lab/ljc/scale-up-sim/aiconfigurator/bench_data/h100_sxm/sglang/v0.5.9/deepseek_v3_mla/agg_csv/20260630_182355_agg_stage2_agg_aic_p0_prefill_heavy_b16_isl512_ctx4096_d8_dctx512_p8_pf512_pp0_layers6_backend_auto_cg_off_pcg_off_tp1_profile_nsys__MLA时延拆解.csv,1,decode,1,attn_mqa,4104,2.603356,2.087518,fused_qkv_a_proj_with_mqa,context_downscale_gemm / generation_downscale_gemm,0.220532,2.975699,0.145088,0.14368,2,per_token_group_quant_8bit_kernel,sm90_fp8_gemm_1d2d_impl
agg_aic_p0_prefill_heavy_b16_isl512_ctx4096,strict_prefix0,/home/ai_lab/ljc/scale-up-sim/aiconfigurator/bench_data/h100_sxm/sglang/v0.5.9/deepseek_v3_mla/agg_csv/20260630_182355_agg_stage2_agg_aic_p0_prefill_heavy_b16_isl512_ctx4096_d8_dctx512_p8_pf512_pp0_layers6_backend_auto_cg_off_pcg_off_tp1_profile_nsys__MLA时延拆解.csv,1,decode,1,attn_mqa,4104,2.603356,2.087518,q_a_layernorm,not modeled in DeepSeekModel FallbackOp,0.056817,2.69762,0.009184,0.009184,1,RMSNormKernel,RMSNormKernel
agg_aic_p0_prefill_heavy_b16_isl512_ctx4096,strict_prefix0,/home/ai_lab/ljc/scale-up-sim/aiconfigurator/bench_data/h100_sxm/sglang/v0.5.9/deepseek_v3_mla/agg_csv/20260630_182355_agg_stage2_agg_aic_p0_prefill_heavy_b16_isl512_ctx4096_d8_dctx512_p8_pf512_pp0_layers6_backend_auto_cg_off_pcg_off_tp1_profile_nsys__MLA时延拆解.csv,1,decode,1,attn_mqa,4104,2.603356,2.087518,kv_a_layernorm,not modeled in DeepSeekModel FallbackOp,0.036435,2.62405,0.007072,0.007072,1,RMSNormKernel,RMSNormKernel
agg_aic_p0_prefill_heavy_b16_isl512_ctx4096,strict_prefix0,/home/ai_lab/ljc/scale-up-sim/aiconfigurator/bench_data/h100_sxm/sglang/v0.5.9/deepseek_v3_mla/agg_csv/20260630_182355_agg_stage2_agg_aic_p0_prefill_heavy_b16_isl512_ctx4096_d8_dctx512_p8_pf512_pp0_layers6_backend_auto_cg_off_pcg_off_tp1_profile_nsys__MLA时延拆解.csv,1,decode,1,attn_mqa,4104,2.603356,2.087518,q_b_proj,context_q_b_proj_gemm / generation_q_b_proj_gemm,0.225038,2.789771,0.236352,0.235136,2,per_token_group_quant_8bit_kernel,sm90_fp8_gemm_1d2d_impl
agg_aic_p0_prefill_heavy_b16_isl512_ctx4096,strict_prefix0,/home/ai_lab/ljc/scale-up-sim/aiconfigurator/bench_data/h100_sxm/sglang/v0.5.9/deepseek_v3_mla/agg_csv/20260630_182355_agg_stage2_agg_aic_p0_prefill_heavy_b16_isl512_ctx4096_d8_dctx512_p8_pf512_pp0_layers6_backend_auto_cg_off_pcg_off_tp1_profile_nsys__MLA时延拆解.csv,1,decode,1,attn_mqa,4104,2.603356,2.087518,rotary_emb,partly inside context_attention / generation bmm_rope handling,0.097771,2.690707,0.053504,0.053504,1,BatchQKApplyRotaryPosIdsCosSinCacheHeadParallelismKernel,BatchQKApplyRotaryPosIdsCosSinCacheHeadParallelismKernel
agg_aic_p0_prefill_heavy_b16_isl512_ctx4096,strict_prefix0,/home/ai_lab/ljc/scale-up-sim/aiconfigurator/bench_data/h100_sxm/sglang/v0.5.9/deepseek_v3_mla/agg_csv/20260630_182355_agg_stage2_agg_aic_p0_prefill_heavy_b16_isl512_ctx4096_d8_dctx512_p8_pf512_pp0_layers6_backend_auto_cg_off_pcg_off_tp1_profile_nsys__MLA时延拆解.csv,1,decode,1,attn_mqa,4104,2.603356,2.087518,attn_mqa,generation_attention,0.313649,3.474341,0.928575,0.927807,3,set_mla_kv_buffer_kernel,device_kernel
agg_aic_p0_prefill_heavy_b16_isl512_ctx4096,strict_prefix0,/home/ai_lab/ljc/scale-up-sim/aiconfigurator/bench_data/h100_sxm/sglang/v0.5.9/deepseek_v3_mla/agg_csv/20260630_182355_agg_stage2_agg_aic_p0_prefill_heavy_b16_isl512_ctx4096_d8_dctx512_p8_pf512_pp0_layers6_backend_auto_cg_off_pcg_off_tp1_profile_nsys__MLA时延拆解.csv,1,decode,1,attn_mqa,4104,2.603356,2.087518,o_proj,context_proj_gemm / generation_proj_gemm,0.334348,3.955986,0.712287,0.711135,2,per_token_group_quant_8bit_kernel,sm90_fp8_gemm_1d2d_impl
agg_aic_p0_prefill_heavy_b16_isl512_ctx4096,strict_prefix0,/home/ai_lab/ljc/scale-up-sim/aiconfigurator/bench_data/h100_sxm/sglang/v0.5.9/deepseek_v3_mla/agg_csv/20260630_182355_agg_stage2_agg_aic_p0_prefill_heavy_b16_isl512_ctx4096_d8_dctx512_p8_pf512_pp0_layers6_backend_auto_cg_off_pcg_off_tp1_profile_nsys__MLA时延拆解.csv,2,decode,1,attn_mqa,4104,2.614524,2.098333,fused_qkv_a_proj_with_mqa,context_downscale_gemm / generation_downscale_gemm,0.228605,5.275188,0.153471,0.15088,2,per_token_group_quant_8bit_kernel,sm90_fp8_gemm_1d2d_impl
agg_aic_p0_prefill_heavy_b16_isl512_ctx4096,strict_prefix0,/home/ai_lab/ljc/scale-up-sim/aiconfigurator/bench_data/h100_sxm/sglang/v0.5.9/deepseek_v3_mla/agg_csv/20260630_182355_agg_stage2_agg_aic_p0_prefill_heavy_b16_isl512_ctx4096_d8_dctx512_p8_pf512_pp0_layers6_backend_auto_cg_off_pcg_off_tp1_profile_nsys__MLA时延拆解.csv,2,decode,1,attn_mqa,4104,2.614524,2.098333,q_a_layernorm,not modeled in DeepSeekModel FallbackOp,0.054227,4.989272,0.00944,0.00944,1,RMSNormKernel,RMSNormKernel
agg_aic_p0_prefill_heavy_b16_isl512_ctx4096,strict_prefix0,/home/ai_lab/ljc/scale-up-sim/aiconfigurator/bench_data/h100_sxm/sglang/v0.5.9/deepseek_v3_mla/agg_csv/20260630_182355_agg_stage2_agg_aic_p0_prefill_heavy_b16_isl512_ctx4096_d8_dctx512_p8_pf512_pp0_layers6_backend_auto_cg_off_pcg_off_tp1_profile_nsys__MLA时延拆解.csv,2,decode,1,attn_mqa,4104,2.614524,2.098333,kv_a_layernorm,not modeled in DeepSeekModel FallbackOp,0.036999,4.917105,0.007232,0.007232,1,RMSNormKernel,RMSNormKernel
agg_aic_p0_prefill_heavy_b16_isl512_ctx4096,strict_prefix0,/home/ai_lab/ljc/scale-up-sim/aiconfigurator/bench_data/h100_sxm/sglang/v0.5.9/deepseek_v3_mla/agg_csv/20260630_182355_agg_stage2_agg_aic_p0_prefill_heavy_b16_isl512_ctx4096_d8_dctx512_p8_pf512_pp0_layers6_backend_auto_cg_off_pcg_off_tp1_profile_nsys__MLA时延拆解.csv,2,decode,1,attn_mqa,4104,2.614524,2.098333,q_b_proj,context_q_b_proj_gemm / generation_q_b_proj_gemm,0.213762,5.081909,0.23568,0.234752,2,per_token_group_quant_8bit_kernel,sm90_fp8_gemm_1d2d_impl
agg_aic_p0_prefill_heavy_b16_isl512_ctx4096,strict_prefix0,/home/ai_lab/ljc/scale-up-sim/aiconfigurator/bench_data/h100_sxm/sglang/v0.5.9/deepseek_v3_mla/agg_csv/20260630_182355_agg_stage2_agg_aic_p0_prefill_heavy_b16_isl512_ctx4096_d8_dctx512_p8_pf512_pp0_layers6_backend_auto_cg_off_pcg_off_tp1_profile_nsys__MLA时延拆解.csv,2,decode,1,attn_mqa,4104,2.614524,2.098333,rotary_emb,partly inside context_attention / generation bmm_rope handling,0.109293,4.979006,0.054175,0.054175,1,BatchQKApplyRotaryPosIdsCosSinCacheHeadParallelismKernel,BatchQKApplyRotaryPosIdsCosSinCacheHeadParallelismKernel
agg_aic_p0_prefill_heavy_b16_isl512_ctx4096,strict_prefix0,/home/ai_lab/ljc/scale-up-sim/aiconfigurator/bench_data/h100_sxm/sglang/v0.5.9/deepseek_v3_mla/agg_csv/20260630_182355_agg_stage2_agg_aic_p0_prefill_heavy_b16_isl512_ctx4096_d8_dctx512_p8_pf512_pp0_layers6_backend_auto_cg_off_pcg_off_tp1_profile_nsys__MLA时延拆解.csv,2,decode,1,attn_mqa,4104,2.614524,2.098333,attn_mqa,generation_attention,0.317625,5.754839,0.932703,0.930751,3,set_mla_kv_buffer_kernel,device_kernel
agg_aic_p0_prefill_heavy_b16_isl512_ctx4096,strict_prefix0,/home/ai_lab/ljc/scale-up-sim/aiconfigurator/bench_data/h100_sxm/sglang/v0.5.9/deepseek_v3_mla/agg_csv/20260630_182355_agg_stage2_agg_aic_p0_prefill_heavy_b16_isl512_ctx4096_d8_dctx512_p8_pf512_pp0_layers6_backend_auto_cg_off_pcg_off_tp1_profile_nsys__MLA时延拆解.csv,2,decode,1,attn_mqa,4104,2.614524,2.098333,o_proj,context_proj_gemm / generation_proj_gemm,0.338602,6.233706,0.713599,0.711103,2,per_token_group_quant_8bit_kernel,sm90_fp8_gemm_1d2d_impl
agg_aic_p0_prefill_heavy_b16_isl512_ctx4096,strict_prefix0,/home/ai_lab/ljc/scale-up-sim/aiconfigurator/bench_data/h100_sxm/sglang/v0.5.9/deepseek_v3_mla/agg_csv/20260630_182355_agg_stage2_agg_aic_p0_prefill_heavy_b16_isl512_ctx4096_d8_dctx512_p8_pf512_pp0_layers6_backend_auto_cg_off_pcg_off_tp1_profile_nsys__MLA时延拆解.csv,3,decode,1,attn_mqa,4104,2.637404,2.115836,fused_qkv_a_proj_with_mqa,context_downscale_gemm / generation_downscale_gemm,0.244699,7.546395,0.148192,0.145888,2,per_token_group_quant_8bit_kernel,sm90_fp8_gemm_1d2d_impl
agg_aic_p0_prefill_heavy_b16_isl512_ctx4096,strict_prefix0,/home/ai_lab/ljc/scale-up-sim/aiconfigurator/bench_data/h100_sxm/sglang/v0.5.9/deepseek_v3_mla/agg_csv/20260630_182355_agg_stage2_agg_aic_p0_prefill_heavy_b16_isl512_ctx4096_d8_dctx512_p8_pf512_pp0_layers6_backend_auto_cg_off_pcg_off_tp1_profile_nsys__MLA时延拆解.csv,3,decode,1,attn_mqa,4104,2.637404,2.115836,q_a_layernorm,not modeled in DeepSeekModel FallbackOp,0.054183,7.242052,0.009216,0.009216,1,RMSNormKernel,RMSNormKernel
agg_aic_p0_prefill_heavy_b16_isl512_ctx4096,strict_prefix0,/home/ai_lab/ljc/scale-up-sim/aiconfigurator/bench_data/h100_sxm/sglang/v0.5.9/deepseek_v3_mla/agg_csv/20260630_182355_agg_stage2_agg_aic_p0_prefill_heavy_b16_isl512_ctx4096_d8_dctx512_p8_pf512_pp0_layers6_backend_auto_cg_off_pcg_off_tp1_profile_nsys__MLA时延拆解.csv,3,decode,1,attn_mqa,4104,2.637404,2.115836,kv_a_layernorm,not modeled in DeepSeekModel FallbackOp,0.033129,7.169512,0.007232,0.007232,1,RMSNormKernel,RMSNormKernel
agg_aic_p0_prefill_heavy_b16_isl512_ctx4096,strict_prefix0,/home/ai_lab/ljc/scale-up-sim/aiconfigurator/bench_data/h100_sxm/sglang/v0.5.9/deepseek_v3_mla/agg_csv/20260630_182355_agg_stage2_agg_aic_p0_prefill_heavy_b16_isl512_ctx4096_d8_dctx512_p8_pf512_pp0_layers6_backend_auto_cg_off_pcg_off_tp1_profile_nsys__MLA时延拆解.csv,3,decode,1,attn_mqa,4104,2.637404,2.115836,q_b_proj,context_q_b_proj_gemm / generation_q_b_proj_gemm,0.21354,7.341333,0.241727,0.239583,2,per_token_group_quant_8bit_kernel,sm90_fp8_gemm_1d2d_impl
agg_aic_p0_prefill_heavy_b16_isl512_ctx4096,strict_prefix0,/home/ai_lab/ljc/scale-up-sim/aiconfigurator/bench_data/h100_sxm/sglang/v0.5.9/deepseek_v3_mla/agg_csv/20260630_182355_agg_stage2_agg_aic_p0_prefill_heavy_b16_isl512_ctx4096_d8_dctx512_p8_pf512_pp0_layers6_backend_auto_cg_off_pcg_off_tp1_profile_nsys__MLA时延拆解.csv,3,decode,1,attn_mqa,4104,2.637404,2.115836,rotary_emb,partly inside context_attention / generation bmm_rope handling,0.107926,7.257264,0.054112,0.054112,1,BatchQKApplyRotaryPosIdsCosSinCacheHeadParallelismKernel,BatchQKApplyRotaryPosIdsCosSinCacheHeadParallelismKernel
agg_aic_p0_prefill_heavy_b16_isl512_ctx4096,strict_prefix0,/home/ai_lab/ljc/scale-up-sim/aiconfigurator/bench_data/h100_sxm/sglang/v0.5.9/deepseek_v3_mla/agg_csv/20260630_182355_agg_stage2_agg_aic_p0_prefill_heavy_b16_isl512_ctx4096_d8_dctx512_p8_pf512_pp0_layers6_backend_auto_cg_off_pcg_off_tp1_profile_nsys__MLA时延拆解.csv,3,decode,1,attn_mqa,4104,2.637404,2.115836,attn_mqa,generation_attention,0.325098,8.05009,0.949278,0.947198,3,set_mla_kv_buffer_kernel,device_kernel
agg_aic_p0_prefill_heavy_b16_isl512_ctx4096,strict_prefix0,/home/ai_lab/ljc/scale-up-sim/aiconfigurator/bench_data/h100_sxm/sglang/v0.5.9/deepseek_v3_mla/agg_csv/20260630_182355_agg_stage2_agg_aic_p0_prefill_heavy_b16_isl512_ctx4096_d8_dctx512_p8_pf512_pp0_layers6_backend_auto_cg_off_pcg_off_tp1_profile_nsys__MLA时延拆解.csv,3,decode,1,attn_mqa,4104,2.637404,2.115836,o_proj,context_proj_gemm / generation_proj_gemm,0.321401,8.524831,0.714975,0.712607,2,per_token_group_quant_8bit_kernel,sm90_fp8_gemm_1d2d_impl
agg_aic_p0_prefill_heavy_b16_isl512_ctx4096,strict_prefix0,/home/ai_lab/ljc/scale-up-sim/aiconfigurator/bench_data/h100_sxm/sglang/v0.5.9/deepseek_v3_mla/agg_csv/20260630_182355_agg_stage2_agg_aic_p0_prefill_heavy_b16_isl512_ctx4096_d8_dctx512_p8_pf512_pp0_layers6_backend_auto_cg_off_pcg_off_tp1_profile_nsys__MLA时延拆解.csv,4,decode,1,attn_mqa,4104,2.601948,2.087325,fused_qkv_a_proj_with_mqa,context_downscale_gemm / generation_downscale_gemm,0.310685,11.973428,0.146976,0.144768,2,per_token_group_quant_8bit_kernel,sm90_fp8_gemm_1d2d_impl
agg_aic_p0_prefill_heavy_b16_isl512_ctx4096,strict_prefix0,/home/ai_lab/ljc/scale-up-sim/aiconfigurator/bench_data/h100_sxm/sglang/v0.5.9/deepseek_v3_mla/agg_csv/20260630_182355_agg_stage2_agg_aic_p0_prefill_heavy_b16_isl512_ctx4096_d8_dctx512_p8_pf512_pp0_layers6_backend_auto_cg_off_pcg_off_tp1_profile_nsys__MLA时延拆解.csv,4,decode,1,attn_mqa,4104,2.601948,2.087325,q_a_layernorm,not modeled in DeepSeekModel FallbackOp,0.057867,11.60166,0.009344,0.009344,1,RMSNormKernel,RMSNormKernel
agg_aic_p0_prefill_heavy_b16_isl512_ctx4096,strict_prefix0,/home/ai_lab/ljc/scale-up-sim/aiconfigurator/bench_data/h100_sxm/sglang/v0.5.9/deepseek_v3_mla/agg_csv/20260630_182355_agg_stage2_agg_aic_p0_prefill_heavy_b16_isl512_ctx4096_d8_dctx512_p8_pf512_pp0_layers6_backend_auto_cg_off_pcg_off_tp1_profile_nsys__MLA时延拆解.csv,4,decode,1,attn_mqa,4104,2.601948,2.087325,kv_a_layernorm,not modeled in DeepSeekModel FallbackOp,0.033663,11.512677,0.007232,0.007232,1,RMSNormKernel,RMSNormKernel
agg_aic_p0_prefill_heavy_b16_isl512_ctx4096,strict_prefix0,/home/ai_lab/ljc/scale-up-sim/aiconfigurator/bench_data/h100_sxm/sglang/v0.5.9/deepseek_v3_mla/agg_csv/20260630_182355_agg_stage2_agg_aic_p0_prefill_heavy_b16_isl512_ctx4096_d8_dctx512_p8_pf512_pp0_layers6_backend_auto_cg_off_pcg_off_tp1_profile_nsys__MLA时延拆解.csv,4,decode,1,attn_mqa,4104,2.601948,2.087325,q_b_proj,context_q_b_proj_gemm / generation_q_b_proj_gemm,0.243269,11.676013,0.237215,0.236223,2,per_token_group_quant_8bit_kernel,sm90_fp8_gemm_1d2d_impl
agg_aic_p0_prefill_heavy_b16_isl512_ctx4096,strict_prefix0,/home/ai_lab/ljc/scale-up-sim/aiconfigurator/bench_data/h100_sxm/sglang/v0.5.9/deepseek_v3_mla/agg_csv/20260630_182355_agg_stage2_agg_aic_p0_prefill_heavy_b16_isl512_ctx4096_d8_dctx512_p8_pf512_pp0_layers6_backend_auto_cg_off_pcg_off_tp1_profile_nsys__MLA时延拆解.csv,4,decode,1,attn_mqa,4104,2.601948,2.087325,rotary_emb,partly inside context_attention / generation bmm_rope handling,0.097255,11.549909,0.054016,0.054016,1,BatchQKApplyRotaryPosIdsCosSinCacheHeadParallelismKernel,BatchQKApplyRotaryPosIdsCosSinCacheHeadParallelismKernel
agg_aic_p0_prefill_heavy_b16_isl512_ctx4096,strict_prefix0,/home/ai_lab/ljc/scale-up-sim/aiconfigurator/bench_data/h100_sxm/sglang/v0.5.9/deepseek_v3_mla/agg_csv/20260630_182355_agg_stage2_agg_aic_p0_prefill_heavy_b16_isl512_ctx4096_d8_dctx512_p8_pf512_pp0_layers6_backend_auto_cg_off_pcg_off_tp1_profile_nsys__MLA时延拆解.csv,4,decode,1,attn_mqa,4104,2.601948,2.087325,attn_mqa,generation_attention,0.331854,12.328995,0.925439,0.923423,3,set_mla_kv_buffer_kernel,device_kernel
agg_aic_p0_prefill_heavy_b16_isl512_ctx4096,strict_prefix0,/home/ai_lab/ljc/scale-up-sim/aiconfigurator/bench_data/h100_sxm/sglang/v0.5.9/deepseek_v3_mla/agg_csv/20260630_182355_agg_stage2_agg_aic_p0_prefill_heavy_b16_isl512_ctx4096_d8_dctx512_p8_pf512_pp0_layers6_backend_auto_cg_off_pcg_off_tp1_profile_nsys__MLA时延拆解.csv,4,decode,1,attn_mqa,4104,2.601948,2.087325,o_proj,context_proj_gemm / generation_proj_gemm,0.320085,12.793786,0.713695,0.712319,2,per_token_group_quant_8bit_kernel,sm90_fp8_gemm_1d2d_impl
agg_aic_p0_prefill_heavy_b16_isl512_ctx4096,strict_prefix0,/home/ai_lab/ljc/scale-up-sim/aiconfigurator/bench_data/h100_sxm/sglang/v0.5.9/deepseek_v3_mla/agg_csv/20260630_182355_agg_stage2_agg_aic_p0_prefill_heavy_b16_isl512_ctx4096_d8_dctx512_p8_pf512_pp0_layers6_backend_auto_cg_off_pcg_off_tp1_profile_nsys__MLA时延拆解.csv,5,decode,1,attn_mqa,4104,2.623324,2.108158,fused_qkv_a_proj_with_mqa,context_downscale_gemm / generation_downscale_gemm,0.312491,16.241799,0.143392,0.142176,2,per_token_group_quant_8bit_kernel,sm90_fp8_gemm_1d2d_impl
agg_aic_p0_prefill_heavy_b16_isl512_ctx4096,strict_prefix0,/home/ai_lab/ljc/scale-up-sim/aiconfigurator/bench_data/h100_sxm/sglang/v0.5.9/deepseek_v3_mla/agg_csv/20260630_182355_agg_stage2_agg_aic_p0_prefill_heavy_b16_isl512_ctx4096_d8_dctx512_p8_pf512_pp0_layers6_backend_auto_cg_off_pcg_off_tp1_profile_nsys__MLA时延拆解.csv,5,decode,1,attn_mqa,4104,2.623324,2.108158,q_a_layernorm,not modeled in DeepSeekModel FallbackOp,0.058002,15.869342,0.00912,0.00912,1,RMSNormKernel,RMSNormKernel
agg_aic_p0_prefill_heavy_b16_isl512_ctx4096,strict_prefix0,/home/ai_lab/ljc/scale-up-sim/aiconfigurator/bench_data/h100_sxm/sglang/v0.5.9/deepseek_v3_mla/agg_csv/20260630_182355_agg_stage2_agg_aic_p0_prefill_heavy_b16_isl512_ctx4096_d8_dctx512_p8_pf512_pp0_layers6_backend_auto_cg_off_pcg_off_tp1_profile_nsys__MLA时延拆解.csv,5,decode,1,attn_mqa,4104,2.623324,2.108158,kv_a_layernorm,not modeled in DeepSeekModel FallbackOp,0.033173,15.791846,0.007168,0.007168,1,RMSNormKernel,RMSNormKernel
agg_aic_p0_prefill_heavy_b16_isl512_ctx4096,strict_prefix0,/home/ai_lab/ljc/scale-up-sim/aiconfigurator/bench_data/h100_sxm/sglang/v0.5.9/deepseek_v3_mla/agg_csv/20260630_182355_agg_stage2_agg_aic_p0_prefill_heavy_b16_isl512_ctx4096_d8_dctx512_p8_pf512_pp0_layers6_backend_auto_cg_off_pcg_off_tp1_profile_nsys__MLA时延拆解.csv,5,decode,1,attn_mqa,4104,2.623324,2.108158,q_b_proj,context_q_b_proj_gemm / generation_q_b_proj_gemm,0.247255,15.959729,0.237568,0.236544,2,per_token_group_quant_8bit_kernel,sm90_fp8_gemm_1d2d_impl
agg_aic_p0_prefill_heavy_b16_isl512_ctx4096,strict_prefix0,/home/ai_lab/ljc/scale-up-sim/aiconfigurator/bench_data/h100_sxm/sglang/v0.5.9/deepseek_v3_mla/agg_csv/20260630_182355_agg_stage2_agg_aic_p0_prefill_heavy_b16_isl512_ctx4096_d8_dctx512_p8_pf512_pp0_layers6_backend_auto_cg_off_pcg_off_tp1_profile_nsys__MLA时延拆解.csv,5,decode,1,attn_mqa,4104,2.623324,2.108158,rotary_emb,partly inside context_attention / generation bmm_rope handling,0.1016,15.807822,0.054528,0.054528,1,BatchQKApplyRotaryPosIdsCosSinCacheHeadParallelismKernel,BatchQKApplyRotaryPosIdsCosSinCacheHeadParallelismKernel
agg_aic_p0_prefill_heavy_b16_isl512_ctx4096,strict_prefix0,/home/ai_lab/ljc/scale-up-sim/aiconfigurator/bench_data/h100_sxm/sglang/v0.5.9/deepseek_v3_mla/agg_csv/20260630_182355_agg_stage2_agg_aic_p0_prefill_heavy_b16_isl512_ctx4096_d8_dctx512_p8_pf512_pp0_layers6_backend_auto_cg_off_pcg_off_tp1_profile_nsys__MLA时延拆解.csv,5,decode,1,attn_mqa,4104,2.623324,2.108158,attn_mqa,generation_attention,0.306653,16.607073,0.949119,0.948031,3,set_mla_kv_buffer_kernel,device_kernel
agg_aic_p0_prefill_heavy_b16_isl512_ctx4096,strict_prefix0,/home/ai_lab/ljc/scale-up-sim/aiconfigurator/bench_data/h100_sxm/sglang/v0.5.9/deepseek_v3_mla/agg_csv/20260630_182355_agg_stage2_agg_aic_p0_prefill_heavy_b16_isl512_ctx4096_d8_dctx512_p8_pf512_pp0_layers6_backend_auto_cg_off_pcg_off_tp1_profile_nsys__MLA时延拆解.csv,5,decode,1,attn_mqa,4104,2.623324,2.108158,o_proj,context_proj_gemm / generation_proj_gemm,0.316919,17.098193,0.711775,0.710591,2,per_token_group_quant_8bit_kernel,sm90_fp8_gemm_1d2d_impl
agg_aic_p0_mid_b8_isl2048_ctx8192,strict_prefix0,/home/ai_lab/ljc/scale-up-sim/aiconfigurator/bench_data/h100_sxm/sglang/v0.5.9/deepseek_v3_mla/agg_csv/20260630_182701_agg_stage2_agg_aic_p0_mid_b8_isl2048_ctx8192_d4_dctx2048_p4_pf2048_pp0_layers6_backend_auto_cg_off_pcg_off_tp1_profile_nsys__MLA时延拆解.csv,0,prefill,1,attn_mha,8192,4.838911,3.984607,fused_qkv_a_proj_with_mqa,context_downscale_gemm / generation_downscale_gemm,0.308172,0.484054,0.38016,0.273504,2,per_token_group_quant_8bit_kernel,sm90_fp8_gemm_1d2d_impl
agg_aic_p0_mid_b8_isl2048_ctx8192,strict_prefix0,/home/ai_lab/ljc/scale-up-sim/aiconfigurator/bench_data/h100_sxm/sglang/v0.5.9/deepseek_v3_mla/agg_csv/20260630_182701_agg_stage2_agg_aic_p0_mid_b8_isl2048_ctx8192_d4_dctx2048_p4_pf2048_pp0_layers6_backend_auto_cg_off_pcg_off_tp1_profile_nsys__MLA时延拆解.csv,0,prefill,1,attn_mha,8192,4.838911,3.984607,q_a_layernorm,not modeled in DeepSeekModel FallbackOp,0.039436,0.150582,0.017504,0.017504,1,RMSNormKernel,RMSNormKernel
agg_aic_p0_mid_b8_isl2048_ctx8192,strict_prefix0,/home/ai_lab/ljc/scale-up-sim/aiconfigurator/bench_data/h100_sxm/sglang/v0.5.9/deepseek_v3_mla/agg_csv/20260630_182701_agg_stage2_agg_aic_p0_mid_b8_isl2048_ctx8192_d4_dctx2048_p4_pf2048_pp0_layers6_backend_auto_cg_off_pcg_off_tp1_profile_nsys__MLA时延拆解.csv,0,prefill,1,attn_mha,8192,4.838911,3.984607,q_b_proj,context_q_b_proj_gemm / generation_q_b_proj_gemm,0.167429,0.582593,0.495424,0.448576,2,per_token_group_quant_8bit_kernel,sm90_fp8_gemm_1d2d_impl
agg_aic_p0_mid_b8_isl2048_ctx8192,strict_prefix0,/home/ai_lab/ljc/scale-up-sim/aiconfigurator/bench_data/h100_sxm/sglang/v0.5.9/deepseek_v3_mla/agg_csv/20260630_182701_agg_stage2_agg_aic_p0_mid_b8_isl2048_ctx8192_d4_dctx2048_p4_pf2048_pp0_layers6_backend_auto_cg_off_pcg_off_tp1_profile_nsys__MLA时延拆解.csv,0,prefill,1,attn_mha,8192,4.838911,3.984607,kv_a_layernorm,not modeled in DeepSeekModel FallbackOp,0.027926,0.388168,0.012768,0.012768,1,RMSNormKernel,RMSNormKernel
agg_aic_p0_mid_b8_isl2048_ctx8192,strict_prefix0,/home/ai_lab/ljc/scale-up-sim/aiconfigurator/bench_data/h100_sxm/sglang/v0.5.9/deepseek_v3_mla/agg_csv/20260630_182701_agg_stage2_agg_aic_p0_mid_b8_isl2048_ctx8192_d4_dctx2048_p4_pf2048_pp0_layers6_backend_auto_cg_off_pcg_off_tp1_profile_nsys__MLA时延拆解.csv,0,prefill,1,attn_mha,8192,4.838911,3.984607,rotary_emb,partly inside context_attention / generation bmm_rope handling,0.088313,0.437899,0.105632,0.105632,1,BatchQKApplyRotaryPosIdsCosSinCacheHeadParallelismKernel,BatchQKApplyRotaryPosIdsCosSinCacheHeadParallelismKernel
agg_aic_p0_mid_b8_isl2048_ctx8192,strict_prefix0,/home/ai_lab/ljc/scale-up-sim/aiconfigurator/bench_data/h100_sxm/sglang/v0.5.9/deepseek_v3_mla/agg_csv/20260630_182701_agg_stage2_agg_aic_p0_mid_b8_isl2048_ctx8192_d4_dctx2048_p4_pf2048_pp0_layers6_backend_auto_cg_off_pcg_off_tp1_profile_nsys__MLA时延拆解.csv,0,prefill,1,attn_mha,8192,4.838911,3.984607,kv_b_proj,,0.208972,0.724113,0.65456,0.544544,2,per_token_group_quant_8bit_kernel,sm90_fp8_gemm_1d2d_impl
agg_aic_p0_mid_b8_isl2048_ctx8192,strict_prefix0,/home/ai_lab/ljc/scale-up-sim/aiconfigurator/bench_data/h100_sxm/sglang/v0.5.9/deepseek_v3_mla/agg_csv/20260630_182701_agg_stage2_agg_aic_p0_mid_b8_isl2048_ctx8192_d4_dctx2048_p4_pf2048_pp0_layers6_backend_auto_cg_off_pcg_off_tp1_profile_nsys__MLA时延拆解.csv,0,prefill,1,attn_mha,8192,4.838911,3.984607,attn_mha,context_attention,0.132114,2.238374,1.325056,1.32496,2,prepare_varlen_num_blocks_kernel,device_kernel
agg_aic_p0_mid_b8_isl2048_ctx8192,strict_prefix0,/home/ai_lab/ljc/scale-up-sim/aiconfigurator/bench_data/h100_sxm/sglang/v0.5.9/deepseek_v3_mla/agg_csv/20260630_182701_agg_stage2_agg_aic_p0_mid_b8_isl2048_ctx8192_d4_dctx2048_p4_pf2048_pp0_layers6_backend_auto_cg_off_pcg_off_tp1_profile_nsys__MLA时延拆解.csv,0,prefill,1,attn_mha,8192,4.838911,3.984607,o_proj,context_proj_gemm / generation_proj_gemm,0.187844,3.336125,1.258271,1.257119,2,per_token_group_quant_8bit_kernel,sm90_fp8_gemm_1d2d_impl
agg_aic_p0_mid_b8_isl2048_ctx8192,strict_prefix0,/home/ai_lab/ljc/scale-up-sim/aiconfigurator/bench_data/h100_sxm/sglang/v0.5.9/deepseek_v3_mla/agg_csv/20260630_182701_agg_stage2_agg_aic_p0_mid_b8_isl2048_ctx8192_d4_dctx2048_p4_pf2048_pp0_layers6_backend_auto_cg_off_pcg_off_tp1_profile_nsys__MLA时延拆解.csv,1,prefill,1,attn_mha,8192,4.540127,3.999807,fused_qkv_a_proj_with_mqa,context_downscale_gemm / generation_downscale_gemm,0.147982,7.336914,0.270048,0.267136,2,per_token_group_quant_8bit_kernel,sm90_fp8_gemm_1d2d_impl
agg_aic_p0_mid_b8_isl2048_ctx8192,strict_prefix0,/home/ai_lab/ljc/scale-up-sim/aiconfigurator/bench_data/h100_sxm/sglang/v0.5.9/deepseek_v3_mla/agg_csv/20260630_182701_agg_stage2_agg_aic_p0_mid_b8_isl2048_ctx8192_d4_dctx2048_p4_pf2048_pp0_layers6_backend_auto_cg_off_pcg_off_tp1_profile_nsys__MLA时延拆解.csv,1,prefill,1,attn_mha,8192,4.540127,3.999807,q_a_layernorm,not modeled in DeepSeekModel FallbackOp,0.047356,7.168059,0.0184,0.0184,1,RMSNormKernel,RMSNormKernel
agg_aic_p0_mid_b8_isl2048_ctx8192,strict_prefix0,/home/ai_lab/ljc/scale-up-sim/aiconfigurator/bench_data/h100_sxm/sglang/v0.5.9/deepseek_v3_mla/agg_csv/20260630_182701_agg_stage2_agg_aic_p0_mid_b8_isl2048_ctx8192_d4_dctx2048_p4_pf2048_pp0_layers6_backend_auto_cg_off_pcg_off_tp1_profile_nsys__MLA时延拆解.csv,1,prefill,1,attn_mha,8192,4.540127,3.999807,q_b_proj,context_q_b_proj_gemm / generation_q_b_proj_gemm,0.153083,7.550304,0.447328,0.44496,2,per_token_group_quant_8bit_kernel,sm90_fp8_gemm_1d2d_impl
agg_aic_p0_mid_b8_isl2048_ctx8192,strict_prefix0,/home/ai_lab/ljc/scale-up-sim/aiconfigurator/bench_data/h100_sxm/sglang/v0.5.9/deepseek_v3_mla/agg_csv/20260630_182701_agg_stage2_agg_aic_p0_mid_b8_isl2048_ctx8192_d4_dctx2048_p4_pf2048_pp0_layers6_backend_auto_cg_off_pcg_off_tp1_profile_nsys__MLA时延拆解.csv,1,prefill,1,attn_mha,8192,4.540127,3.999807,kv_a_layernorm,not modeled in DeepSeekModel FallbackOp,0.027928,7.373371,0.013152,0.013152,1,RMSNormKernel,RMSNormKernel
agg_aic_p0_mid_b8_isl2048_ctx8192,strict_prefix0,/home/ai_lab/ljc/scale-up-sim/aiconfigurator/bench_data/h100_sxm/sglang/v0.5.9/deepseek_v3_mla/agg_csv/20260630_182701_agg_stage2_agg_aic_p0_mid_b8_isl2048_ctx8192_d4_dctx2048_p4_pf2048_pp0_layers6_backend_auto_cg_off_pcg_off_tp1_profile_nsys__MLA时延拆解.csv,1,prefill,1,attn_mha,8192,4.540127,3.999807,rotary_emb,partly inside context_attention / generation bmm_rope handling,0.070203,7.426917,0.105568,0.105568,1,BatchQKApplyRotaryPosIdsCosSinCacheHeadParallelismKernel,BatchQKApplyRotaryPosIdsCosSinCacheHeadParallelismKernel
agg_aic_p0_mid_b8_isl2048_ctx8192,strict_prefix0,/home/ai_lab/ljc/scale-up-sim/aiconfigurator/bench_data/h100_sxm/sglang/v0.5.9/deepseek_v3_mla/agg_csv/20260630_182701_agg_stage2_agg_aic_p0_mid_b8_isl2048_ctx8192_d4_dctx2048_p4_pf2048_pp0_layers6_backend_auto_cg_off_pcg_off_tp1_profile_nsys__MLA时延拆解.csv,1,prefill,1,attn_mha,8192,4.540127,3.999807,kv_b_proj,,0.160507,7.795295,0.56672,0.565728,2,per_token_group_quant_8bit_kernel,sm90_fp8_gemm_1d2d_impl
agg_aic_p0_mid_b8_isl2048_ctx8192,strict_prefix0,/home/ai_lab/ljc/scale-up-sim/aiconfigurator/bench_data/h100_sxm/sglang/v0.5.9/deepseek_v3_mla/agg_csv/20260630_182701_agg_stage2_agg_aic_p0_mid_b8_isl2048_ctx8192_d4_dctx2048_p4_pf2048_pp0_layers6_backend_auto_cg_off_pcg_off_tp1_profile_nsys__MLA时延拆解.csv,1,prefill,1,attn_mha,8192,4.540127,3.999807,attn_mha,context_attention,0.119057,9.3691,1.327488,1.327392,2,prepare_varlen_num_blocks_kernel,device_kernel
agg_aic_p0_mid_b8_isl2048_ctx8192,strict_prefix0,/home/ai_lab/ljc/scale-up-sim/aiconfigurator/bench_data/h100_sxm/sglang/v0.5.9/deepseek_v3_mla/agg_csv/20260630_182701_agg_stage2_agg_aic_p0_mid_b8_isl2048_ctx8192_d4_dctx2048_p4_pf2048_pp0_layers6_backend_auto_cg_off_pcg_off_tp1_profile_nsys__MLA时延拆解.csv,1,prefill,1,attn_mha,8192,4.540127,3.999807,o_proj,context_proj_gemm / generation_proj_gemm,0.169411,10.484176,1.258815,1.257471,2,per_token_group_quant_8bit_kernel,sm90_fp8_gemm_1d2d_impl
agg_aic_p0_mid_b8_isl2048_ctx8192,strict_prefix0,/home/ai_lab/ljc/scale-up-sim/aiconfigurator/bench_data/h100_sxm/sglang/v0.5.9/deepseek_v3_mla/agg_csv/20260630_182701_agg_stage2_agg_aic_p0_mid_b8_isl2048_ctx8192_d4_dctx2048_p4_pf2048_pp0_layers6_backend_auto_cg_off_pcg_off_tp1_profile_nsys__MLA时延拆解.csv,2,prefill,1,attn_mha,8192,4.510207,3.973471,fused_qkv_a_proj_with_mqa,context_downscale_gemm / generation_downscale_gemm,0.153348,14.525451,0.270816,0.268544,2,per_token_group_quant_8bit_kernel,sm90_fp8_gemm_1d2d_impl
agg_aic_p0_mid_b8_isl2048_ctx8192,strict_prefix0,/home/ai_lab/ljc/scale-up-sim/aiconfigurator/bench_data/h100_sxm/sglang/v0.5.9/deepseek_v3_mla/agg_csv/20260630_182701_agg_stage2_agg_aic_p0_mid_b8_isl2048_ctx8192_d4_dctx2048_p4_pf2048_pp0_layers6_backend_auto_cg_off_pcg_off_tp1_profile_nsys__MLA时延拆解.csv,2,prefill,1,attn_mha,8192,4.510207,3.973471,q_a_layernorm,not modeled in DeepSeekModel FallbackOp,0.037189,14.355202,0.017856,0.017856,1,RMSNormKernel,RMSNormKernel
agg_aic_p0_mid_b8_isl2048_ctx8192,strict_prefix0,/home/ai_lab/ljc/scale-up-sim/aiconfigurator/bench_data/h100_sxm/sglang/v0.5.9/deepseek_v3_mla/agg_csv/20260630_182701_agg_stage2_agg_aic_p0_mid_b8_isl2048_ctx8192_d4_dctx2048_p4_pf2048_pp0_layers6_backend_auto_cg_off_pcg_off_tp1_profile_nsys__MLA时延拆解.csv,2,prefill,1,attn_mha,8192,4.510207,3.973471,q_b_proj,context_q_b_proj_gemm / generation_q_b_proj_gemm,0.143967,14.74026,0.440416,0.4392,2,per_token_group_quant_8bit_kernel,sm90_fp8_gemm_1d2d_impl
agg_aic_p0_mid_b8_isl2048_ctx8192,strict_prefix0,/home/ai_lab/ljc/scale-up-sim/aiconfigurator/bench_data/h100_sxm/sglang/v0.5.9/deepseek_v3_mla/agg_csv/20260630_182701_agg_stage2_agg_aic_p0_mid_b8_isl2048_ctx8192_d4_dctx2048_p4_pf2048_pp0_layers6_backend_auto_cg_off_pcg_off_tp1_profile_nsys__MLA时延拆解.csv,2,prefill,1,attn_mha,8192,4.510207,3.973471,kv_a_layernorm,not modeled in DeepSeekModel FallbackOp,0.027963,14.571086,0.013856,0.013856,1,RMSNormKernel,RMSNormKernel
agg_aic_p0_mid_b8_isl2048_ctx8192,strict_prefix0,/home/ai_lab/ljc/scale-up-sim/aiconfigurator/bench_data/h100_sxm/sglang/v0.5.9/deepseek_v3_mla/agg_csv/20260630_182701_agg_stage2_agg_aic_p0_mid_b8_isl2048_ctx8192_d4_dctx2048_p4_pf2048_pp0_layers6_backend_auto_cg_off_pcg_off_tp1_profile_nsys__MLA时延拆解.csv,2,prefill,1,attn_mha,8192,4.510207,3.973471,rotary_emb,partly inside context_attention / generation bmm_rope handling,0.068753,14.623246,0.105472,0.105472,1,BatchQKApplyRotaryPosIdsCosSinCacheHeadParallelismKernel,BatchQKApplyRotaryPosIdsCosSinCacheHeadParallelismKernel
agg_aic_p0_mid_b8_isl2048_ctx8192,strict_prefix0,/home/ai_lab/ljc/scale-up-sim/aiconfigurator/bench_data/h100_sxm/sglang/v0.5.9/deepseek_v3_mla/agg_csv/20260630_182701_agg_stage2_agg_aic_p0_mid_b8_isl2048_ctx8192_d4_dctx2048_p4_pf2048_pp0_layers6_backend_auto_cg_off_pcg_off_tp1_profile_nsys__MLA时延拆解.csv,2,prefill,1,attn_mha,8192,4.510207,3.973471,kv_b_proj,,0.157026,14.977843,0.543776,0.541664,2,per_token_group_quant_8bit_kernel,sm90_fp8_gemm_1d2d_impl
agg_aic_p0_mid_b8_isl2048_ctx8192,strict_prefix0,/home/ai_lab/ljc/scale-up-sim/aiconfigurator/bench_data/h100_sxm/sglang/v0.5.9/deepseek_v3_mla/agg_csv/20260630_182701_agg_stage2_agg_aic_p0_mid_b8_isl2048_ctx8192_d4_dctx2048_p4_pf2048_pp0_layers6_backend_auto_cg_off_pcg_off_tp1_profile_nsys__MLA时延拆解.csv,2,prefill,1,attn_mha,8192,4.510207,3.973471,attn_mha,context_attention,0.11712,16.559392,1.32784,1.327776,2,prepare_varlen_num_blocks_kernel,device_kernel
agg_aic_p0_mid_b8_isl2048_ctx8192,strict_prefix0,/home/ai_lab/ljc/scale-up-sim/aiconfigurator/bench_data/h100_sxm/sglang/v0.5.9/deepseek_v3_mla/agg_csv/20260630_182701_agg_stage2_agg_aic_p0_mid_b8_isl2048_ctx8192_d4_dctx2048_p4_pf2048_pp0_layers6_backend_auto_cg_off_pcg_off_tp1_profile_nsys__MLA时延拆解.csv,2,prefill,1,attn_mha,8192,4.510207,3.973471,o_proj,context_proj_gemm / generation_proj_gemm,0.145667,17.678108,1.260639,1.259103,2,per_token_group_quant_8bit_kernel,sm90_fp8_gemm_1d2d_impl
agg_aic_p0_mid_b8_isl2048_ctx8192,strict_prefix0,/home/ai_lab/ljc/scale-up-sim/aiconfigurator/bench_data/h100_sxm/sglang/v0.5.9/deepseek_v3_mla/agg_csv/20260630_182701_agg_stage2_agg_aic_p0_mid_b8_isl2048_ctx8192_d4_dctx2048_p4_pf2048_pp0_layers6_backend_auto_cg_off_pcg_off_tp1_profile_nsys__MLA时延拆解.csv,3,prefill,1,attn_mha,8192,4.554272,4.017056,fused_qkv_a_proj_with_mqa,context_downscale_gemm / generation_downscale_gemm,0.153008,21.756804,0.26912,0.267776,2,per_token_group_quant_8bit_kernel,sm90_fp8_gemm_1d2d_impl
agg_aic_p0_mid_b8_isl2048_ctx8192,strict_prefix0,/home/ai_lab/ljc/scale-up-sim/aiconfigurator/bench_data/h100_sxm/sglang/v0.5.9/deepseek_v3_mla/agg_csv/20260630_182701_agg_stage2_agg_aic_p0_mid_b8_isl2048_ctx8192_d4_dctx2048_p4_pf2048_pp0_layers6_backend_auto_cg_off_pcg_off_tp1_profile_nsys__MLA时延拆解.csv,3,prefill,1,attn_mha,8192,4.554272,4.017056,q_a_layernorm,not modeled in DeepSeekModel FallbackOp,0.037658,21.584,0.0176,0.0176,1,RMSNormKernel,RMSNormKernel
agg_aic_p0_mid_b8_isl2048_ctx8192,strict_prefix0,/home/ai_lab/ljc/scale-up-sim/aiconfigurator/bench_data/h100_sxm/sglang/v0.5.9/deepseek_v3_mla/agg_csv/20260630_182701_agg_stage2_agg_aic_p0_mid_b8_isl2048_ctx8192_d4_dctx2048_p4_pf2048_pp0_layers6_backend_auto_cg_off_pcg_off_tp1_profile_nsys__MLA时延拆解.csv,3,prefill,1,attn_mha,8192,4.554272,4.017056,q_b_proj,context_q_b_proj_gemm / generation_q_b_proj_gemm,0.149152,21.970321,0.43968,0.438496,2,per_token_group_quant_8bit_kernel,sm90_fp8_gemm_1d2d_impl
agg_aic_p0_mid_b8_isl2048_ctx8192,strict_prefix0,/home/ai_lab/ljc/scale-up-sim/aiconfigurator/bench_data/h100_sxm/sglang/v0.5.9/deepseek_v3_mla/agg_csv/20260630_182701_agg_stage2_agg_aic_p0_mid_b8_isl2048_ctx8192_d4_dctx2048_p4_pf2048_pp0_layers6_backend_auto_cg_off_pcg_off_tp1_profile_nsys__MLA时延拆解.csv,3,prefill,1,attn_mha,8192,4.554272,4.017056,kv_a_layernorm,not modeled in DeepSeekModel FallbackOp,0.027914,21.795946,0.01312,0.01312,1,RMSNormKernel,RMSNormKernel
agg_aic_p0_mid_b8_isl2048_ctx8192,strict_prefix0,/home/ai_lab/ljc/scale-up-sim/aiconfigurator/bench_data/h100_sxm/sglang/v0.5.9/deepseek_v3_mla/agg_csv/20260630_182701_agg_stage2_agg_aic_p0_mid_b8_isl2048_ctx8192_d4_dctx2048_p4_pf2048_pp0_layers6_backend_auto_cg_off_pcg_off_tp1_profile_nsys__MLA时延拆解.csv,3,prefill,1,attn_mha,8192,4.554272,4.017056,rotary_emb,partly inside context_attention / generation bmm_rope handling,0.068048,21.848455,0.105728,0.105728,1,BatchQKApplyRotaryPosIdsCosSinCacheHeadParallelismKernel,BatchQKApplyRotaryPosIdsCosSinCacheHeadParallelismKernel
agg_aic_p0_mid_b8_isl2048_ctx8192,strict_prefix0,/home/ai_lab/ljc/scale-up-sim/aiconfigurator/bench_data/h100_sxm/sglang/v0.5.9/deepseek_v3_mla/agg_csv/20260630_182701_agg_stage2_agg_aic_p0_mid_b8_isl2048_ctx8192_d4_dctx2048_p4_pf2048_pp0_layers6_backend_auto_cg_off_pcg_off_tp1_profile_nsys__MLA时延拆解.csv,3,prefill,1,attn_mha,8192,4.554272,4.017056,kv_b_proj,,0.1538,22.255567,0.593696,0.591648,2,per_token_group_quant_8bit_kernel,sm90_fp8_gemm_1d2d_impl
agg_aic_p0_mid_b8_isl2048_ctx8192,strict_prefix0,/home/ai_lab/ljc/scale-up-sim/aiconfigurator/bench_data/h100_sxm/sglang/v0.5.9/deepseek_v3_mla/agg_csv/20260630_182701_agg_stage2_agg_aic_p0_mid_b8_isl2048_ctx8192_d4_dctx2048_p4_pf2048_pp0_layers6_backend_auto_cg_off_pcg_off_tp1_profile_nsys__MLA时延拆解.csv,3,prefill,1,attn_mha,8192,4.554272,4.017056,attn_mha,context_attention,0.114923,23.839608,1.326304,1.326208,2,prepare_varlen_num_blocks_kernel,device_kernel
agg_aic_p0_mid_b8_isl2048_ctx8192,strict_prefix0,/home/ai_lab/ljc/scale-up-sim/aiconfigurator/bench_data/h100_sxm/sglang/v0.5.9/deepseek_v3_mla/agg_csv/20260630_182701_agg_stage2_agg_aic_p0_mid_b8_isl2048_ctx8192_d4_dctx2048_p4_pf2048_pp0_layers6_backend_auto_cg_off_pcg_off_tp1_profile_nsys__MLA时延拆解.csv,3,prefill,1,attn_mha,8192,4.554272,4.017056,o_proj,context_proj_gemm / generation_proj_gemm,0.145471,24.958929,1.257888,1.25648,2,per_token_group_quant_8bit_kernel,sm90_fp8_gemm_1d2d_impl
agg_aic_p0_mid_b8_isl2048_ctx8192,strict_prefix0,/home/ai_lab/ljc/scale-up-sim/aiconfigurator/bench_data/h100_sxm/sglang/v0.5.9/deepseek_v3_mla/agg_csv/20260630_182701_agg_stage2_agg_aic_p0_mid_b8_isl2048_ctx8192_d4_dctx2048_p4_pf2048_pp0_layers6_backend_auto_cg_off_pcg_off_tp1_profile_nsys__MLA时延拆解.csv,4,prefill,1,attn_mha,8192,4.506975,3.968383,fused_qkv_a_proj_with_mqa,context_downscale_gemm / generation_downscale_gemm,0.235604,34.147177,0.26912,0.267968,2,per_token_group_quant_8bit_kernel,sm90_fp8_gemm_1d2d_impl
agg_aic_p0_mid_b8_isl2048_ctx8192,strict_prefix0,/home/ai_lab/ljc/scale-up-sim/aiconfigurator/bench_data/h100_sxm/sglang/v0.5.9/deepseek_v3_mla/agg_csv/20260630_182701_agg_stage2_agg_aic_p0_mid_b8_isl2048_ctx8192_d4_dctx2048_p4_pf2048_pp0_layers6_backend_auto_cg_off_pcg_off_tp1_profile_nsys__MLA时延拆解.csv,4,prefill,1,attn_mha,8192,4.506975,3.968383,q_a_layernorm,not modeled in DeepSeekModel FallbackOp,0.042104,33.888451,0.018144,0.018144,1,RMSNormKernel,RMSNormKernel
agg_aic_p0_mid_b8_isl2048_ctx8192,strict_prefix0,/home/ai_lab/ljc/scale-up-sim/aiconfigurator/bench_data/h100_sxm/sglang/v0.5.9/deepseek_v3_mla/agg_csv/20260630_182701_agg_stage2_agg_aic_p0_mid_b8_isl2048_ctx8192_d4_dctx2048_p4_pf2048_pp0_layers6_backend_auto_cg_off_pcg_off_tp1_profile_nsys__MLA时延拆解.csv,4,prefill,1,attn_mha,8192,4.506975,3.968383,q_b_proj,context_q_b_proj_gemm / generation_q_b_proj_gemm,0.145067,34.268397,0.44016,0.4392,2,per_token_group_quant_8bit_kernel,sm90_fp8_gemm_1d2d_impl
agg_aic_p0_mid_b8_isl2048_ctx8192,strict_prefix0,/home/ai_lab/ljc/scale-up-sim/aiconfigurator/bench_data/h100_sxm/sglang/v0.5.9/deepseek_v3_mla/agg_csv/20260630_182701_agg_stage2_agg_aic_p0_mid_b8_isl2048_ctx8192_d4_dctx2048_p4_pf2048_pp0_layers6_backend_auto_cg_off_pcg_off_tp1_profile_nsys__MLA时延拆解.csv,4,prefill,1,attn_mha,8192,4.506975,3.968383,kv_a_layernorm,not modeled in DeepSeekModel FallbackOp,0.027609,34.097499,0.012928,0.012928,1,RMSNormKernel,RMSNormKernel
agg_aic_p0_mid_b8_isl2048_ctx8192,strict_prefix0,/home/ai_lab/ljc/scale-up-sim/aiconfigurator/bench_data/h100_sxm/sglang/v0.5.9/deepseek_v3_mla/agg_csv/20260630_182701_agg_stage2_agg_aic_p0_mid_b8_isl2048_ctx8192_d4_dctx2048_p4_pf2048_pp0_layers6_backend_auto_cg_off_pcg_off_tp1_profile_nsys__MLA时延拆解.csv,4,prefill,1,attn_mha,8192,4.506975,3.968383,rotary_emb,partly inside context_attention / generation bmm_rope handling,0.072966,34.152557,0.105344,0.105344,1,BatchQKApplyRotaryPosIdsCosSinCacheHeadParallelismKernel,BatchQKApplyRotaryPosIdsCosSinCacheHeadParallelismKernel
agg_aic_p0_mid_b8_isl2048_ctx8192,strict_prefix0,/home/ai_lab/ljc/scale-up-sim/aiconfigurator/bench_data/h100_sxm/sglang/v0.5.9/deepseek_v3_mla/agg_csv/20260630_182701_agg_stage2_agg_aic_p0_mid_b8_isl2048_ctx8192_d4_dctx2048_p4_pf2048_pp0_layers6_backend_auto_cg_off_pcg_off_tp1_profile_nsys__MLA时延拆解.csv,4,prefill,1,attn_mha,8192,4.506975,3.968383,kv_b_proj,,0.17108,34.507717,0.541792,0.540544,2,per_token_group_quant_8bit_kernel,sm90_fp8_gemm_1d2d_impl
agg_aic_p0_mid_b8_isl2048_ctx8192,strict_prefix0,/home/ai_lab/ljc/scale-up-sim/aiconfigurator/bench_data/h100_sxm/sglang/v0.5.9/deepseek_v3_mla/agg_csv/20260630_182701_agg_stage2_agg_aic_p0_mid_b8_isl2048_ctx8192_d4_dctx2048_p4_pf2048_pp0_layers6_backend_auto_cg_off_pcg_off_tp1_profile_nsys__MLA时延拆解.csv,4,prefill,1,attn_mha,8192,4.506975,3.968383,attn_mha,context_attention,0.119171,36.072862,1.327104,1.327072,2,prepare_varlen_num_blocks_kernel,device_kernel
agg_aic_p0_mid_b8_isl2048_ctx8192,strict_prefix0,/home/ai_lab/ljc/scale-up-sim/aiconfigurator/bench_data/h100_sxm/sglang/v0.5.9/deepseek_v3_mla/agg_csv/20260630_182701_agg_stage2_agg_aic_p0_mid_b8_isl2048_ctx8192_d4_dctx2048_p4_pf2048_pp0_layers6_backend_auto_cg_off_pcg_off_tp1_profile_nsys__MLA时延拆解.csv,4,prefill,1,attn_mha,8192,4.506975,3.968383,o_proj,context_proj_gemm / generation_proj_gemm,0.166516,37.186766,1.258527,1.257183,2,per_token_group_quant_8bit_kernel,sm90_fp8_gemm_1d2d_impl
agg_aic_p0_mid_b8_isl2048_ctx8192,strict_prefix0,/home/ai_lab/ljc/scale-up-sim/aiconfigurator/bench_data/h100_sxm/sglang/v0.5.9/deepseek_v3_mla/agg_csv/20260630_182701_agg_stage2_agg_aic_p0_mid_b8_isl2048_ctx8192_d4_dctx2048_p4_pf2048_pp0_layers6_backend_auto_cg_off_pcg_off_tp1_profile_nsys__MLA时延拆解.csv,5,prefill,1,attn_mha,8192,4.554303,4.016383,fused_qkv_a_proj_with_mqa,context_downscale_gemm / generation_downscale_gemm,0.219868,46.47922,0.274528,0.272256,2,per_token_group_quant_8bit_kernel,sm90_fp8_gemm_1d2d_impl
agg_aic_p0_mid_b8_isl2048_ctx8192,strict_prefix0,/home/ai_lab/ljc/scale-up-sim/aiconfigurator/bench_data/h100_sxm/sglang/v0.5.9/deepseek_v3_mla/agg_csv/20260630_182701_agg_stage2_agg_aic_p0_mid_b8_isl2048_ctx8192_d4_dctx2048_p4_pf2048_pp0_layers6_backend_auto_cg_off_pcg_off_tp1_profile_nsys__MLA时延拆解.csv,5,prefill,1,attn_mha,8192,4.554303,4.016383,q_a_layernorm,not modeled in DeepSeekModel FallbackOp,0.04155,46.236023,0.017696,0.017696,1,RMSNormKernel,RMSNormKernel
agg_aic_p0_mid_b8_isl2048_ctx8192,strict_prefix0,/home/ai_lab/ljc/scale-up-sim/aiconfigurator/bench_data/h100_sxm/sglang/v0.5.9/deepseek_v3_mla/agg_csv/20260630_182701_agg_stage2_agg_aic_p0_mid_b8_isl2048_ctx8192_d4_dctx2048_p4_pf2048_pp0_layers6_backend_auto_cg_off_pcg_off_tp1_profile_nsys__MLA时延拆解.csv,5,prefill,1,attn_mha,8192,4.554303,4.016383,q_b_proj,context_q_b_proj_gemm / generation_q_b_proj_gemm,0.146459,46.611268,0.451744,0.450528,2,per_token_group_quant_8bit_kernel,sm90_fp8_gemm_1d2d_impl
agg_aic_p0_mid_b8_isl2048_ctx8192,strict_prefix0,/home/ai_lab/ljc/scale-up-sim/aiconfigurator/bench_data/h100_sxm/sglang/v0.5.9/deepseek_v3_mla/agg_csv/20260630_182701_agg_stage2_agg_aic_p0_mid_b8_isl2048_ctx8192_d4_dctx2048_p4_pf2048_pp0_layers6_backend_auto_cg_off_pcg_off_tp1_profile_nsys__MLA时延拆解.csv,5,prefill,1,attn_mha,8192,4.554303,4.016383,kv_a_layernorm,not modeled in DeepSeekModel FallbackOp,0.032175,46.439092,0.0128,0.0128,1,RMSNormKernel,RMSNormKernel
agg_aic_p0_mid_b8_isl2048_ctx8192,strict_prefix0,/home/ai_lab/ljc/scale-up-sim/aiconfigurator/bench_data/h100_sxm/sglang/v0.5.9/deepseek_v3_mla/agg_csv/20260630_182701_agg_stage2_agg_aic_p0_mid_b8_isl2048_ctx8192_d4_dctx2048_p4_pf2048_pp0_layers6_backend_auto_cg_off_pcg_off_tp1_profile_nsys__MLA时延拆解.csv,5,prefill,1,attn_mha,8192,4.554303,4.016383,rotary_emb,partly inside context_attention / generation bmm_rope handling,0.068787,46.487289,0.105568,0.105568,1,BatchQKApplyRotaryPosIdsCosSinCacheHeadParallelismKernel,BatchQKApplyRotaryPosIdsCosSinCacheHeadParallelismKernel
agg_aic_p0_mid_b8_isl2048_ctx8192,strict_prefix0,/home/ai_lab/ljc/scale-up-sim/aiconfigurator/bench_data/h100_sxm/sglang/v0.5.9/deepseek_v3_mla/agg_csv/20260630_182701_agg_stage2_agg_aic_p0_mid_b8_isl2048_ctx8192_d4_dctx2048_p4_pf2048_pp0_layers6_backend_auto_cg_off_pcg_off_tp1_profile_nsys__MLA时延拆解.csv,5,prefill,1,attn_mha,8192,4.554303,4.016383,kv_b_proj,,0.152454,46.860383,0.556288,0.555328,2,per_token_group_quant_8bit_kernel,sm90_fp8_gemm_1d2d_impl
agg_aic_p0_mid_b8_isl2048_ctx8192,strict_prefix0,/home/ai_lab/ljc/scale-up-sim/aiconfigurator/bench_data/h100_sxm/sglang/v0.5.9/deepseek_v3_mla/agg_csv/20260630_182701_agg_stage2_agg_aic_p0_mid_b8_isl2048_ctx8192_d4_dctx2048_p4_pf2048_pp0_layers6_backend_auto_cg_off_pcg_off_tp1_profile_nsys__MLA时延拆解.csv,5,prefill,1,attn_mha,8192,4.554303,4.016383,attn_mha,context_attention,0.125477,48.448381,1.328352,1.328256,2,prepare_varlen_num_blocks_kernel,device_kernel
agg_aic_p0_mid_b8_isl2048_ctx8192,strict_prefix0,/home/ai_lab/ljc/scale-up-sim/aiconfigurator/bench_data/h100_sxm/sglang/v0.5.9/deepseek_v3_mla/agg_csv/20260630_182701_agg_stage2_agg_aic_p0_mid_b8_isl2048_ctx8192_d4_dctx2048_p4_pf2048_pp0_layers6_backend_auto_cg_off_pcg_off_tp1_profile_nsys__MLA时延拆解.csv,5,prefill,1,attn_mha,8192,4.554303,4.016383,o_proj,context_proj_gemm / generation_proj_gemm,0.163554,49.572565,1.275103,1.273951,2,per_token_group_quant_8bit_kernel,sm90_fp8_gemm_1d2d_impl
agg_aic_p0_decode_heavy_b17_isl2048_ctx2048,strict_prefix0,/home/ai_lab/ljc/scale-up-sim/aiconfigurator/bench_data/h100_sxm/sglang/v0.5.9/deepseek_v3_mla/agg_csv/20260630_183013_agg_stage2_agg_aic_p0_decode_heavy_b17_isl2048_ctx2048_d16_dctx2048_p1_pf2048_pp0_layers6_backend_auto_cg_off_pcg_off_tp1_profile_nsys__MLA时延拆解.csv,0,prefill,1,attn_mha,2064,5.419,3.073948,fused_qkv_a_proj_with_mqa,context_downscale_gemm / generation_downscale_gemm,0.353773,0.381468,0.254848,0.080256,2,per_token_group_quant_8bit_kernel,sm90_fp8_gemm_1d2d_impl
agg_aic_p0_decode_heavy_b17_isl2048_ctx2048,strict_prefix0,/home/ai_lab/ljc/scale-up-sim/aiconfigurator/bench_data/h100_sxm/sglang/v0.5.9/deepseek_v3_mla/agg_csv/20260630_183013_agg_stage2_agg_aic_p0_decode_heavy_b17_isl2048_ctx2048_d16_dctx2048_p1_pf2048_pp0_layers6_backend_auto_cg_off_pcg_off_tp1_profile_nsys__MLA时延拆解.csv,0,prefill,1,attn_mha,2064,5.419,3.073948,q_a_layernorm,not modeled in DeepSeekModel FallbackOp,0.050744,0.050744,0.005152,0.005152,1,RMSNormKernel,RMSNormKernel
agg_aic_p0_decode_heavy_b17_isl2048_ctx2048,strict_prefix0,/home/ai_lab/ljc/scale-up-sim/aiconfigurator/bench_data/h100_sxm/sglang/v0.5.9/deepseek_v3_mla/agg_csv/20260630_183013_agg_stage2_agg_aic_p0_decode_heavy_b17_isl2048_ctx2048_d16_dctx2048_p1_pf2048_pp0_layers6_backend_auto_cg_off_pcg_off_tp1_profile_nsys__MLA时延拆解.csv,0,prefill,1,attn_mha,2064,5.419,3.073948,q_b_proj,context_q_b_proj_gemm / generation_q_b_proj_gemm,0.247767,0.351311,0.261471,0.135712,2,per_token_group_quant_8bit_kernel,sm90_fp8_gemm_1d2d_impl
agg_aic_p0_decode_heavy_b17_isl2048_ctx2048,strict_prefix0,/home/ai_lab/ljc/scale-up-sim/aiconfigurator/bench_data/h100_sxm/sglang/v0.5.9/deepseek_v3_mla/agg_csv/20260630_183013_agg_stage2_agg_aic_p0_decode_heavy_b17_isl2048_ctx2048_d16_dctx2048_p1_pf2048_pp0_layers6_backend_auto_cg_off_pcg_off_tp1_profile_nsys__MLA时延拆解.csv,0,prefill,1,attn_mha,2064,5.419,3.073948,kv_a_layernorm,not modeled in DeepSeekModel FallbackOp,0.045672,0.045672,0.004896,0.004896,1,RMSNormKernel,RMSNormKernel
agg_aic_p0_decode_heavy_b17_isl2048_ctx2048,strict_prefix0,/home/ai_lab/ljc/scale-up-sim/aiconfigurator/bench_data/h100_sxm/sglang/v0.5.9/deepseek_v3_mla/agg_csv/20260630_183013_agg_stage2_agg_aic_p0_decode_heavy_b17_isl2048_ctx2048_d16_dctx2048_p1_pf2048_pp0_layers6_backend_auto_cg_off_pcg_off_tp1_profile_nsys__MLA时延拆解.csv,0,prefill,1,attn_mha,2064,5.419,3.073948,rotary_emb,partly inside context_attention / generation bmm_rope handling,0.08073,0.093697,0.02688,0.02688,1,BatchQKApplyRotaryPosIdsCosSinCacheHeadParallelismKernel,BatchQKApplyRotaryPosIdsCosSinCacheHeadParallelismKernel
agg_aic_p0_decode_heavy_b17_isl2048_ctx2048,strict_prefix0,/home/ai_lab/ljc/scale-up-sim/aiconfigurator/bench_data/h100_sxm/sglang/v0.5.9/deepseek_v3_mla/agg_csv/20260630_183013_agg_stage2_agg_aic_p0_decode_heavy_b17_isl2048_ctx2048_d16_dctx2048_p1_pf2048_pp0_layers6_backend_auto_cg_off_pcg_off_tp1_profile_nsys__MLA时延拆解.csv,0,prefill,1,attn_mha,2064,5.419,3.073948,kv_b_proj,,0.279231,1.480577,1.38403,1.252638,2,per_token_group_quant_8bit_kernel,sm90_fp8_gemm_1d2d_impl
agg_aic_p0_decode_heavy_b17_isl2048_ctx2048,strict_prefix0,/home/ai_lab/ljc/scale-up-sim/aiconfigurator/bench_data/h100_sxm/sglang/v0.5.9/deepseek_v3_mla/agg_csv/20260630_183013_agg_stage2_agg_aic_p0_decode_heavy_b17_isl2048_ctx2048_d16_dctx2048_p1_pf2048_pp0_layers6_backend_auto_cg_off_pcg_off_tp1_profile_nsys__MLA时延拆解.csv,0,prefill,1,attn_mha,2064,5.419,3.073948,attn_mha,context_attention,0.155334,3.296289,1.193695,1.193663,2,prepare_varlen_num_blocks_kernel,device_kernel
agg_aic_p0_decode_heavy_b17_isl2048_ctx2048,strict_prefix0,/home/ai_lab/ljc/scale-up-sim/aiconfigurator/bench_data/h100_sxm/sglang/v0.5.9/deepseek_v3_mla/agg_csv/20260630_183013_agg_stage2_agg_aic_p0_decode_heavy_b17_isl2048_ctx2048_d16_dctx2048_p1_pf2048_pp0_layers6_backend_auto_cg_off_pcg_off_tp1_profile_nsys__MLA时延拆解.csv,0,prefill,1,attn_mha,2064,5.419,3.073948,o_proj,context_proj_gemm / generation_proj_gemm,0.248845,3.466106,0.375999,0.374751,2,per_token_group_quant_8bit_kernel,sm90_fp8_gemm_1d2d_impl
agg_aic_p0_decode_heavy_b17_isl2048_ctx2048,strict_prefix0,/home/ai_lab/ljc/scale-up-sim/aiconfigurator/bench_data/h100_sxm/sglang/v0.5.9/deepseek_v3_mla/agg_csv/20260630_183013_agg_stage2_agg_aic_p0_decode_heavy_b17_isl2048_ctx2048_d16_dctx2048_p1_pf2048_pp0_layers6_backend_auto_cg_off_pcg_off_tp1_profile_nsys__MLA时延拆解.csv,1,prefill,1,attn_mha,2064,4.19769,3.124156,fused_qkv_a_proj_with_mqa,context_downscale_gemm / generation_downscale_gemm,0.250277,3.608443,0.083296,0.08128,2,per_token_group_quant_8bit_kernel,sm90_fp8_gemm_1d2d_impl
agg_aic_p0_decode_heavy_b17_isl2048_ctx2048,strict_prefix0,/home/ai_lab/ljc/scale-up-sim/aiconfigurator/bench_data/h100_sxm/sglang/v0.5.9/deepseek_v3_mla/agg_csv/20260630_183013_agg_stage2_agg_aic_p0_decode_heavy_b17_isl2048_ctx2048_d16_dctx2048_p1_pf2048_pp0_layers6_backend_auto_cg_off_pcg_off_tp1_profile_nsys__MLA时延拆解.csv,1,prefill,1,attn_mha,2064,4.19769,3.124156,q_a_layernorm,not modeled in DeepSeekModel FallbackOp,0.049038,3.306677,0.005696,0.005696,1,RMSNormKernel,RMSNormKernel
agg_aic_p0_decode_heavy_b17_isl2048_ctx2048,strict_prefix0,/home/ai_lab/ljc/scale-up-sim/aiconfigurator/bench_data/h100_sxm/sglang/v0.5.9/deepseek_v3_mla/agg_csv/20260630_183013_agg_stage2_agg_aic_p0_decode_heavy_b17_isl2048_ctx2048_d16_dctx2048_p1_pf2048_pp0_layers6_backend_auto_cg_off_pcg_off_tp1_profile_nsys__MLA时延拆解.csv,1,prefill,1,attn_mha,2064,4.19769,3.124156,q_b_proj,context_q_b_proj_gemm / generation_q_b_proj_gemm,0.216384,3.360754,0.133536,0.131584,2,per_token_group_quant_8bit_kernel,sm90_fp8_gemm_1d2d_impl
agg_aic_p0_decode_heavy_b17_isl2048_ctx2048,strict_prefix0,/home/ai_lab/ljc/scale-up-sim/aiconfigurator/bench_data/h100_sxm/sglang/v0.5.9/deepseek_v3_mla/agg_csv/20260630_183013_agg_stage2_agg_aic_p0_decode_heavy_b17_isl2048_ctx2048_d16_dctx2048_p1_pf2048_pp0_layers6_backend_auto_cg_off_pcg_off_tp1_profile_nsys__MLA时延拆解.csv,1,prefill,1,attn_mha,2064,4.19769,3.124156,kv_a_layernorm,not modeled in DeepSeekModel FallbackOp,0.041302,3.088687,0.005184,0.005184,1,RMSNormKernel,RMSNormKernel
agg_aic_p0_decode_heavy_b17_isl2048_ctx2048,strict_prefix0,/home/ai_lab/ljc/scale-up-sim/aiconfigurator/bench_data/h100_sxm/sglang/v0.5.9/deepseek_v3_mla/agg_csv/20260630_183013_agg_stage2_agg_aic_p0_decode_heavy_b17_isl2048_ctx2048_d16_dctx2048_p1_pf2048_pp0_layers6_backend_auto_cg_off_pcg_off_tp1_profile_nsys__MLA时延拆解.csv,1,prefill,1,attn_mha,2064,4.19769,3.124156,rotary_emb,partly inside context_attention / generation bmm_rope handling,0.075611,3.025759,0.026528,0.026528,1,BatchQKApplyRotaryPosIdsCosSinCacheHeadParallelismKernel,BatchQKApplyRotaryPosIdsCosSinCacheHeadParallelismKernel
agg_aic_p0_decode_heavy_b17_isl2048_ctx2048,strict_prefix0,/home/ai_lab/ljc/scale-up-sim/aiconfigurator/bench_data/h100_sxm/sglang/v0.5.9/deepseek_v3_mla/agg_csv/20260630_183013_agg_stage2_agg_aic_p0_decode_heavy_b17_isl2048_ctx2048_d16_dctx2048_p1_pf2048_pp0_layers6_backend_auto_cg_off_pcg_off_tp1_profile_nsys__MLA时延拆解.csv,1,prefill,1,attn_mha,2064,4.19769,3.124156,kv_b_proj,,0.225582,4.082868,1.296446,1.294974,2,per_token_group_quant_8bit_kernel,sm90_fp8_gemm_1d2d_impl
agg_aic_p0_decode_heavy_b17_isl2048_ctx2048,strict_prefix0,/home/ai_lab/ljc/scale-up-sim/aiconfigurator/bench_data/h100_sxm/sglang/v0.5.9/deepseek_v3_mla/agg_csv/20260630_183013_agg_stage2_agg_aic_p0_decode_heavy_b17_isl2048_ctx2048_d16_dctx2048_p1_pf2048_pp0_layers6_backend_auto_cg_off_pcg_off_tp1_profile_nsys__MLA时延拆解.csv,1,prefill,1,attn_mha,2064,4.19769,3.124156,attn_mha,context_attention,0.155033,5.9631,1.19219,1.192158,2,prepare_varlen_num_blocks_kernel,device_kernel
agg_aic_p0_decode_heavy_b17_isl2048_ctx2048,strict_prefix0,/home/ai_lab/ljc/scale-up-sim/aiconfigurator/bench_data/h100_sxm/sglang/v0.5.9/deepseek_v3_mla/agg_csv/20260630_183013_agg_stage2_agg_aic_p0_decode_heavy_b17_isl2048_ctx2048_d16_dctx2048_p1_pf2048_pp0_layers6_backend_auto_cg_off_pcg_off_tp1_profile_nsys__MLA时延拆解.csv,1,prefill,1,attn_mha,2064,4.19769,3.124156,o_proj,context_proj_gemm / generation_proj_gemm,0.235342,6.157832,0.388192,0.386752,2,per_token_group_quant_8bit_kernel,sm90_fp8_gemm_1d2d_impl
agg_aic_p0_decode_heavy_b17_isl2048_ctx2048,strict_prefix0,/home/ai_lab/ljc/scale-up-sim/aiconfigurator/bench_data/h100_sxm/sglang/v0.5.9/deepseek_v3_mla/agg_csv/20260630_183013_agg_stage2_agg_aic_p0_decode_heavy_b17_isl2048_ctx2048_d16_dctx2048_p1_pf2048_pp0_layers6_backend_auto_cg_off_pcg_off_tp1_profile_nsys__MLA时延拆解.csv,2,prefill,1,attn_mha,2064,4.21817,3.146876,fused_qkv_a_proj_with_mqa,context_downscale_gemm / generation_downscale_gemm,0.262958,6.361815,0.083008,0.080768,2,per_token_group_quant_8bit_kernel,sm90_fp8_gemm_1d2d_impl
agg_aic_p0_decode_heavy_b17_isl2048_ctx2048,strict_prefix0,/home/ai_lab/ljc/scale-up-sim/aiconfigurator/bench_data/h100_sxm/sglang/v0.5.9/deepseek_v3_mla/agg_csv/20260630_183013_agg_stage2_agg_aic_p0_decode_heavy_b17_isl2048_ctx2048_d16_dctx2048_p1_pf2048_pp0_layers6_backend_auto_cg_off_pcg_off_tp1_profile_nsys__MLA时延拆解.csv,2,prefill,1,attn_mha,2064,4.21817,3.146876,q_a_layernorm,not modeled in DeepSeekModel FallbackOp,0.048212,6.053929,0.006048,0.006048,1,RMSNormKernel,RMSNormKernel
agg_aic_p0_decode_heavy_b17_isl2048_ctx2048,strict_prefix0,/home/ai_lab/ljc/scale-up-sim/aiconfigurator/bench_data/h100_sxm/sglang/v0.5.9/deepseek_v3_mla/agg_csv/20260630_183013_agg_stage2_agg_aic_p0_decode_heavy_b17_isl2048_ctx2048_d16_dctx2048_p1_pf2048_pp0_layers6_backend_auto_cg_off_pcg_off_tp1_profile_nsys__MLA时延拆解.csv,2,prefill,1,attn_mha,2064,4.21817,3.146876,q_b_proj,context_q_b_proj_gemm / generation_q_b_proj_gemm,0.216995,6.107522,0.131616,0.130592,2,per_token_group_quant_8bit_kernel,sm90_fp8_gemm_1d2d_impl
agg_aic_p0_decode_heavy_b17_isl2048_ctx2048,strict_prefix0,/home/ai_lab/ljc/scale-up-sim/aiconfigurator/bench_data/h100_sxm/sglang/v0.5.9/deepseek_v3_mla/agg_csv/20260630_183013_agg_stage2_agg_aic_p0_decode_heavy_b17_isl2048_ctx2048_d16_dctx2048_p1_pf2048_pp0_layers6_backend_auto_cg_off_pcg_off_tp1_profile_nsys__MLA时延拆解.csv,2,prefill,1,attn_mha,2064,4.21817,3.146876,kv_a_layernorm,not modeled in DeepSeekModel FallbackOp,0.040448,5.836061,0.00512,0.00512,1,RMSNormKernel,RMSNormKernel
agg_aic_p0_decode_heavy_b17_isl2048_ctx2048,strict_prefix0,/home/ai_lab/ljc/scale-up-sim/aiconfigurator/bench_data/h100_sxm/sglang/v0.5.9/deepseek_v3_mla/agg_csv/20260630_183013_agg_stage2_agg_aic_p0_decode_heavy_b17_isl2048_ctx2048_d16_dctx2048_p1_pf2048_pp0_layers6_backend_auto_cg_off_pcg_off_tp1_profile_nsys__MLA时延拆解.csv,2,prefill,1,attn_mha,2064,4.21817,3.146876,rotary_emb,partly inside context_attention / generation bmm_rope handling,0.075739,5.785864,0.026304,0.026304,1,BatchQKApplyRotaryPosIdsCosSinCacheHeadParallelismKernel,BatchQKApplyRotaryPosIdsCosSinCacheHeadParallelismKernel
agg_aic_p0_decode_heavy_b17_isl2048_ctx2048,strict_prefix0,/home/ai_lab/ljc/scale-up-sim/aiconfigurator/bench_data/h100_sxm/sglang/v0.5.9/deepseek_v3_mla/agg_csv/20260630_183013_agg_stage2_agg_aic_p0_decode_heavy_b17_isl2048_ctx2048_d16_dctx2048_p1_pf2048_pp0_layers6_backend_auto_cg_off_pcg_off_tp1_profile_nsys__MLA时延拆解.csv,2,prefill,1,attn_mha,2064,4.21817,3.146876,kv_b_proj,,0.226403,6.853125,1.323326,1.321054,2,per_token_group_quant_8bit_kernel,sm90_fp8_gemm_1d2d_impl
agg_aic_p0_decode_heavy_b17_isl2048_ctx2048,strict_prefix0,/home/ai_lab/ljc/scale-up-sim/aiconfigurator/bench_data/h100_sxm/sglang/v0.5.9/deepseek_v3_mla/agg_csv/20260630_183013_agg_stage2_agg_aic_p0_decode_heavy_b17_isl2048_ctx2048_d16_dctx2048_p1_pf2048_pp0_layers6_backend_auto_cg_off_pcg_off_tp1_profile_nsys__MLA时延拆解.csv,2,prefill,1,attn_mha,2064,4.21817,3.146876,attn_mha,context_attention,0.153388,8.735662,1.195199,1.195167,2,prepare_varlen_num_blocks_kernel,device_kernel
agg_aic_p0_decode_heavy_b17_isl2048_ctx2048,strict_prefix0,/home/ai_lab/ljc/scale-up-sim/aiconfigurator/bench_data/h100_sxm/sglang/v0.5.9/deepseek_v3_mla/agg_csv/20260630_183013_agg_stage2_agg_aic_p0_decode_heavy_b17_isl2048_ctx2048_d16_dctx2048_p1_pf2048_pp0_layers6_backend_auto_cg_off_pcg_off_tp1_profile_nsys__MLA时延拆解.csv,2,prefill,1,attn_mha,2064,4.21817,3.146876,o_proj,context_proj_gemm / generation_proj_gemm,0.2359,8.927739,0.383039,0.381823,2,per_token_group_quant_8bit_kernel,sm90_fp8_gemm_1d2d_impl
agg_aic_p0_decode_heavy_b17_isl2048_ctx2048,strict_prefix0,/home/ai_lab/ljc/scale-up-sim/aiconfigurator/bench_data/h100_sxm/sglang/v0.5.9/deepseek_v3_mla/agg_csv/20260630_183013_agg_stage2_agg_aic_p0_decode_heavy_b17_isl2048_ctx2048_d16_dctx2048_p1_pf2048_pp0_layers6_backend_auto_cg_off_pcg_off_tp1_profile_nsys__MLA时延拆解.csv,3,prefill,1,attn_mha,2064,4.065082,2.992796,fused_qkv_a_proj_with_mqa,context_downscale_gemm / generation_downscale_gemm,0.229651,9.096116,0.080352,0.079104,2,per_token_group_quant_8bit_kernel,sm90_fp8_gemm_1d2d_impl
agg_aic_p0_decode_heavy_b17_isl2048_ctx2048,strict_prefix0,/home/ai_lab/ljc/scale-up-sim/aiconfigurator/bench_data/h100_sxm/sglang/v0.5.9/deepseek_v3_mla/agg_csv/20260630_183013_agg_stage2_agg_aic_p0_decode_heavy_b17_isl2048_ctx2048_d16_dctx2048_p1_pf2048_pp0_layers6_backend_auto_cg_off_pcg_off_tp1_profile_nsys__MLA时延拆解.csv,3,prefill,1,attn_mha,2064,4.065082,2.992796,q_a_layernorm,not modeled in DeepSeekModel FallbackOp,0.046413,8.821977,0.005472,0.005472,1,RMSNormKernel,RMSNormKernel
agg_aic_p0_decode_heavy_b17_isl2048_ctx2048,strict_prefix0,/home/ai_lab/ljc/scale-up-sim/aiconfigurator/bench_data/h100_sxm/sglang/v0.5.9/deepseek_v3_mla/agg_csv/20260630_183013_agg_stage2_agg_aic_p0_decode_heavy_b17_isl2048_ctx2048_d16_dctx2048_p1_pf2048_pp0_layers6_backend_auto_cg_off_pcg_off_tp1_profile_nsys__MLA时延拆解.csv,3,prefill,1,attn_mha,2064,4.065082,2.992796,q_b_proj,context_q_b_proj_gemm / generation_q_b_proj_gemm,0.21855,8.880922,0.132288,0.13104,2,per_token_group_quant_8bit_kernel,sm90_fp8_gemm_1d2d_impl
agg_aic_p0_decode_heavy_b17_isl2048_ctx2048,strict_prefix0,/home/ai_lab/ljc/scale-up-sim/aiconfigurator/bench_data/h100_sxm/sglang/v0.5.9/deepseek_v3_mla/agg_csv/20260630_183013_agg_stage2_agg_aic_p0_decode_heavy_b17_isl2048_ctx2048_d16_dctx2048_p1_pf2048_pp0_layers6_backend_auto_cg_off_pcg_off_tp1_profile_nsys__MLA时延拆解.csv,3,prefill,1,attn_mha,2064,4.065082,2.992796,kv_a_layernorm,not modeled in DeepSeekModel FallbackOp,0.039826,8.608105,0.005312,0.005312,1,RMSNormKernel,RMSNormKernel
agg_aic_p0_decode_heavy_b17_isl2048_ctx2048,strict_prefix0,/home/ai_lab/ljc/scale-up-sim/aiconfigurator/bench_data/h100_sxm/sglang/v0.5.9/deepseek_v3_mla/agg_csv/20260630_183013_agg_stage2_agg_aic_p0_decode_heavy_b17_isl2048_ctx2048_d16_dctx2048_p1_pf2048_pp0_layers6_backend_auto_cg_off_pcg_off_tp1_profile_nsys__MLA时延拆解.csv,3,prefill,1,attn_mha,2064,4.065082,2.992796,rotary_emb,partly inside context_attention / generation bmm_rope handling,0.074504,8.559882,0.026336,0.026336,1,BatchQKApplyRotaryPosIdsCosSinCacheHeadParallelismKernel,BatchQKApplyRotaryPosIdsCosSinCacheHeadParallelismKernel
agg_aic_p0_decode_heavy_b17_isl2048_ctx2048,strict_prefix0,/home/ai_lab/ljc/scale-up-sim/aiconfigurator/bench_data/h100_sxm/sglang/v0.5.9/deepseek_v3_mla/agg_csv/20260630_183013_agg_stage2_agg_aic_p0_decode_heavy_b17_isl2048_ctx2048_d16_dctx2048_p1_pf2048_pp0_layers6_backend_auto_cg_off_pcg_off_tp1_profile_nsys__MLA时延拆解.csv,3,prefill,1,attn_mha,2064,4.065082,2.992796,kv_b_proj,,0.251527,9.49534,1.18275,1.18035,2,per_token_group_quant_8bit_kernel,sm90_fp8_gemm_1d2d_impl
agg_aic_p0_decode_heavy_b17_isl2048_ctx2048,strict_prefix0,/home/ai_lab/ljc/scale-up-sim/aiconfigurator/bench_data/h100_sxm/sglang/v0.5.9/deepseek_v3_mla/agg_csv/20260630_183013_agg_stage2_agg_aic_p0_decode_heavy_b17_isl2048_ctx2048_d16_dctx2048_p1_pf2048_pp0_layers6_backend_auto_cg_off_pcg_off_tp1_profile_nsys__MLA时延拆解.csv,3,prefill,1,attn_mha,2064,4.065082,2.992796,attn_mha,context_attention,0.142851,11.34256,1.190942,1.190814,2,prepare_varlen_num_blocks_kernel,device_kernel
agg_aic_p0_decode_heavy_b17_isl2048_ctx2048,strict_prefix0,/home/ai_lab/ljc/scale-up-sim/aiconfigurator/bench_data/h100_sxm/sglang/v0.5.9/deepseek_v3_mla/agg_csv/20260630_183013_agg_stage2_agg_aic_p0_decode_heavy_b17_isl2048_ctx2048_d16_dctx2048_p1_pf2048_pp0_layers6_backend_auto_cg_off_pcg_off_tp1_profile_nsys__MLA时延拆解.csv,3,prefill,1,attn_mha,2064,4.065082,2.992796,o_proj,context_proj_gemm / generation_proj_gemm,0.227662,11.535204,0.376448,0.374368,2,per_token_group_quant_8bit_kernel,sm90_fp8_gemm_1d2d_impl
agg_aic_p0_decode_heavy_b17_isl2048_ctx2048,strict_prefix0,/home/ai_lab/ljc/scale-up-sim/aiconfigurator/bench_data/h100_sxm/sglang/v0.5.9/deepseek_v3_mla/agg_csv/20260630_183013_agg_stage2_agg_aic_p0_decode_heavy_b17_isl2048_ctx2048_d16_dctx2048_p1_pf2048_pp0_layers6_backend_auto_cg_off_pcg_off_tp1_profile_nsys__MLA时延拆解.csv,4,prefill,1,attn_mha,2064,4.088281,3.015098,fused_qkv_a_proj_with_mqa,context_downscale_gemm / generation_downscale_gemm,0.293339,12.495962,0.081376,0.07936,2,per_token_group_quant_8bit_kernel,sm90_fp8_gemm_1d2d_impl
agg_aic_p0_decode_heavy_b17_isl2048_ctx2048,strict_prefix0,/home/ai_lab/ljc/scale-up-sim/aiconfigurator/bench_data/h100_sxm/sglang/v0.5.9/deepseek_v3_mla/agg_csv/20260630_183013_agg_stage2_agg_aic_p0_decode_heavy_b17_isl2048_ctx2048_d16_dctx2048_p1_pf2048_pp0_layers6_backend_auto_cg_off_pcg_off_tp1_profile_nsys__MLA时延拆解.csv,4,prefill,1,attn_mha,2064,4.088281,3.015098,q_a_layernorm,not modeled in DeepSeekModel FallbackOp,0.049831,12.154272,0.005344,0.005344,1,RMSNormKernel,RMSNormKernel
agg_aic_p0_decode_heavy_b17_isl2048_ctx2048,strict_prefix0,/home/ai_lab/ljc/scale-up-sim/aiconfigurator/bench_data/h100_sxm/sglang/v0.5.9/deepseek_v3_mla/agg_csv/20260630_183013_agg_stage2_agg_aic_p0_decode_heavy_b17_isl2048_ctx2048_d16_dctx2048_p1_pf2048_pp0_layers6_backend_auto_cg_off_pcg_off_tp1_profile_nsys__MLA时延拆解.csv,4,prefill,1,attn_mha,2064,4.088281,3.015098,q_b_proj,context_q_b_proj_gemm / generation_q_b_proj_gemm,0.224603,12.206594,0.132319,0.131039,2,per_token_group_quant_8bit_kernel,sm90_fp8_gemm_1d2d_impl
agg_aic_p0_decode_heavy_b17_isl2048_ctx2048,strict_prefix0,/home/ai_lab/ljc/scale-up-sim/aiconfigurator/bench_data/h100_sxm/sglang/v0.5.9/deepseek_v3_mla/agg_csv/20260630_183013_agg_stage2_agg_aic_p0_decode_heavy_b17_isl2048_ctx2048_d16_dctx2048_p1_pf2048_pp0_layers6_backend_auto_cg_off_pcg_off_tp1_profile_nsys__MLA时延拆解.csv,4,prefill,1,attn_mha,2064,4.088281,3.015098,kv_a_layernorm,not modeled in DeepSeekModel FallbackOp,0.040395,11.92557,0.005408,0.005408,1,RMSNormKernel,RMSNormKernel
agg_aic_p0_decode_heavy_b17_isl2048_ctx2048,strict_prefix0,/home/ai_lab/ljc/scale-up-sim/aiconfigurator/bench_data/h100_sxm/sglang/v0.5.9/deepseek_v3_mla/agg_csv/20260630_183013_agg_stage2_agg_aic_p0_decode_heavy_b17_isl2048_ctx2048_d16_dctx2048_p1_pf2048_pp0_layers6_backend_auto_cg_off_pcg_off_tp1_profile_nsys__MLA时延拆解.csv,4,prefill,1,attn_mha,2064,4.088281,3.015098,rotary_emb,partly inside context_attention / generation bmm_rope handling,0.080953,11.871894,0.026432,0.026432,1,BatchQKApplyRotaryPosIdsCosSinCacheHeadParallelismKernel,BatchQKApplyRotaryPosIdsCosSinCacheHeadParallelismKernel
agg_aic_p0_decode_heavy_b17_isl2048_ctx2048,strict_prefix0,/home/ai_lab/ljc/scale-up-sim/aiconfigurator/bench_data/h100_sxm/sglang/v0.5.9/deepseek_v3_mla/agg_csv/20260630_183013_agg_stage2_agg_aic_p0_decode_heavy_b17_isl2048_ctx2048_d16_dctx2048_p1_pf2048_pp0_layers6_backend_auto_cg_off_pcg_off_tp1_profile_nsys__MLA时延拆解.csv,4,prefill,1,attn_mha,2064,4.088281,3.015098,kv_b_proj,,0.22558,12.846429,1.209566,1.207294,2,per_token_group_quant_8bit_kernel,sm90_fp8_gemm_1d2d_impl
agg_aic_p0_decode_heavy_b17_isl2048_ctx2048,strict_prefix0,/home/ai_lab/ljc/scale-up-sim/aiconfigurator/bench_data/h100_sxm/sglang/v0.5.9/deepseek_v3_mla/agg_csv/20260630_183013_agg_stage2_agg_aic_p0_decode_heavy_b17_isl2048_ctx2048_d16_dctx2048_p1_pf2048_pp0_layers6_backend_auto_cg_off_pcg_off_tp1_profile_nsys__MLA时延拆解.csv,4,prefill,1,attn_mha,2064,4.088281,3.015098,attn_mha,context_attention,0.143155,14.727547,1.190206,1.190142,2,prepare_varlen_num_blocks_kernel,device_kernel
agg_aic_p0_decode_heavy_b17_isl2048_ctx2048,strict_prefix0,/home/ai_lab/ljc/scale-up-sim/aiconfigurator/bench_data/h100_sxm/sglang/v0.5.9/deepseek_v3_mla/agg_csv/20260630_183013_agg_stage2_agg_aic_p0_decode_heavy_b17_isl2048_ctx2048_d16_dctx2048_p1_pf2048_pp0_layers6_backend_auto_cg_off_pcg_off_tp1_profile_nsys__MLA时延拆解.csv,4,prefill,1,attn_mha,2064,4.088281,3.015098,o_proj,context_proj_gemm / generation_proj_gemm,0.263088,14.915521,0.371263,0.370079,2,per_token_group_quant_8bit_kernel,sm90_fp8_gemm_1d2d_impl
agg_aic_p0_decode_heavy_b17_isl2048_ctx2048,strict_prefix0,/home/ai_lab/ljc/scale-up-sim/aiconfigurator/bench_data/h100_sxm/sglang/v0.5.9/deepseek_v3_mla/agg_csv/20260630_183013_agg_stage2_agg_aic_p0_decode_heavy_b17_isl2048_ctx2048_d16_dctx2048_p1_pf2048_pp0_layers6_backend_auto_cg_off_pcg_off_tp1_profile_nsys__MLA时延拆解.csv,5,prefill,1,attn_mha,2064,4.17049,3.100892,fused_qkv_a_proj_with_mqa,context_downscale_gemm / generation_downscale_gemm,0.27345,15.89482,0.080832,0.078592,2,per_token_group_quant_8bit_kernel,sm90_fp8_gemm_1d2d_impl
agg_aic_p0_decode_heavy_b17_isl2048_ctx2048,strict_prefix0,/home/ai_lab/ljc/scale-up-sim/aiconfigurator/bench_data/h100_sxm/sglang/v0.5.9/deepseek_v3_mla/agg_csv/20260630_183013_agg_stage2_agg_aic_p0_decode_heavy_b17_isl2048_ctx2048_d16_dctx2048_p1_pf2048_pp0_layers6_backend_auto_cg_off_pcg_off_tp1_profile_nsys__MLA时延拆解.csv,5,prefill,1,attn_mha,2064,4.17049,3.100892,q_a_layernorm,not modeled in DeepSeekModel FallbackOp,0.047945,15.576126,0.00528,0.00528,1,RMSNormKernel,RMSNormKernel
agg_aic_p0_decode_heavy_b17_isl2048_ctx2048,strict_prefix0,/home/ai_lab/ljc/scale-up-sim/aiconfigurator/bench_data/h100_sxm/sglang/v0.5.9/deepseek_v3_mla/agg_csv/20260630_183013_agg_stage2_agg_aic_p0_decode_heavy_b17_isl2048_ctx2048_d16_dctx2048_p1_pf2048_pp0_layers6_backend_auto_cg_off_pcg_off_tp1_profile_nsys__MLA时延拆解.csv,5,prefill,1,attn_mha,2064,4.17049,3.100892,q_b_proj,context_q_b_proj_gemm / generation_q_b_proj_gemm,0.222968,15.629364,0.130272,0.128384,2,per_token_group_quant_8bit_kernel,sm90_fp8_gemm_1d2d_impl
agg_aic_p0_decode_heavy_b17_isl2048_ctx2048,strict_prefix0,/home/ai_lab/ljc/scale-up-sim/aiconfigurator/bench_data/h100_sxm/sglang/v0.5.9/deepseek_v3_mla/agg_csv/20260630_183013_agg_stage2_agg_aic_p0_decode_heavy_b17_isl2048_ctx2048_d16_dctx2048_p1_pf2048_pp0_layers6_backend_auto_cg_off_pcg_off_tp1_profile_nsys__MLA时延拆解.csv,5,prefill,1,attn_mha,2064,4.17049,3.100892,kv_a_layernorm,not modeled in DeepSeekModel FallbackOp,0.043739,15.351873,0.005088,0.005088,1,RMSNormKernel,RMSNormKernel
agg_aic_p0_decode_heavy_b17_isl2048_ctx2048,strict_prefix0,/home/ai_lab/ljc/scale-up-sim/aiconfigurator/bench_data/h100_sxm/sglang/v0.5.9/deepseek_v3_mla/agg_csv/20260630_183013_agg_stage2_agg_aic_p0_decode_heavy_b17_isl2048_ctx2048_d16_dctx2048_p1_pf2048_pp0_layers6_backend_auto_cg_off_pcg_off_tp1_profile_nsys__MLA时延拆解.csv,5,prefill,1,attn_mha,2064,4.17049,3.100892,rotary_emb,partly inside context_attention / generation bmm_rope handling,0.075105,15.298647,0.027072,0.027072,1,BatchQKApplyRotaryPosIdsCosSinCacheHeadParallelismKernel,BatchQKApplyRotaryPosIdsCosSinCacheHeadParallelismKernel
agg_aic_p0_decode_heavy_b17_isl2048_ctx2048,strict_prefix0,/home/ai_lab/ljc/scale-up-sim/aiconfigurator/bench_data/h100_sxm/sglang/v0.5.9/deepseek_v3_mla/agg_csv/20260630_183013_agg_stage2_agg_aic_p0_decode_heavy_b17_isl2048_ctx2048_d16_dctx2048_p1_pf2048_pp0_layers6_backend_auto_cg_off_pcg_off_tp1_profile_nsys__MLA时延拆解.csv,5,prefill,1,attn_mha,2064,4.17049,3.100892,kv_b_proj,,0.241521,16.355616,1.291134,1.289758,2,per_token_group_quant_8bit_kernel,sm90_fp8_gemm_1d2d_impl
agg_aic_p0_decode_heavy_b17_isl2048_ctx2048,strict_prefix0,/home/ai_lab/ljc/scale-up-sim/aiconfigurator/bench_data/h100_sxm/sglang/v0.5.9/deepseek_v3_mla/agg_csv/20260630_183013_agg_stage2_agg_aic_p0_decode_heavy_b17_isl2048_ctx2048_d16_dctx2048_p1_pf2048_pp0_layers6_backend_auto_cg_off_pcg_off_tp1_profile_nsys__MLA时延拆解.csv,5,prefill,1,attn_mha,2064,4.17049,3.100892,attn_mha,context_attention,0.164238,18.21403,1.190175,1.190143,2,prepare_varlen_num_blocks_kernel,device_kernel
agg_aic_p0_decode_heavy_b17_isl2048_ctx2048,strict_prefix0,/home/ai_lab/ljc/scale-up-sim/aiconfigurator/bench_data/h100_sxm/sglang/v0.5.9/deepseek_v3_mla/agg_csv/20260630_183013_agg_stage2_agg_aic_p0_decode_heavy_b17_isl2048_ctx2048_d16_dctx2048_p1_pf2048_pp0_layers6_backend_auto_cg_off_pcg_off_tp1_profile_nsys__MLA时延拆解.csv,5,prefill,1,attn_mha,2064,4.17049,3.100892,o_proj,context_proj_gemm / generation_proj_gemm,0.238281,18.387701,0.377983,0.376575,2,per_token_group_quant_8bit_kernel,sm90_fp8_gemm_1d2d_impl
agg_aic_p0_chunk_b9_isl8192_ctx8192,strict_prefix0,/home/ai_lab/ljc/scale-up-sim/aiconfigurator/bench_data/h100_sxm/sglang/v0.5.9/deepseek_v3_mla/agg_csv/20260630_183416_agg_stage2_agg_aic_p0_chunk_b9_isl8192_ctx8192_d8_dctx8192_p1_pf8192_pp0_layers6_backend_auto_cg_off_pcg_off_tp1_profile_nsys__MLA时延拆解.csv,0,prefill,1,attn_mha,8192,12.674879,10.326816,fused_qkv_a_proj_with_mqa,context_downscale_gemm / generation_downscale_gemm,0.267625,0.447606,0.356192,0.273952,2,per_token_group_quant_8bit_kernel,sm90_fp8_gemm_1d2d_impl
agg_aic_p0_chunk_b9_isl8192_ctx8192,strict_prefix0,/home/ai_lab/ljc/scale-up-sim/aiconfigurator/bench_data/h100_sxm/sglang/v0.5.9/deepseek_v3_mla/agg_csv/20260630_183416_agg_stage2_agg_aic_p0_chunk_b9_isl8192_ctx8192_d8_dctx8192_p1_pf8192_pp0_layers6_backend_auto_cg_off_pcg_off_tp1_profile_nsys__MLA时延拆解.csv,0,prefill,1,attn_mha,8192,12.674879,10.326816,q_a_layernorm,not modeled in DeepSeekModel FallbackOp,0.032262,0.159968,0.018016,0.018016,1,RMSNormKernel,RMSNormKernel
agg_aic_p0_chunk_b9_isl8192_ctx8192,strict_prefix0,/home/ai_lab/ljc/scale-up-sim/aiconfigurator/bench_data/h100_sxm/sglang/v0.5.9/deepseek_v3_mla/agg_csv/20260630_183416_agg_stage2_agg_aic_p0_chunk_b9_isl8192_ctx8192_d8_dctx8192_p1_pf8192_pp0_layers6_backend_auto_cg_off_pcg_off_tp1_profile_nsys__MLA时延拆解.csv,0,prefill,1,attn_mha,8192,12.674879,10.326816,q_b_proj,context_q_b_proj_gemm / generation_q_b_proj_gemm,0.147865,0.559919,0.452928,0.442592,2,per_token_group_quant_8bit_kernel,sm90_fp8_gemm_1d2d_impl
agg_aic_p0_chunk_b9_isl8192_ctx8192,strict_prefix0,/home/ai_lab/ljc/scale-up-sim/aiconfigurator/bench_data/h100_sxm/sglang/v0.5.9/deepseek_v3_mla/agg_csv/20260630_183416_agg_stage2_agg_aic_p0_chunk_b9_isl8192_ctx8192_d8_dctx8192_p1_pf8192_pp0_layers6_backend_auto_cg_off_pcg_off_tp1_profile_nsys__MLA时延拆解.csv,0,prefill,1,attn_mha,8192,12.674879,10.326816,kv_a_layernorm,not modeled in DeepSeekModel FallbackOp,0.025807,0.388042,0.013152,0.013152,1,RMSNormKernel,RMSNormKernel
agg_aic_p0_chunk_b9_isl8192_ctx8192,strict_prefix0,/home/ai_lab/ljc/scale-up-sim/aiconfigurator/bench_data/h100_sxm/sglang/v0.5.9/deepseek_v3_mla/agg_csv/20260630_183416_agg_stage2_agg_aic_p0_chunk_b9_isl8192_ctx8192_d8_dctx8192_p1_pf8192_pp0_layers6_backend_auto_cg_off_pcg_off_tp1_profile_nsys__MLA时延拆解.csv,0,prefill,1,attn_mha,8192,12.674879,10.326816,rotary_emb,partly inside context_attention / generation bmm_rope handling,0.063972,0.443614,0.106528,0.106528,1,BatchQKApplyRotaryPosIdsCosSinCacheHeadParallelismKernel,BatchQKApplyRotaryPosIdsCosSinCacheHeadParallelismKernel
agg_aic_p0_chunk_b9_isl8192_ctx8192,strict_prefix0,/home/ai_lab/ljc/scale-up-sim/aiconfigurator/bench_data/h100_sxm/sglang/v0.5.9/deepseek_v3_mla/agg_csv/20260630_183416_agg_stage2_agg_aic_p0_chunk_b9_isl8192_ctx8192_d8_dctx8192_p1_pf8192_pp0_layers6_backend_auto_cg_off_pcg_off_tp1_profile_nsys__MLA时延拆解.csv,0,prefill,1,attn_mha,8192,12.674879,10.326816,kv_b_proj,,0.183175,3.183599,2.986688,2.98496,2,per_token_group_quant_8bit_kernel,sm90_fp8_gemm_1d2d_impl
agg_aic_p0_chunk_b9_isl8192_ctx8192,strict_prefix0,/home/ai_lab/ljc/scale-up-sim/aiconfigurator/bench_data/h100_sxm/sglang/v0.5.9/deepseek_v3_mla/agg_csv/20260630_183416_agg_stage2_agg_aic_p0_chunk_b9_isl8192_ctx8192_d8_dctx8192_p1_pf8192_pp0_layers6_backend_auto_cg_off_pcg_off_tp1_profile_nsys__MLA时延拆解.csv,0,prefill,1,attn_mha,8192,12.674879,10.326816,attn_mha,context_attention,0.111132,10.280241,5.229536,5.229504,2,prepare_varlen_num_blocks_kernel,device_kernel
agg_aic_p0_chunk_b9_isl8192_ctx8192,strict_prefix0,/home/ai_lab/ljc/scale-up-sim/aiconfigurator/bench_data/h100_sxm/sglang/v0.5.9/deepseek_v3_mla/agg_csv/20260630_183416_agg_stage2_agg_aic_p0_chunk_b9_isl8192_ctx8192_d8_dctx8192_p1_pf8192_pp0_layers6_backend_auto_cg_off_pcg_off_tp1_profile_nsys__MLA时延拆解.csv,0,prefill,1,attn_mha,8192,12.674879,10.326816,o_proj,context_proj_gemm / generation_proj_gemm,0.151313,11.402938,1.259648,1.258112,2,per_token_group_quant_8bit_kernel,sm90_fp8_gemm_1d2d_impl
agg_aic_p0_chunk_b9_isl8192_ctx8192,strict_prefix0,/home/ai_lab/ljc/scale-up-sim/aiconfigurator/bench_data/h100_sxm/sglang/v0.5.9/deepseek_v3_mla/agg_csv/20260630_183416_agg_stage2_agg_aic_p0_chunk_b9_isl8192_ctx8192_d8_dctx8192_p1_pf8192_pp0_layers6_backend_auto_cg_off_pcg_off_tp1_profile_nsys__MLA时延拆解.csv,1,prefill,1,attn_mha,8192,12.361438,10.120862,fused_qkv_a_proj_with_mqa,context_downscale_gemm / generation_downscale_gemm,0.132732,15.512049,0.269472,0.268064,2,per_token_group_quant_8bit_kernel,sm90_fp8_gemm_1d2d_impl
agg_aic_p0_chunk_b9_isl8192_ctx8192,strict_prefix0,/home/ai_lab/ljc/scale-up-sim/aiconfigurator/bench_data/h100_sxm/sglang/v0.5.9/deepseek_v3_mla/agg_csv/20260630_183416_agg_stage2_agg_aic_p0_chunk_b9_isl8192_ctx8192_d8_dctx8192_p1_pf8192_pp0_layers6_backend_auto_cg_off_pcg_off_tp1_profile_nsys__MLA时延拆解.csv,1,prefill,1,attn_mha,8192,12.361438,10.120862,q_a_layernorm,not modeled in DeepSeekModel FallbackOp,0.028425,15.365294,0.017536,0.017536,1,RMSNormKernel,RMSNormKernel
agg_aic_p0_chunk_b9_isl8192_ctx8192,strict_prefix0,/home/ai_lab/ljc/scale-up-sim/aiconfigurator/bench_data/h100_sxm/sglang/v0.5.9/deepseek_v3_mla/agg_csv/20260630_183416_agg_stage2_agg_aic_p0_chunk_b9_isl8192_ctx8192_d8_dctx8192_p1_pf8192_pp0_layers6_backend_auto_cg_off_pcg_off_tp1_profile_nsys__MLA时延拆解.csv,1,prefill,1,attn_mha,8192,12.361438,10.120862,q_b_proj,context_q_b_proj_gemm / generation_q_b_proj_gemm,0.11718,15.766582,0.445056,0.443712,2,per_token_group_quant_8bit_kernel,sm90_fp8_gemm_1d2d_impl
agg_aic_p0_chunk_b9_isl8192_ctx8192,strict_prefix0,/home/ai_lab/ljc/scale-up-sim/aiconfigurator/bench_data/h100_sxm/sglang/v0.5.9/deepseek_v3_mla/agg_csv/20260630_183416_agg_stage2_agg_aic_p0_chunk_b9_isl8192_ctx8192_d8_dctx8192_p1_pf8192_pp0_layers6_backend_auto_cg_off_pcg_off_tp1_profile_nsys__MLA时延拆解.csv,1,prefill,1,attn_mha,8192,12.361438,10.120862,kv_a_layernorm,not modeled in DeepSeekModel FallbackOp,0.02514,15.628188,0.012896,0.012896,1,RMSNormKernel,RMSNormKernel
agg_aic_p0_chunk_b9_isl8192_ctx8192,strict_prefix0,/home/ai_lab/ljc/scale-up-sim/aiconfigurator/bench_data/h100_sxm/sglang/v0.5.9/deepseek_v3_mla/agg_csv/20260630_183416_agg_stage2_agg_aic_p0_chunk_b9_isl8192_ctx8192_d8_dctx8192_p1_pf8192_pp0_layers6_backend_auto_cg_off_pcg_off_tp1_profile_nsys__MLA时延拆解.csv,1,prefill,1,attn_mha,8192,12.361438,10.120862,rotary_emb,partly inside context_attention / generation bmm_rope handling,0.04885,15.688819,0.106496,0.106496,1,BatchQKApplyRotaryPosIdsCosSinCacheHeadParallelismKernel,BatchQKApplyRotaryPosIdsCosSinCacheHeadParallelismKernel
agg_aic_p0_chunk_b9_isl8192_ctx8192,strict_prefix0,/home/ai_lab/ljc/scale-up-sim/aiconfigurator/bench_data/h100_sxm/sglang/v0.5.9/deepseek_v3_mla/agg_csv/20260630_183416_agg_stage2_agg_aic_p0_chunk_b9_isl8192_ctx8192_d8_dctx8192_p1_pf8192_pp0_layers6_backend_auto_cg_off_pcg_off_tp1_profile_nsys__MLA时延拆解.csv,1,prefill,1,attn_mha,8192,12.361438,10.120862,kv_b_proj,,0.137976,18.39465,2.780447,2.778303,2,per_token_group_quant_8bit_kernel,sm90_fp8_gemm_1d2d_impl
agg_aic_p0_chunk_b9_isl8192_ctx8192,strict_prefix0,/home/ai_lab/ljc/scale-up-sim/aiconfigurator/bench_data/h100_sxm/sglang/v0.5.9/deepseek_v3_mla/agg_csv/20260630_183416_agg_stage2_agg_aic_p0_chunk_b9_isl8192_ctx8192_d8_dctx8192_p1_pf8192_pp0_layers6_backend_auto_cg_off_pcg_off_tp1_profile_nsys__MLA时延拆解.csv,1,prefill,1,attn_mha,8192,12.361438,10.120862,attn_mha,context_attention,0.102486,25.559533,5.236031,5.235999,2,prepare_varlen_num_blocks_kernel,device_kernel
agg_aic_p0_chunk_b9_isl8192_ctx8192,strict_prefix0,/home/ai_lab/ljc/scale-up-sim/aiconfigurator/bench_data/h100_sxm/sglang/v0.5.9/deepseek_v3_mla/agg_csv/20260630_183416_agg_stage2_agg_aic_p0_chunk_b9_isl8192_ctx8192_d8_dctx8192_p1_pf8192_pp0_layers6_backend_auto_cg_off_pcg_off_tp1_profile_nsys__MLA时延拆解.csv,1,prefill,1,attn_mha,8192,12.361438,10.120862,o_proj,context_proj_gemm / generation_proj_gemm,0.136288,26.695709,1.260032,1.257856,2,per_token_group_quant_8bit_kernel,sm90_fp8_gemm_1d2d_impl
agg_aic_p0_chunk_b9_isl8192_ctx8192,strict_prefix0,/home/ai_lab/ljc/scale-up-sim/aiconfigurator/bench_data/h100_sxm/sglang/v0.5.9/deepseek_v3_mla/agg_csv/20260630_183416_agg_stage2_agg_aic_p0_chunk_b9_isl8192_ctx8192_d8_dctx8192_p1_pf8192_pp0_layers6_backend_auto_cg_off_pcg_off_tp1_profile_nsys__MLA时延拆解.csv,2,prefill,1,attn_mha,8192,12.504286,10.267998,fused_qkv_a_proj_with_mqa,context_downscale_gemm / generation_downscale_gemm,0.133107,30.881481,0.267584,0.266496,2,per_token_group_quant_8bit_kernel,sm90_fp8_gemm_1d2d_impl
agg_aic_p0_chunk_b9_isl8192_ctx8192,strict_prefix0,/home/ai_lab/ljc/scale-up-sim/aiconfigurator/bench_data/h100_sxm/sglang/v0.5.9/deepseek_v3_mla/agg_csv/20260630_183416_agg_stage2_agg_aic_p0_chunk_b9_isl8192_ctx8192_d8_dctx8192_p1_pf8192_pp0_layers6_backend_auto_cg_off_pcg_off_tp1_profile_nsys__MLA时延拆解.csv,2,prefill,1,attn_mha,8192,12.504286,10.267998,q_a_layernorm,not modeled in DeepSeekModel FallbackOp,0.027259,30.739125,0.01744,0.01744,1,RMSNormKernel,RMSNormKernel
agg_aic_p0_chunk_b9_isl8192_ctx8192,strict_prefix0,/home/ai_lab/ljc/scale-up-sim/aiconfigurator/bench_data/h100_sxm/sglang/v0.5.9/deepseek_v3_mla/agg_csv/20260630_183416_agg_stage2_agg_aic_p0_chunk_b9_isl8192_ctx8192_d8_dctx8192_p1_pf8192_pp0_layers6_backend_auto_cg_off_pcg_off_tp1_profile_nsys__MLA时延拆解.csv,2,prefill,1,attn_mha,8192,12.504286,10.267998,q_b_proj,context_q_b_proj_gemm / generation_q_b_proj_gemm,0.125913,31.136037,0.44096,0.439008,2,per_token_group_quant_8bit_kernel,sm90_fp8_gemm_1d2d_impl
agg_aic_p0_chunk_b9_isl8192_ctx8192,strict_prefix0,/home/ai_lab/ljc/scale-up-sim/aiconfigurator/bench_data/h100_sxm/sglang/v0.5.9/deepseek_v3_mla/agg_csv/20260630_183416_agg_stage2_agg_aic_p0_chunk_b9_isl8192_ctx8192_d8_dctx8192_p1_pf8192_pp0_layers6_backend_auto_cg_off_pcg_off_tp1_profile_nsys__MLA时延拆解.csv,2,prefill,1,attn_mha,8192,12.504286,10.267998,kv_a_layernorm,not modeled in DeepSeekModel FallbackOp,0.023184,30.990653,0.013312,0.013312,1,RMSNormKernel,RMSNormKernel
agg_aic_p0_chunk_b9_isl8192_ctx8192,strict_prefix0,/home/ai_lab/ljc/scale-up-sim/aiconfigurator/bench_data/h100_sxm/sglang/v0.5.9/deepseek_v3_mla/agg_csv/20260630_183416_agg_stage2_agg_aic_p0_chunk_b9_isl8192_ctx8192_d8_dctx8192_p1_pf8192_pp0_layers6_backend_auto_cg_off_pcg_off_tp1_profile_nsys__MLA时延拆解.csv,2,prefill,1,attn_mha,8192,12.504286,10.267998,rotary_emb,partly inside context_attention / generation bmm_rope handling,0.045073,31.052735,0.106176,0.106176,1,BatchQKApplyRotaryPosIdsCosSinCacheHeadParallelismKernel,BatchQKApplyRotaryPosIdsCosSinCacheHeadParallelismKernel
agg_aic_p0_chunk_b9_isl8192_ctx8192,strict_prefix0,/home/ai_lab/ljc/scale-up-sim/aiconfigurator/bench_data/h100_sxm/sglang/v0.5.9/deepseek_v3_mla/agg_csv/20260630_183416_agg_stage2_agg_aic_p0_chunk_b9_isl8192_ctx8192_d8_dctx8192_p1_pf8192_pp0_layers6_backend_auto_cg_off_pcg_off_tp1_profile_nsys__MLA时延拆解.csv,2,prefill,1,attn_mha,8192,12.504286,10.267998,kv_b_proj,,0.127732,33.893983,2.907615,2.906495,2,per_token_group_quant_8bit_kernel,sm90_fp8_gemm_1d2d_impl
agg_aic_p0_chunk_b9_isl8192_ctx8192,strict_prefix0,/home/ai_lab/ljc/scale-up-sim/aiconfigurator/bench_data/h100_sxm/sglang/v0.5.9/deepseek_v3_mla/agg_csv/20260630_183416_agg_stage2_agg_aic_p0_chunk_b9_isl8192_ctx8192_d8_dctx8192_p1_pf8192_pp0_layers6_backend_auto_cg_off_pcg_off_tp1_profile_nsys__MLA时延拆解.csv,2,prefill,1,attn_mha,8192,12.504286,10.267998,attn_mha,context_attention,0.08905,41.07282,5.235519,5.235455,2,prepare_varlen_num_blocks_kernel,device_kernel
agg_aic_p0_chunk_b9_isl8192_ctx8192,strict_prefix0,/home/ai_lab/ljc/scale-up-sim/aiconfigurator/bench_data/h100_sxm/sglang/v0.5.9/deepseek_v3_mla/agg_csv/20260630_183416_agg_stage2_agg_aic_p0_chunk_b9_isl8192_ctx8192_d8_dctx8192_p1_pf8192_pp0_layers6_backend_auto_cg_off_pcg_off_tp1_profile_nsys__MLA时延拆解.csv,2,prefill,1,attn_mha,8192,12.504286,10.267998,o_proj,context_proj_gemm / generation_proj_gemm,0.121176,42.249379,1.285504,1.283616,2,per_token_group_quant_8bit_kernel,sm90_fp8_gemm_1d2d_impl
agg_aic_p0_chunk_b9_isl8192_ctx8192,strict_prefix0,/home/ai_lab/ljc/scale-up-sim/aiconfigurator/bench_data/h100_sxm/sglang/v0.5.9/deepseek_v3_mla/agg_csv/20260630_183416_agg_stage2_agg_aic_p0_chunk_b9_isl8192_ctx8192_d8_dctx8192_p1_pf8192_pp0_layers6_backend_auto_cg_off_pcg_off_tp1_profile_nsys__MLA时延拆解.csv,3,prefill,1,attn_mha,8192,12.724287,10.484799,fused_qkv_a_proj_with_mqa,context_downscale_gemm / generation_downscale_gemm,0.13421,46.543791,0.274464,0.272192,2,per_token_group_quant_8bit_kernel,sm90_fp8_gemm_1d2d_impl
agg_aic_p0_chunk_b9_isl8192_ctx8192,strict_prefix0,/home/ai_lab/ljc/scale-up-sim/aiconfigurator/bench_data/h100_sxm/sglang/v0.5.9/deepseek_v3_mla/agg_csv/20260630_183416_agg_stage2_agg_aic_p0_chunk_b9_isl8192_ctx8192_d8_dctx8192_p1_pf8192_pp0_layers6_backend_auto_cg_off_pcg_off_tp1_profile_nsys__MLA时延拆解.csv,3,prefill,1,attn_mha,8192,12.724287,10.484799,q_a_layernorm,not modeled in DeepSeekModel FallbackOp,0.028136,46.400029,0.017792,0.017792,1,RMSNormKernel,RMSNormKernel
agg_aic_p0_chunk_b9_isl8192_ctx8192,strict_prefix0,/home/ai_lab/ljc/scale-up-sim/aiconfigurator/bench_data/h100_sxm/sglang/v0.5.9/deepseek_v3_mla/agg_csv/20260630_183416_agg_stage2_agg_aic_p0_chunk_b9_isl8192_ctx8192_d8_dctx8192_p1_pf8192_pp0_layers6_backend_auto_cg_off_pcg_off_tp1_profile_nsys__MLA时延拆解.csv,3,prefill,1,attn_mha,8192,12.724287,10.484799,q_b_proj,context_q_b_proj_gemm / generation_q_b_proj_gemm,0.125963,46.807284,0.45104,0.449216,2,per_token_group_quant_8bit_kernel,sm90_fp8_gemm_1d2d_impl
agg_aic_p0_chunk_b9_isl8192_ctx8192,strict_prefix0,/home/ai_lab/ljc/scale-up-sim/aiconfigurator/bench_data/h100_sxm/sglang/v0.5.9/deepseek_v3_mla/agg_csv/20260630_183416_agg_stage2_agg_aic_p0_chunk_b9_isl8192_ctx8192_d8_dctx8192_p1_pf8192_pp0_layers6_backend_auto_cg_off_pcg_off_tp1_profile_nsys__MLA时延拆解.csv,3,prefill,1,attn_mha,8192,12.724287,10.484799,kv_a_layernorm,not modeled in DeepSeekModel FallbackOp,0.023244,46.661067,0.013056,0.013056,1,RMSNormKernel,RMSNormKernel
agg_aic_p0_chunk_b9_isl8192_ctx8192,strict_prefix0,/home/ai_lab/ljc/scale-up-sim/aiconfigurator/bench_data/h100_sxm/sglang/v0.5.9/deepseek_v3_mla/agg_csv/20260630_183416_agg_stage2_agg_aic_p0_chunk_b9_isl8192_ctx8192_d8_dctx8192_p1_pf8192_pp0_layers6_backend_auto_cg_off_pcg_off_tp1_profile_nsys__MLA时延拆解.csv,3,prefill,1,attn_mha,8192,12.724287,10.484799,rotary_emb,partly inside context_attention / generation bmm_rope handling,0.044214,46.723604,0.106816,0.106816,1,BatchQKApplyRotaryPosIdsCosSinCacheHeadParallelismKernel,BatchQKApplyRotaryPosIdsCosSinCacheHeadParallelismKernel
agg_aic_p0_chunk_b9_isl8192_ctx8192,strict_prefix0,/home/ai_lab/ljc/scale-up-sim/aiconfigurator/bench_data/h100_sxm/sglang/v0.5.9/deepseek_v3_mla/agg_csv/20260630_183416_agg_stage2_agg_aic_p0_chunk_b9_isl8192_ctx8192_d8_dctx8192_p1_pf8192_pp0_layers6_backend_auto_cg_off_pcg_off_tp1_profile_nsys__MLA时延拆解.csv,3,prefill,1,attn_mha,8192,12.724287,10.484799,kv_b_proj,,0.124489,49.763844,3.10256,3.101376,2,per_token_group_quant_8bit_kernel,sm90_fp8_gemm_1d2d_impl
agg_aic_p0_chunk_b9_isl8192_ctx8192,strict_prefix0,/home/ai_lab/ljc/scale-up-sim/aiconfigurator/bench_data/h100_sxm/sglang/v0.5.9/deepseek_v3_mla/agg_csv/20260630_183416_agg_stage2_agg_aic_p0_chunk_b9_isl8192_ctx8192_d8_dctx8192_p1_pf8192_pp0_layers6_backend_auto_cg_off_pcg_off_tp1_profile_nsys__MLA时延拆解.csv,3,prefill,1,attn_mha,8192,12.724287,10.484799,attn_mha,context_attention,0.084801,56.95207,5.240927,5.240831,2,prepare_varlen_num_blocks_kernel,device_kernel
agg_aic_p0_chunk_b9_isl8192_ctx8192,strict_prefix0,/home/ai_lab/ljc/scale-up-sim/aiconfigurator/bench_data/h100_sxm/sglang/v0.5.9/deepseek_v3_mla/agg_csv/20260630_183416_agg_stage2_agg_aic_p0_chunk_b9_isl8192_ctx8192_d8_dctx8192_p1_pf8192_pp0_layers6_backend_auto_cg_off_pcg_off_tp1_profile_nsys__MLA时延拆解.csv,3,prefill,1,attn_mha,8192,12.724287,10.484799,o_proj,context_proj_gemm / generation_proj_gemm,0.122223,58.131677,1.284608,1.28352,2,per_token_group_quant_8bit_kernel,sm90_fp8_gemm_1d2d_impl
agg_aic_p0_chunk_b9_isl8192_ctx8192,strict_prefix0,/home/ai_lab/ljc/scale-up-sim/aiconfigurator/bench_data/h100_sxm/sglang/v0.5.9/deepseek_v3_mla/agg_csv/20260630_183416_agg_stage2_agg_aic_p0_chunk_b9_isl8192_ctx8192_d8_dctx8192_p1_pf8192_pp0_layers6_backend_auto_cg_off_pcg_off_tp1_profile_nsys__MLA时延拆解.csv,4,prefill,1,attn_mha,8192,12.526367,10.288512,fused_qkv_a_proj_with_mqa,context_downscale_gemm / generation_downscale_gemm,0.173788,67.705466,0.280704,0.279456,2,per_token_group_quant_8bit_kernel,sm90_fp8_gemm_1d2d_impl
agg_aic_p0_chunk_b9_isl8192_ctx8192,strict_prefix0,/home/ai_lab/ljc/scale-up-sim/aiconfigurator/bench_data/h100_sxm/sglang/v0.5.9/deepseek_v3_mla/agg_csv/20260630_183416_agg_stage2_agg_aic_p0_chunk_b9_isl8192_ctx8192_d8_dctx8192_p1_pf8192_pp0_layers6_backend_auto_cg_off_pcg_off_tp1_profile_nsys__MLA时延拆解.csv,4,prefill,1,attn_mha,8192,12.526367,10.288512,q_a_layernorm,not modeled in DeepSeekModel FallbackOp,0.029227,67.519908,0.017888,0.017888,1,RMSNormKernel,RMSNormKernel
agg_aic_p0_chunk_b9_isl8192_ctx8192,strict_prefix0,/home/ai_lab/ljc/scale-up-sim/aiconfigurator/bench_data/h100_sxm/sglang/v0.5.9/deepseek_v3_mla/agg_csv/20260630_183416_agg_stage2_agg_aic_p0_chunk_b9_isl8192_ctx8192_d8_dctx8192_p1_pf8192_pp0_layers6_backend_auto_cg_off_pcg_off_tp1_profile_nsys__MLA时延拆解.csv,4,prefill,1,attn_mha,8192,12.526367,10.288512,q_b_proj,context_q_b_proj_gemm / generation_q_b_proj_gemm,0.127983,67.942231,0.466848,0.4648,2,per_token_group_quant_8bit_kernel,sm90_fp8_gemm_1d2d_impl
agg_aic_p0_chunk_b9_isl8192_ctx8192,strict_prefix0,/home/ai_lab/ljc/scale-up-sim/aiconfigurator/bench_data/h100_sxm/sglang/v0.5.9/deepseek_v3_mla/agg_csv/20260630_183416_agg_stage2_agg_aic_p0_chunk_b9_isl8192_ctx8192_d8_dctx8192_p1_pf8192_pp0_layers6_backend_auto_cg_off_pcg_off_tp1_profile_nsys__MLA时延拆解.csv,4,prefill,1,attn_mha,8192,12.526367,10.288512,kv_a_layernorm,not modeled in DeepSeekModel FallbackOp,0.023363,67.793582,0.01296,0.01296,1,RMSNormKernel,RMSNormKernel
agg_aic_p0_chunk_b9_isl8192_ctx8192,strict_prefix0,/home/ai_lab/ljc/scale-up-sim/aiconfigurator/bench_data/h100_sxm/sglang/v0.5.9/deepseek_v3_mla/agg_csv/20260630_183416_agg_stage2_agg_aic_p0_chunk_b9_isl8192_ctx8192_d8_dctx8192_p1_pf8192_pp0_layers6_backend_auto_cg_off_pcg_off_tp1_profile_nsys__MLA时延拆解.csv,4,prefill,1,attn_mha,8192,12.526367,10.288512,rotary_emb,partly inside context_attention / generation bmm_rope handling,0.047883,67.856233,0.10656,0.10656,1,BatchQKApplyRotaryPosIdsCosSinCacheHeadParallelismKernel,BatchQKApplyRotaryPosIdsCosSinCacheHeadParallelismKernel
agg_aic_p0_chunk_b9_isl8192_ctx8192,strict_prefix0,/home/ai_lab/ljc/scale-up-sim/aiconfigurator/bench_data/h100_sxm/sglang/v0.5.9/deepseek_v3_mla/agg_csv/20260630_183416_agg_stage2_agg_aic_p0_chunk_b9_isl8192_ctx8192_d8_dctx8192_p1_pf8192_pp0_layers6_backend_auto_cg_off_pcg_off_tp1_profile_nsys__MLA时延拆解.csv,4,prefill,1,attn_mha,8192,12.526367,10.288512,kv_b_proj,,0.127887,70.643663,2.854784,2.85376,2,per_token_group_quant_8bit_kernel,sm90_fp8_gemm_1d2d_impl
agg_aic_p0_chunk_b9_isl8192_ctx8192,strict_prefix0,/home/ai_lab/ljc/scale-up-sim/aiconfigurator/bench_data/h100_sxm/sglang/v0.5.9/deepseek_v3_mla/agg_csv/20260630_183416_agg_stage2_agg_aic_p0_chunk_b9_isl8192_ctx8192_d8_dctx8192_p1_pf8192_pp0_layers6_backend_auto_cg_off_pcg_off_tp1_profile_nsys__MLA时延拆解.csv,4,prefill,1,attn_mha,8192,12.526367,10.288512,attn_mha,context_attention,0.083289,77.817921,5.240576,5.240512,2,prepare_varlen_num_blocks_kernel,device_kernel
agg_aic_p0_chunk_b9_isl8192_ctx8192,strict_prefix0,/home/ai_lab/ljc/scale-up-sim/aiconfigurator/bench_data/h100_sxm/sglang/v0.5.9/deepseek_v3_mla/agg_csv/20260630_183416_agg_stage2_agg_aic_p0_chunk_b9_isl8192_ctx8192_d8_dctx8192_p1_pf8192_pp0_layers6_backend_auto_cg_off_pcg_off_tp1_profile_nsys__MLA时延拆解.csv,4,prefill,1,attn_mha,8192,12.526367,10.288512,o_proj,context_proj_gemm / generation_proj_gemm,0.1487,79.026654,1.313856,1.312576,2,per_token_group_quant_8bit_kernel,sm90_fp8_gemm_1d2d_impl
agg_aic_p0_chunk_b9_isl8192_ctx8192,strict_prefix0,/home/ai_lab/ljc/scale-up-sim/aiconfigurator/bench_data/h100_sxm/sglang/v0.5.9/deepseek_v3_mla/agg_csv/20260630_183416_agg_stage2_agg_aic_p0_chunk_b9_isl8192_ctx8192_d8_dctx8192_p1_pf8192_pp0_layers6_backend_auto_cg_off_pcg_off_tp1_profile_nsys__MLA时延拆解.csv,5,prefill,1,attn_mha,8192,12.656447,10.418752,fused_qkv_a_proj_with_mqa,context_downscale_gemm / generation_downscale_gemm,0.172676,88.618714,0.280576,0.279168,2,per_token_group_quant_8bit_kernel,sm90_fp8_gemm_1d2d_impl
agg_aic_p0_chunk_b9_isl8192_ctx8192,strict_prefix0,/home/ai_lab/ljc/scale-up-sim/aiconfigurator/bench_data/h100_sxm/sglang/v0.5.9/deepseek_v3_mla/agg_csv/20260630_183416_agg_stage2_agg_aic_p0_chunk_b9_isl8192_ctx8192_d8_dctx8192_p1_pf8192_pp0_layers6_backend_auto_cg_off_pcg_off_tp1_profile_nsys__MLA时延拆解.csv,5,prefill,1,attn_mha,8192,12.656447,10.418752,q_a_layernorm,not modeled in DeepSeekModel FallbackOp,0.029522,88.435025,0.018112,0.018112,1,RMSNormKernel,RMSNormKernel
agg_aic_p0_chunk_b9_isl8192_ctx8192,strict_prefix0,/home/ai_lab/ljc/scale-up-sim/aiconfigurator/bench_data/h100_sxm/sglang/v0.5.9/deepseek_v3_mla/agg_csv/20260630_183416_agg_stage2_agg_aic_p0_chunk_b9_isl8192_ctx8192_d8_dctx8192_p1_pf8192_pp0_layers6_backend_auto_cg_off_pcg_off_tp1_profile_nsys__MLA时延拆解.csv,5,prefill,1,attn_mha,8192,12.656447,10.418752,q_b_proj,context_q_b_proj_gemm / generation_q_b_proj_gemm,0.12621,88.84743,0.459136,0.45808,2,per_token_group_quant_8bit_kernel,sm90_fp8_gemm_1d2d_impl
agg_aic_p0_chunk_b9_isl8192_ctx8192,strict_prefix0,/home/ai_lab/ljc/scale-up-sim/aiconfigurator/bench_data/h100_sxm/sglang/v0.5.9/deepseek_v3_mla/agg_csv/20260630_183416_agg_stage2_agg_aic_p0_chunk_b9_isl8192_ctx8192_d8_dctx8192_p1_pf8192_pp0_layers6_backend_auto_cg_off_pcg_off_tp1_profile_nsys__MLA时延拆解.csv,5,prefill,1,attn_mha,8192,12.656447,10.418752,kv_a_layernorm,not modeled in DeepSeekModel FallbackOp,0.024979,88.700555,0.013088,0.013088,1,RMSNormKernel,RMSNormKernel
agg_aic_p0_chunk_b9_isl8192_ctx8192,strict_prefix0,/home/ai_lab/ljc/scale-up-sim/aiconfigurator/bench_data/h100_sxm/sglang/v0.5.9/deepseek_v3_mla/agg_csv/20260630_183416_agg_stage2_agg_aic_p0_chunk_b9_isl8192_ctx8192_d8_dctx8192_p1_pf8192_pp0_layers6_backend_auto_cg_off_pcg_off_tp1_profile_nsys__MLA时延拆解.csv,5,prefill,1,attn_mha,8192,12.656447,10.418752,rotary_emb,partly inside context_attention / generation bmm_rope handling,0.04583,88.7617,0.106336,0.106336,1,BatchQKApplyRotaryPosIdsCosSinCacheHeadParallelismKernel,BatchQKApplyRotaryPosIdsCosSinCacheHeadParallelismKernel
agg_aic_p0_chunk_b9_isl8192_ctx8192,strict_prefix0,/home/ai_lab/ljc/scale-up-sim/aiconfigurator/bench_data/h100_sxm/sglang/v0.5.9/deepseek_v3_mla/agg_csv/20260630_183416_agg_stage2_agg_aic_p0_chunk_b9_isl8192_ctx8192_d8_dctx8192_p1_pf8192_pp0_layers6_backend_auto_cg_off_pcg_off_tp1_profile_nsys__MLA时延拆解.csv,5,prefill,1,attn_mha,8192,12.656447,10.418752,kv_b_proj,,0.123899,91.683065,2.987072,2.984704,2,per_token_group_quant_8bit_kernel,sm90_fp8_gemm_1d2d_impl
agg_aic_p0_chunk_b9_isl8192_ctx8192,strict_prefix0,/home/ai_lab/ljc/scale-up-sim/aiconfigurator/bench_data/h100_sxm/sglang/v0.5.9/deepseek_v3_mla/agg_csv/20260630_183416_agg_stage2_agg_aic_p0_chunk_b9_isl8192_ctx8192_d8_dctx8192_p1_pf8192_pp0_layers6_backend_auto_cg_off_pcg_off_tp1_profile_nsys__MLA时延拆解.csv,5,prefill,1,attn_mha,8192,12.656447,10.418752,attn_mha,context_attention,0.10073,98.871596,5.242432,5.242368,2,prepare_varlen_num_blocks_kernel,device_kernel
agg_aic_p0_chunk_b9_isl8192_ctx8192,strict_prefix0,/home/ai_lab/ljc/scale-up-sim/aiconfigurator/bench_data/h100_sxm/sglang/v0.5.9/deepseek_v3_mla/agg_csv/20260630_183416_agg_stage2_agg_aic_p0_chunk_b9_isl8192_ctx8192_d8_dctx8192_p1_pf8192_pp0_layers6_backend_auto_cg_off_pcg_off_tp1_profile_nsys__MLA时延拆解.csv,5,prefill,1,attn_mha,8192,12.656447,10.418752,o_proj,context_proj_gemm / generation_proj_gemm,0.125754,100.069668,1.319008,1.316896,2,per_token_group_quant_8bit_kernel,sm90_fp8_gemm_1d2d_impl
agg_aic_p0_dense_b36_isl1024_ctx4096,strict_prefix0,/home/ai_lab/ljc/scale-up-sim/aiconfigurator/bench_data/h100_sxm/sglang/v0.5.9/deepseek_v3_mla/agg_csv/20260630_183719_agg_stage2_agg_aic_p0_dense_b36_isl1024_ctx4096_d32_dctx1024_p4_pf1024_pp0_layers6_backend_auto_cg_off_pcg_off_tp1_profile_nsys__MLA时延拆解.csv,0,prefill,1,attn_mha,4128,7.858165,3.786203,fused_qkv_a_proj_with_mqa,context_downscale_gemm / generation_downscale_gemm,0.458192,0.525043,0.368351,0.143903,2,per_token_group_quant_8bit_kernel,sm90_fp8_gemm_1d2d_impl
agg_aic_p0_dense_b36_isl1024_ctx4096,strict_prefix0,/home/ai_lab/ljc/scale-up-sim/aiconfigurator/bench_data/h100_sxm/sglang/v0.5.9/deepseek_v3_mla/agg_csv/20260630_183719_agg_stage2_agg_aic_p0_dense_b36_isl1024_ctx4096_d32_dctx1024_p4_pf1024_pp0_layers6_backend_auto_cg_off_pcg_off_tp1_profile_nsys__MLA时延拆解.csv,0,prefill,1,attn_mha,4128,7.858165,3.786203,q_a_layernorm,not modeled in DeepSeekModel FallbackOp,0.077609,0.077609,0.009184,0.009184,1,RMSNormKernel,RMSNormKernel
agg_aic_p0_dense_b36_isl1024_ctx4096,strict_prefix0,/home/ai_lab/ljc/scale-up-sim/aiconfigurator/bench_data/h100_sxm/sglang/v0.5.9/deepseek_v3_mla/agg_csv/20260630_183719_agg_stage2_agg_aic_p0_dense_b36_isl1024_ctx4096_d32_dctx1024_p4_pf1024_pp0_layers6_backend_auto_cg_off_pcg_off_tp1_profile_nsys__MLA时延拆解.csv,0,prefill,1,attn_mha,4128,7.858165,3.786203,q_b_proj,context_q_b_proj_gemm / generation_q_b_proj_gemm,0.271776,0.475797,0.377408,0.241664,2,per_token_group_quant_8bit_kernel,sm90_fp8_gemm_1d2d_impl
agg_aic_p0_dense_b36_isl1024_ctx4096,strict_prefix0,/home/ai_lab/ljc/scale-up-sim/aiconfigurator/bench_data/h100_sxm/sglang/v0.5.9/deepseek_v3_mla/agg_csv/20260630_183719_agg_stage2_agg_aic_p0_dense_b36_isl1024_ctx4096_d32_dctx1024_p4_pf1024_pp0_layers6_backend_auto_cg_off_pcg_off_tp1_profile_nsys__MLA时延拆解.csv,0,prefill,1,attn_mha,4128,7.858165,3.786203,kv_a_layernorm,not modeled in DeepSeekModel FallbackOp,0.04713,0.14621,0.00912,0.00912,1,RMSNormKernel,RMSNormKernel
agg_aic_p0_dense_b36_isl1024_ctx4096,strict_prefix0,/home/ai_lab/ljc/scale-up-sim/aiconfigurator/bench_data/h100_sxm/sglang/v0.5.9/deepseek_v3_mla/agg_csv/20260630_183719_agg_stage2_agg_aic_p0_dense_b36_isl1024_ctx4096_d32_dctx1024_p4_pf1024_pp0_layers6_backend_auto_cg_off_pcg_off_tp1_profile_nsys__MLA时延拆解.csv,0,prefill,1,attn_mha,4128,7.858165,3.786203,rotary_emb,partly inside context_attention / generation bmm_rope handling,0.118881,0.151584,0.053216,0.053216,1,BatchQKApplyRotaryPosIdsCosSinCacheHeadParallelismKernel,BatchQKApplyRotaryPosIdsCosSinCacheHeadParallelismKernel
agg_aic_p0_dense_b36_isl1024_ctx4096,strict_prefix0,/home/ai_lab/ljc/scale-up-sim/aiconfigurator/bench_data/h100_sxm/sglang/v0.5.9/deepseek_v3_mla/agg_csv/20260630_183719_agg_stage2_agg_aic_p0_dense_b36_isl1024_ctx4096_d32_dctx1024_p4_pf1024_pp0_layers6_backend_auto_cg_off_pcg_off_tp1_profile_nsys__MLA时延拆解.csv,0,prefill,1,attn_mha,4128,7.858165,3.786203,kv_b_proj,,1.811894,2.998404,2.885277,1.288767,2,per_token_group_quant_8bit_kernel,sm90_fp8_gemm_1d2d_impl
agg_aic_p0_dense_b36_isl1024_ctx4096,strict_prefix0,/home/ai_lab/ljc/scale-up-sim/aiconfigurator/bench_data/h100_sxm/sglang/v0.5.9/deepseek_v3_mla/agg_csv/20260630_183719_agg_stage2_agg_aic_p0_dense_b36_isl1024_ctx4096_d32_dctx1024_p4_pf1024_pp0_layers6_backend_auto_cg_off_pcg_off_tp1_profile_nsys__MLA时延拆解.csv,0,prefill,1,attn_mha,4128,7.858165,3.786203,attn_mha,context_attention,0.227049,3.34488,1.32419,1.324126,2,prepare_varlen_num_blocks_kernel,device_kernel
agg_aic_p0_dense_b36_isl1024_ctx4096,strict_prefix0,/home/ai_lab/ljc/scale-up-sim/aiconfigurator/bench_data/h100_sxm/sglang/v0.5.9/deepseek_v3_mla/agg_csv/20260630_183719_agg_stage2_agg_aic_p0_dense_b36_isl1024_ctx4096_d32_dctx1024_p4_pf1024_pp0_layers6_backend_auto_cg_off_pcg_off_tp1_profile_nsys__MLA时延拆解.csv,0,prefill,1,attn_mha,4128,7.858165,3.786203,o_proj,context_proj_gemm / generation_proj_gemm,0.365524,3.78339,0.717375,0.716223,2,per_token_group_quant_8bit_kernel,sm90_fp8_gemm_1d2d_impl
agg_aic_p0_dense_b36_isl1024_ctx4096,strict_prefix0,/home/ai_lab/ljc/scale-up-sim/aiconfigurator/bench_data/h100_sxm/sglang/v0.5.9/deepseek_v3_mla/agg_csv/20260630_183719_agg_stage2_agg_aic_p0_dense_b36_isl1024_ctx4096_d32_dctx1024_p4_pf1024_pp0_layers6_backend_auto_cg_off_pcg_off_tp1_profile_nsys__MLA时延拆解.csv,1,prefill,1,attn_mha,4128,4.952441,3.80969,fused_qkv_a_proj_with_mqa,context_downscale_gemm / generation_downscale_gemm,0.284089,4.781286,0.145728,0.14304,2,per_token_group_quant_8bit_kernel,sm90_fp8_gemm_1d2d_impl
agg_aic_p0_dense_b36_isl1024_ctx4096,strict_prefix0,/home/ai_lab/ljc/scale-up-sim/aiconfigurator/bench_data/h100_sxm/sglang/v0.5.9/deepseek_v3_mla/agg_csv/20260630_183719_agg_stage2_agg_aic_p0_dense_b36_isl1024_ctx4096_d32_dctx1024_p4_pf1024_pp0_layers6_backend_auto_cg_off_pcg_off_tp1_profile_nsys__MLA时延拆解.csv,1,prefill,1,attn_mha,4128,4.952441,3.80969,q_a_layernorm,not modeled in DeepSeekModel FallbackOp,0.063177,4.445402,0.009568,0.009568,1,RMSNormKernel,RMSNormKernel
agg_aic_p0_dense_b36_isl1024_ctx4096,strict_prefix0,/home/ai_lab/ljc/scale-up-sim/aiconfigurator/bench_data/h100_sxm/sglang/v0.5.9/deepseek_v3_mla/agg_csv/20260630_183719_agg_stage2_agg_aic_p0_dense_b36_isl1024_ctx4096_d32_dctx1024_p4_pf1024_pp0_layers6_backend_auto_cg_off_pcg_off_tp1_profile_nsys__MLA时延拆解.csv,1,prefill,1,attn_mha,4128,4.952441,3.80969,q_b_proj,context_q_b_proj_gemm / generation_q_b_proj_gemm,0.247475,4.580081,0.239103,0.237151,2,per_token_group_quant_8bit_kernel,sm90_fp8_gemm_1d2d_impl
agg_aic_p0_dense_b36_isl1024_ctx4096,strict_prefix0,/home/ai_lab/ljc/scale-up-sim/aiconfigurator/bench_data/h100_sxm/sglang/v0.5.9/deepseek_v3_mla/agg_csv/20260630_183719_agg_stage2_agg_aic_p0_dense_b36_isl1024_ctx4096_d32_dctx1024_p4_pf1024_pp0_layers6_backend_auto_cg_off_pcg_off_tp1_profile_nsys__MLA时延拆解.csv,1,prefill,1,attn_mha,4128,4.952441,3.80969,kv_a_layernorm,not modeled in DeepSeekModel FallbackOp,0.04767,4.27644,0.008128,0.008128,1,RMSNormKernel,RMSNormKernel
agg_aic_p0_dense_b36_isl1024_ctx4096,strict_prefix0,/home/ai_lab/ljc/scale-up-sim/aiconfigurator/bench_data/h100_sxm/sglang/v0.5.9/deepseek_v3_mla/agg_csv/20260630_183719_agg_stage2_agg_aic_p0_dense_b36_isl1024_ctx4096_d32_dctx1024_p4_pf1024_pp0_layers6_backend_auto_cg_off_pcg_off_tp1_profile_nsys__MLA时延拆解.csv,1,prefill,1,attn_mha,4128,4.952441,3.80969,rotary_emb,partly inside context_attention / generation bmm_rope handling,0.11073,4.237257,0.052544,0.052544,1,BatchQKApplyRotaryPosIdsCosSinCacheHeadParallelismKernel,BatchQKApplyRotaryPosIdsCosSinCacheHeadParallelismKernel
agg_aic_p0_dense_b36_isl1024_ctx4096,strict_prefix0,/home/ai_lab/ljc/scale-up-sim/aiconfigurator/bench_data/h100_sxm/sglang/v0.5.9/deepseek_v3_mla/agg_csv/20260630_183719_agg_stage2_agg_aic_p0_dense_b36_isl1024_ctx4096_d32_dctx1024_p4_pf1024_pp0_layers6_backend_auto_cg_off_pcg_off_tp1_profile_nsys__MLA时延拆解.csv,1,prefill,1,attn_mha,4128,4.952441,3.80969,kv_b_proj,,0.250698,5.23563,1.327806,1.32659,2,per_token_group_quant_8bit_kernel,sm90_fp8_gemm_1d2d_impl
agg_aic_p0_dense_b36_isl1024_ctx4096,strict_prefix0,/home/ai_lab/ljc/scale-up-sim/aiconfigurator/bench_data/h100_sxm/sglang/v0.5.9/deepseek_v3_mla/agg_csv/20260630_183719_agg_stage2_agg_aic_p0_dense_b36_isl1024_ctx4096_d32_dctx1024_p4_pf1024_pp0_layers6_backend_auto_cg_off_pcg_off_tp1_profile_nsys__MLA时延拆解.csv,1,prefill,1,attn_mha,4128,4.952441,3.80969,attn_mha,context_attention,0.195039,7.270681,1.32131,1.321278,2,prepare_varlen_num_blocks_kernel,device_kernel
agg_aic_p0_dense_b36_isl1024_ctx4096,strict_prefix0,/home/ai_lab/ljc/scale-up-sim/aiconfigurator/bench_data/h100_sxm/sglang/v0.5.9/deepseek_v3_mla/agg_csv/20260630_183719_agg_stage2_agg_aic_p0_dense_b36_isl1024_ctx4096_d32_dctx1024_p4_pf1024_pp0_layers6_backend_auto_cg_off_pcg_off_tp1_profile_nsys__MLA时延拆解.csv,1,prefill,1,attn_mha,4128,4.952441,3.80969,o_proj,context_proj_gemm / generation_proj_gemm,0.244411,7.743145,0.712799,0.711391,2,per_token_group_quant_8bit_kernel,sm90_fp8_gemm_1d2d_impl
agg_aic_p0_dense_b36_isl1024_ctx4096,strict_prefix0,/home/ai_lab/ljc/scale-up-sim/aiconfigurator/bench_data/h100_sxm/sglang/v0.5.9/deepseek_v3_mla/agg_csv/20260630_183719_agg_stage2_agg_aic_p0_dense_b36_isl1024_ctx4096_d32_dctx1024_p4_pf1024_pp0_layers6_backend_auto_cg_off_pcg_off_tp1_profile_nsys__MLA时延拆解.csv,2,prefill,1,attn_mha,4128,5.063705,3.923866,fused_qkv_a_proj_with_mqa,context_downscale_gemm / generation_downscale_gemm,0.248502,8.963334,0.14864,0.146144,2,per_token_group_quant_8bit_kernel,sm90_fp8_gemm_1d2d_impl
agg_aic_p0_dense_b36_isl1024_ctx4096,strict_prefix0,/home/ai_lab/ljc/scale-up-sim/aiconfigurator/bench_data/h100_sxm/sglang/v0.5.9/deepseek_v3_mla/agg_csv/20260630_183719_agg_stage2_agg_aic_p0_dense_b36_isl1024_ctx4096_d32_dctx1024_p4_pf1024_pp0_layers6_backend_auto_cg_off_pcg_off_tp1_profile_nsys__MLA时延拆解.csv,2,prefill,1,attn_mha,4128,5.063705,3.923866,q_a_layernorm,not modeled in DeepSeekModel FallbackOp,0.057788,8.669297,0.009312,0.009312,1,RMSNormKernel,RMSNormKernel
agg_aic_p0_dense_b36_isl1024_ctx4096,strict_prefix0,/home/ai_lab/ljc/scale-up-sim/aiconfigurator/bench_data/h100_sxm/sglang/v0.5.9/deepseek_v3_mla/agg_csv/20260630_183719_agg_stage2_agg_aic_p0_dense_b36_isl1024_ctx4096_d32_dctx1024_p4_pf1024_pp0_layers6_backend_auto_cg_off_pcg_off_tp1_profile_nsys__MLA时延拆解.csv,2,prefill,1,attn_mha,4128,5.063705,3.923866,q_b_proj,context_q_b_proj_gemm / generation_q_b_proj_gemm,0.21787,8.804565,0.237599,0.236575,2,per_token_group_quant_8bit_kernel,sm90_fp8_gemm_1d2d_impl
agg_aic_p0_dense_b36_isl1024_ctx4096,strict_prefix0,/home/ai_lab/ljc/scale-up-sim/aiconfigurator/bench_data/h100_sxm/sglang/v0.5.9/deepseek_v3_mla/agg_csv/20260630_183719_agg_stage2_agg_aic_p0_dense_b36_isl1024_ctx4096_d32_dctx1024_p4_pf1024_pp0_layers6_backend_auto_cg_off_pcg_off_tp1_profile_nsys__MLA时延拆解.csv,2,prefill,1,attn_mha,4128,5.063705,3.923866,kv_a_layernorm,not modeled in DeepSeekModel FallbackOp,0.045847,8.533445,0.008832,0.008832,1,RMSNormKernel,RMSNormKernel
agg_aic_p0_dense_b36_isl1024_ctx4096,strict_prefix0,/home/ai_lab/ljc/scale-up-sim/aiconfigurator/bench_data/h100_sxm/sglang/v0.5.9/deepseek_v3_mla/agg_csv/20260630_183719_agg_stage2_agg_aic_p0_dense_b36_isl1024_ctx4096_d32_dctx1024_p4_pf1024_pp0_layers6_backend_auto_cg_off_pcg_off_tp1_profile_nsys__MLA时延拆解.csv,2,prefill,1,attn_mha,4128,5.063705,3.923866,rotary_emb,partly inside context_attention / generation bmm_rope handling,0.099295,8.494424,0.053024,0.053024,1,BatchQKApplyRotaryPosIdsCosSinCacheHeadParallelismKernel,BatchQKApplyRotaryPosIdsCosSinCacheHeadParallelismKernel
agg_aic_p0_dense_b36_isl1024_ctx4096,strict_prefix0,/home/ai_lab/ljc/scale-up-sim/aiconfigurator/bench_data/h100_sxm/sglang/v0.5.9/deepseek_v3_mla/agg_csv/20260630_183719_agg_stage2_agg_aic_p0_dense_b36_isl1024_ctx4096_d32_dctx1024_p4_pf1024_pp0_layers6_backend_auto_cg_off_pcg_off_tp1_profile_nsys__MLA时延拆解.csv,2,prefill,1,attn_mha,4128,5.063705,3.923866,kv_b_proj,,0.265913,9.616475,1.428446,1.426302,2,per_token_group_quant_8bit_kernel,sm90_fp8_gemm_1d2d_impl
agg_aic_p0_dense_b36_isl1024_ctx4096,strict_prefix0,/home/ai_lab/ljc/scale-up-sim/aiconfigurator/bench_data/h100_sxm/sglang/v0.5.9/deepseek_v3_mla/agg_csv/20260630_183719_agg_stage2_agg_aic_p0_dense_b36_isl1024_ctx4096_d32_dctx1024_p4_pf1024_pp0_layers6_backend_auto_cg_off_pcg_off_tp1_profile_nsys__MLA时延拆解.csv,2,prefill,1,attn_mha,4128,5.063705,3.923866,attn_mha,context_attention,0.177125,11.642104,1.329118,1.329086,2,prepare_varlen_num_blocks_kernel,device_kernel
agg_aic_p0_dense_b36_isl1024_ctx4096,strict_prefix0,/home/ai_lab/ljc/scale-up-sim/aiconfigurator/bench_data/h100_sxm/sglang/v0.5.9/deepseek_v3_mla/agg_csv/20260630_183719_agg_stage2_agg_aic_p0_dense_b36_isl1024_ctx4096_d32_dctx1024_p4_pf1024_pp0_layers6_backend_auto_cg_off_pcg_off_tp1_profile_nsys__MLA时延拆解.csv,2,prefill,1,attn_mha,4128,5.063705,3.923866,o_proj,context_proj_gemm / generation_proj_gemm,0.253753,12.138281,0.715807,0.714591,2,per_token_group_quant_8bit_kernel,sm90_fp8_gemm_1d2d_impl
agg_aic_p0_dense_b36_isl1024_ctx4096,strict_prefix0,/home/ai_lab/ljc/scale-up-sim/aiconfigurator/bench_data/h100_sxm/sglang/v0.5.9/deepseek_v3_mla/agg_csv/20260630_183719_agg_stage2_agg_aic_p0_dense_b36_isl1024_ctx4096_d32_dctx1024_p4_pf1024_pp0_layers6_backend_auto_cg_off_pcg_off_tp1_profile_nsys__MLA时延拆解.csv,3,prefill,1,attn_mha,4128,4.966937,3.827482,fused_qkv_a_proj_with_mqa,context_downscale_gemm / generation_downscale_gemm,0.249073,13.4002,0.143679,0.142591,2,per_token_group_quant_8bit_kernel,sm90_fp8_gemm_1d2d_impl
agg_aic_p0_dense_b36_isl1024_ctx4096,strict_prefix0,/home/ai_lab/ljc/scale-up-sim/aiconfigurator/bench_data/h100_sxm/sglang/v0.5.9/deepseek_v3_mla/agg_csv/20260630_183719_agg_stage2_agg_aic_p0_dense_b36_isl1024_ctx4096_d32_dctx1024_p4_pf1024_pp0_layers6_backend_auto_cg_off_pcg_off_tp1_profile_nsys__MLA时延拆解.csv,3,prefill,1,attn_mha,4128,4.966937,3.827482,q_a_layernorm,not modeled in DeepSeekModel FallbackOp,0.057298,13.105192,0.00944,0.00944,1,RMSNormKernel,RMSNormKernel
agg_aic_p0_dense_b36_isl1024_ctx4096,strict_prefix0,/home/ai_lab/ljc/scale-up-sim/aiconfigurator/bench_data/h100_sxm/sglang/v0.5.9/deepseek_v3_mla/agg_csv/20260630_183719_agg_stage2_agg_aic_p0_dense_b36_isl1024_ctx4096_d32_dctx1024_p4_pf1024_pp0_layers6_backend_auto_cg_off_pcg_off_tp1_profile_nsys__MLA时延拆解.csv,3,prefill,1,attn_mha,4128,4.966937,3.827482,q_b_proj,context_q_b_proj_gemm / generation_q_b_proj_gemm,0.221901,13.255371,0.237408,0.235904,2,per_token_group_quant_8bit_kernel,sm90_fp8_gemm_1d2d_impl
agg_aic_p0_dense_b36_isl1024_ctx4096,strict_prefix0,/home/ai_lab/ljc/scale-up-sim/aiconfigurator/bench_data/h100_sxm/sglang/v0.5.9/deepseek_v3_mla/agg_csv/20260630_183719_agg_stage2_agg_aic_p0_dense_b36_isl1024_ctx4096_d32_dctx1024_p4_pf1024_pp0_layers6_backend_auto_cg_off_pcg_off_tp1_profile_nsys__MLA时延拆解.csv,3,prefill,1,attn_mha,4128,4.966937,3.827482,kv_a_layernorm,not modeled in DeepSeekModel FallbackOp,0.0474,12.980575,0.00832,0.00832,1,RMSNormKernel,RMSNormKernel
agg_aic_p0_dense_b36_isl1024_ctx4096,strict_prefix0,/home/ai_lab/ljc/scale-up-sim/aiconfigurator/bench_data/h100_sxm/sglang/v0.5.9/deepseek_v3_mla/agg_csv/20260630_183719_agg_stage2_agg_aic_p0_dense_b36_isl1024_ctx4096_d32_dctx1024_p4_pf1024_pp0_layers6_backend_auto_cg_off_pcg_off_tp1_profile_nsys__MLA时延拆解.csv,3,prefill,1,attn_mha,4128,4.966937,3.827482,rotary_emb,partly inside context_attention / generation bmm_rope handling,0.093848,12.945066,0.053472,0.053472,1,BatchQKApplyRotaryPosIdsCosSinCacheHeadParallelismKernel,BatchQKApplyRotaryPosIdsCosSinCacheHeadParallelismKernel
agg_aic_p0_dense_b36_isl1024_ctx4096,strict_prefix0,/home/ai_lab/ljc/scale-up-sim/aiconfigurator/bench_data/h100_sxm/sglang/v0.5.9/deepseek_v3_mla/agg_csv/20260630_183719_agg_stage2_agg_aic_p0_dense_b36_isl1024_ctx4096_d32_dctx1024_p4_pf1024_pp0_layers6_backend_auto_cg_off_pcg_off_tp1_profile_nsys__MLA时延拆解.csv,3,prefill,1,attn_mha,4128,4.966937,3.827482,kv_b_proj,,0.26694,13.995103,1.341982,1.339678,2,per_token_group_quant_8bit_kernel,sm90_fp8_gemm_1d2d_impl
agg_aic_p0_dense_b36_isl1024_ctx4096,strict_prefix0,/home/ai_lab/ljc/scale-up-sim/aiconfigurator/bench_data/h100_sxm/sglang/v0.5.9/deepseek_v3_mla/agg_csv/20260630_183719_agg_stage2_agg_aic_p0_dense_b36_isl1024_ctx4096_d32_dctx1024_p4_pf1024_pp0_layers6_backend_auto_cg_off_pcg_off_tp1_profile_nsys__MLA时延拆解.csv,3,prefill,1,attn_mha,4128,4.966937,3.827482,attn_mha,context_attention,0.172472,16.012504,1.324222,1.32419,2,prepare_varlen_num_blocks_kernel,device_kernel
agg_aic_p0_dense_b36_isl1024_ctx4096,strict_prefix0,/home/ai_lab/ljc/scale-up-sim/aiconfigurator/bench_data/h100_sxm/sglang/v0.5.9/deepseek_v3_mla/agg_csv/20260630_183719_agg_stage2_agg_aic_p0_dense_b36_isl1024_ctx4096_d32_dctx1024_p4_pf1024_pp0_layers6_backend_auto_cg_off_pcg_off_tp1_profile_nsys__MLA时延拆解.csv,3,prefill,1,attn_mha,4128,4.966937,3.827482,o_proj,context_proj_gemm / generation_proj_gemm,0.263026,16.513598,0.716127,0.713887,2,per_token_group_quant_8bit_kernel,sm90_fp8_gemm_1d2d_impl
agg_aic_p0_dense_b36_isl1024_ctx4096,strict_prefix0,/home/ai_lab/ljc/scale-up-sim/aiconfigurator/bench_data/h100_sxm/sglang/v0.5.9/deepseek_v3_mla/agg_csv/20260630_183719_agg_stage2_agg_aic_p0_dense_b36_isl1024_ctx4096_d32_dctx1024_p4_pf1024_pp0_layers6_backend_auto_cg_off_pcg_off_tp1_profile_nsys__MLA时延拆解.csv,4,prefill,1,attn_mha,4128,4.881625,3.74041,fused_qkv_a_proj_with_mqa,context_downscale_gemm / generation_downscale_gemm,0.359172,19.631022,0.144704,0.142272,2,per_token_group_quant_8bit_kernel,sm90_fp8_gemm_1d2d_impl
agg_aic_p0_dense_b36_isl1024_ctx4096,strict_prefix0,/home/ai_lab/ljc/scale-up-sim/aiconfigurator/bench_data/h100_sxm/sglang/v0.5.9/deepseek_v3_mla/agg_csv/20260630_183719_agg_stage2_agg_aic_p0_dense_b36_isl1024_ctx4096_d32_dctx1024_p4_pf1024_pp0_layers6_backend_auto_cg_off_pcg_off_tp1_profile_nsys__MLA时延拆解.csv,4,prefill,1,attn_mha,4128,4.881625,3.74041,q_a_layernorm,not modeled in DeepSeekModel FallbackOp,0.061924,19.22064,0.009376,0.009376,1,RMSNormKernel,RMSNormKernel
agg_aic_p0_dense_b36_isl1024_ctx4096,strict_prefix0,/home/ai_lab/ljc/scale-up-sim/aiconfigurator/bench_data/h100_sxm/sglang/v0.5.9/deepseek_v3_mla/agg_csv/20260630_183719_agg_stage2_agg_aic_p0_dense_b36_isl1024_ctx4096_d32_dctx1024_p4_pf1024_pp0_layers6_backend_auto_cg_off_pcg_off_tp1_profile_nsys__MLA时延拆解.csv,4,prefill,1,attn_mha,4128,4.881625,3.74041,q_b_proj,context_q_b_proj_gemm / generation_q_b_proj_gemm,0.251244,19.363753,0.238111,0.236863,2,per_token_group_quant_8bit_kernel,sm90_fp8_gemm_1d2d_impl
agg_aic_p0_dense_b36_isl1024_ctx4096,strict_prefix0,/home/ai_lab/ljc/scale-up-sim/aiconfigurator/bench_data/h100_sxm/sglang/v0.5.9/deepseek_v3_mla/agg_csv/20260630_183719_agg_stage2_agg_aic_p0_dense_b36_isl1024_ctx4096_d32_dctx1024_p4_pf1024_pp0_layers6_backend_auto_cg_off_pcg_off_tp1_profile_nsys__MLA时延拆解.csv,4,prefill,1,attn_mha,4128,4.881625,3.74041,kv_a_layernorm,not modeled in DeepSeekModel FallbackOp,0.046489,19.056032,0.008192,0.008192,1,RMSNormKernel,RMSNormKernel
agg_aic_p0_dense_b36_isl1024_ctx4096,strict_prefix0,/home/ai_lab/ljc/scale-up-sim/aiconfigurator/bench_data/h100_sxm/sglang/v0.5.9/deepseek_v3_mla/agg_csv/20260630_183719_agg_stage2_agg_aic_p0_dense_b36_isl1024_ctx4096_d32_dctx1024_p4_pf1024_pp0_layers6_backend_auto_cg_off_pcg_off_tp1_profile_nsys__MLA时延拆解.csv,4,prefill,1,attn_mha,4128,4.881625,3.74041,rotary_emb,partly inside context_attention / generation bmm_rope handling,0.100045,19.019525,0.053024,0.053024,1,BatchQKApplyRotaryPosIdsCosSinCacheHeadParallelismKernel,BatchQKApplyRotaryPosIdsCosSinCacheHeadParallelismKernel
agg_aic_p0_dense_b36_isl1024_ctx4096,strict_prefix0,/home/ai_lab/ljc/scale-up-sim/aiconfigurator/bench_data/h100_sxm/sglang/v0.5.9/deepseek_v3_mla/agg_csv/20260630_183719_agg_stage2_agg_aic_p0_dense_b36_isl1024_ctx4096_d32_dctx1024_p4_pf1024_pp0_layers6_backend_auto_cg_off_pcg_off_tp1_profile_nsys__MLA时延拆解.csv,4,prefill,1,attn_mha,4128,4.881625,3.74041,kv_b_proj,,0.256463,19.959674,1.251006,1.248862,2,per_token_group_quant_8bit_kernel,sm90_fp8_gemm_1d2d_impl
agg_aic_p0_dense_b36_isl1024_ctx4096,strict_prefix0,/home/ai_lab/ljc/scale-up-sim/aiconfigurator/bench_data/h100_sxm/sglang/v0.5.9/deepseek_v3_mla/agg_csv/20260630_183719_agg_stage2_agg_aic_p0_dense_b36_isl1024_ctx4096_d32_dctx1024_p4_pf1024_pp0_layers6_backend_auto_cg_off_pcg_off_tp1_profile_nsys__MLA时延拆解.csv,4,prefill,1,attn_mha,4128,4.881625,3.74041,attn_mha,context_attention,0.182642,21.994521,1.330302,1.330206,2,prepare_varlen_num_blocks_kernel,device_kernel
agg_aic_p0_dense_b36_isl1024_ctx4096,strict_prefix0,/home/ai_lab/ljc/scale-up-sim/aiconfigurator/bench_data/h100_sxm/sglang/v0.5.9/deepseek_v3_mla/agg_csv/20260630_183719_agg_stage2_agg_aic_p0_dense_b36_isl1024_ctx4096_d32_dctx1024_p4_pf1024_pp0_layers6_backend_auto_cg_off_pcg_off_tp1_profile_nsys__MLA时延拆解.csv,4,prefill,1,attn_mha,4128,4.881625,3.74041,o_proj,context_proj_gemm / generation_proj_gemm,0.27137,22.479501,0.712991,0.711615,2,per_token_group_quant_8bit_kernel,sm90_fp8_gemm_1d2d_impl
agg_aic_p0_dense_b36_isl1024_ctx4096,strict_prefix0,/home/ai_lab/ljc/scale-up-sim/aiconfigurator/bench_data/h100_sxm/sglang/v0.5.9/deepseek_v3_mla/agg_csv/20260630_183719_agg_stage2_agg_aic_p0_dense_b36_isl1024_ctx4096_d32_dctx1024_p4_pf1024_pp0_layers6_backend_auto_cg_off_pcg_off_tp1_profile_nsys__MLA时延拆解.csv,5,prefill,1,attn_mha,4128,4.932697,3.793691,fused_qkv_a_proj_with_mqa,context_downscale_gemm / generation_downscale_gemm,0.351465,25.728544,0.144,0.1416,2,per_token_group_quant_8bit_kernel,sm90_fp8_gemm_1d2d_impl
agg_aic_p0_dense_b36_isl1024_ctx4096,strict_prefix0,/home/ai_lab/ljc/scale-up-sim/aiconfigurator/bench_data/h100_sxm/sglang/v0.5.9/deepseek_v3_mla/agg_csv/20260630_183719_agg_stage2_agg_aic_p0_dense_b36_isl1024_ctx4096_d32_dctx1024_p4_pf1024_pp0_layers6_backend_auto_cg_off_pcg_off_tp1_profile_nsys__MLA时延拆解.csv,5,prefill,1,attn_mha,4128,4.932697,3.793691,q_a_layernorm,not modeled in DeepSeekModel FallbackOp,0.064149,25.326543,0.009536,0.009536,1,RMSNormKernel,RMSNormKernel
agg_aic_p0_dense_b36_isl1024_ctx4096,strict_prefix0,/home/ai_lab/ljc/scale-up-sim/aiconfigurator/bench_data/h100_sxm/sglang/v0.5.9/deepseek_v3_mla/agg_csv/20260630_183719_agg_stage2_agg_aic_p0_dense_b36_isl1024_ctx4096_d32_dctx1024_p4_pf1024_pp0_layers6_backend_auto_cg_off_pcg_off_tp1_profile_nsys__MLA时延拆解.csv,5,prefill,1,attn_mha,4128,4.932697,3.793691,q_b_proj,context_q_b_proj_gemm / generation_q_b_proj_gemm,0.246377,25.45906,0.237184,0.236192,2,per_token_group_quant_8bit_kernel,sm90_fp8_gemm_1d2d_impl
agg_aic_p0_dense_b36_isl1024_ctx4096,strict_prefix0,/home/ai_lab/ljc/scale-up-sim/aiconfigurator/bench_data/h100_sxm/sglang/v0.5.9/deepseek_v3_mla/agg_csv/20260630_183719_agg_stage2_agg_aic_p0_dense_b36_isl1024_ctx4096_d32_dctx1024_p4_pf1024_pp0_layers6_backend_auto_cg_off_pcg_off_tp1_profile_nsys__MLA时延拆解.csv,5,prefill,1,attn_mha,4128,4.932697,3.793691,kv_a_layernorm,not modeled in DeepSeekModel FallbackOp,0.04729,25.157605,0.009216,0.009216,1,RMSNormKernel,RMSNormKernel
agg_aic_p0_dense_b36_isl1024_ctx4096,strict_prefix0,/home/ai_lab/ljc/scale-up-sim/aiconfigurator/bench_data/h100_sxm/sglang/v0.5.9/deepseek_v3_mla/agg_csv/20260630_183719_agg_stage2_agg_aic_p0_dense_b36_isl1024_ctx4096_d32_dctx1024_p4_pf1024_pp0_layers6_backend_auto_cg_off_pcg_off_tp1_profile_nsys__MLA时延拆解.csv,5,prefill,1,attn_mha,4128,4.932697,3.793691,rotary_emb,partly inside context_attention / generation bmm_rope handling,0.098596,25.121255,0.052223,0.052223,1,BatchQKApplyRotaryPosIdsCosSinCacheHeadParallelismKernel,BatchQKApplyRotaryPosIdsCosSinCacheHeadParallelismKernel
agg_aic_p0_dense_b36_isl1024_ctx4096,strict_prefix0,/home/ai_lab/ljc/scale-up-sim/aiconfigurator/bench_data/h100_sxm/sglang/v0.5.9/deepseek_v3_mla/agg_csv/20260630_183719_agg_stage2_agg_aic_p0_dense_b36_isl1024_ctx4096_d32_dctx1024_p4_pf1024_pp0_layers6_backend_auto_cg_off_pcg_off_tp1_profile_nsys__MLA时延拆解.csv,5,prefill,1,attn_mha,4128,4.932697,3.793691,kv_b_proj,,0.249916,26.123938,1.312063,1.310687,2,per_token_group_quant_8bit_kernel,sm90_fp8_gemm_1d2d_impl
agg_aic_p0_dense_b36_isl1024_ctx4096,strict_prefix0,/home/ai_lab/ljc/scale-up-sim/aiconfigurator/bench_data/h100_sxm/sglang/v0.5.9/deepseek_v3_mla/agg_csv/20260630_183719_agg_stage2_agg_aic_p0_dense_b36_isl1024_ctx4096_d32_dctx1024_p4_pf1024_pp0_layers6_backend_auto_cg_off_pcg_off_tp1_profile_nsys__MLA时延拆解.csv,5,prefill,1,attn_mha,4128,4.932697,3.793691,attn_mha,context_attention,0.191509,28.156599,1.32307,1.323038,2,prepare_varlen_num_blocks_kernel,device_kernel
agg_aic_p0_dense_b36_isl1024_ctx4096,strict_prefix0,/home/ai_lab/ljc/scale-up-sim/aiconfigurator/bench_data/h100_sxm/sglang/v0.5.9/deepseek_v3_mla/agg_csv/20260630_183719_agg_stage2_agg_aic_p0_dense_b36_isl1024_ctx4096_d32_dctx1024_p4_pf1024_pp0_layers6_backend_auto_cg_off_pcg_off_tp1_profile_nsys__MLA时延拆解.csv,5,prefill,1,attn_mha,4128,4.932697,3.793691,o_proj,context_proj_gemm / generation_proj_gemm,0.26293,28.633434,0.713439,0.711199,2,per_token_group_quant_8bit_kernel,sm90_fp8_gemm_1d2d_impl
agg_aic_p0_dense_prefill_b40_isl512_ctx4096,strict_prefix0,/home/ai_lab/ljc/scale-up-sim/aiconfigurator/bench_data/h100_sxm/sglang/v0.5.9/deepseek_v3_mla/agg_csv/20260630_184151_agg_stage2_agg_aic_p0_dense_prefill_b40_isl512_ctx4096_d32_dctx512_p8_pf512_pp0_layers6_backend_auto_cg_off_pcg_off_tp1_profile_nsys__MLA时延拆解.csv,0,prefill,1,attn_mha,4128,5.426527,2.718144,fused_qkv_a_proj_with_mqa,context_downscale_gemm / generation_downscale_gemm,0.404943,0.473952,0.34,0.1416,2,per_token_group_quant_8bit_kernel,sm90_fp8_gemm_1d2d_impl
agg_aic_p0_dense_prefill_b40_isl512_ctx4096,strict_prefix0,/home/ai_lab/ljc/scale-up-sim/aiconfigurator/bench_data/h100_sxm/sglang/v0.5.9/deepseek_v3_mla/agg_csv/20260630_184151_agg_stage2_agg_aic_p0_dense_prefill_b40_isl512_ctx4096_d32_dctx512_p8_pf512_pp0_layers6_backend_auto_cg_off_pcg_off_tp1_profile_nsys__MLA时延拆解.csv,0,prefill,1,attn_mha,4128,5.426527,2.718144,q_a_layernorm,not modeled in DeepSeekModel FallbackOp,0.048904,0.052458,0.00928,0.00928,1,RMSNormKernel,RMSNormKernel
agg_aic_p0_dense_prefill_b40_isl512_ctx4096,strict_prefix0,/home/ai_lab/ljc/scale-up-sim/aiconfigurator/bench_data/h100_sxm/sglang/v0.5.9/deepseek_v3_mla/agg_csv/20260630_184151_agg_stage2_agg_aic_p0_dense_prefill_b40_isl512_ctx4096_d32_dctx512_p8_pf512_pp0_layers6_backend_auto_cg_off_pcg_off_tp1_profile_nsys__MLA时延拆解.csv,0,prefill,1,attn_mha,4128,5.426527,2.718144,q_b_proj,context_q_b_proj_gemm / generation_q_b_proj_gemm,0.244539,0.451084,0.3624,0.241536,2,per_token_group_quant_8bit_kernel,sm90_fp8_gemm_1d2d_impl
agg_aic_p0_dense_prefill_b40_isl512_ctx4096,strict_prefix0,/home/ai_lab/ljc/scale-up-sim/aiconfigurator/bench_data/h100_sxm/sglang/v0.5.9/deepseek_v3_mla/agg_csv/20260630_184151_agg_stage2_agg_aic_p0_dense_prefill_b40_isl512_ctx4096_d32_dctx512_p8_pf512_pp0_layers6_backend_auto_cg_off_pcg_off_tp1_profile_nsys__MLA时延拆解.csv,0,prefill,1,attn_mha,4128,5.426527,2.718144,kv_a_layernorm,not modeled in DeepSeekModel FallbackOp,0.041674,0.151217,0.008032,0.008032,1,RMSNormKernel,RMSNormKernel
agg_aic_p0_dense_prefill_b40_isl512_ctx4096,strict_prefix0,/home/ai_lab/ljc/scale-up-sim/aiconfigurator/bench_data/h100_sxm/sglang/v0.5.9/deepseek_v3_mla/agg_csv/20260630_184151_agg_stage2_agg_aic_p0_dense_prefill_b40_isl512_ctx4096_d32_dctx512_p8_pf512_pp0_layers6_backend_auto_cg_off_pcg_off_tp1_profile_nsys__MLA时延拆解.csv,0,prefill,1,attn_mha,4128,5.426527,2.718144,rotary_emb,partly inside context_attention / generation bmm_rope handling,0.099203,0.138288,0.052992,0.052992,1,BatchQKApplyRotaryPosIdsCosSinCacheHeadParallelismKernel,BatchQKApplyRotaryPosIdsCosSinCacheHeadParallelismKernel
agg_aic_p0_dense_prefill_b40_isl512_ctx4096,strict_prefix0,/home/ai_lab/ljc/scale-up-sim/aiconfigurator/bench_data/h100_sxm/sglang/v0.5.9/deepseek_v3_mla/agg_csv/20260630_184151_agg_stage2_agg_aic_p0_dense_prefill_b40_isl512_ctx4096_d32_dctx512_p8_pf512_pp0_layers6_backend_auto_cg_off_pcg_off_tp1_profile_nsys__MLA时延拆解.csv,0,prefill,1,attn_mha,4128,5.426527,2.718144,kv_b_proj,,1.110918,1.798148,1.703104,0.746656,2,per_token_group_quant_8bit_kernel,sm90_fp8_gemm_1d2d_impl
agg_aic_p0_dense_prefill_b40_isl512_ctx4096,strict_prefix0,/home/ai_lab/ljc/scale-up-sim/aiconfigurator/bench_data/h100_sxm/sglang/v0.5.9/deepseek_v3_mla/agg_csv/20260630_184151_agg_stage2_agg_aic_p0_dense_prefill_b40_isl512_ctx4096_d32_dctx512_p8_pf512_pp0_layers6_backend_auto_cg_off_pcg_off_tp1_profile_nsys__MLA时延拆解.csv,0,prefill,1,attn_mha,4128,5.426527,2.718144,attn_mha,context_attention,0.180191,1.933629,0.805184,0.805152,2,prepare_varlen_num_blocks_kernel,device_kernel
agg_aic_p0_dense_prefill_b40_isl512_ctx4096,strict_prefix0,/home/ai_lab/ljc/scale-up-sim/aiconfigurator/bench_data/h100_sxm/sglang/v0.5.9/deepseek_v3_mla/agg_csv/20260630_184151_agg_stage2_agg_aic_p0_dense_prefill_b40_isl512_ctx4096_d32_dctx512_p8_pf512_pp0_layers6_backend_auto_cg_off_pcg_off_tp1_profile_nsys__MLA时延拆解.csv,0,prefill,1,attn_mha,4128,5.426527,2.718144,o_proj,context_proj_gemm / generation_proj_gemm,0.290751,2.421453,0.714304,0.712896,2,per_token_group_quant_8bit_kernel,sm90_fp8_gemm_1d2d_impl
agg_aic_p0_dense_prefill_b40_isl512_ctx4096,strict_prefix0,/home/ai_lab/ljc/scale-up-sim/aiconfigurator/bench_data/h100_sxm/sglang/v0.5.9/deepseek_v3_mla/agg_csv/20260630_184151_agg_stage2_agg_aic_p0_dense_prefill_b40_isl512_ctx4096_d32_dctx512_p8_pf512_pp0_layers6_backend_auto_cg_off_pcg_off_tp1_profile_nsys__MLA时延拆解.csv,1,prefill,1,attn_mha,4128,3.322303,2.669439,fused_qkv_a_proj_with_mqa,context_downscale_gemm / generation_downscale_gemm,0.251778,3.643302,0.14352,0.141408,2,per_token_group_quant_8bit_kernel,sm90_fp8_gemm_1d2d_impl
agg_aic_p0_dense_prefill_b40_isl512_ctx4096,strict_prefix0,/home/ai_lab/ljc/scale-up-sim/aiconfigurator/bench_data/h100_sxm/sglang/v0.5.9/deepseek_v3_mla/agg_csv/20260630_184151_agg_stage2_agg_aic_p0_dense_prefill_b40_isl512_ctx4096_d32_dctx512_p8_pf512_pp0_layers6_backend_auto_cg_off_pcg_off_tp1_profile_nsys__MLA时延拆解.csv,1,prefill,1,attn_mha,4128,3.322303,2.669439,q_a_layernorm,not modeled in DeepSeekModel FallbackOp,0.050328,3.347801,0.009664,0.009664,1,RMSNormKernel,RMSNormKernel
agg_aic_p0_dense_prefill_b40_isl512_ctx4096,strict_prefix0,/home/ai_lab/ljc/scale-up-sim/aiconfigurator/bench_data/h100_sxm/sglang/v0.5.9/deepseek_v3_mla/agg_csv/20260630_184151_agg_stage2_agg_aic_p0_dense_prefill_b40_isl512_ctx4096_d32_dctx512_p8_pf512_pp0_layers6_backend_auto_cg_off_pcg_off_tp1_profile_nsys__MLA时延拆解.csv,1,prefill,1,attn_mha,4128,3.322303,2.669439,q_b_proj,context_q_b_proj_gemm / generation_q_b_proj_gemm,0.213283,3.504719,0.236416,0.235232,2,per_token_group_quant_8bit_kernel,sm90_fp8_gemm_1d2d_impl
agg_aic_p0_dense_prefill_b40_isl512_ctx4096,strict_prefix0,/home/ai_lab/ljc/scale-up-sim/aiconfigurator/bench_data/h100_sxm/sglang/v0.5.9/deepseek_v3_mla/agg_csv/20260630_184151_agg_stage2_agg_aic_p0_dense_prefill_b40_isl512_ctx4096_d32_dctx512_p8_pf512_pp0_layers6_backend_auto_cg_off_pcg_off_tp1_profile_nsys__MLA时延拆解.csv,1,prefill,1,attn_mha,4128,3.322303,2.669439,kv_a_layernorm,not modeled in DeepSeekModel FallbackOp,0.041952,3.240123,0.007968,0.007968,1,RMSNormKernel,RMSNormKernel
agg_aic_p0_dense_prefill_b40_isl512_ctx4096,strict_prefix0,/home/ai_lab/ljc/scale-up-sim/aiconfigurator/bench_data/h100_sxm/sglang/v0.5.9/deepseek_v3_mla/agg_csv/20260630_184151_agg_stage2_agg_aic_p0_dense_prefill_b40_isl512_ctx4096_d32_dctx512_p8_pf512_pp0_layers6_backend_auto_cg_off_pcg_off_tp1_profile_nsys__MLA时延拆解.csv,1,prefill,1,attn_mha,4128,3.322303,2.669439,rotary_emb,partly inside context_attention / generation bmm_rope handling,0.091971,3.216956,0.052832,0.052832,1,BatchQKApplyRotaryPosIdsCosSinCacheHeadParallelismKernel,BatchQKApplyRotaryPosIdsCosSinCacheHeadParallelismKernel
agg_aic_p0_dense_prefill_b40_isl512_ctx4096,strict_prefix0,/home/ai_lab/ljc/scale-up-sim/aiconfigurator/bench_data/h100_sxm/sglang/v0.5.9/deepseek_v3_mla/agg_csv/20260630_184151_agg_stage2_agg_aic_p0_dense_prefill_b40_isl512_ctx4096_d32_dctx512_p8_pf512_pp0_layers6_backend_auto_cg_off_pcg_off_tp1_profile_nsys__MLA时延拆解.csv,1,prefill,1,attn_mha,4128,3.322303,2.669439,kv_b_proj,,0.221426,3.65876,0.715072,0.712864,2,per_token_group_quant_8bit_kernel,sm90_fp8_gemm_1d2d_impl
agg_aic_p0_dense_prefill_b40_isl512_ctx4096,strict_prefix0,/home/ai_lab/ljc/scale-up-sim/aiconfigurator/bench_data/h100_sxm/sglang/v0.5.9/deepseek_v3_mla/agg_csv/20260630_184151_agg_stage2_agg_aic_p0_dense_prefill_b40_isl512_ctx4096_d32_dctx512_p8_pf512_pp0_layers6_backend_auto_cg_off_pcg_off_tp1_profile_nsys__MLA时延拆解.csv,1,prefill,1,attn_mha,4128,3.322303,2.669439,attn_mha,context_attention,0.141151,4.739716,0.797632,0.797631,2,prepare_varlen_num_blocks_kernel,device_kernel
agg_aic_p0_dense_prefill_b40_isl512_ctx4096,strict_prefix0,/home/ai_lab/ljc/scale-up-sim/aiconfigurator/bench_data/h100_sxm/sglang/v0.5.9/deepseek_v3_mla/agg_csv/20260630_184151_agg_stage2_agg_aic_p0_dense_prefill_b40_isl512_ctx4096_d32_dctx512_p8_pf512_pp0_layers6_backend_auto_cg_off_pcg_off_tp1_profile_nsys__MLA时延拆解.csv,1,prefill,1,attn_mha,4128,3.322303,2.669439,o_proj,context_proj_gemm / generation_proj_gemm,0.225041,5.275821,0.713024,0.71184,2,per_token_group_quant_8bit_kernel,sm90_fp8_gemm_1d2d_impl
agg_aic_p0_dense_prefill_b40_isl512_ctx4096,strict_prefix0,/home/ai_lab/ljc/scale-up-sim/aiconfigurator/bench_data/h100_sxm/sglang/v0.5.9/deepseek_v3_mla/agg_csv/20260630_184151_agg_stage2_agg_aic_p0_dense_prefill_b40_isl512_ctx4096_d32_dctx512_p8_pf512_pp0_layers6_backend_auto_cg_off_pcg_off_tp1_profile_nsys__MLA时延拆解.csv,2,prefill,1,attn_mha,4128,3.296064,2.637696,fused_qkv_a_proj_with_mqa,context_downscale_gemm / generation_downscale_gemm,0.230719,6.649439,0.149216,0.147648,2,per_token_group_quant_8bit_kernel,sm90_fp8_gemm_1d2d_impl
agg_aic_p0_dense_prefill_b40_isl512_ctx4096,strict_prefix0,/home/ai_lab/ljc/scale-up-sim/aiconfigurator/bench_data/h100_sxm/sglang/v0.5.9/deepseek_v3_mla/agg_csv/20260630_184151_agg_stage2_agg_aic_p0_dense_prefill_b40_isl512_ctx4096_d32_dctx512_p8_pf512_pp0_layers6_backend_auto_cg_off_pcg_off_tp1_profile_nsys__MLA时延拆解.csv,2,prefill,1,attn_mha,4128,3.296064,2.637696,q_a_layernorm,not modeled in DeepSeekModel FallbackOp,0.04608,6.379204,0.009408,0.009408,1,RMSNormKernel,RMSNormKernel
agg_aic_p0_dense_prefill_b40_isl512_ctx4096,strict_prefix0,/home/ai_lab/ljc/scale-up-sim/aiconfigurator/bench_data/h100_sxm/sglang/v0.5.9/deepseek_v3_mla/agg_csv/20260630_184151_agg_stage2_agg_aic_p0_dense_prefill_b40_isl512_ctx4096_d32_dctx512_p8_pf512_pp0_layers6_backend_auto_cg_off_pcg_off_tp1_profile_nsys__MLA时延拆解.csv,2,prefill,1,attn_mha,4128,3.296064,2.637696,q_b_proj,context_q_b_proj_gemm / generation_q_b_proj_gemm,0.201882,6.542381,0.23648,0.235232,2,per_token_group_quant_8bit_kernel,sm90_fp8_gemm_1d2d_impl
agg_aic_p0_dense_prefill_b40_isl512_ctx4096,strict_prefix0,/home/ai_lab/ljc/scale-up-sim/aiconfigurator/bench_data/h100_sxm/sglang/v0.5.9/deepseek_v3_mla/agg_csv/20260630_184151_agg_stage2_agg_aic_p0_dense_prefill_b40_isl512_ctx4096_d32_dctx512_p8_pf512_pp0_layers6_backend_auto_cg_off_pcg_off_tp1_profile_nsys__MLA时延拆解.csv,2,prefill,1,attn_mha,4128,3.296064,2.637696,kv_a_layernorm,not modeled in DeepSeekModel FallbackOp,0.040483,6.290684,0.00848,0.00848,1,RMSNormKernel,RMSNormKernel
agg_aic_p0_dense_prefill_b40_isl512_ctx4096,strict_prefix0,/home/ai_lab/ljc/scale-up-sim/aiconfigurator/bench_data/h100_sxm/sglang/v0.5.9/deepseek_v3_mla/agg_csv/20260630_184151_agg_stage2_agg_aic_p0_dense_prefill_b40_isl512_ctx4096_d32_dctx512_p8_pf512_pp0_layers6_backend_auto_cg_off_pcg_off_tp1_profile_nsys__MLA时延拆解.csv,2,prefill,1,attn_mha,4128,3.296064,2.637696,rotary_emb,partly inside context_attention / generation bmm_rope handling,0.076467,6.266569,0.052416,0.052416,1,BatchQKApplyRotaryPosIdsCosSinCacheHeadParallelismKernel,BatchQKApplyRotaryPosIdsCosSinCacheHeadParallelismKernel
agg_aic_p0_dense_prefill_b40_isl512_ctx4096,strict_prefix0,/home/ai_lab/ljc/scale-up-sim/aiconfigurator/bench_data/h100_sxm/sglang/v0.5.9/deepseek_v3_mla/agg_csv/20260630_184151_agg_stage2_agg_aic_p0_dense_prefill_b40_isl512_ctx4096_d32_dctx512_p8_pf512_pp0_layers6_backend_auto_cg_off_pcg_off_tp1_profile_nsys__MLA时延拆解.csv,2,prefill,1,attn_mha,4128,3.296064,2.637696,kv_b_proj,,0.218532,6.687276,0.673376,0.671392,2,per_token_group_quant_8bit_kernel,sm90_fp8_gemm_1d2d_impl
agg_aic_p0_dense_prefill_b40_isl512_ctx4096,strict_prefix0,/home/ai_lab/ljc/scale-up-sim/aiconfigurator/bench_data/h100_sxm/sglang/v0.5.9/deepseek_v3_mla/agg_csv/20260630_184151_agg_stage2_agg_aic_p0_dense_prefill_b40_isl512_ctx4096_d32_dctx512_p8_pf512_pp0_layers6_backend_auto_cg_off_pcg_off_tp1_profile_nsys__MLA时延拆解.csv,2,prefill,1,attn_mha,4128,3.296064,2.637696,attn_mha,context_attention,0.139806,7.780459,0.801536,0.801472,2,prepare_varlen_num_blocks_kernel,device_kernel
agg_aic_p0_dense_prefill_b40_isl512_ctx4096,strict_prefix0,/home/ai_lab/ljc/scale-up-sim/aiconfigurator/bench_data/h100_sxm/sglang/v0.5.9/deepseek_v3_mla/agg_csv/20260630_184151_agg_stage2_agg_aic_p0_dense_prefill_b40_isl512_ctx4096_d32_dctx512_p8_pf512_pp0_layers6_backend_auto_cg_off_pcg_off_tp1_profile_nsys__MLA时延拆解.csv,2,prefill,1,attn_mha,4128,3.296064,2.637696,o_proj,context_proj_gemm / generation_proj_gemm,0.212236,8.322368,0.713856,0.711648,2,per_token_group_quant_8bit_kernel,sm90_fp8_gemm_1d2d_impl
agg_aic_p0_dense_prefill_b40_isl512_ctx4096,strict_prefix0,/home/ai_lab/ljc/scale-up-sim/aiconfigurator/bench_data/h100_sxm/sglang/v0.5.9/deepseek_v3_mla/agg_csv/20260630_184151_agg_stage2_agg_aic_p0_dense_prefill_b40_isl512_ctx4096_d32_dctx512_p8_pf512_pp0_layers6_backend_auto_cg_off_pcg_off_tp1_profile_nsys__MLA时延拆解.csv,3,prefill,1,attn_mha,4128,3.346719,2.690144,fused_qkv_a_proj_with_mqa,context_downscale_gemm / generation_downscale_gemm,0.224491,9.705317,0.142336,0.140928,2,per_token_group_quant_8bit_kernel,sm90_fp8_gemm_1d2d_impl
agg_aic_p0_dense_prefill_b40_isl512_ctx4096,strict_prefix0,/home/ai_lab/ljc/scale-up-sim/aiconfigurator/bench_data/h100_sxm/sglang/v0.5.9/deepseek_v3_mla/agg_csv/20260630_184151_agg_stage2_agg_aic_p0_dense_prefill_b40_isl512_ctx4096_d32_dctx512_p8_pf512_pp0_layers6_backend_auto_cg_off_pcg_off_tp1_profile_nsys__MLA时延拆解.csv,3,prefill,1,attn_mha,4128,3.346719,2.690144,q_a_layernorm,not modeled in DeepSeekModel FallbackOp,0.04522,9.440675,0.009376,0.009376,1,RMSNormKernel,RMSNormKernel
agg_aic_p0_dense_prefill_b40_isl512_ctx4096,strict_prefix0,/home/ai_lab/ljc/scale-up-sim/aiconfigurator/bench_data/h100_sxm/sglang/v0.5.9/deepseek_v3_mla/agg_csv/20260630_184151_agg_stage2_agg_aic_p0_dense_prefill_b40_isl512_ctx4096_d32_dctx512_p8_pf512_pp0_layers6_backend_auto_cg_off_pcg_off_tp1_profile_nsys__MLA时延拆解.csv,3,prefill,1,attn_mha,4128,3.346719,2.690144,q_b_proj,context_q_b_proj_gemm / generation_q_b_proj_gemm,0.205081,9.6048,0.237536,0.235488,2,per_token_group_quant_8bit_kernel,sm90_fp8_gemm_1d2d_impl
agg_aic_p0_dense_prefill_b40_isl512_ctx4096,strict_prefix0,/home/ai_lab/ljc/scale-up-sim/aiconfigurator/bench_data/h100_sxm/sglang/v0.5.9/deepseek_v3_mla/agg_csv/20260630_184151_agg_stage2_agg_aic_p0_dense_prefill_b40_isl512_ctx4096_d32_dctx512_p8_pf512_pp0_layers6_backend_auto_cg_off_pcg_off_tp1_profile_nsys__MLA时延拆解.csv,3,prefill,1,attn_mha,4128,3.346719,2.690144,kv_a_layernorm,not modeled in DeepSeekModel FallbackOp,0.039421,9.349651,0.008576,0.008576,1,RMSNormKernel,RMSNormKernel
agg_aic_p0_dense_prefill_b40_isl512_ctx4096,strict_prefix0,/home/ai_lab/ljc/scale-up-sim/aiconfigurator/bench_data/h100_sxm/sglang/v0.5.9/deepseek_v3_mla/agg_csv/20260630_184151_agg_stage2_agg_aic_p0_dense_prefill_b40_isl512_ctx4096_d32_dctx512_p8_pf512_pp0_layers6_backend_auto_cg_off_pcg_off_tp1_profile_nsys__MLA时延拆解.csv,3,prefill,1,attn_mha,4128,3.346719,2.690144,rotary_emb,partly inside context_attention / generation bmm_rope handling,0.072149,9.323886,0.052736,0.052736,1,BatchQKApplyRotaryPosIdsCosSinCacheHeadParallelismKernel,BatchQKApplyRotaryPosIdsCosSinCacheHeadParallelismKernel
agg_aic_p0_dense_prefill_b40_isl512_ctx4096,strict_prefix0,/home/ai_lab/ljc/scale-up-sim/aiconfigurator/bench_data/h100_sxm/sglang/v0.5.9/deepseek_v3_mla/agg_csv/20260630_184151_agg_stage2_agg_aic_p0_dense_prefill_b40_isl512_ctx4096_d32_dctx512_p8_pf512_pp0_layers6_backend_auto_cg_off_pcg_off_tp1_profile_nsys__MLA时延拆解.csv,3,prefill,1,attn_mha,4128,3.346719,2.690144,kv_b_proj,,0.217599,9.814186,0.728384,0.726976,2,per_token_group_quant_8bit_kernel,sm90_fp8_gemm_1d2d_impl
agg_aic_p0_dense_prefill_b40_isl512_ctx4096,strict_prefix0,/home/ai_lab/ljc/scale-up-sim/aiconfigurator/bench_data/h100_sxm/sglang/v0.5.9/deepseek_v3_mla/agg_csv/20260630_184151_agg_stage2_agg_aic_p0_dense_prefill_b40_isl512_ctx4096_d32_dctx512_p8_pf512_pp0_layers6_backend_auto_cg_off_pcg_off_tp1_profile_nsys__MLA时延拆解.csv,3,prefill,1,attn_mha,4128,3.346719,2.690144,attn_mha,context_attention,0.134935,10.908805,0.804672,0.804608,2,prepare_varlen_num_blocks_kernel,device_kernel
agg_aic_p0_dense_prefill_b40_isl512_ctx4096,strict_prefix0,/home/ai_lab/ljc/scale-up-sim/aiconfigurator/bench_data/h100_sxm/sglang/v0.5.9/deepseek_v3_mla/agg_csv/20260630_184151_agg_stage2_agg_aic_p0_dense_prefill_b40_isl512_ctx4096_d32_dctx512_p8_pf512_pp0_layers6_backend_auto_cg_off_pcg_off_tp1_profile_nsys__MLA时延拆解.csv,3,prefill,1,attn_mha,4128,3.346719,2.690144,o_proj,context_proj_gemm / generation_proj_gemm,0.214343,11.451912,0.713824,0.711456,2,per_token_group_quant_8bit_kernel,sm90_fp8_gemm_1d2d_impl
agg_aic_p0_dense_prefill_b40_isl512_ctx4096,strict_prefix0,/home/ai_lab/ljc/scale-up-sim/aiconfigurator/bench_data/h100_sxm/sglang/v0.5.9/deepseek_v3_mla/agg_csv/20260630_184151_agg_stage2_agg_aic_p0_dense_prefill_b40_isl512_ctx4096_d32_dctx512_p8_pf512_pp0_layers6_backend_auto_cg_off_pcg_off_tp1_profile_nsys__MLA时延拆解.csv,4,prefill,1,attn_mha,4128,3.324511,2.670303,fused_qkv_a_proj_with_mqa,context_downscale_gemm / generation_downscale_gemm,0.28923,14.862932,0.142816,0.141472,2,per_token_group_quant_8bit_kernel,sm90_fp8_gemm_1d2d_impl
agg_aic_p0_dense_prefill_b40_isl512_ctx4096,strict_prefix0,/home/ai_lab/ljc/scale-up-sim/aiconfigurator/bench_data/h100_sxm/sglang/v0.5.9/deepseek_v3_mla/agg_csv/20260630_184151_agg_stage2_agg_aic_p0_dense_prefill_b40_isl512_ctx4096_d32_dctx512_p8_pf512_pp0_layers6_backend_auto_cg_off_pcg_off_tp1_profile_nsys__MLA时延拆解.csv,4,prefill,1,attn_mha,4128,3.324511,2.670303,q_a_layernorm,not modeled in DeepSeekModel FallbackOp,0.049052,14.531497,0.009472,0.009472,1,RMSNormKernel,RMSNormKernel
agg_aic_p0_dense_prefill_b40_isl512_ctx4096,strict_prefix0,/home/ai_lab/ljc/scale-up-sim/aiconfigurator/bench_data/h100_sxm/sglang/v0.5.9/deepseek_v3_mla/agg_csv/20260630_184151_agg_stage2_agg_aic_p0_dense_prefill_b40_isl512_ctx4096_d32_dctx512_p8_pf512_pp0_layers6_backend_auto_cg_off_pcg_off_tp1_profile_nsys__MLA时延拆解.csv,4,prefill,1,attn_mha,4128,3.324511,2.670303,q_b_proj,context_q_b_proj_gemm / generation_q_b_proj_gemm,0.22192,14.686972,0.235904,0.23472,2,per_token_group_quant_8bit_kernel,sm90_fp8_gemm_1d2d_impl
agg_aic_p0_dense_prefill_b40_isl512_ctx4096,strict_prefix0,/home/ai_lab/ljc/scale-up-sim/aiconfigurator/bench_data/h100_sxm/sglang/v0.5.9/deepseek_v3_mla/agg_csv/20260630_184151_agg_stage2_agg_aic_p0_dense_prefill_b40_isl512_ctx4096_d32_dctx512_p8_pf512_pp0_layers6_backend_auto_cg_off_pcg_off_tp1_profile_nsys__MLA时延拆解.csv,4,prefill,1,attn_mha,4128,3.324511,2.670303,kv_a_layernorm,not modeled in DeepSeekModel FallbackOp,0.046561,14.408926,0.008096,0.008096,1,RMSNormKernel,RMSNormKernel
agg_aic_p0_dense_prefill_b40_isl512_ctx4096,strict_prefix0,/home/ai_lab/ljc/scale-up-sim/aiconfigurator/bench_data/h100_sxm/sglang/v0.5.9/deepseek_v3_mla/agg_csv/20260630_184151_agg_stage2_agg_aic_p0_dense_prefill_b40_isl512_ctx4096_d32_dctx512_p8_pf512_pp0_layers6_backend_auto_cg_off_pcg_off_tp1_profile_nsys__MLA时延拆解.csv,4,prefill,1,attn_mha,4128,3.324511,2.670303,rotary_emb,partly inside context_attention / generation bmm_rope handling,0.075997,14.377646,0.052608,0.052608,1,BatchQKApplyRotaryPosIdsCosSinCacheHeadParallelismKernel,BatchQKApplyRotaryPosIdsCosSinCacheHeadParallelismKernel
agg_aic_p0_dense_prefill_b40_isl512_ctx4096,strict_prefix0,/home/ai_lab/ljc/scale-up-sim/aiconfigurator/bench_data/h100_sxm/sglang/v0.5.9/deepseek_v3_mla/agg_csv/20260630_184151_agg_stage2_agg_aic_p0_dense_prefill_b40_isl512_ctx4096_d32_dctx512_p8_pf512_pp0_layers6_backend_auto_cg_off_pcg_off_tp1_profile_nsys__MLA时延拆解.csv,4,prefill,1,attn_mha,4128,3.324511,2.670303,kv_b_proj,,0.24067,14.844554,0.713439,0.712447,2,per_token_group_quant_8bit_kernel,sm90_fp8_gemm_1d2d_impl
agg_aic_p0_dense_prefill_b40_isl512_ctx4096,strict_prefix0,/home/ai_lab/ljc/scale-up-sim/aiconfigurator/bench_data/h100_sxm/sglang/v0.5.9/deepseek_v3_mla/agg_csv/20260630_184151_agg_stage2_agg_aic_p0_dense_prefill_b40_isl512_ctx4096_d32_dctx512_p8_pf512_pp0_layers6_backend_auto_cg_off_pcg_off_tp1_profile_nsys__MLA时延拆解.csv,4,prefill,1,attn_mha,4128,3.324511,2.670303,attn_mha,context_attention,0.142746,15.903317,0.799808,0.799712,2,prepare_varlen_num_blocks_kernel,device_kernel
agg_aic_p0_dense_prefill_b40_isl512_ctx4096,strict_prefix0,/home/ai_lab/ljc/scale-up-sim/aiconfigurator/bench_data/h100_sxm/sglang/v0.5.9/deepseek_v3_mla/agg_csv/20260630_184151_agg_stage2_agg_aic_p0_dense_prefill_b40_isl512_ctx4096_d32_dctx512_p8_pf512_pp0_layers6_backend_auto_cg_off_pcg_off_tp1_profile_nsys__MLA时延拆解.csv,4,prefill,1,attn_mha,4128,3.324511,2.670303,o_proj,context_proj_gemm / generation_proj_gemm,0.243765,16.438207,0.714048,0.711776,2,per_token_group_quant_8bit_kernel,sm90_fp8_gemm_1d2d_impl
agg_aic_p0_dense_prefill_b40_isl512_ctx4096,strict_prefix0,/home/ai_lab/ljc/scale-up-sim/aiconfigurator/bench_data/h100_sxm/sglang/v0.5.9/deepseek_v3_mla/agg_csv/20260630_184151_agg_stage2_agg_aic_p0_dense_prefill_b40_isl512_ctx4096_d32_dctx512_p8_pf512_pp0_layers6_backend_auto_cg_off_pcg_off_tp1_profile_nsys__MLA时延拆解.csv,5,prefill,1,attn_mha,4128,3.361055,2.709311,fused_qkv_a_proj_with_mqa,context_downscale_gemm / generation_downscale_gemm,0.259639,20.046019,0.146464,0.144224,2,per_token_group_quant_8bit_kernel,sm90_fp8_gemm_1d2d_impl
agg_aic_p0_dense_prefill_b40_isl512_ctx4096,strict_prefix0,/home/ai_lab/ljc/scale-up-sim/aiconfigurator/bench_data/h100_sxm/sglang/v0.5.9/deepseek_v3_mla/agg_csv/20260630_184151_agg_stage2_agg_aic_p0_dense_prefill_b40_isl512_ctx4096_d32_dctx512_p8_pf512_pp0_layers6_backend_auto_cg_off_pcg_off_tp1_profile_nsys__MLA时延拆解.csv,5,prefill,1,attn_mha,4128,3.361055,2.709311,q_a_layernorm,not modeled in DeepSeekModel FallbackOp,0.062264,19.744575,0.00928,0.00928,1,RMSNormKernel,RMSNormKernel
agg_aic_p0_dense_prefill_b40_isl512_ctx4096,strict_prefix0,/home/ai_lab/ljc/scale-up-sim/aiconfigurator/bench_data/h100_sxm/sglang/v0.5.9/deepseek_v3_mla/agg_csv/20260630_184151_agg_stage2_agg_aic_p0_dense_prefill_b40_isl512_ctx4096_d32_dctx512_p8_pf512_pp0_layers6_backend_auto_cg_off_pcg_off_tp1_profile_nsys__MLA时延拆解.csv,5,prefill,1,attn_mha,4128,3.361055,2.709311,q_b_proj,context_q_b_proj_gemm / generation_q_b_proj_gemm,0.228954,19.888262,0.236255,0.235231,2,per_token_group_quant_8bit_kernel,sm90_fp8_gemm_1d2d_impl
agg_aic_p0_dense_prefill_b40_isl512_ctx4096,strict_prefix0,/home/ai_lab/ljc/scale-up-sim/aiconfigurator/bench_data/h100_sxm/sglang/v0.5.9/deepseek_v3_mla/agg_csv/20260630_184151_agg_stage2_agg_aic_p0_dense_prefill_b40_isl512_ctx4096_d32_dctx512_p8_pf512_pp0_layers6_backend_auto_cg_off_pcg_off_tp1_profile_nsys__MLA时延拆解.csv,5,prefill,1,attn_mha,4128,3.361055,2.709311,kv_a_layernorm,not modeled in DeepSeekModel FallbackOp,0.040909,19.607513,0.008,0.008,1,RMSNormKernel,RMSNormKernel
agg_aic_p0_dense_prefill_b40_isl512_ctx4096,strict_prefix0,/home/ai_lab/ljc/scale-up-sim/aiconfigurator/bench_data/h100_sxm/sglang/v0.5.9/deepseek_v3_mla/agg_csv/20260630_184151_agg_stage2_agg_aic_p0_dense_prefill_b40_isl512_ctx4096_d32_dctx512_p8_pf512_pp0_layers6_backend_auto_cg_off_pcg_off_tp1_profile_nsys__MLA时延拆解.csv,5,prefill,1,attn_mha,4128,3.361055,2.709311,rotary_emb,partly inside context_attention / generation bmm_rope handling,0.07458,19.582359,0.053312,0.053312,1,BatchQKApplyRotaryPosIdsCosSinCacheHeadParallelismKernel,BatchQKApplyRotaryPosIdsCosSinCacheHeadParallelismKernel
agg_aic_p0_dense_prefill_b40_isl512_ctx4096,strict_prefix0,/home/ai_lab/ljc/scale-up-sim/aiconfigurator/bench_data/h100_sxm/sglang/v0.5.9/deepseek_v3_mla/agg_csv/20260630_184151_agg_stage2_agg_aic_p0_dense_prefill_b40_isl512_ctx4096_d32_dctx512_p8_pf512_pp0_layers6_backend_auto_cg_off_pcg_off_tp1_profile_nsys__MLA时延拆解.csv,5,prefill,1,attn_mha,4128,3.361055,2.709311,kv_b_proj,,0.22455,20.090716,0.747584,0.745632,2,per_token_group_quant_8bit_kernel,sm90_fp8_gemm_1d2d_impl
agg_aic_p0_dense_prefill_b40_isl512_ctx4096,strict_prefix0,/home/ai_lab/ljc/scale-up-sim/aiconfigurator/bench_data/h100_sxm/sglang/v0.5.9/deepseek_v3_mla/agg_csv/20260630_184151_agg_stage2_agg_aic_p0_dense_prefill_b40_isl512_ctx4096_d32_dctx512_p8_pf512_pp0_layers6_backend_auto_cg_off_pcg_off_tp1_profile_nsys__MLA时延拆解.csv,5,prefill,1,attn_mha,4128,3.361055,2.709311,attn_mha,context_attention,0.143539,21.160257,0.801504,0.801472,2,prepare_varlen_num_blocks_kernel,device_kernel
agg_aic_p0_dense_prefill_b40_isl512_ctx4096,strict_prefix0,/home/ai_lab/ljc/scale-up-sim/aiconfigurator/bench_data/h100_sxm/sglang/v0.5.9/deepseek_v3_mla/agg_csv/20260630_184151_agg_stage2_agg_aic_p0_dense_prefill_b40_isl512_ctx4096_d32_dctx512_p8_pf512_pp0_layers6_backend_auto_cg_off_pcg_off_tp1_profile_nsys__MLA时延拆解.csv,5,prefill,1,attn_mha,4128,3.361055,2.709311,o_proj,context_proj_gemm / generation_proj_gemm,0.228863,21.6948,0.71328,0.71216,2,per_token_group_quant_8bit_kernel,sm90_fp8_gemm_1d2d_impl
agg_aic_p0_longctx_b8_isl4096_ctx8192,strict_prefix0,/home/ai_lab/ljc/scale-up-sim/aiconfigurator/bench_data/h100_sxm/sglang/v0.5.9/deepseek_v3_mla/agg_csv/20260630_184647_agg_stage2_agg_aic_p0_longctx_b8_isl4096_ctx8192_d6_dctx4096_p2_pf4096_pp0_layers6_backend_auto_cg_off_pcg_off_tp1_profile_nsys__MLA时延拆解.csv,0,prefill,1,attn_mha,8192,7.43743,5.783095,fused_qkv_a_proj_with_mqa,context_downscale_gemm / generation_downscale_gemm,0.340358,0.49977,0.386943,0.275071,2,per_token_group_quant_8bit_kernel,sm90_fp8_gemm_1d2d_impl
agg_aic_p0_longctx_b8_isl4096_ctx8192,strict_prefix0,/home/ai_lab/ljc/scale-up-sim/aiconfigurator/bench_data/h100_sxm/sglang/v0.5.9/deepseek_v3_mla/agg_csv/20260630_184647_agg_stage2_agg_aic_p0_longctx_b8_isl4096_ctx8192_d6_dctx4096_p2_pf4096_pp0_layers6_backend_auto_cg_off_pcg_off_tp1_profile_nsys__MLA时延拆解.csv,0,prefill,1,attn_mha,8192,7.43743,5.783095,q_a_layernorm,not modeled in DeepSeekModel FallbackOp,0.048116,0.121451,0.017568,0.017568,1,RMSNormKernel,RMSNormKernel
agg_aic_p0_longctx_b8_isl4096_ctx8192,strict_prefix0,/home/ai_lab/ljc/scale-up-sim/aiconfigurator/bench_data/h100_sxm/sglang/v0.5.9/deepseek_v3_mla/agg_csv/20260630_184647_agg_stage2_agg_aic_p0_longctx_b8_isl4096_ctx8192_d6_dctx4096_p2_pf4096_pp0_layers6_backend_auto_cg_off_pcg_off_tp1_profile_nsys__MLA时延拆解.csv,0,prefill,1,attn_mha,8192,7.43743,5.783095,q_b_proj,context_q_b_proj_gemm / generation_q_b_proj_gemm,0.246404,0.652356,0.565535,0.450687,2,per_token_group_quant_8bit_kernel,sm90_fp8_gemm_1d2d_impl
agg_aic_p0_longctx_b8_isl4096_ctx8192,strict_prefix0,/home/ai_lab/ljc/scale-up-sim/aiconfigurator/bench_data/h100_sxm/sglang/v0.5.9/deepseek_v3_mla/agg_csv/20260630_184647_agg_stage2_agg_aic_p0_longctx_b8_isl4096_ctx8192_d6_dctx4096_p2_pf4096_pp0_layers6_backend_auto_cg_off_pcg_off_tp1_profile_nsys__MLA时延拆解.csv,0,prefill,1,attn_mha,8192,7.43743,5.783095,kv_a_layernorm,not modeled in DeepSeekModel FallbackOp,0.041478,0.355227,0.012768,0.012768,1,RMSNormKernel,RMSNormKernel
agg_aic_p0_longctx_b8_isl4096_ctx8192,strict_prefix0,/home/ai_lab/ljc/scale-up-sim/aiconfigurator/bench_data/h100_sxm/sglang/v0.5.9/deepseek_v3_mla/agg_csv/20260630_184647_agg_stage2_agg_aic_p0_longctx_b8_isl4096_ctx8192_d6_dctx4096_p2_pf4096_pp0_layers6_backend_auto_cg_off_pcg_off_tp1_profile_nsys__MLA时延拆解.csv,0,prefill,1,attn_mha,8192,7.43743,5.783095,rotary_emb,partly inside context_attention / generation bmm_rope handling,0.097081,0.378937,0.106368,0.106368,1,BatchQKApplyRotaryPosIdsCosSinCacheHeadParallelismKernel,BatchQKApplyRotaryPosIdsCosSinCacheHeadParallelismKernel
agg_aic_p0_longctx_b8_isl4096_ctx8192,strict_prefix0,/home/ai_lab/ljc/scale-up-sim/aiconfigurator/bench_data/h100_sxm/sglang/v0.5.9/deepseek_v3_mla/agg_csv/20260630_184647_agg_stage2_agg_aic_p0_longctx_b8_isl4096_ctx8192_d6_dctx4096_p2_pf4096_pp0_layers6_backend_auto_cg_off_pcg_off_tp1_profile_nsys__MLA时延拆解.csv,0,prefill,1,attn_mha,8192,7.43743,5.783095,kv_b_proj,,0.274611,1.307787,1.209374,1.08451,2,per_token_group_quant_8bit_kernel,sm90_fp8_gemm_1d2d_impl
agg_aic_p0_longctx_b8_isl4096_ctx8192,strict_prefix0,/home/ai_lab/ljc/scale-up-sim/aiconfigurator/bench_data/h100_sxm/sglang/v0.5.9/deepseek_v3_mla/agg_csv/20260630_184647_agg_stage2_agg_aic_p0_longctx_b8_isl4096_ctx8192_d6_dctx4096_p2_pf4096_pp0_layers6_backend_auto_cg_off_pcg_off_tp1_profile_nsys__MLA时延拆解.csv,0,prefill,1,attn_mha,8192,7.43743,5.783095,attn_mha,context_attention,0.159692,4.446823,2.578556,2.578524,2,prepare_varlen_num_blocks_kernel,device_kernel
agg_aic_p0_longctx_b8_isl4096_ctx8192,strict_prefix0,/home/ai_lab/ljc/scale-up-sim/aiconfigurator/bench_data/h100_sxm/sglang/v0.5.9/deepseek_v3_mla/agg_csv/20260630_184647_agg_stage2_agg_aic_p0_longctx_b8_isl4096_ctx8192_d6_dctx4096_p2_pf4096_pp0_layers6_backend_auto_cg_off_pcg_off_tp1_profile_nsys__MLA时延拆解.csv,0,prefill,1,attn_mha,8192,7.43743,5.783095,o_proj,context_proj_gemm / generation_proj_gemm,0.244948,5.503729,1.259423,1.257599,2,per_token_group_quant_8bit_kernel,sm90_fp8_gemm_1d2d_impl
agg_aic_p0_longctx_b8_isl4096_ctx8192,strict_prefix0,/home/ai_lab/ljc/scale-up-sim/aiconfigurator/bench_data/h100_sxm/sglang/v0.5.9/deepseek_v3_mla/agg_csv/20260630_184647_agg_stage2_agg_aic_p0_longctx_b8_isl4096_ctx8192_d6_dctx4096_p2_pf4096_pp0_layers6_backend_auto_cg_off_pcg_off_tp1_profile_nsys__MLA时延拆解.csv,1,prefill,1,attn_mha,8192,6.923062,5.895128,fused_qkv_a_proj_with_mqa,context_downscale_gemm / generation_downscale_gemm,0.229589,9.160989,0.268607,0.267135,2,per_token_group_quant_8bit_kernel,sm90_fp8_gemm_1d2d_impl
agg_aic_p0_longctx_b8_isl4096_ctx8192,strict_prefix0,/home/ai_lab/ljc/scale-up-sim/aiconfigurator/bench_data/h100_sxm/sglang/v0.5.9/deepseek_v3_mla/agg_csv/20260630_184647_agg_stage2_agg_aic_p0_longctx_b8_isl4096_ctx8192_d6_dctx4096_p2_pf4096_pp0_layers6_backend_auto_cg_off_pcg_off_tp1_profile_nsys__MLA时延拆解.csv,1,prefill,1,attn_mha,8192,6.923062,5.895128,q_a_layernorm,not modeled in DeepSeekModel FallbackOp,0.047876,8.893934,0.01776,0.01776,1,RMSNormKernel,RMSNormKernel
agg_aic_p0_longctx_b8_isl4096_ctx8192,strict_prefix0,/home/ai_lab/ljc/scale-up-sim/aiconfigurator/bench_data/h100_sxm/sglang/v0.5.9/deepseek_v3_mla/agg_csv/20260630_184647_agg_stage2_agg_aic_p0_longctx_b8_isl4096_ctx8192_d6_dctx4096_p2_pf4096_pp0_layers6_backend_auto_cg_off_pcg_off_tp1_profile_nsys__MLA时延拆解.csv,1,prefill,1,attn_mha,8192,6.923062,5.895128,q_b_proj,context_q_b_proj_gemm / generation_q_b_proj_gemm,0.216103,9.258033,0.440352,0.438944,2,per_token_group_quant_8bit_kernel,sm90_fp8_gemm_1d2d_impl
agg_aic_p0_longctx_b8_isl4096_ctx8192,strict_prefix0,/home/ai_lab/ljc/scale-up-sim/aiconfigurator/bench_data/h100_sxm/sglang/v0.5.9/deepseek_v3_mla/agg_csv/20260630_184647_agg_stage2_agg_aic_p0_longctx_b8_isl4096_ctx8192_d6_dctx4096_p2_pf4096_pp0_layers6_backend_auto_cg_off_pcg_off_tp1_profile_nsys__MLA时延拆解.csv,1,prefill,1,attn_mha,8192,6.923062,5.895128,kv_a_layernorm,not modeled in DeepSeekModel FallbackOp,0.041157,8.993828,0.013568,0.013568,1,RMSNormKernel,RMSNormKernel
agg_aic_p0_longctx_b8_isl4096_ctx8192,strict_prefix0,/home/ai_lab/ljc/scale-up-sim/aiconfigurator/bench_data/h100_sxm/sglang/v0.5.9/deepseek_v3_mla/agg_csv/20260630_184647_agg_stage2_agg_aic_p0_longctx_b8_isl4096_ctx8192_d6_dctx4096_p2_pf4096_pp0_layers6_backend_auto_cg_off_pcg_off_tp1_profile_nsys__MLA时延拆解.csv,1,prefill,1,attn_mha,8192,6.923062,5.895128,rotary_emb,partly inside context_attention / generation bmm_rope handling,0.075252,9.020014,0.106111,0.106111,1,BatchQKApplyRotaryPosIdsCosSinCacheHeadParallelismKernel,BatchQKApplyRotaryPosIdsCosSinCacheHeadParallelismKernel
agg_aic_p0_longctx_b8_isl4096_ctx8192,strict_prefix0,/home/ai_lab/ljc/scale-up-sim/aiconfigurator/bench_data/h100_sxm/sglang/v0.5.9/deepseek_v3_mla/agg_csv/20260630_184647_agg_stage2_agg_aic_p0_longctx_b8_isl4096_ctx8192_d6_dctx4096_p2_pf4096_pp0_layers6_backend_auto_cg_off_pcg_off_tp1_profile_nsys__MLA时延拆解.csv,1,prefill,1,attn_mha,8192,6.923062,5.895128,kv_b_proj,,0.225882,10.019617,1.220447,1.218015,2,per_token_group_quant_8bit_kernel,sm90_fp8_gemm_1d2d_impl
agg_aic_p0_longctx_b8_isl4096_ctx8192,strict_prefix0,/home/ai_lab/ljc/scale-up-sim/aiconfigurator/bench_data/h100_sxm/sglang/v0.5.9/deepseek_v3_mla/agg_csv/20260630_184647_agg_stage2_agg_aic_p0_longctx_b8_isl4096_ctx8192_d6_dctx4096_p2_pf4096_pp0_layers6_backend_auto_cg_off_pcg_off_tp1_profile_nsys__MLA时延拆解.csv,1,prefill,1,attn_mha,8192,6.923062,5.895128,attn_mha,context_attention,0.140582,13.226542,2.582877,2.582845,2,prepare_varlen_num_blocks_kernel,device_kernel
agg_aic_p0_longctx_b8_isl4096_ctx8192,strict_prefix0,/home/ai_lab/ljc/scale-up-sim/aiconfigurator/bench_data/h100_sxm/sglang/v0.5.9/deepseek_v3_mla/agg_csv/20260630_184647_agg_stage2_agg_aic_p0_longctx_b8_isl4096_ctx8192_d6_dctx4096_p2_pf4096_pp0_layers6_backend_auto_cg_off_pcg_off_tp1_profile_nsys__MLA时延拆解.csv,1,prefill,1,attn_mha,8192,6.923062,5.895128,o_proj,context_proj_gemm / generation_proj_gemm,0.215784,14.301088,1.252926,1.25075,2,per_token_group_quant_8bit_kernel,sm90_fp8_gemm_1d2d_impl
agg_aic_p0_longctx_b8_isl4096_ctx8192,strict_prefix0,/home/ai_lab/ljc/scale-up-sim/aiconfigurator/bench_data/h100_sxm/sglang/v0.5.9/deepseek_v3_mla/agg_csv/20260630_184647_agg_stage2_agg_aic_p0_longctx_b8_isl4096_ctx8192_d6_dctx4096_p2_pf4096_pp0_layers6_backend_auto_cg_off_pcg_off_tp1_profile_nsys__MLA时延拆解.csv,2,prefill,1,attn_mha,8192,6.908791,5.8846,fused_qkv_a_proj_with_mqa,context_downscale_gemm / generation_downscale_gemm,0.245076,18.034821,0.267456,0.265792,2,per_token_group_quant_8bit_kernel,sm90_fp8_gemm_1d2d_impl
agg_aic_p0_longctx_b8_isl4096_ctx8192,strict_prefix0,/home/ai_lab/ljc/scale-up-sim/aiconfigurator/bench_data/h100_sxm/sglang/v0.5.9/deepseek_v3_mla/agg_csv/20260630_184647_agg_stage2_agg_aic_p0_longctx_b8_isl4096_ctx8192_d6_dctx4096_p2_pf4096_pp0_layers6_backend_auto_cg_off_pcg_off_tp1_profile_nsys__MLA时延拆解.csv,2,prefill,1,attn_mha,8192,6.908791,5.8846,q_a_layernorm,not modeled in DeepSeekModel FallbackOp,0.045328,17.757374,0.017792,0.017792,1,RMSNormKernel,RMSNormKernel
agg_aic_p0_longctx_b8_isl4096_ctx8192,strict_prefix0,/home/ai_lab/ljc/scale-up-sim/aiconfigurator/bench_data/h100_sxm/sglang/v0.5.9/deepseek_v3_mla/agg_csv/20260630_184647_agg_stage2_agg_aic_p0_longctx_b8_isl4096_ctx8192_d6_dctx4096_p2_pf4096_pp0_layers6_backend_auto_cg_off_pcg_off_tp1_profile_nsys__MLA时延拆解.csv,2,prefill,1,attn_mha,8192,6.908791,5.8846,q_b_proj,context_q_b_proj_gemm / generation_q_b_proj_gemm,0.216809,18.128488,0.443551,0.441567,2,per_token_group_quant_8bit_kernel,sm90_fp8_gemm_1d2d_impl
agg_aic_p0_longctx_b8_isl4096_ctx8192,strict_prefix0,/home/ai_lab/ljc/scale-up-sim/aiconfigurator/bench_data/h100_sxm/sglang/v0.5.9/deepseek_v3_mla/agg_csv/20260630_184647_agg_stage2_agg_aic_p0_longctx_b8_isl4096_ctx8192_d6_dctx4096_p2_pf4096_pp0_layers6_backend_auto_cg_off_pcg_off_tp1_profile_nsys__MLA时延拆解.csv,2,prefill,1,attn_mha,8192,6.908791,5.8846,kv_a_layernorm,not modeled in DeepSeekModel FallbackOp,0.039954,17.864355,0.013472,0.013472,1,RMSNormKernel,RMSNormKernel
agg_aic_p0_longctx_b8_isl4096_ctx8192,strict_prefix0,/home/ai_lab/ljc/scale-up-sim/aiconfigurator/bench_data/h100_sxm/sglang/v0.5.9/deepseek_v3_mla/agg_csv/20260630_184647_agg_stage2_agg_aic_p0_longctx_b8_isl4096_ctx8192_d6_dctx4096_p2_pf4096_pp0_layers6_backend_auto_cg_off_pcg_off_tp1_profile_nsys__MLA时延拆解.csv,2,prefill,1,attn_mha,8192,6.908791,5.8846,rotary_emb,partly inside context_attention / generation bmm_rope handling,0.073716,17.892682,0.106208,0.106208,1,BatchQKApplyRotaryPosIdsCosSinCacheHeadParallelismKernel,BatchQKApplyRotaryPosIdsCosSinCacheHeadParallelismKernel
agg_aic_p0_longctx_b8_isl4096_ctx8192,strict_prefix0,/home/ai_lab/ljc/scale-up-sim/aiconfigurator/bench_data/h100_sxm/sglang/v0.5.9/deepseek_v3_mla/agg_csv/20260630_184647_agg_stage2_agg_aic_p0_longctx_b8_isl4096_ctx8192_d6_dctx4096_p2_pf4096_pp0_layers6_backend_auto_cg_off_pcg_off_tp1_profile_nsys__MLA时延拆解.csv,2,prefill,1,attn_mha,8192,6.908791,5.8846,kv_b_proj,,0.218292,18.890128,1.213758,1.212286,2,per_token_group_quant_8bit_kernel,sm90_fp8_gemm_1d2d_impl
agg_aic_p0_longctx_b8_isl4096_ctx8192,strict_prefix0,/home/ai_lab/ljc/scale-up-sim/aiconfigurator/bench_data/h100_sxm/sglang/v0.5.9/deepseek_v3_mla/agg_csv/20260630_184647_agg_stage2_agg_aic_p0_longctx_b8_isl4096_ctx8192_d6_dctx4096_p2_pf4096_pp0_layers6_backend_auto_cg_off_pcg_off_tp1_profile_nsys__MLA时延拆解.csv,2,prefill,1,attn_mha,8192,6.908791,5.8846,attn_mha,context_attention,0.145728,22.105084,2.579068,2.578972,2,prepare_varlen_num_blocks_kernel,device_kernel
agg_aic_p0_longctx_b8_isl4096_ctx8192,strict_prefix0,/home/ai_lab/ljc/scale-up-sim/aiconfigurator/bench_data/h100_sxm/sglang/v0.5.9/deepseek_v3_mla/agg_csv/20260630_184647_agg_stage2_agg_aic_p0_longctx_b8_isl4096_ctx8192_d6_dctx4096_p2_pf4096_pp0_layers6_backend_auto_cg_off_pcg_off_tp1_profile_nsys__MLA时延拆解.csv,2,prefill,1,attn_mha,8192,6.908791,5.8846,o_proj,context_proj_gemm / generation_proj_gemm,0.216204,23.173795,1.250559,1.248511,2,per_token_group_quant_8bit_kernel,sm90_fp8_gemm_1d2d_impl
agg_aic_p0_longctx_b8_isl4096_ctx8192,strict_prefix0,/home/ai_lab/ljc/scale-up-sim/aiconfigurator/bench_data/h100_sxm/sglang/v0.5.9/deepseek_v3_mla/agg_csv/20260630_184647_agg_stage2_agg_aic_p0_longctx_b8_isl4096_ctx8192_d6_dctx4096_p2_pf4096_pp0_layers6_backend_auto_cg_off_pcg_off_tp1_profile_nsys__MLA时延拆解.csv,3,prefill,1,attn_mha,8192,6.837175,5.813561,fused_qkv_a_proj_with_mqa,context_downscale_gemm / generation_downscale_gemm,0.238376,26.97432,0.27392,0.271808,2,per_token_group_quant_8bit_kernel,sm90_fp8_gemm_1d2d_impl
agg_aic_p0_longctx_b8_isl4096_ctx8192,strict_prefix0,/home/ai_lab/ljc/scale-up-sim/aiconfigurator/bench_data/h100_sxm/sglang/v0.5.9/deepseek_v3_mla/agg_csv/20260630_184647_agg_stage2_agg_aic_p0_longctx_b8_isl4096_ctx8192_d6_dctx4096_p2_pf4096_pp0_layers6_backend_auto_cg_off_pcg_off_tp1_profile_nsys__MLA时延拆解.csv,3,prefill,1,attn_mha,8192,6.837175,5.813561,q_a_layernorm,not modeled in DeepSeekModel FallbackOp,0.045149,26.702193,0.017984,0.017984,1,RMSNormKernel,RMSNormKernel
agg_aic_p0_longctx_b8_isl4096_ctx8192,strict_prefix0,/home/ai_lab/ljc/scale-up-sim/aiconfigurator/bench_data/h100_sxm/sglang/v0.5.9/deepseek_v3_mla/agg_csv/20260630_184647_agg_stage2_agg_aic_p0_longctx_b8_isl4096_ctx8192_d6_dctx4096_p2_pf4096_pp0_layers6_backend_auto_cg_off_pcg_off_tp1_profile_nsys__MLA时延拆解.csv,3,prefill,1,attn_mha,8192,6.837175,5.813561,q_b_proj,context_q_b_proj_gemm / generation_q_b_proj_gemm,0.213212,27.073594,0.444895,0.442847,2,per_token_group_quant_8bit_kernel,sm90_fp8_gemm_1d2d_impl
agg_aic_p0_longctx_b8_isl4096_ctx8192,strict_prefix0,/home/ai_lab/ljc/scale-up-sim/aiconfigurator/bench_data/h100_sxm/sglang/v0.5.9/deepseek_v3_mla/agg_csv/20260630_184647_agg_stage2_agg_aic_p0_longctx_b8_isl4096_ctx8192_d6_dctx4096_p2_pf4096_pp0_layers6_backend_auto_cg_off_pcg_off_tp1_profile_nsys__MLA时延拆解.csv,3,prefill,1,attn_mha,8192,6.837175,5.813561,kv_a_layernorm,not modeled in DeepSeekModel FallbackOp,0.038686,26.812085,0.012832,0.012832,1,RMSNormKernel,RMSNormKernel
agg_aic_p0_longctx_b8_isl4096_ctx8192,strict_prefix0,/home/ai_lab/ljc/scale-up-sim/aiconfigurator/bench_data/h100_sxm/sglang/v0.5.9/deepseek_v3_mla/agg_csv/20260630_184647_agg_stage2_agg_aic_p0_longctx_b8_isl4096_ctx8192_d6_dctx4096_p2_pf4096_pp0_layers6_backend_auto_cg_off_pcg_off_tp1_profile_nsys__MLA时延拆解.csv,3,prefill,1,attn_mha,8192,6.837175,5.813561,rotary_emb,partly inside context_attention / generation bmm_rope handling,0.081498,26.842707,0.10704,0.10704,1,BatchQKApplyRotaryPosIdsCosSinCacheHeadParallelismKernel,BatchQKApplyRotaryPosIdsCosSinCacheHeadParallelismKernel
agg_aic_p0_longctx_b8_isl4096_ctx8192,strict_prefix0,/home/ai_lab/ljc/scale-up-sim/aiconfigurator/bench_data/h100_sxm/sglang/v0.5.9/deepseek_v3_mla/agg_csv/20260630_184647_agg_stage2_agg_aic_p0_longctx_b8_isl4096_ctx8192_d6_dctx4096_p2_pf4096_pp0_layers6_backend_auto_cg_off_pcg_off_tp1_profile_nsys__MLA时延拆解.csv,3,prefill,1,attn_mha,8192,6.837175,5.813561,kv_b_proj,,0.216383,27.720937,1.105631,1.104575,2,per_token_group_quant_8bit_kernel,sm90_fp8_gemm_1d2d_impl
agg_aic_p0_longctx_b8_isl4096_ctx8192,strict_prefix0,/home/ai_lab/ljc/scale-up-sim/aiconfigurator/bench_data/h100_sxm/sglang/v0.5.9/deepseek_v3_mla/agg_csv/20260630_184647_agg_stage2_agg_aic_p0_longctx_b8_isl4096_ctx8192_d6_dctx4096_p2_pf4096_pp0_layers6_backend_auto_cg_off_pcg_off_tp1_profile_nsys__MLA时延拆解.csv,3,prefill,1,attn_mha,8192,6.837175,5.813561,attn_mha,context_attention,0.136893,30.940096,2.582301,2.582205,2,prepare_varlen_num_blocks_kernel,device_kernel
agg_aic_p0_longctx_b8_isl4096_ctx8192,strict_prefix0,/home/ai_lab/ljc/scale-up-sim/aiconfigurator/bench_data/h100_sxm/sglang/v0.5.9/deepseek_v3_mla/agg_csv/20260630_184647_agg_stage2_agg_aic_p0_longctx_b8_isl4096_ctx8192_d6_dctx4096_p2_pf4096_pp0_layers6_backend_auto_cg_off_pcg_off_tp1_profile_nsys__MLA时延拆解.csv,3,prefill,1,attn_mha,8192,6.837175,5.813561,o_proj,context_proj_gemm / generation_proj_gemm,0.221085,32.041671,1.275582,1.27427,2,per_token_group_quant_8bit_kernel,sm90_fp8_gemm_1d2d_impl
agg_aic_p0_longctx_b8_isl4096_ctx8192,strict_prefix0,/home/ai_lab/ljc/scale-up-sim/aiconfigurator/bench_data/h100_sxm/sglang/v0.5.9/deepseek_v3_mla/agg_csv/20260630_184647_agg_stage2_agg_aic_p0_longctx_b8_isl4096_ctx8192_d6_dctx4096_p2_pf4096_pp0_layers6_backend_auto_cg_off_pcg_off_tp1_profile_nsys__MLA时延拆解.csv,4,prefill,1,attn_mha,8192,7.000311,5.977272,fused_qkv_a_proj_with_mqa,context_downscale_gemm / generation_downscale_gemm,0.259541,40.968719,0.274624,0.273504,2,per_token_group_quant_8bit_kernel,sm90_fp8_gemm_1d2d_impl
agg_aic_p0_longctx_b8_isl4096_ctx8192,strict_prefix0,/home/ai_lab/ljc/scale-up-sim/aiconfigurator/bench_data/h100_sxm/sglang/v0.5.9/deepseek_v3_mla/agg_csv/20260630_184647_agg_stage2_agg_aic_p0_longctx_b8_isl4096_ctx8192_d6_dctx4096_p2_pf4096_pp0_layers6_backend_auto_cg_off_pcg_off_tp1_profile_nsys__MLA时延拆解.csv,4,prefill,1,attn_mha,8192,7.000311,5.977272,q_a_layernorm,not modeled in DeepSeekModel FallbackOp,0.046024,40.675971,0.017856,0.017856,1,RMSNormKernel,RMSNormKernel
agg_aic_p0_longctx_b8_isl4096_ctx8192,strict_prefix0,/home/ai_lab/ljc/scale-up-sim/aiconfigurator/bench_data/h100_sxm/sglang/v0.5.9/deepseek_v3_mla/agg_csv/20260630_184647_agg_stage2_agg_aic_p0_longctx_b8_isl4096_ctx8192_d6_dctx4096_p2_pf4096_pp0_layers6_backend_auto_cg_off_pcg_off_tp1_profile_nsys__MLA时延拆解.csv,4,prefill,1,attn_mha,8192,7.000311,5.977272,q_b_proj,context_q_b_proj_gemm / generation_q_b_proj_gemm,0.217095,41.053146,0.452191,0.450143,2,per_token_group_quant_8bit_kernel,sm90_fp8_gemm_1d2d_impl
agg_aic_p0_longctx_b8_isl4096_ctx8192,strict_prefix0,/home/ai_lab/ljc/scale-up-sim/aiconfigurator/bench_data/h100_sxm/sglang/v0.5.9/deepseek_v3_mla/agg_csv/20260630_184647_agg_stage2_agg_aic_p0_longctx_b8_isl4096_ctx8192_d6_dctx4096_p2_pf4096_pp0_layers6_backend_auto_cg_off_pcg_off_tp1_profile_nsys__MLA时延拆解.csv,4,prefill,1,attn_mha,8192,7.000311,5.977272,kv_a_layernorm,not modeled in DeepSeekModel FallbackOp,0.039482,40.789322,0.013568,0.013568,1,RMSNormKernel,RMSNormKernel
agg_aic_p0_longctx_b8_isl4096_ctx8192,strict_prefix0,/home/ai_lab/ljc/scale-up-sim/aiconfigurator/bench_data/h100_sxm/sglang/v0.5.9/deepseek_v3_mla/agg_csv/20260630_184647_agg_stage2_agg_aic_p0_longctx_b8_isl4096_ctx8192_d6_dctx4096_p2_pf4096_pp0_layers6_backend_auto_cg_off_pcg_off_tp1_profile_nsys__MLA时延拆解.csv,4,prefill,1,attn_mha,8192,7.000311,5.977272,rotary_emb,partly inside context_attention / generation bmm_rope handling,0.078603,40.819295,0.106592,0.106592,1,BatchQKApplyRotaryPosIdsCosSinCacheHeadParallelismKernel,BatchQKApplyRotaryPosIdsCosSinCacheHeadParallelismKernel
agg_aic_p0_longctx_b8_isl4096_ctx8192,strict_prefix0,/home/ai_lab/ljc/scale-up-sim/aiconfigurator/bench_data/h100_sxm/sglang/v0.5.9/deepseek_v3_mla/agg_csv/20260630_184647_agg_stage2_agg_aic_p0_longctx_b8_isl4096_ctx8192_d6_dctx4096_p2_pf4096_pp0_layers6_backend_auto_cg_off_pcg_off_tp1_profile_nsys__MLA时延拆解.csv,4,prefill,1,attn_mha,8192,7.000311,5.977272,kv_b_proj,,0.232206,41.839871,1.244798,1.243678,2,per_token_group_quant_8bit_kernel,sm90_fp8_gemm_1d2d_impl
agg_aic_p0_longctx_b8_isl4096_ctx8192,strict_prefix0,/home/ai_lab/ljc/scale-up-sim/aiconfigurator/bench_data/h100_sxm/sglang/v0.5.9/deepseek_v3_mla/agg_csv/20260630_184647_agg_stage2_agg_aic_p0_longctx_b8_isl4096_ctx8192_d6_dctx4096_p2_pf4096_pp0_layers6_backend_auto_cg_off_pcg_off_tp1_profile_nsys__MLA时延拆解.csv,4,prefill,1,attn_mha,8192,7.000311,5.977272,attn_mha,context_attention,0.141283,45.039155,2.582076,2.582044,2,prepare_varlen_num_blocks_kernel,device_kernel
agg_aic_p0_longctx_b8_isl4096_ctx8192,strict_prefix0,/home/ai_lab/ljc/scale-up-sim/aiconfigurator/bench_data/h100_sxm/sglang/v0.5.9/deepseek_v3_mla/agg_csv/20260630_184647_agg_stage2_agg_aic_p0_longctx_b8_isl4096_ctx8192_d6_dctx4096_p2_pf4096_pp0_layers6_backend_auto_cg_off_pcg_off_tp1_profile_nsys__MLA时延拆解.csv,4,prefill,1,attn_mha,8192,7.000311,5.977272,o_proj,context_proj_gemm / generation_proj_gemm,0.239997,46.149509,1.291295,1.289887,2,per_token_group_quant_8bit_kernel,sm90_fp8_gemm_1d2d_impl
agg_aic_p0_longctx_b8_isl4096_ctx8192,strict_prefix0,/home/ai_lab/ljc/scale-up-sim/aiconfigurator/bench_data/h100_sxm/sglang/v0.5.9/deepseek_v3_mla/agg_csv/20260630_184647_agg_stage2_agg_aic_p0_longctx_b8_isl4096_ctx8192_d6_dctx4096_p2_pf4096_pp0_layers6_backend_auto_cg_off_pcg_off_tp1_profile_nsys__MLA时延拆解.csv,5,prefill,1,attn_mha,8192,7.002742,5.980376,fused_qkv_a_proj_with_mqa,context_downscale_gemm / generation_downscale_gemm,0.276952,55.108971,0.274687,0.273567,2,per_token_group_quant_8bit_kernel,sm90_fp8_gemm_1d2d_impl
agg_aic_p0_longctx_b8_isl4096_ctx8192,strict_prefix0,/home/ai_lab/ljc/scale-up-sim/aiconfigurator/bench_data/h100_sxm/sglang/v0.5.9/deepseek_v3_mla/agg_csv/20260630_184647_agg_stage2_agg_aic_p0_longctx_b8_isl4096_ctx8192_d6_dctx4096_p2_pf4096_pp0_layers6_backend_auto_cg_off_pcg_off_tp1_profile_nsys__MLA时延拆解.csv,5,prefill,1,attn_mha,8192,7.002742,5.980376,q_a_layernorm,not modeled in DeepSeekModel FallbackOp,0.057431,54.797361,0.017792,0.017792,1,RMSNormKernel,RMSNormKernel
agg_aic_p0_longctx_b8_isl4096_ctx8192,strict_prefix0,/home/ai_lab/ljc/scale-up-sim/aiconfigurator/bench_data/h100_sxm/sglang/v0.5.9/deepseek_v3_mla/agg_csv/20260630_184647_agg_stage2_agg_aic_p0_longctx_b8_isl4096_ctx8192_d6_dctx4096_p2_pf4096_pp0_layers6_backend_auto_cg_off_pcg_off_tp1_profile_nsys__MLA时延拆解.csv,5,prefill,1,attn_mha,8192,7.002742,5.980376,q_b_proj,context_q_b_proj_gemm / generation_q_b_proj_gemm,0.223593,55.162047,0.451936,0.45072,2,per_token_group_quant_8bit_kernel,sm90_fp8_gemm_1d2d_impl
agg_aic_p0_longctx_b8_isl4096_ctx8192,strict_prefix0,/home/ai_lab/ljc/scale-up-sim/aiconfigurator/bench_data/h100_sxm/sglang/v0.5.9/deepseek_v3_mla/agg_csv/20260630_184647_agg_stage2_agg_aic_p0_longctx_b8_isl4096_ctx8192_d6_dctx4096_p2_pf4096_pp0_layers6_backend_auto_cg_off_pcg_off_tp1_profile_nsys__MLA时延拆解.csv,5,prefill,1,attn_mha,8192,7.002742,5.980376,kv_a_layernorm,not modeled in DeepSeekModel FallbackOp,0.043634,54.892038,0.012928,0.012928,1,RMSNormKernel,RMSNormKernel
agg_aic_p0_longctx_b8_isl4096_ctx8192,strict_prefix0,/home/ai_lab/ljc/scale-up-sim/aiconfigurator/bench_data/h100_sxm/sglang/v0.5.9/deepseek_v3_mla/agg_csv/20260630_184647_agg_stage2_agg_aic_p0_longctx_b8_isl4096_ctx8192_d6_dctx4096_p2_pf4096_pp0_layers6_backend_auto_cg_off_pcg_off_tp1_profile_nsys__MLA时延拆解.csv,5,prefill,1,attn_mha,8192,7.002742,5.980376,rotary_emb,partly inside context_attention / generation bmm_rope handling,0.076819,54.91795,0.106496,0.106496,1,BatchQKApplyRotaryPosIdsCosSinCacheHeadParallelismKernel,BatchQKApplyRotaryPosIdsCosSinCacheHeadParallelismKernel
agg_aic_p0_longctx_b8_isl4096_ctx8192,strict_prefix0,/home/ai_lab/ljc/scale-up-sim/aiconfigurator/bench_data/h100_sxm/sglang/v0.5.9/deepseek_v3_mla/agg_csv/20260630_184647_agg_stage2_agg_aic_p0_longctx_b8_isl4096_ctx8192_d6_dctx4096_p2_pf4096_pp0_layers6_backend_auto_cg_off_pcg_off_tp1_profile_nsys__MLA时延拆解.csv,5,prefill,1,attn_mha,8192,7.002742,5.980376,kv_b_proj,,0.216717,55.951336,1.251135,1.249887,2,per_token_group_quant_8bit_kernel,sm90_fp8_gemm_1d2d_impl
agg_aic_p0_longctx_b8_isl4096_ctx8192,strict_prefix0,/home/ai_lab/ljc/scale-up-sim/aiconfigurator/bench_data/h100_sxm/sglang/v0.5.9/deepseek_v3_mla/agg_csv/20260630_184647_agg_stage2_agg_aic_p0_longctx_b8_isl4096_ctx8192_d6_dctx4096_p2_pf4096_pp0_layers6_backend_auto_cg_off_pcg_off_tp1_profile_nsys__MLA时延拆解.csv,5,prefill,1,attn_mha,8192,7.002742,5.980376,attn_mha,context_attention,0.142805,59.162093,2.586524,2.586492,2,prepare_varlen_num_blocks_kernel,device_kernel
agg_aic_p0_longctx_b8_isl4096_ctx8192,strict_prefix0,/home/ai_lab/ljc/scale-up-sim/aiconfigurator/bench_data/h100_sxm/sglang/v0.5.9/deepseek_v3_mla/agg_csv/20260630_184647_agg_stage2_agg_aic_p0_longctx_b8_isl4096_ctx8192_d6_dctx4096_p2_pf4096_pp0_layers6_backend_auto_cg_off_pcg_off_tp1_profile_nsys__MLA时延拆解.csv,5,prefill,1,attn_mha,8192,7.002742,5.980376,o_proj,context_proj_gemm / generation_proj_gemm,0.21727,60.268235,1.28483,1.282494,2,per_token_group_quant_8bit_kernel,sm90_fp8_gemm_1d2d_impl
agg_aic_prefix_probe_b12_isl1024_prefix512_ctx4096,prefix_probe,/home/ai_lab/ljc/scale-up-sim/aiconfigurator/bench_data/h100_sxm/sglang/v0.5.9/deepseek_v3_mla/agg_csv/20260630_185003_agg_stage2_agg_aic_prefix_probe_b12_isl1024_prefix512_ctx4096_d8_dctx1024_p4_pf512_pp512_layers6_backend_auto_cg_off_pcg_off_tp1_profile_nsys__MLA时延拆解.csv,0,prefill,1,attn_mha,2056,3.646367,1.526592,fused_qkv_a_proj_with_mqa,context_downscale_gemm / generation_downscale_gemm,0.45128,0.471937,0.317024,0.080448,2,per_token_group_quant_8bit_kernel,sm90_fp8_gemm_1d2d_impl
agg_aic_prefix_probe_b12_isl1024_prefix512_ctx4096,prefix_probe,/home/ai_lab/ljc/scale-up-sim/aiconfigurator/bench_data/h100_sxm/sglang/v0.5.9/deepseek_v3_mla/agg_csv/20260630_185003_agg_stage2_agg_aic_prefix_probe_b12_isl1024_prefix512_ctx4096_d8_dctx1024_p4_pf512_pp512_layers6_backend_auto_cg_off_pcg_off_tp1_profile_nsys__MLA时延拆解.csv,0,prefill,1,attn_mha,2056,3.646367,1.526592,q_a_layernorm,not modeled in DeepSeekModel FallbackOp,0.061706,0.061706,0.005472,0.005472,1,RMSNormKernel,RMSNormKernel
agg_aic_prefix_probe_b12_isl1024_prefix512_ctx4096,prefix_probe,/home/ai_lab/ljc/scale-up-sim/aiconfigurator/bench_data/h100_sxm/sglang/v0.5.9/deepseek_v3_mla/agg_csv/20260630_185003_agg_stage2_agg_aic_prefix_probe_b12_isl1024_prefix512_ctx4096_d8_dctx1024_p4_pf512_pp512_layers6_backend_auto_cg_off_pcg_off_tp1_profile_nsys__MLA时延拆解.csv,0,prefill,1,attn_mha,2056,3.646367,1.526592,q_b_proj,context_q_b_proj_gemm / generation_q_b_proj_gemm,0.26647,0.367362,0.2688,0.134112,2,per_token_group_quant_8bit_kernel,sm90_fp8_gemm_1d2d_impl
agg_aic_prefix_probe_b12_isl1024_prefix512_ctx4096,prefix_probe,/home/ai_lab/ljc/scale-up-sim/aiconfigurator/bench_data/h100_sxm/sglang/v0.5.9/deepseek_v3_mla/agg_csv/20260630_185003_agg_stage2_agg_aic_prefix_probe_b12_isl1024_prefix512_ctx4096_d8_dctx1024_p4_pf512_pp512_layers6_backend_auto_cg_off_pcg_off_tp1_profile_nsys__MLA时延拆解.csv,0,prefill,1,attn_mha,2056,3.646367,1.526592,kv_a_layernorm,not modeled in DeepSeekModel FallbackOp,0.047156,0.047156,0.00496,0.00496,1,RMSNormKernel,RMSNormKernel
agg_aic_prefix_probe_b12_isl1024_prefix512_ctx4096,prefix_probe,/home/ai_lab/ljc/scale-up-sim/aiconfigurator/bench_data/h100_sxm/sglang/v0.5.9/deepseek_v3_mla/agg_csv/20260630_185003_agg_stage2_agg_aic_prefix_probe_b12_isl1024_prefix512_ctx4096_d8_dctx1024_p4_pf512_pp512_layers6_backend_auto_cg_off_pcg_off_tp1_profile_nsys__MLA时延拆解.csv,0,prefill,1,attn_mha,2056,3.646367,1.526592,rotary_emb,partly inside context_attention / generation bmm_rope handling,0.102821,0.114639,0.026624,0.026624,1,BatchQKApplyRotaryPosIdsCosSinCacheHeadParallelismKernel,BatchQKApplyRotaryPosIdsCosSinCacheHeadParallelismKernel
agg_aic_prefix_probe_b12_isl1024_prefix512_ctx4096,prefix_probe,/home/ai_lab/ljc/scale-up-sim/aiconfigurator/bench_data/h100_sxm/sglang/v0.5.9/deepseek_v3_mla/agg_csv/20260630_185003_agg_stage2_agg_aic_prefix_probe_b12_isl1024_prefix512_ctx4096_d8_dctx1024_p4_pf512_pp512_layers6_backend_auto_cg_off_pcg_off_tp1_profile_nsys__MLA时延拆解.csv,0,prefill,1,attn_mha,2056,3.646367,1.526592,kv_b_proj,,0.347288,0.719656,0.603296,0.413856,2,per_token_group_quant_8bit_kernel,sm90_fp8_gemm_1d2d_impl
agg_aic_prefix_probe_b12_isl1024_prefix512_ctx4096,prefix_probe,/home/ai_lab/ljc/scale-up-sim/aiconfigurator/bench_data/h100_sxm/sglang/v0.5.9/deepseek_v3_mla/agg_csv/20260630_185003_agg_stage2_agg_aic_prefix_probe_b12_isl1024_prefix512_ctx4096_d8_dctx1024_p4_pf512_pp512_layers6_backend_auto_cg_off_pcg_off_tp1_profile_nsys__MLA时延拆解.csv,0,prefill,1,attn_mha,2056,3.646367,1.526592,attn_mha,context_attention,0.225998,1.08773,0.486144,0.486048,2,prepare_varlen_num_blocks_kernel,device_kernel
agg_aic_prefix_probe_b12_isl1024_prefix512_ctx4096,prefix_probe,/home/ai_lab/ljc/scale-up-sim/aiconfigurator/bench_data/h100_sxm/sglang/v0.5.9/deepseek_v3_mla/agg_csv/20260630_185003_agg_stage2_agg_aic_prefix_probe_b12_isl1024_prefix512_ctx4096_d8_dctx1024_p4_pf512_pp512_layers6_backend_auto_cg_off_pcg_off_tp1_profile_nsys__MLA时延拆解.csv,0,prefill,1,attn_mha,2056,3.646367,1.526592,o_proj,context_proj_gemm / generation_proj_gemm,0.27909,1.19346,0.376256,0.375072,2,per_token_group_quant_8bit_kernel,sm90_fp8_gemm_1d2d_impl
agg_aic_prefix_probe_b12_isl1024_prefix512_ctx4096,prefix_probe,/home/ai_lab/ljc/scale-up-sim/aiconfigurator/bench_data/h100_sxm/sglang/v0.5.9/deepseek_v3_mla/agg_csv/20260630_185003_agg_stage2_agg_aic_prefix_probe_b12_isl1024_prefix512_ctx4096_d8_dctx1024_p4_pf512_pp512_layers6_backend_auto_cg_off_pcg_off_tp1_profile_nsys__MLA时延拆解.csv,1,prefill,1,attn_mha,2056,1.915327,1.517087,fused_qkv_a_proj_with_mqa,context_downscale_gemm / generation_downscale_gemm,0.278148,1.209352,0.08224,0.081056,2,per_token_group_quant_8bit_kernel,sm90_fp8_gemm_1d2d_impl
agg_aic_prefix_probe_b12_isl1024_prefix512_ctx4096,prefix_probe,/home/ai_lab/ljc/scale-up-sim/aiconfigurator/bench_data/h100_sxm/sglang/v0.5.9/deepseek_v3_mla/agg_csv/20260630_185003_agg_stage2_agg_aic_prefix_probe_b12_isl1024_prefix512_ctx4096_d8_dctx1024_p4_pf512_pp512_layers6_backend_auto_cg_off_pcg_off_tp1_profile_nsys__MLA时延拆解.csv,1,prefill,1,attn_mha,2056,1.915327,1.517087,q_a_layernorm,not modeled in DeepSeekModel FallbackOp,0.059692,0.881803,0.00544,0.00544,1,RMSNormKernel,RMSNormKernel
agg_aic_prefix_probe_b12_isl1024_prefix512_ctx4096,prefix_probe,/home/ai_lab/ljc/scale-up-sim/aiconfigurator/bench_data/h100_sxm/sglang/v0.5.9/deepseek_v3_mla/agg_csv/20260630_185003_agg_stage2_agg_aic_prefix_probe_b12_isl1024_prefix512_ctx4096_d8_dctx1024_p4_pf512_pp512_layers6_backend_auto_cg_off_pcg_off_tp1_profile_nsys__MLA时延拆解.csv,1,prefill,1,attn_mha,2056,1.915327,1.517087,q_b_proj,context_q_b_proj_gemm / generation_q_b_proj_gemm,0.22995,0.925215,0.131488,0.130272,2,per_token_group_quant_8bit_kernel,sm90_fp8_gemm_1d2d_impl
agg_aic_prefix_probe_b12_isl1024_prefix512_ctx4096,prefix_probe,/home/ai_lab/ljc/scale-up-sim/aiconfigurator/bench_data/h100_sxm/sglang/v0.5.9/deepseek_v3_mla/agg_csv/20260630_185003_agg_stage2_agg_aic_prefix_probe_b12_isl1024_prefix512_ctx4096_d8_dctx1024_p4_pf512_pp512_layers6_backend_auto_cg_off_pcg_off_tp1_profile_nsys__MLA时延拆解.csv,1,prefill,1,attn_mha,2056,1.915327,1.517087,kv_a_layernorm,not modeled in DeepSeekModel FallbackOp,0.046333,0.638711,0.004832,0.004832,1,RMSNormKernel,RMSNormKernel
agg_aic_prefix_probe_b12_isl1024_prefix512_ctx4096,prefix_probe,/home/ai_lab/ljc/scale-up-sim/aiconfigurator/bench_data/h100_sxm/sglang/v0.5.9/deepseek_v3_mla/agg_csv/20260630_185003_agg_stage2_agg_aic_prefix_probe_b12_isl1024_prefix512_ctx4096_d8_dctx1024_p4_pf512_pp512_layers6_backend_auto_cg_off_pcg_off_tp1_profile_nsys__MLA时延拆解.csv,1,prefill,1,attn_mha,2056,1.915327,1.517087,rotary_emb,partly inside context_attention / generation bmm_rope handling,0.099204,0.578578,0.026656,0.026656,1,BatchQKApplyRotaryPosIdsCosSinCacheHeadParallelismKernel,BatchQKApplyRotaryPosIdsCosSinCacheHeadParallelismKernel
agg_aic_prefix_probe_b12_isl1024_prefix512_ctx4096,prefix_probe,/home/ai_lab/ljc/scale-up-sim/aiconfigurator/bench_data/h100_sxm/sglang/v0.5.9/deepseek_v3_mla/agg_csv/20260630_185003_agg_stage2_agg_aic_prefix_probe_b12_isl1024_prefix512_ctx4096_d8_dctx1024_p4_pf512_pp512_layers6_backend_auto_cg_off_pcg_off_tp1_profile_nsys__MLA时延拆解.csv,1,prefill,1,attn_mha,2056,1.915327,1.517087,kv_b_proj,,0.26112,0.639212,0.409855,0.408895,2,per_token_group_quant_8bit_kernel,sm90_fp8_gemm_1d2d_impl
agg_aic_prefix_probe_b12_isl1024_prefix512_ctx4096,prefix_probe,/home/ai_lab/ljc/scale-up-sim/aiconfigurator/bench_data/h100_sxm/sglang/v0.5.9/deepseek_v3_mla/agg_csv/20260630_185003_agg_stage2_agg_aic_prefix_probe_b12_isl1024_prefix512_ctx4096_d8_dctx1024_p4_pf512_pp512_layers6_backend_auto_cg_off_pcg_off_tp1_profile_nsys__MLA时延拆解.csv,1,prefill,1,attn_mha,2056,1.915327,1.517087,attn_mha,context_attention,0.183961,1.114983,0.485888,0.485824,2,prepare_varlen_num_blocks_kernel,device_kernel
agg_aic_prefix_probe_b12_isl1024_prefix512_ctx4096,prefix_probe,/home/ai_lab/ljc/scale-up-sim/aiconfigurator/bench_data/h100_sxm/sglang/v0.5.9/deepseek_v3_mla/agg_csv/20260630_185003_agg_stage2_agg_aic_prefix_probe_b12_isl1024_prefix512_ctx4096_d8_dctx1024_p4_pf512_pp512_layers6_backend_auto_cg_off_pcg_off_tp1_profile_nsys__MLA时延拆解.csv,1,prefill,1,attn_mha,2056,1.915327,1.517087,o_proj,context_proj_gemm / generation_proj_gemm,0.238875,1.264505,0.375296,0.374112,2,per_token_group_quant_8bit_kernel,sm90_fp8_gemm_1d2d_impl
agg_aic_prefix_probe_b12_isl1024_prefix512_ctx4096,prefix_probe,/home/ai_lab/ljc/scale-up-sim/aiconfigurator/bench_data/h100_sxm/sglang/v0.5.9/deepseek_v3_mla/agg_csv/20260630_185003_agg_stage2_agg_aic_prefix_probe_b12_isl1024_prefix512_ctx4096_d8_dctx1024_p4_pf512_pp512_layers6_backend_auto_cg_off_pcg_off_tp1_profile_nsys__MLA时延拆解.csv,2,prefill,1,attn_mha,2056,1.927999,1.528543,fused_qkv_a_proj_with_mqa,context_downscale_gemm / generation_downscale_gemm,0.269115,1.372067,0.080832,0.079648,2,per_token_group_quant_8bit_kernel,sm90_fp8_gemm_1d2d_impl
agg_aic_prefix_probe_b12_isl1024_prefix512_ctx4096,prefix_probe,/home/ai_lab/ljc/scale-up-sim/aiconfigurator/bench_data/h100_sxm/sglang/v0.5.9/deepseek_v3_mla/agg_csv/20260630_185003_agg_stage2_agg_aic_prefix_probe_b12_isl1024_prefix512_ctx4096_d8_dctx1024_p4_pf512_pp512_layers6_backend_auto_cg_off_pcg_off_tp1_profile_nsys__MLA时延拆解.csv,2,prefill,1,attn_mha,2056,1.927999,1.528543,q_a_layernorm,not modeled in DeepSeekModel FallbackOp,0.057084,1.054782,0.005344,0.005344,1,RMSNormKernel,RMSNormKernel
agg_aic_prefix_probe_b12_isl1024_prefix512_ctx4096,prefix_probe,/home/ai_lab/ljc/scale-up-sim/aiconfigurator/bench_data/h100_sxm/sglang/v0.5.9/deepseek_v3_mla/agg_csv/20260630_185003_agg_stage2_agg_aic_prefix_probe_b12_isl1024_prefix512_ctx4096_d8_dctx1024_p4_pf512_pp512_layers6_backend_auto_cg_off_pcg_off_tp1_profile_nsys__MLA时延拆解.csv,2,prefill,1,attn_mha,2056,1.927999,1.528543,q_b_proj,context_q_b_proj_gemm / generation_q_b_proj_gemm,0.216466,1.101295,0.131424,0.13024,2,per_token_group_quant_8bit_kernel,sm90_fp8_gemm_1d2d_impl
agg_aic_prefix_probe_b12_isl1024_prefix512_ctx4096,prefix_probe,/home/ai_lab/ljc/scale-up-sim/aiconfigurator/bench_data/h100_sxm/sglang/v0.5.9/deepseek_v3_mla/agg_csv/20260630_185003_agg_stage2_agg_aic_prefix_probe_b12_isl1024_prefix512_ctx4096_d8_dctx1024_p4_pf512_pp512_layers6_backend_auto_cg_off_pcg_off_tp1_profile_nsys__MLA时延拆解.csv,2,prefill,1,attn_mha,2056,1.927999,1.528543,kv_a_layernorm,not modeled in DeepSeekModel FallbackOp,0.042984,0.830303,0.005024,0.005024,1,RMSNormKernel,RMSNormKernel
agg_aic_prefix_probe_b12_isl1024_prefix512_ctx4096,prefix_probe,/home/ai_lab/ljc/scale-up-sim/aiconfigurator/bench_data/h100_sxm/sglang/v0.5.9/deepseek_v3_mla/agg_csv/20260630_185003_agg_stage2_agg_aic_prefix_probe_b12_isl1024_prefix512_ctx4096_d8_dctx1024_p4_pf512_pp512_layers6_backend_auto_cg_off_pcg_off_tp1_profile_nsys__MLA时延拆解.csv,2,prefill,1,attn_mha,2056,1.927999,1.528543,rotary_emb,partly inside context_attention / generation bmm_rope handling,0.094316,0.774438,0.026816,0.026816,1,BatchQKApplyRotaryPosIdsCosSinCacheHeadParallelismKernel,BatchQKApplyRotaryPosIdsCosSinCacheHeadParallelismKernel
agg_aic_prefix_probe_b12_isl1024_prefix512_ctx4096,prefix_probe,/home/ai_lab/ljc/scale-up-sim/aiconfigurator/bench_data/h100_sxm/sglang/v0.5.9/deepseek_v3_mla/agg_csv/20260630_185003_agg_stage2_agg_aic_prefix_probe_b12_isl1024_prefix512_ctx4096_d8_dctx1024_p4_pf512_pp512_layers6_backend_auto_cg_off_pcg_off_tp1_profile_nsys__MLA时延拆解.csv,2,prefill,1,attn_mha,2056,1.927999,1.528543,kv_b_proj,,0.242466,0.854273,0.415232,0.41424,2,per_token_group_quant_8bit_kernel,sm90_fp8_gemm_1d2d_impl
agg_aic_prefix_probe_b12_isl1024_prefix512_ctx4096,prefix_probe,/home/ai_lab/ljc/scale-up-sim/aiconfigurator/bench_data/h100_sxm/sglang/v0.5.9/deepseek_v3_mla/agg_csv/20260630_185003_agg_stage2_agg_aic_prefix_probe_b12_isl1024_prefix512_ctx4096_d8_dctx1024_p4_pf512_pp512_layers6_backend_auto_cg_off_pcg_off_tp1_profile_nsys__MLA时延拆解.csv,2,prefill,1,attn_mha,2056,1.927999,1.528543,attn_mha,context_attention,0.179492,1.352843,0.487327,0.487263,2,prepare_varlen_num_blocks_kernel,device_kernel
agg_aic_prefix_probe_b12_isl1024_prefix512_ctx4096,prefix_probe,/home/ai_lab/ljc/scale-up-sim/aiconfigurator/bench_data/h100_sxm/sglang/v0.5.9/deepseek_v3_mla/agg_csv/20260630_185003_agg_stage2_agg_aic_prefix_probe_b12_isl1024_prefix512_ctx4096_d8_dctx1024_p4_pf512_pp512_layers6_backend_auto_cg_off_pcg_off_tp1_profile_nsys__MLA时延拆解.csv,2,prefill,1,attn_mha,2056,1.927999,1.528543,o_proj,context_proj_gemm / generation_proj_gemm,0.252292,1.509813,0.381248,0.379968,2,per_token_group_quant_8bit_kernel,sm90_fp8_gemm_1d2d_impl
agg_aic_prefix_probe_b12_isl1024_prefix512_ctx4096,prefix_probe,/home/ai_lab/ljc/scale-up-sim/aiconfigurator/bench_data/h100_sxm/sglang/v0.5.9/deepseek_v3_mla/agg_csv/20260630_185003_agg_stage2_agg_aic_prefix_probe_b12_isl1024_prefix512_ctx4096_d8_dctx1024_p4_pf512_pp512_layers6_backend_auto_cg_off_pcg_off_tp1_profile_nsys__MLA时延拆解.csv,3,prefill,1,attn_mha,2056,1.921759,1.516063,fused_qkv_a_proj_with_mqa,context_downscale_gemm / generation_downscale_gemm,0.254131,1.613217,0.081824,0.080448,2,per_token_group_quant_8bit_kernel,sm90_fp8_gemm_1d2d_impl
agg_aic_prefix_probe_b12_isl1024_prefix512_ctx4096,prefix_probe,/home/ai_lab/ljc/scale-up-sim/aiconfigurator/bench_data/h100_sxm/sglang/v0.5.9/deepseek_v3_mla/agg_csv/20260630_185003_agg_stage2_agg_aic_prefix_probe_b12_isl1024_prefix512_ctx4096_d8_dctx1024_p4_pf512_pp512_layers6_backend_auto_cg_off_pcg_off_tp1_profile_nsys__MLA时延拆解.csv,3,prefill,1,attn_mha,2056,1.921759,1.516063,q_a_layernorm,not modeled in DeepSeekModel FallbackOp,0.0534,1.312315,0.005472,0.005472,1,RMSNormKernel,RMSNormKernel
agg_aic_prefix_probe_b12_isl1024_prefix512_ctx4096,prefix_probe,/home/ai_lab/ljc/scale-up-sim/aiconfigurator/bench_data/h100_sxm/sglang/v0.5.9/deepseek_v3_mla/agg_csv/20260630_185003_agg_stage2_agg_aic_prefix_probe_b12_isl1024_prefix512_ctx4096_d8_dctx1024_p4_pf512_pp512_layers6_backend_auto_cg_off_pcg_off_tp1_profile_nsys__MLA时延拆解.csv,3,prefill,1,attn_mha,2056,1.921759,1.516063,q_b_proj,context_q_b_proj_gemm / generation_q_b_proj_gemm,0.213967,1.366522,0.132672,0.130464,2,per_token_group_quant_8bit_kernel,sm90_fp8_gemm_1d2d_impl
agg_aic_prefix_probe_b12_isl1024_prefix512_ctx4096,prefix_probe,/home/ai_lab/ljc/scale-up-sim/aiconfigurator/bench_data/h100_sxm/sglang/v0.5.9/deepseek_v3_mla/agg_csv/20260630_185003_agg_stage2_agg_aic_prefix_probe_b12_isl1024_prefix512_ctx4096_d8_dctx1024_p4_pf512_pp512_layers6_backend_auto_cg_off_pcg_off_tp1_profile_nsys__MLA时延拆解.csv,3,prefill,1,attn_mha,2056,1.921759,1.516063,kv_a_layernorm,not modeled in DeepSeekModel FallbackOp,0.043592,1.097674,0.0048,0.0048,1,RMSNormKernel,RMSNormKernel
agg_aic_prefix_probe_b12_isl1024_prefix512_ctx4096,prefix_probe,/home/ai_lab/ljc/scale-up-sim/aiconfigurator/bench_data/h100_sxm/sglang/v0.5.9/deepseek_v3_mla/agg_csv/20260630_185003_agg_stage2_agg_aic_prefix_probe_b12_isl1024_prefix512_ctx4096_d8_dctx1024_p4_pf512_pp512_layers6_backend_auto_cg_off_pcg_off_tp1_profile_nsys__MLA时延拆解.csv,3,prefill,1,attn_mha,2056,1.921759,1.516063,rotary_emb,partly inside context_attention / generation bmm_rope handling,0.094325,1.040084,0.026656,0.026656,1,BatchQKApplyRotaryPosIdsCosSinCacheHeadParallelismKernel,BatchQKApplyRotaryPosIdsCosSinCacheHeadParallelismKernel
agg_aic_prefix_probe_b12_isl1024_prefix512_ctx4096,prefix_probe,/home/ai_lab/ljc/scale-up-sim/aiconfigurator/bench_data/h100_sxm/sglang/v0.5.9/deepseek_v3_mla/agg_csv/20260630_185003_agg_stage2_agg_aic_prefix_probe_b12_isl1024_prefix512_ctx4096_d8_dctx1024_p4_pf512_pp512_layers6_backend_auto_cg_off_pcg_off_tp1_profile_nsys__MLA时延拆解.csv,3,prefill,1,attn_mha,2056,1.921759,1.516063,kv_b_proj,,0.254041,1.115674,0.41488,0.413888,2,per_token_group_quant_8bit_kernel,sm90_fp8_gemm_1d2d_impl
agg_aic_prefix_probe_b12_isl1024_prefix512_ctx4096,prefix_probe,/home/ai_lab/ljc/scale-up-sim/aiconfigurator/bench_data/h100_sxm/sglang/v0.5.9/deepseek_v3_mla/agg_csv/20260630_185003_agg_stage2_agg_aic_prefix_probe_b12_isl1024_prefix512_ctx4096_d8_dctx1024_p4_pf512_pp512_layers6_backend_auto_cg_off_pcg_off_tp1_profile_nsys__MLA时延拆解.csv,3,prefill,1,attn_mha,2056,1.921759,1.516063,attn_mha,context_attention,0.171791,1.604505,0.486016,0.485952,2,prepare_varlen_num_blocks_kernel,device_kernel
agg_aic_prefix_probe_b12_isl1024_prefix512_ctx4096,prefix_probe,/home/ai_lab/ljc/scale-up-sim/aiconfigurator/bench_data/h100_sxm/sglang/v0.5.9/deepseek_v3_mla/agg_csv/20260630_185003_agg_stage2_agg_aic_prefix_probe_b12_isl1024_prefix512_ctx4096_d8_dctx1024_p4_pf512_pp512_layers6_backend_auto_cg_off_pcg_off_tp1_profile_nsys__MLA时延拆解.csv,3,prefill,1,attn_mha,2056,1.921759,1.516063,o_proj,context_proj_gemm / generation_proj_gemm,0.240897,1.762099,0.369951,0.368383,2,per_token_group_quant_8bit_kernel,sm90_fp8_gemm_1d2d_impl
agg_aic_prefix_probe_b12_isl1024_prefix512_ctx4096,prefix_probe,/home/ai_lab/ljc/scale-up-sim/aiconfigurator/bench_data/h100_sxm/sglang/v0.5.9/deepseek_v3_mla/agg_csv/20260630_185003_agg_stage2_agg_aic_prefix_probe_b12_isl1024_prefix512_ctx4096_d8_dctx1024_p4_pf512_pp512_layers6_backend_auto_cg_off_pcg_off_tp1_profile_nsys__MLA时延拆解.csv,4,prefill,1,attn_mha,2056,1.926591,1.520768,fused_qkv_a_proj_with_mqa,context_downscale_gemm / generation_downscale_gemm,0.344423,2.37837,0.081152,0.079936,2,per_token_group_quant_8bit_kernel,sm90_fp8_gemm_1d2d_impl
agg_aic_prefix_probe_b12_isl1024_prefix512_ctx4096,prefix_probe,/home/ai_lab/ljc/scale-up-sim/aiconfigurator/bench_data/h100_sxm/sglang/v0.5.9/deepseek_v3_mla/agg_csv/20260630_185003_agg_stage2_agg_aic_prefix_probe_b12_isl1024_prefix512_ctx4096_d8_dctx1024_p4_pf512_pp512_layers6_backend_auto_cg_off_pcg_off_tp1_profile_nsys__MLA时延拆解.csv,4,prefill,1,attn_mha,2056,1.926591,1.520768,q_a_layernorm,not modeled in DeepSeekModel FallbackOp,0.062721,1.979787,0.005216,0.005216,1,RMSNormKernel,RMSNormKernel
agg_aic_prefix_probe_b12_isl1024_prefix512_ctx4096,prefix_probe,/home/ai_lab/ljc/scale-up-sim/aiconfigurator/bench_data/h100_sxm/sglang/v0.5.9/deepseek_v3_mla/agg_csv/20260630_185003_agg_stage2_agg_aic_prefix_probe_b12_isl1024_prefix512_ctx4096_d8_dctx1024_p4_pf512_pp512_layers6_backend_auto_cg_off_pcg_off_tp1_profile_nsys__MLA时延拆解.csv,4,prefill,1,attn_mha,2056,1.926591,1.520768,q_b_proj,context_q_b_proj_gemm / generation_q_b_proj_gemm,0.242698,2.018184,0.13136,0.130336,2,per_token_group_quant_8bit_kernel,sm90_fp8_gemm_1d2d_impl
agg_aic_prefix_probe_b12_isl1024_prefix512_ctx4096,prefix_probe,/home/ai_lab/ljc/scale-up-sim/aiconfigurator/bench_data/h100_sxm/sglang/v0.5.9/deepseek_v3_mla/agg_csv/20260630_185003_agg_stage2_agg_aic_prefix_probe_b12_isl1024_prefix512_ctx4096_d8_dctx1024_p4_pf512_pp512_layers6_backend_auto_cg_off_pcg_off_tp1_profile_nsys__MLA时延拆解.csv,4,prefill,1,attn_mha,2056,1.926591,1.520768,kv_a_layernorm,not modeled in DeepSeekModel FallbackOp,0.045589,1.71643,0.005344,0.005344,1,RMSNormKernel,RMSNormKernel
agg_aic_prefix_probe_b12_isl1024_prefix512_ctx4096,prefix_probe,/home/ai_lab/ljc/scale-up-sim/aiconfigurator/bench_data/h100_sxm/sglang/v0.5.9/deepseek_v3_mla/agg_csv/20260630_185003_agg_stage2_agg_aic_prefix_probe_b12_isl1024_prefix512_ctx4096_d8_dctx1024_p4_pf512_pp512_layers6_backend_auto_cg_off_pcg_off_tp1_profile_nsys__MLA时延拆解.csv,4,prefill,1,attn_mha,2056,1.926591,1.520768,rotary_emb,partly inside context_attention / generation bmm_rope handling,0.099104,1.655461,0.027232,0.027232,1,BatchQKApplyRotaryPosIdsCosSinCacheHeadParallelismKernel,BatchQKApplyRotaryPosIdsCosSinCacheHeadParallelismKernel
agg_aic_prefix_probe_b12_isl1024_prefix512_ctx4096,prefix_probe,/home/ai_lab/ljc/scale-up-sim/aiconfigurator/bench_data/h100_sxm/sglang/v0.5.9/deepseek_v3_mla/agg_csv/20260630_185003_agg_stage2_agg_aic_prefix_probe_b12_isl1024_prefix512_ctx4096_d8_dctx1024_p4_pf512_pp512_layers6_backend_auto_cg_off_pcg_off_tp1_profile_nsys__MLA时延拆解.csv,4,prefill,1,attn_mha,2056,1.926591,1.520768,kv_b_proj,,0.264407,1.754324,0.416352,0.41376,2,per_token_group_quant_8bit_kernel,sm90_fp8_gemm_1d2d_impl
agg_aic_prefix_probe_b12_isl1024_prefix512_ctx4096,prefix_probe,/home/ai_lab/ljc/scale-up-sim/aiconfigurator/bench_data/h100_sxm/sglang/v0.5.9/deepseek_v3_mla/agg_csv/20260630_185003_agg_stage2_agg_aic_prefix_probe_b12_isl1024_prefix512_ctx4096_d8_dctx1024_p4_pf512_pp512_layers6_backend_auto_cg_off_pcg_off_tp1_profile_nsys__MLA时延拆解.csv,4,prefill,1,attn_mha,2056,1.926591,1.520768,attn_mha,context_attention,0.183174,2.228893,0.485024,0.48496,2,prepare_varlen_num_blocks_kernel,device_kernel
agg_aic_prefix_probe_b12_isl1024_prefix512_ctx4096,prefix_probe,/home/ai_lab/ljc/scale-up-sim/aiconfigurator/bench_data/h100_sxm/sglang/v0.5.9/deepseek_v3_mla/agg_csv/20260630_185003_agg_stage2_agg_aic_prefix_probe_b12_isl1024_prefix512_ctx4096_d8_dctx1024_p4_pf512_pp512_layers6_backend_auto_cg_off_pcg_off_tp1_profile_nsys__MLA时延拆解.csv,4,prefill,1,attn_mha,2056,1.926591,1.520768,o_proj,context_proj_gemm / generation_proj_gemm,0.271991,2.378622,0.376576,0.373984,2,per_token_group_quant_8bit_kernel,sm90_fp8_gemm_1d2d_impl
agg_aic_prefix_probe_b12_isl1024_prefix512_ctx4096,prefix_probe,/home/ai_lab/ljc/scale-up-sim/aiconfigurator/bench_data/h100_sxm/sglang/v0.5.9/deepseek_v3_mla/agg_csv/20260630_185003_agg_stage2_agg_aic_prefix_probe_b12_isl1024_prefix512_ctx4096_d8_dctx1024_p4_pf512_pp512_layers6_backend_auto_cg_off_pcg_off_tp1_profile_nsys__MLA时延拆解.csv,5,prefill,1,attn_mha,2056,1.919935,1.518239,fused_qkv_a_proj_with_mqa,context_downscale_gemm / generation_downscale_gemm,0.31134,3.090413,0.08192,0.079744,2,per_token_group_quant_8bit_kernel,sm90_fp8_gemm_1d2d_impl
agg_aic_prefix_probe_b12_isl1024_prefix512_ctx4096,prefix_probe,/home/ai_lab/ljc/scale-up-sim/aiconfigurator/bench_data/h100_sxm/sglang/v0.5.9/deepseek_v3_mla/agg_csv/20260630_185003_agg_stage2_agg_aic_prefix_probe_b12_isl1024_prefix512_ctx4096_d8_dctx1024_p4_pf512_pp512_layers6_backend_auto_cg_off_pcg_off_tp1_profile_nsys__MLA时延拆解.csv,5,prefill,1,attn_mha,2056,1.919935,1.518239,q_a_layernorm,not modeled in DeepSeekModel FallbackOp,0.078382,2.726431,0.005472,0.005472,1,RMSNormKernel,RMSNormKernel
agg_aic_prefix_probe_b12_isl1024_prefix512_ctx4096,prefix_probe,/home/ai_lab/ljc/scale-up-sim/aiconfigurator/bench_data/h100_sxm/sglang/v0.5.9/deepseek_v3_mla/agg_csv/20260630_185003_agg_stage2_agg_aic_prefix_probe_b12_isl1024_prefix512_ctx4096_d8_dctx1024_p4_pf512_pp512_layers6_backend_auto_cg_off_pcg_off_tp1_profile_nsys__MLA时延拆解.csv,5,prefill,1,attn_mha,2056,1.919935,1.518239,q_b_proj,context_q_b_proj_gemm / generation_q_b_proj_gemm,0.248849,2.748569,0.131071,0.129983,2,per_token_group_quant_8bit_kernel,sm90_fp8_gemm_1d2d_impl
agg_aic_prefix_probe_b12_isl1024_prefix512_ctx4096,prefix_probe,/home/ai_lab/ljc/scale-up-sim/aiconfigurator/bench_data/h100_sxm/sglang/v0.5.9/deepseek_v3_mla/agg_csv/20260630_185003_agg_stage2_agg_aic_prefix_probe_b12_isl1024_prefix512_ctx4096_d8_dctx1024_p4_pf512_pp512_layers6_backend_auto_cg_off_pcg_off_tp1_profile_nsys__MLA时延拆解.csv,5,prefill,1,attn_mha,2056,1.919935,1.518239,kv_a_layernorm,not modeled in DeepSeekModel FallbackOp,0.052096,2.442115,0.005056,0.005056,1,RMSNormKernel,RMSNormKernel
agg_aic_prefix_probe_b12_isl1024_prefix512_ctx4096,prefix_probe,/home/ai_lab/ljc/scale-up-sim/aiconfigurator/bench_data/h100_sxm/sglang/v0.5.9/deepseek_v3_mla/agg_csv/20260630_185003_agg_stage2_agg_aic_prefix_probe_b12_isl1024_prefix512_ctx4096_d8_dctx1024_p4_pf512_pp512_layers6_backend_auto_cg_off_pcg_off_tp1_profile_nsys__MLA时延拆解.csv,5,prefill,1,attn_mha,2056,1.919935,1.518239,rotary_emb,partly inside context_attention / generation bmm_rope handling,0.097724,2.376597,0.026336,0.026336,1,BatchQKApplyRotaryPosIdsCosSinCacheHeadParallelismKernel,BatchQKApplyRotaryPosIdsCosSinCacheHeadParallelismKernel
agg_aic_prefix_probe_b12_isl1024_prefix512_ctx4096,prefix_probe,/home/ai_lab/ljc/scale-up-sim/aiconfigurator/bench_data/h100_sxm/sglang/v0.5.9/deepseek_v3_mla/agg_csv/20260630_185003_agg_stage2_agg_aic_prefix_probe_b12_isl1024_prefix512_ctx4096_d8_dctx1024_p4_pf512_pp512_layers6_backend_auto_cg_off_pcg_off_tp1_profile_nsys__MLA时延拆解.csv,5,prefill,1,attn_mha,2056,1.919935,1.518239,kv_b_proj,,0.261914,2.468231,0.412672,0.410272,2,per_token_group_quant_8bit_kernel,sm90_fp8_gemm_1d2d_impl
agg_aic_prefix_probe_b12_isl1024_prefix512_ctx4096,prefix_probe,/home/ai_lab/ljc/scale-up-sim/aiconfigurator/bench_data/h100_sxm/sglang/v0.5.9/deepseek_v3_mla/agg_csv/20260630_185003_agg_stage2_agg_aic_prefix_probe_b12_isl1024_prefix512_ctx4096_d8_dctx1024_p4_pf512_pp512_layers6_backend_auto_cg_off_pcg_off_tp1_profile_nsys__MLA时延拆解.csv,5,prefill,1,attn_mha,2056,1.919935,1.518239,attn_mha,context_attention,0.186066,2.945734,0.485664,0.4856,2,prepare_varlen_num_blocks_kernel,device_kernel
agg_aic_prefix_probe_b12_isl1024_prefix512_ctx4096,prefix_probe,/home/ai_lab/ljc/scale-up-sim/aiconfigurator/bench_data/h100_sxm/sglang/v0.5.9/deepseek_v3_mla/agg_csv/20260630_185003_agg_stage2_agg_aic_prefix_probe_b12_isl1024_prefix512_ctx4096_d8_dctx1024_p4_pf512_pp512_layers6_backend_auto_cg_off_pcg_off_tp1_profile_nsys__MLA时延拆解.csv,5,prefill,1,attn_mha,2056,1.919935,1.518239,o_proj,context_proj_gemm / generation_proj_gemm,0.244221,3.096128,0.376992,0.375776,2,per_token_group_quant_8bit_kernel,sm90_fp8_gemm_1d2d_impl
agg_aic_prefix_probe_b24_isl1280_prefix1024_ctx10240,prefix_probe,/home/ai_lab/ljc/scale-up-sim/aiconfigurator/bench_data/h100_sxm/sglang/v0.5.9/deepseek_v3_mla/agg_csv/20260630_185404_agg_stage2_agg_aic_prefix_probe_b24_isl1280_prefix1024_ctx10240_d16_dctx1280_p8_pf256_pp1024_layers6_backend_auto_cg_off_pcg_off_tp1_profile_nsys__MLA时延拆解.csv,0,prefill,1,attn_mha,2064,4.876729,2.703357,fused_qkv_a_proj_with_mqa,context_downscale_gemm / generation_downscale_gemm,0.330812,0.358877,0.243167,0.081056,2,per_token_group_quant_8bit_kernel,sm90_fp8_gemm_1d2d_impl
agg_aic_prefix_probe_b24_isl1280_prefix1024_ctx10240,prefix_probe,/home/ai_lab/ljc/scale-up-sim/aiconfigurator/bench_data/h100_sxm/sglang/v0.5.9/deepseek_v3_mla/agg_csv/20260630_185404_agg_stage2_agg_aic_prefix_probe_b24_isl1280_prefix1024_ctx10240_d16_dctx1280_p8_pf256_pp1024_layers6_backend_auto_cg_off_pcg_off_tp1_profile_nsys__MLA时延拆解.csv,0,prefill,1,attn_mha,2064,4.876729,2.703357,q_a_layernorm,not modeled in DeepSeekModel FallbackOp,0.046214,0.046474,0.005088,0.005088,1,RMSNormKernel,RMSNormKernel
agg_aic_prefix_probe_b24_isl1280_prefix1024_ctx10240,prefix_probe,/home/ai_lab/ljc/scale-up-sim/aiconfigurator/bench_data/h100_sxm/sglang/v0.5.9/deepseek_v3_mla/agg_csv/20260630_185404_agg_stage2_agg_aic_prefix_probe_b24_isl1280_prefix1024_ctx10240_d16_dctx1280_p8_pf256_pp1024_layers6_backend_auto_cg_off_pcg_off_tp1_profile_nsys__MLA时延拆解.csv,0,prefill,1,attn_mha,2064,4.876729,2.703357,q_b_proj,context_q_b_proj_gemm / generation_q_b_proj_gemm,0.244781,0.350266,0.264512,0.135744,2,per_token_group_quant_8bit_kernel,sm90_fp8_gemm_1d2d_impl
agg_aic_prefix_probe_b24_isl1280_prefix1024_ctx10240,prefix_probe,/home/ai_lab/ljc/scale-up-sim/aiconfigurator/bench_data/h100_sxm/sglang/v0.5.9/deepseek_v3_mla/agg_csv/20260630_185404_agg_stage2_agg_aic_prefix_probe_b24_isl1280_prefix1024_ctx10240_d16_dctx1280_p8_pf256_pp1024_layers6_backend_auto_cg_off_pcg_off_tp1_profile_nsys__MLA时延拆解.csv,0,prefill,1,attn_mha,2064,4.876729,2.703357,kv_a_layernorm,not modeled in DeepSeekModel FallbackOp,0.041095,0.048505,0.004928,0.004928,1,RMSNormKernel,RMSNormKernel
agg_aic_prefix_probe_b24_isl1280_prefix1024_ctx10240,prefix_probe,/home/ai_lab/ljc/scale-up-sim/aiconfigurator/bench_data/h100_sxm/sglang/v0.5.9/deepseek_v3_mla/agg_csv/20260630_185404_agg_stage2_agg_aic_prefix_probe_b24_isl1280_prefix1024_ctx10240_d16_dctx1280_p8_pf256_pp1024_layers6_backend_auto_cg_off_pcg_off_tp1_profile_nsys__MLA时延拆解.csv,0,prefill,1,attn_mha,2064,4.876729,2.703357,rotary_emb,partly inside context_attention / generation bmm_rope handling,0.081147,0.095048,0.026175,0.026175,1,BatchQKApplyRotaryPosIdsCosSinCacheHeadParallelismKernel,BatchQKApplyRotaryPosIdsCosSinCacheHeadParallelismKernel
agg_aic_prefix_probe_b24_isl1280_prefix1024_ctx10240,prefix_probe,/home/ai_lab/ljc/scale-up-sim/aiconfigurator/bench_data/h100_sxm/sglang/v0.5.9/deepseek_v3_mla/agg_csv/20260630_185404_agg_stage2_agg_aic_prefix_probe_b24_isl1280_prefix1024_ctx10240_d16_dctx1280_p8_pf256_pp1024_layers6_backend_auto_cg_off_pcg_off_tp1_profile_nsys__MLA时延拆解.csv,0,prefill,1,attn_mha,2064,4.876729,2.703357,kv_b_proj,,0.248077,1.328777,1.241438,1.127231,2,per_token_group_quant_8bit_kernel,sm90_fp8_gemm_1d2d_impl
agg_aic_prefix_probe_b24_isl1280_prefix1024_ctx10240,prefix_probe,/home/ai_lab/ljc/scale-up-sim/aiconfigurator/bench_data/h100_sxm/sglang/v0.5.9/deepseek_v3_mla/agg_csv/20260630_185404_agg_stage2_agg_aic_prefix_probe_b24_isl1280_prefix1024_ctx10240_d16_dctx1280_p8_pf256_pp1024_layers6_backend_auto_cg_off_pcg_off_tp1_profile_nsys__MLA时延拆解.csv,0,prefill,1,attn_mha,2064,4.876729,2.703357,attn_mha,context_attention,0.158047,2.824845,0.954079,0.954015,2,prepare_varlen_num_blocks_kernel,device_kernel
agg_aic_prefix_probe_b24_isl1280_prefix1024_ctx10240,prefix_probe,/home/ai_lab/ljc/scale-up-sim/aiconfigurator/bench_data/h100_sxm/sglang/v0.5.9/deepseek_v3_mla/agg_csv/20260630_185404_agg_stage2_agg_aic_prefix_probe_b24_isl1280_prefix1024_ctx10240_d16_dctx1280_p8_pf256_pp1024_layers6_backend_auto_cg_off_pcg_off_tp1_profile_nsys__MLA时延拆解.csv,0,prefill,1,attn_mha,2064,4.876729,2.703357,o_proj,context_proj_gemm / generation_proj_gemm,0.249278,2.995522,0.370624,0.36912,2,per_token_group_quant_8bit_kernel,sm90_fp8_gemm_1d2d_impl
agg_aic_prefix_probe_b24_isl1280_prefix1024_ctx10240,prefix_probe,/home/ai_lab/ljc/scale-up-sim/aiconfigurator/bench_data/h100_sxm/sglang/v0.5.9/deepseek_v3_mla/agg_csv/20260630_185404_agg_stage2_agg_aic_prefix_probe_b24_isl1280_prefix1024_ctx10240_d16_dctx1280_p8_pf256_pp1024_layers6_backend_auto_cg_off_pcg_off_tp1_profile_nsys__MLA时延拆解.csv,1,prefill,1,attn_mha,2064,3.715034,2.761979,fused_qkv_a_proj_with_mqa,context_downscale_gemm / generation_downscale_gemm,0.221209,3.148561,0.081375,0.079903,2,per_token_group_quant_8bit_kernel,sm90_fp8_gemm_1d2d_impl
agg_aic_prefix_probe_b24_isl1280_prefix1024_ctx10240,prefix_probe,/home/ai_lab/ljc/scale-up-sim/aiconfigurator/bench_data/h100_sxm/sglang/v0.5.9/deepseek_v3_mla/agg_csv/20260630_185404_agg_stage2_agg_aic_prefix_probe_b24_isl1280_prefix1024_ctx10240_d16_dctx1280_p8_pf256_pp1024_layers6_backend_auto_cg_off_pcg_off_tp1_profile_nsys__MLA时延拆解.csv,1,prefill,1,attn_mha,2064,3.715034,2.761979,q_a_layernorm,not modeled in DeepSeekModel FallbackOp,0.043603,2.881159,0.005632,0.005632,1,RMSNormKernel,RMSNormKernel
agg_aic_prefix_probe_b24_isl1280_prefix1024_ctx10240,prefix_probe,/home/ai_lab/ljc/scale-up-sim/aiconfigurator/bench_data/h100_sxm/sglang/v0.5.9/deepseek_v3_mla/agg_csv/20260630_185404_agg_stage2_agg_aic_prefix_probe_b24_isl1280_prefix1024_ctx10240_d16_dctx1280_p8_pf256_pp1024_layers6_backend_auto_cg_off_pcg_off_tp1_profile_nsys__MLA时延拆解.csv,1,prefill,1,attn_mha,2064,3.715034,2.761979,q_b_proj,context_q_b_proj_gemm / generation_q_b_proj_gemm,0.196019,2.944521,0.132256,0.131072,2,per_token_group_quant_8bit_kernel,sm90_fp8_gemm_1d2d_impl
agg_aic_prefix_probe_b24_isl1280_prefix1024_ctx10240,prefix_probe,/home/ai_lab/ljc/scale-up-sim/aiconfigurator/bench_data/h100_sxm/sglang/v0.5.9/deepseek_v3_mla/agg_csv/20260630_185404_agg_stage2_agg_aic_prefix_probe_b24_isl1280_prefix1024_ctx10240_d16_dctx1280_p8_pf256_pp1024_layers6_backend_auto_cg_off_pcg_off_tp1_profile_nsys__MLA时延拆解.csv,1,prefill,1,attn_mha,2064,3.715034,2.761979,kv_a_layernorm,not modeled in DeepSeekModel FallbackOp,0.038435,2.695283,0.005408,0.005408,1,RMSNormKernel,RMSNormKernel
agg_aic_prefix_probe_b24_isl1280_prefix1024_ctx10240,prefix_probe,/home/ai_lab/ljc/scale-up-sim/aiconfigurator/bench_data/h100_sxm/sglang/v0.5.9/deepseek_v3_mla/agg_csv/20260630_185404_agg_stage2_agg_aic_prefix_probe_b24_isl1280_prefix1024_ctx10240_d16_dctx1280_p8_pf256_pp1024_layers6_backend_auto_cg_off_pcg_off_tp1_profile_nsys__MLA时延拆解.csv,1,prefill,1,attn_mha,2064,3.715034,2.761979,rotary_emb,partly inside context_attention / generation bmm_rope handling,0.081433,2.646475,0.026112,0.026112,1,BatchQKApplyRotaryPosIdsCosSinCacheHeadParallelismKernel,BatchQKApplyRotaryPosIdsCosSinCacheHeadParallelismKernel
agg_aic_prefix_probe_b24_isl1280_prefix1024_ctx10240,prefix_probe,/home/ai_lab/ljc/scale-up-sim/aiconfigurator/bench_data/h100_sxm/sglang/v0.5.9/deepseek_v3_mla/agg_csv/20260630_185404_agg_stage2_agg_aic_prefix_probe_b24_isl1280_prefix1024_ctx10240_d16_dctx1280_p8_pf256_pp1024_layers6_backend_auto_cg_off_pcg_off_tp1_profile_nsys__MLA时延拆解.csv,1,prefill,1,attn_mha,2064,3.715034,2.761979,kv_b_proj,,0.345533,2.433094,1.186078,1.18387,2,per_token_group_quant_8bit_kernel,sm90_fp8_gemm_1d2d_impl
agg_aic_prefix_probe_b24_isl1280_prefix1024_ctx10240,prefix_probe,/home/ai_lab/ljc/scale-up-sim/aiconfigurator/bench_data/h100_sxm/sglang/v0.5.9/deepseek_v3_mla/agg_csv/20260630_185404_agg_stage2_agg_aic_prefix_probe_b24_isl1280_prefix1024_ctx10240_d16_dctx1280_p8_pf256_pp1024_layers6_backend_auto_cg_off_pcg_off_tp1_profile_nsys__MLA时延拆解.csv,1,prefill,1,attn_mha,2064,3.715034,2.761979,attn_mha,context_attention,0.159007,3.814814,0.956351,0.956287,2,prepare_varlen_num_blocks_kernel,device_kernel
agg_aic_prefix_probe_b24_isl1280_prefix1024_ctx10240,prefix_probe,/home/ai_lab/ljc/scale-up-sim/aiconfigurator/bench_data/h100_sxm/sglang/v0.5.9/deepseek_v3_mla/agg_csv/20260630_185404_agg_stage2_agg_aic_prefix_probe_b24_isl1280_prefix1024_ctx10240_d16_dctx1280_p8_pf256_pp1024_layers6_backend_auto_cg_off_pcg_off_tp1_profile_nsys__MLA时延拆解.csv,1,prefill,1,attn_mha,2064,3.715034,2.761979,o_proj,context_proj_gemm / generation_proj_gemm,0.245012,3.990924,0.375935,0.373695,2,per_token_group_quant_8bit_kernel,sm90_fp8_gemm_1d2d_impl
agg_aic_prefix_probe_b24_isl1280_prefix1024_ctx10240,prefix_probe,/home/ai_lab/ljc/scale-up-sim/aiconfigurator/bench_data/h100_sxm/sglang/v0.5.9/deepseek_v3_mla/agg_csv/20260630_185404_agg_stage2_agg_aic_prefix_probe_b24_isl1280_prefix1024_ctx10240_d16_dctx1280_p8_pf256_pp1024_layers6_backend_auto_cg_off_pcg_off_tp1_profile_nsys__MLA时延拆解.csv,2,prefill,1,attn_mha,2064,3.644635,2.691708,fused_qkv_a_proj_with_mqa,context_downscale_gemm / generation_downscale_gemm,0.230335,4.132162,0.08096,0.079712,2,per_token_group_quant_8bit_kernel,sm90_fp8_gemm_1d2d_impl
agg_aic_prefix_probe_b24_isl1280_prefix1024_ctx10240,prefix_probe,/home/ai_lab/ljc/scale-up-sim/aiconfigurator/bench_data/h100_sxm/sglang/v0.5.9/deepseek_v3_mla/agg_csv/20260630_185404_agg_stage2_agg_aic_prefix_probe_b24_isl1280_prefix1024_ctx10240_d16_dctx1280_p8_pf256_pp1024_layers6_backend_auto_cg_off_pcg_off_tp1_profile_nsys__MLA时延拆解.csv,2,prefill,1,attn_mha,2064,3.644635,2.691708,q_a_layernorm,not modeled in DeepSeekModel FallbackOp,0.045768,3.856364,0.005664,0.005664,1,RMSNormKernel,RMSNormKernel
agg_aic_prefix_probe_b24_isl1280_prefix1024_ctx10240,prefix_probe,/home/ai_lab/ljc/scale-up-sim/aiconfigurator/bench_data/h100_sxm/sglang/v0.5.9/deepseek_v3_mla/agg_csv/20260630_185404_agg_stage2_agg_aic_prefix_probe_b24_isl1280_prefix1024_ctx10240_d16_dctx1280_p8_pf256_pp1024_layers6_backend_auto_cg_off_pcg_off_tp1_profile_nsys__MLA时延拆解.csv,2,prefill,1,attn_mha,2064,3.644635,2.691708,q_b_proj,context_q_b_proj_gemm / generation_q_b_proj_gemm,0.199736,3.91616,0.132768,0.130752,2,per_token_group_quant_8bit_kernel,sm90_fp8_gemm_1d2d_impl
agg_aic_prefix_probe_b24_isl1280_prefix1024_ctx10240,prefix_probe,/home/ai_lab/ljc/scale-up-sim/aiconfigurator/bench_data/h100_sxm/sglang/v0.5.9/deepseek_v3_mla/agg_csv/20260630_185404_agg_stage2_agg_aic_prefix_probe_b24_isl1280_prefix1024_ctx10240_d16_dctx1280_p8_pf256_pp1024_layers6_backend_auto_cg_off_pcg_off_tp1_profile_nsys__MLA时延拆解.csv,2,prefill,1,attn_mha,2064,3.644635,2.691708,kv_a_layernorm,not modeled in DeepSeekModel FallbackOp,0.042365,3.654527,0.005344,0.005344,1,RMSNormKernel,RMSNormKernel
agg_aic_prefix_probe_b24_isl1280_prefix1024_ctx10240,prefix_probe,/home/ai_lab/ljc/scale-up-sim/aiconfigurator/bench_data/h100_sxm/sglang/v0.5.9/deepseek_v3_mla/agg_csv/20260630_185404_agg_stage2_agg_aic_prefix_probe_b24_isl1280_prefix1024_ctx10240_d16_dctx1280_p8_pf256_pp1024_layers6_backend_auto_cg_off_pcg_off_tp1_profile_nsys__MLA时延拆解.csv,2,prefill,1,attn_mha,2064,3.644635,2.691708,rotary_emb,partly inside context_attention / generation bmm_rope handling,0.07643,3.598674,0.026272,0.026272,1,BatchQKApplyRotaryPosIdsCosSinCacheHeadParallelismKernel,BatchQKApplyRotaryPosIdsCosSinCacheHeadParallelismKernel
agg_aic_prefix_probe_b24_isl1280_prefix1024_ctx10240,prefix_probe,/home/ai_lab/ljc/scale-up-sim/aiconfigurator/bench_data/h100_sxm/sglang/v0.5.9/deepseek_v3_mla/agg_csv/20260630_185404_agg_stage2_agg_aic_prefix_probe_b24_isl1280_prefix1024_ctx10240_d16_dctx1280_p8_pf256_pp1024_layers6_backend_auto_cg_off_pcg_off_tp1_profile_nsys__MLA时延拆解.csv,2,prefill,1,attn_mha,2064,3.644635,2.691708,kv_b_proj,,0.241047,4.466204,1.115166,1.113822,2,per_token_group_quant_8bit_kernel,sm90_fp8_gemm_1d2d_impl
agg_aic_prefix_probe_b24_isl1280_prefix1024_ctx10240,prefix_probe,/home/ai_lab/ljc/scale-up-sim/aiconfigurator/bench_data/h100_sxm/sglang/v0.5.9/deepseek_v3_mla/agg_csv/20260630_185404_agg_stage2_agg_aic_prefix_probe_b24_isl1280_prefix1024_ctx10240_d16_dctx1280_p8_pf256_pp1024_layers6_backend_auto_cg_off_pcg_off_tp1_profile_nsys__MLA时延拆解.csv,2,prefill,1,attn_mha,2064,3.644635,2.691708,attn_mha,context_attention,0.143216,5.981665,0.959038,0.959006,2,prepare_varlen_num_blocks_kernel,device_kernel
agg_aic_prefix_probe_b24_isl1280_prefix1024_ctx10240,prefix_probe,/home/ai_lab/ljc/scale-up-sim/aiconfigurator/bench_data/h100_sxm/sglang/v0.5.9/deepseek_v3_mla/agg_csv/20260630_185404_agg_stage2_agg_aic_prefix_probe_b24_isl1280_prefix1024_ctx10240_d16_dctx1280_p8_pf256_pp1024_layers6_backend_auto_cg_off_pcg_off_tp1_profile_nsys__MLA时延拆解.csv,2,prefill,1,attn_mha,2064,3.644635,2.691708,o_proj,context_proj_gemm / generation_proj_gemm,0.232895,6.174237,0.37344,0.371136,2,per_token_group_quant_8bit_kernel,sm90_fp8_gemm_1d2d_impl
agg_aic_prefix_probe_b24_isl1280_prefix1024_ctx10240,prefix_probe,/home/ai_lab/ljc/scale-up-sim/aiconfigurator/bench_data/h100_sxm/sglang/v0.5.9/deepseek_v3_mla/agg_csv/20260630_185404_agg_stage2_agg_aic_prefix_probe_b24_isl1280_prefix1024_ctx10240_d16_dctx1280_p8_pf256_pp1024_layers6_backend_auto_cg_off_pcg_off_tp1_profile_nsys__MLA时延拆解.csv,3,prefill,1,attn_mha,2064,3.683738,2.732028,fused_qkv_a_proj_with_mqa,context_downscale_gemm / generation_downscale_gemm,0.219355,6.349949,0.082688,0.08032,2,per_token_group_quant_8bit_kernel,sm90_fp8_gemm_1d2d_impl
agg_aic_prefix_probe_b24_isl1280_prefix1024_ctx10240,prefix_probe,/home/ai_lab/ljc/scale-up-sim/aiconfigurator/bench_data/h100_sxm/sglang/v0.5.9/deepseek_v3_mla/agg_csv/20260630_185404_agg_stage2_agg_aic_prefix_probe_b24_isl1280_prefix1024_ctx10240_d16_dctx1280_p8_pf256_pp1024_layers6_backend_auto_cg_off_pcg_off_tp1_profile_nsys__MLA时延拆解.csv,3,prefill,1,attn_mha,2064,3.683738,2.732028,q_a_layernorm,not modeled in DeepSeekModel FallbackOp,0.042591,6.089497,0.006304,0.006304,1,RMSNormKernel,RMSNormKernel
agg_aic_prefix_probe_b24_isl1280_prefix1024_ctx10240,prefix_probe,/home/ai_lab/ljc/scale-up-sim/aiconfigurator/bench_data/h100_sxm/sglang/v0.5.9/deepseek_v3_mla/agg_csv/20260630_185404_agg_stage2_agg_aic_prefix_probe_b24_isl1280_prefix1024_ctx10240_d16_dctx1280_p8_pf256_pp1024_layers6_backend_auto_cg_off_pcg_off_tp1_profile_nsys__MLA时延拆解.csv,3,prefill,1,attn_mha,2064,3.683738,2.732028,q_b_proj,context_q_b_proj_gemm / generation_q_b_proj_gemm,0.200744,6.152194,0.132799,0.130751,2,per_token_group_quant_8bit_kernel,sm90_fp8_gemm_1d2d_impl
agg_aic_prefix_probe_b24_isl1280_prefix1024_ctx10240,prefix_probe,/home/ai_lab/ljc/scale-up-sim/aiconfigurator/bench_data/h100_sxm/sglang/v0.5.9/deepseek_v3_mla/agg_csv/20260630_185404_agg_stage2_agg_aic_prefix_probe_b24_isl1280_prefix1024_ctx10240_d16_dctx1280_p8_pf256_pp1024_layers6_backend_auto_cg_off_pcg_off_tp1_profile_nsys__MLA时延拆解.csv,3,prefill,1,attn_mha,2064,3.683738,2.732028,kv_a_layernorm,not modeled in DeepSeekModel FallbackOp,0.040134,5.898623,0.005216,0.005216,1,RMSNormKernel,RMSNormKernel
agg_aic_prefix_probe_b24_isl1280_prefix1024_ctx10240,prefix_probe,/home/ai_lab/ljc/scale-up-sim/aiconfigurator/bench_data/h100_sxm/sglang/v0.5.9/deepseek_v3_mla/agg_csv/20260630_185404_agg_stage2_agg_aic_prefix_probe_b24_isl1280_prefix1024_ctx10240_d16_dctx1280_p8_pf256_pp1024_layers6_backend_auto_cg_off_pcg_off_tp1_profile_nsys__MLA时延拆解.csv,3,prefill,1,attn_mha,2064,3.683738,2.732028,rotary_emb,partly inside context_attention / generation bmm_rope handling,0.074153,5.847933,0.026208,0.026208,1,BatchQKApplyRotaryPosIdsCosSinCacheHeadParallelismKernel,BatchQKApplyRotaryPosIdsCosSinCacheHeadParallelismKernel
agg_aic_prefix_probe_b24_isl1280_prefix1024_ctx10240,prefix_probe,/home/ai_lab/ljc/scale-up-sim/aiconfigurator/bench_data/h100_sxm/sglang/v0.5.9/deepseek_v3_mla/agg_csv/20260630_185404_agg_stage2_agg_aic_prefix_probe_b24_isl1280_prefix1024_ctx10240_d16_dctx1280_p8_pf256_pp1024_layers6_backend_auto_cg_off_pcg_off_tp1_profile_nsys__MLA时延拆解.csv,3,prefill,1,attn_mha,2064,3.683738,2.732028,kv_b_proj,,0.234569,6.757324,1.151615,1.150239,2,per_token_group_quant_8bit_kernel,sm90_fp8_gemm_1d2d_impl
agg_aic_prefix_probe_b24_isl1280_prefix1024_ctx10240,prefix_probe,/home/ai_lab/ljc/scale-up-sim/aiconfigurator/bench_data/h100_sxm/sglang/v0.5.9/deepseek_v3_mla/agg_csv/20260630_185404_agg_stage2_agg_aic_prefix_probe_b24_isl1280_prefix1024_ctx10240_d16_dctx1280_p8_pf256_pp1024_layers6_backend_auto_cg_off_pcg_off_tp1_profile_nsys__MLA时延拆解.csv,3,prefill,1,attn_mha,2064,3.683738,2.732028,attn_mha,context_attention,0.137319,8.277991,0.956543,0.956511,2,prepare_varlen_num_blocks_kernel,device_kernel
agg_aic_prefix_probe_b24_isl1280_prefix1024_ctx10240,prefix_probe,/home/ai_lab/ljc/scale-up-sim/aiconfigurator/bench_data/h100_sxm/sglang/v0.5.9/deepseek_v3_mla/agg_csv/20260630_185404_agg_stage2_agg_aic_prefix_probe_b24_isl1280_prefix1024_ctx10240_d16_dctx1280_p8_pf256_pp1024_layers6_backend_auto_cg_off_pcg_off_tp1_profile_nsys__MLA时延拆解.csv,3,prefill,1,attn_mha,2064,3.683738,2.732028,o_proj,context_proj_gemm / generation_proj_gemm,0.220879,8.480504,0.377887,0.376479,2,per_token_group_quant_8bit_kernel,sm90_fp8_gemm_1d2d_impl
agg_aic_prefix_probe_b24_isl1280_prefix1024_ctx10240,prefix_probe,/home/ai_lab/ljc/scale-up-sim/aiconfigurator/bench_data/h100_sxm/sglang/v0.5.9/deepseek_v3_mla/agg_csv/20260630_185404_agg_stage2_agg_aic_prefix_probe_b24_isl1280_prefix1024_ctx10240_d16_dctx1280_p8_pf256_pp1024_layers6_backend_auto_cg_off_pcg_off_tp1_profile_nsys__MLA时延拆解.csv,4,prefill,1,attn_mha,2064,3.676475,2.72566,fused_qkv_a_proj_with_mqa,context_downscale_gemm / generation_downscale_gemm,0.277741,9.491332,0.081088,0.079904,2,per_token_group_quant_8bit_kernel,sm90_fp8_gemm_1d2d_impl
agg_aic_prefix_probe_b24_isl1280_prefix1024_ctx10240,prefix_probe,/home/ai_lab/ljc/scale-up-sim/aiconfigurator/bench_data/h100_sxm/sglang/v0.5.9/deepseek_v3_mla/agg_csv/20260630_185404_agg_stage2_agg_aic_prefix_probe_b24_isl1280_prefix1024_ctx10240_d16_dctx1280_p8_pf256_pp1024_layers6_backend_auto_cg_off_pcg_off_tp1_profile_nsys__MLA时延拆解.csv,4,prefill,1,attn_mha,2064,3.676475,2.72566,q_a_layernorm,not modeled in DeepSeekModel FallbackOp,0.047238,9.167891,0.005504,0.005504,1,RMSNormKernel,RMSNormKernel
agg_aic_prefix_probe_b24_isl1280_prefix1024_ctx10240,prefix_probe,/home/ai_lab/ljc/scale-up-sim/aiconfigurator/bench_data/h100_sxm/sglang/v0.5.9/deepseek_v3_mla/agg_csv/20260630_185404_agg_stage2_agg_aic_prefix_probe_b24_isl1280_prefix1024_ctx10240_d16_dctx1280_p8_pf256_pp1024_layers6_backend_auto_cg_off_pcg_off_tp1_profile_nsys__MLA时延拆解.csv,4,prefill,1,attn_mha,2064,3.676475,2.72566,q_b_proj,context_q_b_proj_gemm / generation_q_b_proj_gemm,0.215221,9.225179,0.132544,0.130272,2,per_token_group_quant_8bit_kernel,sm90_fp8_gemm_1d2d_impl
agg_aic_prefix_probe_b24_isl1280_prefix1024_ctx10240,prefix_probe,/home/ai_lab/ljc/scale-up-sim/aiconfigurator/bench_data/h100_sxm/sglang/v0.5.9/deepseek_v3_mla/agg_csv/20260630_185404_agg_stage2_agg_aic_prefix_probe_b24_isl1280_prefix1024_ctx10240_d16_dctx1280_p8_pf256_pp1024_layers6_backend_auto_cg_off_pcg_off_tp1_profile_nsys__MLA时延拆解.csv,4,prefill,1,attn_mha,2064,3.676475,2.72566,kv_a_layernorm,not modeled in DeepSeekModel FallbackOp,0.04079,8.949374,0.005088,0.005088,1,RMSNormKernel,RMSNormKernel
agg_aic_prefix_probe_b24_isl1280_prefix1024_ctx10240,prefix_probe,/home/ai_lab/ljc/scale-up-sim/aiconfigurator/bench_data/h100_sxm/sglang/v0.5.9/deepseek_v3_mla/agg_csv/20260630_185404_agg_stage2_agg_aic_prefix_probe_b24_isl1280_prefix1024_ctx10240_d16_dctx1280_p8_pf256_pp1024_layers6_backend_auto_cg_off_pcg_off_tp1_profile_nsys__MLA时延拆解.csv,4,prefill,1,attn_mha,2064,3.676475,2.72566,rotary_emb,partly inside context_attention / generation bmm_rope handling,0.077127,8.897251,0.026656,0.026656,1,BatchQKApplyRotaryPosIdsCosSinCacheHeadParallelismKernel,BatchQKApplyRotaryPosIdsCosSinCacheHeadParallelismKernel
agg_aic_prefix_probe_b24_isl1280_prefix1024_ctx10240,prefix_probe,/home/ai_lab/ljc/scale-up-sim/aiconfigurator/bench_data/h100_sxm/sglang/v0.5.9/deepseek_v3_mla/agg_csv/20260630_185404_agg_stage2_agg_aic_prefix_probe_b24_isl1280_prefix1024_ctx10240_d16_dctx1280_p8_pf256_pp1024_layers6_backend_auto_cg_off_pcg_off_tp1_profile_nsys__MLA时延拆解.csv,4,prefill,1,attn_mha,2064,3.676475,2.72566,kv_b_proj,,0.229004,9.807879,1.140254,1.138846,2,per_token_group_quant_8bit_kernel,sm90_fp8_gemm_1d2d_impl
agg_aic_prefix_probe_b24_isl1280_prefix1024_ctx10240,prefix_probe,/home/ai_lab/ljc/scale-up-sim/aiconfigurator/bench_data/h100_sxm/sglang/v0.5.9/deepseek_v3_mla/agg_csv/20260630_185404_agg_stage2_agg_aic_prefix_probe_b24_isl1280_prefix1024_ctx10240_d16_dctx1280_p8_pf256_pp1024_layers6_backend_auto_cg_off_pcg_off_tp1_profile_nsys__MLA时延拆解.csv,4,prefill,1,attn_mha,2064,3.676475,2.72566,attn_mha,context_attention,0.138898,11.337869,0.959167,0.959071,2,prepare_varlen_num_blocks_kernel,device_kernel
agg_aic_prefix_probe_b24_isl1280_prefix1024_ctx10240,prefix_probe,/home/ai_lab/ljc/scale-up-sim/aiconfigurator/bench_data/h100_sxm/sglang/v0.5.9/deepseek_v3_mla/agg_csv/20260630_185404_agg_stage2_agg_aic_prefix_probe_b24_isl1280_prefix1024_ctx10240_d16_dctx1280_p8_pf256_pp1024_layers6_backend_auto_cg_off_pcg_off_tp1_profile_nsys__MLA时延拆解.csv,4,prefill,1,attn_mha,2064,3.676475,2.72566,o_proj,context_proj_gemm / generation_proj_gemm,0.229242,11.54377,0.382463,0.380319,2,per_token_group_quant_8bit_kernel,sm90_fp8_gemm_1d2d_impl
agg_aic_prefix_probe_b24_isl1280_prefix1024_ctx10240,prefix_probe,/home/ai_lab/ljc/scale-up-sim/aiconfigurator/bench_data/h100_sxm/sglang/v0.5.9/deepseek_v3_mla/agg_csv/20260630_185404_agg_stage2_agg_aic_prefix_probe_b24_isl1280_prefix1024_ctx10240_d16_dctx1280_p8_pf256_pp1024_layers6_backend_auto_cg_off_pcg_off_tp1_profile_nsys__MLA时延拆解.csv,5,prefill,1,attn_mha,2064,3.707131,2.75542,fused_qkv_a_proj_with_mqa,context_downscale_gemm / generation_downscale_gemm,0.276001,12.571929,0.082176,0.080704,2,per_token_group_quant_8bit_kernel,sm90_fp8_gemm_1d2d_impl
agg_aic_prefix_probe_b24_isl1280_prefix1024_ctx10240,prefix_probe,/home/ai_lab/ljc/scale-up-sim/aiconfigurator/bench_data/h100_sxm/sglang/v0.5.9/deepseek_v3_mla/agg_csv/20260630_185404_agg_stage2_agg_aic_prefix_probe_b24_isl1280_prefix1024_ctx10240_d16_dctx1280_p8_pf256_pp1024_layers6_backend_auto_cg_off_pcg_off_tp1_profile_nsys__MLA时延拆解.csv,5,prefill,1,attn_mha,2064,3.707131,2.75542,q_a_layernorm,not modeled in DeepSeekModel FallbackOp,0.047763,12.251245,0.005536,0.005536,1,RMSNormKernel,RMSNormKernel
agg_aic_prefix_probe_b24_isl1280_prefix1024_ctx10240,prefix_probe,/home/ai_lab/ljc/scale-up-sim/aiconfigurator/bench_data/h100_sxm/sglang/v0.5.9/deepseek_v3_mla/agg_csv/20260630_185404_agg_stage2_agg_aic_prefix_probe_b24_isl1280_prefix1024_ctx10240_d16_dctx1280_p8_pf256_pp1024_layers6_backend_auto_cg_off_pcg_off_tp1_profile_nsys__MLA时延拆解.csv,5,prefill,1,attn_mha,2064,3.707131,2.75542,q_b_proj,context_q_b_proj_gemm / generation_q_b_proj_gemm,0.217864,12.299864,0.131936,0.130752,2,per_token_group_quant_8bit_kernel,sm90_fp8_gemm_1d2d_impl
agg_aic_prefix_probe_b24_isl1280_prefix1024_ctx10240,prefix_probe,/home/ai_lab/ljc/scale-up-sim/aiconfigurator/bench_data/h100_sxm/sglang/v0.5.9/deepseek_v3_mla/agg_csv/20260630_185404_agg_stage2_agg_aic_prefix_probe_b24_isl1280_prefix1024_ctx10240_d16_dctx1280_p8_pf256_pp1024_layers6_backend_auto_cg_off_pcg_off_tp1_profile_nsys__MLA时延拆解.csv,5,prefill,1,attn_mha,2064,3.707131,2.75542,kv_a_layernorm,not modeled in DeepSeekModel FallbackOp,0.042863,12.027476,0.005024,0.005024,1,RMSNormKernel,RMSNormKernel
agg_aic_prefix_probe_b24_isl1280_prefix1024_ctx10240,prefix_probe,/home/ai_lab/ljc/scale-up-sim/aiconfigurator/bench_data/h100_sxm/sglang/v0.5.9/deepseek_v3_mla/agg_csv/20260630_185404_agg_stage2_agg_aic_prefix_probe_b24_isl1280_prefix1024_ctx10240_d16_dctx1280_p8_pf256_pp1024_layers6_backend_auto_cg_off_pcg_off_tp1_profile_nsys__MLA时延拆解.csv,5,prefill,1,attn_mha,2064,3.707131,2.75542,rotary_emb,partly inside context_attention / generation bmm_rope handling,0.075148,11.974884,0.026368,0.026368,1,BatchQKApplyRotaryPosIdsCosSinCacheHeadParallelismKernel,BatchQKApplyRotaryPosIdsCosSinCacheHeadParallelismKernel
agg_aic_prefix_probe_b24_isl1280_prefix1024_ctx10240,prefix_probe,/home/ai_lab/ljc/scale-up-sim/aiconfigurator/bench_data/h100_sxm/sglang/v0.5.9/deepseek_v3_mla/agg_csv/20260630_185404_agg_stage2_agg_aic_prefix_probe_b24_isl1280_prefix1024_ctx10240_d16_dctx1280_p8_pf256_pp1024_layers6_backend_auto_cg_off_pcg_off_tp1_profile_nsys__MLA时延拆解.csv,5,prefill,1,attn_mha,2064,3.707131,2.75542,kv_b_proj,,0.222972,12.9093,1.167742,1.165598,2,per_token_group_quant_8bit_kernel,sm90_fp8_gemm_1d2d_impl
agg_aic_prefix_probe_b24_isl1280_prefix1024_ctx10240,prefix_probe,/home/ai_lab/ljc/scale-up-sim/aiconfigurator/bench_data/h100_sxm/sglang/v0.5.9/deepseek_v3_mla/agg_csv/20260630_185404_agg_stage2_agg_aic_prefix_probe_b24_isl1280_prefix1024_ctx10240_d16_dctx1280_p8_pf256_pp1024_layers6_backend_auto_cg_off_pcg_off_tp1_profile_nsys__MLA时延拆解.csv,5,prefill,1,attn_mha,2064,3.707131,2.75542,attn_mha,context_attention,0.153755,14.439793,0.958846,0.958782,2,prepare_varlen_num_blocks_kernel,device_kernel
agg_aic_prefix_probe_b24_isl1280_prefix1024_ctx10240,prefix_probe,/home/ai_lab/ljc/scale-up-sim/aiconfigurator/bench_data/h100_sxm/sglang/v0.5.9/deepseek_v3_mla/agg_csv/20260630_185404_agg_stage2_agg_aic_prefix_probe_b24_isl1280_prefix1024_ctx10240_d16_dctx1280_p8_pf256_pp1024_layers6_backend_auto_cg_off_pcg_off_tp1_profile_nsys__MLA时延拆解.csv,5,prefill,1,attn_mha,2064,3.707131,2.75542,o_proj,context_proj_gemm / generation_proj_gemm,0.233802,14.628838,0.3848,0.382656,2,per_token_group_quant_8bit_kernel,sm90_fp8_gemm_1d2d_impl
agg_aic_prefix_probe_b12_isl4096_prefix2048_ctx8192,prefix_probe,/home/ai_lab/ljc/scale-up-sim/aiconfigurator/bench_data/h100_sxm/sglang/v0.5.9/deepseek_v3_mla/agg_csv/20260630_185819_agg_stage2_agg_aic_prefix_probe_b12_isl4096_prefix2048_ctx8192_d10_dctx4096_p2_pf2048_pp2048_layers6_backend_auto_cg_off_pcg_off_tp1_profile_nsys__MLA时延拆解.csv,0,prefill,1,attn_mha,4106,8.10451,5.581823,fused_qkv_a_proj_with_mqa,context_downscale_gemm / generation_downscale_gemm,0.360859,0.433328,0.310112,0.143136,2,per_token_group_quant_8bit_kernel,sm90_fp8_gemm_1d2d_impl
agg_aic_prefix_probe_b12_isl4096_prefix2048_ctx8192,prefix_probe,/home/ai_lab/ljc/scale-up-sim/aiconfigurator/bench_data/h100_sxm/sglang/v0.5.9/deepseek_v3_mla/agg_csv/20260630_185819_agg_stage2_agg_aic_prefix_probe_b12_isl4096_prefix2048_ctx8192_d10_dctx4096_p2_pf2048_pp2048_layers6_backend_auto_cg_off_pcg_off_tp1_profile_nsys__MLA时延拆解.csv,0,prefill,1,attn_mha,4106,8.10451,5.581823,q_a_layernorm,not modeled in DeepSeekModel FallbackOp,0.049436,0.053412,0.009248,0.009248,1,RMSNormKernel,RMSNormKernel
agg_aic_prefix_probe_b12_isl4096_prefix2048_ctx8192,prefix_probe,/home/ai_lab/ljc/scale-up-sim/aiconfigurator/bench_data/h100_sxm/sglang/v0.5.9/deepseek_v3_mla/agg_csv/20260630_185819_agg_stage2_agg_aic_prefix_probe_b12_isl4096_prefix2048_ctx8192_d10_dctx4096_p2_pf2048_pp2048_layers6_backend_auto_cg_off_pcg_off_tp1_profile_nsys__MLA时延拆解.csv,0,prefill,1,attn_mha,4106,8.10451,5.581823,q_b_proj,context_q_b_proj_gemm / generation_q_b_proj_gemm,0.239006,0.445675,0.358784,0.241888,2,per_token_group_quant_8bit_kernel,sm90_fp8_gemm_1d2d_impl
agg_aic_prefix_probe_b12_isl4096_prefix2048_ctx8192,prefix_probe,/home/ai_lab/ljc/scale-up-sim/aiconfigurator/bench_data/h100_sxm/sglang/v0.5.9/deepseek_v3_mla/agg_csv/20260630_185819_agg_stage2_agg_aic_prefix_probe_b12_isl4096_prefix2048_ctx8192_d10_dctx4096_p2_pf2048_pp2048_layers6_backend_auto_cg_off_pcg_off_tp1_profile_nsys__MLA时延拆解.csv,0,prefill,1,attn_mha,4106,8.10451,5.581823,kv_a_layernorm,not modeled in DeepSeekModel FallbackOp,0.042302,0.148517,0.008288,0.008288,1,RMSNormKernel,RMSNormKernel
agg_aic_prefix_probe_b12_isl4096_prefix2048_ctx8192,prefix_probe,/home/ai_lab/ljc/scale-up-sim/aiconfigurator/bench_data/h100_sxm/sglang/v0.5.9/deepseek_v3_mla/agg_csv/20260630_185819_agg_stage2_agg_aic_prefix_probe_b12_isl4096_prefix2048_ctx8192_d10_dctx4096_p2_pf2048_pp2048_layers6_backend_auto_cg_off_pcg_off_tp1_profile_nsys__MLA时延拆解.csv,0,prefill,1,attn_mha,4106,8.10451,5.581823,rotary_emb,partly inside context_attention / generation bmm_rope handling,0.089548,0.129119,0.053216,0.053216,1,BatchQKApplyRotaryPosIdsCosSinCacheHeadParallelismKernel,BatchQKApplyRotaryPosIdsCosSinCacheHeadParallelismKernel
agg_aic_prefix_probe_b12_isl4096_prefix2048_ctx8192,prefix_probe,/home/ai_lab/ljc/scale-up-sim/aiconfigurator/bench_data/h100_sxm/sglang/v0.5.9/deepseek_v3_mla/agg_csv/20260630_185819_agg_stage2_agg_aic_prefix_probe_b12_isl4096_prefix2048_ctx8192_d10_dctx4096_p2_pf2048_pp2048_layers6_backend_auto_cg_off_pcg_off_tp1_profile_nsys__MLA时延拆解.csv,0,prefill,1,attn_mha,4106,8.10451,5.581823,kv_b_proj,,0.266639,2.154016,2.058848,1.9472,2,per_token_group_quant_8bit_kernel,sm90_fp8_gemm_1d2d_impl
agg_aic_prefix_probe_b12_isl4096_prefix2048_ctx8192,prefix_probe,/home/ai_lab/ljc/scale-up-sim/aiconfigurator/bench_data/h100_sxm/sglang/v0.5.9/deepseek_v3_mla/agg_csv/20260630_185819_agg_stage2_agg_aic_prefix_probe_b12_isl4096_prefix2048_ctx8192_d10_dctx4096_p2_pf2048_pp2048_layers6_backend_auto_cg_off_pcg_off_tp1_profile_nsys__MLA时延拆解.csv,0,prefill,1,attn_mha,4106,8.10451,5.581823,attn_mha,context_attention,0.174782,5.663429,2.468448,2.468352,2,prepare_varlen_num_blocks_kernel,device_kernel
agg_aic_prefix_probe_b12_isl4096_prefix2048_ctx8192,prefix_probe,/home/ai_lab/ljc/scale-up-sim/aiconfigurator/bench_data/h100_sxm/sglang/v0.5.9/deepseek_v3_mla/agg_csv/20260630_185819_agg_stage2_agg_aic_prefix_probe_b12_isl4096_prefix2048_ctx8192_d10_dctx4096_p2_pf2048_pp2048_layers6_backend_auto_cg_off_pcg_off_tp1_profile_nsys__MLA时延拆解.csv,0,prefill,1,attn_mha,4106,8.10451,5.581823,o_proj,context_proj_gemm / generation_proj_gemm,0.247257,6.155382,0.711647,0.710495,2,per_token_group_quant_8bit_kernel,sm90_fp8_gemm_1d2d_impl
agg_aic_prefix_probe_b12_isl4096_prefix2048_ctx8192,prefix_probe,/home/ai_lab/ljc/scale-up-sim/aiconfigurator/bench_data/h100_sxm/sglang/v0.5.9/deepseek_v3_mla/agg_csv/20260630_185819_agg_stage2_agg_aic_prefix_probe_b12_isl4096_prefix2048_ctx8192_d10_dctx4096_p2_pf2048_pp2048_layers6_backend_auto_cg_off_pcg_off_tp1_profile_nsys__MLA时延拆解.csv,1,prefill,1,attn_mha,4106,7.014558,5.514686,fused_qkv_a_proj_with_mqa,context_downscale_gemm / generation_downscale_gemm,0.222491,7.576707,0.152864,0.150784,2,per_token_group_quant_8bit_kernel,sm90_fp8_gemm_1d2d_impl
agg_aic_prefix_probe_b12_isl4096_prefix2048_ctx8192,prefix_probe,/home/ai_lab/ljc/scale-up-sim/aiconfigurator/bench_data/h100_sxm/sglang/v0.5.9/deepseek_v3_mla/agg_csv/20260630_185819_agg_stage2_agg_aic_prefix_probe_b12_isl4096_prefix2048_ctx8192_d10_dctx4096_p2_pf2048_pp2048_layers6_backend_auto_cg_off_pcg_off_tp1_profile_nsys__MLA时延拆解.csv,1,prefill,1,attn_mha,4106,7.014558,5.514686,q_a_layernorm,not modeled in DeepSeekModel FallbackOp,0.04637,7.308895,0.00944,0.00944,1,RMSNormKernel,RMSNormKernel
agg_aic_prefix_probe_b12_isl4096_prefix2048_ctx8192,prefix_probe,/home/ai_lab/ljc/scale-up-sim/aiconfigurator/bench_data/h100_sxm/sglang/v0.5.9/deepseek_v3_mla/agg_csv/20260630_185819_agg_stage2_agg_aic_prefix_probe_b12_isl4096_prefix2048_ctx8192_d10_dctx4096_p2_pf2048_pp2048_layers6_backend_auto_cg_off_pcg_off_tp1_profile_nsys__MLA时延拆解.csv,1,prefill,1,attn_mha,4106,7.014558,5.514686,q_b_proj,context_q_b_proj_gemm / generation_q_b_proj_gemm,0.201151,7.473117,0.238144,0.236032,2,per_token_group_quant_8bit_kernel,sm90_fp8_gemm_1d2d_impl
agg_aic_prefix_probe_b12_isl4096_prefix2048_ctx8192,prefix_probe,/home/ai_lab/ljc/scale-up-sim/aiconfigurator/bench_data/h100_sxm/sglang/v0.5.9/deepseek_v3_mla/agg_csv/20260630_185819_agg_stage2_agg_aic_prefix_probe_b12_isl4096_prefix2048_ctx8192_d10_dctx4096_p2_pf2048_pp2048_layers6_backend_auto_cg_off_pcg_off_tp1_profile_nsys__MLA时延拆解.csv,1,prefill,1,attn_mha,4106,7.014558,5.514686,kv_a_layernorm,not modeled in DeepSeekModel FallbackOp,0.043468,7.20744,0.008224,0.008224,1,RMSNormKernel,RMSNormKernel
agg_aic_prefix_probe_b12_isl4096_prefix2048_ctx8192,prefix_probe,/home/ai_lab/ljc/scale-up-sim/aiconfigurator/bench_data/h100_sxm/sglang/v0.5.9/deepseek_v3_mla/agg_csv/20260630_185819_agg_stage2_agg_aic_prefix_probe_b12_isl4096_prefix2048_ctx8192_d10_dctx4096_p2_pf2048_pp2048_layers6_backend_auto_cg_off_pcg_off_tp1_profile_nsys__MLA时延拆解.csv,1,prefill,1,attn_mha,4106,7.014558,5.514686,rotary_emb,partly inside context_attention / generation bmm_rope handling,0.075092,7.179394,0.052256,0.052256,1,BatchQKApplyRotaryPosIdsCosSinCacheHeadParallelismKernel,BatchQKApplyRotaryPosIdsCosSinCacheHeadParallelismKernel
agg_aic_prefix_probe_b12_isl4096_prefix2048_ctx8192,prefix_probe,/home/ai_lab/ljc/scale-up-sim/aiconfigurator/bench_data/h100_sxm/sglang/v0.5.9/deepseek_v3_mla/agg_csv/20260630_185819_agg_stage2_agg_aic_prefix_probe_b12_isl4096_prefix2048_ctx8192_d10_dctx4096_p2_pf2048_pp2048_layers6_backend_auto_cg_off_pcg_off_tp1_profile_nsys__MLA时延拆解.csv,1,prefill,1,attn_mha,4106,7.014558,5.514686,kv_b_proj,,0.236075,8.835159,1.875487,1.874303,2,per_token_group_quant_8bit_kernel,sm90_fp8_gemm_1d2d_impl
agg_aic_prefix_probe_b12_isl4096_prefix2048_ctx8192,prefix_probe,/home/ai_lab/ljc/scale-up-sim/aiconfigurator/bench_data/h100_sxm/sglang/v0.5.9/deepseek_v3_mla/agg_csv/20260630_185819_agg_stage2_agg_aic_prefix_probe_b12_isl4096_prefix2048_ctx8192_d10_dctx4096_p2_pf2048_pp2048_layers6_backend_auto_cg_off_pcg_off_tp1_profile_nsys__MLA时延拆解.csv,1,prefill,1,attn_mha,4106,7.014558,5.514686,attn_mha,context_attention,0.141419,12.393124,2.474111,2.474015,2,prepare_varlen_num_blocks_kernel,device_kernel
agg_aic_prefix_probe_b12_isl4096_prefix2048_ctx8192,prefix_probe,/home/ai_lab/ljc/scale-up-sim/aiconfigurator/bench_data/h100_sxm/sglang/v0.5.9/deepseek_v3_mla/agg_csv/20260630_185819_agg_stage2_agg_aic_prefix_probe_b12_isl4096_prefix2048_ctx8192_d10_dctx4096_p2_pf2048_pp2048_layers6_backend_auto_cg_off_pcg_off_tp1_profile_nsys__MLA时延拆解.csv,1,prefill,1,attn_mha,4106,7.014558,5.514686,o_proj,context_proj_gemm / generation_proj_gemm,0.244419,12.924526,0.71104,0.709632,2,per_token_group_quant_8bit_kernel,sm90_fp8_gemm_1d2d_impl
agg_aic_prefix_probe_b12_isl4096_prefix2048_ctx8192,prefix_probe,/home/ai_lab/ljc/scale-up-sim/aiconfigurator/bench_data/h100_sxm/sglang/v0.5.9/deepseek_v3_mla/agg_csv/20260630_185819_agg_stage2_agg_aic_prefix_probe_b12_isl4096_prefix2048_ctx8192_d10_dctx4096_p2_pf2048_pp2048_layers6_backend_auto_cg_off_pcg_off_tp1_profile_nsys__MLA时延拆解.csv,2,prefill,1,attn_mha,4106,7.021631,5.521151,fused_qkv_a_proj_with_mqa,context_downscale_gemm / generation_downscale_gemm,0.22547,14.38889,0.146656,0.144544,2,per_token_group_quant_8bit_kernel,sm90_fp8_gemm_1d2d_impl
agg_aic_prefix_probe_b12_isl4096_prefix2048_ctx8192,prefix_probe,/home/ai_lab/ljc/scale-up-sim/aiconfigurator/bench_data/h100_sxm/sglang/v0.5.9/deepseek_v3_mla/agg_csv/20260630_185819_agg_stage2_agg_aic_prefix_probe_b12_isl4096_prefix2048_ctx8192_d10_dctx4096_p2_pf2048_pp2048_layers6_backend_auto_cg_off_pcg_off_tp1_profile_nsys__MLA时延拆解.csv,2,prefill,1,attn_mha,4106,7.021631,5.521151,q_a_layernorm,not modeled in DeepSeekModel FallbackOp,0.044266,14.127145,0.009152,0.009152,1,RMSNormKernel,RMSNormKernel
agg_aic_prefix_probe_b12_isl4096_prefix2048_ctx8192,prefix_probe,/home/ai_lab/ljc/scale-up-sim/aiconfigurator/bench_data/h100_sxm/sglang/v0.5.9/deepseek_v3_mla/agg_csv/20260630_185819_agg_stage2_agg_aic_prefix_probe_b12_isl4096_prefix2048_ctx8192_d10_dctx4096_p2_pf2048_pp2048_layers6_backend_auto_cg_off_pcg_off_tp1_profile_nsys__MLA时延拆解.csv,2,prefill,1,attn_mha,4106,7.021631,5.521151,q_b_proj,context_q_b_proj_gemm / generation_q_b_proj_gemm,0.208423,14.291651,0.235584,0.234336,2,per_token_group_quant_8bit_kernel,sm90_fp8_gemm_1d2d_impl
agg_aic_prefix_probe_b12_isl4096_prefix2048_ctx8192,prefix_probe,/home/ai_lab/ljc/scale-up-sim/aiconfigurator/bench_data/h100_sxm/sglang/v0.5.9/deepseek_v3_mla/agg_csv/20260630_185819_agg_stage2_agg_aic_prefix_probe_b12_isl4096_prefix2048_ctx8192_d10_dctx4096_p2_pf2048_pp2048_layers6_backend_auto_cg_off_pcg_off_tp1_profile_nsys__MLA时延拆解.csv,2,prefill,1,attn_mha,4106,7.021631,5.521151,kv_a_layernorm,not modeled in DeepSeekModel FallbackOp,0.041773,14.031129,0.007808,0.007808,1,RMSNormKernel,RMSNormKernel
agg_aic_prefix_probe_b12_isl4096_prefix2048_ctx8192,prefix_probe,/home/ai_lab/ljc/scale-up-sim/aiconfigurator/bench_data/h100_sxm/sglang/v0.5.9/deepseek_v3_mla/agg_csv/20260630_185819_agg_stage2_agg_aic_prefix_probe_b12_isl4096_prefix2048_ctx8192_d10_dctx4096_p2_pf2048_pp2048_layers6_backend_auto_cg_off_pcg_off_tp1_profile_nsys__MLA时延拆解.csv,2,prefill,1,attn_mha,4106,7.021631,5.521151,rotary_emb,partly inside context_attention / generation bmm_rope handling,0.07117,14.006755,0.052576,0.052576,1,BatchQKApplyRotaryPosIdsCosSinCacheHeadParallelismKernel,BatchQKApplyRotaryPosIdsCosSinCacheHeadParallelismKernel
agg_aic_prefix_probe_b12_isl4096_prefix2048_ctx8192,prefix_probe,/home/ai_lab/ljc/scale-up-sim/aiconfigurator/bench_data/h100_sxm/sglang/v0.5.9/deepseek_v3_mla/agg_csv/20260630_185819_agg_stage2_agg_aic_prefix_probe_b12_isl4096_prefix2048_ctx8192_d10_dctx4096_p2_pf2048_pp2048_layers6_backend_auto_cg_off_pcg_off_tp1_profile_nsys__MLA时延拆解.csv,2,prefill,1,attn_mha,4106,7.021631,5.521151,kv_b_proj,,0.235105,15.681253,1.892352,1.890112,2,per_token_group_quant_8bit_kernel,sm90_fp8_gemm_1d2d_impl
agg_aic_prefix_probe_b12_isl4096_prefix2048_ctx8192,prefix_probe,/home/ai_lab/ljc/scale-up-sim/aiconfigurator/bench_data/h100_sxm/sglang/v0.5.9/deepseek_v3_mla/agg_csv/20260630_185819_agg_stage2_agg_aic_prefix_probe_b12_isl4096_prefix2048_ctx8192_d10_dctx4096_p2_pf2048_pp2048_layers6_backend_auto_cg_off_pcg_off_tp1_profile_nsys__MLA时延拆解.csv,2,prefill,1,attn_mha,4106,7.021631,5.521151,attn_mha,context_attention,0.139436,19.243533,2.472447,2.472383,2,prepare_varlen_num_blocks_kernel,device_kernel
agg_aic_prefix_probe_b12_isl4096_prefix2048_ctx8192,prefix_probe,/home/ai_lab/ljc/scale-up-sim/aiconfigurator/bench_data/h100_sxm/sglang/v0.5.9/deepseek_v3_mla/agg_csv/20260630_185819_agg_stage2_agg_aic_prefix_probe_b12_isl4096_prefix2048_ctx8192_d10_dctx4096_p2_pf2048_pp2048_layers6_backend_auto_cg_off_pcg_off_tp1_profile_nsys__MLA时延拆解.csv,2,prefill,1,attn_mha,4106,7.021631,5.521151,o_proj,context_proj_gemm / generation_proj_gemm,0.224523,19.77864,0.711488,0.71024,2,per_token_group_quant_8bit_kernel,sm90_fp8_gemm_1d2d_impl
agg_aic_prefix_probe_b12_isl4096_prefix2048_ctx8192,prefix_probe,/home/ai_lab/ljc/scale-up-sim/aiconfigurator/bench_data/h100_sxm/sglang/v0.5.9/deepseek_v3_mla/agg_csv/20260630_185819_agg_stage2_agg_aic_prefix_probe_b12_isl4096_prefix2048_ctx8192_d10_dctx4096_p2_pf2048_pp2048_layers6_backend_auto_cg_off_pcg_off_tp1_profile_nsys__MLA时延拆解.csv,3,prefill,1,attn_mha,4106,6.942046,5.438847,fused_qkv_a_proj_with_mqa,context_downscale_gemm / generation_downscale_gemm,0.222788,21.276973,0.147136,0.145632,2,per_token_group_quant_8bit_kernel,sm90_fp8_gemm_1d2d_impl
agg_aic_prefix_probe_b12_isl4096_prefix2048_ctx8192,prefix_probe,/home/ai_lab/ljc/scale-up-sim/aiconfigurator/bench_data/h100_sxm/sglang/v0.5.9/deepseek_v3_mla/agg_csv/20260630_185819_agg_stage2_agg_aic_prefix_probe_b12_isl4096_prefix2048_ctx8192_d10_dctx4096_p2_pf2048_pp2048_layers6_backend_auto_cg_off_pcg_off_tp1_profile_nsys__MLA时延拆解.csv,3,prefill,1,attn_mha,4106,6.942046,5.438847,q_a_layernorm,not modeled in DeepSeekModel FallbackOp,0.042706,21.018279,0.00928,0.00928,1,RMSNormKernel,RMSNormKernel
agg_aic_prefix_probe_b12_isl4096_prefix2048_ctx8192,prefix_probe,/home/ai_lab/ljc/scale-up-sim/aiconfigurator/bench_data/h100_sxm/sglang/v0.5.9/deepseek_v3_mla/agg_csv/20260630_185819_agg_stage2_agg_aic_prefix_probe_b12_isl4096_prefix2048_ctx8192_d10_dctx4096_p2_pf2048_pp2048_layers6_backend_auto_cg_off_pcg_off_tp1_profile_nsys__MLA时延拆解.csv,3,prefill,1,attn_mha,4106,6.942046,5.438847,q_b_proj,context_q_b_proj_gemm / generation_q_b_proj_gemm,0.206003,21.183868,0.235232,0.2336,2,per_token_group_quant_8bit_kernel,sm90_fp8_gemm_1d2d_impl
agg_aic_prefix_probe_b12_isl4096_prefix2048_ctx8192,prefix_probe,/home/ai_lab/ljc/scale-up-sim/aiconfigurator/bench_data/h100_sxm/sglang/v0.5.9/deepseek_v3_mla/agg_csv/20260630_185819_agg_stage2_agg_aic_prefix_probe_b12_isl4096_prefix2048_ctx8192_d10_dctx4096_p2_pf2048_pp2048_layers6_backend_auto_cg_off_pcg_off_tp1_profile_nsys__MLA时延拆解.csv,3,prefill,1,attn_mha,4106,6.942046,5.438847,kv_a_layernorm,not modeled in DeepSeekModel FallbackOp,0.039679,20.923911,0.009056,0.009056,1,RMSNormKernel,RMSNormKernel
agg_aic_prefix_probe_b12_isl4096_prefix2048_ctx8192,prefix_probe,/home/ai_lab/ljc/scale-up-sim/aiconfigurator/bench_data/h100_sxm/sglang/v0.5.9/deepseek_v3_mla/agg_csv/20260630_185819_agg_stage2_agg_aic_prefix_probe_b12_isl4096_prefix2048_ctx8192_d10_dctx4096_p2_pf2048_pp2048_layers6_backend_auto_cg_off_pcg_off_tp1_profile_nsys__MLA时延拆解.csv,3,prefill,1,attn_mha,4106,6.942046,5.438847,rotary_emb,partly inside context_attention / generation bmm_rope handling,0.071899,20.900217,0.053344,0.053344,1,BatchQKApplyRotaryPosIdsCosSinCacheHeadParallelismKernel,BatchQKApplyRotaryPosIdsCosSinCacheHeadParallelismKernel
agg_aic_prefix_probe_b12_isl4096_prefix2048_ctx8192,prefix_probe,/home/ai_lab/ljc/scale-up-sim/aiconfigurator/bench_data/h100_sxm/sglang/v0.5.9/deepseek_v3_mla/agg_csv/20260630_185819_agg_stage2_agg_aic_prefix_probe_b12_isl4096_prefix2048_ctx8192_d10_dctx4096_p2_pf2048_pp2048_layers6_backend_auto_cg_off_pcg_off_tp1_profile_nsys__MLA时延拆解.csv,3,prefill,1,attn_mha,4106,6.942046,5.438847,kv_b_proj,,0.223646,22.496759,1.813312,1.811008,2,per_token_group_quant_8bit_kernel,sm90_fp8_gemm_1d2d_impl
agg_aic_prefix_probe_b12_isl4096_prefix2048_ctx8192,prefix_probe,/home/ai_lab/ljc/scale-up-sim/aiconfigurator/bench_data/h100_sxm/sglang/v0.5.9/deepseek_v3_mla/agg_csv/20260630_185819_agg_stage2_agg_aic_prefix_probe_b12_isl4096_prefix2048_ctx8192_d10_dctx4096_p2_pf2048_pp2048_layers6_backend_auto_cg_off_pcg_off_tp1_profile_nsys__MLA时延拆解.csv,3,prefill,1,attn_mha,4106,6.942046,5.438847,attn_mha,context_attention,0.136618,26.066149,2.467968,2.467904,2,prepare_varlen_num_blocks_kernel,device_kernel
agg_aic_prefix_probe_b12_isl4096_prefix2048_ctx8192,prefix_probe,/home/ai_lab/ljc/scale-up-sim/aiconfigurator/bench_data/h100_sxm/sglang/v0.5.9/deepseek_v3_mla/agg_csv/20260630_185819_agg_stage2_agg_aic_prefix_probe_b12_isl4096_prefix2048_ctx8192_d10_dctx4096_p2_pf2048_pp2048_layers6_backend_auto_cg_off_pcg_off_tp1_profile_nsys__MLA时延拆解.csv,3,prefill,1,attn_mha,4106,6.942046,5.438847,o_proj,context_proj_gemm / generation_proj_gemm,0.216392,26.603335,0.711167,0.709023,2,per_token_group_quant_8bit_kernel,sm90_fp8_gemm_1d2d_impl
agg_aic_prefix_probe_b12_isl4096_prefix2048_ctx8192,prefix_probe,/home/ai_lab/ljc/scale-up-sim/aiconfigurator/bench_data/h100_sxm/sglang/v0.5.9/deepseek_v3_mla/agg_csv/20260630_185819_agg_stage2_agg_aic_prefix_probe_b12_isl4096_prefix2048_ctx8192_d10_dctx4096_p2_pf2048_pp2048_layers6_backend_auto_cg_off_pcg_off_tp1_profile_nsys__MLA时延拆解.csv,4,prefill,1,attn_mha,4106,7.041406,5.543231,fused_qkv_a_proj_with_mqa,context_downscale_gemm / generation_downscale_gemm,0.276603,30.219135,0.145632,0.143424,2,per_token_group_quant_8bit_kernel,sm90_fp8_gemm_1d2d_impl
agg_aic_prefix_probe_b12_isl4096_prefix2048_ctx8192,prefix_probe,/home/ai_lab/ljc/scale-up-sim/aiconfigurator/bench_data/h100_sxm/sglang/v0.5.9/deepseek_v3_mla/agg_csv/20260630_185819_agg_stage2_agg_aic_prefix_probe_b12_isl4096_prefix2048_ctx8192_d10_dctx4096_p2_pf2048_pp2048_layers6_backend_auto_cg_off_pcg_off_tp1_profile_nsys__MLA时延拆解.csv,4,prefill,1,attn_mha,4106,7.041406,5.543231,q_a_layernorm,not modeled in DeepSeekModel FallbackOp,0.046411,29.90071,0.009376,0.009376,1,RMSNormKernel,RMSNormKernel
agg_aic_prefix_probe_b12_isl4096_prefix2048_ctx8192,prefix_probe,/home/ai_lab/ljc/scale-up-sim/aiconfigurator/bench_data/h100_sxm/sglang/v0.5.9/deepseek_v3_mla/agg_csv/20260630_185819_agg_stage2_agg_aic_prefix_probe_b12_isl4096_prefix2048_ctx8192_d10_dctx4096_p2_pf2048_pp2048_layers6_backend_auto_cg_off_pcg_off_tp1_profile_nsys__MLA时延拆解.csv,4,prefill,1,attn_mha,4106,7.041406,5.543231,q_b_proj,context_q_b_proj_gemm / generation_q_b_proj_gemm,0.217678,30.0606,0.235616,0.234624,2,per_token_group_quant_8bit_kernel,sm90_fp8_gemm_1d2d_impl
agg_aic_prefix_probe_b12_isl4096_prefix2048_ctx8192,prefix_probe,/home/ai_lab/ljc/scale-up-sim/aiconfigurator/bench_data/h100_sxm/sglang/v0.5.9/deepseek_v3_mla/agg_csv/20260630_185819_agg_stage2_agg_aic_prefix_probe_b12_isl4096_prefix2048_ctx8192_d10_dctx4096_p2_pf2048_pp2048_layers6_backend_auto_cg_off_pcg_off_tp1_profile_nsys__MLA时延拆解.csv,4,prefill,1,attn_mha,4106,7.041406,5.543231,kv_a_layernorm,not modeled in DeepSeekModel FallbackOp,0.040238,29.789044,0.008032,0.008032,1,RMSNormKernel,RMSNormKernel
agg_aic_prefix_probe_b12_isl4096_prefix2048_ctx8192,prefix_probe,/home/ai_lab/ljc/scale-up-sim/aiconfigurator/bench_data/h100_sxm/sglang/v0.5.9/deepseek_v3_mla/agg_csv/20260630_185819_agg_stage2_agg_aic_prefix_probe_b12_isl4096_prefix2048_ctx8192_d10_dctx4096_p2_pf2048_pp2048_layers6_backend_auto_cg_off_pcg_off_tp1_profile_nsys__MLA时延拆解.csv,4,prefill,1,attn_mha,4106,7.041406,5.543231,rotary_emb,partly inside context_attention / generation bmm_rope handling,0.07713,29.76692,0.052864,0.052864,1,BatchQKApplyRotaryPosIdsCosSinCacheHeadParallelismKernel,BatchQKApplyRotaryPosIdsCosSinCacheHeadParallelismKernel
agg_aic_prefix_probe_b12_isl4096_prefix2048_ctx8192,prefix_probe,/home/ai_lab/ljc/scale-up-sim/aiconfigurator/bench_data/h100_sxm/sglang/v0.5.9/deepseek_v3_mla/agg_csv/20260630_185819_agg_stage2_agg_aic_prefix_probe_b12_isl4096_prefix2048_ctx8192_d10_dctx4096_p2_pf2048_pp2048_layers6_backend_auto_cg_off_pcg_off_tp1_profile_nsys__MLA时延拆解.csv,4,prefill,1,attn_mha,4106,7.041406,5.543231,kv_b_proj,,0.238131,31.449589,1.912704,1.911328,2,per_token_group_quant_8bit_kernel,sm90_fp8_gemm_1d2d_impl
agg_aic_prefix_probe_b12_isl4096_prefix2048_ctx8192,prefix_probe,/home/ai_lab/ljc/scale-up-sim/aiconfigurator/bench_data/h100_sxm/sglang/v0.5.9/deepseek_v3_mla/agg_csv/20260630_185819_agg_stage2_agg_aic_prefix_probe_b12_isl4096_prefix2048_ctx8192_d10_dctx4096_p2_pf2048_pp2048_layers6_backend_auto_cg_off_pcg_off_tp1_profile_nsys__MLA时延拆解.csv,4,prefill,1,attn_mha,4106,7.041406,5.543231,attn_mha,context_attention,0.140805,35.00095,2.471264,2.471232,2,prepare_varlen_num_blocks_kernel,device_kernel
agg_aic_prefix_probe_b12_isl4096_prefix2048_ctx8192,prefix_probe,/home/ai_lab/ljc/scale-up-sim/aiconfigurator/bench_data/h100_sxm/sglang/v0.5.9/deepseek_v3_mla/agg_csv/20260630_185819_agg_stage2_agg_aic_prefix_probe_b12_isl4096_prefix2048_ctx8192_d10_dctx4096_p2_pf2048_pp2048_layers6_backend_auto_cg_off_pcg_off_tp1_profile_nsys__MLA时延拆解.csv,4,prefill,1,attn_mha,4106,7.041406,5.543231,o_proj,context_proj_gemm / generation_proj_gemm,0.234859,35.535069,0.713631,0.712351,2,per_token_group_quant_8bit_kernel,sm90_fp8_gemm_1d2d_impl
agg_aic_prefix_probe_b12_isl4096_prefix2048_ctx8192,prefix_probe,/home/ai_lab/ljc/scale-up-sim/aiconfigurator/bench_data/h100_sxm/sglang/v0.5.9/deepseek_v3_mla/agg_csv/20260630_185819_agg_stage2_agg_aic_prefix_probe_b12_isl4096_prefix2048_ctx8192_d10_dctx4096_p2_pf2048_pp2048_layers6_backend_auto_cg_off_pcg_off_tp1_profile_nsys__MLA时延拆解.csv,5,prefill,1,attn_mha,4106,7.055806,5.559359,fused_qkv_a_proj_with_mqa,context_downscale_gemm / generation_downscale_gemm,0.277759,39.228174,0.144864,0.142624,2,per_token_group_quant_8bit_kernel,sm90_fp8_gemm_1d2d_impl
agg_aic_prefix_probe_b12_isl4096_prefix2048_ctx8192,prefix_probe,/home/ai_lab/ljc/scale-up-sim/aiconfigurator/bench_data/h100_sxm/sglang/v0.5.9/deepseek_v3_mla/agg_csv/20260630_185819_agg_stage2_agg_aic_prefix_probe_b12_isl4096_prefix2048_ctx8192_d10_dctx4096_p2_pf2048_pp2048_layers6_backend_auto_cg_off_pcg_off_tp1_profile_nsys__MLA时延拆解.csv,5,prefill,1,attn_mha,4106,7.055806,5.559359,q_a_layernorm,not modeled in DeepSeekModel FallbackOp,0.047554,38.910467,0.009376,0.009376,1,RMSNormKernel,RMSNormKernel
agg_aic_prefix_probe_b12_isl4096_prefix2048_ctx8192,prefix_probe,/home/ai_lab/ljc/scale-up-sim/aiconfigurator/bench_data/h100_sxm/sglang/v0.5.9/deepseek_v3_mla/agg_csv/20260630_185819_agg_stage2_agg_aic_prefix_probe_b12_isl4096_prefix2048_ctx8192_d10_dctx4096_p2_pf2048_pp2048_layers6_backend_auto_cg_off_pcg_off_tp1_profile_nsys__MLA时延拆解.csv,5,prefill,1,attn_mha,4106,7.055806,5.559359,q_b_proj,context_q_b_proj_gemm / generation_q_b_proj_gemm,0.220768,39.068338,0.235776,0.23456,2,per_token_group_quant_8bit_kernel,sm90_fp8_gemm_1d2d_impl
agg_aic_prefix_probe_b12_isl4096_prefix2048_ctx8192,prefix_probe,/home/ai_lab/ljc/scale-up-sim/aiconfigurator/bench_data/h100_sxm/sglang/v0.5.9/deepseek_v3_mla/agg_csv/20260630_185819_agg_stage2_agg_aic_prefix_probe_b12_isl4096_prefix2048_ctx8192_d10_dctx4096_p2_pf2048_pp2048_layers6_backend_auto_cg_off_pcg_off_tp1_profile_nsys__MLA时延拆解.csv,5,prefill,1,attn_mha,4106,7.055806,5.559359,kv_a_layernorm,not modeled in DeepSeekModel FallbackOp,0.044322,38.788098,0.008192,0.008192,1,RMSNormKernel,RMSNormKernel
agg_aic_prefix_probe_b12_isl4096_prefix2048_ctx8192,prefix_probe,/home/ai_lab/ljc/scale-up-sim/aiconfigurator/bench_data/h100_sxm/sglang/v0.5.9/deepseek_v3_mla/agg_csv/20260630_185819_agg_stage2_agg_aic_prefix_probe_b12_isl4096_prefix2048_ctx8192_d10_dctx4096_p2_pf2048_pp2048_layers6_backend_auto_cg_off_pcg_off_tp1_profile_nsys__MLA时延拆解.csv,5,prefill,1,attn_mha,4106,7.055806,5.559359,rotary_emb,partly inside context_attention / generation bmm_rope handling,0.074692,38.760642,0.052288,0.052288,1,BatchQKApplyRotaryPosIdsCosSinCacheHeadParallelismKernel,BatchQKApplyRotaryPosIdsCosSinCacheHeadParallelismKernel
agg_aic_prefix_probe_b12_isl4096_prefix2048_ctx8192,prefix_probe,/home/ai_lab/ljc/scale-up-sim/aiconfigurator/bench_data/h100_sxm/sglang/v0.5.9/deepseek_v3_mla/agg_csv/20260630_185819_agg_stage2_agg_aic_prefix_probe_b12_isl4096_prefix2048_ctx8192_d10_dctx4096_p2_pf2048_pp2048_layers6_backend_auto_cg_off_pcg_off_tp1_profile_nsys__MLA时延拆解.csv,5,prefill,1,attn_mha,4106,7.055806,5.559359,kv_b_proj,,0.222319,40.474064,1.929632,1.928256,2,per_token_group_quant_8bit_kernel,sm90_fp8_gemm_1d2d_impl
agg_aic_prefix_probe_b12_isl4096_prefix2048_ctx8192,prefix_probe,/home/ai_lab/ljc/scale-up-sim/aiconfigurator/bench_data/h100_sxm/sglang/v0.5.9/deepseek_v3_mla/agg_csv/20260630_185819_agg_stage2_agg_aic_prefix_probe_b12_isl4096_prefix2048_ctx8192_d10_dctx4096_p2_pf2048_pp2048_layers6_backend_auto_cg_off_pcg_off_tp1_profile_nsys__MLA时延拆解.csv,5,prefill,1,attn_mha,4106,7.055806,5.559359,attn_mha,context_attention,0.142453,44.049078,2.47408,2.474016,2,prepare_varlen_num_blocks_kernel,device_kernel
agg_aic_prefix_probe_b12_isl4096_prefix2048_ctx8192,prefix_probe,/home/ai_lab/ljc/scale-up-sim/aiconfigurator/bench_data/h100_sxm/sglang/v0.5.9/deepseek_v3_mla/agg_csv/20260630_185819_agg_stage2_agg_aic_prefix_probe_b12_isl4096_prefix2048_ctx8192_d10_dctx4096_p2_pf2048_pp2048_layers6_backend_auto_cg_off_pcg_off_tp1_profile_nsys__MLA时延拆解.csv,5,prefill,1,attn_mha,4106,7.055806,5.559359,o_proj,context_proj_gemm / generation_proj_gemm,0.230999,44.580851,0.711231,0.710047,2,per_token_group_quant_8bit_kernel,sm90_fp8_gemm_1d2d_impl
