[2026-05-11 18:16:08,690] [INFO] [Worker-0] [worker_0] Worker 0 initialized for sglang.wan_elementwise
[2026-05-11 18:16:08,789] [INFO] [Worker-1] [worker_1] Worker 1 initialized for sglang.wan_elementwise
[2026-05-11 18:16:14,192] [ERROR] [Worker-0] [worker_0] Task sglang.wan_elementwise:run_wan_elementwise:['scale_residual_layernorm_scale_shift', 1, 19110, 5120, 1] failed
Traceback (most recent call last):
  File "/home/ai_lab/ljc/scale-up-sim/aiconfigurator/collector/collect.py", line 364, in worker
    func(*task, device=device)
  File "/home/ai_lab/ljc/scale-up-sim/aiconfigurator/collector/sglang/collect_wan_elementwise.py", line 113, in run_wan_elementwise
    with benchmark_with_power(
         ^^^^^^^^^^^^^^^^^^^^^
  File "/home/ai_lab/fjw/miniforge3/envs/ljc01/lib/python3.12/contextlib.py", line 137, in __enter__
    return next(self.gen)
           ^^^^^^^^^^^^^^
  File "/home/ai_lab/ljc/scale-up-sim/aiconfigurator/collector/helper.py", line 245, in benchmark_with_power
    kernel_func()
  File "/home/ai_lab/ljc/scale-up-sim/aiconfigurator/collector/sglang/collect_wan_elementwise.py", line 86, in kernel_func
    return module(residual, x, gate, shift, scale)
           ^^^^^^^^^^^^^^^^^^^^^^^^^^^^^^^^^^^^^^^
  File "/home/ai_lab/fjw/miniforge3/envs/ljc01/lib/python3.12/site-packages/torch/nn/modules/module.py", line 1775, in _wrapped_call_impl
    return self._call_impl(*args, **kwargs)
           ^^^^^^^^^^^^^^^^^^^^^^^^^^^^^^^^
  File "/home/ai_lab/fjw/miniforge3/envs/ljc01/lib/python3.12/site-packages/torch/nn/modules/module.py", line 1786, in _call_impl
    return forward_call(*args, **kwargs)
           ^^^^^^^^^^^^^^^^^^^^^^^^^^^^^
  File "/home/ai_lab/fjw/miniforge3/envs/ljc01/lib/python3.12/site-packages/sglang/multimodal_gen/runtime/layers/custom_op.py", line 31, in forward
    return self._forward_method(*args, **kwargs)
           ^^^^^^^^^^^^^^^^^^^^^^^^^^^^^^^^^^^^^
  File "/home/ai_lab/fjw/miniforge3/envs/ljc01/lib/python3.12/site-packages/sglang/multimodal_gen/runtime/layers/layernorm.py", line 382, in forward_cuda
    from sglang.jit_kernel.diffusion.cutedsl.scale_residual_norm_scale_shift import (
  File "/home/ai_lab/fjw/miniforge3/envs/ljc01/lib/python3.12/site-packages/sglang/jit_kernel/diffusion/cutedsl/scale_residual_norm_scale_shift.py", line 4, in <module>
    import cutlass
ModuleNotFoundError: No module named 'cutlass'
2026-05-11 18:16:14,192|ERROR|Worker-worker_0|worker|Task sglang.wan_elementwise:run_wan_elementwise:['scale_residual_layernorm_scale_shift', 1, 19110, 5120, 1] failed
Traceback (most recent call last):
  File "/home/ai_lab/ljc/scale-up-sim/aiconfigurator/collector/collect.py", line 364, in worker
    func(*task, device=device)
  File "/home/ai_lab/ljc/scale-up-sim/aiconfigurator/collector/sglang/collect_wan_elementwise.py", line 113, in run_wan_elementwise
    with benchmark_with_power(
         ^^^^^^^^^^^^^^^^^^^^^
  File "/home/ai_lab/fjw/miniforge3/envs/ljc01/lib/python3.12/contextlib.py", line 137, in __enter__
    return next(self.gen)
           ^^^^^^^^^^^^^^
  File "/home/ai_lab/ljc/scale-up-sim/aiconfigurator/collector/helper.py", line 245, in benchmark_with_power
    kernel_func()
  File "/home/ai_lab/ljc/scale-up-sim/aiconfigurator/collector/sglang/collect_wan_elementwise.py", line 86, in kernel_func
    return module(residual, x, gate, shift, scale)
           ^^^^^^^^^^^^^^^^^^^^^^^^^^^^^^^^^^^^^^^
  File "/home/ai_lab/fjw/miniforge3/envs/ljc01/lib/python3.12/site-packages/torch/nn/modules/module.py", line 1775, in _wrapped_call_impl
    return self._call_impl(*args, **kwargs)
           ^^^^^^^^^^^^^^^^^^^^^^^^^^^^^^^^
  File "/home/ai_lab/fjw/miniforge3/envs/ljc01/lib/python3.12/site-packages/torch/nn/modules/module.py", line 1786, in _call_impl
    return forward_call(*args, **kwargs)
           ^^^^^^^^^^^^^^^^^^^^^^^^^^^^^
  File "/home/ai_lab/fjw/miniforge3/envs/ljc01/lib/python3.12/site-packages/sglang/multimodal_gen/runtime/layers/custom_op.py", line 31, in forward
    return self._forward_method(*args, **kwargs)
           ^^^^^^^^^^^^^^^^^^^^^^^^^^^^^^^^^^^^^
  File "/home/ai_lab/fjw/miniforge3/envs/ljc01/lib/python3.12/site-packages/sglang/multimodal_gen/runtime/layers/layernorm.py", line 382, in forward_cuda
    from sglang.jit_kernel.diffusion.cutedsl.scale_residual_norm_scale_shift import (
  File "/home/ai_lab/fjw/miniforge3/envs/ljc01/lib/python3.12/site-packages/sglang/jit_kernel/diffusion/cutedsl/scale_residual_norm_scale_shift.py", line 4, in <module>
    import cutlass
ModuleNotFoundError: No module named 'cutlass'
[2026-05-11 18:16:14,195] [ERROR] [Worker-0] [worker_0] Task sglang.wan_elementwise:run_wan_elementwise:['scale_residual_layernorm_scale_shift', 1, 19110, 5120, 2] failed
Traceback (most recent call last):
  File "/home/ai_lab/ljc/scale-up-sim/aiconfigurator/collector/collect.py", line 364, in worker
    func(*task, device=device)
  File "/home/ai_lab/ljc/scale-up-sim/aiconfigurator/collector/sglang/collect_wan_elementwise.py", line 113, in run_wan_elementwise
    with benchmark_with_power(
         ^^^^^^^^^^^^^^^^^^^^^
  File "/home/ai_lab/fjw/miniforge3/envs/ljc01/lib/python3.12/contextlib.py", line 137, in __enter__
    return next(self.gen)
           ^^^^^^^^^^^^^^
  File "/home/ai_lab/ljc/scale-up-sim/aiconfigurator/collector/helper.py", line 245, in benchmark_with_power
    kernel_func()
  File "/home/ai_lab/ljc/scale-up-sim/aiconfigurator/collector/sglang/collect_wan_elementwise.py", line 86, in kernel_func
    return module(residual, x, gate, shift, scale)
           ^^^^^^^^^^^^^^^^^^^^^^^^^^^^^^^^^^^^^^^
  File "/home/ai_lab/fjw/miniforge3/envs/ljc01/lib/python3.12/site-packages/torch/nn/modules/module.py", line 1775, in _wrapped_call_impl
    return self._call_impl(*args, **kwargs)
           ^^^^^^^^^^^^^^^^^^^^^^^^^^^^^^^^
  File "/home/ai_lab/fjw/miniforge3/envs/ljc01/lib/python3.12/site-packages/torch/nn/modules/module.py", line 1786, in _call_impl
    return forward_call(*args, **kwargs)
           ^^^^^^^^^^^^^^^^^^^^^^^^^^^^^
  File "/home/ai_lab/fjw/miniforge3/envs/ljc01/lib/python3.12/site-packages/sglang/multimodal_gen/runtime/layers/custom_op.py", line 31, in forward
    return self._forward_method(*args, **kwargs)
           ^^^^^^^^^^^^^^^^^^^^^^^^^^^^^^^^^^^^^
  File "/home/ai_lab/fjw/miniforge3/envs/ljc01/lib/python3.12/site-packages/sglang/multimodal_gen/runtime/layers/layernorm.py", line 382, in forward_cuda
    from sglang.jit_kernel.diffusion.cutedsl.scale_residual_norm_scale_shift import (
  File "/home/ai_lab/fjw/miniforge3/envs/ljc01/lib/python3.12/site-packages/sglang/jit_kernel/diffusion/cutedsl/scale_residual_norm_scale_shift.py", line 4, in <module>
    import cutlass
ModuleNotFoundError: No module named 'cutlass'
2026-05-11 18:16:14,195|ERROR|Worker-worker_0|worker|Task sglang.wan_elementwise:run_wan_elementwise:['scale_residual_layernorm_scale_shift', 1, 19110, 5120, 2] failed
Traceback (most recent call last):
  File "/home/ai_lab/ljc/scale-up-sim/aiconfigurator/collector/collect.py", line 364, in worker
    func(*task, device=device)
  File "/home/ai_lab/ljc/scale-up-sim/aiconfigurator/collector/sglang/collect_wan_elementwise.py", line 113, in run_wan_elementwise
    with benchmark_with_power(
         ^^^^^^^^^^^^^^^^^^^^^
  File "/home/ai_lab/fjw/miniforge3/envs/ljc01/lib/python3.12/contextlib.py", line 137, in __enter__
    return next(self.gen)
           ^^^^^^^^^^^^^^
  File "/home/ai_lab/ljc/scale-up-sim/aiconfigurator/collector/helper.py", line 245, in benchmark_with_power
    kernel_func()
  File "/home/ai_lab/ljc/scale-up-sim/aiconfigurator/collector/sglang/collect_wan_elementwise.py", line 86, in kernel_func
    return module(residual, x, gate, shift, scale)
           ^^^^^^^^^^^^^^^^^^^^^^^^^^^^^^^^^^^^^^^
  File "/home/ai_lab/fjw/miniforge3/envs/ljc01/lib/python3.12/site-packages/torch/nn/modules/module.py", line 1775, in _wrapped_call_impl
    return self._call_impl(*args, **kwargs)
           ^^^^^^^^^^^^^^^^^^^^^^^^^^^^^^^^
  File "/home/ai_lab/fjw/miniforge3/envs/ljc01/lib/python3.12/site-packages/torch/nn/modules/module.py", line 1786, in _call_impl
    return forward_call(*args, **kwargs)
           ^^^^^^^^^^^^^^^^^^^^^^^^^^^^^
  File "/home/ai_lab/fjw/miniforge3/envs/ljc01/lib/python3.12/site-packages/sglang/multimodal_gen/runtime/layers/custom_op.py", line 31, in forward
    return self._forward_method(*args, **kwargs)
           ^^^^^^^^^^^^^^^^^^^^^^^^^^^^^^^^^^^^^
  File "/home/ai_lab/fjw/miniforge3/envs/ljc01/lib/python3.12/site-packages/sglang/multimodal_gen/runtime/layers/layernorm.py", line 382, in forward_cuda
    from sglang.jit_kernel.diffusion.cutedsl.scale_residual_norm_scale_shift import (
  File "/home/ai_lab/fjw/miniforge3/envs/ljc01/lib/python3.12/site-packages/sglang/jit_kernel/diffusion/cutedsl/scale_residual_norm_scale_shift.py", line 4, in <module>
    import cutlass
ModuleNotFoundError: No module named 'cutlass'
[2026-05-11 18:16:14,197] [ERROR] [Worker-0] [worker_0] Task sglang.wan_elementwise:run_wan_elementwise:['scale_residual_layernorm_scale_shift', 1, 19110, 5120, 4] failed
Traceback (most recent call last):
  File "/home/ai_lab/ljc/scale-up-sim/aiconfigurator/collector/collect.py", line 364, in worker
    func(*task, device=device)
  File "/home/ai_lab/ljc/scale-up-sim/aiconfigurator/collector/sglang/collect_wan_elementwise.py", line 113, in run_wan_elementwise
    with benchmark_with_power(
         ^^^^^^^^^^^^^^^^^^^^^
  File "/home/ai_lab/fjw/miniforge3/envs/ljc01/lib/python3.12/contextlib.py", line 137, in __enter__
    return next(self.gen)
           ^^^^^^^^^^^^^^
  File "/home/ai_lab/ljc/scale-up-sim/aiconfigurator/collector/helper.py", line 245, in benchmark_with_power
    kernel_func()
  File "/home/ai_lab/ljc/scale-up-sim/aiconfigurator/collector/sglang/collect_wan_elementwise.py", line 86, in kernel_func
    return module(residual, x, gate, shift, scale)
           ^^^^^^^^^^^^^^^^^^^^^^^^^^^^^^^^^^^^^^^
  File "/home/ai_lab/fjw/miniforge3/envs/ljc01/lib/python3.12/site-packages/torch/nn/modules/module.py", line 1775, in _wrapped_call_impl
    return self._call_impl(*args, **kwargs)
           ^^^^^^^^^^^^^^^^^^^^^^^^^^^^^^^^
  File "/home/ai_lab/fjw/miniforge3/envs/ljc01/lib/python3.12/site-packages/torch/nn/modules/module.py", line 1786, in _call_impl
    return forward_call(*args, **kwargs)
           ^^^^^^^^^^^^^^^^^^^^^^^^^^^^^
  File "/home/ai_lab/fjw/miniforge3/envs/ljc01/lib/python3.12/site-packages/sglang/multimodal_gen/runtime/layers/custom_op.py", line 31, in forward
    return self._forward_method(*args, **kwargs)
           ^^^^^^^^^^^^^^^^^^^^^^^^^^^^^^^^^^^^^
  File "/home/ai_lab/fjw/miniforge3/envs/ljc01/lib/python3.12/site-packages/sglang/multimodal_gen/runtime/layers/layernorm.py", line 382, in forward_cuda
    from sglang.jit_kernel.diffusion.cutedsl.scale_residual_norm_scale_shift import (
  File "/home/ai_lab/fjw/miniforge3/envs/ljc01/lib/python3.12/site-packages/sglang/jit_kernel/diffusion/cutedsl/scale_residual_norm_scale_shift.py", line 4, in <module>
    import cutlass
ModuleNotFoundError: No module named 'cutlass'
2026-05-11 18:16:14,197|ERROR|Worker-worker_0|worker|Task sglang.wan_elementwise:run_wan_elementwise:['scale_residual_layernorm_scale_shift', 1, 19110, 5120, 4] failed
Traceback (most recent call last):
  File "/home/ai_lab/ljc/scale-up-sim/aiconfigurator/collector/collect.py", line 364, in worker
    func(*task, device=device)
  File "/home/ai_lab/ljc/scale-up-sim/aiconfigurator/collector/sglang/collect_wan_elementwise.py", line 113, in run_wan_elementwise
    with benchmark_with_power(
         ^^^^^^^^^^^^^^^^^^^^^
  File "/home/ai_lab/fjw/miniforge3/envs/ljc01/lib/python3.12/contextlib.py", line 137, in __enter__
    return next(self.gen)
           ^^^^^^^^^^^^^^
  File "/home/ai_lab/ljc/scale-up-sim/aiconfigurator/collector/helper.py", line 245, in benchmark_with_power
    kernel_func()
  File "/home/ai_lab/ljc/scale-up-sim/aiconfigurator/collector/sglang/collect_wan_elementwise.py", line 86, in kernel_func
    return module(residual, x, gate, shift, scale)
           ^^^^^^^^^^^^^^^^^^^^^^^^^^^^^^^^^^^^^^^
  File "/home/ai_lab/fjw/miniforge3/envs/ljc01/lib/python3.12/site-packages/torch/nn/modules/module.py", line 1775, in _wrapped_call_impl
    return self._call_impl(*args, **kwargs)
           ^^^^^^^^^^^^^^^^^^^^^^^^^^^^^^^^
  File "/home/ai_lab/fjw/miniforge3/envs/ljc01/lib/python3.12/site-packages/torch/nn/modules/module.py", line 1786, in _call_impl
    return forward_call(*args, **kwargs)
           ^^^^^^^^^^^^^^^^^^^^^^^^^^^^^
  File "/home/ai_lab/fjw/miniforge3/envs/ljc01/lib/python3.12/site-packages/sglang/multimodal_gen/runtime/layers/custom_op.py", line 31, in forward
    return self._forward_method(*args, **kwargs)
           ^^^^^^^^^^^^^^^^^^^^^^^^^^^^^^^^^^^^^
  File "/home/ai_lab/fjw/miniforge3/envs/ljc01/lib/python3.12/site-packages/sglang/multimodal_gen/runtime/layers/layernorm.py", line 382, in forward_cuda
    from sglang.jit_kernel.diffusion.cutedsl.scale_residual_norm_scale_shift import (
  File "/home/ai_lab/fjw/miniforge3/envs/ljc01/lib/python3.12/site-packages/sglang/jit_kernel/diffusion/cutedsl/scale_residual_norm_scale_shift.py", line 4, in <module>
    import cutlass
ModuleNotFoundError: No module named 'cutlass'
[2026-05-11 18:16:14,199] [ERROR] [Worker-0] [worker_0] Task sglang.wan_elementwise:run_wan_elementwise:['scale_residual_layernorm_scale_shift', 1, 19110, 5120, 8] failed
Traceback (most recent call last):
  File "/home/ai_lab/ljc/scale-up-sim/aiconfigurator/collector/collect.py", line 364, in worker
    func(*task, device=device)
  File "/home/ai_lab/ljc/scale-up-sim/aiconfigurator/collector/sglang/collect_wan_elementwise.py", line 113, in run_wan_elementwise
    with benchmark_with_power(
         ^^^^^^^^^^^^^^^^^^^^^
  File "/home/ai_lab/fjw/miniforge3/envs/ljc01/lib/python3.12/contextlib.py", line 137, in __enter__
    return next(self.gen)
           ^^^^^^^^^^^^^^
  File "/home/ai_lab/ljc/scale-up-sim/aiconfigurator/collector/helper.py", line 245, in benchmark_with_power
    kernel_func()
  File "/home/ai_lab/ljc/scale-up-sim/aiconfigurator/collector/sglang/collect_wan_elementwise.py", line 86, in kernel_func
    return module(residual, x, gate, shift, scale)
           ^^^^^^^^^^^^^^^^^^^^^^^^^^^^^^^^^^^^^^^
  File "/home/ai_lab/fjw/miniforge3/envs/ljc01/lib/python3.12/site-packages/torch/nn/modules/module.py", line 1775, in _wrapped_call_impl
    return self._call_impl(*args, **kwargs)
           ^^^^^^^^^^^^^^^^^^^^^^^^^^^^^^^^
  File "/home/ai_lab/fjw/miniforge3/envs/ljc01/lib/python3.12/site-packages/torch/nn/modules/module.py", line 1786, in _call_impl
    return forward_call(*args, **kwargs)
           ^^^^^^^^^^^^^^^^^^^^^^^^^^^^^
  File "/home/ai_lab/fjw/miniforge3/envs/ljc01/lib/python3.12/site-packages/sglang/multimodal_gen/runtime/layers/custom_op.py", line 31, in forward
    return self._forward_method(*args, **kwargs)
           ^^^^^^^^^^^^^^^^^^^^^^^^^^^^^^^^^^^^^
  File "/home/ai_lab/fjw/miniforge3/envs/ljc01/lib/python3.12/site-packages/sglang/multimodal_gen/runtime/layers/layernorm.py", line 382, in forward_cuda
    from sglang.jit_kernel.diffusion.cutedsl.scale_residual_norm_scale_shift import (
  File "/home/ai_lab/fjw/miniforge3/envs/ljc01/lib/python3.12/site-packages/sglang/jit_kernel/diffusion/cutedsl/scale_residual_norm_scale_shift.py", line 4, in <module>
    import cutlass
ModuleNotFoundError: No module named 'cutlass'
2026-05-11 18:16:14,199|ERROR|Worker-worker_0|worker|Task sglang.wan_elementwise:run_wan_elementwise:['scale_residual_layernorm_scale_shift', 1, 19110, 5120, 8] failed
Traceback (most recent call last):
  File "/home/ai_lab/ljc/scale-up-sim/aiconfigurator/collector/collect.py", line 364, in worker
    func(*task, device=device)
  File "/home/ai_lab/ljc/scale-up-sim/aiconfigurator/collector/sglang/collect_wan_elementwise.py", line 113, in run_wan_elementwise
    with benchmark_with_power(
         ^^^^^^^^^^^^^^^^^^^^^
  File "/home/ai_lab/fjw/miniforge3/envs/ljc01/lib/python3.12/contextlib.py", line 137, in __enter__
    return next(self.gen)
           ^^^^^^^^^^^^^^
  File "/home/ai_lab/ljc/scale-up-sim/aiconfigurator/collector/helper.py", line 245, in benchmark_with_power
    kernel_func()
  File "/home/ai_lab/ljc/scale-up-sim/aiconfigurator/collector/sglang/collect_wan_elementwise.py", line 86, in kernel_func
    return module(residual, x, gate, shift, scale)
           ^^^^^^^^^^^^^^^^^^^^^^^^^^^^^^^^^^^^^^^
  File "/home/ai_lab/fjw/miniforge3/envs/ljc01/lib/python3.12/site-packages/torch/nn/modules/module.py", line 1775, in _wrapped_call_impl
    return self._call_impl(*args, **kwargs)
           ^^^^^^^^^^^^^^^^^^^^^^^^^^^^^^^^
  File "/home/ai_lab/fjw/miniforge3/envs/ljc01/lib/python3.12/site-packages/torch/nn/modules/module.py", line 1786, in _call_impl
    return forward_call(*args, **kwargs)
           ^^^^^^^^^^^^^^^^^^^^^^^^^^^^^
  File "/home/ai_lab/fjw/miniforge3/envs/ljc01/lib/python3.12/site-packages/sglang/multimodal_gen/runtime/layers/custom_op.py", line 31, in forward
    return self._forward_method(*args, **kwargs)
           ^^^^^^^^^^^^^^^^^^^^^^^^^^^^^^^^^^^^^
  File "/home/ai_lab/fjw/miniforge3/envs/ljc01/lib/python3.12/site-packages/sglang/multimodal_gen/runtime/layers/layernorm.py", line 382, in forward_cuda
    from sglang.jit_kernel.diffusion.cutedsl.scale_residual_norm_scale_shift import (
  File "/home/ai_lab/fjw/miniforge3/envs/ljc01/lib/python3.12/site-packages/sglang/jit_kernel/diffusion/cutedsl/scale_residual_norm_scale_shift.py", line 4, in <module>
    import cutlass
ModuleNotFoundError: No module named 'cutlass'
[2026-05-11 18:16:14,201] [ERROR] [Worker-0] [worker_0] Task sglang.wan_elementwise:run_wan_elementwise:['scale_residual_layernorm_scale_shift', 1, 31590, 5120, 1] failed
Traceback (most recent call last):
  File "/home/ai_lab/ljc/scale-up-sim/aiconfigurator/collector/collect.py", line 364, in worker
    func(*task, device=device)
  File "/home/ai_lab/ljc/scale-up-sim/aiconfigurator/collector/sglang/collect_wan_elementwise.py", line 113, in run_wan_elementwise
    with benchmark_with_power(
         ^^^^^^^^^^^^^^^^^^^^^
  File "/home/ai_lab/fjw/miniforge3/envs/ljc01/lib/python3.12/contextlib.py", line 137, in __enter__
    return next(self.gen)
           ^^^^^^^^^^^^^^
  File "/home/ai_lab/ljc/scale-up-sim/aiconfigurator/collector/helper.py", line 245, in benchmark_with_power
    kernel_func()
  File "/home/ai_lab/ljc/scale-up-sim/aiconfigurator/collector/sglang/collect_wan_elementwise.py", line 86, in kernel_func
    return module(residual, x, gate, shift, scale)
           ^^^^^^^^^^^^^^^^^^^^^^^^^^^^^^^^^^^^^^^
  File "/home/ai_lab/fjw/miniforge3/envs/ljc01/lib/python3.12/site-packages/torch/nn/modules/module.py", line 1775, in _wrapped_call_impl
    return self._call_impl(*args, **kwargs)
           ^^^^^^^^^^^^^^^^^^^^^^^^^^^^^^^^
  File "/home/ai_lab/fjw/miniforge3/envs/ljc01/lib/python3.12/site-packages/torch/nn/modules/module.py", line 1786, in _call_impl
    return forward_call(*args, **kwargs)
           ^^^^^^^^^^^^^^^^^^^^^^^^^^^^^
  File "/home/ai_lab/fjw/miniforge3/envs/ljc01/lib/python3.12/site-packages/sglang/multimodal_gen/runtime/layers/custom_op.py", line 31, in forward
    return self._forward_method(*args, **kwargs)
           ^^^^^^^^^^^^^^^^^^^^^^^^^^^^^^^^^^^^^
  File "/home/ai_lab/fjw/miniforge3/envs/ljc01/lib/python3.12/site-packages/sglang/multimodal_gen/runtime/layers/layernorm.py", line 382, in forward_cuda
    from sglang.jit_kernel.diffusion.cutedsl.scale_residual_norm_scale_shift import (
  File "/home/ai_lab/fjw/miniforge3/envs/ljc01/lib/python3.12/site-packages/sglang/jit_kernel/diffusion/cutedsl/scale_residual_norm_scale_shift.py", line 4, in <module>
    import cutlass
ModuleNotFoundError: No module named 'cutlass'
2026-05-11 18:16:14,201|ERROR|Worker-worker_0|worker|Task sglang.wan_elementwise:run_wan_elementwise:['scale_residual_layernorm_scale_shift', 1, 31590, 5120, 1] failed
Traceback (most recent call last):
  File "/home/ai_lab/ljc/scale-up-sim/aiconfigurator/collector/collect.py", line 364, in worker
    func(*task, device=device)
  File "/home/ai_lab/ljc/scale-up-sim/aiconfigurator/collector/sglang/collect_wan_elementwise.py", line 113, in run_wan_elementwise
    with benchmark_with_power(
         ^^^^^^^^^^^^^^^^^^^^^
  File "/home/ai_lab/fjw/miniforge3/envs/ljc01/lib/python3.12/contextlib.py", line 137, in __enter__
    return next(self.gen)
           ^^^^^^^^^^^^^^
  File "/home/ai_lab/ljc/scale-up-sim/aiconfigurator/collector/helper.py", line 245, in benchmark_with_power
    kernel_func()
  File "/home/ai_lab/ljc/scale-up-sim/aiconfigurator/collector/sglang/collect_wan_elementwise.py", line 86, in kernel_func
    return module(residual, x, gate, shift, scale)
           ^^^^^^^^^^^^^^^^^^^^^^^^^^^^^^^^^^^^^^^
  File "/home/ai_lab/fjw/miniforge3/envs/ljc01/lib/python3.12/site-packages/torch/nn/modules/module.py", line 1775, in _wrapped_call_impl
    return self._call_impl(*args, **kwargs)
           ^^^^^^^^^^^^^^^^^^^^^^^^^^^^^^^^
  File "/home/ai_lab/fjw/miniforge3/envs/ljc01/lib/python3.12/site-packages/torch/nn/modules/module.py", line 1786, in _call_impl
    return forward_call(*args, **kwargs)
           ^^^^^^^^^^^^^^^^^^^^^^^^^^^^^
  File "/home/ai_lab/fjw/miniforge3/envs/ljc01/lib/python3.12/site-packages/sglang/multimodal_gen/runtime/layers/custom_op.py", line 31, in forward
    return self._forward_method(*args, **kwargs)
           ^^^^^^^^^^^^^^^^^^^^^^^^^^^^^^^^^^^^^
  File "/home/ai_lab/fjw/miniforge3/envs/ljc01/lib/python3.12/site-packages/sglang/multimodal_gen/runtime/layers/layernorm.py", line 382, in forward_cuda
    from sglang.jit_kernel.diffusion.cutedsl.scale_residual_norm_scale_shift import (
  File "/home/ai_lab/fjw/miniforge3/envs/ljc01/lib/python3.12/site-packages/sglang/jit_kernel/diffusion/cutedsl/scale_residual_norm_scale_shift.py", line 4, in <module>
    import cutlass
ModuleNotFoundError: No module named 'cutlass'
[2026-05-11 18:16:14,204] [ERROR] [Worker-0] [worker_0] Task sglang.wan_elementwise:run_wan_elementwise:['scale_residual_layernorm_scale_shift', 1, 31590, 5120, 2] failed
Traceback (most recent call last):
  File "/home/ai_lab/ljc/scale-up-sim/aiconfigurator/collector/collect.py", line 364, in worker
    func(*task, device=device)
  File "/home/ai_lab/ljc/scale-up-sim/aiconfigurator/collector/sglang/collect_wan_elementwise.py", line 113, in run_wan_elementwise
    with benchmark_with_power(
         ^^^^^^^^^^^^^^^^^^^^^
  File "/home/ai_lab/fjw/miniforge3/envs/ljc01/lib/python3.12/contextlib.py", line 137, in __enter__
    return next(self.gen)
           ^^^^^^^^^^^^^^
  File "/home/ai_lab/ljc/scale-up-sim/aiconfigurator/collector/helper.py", line 245, in benchmark_with_power
    kernel_func()
  File "/home/ai_lab/ljc/scale-up-sim/aiconfigurator/collector/sglang/collect_wan_elementwise.py", line 86, in kernel_func
    return module(residual, x, gate, shift, scale)
           ^^^^^^^^^^^^^^^^^^^^^^^^^^^^^^^^^^^^^^^
  File "/home/ai_lab/fjw/miniforge3/envs/ljc01/lib/python3.12/site-packages/torch/nn/modules/module.py", line 1775, in _wrapped_call_impl
    return self._call_impl(*args, **kwargs)
           ^^^^^^^^^^^^^^^^^^^^^^^^^^^^^^^^
  File "/home/ai_lab/fjw/miniforge3/envs/ljc01/lib/python3.12/site-packages/torch/nn/modules/module.py", line 1786, in _call_impl
    return forward_call(*args, **kwargs)
           ^^^^^^^^^^^^^^^^^^^^^^^^^^^^^
  File "/home/ai_lab/fjw/miniforge3/envs/ljc01/lib/python3.12/site-packages/sglang/multimodal_gen/runtime/layers/custom_op.py", line 31, in forward
    return self._forward_method(*args, **kwargs)
           ^^^^^^^^^^^^^^^^^^^^^^^^^^^^^^^^^^^^^
  File "/home/ai_lab/fjw/miniforge3/envs/ljc01/lib/python3.12/site-packages/sglang/multimodal_gen/runtime/layers/layernorm.py", line 382, in forward_cuda
    from sglang.jit_kernel.diffusion.cutedsl.scale_residual_norm_scale_shift import (
  File "/home/ai_lab/fjw/miniforge3/envs/ljc01/lib/python3.12/site-packages/sglang/jit_kernel/diffusion/cutedsl/scale_residual_norm_scale_shift.py", line 4, in <module>
    import cutlass
ModuleNotFoundError: No module named 'cutlass'
2026-05-11 18:16:14,204|ERROR|Worker-worker_0|worker|Task sglang.wan_elementwise:run_wan_elementwise:['scale_residual_layernorm_scale_shift', 1, 31590, 5120, 2] failed
Traceback (most recent call last):
  File "/home/ai_lab/ljc/scale-up-sim/aiconfigurator/collector/collect.py", line 364, in worker
    func(*task, device=device)
  File "/home/ai_lab/ljc/scale-up-sim/aiconfigurator/collector/sglang/collect_wan_elementwise.py", line 113, in run_wan_elementwise
    with benchmark_with_power(
         ^^^^^^^^^^^^^^^^^^^^^
  File "/home/ai_lab/fjw/miniforge3/envs/ljc01/lib/python3.12/contextlib.py", line 137, in __enter__
    return next(self.gen)
           ^^^^^^^^^^^^^^
  File "/home/ai_lab/ljc/scale-up-sim/aiconfigurator/collector/helper.py", line 245, in benchmark_with_power
    kernel_func()
  File "/home/ai_lab/ljc/scale-up-sim/aiconfigurator/collector/sglang/collect_wan_elementwise.py", line 86, in kernel_func
    return module(residual, x, gate, shift, scale)
           ^^^^^^^^^^^^^^^^^^^^^^^^^^^^^^^^^^^^^^^
  File "/home/ai_lab/fjw/miniforge3/envs/ljc01/lib/python3.12/site-packages/torch/nn/modules/module.py", line 1775, in _wrapped_call_impl
    return self._call_impl(*args, **kwargs)
           ^^^^^^^^^^^^^^^^^^^^^^^^^^^^^^^^
  File "/home/ai_lab/fjw/miniforge3/envs/ljc01/lib/python3.12/site-packages/torch/nn/modules/module.py", line 1786, in _call_impl
    return forward_call(*args, **kwargs)
           ^^^^^^^^^^^^^^^^^^^^^^^^^^^^^
  File "/home/ai_lab/fjw/miniforge3/envs/ljc01/lib/python3.12/site-packages/sglang/multimodal_gen/runtime/layers/custom_op.py", line 31, in forward
    return self._forward_method(*args, **kwargs)
           ^^^^^^^^^^^^^^^^^^^^^^^^^^^^^^^^^^^^^
  File "/home/ai_lab/fjw/miniforge3/envs/ljc01/lib/python3.12/site-packages/sglang/multimodal_gen/runtime/layers/layernorm.py", line 382, in forward_cuda
    from sglang.jit_kernel.diffusion.cutedsl.scale_residual_norm_scale_shift import (
  File "/home/ai_lab/fjw/miniforge3/envs/ljc01/lib/python3.12/site-packages/sglang/jit_kernel/diffusion/cutedsl/scale_residual_norm_scale_shift.py", line 4, in <module>
    import cutlass
ModuleNotFoundError: No module named 'cutlass'
[2026-05-11 18:16:14,206] [ERROR] [Worker-0] [worker_0] Task sglang.wan_elementwise:run_wan_elementwise:['scale_residual_layernorm_scale_shift', 1, 31590, 5120, 4] failed
Traceback (most recent call last):
  File "/home/ai_lab/ljc/scale-up-sim/aiconfigurator/collector/collect.py", line 364, in worker
    func(*task, device=device)
  File "/home/ai_lab/ljc/scale-up-sim/aiconfigurator/collector/sglang/collect_wan_elementwise.py", line 113, in run_wan_elementwise
    with benchmark_with_power(
         ^^^^^^^^^^^^^^^^^^^^^
  File "/home/ai_lab/fjw/miniforge3/envs/ljc01/lib/python3.12/contextlib.py", line 137, in __enter__
    return next(self.gen)
           ^^^^^^^^^^^^^^
  File "/home/ai_lab/ljc/scale-up-sim/aiconfigurator/collector/helper.py", line 245, in benchmark_with_power
    kernel_func()
  File "/home/ai_lab/ljc/scale-up-sim/aiconfigurator/collector/sglang/collect_wan_elementwise.py", line 86, in kernel_func
    return module(residual, x, gate, shift, scale)
           ^^^^^^^^^^^^^^^^^^^^^^^^^^^^^^^^^^^^^^^
  File "/home/ai_lab/fjw/miniforge3/envs/ljc01/lib/python3.12/site-packages/torch/nn/modules/module.py", line 1775, in _wrapped_call_impl
    return self._call_impl(*args, **kwargs)
           ^^^^^^^^^^^^^^^^^^^^^^^^^^^^^^^^
  File "/home/ai_lab/fjw/miniforge3/envs/ljc01/lib/python3.12/site-packages/torch/nn/modules/module.py", line 1786, in _call_impl
    return forward_call(*args, **kwargs)
           ^^^^^^^^^^^^^^^^^^^^^^^^^^^^^
  File "/home/ai_lab/fjw/miniforge3/envs/ljc01/lib/python3.12/site-packages/sglang/multimodal_gen/runtime/layers/custom_op.py", line 31, in forward
    return self._forward_method(*args, **kwargs)
           ^^^^^^^^^^^^^^^^^^^^^^^^^^^^^^^^^^^^^
  File "/home/ai_lab/fjw/miniforge3/envs/ljc01/lib/python3.12/site-packages/sglang/multimodal_gen/runtime/layers/layernorm.py", line 382, in forward_cuda
    from sglang.jit_kernel.diffusion.cutedsl.scale_residual_norm_scale_shift import (
  File "/home/ai_lab/fjw/miniforge3/envs/ljc01/lib/python3.12/site-packages/sglang/jit_kernel/diffusion/cutedsl/scale_residual_norm_scale_shift.py", line 4, in <module>
    import cutlass
ModuleNotFoundError: No module named 'cutlass'
2026-05-11 18:16:14,206|ERROR|Worker-worker_0|worker|Task sglang.wan_elementwise:run_wan_elementwise:['scale_residual_layernorm_scale_shift', 1, 31590, 5120, 4] failed
Traceback (most recent call last):
  File "/home/ai_lab/ljc/scale-up-sim/aiconfigurator/collector/collect.py", line 364, in worker
    func(*task, device=device)
  File "/home/ai_lab/ljc/scale-up-sim/aiconfigurator/collector/sglang/collect_wan_elementwise.py", line 113, in run_wan_elementwise
    with benchmark_with_power(
         ^^^^^^^^^^^^^^^^^^^^^
  File "/home/ai_lab/fjw/miniforge3/envs/ljc01/lib/python3.12/contextlib.py", line 137, in __enter__
    return next(self.gen)
           ^^^^^^^^^^^^^^
  File "/home/ai_lab/ljc/scale-up-sim/aiconfigurator/collector/helper.py", line 245, in benchmark_with_power
    kernel_func()
  File "/home/ai_lab/ljc/scale-up-sim/aiconfigurator/collector/sglang/collect_wan_elementwise.py", line 86, in kernel_func
    return module(residual, x, gate, shift, scale)
           ^^^^^^^^^^^^^^^^^^^^^^^^^^^^^^^^^^^^^^^
  File "/home/ai_lab/fjw/miniforge3/envs/ljc01/lib/python3.12/site-packages/torch/nn/modules/module.py", line 1775, in _wrapped_call_impl
    return self._call_impl(*args, **kwargs)
           ^^^^^^^^^^^^^^^^^^^^^^^^^^^^^^^^
  File "/home/ai_lab/fjw/miniforge3/envs/ljc01/lib/python3.12/site-packages/torch/nn/modules/module.py", line 1786, in _call_impl
    return forward_call(*args, **kwargs)
           ^^^^^^^^^^^^^^^^^^^^^^^^^^^^^
  File "/home/ai_lab/fjw/miniforge3/envs/ljc01/lib/python3.12/site-packages/sglang/multimodal_gen/runtime/layers/custom_op.py", line 31, in forward
    return self._forward_method(*args, **kwargs)
           ^^^^^^^^^^^^^^^^^^^^^^^^^^^^^^^^^^^^^
  File "/home/ai_lab/fjw/miniforge3/envs/ljc01/lib/python3.12/site-packages/sglang/multimodal_gen/runtime/layers/layernorm.py", line 382, in forward_cuda
    from sglang.jit_kernel.diffusion.cutedsl.scale_residual_norm_scale_shift import (
  File "/home/ai_lab/fjw/miniforge3/envs/ljc01/lib/python3.12/site-packages/sglang/jit_kernel/diffusion/cutedsl/scale_residual_norm_scale_shift.py", line 4, in <module>
    import cutlass
ModuleNotFoundError: No module named 'cutlass'
[2026-05-11 18:16:14,208] [ERROR] [Worker-0] [worker_0] Task sglang.wan_elementwise:run_wan_elementwise:['scale_residual_layernorm_scale_shift', 1, 31590, 5120, 8] failed
Traceback (most recent call last):
  File "/home/ai_lab/ljc/scale-up-sim/aiconfigurator/collector/collect.py", line 364, in worker
    func(*task, device=device)
  File "/home/ai_lab/ljc/scale-up-sim/aiconfigurator/collector/sglang/collect_wan_elementwise.py", line 113, in run_wan_elementwise
    with benchmark_with_power(
         ^^^^^^^^^^^^^^^^^^^^^
  File "/home/ai_lab/fjw/miniforge3/envs/ljc01/lib/python3.12/contextlib.py", line 137, in __enter__
    return next(self.gen)
           ^^^^^^^^^^^^^^
  File "/home/ai_lab/ljc/scale-up-sim/aiconfigurator/collector/helper.py", line 245, in benchmark_with_power
    kernel_func()
  File "/home/ai_lab/ljc/scale-up-sim/aiconfigurator/collector/sglang/collect_wan_elementwise.py", line 86, in kernel_func
    return module(residual, x, gate, shift, scale)
           ^^^^^^^^^^^^^^^^^^^^^^^^^^^^^^^^^^^^^^^
  File "/home/ai_lab/fjw/miniforge3/envs/ljc01/lib/python3.12/site-packages/torch/nn/modules/module.py", line 1775, in _wrapped_call_impl
    return self._call_impl(*args, **kwargs)
           ^^^^^^^^^^^^^^^^^^^^^^^^^^^^^^^^
  File "/home/ai_lab/fjw/miniforge3/envs/ljc01/lib/python3.12/site-packages/torch/nn/modules/module.py", line 1786, in _call_impl
    return forward_call(*args, **kwargs)
           ^^^^^^^^^^^^^^^^^^^^^^^^^^^^^
  File "/home/ai_lab/fjw/miniforge3/envs/ljc01/lib/python3.12/site-packages/sglang/multimodal_gen/runtime/layers/custom_op.py", line 31, in forward
    return self._forward_method(*args, **kwargs)
           ^^^^^^^^^^^^^^^^^^^^^^^^^^^^^^^^^^^^^
  File "/home/ai_lab/fjw/miniforge3/envs/ljc01/lib/python3.12/site-packages/sglang/multimodal_gen/runtime/layers/layernorm.py", line 382, in forward_cuda
    from sglang.jit_kernel.diffusion.cutedsl.scale_residual_norm_scale_shift import (
  File "/home/ai_lab/fjw/miniforge3/envs/ljc01/lib/python3.12/site-packages/sglang/jit_kernel/diffusion/cutedsl/scale_residual_norm_scale_shift.py", line 4, in <module>
    import cutlass
ModuleNotFoundError: No module named 'cutlass'
2026-05-11 18:16:14,208|ERROR|Worker-worker_0|worker|Task sglang.wan_elementwise:run_wan_elementwise:['scale_residual_layernorm_scale_shift', 1, 31590, 5120, 8] failed
Traceback (most recent call last):
  File "/home/ai_lab/ljc/scale-up-sim/aiconfigurator/collector/collect.py", line 364, in worker
    func(*task, device=device)
  File "/home/ai_lab/ljc/scale-up-sim/aiconfigurator/collector/sglang/collect_wan_elementwise.py", line 113, in run_wan_elementwise
    with benchmark_with_power(
         ^^^^^^^^^^^^^^^^^^^^^
  File "/home/ai_lab/fjw/miniforge3/envs/ljc01/lib/python3.12/contextlib.py", line 137, in __enter__
    return next(self.gen)
           ^^^^^^^^^^^^^^
  File "/home/ai_lab/ljc/scale-up-sim/aiconfigurator/collector/helper.py", line 245, in benchmark_with_power
    kernel_func()
  File "/home/ai_lab/ljc/scale-up-sim/aiconfigurator/collector/sglang/collect_wan_elementwise.py", line 86, in kernel_func
    return module(residual, x, gate, shift, scale)
           ^^^^^^^^^^^^^^^^^^^^^^^^^^^^^^^^^^^^^^^
  File "/home/ai_lab/fjw/miniforge3/envs/ljc01/lib/python3.12/site-packages/torch/nn/modules/module.py", line 1775, in _wrapped_call_impl
    return self._call_impl(*args, **kwargs)
           ^^^^^^^^^^^^^^^^^^^^^^^^^^^^^^^^
  File "/home/ai_lab/fjw/miniforge3/envs/ljc01/lib/python3.12/site-packages/torch/nn/modules/module.py", line 1786, in _call_impl
    return forward_call(*args, **kwargs)
           ^^^^^^^^^^^^^^^^^^^^^^^^^^^^^
  File "/home/ai_lab/fjw/miniforge3/envs/ljc01/lib/python3.12/site-packages/sglang/multimodal_gen/runtime/layers/custom_op.py", line 31, in forward
    return self._forward_method(*args, **kwargs)
           ^^^^^^^^^^^^^^^^^^^^^^^^^^^^^^^^^^^^^
  File "/home/ai_lab/fjw/miniforge3/envs/ljc01/lib/python3.12/site-packages/sglang/multimodal_gen/runtime/layers/layernorm.py", line 382, in forward_cuda
    from sglang.jit_kernel.diffusion.cutedsl.scale_residual_norm_scale_shift import (
  File "/home/ai_lab/fjw/miniforge3/envs/ljc01/lib/python3.12/site-packages/sglang/jit_kernel/diffusion/cutedsl/scale_residual_norm_scale_shift.py", line 4, in <module>
    import cutlass
ModuleNotFoundError: No module named 'cutlass'
[2026-05-11 18:16:14,211] [ERROR] [Worker-0] [worker_0] Task sglang.wan_elementwise:run_wan_elementwise:['scale_residual_layernorm_scale_shift', 1, 43120, 5120, 1] failed
Traceback (most recent call last):
  File "/home/ai_lab/ljc/scale-up-sim/aiconfigurator/collector/collect.py", line 364, in worker
    func(*task, device=device)
  File "/home/ai_lab/ljc/scale-up-sim/aiconfigurator/collector/sglang/collect_wan_elementwise.py", line 113, in run_wan_elementwise
    with benchmark_with_power(
         ^^^^^^^^^^^^^^^^^^^^^
  File "/home/ai_lab/fjw/miniforge3/envs/ljc01/lib/python3.12/contextlib.py", line 137, in __enter__
    return next(self.gen)
           ^^^^^^^^^^^^^^
  File "/home/ai_lab/ljc/scale-up-sim/aiconfigurator/collector/helper.py", line 245, in benchmark_with_power
    kernel_func()
  File "/home/ai_lab/ljc/scale-up-sim/aiconfigurator/collector/sglang/collect_wan_elementwise.py", line 86, in kernel_func
    return module(residual, x, gate, shift, scale)
           ^^^^^^^^^^^^^^^^^^^^^^^^^^^^^^^^^^^^^^^
  File "/home/ai_lab/fjw/miniforge3/envs/ljc01/lib/python3.12/site-packages/torch/nn/modules/module.py", line 1775, in _wrapped_call_impl
    return self._call_impl(*args, **kwargs)
           ^^^^^^^^^^^^^^^^^^^^^^^^^^^^^^^^
  File "/home/ai_lab/fjw/miniforge3/envs/ljc01/lib/python3.12/site-packages/torch/nn/modules/module.py", line 1786, in _call_impl
    return forward_call(*args, **kwargs)
           ^^^^^^^^^^^^^^^^^^^^^^^^^^^^^
  File "/home/ai_lab/fjw/miniforge3/envs/ljc01/lib/python3.12/site-packages/sglang/multimodal_gen/runtime/layers/custom_op.py", line 31, in forward
    return self._forward_method(*args, **kwargs)
           ^^^^^^^^^^^^^^^^^^^^^^^^^^^^^^^^^^^^^
  File "/home/ai_lab/fjw/miniforge3/envs/ljc01/lib/python3.12/site-packages/sglang/multimodal_gen/runtime/layers/layernorm.py", line 382, in forward_cuda
    from sglang.jit_kernel.diffusion.cutedsl.scale_residual_norm_scale_shift import (
  File "/home/ai_lab/fjw/miniforge3/envs/ljc01/lib/python3.12/site-packages/sglang/jit_kernel/diffusion/cutedsl/scale_residual_norm_scale_shift.py", line 4, in <module>
    import cutlass
ModuleNotFoundError: No module named 'cutlass'
2026-05-11 18:16:14,211|ERROR|Worker-worker_0|worker|Task sglang.wan_elementwise:run_wan_elementwise:['scale_residual_layernorm_scale_shift', 1, 43120, 5120, 1] failed
Traceback (most recent call last):
  File "/home/ai_lab/ljc/scale-up-sim/aiconfigurator/collector/collect.py", line 364, in worker
    func(*task, device=device)
  File "/home/ai_lab/ljc/scale-up-sim/aiconfigurator/collector/sglang/collect_wan_elementwise.py", line 113, in run_wan_elementwise
    with benchmark_with_power(
         ^^^^^^^^^^^^^^^^^^^^^
  File "/home/ai_lab/fjw/miniforge3/envs/ljc01/lib/python3.12/contextlib.py", line 137, in __enter__
    return next(self.gen)
           ^^^^^^^^^^^^^^
  File "/home/ai_lab/ljc/scale-up-sim/aiconfigurator/collector/helper.py", line 245, in benchmark_with_power
    kernel_func()
  File "/home/ai_lab/ljc/scale-up-sim/aiconfigurator/collector/sglang/collect_wan_elementwise.py", line 86, in kernel_func
    return module(residual, x, gate, shift, scale)
           ^^^^^^^^^^^^^^^^^^^^^^^^^^^^^^^^^^^^^^^
  File "/home/ai_lab/fjw/miniforge3/envs/ljc01/lib/python3.12/site-packages/torch/nn/modules/module.py", line 1775, in _wrapped_call_impl
    return self._call_impl(*args, **kwargs)
           ^^^^^^^^^^^^^^^^^^^^^^^^^^^^^^^^
  File "/home/ai_lab/fjw/miniforge3/envs/ljc01/lib/python3.12/site-packages/torch/nn/modules/module.py", line 1786, in _call_impl
    return forward_call(*args, **kwargs)
           ^^^^^^^^^^^^^^^^^^^^^^^^^^^^^
  File "/home/ai_lab/fjw/miniforge3/envs/ljc01/lib/python3.12/site-packages/sglang/multimodal_gen/runtime/layers/custom_op.py", line 31, in forward
    return self._forward_method(*args, **kwargs)
           ^^^^^^^^^^^^^^^^^^^^^^^^^^^^^^^^^^^^^
  File "/home/ai_lab/fjw/miniforge3/envs/ljc01/lib/python3.12/site-packages/sglang/multimodal_gen/runtime/layers/layernorm.py", line 382, in forward_cuda
    from sglang.jit_kernel.diffusion.cutedsl.scale_residual_norm_scale_shift import (
  File "/home/ai_lab/fjw/miniforge3/envs/ljc01/lib/python3.12/site-packages/sglang/jit_kernel/diffusion/cutedsl/scale_residual_norm_scale_shift.py", line 4, in <module>
    import cutlass
ModuleNotFoundError: No module named 'cutlass'
[2026-05-11 18:16:14,214] [ERROR] [Worker-0] [worker_0] Task sglang.wan_elementwise:run_wan_elementwise:['scale_residual_layernorm_scale_shift', 1, 43120, 5120, 2] failed
Traceback (most recent call last):
  File "/home/ai_lab/ljc/scale-up-sim/aiconfigurator/collector/collect.py", line 364, in worker
    func(*task, device=device)
  File "/home/ai_lab/ljc/scale-up-sim/aiconfigurator/collector/sglang/collect_wan_elementwise.py", line 113, in run_wan_elementwise
    with benchmark_with_power(
         ^^^^^^^^^^^^^^^^^^^^^
  File "/home/ai_lab/fjw/miniforge3/envs/ljc01/lib/python3.12/contextlib.py", line 137, in __enter__
    return next(self.gen)
           ^^^^^^^^^^^^^^
  File "/home/ai_lab/ljc/scale-up-sim/aiconfigurator/collector/helper.py", line 245, in benchmark_with_power
    kernel_func()
  File "/home/ai_lab/ljc/scale-up-sim/aiconfigurator/collector/sglang/collect_wan_elementwise.py", line 86, in kernel_func
    return module(residual, x, gate, shift, scale)
           ^^^^^^^^^^^^^^^^^^^^^^^^^^^^^^^^^^^^^^^
  File "/home/ai_lab/fjw/miniforge3/envs/ljc01/lib/python3.12/site-packages/torch/nn/modules/module.py", line 1775, in _wrapped_call_impl
    return self._call_impl(*args, **kwargs)
           ^^^^^^^^^^^^^^^^^^^^^^^^^^^^^^^^
  File "/home/ai_lab/fjw/miniforge3/envs/ljc01/lib/python3.12/site-packages/torch/nn/modules/module.py", line 1786, in _call_impl
    return forward_call(*args, **kwargs)
           ^^^^^^^^^^^^^^^^^^^^^^^^^^^^^
  File "/home/ai_lab/fjw/miniforge3/envs/ljc01/lib/python3.12/site-packages/sglang/multimodal_gen/runtime/layers/custom_op.py", line 31, in forward
    return self._forward_method(*args, **kwargs)
           ^^^^^^^^^^^^^^^^^^^^^^^^^^^^^^^^^^^^^
  File "/home/ai_lab/fjw/miniforge3/envs/ljc01/lib/python3.12/site-packages/sglang/multimodal_gen/runtime/layers/layernorm.py", line 382, in forward_cuda
    from sglang.jit_kernel.diffusion.cutedsl.scale_residual_norm_scale_shift import (
  File "/home/ai_lab/fjw/miniforge3/envs/ljc01/lib/python3.12/site-packages/sglang/jit_kernel/diffusion/cutedsl/scale_residual_norm_scale_shift.py", line 4, in <module>
    import cutlass
ModuleNotFoundError: No module named 'cutlass'
2026-05-11 18:16:14,214|ERROR|Worker-worker_0|worker|Task sglang.wan_elementwise:run_wan_elementwise:['scale_residual_layernorm_scale_shift', 1, 43120, 5120, 2] failed
Traceback (most recent call last):
  File "/home/ai_lab/ljc/scale-up-sim/aiconfigurator/collector/collect.py", line 364, in worker
    func(*task, device=device)
  File "/home/ai_lab/ljc/scale-up-sim/aiconfigurator/collector/sglang/collect_wan_elementwise.py", line 113, in run_wan_elementwise
    with benchmark_with_power(
         ^^^^^^^^^^^^^^^^^^^^^
  File "/home/ai_lab/fjw/miniforge3/envs/ljc01/lib/python3.12/contextlib.py", line 137, in __enter__
    return next(self.gen)
           ^^^^^^^^^^^^^^
  File "/home/ai_lab/ljc/scale-up-sim/aiconfigurator/collector/helper.py", line 245, in benchmark_with_power
    kernel_func()
  File "/home/ai_lab/ljc/scale-up-sim/aiconfigurator/collector/sglang/collect_wan_elementwise.py", line 86, in kernel_func
    return module(residual, x, gate, shift, scale)
           ^^^^^^^^^^^^^^^^^^^^^^^^^^^^^^^^^^^^^^^
  File "/home/ai_lab/fjw/miniforge3/envs/ljc01/lib/python3.12/site-packages/torch/nn/modules/module.py", line 1775, in _wrapped_call_impl
    return self._call_impl(*args, **kwargs)
           ^^^^^^^^^^^^^^^^^^^^^^^^^^^^^^^^
  File "/home/ai_lab/fjw/miniforge3/envs/ljc01/lib/python3.12/site-packages/torch/nn/modules/module.py", line 1786, in _call_impl
    return forward_call(*args, **kwargs)
           ^^^^^^^^^^^^^^^^^^^^^^^^^^^^^
  File "/home/ai_lab/fjw/miniforge3/envs/ljc01/lib/python3.12/site-packages/sglang/multimodal_gen/runtime/layers/custom_op.py", line 31, in forward
    return self._forward_method(*args, **kwargs)
           ^^^^^^^^^^^^^^^^^^^^^^^^^^^^^^^^^^^^^
  File "/home/ai_lab/fjw/miniforge3/envs/ljc01/lib/python3.12/site-packages/sglang/multimodal_gen/runtime/layers/layernorm.py", line 382, in forward_cuda
    from sglang.jit_kernel.diffusion.cutedsl.scale_residual_norm_scale_shift import (
  File "/home/ai_lab/fjw/miniforge3/envs/ljc01/lib/python3.12/site-packages/sglang/jit_kernel/diffusion/cutedsl/scale_residual_norm_scale_shift.py", line 4, in <module>
    import cutlass
ModuleNotFoundError: No module named 'cutlass'
[2026-05-11 18:16:14,217] [ERROR] [Worker-0] [worker_0] Task sglang.wan_elementwise:run_wan_elementwise:['scale_residual_layernorm_scale_shift', 1, 43120, 5120, 4] failed
Traceback (most recent call last):
  File "/home/ai_lab/ljc/scale-up-sim/aiconfigurator/collector/collect.py", line 364, in worker
    func(*task, device=device)
  File "/home/ai_lab/ljc/scale-up-sim/aiconfigurator/collector/sglang/collect_wan_elementwise.py", line 113, in run_wan_elementwise
    with benchmark_with_power(
         ^^^^^^^^^^^^^^^^^^^^^
  File "/home/ai_lab/fjw/miniforge3/envs/ljc01/lib/python3.12/contextlib.py", line 137, in __enter__
    return next(self.gen)
           ^^^^^^^^^^^^^^
  File "/home/ai_lab/ljc/scale-up-sim/aiconfigurator/collector/helper.py", line 245, in benchmark_with_power
    kernel_func()
  File "/home/ai_lab/ljc/scale-up-sim/aiconfigurator/collector/sglang/collect_wan_elementwise.py", line 86, in kernel_func
    return module(residual, x, gate, shift, scale)
           ^^^^^^^^^^^^^^^^^^^^^^^^^^^^^^^^^^^^^^^
  File "/home/ai_lab/fjw/miniforge3/envs/ljc01/lib/python3.12/site-packages/torch/nn/modules/module.py", line 1775, in _wrapped_call_impl
    return self._call_impl(*args, **kwargs)
           ^^^^^^^^^^^^^^^^^^^^^^^^^^^^^^^^
  File "/home/ai_lab/fjw/miniforge3/envs/ljc01/lib/python3.12/site-packages/torch/nn/modules/module.py", line 1786, in _call_impl
    return forward_call(*args, **kwargs)
           ^^^^^^^^^^^^^^^^^^^^^^^^^^^^^
  File "/home/ai_lab/fjw/miniforge3/envs/ljc01/lib/python3.12/site-packages/sglang/multimodal_gen/runtime/layers/custom_op.py", line 31, in forward
    return self._forward_method(*args, **kwargs)
           ^^^^^^^^^^^^^^^^^^^^^^^^^^^^^^^^^^^^^
  File "/home/ai_lab/fjw/miniforge3/envs/ljc01/lib/python3.12/site-packages/sglang/multimodal_gen/runtime/layers/layernorm.py", line 382, in forward_cuda
    from sglang.jit_kernel.diffusion.cutedsl.scale_residual_norm_scale_shift import (
  File "/home/ai_lab/fjw/miniforge3/envs/ljc01/lib/python3.12/site-packages/sglang/jit_kernel/diffusion/cutedsl/scale_residual_norm_scale_shift.py", line 4, in <module>
    import cutlass
ModuleNotFoundError: No module named 'cutlass'
2026-05-11 18:16:14,217|ERROR|Worker-worker_0|worker|Task sglang.wan_elementwise:run_wan_elementwise:['scale_residual_layernorm_scale_shift', 1, 43120, 5120, 4] failed
Traceback (most recent call last):
  File "/home/ai_lab/ljc/scale-up-sim/aiconfigurator/collector/collect.py", line 364, in worker
    func(*task, device=device)
  File "/home/ai_lab/ljc/scale-up-sim/aiconfigurator/collector/sglang/collect_wan_elementwise.py", line 113, in run_wan_elementwise
    with benchmark_with_power(
         ^^^^^^^^^^^^^^^^^^^^^
  File "/home/ai_lab/fjw/miniforge3/envs/ljc01/lib/python3.12/contextlib.py", line 137, in __enter__
    return next(self.gen)
           ^^^^^^^^^^^^^^
  File "/home/ai_lab/ljc/scale-up-sim/aiconfigurator/collector/helper.py", line 245, in benchmark_with_power
    kernel_func()
  File "/home/ai_lab/ljc/scale-up-sim/aiconfigurator/collector/sglang/collect_wan_elementwise.py", line 86, in kernel_func
    return module(residual, x, gate, shift, scale)
           ^^^^^^^^^^^^^^^^^^^^^^^^^^^^^^^^^^^^^^^
  File "/home/ai_lab/fjw/miniforge3/envs/ljc01/lib/python3.12/site-packages/torch/nn/modules/module.py", line 1775, in _wrapped_call_impl
    return self._call_impl(*args, **kwargs)
           ^^^^^^^^^^^^^^^^^^^^^^^^^^^^^^^^
  File "/home/ai_lab/fjw/miniforge3/envs/ljc01/lib/python3.12/site-packages/torch/nn/modules/module.py", line 1786, in _call_impl
    return forward_call(*args, **kwargs)
           ^^^^^^^^^^^^^^^^^^^^^^^^^^^^^
  File "/home/ai_lab/fjw/miniforge3/envs/ljc01/lib/python3.12/site-packages/sglang/multimodal_gen/runtime/layers/custom_op.py", line 31, in forward
    return self._forward_method(*args, **kwargs)
           ^^^^^^^^^^^^^^^^^^^^^^^^^^^^^^^^^^^^^
  File "/home/ai_lab/fjw/miniforge3/envs/ljc01/lib/python3.12/site-packages/sglang/multimodal_gen/runtime/layers/layernorm.py", line 382, in forward_cuda
    from sglang.jit_kernel.diffusion.cutedsl.scale_residual_norm_scale_shift import (
  File "/home/ai_lab/fjw/miniforge3/envs/ljc01/lib/python3.12/site-packages/sglang/jit_kernel/diffusion/cutedsl/scale_residual_norm_scale_shift.py", line 4, in <module>
    import cutlass
ModuleNotFoundError: No module named 'cutlass'
[2026-05-11 18:16:14,219] [ERROR] [Worker-0] [worker_0] Task sglang.wan_elementwise:run_wan_elementwise:['scale_residual_layernorm_scale_shift', 1, 43120, 5120, 8] failed
Traceback (most recent call last):
  File "/home/ai_lab/ljc/scale-up-sim/aiconfigurator/collector/collect.py", line 364, in worker
    func(*task, device=device)
  File "/home/ai_lab/ljc/scale-up-sim/aiconfigurator/collector/sglang/collect_wan_elementwise.py", line 113, in run_wan_elementwise
    with benchmark_with_power(
         ^^^^^^^^^^^^^^^^^^^^^
  File "/home/ai_lab/fjw/miniforge3/envs/ljc01/lib/python3.12/contextlib.py", line 137, in __enter__
    return next(self.gen)
           ^^^^^^^^^^^^^^
  File "/home/ai_lab/ljc/scale-up-sim/aiconfigurator/collector/helper.py", line 245, in benchmark_with_power
    kernel_func()
  File "/home/ai_lab/ljc/scale-up-sim/aiconfigurator/collector/sglang/collect_wan_elementwise.py", line 86, in kernel_func
    return module(residual, x, gate, shift, scale)
           ^^^^^^^^^^^^^^^^^^^^^^^^^^^^^^^^^^^^^^^
  File "/home/ai_lab/fjw/miniforge3/envs/ljc01/lib/python3.12/site-packages/torch/nn/modules/module.py", line 1775, in _wrapped_call_impl
    return self._call_impl(*args, **kwargs)
           ^^^^^^^^^^^^^^^^^^^^^^^^^^^^^^^^
  File "/home/ai_lab/fjw/miniforge3/envs/ljc01/lib/python3.12/site-packages/torch/nn/modules/module.py", line 1786, in _call_impl
    return forward_call(*args, **kwargs)
           ^^^^^^^^^^^^^^^^^^^^^^^^^^^^^
  File "/home/ai_lab/fjw/miniforge3/envs/ljc01/lib/python3.12/site-packages/sglang/multimodal_gen/runtime/layers/custom_op.py", line 31, in forward
    return self._forward_method(*args, **kwargs)
           ^^^^^^^^^^^^^^^^^^^^^^^^^^^^^^^^^^^^^
  File "/home/ai_lab/fjw/miniforge3/envs/ljc01/lib/python3.12/site-packages/sglang/multimodal_gen/runtime/layers/layernorm.py", line 382, in forward_cuda
    from sglang.jit_kernel.diffusion.cutedsl.scale_residual_norm_scale_shift import (
  File "/home/ai_lab/fjw/miniforge3/envs/ljc01/lib/python3.12/site-packages/sglang/jit_kernel/diffusion/cutedsl/scale_residual_norm_scale_shift.py", line 4, in <module>
    import cutlass
ModuleNotFoundError: No module named 'cutlass'
2026-05-11 18:16:14,219|ERROR|Worker-worker_0|worker|Task sglang.wan_elementwise:run_wan_elementwise:['scale_residual_layernorm_scale_shift', 1, 43120, 5120, 8] failed
Traceback (most recent call last):
  File "/home/ai_lab/ljc/scale-up-sim/aiconfigurator/collector/collect.py", line 364, in worker
    func(*task, device=device)
  File "/home/ai_lab/ljc/scale-up-sim/aiconfigurator/collector/sglang/collect_wan_elementwise.py", line 113, in run_wan_elementwise
    with benchmark_with_power(
         ^^^^^^^^^^^^^^^^^^^^^
  File "/home/ai_lab/fjw/miniforge3/envs/ljc01/lib/python3.12/contextlib.py", line 137, in __enter__
    return next(self.gen)
           ^^^^^^^^^^^^^^
  File "/home/ai_lab/ljc/scale-up-sim/aiconfigurator/collector/helper.py", line 245, in benchmark_with_power
    kernel_func()
  File "/home/ai_lab/ljc/scale-up-sim/aiconfigurator/collector/sglang/collect_wan_elementwise.py", line 86, in kernel_func
    return module(residual, x, gate, shift, scale)
           ^^^^^^^^^^^^^^^^^^^^^^^^^^^^^^^^^^^^^^^
  File "/home/ai_lab/fjw/miniforge3/envs/ljc01/lib/python3.12/site-packages/torch/nn/modules/module.py", line 1775, in _wrapped_call_impl
    return self._call_impl(*args, **kwargs)
           ^^^^^^^^^^^^^^^^^^^^^^^^^^^^^^^^
  File "/home/ai_lab/fjw/miniforge3/envs/ljc01/lib/python3.12/site-packages/torch/nn/modules/module.py", line 1786, in _call_impl
    return forward_call(*args, **kwargs)
           ^^^^^^^^^^^^^^^^^^^^^^^^^^^^^
  File "/home/ai_lab/fjw/miniforge3/envs/ljc01/lib/python3.12/site-packages/sglang/multimodal_gen/runtime/layers/custom_op.py", line 31, in forward
    return self._forward_method(*args, **kwargs)
           ^^^^^^^^^^^^^^^^^^^^^^^^^^^^^^^^^^^^^
  File "/home/ai_lab/fjw/miniforge3/envs/ljc01/lib/python3.12/site-packages/sglang/multimodal_gen/runtime/layers/layernorm.py", line 382, in forward_cuda
    from sglang.jit_kernel.diffusion.cutedsl.scale_residual_norm_scale_shift import (
  File "/home/ai_lab/fjw/miniforge3/envs/ljc01/lib/python3.12/site-packages/sglang/jit_kernel/diffusion/cutedsl/scale_residual_norm_scale_shift.py", line 4, in <module>
    import cutlass
ModuleNotFoundError: No module named 'cutlass'
[2026-05-11 18:16:14,222] [ERROR] [Worker-0] [worker_0] Task sglang.wan_elementwise:run_wan_elementwise:['scale_residual_layernorm_scale_shift', 1, 47190, 5120, 1] failed
Traceback (most recent call last):
  File "/home/ai_lab/ljc/scale-up-sim/aiconfigurator/collector/collect.py", line 364, in worker
    func(*task, device=device)
  File "/home/ai_lab/ljc/scale-up-sim/aiconfigurator/collector/sglang/collect_wan_elementwise.py", line 113, in run_wan_elementwise
    with benchmark_with_power(
         ^^^^^^^^^^^^^^^^^^^^^
  File "/home/ai_lab/fjw/miniforge3/envs/ljc01/lib/python3.12/contextlib.py", line 137, in __enter__
    return next(self.gen)
           ^^^^^^^^^^^^^^
  File "/home/ai_lab/ljc/scale-up-sim/aiconfigurator/collector/helper.py", line 245, in benchmark_with_power
    kernel_func()
  File "/home/ai_lab/ljc/scale-up-sim/aiconfigurator/collector/sglang/collect_wan_elementwise.py", line 86, in kernel_func
    return module(residual, x, gate, shift, scale)
           ^^^^^^^^^^^^^^^^^^^^^^^^^^^^^^^^^^^^^^^
  File "/home/ai_lab/fjw/miniforge3/envs/ljc01/lib/python3.12/site-packages/torch/nn/modules/module.py", line 1775, in _wrapped_call_impl
    return self._call_impl(*args, **kwargs)
           ^^^^^^^^^^^^^^^^^^^^^^^^^^^^^^^^
  File "/home/ai_lab/fjw/miniforge3/envs/ljc01/lib/python3.12/site-packages/torch/nn/modules/module.py", line 1786, in _call_impl
    return forward_call(*args, **kwargs)
           ^^^^^^^^^^^^^^^^^^^^^^^^^^^^^
  File "/home/ai_lab/fjw/miniforge3/envs/ljc01/lib/python3.12/site-packages/sglang/multimodal_gen/runtime/layers/custom_op.py", line 31, in forward
    return self._forward_method(*args, **kwargs)
           ^^^^^^^^^^^^^^^^^^^^^^^^^^^^^^^^^^^^^
  File "/home/ai_lab/fjw/miniforge3/envs/ljc01/lib/python3.12/site-packages/sglang/multimodal_gen/runtime/layers/layernorm.py", line 382, in forward_cuda
    from sglang.jit_kernel.diffusion.cutedsl.scale_residual_norm_scale_shift import (
  File "/home/ai_lab/fjw/miniforge3/envs/ljc01/lib/python3.12/site-packages/sglang/jit_kernel/diffusion/cutedsl/scale_residual_norm_scale_shift.py", line 4, in <module>
    import cutlass
ModuleNotFoundError: No module named 'cutlass'
2026-05-11 18:16:14,222|ERROR|Worker-worker_0|worker|Task sglang.wan_elementwise:run_wan_elementwise:['scale_residual_layernorm_scale_shift', 1, 47190, 5120, 1] failed
Traceback (most recent call last):
  File "/home/ai_lab/ljc/scale-up-sim/aiconfigurator/collector/collect.py", line 364, in worker
    func(*task, device=device)
  File "/home/ai_lab/ljc/scale-up-sim/aiconfigurator/collector/sglang/collect_wan_elementwise.py", line 113, in run_wan_elementwise
    with benchmark_with_power(
         ^^^^^^^^^^^^^^^^^^^^^
  File "/home/ai_lab/fjw/miniforge3/envs/ljc01/lib/python3.12/contextlib.py", line 137, in __enter__
    return next(self.gen)
           ^^^^^^^^^^^^^^
  File "/home/ai_lab/ljc/scale-up-sim/aiconfigurator/collector/helper.py", line 245, in benchmark_with_power
    kernel_func()
  File "/home/ai_lab/ljc/scale-up-sim/aiconfigurator/collector/sglang/collect_wan_elementwise.py", line 86, in kernel_func
    return module(residual, x, gate, shift, scale)
           ^^^^^^^^^^^^^^^^^^^^^^^^^^^^^^^^^^^^^^^
  File "/home/ai_lab/fjw/miniforge3/envs/ljc01/lib/python3.12/site-packages/torch/nn/modules/module.py", line 1775, in _wrapped_call_impl
    return self._call_impl(*args, **kwargs)
           ^^^^^^^^^^^^^^^^^^^^^^^^^^^^^^^^
  File "/home/ai_lab/fjw/miniforge3/envs/ljc01/lib/python3.12/site-packages/torch/nn/modules/module.py", line 1786, in _call_impl
    return forward_call(*args, **kwargs)
           ^^^^^^^^^^^^^^^^^^^^^^^^^^^^^
  File "/home/ai_lab/fjw/miniforge3/envs/ljc01/lib/python3.12/site-packages/sglang/multimodal_gen/runtime/layers/custom_op.py", line 31, in forward
    return self._forward_method(*args, **kwargs)
           ^^^^^^^^^^^^^^^^^^^^^^^^^^^^^^^^^^^^^
  File "/home/ai_lab/fjw/miniforge3/envs/ljc01/lib/python3.12/site-packages/sglang/multimodal_gen/runtime/layers/layernorm.py", line 382, in forward_cuda
    from sglang.jit_kernel.diffusion.cutedsl.scale_residual_norm_scale_shift import (
  File "/home/ai_lab/fjw/miniforge3/envs/ljc01/lib/python3.12/site-packages/sglang/jit_kernel/diffusion/cutedsl/scale_residual_norm_scale_shift.py", line 4, in <module>
    import cutlass
ModuleNotFoundError: No module named 'cutlass'
[2026-05-11 18:16:14,224] [ERROR] [Worker-0] [worker_0] Task sglang.wan_elementwise:run_wan_elementwise:['scale_residual_layernorm_scale_shift', 1, 47190, 5120, 2] failed
Traceback (most recent call last):
  File "/home/ai_lab/ljc/scale-up-sim/aiconfigurator/collector/collect.py", line 364, in worker
    func(*task, device=device)
  File "/home/ai_lab/ljc/scale-up-sim/aiconfigurator/collector/sglang/collect_wan_elementwise.py", line 113, in run_wan_elementwise
    with benchmark_with_power(
         ^^^^^^^^^^^^^^^^^^^^^
  File "/home/ai_lab/fjw/miniforge3/envs/ljc01/lib/python3.12/contextlib.py", line 137, in __enter__
    return next(self.gen)
           ^^^^^^^^^^^^^^
  File "/home/ai_lab/ljc/scale-up-sim/aiconfigurator/collector/helper.py", line 245, in benchmark_with_power
    kernel_func()
  File "/home/ai_lab/ljc/scale-up-sim/aiconfigurator/collector/sglang/collect_wan_elementwise.py", line 86, in kernel_func
    return module(residual, x, gate, shift, scale)
           ^^^^^^^^^^^^^^^^^^^^^^^^^^^^^^^^^^^^^^^
  File "/home/ai_lab/fjw/miniforge3/envs/ljc01/lib/python3.12/site-packages/torch/nn/modules/module.py", line 1775, in _wrapped_call_impl
    return self._call_impl(*args, **kwargs)
           ^^^^^^^^^^^^^^^^^^^^^^^^^^^^^^^^
  File "/home/ai_lab/fjw/miniforge3/envs/ljc01/lib/python3.12/site-packages/torch/nn/modules/module.py", line 1786, in _call_impl
    return forward_call(*args, **kwargs)
           ^^^^^^^^^^^^^^^^^^^^^^^^^^^^^
  File "/home/ai_lab/fjw/miniforge3/envs/ljc01/lib/python3.12/site-packages/sglang/multimodal_gen/runtime/layers/custom_op.py", line 31, in forward
    return self._forward_method(*args, **kwargs)
           ^^^^^^^^^^^^^^^^^^^^^^^^^^^^^^^^^^^^^
  File "/home/ai_lab/fjw/miniforge3/envs/ljc01/lib/python3.12/site-packages/sglang/multimodal_gen/runtime/layers/layernorm.py", line 382, in forward_cuda
    from sglang.jit_kernel.diffusion.cutedsl.scale_residual_norm_scale_shift import (
  File "/home/ai_lab/fjw/miniforge3/envs/ljc01/lib/python3.12/site-packages/sglang/jit_kernel/diffusion/cutedsl/scale_residual_norm_scale_shift.py", line 4, in <module>
    import cutlass
ModuleNotFoundError: No module named 'cutlass'
2026-05-11 18:16:14,224|ERROR|Worker-worker_0|worker|Task sglang.wan_elementwise:run_wan_elementwise:['scale_residual_layernorm_scale_shift', 1, 47190, 5120, 2] failed
Traceback (most recent call last):
  File "/home/ai_lab/ljc/scale-up-sim/aiconfigurator/collector/collect.py", line 364, in worker
    func(*task, device=device)
  File "/home/ai_lab/ljc/scale-up-sim/aiconfigurator/collector/sglang/collect_wan_elementwise.py", line 113, in run_wan_elementwise
    with benchmark_with_power(
         ^^^^^^^^^^^^^^^^^^^^^
  File "/home/ai_lab/fjw/miniforge3/envs/ljc01/lib/python3.12/contextlib.py", line 137, in __enter__
    return next(self.gen)
           ^^^^^^^^^^^^^^
  File "/home/ai_lab/ljc/scale-up-sim/aiconfigurator/collector/helper.py", line 245, in benchmark_with_power
    kernel_func()
  File "/home/ai_lab/ljc/scale-up-sim/aiconfigurator/collector/sglang/collect_wan_elementwise.py", line 86, in kernel_func
    return module(residual, x, gate, shift, scale)
           ^^^^^^^^^^^^^^^^^^^^^^^^^^^^^^^^^^^^^^^
  File "/home/ai_lab/fjw/miniforge3/envs/ljc01/lib/python3.12/site-packages/torch/nn/modules/module.py", line 1775, in _wrapped_call_impl
    return self._call_impl(*args, **kwargs)
           ^^^^^^^^^^^^^^^^^^^^^^^^^^^^^^^^
  File "/home/ai_lab/fjw/miniforge3/envs/ljc01/lib/python3.12/site-packages/torch/nn/modules/module.py", line 1786, in _call_impl
    return forward_call(*args, **kwargs)
           ^^^^^^^^^^^^^^^^^^^^^^^^^^^^^
  File "/home/ai_lab/fjw/miniforge3/envs/ljc01/lib/python3.12/site-packages/sglang/multimodal_gen/runtime/layers/custom_op.py", line 31, in forward
    return self._forward_method(*args, **kwargs)
           ^^^^^^^^^^^^^^^^^^^^^^^^^^^^^^^^^^^^^
  File "/home/ai_lab/fjw/miniforge3/envs/ljc01/lib/python3.12/site-packages/sglang/multimodal_gen/runtime/layers/layernorm.py", line 382, in forward_cuda
    from sglang.jit_kernel.diffusion.cutedsl.scale_residual_norm_scale_shift import (
  File "/home/ai_lab/fjw/miniforge3/envs/ljc01/lib/python3.12/site-packages/sglang/jit_kernel/diffusion/cutedsl/scale_residual_norm_scale_shift.py", line 4, in <module>
    import cutlass
ModuleNotFoundError: No module named 'cutlass'
[2026-05-11 18:16:14,227] [ERROR] [Worker-0] [worker_0] Task sglang.wan_elementwise:run_wan_elementwise:['scale_residual_layernorm_scale_shift', 1, 47190, 5120, 4] failed
Traceback (most recent call last):
  File "/home/ai_lab/ljc/scale-up-sim/aiconfigurator/collector/collect.py", line 364, in worker
    func(*task, device=device)
  File "/home/ai_lab/ljc/scale-up-sim/aiconfigurator/collector/sglang/collect_wan_elementwise.py", line 113, in run_wan_elementwise
    with benchmark_with_power(
         ^^^^^^^^^^^^^^^^^^^^^
  File "/home/ai_lab/fjw/miniforge3/envs/ljc01/lib/python3.12/contextlib.py", line 137, in __enter__
    return next(self.gen)
           ^^^^^^^^^^^^^^
  File "/home/ai_lab/ljc/scale-up-sim/aiconfigurator/collector/helper.py", line 245, in benchmark_with_power
    kernel_func()
  File "/home/ai_lab/ljc/scale-up-sim/aiconfigurator/collector/sglang/collect_wan_elementwise.py", line 86, in kernel_func
    return module(residual, x, gate, shift, scale)
           ^^^^^^^^^^^^^^^^^^^^^^^^^^^^^^^^^^^^^^^
  File "/home/ai_lab/fjw/miniforge3/envs/ljc01/lib/python3.12/site-packages/torch/nn/modules/module.py", line 1775, in _wrapped_call_impl
    return self._call_impl(*args, **kwargs)
           ^^^^^^^^^^^^^^^^^^^^^^^^^^^^^^^^
  File "/home/ai_lab/fjw/miniforge3/envs/ljc01/lib/python3.12/site-packages/torch/nn/modules/module.py", line 1786, in _call_impl
    return forward_call(*args, **kwargs)
           ^^^^^^^^^^^^^^^^^^^^^^^^^^^^^
  File "/home/ai_lab/fjw/miniforge3/envs/ljc01/lib/python3.12/site-packages/sglang/multimodal_gen/runtime/layers/custom_op.py", line 31, in forward
    return self._forward_method(*args, **kwargs)
           ^^^^^^^^^^^^^^^^^^^^^^^^^^^^^^^^^^^^^
  File "/home/ai_lab/fjw/miniforge3/envs/ljc01/lib/python3.12/site-packages/sglang/multimodal_gen/runtime/layers/layernorm.py", line 382, in forward_cuda
    from sglang.jit_kernel.diffusion.cutedsl.scale_residual_norm_scale_shift import (
  File "/home/ai_lab/fjw/miniforge3/envs/ljc01/lib/python3.12/site-packages/sglang/jit_kernel/diffusion/cutedsl/scale_residual_norm_scale_shift.py", line 4, in <module>
    import cutlass
ModuleNotFoundError: No module named 'cutlass'
2026-05-11 18:16:14,227|ERROR|Worker-worker_0|worker|Task sglang.wan_elementwise:run_wan_elementwise:['scale_residual_layernorm_scale_shift', 1, 47190, 5120, 4] failed
Traceback (most recent call last):
  File "/home/ai_lab/ljc/scale-up-sim/aiconfigurator/collector/collect.py", line 364, in worker
    func(*task, device=device)
  File "/home/ai_lab/ljc/scale-up-sim/aiconfigurator/collector/sglang/collect_wan_elementwise.py", line 113, in run_wan_elementwise
    with benchmark_with_power(
         ^^^^^^^^^^^^^^^^^^^^^
  File "/home/ai_lab/fjw/miniforge3/envs/ljc01/lib/python3.12/contextlib.py", line 137, in __enter__
    return next(self.gen)
           ^^^^^^^^^^^^^^
  File "/home/ai_lab/ljc/scale-up-sim/aiconfigurator/collector/helper.py", line 245, in benchmark_with_power
    kernel_func()
  File "/home/ai_lab/ljc/scale-up-sim/aiconfigurator/collector/sglang/collect_wan_elementwise.py", line 86, in kernel_func
    return module(residual, x, gate, shift, scale)
           ^^^^^^^^^^^^^^^^^^^^^^^^^^^^^^^^^^^^^^^
  File "/home/ai_lab/fjw/miniforge3/envs/ljc01/lib/python3.12/site-packages/torch/nn/modules/module.py", line 1775, in _wrapped_call_impl
    return self._call_impl(*args, **kwargs)
           ^^^^^^^^^^^^^^^^^^^^^^^^^^^^^^^^
  File "/home/ai_lab/fjw/miniforge3/envs/ljc01/lib/python3.12/site-packages/torch/nn/modules/module.py", line 1786, in _call_impl
    return forward_call(*args, **kwargs)
           ^^^^^^^^^^^^^^^^^^^^^^^^^^^^^
  File "/home/ai_lab/fjw/miniforge3/envs/ljc01/lib/python3.12/site-packages/sglang/multimodal_gen/runtime/layers/custom_op.py", line 31, in forward
    return self._forward_method(*args, **kwargs)
           ^^^^^^^^^^^^^^^^^^^^^^^^^^^^^^^^^^^^^
  File "/home/ai_lab/fjw/miniforge3/envs/ljc01/lib/python3.12/site-packages/sglang/multimodal_gen/runtime/layers/layernorm.py", line 382, in forward_cuda
    from sglang.jit_kernel.diffusion.cutedsl.scale_residual_norm_scale_shift import (
  File "/home/ai_lab/fjw/miniforge3/envs/ljc01/lib/python3.12/site-packages/sglang/jit_kernel/diffusion/cutedsl/scale_residual_norm_scale_shift.py", line 4, in <module>
    import cutlass
ModuleNotFoundError: No module named 'cutlass'
[2026-05-11 18:16:14,230] [ERROR] [Worker-0] [worker_0] Task sglang.wan_elementwise:run_wan_elementwise:['scale_residual_layernorm_scale_shift', 1, 47190, 5120, 8] failed
Traceback (most recent call last):
  File "/home/ai_lab/ljc/scale-up-sim/aiconfigurator/collector/collect.py", line 364, in worker
    func(*task, device=device)
  File "/home/ai_lab/ljc/scale-up-sim/aiconfigurator/collector/sglang/collect_wan_elementwise.py", line 113, in run_wan_elementwise
    with benchmark_with_power(
         ^^^^^^^^^^^^^^^^^^^^^
  File "/home/ai_lab/fjw/miniforge3/envs/ljc01/lib/python3.12/contextlib.py", line 137, in __enter__
    return next(self.gen)
           ^^^^^^^^^^^^^^
  File "/home/ai_lab/ljc/scale-up-sim/aiconfigurator/collector/helper.py", line 245, in benchmark_with_power
    kernel_func()
  File "/home/ai_lab/ljc/scale-up-sim/aiconfigurator/collector/sglang/collect_wan_elementwise.py", line 86, in kernel_func
    return module(residual, x, gate, shift, scale)
           ^^^^^^^^^^^^^^^^^^^^^^^^^^^^^^^^^^^^^^^
  File "/home/ai_lab/fjw/miniforge3/envs/ljc01/lib/python3.12/site-packages/torch/nn/modules/module.py", line 1775, in _wrapped_call_impl
    return self._call_impl(*args, **kwargs)
           ^^^^^^^^^^^^^^^^^^^^^^^^^^^^^^^^
  File "/home/ai_lab/fjw/miniforge3/envs/ljc01/lib/python3.12/site-packages/torch/nn/modules/module.py", line 1786, in _call_impl
    return forward_call(*args, **kwargs)
           ^^^^^^^^^^^^^^^^^^^^^^^^^^^^^
  File "/home/ai_lab/fjw/miniforge3/envs/ljc01/lib/python3.12/site-packages/sglang/multimodal_gen/runtime/layers/custom_op.py", line 31, in forward
    return self._forward_method(*args, **kwargs)
           ^^^^^^^^^^^^^^^^^^^^^^^^^^^^^^^^^^^^^
  File "/home/ai_lab/fjw/miniforge3/envs/ljc01/lib/python3.12/site-packages/sglang/multimodal_gen/runtime/layers/layernorm.py", line 382, in forward_cuda
    from sglang.jit_kernel.diffusion.cutedsl.scale_residual_norm_scale_shift import (
  File "/home/ai_lab/fjw/miniforge3/envs/ljc01/lib/python3.12/site-packages/sglang/jit_kernel/diffusion/cutedsl/scale_residual_norm_scale_shift.py", line 4, in <module>
    import cutlass
ModuleNotFoundError: No module named 'cutlass'
2026-05-11 18:16:14,230|ERROR|Worker-worker_0|worker|Task sglang.wan_elementwise:run_wan_elementwise:['scale_residual_layernorm_scale_shift', 1, 47190, 5120, 8] failed
Traceback (most recent call last):
  File "/home/ai_lab/ljc/scale-up-sim/aiconfigurator/collector/collect.py", line 364, in worker
    func(*task, device=device)
  File "/home/ai_lab/ljc/scale-up-sim/aiconfigurator/collector/sglang/collect_wan_elementwise.py", line 113, in run_wan_elementwise
    with benchmark_with_power(
         ^^^^^^^^^^^^^^^^^^^^^
  File "/home/ai_lab/fjw/miniforge3/envs/ljc01/lib/python3.12/contextlib.py", line 137, in __enter__
    return next(self.gen)
           ^^^^^^^^^^^^^^
  File "/home/ai_lab/ljc/scale-up-sim/aiconfigurator/collector/helper.py", line 245, in benchmark_with_power
    kernel_func()
  File "/home/ai_lab/ljc/scale-up-sim/aiconfigurator/collector/sglang/collect_wan_elementwise.py", line 86, in kernel_func
    return module(residual, x, gate, shift, scale)
           ^^^^^^^^^^^^^^^^^^^^^^^^^^^^^^^^^^^^^^^
  File "/home/ai_lab/fjw/miniforge3/envs/ljc01/lib/python3.12/site-packages/torch/nn/modules/module.py", line 1775, in _wrapped_call_impl
    return self._call_impl(*args, **kwargs)
           ^^^^^^^^^^^^^^^^^^^^^^^^^^^^^^^^
  File "/home/ai_lab/fjw/miniforge3/envs/ljc01/lib/python3.12/site-packages/torch/nn/modules/module.py", line 1786, in _call_impl
    return forward_call(*args, **kwargs)
           ^^^^^^^^^^^^^^^^^^^^^^^^^^^^^
  File "/home/ai_lab/fjw/miniforge3/envs/ljc01/lib/python3.12/site-packages/sglang/multimodal_gen/runtime/layers/custom_op.py", line 31, in forward
    return self._forward_method(*args, **kwargs)
           ^^^^^^^^^^^^^^^^^^^^^^^^^^^^^^^^^^^^^
  File "/home/ai_lab/fjw/miniforge3/envs/ljc01/lib/python3.12/site-packages/sglang/multimodal_gen/runtime/layers/layernorm.py", line 382, in forward_cuda
    from sglang.jit_kernel.diffusion.cutedsl.scale_residual_norm_scale_shift import (
  File "/home/ai_lab/fjw/miniforge3/envs/ljc01/lib/python3.12/site-packages/sglang/jit_kernel/diffusion/cutedsl/scale_residual_norm_scale_shift.py", line 4, in <module>
    import cutlass
ModuleNotFoundError: No module named 'cutlass'
[2026-05-11 18:16:14,233] [ERROR] [Worker-0] [worker_0] Task sglang.wan_elementwise:run_wan_elementwise:['scale_residual_layernorm_scale_shift', 1, 71280, 5120, 1] failed
Traceback (most recent call last):
  File "/home/ai_lab/ljc/scale-up-sim/aiconfigurator/collector/collect.py", line 364, in worker
    func(*task, device=device)
  File "/home/ai_lab/ljc/scale-up-sim/aiconfigurator/collector/sglang/collect_wan_elementwise.py", line 113, in run_wan_elementwise
    with benchmark_with_power(
         ^^^^^^^^^^^^^^^^^^^^^
  File "/home/ai_lab/fjw/miniforge3/envs/ljc01/lib/python3.12/contextlib.py", line 137, in __enter__
    return next(self.gen)
           ^^^^^^^^^^^^^^
  File "/home/ai_lab/ljc/scale-up-sim/aiconfigurator/collector/helper.py", line 245, in benchmark_with_power
    kernel_func()
  File "/home/ai_lab/ljc/scale-up-sim/aiconfigurator/collector/sglang/collect_wan_elementwise.py", line 86, in kernel_func
    return module(residual, x, gate, shift, scale)
           ^^^^^^^^^^^^^^^^^^^^^^^^^^^^^^^^^^^^^^^
  File "/home/ai_lab/fjw/miniforge3/envs/ljc01/lib/python3.12/site-packages/torch/nn/modules/module.py", line 1775, in _wrapped_call_impl
    return self._call_impl(*args, **kwargs)
           ^^^^^^^^^^^^^^^^^^^^^^^^^^^^^^^^
  File "/home/ai_lab/fjw/miniforge3/envs/ljc01/lib/python3.12/site-packages/torch/nn/modules/module.py", line 1786, in _call_impl
    return forward_call(*args, **kwargs)
           ^^^^^^^^^^^^^^^^^^^^^^^^^^^^^
  File "/home/ai_lab/fjw/miniforge3/envs/ljc01/lib/python3.12/site-packages/sglang/multimodal_gen/runtime/layers/custom_op.py", line 31, in forward
    return self._forward_method(*args, **kwargs)
           ^^^^^^^^^^^^^^^^^^^^^^^^^^^^^^^^^^^^^
  File "/home/ai_lab/fjw/miniforge3/envs/ljc01/lib/python3.12/site-packages/sglang/multimodal_gen/runtime/layers/layernorm.py", line 382, in forward_cuda
    from sglang.jit_kernel.diffusion.cutedsl.scale_residual_norm_scale_shift import (
  File "/home/ai_lab/fjw/miniforge3/envs/ljc01/lib/python3.12/site-packages/sglang/jit_kernel/diffusion/cutedsl/scale_residual_norm_scale_shift.py", line 4, in <module>
    import cutlass
ModuleNotFoundError: No module named 'cutlass'
2026-05-11 18:16:14,233|ERROR|Worker-worker_0|worker|Task sglang.wan_elementwise:run_wan_elementwise:['scale_residual_layernorm_scale_shift', 1, 71280, 5120, 1] failed
Traceback (most recent call last):
  File "/home/ai_lab/ljc/scale-up-sim/aiconfigurator/collector/collect.py", line 364, in worker
    func(*task, device=device)
  File "/home/ai_lab/ljc/scale-up-sim/aiconfigurator/collector/sglang/collect_wan_elementwise.py", line 113, in run_wan_elementwise
    with benchmark_with_power(
         ^^^^^^^^^^^^^^^^^^^^^
  File "/home/ai_lab/fjw/miniforge3/envs/ljc01/lib/python3.12/contextlib.py", line 137, in __enter__
    return next(self.gen)
           ^^^^^^^^^^^^^^
  File "/home/ai_lab/ljc/scale-up-sim/aiconfigurator/collector/helper.py", line 245, in benchmark_with_power
    kernel_func()
  File "/home/ai_lab/ljc/scale-up-sim/aiconfigurator/collector/sglang/collect_wan_elementwise.py", line 86, in kernel_func
    return module(residual, x, gate, shift, scale)
           ^^^^^^^^^^^^^^^^^^^^^^^^^^^^^^^^^^^^^^^
  File "/home/ai_lab/fjw/miniforge3/envs/ljc01/lib/python3.12/site-packages/torch/nn/modules/module.py", line 1775, in _wrapped_call_impl
    return self._call_impl(*args, **kwargs)
           ^^^^^^^^^^^^^^^^^^^^^^^^^^^^^^^^
  File "/home/ai_lab/fjw/miniforge3/envs/ljc01/lib/python3.12/site-packages/torch/nn/modules/module.py", line 1786, in _call_impl
    return forward_call(*args, **kwargs)
           ^^^^^^^^^^^^^^^^^^^^^^^^^^^^^
  File "/home/ai_lab/fjw/miniforge3/envs/ljc01/lib/python3.12/site-packages/sglang/multimodal_gen/runtime/layers/custom_op.py", line 31, in forward
    return self._forward_method(*args, **kwargs)
           ^^^^^^^^^^^^^^^^^^^^^^^^^^^^^^^^^^^^^
  File "/home/ai_lab/fjw/miniforge3/envs/ljc01/lib/python3.12/site-packages/sglang/multimodal_gen/runtime/layers/layernorm.py", line 382, in forward_cuda
    from sglang.jit_kernel.diffusion.cutedsl.scale_residual_norm_scale_shift import (
  File "/home/ai_lab/fjw/miniforge3/envs/ljc01/lib/python3.12/site-packages/sglang/jit_kernel/diffusion/cutedsl/scale_residual_norm_scale_shift.py", line 4, in <module>
    import cutlass
ModuleNotFoundError: No module named 'cutlass'
[2026-05-11 18:16:14,236] [ERROR] [Worker-0] [worker_0] Task sglang.wan_elementwise:run_wan_elementwise:['scale_residual_layernorm_scale_shift', 1, 71280, 5120, 2] failed
Traceback (most recent call last):
  File "/home/ai_lab/ljc/scale-up-sim/aiconfigurator/collector/collect.py", line 364, in worker
    func(*task, device=device)
  File "/home/ai_lab/ljc/scale-up-sim/aiconfigurator/collector/sglang/collect_wan_elementwise.py", line 113, in run_wan_elementwise
    with benchmark_with_power(
         ^^^^^^^^^^^^^^^^^^^^^
  File "/home/ai_lab/fjw/miniforge3/envs/ljc01/lib/python3.12/contextlib.py", line 137, in __enter__
    return next(self.gen)
           ^^^^^^^^^^^^^^
  File "/home/ai_lab/ljc/scale-up-sim/aiconfigurator/collector/helper.py", line 245, in benchmark_with_power
    kernel_func()
  File "/home/ai_lab/ljc/scale-up-sim/aiconfigurator/collector/sglang/collect_wan_elementwise.py", line 86, in kernel_func
    return module(residual, x, gate, shift, scale)
           ^^^^^^^^^^^^^^^^^^^^^^^^^^^^^^^^^^^^^^^
  File "/home/ai_lab/fjw/miniforge3/envs/ljc01/lib/python3.12/site-packages/torch/nn/modules/module.py", line 1775, in _wrapped_call_impl
    return self._call_impl(*args, **kwargs)
           ^^^^^^^^^^^^^^^^^^^^^^^^^^^^^^^^
  File "/home/ai_lab/fjw/miniforge3/envs/ljc01/lib/python3.12/site-packages/torch/nn/modules/module.py", line 1786, in _call_impl
    return forward_call(*args, **kwargs)
           ^^^^^^^^^^^^^^^^^^^^^^^^^^^^^
  File "/home/ai_lab/fjw/miniforge3/envs/ljc01/lib/python3.12/site-packages/sglang/multimodal_gen/runtime/layers/custom_op.py", line 31, in forward
    return self._forward_method(*args, **kwargs)
           ^^^^^^^^^^^^^^^^^^^^^^^^^^^^^^^^^^^^^
  File "/home/ai_lab/fjw/miniforge3/envs/ljc01/lib/python3.12/site-packages/sglang/multimodal_gen/runtime/layers/layernorm.py", line 382, in forward_cuda
    from sglang.jit_kernel.diffusion.cutedsl.scale_residual_norm_scale_shift import (
  File "/home/ai_lab/fjw/miniforge3/envs/ljc01/lib/python3.12/site-packages/sglang/jit_kernel/diffusion/cutedsl/scale_residual_norm_scale_shift.py", line 4, in <module>
    import cutlass
ModuleNotFoundError: No module named 'cutlass'
2026-05-11 18:16:14,236|ERROR|Worker-worker_0|worker|Task sglang.wan_elementwise:run_wan_elementwise:['scale_residual_layernorm_scale_shift', 1, 71280, 5120, 2] failed
Traceback (most recent call last):
  File "/home/ai_lab/ljc/scale-up-sim/aiconfigurator/collector/collect.py", line 364, in worker
    func(*task, device=device)
  File "/home/ai_lab/ljc/scale-up-sim/aiconfigurator/collector/sglang/collect_wan_elementwise.py", line 113, in run_wan_elementwise
    with benchmark_with_power(
         ^^^^^^^^^^^^^^^^^^^^^
  File "/home/ai_lab/fjw/miniforge3/envs/ljc01/lib/python3.12/contextlib.py", line 137, in __enter__
    return next(self.gen)
           ^^^^^^^^^^^^^^
  File "/home/ai_lab/ljc/scale-up-sim/aiconfigurator/collector/helper.py", line 245, in benchmark_with_power
    kernel_func()
  File "/home/ai_lab/ljc/scale-up-sim/aiconfigurator/collector/sglang/collect_wan_elementwise.py", line 86, in kernel_func
    return module(residual, x, gate, shift, scale)
           ^^^^^^^^^^^^^^^^^^^^^^^^^^^^^^^^^^^^^^^
  File "/home/ai_lab/fjw/miniforge3/envs/ljc01/lib/python3.12/site-packages/torch/nn/modules/module.py", line 1775, in _wrapped_call_impl
    return self._call_impl(*args, **kwargs)
           ^^^^^^^^^^^^^^^^^^^^^^^^^^^^^^^^
  File "/home/ai_lab/fjw/miniforge3/envs/ljc01/lib/python3.12/site-packages/torch/nn/modules/module.py", line 1786, in _call_impl
    return forward_call(*args, **kwargs)
           ^^^^^^^^^^^^^^^^^^^^^^^^^^^^^
  File "/home/ai_lab/fjw/miniforge3/envs/ljc01/lib/python3.12/site-packages/sglang/multimodal_gen/runtime/layers/custom_op.py", line 31, in forward
    return self._forward_method(*args, **kwargs)
           ^^^^^^^^^^^^^^^^^^^^^^^^^^^^^^^^^^^^^
  File "/home/ai_lab/fjw/miniforge3/envs/ljc01/lib/python3.12/site-packages/sglang/multimodal_gen/runtime/layers/layernorm.py", line 382, in forward_cuda
    from sglang.jit_kernel.diffusion.cutedsl.scale_residual_norm_scale_shift import (
  File "/home/ai_lab/fjw/miniforge3/envs/ljc01/lib/python3.12/site-packages/sglang/jit_kernel/diffusion/cutedsl/scale_residual_norm_scale_shift.py", line 4, in <module>
    import cutlass
ModuleNotFoundError: No module named 'cutlass'
[2026-05-11 18:16:14,240] [ERROR] [Worker-0] [worker_0] Task sglang.wan_elementwise:run_wan_elementwise:['scale_residual_layernorm_scale_shift', 1, 71280, 5120, 4] failed
Traceback (most recent call last):
  File "/home/ai_lab/ljc/scale-up-sim/aiconfigurator/collector/collect.py", line 364, in worker
    func(*task, device=device)
  File "/home/ai_lab/ljc/scale-up-sim/aiconfigurator/collector/sglang/collect_wan_elementwise.py", line 113, in run_wan_elementwise
    with benchmark_with_power(
         ^^^^^^^^^^^^^^^^^^^^^
  File "/home/ai_lab/fjw/miniforge3/envs/ljc01/lib/python3.12/contextlib.py", line 137, in __enter__
    return next(self.gen)
           ^^^^^^^^^^^^^^
  File "/home/ai_lab/ljc/scale-up-sim/aiconfigurator/collector/helper.py", line 245, in benchmark_with_power
    kernel_func()
  File "/home/ai_lab/ljc/scale-up-sim/aiconfigurator/collector/sglang/collect_wan_elementwise.py", line 86, in kernel_func
    return module(residual, x, gate, shift, scale)
           ^^^^^^^^^^^^^^^^^^^^^^^^^^^^^^^^^^^^^^^
  File "/home/ai_lab/fjw/miniforge3/envs/ljc01/lib/python3.12/site-packages/torch/nn/modules/module.py", line 1775, in _wrapped_call_impl
    return self._call_impl(*args, **kwargs)
           ^^^^^^^^^^^^^^^^^^^^^^^^^^^^^^^^
  File "/home/ai_lab/fjw/miniforge3/envs/ljc01/lib/python3.12/site-packages/torch/nn/modules/module.py", line 1786, in _call_impl
    return forward_call(*args, **kwargs)
           ^^^^^^^^^^^^^^^^^^^^^^^^^^^^^
  File "/home/ai_lab/fjw/miniforge3/envs/ljc01/lib/python3.12/site-packages/sglang/multimodal_gen/runtime/layers/custom_op.py", line 31, in forward
    return self._forward_method(*args, **kwargs)
           ^^^^^^^^^^^^^^^^^^^^^^^^^^^^^^^^^^^^^
  File "/home/ai_lab/fjw/miniforge3/envs/ljc01/lib/python3.12/site-packages/sglang/multimodal_gen/runtime/layers/layernorm.py", line 382, in forward_cuda
    from sglang.jit_kernel.diffusion.cutedsl.scale_residual_norm_scale_shift import (
  File "/home/ai_lab/fjw/miniforge3/envs/ljc01/lib/python3.12/site-packages/sglang/jit_kernel/diffusion/cutedsl/scale_residual_norm_scale_shift.py", line 4, in <module>
    import cutlass
ModuleNotFoundError: No module named 'cutlass'
2026-05-11 18:16:14,240|ERROR|Worker-worker_0|worker|Task sglang.wan_elementwise:run_wan_elementwise:['scale_residual_layernorm_scale_shift', 1, 71280, 5120, 4] failed
Traceback (most recent call last):
  File "/home/ai_lab/ljc/scale-up-sim/aiconfigurator/collector/collect.py", line 364, in worker
    func(*task, device=device)
  File "/home/ai_lab/ljc/scale-up-sim/aiconfigurator/collector/sglang/collect_wan_elementwise.py", line 113, in run_wan_elementwise
    with benchmark_with_power(
         ^^^^^^^^^^^^^^^^^^^^^
  File "/home/ai_lab/fjw/miniforge3/envs/ljc01/lib/python3.12/contextlib.py", line 137, in __enter__
    return next(self.gen)
           ^^^^^^^^^^^^^^
  File "/home/ai_lab/ljc/scale-up-sim/aiconfigurator/collector/helper.py", line 245, in benchmark_with_power
    kernel_func()
  File "/home/ai_lab/ljc/scale-up-sim/aiconfigurator/collector/sglang/collect_wan_elementwise.py", line 86, in kernel_func
    return module(residual, x, gate, shift, scale)
           ^^^^^^^^^^^^^^^^^^^^^^^^^^^^^^^^^^^^^^^
  File "/home/ai_lab/fjw/miniforge3/envs/ljc01/lib/python3.12/site-packages/torch/nn/modules/module.py", line 1775, in _wrapped_call_impl
    return self._call_impl(*args, **kwargs)
           ^^^^^^^^^^^^^^^^^^^^^^^^^^^^^^^^
  File "/home/ai_lab/fjw/miniforge3/envs/ljc01/lib/python3.12/site-packages/torch/nn/modules/module.py", line 1786, in _call_impl
    return forward_call(*args, **kwargs)
           ^^^^^^^^^^^^^^^^^^^^^^^^^^^^^
  File "/home/ai_lab/fjw/miniforge3/envs/ljc01/lib/python3.12/site-packages/sglang/multimodal_gen/runtime/layers/custom_op.py", line 31, in forward
    return self._forward_method(*args, **kwargs)
           ^^^^^^^^^^^^^^^^^^^^^^^^^^^^^^^^^^^^^
  File "/home/ai_lab/fjw/miniforge3/envs/ljc01/lib/python3.12/site-packages/sglang/multimodal_gen/runtime/layers/layernorm.py", line 382, in forward_cuda
    from sglang.jit_kernel.diffusion.cutedsl.scale_residual_norm_scale_shift import (
  File "/home/ai_lab/fjw/miniforge3/envs/ljc01/lib/python3.12/site-packages/sglang/jit_kernel/diffusion/cutedsl/scale_residual_norm_scale_shift.py", line 4, in <module>
    import cutlass
ModuleNotFoundError: No module named 'cutlass'
[2026-05-11 18:16:14,243] [ERROR] [Worker-0] [worker_0] Task sglang.wan_elementwise:run_wan_elementwise:['scale_residual_layernorm_scale_shift', 1, 71280, 5120, 8] failed
Traceback (most recent call last):
  File "/home/ai_lab/ljc/scale-up-sim/aiconfigurator/collector/collect.py", line 364, in worker
    func(*task, device=device)
  File "/home/ai_lab/ljc/scale-up-sim/aiconfigurator/collector/sglang/collect_wan_elementwise.py", line 113, in run_wan_elementwise
    with benchmark_with_power(
         ^^^^^^^^^^^^^^^^^^^^^
  File "/home/ai_lab/fjw/miniforge3/envs/ljc01/lib/python3.12/contextlib.py", line 137, in __enter__
    return next(self.gen)
           ^^^^^^^^^^^^^^
  File "/home/ai_lab/ljc/scale-up-sim/aiconfigurator/collector/helper.py", line 245, in benchmark_with_power
    kernel_func()
  File "/home/ai_lab/ljc/scale-up-sim/aiconfigurator/collector/sglang/collect_wan_elementwise.py", line 86, in kernel_func
    return module(residual, x, gate, shift, scale)
           ^^^^^^^^^^^^^^^^^^^^^^^^^^^^^^^^^^^^^^^
  File "/home/ai_lab/fjw/miniforge3/envs/ljc01/lib/python3.12/site-packages/torch/nn/modules/module.py", line 1775, in _wrapped_call_impl
    return self._call_impl(*args, **kwargs)
           ^^^^^^^^^^^^^^^^^^^^^^^^^^^^^^^^
  File "/home/ai_lab/fjw/miniforge3/envs/ljc01/lib/python3.12/site-packages/torch/nn/modules/module.py", line 1786, in _call_impl
    return forward_call(*args, **kwargs)
           ^^^^^^^^^^^^^^^^^^^^^^^^^^^^^
  File "/home/ai_lab/fjw/miniforge3/envs/ljc01/lib/python3.12/site-packages/sglang/multimodal_gen/runtime/layers/custom_op.py", line 31, in forward
    return self._forward_method(*args, **kwargs)
           ^^^^^^^^^^^^^^^^^^^^^^^^^^^^^^^^^^^^^
  File "/home/ai_lab/fjw/miniforge3/envs/ljc01/lib/python3.12/site-packages/sglang/multimodal_gen/runtime/layers/layernorm.py", line 382, in forward_cuda
    from sglang.jit_kernel.diffusion.cutedsl.scale_residual_norm_scale_shift import (
  File "/home/ai_lab/fjw/miniforge3/envs/ljc01/lib/python3.12/site-packages/sglang/jit_kernel/diffusion/cutedsl/scale_residual_norm_scale_shift.py", line 4, in <module>
    import cutlass
ModuleNotFoundError: No module named 'cutlass'
2026-05-11 18:16:14,243|ERROR|Worker-worker_0|worker|Task sglang.wan_elementwise:run_wan_elementwise:['scale_residual_layernorm_scale_shift', 1, 71280, 5120, 8] failed
Traceback (most recent call last):
  File "/home/ai_lab/ljc/scale-up-sim/aiconfigurator/collector/collect.py", line 364, in worker
    func(*task, device=device)
  File "/home/ai_lab/ljc/scale-up-sim/aiconfigurator/collector/sglang/collect_wan_elementwise.py", line 113, in run_wan_elementwise
    with benchmark_with_power(
         ^^^^^^^^^^^^^^^^^^^^^
  File "/home/ai_lab/fjw/miniforge3/envs/ljc01/lib/python3.12/contextlib.py", line 137, in __enter__
    return next(self.gen)
           ^^^^^^^^^^^^^^
  File "/home/ai_lab/ljc/scale-up-sim/aiconfigurator/collector/helper.py", line 245, in benchmark_with_power
    kernel_func()
  File "/home/ai_lab/ljc/scale-up-sim/aiconfigurator/collector/sglang/collect_wan_elementwise.py", line 86, in kernel_func
    return module(residual, x, gate, shift, scale)
           ^^^^^^^^^^^^^^^^^^^^^^^^^^^^^^^^^^^^^^^
  File "/home/ai_lab/fjw/miniforge3/envs/ljc01/lib/python3.12/site-packages/torch/nn/modules/module.py", line 1775, in _wrapped_call_impl
    return self._call_impl(*args, **kwargs)
           ^^^^^^^^^^^^^^^^^^^^^^^^^^^^^^^^
  File "/home/ai_lab/fjw/miniforge3/envs/ljc01/lib/python3.12/site-packages/torch/nn/modules/module.py", line 1786, in _call_impl
    return forward_call(*args, **kwargs)
           ^^^^^^^^^^^^^^^^^^^^^^^^^^^^^
  File "/home/ai_lab/fjw/miniforge3/envs/ljc01/lib/python3.12/site-packages/sglang/multimodal_gen/runtime/layers/custom_op.py", line 31, in forward
    return self._forward_method(*args, **kwargs)
           ^^^^^^^^^^^^^^^^^^^^^^^^^^^^^^^^^^^^^
  File "/home/ai_lab/fjw/miniforge3/envs/ljc01/lib/python3.12/site-packages/sglang/multimodal_gen/runtime/layers/layernorm.py", line 382, in forward_cuda
    from sglang.jit_kernel.diffusion.cutedsl.scale_residual_norm_scale_shift import (
  File "/home/ai_lab/fjw/miniforge3/envs/ljc01/lib/python3.12/site-packages/sglang/jit_kernel/diffusion/cutedsl/scale_residual_norm_scale_shift.py", line 4, in <module>
    import cutlass
ModuleNotFoundError: No module named 'cutlass'
[2026-05-11 18:16:14,247] [ERROR] [Worker-0] [worker_0] Task sglang.wan_elementwise:run_wan_elementwise:['scale_residual_layernorm_scale_shift', 1, 106480, 5120, 1] failed
Traceback (most recent call last):
  File "/home/ai_lab/ljc/scale-up-sim/aiconfigurator/collector/collect.py", line 364, in worker
    func(*task, device=device)
  File "/home/ai_lab/ljc/scale-up-sim/aiconfigurator/collector/sglang/collect_wan_elementwise.py", line 113, in run_wan_elementwise
    with benchmark_with_power(
         ^^^^^^^^^^^^^^^^^^^^^
  File "/home/ai_lab/fjw/miniforge3/envs/ljc01/lib/python3.12/contextlib.py", line 137, in __enter__
    return next(self.gen)
           ^^^^^^^^^^^^^^
  File "/home/ai_lab/ljc/scale-up-sim/aiconfigurator/collector/helper.py", line 245, in benchmark_with_power
    kernel_func()
  File "/home/ai_lab/ljc/scale-up-sim/aiconfigurator/collector/sglang/collect_wan_elementwise.py", line 86, in kernel_func
    return module(residual, x, gate, shift, scale)
           ^^^^^^^^^^^^^^^^^^^^^^^^^^^^^^^^^^^^^^^
  File "/home/ai_lab/fjw/miniforge3/envs/ljc01/lib/python3.12/site-packages/torch/nn/modules/module.py", line 1775, in _wrapped_call_impl
    return self._call_impl(*args, **kwargs)
           ^^^^^^^^^^^^^^^^^^^^^^^^^^^^^^^^
  File "/home/ai_lab/fjw/miniforge3/envs/ljc01/lib/python3.12/site-packages/torch/nn/modules/module.py", line 1786, in _call_impl
    return forward_call(*args, **kwargs)
           ^^^^^^^^^^^^^^^^^^^^^^^^^^^^^
  File "/home/ai_lab/fjw/miniforge3/envs/ljc01/lib/python3.12/site-packages/sglang/multimodal_gen/runtime/layers/custom_op.py", line 31, in forward
    return self._forward_method(*args, **kwargs)
           ^^^^^^^^^^^^^^^^^^^^^^^^^^^^^^^^^^^^^
  File "/home/ai_lab/fjw/miniforge3/envs/ljc01/lib/python3.12/site-packages/sglang/multimodal_gen/runtime/layers/layernorm.py", line 382, in forward_cuda
    from sglang.jit_kernel.diffusion.cutedsl.scale_residual_norm_scale_shift import (
  File "/home/ai_lab/fjw/miniforge3/envs/ljc01/lib/python3.12/site-packages/sglang/jit_kernel/diffusion/cutedsl/scale_residual_norm_scale_shift.py", line 4, in <module>
    import cutlass
ModuleNotFoundError: No module named 'cutlass'
2026-05-11 18:16:14,247|ERROR|Worker-worker_0|worker|Task sglang.wan_elementwise:run_wan_elementwise:['scale_residual_layernorm_scale_shift', 1, 106480, 5120, 1] failed
Traceback (most recent call last):
  File "/home/ai_lab/ljc/scale-up-sim/aiconfigurator/collector/collect.py", line 364, in worker
    func(*task, device=device)
  File "/home/ai_lab/ljc/scale-up-sim/aiconfigurator/collector/sglang/collect_wan_elementwise.py", line 113, in run_wan_elementwise
    with benchmark_with_power(
         ^^^^^^^^^^^^^^^^^^^^^
  File "/home/ai_lab/fjw/miniforge3/envs/ljc01/lib/python3.12/contextlib.py", line 137, in __enter__
    return next(self.gen)
           ^^^^^^^^^^^^^^
  File "/home/ai_lab/ljc/scale-up-sim/aiconfigurator/collector/helper.py", line 245, in benchmark_with_power
    kernel_func()
  File "/home/ai_lab/ljc/scale-up-sim/aiconfigurator/collector/sglang/collect_wan_elementwise.py", line 86, in kernel_func
    return module(residual, x, gate, shift, scale)
           ^^^^^^^^^^^^^^^^^^^^^^^^^^^^^^^^^^^^^^^
  File "/home/ai_lab/fjw/miniforge3/envs/ljc01/lib/python3.12/site-packages/torch/nn/modules/module.py", line 1775, in _wrapped_call_impl
    return self._call_impl(*args, **kwargs)
           ^^^^^^^^^^^^^^^^^^^^^^^^^^^^^^^^
  File "/home/ai_lab/fjw/miniforge3/envs/ljc01/lib/python3.12/site-packages/torch/nn/modules/module.py", line 1786, in _call_impl
    return forward_call(*args, **kwargs)
           ^^^^^^^^^^^^^^^^^^^^^^^^^^^^^
  File "/home/ai_lab/fjw/miniforge3/envs/ljc01/lib/python3.12/site-packages/sglang/multimodal_gen/runtime/layers/custom_op.py", line 31, in forward
    return self._forward_method(*args, **kwargs)
           ^^^^^^^^^^^^^^^^^^^^^^^^^^^^^^^^^^^^^
  File "/home/ai_lab/fjw/miniforge3/envs/ljc01/lib/python3.12/site-packages/sglang/multimodal_gen/runtime/layers/layernorm.py", line 382, in forward_cuda
    from sglang.jit_kernel.diffusion.cutedsl.scale_residual_norm_scale_shift import (
  File "/home/ai_lab/fjw/miniforge3/envs/ljc01/lib/python3.12/site-packages/sglang/jit_kernel/diffusion/cutedsl/scale_residual_norm_scale_shift.py", line 4, in <module>
    import cutlass
ModuleNotFoundError: No module named 'cutlass'
[2026-05-11 18:16:14,251] [ERROR] [Worker-0] [worker_0] Task sglang.wan_elementwise:run_wan_elementwise:['scale_residual_layernorm_scale_shift', 1, 106480, 5120, 2] failed
Traceback (most recent call last):
  File "/home/ai_lab/ljc/scale-up-sim/aiconfigurator/collector/collect.py", line 364, in worker
    func(*task, device=device)
  File "/home/ai_lab/ljc/scale-up-sim/aiconfigurator/collector/sglang/collect_wan_elementwise.py", line 113, in run_wan_elementwise
    with benchmark_with_power(
         ^^^^^^^^^^^^^^^^^^^^^
  File "/home/ai_lab/fjw/miniforge3/envs/ljc01/lib/python3.12/contextlib.py", line 137, in __enter__
    return next(self.gen)
           ^^^^^^^^^^^^^^
  File "/home/ai_lab/ljc/scale-up-sim/aiconfigurator/collector/helper.py", line 245, in benchmark_with_power
    kernel_func()
  File "/home/ai_lab/ljc/scale-up-sim/aiconfigurator/collector/sglang/collect_wan_elementwise.py", line 86, in kernel_func
    return module(residual, x, gate, shift, scale)
           ^^^^^^^^^^^^^^^^^^^^^^^^^^^^^^^^^^^^^^^
  File "/home/ai_lab/fjw/miniforge3/envs/ljc01/lib/python3.12/site-packages/torch/nn/modules/module.py", line 1775, in _wrapped_call_impl
    return self._call_impl(*args, **kwargs)
           ^^^^^^^^^^^^^^^^^^^^^^^^^^^^^^^^
  File "/home/ai_lab/fjw/miniforge3/envs/ljc01/lib/python3.12/site-packages/torch/nn/modules/module.py", line 1786, in _call_impl
    return forward_call(*args, **kwargs)
           ^^^^^^^^^^^^^^^^^^^^^^^^^^^^^
  File "/home/ai_lab/fjw/miniforge3/envs/ljc01/lib/python3.12/site-packages/sglang/multimodal_gen/runtime/layers/custom_op.py", line 31, in forward
    return self._forward_method(*args, **kwargs)
           ^^^^^^^^^^^^^^^^^^^^^^^^^^^^^^^^^^^^^
  File "/home/ai_lab/fjw/miniforge3/envs/ljc01/lib/python3.12/site-packages/sglang/multimodal_gen/runtime/layers/layernorm.py", line 382, in forward_cuda
    from sglang.jit_kernel.diffusion.cutedsl.scale_residual_norm_scale_shift import (
  File "/home/ai_lab/fjw/miniforge3/envs/ljc01/lib/python3.12/site-packages/sglang/jit_kernel/diffusion/cutedsl/scale_residual_norm_scale_shift.py", line 4, in <module>
    import cutlass
ModuleNotFoundError: No module named 'cutlass'
2026-05-11 18:16:14,251|ERROR|Worker-worker_0|worker|Task sglang.wan_elementwise:run_wan_elementwise:['scale_residual_layernorm_scale_shift', 1, 106480, 5120, 2] failed
Traceback (most recent call last):
  File "/home/ai_lab/ljc/scale-up-sim/aiconfigurator/collector/collect.py", line 364, in worker
    func(*task, device=device)
  File "/home/ai_lab/ljc/scale-up-sim/aiconfigurator/collector/sglang/collect_wan_elementwise.py", line 113, in run_wan_elementwise
    with benchmark_with_power(
         ^^^^^^^^^^^^^^^^^^^^^
  File "/home/ai_lab/fjw/miniforge3/envs/ljc01/lib/python3.12/contextlib.py", line 137, in __enter__
    return next(self.gen)
           ^^^^^^^^^^^^^^
  File "/home/ai_lab/ljc/scale-up-sim/aiconfigurator/collector/helper.py", line 245, in benchmark_with_power
    kernel_func()
  File "/home/ai_lab/ljc/scale-up-sim/aiconfigurator/collector/sglang/collect_wan_elementwise.py", line 86, in kernel_func
    return module(residual, x, gate, shift, scale)
           ^^^^^^^^^^^^^^^^^^^^^^^^^^^^^^^^^^^^^^^
  File "/home/ai_lab/fjw/miniforge3/envs/ljc01/lib/python3.12/site-packages/torch/nn/modules/module.py", line 1775, in _wrapped_call_impl
    return self._call_impl(*args, **kwargs)
           ^^^^^^^^^^^^^^^^^^^^^^^^^^^^^^^^
  File "/home/ai_lab/fjw/miniforge3/envs/ljc01/lib/python3.12/site-packages/torch/nn/modules/module.py", line 1786, in _call_impl
    return forward_call(*args, **kwargs)
           ^^^^^^^^^^^^^^^^^^^^^^^^^^^^^
  File "/home/ai_lab/fjw/miniforge3/envs/ljc01/lib/python3.12/site-packages/sglang/multimodal_gen/runtime/layers/custom_op.py", line 31, in forward
    return self._forward_method(*args, **kwargs)
           ^^^^^^^^^^^^^^^^^^^^^^^^^^^^^^^^^^^^^
  File "/home/ai_lab/fjw/miniforge3/envs/ljc01/lib/python3.12/site-packages/sglang/multimodal_gen/runtime/layers/layernorm.py", line 382, in forward_cuda
    from sglang.jit_kernel.diffusion.cutedsl.scale_residual_norm_scale_shift import (
  File "/home/ai_lab/fjw/miniforge3/envs/ljc01/lib/python3.12/site-packages/sglang/jit_kernel/diffusion/cutedsl/scale_residual_norm_scale_shift.py", line 4, in <module>
    import cutlass
ModuleNotFoundError: No module named 'cutlass'
[2026-05-11 18:16:14,255] [ERROR] [Worker-0] [worker_0] Task sglang.wan_elementwise:run_wan_elementwise:['scale_residual_layernorm_scale_shift', 1, 106480, 5120, 4] failed
Traceback (most recent call last):
  File "/home/ai_lab/ljc/scale-up-sim/aiconfigurator/collector/collect.py", line 364, in worker
    func(*task, device=device)
  File "/home/ai_lab/ljc/scale-up-sim/aiconfigurator/collector/sglang/collect_wan_elementwise.py", line 113, in run_wan_elementwise
    with benchmark_with_power(
         ^^^^^^^^^^^^^^^^^^^^^
  File "/home/ai_lab/fjw/miniforge3/envs/ljc01/lib/python3.12/contextlib.py", line 137, in __enter__
    return next(self.gen)
           ^^^^^^^^^^^^^^
  File "/home/ai_lab/ljc/scale-up-sim/aiconfigurator/collector/helper.py", line 245, in benchmark_with_power
    kernel_func()
  File "/home/ai_lab/ljc/scale-up-sim/aiconfigurator/collector/sglang/collect_wan_elementwise.py", line 86, in kernel_func
    return module(residual, x, gate, shift, scale)
           ^^^^^^^^^^^^^^^^^^^^^^^^^^^^^^^^^^^^^^^
  File "/home/ai_lab/fjw/miniforge3/envs/ljc01/lib/python3.12/site-packages/torch/nn/modules/module.py", line 1775, in _wrapped_call_impl
    return self._call_impl(*args, **kwargs)
           ^^^^^^^^^^^^^^^^^^^^^^^^^^^^^^^^
  File "/home/ai_lab/fjw/miniforge3/envs/ljc01/lib/python3.12/site-packages/torch/nn/modules/module.py", line 1786, in _call_impl
    return forward_call(*args, **kwargs)
           ^^^^^^^^^^^^^^^^^^^^^^^^^^^^^
  File "/home/ai_lab/fjw/miniforge3/envs/ljc01/lib/python3.12/site-packages/sglang/multimodal_gen/runtime/layers/custom_op.py", line 31, in forward
    return self._forward_method(*args, **kwargs)
           ^^^^^^^^^^^^^^^^^^^^^^^^^^^^^^^^^^^^^
  File "/home/ai_lab/fjw/miniforge3/envs/ljc01/lib/python3.12/site-packages/sglang/multimodal_gen/runtime/layers/layernorm.py", line 382, in forward_cuda
    from sglang.jit_kernel.diffusion.cutedsl.scale_residual_norm_scale_shift import (
  File "/home/ai_lab/fjw/miniforge3/envs/ljc01/lib/python3.12/site-packages/sglang/jit_kernel/diffusion/cutedsl/scale_residual_norm_scale_shift.py", line 4, in <module>
    import cutlass
ModuleNotFoundError: No module named 'cutlass'
2026-05-11 18:16:14,255|ERROR|Worker-worker_0|worker|Task sglang.wan_elementwise:run_wan_elementwise:['scale_residual_layernorm_scale_shift', 1, 106480, 5120, 4] failed
Traceback (most recent call last):
  File "/home/ai_lab/ljc/scale-up-sim/aiconfigurator/collector/collect.py", line 364, in worker
    func(*task, device=device)
  File "/home/ai_lab/ljc/scale-up-sim/aiconfigurator/collector/sglang/collect_wan_elementwise.py", line 113, in run_wan_elementwise
    with benchmark_with_power(
         ^^^^^^^^^^^^^^^^^^^^^
  File "/home/ai_lab/fjw/miniforge3/envs/ljc01/lib/python3.12/contextlib.py", line 137, in __enter__
    return next(self.gen)
           ^^^^^^^^^^^^^^
  File "/home/ai_lab/ljc/scale-up-sim/aiconfigurator/collector/helper.py", line 245, in benchmark_with_power
    kernel_func()
  File "/home/ai_lab/ljc/scale-up-sim/aiconfigurator/collector/sglang/collect_wan_elementwise.py", line 86, in kernel_func
    return module(residual, x, gate, shift, scale)
           ^^^^^^^^^^^^^^^^^^^^^^^^^^^^^^^^^^^^^^^
  File "/home/ai_lab/fjw/miniforge3/envs/ljc01/lib/python3.12/site-packages/torch/nn/modules/module.py", line 1775, in _wrapped_call_impl
    return self._call_impl(*args, **kwargs)
           ^^^^^^^^^^^^^^^^^^^^^^^^^^^^^^^^
  File "/home/ai_lab/fjw/miniforge3/envs/ljc01/lib/python3.12/site-packages/torch/nn/modules/module.py", line 1786, in _call_impl
    return forward_call(*args, **kwargs)
           ^^^^^^^^^^^^^^^^^^^^^^^^^^^^^
  File "/home/ai_lab/fjw/miniforge3/envs/ljc01/lib/python3.12/site-packages/sglang/multimodal_gen/runtime/layers/custom_op.py", line 31, in forward
    return self._forward_method(*args, **kwargs)
           ^^^^^^^^^^^^^^^^^^^^^^^^^^^^^^^^^^^^^
  File "/home/ai_lab/fjw/miniforge3/envs/ljc01/lib/python3.12/site-packages/sglang/multimodal_gen/runtime/layers/layernorm.py", line 382, in forward_cuda
    from sglang.jit_kernel.diffusion.cutedsl.scale_residual_norm_scale_shift import (
  File "/home/ai_lab/fjw/miniforge3/envs/ljc01/lib/python3.12/site-packages/sglang/jit_kernel/diffusion/cutedsl/scale_residual_norm_scale_shift.py", line 4, in <module>
    import cutlass
ModuleNotFoundError: No module named 'cutlass'
[2026-05-11 18:16:14,259] [ERROR] [Worker-0] [worker_0] Task sglang.wan_elementwise:run_wan_elementwise:['scale_residual_layernorm_scale_shift', 1, 106480, 5120, 8] failed
Traceback (most recent call last):
  File "/home/ai_lab/ljc/scale-up-sim/aiconfigurator/collector/collect.py", line 364, in worker
    func(*task, device=device)
  File "/home/ai_lab/ljc/scale-up-sim/aiconfigurator/collector/sglang/collect_wan_elementwise.py", line 113, in run_wan_elementwise
    with benchmark_with_power(
         ^^^^^^^^^^^^^^^^^^^^^
  File "/home/ai_lab/fjw/miniforge3/envs/ljc01/lib/python3.12/contextlib.py", line 137, in __enter__
    return next(self.gen)
           ^^^^^^^^^^^^^^
  File "/home/ai_lab/ljc/scale-up-sim/aiconfigurator/collector/helper.py", line 245, in benchmark_with_power
    kernel_func()
  File "/home/ai_lab/ljc/scale-up-sim/aiconfigurator/collector/sglang/collect_wan_elementwise.py", line 86, in kernel_func
    return module(residual, x, gate, shift, scale)
           ^^^^^^^^^^^^^^^^^^^^^^^^^^^^^^^^^^^^^^^
  File "/home/ai_lab/fjw/miniforge3/envs/ljc01/lib/python3.12/site-packages/torch/nn/modules/module.py", line 1775, in _wrapped_call_impl
    return self._call_impl(*args, **kwargs)
           ^^^^^^^^^^^^^^^^^^^^^^^^^^^^^^^^
  File "/home/ai_lab/fjw/miniforge3/envs/ljc01/lib/python3.12/site-packages/torch/nn/modules/module.py", line 1786, in _call_impl
    return forward_call(*args, **kwargs)
           ^^^^^^^^^^^^^^^^^^^^^^^^^^^^^
  File "/home/ai_lab/fjw/miniforge3/envs/ljc01/lib/python3.12/site-packages/sglang/multimodal_gen/runtime/layers/custom_op.py", line 31, in forward
    return self._forward_method(*args, **kwargs)
           ^^^^^^^^^^^^^^^^^^^^^^^^^^^^^^^^^^^^^
  File "/home/ai_lab/fjw/miniforge3/envs/ljc01/lib/python3.12/site-packages/sglang/multimodal_gen/runtime/layers/layernorm.py", line 382, in forward_cuda
    from sglang.jit_kernel.diffusion.cutedsl.scale_residual_norm_scale_shift import (
  File "/home/ai_lab/fjw/miniforge3/envs/ljc01/lib/python3.12/site-packages/sglang/jit_kernel/diffusion/cutedsl/scale_residual_norm_scale_shift.py", line 4, in <module>
    import cutlass
ModuleNotFoundError: No module named 'cutlass'
2026-05-11 18:16:14,259|ERROR|Worker-worker_0|worker|Task sglang.wan_elementwise:run_wan_elementwise:['scale_residual_layernorm_scale_shift', 1, 106480, 5120, 8] failed
Traceback (most recent call last):
  File "/home/ai_lab/ljc/scale-up-sim/aiconfigurator/collector/collect.py", line 364, in worker
    func(*task, device=device)
  File "/home/ai_lab/ljc/scale-up-sim/aiconfigurator/collector/sglang/collect_wan_elementwise.py", line 113, in run_wan_elementwise
    with benchmark_with_power(
         ^^^^^^^^^^^^^^^^^^^^^
  File "/home/ai_lab/fjw/miniforge3/envs/ljc01/lib/python3.12/contextlib.py", line 137, in __enter__
    return next(self.gen)
           ^^^^^^^^^^^^^^
  File "/home/ai_lab/ljc/scale-up-sim/aiconfigurator/collector/helper.py", line 245, in benchmark_with_power
    kernel_func()
  File "/home/ai_lab/ljc/scale-up-sim/aiconfigurator/collector/sglang/collect_wan_elementwise.py", line 86, in kernel_func
    return module(residual, x, gate, shift, scale)
           ^^^^^^^^^^^^^^^^^^^^^^^^^^^^^^^^^^^^^^^
  File "/home/ai_lab/fjw/miniforge3/envs/ljc01/lib/python3.12/site-packages/torch/nn/modules/module.py", line 1775, in _wrapped_call_impl
    return self._call_impl(*args, **kwargs)
           ^^^^^^^^^^^^^^^^^^^^^^^^^^^^^^^^
  File "/home/ai_lab/fjw/miniforge3/envs/ljc01/lib/python3.12/site-packages/torch/nn/modules/module.py", line 1786, in _call_impl
    return forward_call(*args, **kwargs)
           ^^^^^^^^^^^^^^^^^^^^^^^^^^^^^
  File "/home/ai_lab/fjw/miniforge3/envs/ljc01/lib/python3.12/site-packages/sglang/multimodal_gen/runtime/layers/custom_op.py", line 31, in forward
    return self._forward_method(*args, **kwargs)
           ^^^^^^^^^^^^^^^^^^^^^^^^^^^^^^^^^^^^^
  File "/home/ai_lab/fjw/miniforge3/envs/ljc01/lib/python3.12/site-packages/sglang/multimodal_gen/runtime/layers/layernorm.py", line 382, in forward_cuda
    from sglang.jit_kernel.diffusion.cutedsl.scale_residual_norm_scale_shift import (
  File "/home/ai_lab/fjw/miniforge3/envs/ljc01/lib/python3.12/site-packages/sglang/jit_kernel/diffusion/cutedsl/scale_residual_norm_scale_shift.py", line 4, in <module>
    import cutlass
ModuleNotFoundError: No module named 'cutlass'
2026-05-11 18:16:17,062|ERROR|root|parallel_run|sglang.wan_elementwise: Completed with 24 errors
2026-05-11 18:16:17,064|ERROR|root|parallel_run|Error details saved to wan_elementwise_20260511_181604/errors_sglang.wan_elementwise.json
