run,kernel_order_index,kernel_duration_ms,operator_category,implementation,kernel_short_name,kernel_name
20260625_141235_decode_stage1_decode_b1p512_cg_on_b1_f1_p512_layers5_backend_auto_cg_on_pcg_off_tp1_marker_on_profile_nsys,14,0.00144,quant,sglang,per_token_group_quant_8bit_kernel,"void per_token_group_quant_8bit_kernel<__nv_bfloat16, __nv_fp8_e4m3, (bool)1, (bool)0, float>(const T1 *, void *, T5 *, int, int, int, float, float, float, int, int)"
20260625_141235_decode_stage1_decode_b1p512_cg_on_b1_f1_p512_layers5_backend_auto_cg_on_pcg_off_tp1_marker_on_profile_nsys,15,0.011616,gemm,deepgemm,sm90_fp8_gemm_1d2d_impl,"void deep_gemm::sm90_fp8_gemm_1d2d_impl<(cute::UMMA::Major)0, (unsigned int)0, (unsigned int)2112, (unsigned int)7168, (unsigned int)1, (unsigned int)16, (unsigned int)16, (unsigned int)128, (unsigned int)128, (unsigned int)128, (unsigned int)32, (unsigned int)32, (unsigned int)24, (unsigned int)128, (unsigned int)128, (unsigned int)1, (bool)0, (unsigned int)132, (deep_gemm::GemmType)0, deep_gemm::EpilogueIdentity, (bool)0>(float *, int *, int *, unsigned int, unsigned int, unsigned int, CUtensorMap_st, CUtensorMap_st, CUtensorMap_st, CUtensorMap_st)"
20260625_141235_decode_stage1_decode_b1p512_cg_on_b1_f1_p512_layers5_backend_auto_cg_on_pcg_off_tp1_marker_on_profile_nsys,18,0.001376,quant,sglang,per_token_group_quant_8bit_kernel,"void per_token_group_quant_8bit_kernel<__nv_bfloat16, __nv_fp8_e4m3, (bool)1, (bool)0, float>(const T1 *, void *, T5 *, int, int, int, float, float, float, int, int)"
20260625_141235_decode_stage1_decode_b1p512_cg_on_b1_f1_p512_layers5_backend_auto_cg_on_pcg_off_tp1_marker_on_profile_nsys,19,0.017856,gemm,deepgemm,sm90_fp8_gemm_1d2d_impl,"void deep_gemm::sm90_fp8_gemm_1d2d_impl<(cute::UMMA::Major)0, (unsigned int)0, (unsigned int)24576, (unsigned int)1536, (unsigned int)1, (unsigned int)16, (unsigned int)192, (unsigned int)128, (unsigned int)128, (unsigned int)128, (unsigned int)128, (unsigned int)4, (unsigned int)0, (unsigned int)128, (unsigned int)128, (unsigned int)1, (bool)0, (unsigned int)128, (deep_gemm::GemmType)0, deep_gemm::EpilogueIdentity, (bool)0>(float *, int *, int *, unsigned int, unsigned int, unsigned int, CUtensorMap_st, CUtensorMap_st, CUtensorMap_st, CUtensorMap_st)"
20260625_141235_decode_stage1_decode_b1p512_cg_on_b1_f1_p512_layers5_backend_auto_cg_on_pcg_off_tp1_marker_on_profile_nsys,20,0.008448,bmm,torch,nvjet_tst_256x8_64x6_2x1_v_bz_TNT,nvjet_tst_256x8_64x6_2x1_v_bz_TNT
20260625_141235_decode_stage1_decode_b1p512_cg_on_b1_f1_p512_layers5_backend_auto_cg_on_pcg_off_tp1_marker_on_profile_nsys,22,0.00128,attention_support,sglang_mla,set_mla_kv_buffer_kernel,set_mla_kv_buffer_kernel
20260625_141235_decode_stage1_decode_b1p512_cg_on_b1_f1_p512_layers5_backend_auto_cg_on_pcg_off_tp1_marker_on_profile_nsys,26,0.007904,bmm,torch,nvjet_tst_128x8_64x12_1x1_h_bz_TNT,nvjet_tst_128x8_64x12_1x1_h_bz_TNT
20260625_141235_decode_stage1_decode_b1p512_cg_on_b1_f1_p512_layers5_backend_auto_cg_on_pcg_off_tp1_marker_on_profile_nsys,27,0.001728,quant,sglang,per_token_group_quant_8bit_kernel,"void per_token_group_quant_8bit_kernel<__nv_bfloat16, __nv_fp8_e4m3, (bool)1, (bool)0, float>(const T1 *, void *, T5 *, int, int, int, float, float, float, int, int)"
20260625_141235_decode_stage1_decode_b1p512_cg_on_b1_f1_p512_layers5_backend_auto_cg_on_pcg_off_tp1_marker_on_profile_nsys,28,0.045247,gemm,deepgemm,sm90_fp8_gemm_1d2d_impl,"void deep_gemm::sm90_fp8_gemm_1d2d_impl<(cute::UMMA::Major)0, (unsigned int)0, (unsigned int)7168, (unsigned int)16384, (unsigned int)1, (unsigned int)16, (unsigned int)64, (unsigned int)128, (unsigned int)128, (unsigned int)128, (unsigned int)128, (unsigned int)22, (unsigned int)18, (unsigned int)128, (unsigned int)128, (unsigned int)1, (bool)0, (unsigned int)112, (deep_gemm::GemmType)0, deep_gemm::EpilogueIdentity, (bool)0>(float *, int *, int *, unsigned int, unsigned int, unsigned int, CUtensorMap_st, CUtensorMap_st, CUtensorMap_st, CUtensorMap_st)"
20260625_141235_decode_stage1_decode_b1p512_cg_on_b1_f1_p512_layers5_backend_auto_cg_on_pcg_off_tp1_marker_on_profile_nsys,30,0.001376,quant,sglang,per_token_group_quant_8bit_kernel,"void per_token_group_quant_8bit_kernel<__nv_bfloat16, __nv_fp8_e4m3, (bool)1, (bool)0, float>(const T1 *, void *, T5 *, int, int, int, float, float, float, int, int)"
20260625_141235_decode_stage1_decode_b1p512_cg_on_b1_f1_p512_layers5_backend_auto_cg_on_pcg_off_tp1_marker_on_profile_nsys,31,0.09104,gemm,deepgemm,sm90_fp8_gemm_1d2d_impl,"void deep_gemm::sm90_fp8_gemm_1d2d_impl<(cute::UMMA::Major)0, (unsigned int)0, (unsigned int)36864, (unsigned int)7168, (unsigned int)1, (unsigned int)16, (unsigned int)144, (unsigned int)128, (unsigned int)128, (unsigned int)128, (unsigned int)32, (unsigned int)11, (unsigned int)1, (unsigned int)128, (unsigned int)128, (unsigned int)1, (bool)0, (unsigned int)128, (deep_gemm::GemmType)0, deep_gemm::EpilogueIdentity, (bool)0>(float *, int *, int *, unsigned int, unsigned int, unsigned int, CUtensorMap_st, CUtensorMap_st, CUtensorMap_st, CUtensorMap_st)"
20260625_141235_decode_stage1_decode_b1p512_cg_on_b1_f1_p512_layers5_backend_auto_cg_on_pcg_off_tp1_marker_on_profile_nsys,33,0.001728,quant,sglang,per_token_group_quant_8bit_kernel,"void per_token_group_quant_8bit_kernel<__nv_bfloat16, __nv_fp8_e4m3, (bool)1, (bool)0, float>(const T1 *, void *, T5 *, int, int, int, float, float, float, int, int)"
20260625_141235_decode_stage1_decode_b1p512_cg_on_b1_f1_p512_layers5_backend_auto_cg_on_pcg_off_tp1_marker_on_profile_nsys,34,0.047648,gemm,deepgemm,sm90_fp8_gemm_1d2d_impl,"void deep_gemm::sm90_fp8_gemm_1d2d_impl<(cute::UMMA::Major)0, (unsigned int)0, (unsigned int)7168, (unsigned int)18432, (unsigned int)1, (unsigned int)16, (unsigned int)64, (unsigned int)128, (unsigned int)128, (unsigned int)128, (unsigned int)128, (unsigned int)22, (unsigned int)12, (unsigned int)128, (unsigned int)128, (unsigned int)1, (bool)0, (unsigned int)112, (deep_gemm::GemmType)0, deep_gemm::EpilogueIdentity, (bool)0>(float *, int *, int *, unsigned int, unsigned int, unsigned int, CUtensorMap_st, CUtensorMap_st, CUtensorMap_st, CUtensorMap_st)"
20260625_141235_decode_stage1_decode_b1p512_cg_on_b1_f1_p512_layers5_backend_auto_cg_on_pcg_off_tp1_marker_on_profile_nsys,36,0.001408,quant,sglang,per_token_group_quant_8bit_kernel,"void per_token_group_quant_8bit_kernel<__nv_bfloat16, __nv_fp8_e4m3, (bool)1, (bool)0, float>(const T1 *, void *, T5 *, int, int, int, float, float, float, int, int)"
20260625_141235_decode_stage1_decode_b1p512_cg_on_b1_f1_p512_layers5_backend_auto_cg_on_pcg_off_tp1_marker_on_profile_nsys,37,0.014624,gemm,deepgemm,sm90_fp8_gemm_1d2d_impl,"void deep_gemm::sm90_fp8_gemm_1d2d_impl<(cute::UMMA::Major)0, (unsigned int)0, (unsigned int)2112, (unsigned int)7168, (unsigned int)1, (unsigned int)16, (unsigned int)16, (unsigned int)128, (unsigned int)128, (unsigned int)128, (unsigned int)32, (unsigned int)32, (unsigned int)24, (unsigned int)128, (unsigned int)128, (unsigned int)1, (bool)0, (unsigned int)132, (deep_gemm::GemmType)0, deep_gemm::EpilogueIdentity, (bool)0>(float *, int *, int *, unsigned int, unsigned int, unsigned int, CUtensorMap_st, CUtensorMap_st, CUtensorMap_st, CUtensorMap_st)"
20260625_141235_decode_stage1_decode_b1p512_cg_on_b1_f1_p512_layers5_backend_auto_cg_on_pcg_off_tp1_marker_on_profile_nsys,40,0.001408,quant,sglang,per_token_group_quant_8bit_kernel,"void per_token_group_quant_8bit_kernel<__nv_bfloat16, __nv_fp8_e4m3, (bool)1, (bool)0, float>(const T1 *, void *, T5 *, int, int, int, float, float, float, int, int)"
20260625_141235_decode_stage1_decode_b1p512_cg_on_b1_f1_p512_layers5_backend_auto_cg_on_pcg_off_tp1_marker_on_profile_nsys,41,0.01616,gemm,deepgemm,sm90_fp8_gemm_1d2d_impl,"void deep_gemm::sm90_fp8_gemm_1d2d_impl<(cute::UMMA::Major)0, (unsigned int)0, (unsigned int)24576, (unsigned int)1536, (unsigned int)1, (unsigned int)16, (unsigned int)192, (unsigned int)128, (unsigned int)128, (unsigned int)128, (unsigned int)128, (unsigned int)4, (unsigned int)0, (unsigned int)128, (unsigned int)128, (unsigned int)1, (bool)0, (unsigned int)128, (deep_gemm::GemmType)0, deep_gemm::EpilogueIdentity, (bool)0>(float *, int *, int *, unsigned int, unsigned int, unsigned int, CUtensorMap_st, CUtensorMap_st, CUtensorMap_st, CUtensorMap_st)"
20260625_141235_decode_stage1_decode_b1p512_cg_on_b1_f1_p512_layers5_backend_auto_cg_on_pcg_off_tp1_marker_on_profile_nsys,42,0.00816,bmm,torch,nvjet_tst_256x8_64x6_2x1_v_bz_TNT,nvjet_tst_256x8_64x6_2x1_v_bz_TNT
20260625_141235_decode_stage1_decode_b1p512_cg_on_b1_f1_p512_layers5_backend_auto_cg_on_pcg_off_tp1_marker_on_profile_nsys,44,0.001216,attention_support,sglang_mla,set_mla_kv_buffer_kernel,set_mla_kv_buffer_kernel
20260625_141235_decode_stage1_decode_b1p512_cg_on_b1_f1_p512_layers5_backend_auto_cg_on_pcg_off_tp1_marker_on_profile_nsys,48,0.007904,bmm,torch,nvjet_tst_128x8_64x12_1x1_h_bz_TNT,nvjet_tst_128x8_64x12_1x1_h_bz_TNT
20260625_141235_decode_stage1_decode_b1p512_cg_on_b1_f1_p512_layers5_backend_auto_cg_on_pcg_off_tp1_marker_on_profile_nsys,49,0.001664,quant,sglang,per_token_group_quant_8bit_kernel,"void per_token_group_quant_8bit_kernel<__nv_bfloat16, __nv_fp8_e4m3, (bool)1, (bool)0, float>(const T1 *, void *, T5 *, int, int, int, float, float, float, int, int)"
20260625_141235_decode_stage1_decode_b1p512_cg_on_b1_f1_p512_layers5_backend_auto_cg_on_pcg_off_tp1_marker_on_profile_nsys,50,0.045408,gemm,deepgemm,sm90_fp8_gemm_1d2d_impl,"void deep_gemm::sm90_fp8_gemm_1d2d_impl<(cute::UMMA::Major)0, (unsigned int)0, (unsigned int)7168, (unsigned int)16384, (unsigned int)1, (unsigned int)16, (unsigned int)64, (unsigned int)128, (unsigned int)128, (unsigned int)128, (unsigned int)128, (unsigned int)22, (unsigned int)18, (unsigned int)128, (unsigned int)128, (unsigned int)1, (bool)0, (unsigned int)112, (deep_gemm::GemmType)0, deep_gemm::EpilogueIdentity, (bool)0>(float *, int *, int *, unsigned int, unsigned int, unsigned int, CUtensorMap_st, CUtensorMap_st, CUtensorMap_st, CUtensorMap_st)"
20260625_141235_decode_stage1_decode_b1p512_cg_on_b1_f1_p512_layers5_backend_auto_cg_on_pcg_off_tp1_marker_on_profile_nsys,52,0.001376,quant,sglang,per_token_group_quant_8bit_kernel,"void per_token_group_quant_8bit_kernel<__nv_bfloat16, __nv_fp8_e4m3, (bool)1, (bool)0, float>(const T1 *, void *, T5 *, int, int, int, float, float, float, int, int)"
20260625_141235_decode_stage1_decode_b1p512_cg_on_b1_f1_p512_layers5_backend_auto_cg_on_pcg_off_tp1_marker_on_profile_nsys,53,0.08928,gemm,deepgemm,sm90_fp8_gemm_1d2d_impl,"void deep_gemm::sm90_fp8_gemm_1d2d_impl<(cute::UMMA::Major)0, (unsigned int)0, (unsigned int)36864, (unsigned int)7168, (unsigned int)1, (unsigned int)16, (unsigned int)144, (unsigned int)128, (unsigned int)128, (unsigned int)128, (unsigned int)32, (unsigned int)11, (unsigned int)1, (unsigned int)128, (unsigned int)128, (unsigned int)1, (bool)0, (unsigned int)128, (deep_gemm::GemmType)0, deep_gemm::EpilogueIdentity, (bool)0>(float *, int *, int *, unsigned int, unsigned int, unsigned int, CUtensorMap_st, CUtensorMap_st, CUtensorMap_st, CUtensorMap_st)"
20260625_141235_decode_stage1_decode_b1p512_cg_on_b1_f1_p512_layers5_backend_auto_cg_on_pcg_off_tp1_marker_on_profile_nsys,56,0.001664,quant,sglang,per_token_group_quant_8bit_kernel,"void per_token_group_quant_8bit_kernel<__nv_bfloat16, __nv_fp8_e4m3, (bool)1, (bool)0, float>(const T1 *, void *, T5 *, int, int, int, float, float, float, int, int)"
20260625_141235_decode_stage1_decode_b1p512_cg_on_b1_f1_p512_layers5_backend_auto_cg_on_pcg_off_tp1_marker_on_profile_nsys,57,0.048192,gemm,deepgemm,sm90_fp8_gemm_1d2d_impl,"void deep_gemm::sm90_fp8_gemm_1d2d_impl<(cute::UMMA::Major)0, (unsigned int)0, (unsigned int)7168, (unsigned int)18432, (unsigned int)1, (unsigned int)16, (unsigned int)64, (unsigned int)128, (unsigned int)128, (unsigned int)128, (unsigned int)128, (unsigned int)22, (unsigned int)12, (unsigned int)128, (unsigned int)128, (unsigned int)1, (bool)0, (unsigned int)112, (deep_gemm::GemmType)0, deep_gemm::EpilogueIdentity, (bool)0>(float *, int *, int *, unsigned int, unsigned int, unsigned int, CUtensorMap_st, CUtensorMap_st, CUtensorMap_st, CUtensorMap_st)"
20260625_141235_decode_stage1_decode_b1p512_cg_on_b1_f1_p512_layers5_backend_auto_cg_on_pcg_off_tp1_marker_on_profile_nsys,59,0.001376,quant,sglang,per_token_group_quant_8bit_kernel,"void per_token_group_quant_8bit_kernel<__nv_bfloat16, __nv_fp8_e4m3, (bool)1, (bool)0, float>(const T1 *, void *, T5 *, int, int, int, float, float, float, int, int)"
20260625_141235_decode_stage1_decode_b1p512_cg_on_b1_f1_p512_layers5_backend_auto_cg_on_pcg_off_tp1_marker_on_profile_nsys,60,0.014272,gemm,deepgemm,sm90_fp8_gemm_1d2d_impl,"void deep_gemm::sm90_fp8_gemm_1d2d_impl<(cute::UMMA::Major)0, (unsigned int)0, (unsigned int)2112, (unsigned int)7168, (unsigned int)1, (unsigned int)16, (unsigned int)16, (unsigned int)128, (unsigned int)128, (unsigned int)128, (unsigned int)32, (unsigned int)32, (unsigned int)24, (unsigned int)128, (unsigned int)128, (unsigned int)1, (bool)0, (unsigned int)132, (deep_gemm::GemmType)0, deep_gemm::EpilogueIdentity, (bool)0>(float *, int *, int *, unsigned int, unsigned int, unsigned int, CUtensorMap_st, CUtensorMap_st, CUtensorMap_st, CUtensorMap_st)"
20260625_141235_decode_stage1_decode_b1p512_cg_on_b1_f1_p512_layers5_backend_auto_cg_on_pcg_off_tp1_marker_on_profile_nsys,63,0.001344,quant,sglang,per_token_group_quant_8bit_kernel,"void per_token_group_quant_8bit_kernel<__nv_bfloat16, __nv_fp8_e4m3, (bool)1, (bool)0, float>(const T1 *, void *, T5 *, int, int, int, float, float, float, int, int)"
20260625_141235_decode_stage1_decode_b1p512_cg_on_b1_f1_p512_layers5_backend_auto_cg_on_pcg_off_tp1_marker_on_profile_nsys,64,0.0168,gemm,deepgemm,sm90_fp8_gemm_1d2d_impl,"void deep_gemm::sm90_fp8_gemm_1d2d_impl<(cute::UMMA::Major)0, (unsigned int)0, (unsigned int)24576, (unsigned int)1536, (unsigned int)1, (unsigned int)16, (unsigned int)192, (unsigned int)128, (unsigned int)128, (unsigned int)128, (unsigned int)128, (unsigned int)4, (unsigned int)0, (unsigned int)128, (unsigned int)128, (unsigned int)1, (bool)0, (unsigned int)128, (deep_gemm::GemmType)0, deep_gemm::EpilogueIdentity, (bool)0>(float *, int *, int *, unsigned int, unsigned int, unsigned int, CUtensorMap_st, CUtensorMap_st, CUtensorMap_st, CUtensorMap_st)"
20260625_141235_decode_stage1_decode_b1p512_cg_on_b1_f1_p512_layers5_backend_auto_cg_on_pcg_off_tp1_marker_on_profile_nsys,65,0.007904,bmm,torch,nvjet_tst_256x8_64x6_2x1_v_bz_TNT,nvjet_tst_256x8_64x6_2x1_v_bz_TNT
20260625_141235_decode_stage1_decode_b1p512_cg_on_b1_f1_p512_layers5_backend_auto_cg_on_pcg_off_tp1_marker_on_profile_nsys,67,0.001216,attention_support,sglang_mla,set_mla_kv_buffer_kernel,set_mla_kv_buffer_kernel
20260625_141235_decode_stage1_decode_b1p512_cg_on_b1_f1_p512_layers5_backend_auto_cg_on_pcg_off_tp1_marker_on_profile_nsys,71,0.007936,bmm,torch,nvjet_tst_128x8_64x12_1x1_h_bz_TNT,nvjet_tst_128x8_64x12_1x1_h_bz_TNT
20260625_141235_decode_stage1_decode_b1p512_cg_on_b1_f1_p512_layers5_backend_auto_cg_on_pcg_off_tp1_marker_on_profile_nsys,72,0.00176,quant,sglang,per_token_group_quant_8bit_kernel,"void per_token_group_quant_8bit_kernel<__nv_bfloat16, __nv_fp8_e4m3, (bool)1, (bool)0, float>(const T1 *, void *, T5 *, int, int, int, float, float, float, int, int)"
20260625_141235_decode_stage1_decode_b1p512_cg_on_b1_f1_p512_layers5_backend_auto_cg_on_pcg_off_tp1_marker_on_profile_nsys,73,0.045696,gemm,deepgemm,sm90_fp8_gemm_1d2d_impl,"void deep_gemm::sm90_fp8_gemm_1d2d_impl<(cute::UMMA::Major)0, (unsigned int)0, (unsigned int)7168, (unsigned int)16384, (unsigned int)1, (unsigned int)16, (unsigned int)64, (unsigned int)128, (unsigned int)128, (unsigned int)128, (unsigned int)128, (unsigned int)22, (unsigned int)18, (unsigned int)128, (unsigned int)128, (unsigned int)1, (bool)0, (unsigned int)112, (deep_gemm::GemmType)0, deep_gemm::EpilogueIdentity, (bool)0>(float *, int *, int *, unsigned int, unsigned int, unsigned int, CUtensorMap_st, CUtensorMap_st, CUtensorMap_st, CUtensorMap_st)"
20260625_141235_decode_stage1_decode_b1p512_cg_on_b1_f1_p512_layers5_backend_auto_cg_on_pcg_off_tp1_marker_on_profile_nsys,75,0.001376,quant,sglang,per_token_group_quant_8bit_kernel,"void per_token_group_quant_8bit_kernel<__nv_bfloat16, __nv_fp8_e4m3, (bool)1, (bool)0, float>(const T1 *, void *, T5 *, int, int, int, float, float, float, int, int)"
20260625_141235_decode_stage1_decode_b1p512_cg_on_b1_f1_p512_layers5_backend_auto_cg_on_pcg_off_tp1_marker_on_profile_nsys,76,0.0888,gemm,deepgemm,sm90_fp8_gemm_1d2d_impl,"void deep_gemm::sm90_fp8_gemm_1d2d_impl<(cute::UMMA::Major)0, (unsigned int)0, (unsigned int)36864, (unsigned int)7168, (unsigned int)1, (unsigned int)16, (unsigned int)144, (unsigned int)128, (unsigned int)128, (unsigned int)128, (unsigned int)32, (unsigned int)11, (unsigned int)1, (unsigned int)128, (unsigned int)128, (unsigned int)1, (bool)0, (unsigned int)128, (deep_gemm::GemmType)0, deep_gemm::EpilogueIdentity, (bool)0>(float *, int *, int *, unsigned int, unsigned int, unsigned int, CUtensorMap_st, CUtensorMap_st, CUtensorMap_st, CUtensorMap_st)"
20260625_141235_decode_stage1_decode_b1p512_cg_on_b1_f1_p512_layers5_backend_auto_cg_on_pcg_off_tp1_marker_on_profile_nsys,78,0.001696,quant,sglang,per_token_group_quant_8bit_kernel,"void per_token_group_quant_8bit_kernel<__nv_bfloat16, __nv_fp8_e4m3, (bool)1, (bool)0, float>(const T1 *, void *, T5 *, int, int, int, float, float, float, int, int)"
20260625_141235_decode_stage1_decode_b1p512_cg_on_b1_f1_p512_layers5_backend_auto_cg_on_pcg_off_tp1_marker_on_profile_nsys,79,0.047904,gemm,deepgemm,sm90_fp8_gemm_1d2d_impl,"void deep_gemm::sm90_fp8_gemm_1d2d_impl<(cute::UMMA::Major)0, (unsigned int)0, (unsigned int)7168, (unsigned int)18432, (unsigned int)1, (unsigned int)16, (unsigned int)64, (unsigned int)128, (unsigned int)128, (unsigned int)128, (unsigned int)128, (unsigned int)22, (unsigned int)12, (unsigned int)128, (unsigned int)128, (unsigned int)1, (bool)0, (unsigned int)112, (deep_gemm::GemmType)0, deep_gemm::EpilogueIdentity, (bool)0>(float *, int *, int *, unsigned int, unsigned int, unsigned int, CUtensorMap_st, CUtensorMap_st, CUtensorMap_st, CUtensorMap_st)"
20260625_141235_decode_stage1_decode_b1p512_cg_on_b1_f1_p512_layers5_backend_auto_cg_on_pcg_off_tp1_marker_on_profile_nsys,81,0.001344,quant,sglang,per_token_group_quant_8bit_kernel,"void per_token_group_quant_8bit_kernel<__nv_bfloat16, __nv_fp8_e4m3, (bool)1, (bool)0, float>(const T1 *, void *, T5 *, int, int, int, float, float, float, int, int)"
20260625_141235_decode_stage1_decode_b1p512_cg_on_b1_f1_p512_layers5_backend_auto_cg_on_pcg_off_tp1_marker_on_profile_nsys,82,0.014432,gemm,deepgemm,sm90_fp8_gemm_1d2d_impl,"void deep_gemm::sm90_fp8_gemm_1d2d_impl<(cute::UMMA::Major)0, (unsigned int)0, (unsigned int)2112, (unsigned int)7168, (unsigned int)1, (unsigned int)16, (unsigned int)16, (unsigned int)128, (unsigned int)128, (unsigned int)128, (unsigned int)32, (unsigned int)32, (unsigned int)24, (unsigned int)128, (unsigned int)128, (unsigned int)1, (bool)0, (unsigned int)132, (deep_gemm::GemmType)0, deep_gemm::EpilogueIdentity, (bool)0>(float *, int *, int *, unsigned int, unsigned int, unsigned int, CUtensorMap_st, CUtensorMap_st, CUtensorMap_st, CUtensorMap_st)"
20260625_141235_decode_stage1_decode_b1p512_cg_on_b1_f1_p512_layers5_backend_auto_cg_on_pcg_off_tp1_marker_on_profile_nsys,85,0.001408,quant,sglang,per_token_group_quant_8bit_kernel,"void per_token_group_quant_8bit_kernel<__nv_bfloat16, __nv_fp8_e4m3, (bool)1, (bool)0, float>(const T1 *, void *, T5 *, int, int, int, float, float, float, int, int)"
20260625_141235_decode_stage1_decode_b1p512_cg_on_b1_f1_p512_layers5_backend_auto_cg_on_pcg_off_tp1_marker_on_profile_nsys,86,0.016832,gemm,deepgemm,sm90_fp8_gemm_1d2d_impl,"void deep_gemm::sm90_fp8_gemm_1d2d_impl<(cute::UMMA::Major)0, (unsigned int)0, (unsigned int)24576, (unsigned int)1536, (unsigned int)1, (unsigned int)16, (unsigned int)192, (unsigned int)128, (unsigned int)128, (unsigned int)128, (unsigned int)128, (unsigned int)4, (unsigned int)0, (unsigned int)128, (unsigned int)128, (unsigned int)1, (bool)0, (unsigned int)128, (deep_gemm::GemmType)0, deep_gemm::EpilogueIdentity, (bool)0>(float *, int *, int *, unsigned int, unsigned int, unsigned int, CUtensorMap_st, CUtensorMap_st, CUtensorMap_st, CUtensorMap_st)"
20260625_141235_decode_stage1_decode_b1p512_cg_on_b1_f1_p512_layers5_backend_auto_cg_on_pcg_off_tp1_marker_on_profile_nsys,87,0.007936,bmm,torch,nvjet_tst_256x8_64x6_2x1_v_bz_TNT,nvjet_tst_256x8_64x6_2x1_v_bz_TNT
20260625_141235_decode_stage1_decode_b1p512_cg_on_b1_f1_p512_layers5_backend_auto_cg_on_pcg_off_tp1_marker_on_profile_nsys,89,0.001408,attention_support,sglang_mla,set_mla_kv_buffer_kernel,set_mla_kv_buffer_kernel
20260625_141235_decode_stage1_decode_b1p512_cg_on_b1_f1_p512_layers5_backend_auto_cg_on_pcg_off_tp1_marker_on_profile_nsys,93,0.00816,bmm,torch,nvjet_tst_128x8_64x12_1x1_h_bz_TNT,nvjet_tst_128x8_64x12_1x1_h_bz_TNT
20260625_141235_decode_stage1_decode_b1p512_cg_on_b1_f1_p512_layers5_backend_auto_cg_on_pcg_off_tp1_marker_on_profile_nsys,94,0.001664,quant,sglang,per_token_group_quant_8bit_kernel,"void per_token_group_quant_8bit_kernel<__nv_bfloat16, __nv_fp8_e4m3, (bool)1, (bool)0, float>(const T1 *, void *, T5 *, int, int, int, float, float, float, int, int)"
20260625_141235_decode_stage1_decode_b1p512_cg_on_b1_f1_p512_layers5_backend_auto_cg_on_pcg_off_tp1_marker_on_profile_nsys,95,0.044991,gemm,deepgemm,sm90_fp8_gemm_1d2d_impl,"void deep_gemm::sm90_fp8_gemm_1d2d_impl<(cute::UMMA::Major)0, (unsigned int)0, (unsigned int)7168, (unsigned int)16384, (unsigned int)1, (unsigned int)16, (unsigned int)64, (unsigned int)128, (unsigned int)128, (unsigned int)128, (unsigned int)128, (unsigned int)22, (unsigned int)18, (unsigned int)128, (unsigned int)128, (unsigned int)1, (bool)0, (unsigned int)112, (deep_gemm::GemmType)0, deep_gemm::EpilogueIdentity, (bool)0>(float *, int *, int *, unsigned int, unsigned int, unsigned int, CUtensorMap_st, CUtensorMap_st, CUtensorMap_st, CUtensorMap_st)"
20260625_141235_decode_stage1_decode_b1p512_cg_on_b1_f1_p512_layers5_backend_auto_cg_on_pcg_off_tp1_marker_on_profile_nsys,101,0.00144,quant,sglang,per_token_group_quant_8bit_kernel,"void per_token_group_quant_8bit_kernel<__nv_bfloat16, __nv_fp8_e4m3, (bool)0, (bool)0, float>(const T1 *, void *, T5 *, int, int, int, float, float, float, int, int)"
20260625_141235_decode_stage1_decode_b1p512_cg_on_b1_f1_p512_layers5_backend_auto_cg_on_pcg_off_tp1_marker_on_profile_nsys,104,0.001472,quant,sglang,per_token_group_quant_8bit_kernel,"void per_token_group_quant_8bit_kernel<__nv_bfloat16, __nv_fp8_e4m3, (bool)0, (bool)0, float>(const T1 *, void *, T5 *, int, int, int, float, float, float, int, int)"
20260625_141235_decode_stage1_decode_b1p512_cg_on_b1_f1_p512_layers5_backend_auto_cg_on_pcg_off_tp1_marker_on_profile_nsys,108,0.001472,quant,sglang,per_token_group_quant_8bit_kernel,"void per_token_group_quant_8bit_kernel<__nv_bfloat16, __nv_fp8_e4m3, (bool)1, (bool)0, float>(const T1 *, void *, T5 *, int, int, int, float, float, float, int, int)"
20260625_141235_decode_stage1_decode_b1p512_cg_on_b1_f1_p512_layers5_backend_auto_cg_on_pcg_off_tp1_marker_on_profile_nsys,109,0.014368,gemm,deepgemm,sm90_fp8_gemm_1d2d_impl,"void deep_gemm::sm90_fp8_gemm_1d2d_impl<(cute::UMMA::Major)0, (unsigned int)0, (unsigned int)2112, (unsigned int)7168, (unsigned int)1, (unsigned int)16, (unsigned int)16, (unsigned int)128, (unsigned int)128, (unsigned int)128, (unsigned int)32, (unsigned int)32, (unsigned int)24, (unsigned int)128, (unsigned int)128, (unsigned int)1, (bool)0, (unsigned int)132, (deep_gemm::GemmType)0, deep_gemm::EpilogueIdentity, (bool)0>(float *, int *, int *, unsigned int, unsigned int, unsigned int, CUtensorMap_st, CUtensorMap_st, CUtensorMap_st, CUtensorMap_st)"
20260625_141235_decode_stage1_decode_b1p512_cg_on_b1_f1_p512_layers5_backend_auto_cg_on_pcg_off_tp1_marker_on_profile_nsys,112,0.001344,quant,sglang,per_token_group_quant_8bit_kernel,"void per_token_group_quant_8bit_kernel<__nv_bfloat16, __nv_fp8_e4m3, (bool)1, (bool)0, float>(const T1 *, void *, T5 *, int, int, int, float, float, float, int, int)"
20260625_141235_decode_stage1_decode_b1p512_cg_on_b1_f1_p512_layers5_backend_auto_cg_on_pcg_off_tp1_marker_on_profile_nsys,113,0.017504,gemm,deepgemm,sm90_fp8_gemm_1d2d_impl,"void deep_gemm::sm90_fp8_gemm_1d2d_impl<(cute::UMMA::Major)0, (unsigned int)0, (unsigned int)24576, (unsigned int)1536, (unsigned int)1, (unsigned int)16, (unsigned int)192, (unsigned int)128, (unsigned int)128, (unsigned int)128, (unsigned int)128, (unsigned int)4, (unsigned int)0, (unsigned int)128, (unsigned int)128, (unsigned int)1, (bool)0, (unsigned int)128, (deep_gemm::GemmType)0, deep_gemm::EpilogueIdentity, (bool)0>(float *, int *, int *, unsigned int, unsigned int, unsigned int, CUtensorMap_st, CUtensorMap_st, CUtensorMap_st, CUtensorMap_st)"
20260625_141235_decode_stage1_decode_b1p512_cg_on_b1_f1_p512_layers5_backend_auto_cg_on_pcg_off_tp1_marker_on_profile_nsys,114,0.008256,bmm,torch,nvjet_tst_256x8_64x6_2x1_v_bz_TNT,nvjet_tst_256x8_64x6_2x1_v_bz_TNT
20260625_141235_decode_stage1_decode_b1p512_cg_on_b1_f1_p512_layers5_backend_auto_cg_on_pcg_off_tp1_marker_on_profile_nsys,116,0.001216,attention_support,sglang_mla,set_mla_kv_buffer_kernel,set_mla_kv_buffer_kernel
20260625_141235_decode_stage1_decode_b1p512_cg_on_b1_f1_p512_layers5_backend_auto_cg_on_pcg_off_tp1_marker_on_profile_nsys,120,0.007808,bmm,torch,nvjet_tst_128x8_64x12_1x1_h_bz_TNT,nvjet_tst_128x8_64x12_1x1_h_bz_TNT
20260625_141235_decode_stage1_decode_b1p512_cg_on_b1_f1_p512_layers5_backend_auto_cg_on_pcg_off_tp1_marker_on_profile_nsys,121,0.001632,quant,sglang,per_token_group_quant_8bit_kernel,"void per_token_group_quant_8bit_kernel<__nv_bfloat16, __nv_fp8_e4m3, (bool)1, (bool)0, float>(const T1 *, void *, T5 *, int, int, int, float, float, float, int, int)"
20260625_141235_decode_stage1_decode_b1p512_cg_on_b1_f1_p512_layers5_backend_auto_cg_on_pcg_off_tp1_marker_on_profile_nsys,122,0.045759,gemm,deepgemm,sm90_fp8_gemm_1d2d_impl,"void deep_gemm::sm90_fp8_gemm_1d2d_impl<(cute::UMMA::Major)0, (unsigned int)0, (unsigned int)7168, (unsigned int)16384, (unsigned int)1, (unsigned int)16, (unsigned int)64, (unsigned int)128, (unsigned int)128, (unsigned int)128, (unsigned int)128, (unsigned int)22, (unsigned int)18, (unsigned int)128, (unsigned int)128, (unsigned int)1, (bool)0, (unsigned int)112, (deep_gemm::GemmType)0, deep_gemm::EpilogueIdentity, (bool)0>(float *, int *, int *, unsigned int, unsigned int, unsigned int, CUtensorMap_st, CUtensorMap_st, CUtensorMap_st, CUtensorMap_st)"
20260625_141235_decode_stage1_decode_b1p512_cg_on_b1_f1_p512_layers5_backend_auto_cg_on_pcg_off_tp1_marker_on_profile_nsys,128,0.00128,quant,sglang,per_token_group_quant_8bit_kernel,"void per_token_group_quant_8bit_kernel<__nv_bfloat16, __nv_fp8_e4m3, (bool)0, (bool)0, float>(const T1 *, void *, T5 *, int, int, int, float, float, float, int, int)"
20260625_141235_decode_stage1_decode_b1p512_cg_on_b1_f1_p512_layers5_backend_auto_cg_on_pcg_off_tp1_marker_on_profile_nsys,131,0.001472,quant,sglang,per_token_group_quant_8bit_kernel,"void per_token_group_quant_8bit_kernel<__nv_bfloat16, __nv_fp8_e4m3, (bool)0, (bool)0, float>(const T1 *, void *, T5 *, int, int, int, float, float, float, int, int)"
20260625_141235_decode_stage1_decode_b1p512_cg_on_b1_f1_p512_layers5_backend_auto_cg_on_pcg_off_tp1_marker_on_profile_nsys,135,0.605569,bmm,torch,nvjet_tst_384x8_64x4_2x1_v_bz_TNT,nvjet_tst_384x8_64x4_2x1_v_bz_TNT
20260625_141521_decode_stage1_decode_b4p512_cg_on_b4_f1_p512_layers5_backend_auto_cg_on_pcg_off_tp1_marker_on_profile_nsys,16,0.001792,quant,sglang,per_token_group_quant_8bit_kernel,"void per_token_group_quant_8bit_kernel<__nv_bfloat16, __nv_fp8_e4m3, (bool)1, (bool)0, float>(const T1 *, void *, T5 *, int, int, int, float, float, float, int, int)"
20260625_141521_decode_stage1_decode_b4p512_cg_on_b4_f1_p512_layers5_backend_auto_cg_on_pcg_off_tp1_marker_on_profile_nsys,17,0.013728,gemm,deepgemm,sm90_fp8_gemm_1d2d_impl,"void deep_gemm::sm90_fp8_gemm_1d2d_impl<(cute::UMMA::Major)0, (unsigned int)0, (unsigned int)2112, (unsigned int)7168, (unsigned int)1, (unsigned int)16, (unsigned int)16, (unsigned int)128, (unsigned int)128, (unsigned int)128, (unsigned int)32, (unsigned int)32, (unsigned int)24, (unsigned int)128, (unsigned int)128, (unsigned int)1, (bool)0, (unsigned int)132, (deep_gemm::GemmType)0, deep_gemm::EpilogueIdentity, (bool)0>(float *, int *, int *, unsigned int, unsigned int, unsigned int, CUtensorMap_st, CUtensorMap_st, CUtensorMap_st, CUtensorMap_st)"
20260625_141521_decode_stage1_decode_b4p512_cg_on_b4_f1_p512_layers5_backend_auto_cg_on_pcg_off_tp1_marker_on_profile_nsys,20,0.001536,quant,sglang,per_token_group_quant_8bit_kernel,"void per_token_group_quant_8bit_kernel<__nv_bfloat16, __nv_fp8_e4m3, (bool)1, (bool)0, float>(const T1 *, void *, T5 *, int, int, int, float, float, float, int, int)"
20260625_141521_decode_stage1_decode_b4p512_cg_on_b4_f1_p512_layers5_backend_auto_cg_on_pcg_off_tp1_marker_on_profile_nsys,21,0.019456,gemm,deepgemm,sm90_fp8_gemm_1d2d_impl,"void deep_gemm::sm90_fp8_gemm_1d2d_impl<(cute::UMMA::Major)0, (unsigned int)0, (unsigned int)24576, (unsigned int)1536, (unsigned int)1, (unsigned int)16, (unsigned int)192, (unsigned int)128, (unsigned int)128, (unsigned int)128, (unsigned int)128, (unsigned int)4, (unsigned int)0, (unsigned int)128, (unsigned int)128, (unsigned int)1, (bool)0, (unsigned int)128, (deep_gemm::GemmType)0, deep_gemm::EpilogueIdentity, (bool)0>(float *, int *, int *, unsigned int, unsigned int, unsigned int, CUtensorMap_st, CUtensorMap_st, CUtensorMap_st, CUtensorMap_st)"
20260625_141521_decode_stage1_decode_b4p512_cg_on_b4_f1_p512_layers5_backend_auto_cg_on_pcg_off_tp1_marker_on_profile_nsys,22,0.008288,bmm,torch,nvjet_tst_256x8_64x6_2x1_v_bz_TNT,nvjet_tst_256x8_64x6_2x1_v_bz_TNT
20260625_141521_decode_stage1_decode_b4p512_cg_on_b4_f1_p512_layers5_backend_auto_cg_on_pcg_off_tp1_marker_on_profile_nsys,24,0.001248,attention_support,sglang_mla,set_mla_kv_buffer_kernel,set_mla_kv_buffer_kernel
20260625_141521_decode_stage1_decode_b4p512_cg_on_b4_f1_p512_layers5_backend_auto_cg_on_pcg_off_tp1_marker_on_profile_nsys,28,0.008128,bmm,torch,nvjet_tst_128x8_64x12_1x1_h_bz_TNT,nvjet_tst_128x8_64x12_1x1_h_bz_TNT
20260625_141521_decode_stage1_decode_b4p512_cg_on_b4_f1_p512_layers5_backend_auto_cg_on_pcg_off_tp1_marker_on_profile_nsys,29,0.00192,quant,sglang,per_token_group_quant_8bit_kernel,"void per_token_group_quant_8bit_kernel<__nv_bfloat16, __nv_fp8_e4m3, (bool)1, (bool)0, float>(const T1 *, void *, T5 *, int, int, int, float, float, float, int, int)"
20260625_141521_decode_stage1_decode_b4p512_cg_on_b4_f1_p512_layers5_backend_auto_cg_on_pcg_off_tp1_marker_on_profile_nsys,30,0.045727,gemm,deepgemm,sm90_fp8_gemm_1d2d_impl,"void deep_gemm::sm90_fp8_gemm_1d2d_impl<(cute::UMMA::Major)0, (unsigned int)0, (unsigned int)7168, (unsigned int)16384, (unsigned int)1, (unsigned int)16, (unsigned int)64, (unsigned int)128, (unsigned int)128, (unsigned int)128, (unsigned int)128, (unsigned int)22, (unsigned int)18, (unsigned int)128, (unsigned int)128, (unsigned int)1, (bool)0, (unsigned int)112, (deep_gemm::GemmType)0, deep_gemm::EpilogueIdentity, (bool)0>(float *, int *, int *, unsigned int, unsigned int, unsigned int, CUtensorMap_st, CUtensorMap_st, CUtensorMap_st, CUtensorMap_st)"
20260625_141521_decode_stage1_decode_b4p512_cg_on_b4_f1_p512_layers5_backend_auto_cg_on_pcg_off_tp1_marker_on_profile_nsys,32,0.001632,quant,sglang,per_token_group_quant_8bit_kernel,"void per_token_group_quant_8bit_kernel<__nv_bfloat16, __nv_fp8_e4m3, (bool)1, (bool)0, float>(const T1 *, void *, T5 *, int, int, int, float, float, float, int, int)"
20260625_141521_decode_stage1_decode_b4p512_cg_on_b4_f1_p512_layers5_backend_auto_cg_on_pcg_off_tp1_marker_on_profile_nsys,33,0.088833,gemm,deepgemm,sm90_fp8_gemm_1d2d_impl,"void deep_gemm::sm90_fp8_gemm_1d2d_impl<(cute::UMMA::Major)0, (unsigned int)0, (unsigned int)36864, (unsigned int)7168, (unsigned int)1, (unsigned int)16, (unsigned int)144, (unsigned int)128, (unsigned int)128, (unsigned int)128, (unsigned int)32, (unsigned int)11, (unsigned int)1, (unsigned int)128, (unsigned int)128, (unsigned int)1, (bool)0, (unsigned int)128, (deep_gemm::GemmType)0, deep_gemm::EpilogueIdentity, (bool)0>(float *, int *, int *, unsigned int, unsigned int, unsigned int, CUtensorMap_st, CUtensorMap_st, CUtensorMap_st, CUtensorMap_st)"
20260625_141521_decode_stage1_decode_b4p512_cg_on_b4_f1_p512_layers5_backend_auto_cg_on_pcg_off_tp1_marker_on_profile_nsys,36,0.002016,quant,sglang,per_token_group_quant_8bit_kernel,"void per_token_group_quant_8bit_kernel<__nv_bfloat16, __nv_fp8_e4m3, (bool)1, (bool)0, float>(const T1 *, void *, T5 *, int, int, int, float, float, float, int, int)"
20260625_141521_decode_stage1_decode_b4p512_cg_on_b4_f1_p512_layers5_backend_auto_cg_on_pcg_off_tp1_marker_on_profile_nsys,37,0.04912,gemm,deepgemm,sm90_fp8_gemm_1d2d_impl,"void deep_gemm::sm90_fp8_gemm_1d2d_impl<(cute::UMMA::Major)0, (unsigned int)0, (unsigned int)7168, (unsigned int)18432, (unsigned int)1, (unsigned int)16, (unsigned int)64, (unsigned int)128, (unsigned int)128, (unsigned int)128, (unsigned int)128, (unsigned int)22, (unsigned int)12, (unsigned int)128, (unsigned int)128, (unsigned int)1, (bool)0, (unsigned int)112, (deep_gemm::GemmType)0, deep_gemm::EpilogueIdentity, (bool)0>(float *, int *, int *, unsigned int, unsigned int, unsigned int, CUtensorMap_st, CUtensorMap_st, CUtensorMap_st, CUtensorMap_st)"
20260625_141521_decode_stage1_decode_b4p512_cg_on_b4_f1_p512_layers5_backend_auto_cg_on_pcg_off_tp1_marker_on_profile_nsys,39,0.001632,quant,sglang,per_token_group_quant_8bit_kernel,"void per_token_group_quant_8bit_kernel<__nv_bfloat16, __nv_fp8_e4m3, (bool)1, (bool)0, float>(const T1 *, void *, T5 *, int, int, int, float, float, float, int, int)"
20260625_141521_decode_stage1_decode_b4p512_cg_on_b4_f1_p512_layers5_backend_auto_cg_on_pcg_off_tp1_marker_on_profile_nsys,40,0.012256,gemm,deepgemm,sm90_fp8_gemm_1d2d_impl,"void deep_gemm::sm90_fp8_gemm_1d2d_impl<(cute::UMMA::Major)0, (unsigned int)0, (unsigned int)2112, (unsigned int)7168, (unsigned int)1, (unsigned int)16, (unsigned int)16, (unsigned int)128, (unsigned int)128, (unsigned int)128, (unsigned int)32, (unsigned int)32, (unsigned int)24, (unsigned int)128, (unsigned int)128, (unsigned int)1, (bool)0, (unsigned int)132, (deep_gemm::GemmType)0, deep_gemm::EpilogueIdentity, (bool)0>(float *, int *, int *, unsigned int, unsigned int, unsigned int, CUtensorMap_st, CUtensorMap_st, CUtensorMap_st, CUtensorMap_st)"
20260625_141521_decode_stage1_decode_b4p512_cg_on_b4_f1_p512_layers5_backend_auto_cg_on_pcg_off_tp1_marker_on_profile_nsys,43,0.001536,quant,sglang,per_token_group_quant_8bit_kernel,"void per_token_group_quant_8bit_kernel<__nv_bfloat16, __nv_fp8_e4m3, (bool)1, (bool)0, float>(const T1 *, void *, T5 *, int, int, int, float, float, float, int, int)"
20260625_141521_decode_stage1_decode_b4p512_cg_on_b4_f1_p512_layers5_backend_auto_cg_on_pcg_off_tp1_marker_on_profile_nsys,44,0.016704,gemm,deepgemm,sm90_fp8_gemm_1d2d_impl,"void deep_gemm::sm90_fp8_gemm_1d2d_impl<(cute::UMMA::Major)0, (unsigned int)0, (unsigned int)24576, (unsigned int)1536, (unsigned int)1, (unsigned int)16, (unsigned int)192, (unsigned int)128, (unsigned int)128, (unsigned int)128, (unsigned int)128, (unsigned int)4, (unsigned int)0, (unsigned int)128, (unsigned int)128, (unsigned int)1, (bool)0, (unsigned int)128, (deep_gemm::GemmType)0, deep_gemm::EpilogueIdentity, (bool)0>(float *, int *, int *, unsigned int, unsigned int, unsigned int, CUtensorMap_st, CUtensorMap_st, CUtensorMap_st, CUtensorMap_st)"
20260625_141521_decode_stage1_decode_b4p512_cg_on_b4_f1_p512_layers5_backend_auto_cg_on_pcg_off_tp1_marker_on_profile_nsys,45,0.008224,bmm,torch,nvjet_tst_256x8_64x6_2x1_v_bz_TNT,nvjet_tst_256x8_64x6_2x1_v_bz_TNT
20260625_141521_decode_stage1_decode_b4p512_cg_on_b4_f1_p512_layers5_backend_auto_cg_on_pcg_off_tp1_marker_on_profile_nsys,47,0.001504,attention_support,sglang_mla,set_mla_kv_buffer_kernel,set_mla_kv_buffer_kernel
20260625_141521_decode_stage1_decode_b4p512_cg_on_b4_f1_p512_layers5_backend_auto_cg_on_pcg_off_tp1_marker_on_profile_nsys,51,0.00832,bmm,torch,nvjet_tst_128x8_64x12_1x1_h_bz_TNT,nvjet_tst_128x8_64x12_1x1_h_bz_TNT
20260625_141521_decode_stage1_decode_b4p512_cg_on_b4_f1_p512_layers5_backend_auto_cg_on_pcg_off_tp1_marker_on_profile_nsys,52,0.00176,quant,sglang,per_token_group_quant_8bit_kernel,"void per_token_group_quant_8bit_kernel<__nv_bfloat16, __nv_fp8_e4m3, (bool)1, (bool)0, float>(const T1 *, void *, T5 *, int, int, int, float, float, float, int, int)"
20260625_141521_decode_stage1_decode_b4p512_cg_on_b4_f1_p512_layers5_backend_auto_cg_on_pcg_off_tp1_marker_on_profile_nsys,53,0.04736,gemm,deepgemm,sm90_fp8_gemm_1d2d_impl,"void deep_gemm::sm90_fp8_gemm_1d2d_impl<(cute::UMMA::Major)0, (unsigned int)0, (unsigned int)7168, (unsigned int)16384, (unsigned int)1, (unsigned int)16, (unsigned int)64, (unsigned int)128, (unsigned int)128, (unsigned int)128, (unsigned int)128, (unsigned int)22, (unsigned int)18, (unsigned int)128, (unsigned int)128, (unsigned int)1, (bool)0, (unsigned int)112, (deep_gemm::GemmType)0, deep_gemm::EpilogueIdentity, (bool)0>(float *, int *, int *, unsigned int, unsigned int, unsigned int, CUtensorMap_st, CUtensorMap_st, CUtensorMap_st, CUtensorMap_st)"
20260625_141521_decode_stage1_decode_b4p512_cg_on_b4_f1_p512_layers5_backend_auto_cg_on_pcg_off_tp1_marker_on_profile_nsys,55,0.0016,quant,sglang,per_token_group_quant_8bit_kernel,"void per_token_group_quant_8bit_kernel<__nv_bfloat16, __nv_fp8_e4m3, (bool)1, (bool)0, float>(const T1 *, void *, T5 *, int, int, int, float, float, float, int, int)"
20260625_141521_decode_stage1_decode_b4p512_cg_on_b4_f1_p512_layers5_backend_auto_cg_on_pcg_off_tp1_marker_on_profile_nsys,56,0.0912,gemm,deepgemm,sm90_fp8_gemm_1d2d_impl,"void deep_gemm::sm90_fp8_gemm_1d2d_impl<(cute::UMMA::Major)0, (unsigned int)0, (unsigned int)36864, (unsigned int)7168, (unsigned int)1, (unsigned int)16, (unsigned int)144, (unsigned int)128, (unsigned int)128, (unsigned int)128, (unsigned int)32, (unsigned int)11, (unsigned int)1, (unsigned int)128, (unsigned int)128, (unsigned int)1, (bool)0, (unsigned int)128, (deep_gemm::GemmType)0, deep_gemm::EpilogueIdentity, (bool)0>(float *, int *, int *, unsigned int, unsigned int, unsigned int, CUtensorMap_st, CUtensorMap_st, CUtensorMap_st, CUtensorMap_st)"
20260625_141521_decode_stage1_decode_b4p512_cg_on_b4_f1_p512_layers5_backend_auto_cg_on_pcg_off_tp1_marker_on_profile_nsys,58,0.001984,quant,sglang,per_token_group_quant_8bit_kernel,"void per_token_group_quant_8bit_kernel<__nv_bfloat16, __nv_fp8_e4m3, (bool)1, (bool)0, float>(const T1 *, void *, T5 *, int, int, int, float, float, float, int, int)"
20260625_141521_decode_stage1_decode_b4p512_cg_on_b4_f1_p512_layers5_backend_auto_cg_on_pcg_off_tp1_marker_on_profile_nsys,59,0.0496,gemm,deepgemm,sm90_fp8_gemm_1d2d_impl,"void deep_gemm::sm90_fp8_gemm_1d2d_impl<(cute::UMMA::Major)0, (unsigned int)0, (unsigned int)7168, (unsigned int)18432, (unsigned int)1, (unsigned int)16, (unsigned int)64, (unsigned int)128, (unsigned int)128, (unsigned int)128, (unsigned int)128, (unsigned int)22, (unsigned int)12, (unsigned int)128, (unsigned int)128, (unsigned int)1, (bool)0, (unsigned int)112, (deep_gemm::GemmType)0, deep_gemm::EpilogueIdentity, (bool)0>(float *, int *, int *, unsigned int, unsigned int, unsigned int, CUtensorMap_st, CUtensorMap_st, CUtensorMap_st, CUtensorMap_st)"
20260625_141521_decode_stage1_decode_b4p512_cg_on_b4_f1_p512_layers5_backend_auto_cg_on_pcg_off_tp1_marker_on_profile_nsys,61,0.001664,quant,sglang,per_token_group_quant_8bit_kernel,"void per_token_group_quant_8bit_kernel<__nv_bfloat16, __nv_fp8_e4m3, (bool)1, (bool)0, float>(const T1 *, void *, T5 *, int, int, int, float, float, float, int, int)"
20260625_141521_decode_stage1_decode_b4p512_cg_on_b4_f1_p512_layers5_backend_auto_cg_on_pcg_off_tp1_marker_on_profile_nsys,62,0.012928,gemm,deepgemm,sm90_fp8_gemm_1d2d_impl,"void deep_gemm::sm90_fp8_gemm_1d2d_impl<(cute::UMMA::Major)0, (unsigned int)0, (unsigned int)2112, (unsigned int)7168, (unsigned int)1, (unsigned int)16, (unsigned int)16, (unsigned int)128, (unsigned int)128, (unsigned int)128, (unsigned int)32, (unsigned int)32, (unsigned int)24, (unsigned int)128, (unsigned int)128, (unsigned int)1, (bool)0, (unsigned int)132, (deep_gemm::GemmType)0, deep_gemm::EpilogueIdentity, (bool)0>(float *, int *, int *, unsigned int, unsigned int, unsigned int, CUtensorMap_st, CUtensorMap_st, CUtensorMap_st, CUtensorMap_st)"
20260625_141521_decode_stage1_decode_b4p512_cg_on_b4_f1_p512_layers5_backend_auto_cg_on_pcg_off_tp1_marker_on_profile_nsys,65,0.001504,quant,sglang,per_token_group_quant_8bit_kernel,"void per_token_group_quant_8bit_kernel<__nv_bfloat16, __nv_fp8_e4m3, (bool)1, (bool)0, float>(const T1 *, void *, T5 *, int, int, int, float, float, float, int, int)"
20260625_141521_decode_stage1_decode_b4p512_cg_on_b4_f1_p512_layers5_backend_auto_cg_on_pcg_off_tp1_marker_on_profile_nsys,66,0.01616,gemm,deepgemm,sm90_fp8_gemm_1d2d_impl,"void deep_gemm::sm90_fp8_gemm_1d2d_impl<(cute::UMMA::Major)0, (unsigned int)0, (unsigned int)24576, (unsigned int)1536, (unsigned int)1, (unsigned int)16, (unsigned int)192, (unsigned int)128, (unsigned int)128, (unsigned int)128, (unsigned int)128, (unsigned int)4, (unsigned int)0, (unsigned int)128, (unsigned int)128, (unsigned int)1, (bool)0, (unsigned int)128, (deep_gemm::GemmType)0, deep_gemm::EpilogueIdentity, (bool)0>(float *, int *, int *, unsigned int, unsigned int, unsigned int, CUtensorMap_st, CUtensorMap_st, CUtensorMap_st, CUtensorMap_st)"
20260625_141521_decode_stage1_decode_b4p512_cg_on_b4_f1_p512_layers5_backend_auto_cg_on_pcg_off_tp1_marker_on_profile_nsys,67,0.008224,bmm,torch,nvjet_tst_256x8_64x6_2x1_v_bz_TNT,nvjet_tst_256x8_64x6_2x1_v_bz_TNT
20260625_141521_decode_stage1_decode_b4p512_cg_on_b4_f1_p512_layers5_backend_auto_cg_on_pcg_off_tp1_marker_on_profile_nsys,69,0.001408,attention_support,sglang_mla,set_mla_kv_buffer_kernel,set_mla_kv_buffer_kernel
20260625_141521_decode_stage1_decode_b4p512_cg_on_b4_f1_p512_layers5_backend_auto_cg_on_pcg_off_tp1_marker_on_profile_nsys,73,0.00832,bmm,torch,nvjet_tst_128x8_64x12_1x1_h_bz_TNT,nvjet_tst_128x8_64x12_1x1_h_bz_TNT
20260625_141521_decode_stage1_decode_b4p512_cg_on_b4_f1_p512_layers5_backend_auto_cg_on_pcg_off_tp1_marker_on_profile_nsys,74,0.001792,quant,sglang,per_token_group_quant_8bit_kernel,"void per_token_group_quant_8bit_kernel<__nv_bfloat16, __nv_fp8_e4m3, (bool)1, (bool)0, float>(const T1 *, void *, T5 *, int, int, int, float, float, float, int, int)"
20260625_141521_decode_stage1_decode_b4p512_cg_on_b4_f1_p512_layers5_backend_auto_cg_on_pcg_off_tp1_marker_on_profile_nsys,75,0.04816,gemm,deepgemm,sm90_fp8_gemm_1d2d_impl,"void deep_gemm::sm90_fp8_gemm_1d2d_impl<(cute::UMMA::Major)0, (unsigned int)0, (unsigned int)7168, (unsigned int)16384, (unsigned int)1, (unsigned int)16, (unsigned int)64, (unsigned int)128, (unsigned int)128, (unsigned int)128, (unsigned int)128, (unsigned int)22, (unsigned int)18, (unsigned int)128, (unsigned int)128, (unsigned int)1, (bool)0, (unsigned int)112, (deep_gemm::GemmType)0, deep_gemm::EpilogueIdentity, (bool)0>(float *, int *, int *, unsigned int, unsigned int, unsigned int, CUtensorMap_st, CUtensorMap_st, CUtensorMap_st, CUtensorMap_st)"
20260625_141521_decode_stage1_decode_b4p512_cg_on_b4_f1_p512_layers5_backend_auto_cg_on_pcg_off_tp1_marker_on_profile_nsys,77,0.001568,quant,sglang,per_token_group_quant_8bit_kernel,"void per_token_group_quant_8bit_kernel<__nv_bfloat16, __nv_fp8_e4m3, (bool)1, (bool)0, float>(const T1 *, void *, T5 *, int, int, int, float, float, float, int, int)"
20260625_141521_decode_stage1_decode_b4p512_cg_on_b4_f1_p512_layers5_backend_auto_cg_on_pcg_off_tp1_marker_on_profile_nsys,78,0.090944,gemm,deepgemm,sm90_fp8_gemm_1d2d_impl,"void deep_gemm::sm90_fp8_gemm_1d2d_impl<(cute::UMMA::Major)0, (unsigned int)0, (unsigned int)36864, (unsigned int)7168, (unsigned int)1, (unsigned int)16, (unsigned int)144, (unsigned int)128, (unsigned int)128, (unsigned int)128, (unsigned int)32, (unsigned int)11, (unsigned int)1, (unsigned int)128, (unsigned int)128, (unsigned int)1, (bool)0, (unsigned int)128, (deep_gemm::GemmType)0, deep_gemm::EpilogueIdentity, (bool)0>(float *, int *, int *, unsigned int, unsigned int, unsigned int, CUtensorMap_st, CUtensorMap_st, CUtensorMap_st, CUtensorMap_st)"
20260625_141521_decode_stage1_decode_b4p512_cg_on_b4_f1_p512_layers5_backend_auto_cg_on_pcg_off_tp1_marker_on_profile_nsys,80,0.002048,quant,sglang,per_token_group_quant_8bit_kernel,"void per_token_group_quant_8bit_kernel<__nv_bfloat16, __nv_fp8_e4m3, (bool)1, (bool)0, float>(const T1 *, void *, T5 *, int, int, int, float, float, float, int, int)"
20260625_141521_decode_stage1_decode_b4p512_cg_on_b4_f1_p512_layers5_backend_auto_cg_on_pcg_off_tp1_marker_on_profile_nsys,81,0.048736,gemm,deepgemm,sm90_fp8_gemm_1d2d_impl,"void deep_gemm::sm90_fp8_gemm_1d2d_impl<(cute::UMMA::Major)0, (unsigned int)0, (unsigned int)7168, (unsigned int)18432, (unsigned int)1, (unsigned int)16, (unsigned int)64, (unsigned int)128, (unsigned int)128, (unsigned int)128, (unsigned int)128, (unsigned int)22, (unsigned int)12, (unsigned int)128, (unsigned int)128, (unsigned int)1, (bool)0, (unsigned int)112, (deep_gemm::GemmType)0, deep_gemm::EpilogueIdentity, (bool)0>(float *, int *, int *, unsigned int, unsigned int, unsigned int, CUtensorMap_st, CUtensorMap_st, CUtensorMap_st, CUtensorMap_st)"
20260625_141521_decode_stage1_decode_b4p512_cg_on_b4_f1_p512_layers5_backend_auto_cg_on_pcg_off_tp1_marker_on_profile_nsys,83,0.001664,quant,sglang,per_token_group_quant_8bit_kernel,"void per_token_group_quant_8bit_kernel<__nv_bfloat16, __nv_fp8_e4m3, (bool)1, (bool)0, float>(const T1 *, void *, T5 *, int, int, int, float, float, float, int, int)"
20260625_141521_decode_stage1_decode_b4p512_cg_on_b4_f1_p512_layers5_backend_auto_cg_on_pcg_off_tp1_marker_on_profile_nsys,84,0.0144,gemm,deepgemm,sm90_fp8_gemm_1d2d_impl,"void deep_gemm::sm90_fp8_gemm_1d2d_impl<(cute::UMMA::Major)0, (unsigned int)0, (unsigned int)2112, (unsigned int)7168, (unsigned int)1, (unsigned int)16, (unsigned int)16, (unsigned int)128, (unsigned int)128, (unsigned int)128, (unsigned int)32, (unsigned int)32, (unsigned int)24, (unsigned int)128, (unsigned int)128, (unsigned int)1, (bool)0, (unsigned int)132, (deep_gemm::GemmType)0, deep_gemm::EpilogueIdentity, (bool)0>(float *, int *, int *, unsigned int, unsigned int, unsigned int, CUtensorMap_st, CUtensorMap_st, CUtensorMap_st, CUtensorMap_st)"
20260625_141521_decode_stage1_decode_b4p512_cg_on_b4_f1_p512_layers5_backend_auto_cg_on_pcg_off_tp1_marker_on_profile_nsys,87,0.001536,quant,sglang,per_token_group_quant_8bit_kernel,"void per_token_group_quant_8bit_kernel<__nv_bfloat16, __nv_fp8_e4m3, (bool)1, (bool)0, float>(const T1 *, void *, T5 *, int, int, int, float, float, float, int, int)"
20260625_141521_decode_stage1_decode_b4p512_cg_on_b4_f1_p512_layers5_backend_auto_cg_on_pcg_off_tp1_marker_on_profile_nsys,88,0.01728,gemm,deepgemm,sm90_fp8_gemm_1d2d_impl,"void deep_gemm::sm90_fp8_gemm_1d2d_impl<(cute::UMMA::Major)0, (unsigned int)0, (unsigned int)24576, (unsigned int)1536, (unsigned int)1, (unsigned int)16, (unsigned int)192, (unsigned int)128, (unsigned int)128, (unsigned int)128, (unsigned int)128, (unsigned int)4, (unsigned int)0, (unsigned int)128, (unsigned int)128, (unsigned int)1, (bool)0, (unsigned int)128, (deep_gemm::GemmType)0, deep_gemm::EpilogueIdentity, (bool)0>(float *, int *, int *, unsigned int, unsigned int, unsigned int, CUtensorMap_st, CUtensorMap_st, CUtensorMap_st, CUtensorMap_st)"
20260625_141521_decode_stage1_decode_b4p512_cg_on_b4_f1_p512_layers5_backend_auto_cg_on_pcg_off_tp1_marker_on_profile_nsys,89,0.008256,bmm,torch,nvjet_tst_256x8_64x6_2x1_v_bz_TNT,nvjet_tst_256x8_64x6_2x1_v_bz_TNT
20260625_141521_decode_stage1_decode_b4p512_cg_on_b4_f1_p512_layers5_backend_auto_cg_on_pcg_off_tp1_marker_on_profile_nsys,91,0.001312,attention_support,sglang_mla,set_mla_kv_buffer_kernel,set_mla_kv_buffer_kernel
20260625_141521_decode_stage1_decode_b4p512_cg_on_b4_f1_p512_layers5_backend_auto_cg_on_pcg_off_tp1_marker_on_profile_nsys,95,0.008288,bmm,torch,nvjet_tst_128x8_64x12_1x1_h_bz_TNT,nvjet_tst_128x8_64x12_1x1_h_bz_TNT
20260625_141521_decode_stage1_decode_b4p512_cg_on_b4_f1_p512_layers5_backend_auto_cg_on_pcg_off_tp1_marker_on_profile_nsys,96,0.001856,quant,sglang,per_token_group_quant_8bit_kernel,"void per_token_group_quant_8bit_kernel<__nv_bfloat16, __nv_fp8_e4m3, (bool)1, (bool)0, float>(const T1 *, void *, T5 *, int, int, int, float, float, float, int, int)"
20260625_141521_decode_stage1_decode_b4p512_cg_on_b4_f1_p512_layers5_backend_auto_cg_on_pcg_off_tp1_marker_on_profile_nsys,97,0.047232,gemm,deepgemm,sm90_fp8_gemm_1d2d_impl,"void deep_gemm::sm90_fp8_gemm_1d2d_impl<(cute::UMMA::Major)0, (unsigned int)0, (unsigned int)7168, (unsigned int)16384, (unsigned int)1, (unsigned int)16, (unsigned int)64, (unsigned int)128, (unsigned int)128, (unsigned int)128, (unsigned int)128, (unsigned int)22, (unsigned int)18, (unsigned int)128, (unsigned int)128, (unsigned int)1, (bool)0, (unsigned int)112, (deep_gemm::GemmType)0, deep_gemm::EpilogueIdentity, (bool)0>(float *, int *, int *, unsigned int, unsigned int, unsigned int, CUtensorMap_st, CUtensorMap_st, CUtensorMap_st, CUtensorMap_st)"
20260625_141521_decode_stage1_decode_b4p512_cg_on_b4_f1_p512_layers5_backend_auto_cg_on_pcg_off_tp1_marker_on_profile_nsys,103,0.001504,quant,sglang,per_token_group_quant_8bit_kernel,"void per_token_group_quant_8bit_kernel<__nv_bfloat16, __nv_fp8_e4m3, (bool)0, (bool)0, float>(const T1 *, void *, T5 *, int, int, int, float, float, float, int, int)"
20260625_141521_decode_stage1_decode_b4p512_cg_on_b4_f1_p512_layers5_backend_auto_cg_on_pcg_off_tp1_marker_on_profile_nsys,106,0.001536,quant,sglang,per_token_group_quant_8bit_kernel,"void per_token_group_quant_8bit_kernel<__nv_bfloat16, __nv_fp8_e4m3, (bool)0, (bool)0, float>(const T1 *, void *, T5 *, int, int, int, float, float, float, int, int)"
20260625_141521_decode_stage1_decode_b4p512_cg_on_b4_f1_p512_layers5_backend_auto_cg_on_pcg_off_tp1_marker_on_profile_nsys,110,0.001696,quant,sglang,per_token_group_quant_8bit_kernel,"void per_token_group_quant_8bit_kernel<__nv_bfloat16, __nv_fp8_e4m3, (bool)1, (bool)0, float>(const T1 *, void *, T5 *, int, int, int, float, float, float, int, int)"
20260625_141521_decode_stage1_decode_b4p512_cg_on_b4_f1_p512_layers5_backend_auto_cg_on_pcg_off_tp1_marker_on_profile_nsys,111,0.014336,gemm,deepgemm,sm90_fp8_gemm_1d2d_impl,"void deep_gemm::sm90_fp8_gemm_1d2d_impl<(cute::UMMA::Major)0, (unsigned int)0, (unsigned int)2112, (unsigned int)7168, (unsigned int)1, (unsigned int)16, (unsigned int)16, (unsigned int)128, (unsigned int)128, (unsigned int)128, (unsigned int)32, (unsigned int)32, (unsigned int)24, (unsigned int)128, (unsigned int)128, (unsigned int)1, (bool)0, (unsigned int)132, (deep_gemm::GemmType)0, deep_gemm::EpilogueIdentity, (bool)0>(float *, int *, int *, unsigned int, unsigned int, unsigned int, CUtensorMap_st, CUtensorMap_st, CUtensorMap_st, CUtensorMap_st)"
20260625_141521_decode_stage1_decode_b4p512_cg_on_b4_f1_p512_layers5_backend_auto_cg_on_pcg_off_tp1_marker_on_profile_nsys,114,0.001408,quant,sglang,per_token_group_quant_8bit_kernel,"void per_token_group_quant_8bit_kernel<__nv_bfloat16, __nv_fp8_e4m3, (bool)1, (bool)0, float>(const T1 *, void *, T5 *, int, int, int, float, float, float, int, int)"
20260625_141521_decode_stage1_decode_b4p512_cg_on_b4_f1_p512_layers5_backend_auto_cg_on_pcg_off_tp1_marker_on_profile_nsys,115,0.017824,gemm,deepgemm,sm90_fp8_gemm_1d2d_impl,"void deep_gemm::sm90_fp8_gemm_1d2d_impl<(cute::UMMA::Major)0, (unsigned int)0, (unsigned int)24576, (unsigned int)1536, (unsigned int)1, (unsigned int)16, (unsigned int)192, (unsigned int)128, (unsigned int)128, (unsigned int)128, (unsigned int)128, (unsigned int)4, (unsigned int)0, (unsigned int)128, (unsigned int)128, (unsigned int)1, (bool)0, (unsigned int)128, (deep_gemm::GemmType)0, deep_gemm::EpilogueIdentity, (bool)0>(float *, int *, int *, unsigned int, unsigned int, unsigned int, CUtensorMap_st, CUtensorMap_st, CUtensorMap_st, CUtensorMap_st)"
20260625_141521_decode_stage1_decode_b4p512_cg_on_b4_f1_p512_layers5_backend_auto_cg_on_pcg_off_tp1_marker_on_profile_nsys,116,0.008064,bmm,torch,nvjet_tst_256x8_64x6_2x1_v_bz_TNT,nvjet_tst_256x8_64x6_2x1_v_bz_TNT
20260625_141521_decode_stage1_decode_b4p512_cg_on_b4_f1_p512_layers5_backend_auto_cg_on_pcg_off_tp1_marker_on_profile_nsys,118,0.00128,attention_support,sglang_mla,set_mla_kv_buffer_kernel,set_mla_kv_buffer_kernel
20260625_141521_decode_stage1_decode_b4p512_cg_on_b4_f1_p512_layers5_backend_auto_cg_on_pcg_off_tp1_marker_on_profile_nsys,122,0.008256,bmm,torch,nvjet_tst_128x8_64x12_1x1_h_bz_TNT,nvjet_tst_128x8_64x12_1x1_h_bz_TNT
20260625_141521_decode_stage1_decode_b4p512_cg_on_b4_f1_p512_layers5_backend_auto_cg_on_pcg_off_tp1_marker_on_profile_nsys,123,0.00176,quant,sglang,per_token_group_quant_8bit_kernel,"void per_token_group_quant_8bit_kernel<__nv_bfloat16, __nv_fp8_e4m3, (bool)1, (bool)0, float>(const T1 *, void *, T5 *, int, int, int, float, float, float, int, int)"
20260625_141521_decode_stage1_decode_b4p512_cg_on_b4_f1_p512_layers5_backend_auto_cg_on_pcg_off_tp1_marker_on_profile_nsys,124,0.046495,gemm,deepgemm,sm90_fp8_gemm_1d2d_impl,"void deep_gemm::sm90_fp8_gemm_1d2d_impl<(cute::UMMA::Major)0, (unsigned int)0, (unsigned int)7168, (unsigned int)16384, (unsigned int)1, (unsigned int)16, (unsigned int)64, (unsigned int)128, (unsigned int)128, (unsigned int)128, (unsigned int)128, (unsigned int)22, (unsigned int)18, (unsigned int)128, (unsigned int)128, (unsigned int)1, (bool)0, (unsigned int)112, (deep_gemm::GemmType)0, deep_gemm::EpilogueIdentity, (bool)0>(float *, int *, int *, unsigned int, unsigned int, unsigned int, CUtensorMap_st, CUtensorMap_st, CUtensorMap_st, CUtensorMap_st)"
20260625_141521_decode_stage1_decode_b4p512_cg_on_b4_f1_p512_layers5_backend_auto_cg_on_pcg_off_tp1_marker_on_profile_nsys,130,0.001472,quant,sglang,per_token_group_quant_8bit_kernel,"void per_token_group_quant_8bit_kernel<__nv_bfloat16, __nv_fp8_e4m3, (bool)0, (bool)0, float>(const T1 *, void *, T5 *, int, int, int, float, float, float, int, int)"
20260625_141521_decode_stage1_decode_b4p512_cg_on_b4_f1_p512_layers5_backend_auto_cg_on_pcg_off_tp1_marker_on_profile_nsys,133,0.001568,quant,sglang,per_token_group_quant_8bit_kernel,"void per_token_group_quant_8bit_kernel<__nv_bfloat16, __nv_fp8_e4m3, (bool)0, (bool)0, float>(const T1 *, void *, T5 *, int, int, int, float, float, float, int, int)"
20260625_141521_decode_stage1_decode_b4p512_cg_on_b4_f1_p512_layers5_backend_auto_cg_on_pcg_off_tp1_marker_on_profile_nsys,137,0.615009,bmm,torch,nvjet_tst_384x8_64x4_2x1_v_bz_TNT,nvjet_tst_384x8_64x4_2x1_v_bz_TNT
20260625_141800_decode_stage1_decode_b32p512_cg_on_b32_f1_p512_layers5_backend_auto_cg_on_pcg_off_tp1_marker_on_profile_nsys,16,0.00224,quant,sglang,per_token_group_quant_8bit_kernel,"void per_token_group_quant_8bit_kernel<__nv_bfloat16, __nv_fp8_e4m3, (bool)1, (bool)0, float>(const T1 *, void *, T5 *, int, int, int, float, float, float, int, int)"
20260625_141800_decode_stage1_decode_b32p512_cg_on_b32_f1_p512_layers5_backend_auto_cg_on_pcg_off_tp1_marker_on_profile_nsys,17,0.010656,gemm,deepgemm,sm90_fp8_gemm_1d2d_impl,"void deep_gemm::sm90_fp8_gemm_1d2d_impl<(cute::UMMA::Major)0, (unsigned int)0, (unsigned int)2112, (unsigned int)7168, (unsigned int)1, (unsigned int)32, (unsigned int)16, (unsigned int)128, (unsigned int)128, (unsigned int)128, (unsigned int)32, (unsigned int)32, (unsigned int)24, (unsigned int)128, (unsigned int)128, (unsigned int)1, (bool)0, (unsigned int)132, (deep_gemm::GemmType)0, deep_gemm::EpilogueIdentity, (bool)0>(float *, int *, int *, unsigned int, unsigned int, unsigned int, CUtensorMap_st, CUtensorMap_st, CUtensorMap_st, CUtensorMap_st)"
20260625_141800_decode_stage1_decode_b32p512_cg_on_b32_f1_p512_layers5_backend_auto_cg_on_pcg_off_tp1_marker_on_profile_nsys,20,0.001632,quant,sglang,per_token_group_quant_8bit_kernel,"void per_token_group_quant_8bit_kernel<__nv_bfloat16, __nv_fp8_e4m3, (bool)1, (bool)0, float>(const T1 *, void *, T5 *, int, int, int, float, float, float, int, int)"
20260625_141800_decode_stage1_decode_b32p512_cg_on_b32_f1_p512_layers5_backend_auto_cg_on_pcg_off_tp1_marker_on_profile_nsys,21,0.021152,gemm,deepgemm,sm90_fp8_gemm_1d2d_impl,"void deep_gemm::sm90_fp8_gemm_1d2d_impl<(cute::UMMA::Major)0, (unsigned int)0, (unsigned int)24576, (unsigned int)1536, (unsigned int)1, (unsigned int)32, (unsigned int)192, (unsigned int)128, (unsigned int)128, (unsigned int)128, (unsigned int)128, (unsigned int)4, (unsigned int)0, (unsigned int)128, (unsigned int)128, (unsigned int)1, (bool)0, (unsigned int)128, (deep_gemm::GemmType)0, deep_gemm::EpilogueIdentity, (bool)0>(float *, int *, int *, unsigned int, unsigned int, unsigned int, CUtensorMap_st, CUtensorMap_st, CUtensorMap_st, CUtensorMap_st)"
20260625_141800_decode_stage1_decode_b32p512_cg_on_b32_f1_p512_layers5_backend_auto_cg_on_pcg_off_tp1_marker_on_profile_nsys,22,0.00928,bmm,torch,nvjet_tst_256x32_64x5_2x1_v_bz_TNT,nvjet_tst_256x32_64x5_2x1_v_bz_TNT
20260625_141800_decode_stage1_decode_b32p512_cg_on_b32_f1_p512_layers5_backend_auto_cg_on_pcg_off_tp1_marker_on_profile_nsys,24,0.001472,attention_support,sglang_mla,set_mla_kv_buffer_kernel,set_mla_kv_buffer_kernel
20260625_141800_decode_stage1_decode_b32p512_cg_on_b32_f1_p512_layers5_backend_auto_cg_on_pcg_off_tp1_marker_on_profile_nsys,28,0.009664,bmm,torch,nvjet_tst_128x32_64x10_1x1_h_bz_TNT,nvjet_tst_128x32_64x10_1x1_h_bz_TNT
20260625_141800_decode_stage1_decode_b32p512_cg_on_b32_f1_p512_layers5_backend_auto_cg_on_pcg_off_tp1_marker_on_profile_nsys,29,0.002112,quant,sglang,per_token_group_quant_8bit_kernel,"void per_token_group_quant_8bit_kernel<__nv_bfloat16, __nv_fp8_e4m3, (bool)1, (bool)0, float>(const T1 *, void *, T5 *, int, int, int, float, float, float, int, int)"
20260625_141800_decode_stage1_decode_b32p512_cg_on_b32_f1_p512_layers5_backend_auto_cg_on_pcg_off_tp1_marker_on_profile_nsys,30,0.049216,gemm,deepgemm,sm90_fp8_gemm_1d2d_impl,"void deep_gemm::sm90_fp8_gemm_1d2d_impl<(cute::UMMA::Major)0, (unsigned int)0, (unsigned int)7168, (unsigned int)16384, (unsigned int)1, (unsigned int)32, (unsigned int)64, (unsigned int)128, (unsigned int)128, (unsigned int)128, (unsigned int)128, (unsigned int)18, (unsigned int)2, (unsigned int)128, (unsigned int)128, (unsigned int)1, (bool)0, (unsigned int)112, (deep_gemm::GemmType)0, deep_gemm::EpilogueIdentity, (bool)0>(float *, int *, int *, unsigned int, unsigned int, unsigned int, CUtensorMap_st, CUtensorMap_st, CUtensorMap_st, CUtensorMap_st)"
20260625_141800_decode_stage1_decode_b32p512_cg_on_b32_f1_p512_layers5_backend_auto_cg_on_pcg_off_tp1_marker_on_profile_nsys,32,0.001856,quant,sglang,per_token_group_quant_8bit_kernel,"void per_token_group_quant_8bit_kernel<__nv_bfloat16, __nv_fp8_e4m3, (bool)1, (bool)0, float>(const T1 *, void *, T5 *, int, int, int, float, float, float, int, int)"
20260625_141800_decode_stage1_decode_b32p512_cg_on_b32_f1_p512_layers5_backend_auto_cg_on_pcg_off_tp1_marker_on_profile_nsys,33,0.091808,gemm,deepgemm,sm90_fp8_gemm_1d2d_impl,"void deep_gemm::sm90_fp8_gemm_1d2d_impl<(cute::UMMA::Major)0, (unsigned int)0, (unsigned int)36864, (unsigned int)7168, (unsigned int)1, (unsigned int)32, (unsigned int)144, (unsigned int)128, (unsigned int)128, (unsigned int)128, (unsigned int)32, (unsigned int)9, (unsigned int)2, (unsigned int)128, (unsigned int)128, (unsigned int)1, (bool)0, (unsigned int)128, (deep_gemm::GemmType)0, deep_gemm::EpilogueIdentity, (bool)0>(float *, int *, int *, unsigned int, unsigned int, unsigned int, CUtensorMap_st, CUtensorMap_st, CUtensorMap_st, CUtensorMap_st)"
20260625_141800_decode_stage1_decode_b32p512_cg_on_b32_f1_p512_layers5_backend_auto_cg_on_pcg_off_tp1_marker_on_profile_nsys,35,0.0032,quant,sglang,per_token_group_quant_8bit_kernel,"void per_token_group_quant_8bit_kernel<__nv_bfloat16, __nv_fp8_e4m3, (bool)1, (bool)0, float>(const T1 *, void *, T5 *, int, int, int, float, float, float, int, int)"
20260625_141800_decode_stage1_decode_b32p512_cg_on_b32_f1_p512_layers5_backend_auto_cg_on_pcg_off_tp1_marker_on_profile_nsys,36,0.048352,gemm,deepgemm,sm90_fp8_gemm_1d2d_impl,"void deep_gemm::sm90_fp8_gemm_1d2d_impl<(cute::UMMA::Major)0, (unsigned int)0, (unsigned int)7168, (unsigned int)18432, (unsigned int)1, (unsigned int)32, (unsigned int)64, (unsigned int)128, (unsigned int)128, (unsigned int)128, (unsigned int)128, (unsigned int)18, (unsigned int)0, (unsigned int)128, (unsigned int)128, (unsigned int)1, (bool)0, (unsigned int)112, (deep_gemm::GemmType)0, deep_gemm::EpilogueIdentity, (bool)0>(float *, int *, int *, unsigned int, unsigned int, unsigned int, CUtensorMap_st, CUtensorMap_st, CUtensorMap_st, CUtensorMap_st)"
20260625_141800_decode_stage1_decode_b32p512_cg_on_b32_f1_p512_layers5_backend_auto_cg_on_pcg_off_tp1_marker_on_profile_nsys,39,0.001888,quant,sglang,per_token_group_quant_8bit_kernel,"void per_token_group_quant_8bit_kernel<__nv_bfloat16, __nv_fp8_e4m3, (bool)1, (bool)0, float>(const T1 *, void *, T5 *, int, int, int, float, float, float, int, int)"
20260625_141800_decode_stage1_decode_b32p512_cg_on_b32_f1_p512_layers5_backend_auto_cg_on_pcg_off_tp1_marker_on_profile_nsys,40,0.009888,gemm,deepgemm,sm90_fp8_gemm_1d2d_impl,"void deep_gemm::sm90_fp8_gemm_1d2d_impl<(cute::UMMA::Major)0, (unsigned int)0, (unsigned int)2112, (unsigned int)7168, (unsigned int)1, (unsigned int)32, (unsigned int)16, (unsigned int)128, (unsigned int)128, (unsigned int)128, (unsigned int)32, (unsigned int)32, (unsigned int)24, (unsigned int)128, (unsigned int)128, (unsigned int)1, (bool)0, (unsigned int)132, (deep_gemm::GemmType)0, deep_gemm::EpilogueIdentity, (bool)0>(float *, int *, int *, unsigned int, unsigned int, unsigned int, CUtensorMap_st, CUtensorMap_st, CUtensorMap_st, CUtensorMap_st)"
20260625_141800_decode_stage1_decode_b32p512_cg_on_b32_f1_p512_layers5_backend_auto_cg_on_pcg_off_tp1_marker_on_profile_nsys,43,0.001664,quant,sglang,per_token_group_quant_8bit_kernel,"void per_token_group_quant_8bit_kernel<__nv_bfloat16, __nv_fp8_e4m3, (bool)1, (bool)0, float>(const T1 *, void *, T5 *, int, int, int, float, float, float, int, int)"
20260625_141800_decode_stage1_decode_b32p512_cg_on_b32_f1_p512_layers5_backend_auto_cg_on_pcg_off_tp1_marker_on_profile_nsys,44,0.016832,gemm,deepgemm,sm90_fp8_gemm_1d2d_impl,"void deep_gemm::sm90_fp8_gemm_1d2d_impl<(cute::UMMA::Major)0, (unsigned int)0, (unsigned int)24576, (unsigned int)1536, (unsigned int)1, (unsigned int)32, (unsigned int)192, (unsigned int)128, (unsigned int)128, (unsigned int)128, (unsigned int)128, (unsigned int)4, (unsigned int)0, (unsigned int)128, (unsigned int)128, (unsigned int)1, (bool)0, (unsigned int)128, (deep_gemm::GemmType)0, deep_gemm::EpilogueIdentity, (bool)0>(float *, int *, int *, unsigned int, unsigned int, unsigned int, CUtensorMap_st, CUtensorMap_st, CUtensorMap_st, CUtensorMap_st)"
20260625_141800_decode_stage1_decode_b32p512_cg_on_b32_f1_p512_layers5_backend_auto_cg_on_pcg_off_tp1_marker_on_profile_nsys,45,0.008416,bmm,torch,nvjet_tst_256x32_64x5_2x1_v_bz_TNT,nvjet_tst_256x32_64x5_2x1_v_bz_TNT
20260625_141800_decode_stage1_decode_b32p512_cg_on_b32_f1_p512_layers5_backend_auto_cg_on_pcg_off_tp1_marker_on_profile_nsys,47,0.001472,attention_support,sglang_mla,set_mla_kv_buffer_kernel,set_mla_kv_buffer_kernel
20260625_141800_decode_stage1_decode_b32p512_cg_on_b32_f1_p512_layers5_backend_auto_cg_on_pcg_off_tp1_marker_on_profile_nsys,51,0.010016,bmm,torch,nvjet_tst_128x32_64x10_1x1_h_bz_TNT,nvjet_tst_128x32_64x10_1x1_h_bz_TNT
20260625_141800_decode_stage1_decode_b32p512_cg_on_b32_f1_p512_layers5_backend_auto_cg_on_pcg_off_tp1_marker_on_profile_nsys,52,0.002304,quant,sglang,per_token_group_quant_8bit_kernel,"void per_token_group_quant_8bit_kernel<__nv_bfloat16, __nv_fp8_e4m3, (bool)1, (bool)0, float>(const T1 *, void *, T5 *, int, int, int, float, float, float, int, int)"
20260625_141800_decode_stage1_decode_b32p512_cg_on_b32_f1_p512_layers5_backend_auto_cg_on_pcg_off_tp1_marker_on_profile_nsys,53,0.04944,gemm,deepgemm,sm90_fp8_gemm_1d2d_impl,"void deep_gemm::sm90_fp8_gemm_1d2d_impl<(cute::UMMA::Major)0, (unsigned int)0, (unsigned int)7168, (unsigned int)16384, (unsigned int)1, (unsigned int)32, (unsigned int)64, (unsigned int)128, (unsigned int)128, (unsigned int)128, (unsigned int)128, (unsigned int)18, (unsigned int)2, (unsigned int)128, (unsigned int)128, (unsigned int)1, (bool)0, (unsigned int)112, (deep_gemm::GemmType)0, deep_gemm::EpilogueIdentity, (bool)0>(float *, int *, int *, unsigned int, unsigned int, unsigned int, CUtensorMap_st, CUtensorMap_st, CUtensorMap_st, CUtensorMap_st)"
20260625_141800_decode_stage1_decode_b32p512_cg_on_b32_f1_p512_layers5_backend_auto_cg_on_pcg_off_tp1_marker_on_profile_nsys,55,0.001824,quant,sglang,per_token_group_quant_8bit_kernel,"void per_token_group_quant_8bit_kernel<__nv_bfloat16, __nv_fp8_e4m3, (bool)1, (bool)0, float>(const T1 *, void *, T5 *, int, int, int, float, float, float, int, int)"
20260625_141800_decode_stage1_decode_b32p512_cg_on_b32_f1_p512_layers5_backend_auto_cg_on_pcg_off_tp1_marker_on_profile_nsys,56,0.091808,gemm,deepgemm,sm90_fp8_gemm_1d2d_impl,"void deep_gemm::sm90_fp8_gemm_1d2d_impl<(cute::UMMA::Major)0, (unsigned int)0, (unsigned int)36864, (unsigned int)7168, (unsigned int)1, (unsigned int)32, (unsigned int)144, (unsigned int)128, (unsigned int)128, (unsigned int)128, (unsigned int)32, (unsigned int)9, (unsigned int)2, (unsigned int)128, (unsigned int)128, (unsigned int)1, (bool)0, (unsigned int)128, (deep_gemm::GemmType)0, deep_gemm::EpilogueIdentity, (bool)0>(float *, int *, int *, unsigned int, unsigned int, unsigned int, CUtensorMap_st, CUtensorMap_st, CUtensorMap_st, CUtensorMap_st)"
20260625_141800_decode_stage1_decode_b32p512_cg_on_b32_f1_p512_layers5_backend_auto_cg_on_pcg_off_tp1_marker_on_profile_nsys,58,0.002208,quant,sglang,per_token_group_quant_8bit_kernel,"void per_token_group_quant_8bit_kernel<__nv_bfloat16, __nv_fp8_e4m3, (bool)1, (bool)0, float>(const T1 *, void *, T5 *, int, int, int, float, float, float, int, int)"
20260625_141800_decode_stage1_decode_b32p512_cg_on_b32_f1_p512_layers5_backend_auto_cg_on_pcg_off_tp1_marker_on_profile_nsys,59,0.049472,gemm,deepgemm,sm90_fp8_gemm_1d2d_impl,"void deep_gemm::sm90_fp8_gemm_1d2d_impl<(cute::UMMA::Major)0, (unsigned int)0, (unsigned int)7168, (unsigned int)18432, (unsigned int)1, (unsigned int)32, (unsigned int)64, (unsigned int)128, (unsigned int)128, (unsigned int)128, (unsigned int)128, (unsigned int)18, (unsigned int)0, (unsigned int)128, (unsigned int)128, (unsigned int)1, (bool)0, (unsigned int)112, (deep_gemm::GemmType)0, deep_gemm::EpilogueIdentity, (bool)0>(float *, int *, int *, unsigned int, unsigned int, unsigned int, CUtensorMap_st, CUtensorMap_st, CUtensorMap_st, CUtensorMap_st)"
20260625_141800_decode_stage1_decode_b32p512_cg_on_b32_f1_p512_layers5_backend_auto_cg_on_pcg_off_tp1_marker_on_profile_nsys,61,0.001824,quant,sglang,per_token_group_quant_8bit_kernel,"void per_token_group_quant_8bit_kernel<__nv_bfloat16, __nv_fp8_e4m3, (bool)1, (bool)0, float>(const T1 *, void *, T5 *, int, int, int, float, float, float, int, int)"
20260625_141800_decode_stage1_decode_b32p512_cg_on_b32_f1_p512_layers5_backend_auto_cg_on_pcg_off_tp1_marker_on_profile_nsys,62,0.009824,gemm,deepgemm,sm90_fp8_gemm_1d2d_impl,"void deep_gemm::sm90_fp8_gemm_1d2d_impl<(cute::UMMA::Major)0, (unsigned int)0, (unsigned int)2112, (unsigned int)7168, (unsigned int)1, (unsigned int)32, (unsigned int)16, (unsigned int)128, (unsigned int)128, (unsigned int)128, (unsigned int)32, (unsigned int)32, (unsigned int)24, (unsigned int)128, (unsigned int)128, (unsigned int)1, (bool)0, (unsigned int)132, (deep_gemm::GemmType)0, deep_gemm::EpilogueIdentity, (bool)0>(float *, int *, int *, unsigned int, unsigned int, unsigned int, CUtensorMap_st, CUtensorMap_st, CUtensorMap_st, CUtensorMap_st)"
20260625_141800_decode_stage1_decode_b32p512_cg_on_b32_f1_p512_layers5_backend_auto_cg_on_pcg_off_tp1_marker_on_profile_nsys,65,0.001568,quant,sglang,per_token_group_quant_8bit_kernel,"void per_token_group_quant_8bit_kernel<__nv_bfloat16, __nv_fp8_e4m3, (bool)1, (bool)0, float>(const T1 *, void *, T5 *, int, int, int, float, float, float, int, int)"
20260625_141800_decode_stage1_decode_b32p512_cg_on_b32_f1_p512_layers5_backend_auto_cg_on_pcg_off_tp1_marker_on_profile_nsys,66,0.017088,gemm,deepgemm,sm90_fp8_gemm_1d2d_impl,"void deep_gemm::sm90_fp8_gemm_1d2d_impl<(cute::UMMA::Major)0, (unsigned int)0, (unsigned int)24576, (unsigned int)1536, (unsigned int)1, (unsigned int)32, (unsigned int)192, (unsigned int)128, (unsigned int)128, (unsigned int)128, (unsigned int)128, (unsigned int)4, (unsigned int)0, (unsigned int)128, (unsigned int)128, (unsigned int)1, (bool)0, (unsigned int)128, (deep_gemm::GemmType)0, deep_gemm::EpilogueIdentity, (bool)0>(float *, int *, int *, unsigned int, unsigned int, unsigned int, CUtensorMap_st, CUtensorMap_st, CUtensorMap_st, CUtensorMap_st)"
20260625_141800_decode_stage1_decode_b32p512_cg_on_b32_f1_p512_layers5_backend_auto_cg_on_pcg_off_tp1_marker_on_profile_nsys,67,0.009024,bmm,torch,nvjet_tst_256x32_64x5_2x1_v_bz_TNT,nvjet_tst_256x32_64x5_2x1_v_bz_TNT
20260625_141800_decode_stage1_decode_b32p512_cg_on_b32_f1_p512_layers5_backend_auto_cg_on_pcg_off_tp1_marker_on_profile_nsys,69,0.0016,attention_support,sglang_mla,set_mla_kv_buffer_kernel,set_mla_kv_buffer_kernel
20260625_141800_decode_stage1_decode_b32p512_cg_on_b32_f1_p512_layers5_backend_auto_cg_on_pcg_off_tp1_marker_on_profile_nsys,73,0.009728,bmm,torch,nvjet_tst_128x32_64x10_1x1_h_bz_TNT,nvjet_tst_128x32_64x10_1x1_h_bz_TNT
20260625_141800_decode_stage1_decode_b32p512_cg_on_b32_f1_p512_layers5_backend_auto_cg_on_pcg_off_tp1_marker_on_profile_nsys,74,0.002176,quant,sglang,per_token_group_quant_8bit_kernel,"void per_token_group_quant_8bit_kernel<__nv_bfloat16, __nv_fp8_e4m3, (bool)1, (bool)0, float>(const T1 *, void *, T5 *, int, int, int, float, float, float, int, int)"
20260625_141800_decode_stage1_decode_b32p512_cg_on_b32_f1_p512_layers5_backend_auto_cg_on_pcg_off_tp1_marker_on_profile_nsys,75,0.050304,gemm,deepgemm,sm90_fp8_gemm_1d2d_impl,"void deep_gemm::sm90_fp8_gemm_1d2d_impl<(cute::UMMA::Major)0, (unsigned int)0, (unsigned int)7168, (unsigned int)16384, (unsigned int)1, (unsigned int)32, (unsigned int)64, (unsigned int)128, (unsigned int)128, (unsigned int)128, (unsigned int)128, (unsigned int)18, (unsigned int)2, (unsigned int)128, (unsigned int)128, (unsigned int)1, (bool)0, (unsigned int)112, (deep_gemm::GemmType)0, deep_gemm::EpilogueIdentity, (bool)0>(float *, int *, int *, unsigned int, unsigned int, unsigned int, CUtensorMap_st, CUtensorMap_st, CUtensorMap_st, CUtensorMap_st)"
20260625_141800_decode_stage1_decode_b32p512_cg_on_b32_f1_p512_layers5_backend_auto_cg_on_pcg_off_tp1_marker_on_profile_nsys,77,0.001824,quant,sglang,per_token_group_quant_8bit_kernel,"void per_token_group_quant_8bit_kernel<__nv_bfloat16, __nv_fp8_e4m3, (bool)1, (bool)0, float>(const T1 *, void *, T5 *, int, int, int, float, float, float, int, int)"
20260625_141800_decode_stage1_decode_b32p512_cg_on_b32_f1_p512_layers5_backend_auto_cg_on_pcg_off_tp1_marker_on_profile_nsys,78,0.092545,gemm,deepgemm,sm90_fp8_gemm_1d2d_impl,"void deep_gemm::sm90_fp8_gemm_1d2d_impl<(cute::UMMA::Major)0, (unsigned int)0, (unsigned int)36864, (unsigned int)7168, (unsigned int)1, (unsigned int)32, (unsigned int)144, (unsigned int)128, (unsigned int)128, (unsigned int)128, (unsigned int)32, (unsigned int)9, (unsigned int)2, (unsigned int)128, (unsigned int)128, (unsigned int)1, (bool)0, (unsigned int)128, (deep_gemm::GemmType)0, deep_gemm::EpilogueIdentity, (bool)0>(float *, int *, int *, unsigned int, unsigned int, unsigned int, CUtensorMap_st, CUtensorMap_st, CUtensorMap_st, CUtensorMap_st)"
20260625_141800_decode_stage1_decode_b32p512_cg_on_b32_f1_p512_layers5_backend_auto_cg_on_pcg_off_tp1_marker_on_profile_nsys,80,0.002176,quant,sglang,per_token_group_quant_8bit_kernel,"void per_token_group_quant_8bit_kernel<__nv_bfloat16, __nv_fp8_e4m3, (bool)1, (bool)0, float>(const T1 *, void *, T5 *, int, int, int, float, float, float, int, int)"
20260625_141800_decode_stage1_decode_b32p512_cg_on_b32_f1_p512_layers5_backend_auto_cg_on_pcg_off_tp1_marker_on_profile_nsys,81,0.049152,gemm,deepgemm,sm90_fp8_gemm_1d2d_impl,"void deep_gemm::sm90_fp8_gemm_1d2d_impl<(cute::UMMA::Major)0, (unsigned int)0, (unsigned int)7168, (unsigned int)18432, (unsigned int)1, (unsigned int)32, (unsigned int)64, (unsigned int)128, (unsigned int)128, (unsigned int)128, (unsigned int)128, (unsigned int)18, (unsigned int)0, (unsigned int)128, (unsigned int)128, (unsigned int)1, (bool)0, (unsigned int)112, (deep_gemm::GemmType)0, deep_gemm::EpilogueIdentity, (bool)0>(float *, int *, int *, unsigned int, unsigned int, unsigned int, CUtensorMap_st, CUtensorMap_st, CUtensorMap_st, CUtensorMap_st)"
20260625_141800_decode_stage1_decode_b32p512_cg_on_b32_f1_p512_layers5_backend_auto_cg_on_pcg_off_tp1_marker_on_profile_nsys,83,0.001824,quant,sglang,per_token_group_quant_8bit_kernel,"void per_token_group_quant_8bit_kernel<__nv_bfloat16, __nv_fp8_e4m3, (bool)1, (bool)0, float>(const T1 *, void *, T5 *, int, int, int, float, float, float, int, int)"
20260625_141800_decode_stage1_decode_b32p512_cg_on_b32_f1_p512_layers5_backend_auto_cg_on_pcg_off_tp1_marker_on_profile_nsys,84,0.009888,gemm,deepgemm,sm90_fp8_gemm_1d2d_impl,"void deep_gemm::sm90_fp8_gemm_1d2d_impl<(cute::UMMA::Major)0, (unsigned int)0, (unsigned int)2112, (unsigned int)7168, (unsigned int)1, (unsigned int)32, (unsigned int)16, (unsigned int)128, (unsigned int)128, (unsigned int)128, (unsigned int)32, (unsigned int)32, (unsigned int)24, (unsigned int)128, (unsigned int)128, (unsigned int)1, (bool)0, (unsigned int)132, (deep_gemm::GemmType)0, deep_gemm::EpilogueIdentity, (bool)0>(float *, int *, int *, unsigned int, unsigned int, unsigned int, CUtensorMap_st, CUtensorMap_st, CUtensorMap_st, CUtensorMap_st)"
20260625_141800_decode_stage1_decode_b32p512_cg_on_b32_f1_p512_layers5_backend_auto_cg_on_pcg_off_tp1_marker_on_profile_nsys,87,0.001664,quant,sglang,per_token_group_quant_8bit_kernel,"void per_token_group_quant_8bit_kernel<__nv_bfloat16, __nv_fp8_e4m3, (bool)1, (bool)0, float>(const T1 *, void *, T5 *, int, int, int, float, float, float, int, int)"
20260625_141800_decode_stage1_decode_b32p512_cg_on_b32_f1_p512_layers5_backend_auto_cg_on_pcg_off_tp1_marker_on_profile_nsys,88,0.017664,gemm,deepgemm,sm90_fp8_gemm_1d2d_impl,"void deep_gemm::sm90_fp8_gemm_1d2d_impl<(cute::UMMA::Major)0, (unsigned int)0, (unsigned int)24576, (unsigned int)1536, (unsigned int)1, (unsigned int)32, (unsigned int)192, (unsigned int)128, (unsigned int)128, (unsigned int)128, (unsigned int)128, (unsigned int)4, (unsigned int)0, (unsigned int)128, (unsigned int)128, (unsigned int)1, (bool)0, (unsigned int)128, (deep_gemm::GemmType)0, deep_gemm::EpilogueIdentity, (bool)0>(float *, int *, int *, unsigned int, unsigned int, unsigned int, CUtensorMap_st, CUtensorMap_st, CUtensorMap_st, CUtensorMap_st)"
20260625_141800_decode_stage1_decode_b32p512_cg_on_b32_f1_p512_layers5_backend_auto_cg_on_pcg_off_tp1_marker_on_profile_nsys,89,0.008416,bmm,torch,nvjet_tst_256x32_64x5_2x1_v_bz_TNT,nvjet_tst_256x32_64x5_2x1_v_bz_TNT
20260625_141800_decode_stage1_decode_b32p512_cg_on_b32_f1_p512_layers5_backend_auto_cg_on_pcg_off_tp1_marker_on_profile_nsys,91,0.00144,attention_support,sglang_mla,set_mla_kv_buffer_kernel,set_mla_kv_buffer_kernel
20260625_141800_decode_stage1_decode_b32p512_cg_on_b32_f1_p512_layers5_backend_auto_cg_on_pcg_off_tp1_marker_on_profile_nsys,95,0.010176,bmm,torch,nvjet_tst_128x32_64x10_1x1_h_bz_TNT,nvjet_tst_128x32_64x10_1x1_h_bz_TNT
20260625_141800_decode_stage1_decode_b32p512_cg_on_b32_f1_p512_layers5_backend_auto_cg_on_pcg_off_tp1_marker_on_profile_nsys,96,0.002176,quant,sglang,per_token_group_quant_8bit_kernel,"void per_token_group_quant_8bit_kernel<__nv_bfloat16, __nv_fp8_e4m3, (bool)1, (bool)0, float>(const T1 *, void *, T5 *, int, int, int, float, float, float, int, int)"
20260625_141800_decode_stage1_decode_b32p512_cg_on_b32_f1_p512_layers5_backend_auto_cg_on_pcg_off_tp1_marker_on_profile_nsys,97,0.050368,gemm,deepgemm,sm90_fp8_gemm_1d2d_impl,"void deep_gemm::sm90_fp8_gemm_1d2d_impl<(cute::UMMA::Major)0, (unsigned int)0, (unsigned int)7168, (unsigned int)16384, (unsigned int)1, (unsigned int)32, (unsigned int)64, (unsigned int)128, (unsigned int)128, (unsigned int)128, (unsigned int)128, (unsigned int)18, (unsigned int)2, (unsigned int)128, (unsigned int)128, (unsigned int)1, (bool)0, (unsigned int)112, (deep_gemm::GemmType)0, deep_gemm::EpilogueIdentity, (bool)0>(float *, int *, int *, unsigned int, unsigned int, unsigned int, CUtensorMap_st, CUtensorMap_st, CUtensorMap_st, CUtensorMap_st)"
20260625_141800_decode_stage1_decode_b32p512_cg_on_b32_f1_p512_layers5_backend_auto_cg_on_pcg_off_tp1_marker_on_profile_nsys,99,0.004992,bmm,torch,nvjet_tst_64x32_64x16_4x1_v_bz_splitK_TNT,nvjet_tst_64x32_64x16_4x1_v_bz_splitK_TNT
20260625_141800_decode_stage1_decode_b32p512_cg_on_b32_f1_p512_layers5_backend_auto_cg_on_pcg_off_tp1_marker_on_profile_nsys,105,0.00192,quant,sglang,per_token_group_quant_8bit_kernel,"void per_token_group_quant_8bit_kernel<__nv_bfloat16, __nv_fp8_e4m3, (bool)0, (bool)0, float>(const T1 *, void *, T5 *, int, int, int, float, float, float, int, int)"
20260625_141800_decode_stage1_decode_b32p512_cg_on_b32_f1_p512_layers5_backend_auto_cg_on_pcg_off_tp1_marker_on_profile_nsys,108,0.001856,quant,sglang,per_token_group_quant_8bit_kernel,"void per_token_group_quant_8bit_kernel<__nv_bfloat16, __nv_fp8_e4m3, (bool)0, (bool)0, float>(const T1 *, void *, T5 *, int, int, int, float, float, float, int, int)"
20260625_141800_decode_stage1_decode_b32p512_cg_on_b32_f1_p512_layers5_backend_auto_cg_on_pcg_off_tp1_marker_on_profile_nsys,112,0.002016,quant,sglang,per_token_group_quant_8bit_kernel,"void per_token_group_quant_8bit_kernel<__nv_bfloat16, __nv_fp8_e4m3, (bool)1, (bool)0, float>(const T1 *, void *, T5 *, int, int, int, float, float, float, int, int)"
20260625_141800_decode_stage1_decode_b32p512_cg_on_b32_f1_p512_layers5_backend_auto_cg_on_pcg_off_tp1_marker_on_profile_nsys,113,0.010112,gemm,deepgemm,sm90_fp8_gemm_1d2d_impl,"void deep_gemm::sm90_fp8_gemm_1d2d_impl<(cute::UMMA::Major)0, (unsigned int)0, (unsigned int)2112, (unsigned int)7168, (unsigned int)1, (unsigned int)32, (unsigned int)16, (unsigned int)128, (unsigned int)128, (unsigned int)128, (unsigned int)32, (unsigned int)32, (unsigned int)24, (unsigned int)128, (unsigned int)128, (unsigned int)1, (bool)0, (unsigned int)132, (deep_gemm::GemmType)0, deep_gemm::EpilogueIdentity, (bool)0>(float *, int *, int *, unsigned int, unsigned int, unsigned int, CUtensorMap_st, CUtensorMap_st, CUtensorMap_st, CUtensorMap_st)"
20260625_141800_decode_stage1_decode_b32p512_cg_on_b32_f1_p512_layers5_backend_auto_cg_on_pcg_off_tp1_marker_on_profile_nsys,116,0.001632,quant,sglang,per_token_group_quant_8bit_kernel,"void per_token_group_quant_8bit_kernel<__nv_bfloat16, __nv_fp8_e4m3, (bool)1, (bool)0, float>(const T1 *, void *, T5 *, int, int, int, float, float, float, int, int)"
20260625_141800_decode_stage1_decode_b32p512_cg_on_b32_f1_p512_layers5_backend_auto_cg_on_pcg_off_tp1_marker_on_profile_nsys,117,0.0176,gemm,deepgemm,sm90_fp8_gemm_1d2d_impl,"void deep_gemm::sm90_fp8_gemm_1d2d_impl<(cute::UMMA::Major)0, (unsigned int)0, (unsigned int)24576, (unsigned int)1536, (unsigned int)1, (unsigned int)32, (unsigned int)192, (unsigned int)128, (unsigned int)128, (unsigned int)128, (unsigned int)128, (unsigned int)4, (unsigned int)0, (unsigned int)128, (unsigned int)128, (unsigned int)1, (bool)0, (unsigned int)128, (deep_gemm::GemmType)0, deep_gemm::EpilogueIdentity, (bool)0>(float *, int *, int *, unsigned int, unsigned int, unsigned int, CUtensorMap_st, CUtensorMap_st, CUtensorMap_st, CUtensorMap_st)"
20260625_141800_decode_stage1_decode_b32p512_cg_on_b32_f1_p512_layers5_backend_auto_cg_on_pcg_off_tp1_marker_on_profile_nsys,118,0.008288,bmm,torch,nvjet_tst_256x32_64x5_2x1_v_bz_TNT,nvjet_tst_256x32_64x5_2x1_v_bz_TNT
20260625_141800_decode_stage1_decode_b32p512_cg_on_b32_f1_p512_layers5_backend_auto_cg_on_pcg_off_tp1_marker_on_profile_nsys,120,0.00144,attention_support,sglang_mla,set_mla_kv_buffer_kernel,set_mla_kv_buffer_kernel
20260625_141800_decode_stage1_decode_b32p512_cg_on_b32_f1_p512_layers5_backend_auto_cg_on_pcg_off_tp1_marker_on_profile_nsys,124,0.009696,bmm,torch,nvjet_tst_128x32_64x10_1x1_h_bz_TNT,nvjet_tst_128x32_64x10_1x1_h_bz_TNT
20260625_141800_decode_stage1_decode_b32p512_cg_on_b32_f1_p512_layers5_backend_auto_cg_on_pcg_off_tp1_marker_on_profile_nsys,125,0.002176,quant,sglang,per_token_group_quant_8bit_kernel,"void per_token_group_quant_8bit_kernel<__nv_bfloat16, __nv_fp8_e4m3, (bool)1, (bool)0, float>(const T1 *, void *, T5 *, int, int, int, float, float, float, int, int)"
20260625_141800_decode_stage1_decode_b32p512_cg_on_b32_f1_p512_layers5_backend_auto_cg_on_pcg_off_tp1_marker_on_profile_nsys,126,0.049856,gemm,deepgemm,sm90_fp8_gemm_1d2d_impl,"void deep_gemm::sm90_fp8_gemm_1d2d_impl<(cute::UMMA::Major)0, (unsigned int)0, (unsigned int)7168, (unsigned int)16384, (unsigned int)1, (unsigned int)32, (unsigned int)64, (unsigned int)128, (unsigned int)128, (unsigned int)128, (unsigned int)128, (unsigned int)18, (unsigned int)2, (unsigned int)128, (unsigned int)128, (unsigned int)1, (bool)0, (unsigned int)112, (deep_gemm::GemmType)0, deep_gemm::EpilogueIdentity, (bool)0>(float *, int *, int *, unsigned int, unsigned int, unsigned int, CUtensorMap_st, CUtensorMap_st, CUtensorMap_st, CUtensorMap_st)"
20260625_141800_decode_stage1_decode_b32p512_cg_on_b32_f1_p512_layers5_backend_auto_cg_on_pcg_off_tp1_marker_on_profile_nsys,128,0.005184,bmm,torch,nvjet_tst_64x32_64x16_4x1_v_bz_splitK_TNT,nvjet_tst_64x32_64x16_4x1_v_bz_splitK_TNT
20260625_141800_decode_stage1_decode_b32p512_cg_on_b32_f1_p512_layers5_backend_auto_cg_on_pcg_off_tp1_marker_on_profile_nsys,134,0.001792,quant,sglang,per_token_group_quant_8bit_kernel,"void per_token_group_quant_8bit_kernel<__nv_bfloat16, __nv_fp8_e4m3, (bool)0, (bool)0, float>(const T1 *, void *, T5 *, int, int, int, float, float, float, int, int)"
20260625_141800_decode_stage1_decode_b32p512_cg_on_b32_f1_p512_layers5_backend_auto_cg_on_pcg_off_tp1_marker_on_profile_nsys,137,0.001856,quant,sglang,per_token_group_quant_8bit_kernel,"void per_token_group_quant_8bit_kernel<__nv_bfloat16, __nv_fp8_e4m3, (bool)0, (bool)0, float>(const T1 *, void *, T5 *, int, int, int, float, float, float, int, int)"
20260625_141800_decode_stage1_decode_b32p512_cg_on_b32_f1_p512_layers5_backend_auto_cg_on_pcg_off_tp1_marker_on_profile_nsys,141,0.631265,bmm,torch,nvjet_tst_512x32_64x3_2x1_v_bz_TNT,nvjet_tst_512x32_64x3_2x1_v_bz_TNT
20260625_142044_decode_stage1_decode_b4p2048_cg_on_b4_f1_p2048_layers5_backend_auto_cg_on_pcg_off_tp1_marker_on_profile_nsys,16,0.00208,quant,sglang,per_token_group_quant_8bit_kernel,"void per_token_group_quant_8bit_kernel<__nv_bfloat16, __nv_fp8_e4m3, (bool)1, (bool)0, float>(const T1 *, void *, T5 *, int, int, int, float, float, float, int, int)"
20260625_142044_decode_stage1_decode_b4p2048_cg_on_b4_f1_p2048_layers5_backend_auto_cg_on_pcg_off_tp1_marker_on_profile_nsys,17,0.013856,gemm,deepgemm,sm90_fp8_gemm_1d2d_impl,"void deep_gemm::sm90_fp8_gemm_1d2d_impl<(cute::UMMA::Major)0, (unsigned int)0, (unsigned int)2112, (unsigned int)7168, (unsigned int)1, (unsigned int)16, (unsigned int)16, (unsigned int)128, (unsigned int)128, (unsigned int)128, (unsigned int)32, (unsigned int)32, (unsigned int)24, (unsigned int)128, (unsigned int)128, (unsigned int)1, (bool)0, (unsigned int)132, (deep_gemm::GemmType)0, deep_gemm::EpilogueIdentity, (bool)0>(float *, int *, int *, unsigned int, unsigned int, unsigned int, CUtensorMap_st, CUtensorMap_st, CUtensorMap_st, CUtensorMap_st)"
20260625_142044_decode_stage1_decode_b4p2048_cg_on_b4_f1_p2048_layers5_backend_auto_cg_on_pcg_off_tp1_marker_on_profile_nsys,20,0.0016,quant,sglang,per_token_group_quant_8bit_kernel,"void per_token_group_quant_8bit_kernel<__nv_bfloat16, __nv_fp8_e4m3, (bool)1, (bool)0, float>(const T1 *, void *, T5 *, int, int, int, float, float, float, int, int)"
20260625_142044_decode_stage1_decode_b4p2048_cg_on_b4_f1_p2048_layers5_backend_auto_cg_on_pcg_off_tp1_marker_on_profile_nsys,21,0.01872,gemm,deepgemm,sm90_fp8_gemm_1d2d_impl,"void deep_gemm::sm90_fp8_gemm_1d2d_impl<(cute::UMMA::Major)0, (unsigned int)0, (unsigned int)24576, (unsigned int)1536, (unsigned int)1, (unsigned int)16, (unsigned int)192, (unsigned int)128, (unsigned int)128, (unsigned int)128, (unsigned int)128, (unsigned int)4, (unsigned int)0, (unsigned int)128, (unsigned int)128, (unsigned int)1, (bool)0, (unsigned int)128, (deep_gemm::GemmType)0, deep_gemm::EpilogueIdentity, (bool)0>(float *, int *, int *, unsigned int, unsigned int, unsigned int, CUtensorMap_st, CUtensorMap_st, CUtensorMap_st, CUtensorMap_st)"
20260625_142044_decode_stage1_decode_b4p2048_cg_on_b4_f1_p2048_layers5_backend_auto_cg_on_pcg_off_tp1_marker_on_profile_nsys,22,0.008096,bmm,torch,nvjet_tst_256x8_64x6_2x1_v_bz_TNT,nvjet_tst_256x8_64x6_2x1_v_bz_TNT
20260625_142044_decode_stage1_decode_b4p2048_cg_on_b4_f1_p2048_layers5_backend_auto_cg_on_pcg_off_tp1_marker_on_profile_nsys,24,0.001248,attention_support,sglang_mla,set_mla_kv_buffer_kernel,set_mla_kv_buffer_kernel
20260625_142044_decode_stage1_decode_b4p2048_cg_on_b4_f1_p2048_layers5_backend_auto_cg_on_pcg_off_tp1_marker_on_profile_nsys,28,0.008672,bmm,torch,nvjet_tst_128x8_64x12_1x1_h_bz_TNT,nvjet_tst_128x8_64x12_1x1_h_bz_TNT
20260625_142044_decode_stage1_decode_b4p2048_cg_on_b4_f1_p2048_layers5_backend_auto_cg_on_pcg_off_tp1_marker_on_profile_nsys,29,0.00192,quant,sglang,per_token_group_quant_8bit_kernel,"void per_token_group_quant_8bit_kernel<__nv_bfloat16, __nv_fp8_e4m3, (bool)1, (bool)0, float>(const T1 *, void *, T5 *, int, int, int, float, float, float, int, int)"
20260625_142044_decode_stage1_decode_b4p2048_cg_on_b4_f1_p2048_layers5_backend_auto_cg_on_pcg_off_tp1_marker_on_profile_nsys,30,0.047679,gemm,deepgemm,sm90_fp8_gemm_1d2d_impl,"void deep_gemm::sm90_fp8_gemm_1d2d_impl<(cute::UMMA::Major)0, (unsigned int)0, (unsigned int)7168, (unsigned int)16384, (unsigned int)1, (unsigned int)16, (unsigned int)64, (unsigned int)128, (unsigned int)128, (unsigned int)128, (unsigned int)128, (unsigned int)22, (unsigned int)18, (unsigned int)128, (unsigned int)128, (unsigned int)1, (bool)0, (unsigned int)112, (deep_gemm::GemmType)0, deep_gemm::EpilogueIdentity, (bool)0>(float *, int *, int *, unsigned int, unsigned int, unsigned int, CUtensorMap_st, CUtensorMap_st, CUtensorMap_st, CUtensorMap_st)"
20260625_142044_decode_stage1_decode_b4p2048_cg_on_b4_f1_p2048_layers5_backend_auto_cg_on_pcg_off_tp1_marker_on_profile_nsys,32,0.001536,quant,sglang,per_token_group_quant_8bit_kernel,"void per_token_group_quant_8bit_kernel<__nv_bfloat16, __nv_fp8_e4m3, (bool)1, (bool)0, float>(const T1 *, void *, T5 *, int, int, int, float, float, float, int, int)"
20260625_142044_decode_stage1_decode_b4p2048_cg_on_b4_f1_p2048_layers5_backend_auto_cg_on_pcg_off_tp1_marker_on_profile_nsys,33,0.09072,gemm,deepgemm,sm90_fp8_gemm_1d2d_impl,"void deep_gemm::sm90_fp8_gemm_1d2d_impl<(cute::UMMA::Major)0, (unsigned int)0, (unsigned int)36864, (unsigned int)7168, (unsigned int)1, (unsigned int)16, (unsigned int)144, (unsigned int)128, (unsigned int)128, (unsigned int)128, (unsigned int)32, (unsigned int)11, (unsigned int)1, (unsigned int)128, (unsigned int)128, (unsigned int)1, (bool)0, (unsigned int)128, (deep_gemm::GemmType)0, deep_gemm::EpilogueIdentity, (bool)0>(float *, int *, int *, unsigned int, unsigned int, unsigned int, CUtensorMap_st, CUtensorMap_st, CUtensorMap_st, CUtensorMap_st)"
20260625_142044_decode_stage1_decode_b4p2048_cg_on_b4_f1_p2048_layers5_backend_auto_cg_on_pcg_off_tp1_marker_on_profile_nsys,35,0.002048,quant,sglang,per_token_group_quant_8bit_kernel,"void per_token_group_quant_8bit_kernel<__nv_bfloat16, __nv_fp8_e4m3, (bool)1, (bool)0, float>(const T1 *, void *, T5 *, int, int, int, float, float, float, int, int)"
20260625_142044_decode_stage1_decode_b4p2048_cg_on_b4_f1_p2048_layers5_backend_auto_cg_on_pcg_off_tp1_marker_on_profile_nsys,36,0.049888,gemm,deepgemm,sm90_fp8_gemm_1d2d_impl,"void deep_gemm::sm90_fp8_gemm_1d2d_impl<(cute::UMMA::Major)0, (unsigned int)0, (unsigned int)7168, (unsigned int)18432, (unsigned int)1, (unsigned int)16, (unsigned int)64, (unsigned int)128, (unsigned int)128, (unsigned int)128, (unsigned int)128, (unsigned int)22, (unsigned int)12, (unsigned int)128, (unsigned int)128, (unsigned int)1, (bool)0, (unsigned int)112, (deep_gemm::GemmType)0, deep_gemm::EpilogueIdentity, (bool)0>(float *, int *, int *, unsigned int, unsigned int, unsigned int, CUtensorMap_st, CUtensorMap_st, CUtensorMap_st, CUtensorMap_st)"
20260625_142044_decode_stage1_decode_b4p2048_cg_on_b4_f1_p2048_layers5_backend_auto_cg_on_pcg_off_tp1_marker_on_profile_nsys,38,0.001696,quant,sglang,per_token_group_quant_8bit_kernel,"void per_token_group_quant_8bit_kernel<__nv_bfloat16, __nv_fp8_e4m3, (bool)1, (bool)0, float>(const T1 *, void *, T5 *, int, int, int, float, float, float, int, int)"
20260625_142044_decode_stage1_decode_b4p2048_cg_on_b4_f1_p2048_layers5_backend_auto_cg_on_pcg_off_tp1_marker_on_profile_nsys,39,0.01264,gemm,deepgemm,sm90_fp8_gemm_1d2d_impl,"void deep_gemm::sm90_fp8_gemm_1d2d_impl<(cute::UMMA::Major)0, (unsigned int)0, (unsigned int)2112, (unsigned int)7168, (unsigned int)1, (unsigned int)16, (unsigned int)16, (unsigned int)128, (unsigned int)128, (unsigned int)128, (unsigned int)32, (unsigned int)32, (unsigned int)24, (unsigned int)128, (unsigned int)128, (unsigned int)1, (bool)0, (unsigned int)132, (deep_gemm::GemmType)0, deep_gemm::EpilogueIdentity, (bool)0>(float *, int *, int *, unsigned int, unsigned int, unsigned int, CUtensorMap_st, CUtensorMap_st, CUtensorMap_st, CUtensorMap_st)"
20260625_142044_decode_stage1_decode_b4p2048_cg_on_b4_f1_p2048_layers5_backend_auto_cg_on_pcg_off_tp1_marker_on_profile_nsys,42,0.001632,quant,sglang,per_token_group_quant_8bit_kernel,"void per_token_group_quant_8bit_kernel<__nv_bfloat16, __nv_fp8_e4m3, (bool)1, (bool)0, float>(const T1 *, void *, T5 *, int, int, int, float, float, float, int, int)"
20260625_142044_decode_stage1_decode_b4p2048_cg_on_b4_f1_p2048_layers5_backend_auto_cg_on_pcg_off_tp1_marker_on_profile_nsys,43,0.016288,gemm,deepgemm,sm90_fp8_gemm_1d2d_impl,"void deep_gemm::sm90_fp8_gemm_1d2d_impl<(cute::UMMA::Major)0, (unsigned int)0, (unsigned int)24576, (unsigned int)1536, (unsigned int)1, (unsigned int)16, (unsigned int)192, (unsigned int)128, (unsigned int)128, (unsigned int)128, (unsigned int)128, (unsigned int)4, (unsigned int)0, (unsigned int)128, (unsigned int)128, (unsigned int)1, (bool)0, (unsigned int)128, (deep_gemm::GemmType)0, deep_gemm::EpilogueIdentity, (bool)0>(float *, int *, int *, unsigned int, unsigned int, unsigned int, CUtensorMap_st, CUtensorMap_st, CUtensorMap_st, CUtensorMap_st)"
20260625_142044_decode_stage1_decode_b4p2048_cg_on_b4_f1_p2048_layers5_backend_auto_cg_on_pcg_off_tp1_marker_on_profile_nsys,44,0.008288,bmm,torch,nvjet_tst_256x8_64x6_2x1_v_bz_TNT,nvjet_tst_256x8_64x6_2x1_v_bz_TNT
20260625_142044_decode_stage1_decode_b4p2048_cg_on_b4_f1_p2048_layers5_backend_auto_cg_on_pcg_off_tp1_marker_on_profile_nsys,46,0.00144,attention_support,sglang_mla,set_mla_kv_buffer_kernel,set_mla_kv_buffer_kernel
20260625_142044_decode_stage1_decode_b4p2048_cg_on_b4_f1_p2048_layers5_backend_auto_cg_on_pcg_off_tp1_marker_on_profile_nsys,50,0.008736,bmm,torch,nvjet_tst_128x8_64x12_1x1_h_bz_TNT,nvjet_tst_128x8_64x12_1x1_h_bz_TNT
20260625_142044_decode_stage1_decode_b4p2048_cg_on_b4_f1_p2048_layers5_backend_auto_cg_on_pcg_off_tp1_marker_on_profile_nsys,51,0.001792,quant,sglang,per_token_group_quant_8bit_kernel,"void per_token_group_quant_8bit_kernel<__nv_bfloat16, __nv_fp8_e4m3, (bool)1, (bool)0, float>(const T1 *, void *, T5 *, int, int, int, float, float, float, int, int)"
20260625_142044_decode_stage1_decode_b4p2048_cg_on_b4_f1_p2048_layers5_backend_auto_cg_on_pcg_off_tp1_marker_on_profile_nsys,52,0.048991,gemm,deepgemm,sm90_fp8_gemm_1d2d_impl,"void deep_gemm::sm90_fp8_gemm_1d2d_impl<(cute::UMMA::Major)0, (unsigned int)0, (unsigned int)7168, (unsigned int)16384, (unsigned int)1, (unsigned int)16, (unsigned int)64, (unsigned int)128, (unsigned int)128, (unsigned int)128, (unsigned int)128, (unsigned int)22, (unsigned int)18, (unsigned int)128, (unsigned int)128, (unsigned int)1, (bool)0, (unsigned int)112, (deep_gemm::GemmType)0, deep_gemm::EpilogueIdentity, (bool)0>(float *, int *, int *, unsigned int, unsigned int, unsigned int, CUtensorMap_st, CUtensorMap_st, CUtensorMap_st, CUtensorMap_st)"
20260625_142044_decode_stage1_decode_b4p2048_cg_on_b4_f1_p2048_layers5_backend_auto_cg_on_pcg_off_tp1_marker_on_profile_nsys,55,0.001632,quant,sglang,per_token_group_quant_8bit_kernel,"void per_token_group_quant_8bit_kernel<__nv_bfloat16, __nv_fp8_e4m3, (bool)1, (bool)0, float>(const T1 *, void *, T5 *, int, int, int, float, float, float, int, int)"
20260625_142044_decode_stage1_decode_b4p2048_cg_on_b4_f1_p2048_layers5_backend_auto_cg_on_pcg_off_tp1_marker_on_profile_nsys,56,0.091712,gemm,deepgemm,sm90_fp8_gemm_1d2d_impl,"void deep_gemm::sm90_fp8_gemm_1d2d_impl<(cute::UMMA::Major)0, (unsigned int)0, (unsigned int)36864, (unsigned int)7168, (unsigned int)1, (unsigned int)16, (unsigned int)144, (unsigned int)128, (unsigned int)128, (unsigned int)128, (unsigned int)32, (unsigned int)11, (unsigned int)1, (unsigned int)128, (unsigned int)128, (unsigned int)1, (bool)0, (unsigned int)128, (deep_gemm::GemmType)0, deep_gemm::EpilogueIdentity, (bool)0>(float *, int *, int *, unsigned int, unsigned int, unsigned int, CUtensorMap_st, CUtensorMap_st, CUtensorMap_st, CUtensorMap_st)"
20260625_142044_decode_stage1_decode_b4p2048_cg_on_b4_f1_p2048_layers5_backend_auto_cg_on_pcg_off_tp1_marker_on_profile_nsys,58,0.002016,quant,sglang,per_token_group_quant_8bit_kernel,"void per_token_group_quant_8bit_kernel<__nv_bfloat16, __nv_fp8_e4m3, (bool)1, (bool)0, float>(const T1 *, void *, T5 *, int, int, int, float, float, float, int, int)"
20260625_142044_decode_stage1_decode_b4p2048_cg_on_b4_f1_p2048_layers5_backend_auto_cg_on_pcg_off_tp1_marker_on_profile_nsys,59,0.049951,gemm,deepgemm,sm90_fp8_gemm_1d2d_impl,"void deep_gemm::sm90_fp8_gemm_1d2d_impl<(cute::UMMA::Major)0, (unsigned int)0, (unsigned int)7168, (unsigned int)18432, (unsigned int)1, (unsigned int)16, (unsigned int)64, (unsigned int)128, (unsigned int)128, (unsigned int)128, (unsigned int)128, (unsigned int)22, (unsigned int)12, (unsigned int)128, (unsigned int)128, (unsigned int)1, (bool)0, (unsigned int)112, (deep_gemm::GemmType)0, deep_gemm::EpilogueIdentity, (bool)0>(float *, int *, int *, unsigned int, unsigned int, unsigned int, CUtensorMap_st, CUtensorMap_st, CUtensorMap_st, CUtensorMap_st)"
20260625_142044_decode_stage1_decode_b4p2048_cg_on_b4_f1_p2048_layers5_backend_auto_cg_on_pcg_off_tp1_marker_on_profile_nsys,61,0.001664,quant,sglang,per_token_group_quant_8bit_kernel,"void per_token_group_quant_8bit_kernel<__nv_bfloat16, __nv_fp8_e4m3, (bool)1, (bool)0, float>(const T1 *, void *, T5 *, int, int, int, float, float, float, int, int)"
20260625_142044_decode_stage1_decode_b4p2048_cg_on_b4_f1_p2048_layers5_backend_auto_cg_on_pcg_off_tp1_marker_on_profile_nsys,62,0.012928,gemm,deepgemm,sm90_fp8_gemm_1d2d_impl,"void deep_gemm::sm90_fp8_gemm_1d2d_impl<(cute::UMMA::Major)0, (unsigned int)0, (unsigned int)2112, (unsigned int)7168, (unsigned int)1, (unsigned int)16, (unsigned int)16, (unsigned int)128, (unsigned int)128, (unsigned int)128, (unsigned int)32, (unsigned int)32, (unsigned int)24, (unsigned int)128, (unsigned int)128, (unsigned int)1, (bool)0, (unsigned int)132, (deep_gemm::GemmType)0, deep_gemm::EpilogueIdentity, (bool)0>(float *, int *, int *, unsigned int, unsigned int, unsigned int, CUtensorMap_st, CUtensorMap_st, CUtensorMap_st, CUtensorMap_st)"
20260625_142044_decode_stage1_decode_b4p2048_cg_on_b4_f1_p2048_layers5_backend_auto_cg_on_pcg_off_tp1_marker_on_profile_nsys,65,0.001504,quant,sglang,per_token_group_quant_8bit_kernel,"void per_token_group_quant_8bit_kernel<__nv_bfloat16, __nv_fp8_e4m3, (bool)1, (bool)0, float>(const T1 *, void *, T5 *, int, int, int, float, float, float, int, int)"
20260625_142044_decode_stage1_decode_b4p2048_cg_on_b4_f1_p2048_layers5_backend_auto_cg_on_pcg_off_tp1_marker_on_profile_nsys,66,0.016352,gemm,deepgemm,sm90_fp8_gemm_1d2d_impl,"void deep_gemm::sm90_fp8_gemm_1d2d_impl<(cute::UMMA::Major)0, (unsigned int)0, (unsigned int)24576, (unsigned int)1536, (unsigned int)1, (unsigned int)16, (unsigned int)192, (unsigned int)128, (unsigned int)128, (unsigned int)128, (unsigned int)128, (unsigned int)4, (unsigned int)0, (unsigned int)128, (unsigned int)128, (unsigned int)1, (bool)0, (unsigned int)128, (deep_gemm::GemmType)0, deep_gemm::EpilogueIdentity, (bool)0>(float *, int *, int *, unsigned int, unsigned int, unsigned int, CUtensorMap_st, CUtensorMap_st, CUtensorMap_st, CUtensorMap_st)"
20260625_142044_decode_stage1_decode_b4p2048_cg_on_b4_f1_p2048_layers5_backend_auto_cg_on_pcg_off_tp1_marker_on_profile_nsys,67,0.007776,bmm,torch,nvjet_tst_256x8_64x6_2x1_v_bz_TNT,nvjet_tst_256x8_64x6_2x1_v_bz_TNT
20260625_142044_decode_stage1_decode_b4p2048_cg_on_b4_f1_p2048_layers5_backend_auto_cg_on_pcg_off_tp1_marker_on_profile_nsys,69,0.001344,attention_support,sglang_mla,set_mla_kv_buffer_kernel,set_mla_kv_buffer_kernel
20260625_142044_decode_stage1_decode_b4p2048_cg_on_b4_f1_p2048_layers5_backend_auto_cg_on_pcg_off_tp1_marker_on_profile_nsys,73,0.008672,bmm,torch,nvjet_tst_128x8_64x12_1x1_h_bz_TNT,nvjet_tst_128x8_64x12_1x1_h_bz_TNT
20260625_142044_decode_stage1_decode_b4p2048_cg_on_b4_f1_p2048_layers5_backend_auto_cg_on_pcg_off_tp1_marker_on_profile_nsys,74,0.001824,quant,sglang,per_token_group_quant_8bit_kernel,"void per_token_group_quant_8bit_kernel<__nv_bfloat16, __nv_fp8_e4m3, (bool)1, (bool)0, float>(const T1 *, void *, T5 *, int, int, int, float, float, float, int, int)"
20260625_142044_decode_stage1_decode_b4p2048_cg_on_b4_f1_p2048_layers5_backend_auto_cg_on_pcg_off_tp1_marker_on_profile_nsys,75,0.049024,gemm,deepgemm,sm90_fp8_gemm_1d2d_impl,"void deep_gemm::sm90_fp8_gemm_1d2d_impl<(cute::UMMA::Major)0, (unsigned int)0, (unsigned int)7168, (unsigned int)16384, (unsigned int)1, (unsigned int)16, (unsigned int)64, (unsigned int)128, (unsigned int)128, (unsigned int)128, (unsigned int)128, (unsigned int)22, (unsigned int)18, (unsigned int)128, (unsigned int)128, (unsigned int)1, (bool)0, (unsigned int)112, (deep_gemm::GemmType)0, deep_gemm::EpilogueIdentity, (bool)0>(float *, int *, int *, unsigned int, unsigned int, unsigned int, CUtensorMap_st, CUtensorMap_st, CUtensorMap_st, CUtensorMap_st)"
20260625_142044_decode_stage1_decode_b4p2048_cg_on_b4_f1_p2048_layers5_backend_auto_cg_on_pcg_off_tp1_marker_on_profile_nsys,77,0.0016,quant,sglang,per_token_group_quant_8bit_kernel,"void per_token_group_quant_8bit_kernel<__nv_bfloat16, __nv_fp8_e4m3, (bool)1, (bool)0, float>(const T1 *, void *, T5 *, int, int, int, float, float, float, int, int)"
20260625_142044_decode_stage1_decode_b4p2048_cg_on_b4_f1_p2048_layers5_backend_auto_cg_on_pcg_off_tp1_marker_on_profile_nsys,78,0.090272,gemm,deepgemm,sm90_fp8_gemm_1d2d_impl,"void deep_gemm::sm90_fp8_gemm_1d2d_impl<(cute::UMMA::Major)0, (unsigned int)0, (unsigned int)36864, (unsigned int)7168, (unsigned int)1, (unsigned int)16, (unsigned int)144, (unsigned int)128, (unsigned int)128, (unsigned int)128, (unsigned int)32, (unsigned int)11, (unsigned int)1, (unsigned int)128, (unsigned int)128, (unsigned int)1, (bool)0, (unsigned int)128, (deep_gemm::GemmType)0, deep_gemm::EpilogueIdentity, (bool)0>(float *, int *, int *, unsigned int, unsigned int, unsigned int, CUtensorMap_st, CUtensorMap_st, CUtensorMap_st, CUtensorMap_st)"
20260625_142044_decode_stage1_decode_b4p2048_cg_on_b4_f1_p2048_layers5_backend_auto_cg_on_pcg_off_tp1_marker_on_profile_nsys,80,0.002016,quant,sglang,per_token_group_quant_8bit_kernel,"void per_token_group_quant_8bit_kernel<__nv_bfloat16, __nv_fp8_e4m3, (bool)1, (bool)0, float>(const T1 *, void *, T5 *, int, int, int, float, float, float, int, int)"
20260625_142044_decode_stage1_decode_b4p2048_cg_on_b4_f1_p2048_layers5_backend_auto_cg_on_pcg_off_tp1_marker_on_profile_nsys,81,0.049791,gemm,deepgemm,sm90_fp8_gemm_1d2d_impl,"void deep_gemm::sm90_fp8_gemm_1d2d_impl<(cute::UMMA::Major)0, (unsigned int)0, (unsigned int)7168, (unsigned int)18432, (unsigned int)1, (unsigned int)16, (unsigned int)64, (unsigned int)128, (unsigned int)128, (unsigned int)128, (unsigned int)128, (unsigned int)22, (unsigned int)12, (unsigned int)128, (unsigned int)128, (unsigned int)1, (bool)0, (unsigned int)112, (deep_gemm::GemmType)0, deep_gemm::EpilogueIdentity, (bool)0>(float *, int *, int *, unsigned int, unsigned int, unsigned int, CUtensorMap_st, CUtensorMap_st, CUtensorMap_st, CUtensorMap_st)"
20260625_142044_decode_stage1_decode_b4p2048_cg_on_b4_f1_p2048_layers5_backend_auto_cg_on_pcg_off_tp1_marker_on_profile_nsys,83,0.0016,quant,sglang,per_token_group_quant_8bit_kernel,"void per_token_group_quant_8bit_kernel<__nv_bfloat16, __nv_fp8_e4m3, (bool)1, (bool)0, float>(const T1 *, void *, T5 *, int, int, int, float, float, float, int, int)"
20260625_142044_decode_stage1_decode_b4p2048_cg_on_b4_f1_p2048_layers5_backend_auto_cg_on_pcg_off_tp1_marker_on_profile_nsys,84,0.01376,gemm,deepgemm,sm90_fp8_gemm_1d2d_impl,"void deep_gemm::sm90_fp8_gemm_1d2d_impl<(cute::UMMA::Major)0, (unsigned int)0, (unsigned int)2112, (unsigned int)7168, (unsigned int)1, (unsigned int)16, (unsigned int)16, (unsigned int)128, (unsigned int)128, (unsigned int)128, (unsigned int)32, (unsigned int)32, (unsigned int)24, (unsigned int)128, (unsigned int)128, (unsigned int)1, (bool)0, (unsigned int)132, (deep_gemm::GemmType)0, deep_gemm::EpilogueIdentity, (bool)0>(float *, int *, int *, unsigned int, unsigned int, unsigned int, CUtensorMap_st, CUtensorMap_st, CUtensorMap_st, CUtensorMap_st)"
20260625_142044_decode_stage1_decode_b4p2048_cg_on_b4_f1_p2048_layers5_backend_auto_cg_on_pcg_off_tp1_marker_on_profile_nsys,87,0.001632,quant,sglang,per_token_group_quant_8bit_kernel,"void per_token_group_quant_8bit_kernel<__nv_bfloat16, __nv_fp8_e4m3, (bool)1, (bool)0, float>(const T1 *, void *, T5 *, int, int, int, float, float, float, int, int)"
20260625_142044_decode_stage1_decode_b4p2048_cg_on_b4_f1_p2048_layers5_backend_auto_cg_on_pcg_off_tp1_marker_on_profile_nsys,88,0.016288,gemm,deepgemm,sm90_fp8_gemm_1d2d_impl,"void deep_gemm::sm90_fp8_gemm_1d2d_impl<(cute::UMMA::Major)0, (unsigned int)0, (unsigned int)24576, (unsigned int)1536, (unsigned int)1, (unsigned int)16, (unsigned int)192, (unsigned int)128, (unsigned int)128, (unsigned int)128, (unsigned int)128, (unsigned int)4, (unsigned int)0, (unsigned int)128, (unsigned int)128, (unsigned int)1, (bool)0, (unsigned int)128, (deep_gemm::GemmType)0, deep_gemm::EpilogueIdentity, (bool)0>(float *, int *, int *, unsigned int, unsigned int, unsigned int, CUtensorMap_st, CUtensorMap_st, CUtensorMap_st, CUtensorMap_st)"
20260625_142044_decode_stage1_decode_b4p2048_cg_on_b4_f1_p2048_layers5_backend_auto_cg_on_pcg_off_tp1_marker_on_profile_nsys,89,0.008192,bmm,torch,nvjet_tst_256x8_64x6_2x1_v_bz_TNT,nvjet_tst_256x8_64x6_2x1_v_bz_TNT
20260625_142044_decode_stage1_decode_b4p2048_cg_on_b4_f1_p2048_layers5_backend_auto_cg_on_pcg_off_tp1_marker_on_profile_nsys,91,0.001376,attention_support,sglang_mla,set_mla_kv_buffer_kernel,set_mla_kv_buffer_kernel
20260625_142044_decode_stage1_decode_b4p2048_cg_on_b4_f1_p2048_layers5_backend_auto_cg_on_pcg_off_tp1_marker_on_profile_nsys,95,0.0088,bmm,torch,nvjet_tst_128x8_64x12_1x1_h_bz_TNT,nvjet_tst_128x8_64x12_1x1_h_bz_TNT
20260625_142044_decode_stage1_decode_b4p2048_cg_on_b4_f1_p2048_layers5_backend_auto_cg_on_pcg_off_tp1_marker_on_profile_nsys,96,0.001824,quant,sglang,per_token_group_quant_8bit_kernel,"void per_token_group_quant_8bit_kernel<__nv_bfloat16, __nv_fp8_e4m3, (bool)1, (bool)0, float>(const T1 *, void *, T5 *, int, int, int, float, float, float, int, int)"
20260625_142044_decode_stage1_decode_b4p2048_cg_on_b4_f1_p2048_layers5_backend_auto_cg_on_pcg_off_tp1_marker_on_profile_nsys,97,0.048095,gemm,deepgemm,sm90_fp8_gemm_1d2d_impl,"void deep_gemm::sm90_fp8_gemm_1d2d_impl<(cute::UMMA::Major)0, (unsigned int)0, (unsigned int)7168, (unsigned int)16384, (unsigned int)1, (unsigned int)16, (unsigned int)64, (unsigned int)128, (unsigned int)128, (unsigned int)128, (unsigned int)128, (unsigned int)22, (unsigned int)18, (unsigned int)128, (unsigned int)128, (unsigned int)1, (bool)0, (unsigned int)112, (deep_gemm::GemmType)0, deep_gemm::EpilogueIdentity, (bool)0>(float *, int *, int *, unsigned int, unsigned int, unsigned int, CUtensorMap_st, CUtensorMap_st, CUtensorMap_st, CUtensorMap_st)"
20260625_142044_decode_stage1_decode_b4p2048_cg_on_b4_f1_p2048_layers5_backend_auto_cg_on_pcg_off_tp1_marker_on_profile_nsys,103,0.001536,quant,sglang,per_token_group_quant_8bit_kernel,"void per_token_group_quant_8bit_kernel<__nv_bfloat16, __nv_fp8_e4m3, (bool)0, (bool)0, float>(const T1 *, void *, T5 *, int, int, int, float, float, float, int, int)"
20260625_142044_decode_stage1_decode_b4p2048_cg_on_b4_f1_p2048_layers5_backend_auto_cg_on_pcg_off_tp1_marker_on_profile_nsys,106,0.001536,quant,sglang,per_token_group_quant_8bit_kernel,"void per_token_group_quant_8bit_kernel<__nv_bfloat16, __nv_fp8_e4m3, (bool)0, (bool)0, float>(const T1 *, void *, T5 *, int, int, int, float, float, float, int, int)"
20260625_142044_decode_stage1_decode_b4p2048_cg_on_b4_f1_p2048_layers5_backend_auto_cg_on_pcg_off_tp1_marker_on_profile_nsys,110,0.001728,quant,sglang,per_token_group_quant_8bit_kernel,"void per_token_group_quant_8bit_kernel<__nv_bfloat16, __nv_fp8_e4m3, (bool)1, (bool)0, float>(const T1 *, void *, T5 *, int, int, int, float, float, float, int, int)"
20260625_142044_decode_stage1_decode_b4p2048_cg_on_b4_f1_p2048_layers5_backend_auto_cg_on_pcg_off_tp1_marker_on_profile_nsys,111,0.013856,gemm,deepgemm,sm90_fp8_gemm_1d2d_impl,"void deep_gemm::sm90_fp8_gemm_1d2d_impl<(cute::UMMA::Major)0, (unsigned int)0, (unsigned int)2112, (unsigned int)7168, (unsigned int)1, (unsigned int)16, (unsigned int)16, (unsigned int)128, (unsigned int)128, (unsigned int)128, (unsigned int)32, (unsigned int)32, (unsigned int)24, (unsigned int)128, (unsigned int)128, (unsigned int)1, (bool)0, (unsigned int)132, (deep_gemm::GemmType)0, deep_gemm::EpilogueIdentity, (bool)0>(float *, int *, int *, unsigned int, unsigned int, unsigned int, CUtensorMap_st, CUtensorMap_st, CUtensorMap_st, CUtensorMap_st)"
20260625_142044_decode_stage1_decode_b4p2048_cg_on_b4_f1_p2048_layers5_backend_auto_cg_on_pcg_off_tp1_marker_on_profile_nsys,114,0.0016,quant,sglang,per_token_group_quant_8bit_kernel,"void per_token_group_quant_8bit_kernel<__nv_bfloat16, __nv_fp8_e4m3, (bool)1, (bool)0, float>(const T1 *, void *, T5 *, int, int, int, float, float, float, int, int)"
20260625_142044_decode_stage1_decode_b4p2048_cg_on_b4_f1_p2048_layers5_backend_auto_cg_on_pcg_off_tp1_marker_on_profile_nsys,115,0.016256,gemm,deepgemm,sm90_fp8_gemm_1d2d_impl,"void deep_gemm::sm90_fp8_gemm_1d2d_impl<(cute::UMMA::Major)0, (unsigned int)0, (unsigned int)24576, (unsigned int)1536, (unsigned int)1, (unsigned int)16, (unsigned int)192, (unsigned int)128, (unsigned int)128, (unsigned int)128, (unsigned int)128, (unsigned int)4, (unsigned int)0, (unsigned int)128, (unsigned int)128, (unsigned int)1, (bool)0, (unsigned int)128, (deep_gemm::GemmType)0, deep_gemm::EpilogueIdentity, (bool)0>(float *, int *, int *, unsigned int, unsigned int, unsigned int, CUtensorMap_st, CUtensorMap_st, CUtensorMap_st, CUtensorMap_st)"
20260625_142044_decode_stage1_decode_b4p2048_cg_on_b4_f1_p2048_layers5_backend_auto_cg_on_pcg_off_tp1_marker_on_profile_nsys,116,0.009152,bmm,torch,nvjet_tst_256x8_64x6_2x1_v_bz_TNT,nvjet_tst_256x8_64x6_2x1_v_bz_TNT
20260625_142044_decode_stage1_decode_b4p2048_cg_on_b4_f1_p2048_layers5_backend_auto_cg_on_pcg_off_tp1_marker_on_profile_nsys,118,0.001408,attention_support,sglang_mla,set_mla_kv_buffer_kernel,set_mla_kv_buffer_kernel
20260625_142044_decode_stage1_decode_b4p2048_cg_on_b4_f1_p2048_layers5_backend_auto_cg_on_pcg_off_tp1_marker_on_profile_nsys,122,0.008704,bmm,torch,nvjet_tst_128x8_64x12_1x1_h_bz_TNT,nvjet_tst_128x8_64x12_1x1_h_bz_TNT
20260625_142044_decode_stage1_decode_b4p2048_cg_on_b4_f1_p2048_layers5_backend_auto_cg_on_pcg_off_tp1_marker_on_profile_nsys,123,0.001792,quant,sglang,per_token_group_quant_8bit_kernel,"void per_token_group_quant_8bit_kernel<__nv_bfloat16, __nv_fp8_e4m3, (bool)1, (bool)0, float>(const T1 *, void *, T5 *, int, int, int, float, float, float, int, int)"
20260625_142044_decode_stage1_decode_b4p2048_cg_on_b4_f1_p2048_layers5_backend_auto_cg_on_pcg_off_tp1_marker_on_profile_nsys,124,0.050175,gemm,deepgemm,sm90_fp8_gemm_1d2d_impl,"void deep_gemm::sm90_fp8_gemm_1d2d_impl<(cute::UMMA::Major)0, (unsigned int)0, (unsigned int)7168, (unsigned int)16384, (unsigned int)1, (unsigned int)16, (unsigned int)64, (unsigned int)128, (unsigned int)128, (unsigned int)128, (unsigned int)128, (unsigned int)22, (unsigned int)18, (unsigned int)128, (unsigned int)128, (unsigned int)1, (bool)0, (unsigned int)112, (deep_gemm::GemmType)0, deep_gemm::EpilogueIdentity, (bool)0>(float *, int *, int *, unsigned int, unsigned int, unsigned int, CUtensorMap_st, CUtensorMap_st, CUtensorMap_st, CUtensorMap_st)"
20260625_142044_decode_stage1_decode_b4p2048_cg_on_b4_f1_p2048_layers5_backend_auto_cg_on_pcg_off_tp1_marker_on_profile_nsys,130,0.001504,quant,sglang,per_token_group_quant_8bit_kernel,"void per_token_group_quant_8bit_kernel<__nv_bfloat16, __nv_fp8_e4m3, (bool)0, (bool)0, float>(const T1 *, void *, T5 *, int, int, int, float, float, float, int, int)"
20260625_142044_decode_stage1_decode_b4p2048_cg_on_b4_f1_p2048_layers5_backend_auto_cg_on_pcg_off_tp1_marker_on_profile_nsys,133,0.001536,quant,sglang,per_token_group_quant_8bit_kernel,"void per_token_group_quant_8bit_kernel<__nv_bfloat16, __nv_fp8_e4m3, (bool)0, (bool)0, float>(const T1 *, void *, T5 *, int, int, int, float, float, float, int, int)"
20260625_142044_decode_stage1_decode_b4p2048_cg_on_b4_f1_p2048_layers5_backend_auto_cg_on_pcg_off_tp1_marker_on_profile_nsys,137,0.618464,bmm,torch,nvjet_tst_384x8_64x4_2x1_v_bz_TNT,nvjet_tst_384x8_64x4_2x1_v_bz_TNT
20260625_142332_decode_stage1_decode_b16p2048_cg_on_b16_f1_p2048_layers5_backend_auto_cg_on_pcg_off_tp1_marker_on_profile_nsys,16,0.001792,quant,sglang,per_token_group_quant_8bit_kernel,"void per_token_group_quant_8bit_kernel<__nv_bfloat16, __nv_fp8_e4m3, (bool)1, (bool)0, float>(const T1 *, void *, T5 *, int, int, int, float, float, float, int, int)"
20260625_142332_decode_stage1_decode_b16p2048_cg_on_b16_f1_p2048_layers5_backend_auto_cg_on_pcg_off_tp1_marker_on_profile_nsys,17,0.00992,gemm,deepgemm,sm90_fp8_gemm_1d2d_impl,"void deep_gemm::sm90_fp8_gemm_1d2d_impl<(cute::UMMA::Major)0, (unsigned int)0, (unsigned int)2112, (unsigned int)7168, (unsigned int)1, (unsigned int)16, (unsigned int)16, (unsigned int)128, (unsigned int)128, (unsigned int)128, (unsigned int)32, (unsigned int)32, (unsigned int)24, (unsigned int)128, (unsigned int)128, (unsigned int)1, (bool)0, (unsigned int)132, (deep_gemm::GemmType)0, deep_gemm::EpilogueIdentity, (bool)0>(float *, int *, int *, unsigned int, unsigned int, unsigned int, CUtensorMap_st, CUtensorMap_st, CUtensorMap_st, CUtensorMap_st)"
20260625_142332_decode_stage1_decode_b16p2048_cg_on_b16_f1_p2048_layers5_backend_auto_cg_on_pcg_off_tp1_marker_on_profile_nsys,20,0.001536,quant,sglang,per_token_group_quant_8bit_kernel,"void per_token_group_quant_8bit_kernel<__nv_bfloat16, __nv_fp8_e4m3, (bool)1, (bool)0, float>(const T1 *, void *, T5 *, int, int, int, float, float, float, int, int)"
20260625_142332_decode_stage1_decode_b16p2048_cg_on_b16_f1_p2048_layers5_backend_auto_cg_on_pcg_off_tp1_marker_on_profile_nsys,21,0.019744,gemm,deepgemm,sm90_fp8_gemm_1d2d_impl,"void deep_gemm::sm90_fp8_gemm_1d2d_impl<(cute::UMMA::Major)0, (unsigned int)0, (unsigned int)24576, (unsigned int)1536, (unsigned int)1, (unsigned int)16, (unsigned int)192, (unsigned int)128, (unsigned int)128, (unsigned int)128, (unsigned int)128, (unsigned int)4, (unsigned int)0, (unsigned int)128, (unsigned int)128, (unsigned int)1, (bool)0, (unsigned int)128, (deep_gemm::GemmType)0, deep_gemm::EpilogueIdentity, (bool)0>(float *, int *, int *, unsigned int, unsigned int, unsigned int, CUtensorMap_st, CUtensorMap_st, CUtensorMap_st, CUtensorMap_st)"
20260625_142332_decode_stage1_decode_b16p2048_cg_on_b16_f1_p2048_layers5_backend_auto_cg_on_pcg_off_tp1_marker_on_profile_nsys,22,0.008576,bmm,torch,nvjet_tst_256x16_64x6_2x1_v_bz_TNT,nvjet_tst_256x16_64x6_2x1_v_bz_TNT
20260625_142332_decode_stage1_decode_b16p2048_cg_on_b16_f1_p2048_layers5_backend_auto_cg_on_pcg_off_tp1_marker_on_profile_nsys,24,0.001408,attention_support,sglang_mla,set_mla_kv_buffer_kernel,set_mla_kv_buffer_kernel
20260625_142332_decode_stage1_decode_b16p2048_cg_on_b16_f1_p2048_layers5_backend_auto_cg_on_pcg_off_tp1_marker_on_profile_nsys,28,0.009024,bmm,torch,nvjet_tst_128x16_64x11_1x1_h_bz_TNT,nvjet_tst_128x16_64x11_1x1_h_bz_TNT
20260625_142332_decode_stage1_decode_b16p2048_cg_on_b16_f1_p2048_layers5_backend_auto_cg_on_pcg_off_tp1_marker_on_profile_nsys,29,0.001952,quant,sglang,per_token_group_quant_8bit_kernel,"void per_token_group_quant_8bit_kernel<__nv_bfloat16, __nv_fp8_e4m3, (bool)1, (bool)0, float>(const T1 *, void *, T5 *, int, int, int, float, float, float, int, int)"
20260625_142332_decode_stage1_decode_b16p2048_cg_on_b16_f1_p2048_layers5_backend_auto_cg_on_pcg_off_tp1_marker_on_profile_nsys,30,0.048512,gemm,deepgemm,sm90_fp8_gemm_1d2d_impl,"void deep_gemm::sm90_fp8_gemm_1d2d_impl<(cute::UMMA::Major)0, (unsigned int)0, (unsigned int)7168, (unsigned int)16384, (unsigned int)1, (unsigned int)16, (unsigned int)64, (unsigned int)128, (unsigned int)128, (unsigned int)128, (unsigned int)128, (unsigned int)22, (unsigned int)18, (unsigned int)128, (unsigned int)128, (unsigned int)1, (bool)0, (unsigned int)112, (deep_gemm::GemmType)0, deep_gemm::EpilogueIdentity, (bool)0>(float *, int *, int *, unsigned int, unsigned int, unsigned int, CUtensorMap_st, CUtensorMap_st, CUtensorMap_st, CUtensorMap_st)"
20260625_142332_decode_stage1_decode_b16p2048_cg_on_b16_f1_p2048_layers5_backend_auto_cg_on_pcg_off_tp1_marker_on_profile_nsys,32,0.001664,quant,sglang,per_token_group_quant_8bit_kernel,"void per_token_group_quant_8bit_kernel<__nv_bfloat16, __nv_fp8_e4m3, (bool)1, (bool)0, float>(const T1 *, void *, T5 *, int, int, int, float, float, float, int, int)"
20260625_142332_decode_stage1_decode_b16p2048_cg_on_b16_f1_p2048_layers5_backend_auto_cg_on_pcg_off_tp1_marker_on_profile_nsys,33,0.091008,gemm,deepgemm,sm90_fp8_gemm_1d2d_impl,"void deep_gemm::sm90_fp8_gemm_1d2d_impl<(cute::UMMA::Major)0, (unsigned int)0, (unsigned int)36864, (unsigned int)7168, (unsigned int)1, (unsigned int)16, (unsigned int)144, (unsigned int)128, (unsigned int)128, (unsigned int)128, (unsigned int)32, (unsigned int)11, (unsigned int)1, (unsigned int)128, (unsigned int)128, (unsigned int)1, (bool)0, (unsigned int)128, (deep_gemm::GemmType)0, deep_gemm::EpilogueIdentity, (bool)0>(float *, int *, int *, unsigned int, unsigned int, unsigned int, CUtensorMap_st, CUtensorMap_st, CUtensorMap_st, CUtensorMap_st)"
20260625_142332_decode_stage1_decode_b16p2048_cg_on_b16_f1_p2048_layers5_backend_auto_cg_on_pcg_off_tp1_marker_on_profile_nsys,35,0.002048,quant,sglang,per_token_group_quant_8bit_kernel,"void per_token_group_quant_8bit_kernel<__nv_bfloat16, __nv_fp8_e4m3, (bool)1, (bool)0, float>(const T1 *, void *, T5 *, int, int, int, float, float, float, int, int)"
20260625_142332_decode_stage1_decode_b16p2048_cg_on_b16_f1_p2048_layers5_backend_auto_cg_on_pcg_off_tp1_marker_on_profile_nsys,36,0.049728,gemm,deepgemm,sm90_fp8_gemm_1d2d_impl,"void deep_gemm::sm90_fp8_gemm_1d2d_impl<(cute::UMMA::Major)0, (unsigned int)0, (unsigned int)7168, (unsigned int)18432, (unsigned int)1, (unsigned int)16, (unsigned int)64, (unsigned int)128, (unsigned int)128, (unsigned int)128, (unsigned int)128, (unsigned int)22, (unsigned int)12, (unsigned int)128, (unsigned int)128, (unsigned int)1, (bool)0, (unsigned int)112, (deep_gemm::GemmType)0, deep_gemm::EpilogueIdentity, (bool)0>(float *, int *, int *, unsigned int, unsigned int, unsigned int, CUtensorMap_st, CUtensorMap_st, CUtensorMap_st, CUtensorMap_st)"
20260625_142332_decode_stage1_decode_b16p2048_cg_on_b16_f1_p2048_layers5_backend_auto_cg_on_pcg_off_tp1_marker_on_profile_nsys,39,0.001728,quant,sglang,per_token_group_quant_8bit_kernel,"void per_token_group_quant_8bit_kernel<__nv_bfloat16, __nv_fp8_e4m3, (bool)1, (bool)0, float>(const T1 *, void *, T5 *, int, int, int, float, float, float, int, int)"
20260625_142332_decode_stage1_decode_b16p2048_cg_on_b16_f1_p2048_layers5_backend_auto_cg_on_pcg_off_tp1_marker_on_profile_nsys,40,0.009696,gemm,deepgemm,sm90_fp8_gemm_1d2d_impl,"void deep_gemm::sm90_fp8_gemm_1d2d_impl<(cute::UMMA::Major)0, (unsigned int)0, (unsigned int)2112, (unsigned int)7168, (unsigned int)1, (unsigned int)16, (unsigned int)16, (unsigned int)128, (unsigned int)128, (unsigned int)128, (unsigned int)32, (unsigned int)32, (unsigned int)24, (unsigned int)128, (unsigned int)128, (unsigned int)1, (bool)0, (unsigned int)132, (deep_gemm::GemmType)0, deep_gemm::EpilogueIdentity, (bool)0>(float *, int *, int *, unsigned int, unsigned int, unsigned int, CUtensorMap_st, CUtensorMap_st, CUtensorMap_st, CUtensorMap_st)"
20260625_142332_decode_stage1_decode_b16p2048_cg_on_b16_f1_p2048_layers5_backend_auto_cg_on_pcg_off_tp1_marker_on_profile_nsys,43,0.001632,quant,sglang,per_token_group_quant_8bit_kernel,"void per_token_group_quant_8bit_kernel<__nv_bfloat16, __nv_fp8_e4m3, (bool)1, (bool)0, float>(const T1 *, void *, T5 *, int, int, int, float, float, float, int, int)"
20260625_142332_decode_stage1_decode_b16p2048_cg_on_b16_f1_p2048_layers5_backend_auto_cg_on_pcg_off_tp1_marker_on_profile_nsys,44,0.016832,gemm,deepgemm,sm90_fp8_gemm_1d2d_impl,"void deep_gemm::sm90_fp8_gemm_1d2d_impl<(cute::UMMA::Major)0, (unsigned int)0, (unsigned int)24576, (unsigned int)1536, (unsigned int)1, (unsigned int)16, (unsigned int)192, (unsigned int)128, (unsigned int)128, (unsigned int)128, (unsigned int)128, (unsigned int)4, (unsigned int)0, (unsigned int)128, (unsigned int)128, (unsigned int)1, (bool)0, (unsigned int)128, (deep_gemm::GemmType)0, deep_gemm::EpilogueIdentity, (bool)0>(float *, int *, int *, unsigned int, unsigned int, unsigned int, CUtensorMap_st, CUtensorMap_st, CUtensorMap_st, CUtensorMap_st)"
20260625_142332_decode_stage1_decode_b16p2048_cg_on_b16_f1_p2048_layers5_backend_auto_cg_on_pcg_off_tp1_marker_on_profile_nsys,45,0.008352,bmm,torch,nvjet_tst_256x16_64x6_2x1_v_bz_TNT,nvjet_tst_256x16_64x6_2x1_v_bz_TNT
20260625_142332_decode_stage1_decode_b16p2048_cg_on_b16_f1_p2048_layers5_backend_auto_cg_on_pcg_off_tp1_marker_on_profile_nsys,47,0.001504,attention_support,sglang_mla,set_mla_kv_buffer_kernel,set_mla_kv_buffer_kernel
20260625_142332_decode_stage1_decode_b16p2048_cg_on_b16_f1_p2048_layers5_backend_auto_cg_on_pcg_off_tp1_marker_on_profile_nsys,51,0.009408,bmm,torch,nvjet_tst_128x16_64x11_1x1_h_bz_TNT,nvjet_tst_128x16_64x11_1x1_h_bz_TNT
20260625_142332_decode_stage1_decode_b16p2048_cg_on_b16_f1_p2048_layers5_backend_auto_cg_on_pcg_off_tp1_marker_on_profile_nsys,52,0.001984,quant,sglang,per_token_group_quant_8bit_kernel,"void per_token_group_quant_8bit_kernel<__nv_bfloat16, __nv_fp8_e4m3, (bool)1, (bool)0, float>(const T1 *, void *, T5 *, int, int, int, float, float, float, int, int)"
20260625_142332_decode_stage1_decode_b16p2048_cg_on_b16_f1_p2048_layers5_backend_auto_cg_on_pcg_off_tp1_marker_on_profile_nsys,53,0.048864,gemm,deepgemm,sm90_fp8_gemm_1d2d_impl,"void deep_gemm::sm90_fp8_gemm_1d2d_impl<(cute::UMMA::Major)0, (unsigned int)0, (unsigned int)7168, (unsigned int)16384, (unsigned int)1, (unsigned int)16, (unsigned int)64, (unsigned int)128, (unsigned int)128, (unsigned int)128, (unsigned int)128, (unsigned int)22, (unsigned int)18, (unsigned int)128, (unsigned int)128, (unsigned int)1, (bool)0, (unsigned int)112, (deep_gemm::GemmType)0, deep_gemm::EpilogueIdentity, (bool)0>(float *, int *, int *, unsigned int, unsigned int, unsigned int, CUtensorMap_st, CUtensorMap_st, CUtensorMap_st, CUtensorMap_st)"
20260625_142332_decode_stage1_decode_b16p2048_cg_on_b16_f1_p2048_layers5_backend_auto_cg_on_pcg_off_tp1_marker_on_profile_nsys,55,0.001696,quant,sglang,per_token_group_quant_8bit_kernel,"void per_token_group_quant_8bit_kernel<__nv_bfloat16, __nv_fp8_e4m3, (bool)1, (bool)0, float>(const T1 *, void *, T5 *, int, int, int, float, float, float, int, int)"
20260625_142332_decode_stage1_decode_b16p2048_cg_on_b16_f1_p2048_layers5_backend_auto_cg_on_pcg_off_tp1_marker_on_profile_nsys,56,0.091072,gemm,deepgemm,sm90_fp8_gemm_1d2d_impl,"void deep_gemm::sm90_fp8_gemm_1d2d_impl<(cute::UMMA::Major)0, (unsigned int)0, (unsigned int)36864, (unsigned int)7168, (unsigned int)1, (unsigned int)16, (unsigned int)144, (unsigned int)128, (unsigned int)128, (unsigned int)128, (unsigned int)32, (unsigned int)11, (unsigned int)1, (unsigned int)128, (unsigned int)128, (unsigned int)1, (bool)0, (unsigned int)128, (deep_gemm::GemmType)0, deep_gemm::EpilogueIdentity, (bool)0>(float *, int *, int *, unsigned int, unsigned int, unsigned int, CUtensorMap_st, CUtensorMap_st, CUtensorMap_st, CUtensorMap_st)"
20260625_142332_decode_stage1_decode_b16p2048_cg_on_b16_f1_p2048_layers5_backend_auto_cg_on_pcg_off_tp1_marker_on_profile_nsys,58,0.00208,quant,sglang,per_token_group_quant_8bit_kernel,"void per_token_group_quant_8bit_kernel<__nv_bfloat16, __nv_fp8_e4m3, (bool)1, (bool)0, float>(const T1 *, void *, T5 *, int, int, int, float, float, float, int, int)"
20260625_142332_decode_stage1_decode_b16p2048_cg_on_b16_f1_p2048_layers5_backend_auto_cg_on_pcg_off_tp1_marker_on_profile_nsys,59,0.049728,gemm,deepgemm,sm90_fp8_gemm_1d2d_impl,"void deep_gemm::sm90_fp8_gemm_1d2d_impl<(cute::UMMA::Major)0, (unsigned int)0, (unsigned int)7168, (unsigned int)18432, (unsigned int)1, (unsigned int)16, (unsigned int)64, (unsigned int)128, (unsigned int)128, (unsigned int)128, (unsigned int)128, (unsigned int)22, (unsigned int)12, (unsigned int)128, (unsigned int)128, (unsigned int)1, (bool)0, (unsigned int)112, (deep_gemm::GemmType)0, deep_gemm::EpilogueIdentity, (bool)0>(float *, int *, int *, unsigned int, unsigned int, unsigned int, CUtensorMap_st, CUtensorMap_st, CUtensorMap_st, CUtensorMap_st)"
20260625_142332_decode_stage1_decode_b16p2048_cg_on_b16_f1_p2048_layers5_backend_auto_cg_on_pcg_off_tp1_marker_on_profile_nsys,61,0.001696,quant,sglang,per_token_group_quant_8bit_kernel,"void per_token_group_quant_8bit_kernel<__nv_bfloat16, __nv_fp8_e4m3, (bool)1, (bool)0, float>(const T1 *, void *, T5 *, int, int, int, float, float, float, int, int)"
20260625_142332_decode_stage1_decode_b16p2048_cg_on_b16_f1_p2048_layers5_backend_auto_cg_on_pcg_off_tp1_marker_on_profile_nsys,62,0.009664,gemm,deepgemm,sm90_fp8_gemm_1d2d_impl,"void deep_gemm::sm90_fp8_gemm_1d2d_impl<(cute::UMMA::Major)0, (unsigned int)0, (unsigned int)2112, (unsigned int)7168, (unsigned int)1, (unsigned int)16, (unsigned int)16, (unsigned int)128, (unsigned int)128, (unsigned int)128, (unsigned int)32, (unsigned int)32, (unsigned int)24, (unsigned int)128, (unsigned int)128, (unsigned int)1, (bool)0, (unsigned int)132, (deep_gemm::GemmType)0, deep_gemm::EpilogueIdentity, (bool)0>(float *, int *, int *, unsigned int, unsigned int, unsigned int, CUtensorMap_st, CUtensorMap_st, CUtensorMap_st, CUtensorMap_st)"
20260625_142332_decode_stage1_decode_b16p2048_cg_on_b16_f1_p2048_layers5_backend_auto_cg_on_pcg_off_tp1_marker_on_profile_nsys,65,0.001632,quant,sglang,per_token_group_quant_8bit_kernel,"void per_token_group_quant_8bit_kernel<__nv_bfloat16, __nv_fp8_e4m3, (bool)1, (bool)0, float>(const T1 *, void *, T5 *, int, int, int, float, float, float, int, int)"
20260625_142332_decode_stage1_decode_b16p2048_cg_on_b16_f1_p2048_layers5_backend_auto_cg_on_pcg_off_tp1_marker_on_profile_nsys,66,0.016768,gemm,deepgemm,sm90_fp8_gemm_1d2d_impl,"void deep_gemm::sm90_fp8_gemm_1d2d_impl<(cute::UMMA::Major)0, (unsigned int)0, (unsigned int)24576, (unsigned int)1536, (unsigned int)1, (unsigned int)16, (unsigned int)192, (unsigned int)128, (unsigned int)128, (unsigned int)128, (unsigned int)128, (unsigned int)4, (unsigned int)0, (unsigned int)128, (unsigned int)128, (unsigned int)1, (bool)0, (unsigned int)128, (deep_gemm::GemmType)0, deep_gemm::EpilogueIdentity, (bool)0>(float *, int *, int *, unsigned int, unsigned int, unsigned int, CUtensorMap_st, CUtensorMap_st, CUtensorMap_st, CUtensorMap_st)"
20260625_142332_decode_stage1_decode_b16p2048_cg_on_b16_f1_p2048_layers5_backend_auto_cg_on_pcg_off_tp1_marker_on_profile_nsys,67,0.008128,bmm,torch,nvjet_tst_256x16_64x6_2x1_v_bz_TNT,nvjet_tst_256x16_64x6_2x1_v_bz_TNT
20260625_142332_decode_stage1_decode_b16p2048_cg_on_b16_f1_p2048_layers5_backend_auto_cg_on_pcg_off_tp1_marker_on_profile_nsys,69,0.001408,attention_support,sglang_mla,set_mla_kv_buffer_kernel,set_mla_kv_buffer_kernel
20260625_142332_decode_stage1_decode_b16p2048_cg_on_b16_f1_p2048_layers5_backend_auto_cg_on_pcg_off_tp1_marker_on_profile_nsys,73,0.009376,bmm,torch,nvjet_tst_128x16_64x11_1x1_h_bz_TNT,nvjet_tst_128x16_64x11_1x1_h_bz_TNT
20260625_142332_decode_stage1_decode_b16p2048_cg_on_b16_f1_p2048_layers5_backend_auto_cg_on_pcg_off_tp1_marker_on_profile_nsys,74,0.002048,quant,sglang,per_token_group_quant_8bit_kernel,"void per_token_group_quant_8bit_kernel<__nv_bfloat16, __nv_fp8_e4m3, (bool)1, (bool)0, float>(const T1 *, void *, T5 *, int, int, int, float, float, float, int, int)"
20260625_142332_decode_stage1_decode_b16p2048_cg_on_b16_f1_p2048_layers5_backend_auto_cg_on_pcg_off_tp1_marker_on_profile_nsys,75,0.04848,gemm,deepgemm,sm90_fp8_gemm_1d2d_impl,"void deep_gemm::sm90_fp8_gemm_1d2d_impl<(cute::UMMA::Major)0, (unsigned int)0, (unsigned int)7168, (unsigned int)16384, (unsigned int)1, (unsigned int)16, (unsigned int)64, (unsigned int)128, (unsigned int)128, (unsigned int)128, (unsigned int)128, (unsigned int)22, (unsigned int)18, (unsigned int)128, (unsigned int)128, (unsigned int)1, (bool)0, (unsigned int)112, (deep_gemm::GemmType)0, deep_gemm::EpilogueIdentity, (bool)0>(float *, int *, int *, unsigned int, unsigned int, unsigned int, CUtensorMap_st, CUtensorMap_st, CUtensorMap_st, CUtensorMap_st)"
20260625_142332_decode_stage1_decode_b16p2048_cg_on_b16_f1_p2048_layers5_backend_auto_cg_on_pcg_off_tp1_marker_on_profile_nsys,77,0.001632,quant,sglang,per_token_group_quant_8bit_kernel,"void per_token_group_quant_8bit_kernel<__nv_bfloat16, __nv_fp8_e4m3, (bool)1, (bool)0, float>(const T1 *, void *, T5 *, int, int, int, float, float, float, int, int)"
20260625_142332_decode_stage1_decode_b16p2048_cg_on_b16_f1_p2048_layers5_backend_auto_cg_on_pcg_off_tp1_marker_on_profile_nsys,78,0.090305,gemm,deepgemm,sm90_fp8_gemm_1d2d_impl,"void deep_gemm::sm90_fp8_gemm_1d2d_impl<(cute::UMMA::Major)0, (unsigned int)0, (unsigned int)36864, (unsigned int)7168, (unsigned int)1, (unsigned int)16, (unsigned int)144, (unsigned int)128, (unsigned int)128, (unsigned int)128, (unsigned int)32, (unsigned int)11, (unsigned int)1, (unsigned int)128, (unsigned int)128, (unsigned int)1, (bool)0, (unsigned int)128, (deep_gemm::GemmType)0, deep_gemm::EpilogueIdentity, (bool)0>(float *, int *, int *, unsigned int, unsigned int, unsigned int, CUtensorMap_st, CUtensorMap_st, CUtensorMap_st, CUtensorMap_st)"
20260625_142332_decode_stage1_decode_b16p2048_cg_on_b16_f1_p2048_layers5_backend_auto_cg_on_pcg_off_tp1_marker_on_profile_nsys,80,0.002016,quant,sglang,per_token_group_quant_8bit_kernel,"void per_token_group_quant_8bit_kernel<__nv_bfloat16, __nv_fp8_e4m3, (bool)1, (bool)0, float>(const T1 *, void *, T5 *, int, int, int, float, float, float, int, int)"
20260625_142332_decode_stage1_decode_b16p2048_cg_on_b16_f1_p2048_layers5_backend_auto_cg_on_pcg_off_tp1_marker_on_profile_nsys,81,0.050047,gemm,deepgemm,sm90_fp8_gemm_1d2d_impl,"void deep_gemm::sm90_fp8_gemm_1d2d_impl<(cute::UMMA::Major)0, (unsigned int)0, (unsigned int)7168, (unsigned int)18432, (unsigned int)1, (unsigned int)16, (unsigned int)64, (unsigned int)128, (unsigned int)128, (unsigned int)128, (unsigned int)128, (unsigned int)22, (unsigned int)12, (unsigned int)128, (unsigned int)128, (unsigned int)1, (bool)0, (unsigned int)112, (deep_gemm::GemmType)0, deep_gemm::EpilogueIdentity, (bool)0>(float *, int *, int *, unsigned int, unsigned int, unsigned int, CUtensorMap_st, CUtensorMap_st, CUtensorMap_st, CUtensorMap_st)"
20260625_142332_decode_stage1_decode_b16p2048_cg_on_b16_f1_p2048_layers5_backend_auto_cg_on_pcg_off_tp1_marker_on_profile_nsys,83,0.001696,quant,sglang,per_token_group_quant_8bit_kernel,"void per_token_group_quant_8bit_kernel<__nv_bfloat16, __nv_fp8_e4m3, (bool)1, (bool)0, float>(const T1 *, void *, T5 *, int, int, int, float, float, float, int, int)"
20260625_142332_decode_stage1_decode_b16p2048_cg_on_b16_f1_p2048_layers5_backend_auto_cg_on_pcg_off_tp1_marker_on_profile_nsys,84,0.00976,gemm,deepgemm,sm90_fp8_gemm_1d2d_impl,"void deep_gemm::sm90_fp8_gemm_1d2d_impl<(cute::UMMA::Major)0, (unsigned int)0, (unsigned int)2112, (unsigned int)7168, (unsigned int)1, (unsigned int)16, (unsigned int)16, (unsigned int)128, (unsigned int)128, (unsigned int)128, (unsigned int)32, (unsigned int)32, (unsigned int)24, (unsigned int)128, (unsigned int)128, (unsigned int)1, (bool)0, (unsigned int)132, (deep_gemm::GemmType)0, deep_gemm::EpilogueIdentity, (bool)0>(float *, int *, int *, unsigned int, unsigned int, unsigned int, CUtensorMap_st, CUtensorMap_st, CUtensorMap_st, CUtensorMap_st)"
20260625_142332_decode_stage1_decode_b16p2048_cg_on_b16_f1_p2048_layers5_backend_auto_cg_on_pcg_off_tp1_marker_on_profile_nsys,87,0.001664,quant,sglang,per_token_group_quant_8bit_kernel,"void per_token_group_quant_8bit_kernel<__nv_bfloat16, __nv_fp8_e4m3, (bool)1, (bool)0, float>(const T1 *, void *, T5 *, int, int, int, float, float, float, int, int)"
20260625_142332_decode_stage1_decode_b16p2048_cg_on_b16_f1_p2048_layers5_backend_auto_cg_on_pcg_off_tp1_marker_on_profile_nsys,88,0.017888,gemm,deepgemm,sm90_fp8_gemm_1d2d_impl,"void deep_gemm::sm90_fp8_gemm_1d2d_impl<(cute::UMMA::Major)0, (unsigned int)0, (unsigned int)24576, (unsigned int)1536, (unsigned int)1, (unsigned int)16, (unsigned int)192, (unsigned int)128, (unsigned int)128, (unsigned int)128, (unsigned int)128, (unsigned int)4, (unsigned int)0, (unsigned int)128, (unsigned int)128, (unsigned int)1, (bool)0, (unsigned int)128, (deep_gemm::GemmType)0, deep_gemm::EpilogueIdentity, (bool)0>(float *, int *, int *, unsigned int, unsigned int, unsigned int, CUtensorMap_st, CUtensorMap_st, CUtensorMap_st, CUtensorMap_st)"
20260625_142332_decode_stage1_decode_b16p2048_cg_on_b16_f1_p2048_layers5_backend_auto_cg_on_pcg_off_tp1_marker_on_profile_nsys,89,0.009088,bmm,torch,nvjet_tst_256x16_64x6_2x1_v_bz_TNT,nvjet_tst_256x16_64x6_2x1_v_bz_TNT
20260625_142332_decode_stage1_decode_b16p2048_cg_on_b16_f1_p2048_layers5_backend_auto_cg_on_pcg_off_tp1_marker_on_profile_nsys,91,0.001376,attention_support,sglang_mla,set_mla_kv_buffer_kernel,set_mla_kv_buffer_kernel
20260625_142332_decode_stage1_decode_b16p2048_cg_on_b16_f1_p2048_layers5_backend_auto_cg_on_pcg_off_tp1_marker_on_profile_nsys,95,0.009504,bmm,torch,nvjet_tst_128x16_64x11_1x1_h_bz_TNT,nvjet_tst_128x16_64x11_1x1_h_bz_TNT
20260625_142332_decode_stage1_decode_b16p2048_cg_on_b16_f1_p2048_layers5_backend_auto_cg_on_pcg_off_tp1_marker_on_profile_nsys,96,0.002016,quant,sglang,per_token_group_quant_8bit_kernel,"void per_token_group_quant_8bit_kernel<__nv_bfloat16, __nv_fp8_e4m3, (bool)1, (bool)0, float>(const T1 *, void *, T5 *, int, int, int, float, float, float, int, int)"
20260625_142332_decode_stage1_decode_b16p2048_cg_on_b16_f1_p2048_layers5_backend_auto_cg_on_pcg_off_tp1_marker_on_profile_nsys,97,0.0496,gemm,deepgemm,sm90_fp8_gemm_1d2d_impl,"void deep_gemm::sm90_fp8_gemm_1d2d_impl<(cute::UMMA::Major)0, (unsigned int)0, (unsigned int)7168, (unsigned int)16384, (unsigned int)1, (unsigned int)16, (unsigned int)64, (unsigned int)128, (unsigned int)128, (unsigned int)128, (unsigned int)128, (unsigned int)22, (unsigned int)18, (unsigned int)128, (unsigned int)128, (unsigned int)1, (bool)0, (unsigned int)112, (deep_gemm::GemmType)0, deep_gemm::EpilogueIdentity, (bool)0>(float *, int *, int *, unsigned int, unsigned int, unsigned int, CUtensorMap_st, CUtensorMap_st, CUtensorMap_st, CUtensorMap_st)"
20260625_142332_decode_stage1_decode_b16p2048_cg_on_b16_f1_p2048_layers5_backend_auto_cg_on_pcg_off_tp1_marker_on_profile_nsys,103,0.001824,quant,sglang,per_token_group_quant_8bit_kernel,"void per_token_group_quant_8bit_kernel<__nv_bfloat16, __nv_fp8_e4m3, (bool)0, (bool)0, float>(const T1 *, void *, T5 *, int, int, int, float, float, float, int, int)"
20260625_142332_decode_stage1_decode_b16p2048_cg_on_b16_f1_p2048_layers5_backend_auto_cg_on_pcg_off_tp1_marker_on_profile_nsys,106,0.001856,quant,sglang,per_token_group_quant_8bit_kernel,"void per_token_group_quant_8bit_kernel<__nv_bfloat16, __nv_fp8_e4m3, (bool)0, (bool)0, float>(const T1 *, void *, T5 *, int, int, int, float, float, float, int, int)"
20260625_142332_decode_stage1_decode_b16p2048_cg_on_b16_f1_p2048_layers5_backend_auto_cg_on_pcg_off_tp1_marker_on_profile_nsys,110,0.001824,quant,sglang,per_token_group_quant_8bit_kernel,"void per_token_group_quant_8bit_kernel<__nv_bfloat16, __nv_fp8_e4m3, (bool)1, (bool)0, float>(const T1 *, void *, T5 *, int, int, int, float, float, float, int, int)"
20260625_142332_decode_stage1_decode_b16p2048_cg_on_b16_f1_p2048_layers5_backend_auto_cg_on_pcg_off_tp1_marker_on_profile_nsys,111,0.0096,gemm,deepgemm,sm90_fp8_gemm_1d2d_impl,"void deep_gemm::sm90_fp8_gemm_1d2d_impl<(cute::UMMA::Major)0, (unsigned int)0, (unsigned int)2112, (unsigned int)7168, (unsigned int)1, (unsigned int)16, (unsigned int)16, (unsigned int)128, (unsigned int)128, (unsigned int)128, (unsigned int)32, (unsigned int)32, (unsigned int)24, (unsigned int)128, (unsigned int)128, (unsigned int)1, (bool)0, (unsigned int)132, (deep_gemm::GemmType)0, deep_gemm::EpilogueIdentity, (bool)0>(float *, int *, int *, unsigned int, unsigned int, unsigned int, CUtensorMap_st, CUtensorMap_st, CUtensorMap_st, CUtensorMap_st)"
20260625_142332_decode_stage1_decode_b16p2048_cg_on_b16_f1_p2048_layers5_backend_auto_cg_on_pcg_off_tp1_marker_on_profile_nsys,114,0.001568,quant,sglang,per_token_group_quant_8bit_kernel,"void per_token_group_quant_8bit_kernel<__nv_bfloat16, __nv_fp8_e4m3, (bool)1, (bool)0, float>(const T1 *, void *, T5 *, int, int, int, float, float, float, int, int)"
20260625_142332_decode_stage1_decode_b16p2048_cg_on_b16_f1_p2048_layers5_backend_auto_cg_on_pcg_off_tp1_marker_on_profile_nsys,115,0.01648,gemm,deepgemm,sm90_fp8_gemm_1d2d_impl,"void deep_gemm::sm90_fp8_gemm_1d2d_impl<(cute::UMMA::Major)0, (unsigned int)0, (unsigned int)24576, (unsigned int)1536, (unsigned int)1, (unsigned int)16, (unsigned int)192, (unsigned int)128, (unsigned int)128, (unsigned int)128, (unsigned int)128, (unsigned int)4, (unsigned int)0, (unsigned int)128, (unsigned int)128, (unsigned int)1, (bool)0, (unsigned int)128, (deep_gemm::GemmType)0, deep_gemm::EpilogueIdentity, (bool)0>(float *, int *, int *, unsigned int, unsigned int, unsigned int, CUtensorMap_st, CUtensorMap_st, CUtensorMap_st, CUtensorMap_st)"
20260625_142332_decode_stage1_decode_b16p2048_cg_on_b16_f1_p2048_layers5_backend_auto_cg_on_pcg_off_tp1_marker_on_profile_nsys,116,0.008416,bmm,torch,nvjet_tst_256x16_64x6_2x1_v_bz_TNT,nvjet_tst_256x16_64x6_2x1_v_bz_TNT
20260625_142332_decode_stage1_decode_b16p2048_cg_on_b16_f1_p2048_layers5_backend_auto_cg_on_pcg_off_tp1_marker_on_profile_nsys,118,0.001376,attention_support,sglang_mla,set_mla_kv_buffer_kernel,set_mla_kv_buffer_kernel
20260625_142332_decode_stage1_decode_b16p2048_cg_on_b16_f1_p2048_layers5_backend_auto_cg_on_pcg_off_tp1_marker_on_profile_nsys,122,0.009248,bmm,torch,nvjet_tst_128x16_64x11_1x1_h_bz_TNT,nvjet_tst_128x16_64x11_1x1_h_bz_TNT
20260625_142332_decode_stage1_decode_b16p2048_cg_on_b16_f1_p2048_layers5_backend_auto_cg_on_pcg_off_tp1_marker_on_profile_nsys,123,0.002016,quant,sglang,per_token_group_quant_8bit_kernel,"void per_token_group_quant_8bit_kernel<__nv_bfloat16, __nv_fp8_e4m3, (bool)1, (bool)0, float>(const T1 *, void *, T5 *, int, int, int, float, float, float, int, int)"
20260625_142332_decode_stage1_decode_b16p2048_cg_on_b16_f1_p2048_layers5_backend_auto_cg_on_pcg_off_tp1_marker_on_profile_nsys,124,0.049631,gemm,deepgemm,sm90_fp8_gemm_1d2d_impl,"void deep_gemm::sm90_fp8_gemm_1d2d_impl<(cute::UMMA::Major)0, (unsigned int)0, (unsigned int)7168, (unsigned int)16384, (unsigned int)1, (unsigned int)16, (unsigned int)64, (unsigned int)128, (unsigned int)128, (unsigned int)128, (unsigned int)128, (unsigned int)22, (unsigned int)18, (unsigned int)128, (unsigned int)128, (unsigned int)1, (bool)0, (unsigned int)112, (deep_gemm::GemmType)0, deep_gemm::EpilogueIdentity, (bool)0>(float *, int *, int *, unsigned int, unsigned int, unsigned int, CUtensorMap_st, CUtensorMap_st, CUtensorMap_st, CUtensorMap_st)"
20260625_142332_decode_stage1_decode_b16p2048_cg_on_b16_f1_p2048_layers5_backend_auto_cg_on_pcg_off_tp1_marker_on_profile_nsys,130,0.001792,quant,sglang,per_token_group_quant_8bit_kernel,"void per_token_group_quant_8bit_kernel<__nv_bfloat16, __nv_fp8_e4m3, (bool)0, (bool)0, float>(const T1 *, void *, T5 *, int, int, int, float, float, float, int, int)"
20260625_142332_decode_stage1_decode_b16p2048_cg_on_b16_f1_p2048_layers5_backend_auto_cg_on_pcg_off_tp1_marker_on_profile_nsys,133,0.001952,quant,sglang,per_token_group_quant_8bit_kernel,"void per_token_group_quant_8bit_kernel<__nv_bfloat16, __nv_fp8_e4m3, (bool)0, (bool)0, float>(const T1 *, void *, T5 *, int, int, int, float, float, float, int, int)"
20260625_142332_decode_stage1_decode_b16p2048_cg_on_b16_f1_p2048_layers5_backend_auto_cg_on_pcg_off_tp1_marker_on_profile_nsys,137,0.623712,bmm,torch,nvjet_tst_512x16_64x3_2x1_v_bz_TNT,nvjet_tst_512x16_64x3_2x1_v_bz_TNT
20260625_142620_decode_stage1_decode_b4p4096_cg_on_b4_f1_p4096_layers5_backend_auto_cg_on_pcg_off_tp1_marker_on_profile_nsys,16,0.00208,quant,sglang,per_token_group_quant_8bit_kernel,"void per_token_group_quant_8bit_kernel<__nv_bfloat16, __nv_fp8_e4m3, (bool)1, (bool)0, float>(const T1 *, void *, T5 *, int, int, int, float, float, float, int, int)"
20260625_142620_decode_stage1_decode_b4p4096_cg_on_b4_f1_p4096_layers5_backend_auto_cg_on_pcg_off_tp1_marker_on_profile_nsys,17,0.013792,gemm,deepgemm,sm90_fp8_gemm_1d2d_impl,"void deep_gemm::sm90_fp8_gemm_1d2d_impl<(cute::UMMA::Major)0, (unsigned int)0, (unsigned int)2112, (unsigned int)7168, (unsigned int)1, (unsigned int)16, (unsigned int)16, (unsigned int)128, (unsigned int)128, (unsigned int)128, (unsigned int)32, (unsigned int)32, (unsigned int)24, (unsigned int)128, (unsigned int)128, (unsigned int)1, (bool)0, (unsigned int)132, (deep_gemm::GemmType)0, deep_gemm::EpilogueIdentity, (bool)0>(float *, int *, int *, unsigned int, unsigned int, unsigned int, CUtensorMap_st, CUtensorMap_st, CUtensorMap_st, CUtensorMap_st)"
20260625_142620_decode_stage1_decode_b4p4096_cg_on_b4_f1_p4096_layers5_backend_auto_cg_on_pcg_off_tp1_marker_on_profile_nsys,20,0.001536,quant,sglang,per_token_group_quant_8bit_kernel,"void per_token_group_quant_8bit_kernel<__nv_bfloat16, __nv_fp8_e4m3, (bool)1, (bool)0, float>(const T1 *, void *, T5 *, int, int, int, float, float, float, int, int)"
20260625_142620_decode_stage1_decode_b4p4096_cg_on_b4_f1_p4096_layers5_backend_auto_cg_on_pcg_off_tp1_marker_on_profile_nsys,21,0.01856,gemm,deepgemm,sm90_fp8_gemm_1d2d_impl,"void deep_gemm::sm90_fp8_gemm_1d2d_impl<(cute::UMMA::Major)0, (unsigned int)0, (unsigned int)24576, (unsigned int)1536, (unsigned int)1, (unsigned int)16, (unsigned int)192, (unsigned int)128, (unsigned int)128, (unsigned int)128, (unsigned int)128, (unsigned int)4, (unsigned int)0, (unsigned int)128, (unsigned int)128, (unsigned int)1, (bool)0, (unsigned int)128, (deep_gemm::GemmType)0, deep_gemm::EpilogueIdentity, (bool)0>(float *, int *, int *, unsigned int, unsigned int, unsigned int, CUtensorMap_st, CUtensorMap_st, CUtensorMap_st, CUtensorMap_st)"
20260625_142620_decode_stage1_decode_b4p4096_cg_on_b4_f1_p4096_layers5_backend_auto_cg_on_pcg_off_tp1_marker_on_profile_nsys,22,0.008096,bmm,torch,nvjet_tst_256x8_64x6_2x1_v_bz_TNT,nvjet_tst_256x8_64x6_2x1_v_bz_TNT
20260625_142620_decode_stage1_decode_b4p4096_cg_on_b4_f1_p4096_layers5_backend_auto_cg_on_pcg_off_tp1_marker_on_profile_nsys,24,0.00128,attention_support,sglang_mla,set_mla_kv_buffer_kernel,set_mla_kv_buffer_kernel
20260625_142620_decode_stage1_decode_b4p4096_cg_on_b4_f1_p4096_layers5_backend_auto_cg_on_pcg_off_tp1_marker_on_profile_nsys,28,0.008384,bmm,torch,nvjet_tst_128x8_64x12_1x1_h_bz_TNT,nvjet_tst_128x8_64x12_1x1_h_bz_TNT
20260625_142620_decode_stage1_decode_b4p4096_cg_on_b4_f1_p4096_layers5_backend_auto_cg_on_pcg_off_tp1_marker_on_profile_nsys,29,0.001728,quant,sglang,per_token_group_quant_8bit_kernel,"void per_token_group_quant_8bit_kernel<__nv_bfloat16, __nv_fp8_e4m3, (bool)1, (bool)0, float>(const T1 *, void *, T5 *, int, int, int, float, float, float, int, int)"
20260625_142620_decode_stage1_decode_b4p4096_cg_on_b4_f1_p4096_layers5_backend_auto_cg_on_pcg_off_tp1_marker_on_profile_nsys,30,0.048031,gemm,deepgemm,sm90_fp8_gemm_1d2d_impl,"void deep_gemm::sm90_fp8_gemm_1d2d_impl<(cute::UMMA::Major)0, (unsigned int)0, (unsigned int)7168, (unsigned int)16384, (unsigned int)1, (unsigned int)16, (unsigned int)64, (unsigned int)128, (unsigned int)128, (unsigned int)128, (unsigned int)128, (unsigned int)22, (unsigned int)18, (unsigned int)128, (unsigned int)128, (unsigned int)1, (bool)0, (unsigned int)112, (deep_gemm::GemmType)0, deep_gemm::EpilogueIdentity, (bool)0>(float *, int *, int *, unsigned int, unsigned int, unsigned int, CUtensorMap_st, CUtensorMap_st, CUtensorMap_st, CUtensorMap_st)"
20260625_142620_decode_stage1_decode_b4p4096_cg_on_b4_f1_p4096_layers5_backend_auto_cg_on_pcg_off_tp1_marker_on_profile_nsys,32,0.001568,quant,sglang,per_token_group_quant_8bit_kernel,"void per_token_group_quant_8bit_kernel<__nv_bfloat16, __nv_fp8_e4m3, (bool)1, (bool)0, float>(const T1 *, void *, T5 *, int, int, int, float, float, float, int, int)"
20260625_142620_decode_stage1_decode_b4p4096_cg_on_b4_f1_p4096_layers5_backend_auto_cg_on_pcg_off_tp1_marker_on_profile_nsys,33,0.089056,gemm,deepgemm,sm90_fp8_gemm_1d2d_impl,"void deep_gemm::sm90_fp8_gemm_1d2d_impl<(cute::UMMA::Major)0, (unsigned int)0, (unsigned int)36864, (unsigned int)7168, (unsigned int)1, (unsigned int)16, (unsigned int)144, (unsigned int)128, (unsigned int)128, (unsigned int)128, (unsigned int)32, (unsigned int)11, (unsigned int)1, (unsigned int)128, (unsigned int)128, (unsigned int)1, (bool)0, (unsigned int)128, (deep_gemm::GemmType)0, deep_gemm::EpilogueIdentity, (bool)0>(float *, int *, int *, unsigned int, unsigned int, unsigned int, CUtensorMap_st, CUtensorMap_st, CUtensorMap_st, CUtensorMap_st)"
20260625_142620_decode_stage1_decode_b4p4096_cg_on_b4_f1_p4096_layers5_backend_auto_cg_on_pcg_off_tp1_marker_on_profile_nsys,35,0.002048,quant,sglang,per_token_group_quant_8bit_kernel,"void per_token_group_quant_8bit_kernel<__nv_bfloat16, __nv_fp8_e4m3, (bool)1, (bool)0, float>(const T1 *, void *, T5 *, int, int, int, float, float, float, int, int)"
20260625_142620_decode_stage1_decode_b4p4096_cg_on_b4_f1_p4096_layers5_backend_auto_cg_on_pcg_off_tp1_marker_on_profile_nsys,36,0.04976,gemm,deepgemm,sm90_fp8_gemm_1d2d_impl,"void deep_gemm::sm90_fp8_gemm_1d2d_impl<(cute::UMMA::Major)0, (unsigned int)0, (unsigned int)7168, (unsigned int)18432, (unsigned int)1, (unsigned int)16, (unsigned int)64, (unsigned int)128, (unsigned int)128, (unsigned int)128, (unsigned int)128, (unsigned int)22, (unsigned int)12, (unsigned int)128, (unsigned int)128, (unsigned int)1, (bool)0, (unsigned int)112, (deep_gemm::GemmType)0, deep_gemm::EpilogueIdentity, (bool)0>(float *, int *, int *, unsigned int, unsigned int, unsigned int, CUtensorMap_st, CUtensorMap_st, CUtensorMap_st, CUtensorMap_st)"
20260625_142620_decode_stage1_decode_b4p4096_cg_on_b4_f1_p4096_layers5_backend_auto_cg_on_pcg_off_tp1_marker_on_profile_nsys,38,0.001696,quant,sglang,per_token_group_quant_8bit_kernel,"void per_token_group_quant_8bit_kernel<__nv_bfloat16, __nv_fp8_e4m3, (bool)1, (bool)0, float>(const T1 *, void *, T5 *, int, int, int, float, float, float, int, int)"
20260625_142620_decode_stage1_decode_b4p4096_cg_on_b4_f1_p4096_layers5_backend_auto_cg_on_pcg_off_tp1_marker_on_profile_nsys,39,0.012288,gemm,deepgemm,sm90_fp8_gemm_1d2d_impl,"void deep_gemm::sm90_fp8_gemm_1d2d_impl<(cute::UMMA::Major)0, (unsigned int)0, (unsigned int)2112, (unsigned int)7168, (unsigned int)1, (unsigned int)16, (unsigned int)16, (unsigned int)128, (unsigned int)128, (unsigned int)128, (unsigned int)32, (unsigned int)32, (unsigned int)24, (unsigned int)128, (unsigned int)128, (unsigned int)1, (bool)0, (unsigned int)132, (deep_gemm::GemmType)0, deep_gemm::EpilogueIdentity, (bool)0>(float *, int *, int *, unsigned int, unsigned int, unsigned int, CUtensorMap_st, CUtensorMap_st, CUtensorMap_st, CUtensorMap_st)"
20260625_142620_decode_stage1_decode_b4p4096_cg_on_b4_f1_p4096_layers5_backend_auto_cg_on_pcg_off_tp1_marker_on_profile_nsys,43,0.001664,quant,sglang,per_token_group_quant_8bit_kernel,"void per_token_group_quant_8bit_kernel<__nv_bfloat16, __nv_fp8_e4m3, (bool)1, (bool)0, float>(const T1 *, void *, T5 *, int, int, int, float, float, float, int, int)"
20260625_142620_decode_stage1_decode_b4p4096_cg_on_b4_f1_p4096_layers5_backend_auto_cg_on_pcg_off_tp1_marker_on_profile_nsys,44,0.016416,gemm,deepgemm,sm90_fp8_gemm_1d2d_impl,"void deep_gemm::sm90_fp8_gemm_1d2d_impl<(cute::UMMA::Major)0, (unsigned int)0, (unsigned int)24576, (unsigned int)1536, (unsigned int)1, (unsigned int)16, (unsigned int)192, (unsigned int)128, (unsigned int)128, (unsigned int)128, (unsigned int)128, (unsigned int)4, (unsigned int)0, (unsigned int)128, (unsigned int)128, (unsigned int)1, (bool)0, (unsigned int)128, (deep_gemm::GemmType)0, deep_gemm::EpilogueIdentity, (bool)0>(float *, int *, int *, unsigned int, unsigned int, unsigned int, CUtensorMap_st, CUtensorMap_st, CUtensorMap_st, CUtensorMap_st)"
20260625_142620_decode_stage1_decode_b4p4096_cg_on_b4_f1_p4096_layers5_backend_auto_cg_on_pcg_off_tp1_marker_on_profile_nsys,45,0.007936,bmm,torch,nvjet_tst_256x8_64x6_2x1_v_bz_TNT,nvjet_tst_256x8_64x6_2x1_v_bz_TNT
20260625_142620_decode_stage1_decode_b4p4096_cg_on_b4_f1_p4096_layers5_backend_auto_cg_on_pcg_off_tp1_marker_on_profile_nsys,47,0.001376,attention_support,sglang_mla,set_mla_kv_buffer_kernel,set_mla_kv_buffer_kernel
20260625_142620_decode_stage1_decode_b4p4096_cg_on_b4_f1_p4096_layers5_backend_auto_cg_on_pcg_off_tp1_marker_on_profile_nsys,51,0.008544,bmm,torch,nvjet_tst_128x8_64x12_1x1_h_bz_TNT,nvjet_tst_128x8_64x12_1x1_h_bz_TNT
20260625_142620_decode_stage1_decode_b4p4096_cg_on_b4_f1_p4096_layers5_backend_auto_cg_on_pcg_off_tp1_marker_on_profile_nsys,52,0.001984,quant,sglang,per_token_group_quant_8bit_kernel,"void per_token_group_quant_8bit_kernel<__nv_bfloat16, __nv_fp8_e4m3, (bool)1, (bool)0, float>(const T1 *, void *, T5 *, int, int, int, float, float, float, int, int)"
20260625_142620_decode_stage1_decode_b4p4096_cg_on_b4_f1_p4096_layers5_backend_auto_cg_on_pcg_off_tp1_marker_on_profile_nsys,53,0.0488,gemm,deepgemm,sm90_fp8_gemm_1d2d_impl,"void deep_gemm::sm90_fp8_gemm_1d2d_impl<(cute::UMMA::Major)0, (unsigned int)0, (unsigned int)7168, (unsigned int)16384, (unsigned int)1, (unsigned int)16, (unsigned int)64, (unsigned int)128, (unsigned int)128, (unsigned int)128, (unsigned int)128, (unsigned int)22, (unsigned int)18, (unsigned int)128, (unsigned int)128, (unsigned int)1, (bool)0, (unsigned int)112, (deep_gemm::GemmType)0, deep_gemm::EpilogueIdentity, (bool)0>(float *, int *, int *, unsigned int, unsigned int, unsigned int, CUtensorMap_st, CUtensorMap_st, CUtensorMap_st, CUtensorMap_st)"
20260625_142620_decode_stage1_decode_b4p4096_cg_on_b4_f1_p4096_layers5_backend_auto_cg_on_pcg_off_tp1_marker_on_profile_nsys,55,0.001632,quant,sglang,per_token_group_quant_8bit_kernel,"void per_token_group_quant_8bit_kernel<__nv_bfloat16, __nv_fp8_e4m3, (bool)1, (bool)0, float>(const T1 *, void *, T5 *, int, int, int, float, float, float, int, int)"
20260625_142620_decode_stage1_decode_b4p4096_cg_on_b4_f1_p4096_layers5_backend_auto_cg_on_pcg_off_tp1_marker_on_profile_nsys,56,0.09088,gemm,deepgemm,sm90_fp8_gemm_1d2d_impl,"void deep_gemm::sm90_fp8_gemm_1d2d_impl<(cute::UMMA::Major)0, (unsigned int)0, (unsigned int)36864, (unsigned int)7168, (unsigned int)1, (unsigned int)16, (unsigned int)144, (unsigned int)128, (unsigned int)128, (unsigned int)128, (unsigned int)32, (unsigned int)11, (unsigned int)1, (unsigned int)128, (unsigned int)128, (unsigned int)1, (bool)0, (unsigned int)128, (deep_gemm::GemmType)0, deep_gemm::EpilogueIdentity, (bool)0>(float *, int *, int *, unsigned int, unsigned int, unsigned int, CUtensorMap_st, CUtensorMap_st, CUtensorMap_st, CUtensorMap_st)"
20260625_142620_decode_stage1_decode_b4p4096_cg_on_b4_f1_p4096_layers5_backend_auto_cg_on_pcg_off_tp1_marker_on_profile_nsys,58,0.002048,quant,sglang,per_token_group_quant_8bit_kernel,"void per_token_group_quant_8bit_kernel<__nv_bfloat16, __nv_fp8_e4m3, (bool)1, (bool)0, float>(const T1 *, void *, T5 *, int, int, int, float, float, float, int, int)"
20260625_142620_decode_stage1_decode_b4p4096_cg_on_b4_f1_p4096_layers5_backend_auto_cg_on_pcg_off_tp1_marker_on_profile_nsys,59,0.04944,gemm,deepgemm,sm90_fp8_gemm_1d2d_impl,"void deep_gemm::sm90_fp8_gemm_1d2d_impl<(cute::UMMA::Major)0, (unsigned int)0, (unsigned int)7168, (unsigned int)18432, (unsigned int)1, (unsigned int)16, (unsigned int)64, (unsigned int)128, (unsigned int)128, (unsigned int)128, (unsigned int)128, (unsigned int)22, (unsigned int)12, (unsigned int)128, (unsigned int)128, (unsigned int)1, (bool)0, (unsigned int)112, (deep_gemm::GemmType)0, deep_gemm::EpilogueIdentity, (bool)0>(float *, int *, int *, unsigned int, unsigned int, unsigned int, CUtensorMap_st, CUtensorMap_st, CUtensorMap_st, CUtensorMap_st)"
20260625_142620_decode_stage1_decode_b4p4096_cg_on_b4_f1_p4096_layers5_backend_auto_cg_on_pcg_off_tp1_marker_on_profile_nsys,61,0.001632,quant,sglang,per_token_group_quant_8bit_kernel,"void per_token_group_quant_8bit_kernel<__nv_bfloat16, __nv_fp8_e4m3, (bool)1, (bool)0, float>(const T1 *, void *, T5 *, int, int, int, float, float, float, int, int)"
20260625_142620_decode_stage1_decode_b4p4096_cg_on_b4_f1_p4096_layers5_backend_auto_cg_on_pcg_off_tp1_marker_on_profile_nsys,62,0.012896,gemm,deepgemm,sm90_fp8_gemm_1d2d_impl,"void deep_gemm::sm90_fp8_gemm_1d2d_impl<(cute::UMMA::Major)0, (unsigned int)0, (unsigned int)2112, (unsigned int)7168, (unsigned int)1, (unsigned int)16, (unsigned int)16, (unsigned int)128, (unsigned int)128, (unsigned int)128, (unsigned int)32, (unsigned int)32, (unsigned int)24, (unsigned int)128, (unsigned int)128, (unsigned int)1, (bool)0, (unsigned int)132, (deep_gemm::GemmType)0, deep_gemm::EpilogueIdentity, (bool)0>(float *, int *, int *, unsigned int, unsigned int, unsigned int, CUtensorMap_st, CUtensorMap_st, CUtensorMap_st, CUtensorMap_st)"
20260625_142620_decode_stage1_decode_b4p4096_cg_on_b4_f1_p4096_layers5_backend_auto_cg_on_pcg_off_tp1_marker_on_profile_nsys,65,0.001568,quant,sglang,per_token_group_quant_8bit_kernel,"void per_token_group_quant_8bit_kernel<__nv_bfloat16, __nv_fp8_e4m3, (bool)1, (bool)0, float>(const T1 *, void *, T5 *, int, int, int, float, float, float, int, int)"
20260625_142620_decode_stage1_decode_b4p4096_cg_on_b4_f1_p4096_layers5_backend_auto_cg_on_pcg_off_tp1_marker_on_profile_nsys,66,0.016864,gemm,deepgemm,sm90_fp8_gemm_1d2d_impl,"void deep_gemm::sm90_fp8_gemm_1d2d_impl<(cute::UMMA::Major)0, (unsigned int)0, (unsigned int)24576, (unsigned int)1536, (unsigned int)1, (unsigned int)16, (unsigned int)192, (unsigned int)128, (unsigned int)128, (unsigned int)128, (unsigned int)128, (unsigned int)4, (unsigned int)0, (unsigned int)128, (unsigned int)128, (unsigned int)1, (bool)0, (unsigned int)128, (deep_gemm::GemmType)0, deep_gemm::EpilogueIdentity, (bool)0>(float *, int *, int *, unsigned int, unsigned int, unsigned int, CUtensorMap_st, CUtensorMap_st, CUtensorMap_st, CUtensorMap_st)"
20260625_142620_decode_stage1_decode_b4p4096_cg_on_b4_f1_p4096_layers5_backend_auto_cg_on_pcg_off_tp1_marker_on_profile_nsys,67,0.008288,bmm,torch,nvjet_tst_256x8_64x6_2x1_v_bz_TNT,nvjet_tst_256x8_64x6_2x1_v_bz_TNT
20260625_142620_decode_stage1_decode_b4p4096_cg_on_b4_f1_p4096_layers5_backend_auto_cg_on_pcg_off_tp1_marker_on_profile_nsys,69,0.001504,attention_support,sglang_mla,set_mla_kv_buffer_kernel,set_mla_kv_buffer_kernel
20260625_142620_decode_stage1_decode_b4p4096_cg_on_b4_f1_p4096_layers5_backend_auto_cg_on_pcg_off_tp1_marker_on_profile_nsys,73,0.008544,bmm,torch,nvjet_tst_128x8_64x12_1x1_h_bz_TNT,nvjet_tst_128x8_64x12_1x1_h_bz_TNT
20260625_142620_decode_stage1_decode_b4p4096_cg_on_b4_f1_p4096_layers5_backend_auto_cg_on_pcg_off_tp1_marker_on_profile_nsys,74,0.001824,quant,sglang,per_token_group_quant_8bit_kernel,"void per_token_group_quant_8bit_kernel<__nv_bfloat16, __nv_fp8_e4m3, (bool)1, (bool)0, float>(const T1 *, void *, T5 *, int, int, int, float, float, float, int, int)"
20260625_142620_decode_stage1_decode_b4p4096_cg_on_b4_f1_p4096_layers5_backend_auto_cg_on_pcg_off_tp1_marker_on_profile_nsys,75,0.049504,gemm,deepgemm,sm90_fp8_gemm_1d2d_impl,"void deep_gemm::sm90_fp8_gemm_1d2d_impl<(cute::UMMA::Major)0, (unsigned int)0, (unsigned int)7168, (unsigned int)16384, (unsigned int)1, (unsigned int)16, (unsigned int)64, (unsigned int)128, (unsigned int)128, (unsigned int)128, (unsigned int)128, (unsigned int)22, (unsigned int)18, (unsigned int)128, (unsigned int)128, (unsigned int)1, (bool)0, (unsigned int)112, (deep_gemm::GemmType)0, deep_gemm::EpilogueIdentity, (bool)0>(float *, int *, int *, unsigned int, unsigned int, unsigned int, CUtensorMap_st, CUtensorMap_st, CUtensorMap_st, CUtensorMap_st)"
20260625_142620_decode_stage1_decode_b4p4096_cg_on_b4_f1_p4096_layers5_backend_auto_cg_on_pcg_off_tp1_marker_on_profile_nsys,77,0.0016,quant,sglang,per_token_group_quant_8bit_kernel,"void per_token_group_quant_8bit_kernel<__nv_bfloat16, __nv_fp8_e4m3, (bool)1, (bool)0, float>(const T1 *, void *, T5 *, int, int, int, float, float, float, int, int)"
20260625_142620_decode_stage1_decode_b4p4096_cg_on_b4_f1_p4096_layers5_backend_auto_cg_on_pcg_off_tp1_marker_on_profile_nsys,78,0.089281,gemm,deepgemm,sm90_fp8_gemm_1d2d_impl,"void deep_gemm::sm90_fp8_gemm_1d2d_impl<(cute::UMMA::Major)0, (unsigned int)0, (unsigned int)36864, (unsigned int)7168, (unsigned int)1, (unsigned int)16, (unsigned int)144, (unsigned int)128, (unsigned int)128, (unsigned int)128, (unsigned int)32, (unsigned int)11, (unsigned int)1, (unsigned int)128, (unsigned int)128, (unsigned int)1, (bool)0, (unsigned int)128, (deep_gemm::GemmType)0, deep_gemm::EpilogueIdentity, (bool)0>(float *, int *, int *, unsigned int, unsigned int, unsigned int, CUtensorMap_st, CUtensorMap_st, CUtensorMap_st, CUtensorMap_st)"
20260625_142620_decode_stage1_decode_b4p4096_cg_on_b4_f1_p4096_layers5_backend_auto_cg_on_pcg_off_tp1_marker_on_profile_nsys,80,0.001984,quant,sglang,per_token_group_quant_8bit_kernel,"void per_token_group_quant_8bit_kernel<__nv_bfloat16, __nv_fp8_e4m3, (bool)1, (bool)0, float>(const T1 *, void *, T5 *, int, int, int, float, float, float, int, int)"
20260625_142620_decode_stage1_decode_b4p4096_cg_on_b4_f1_p4096_layers5_backend_auto_cg_on_pcg_off_tp1_marker_on_profile_nsys,81,0.049983,gemm,deepgemm,sm90_fp8_gemm_1d2d_impl,"void deep_gemm::sm90_fp8_gemm_1d2d_impl<(cute::UMMA::Major)0, (unsigned int)0, (unsigned int)7168, (unsigned int)18432, (unsigned int)1, (unsigned int)16, (unsigned int)64, (unsigned int)128, (unsigned int)128, (unsigned int)128, (unsigned int)128, (unsigned int)22, (unsigned int)12, (unsigned int)128, (unsigned int)128, (unsigned int)1, (bool)0, (unsigned int)112, (deep_gemm::GemmType)0, deep_gemm::EpilogueIdentity, (bool)0>(float *, int *, int *, unsigned int, unsigned int, unsigned int, CUtensorMap_st, CUtensorMap_st, CUtensorMap_st, CUtensorMap_st)"
20260625_142620_decode_stage1_decode_b4p4096_cg_on_b4_f1_p4096_layers5_backend_auto_cg_on_pcg_off_tp1_marker_on_profile_nsys,83,0.001568,quant,sglang,per_token_group_quant_8bit_kernel,"void per_token_group_quant_8bit_kernel<__nv_bfloat16, __nv_fp8_e4m3, (bool)1, (bool)0, float>(const T1 *, void *, T5 *, int, int, int, float, float, float, int, int)"
20260625_142620_decode_stage1_decode_b4p4096_cg_on_b4_f1_p4096_layers5_backend_auto_cg_on_pcg_off_tp1_marker_on_profile_nsys,84,0.013664,gemm,deepgemm,sm90_fp8_gemm_1d2d_impl,"void deep_gemm::sm90_fp8_gemm_1d2d_impl<(cute::UMMA::Major)0, (unsigned int)0, (unsigned int)2112, (unsigned int)7168, (unsigned int)1, (unsigned int)16, (unsigned int)16, (unsigned int)128, (unsigned int)128, (unsigned int)128, (unsigned int)32, (unsigned int)32, (unsigned int)24, (unsigned int)128, (unsigned int)128, (unsigned int)1, (bool)0, (unsigned int)132, (deep_gemm::GemmType)0, deep_gemm::EpilogueIdentity, (bool)0>(float *, int *, int *, unsigned int, unsigned int, unsigned int, CUtensorMap_st, CUtensorMap_st, CUtensorMap_st, CUtensorMap_st)"
20260625_142620_decode_stage1_decode_b4p4096_cg_on_b4_f1_p4096_layers5_backend_auto_cg_on_pcg_off_tp1_marker_on_profile_nsys,87,0.001632,quant,sglang,per_token_group_quant_8bit_kernel,"void per_token_group_quant_8bit_kernel<__nv_bfloat16, __nv_fp8_e4m3, (bool)1, (bool)0, float>(const T1 *, void *, T5 *, int, int, int, float, float, float, int, int)"
20260625_142620_decode_stage1_decode_b4p4096_cg_on_b4_f1_p4096_layers5_backend_auto_cg_on_pcg_off_tp1_marker_on_profile_nsys,88,0.016768,gemm,deepgemm,sm90_fp8_gemm_1d2d_impl,"void deep_gemm::sm90_fp8_gemm_1d2d_impl<(cute::UMMA::Major)0, (unsigned int)0, (unsigned int)24576, (unsigned int)1536, (unsigned int)1, (unsigned int)16, (unsigned int)192, (unsigned int)128, (unsigned int)128, (unsigned int)128, (unsigned int)128, (unsigned int)4, (unsigned int)0, (unsigned int)128, (unsigned int)128, (unsigned int)1, (bool)0, (unsigned int)128, (deep_gemm::GemmType)0, deep_gemm::EpilogueIdentity, (bool)0>(float *, int *, int *, unsigned int, unsigned int, unsigned int, CUtensorMap_st, CUtensorMap_st, CUtensorMap_st, CUtensorMap_st)"
20260625_142620_decode_stage1_decode_b4p4096_cg_on_b4_f1_p4096_layers5_backend_auto_cg_on_pcg_off_tp1_marker_on_profile_nsys,89,0.008256,bmm,torch,nvjet_tst_256x8_64x6_2x1_v_bz_TNT,nvjet_tst_256x8_64x6_2x1_v_bz_TNT
20260625_142620_decode_stage1_decode_b4p4096_cg_on_b4_f1_p4096_layers5_backend_auto_cg_on_pcg_off_tp1_marker_on_profile_nsys,91,0.001408,attention_support,sglang_mla,set_mla_kv_buffer_kernel,set_mla_kv_buffer_kernel
20260625_142620_decode_stage1_decode_b4p4096_cg_on_b4_f1_p4096_layers5_backend_auto_cg_on_pcg_off_tp1_marker_on_profile_nsys,95,0.0088,bmm,torch,nvjet_tst_128x8_64x12_1x1_h_bz_TNT,nvjet_tst_128x8_64x12_1x1_h_bz_TNT
20260625_142620_decode_stage1_decode_b4p4096_cg_on_b4_f1_p4096_layers5_backend_auto_cg_on_pcg_off_tp1_marker_on_profile_nsys,96,0.001792,quant,sglang,per_token_group_quant_8bit_kernel,"void per_token_group_quant_8bit_kernel<__nv_bfloat16, __nv_fp8_e4m3, (bool)1, (bool)0, float>(const T1 *, void *, T5 *, int, int, int, float, float, float, int, int)"
20260625_142620_decode_stage1_decode_b4p4096_cg_on_b4_f1_p4096_layers5_backend_auto_cg_on_pcg_off_tp1_marker_on_profile_nsys,97,0.048351,gemm,deepgemm,sm90_fp8_gemm_1d2d_impl,"void deep_gemm::sm90_fp8_gemm_1d2d_impl<(cute::UMMA::Major)0, (unsigned int)0, (unsigned int)7168, (unsigned int)16384, (unsigned int)1, (unsigned int)16, (unsigned int)64, (unsigned int)128, (unsigned int)128, (unsigned int)128, (unsigned int)128, (unsigned int)22, (unsigned int)18, (unsigned int)128, (unsigned int)128, (unsigned int)1, (bool)0, (unsigned int)112, (deep_gemm::GemmType)0, deep_gemm::EpilogueIdentity, (bool)0>(float *, int *, int *, unsigned int, unsigned int, unsigned int, CUtensorMap_st, CUtensorMap_st, CUtensorMap_st, CUtensorMap_st)"
20260625_142620_decode_stage1_decode_b4p4096_cg_on_b4_f1_p4096_layers5_backend_auto_cg_on_pcg_off_tp1_marker_on_profile_nsys,103,0.001696,quant,sglang,per_token_group_quant_8bit_kernel,"void per_token_group_quant_8bit_kernel<__nv_bfloat16, __nv_fp8_e4m3, (bool)0, (bool)0, float>(const T1 *, void *, T5 *, int, int, int, float, float, float, int, int)"
20260625_142620_decode_stage1_decode_b4p4096_cg_on_b4_f1_p4096_layers5_backend_auto_cg_on_pcg_off_tp1_marker_on_profile_nsys,106,0.001568,quant,sglang,per_token_group_quant_8bit_kernel,"void per_token_group_quant_8bit_kernel<__nv_bfloat16, __nv_fp8_e4m3, (bool)0, (bool)0, float>(const T1 *, void *, T5 *, int, int, int, float, float, float, int, int)"
20260625_142620_decode_stage1_decode_b4p4096_cg_on_b4_f1_p4096_layers5_backend_auto_cg_on_pcg_off_tp1_marker_on_profile_nsys,110,0.001696,quant,sglang,per_token_group_quant_8bit_kernel,"void per_token_group_quant_8bit_kernel<__nv_bfloat16, __nv_fp8_e4m3, (bool)1, (bool)0, float>(const T1 *, void *, T5 *, int, int, int, float, float, float, int, int)"
20260625_142620_decode_stage1_decode_b4p4096_cg_on_b4_f1_p4096_layers5_backend_auto_cg_on_pcg_off_tp1_marker_on_profile_nsys,111,0.01472,gemm,deepgemm,sm90_fp8_gemm_1d2d_impl,"void deep_gemm::sm90_fp8_gemm_1d2d_impl<(cute::UMMA::Major)0, (unsigned int)0, (unsigned int)2112, (unsigned int)7168, (unsigned int)1, (unsigned int)16, (unsigned int)16, (unsigned int)128, (unsigned int)128, (unsigned int)128, (unsigned int)32, (unsigned int)32, (unsigned int)24, (unsigned int)128, (unsigned int)128, (unsigned int)1, (bool)0, (unsigned int)132, (deep_gemm::GemmType)0, deep_gemm::EpilogueIdentity, (bool)0>(float *, int *, int *, unsigned int, unsigned int, unsigned int, CUtensorMap_st, CUtensorMap_st, CUtensorMap_st, CUtensorMap_st)"
20260625_142620_decode_stage1_decode_b4p4096_cg_on_b4_f1_p4096_layers5_backend_auto_cg_on_pcg_off_tp1_marker_on_profile_nsys,114,0.001536,quant,sglang,per_token_group_quant_8bit_kernel,"void per_token_group_quant_8bit_kernel<__nv_bfloat16, __nv_fp8_e4m3, (bool)1, (bool)0, float>(const T1 *, void *, T5 *, int, int, int, float, float, float, int, int)"
20260625_142620_decode_stage1_decode_b4p4096_cg_on_b4_f1_p4096_layers5_backend_auto_cg_on_pcg_off_tp1_marker_on_profile_nsys,115,0.01616,gemm,deepgemm,sm90_fp8_gemm_1d2d_impl,"void deep_gemm::sm90_fp8_gemm_1d2d_impl<(cute::UMMA::Major)0, (unsigned int)0, (unsigned int)24576, (unsigned int)1536, (unsigned int)1, (unsigned int)16, (unsigned int)192, (unsigned int)128, (unsigned int)128, (unsigned int)128, (unsigned int)128, (unsigned int)4, (unsigned int)0, (unsigned int)128, (unsigned int)128, (unsigned int)1, (bool)0, (unsigned int)128, (deep_gemm::GemmType)0, deep_gemm::EpilogueIdentity, (bool)0>(float *, int *, int *, unsigned int, unsigned int, unsigned int, CUtensorMap_st, CUtensorMap_st, CUtensorMap_st, CUtensorMap_st)"
20260625_142620_decode_stage1_decode_b4p4096_cg_on_b4_f1_p4096_layers5_backend_auto_cg_on_pcg_off_tp1_marker_on_profile_nsys,116,0.008224,bmm,torch,nvjet_tst_256x8_64x6_2x1_v_bz_TNT,nvjet_tst_256x8_64x6_2x1_v_bz_TNT
20260625_142620_decode_stage1_decode_b4p4096_cg_on_b4_f1_p4096_layers5_backend_auto_cg_on_pcg_off_tp1_marker_on_profile_nsys,118,0.001344,attention_support,sglang_mla,set_mla_kv_buffer_kernel,set_mla_kv_buffer_kernel
20260625_142620_decode_stage1_decode_b4p4096_cg_on_b4_f1_p4096_layers5_backend_auto_cg_on_pcg_off_tp1_marker_on_profile_nsys,122,0.00864,bmm,torch,nvjet_tst_128x8_64x12_1x1_h_bz_TNT,nvjet_tst_128x8_64x12_1x1_h_bz_TNT
20260625_142620_decode_stage1_decode_b4p4096_cg_on_b4_f1_p4096_layers5_backend_auto_cg_on_pcg_off_tp1_marker_on_profile_nsys,123,0.001728,quant,sglang,per_token_group_quant_8bit_kernel,"void per_token_group_quant_8bit_kernel<__nv_bfloat16, __nv_fp8_e4m3, (bool)1, (bool)0, float>(const T1 *, void *, T5 *, int, int, int, float, float, float, int, int)"
20260625_142620_decode_stage1_decode_b4p4096_cg_on_b4_f1_p4096_layers5_backend_auto_cg_on_pcg_off_tp1_marker_on_profile_nsys,124,0.048864,gemm,deepgemm,sm90_fp8_gemm_1d2d_impl,"void deep_gemm::sm90_fp8_gemm_1d2d_impl<(cute::UMMA::Major)0, (unsigned int)0, (unsigned int)7168, (unsigned int)16384, (unsigned int)1, (unsigned int)16, (unsigned int)64, (unsigned int)128, (unsigned int)128, (unsigned int)128, (unsigned int)128, (unsigned int)22, (unsigned int)18, (unsigned int)128, (unsigned int)128, (unsigned int)1, (bool)0, (unsigned int)112, (deep_gemm::GemmType)0, deep_gemm::EpilogueIdentity, (bool)0>(float *, int *, int *, unsigned int, unsigned int, unsigned int, CUtensorMap_st, CUtensorMap_st, CUtensorMap_st, CUtensorMap_st)"
20260625_142620_decode_stage1_decode_b4p4096_cg_on_b4_f1_p4096_layers5_backend_auto_cg_on_pcg_off_tp1_marker_on_profile_nsys,130,0.001536,quant,sglang,per_token_group_quant_8bit_kernel,"void per_token_group_quant_8bit_kernel<__nv_bfloat16, __nv_fp8_e4m3, (bool)0, (bool)0, float>(const T1 *, void *, T5 *, int, int, int, float, float, float, int, int)"
20260625_142620_decode_stage1_decode_b4p4096_cg_on_b4_f1_p4096_layers5_backend_auto_cg_on_pcg_off_tp1_marker_on_profile_nsys,133,0.001568,quant,sglang,per_token_group_quant_8bit_kernel,"void per_token_group_quant_8bit_kernel<__nv_bfloat16, __nv_fp8_e4m3, (bool)0, (bool)0, float>(const T1 *, void *, T5 *, int, int, int, float, float, float, int, int)"
20260625_142620_decode_stage1_decode_b4p4096_cg_on_b4_f1_p4096_layers5_backend_auto_cg_on_pcg_off_tp1_marker_on_profile_nsys,137,0.618016,bmm,torch,nvjet_tst_384x8_64x4_2x1_v_bz_TNT,nvjet_tst_384x8_64x4_2x1_v_bz_TNT
20260625_142903_decode_stage1_decode_b8p4096_cg_on_b8_f1_p4096_layers5_backend_auto_cg_on_pcg_off_tp1_marker_on_profile_nsys,16,0.001824,quant,sglang,per_token_group_quant_8bit_kernel,"void per_token_group_quant_8bit_kernel<__nv_bfloat16, __nv_fp8_e4m3, (bool)1, (bool)0, float>(const T1 *, void *, T5 *, int, int, int, float, float, float, int, int)"
20260625_142903_decode_stage1_decode_b8p4096_cg_on_b8_f1_p4096_layers5_backend_auto_cg_on_pcg_off_tp1_marker_on_profile_nsys,17,0.009696,gemm,deepgemm,sm90_fp8_gemm_1d2d_impl,"void deep_gemm::sm90_fp8_gemm_1d2d_impl<(cute::UMMA::Major)0, (unsigned int)0, (unsigned int)2112, (unsigned int)7168, (unsigned int)1, (unsigned int)16, (unsigned int)16, (unsigned int)128, (unsigned int)128, (unsigned int)128, (unsigned int)32, (unsigned int)32, (unsigned int)24, (unsigned int)128, (unsigned int)128, (unsigned int)1, (bool)0, (unsigned int)132, (deep_gemm::GemmType)0, deep_gemm::EpilogueIdentity, (bool)0>(float *, int *, int *, unsigned int, unsigned int, unsigned int, CUtensorMap_st, CUtensorMap_st, CUtensorMap_st, CUtensorMap_st)"
20260625_142903_decode_stage1_decode_b8p4096_cg_on_b8_f1_p4096_layers5_backend_auto_cg_on_pcg_off_tp1_marker_on_profile_nsys,20,0.001536,quant,sglang,per_token_group_quant_8bit_kernel,"void per_token_group_quant_8bit_kernel<__nv_bfloat16, __nv_fp8_e4m3, (bool)1, (bool)0, float>(const T1 *, void *, T5 *, int, int, int, float, float, float, int, int)"
20260625_142903_decode_stage1_decode_b8p4096_cg_on_b8_f1_p4096_layers5_backend_auto_cg_on_pcg_off_tp1_marker_on_profile_nsys,21,0.019552,gemm,deepgemm,sm90_fp8_gemm_1d2d_impl,"void deep_gemm::sm90_fp8_gemm_1d2d_impl<(cute::UMMA::Major)0, (unsigned int)0, (unsigned int)24576, (unsigned int)1536, (unsigned int)1, (unsigned int)16, (unsigned int)192, (unsigned int)128, (unsigned int)128, (unsigned int)128, (unsigned int)128, (unsigned int)4, (unsigned int)0, (unsigned int)128, (unsigned int)128, (unsigned int)1, (bool)0, (unsigned int)128, (deep_gemm::GemmType)0, deep_gemm::EpilogueIdentity, (bool)0>(float *, int *, int *, unsigned int, unsigned int, unsigned int, CUtensorMap_st, CUtensorMap_st, CUtensorMap_st, CUtensorMap_st)"
20260625_142903_decode_stage1_decode_b8p4096_cg_on_b8_f1_p4096_layers5_backend_auto_cg_on_pcg_off_tp1_marker_on_profile_nsys,22,0.008416,bmm,torch,nvjet_tst_256x8_64x6_2x1_v_bz_TNT,nvjet_tst_256x8_64x6_2x1_v_bz_TNT
20260625_142903_decode_stage1_decode_b8p4096_cg_on_b8_f1_p4096_layers5_backend_auto_cg_on_pcg_off_tp1_marker_on_profile_nsys,24,0.001344,attention_support,sglang_mla,set_mla_kv_buffer_kernel,set_mla_kv_buffer_kernel
20260625_142903_decode_stage1_decode_b8p4096_cg_on_b8_f1_p4096_layers5_backend_auto_cg_on_pcg_off_tp1_marker_on_profile_nsys,28,0.008704,bmm,torch,nvjet_tst_128x8_64x12_1x1_h_bz_TNT,nvjet_tst_128x8_64x12_1x1_h_bz_TNT
20260625_142903_decode_stage1_decode_b8p4096_cg_on_b8_f1_p4096_layers5_backend_auto_cg_on_pcg_off_tp1_marker_on_profile_nsys,29,0.001824,quant,sglang,per_token_group_quant_8bit_kernel,"void per_token_group_quant_8bit_kernel<__nv_bfloat16, __nv_fp8_e4m3, (bool)1, (bool)0, float>(const T1 *, void *, T5 *, int, int, int, float, float, float, int, int)"
20260625_142903_decode_stage1_decode_b8p4096_cg_on_b8_f1_p4096_layers5_backend_auto_cg_on_pcg_off_tp1_marker_on_profile_nsys,30,0.049215,gemm,deepgemm,sm90_fp8_gemm_1d2d_impl,"void deep_gemm::sm90_fp8_gemm_1d2d_impl<(cute::UMMA::Major)0, (unsigned int)0, (unsigned int)7168, (unsigned int)16384, (unsigned int)1, (unsigned int)16, (unsigned int)64, (unsigned int)128, (unsigned int)128, (unsigned int)128, (unsigned int)128, (unsigned int)22, (unsigned int)18, (unsigned int)128, (unsigned int)128, (unsigned int)1, (bool)0, (unsigned int)112, (deep_gemm::GemmType)0, deep_gemm::EpilogueIdentity, (bool)0>(float *, int *, int *, unsigned int, unsigned int, unsigned int, CUtensorMap_st, CUtensorMap_st, CUtensorMap_st, CUtensorMap_st)"
20260625_142903_decode_stage1_decode_b8p4096_cg_on_b8_f1_p4096_layers5_backend_auto_cg_on_pcg_off_tp1_marker_on_profile_nsys,32,0.001664,quant,sglang,per_token_group_quant_8bit_kernel,"void per_token_group_quant_8bit_kernel<__nv_bfloat16, __nv_fp8_e4m3, (bool)1, (bool)0, float>(const T1 *, void *, T5 *, int, int, int, float, float, float, int, int)"
20260625_142903_decode_stage1_decode_b8p4096_cg_on_b8_f1_p4096_layers5_backend_auto_cg_on_pcg_off_tp1_marker_on_profile_nsys,33,0.090784,gemm,deepgemm,sm90_fp8_gemm_1d2d_impl,"void deep_gemm::sm90_fp8_gemm_1d2d_impl<(cute::UMMA::Major)0, (unsigned int)0, (unsigned int)36864, (unsigned int)7168, (unsigned int)1, (unsigned int)16, (unsigned int)144, (unsigned int)128, (unsigned int)128, (unsigned int)128, (unsigned int)32, (unsigned int)11, (unsigned int)1, (unsigned int)128, (unsigned int)128, (unsigned int)1, (bool)0, (unsigned int)128, (deep_gemm::GemmType)0, deep_gemm::EpilogueIdentity, (bool)0>(float *, int *, int *, unsigned int, unsigned int, unsigned int, CUtensorMap_st, CUtensorMap_st, CUtensorMap_st, CUtensorMap_st)"
20260625_142903_decode_stage1_decode_b8p4096_cg_on_b8_f1_p4096_layers5_backend_auto_cg_on_pcg_off_tp1_marker_on_profile_nsys,35,0.002176,quant,sglang,per_token_group_quant_8bit_kernel,"void per_token_group_quant_8bit_kernel<__nv_bfloat16, __nv_fp8_e4m3, (bool)1, (bool)0, float>(const T1 *, void *, T5 *, int, int, int, float, float, float, int, int)"
20260625_142903_decode_stage1_decode_b8p4096_cg_on_b8_f1_p4096_layers5_backend_auto_cg_on_pcg_off_tp1_marker_on_profile_nsys,36,0.049344,gemm,deepgemm,sm90_fp8_gemm_1d2d_impl,"void deep_gemm::sm90_fp8_gemm_1d2d_impl<(cute::UMMA::Major)0, (unsigned int)0, (unsigned int)7168, (unsigned int)18432, (unsigned int)1, (unsigned int)16, (unsigned int)64, (unsigned int)128, (unsigned int)128, (unsigned int)128, (unsigned int)128, (unsigned int)22, (unsigned int)12, (unsigned int)128, (unsigned int)128, (unsigned int)1, (bool)0, (unsigned int)112, (deep_gemm::GemmType)0, deep_gemm::EpilogueIdentity, (bool)0>(float *, int *, int *, unsigned int, unsigned int, unsigned int, CUtensorMap_st, CUtensorMap_st, CUtensorMap_st, CUtensorMap_st)"
20260625_142903_decode_stage1_decode_b8p4096_cg_on_b8_f1_p4096_layers5_backend_auto_cg_on_pcg_off_tp1_marker_on_profile_nsys,39,0.00176,quant,sglang,per_token_group_quant_8bit_kernel,"void per_token_group_quant_8bit_kernel<__nv_bfloat16, __nv_fp8_e4m3, (bool)1, (bool)0, float>(const T1 *, void *, T5 *, int, int, int, float, float, float, int, int)"
20260625_142903_decode_stage1_decode_b8p4096_cg_on_b8_f1_p4096_layers5_backend_auto_cg_on_pcg_off_tp1_marker_on_profile_nsys,40,0.0096,gemm,deepgemm,sm90_fp8_gemm_1d2d_impl,"void deep_gemm::sm90_fp8_gemm_1d2d_impl<(cute::UMMA::Major)0, (unsigned int)0, (unsigned int)2112, (unsigned int)7168, (unsigned int)1, (unsigned int)16, (unsigned int)16, (unsigned int)128, (unsigned int)128, (unsigned int)128, (unsigned int)32, (unsigned int)32, (unsigned int)24, (unsigned int)128, (unsigned int)128, (unsigned int)1, (bool)0, (unsigned int)132, (deep_gemm::GemmType)0, deep_gemm::EpilogueIdentity, (bool)0>(float *, int *, int *, unsigned int, unsigned int, unsigned int, CUtensorMap_st, CUtensorMap_st, CUtensorMap_st, CUtensorMap_st)"
20260625_142903_decode_stage1_decode_b8p4096_cg_on_b8_f1_p4096_layers5_backend_auto_cg_on_pcg_off_tp1_marker_on_profile_nsys,43,0.001632,quant,sglang,per_token_group_quant_8bit_kernel,"void per_token_group_quant_8bit_kernel<__nv_bfloat16, __nv_fp8_e4m3, (bool)1, (bool)0, float>(const T1 *, void *, T5 *, int, int, int, float, float, float, int, int)"
20260625_142903_decode_stage1_decode_b8p4096_cg_on_b8_f1_p4096_layers5_backend_auto_cg_on_pcg_off_tp1_marker_on_profile_nsys,44,0.017152,gemm,deepgemm,sm90_fp8_gemm_1d2d_impl,"void deep_gemm::sm90_fp8_gemm_1d2d_impl<(cute::UMMA::Major)0, (unsigned int)0, (unsigned int)24576, (unsigned int)1536, (unsigned int)1, (unsigned int)16, (unsigned int)192, (unsigned int)128, (unsigned int)128, (unsigned int)128, (unsigned int)128, (unsigned int)4, (unsigned int)0, (unsigned int)128, (unsigned int)128, (unsigned int)1, (bool)0, (unsigned int)128, (deep_gemm::GemmType)0, deep_gemm::EpilogueIdentity, (bool)0>(float *, int *, int *, unsigned int, unsigned int, unsigned int, CUtensorMap_st, CUtensorMap_st, CUtensorMap_st, CUtensorMap_st)"
20260625_142903_decode_stage1_decode_b8p4096_cg_on_b8_f1_p4096_layers5_backend_auto_cg_on_pcg_off_tp1_marker_on_profile_nsys,45,0.008,bmm,torch,nvjet_tst_256x8_64x6_2x1_v_bz_TNT,nvjet_tst_256x8_64x6_2x1_v_bz_TNT
20260625_142903_decode_stage1_decode_b8p4096_cg_on_b8_f1_p4096_layers5_backend_auto_cg_on_pcg_off_tp1_marker_on_profile_nsys,47,0.001376,attention_support,sglang_mla,set_mla_kv_buffer_kernel,set_mla_kv_buffer_kernel
20260625_142903_decode_stage1_decode_b8p4096_cg_on_b8_f1_p4096_layers5_backend_auto_cg_on_pcg_off_tp1_marker_on_profile_nsys,51,0.0088,bmm,torch,nvjet_tst_128x8_64x12_1x1_h_bz_TNT,nvjet_tst_128x8_64x12_1x1_h_bz_TNT
20260625_142903_decode_stage1_decode_b8p4096_cg_on_b8_f1_p4096_layers5_backend_auto_cg_on_pcg_off_tp1_marker_on_profile_nsys,52,0.001792,quant,sglang,per_token_group_quant_8bit_kernel,"void per_token_group_quant_8bit_kernel<__nv_bfloat16, __nv_fp8_e4m3, (bool)1, (bool)0, float>(const T1 *, void *, T5 *, int, int, int, float, float, float, int, int)"
20260625_142903_decode_stage1_decode_b8p4096_cg_on_b8_f1_p4096_layers5_backend_auto_cg_on_pcg_off_tp1_marker_on_profile_nsys,53,0.049983,gemm,deepgemm,sm90_fp8_gemm_1d2d_impl,"void deep_gemm::sm90_fp8_gemm_1d2d_impl<(cute::UMMA::Major)0, (unsigned int)0, (unsigned int)7168, (unsigned int)16384, (unsigned int)1, (unsigned int)16, (unsigned int)64, (unsigned int)128, (unsigned int)128, (unsigned int)128, (unsigned int)128, (unsigned int)22, (unsigned int)18, (unsigned int)128, (unsigned int)128, (unsigned int)1, (bool)0, (unsigned int)112, (deep_gemm::GemmType)0, deep_gemm::EpilogueIdentity, (bool)0>(float *, int *, int *, unsigned int, unsigned int, unsigned int, CUtensorMap_st, CUtensorMap_st, CUtensorMap_st, CUtensorMap_st)"
20260625_142903_decode_stage1_decode_b8p4096_cg_on_b8_f1_p4096_layers5_backend_auto_cg_on_pcg_off_tp1_marker_on_profile_nsys,55,0.001632,quant,sglang,per_token_group_quant_8bit_kernel,"void per_token_group_quant_8bit_kernel<__nv_bfloat16, __nv_fp8_e4m3, (bool)1, (bool)0, float>(const T1 *, void *, T5 *, int, int, int, float, float, float, int, int)"
20260625_142903_decode_stage1_decode_b8p4096_cg_on_b8_f1_p4096_layers5_backend_auto_cg_on_pcg_off_tp1_marker_on_profile_nsys,56,0.090432,gemm,deepgemm,sm90_fp8_gemm_1d2d_impl,"void deep_gemm::sm90_fp8_gemm_1d2d_impl<(cute::UMMA::Major)0, (unsigned int)0, (unsigned int)36864, (unsigned int)7168, (unsigned int)1, (unsigned int)16, (unsigned int)144, (unsigned int)128, (unsigned int)128, (unsigned int)128, (unsigned int)32, (unsigned int)11, (unsigned int)1, (unsigned int)128, (unsigned int)128, (unsigned int)1, (bool)0, (unsigned int)128, (deep_gemm::GemmType)0, deep_gemm::EpilogueIdentity, (bool)0>(float *, int *, int *, unsigned int, unsigned int, unsigned int, CUtensorMap_st, CUtensorMap_st, CUtensorMap_st, CUtensorMap_st)"
20260625_142903_decode_stage1_decode_b8p4096_cg_on_b8_f1_p4096_layers5_backend_auto_cg_on_pcg_off_tp1_marker_on_profile_nsys,58,0.002048,quant,sglang,per_token_group_quant_8bit_kernel,"void per_token_group_quant_8bit_kernel<__nv_bfloat16, __nv_fp8_e4m3, (bool)1, (bool)0, float>(const T1 *, void *, T5 *, int, int, int, float, float, float, int, int)"
20260625_142903_decode_stage1_decode_b8p4096_cg_on_b8_f1_p4096_layers5_backend_auto_cg_on_pcg_off_tp1_marker_on_profile_nsys,59,0.0488,gemm,deepgemm,sm90_fp8_gemm_1d2d_impl,"void deep_gemm::sm90_fp8_gemm_1d2d_impl<(cute::UMMA::Major)0, (unsigned int)0, (unsigned int)7168, (unsigned int)18432, (unsigned int)1, (unsigned int)16, (unsigned int)64, (unsigned int)128, (unsigned int)128, (unsigned int)128, (unsigned int)128, (unsigned int)22, (unsigned int)12, (unsigned int)128, (unsigned int)128, (unsigned int)1, (bool)0, (unsigned int)112, (deep_gemm::GemmType)0, deep_gemm::EpilogueIdentity, (bool)0>(float *, int *, int *, unsigned int, unsigned int, unsigned int, CUtensorMap_st, CUtensorMap_st, CUtensorMap_st, CUtensorMap_st)"
20260625_142903_decode_stage1_decode_b8p4096_cg_on_b8_f1_p4096_layers5_backend_auto_cg_on_pcg_off_tp1_marker_on_profile_nsys,61,0.001696,quant,sglang,per_token_group_quant_8bit_kernel,"void per_token_group_quant_8bit_kernel<__nv_bfloat16, __nv_fp8_e4m3, (bool)1, (bool)0, float>(const T1 *, void *, T5 *, int, int, int, float, float, float, int, int)"
20260625_142903_decode_stage1_decode_b8p4096_cg_on_b8_f1_p4096_layers5_backend_auto_cg_on_pcg_off_tp1_marker_on_profile_nsys,62,0.0096,gemm,deepgemm,sm90_fp8_gemm_1d2d_impl,"void deep_gemm::sm90_fp8_gemm_1d2d_impl<(cute::UMMA::Major)0, (unsigned int)0, (unsigned int)2112, (unsigned int)7168, (unsigned int)1, (unsigned int)16, (unsigned int)16, (unsigned int)128, (unsigned int)128, (unsigned int)128, (unsigned int)32, (unsigned int)32, (unsigned int)24, (unsigned int)128, (unsigned int)128, (unsigned int)1, (bool)0, (unsigned int)132, (deep_gemm::GemmType)0, deep_gemm::EpilogueIdentity, (bool)0>(float *, int *, int *, unsigned int, unsigned int, unsigned int, CUtensorMap_st, CUtensorMap_st, CUtensorMap_st, CUtensorMap_st)"
20260625_142903_decode_stage1_decode_b8p4096_cg_on_b8_f1_p4096_layers5_backend_auto_cg_on_pcg_off_tp1_marker_on_profile_nsys,65,0.001568,quant,sglang,per_token_group_quant_8bit_kernel,"void per_token_group_quant_8bit_kernel<__nv_bfloat16, __nv_fp8_e4m3, (bool)1, (bool)0, float>(const T1 *, void *, T5 *, int, int, int, float, float, float, int, int)"
20260625_142903_decode_stage1_decode_b8p4096_cg_on_b8_f1_p4096_layers5_backend_auto_cg_on_pcg_off_tp1_marker_on_profile_nsys,66,0.017216,gemm,deepgemm,sm90_fp8_gemm_1d2d_impl,"void deep_gemm::sm90_fp8_gemm_1d2d_impl<(cute::UMMA::Major)0, (unsigned int)0, (unsigned int)24576, (unsigned int)1536, (unsigned int)1, (unsigned int)16, (unsigned int)192, (unsigned int)128, (unsigned int)128, (unsigned int)128, (unsigned int)128, (unsigned int)4, (unsigned int)0, (unsigned int)128, (unsigned int)128, (unsigned int)1, (bool)0, (unsigned int)128, (deep_gemm::GemmType)0, deep_gemm::EpilogueIdentity, (bool)0>(float *, int *, int *, unsigned int, unsigned int, unsigned int, CUtensorMap_st, CUtensorMap_st, CUtensorMap_st, CUtensorMap_st)"
20260625_142903_decode_stage1_decode_b8p4096_cg_on_b8_f1_p4096_layers5_backend_auto_cg_on_pcg_off_tp1_marker_on_profile_nsys,67,0.008096,bmm,torch,nvjet_tst_256x8_64x6_2x1_v_bz_TNT,nvjet_tst_256x8_64x6_2x1_v_bz_TNT
20260625_142903_decode_stage1_decode_b8p4096_cg_on_b8_f1_p4096_layers5_backend_auto_cg_on_pcg_off_tp1_marker_on_profile_nsys,69,0.001664,attention_support,sglang_mla,set_mla_kv_buffer_kernel,set_mla_kv_buffer_kernel
20260625_142903_decode_stage1_decode_b8p4096_cg_on_b8_f1_p4096_layers5_backend_auto_cg_on_pcg_off_tp1_marker_on_profile_nsys,73,0.008896,bmm,torch,nvjet_tst_128x8_64x12_1x1_h_bz_TNT,nvjet_tst_128x8_64x12_1x1_h_bz_TNT
20260625_142903_decode_stage1_decode_b8p4096_cg_on_b8_f1_p4096_layers5_backend_auto_cg_on_pcg_off_tp1_marker_on_profile_nsys,74,0.001824,quant,sglang,per_token_group_quant_8bit_kernel,"void per_token_group_quant_8bit_kernel<__nv_bfloat16, __nv_fp8_e4m3, (bool)1, (bool)0, float>(const T1 *, void *, T5 *, int, int, int, float, float, float, int, int)"
20260625_142903_decode_stage1_decode_b8p4096_cg_on_b8_f1_p4096_layers5_backend_auto_cg_on_pcg_off_tp1_marker_on_profile_nsys,75,0.049952,gemm,deepgemm,sm90_fp8_gemm_1d2d_impl,"void deep_gemm::sm90_fp8_gemm_1d2d_impl<(cute::UMMA::Major)0, (unsigned int)0, (unsigned int)7168, (unsigned int)16384, (unsigned int)1, (unsigned int)16, (unsigned int)64, (unsigned int)128, (unsigned int)128, (unsigned int)128, (unsigned int)128, (unsigned int)22, (unsigned int)18, (unsigned int)128, (unsigned int)128, (unsigned int)1, (bool)0, (unsigned int)112, (deep_gemm::GemmType)0, deep_gemm::EpilogueIdentity, (bool)0>(float *, int *, int *, unsigned int, unsigned int, unsigned int, CUtensorMap_st, CUtensorMap_st, CUtensorMap_st, CUtensorMap_st)"
20260625_142903_decode_stage1_decode_b8p4096_cg_on_b8_f1_p4096_layers5_backend_auto_cg_on_pcg_off_tp1_marker_on_profile_nsys,77,0.001632,quant,sglang,per_token_group_quant_8bit_kernel,"void per_token_group_quant_8bit_kernel<__nv_bfloat16, __nv_fp8_e4m3, (bool)1, (bool)0, float>(const T1 *, void *, T5 *, int, int, int, float, float, float, int, int)"
20260625_142903_decode_stage1_decode_b8p4096_cg_on_b8_f1_p4096_layers5_backend_auto_cg_on_pcg_off_tp1_marker_on_profile_nsys,78,0.091936,gemm,deepgemm,sm90_fp8_gemm_1d2d_impl,"void deep_gemm::sm90_fp8_gemm_1d2d_impl<(cute::UMMA::Major)0, (unsigned int)0, (unsigned int)36864, (unsigned int)7168, (unsigned int)1, (unsigned int)16, (unsigned int)144, (unsigned int)128, (unsigned int)128, (unsigned int)128, (unsigned int)32, (unsigned int)11, (unsigned int)1, (unsigned int)128, (unsigned int)128, (unsigned int)1, (bool)0, (unsigned int)128, (deep_gemm::GemmType)0, deep_gemm::EpilogueIdentity, (bool)0>(float *, int *, int *, unsigned int, unsigned int, unsigned int, CUtensorMap_st, CUtensorMap_st, CUtensorMap_st, CUtensorMap_st)"
20260625_142903_decode_stage1_decode_b8p4096_cg_on_b8_f1_p4096_layers5_backend_auto_cg_on_pcg_off_tp1_marker_on_profile_nsys,80,0.002272,quant,sglang,per_token_group_quant_8bit_kernel,"void per_token_group_quant_8bit_kernel<__nv_bfloat16, __nv_fp8_e4m3, (bool)1, (bool)0, float>(const T1 *, void *, T5 *, int, int, int, float, float, float, int, int)"
20260625_142903_decode_stage1_decode_b8p4096_cg_on_b8_f1_p4096_layers5_backend_auto_cg_on_pcg_off_tp1_marker_on_profile_nsys,81,0.049984,gemm,deepgemm,sm90_fp8_gemm_1d2d_impl,"void deep_gemm::sm90_fp8_gemm_1d2d_impl<(cute::UMMA::Major)0, (unsigned int)0, (unsigned int)7168, (unsigned int)18432, (unsigned int)1, (unsigned int)16, (unsigned int)64, (unsigned int)128, (unsigned int)128, (unsigned int)128, (unsigned int)128, (unsigned int)22, (unsigned int)12, (unsigned int)128, (unsigned int)128, (unsigned int)1, (bool)0, (unsigned int)112, (deep_gemm::GemmType)0, deep_gemm::EpilogueIdentity, (bool)0>(float *, int *, int *, unsigned int, unsigned int, unsigned int, CUtensorMap_st, CUtensorMap_st, CUtensorMap_st, CUtensorMap_st)"
20260625_142903_decode_stage1_decode_b8p4096_cg_on_b8_f1_p4096_layers5_backend_auto_cg_on_pcg_off_tp1_marker_on_profile_nsys,83,0.001664,quant,sglang,per_token_group_quant_8bit_kernel,"void per_token_group_quant_8bit_kernel<__nv_bfloat16, __nv_fp8_e4m3, (bool)1, (bool)0, float>(const T1 *, void *, T5 *, int, int, int, float, float, float, int, int)"
20260625_142903_decode_stage1_decode_b8p4096_cg_on_b8_f1_p4096_layers5_backend_auto_cg_on_pcg_off_tp1_marker_on_profile_nsys,84,0.01008,gemm,deepgemm,sm90_fp8_gemm_1d2d_impl,"void deep_gemm::sm90_fp8_gemm_1d2d_impl<(cute::UMMA::Major)0, (unsigned int)0, (unsigned int)2112, (unsigned int)7168, (unsigned int)1, (unsigned int)16, (unsigned int)16, (unsigned int)128, (unsigned int)128, (unsigned int)128, (unsigned int)32, (unsigned int)32, (unsigned int)24, (unsigned int)128, (unsigned int)128, (unsigned int)1, (bool)0, (unsigned int)132, (deep_gemm::GemmType)0, deep_gemm::EpilogueIdentity, (bool)0>(float *, int *, int *, unsigned int, unsigned int, unsigned int, CUtensorMap_st, CUtensorMap_st, CUtensorMap_st, CUtensorMap_st)"
20260625_142903_decode_stage1_decode_b8p4096_cg_on_b8_f1_p4096_layers5_backend_auto_cg_on_pcg_off_tp1_marker_on_profile_nsys,87,0.001632,quant,sglang,per_token_group_quant_8bit_kernel,"void per_token_group_quant_8bit_kernel<__nv_bfloat16, __nv_fp8_e4m3, (bool)1, (bool)0, float>(const T1 *, void *, T5 *, int, int, int, float, float, float, int, int)"
20260625_142903_decode_stage1_decode_b8p4096_cg_on_b8_f1_p4096_layers5_backend_auto_cg_on_pcg_off_tp1_marker_on_profile_nsys,88,0.016384,gemm,deepgemm,sm90_fp8_gemm_1d2d_impl,"void deep_gemm::sm90_fp8_gemm_1d2d_impl<(cute::UMMA::Major)0, (unsigned int)0, (unsigned int)24576, (unsigned int)1536, (unsigned int)1, (unsigned int)16, (unsigned int)192, (unsigned int)128, (unsigned int)128, (unsigned int)128, (unsigned int)128, (unsigned int)4, (unsigned int)0, (unsigned int)128, (unsigned int)128, (unsigned int)1, (bool)0, (unsigned int)128, (deep_gemm::GemmType)0, deep_gemm::EpilogueIdentity, (bool)0>(float *, int *, int *, unsigned int, unsigned int, unsigned int, CUtensorMap_st, CUtensorMap_st, CUtensorMap_st, CUtensorMap_st)"
20260625_142903_decode_stage1_decode_b8p4096_cg_on_b8_f1_p4096_layers5_backend_auto_cg_on_pcg_off_tp1_marker_on_profile_nsys,89,0.007968,bmm,torch,nvjet_tst_256x8_64x6_2x1_v_bz_TNT,nvjet_tst_256x8_64x6_2x1_v_bz_TNT
20260625_142903_decode_stage1_decode_b8p4096_cg_on_b8_f1_p4096_layers5_backend_auto_cg_on_pcg_off_tp1_marker_on_profile_nsys,91,0.001472,attention_support,sglang_mla,set_mla_kv_buffer_kernel,set_mla_kv_buffer_kernel
20260625_142903_decode_stage1_decode_b8p4096_cg_on_b8_f1_p4096_layers5_backend_auto_cg_on_pcg_off_tp1_marker_on_profile_nsys,95,0.008896,bmm,torch,nvjet_tst_128x8_64x12_1x1_h_bz_TNT,nvjet_tst_128x8_64x12_1x1_h_bz_TNT
20260625_142903_decode_stage1_decode_b8p4096_cg_on_b8_f1_p4096_layers5_backend_auto_cg_on_pcg_off_tp1_marker_on_profile_nsys,96,0.00192,quant,sglang,per_token_group_quant_8bit_kernel,"void per_token_group_quant_8bit_kernel<__nv_bfloat16, __nv_fp8_e4m3, (bool)1, (bool)0, float>(const T1 *, void *, T5 *, int, int, int, float, float, float, int, int)"
20260625_142903_decode_stage1_decode_b8p4096_cg_on_b8_f1_p4096_layers5_backend_auto_cg_on_pcg_off_tp1_marker_on_profile_nsys,97,0.049375,gemm,deepgemm,sm90_fp8_gemm_1d2d_impl,"void deep_gemm::sm90_fp8_gemm_1d2d_impl<(cute::UMMA::Major)0, (unsigned int)0, (unsigned int)7168, (unsigned int)16384, (unsigned int)1, (unsigned int)16, (unsigned int)64, (unsigned int)128, (unsigned int)128, (unsigned int)128, (unsigned int)128, (unsigned int)22, (unsigned int)18, (unsigned int)128, (unsigned int)128, (unsigned int)1, (bool)0, (unsigned int)112, (deep_gemm::GemmType)0, deep_gemm::EpilogueIdentity, (bool)0>(float *, int *, int *, unsigned int, unsigned int, unsigned int, CUtensorMap_st, CUtensorMap_st, CUtensorMap_st, CUtensorMap_st)"
20260625_142903_decode_stage1_decode_b8p4096_cg_on_b8_f1_p4096_layers5_backend_auto_cg_on_pcg_off_tp1_marker_on_profile_nsys,103,0.001536,quant,sglang,per_token_group_quant_8bit_kernel,"void per_token_group_quant_8bit_kernel<__nv_bfloat16, __nv_fp8_e4m3, (bool)0, (bool)0, float>(const T1 *, void *, T5 *, int, int, int, float, float, float, int, int)"
20260625_142903_decode_stage1_decode_b8p4096_cg_on_b8_f1_p4096_layers5_backend_auto_cg_on_pcg_off_tp1_marker_on_profile_nsys,106,0.001664,quant,sglang,per_token_group_quant_8bit_kernel,"void per_token_group_quant_8bit_kernel<__nv_bfloat16, __nv_fp8_e4m3, (bool)0, (bool)0, float>(const T1 *, void *, T5 *, int, int, int, float, float, float, int, int)"
20260625_142903_decode_stage1_decode_b8p4096_cg_on_b8_f1_p4096_layers5_backend_auto_cg_on_pcg_off_tp1_marker_on_profile_nsys,110,0.00176,quant,sglang,per_token_group_quant_8bit_kernel,"void per_token_group_quant_8bit_kernel<__nv_bfloat16, __nv_fp8_e4m3, (bool)1, (bool)0, float>(const T1 *, void *, T5 *, int, int, int, float, float, float, int, int)"
20260625_142903_decode_stage1_decode_b8p4096_cg_on_b8_f1_p4096_layers5_backend_auto_cg_on_pcg_off_tp1_marker_on_profile_nsys,111,0.00976,gemm,deepgemm,sm90_fp8_gemm_1d2d_impl,"void deep_gemm::sm90_fp8_gemm_1d2d_impl<(cute::UMMA::Major)0, (unsigned int)0, (unsigned int)2112, (unsigned int)7168, (unsigned int)1, (unsigned int)16, (unsigned int)16, (unsigned int)128, (unsigned int)128, (unsigned int)128, (unsigned int)32, (unsigned int)32, (unsigned int)24, (unsigned int)128, (unsigned int)128, (unsigned int)1, (bool)0, (unsigned int)132, (deep_gemm::GemmType)0, deep_gemm::EpilogueIdentity, (bool)0>(float *, int *, int *, unsigned int, unsigned int, unsigned int, CUtensorMap_st, CUtensorMap_st, CUtensorMap_st, CUtensorMap_st)"
20260625_142903_decode_stage1_decode_b8p4096_cg_on_b8_f1_p4096_layers5_backend_auto_cg_on_pcg_off_tp1_marker_on_profile_nsys,114,0.001568,quant,sglang,per_token_group_quant_8bit_kernel,"void per_token_group_quant_8bit_kernel<__nv_bfloat16, __nv_fp8_e4m3, (bool)1, (bool)0, float>(const T1 *, void *, T5 *, int, int, int, float, float, float, int, int)"
20260625_142903_decode_stage1_decode_b8p4096_cg_on_b8_f1_p4096_layers5_backend_auto_cg_on_pcg_off_tp1_marker_on_profile_nsys,115,0.016736,gemm,deepgemm,sm90_fp8_gemm_1d2d_impl,"void deep_gemm::sm90_fp8_gemm_1d2d_impl<(cute::UMMA::Major)0, (unsigned int)0, (unsigned int)24576, (unsigned int)1536, (unsigned int)1, (unsigned int)16, (unsigned int)192, (unsigned int)128, (unsigned int)128, (unsigned int)128, (unsigned int)128, (unsigned int)4, (unsigned int)0, (unsigned int)128, (unsigned int)128, (unsigned int)1, (bool)0, (unsigned int)128, (deep_gemm::GemmType)0, deep_gemm::EpilogueIdentity, (bool)0>(float *, int *, int *, unsigned int, unsigned int, unsigned int, CUtensorMap_st, CUtensorMap_st, CUtensorMap_st, CUtensorMap_st)"
20260625_142903_decode_stage1_decode_b8p4096_cg_on_b8_f1_p4096_layers5_backend_auto_cg_on_pcg_off_tp1_marker_on_profile_nsys,116,0.00832,bmm,torch,nvjet_tst_256x8_64x6_2x1_v_bz_TNT,nvjet_tst_256x8_64x6_2x1_v_bz_TNT
20260625_142903_decode_stage1_decode_b8p4096_cg_on_b8_f1_p4096_layers5_backend_auto_cg_on_pcg_off_tp1_marker_on_profile_nsys,118,0.00144,attention_support,sglang_mla,set_mla_kv_buffer_kernel,set_mla_kv_buffer_kernel
20260625_142903_decode_stage1_decode_b8p4096_cg_on_b8_f1_p4096_layers5_backend_auto_cg_on_pcg_off_tp1_marker_on_profile_nsys,122,0.008768,bmm,torch,nvjet_tst_128x8_64x12_1x1_h_bz_TNT,nvjet_tst_128x8_64x12_1x1_h_bz_TNT
20260625_142903_decode_stage1_decode_b8p4096_cg_on_b8_f1_p4096_layers5_backend_auto_cg_on_pcg_off_tp1_marker_on_profile_nsys,123,0.001856,quant,sglang,per_token_group_quant_8bit_kernel,"void per_token_group_quant_8bit_kernel<__nv_bfloat16, __nv_fp8_e4m3, (bool)1, (bool)0, float>(const T1 *, void *, T5 *, int, int, int, float, float, float, int, int)"
20260625_142903_decode_stage1_decode_b8p4096_cg_on_b8_f1_p4096_layers5_backend_auto_cg_on_pcg_off_tp1_marker_on_profile_nsys,124,0.049151,gemm,deepgemm,sm90_fp8_gemm_1d2d_impl,"void deep_gemm::sm90_fp8_gemm_1d2d_impl<(cute::UMMA::Major)0, (unsigned int)0, (unsigned int)7168, (unsigned int)16384, (unsigned int)1, (unsigned int)16, (unsigned int)64, (unsigned int)128, (unsigned int)128, (unsigned int)128, (unsigned int)128, (unsigned int)22, (unsigned int)18, (unsigned int)128, (unsigned int)128, (unsigned int)1, (bool)0, (unsigned int)112, (deep_gemm::GemmType)0, deep_gemm::EpilogueIdentity, (bool)0>(float *, int *, int *, unsigned int, unsigned int, unsigned int, CUtensorMap_st, CUtensorMap_st, CUtensorMap_st, CUtensorMap_st)"
20260625_142903_decode_stage1_decode_b8p4096_cg_on_b8_f1_p4096_layers5_backend_auto_cg_on_pcg_off_tp1_marker_on_profile_nsys,130,0.001568,quant,sglang,per_token_group_quant_8bit_kernel,"void per_token_group_quant_8bit_kernel<__nv_bfloat16, __nv_fp8_e4m3, (bool)0, (bool)0, float>(const T1 *, void *, T5 *, int, int, int, float, float, float, int, int)"
20260625_142903_decode_stage1_decode_b8p4096_cg_on_b8_f1_p4096_layers5_backend_auto_cg_on_pcg_off_tp1_marker_on_profile_nsys,133,0.00176,quant,sglang,per_token_group_quant_8bit_kernel,"void per_token_group_quant_8bit_kernel<__nv_bfloat16, __nv_fp8_e4m3, (bool)0, (bool)0, float>(const T1 *, void *, T5 *, int, int, int, float, float, float, int, int)"
20260625_142903_decode_stage1_decode_b8p4096_cg_on_b8_f1_p4096_layers5_backend_auto_cg_on_pcg_off_tp1_marker_on_profile_nsys,137,0.62208,bmm,torch,nvjet_tst_384x8_64x4_2x1_v_bz_TNT,nvjet_tst_384x8_64x4_2x1_v_bz_TNT
20260625_143152_decode_stage1_decode_b4p8192_cg_on_b4_f1_p8192_layers5_backend_auto_cg_on_pcg_off_tp1_marker_on_profile_nsys,16,0.002048,quant,sglang,per_token_group_quant_8bit_kernel,"void per_token_group_quant_8bit_kernel<__nv_bfloat16, __nv_fp8_e4m3, (bool)1, (bool)0, float>(const T1 *, void *, T5 *, int, int, int, float, float, float, int, int)"
20260625_143152_decode_stage1_decode_b4p8192_cg_on_b4_f1_p8192_layers5_backend_auto_cg_on_pcg_off_tp1_marker_on_profile_nsys,17,0.013856,gemm,deepgemm,sm90_fp8_gemm_1d2d_impl,"void deep_gemm::sm90_fp8_gemm_1d2d_impl<(cute::UMMA::Major)0, (unsigned int)0, (unsigned int)2112, (unsigned int)7168, (unsigned int)1, (unsigned int)16, (unsigned int)16, (unsigned int)128, (unsigned int)128, (unsigned int)128, (unsigned int)32, (unsigned int)32, (unsigned int)24, (unsigned int)128, (unsigned int)128, (unsigned int)1, (bool)0, (unsigned int)132, (deep_gemm::GemmType)0, deep_gemm::EpilogueIdentity, (bool)0>(float *, int *, int *, unsigned int, unsigned int, unsigned int, CUtensorMap_st, CUtensorMap_st, CUtensorMap_st, CUtensorMap_st)"
20260625_143152_decode_stage1_decode_b4p8192_cg_on_b4_f1_p8192_layers5_backend_auto_cg_on_pcg_off_tp1_marker_on_profile_nsys,20,0.001568,quant,sglang,per_token_group_quant_8bit_kernel,"void per_token_group_quant_8bit_kernel<__nv_bfloat16, __nv_fp8_e4m3, (bool)1, (bool)0, float>(const T1 *, void *, T5 *, int, int, int, float, float, float, int, int)"
20260625_143152_decode_stage1_decode_b4p8192_cg_on_b4_f1_p8192_layers5_backend_auto_cg_on_pcg_off_tp1_marker_on_profile_nsys,21,0.01792,gemm,deepgemm,sm90_fp8_gemm_1d2d_impl,"void deep_gemm::sm90_fp8_gemm_1d2d_impl<(cute::UMMA::Major)0, (unsigned int)0, (unsigned int)24576, (unsigned int)1536, (unsigned int)1, (unsigned int)16, (unsigned int)192, (unsigned int)128, (unsigned int)128, (unsigned int)128, (unsigned int)128, (unsigned int)4, (unsigned int)0, (unsigned int)128, (unsigned int)128, (unsigned int)1, (bool)0, (unsigned int)128, (deep_gemm::GemmType)0, deep_gemm::EpilogueIdentity, (bool)0>(float *, int *, int *, unsigned int, unsigned int, unsigned int, CUtensorMap_st, CUtensorMap_st, CUtensorMap_st, CUtensorMap_st)"
20260625_143152_decode_stage1_decode_b4p8192_cg_on_b4_f1_p8192_layers5_backend_auto_cg_on_pcg_off_tp1_marker_on_profile_nsys,22,0.008384,bmm,torch,nvjet_tst_256x8_64x6_2x1_v_bz_TNT,nvjet_tst_256x8_64x6_2x1_v_bz_TNT
20260625_143152_decode_stage1_decode_b4p8192_cg_on_b4_f1_p8192_layers5_backend_auto_cg_on_pcg_off_tp1_marker_on_profile_nsys,24,0.00144,attention_support,sglang_mla,set_mla_kv_buffer_kernel,set_mla_kv_buffer_kernel
20260625_143152_decode_stage1_decode_b4p8192_cg_on_b4_f1_p8192_layers5_backend_auto_cg_on_pcg_off_tp1_marker_on_profile_nsys,28,0.008576,bmm,torch,nvjet_tst_128x8_64x12_1x1_h_bz_TNT,nvjet_tst_128x8_64x12_1x1_h_bz_TNT
20260625_143152_decode_stage1_decode_b4p8192_cg_on_b4_f1_p8192_layers5_backend_auto_cg_on_pcg_off_tp1_marker_on_profile_nsys,29,0.001728,quant,sglang,per_token_group_quant_8bit_kernel,"void per_token_group_quant_8bit_kernel<__nv_bfloat16, __nv_fp8_e4m3, (bool)1, (bool)0, float>(const T1 *, void *, T5 *, int, int, int, float, float, float, int, int)"
20260625_143152_decode_stage1_decode_b4p8192_cg_on_b4_f1_p8192_layers5_backend_auto_cg_on_pcg_off_tp1_marker_on_profile_nsys,30,0.048352,gemm,deepgemm,sm90_fp8_gemm_1d2d_impl,"void deep_gemm::sm90_fp8_gemm_1d2d_impl<(cute::UMMA::Major)0, (unsigned int)0, (unsigned int)7168, (unsigned int)16384, (unsigned int)1, (unsigned int)16, (unsigned int)64, (unsigned int)128, (unsigned int)128, (unsigned int)128, (unsigned int)128, (unsigned int)22, (unsigned int)18, (unsigned int)128, (unsigned int)128, (unsigned int)1, (bool)0, (unsigned int)112, (deep_gemm::GemmType)0, deep_gemm::EpilogueIdentity, (bool)0>(float *, int *, int *, unsigned int, unsigned int, unsigned int, CUtensorMap_st, CUtensorMap_st, CUtensorMap_st, CUtensorMap_st)"
20260625_143152_decode_stage1_decode_b4p8192_cg_on_b4_f1_p8192_layers5_backend_auto_cg_on_pcg_off_tp1_marker_on_profile_nsys,32,0.001536,quant,sglang,per_token_group_quant_8bit_kernel,"void per_token_group_quant_8bit_kernel<__nv_bfloat16, __nv_fp8_e4m3, (bool)1, (bool)0, float>(const T1 *, void *, T5 *, int, int, int, float, float, float, int, int)"
20260625_143152_decode_stage1_decode_b4p8192_cg_on_b4_f1_p8192_layers5_backend_auto_cg_on_pcg_off_tp1_marker_on_profile_nsys,33,0.089248,gemm,deepgemm,sm90_fp8_gemm_1d2d_impl,"void deep_gemm::sm90_fp8_gemm_1d2d_impl<(cute::UMMA::Major)0, (unsigned int)0, (unsigned int)36864, (unsigned int)7168, (unsigned int)1, (unsigned int)16, (unsigned int)144, (unsigned int)128, (unsigned int)128, (unsigned int)128, (unsigned int)32, (unsigned int)11, (unsigned int)1, (unsigned int)128, (unsigned int)128, (unsigned int)1, (bool)0, (unsigned int)128, (deep_gemm::GemmType)0, deep_gemm::EpilogueIdentity, (bool)0>(float *, int *, int *, unsigned int, unsigned int, unsigned int, CUtensorMap_st, CUtensorMap_st, CUtensorMap_st, CUtensorMap_st)"
20260625_143152_decode_stage1_decode_b4p8192_cg_on_b4_f1_p8192_layers5_backend_auto_cg_on_pcg_off_tp1_marker_on_profile_nsys,36,0.002048,quant,sglang,per_token_group_quant_8bit_kernel,"void per_token_group_quant_8bit_kernel<__nv_bfloat16, __nv_fp8_e4m3, (bool)1, (bool)0, float>(const T1 *, void *, T5 *, int, int, int, float, float, float, int, int)"
20260625_143152_decode_stage1_decode_b4p8192_cg_on_b4_f1_p8192_layers5_backend_auto_cg_on_pcg_off_tp1_marker_on_profile_nsys,37,0.051424,gemm,deepgemm,sm90_fp8_gemm_1d2d_impl,"void deep_gemm::sm90_fp8_gemm_1d2d_impl<(cute::UMMA::Major)0, (unsigned int)0, (unsigned int)7168, (unsigned int)18432, (unsigned int)1, (unsigned int)16, (unsigned int)64, (unsigned int)128, (unsigned int)128, (unsigned int)128, (unsigned int)128, (unsigned int)22, (unsigned int)12, (unsigned int)128, (unsigned int)128, (unsigned int)1, (bool)0, (unsigned int)112, (deep_gemm::GemmType)0, deep_gemm::EpilogueIdentity, (bool)0>(float *, int *, int *, unsigned int, unsigned int, unsigned int, CUtensorMap_st, CUtensorMap_st, CUtensorMap_st, CUtensorMap_st)"
20260625_143152_decode_stage1_decode_b4p8192_cg_on_b4_f1_p8192_layers5_backend_auto_cg_on_pcg_off_tp1_marker_on_profile_nsys,39,0.001728,quant,sglang,per_token_group_quant_8bit_kernel,"void per_token_group_quant_8bit_kernel<__nv_bfloat16, __nv_fp8_e4m3, (bool)1, (bool)0, float>(const T1 *, void *, T5 *, int, int, int, float, float, float, int, int)"
20260625_143152_decode_stage1_decode_b4p8192_cg_on_b4_f1_p8192_layers5_backend_auto_cg_on_pcg_off_tp1_marker_on_profile_nsys,40,0.012256,gemm,deepgemm,sm90_fp8_gemm_1d2d_impl,"void deep_gemm::sm90_fp8_gemm_1d2d_impl<(cute::UMMA::Major)0, (unsigned int)0, (unsigned int)2112, (unsigned int)7168, (unsigned int)1, (unsigned int)16, (unsigned int)16, (unsigned int)128, (unsigned int)128, (unsigned int)128, (unsigned int)32, (unsigned int)32, (unsigned int)24, (unsigned int)128, (unsigned int)128, (unsigned int)1, (bool)0, (unsigned int)132, (deep_gemm::GemmType)0, deep_gemm::EpilogueIdentity, (bool)0>(float *, int *, int *, unsigned int, unsigned int, unsigned int, CUtensorMap_st, CUtensorMap_st, CUtensorMap_st, CUtensorMap_st)"
20260625_143152_decode_stage1_decode_b4p8192_cg_on_b4_f1_p8192_layers5_backend_auto_cg_on_pcg_off_tp1_marker_on_profile_nsys,43,0.001504,quant,sglang,per_token_group_quant_8bit_kernel,"void per_token_group_quant_8bit_kernel<__nv_bfloat16, __nv_fp8_e4m3, (bool)1, (bool)0, float>(const T1 *, void *, T5 *, int, int, int, float, float, float, int, int)"
20260625_143152_decode_stage1_decode_b4p8192_cg_on_b4_f1_p8192_layers5_backend_auto_cg_on_pcg_off_tp1_marker_on_profile_nsys,44,0.016672,gemm,deepgemm,sm90_fp8_gemm_1d2d_impl,"void deep_gemm::sm90_fp8_gemm_1d2d_impl<(cute::UMMA::Major)0, (unsigned int)0, (unsigned int)24576, (unsigned int)1536, (unsigned int)1, (unsigned int)16, (unsigned int)192, (unsigned int)128, (unsigned int)128, (unsigned int)128, (unsigned int)128, (unsigned int)4, (unsigned int)0, (unsigned int)128, (unsigned int)128, (unsigned int)1, (bool)0, (unsigned int)128, (deep_gemm::GemmType)0, deep_gemm::EpilogueIdentity, (bool)0>(float *, int *, int *, unsigned int, unsigned int, unsigned int, CUtensorMap_st, CUtensorMap_st, CUtensorMap_st, CUtensorMap_st)"
20260625_143152_decode_stage1_decode_b4p8192_cg_on_b4_f1_p8192_layers5_backend_auto_cg_on_pcg_off_tp1_marker_on_profile_nsys,45,0.008192,bmm,torch,nvjet_tst_256x8_64x6_2x1_v_bz_TNT,nvjet_tst_256x8_64x6_2x1_v_bz_TNT
20260625_143152_decode_stage1_decode_b4p8192_cg_on_b4_f1_p8192_layers5_backend_auto_cg_on_pcg_off_tp1_marker_on_profile_nsys,47,0.00144,attention_support,sglang_mla,set_mla_kv_buffer_kernel,set_mla_kv_buffer_kernel
20260625_143152_decode_stage1_decode_b4p8192_cg_on_b4_f1_p8192_layers5_backend_auto_cg_on_pcg_off_tp1_marker_on_profile_nsys,51,0.008672,bmm,torch,nvjet_tst_128x8_64x12_1x1_h_bz_TNT,nvjet_tst_128x8_64x12_1x1_h_bz_TNT
20260625_143152_decode_stage1_decode_b4p8192_cg_on_b4_f1_p8192_layers5_backend_auto_cg_on_pcg_off_tp1_marker_on_profile_nsys,52,0.00176,quant,sglang,per_token_group_quant_8bit_kernel,"void per_token_group_quant_8bit_kernel<__nv_bfloat16, __nv_fp8_e4m3, (bool)1, (bool)0, float>(const T1 *, void *, T5 *, int, int, int, float, float, float, int, int)"
20260625_143152_decode_stage1_decode_b4p8192_cg_on_b4_f1_p8192_layers5_backend_auto_cg_on_pcg_off_tp1_marker_on_profile_nsys,53,0.050432,gemm,deepgemm,sm90_fp8_gemm_1d2d_impl,"void deep_gemm::sm90_fp8_gemm_1d2d_impl<(cute::UMMA::Major)0, (unsigned int)0, (unsigned int)7168, (unsigned int)16384, (unsigned int)1, (unsigned int)16, (unsigned int)64, (unsigned int)128, (unsigned int)128, (unsigned int)128, (unsigned int)128, (unsigned int)22, (unsigned int)18, (unsigned int)128, (unsigned int)128, (unsigned int)1, (bool)0, (unsigned int)112, (deep_gemm::GemmType)0, deep_gemm::EpilogueIdentity, (bool)0>(float *, int *, int *, unsigned int, unsigned int, unsigned int, CUtensorMap_st, CUtensorMap_st, CUtensorMap_st, CUtensorMap_st)"
20260625_143152_decode_stage1_decode_b4p8192_cg_on_b4_f1_p8192_layers5_backend_auto_cg_on_pcg_off_tp1_marker_on_profile_nsys,55,0.001632,quant,sglang,per_token_group_quant_8bit_kernel,"void per_token_group_quant_8bit_kernel<__nv_bfloat16, __nv_fp8_e4m3, (bool)1, (bool)0, float>(const T1 *, void *, T5 *, int, int, int, float, float, float, int, int)"
20260625_143152_decode_stage1_decode_b4p8192_cg_on_b4_f1_p8192_layers5_backend_auto_cg_on_pcg_off_tp1_marker_on_profile_nsys,56,0.089216,gemm,deepgemm,sm90_fp8_gemm_1d2d_impl,"void deep_gemm::sm90_fp8_gemm_1d2d_impl<(cute::UMMA::Major)0, (unsigned int)0, (unsigned int)36864, (unsigned int)7168, (unsigned int)1, (unsigned int)16, (unsigned int)144, (unsigned int)128, (unsigned int)128, (unsigned int)128, (unsigned int)32, (unsigned int)11, (unsigned int)1, (unsigned int)128, (unsigned int)128, (unsigned int)1, (bool)0, (unsigned int)128, (deep_gemm::GemmType)0, deep_gemm::EpilogueIdentity, (bool)0>(float *, int *, int *, unsigned int, unsigned int, unsigned int, CUtensorMap_st, CUtensorMap_st, CUtensorMap_st, CUtensorMap_st)"
20260625_143152_decode_stage1_decode_b4p8192_cg_on_b4_f1_p8192_layers5_backend_auto_cg_on_pcg_off_tp1_marker_on_profile_nsys,58,0.002368,quant,sglang,per_token_group_quant_8bit_kernel,"void per_token_group_quant_8bit_kernel<__nv_bfloat16, __nv_fp8_e4m3, (bool)1, (bool)0, float>(const T1 *, void *, T5 *, int, int, int, float, float, float, int, int)"
20260625_143152_decode_stage1_decode_b4p8192_cg_on_b4_f1_p8192_layers5_backend_auto_cg_on_pcg_off_tp1_marker_on_profile_nsys,59,0.048543,gemm,deepgemm,sm90_fp8_gemm_1d2d_impl,"void deep_gemm::sm90_fp8_gemm_1d2d_impl<(cute::UMMA::Major)0, (unsigned int)0, (unsigned int)7168, (unsigned int)18432, (unsigned int)1, (unsigned int)16, (unsigned int)64, (unsigned int)128, (unsigned int)128, (unsigned int)128, (unsigned int)128, (unsigned int)22, (unsigned int)12, (unsigned int)128, (unsigned int)128, (unsigned int)1, (bool)0, (unsigned int)112, (deep_gemm::GemmType)0, deep_gemm::EpilogueIdentity, (bool)0>(float *, int *, int *, unsigned int, unsigned int, unsigned int, CUtensorMap_st, CUtensorMap_st, CUtensorMap_st, CUtensorMap_st)"
20260625_143152_decode_stage1_decode_b4p8192_cg_on_b4_f1_p8192_layers5_backend_auto_cg_on_pcg_off_tp1_marker_on_profile_nsys,61,0.001568,quant,sglang,per_token_group_quant_8bit_kernel,"void per_token_group_quant_8bit_kernel<__nv_bfloat16, __nv_fp8_e4m3, (bool)1, (bool)0, float>(const T1 *, void *, T5 *, int, int, int, float, float, float, int, int)"
20260625_143152_decode_stage1_decode_b4p8192_cg_on_b4_f1_p8192_layers5_backend_auto_cg_on_pcg_off_tp1_marker_on_profile_nsys,62,0.01296,gemm,deepgemm,sm90_fp8_gemm_1d2d_impl,"void deep_gemm::sm90_fp8_gemm_1d2d_impl<(cute::UMMA::Major)0, (unsigned int)0, (unsigned int)2112, (unsigned int)7168, (unsigned int)1, (unsigned int)16, (unsigned int)16, (unsigned int)128, (unsigned int)128, (unsigned int)128, (unsigned int)32, (unsigned int)32, (unsigned int)24, (unsigned int)128, (unsigned int)128, (unsigned int)1, (bool)0, (unsigned int)132, (deep_gemm::GemmType)0, deep_gemm::EpilogueIdentity, (bool)0>(float *, int *, int *, unsigned int, unsigned int, unsigned int, CUtensorMap_st, CUtensorMap_st, CUtensorMap_st, CUtensorMap_st)"
20260625_143152_decode_stage1_decode_b4p8192_cg_on_b4_f1_p8192_layers5_backend_auto_cg_on_pcg_off_tp1_marker_on_profile_nsys,65,0.001536,quant,sglang,per_token_group_quant_8bit_kernel,"void per_token_group_quant_8bit_kernel<__nv_bfloat16, __nv_fp8_e4m3, (bool)1, (bool)0, float>(const T1 *, void *, T5 *, int, int, int, float, float, float, int, int)"
20260625_143152_decode_stage1_decode_b4p8192_cg_on_b4_f1_p8192_layers5_backend_auto_cg_on_pcg_off_tp1_marker_on_profile_nsys,66,0.016416,gemm,deepgemm,sm90_fp8_gemm_1d2d_impl,"void deep_gemm::sm90_fp8_gemm_1d2d_impl<(cute::UMMA::Major)0, (unsigned int)0, (unsigned int)24576, (unsigned int)1536, (unsigned int)1, (unsigned int)16, (unsigned int)192, (unsigned int)128, (unsigned int)128, (unsigned int)128, (unsigned int)128, (unsigned int)4, (unsigned int)0, (unsigned int)128, (unsigned int)128, (unsigned int)1, (bool)0, (unsigned int)128, (deep_gemm::GemmType)0, deep_gemm::EpilogueIdentity, (bool)0>(float *, int *, int *, unsigned int, unsigned int, unsigned int, CUtensorMap_st, CUtensorMap_st, CUtensorMap_st, CUtensorMap_st)"
20260625_143152_decode_stage1_decode_b4p8192_cg_on_b4_f1_p8192_layers5_backend_auto_cg_on_pcg_off_tp1_marker_on_profile_nsys,67,0.008224,bmm,torch,nvjet_tst_256x8_64x6_2x1_v_bz_TNT,nvjet_tst_256x8_64x6_2x1_v_bz_TNT
20260625_143152_decode_stage1_decode_b4p8192_cg_on_b4_f1_p8192_layers5_backend_auto_cg_on_pcg_off_tp1_marker_on_profile_nsys,69,0.001376,attention_support,sglang_mla,set_mla_kv_buffer_kernel,set_mla_kv_buffer_kernel
20260625_143152_decode_stage1_decode_b4p8192_cg_on_b4_f1_p8192_layers5_backend_auto_cg_on_pcg_off_tp1_marker_on_profile_nsys,73,0.008672,bmm,torch,nvjet_tst_128x8_64x12_1x1_h_bz_TNT,nvjet_tst_128x8_64x12_1x1_h_bz_TNT
20260625_143152_decode_stage1_decode_b4p8192_cg_on_b4_f1_p8192_layers5_backend_auto_cg_on_pcg_off_tp1_marker_on_profile_nsys,74,0.001824,quant,sglang,per_token_group_quant_8bit_kernel,"void per_token_group_quant_8bit_kernel<__nv_bfloat16, __nv_fp8_e4m3, (bool)1, (bool)0, float>(const T1 *, void *, T5 *, int, int, int, float, float, float, int, int)"
20260625_143152_decode_stage1_decode_b4p8192_cg_on_b4_f1_p8192_layers5_backend_auto_cg_on_pcg_off_tp1_marker_on_profile_nsys,75,0.050687,gemm,deepgemm,sm90_fp8_gemm_1d2d_impl,"void deep_gemm::sm90_fp8_gemm_1d2d_impl<(cute::UMMA::Major)0, (unsigned int)0, (unsigned int)7168, (unsigned int)16384, (unsigned int)1, (unsigned int)16, (unsigned int)64, (unsigned int)128, (unsigned int)128, (unsigned int)128, (unsigned int)128, (unsigned int)22, (unsigned int)18, (unsigned int)128, (unsigned int)128, (unsigned int)1, (bool)0, (unsigned int)112, (deep_gemm::GemmType)0, deep_gemm::EpilogueIdentity, (bool)0>(float *, int *, int *, unsigned int, unsigned int, unsigned int, CUtensorMap_st, CUtensorMap_st, CUtensorMap_st, CUtensorMap_st)"
20260625_143152_decode_stage1_decode_b4p8192_cg_on_b4_f1_p8192_layers5_backend_auto_cg_on_pcg_off_tp1_marker_on_profile_nsys,77,0.0016,quant,sglang,per_token_group_quant_8bit_kernel,"void per_token_group_quant_8bit_kernel<__nv_bfloat16, __nv_fp8_e4m3, (bool)1, (bool)0, float>(const T1 *, void *, T5 *, int, int, int, float, float, float, int, int)"
20260625_143152_decode_stage1_decode_b4p8192_cg_on_b4_f1_p8192_layers5_backend_auto_cg_on_pcg_off_tp1_marker_on_profile_nsys,78,0.088512,gemm,deepgemm,sm90_fp8_gemm_1d2d_impl,"void deep_gemm::sm90_fp8_gemm_1d2d_impl<(cute::UMMA::Major)0, (unsigned int)0, (unsigned int)36864, (unsigned int)7168, (unsigned int)1, (unsigned int)16, (unsigned int)144, (unsigned int)128, (unsigned int)128, (unsigned int)128, (unsigned int)32, (unsigned int)11, (unsigned int)1, (unsigned int)128, (unsigned int)128, (unsigned int)1, (bool)0, (unsigned int)128, (deep_gemm::GemmType)0, deep_gemm::EpilogueIdentity, (bool)0>(float *, int *, int *, unsigned int, unsigned int, unsigned int, CUtensorMap_st, CUtensorMap_st, CUtensorMap_st, CUtensorMap_st)"
20260625_143152_decode_stage1_decode_b4p8192_cg_on_b4_f1_p8192_layers5_backend_auto_cg_on_pcg_off_tp1_marker_on_profile_nsys,80,0.001952,quant,sglang,per_token_group_quant_8bit_kernel,"void per_token_group_quant_8bit_kernel<__nv_bfloat16, __nv_fp8_e4m3, (bool)1, (bool)0, float>(const T1 *, void *, T5 *, int, int, int, float, float, float, int, int)"
20260625_143152_decode_stage1_decode_b4p8192_cg_on_b4_f1_p8192_layers5_backend_auto_cg_on_pcg_off_tp1_marker_on_profile_nsys,81,0.047583,gemm,deepgemm,sm90_fp8_gemm_1d2d_impl,"void deep_gemm::sm90_fp8_gemm_1d2d_impl<(cute::UMMA::Major)0, (unsigned int)0, (unsigned int)7168, (unsigned int)18432, (unsigned int)1, (unsigned int)16, (unsigned int)64, (unsigned int)128, (unsigned int)128, (unsigned int)128, (unsigned int)128, (unsigned int)22, (unsigned int)12, (unsigned int)128, (unsigned int)128, (unsigned int)1, (bool)0, (unsigned int)112, (deep_gemm::GemmType)0, deep_gemm::EpilogueIdentity, (bool)0>(float *, int *, int *, unsigned int, unsigned int, unsigned int, CUtensorMap_st, CUtensorMap_st, CUtensorMap_st, CUtensorMap_st)"
20260625_143152_decode_stage1_decode_b4p8192_cg_on_b4_f1_p8192_layers5_backend_auto_cg_on_pcg_off_tp1_marker_on_profile_nsys,83,0.0016,quant,sglang,per_token_group_quant_8bit_kernel,"void per_token_group_quant_8bit_kernel<__nv_bfloat16, __nv_fp8_e4m3, (bool)1, (bool)0, float>(const T1 *, void *, T5 *, int, int, int, float, float, float, int, int)"
20260625_143152_decode_stage1_decode_b4p8192_cg_on_b4_f1_p8192_layers5_backend_auto_cg_on_pcg_off_tp1_marker_on_profile_nsys,84,0.014432,gemm,deepgemm,sm90_fp8_gemm_1d2d_impl,"void deep_gemm::sm90_fp8_gemm_1d2d_impl<(cute::UMMA::Major)0, (unsigned int)0, (unsigned int)2112, (unsigned int)7168, (unsigned int)1, (unsigned int)16, (unsigned int)16, (unsigned int)128, (unsigned int)128, (unsigned int)128, (unsigned int)32, (unsigned int)32, (unsigned int)24, (unsigned int)128, (unsigned int)128, (unsigned int)1, (bool)0, (unsigned int)132, (deep_gemm::GemmType)0, deep_gemm::EpilogueIdentity, (bool)0>(float *, int *, int *, unsigned int, unsigned int, unsigned int, CUtensorMap_st, CUtensorMap_st, CUtensorMap_st, CUtensorMap_st)"
20260625_143152_decode_stage1_decode_b4p8192_cg_on_b4_f1_p8192_layers5_backend_auto_cg_on_pcg_off_tp1_marker_on_profile_nsys,87,0.0016,quant,sglang,per_token_group_quant_8bit_kernel,"void per_token_group_quant_8bit_kernel<__nv_bfloat16, __nv_fp8_e4m3, (bool)1, (bool)0, float>(const T1 *, void *, T5 *, int, int, int, float, float, float, int, int)"
20260625_143152_decode_stage1_decode_b4p8192_cg_on_b4_f1_p8192_layers5_backend_auto_cg_on_pcg_off_tp1_marker_on_profile_nsys,88,0.016128,gemm,deepgemm,sm90_fp8_gemm_1d2d_impl,"void deep_gemm::sm90_fp8_gemm_1d2d_impl<(cute::UMMA::Major)0, (unsigned int)0, (unsigned int)24576, (unsigned int)1536, (unsigned int)1, (unsigned int)16, (unsigned int)192, (unsigned int)128, (unsigned int)128, (unsigned int)128, (unsigned int)128, (unsigned int)4, (unsigned int)0, (unsigned int)128, (unsigned int)128, (unsigned int)1, (bool)0, (unsigned int)128, (deep_gemm::GemmType)0, deep_gemm::EpilogueIdentity, (bool)0>(float *, int *, int *, unsigned int, unsigned int, unsigned int, CUtensorMap_st, CUtensorMap_st, CUtensorMap_st, CUtensorMap_st)"
20260625_143152_decode_stage1_decode_b4p8192_cg_on_b4_f1_p8192_layers5_backend_auto_cg_on_pcg_off_tp1_marker_on_profile_nsys,89,0.00816,bmm,torch,nvjet_tst_256x8_64x6_2x1_v_bz_TNT,nvjet_tst_256x8_64x6_2x1_v_bz_TNT
20260625_143152_decode_stage1_decode_b4p8192_cg_on_b4_f1_p8192_layers5_backend_auto_cg_on_pcg_off_tp1_marker_on_profile_nsys,91,0.001344,attention_support,sglang_mla,set_mla_kv_buffer_kernel,set_mla_kv_buffer_kernel
20260625_143152_decode_stage1_decode_b4p8192_cg_on_b4_f1_p8192_layers5_backend_auto_cg_on_pcg_off_tp1_marker_on_profile_nsys,95,0.008832,bmm,torch,nvjet_tst_128x8_64x12_1x1_h_bz_TNT,nvjet_tst_128x8_64x12_1x1_h_bz_TNT
20260625_143152_decode_stage1_decode_b4p8192_cg_on_b4_f1_p8192_layers5_backend_auto_cg_on_pcg_off_tp1_marker_on_profile_nsys,96,0.001824,quant,sglang,per_token_group_quant_8bit_kernel,"void per_token_group_quant_8bit_kernel<__nv_bfloat16, __nv_fp8_e4m3, (bool)1, (bool)0, float>(const T1 *, void *, T5 *, int, int, int, float, float, float, int, int)"
20260625_143152_decode_stage1_decode_b4p8192_cg_on_b4_f1_p8192_layers5_backend_auto_cg_on_pcg_off_tp1_marker_on_profile_nsys,97,0.049855,gemm,deepgemm,sm90_fp8_gemm_1d2d_impl,"void deep_gemm::sm90_fp8_gemm_1d2d_impl<(cute::UMMA::Major)0, (unsigned int)0, (unsigned int)7168, (unsigned int)16384, (unsigned int)1, (unsigned int)16, (unsigned int)64, (unsigned int)128, (unsigned int)128, (unsigned int)128, (unsigned int)128, (unsigned int)22, (unsigned int)18, (unsigned int)128, (unsigned int)128, (unsigned int)1, (bool)0, (unsigned int)112, (deep_gemm::GemmType)0, deep_gemm::EpilogueIdentity, (bool)0>(float *, int *, int *, unsigned int, unsigned int, unsigned int, CUtensorMap_st, CUtensorMap_st, CUtensorMap_st, CUtensorMap_st)"
20260625_143152_decode_stage1_decode_b4p8192_cg_on_b4_f1_p8192_layers5_backend_auto_cg_on_pcg_off_tp1_marker_on_profile_nsys,103,0.001696,quant,sglang,per_token_group_quant_8bit_kernel,"void per_token_group_quant_8bit_kernel<__nv_bfloat16, __nv_fp8_e4m3, (bool)0, (bool)0, float>(const T1 *, void *, T5 *, int, int, int, float, float, float, int, int)"
20260625_143152_decode_stage1_decode_b4p8192_cg_on_b4_f1_p8192_layers5_backend_auto_cg_on_pcg_off_tp1_marker_on_profile_nsys,106,0.001536,quant,sglang,per_token_group_quant_8bit_kernel,"void per_token_group_quant_8bit_kernel<__nv_bfloat16, __nv_fp8_e4m3, (bool)0, (bool)0, float>(const T1 *, void *, T5 *, int, int, int, float, float, float, int, int)"
20260625_143152_decode_stage1_decode_b4p8192_cg_on_b4_f1_p8192_layers5_backend_auto_cg_on_pcg_off_tp1_marker_on_profile_nsys,110,0.001728,quant,sglang,per_token_group_quant_8bit_kernel,"void per_token_group_quant_8bit_kernel<__nv_bfloat16, __nv_fp8_e4m3, (bool)1, (bool)0, float>(const T1 *, void *, T5 *, int, int, int, float, float, float, int, int)"
20260625_143152_decode_stage1_decode_b4p8192_cg_on_b4_f1_p8192_layers5_backend_auto_cg_on_pcg_off_tp1_marker_on_profile_nsys,111,0.014528,gemm,deepgemm,sm90_fp8_gemm_1d2d_impl,"void deep_gemm::sm90_fp8_gemm_1d2d_impl<(cute::UMMA::Major)0, (unsigned int)0, (unsigned int)2112, (unsigned int)7168, (unsigned int)1, (unsigned int)16, (unsigned int)16, (unsigned int)128, (unsigned int)128, (unsigned int)128, (unsigned int)32, (unsigned int)32, (unsigned int)24, (unsigned int)128, (unsigned int)128, (unsigned int)1, (bool)0, (unsigned int)132, (deep_gemm::GemmType)0, deep_gemm::EpilogueIdentity, (bool)0>(float *, int *, int *, unsigned int, unsigned int, unsigned int, CUtensorMap_st, CUtensorMap_st, CUtensorMap_st, CUtensorMap_st)"
20260625_143152_decode_stage1_decode_b4p8192_cg_on_b4_f1_p8192_layers5_backend_auto_cg_on_pcg_off_tp1_marker_on_profile_nsys,114,0.00144,quant,sglang,per_token_group_quant_8bit_kernel,"void per_token_group_quant_8bit_kernel<__nv_bfloat16, __nv_fp8_e4m3, (bool)1, (bool)0, float>(const T1 *, void *, T5 *, int, int, int, float, float, float, int, int)"
20260625_143152_decode_stage1_decode_b4p8192_cg_on_b4_f1_p8192_layers5_backend_auto_cg_on_pcg_off_tp1_marker_on_profile_nsys,115,0.016672,gemm,deepgemm,sm90_fp8_gemm_1d2d_impl,"void deep_gemm::sm90_fp8_gemm_1d2d_impl<(cute::UMMA::Major)0, (unsigned int)0, (unsigned int)24576, (unsigned int)1536, (unsigned int)1, (unsigned int)16, (unsigned int)192, (unsigned int)128, (unsigned int)128, (unsigned int)128, (unsigned int)128, (unsigned int)4, (unsigned int)0, (unsigned int)128, (unsigned int)128, (unsigned int)1, (bool)0, (unsigned int)128, (deep_gemm::GemmType)0, deep_gemm::EpilogueIdentity, (bool)0>(float *, int *, int *, unsigned int, unsigned int, unsigned int, CUtensorMap_st, CUtensorMap_st, CUtensorMap_st, CUtensorMap_st)"
20260625_143152_decode_stage1_decode_b4p8192_cg_on_b4_f1_p8192_layers5_backend_auto_cg_on_pcg_off_tp1_marker_on_profile_nsys,116,0.008288,bmm,torch,nvjet_tst_256x8_64x6_2x1_v_bz_TNT,nvjet_tst_256x8_64x6_2x1_v_bz_TNT
20260625_143152_decode_stage1_decode_b4p8192_cg_on_b4_f1_p8192_layers5_backend_auto_cg_on_pcg_off_tp1_marker_on_profile_nsys,118,0.001408,attention_support,sglang_mla,set_mla_kv_buffer_kernel,set_mla_kv_buffer_kernel
20260625_143152_decode_stage1_decode_b4p8192_cg_on_b4_f1_p8192_layers5_backend_auto_cg_on_pcg_off_tp1_marker_on_profile_nsys,122,0.008672,bmm,torch,nvjet_tst_128x8_64x12_1x1_h_bz_TNT,nvjet_tst_128x8_64x12_1x1_h_bz_TNT
20260625_143152_decode_stage1_decode_b4p8192_cg_on_b4_f1_p8192_layers5_backend_auto_cg_on_pcg_off_tp1_marker_on_profile_nsys,123,0.001728,quant,sglang,per_token_group_quant_8bit_kernel,"void per_token_group_quant_8bit_kernel<__nv_bfloat16, __nv_fp8_e4m3, (bool)1, (bool)0, float>(const T1 *, void *, T5 *, int, int, int, float, float, float, int, int)"
20260625_143152_decode_stage1_decode_b4p8192_cg_on_b4_f1_p8192_layers5_backend_auto_cg_on_pcg_off_tp1_marker_on_profile_nsys,124,0.04912,gemm,deepgemm,sm90_fp8_gemm_1d2d_impl,"void deep_gemm::sm90_fp8_gemm_1d2d_impl<(cute::UMMA::Major)0, (unsigned int)0, (unsigned int)7168, (unsigned int)16384, (unsigned int)1, (unsigned int)16, (unsigned int)64, (unsigned int)128, (unsigned int)128, (unsigned int)128, (unsigned int)128, (unsigned int)22, (unsigned int)18, (unsigned int)128, (unsigned int)128, (unsigned int)1, (bool)0, (unsigned int)112, (deep_gemm::GemmType)0, deep_gemm::EpilogueIdentity, (bool)0>(float *, int *, int *, unsigned int, unsigned int, unsigned int, CUtensorMap_st, CUtensorMap_st, CUtensorMap_st, CUtensorMap_st)"
20260625_143152_decode_stage1_decode_b4p8192_cg_on_b4_f1_p8192_layers5_backend_auto_cg_on_pcg_off_tp1_marker_on_profile_nsys,130,0.001536,quant,sglang,per_token_group_quant_8bit_kernel,"void per_token_group_quant_8bit_kernel<__nv_bfloat16, __nv_fp8_e4m3, (bool)0, (bool)0, float>(const T1 *, void *, T5 *, int, int, int, float, float, float, int, int)"
20260625_143152_decode_stage1_decode_b4p8192_cg_on_b4_f1_p8192_layers5_backend_auto_cg_on_pcg_off_tp1_marker_on_profile_nsys,133,0.001568,quant,sglang,per_token_group_quant_8bit_kernel,"void per_token_group_quant_8bit_kernel<__nv_bfloat16, __nv_fp8_e4m3, (bool)0, (bool)0, float>(const T1 *, void *, T5 *, int, int, int, float, float, float, int, int)"
20260625_143152_decode_stage1_decode_b4p8192_cg_on_b4_f1_p8192_layers5_backend_auto_cg_on_pcg_off_tp1_marker_on_profile_nsys,137,0.609024,bmm,torch,nvjet_tst_384x8_64x4_2x1_v_bz_TNT,nvjet_tst_384x8_64x4_2x1_v_bz_TNT
20260625_143436_decode_stage1_decode_b2p16384_cg_on_b2_f1_p16384_layers5_backend_auto_cg_on_pcg_off_tp1_marker_on_profile_nsys,16,0.001632,quant,sglang,per_token_group_quant_8bit_kernel,"void per_token_group_quant_8bit_kernel<__nv_bfloat16, __nv_fp8_e4m3, (bool)1, (bool)0, float>(const T1 *, void *, T5 *, int, int, int, float, float, float, int, int)"
20260625_143436_decode_stage1_decode_b2p16384_cg_on_b2_f1_p16384_layers5_backend_auto_cg_on_pcg_off_tp1_marker_on_profile_nsys,17,0.014496,gemm,deepgemm,sm90_fp8_gemm_1d2d_impl,"void deep_gemm::sm90_fp8_gemm_1d2d_impl<(cute::UMMA::Major)0, (unsigned int)0, (unsigned int)2112, (unsigned int)7168, (unsigned int)1, (unsigned int)16, (unsigned int)16, (unsigned int)128, (unsigned int)128, (unsigned int)128, (unsigned int)32, (unsigned int)32, (unsigned int)24, (unsigned int)128, (unsigned int)128, (unsigned int)1, (bool)0, (unsigned int)132, (deep_gemm::GemmType)0, deep_gemm::EpilogueIdentity, (bool)0>(float *, int *, int *, unsigned int, unsigned int, unsigned int, CUtensorMap_st, CUtensorMap_st, CUtensorMap_st, CUtensorMap_st)"
20260625_143436_decode_stage1_decode_b2p16384_cg_on_b2_f1_p16384_layers5_backend_auto_cg_on_pcg_off_tp1_marker_on_profile_nsys,20,0.001344,quant,sglang,per_token_group_quant_8bit_kernel,"void per_token_group_quant_8bit_kernel<__nv_bfloat16, __nv_fp8_e4m3, (bool)1, (bool)0, float>(const T1 *, void *, T5 *, int, int, int, float, float, float, int, int)"
20260625_143436_decode_stage1_decode_b2p16384_cg_on_b2_f1_p16384_layers5_backend_auto_cg_on_pcg_off_tp1_marker_on_profile_nsys,21,0.017921,gemm,deepgemm,sm90_fp8_gemm_1d2d_impl,"void deep_gemm::sm90_fp8_gemm_1d2d_impl<(cute::UMMA::Major)0, (unsigned int)0, (unsigned int)24576, (unsigned int)1536, (unsigned int)1, (unsigned int)16, (unsigned int)192, (unsigned int)128, (unsigned int)128, (unsigned int)128, (unsigned int)128, (unsigned int)4, (unsigned int)0, (unsigned int)128, (unsigned int)128, (unsigned int)1, (bool)0, (unsigned int)128, (deep_gemm::GemmType)0, deep_gemm::EpilogueIdentity, (bool)0>(float *, int *, int *, unsigned int, unsigned int, unsigned int, CUtensorMap_st, CUtensorMap_st, CUtensorMap_st, CUtensorMap_st)"
20260625_143436_decode_stage1_decode_b2p16384_cg_on_b2_f1_p16384_layers5_backend_auto_cg_on_pcg_off_tp1_marker_on_profile_nsys,22,0.00848,bmm,torch,nvjet_tst_256x8_64x6_2x1_v_bz_TNT,nvjet_tst_256x8_64x6_2x1_v_bz_TNT
20260625_143436_decode_stage1_decode_b2p16384_cg_on_b2_f1_p16384_layers5_backend_auto_cg_on_pcg_off_tp1_marker_on_profile_nsys,24,0.001184,attention_support,sglang_mla,set_mla_kv_buffer_kernel,set_mla_kv_buffer_kernel
20260625_143436_decode_stage1_decode_b2p16384_cg_on_b2_f1_p16384_layers5_backend_auto_cg_on_pcg_off_tp1_marker_on_profile_nsys,28,0.00848,bmm,torch,nvjet_tst_128x8_64x12_1x1_h_bz_TNT,nvjet_tst_128x8_64x12_1x1_h_bz_TNT
20260625_143436_decode_stage1_decode_b2p16384_cg_on_b2_f1_p16384_layers5_backend_auto_cg_on_pcg_off_tp1_marker_on_profile_nsys,29,0.001696,quant,sglang,per_token_group_quant_8bit_kernel,"void per_token_group_quant_8bit_kernel<__nv_bfloat16, __nv_fp8_e4m3, (bool)1, (bool)0, float>(const T1 *, void *, T5 *, int, int, int, float, float, float, int, int)"
20260625_143436_decode_stage1_decode_b2p16384_cg_on_b2_f1_p16384_layers5_backend_auto_cg_on_pcg_off_tp1_marker_on_profile_nsys,30,0.049343,gemm,deepgemm,sm90_fp8_gemm_1d2d_impl,"void deep_gemm::sm90_fp8_gemm_1d2d_impl<(cute::UMMA::Major)0, (unsigned int)0, (unsigned int)7168, (unsigned int)16384, (unsigned int)1, (unsigned int)16, (unsigned int)64, (unsigned int)128, (unsigned int)128, (unsigned int)128, (unsigned int)128, (unsigned int)22, (unsigned int)18, (unsigned int)128, (unsigned int)128, (unsigned int)1, (bool)0, (unsigned int)112, (deep_gemm::GemmType)0, deep_gemm::EpilogueIdentity, (bool)0>(float *, int *, int *, unsigned int, unsigned int, unsigned int, CUtensorMap_st, CUtensorMap_st, CUtensorMap_st, CUtensorMap_st)"
20260625_143436_decode_stage1_decode_b2p16384_cg_on_b2_f1_p16384_layers5_backend_auto_cg_on_pcg_off_tp1_marker_on_profile_nsys,32,0.0016,quant,sglang,per_token_group_quant_8bit_kernel,"void per_token_group_quant_8bit_kernel<__nv_bfloat16, __nv_fp8_e4m3, (bool)1, (bool)0, float>(const T1 *, void *, T5 *, int, int, int, float, float, float, int, int)"
20260625_143436_decode_stage1_decode_b2p16384_cg_on_b2_f1_p16384_layers5_backend_auto_cg_on_pcg_off_tp1_marker_on_profile_nsys,33,0.090368,gemm,deepgemm,sm90_fp8_gemm_1d2d_impl,"void deep_gemm::sm90_fp8_gemm_1d2d_impl<(cute::UMMA::Major)0, (unsigned int)0, (unsigned int)36864, (unsigned int)7168, (unsigned int)1, (unsigned int)16, (unsigned int)144, (unsigned int)128, (unsigned int)128, (unsigned int)128, (unsigned int)32, (unsigned int)11, (unsigned int)1, (unsigned int)128, (unsigned int)128, (unsigned int)1, (bool)0, (unsigned int)128, (deep_gemm::GemmType)0, deep_gemm::EpilogueIdentity, (bool)0>(float *, int *, int *, unsigned int, unsigned int, unsigned int, CUtensorMap_st, CUtensorMap_st, CUtensorMap_st, CUtensorMap_st)"
20260625_143436_decode_stage1_decode_b2p16384_cg_on_b2_f1_p16384_layers5_backend_auto_cg_on_pcg_off_tp1_marker_on_profile_nsys,35,0.00208,quant,sglang,per_token_group_quant_8bit_kernel,"void per_token_group_quant_8bit_kernel<__nv_bfloat16, __nv_fp8_e4m3, (bool)1, (bool)0, float>(const T1 *, void *, T5 *, int, int, int, float, float, float, int, int)"
20260625_143436_decode_stage1_decode_b2p16384_cg_on_b2_f1_p16384_layers5_backend_auto_cg_on_pcg_off_tp1_marker_on_profile_nsys,36,0.047904,gemm,deepgemm,sm90_fp8_gemm_1d2d_impl,"void deep_gemm::sm90_fp8_gemm_1d2d_impl<(cute::UMMA::Major)0, (unsigned int)0, (unsigned int)7168, (unsigned int)18432, (unsigned int)1, (unsigned int)16, (unsigned int)64, (unsigned int)128, (unsigned int)128, (unsigned int)128, (unsigned int)128, (unsigned int)22, (unsigned int)12, (unsigned int)128, (unsigned int)128, (unsigned int)1, (bool)0, (unsigned int)112, (deep_gemm::GemmType)0, deep_gemm::EpilogueIdentity, (bool)0>(float *, int *, int *, unsigned int, unsigned int, unsigned int, CUtensorMap_st, CUtensorMap_st, CUtensorMap_st, CUtensorMap_st)"
20260625_143436_decode_stage1_decode_b2p16384_cg_on_b2_f1_p16384_layers5_backend_auto_cg_on_pcg_off_tp1_marker_on_profile_nsys,39,0.0016,quant,sglang,per_token_group_quant_8bit_kernel,"void per_token_group_quant_8bit_kernel<__nv_bfloat16, __nv_fp8_e4m3, (bool)1, (bool)0, float>(const T1 *, void *, T5 *, int, int, int, float, float, float, int, int)"
20260625_143436_decode_stage1_decode_b2p16384_cg_on_b2_f1_p16384_layers5_backend_auto_cg_on_pcg_off_tp1_marker_on_profile_nsys,40,0.014368,gemm,deepgemm,sm90_fp8_gemm_1d2d_impl,"void deep_gemm::sm90_fp8_gemm_1d2d_impl<(cute::UMMA::Major)0, (unsigned int)0, (unsigned int)2112, (unsigned int)7168, (unsigned int)1, (unsigned int)16, (unsigned int)16, (unsigned int)128, (unsigned int)128, (unsigned int)128, (unsigned int)32, (unsigned int)32, (unsigned int)24, (unsigned int)128, (unsigned int)128, (unsigned int)1, (bool)0, (unsigned int)132, (deep_gemm::GemmType)0, deep_gemm::EpilogueIdentity, (bool)0>(float *, int *, int *, unsigned int, unsigned int, unsigned int, CUtensorMap_st, CUtensorMap_st, CUtensorMap_st, CUtensorMap_st)"
20260625_143436_decode_stage1_decode_b2p16384_cg_on_b2_f1_p16384_layers5_backend_auto_cg_on_pcg_off_tp1_marker_on_profile_nsys,43,0.001408,quant,sglang,per_token_group_quant_8bit_kernel,"void per_token_group_quant_8bit_kernel<__nv_bfloat16, __nv_fp8_e4m3, (bool)1, (bool)0, float>(const T1 *, void *, T5 *, int, int, int, float, float, float, int, int)"
20260625_143436_decode_stage1_decode_b2p16384_cg_on_b2_f1_p16384_layers5_backend_auto_cg_on_pcg_off_tp1_marker_on_profile_nsys,44,0.016288,gemm,deepgemm,sm90_fp8_gemm_1d2d_impl,"void deep_gemm::sm90_fp8_gemm_1d2d_impl<(cute::UMMA::Major)0, (unsigned int)0, (unsigned int)24576, (unsigned int)1536, (unsigned int)1, (unsigned int)16, (unsigned int)192, (unsigned int)128, (unsigned int)128, (unsigned int)128, (unsigned int)128, (unsigned int)4, (unsigned int)0, (unsigned int)128, (unsigned int)128, (unsigned int)1, (bool)0, (unsigned int)128, (deep_gemm::GemmType)0, deep_gemm::EpilogueIdentity, (bool)0>(float *, int *, int *, unsigned int, unsigned int, unsigned int, CUtensorMap_st, CUtensorMap_st, CUtensorMap_st, CUtensorMap_st)"
20260625_143436_decode_stage1_decode_b2p16384_cg_on_b2_f1_p16384_layers5_backend_auto_cg_on_pcg_off_tp1_marker_on_profile_nsys,45,0.00784,bmm,torch,nvjet_tst_256x8_64x6_2x1_v_bz_TNT,nvjet_tst_256x8_64x6_2x1_v_bz_TNT
20260625_143436_decode_stage1_decode_b2p16384_cg_on_b2_f1_p16384_layers5_backend_auto_cg_on_pcg_off_tp1_marker_on_profile_nsys,47,0.001216,attention_support,sglang_mla,set_mla_kv_buffer_kernel,set_mla_kv_buffer_kernel
20260625_143436_decode_stage1_decode_b2p16384_cg_on_b2_f1_p16384_layers5_backend_auto_cg_on_pcg_off_tp1_marker_on_profile_nsys,51,0.008672,bmm,torch,nvjet_tst_128x8_64x12_1x1_h_bz_TNT,nvjet_tst_128x8_64x12_1x1_h_bz_TNT
20260625_143436_decode_stage1_decode_b2p16384_cg_on_b2_f1_p16384_layers5_backend_auto_cg_on_pcg_off_tp1_marker_on_profile_nsys,52,0.001664,quant,sglang,per_token_group_quant_8bit_kernel,"void per_token_group_quant_8bit_kernel<__nv_bfloat16, __nv_fp8_e4m3, (bool)1, (bool)0, float>(const T1 *, void *, T5 *, int, int, int, float, float, float, int, int)"
20260625_143436_decode_stage1_decode_b2p16384_cg_on_b2_f1_p16384_layers5_backend_auto_cg_on_pcg_off_tp1_marker_on_profile_nsys,53,0.048255,gemm,deepgemm,sm90_fp8_gemm_1d2d_impl,"void deep_gemm::sm90_fp8_gemm_1d2d_impl<(cute::UMMA::Major)0, (unsigned int)0, (unsigned int)7168, (unsigned int)16384, (unsigned int)1, (unsigned int)16, (unsigned int)64, (unsigned int)128, (unsigned int)128, (unsigned int)128, (unsigned int)128, (unsigned int)22, (unsigned int)18, (unsigned int)128, (unsigned int)128, (unsigned int)1, (bool)0, (unsigned int)112, (deep_gemm::GemmType)0, deep_gemm::EpilogueIdentity, (bool)0>(float *, int *, int *, unsigned int, unsigned int, unsigned int, CUtensorMap_st, CUtensorMap_st, CUtensorMap_st, CUtensorMap_st)"
20260625_143436_decode_stage1_decode_b2p16384_cg_on_b2_f1_p16384_layers5_backend_auto_cg_on_pcg_off_tp1_marker_on_profile_nsys,55,0.001632,quant,sglang,per_token_group_quant_8bit_kernel,"void per_token_group_quant_8bit_kernel<__nv_bfloat16, __nv_fp8_e4m3, (bool)1, (bool)0, float>(const T1 *, void *, T5 *, int, int, int, float, float, float, int, int)"
20260625_143436_decode_stage1_decode_b2p16384_cg_on_b2_f1_p16384_layers5_backend_auto_cg_on_pcg_off_tp1_marker_on_profile_nsys,56,0.090432,gemm,deepgemm,sm90_fp8_gemm_1d2d_impl,"void deep_gemm::sm90_fp8_gemm_1d2d_impl<(cute::UMMA::Major)0, (unsigned int)0, (unsigned int)36864, (unsigned int)7168, (unsigned int)1, (unsigned int)16, (unsigned int)144, (unsigned int)128, (unsigned int)128, (unsigned int)128, (unsigned int)32, (unsigned int)11, (unsigned int)1, (unsigned int)128, (unsigned int)128, (unsigned int)1, (bool)0, (unsigned int)128, (deep_gemm::GemmType)0, deep_gemm::EpilogueIdentity, (bool)0>(float *, int *, int *, unsigned int, unsigned int, unsigned int, CUtensorMap_st, CUtensorMap_st, CUtensorMap_st, CUtensorMap_st)"
20260625_143436_decode_stage1_decode_b2p16384_cg_on_b2_f1_p16384_layers5_backend_auto_cg_on_pcg_off_tp1_marker_on_profile_nsys,58,0.001952,quant,sglang,per_token_group_quant_8bit_kernel,"void per_token_group_quant_8bit_kernel<__nv_bfloat16, __nv_fp8_e4m3, (bool)1, (bool)0, float>(const T1 *, void *, T5 *, int, int, int, float, float, float, int, int)"
20260625_143436_decode_stage1_decode_b2p16384_cg_on_b2_f1_p16384_layers5_backend_auto_cg_on_pcg_off_tp1_marker_on_profile_nsys,59,0.049408,gemm,deepgemm,sm90_fp8_gemm_1d2d_impl,"void deep_gemm::sm90_fp8_gemm_1d2d_impl<(cute::UMMA::Major)0, (unsigned int)0, (unsigned int)7168, (unsigned int)18432, (unsigned int)1, (unsigned int)16, (unsigned int)64, (unsigned int)128, (unsigned int)128, (unsigned int)128, (unsigned int)128, (unsigned int)22, (unsigned int)12, (unsigned int)128, (unsigned int)128, (unsigned int)1, (bool)0, (unsigned int)112, (deep_gemm::GemmType)0, deep_gemm::EpilogueIdentity, (bool)0>(float *, int *, int *, unsigned int, unsigned int, unsigned int, CUtensorMap_st, CUtensorMap_st, CUtensorMap_st, CUtensorMap_st)"
20260625_143436_decode_stage1_decode_b2p16384_cg_on_b2_f1_p16384_layers5_backend_auto_cg_on_pcg_off_tp1_marker_on_profile_nsys,61,0.001504,quant,sglang,per_token_group_quant_8bit_kernel,"void per_token_group_quant_8bit_kernel<__nv_bfloat16, __nv_fp8_e4m3, (bool)1, (bool)0, float>(const T1 *, void *, T5 *, int, int, int, float, float, float, int, int)"
20260625_143436_decode_stage1_decode_b2p16384_cg_on_b2_f1_p16384_layers5_backend_auto_cg_on_pcg_off_tp1_marker_on_profile_nsys,62,0.01424,gemm,deepgemm,sm90_fp8_gemm_1d2d_impl,"void deep_gemm::sm90_fp8_gemm_1d2d_impl<(cute::UMMA::Major)0, (unsigned int)0, (unsigned int)2112, (unsigned int)7168, (unsigned int)1, (unsigned int)16, (unsigned int)16, (unsigned int)128, (unsigned int)128, (unsigned int)128, (unsigned int)32, (unsigned int)32, (unsigned int)24, (unsigned int)128, (unsigned int)128, (unsigned int)1, (bool)0, (unsigned int)132, (deep_gemm::GemmType)0, deep_gemm::EpilogueIdentity, (bool)0>(float *, int *, int *, unsigned int, unsigned int, unsigned int, CUtensorMap_st, CUtensorMap_st, CUtensorMap_st, CUtensorMap_st)"
20260625_143436_decode_stage1_decode_b2p16384_cg_on_b2_f1_p16384_layers5_backend_auto_cg_on_pcg_off_tp1_marker_on_profile_nsys,65,0.001344,quant,sglang,per_token_group_quant_8bit_kernel,"void per_token_group_quant_8bit_kernel<__nv_bfloat16, __nv_fp8_e4m3, (bool)1, (bool)0, float>(const T1 *, void *, T5 *, int, int, int, float, float, float, int, int)"
20260625_143436_decode_stage1_decode_b2p16384_cg_on_b2_f1_p16384_layers5_backend_auto_cg_on_pcg_off_tp1_marker_on_profile_nsys,66,0.015904,gemm,deepgemm,sm90_fp8_gemm_1d2d_impl,"void deep_gemm::sm90_fp8_gemm_1d2d_impl<(cute::UMMA::Major)0, (unsigned int)0, (unsigned int)24576, (unsigned int)1536, (unsigned int)1, (unsigned int)16, (unsigned int)192, (unsigned int)128, (unsigned int)128, (unsigned int)128, (unsigned int)128, (unsigned int)4, (unsigned int)0, (unsigned int)128, (unsigned int)128, (unsigned int)1, (bool)0, (unsigned int)128, (deep_gemm::GemmType)0, deep_gemm::EpilogueIdentity, (bool)0>(float *, int *, int *, unsigned int, unsigned int, unsigned int, CUtensorMap_st, CUtensorMap_st, CUtensorMap_st, CUtensorMap_st)"
20260625_143436_decode_stage1_decode_b2p16384_cg_on_b2_f1_p16384_layers5_backend_auto_cg_on_pcg_off_tp1_marker_on_profile_nsys,67,0.007872,bmm,torch,nvjet_tst_256x8_64x6_2x1_v_bz_TNT,nvjet_tst_256x8_64x6_2x1_v_bz_TNT
20260625_143436_decode_stage1_decode_b2p16384_cg_on_b2_f1_p16384_layers5_backend_auto_cg_on_pcg_off_tp1_marker_on_profile_nsys,69,0.001408,attention_support,sglang_mla,set_mla_kv_buffer_kernel,set_mla_kv_buffer_kernel
20260625_143436_decode_stage1_decode_b2p16384_cg_on_b2_f1_p16384_layers5_backend_auto_cg_on_pcg_off_tp1_marker_on_profile_nsys,73,0.009248,bmm,torch,nvjet_tst_128x8_64x12_1x1_h_bz_TNT,nvjet_tst_128x8_64x12_1x1_h_bz_TNT
20260625_143436_decode_stage1_decode_b2p16384_cg_on_b2_f1_p16384_layers5_backend_auto_cg_on_pcg_off_tp1_marker_on_profile_nsys,74,0.00176,quant,sglang,per_token_group_quant_8bit_kernel,"void per_token_group_quant_8bit_kernel<__nv_bfloat16, __nv_fp8_e4m3, (bool)1, (bool)0, float>(const T1 *, void *, T5 *, int, int, int, float, float, float, int, int)"
20260625_143436_decode_stage1_decode_b2p16384_cg_on_b2_f1_p16384_layers5_backend_auto_cg_on_pcg_off_tp1_marker_on_profile_nsys,75,0.04912,gemm,deepgemm,sm90_fp8_gemm_1d2d_impl,"void deep_gemm::sm90_fp8_gemm_1d2d_impl<(cute::UMMA::Major)0, (unsigned int)0, (unsigned int)7168, (unsigned int)16384, (unsigned int)1, (unsigned int)16, (unsigned int)64, (unsigned int)128, (unsigned int)128, (unsigned int)128, (unsigned int)128, (unsigned int)22, (unsigned int)18, (unsigned int)128, (unsigned int)128, (unsigned int)1, (bool)0, (unsigned int)112, (deep_gemm::GemmType)0, deep_gemm::EpilogueIdentity, (bool)0>(float *, int *, int *, unsigned int, unsigned int, unsigned int, CUtensorMap_st, CUtensorMap_st, CUtensorMap_st, CUtensorMap_st)"
20260625_143436_decode_stage1_decode_b2p16384_cg_on_b2_f1_p16384_layers5_backend_auto_cg_on_pcg_off_tp1_marker_on_profile_nsys,77,0.001568,quant,sglang,per_token_group_quant_8bit_kernel,"void per_token_group_quant_8bit_kernel<__nv_bfloat16, __nv_fp8_e4m3, (bool)1, (bool)0, float>(const T1 *, void *, T5 *, int, int, int, float, float, float, int, int)"
20260625_143436_decode_stage1_decode_b2p16384_cg_on_b2_f1_p16384_layers5_backend_auto_cg_on_pcg_off_tp1_marker_on_profile_nsys,78,0.089856,gemm,deepgemm,sm90_fp8_gemm_1d2d_impl,"void deep_gemm::sm90_fp8_gemm_1d2d_impl<(cute::UMMA::Major)0, (unsigned int)0, (unsigned int)36864, (unsigned int)7168, (unsigned int)1, (unsigned int)16, (unsigned int)144, (unsigned int)128, (unsigned int)128, (unsigned int)128, (unsigned int)32, (unsigned int)11, (unsigned int)1, (unsigned int)128, (unsigned int)128, (unsigned int)1, (bool)0, (unsigned int)128, (deep_gemm::GemmType)0, deep_gemm::EpilogueIdentity, (bool)0>(float *, int *, int *, unsigned int, unsigned int, unsigned int, CUtensorMap_st, CUtensorMap_st, CUtensorMap_st, CUtensorMap_st)"
20260625_143436_decode_stage1_decode_b2p16384_cg_on_b2_f1_p16384_layers5_backend_auto_cg_on_pcg_off_tp1_marker_on_profile_nsys,80,0.001952,quant,sglang,per_token_group_quant_8bit_kernel,"void per_token_group_quant_8bit_kernel<__nv_bfloat16, __nv_fp8_e4m3, (bool)1, (bool)0, float>(const T1 *, void *, T5 *, int, int, int, float, float, float, int, int)"
20260625_143436_decode_stage1_decode_b2p16384_cg_on_b2_f1_p16384_layers5_backend_auto_cg_on_pcg_off_tp1_marker_on_profile_nsys,81,0.049344,gemm,deepgemm,sm90_fp8_gemm_1d2d_impl,"void deep_gemm::sm90_fp8_gemm_1d2d_impl<(cute::UMMA::Major)0, (unsigned int)0, (unsigned int)7168, (unsigned int)18432, (unsigned int)1, (unsigned int)16, (unsigned int)64, (unsigned int)128, (unsigned int)128, (unsigned int)128, (unsigned int)128, (unsigned int)22, (unsigned int)12, (unsigned int)128, (unsigned int)128, (unsigned int)1, (bool)0, (unsigned int)112, (deep_gemm::GemmType)0, deep_gemm::EpilogueIdentity, (bool)0>(float *, int *, int *, unsigned int, unsigned int, unsigned int, CUtensorMap_st, CUtensorMap_st, CUtensorMap_st, CUtensorMap_st)"
20260625_143436_decode_stage1_decode_b2p16384_cg_on_b2_f1_p16384_layers5_backend_auto_cg_on_pcg_off_tp1_marker_on_profile_nsys,83,0.001504,quant,sglang,per_token_group_quant_8bit_kernel,"void per_token_group_quant_8bit_kernel<__nv_bfloat16, __nv_fp8_e4m3, (bool)1, (bool)0, float>(const T1 *, void *, T5 *, int, int, int, float, float, float, int, int)"
20260625_143436_decode_stage1_decode_b2p16384_cg_on_b2_f1_p16384_layers5_backend_auto_cg_on_pcg_off_tp1_marker_on_profile_nsys,84,0.014432,gemm,deepgemm,sm90_fp8_gemm_1d2d_impl,"void deep_gemm::sm90_fp8_gemm_1d2d_impl<(cute::UMMA::Major)0, (unsigned int)0, (unsigned int)2112, (unsigned int)7168, (unsigned int)1, (unsigned int)16, (unsigned int)16, (unsigned int)128, (unsigned int)128, (unsigned int)128, (unsigned int)32, (unsigned int)32, (unsigned int)24, (unsigned int)128, (unsigned int)128, (unsigned int)1, (bool)0, (unsigned int)132, (deep_gemm::GemmType)0, deep_gemm::EpilogueIdentity, (bool)0>(float *, int *, int *, unsigned int, unsigned int, unsigned int, CUtensorMap_st, CUtensorMap_st, CUtensorMap_st, CUtensorMap_st)"
20260625_143436_decode_stage1_decode_b2p16384_cg_on_b2_f1_p16384_layers5_backend_auto_cg_on_pcg_off_tp1_marker_on_profile_nsys,87,0.001408,quant,sglang,per_token_group_quant_8bit_kernel,"void per_token_group_quant_8bit_kernel<__nv_bfloat16, __nv_fp8_e4m3, (bool)1, (bool)0, float>(const T1 *, void *, T5 *, int, int, int, float, float, float, int, int)"
20260625_143436_decode_stage1_decode_b2p16384_cg_on_b2_f1_p16384_layers5_backend_auto_cg_on_pcg_off_tp1_marker_on_profile_nsys,88,0.016256,gemm,deepgemm,sm90_fp8_gemm_1d2d_impl,"void deep_gemm::sm90_fp8_gemm_1d2d_impl<(cute::UMMA::Major)0, (unsigned int)0, (unsigned int)24576, (unsigned int)1536, (unsigned int)1, (unsigned int)16, (unsigned int)192, (unsigned int)128, (unsigned int)128, (unsigned int)128, (unsigned int)128, (unsigned int)4, (unsigned int)0, (unsigned int)128, (unsigned int)128, (unsigned int)1, (bool)0, (unsigned int)128, (deep_gemm::GemmType)0, deep_gemm::EpilogueIdentity, (bool)0>(float *, int *, int *, unsigned int, unsigned int, unsigned int, CUtensorMap_st, CUtensorMap_st, CUtensorMap_st, CUtensorMap_st)"
20260625_143436_decode_stage1_decode_b2p16384_cg_on_b2_f1_p16384_layers5_backend_auto_cg_on_pcg_off_tp1_marker_on_profile_nsys,89,0.008096,bmm,torch,nvjet_tst_256x8_64x6_2x1_v_bz_TNT,nvjet_tst_256x8_64x6_2x1_v_bz_TNT
20260625_143436_decode_stage1_decode_b2p16384_cg_on_b2_f1_p16384_layers5_backend_auto_cg_on_pcg_off_tp1_marker_on_profile_nsys,91,0.001216,attention_support,sglang_mla,set_mla_kv_buffer_kernel,set_mla_kv_buffer_kernel
20260625_143436_decode_stage1_decode_b2p16384_cg_on_b2_f1_p16384_layers5_backend_auto_cg_on_pcg_off_tp1_marker_on_profile_nsys,95,0.008736,bmm,torch,nvjet_tst_128x8_64x12_1x1_h_bz_TNT,nvjet_tst_128x8_64x12_1x1_h_bz_TNT
20260625_143436_decode_stage1_decode_b2p16384_cg_on_b2_f1_p16384_layers5_backend_auto_cg_on_pcg_off_tp1_marker_on_profile_nsys,96,0.001728,quant,sglang,per_token_group_quant_8bit_kernel,"void per_token_group_quant_8bit_kernel<__nv_bfloat16, __nv_fp8_e4m3, (bool)1, (bool)0, float>(const T1 *, void *, T5 *, int, int, int, float, float, float, int, int)"
20260625_143436_decode_stage1_decode_b2p16384_cg_on_b2_f1_p16384_layers5_backend_auto_cg_on_pcg_off_tp1_marker_on_profile_nsys,97,0.048287,gemm,deepgemm,sm90_fp8_gemm_1d2d_impl,"void deep_gemm::sm90_fp8_gemm_1d2d_impl<(cute::UMMA::Major)0, (unsigned int)0, (unsigned int)7168, (unsigned int)16384, (unsigned int)1, (unsigned int)16, (unsigned int)64, (unsigned int)128, (unsigned int)128, (unsigned int)128, (unsigned int)128, (unsigned int)22, (unsigned int)18, (unsigned int)128, (unsigned int)128, (unsigned int)1, (bool)0, (unsigned int)112, (deep_gemm::GemmType)0, deep_gemm::EpilogueIdentity, (bool)0>(float *, int *, int *, unsigned int, unsigned int, unsigned int, CUtensorMap_st, CUtensorMap_st, CUtensorMap_st, CUtensorMap_st)"
20260625_143436_decode_stage1_decode_b2p16384_cg_on_b2_f1_p16384_layers5_backend_auto_cg_on_pcg_off_tp1_marker_on_profile_nsys,103,0.001504,quant,sglang,per_token_group_quant_8bit_kernel,"void per_token_group_quant_8bit_kernel<__nv_bfloat16, __nv_fp8_e4m3, (bool)0, (bool)0, float>(const T1 *, void *, T5 *, int, int, int, float, float, float, int, int)"
20260625_143436_decode_stage1_decode_b2p16384_cg_on_b2_f1_p16384_layers5_backend_auto_cg_on_pcg_off_tp1_marker_on_profile_nsys,106,0.001536,quant,sglang,per_token_group_quant_8bit_kernel,"void per_token_group_quant_8bit_kernel<__nv_bfloat16, __nv_fp8_e4m3, (bool)0, (bool)0, float>(const T1 *, void *, T5 *, int, int, int, float, float, float, int, int)"
20260625_143436_decode_stage1_decode_b2p16384_cg_on_b2_f1_p16384_layers5_backend_auto_cg_on_pcg_off_tp1_marker_on_profile_nsys,110,0.001664,quant,sglang,per_token_group_quant_8bit_kernel,"void per_token_group_quant_8bit_kernel<__nv_bfloat16, __nv_fp8_e4m3, (bool)1, (bool)0, float>(const T1 *, void *, T5 *, int, int, int, float, float, float, int, int)"
20260625_143436_decode_stage1_decode_b2p16384_cg_on_b2_f1_p16384_layers5_backend_auto_cg_on_pcg_off_tp1_marker_on_profile_nsys,111,0.01424,gemm,deepgemm,sm90_fp8_gemm_1d2d_impl,"void deep_gemm::sm90_fp8_gemm_1d2d_impl<(cute::UMMA::Major)0, (unsigned int)0, (unsigned int)2112, (unsigned int)7168, (unsigned int)1, (unsigned int)16, (unsigned int)16, (unsigned int)128, (unsigned int)128, (unsigned int)128, (unsigned int)32, (unsigned int)32, (unsigned int)24, (unsigned int)128, (unsigned int)128, (unsigned int)1, (bool)0, (unsigned int)132, (deep_gemm::GemmType)0, deep_gemm::EpilogueIdentity, (bool)0>(float *, int *, int *, unsigned int, unsigned int, unsigned int, CUtensorMap_st, CUtensorMap_st, CUtensorMap_st, CUtensorMap_st)"
20260625_143436_decode_stage1_decode_b2p16384_cg_on_b2_f1_p16384_layers5_backend_auto_cg_on_pcg_off_tp1_marker_on_profile_nsys,114,0.001344,quant,sglang,per_token_group_quant_8bit_kernel,"void per_token_group_quant_8bit_kernel<__nv_bfloat16, __nv_fp8_e4m3, (bool)1, (bool)0, float>(const T1 *, void *, T5 *, int, int, int, float, float, float, int, int)"
20260625_143436_decode_stage1_decode_b2p16384_cg_on_b2_f1_p16384_layers5_backend_auto_cg_on_pcg_off_tp1_marker_on_profile_nsys,115,0.01616,gemm,deepgemm,sm90_fp8_gemm_1d2d_impl,"void deep_gemm::sm90_fp8_gemm_1d2d_impl<(cute::UMMA::Major)0, (unsigned int)0, (unsigned int)24576, (unsigned int)1536, (unsigned int)1, (unsigned int)16, (unsigned int)192, (unsigned int)128, (unsigned int)128, (unsigned int)128, (unsigned int)128, (unsigned int)4, (unsigned int)0, (unsigned int)128, (unsigned int)128, (unsigned int)1, (bool)0, (unsigned int)128, (deep_gemm::GemmType)0, deep_gemm::EpilogueIdentity, (bool)0>(float *, int *, int *, unsigned int, unsigned int, unsigned int, CUtensorMap_st, CUtensorMap_st, CUtensorMap_st, CUtensorMap_st)"
20260625_143436_decode_stage1_decode_b2p16384_cg_on_b2_f1_p16384_layers5_backend_auto_cg_on_pcg_off_tp1_marker_on_profile_nsys,116,0.007968,bmm,torch,nvjet_tst_256x8_64x6_2x1_v_bz_TNT,nvjet_tst_256x8_64x6_2x1_v_bz_TNT
20260625_143436_decode_stage1_decode_b2p16384_cg_on_b2_f1_p16384_layers5_backend_auto_cg_on_pcg_off_tp1_marker_on_profile_nsys,118,0.001216,attention_support,sglang_mla,set_mla_kv_buffer_kernel,set_mla_kv_buffer_kernel
20260625_143436_decode_stage1_decode_b2p16384_cg_on_b2_f1_p16384_layers5_backend_auto_cg_on_pcg_off_tp1_marker_on_profile_nsys,122,0.008416,bmm,torch,nvjet_tst_128x8_64x12_1x1_h_bz_TNT,nvjet_tst_128x8_64x12_1x1_h_bz_TNT
20260625_143436_decode_stage1_decode_b2p16384_cg_on_b2_f1_p16384_layers5_backend_auto_cg_on_pcg_off_tp1_marker_on_profile_nsys,123,0.001728,quant,sglang,per_token_group_quant_8bit_kernel,"void per_token_group_quant_8bit_kernel<__nv_bfloat16, __nv_fp8_e4m3, (bool)1, (bool)0, float>(const T1 *, void *, T5 *, int, int, int, float, float, float, int, int)"
20260625_143436_decode_stage1_decode_b2p16384_cg_on_b2_f1_p16384_layers5_backend_auto_cg_on_pcg_off_tp1_marker_on_profile_nsys,124,0.050016,gemm,deepgemm,sm90_fp8_gemm_1d2d_impl,"void deep_gemm::sm90_fp8_gemm_1d2d_impl<(cute::UMMA::Major)0, (unsigned int)0, (unsigned int)7168, (unsigned int)16384, (unsigned int)1, (unsigned int)16, (unsigned int)64, (unsigned int)128, (unsigned int)128, (unsigned int)128, (unsigned int)128, (unsigned int)22, (unsigned int)18, (unsigned int)128, (unsigned int)128, (unsigned int)1, (bool)0, (unsigned int)112, (deep_gemm::GemmType)0, deep_gemm::EpilogueIdentity, (bool)0>(float *, int *, int *, unsigned int, unsigned int, unsigned int, CUtensorMap_st, CUtensorMap_st, CUtensorMap_st, CUtensorMap_st)"
20260625_143436_decode_stage1_decode_b2p16384_cg_on_b2_f1_p16384_layers5_backend_auto_cg_on_pcg_off_tp1_marker_on_profile_nsys,130,0.001504,quant,sglang,per_token_group_quant_8bit_kernel,"void per_token_group_quant_8bit_kernel<__nv_bfloat16, __nv_fp8_e4m3, (bool)0, (bool)0, float>(const T1 *, void *, T5 *, int, int, int, float, float, float, int, int)"
20260625_143436_decode_stage1_decode_b2p16384_cg_on_b2_f1_p16384_layers5_backend_auto_cg_on_pcg_off_tp1_marker_on_profile_nsys,133,0.001536,quant,sglang,per_token_group_quant_8bit_kernel,"void per_token_group_quant_8bit_kernel<__nv_bfloat16, __nv_fp8_e4m3, (bool)0, (bool)0, float>(const T1 *, void *, T5 *, int, int, int, float, float, float, int, int)"
20260625_143436_decode_stage1_decode_b2p16384_cg_on_b2_f1_p16384_layers5_backend_auto_cg_on_pcg_off_tp1_marker_on_profile_nsys,137,0.609761,bmm,torch,nvjet_tst_384x8_64x4_2x1_v_bz_TNT,nvjet_tst_384x8_64x4_2x1_v_bz_TNT
