model_key,system,mode,model,isl,osl,prefix,concurrency,request_rate,(p)bs,(p)global_bs,(p)workers,(d)bs,(d)global_bs,(d)workers,ttft,tpot,request_latency,seq/s,seq/s/gpu,tokens/s,tokens/s/gpu,tokens/s/user,(p)seq/s/worker,(d)seq/s/worker,num_total_gpus,(p)tp,(p)pp,(p)dp,(p)moe_tp,(p)moe_ep,(p)parallel,(p)gemm,(p)kvcache,(p)fmha,(p)moe,(p)comm,(p)memory,(p)backend,(p)version,(p)system,(d)tp,(d)pp,(d)dp,(d)moe_tp,(d)moe_ep,(d)parallel,(d)gemm,(d)kvcache,(d)fmha,(d)moe,(d)comm,(d)memory,(d)backend,(d)version,(d)system,power_w,tokens/s/gpu_cluster
llama31_70b,a100_sxm,SILICON,meta-llama/Meta-Llama-3.1-70B,4096,1024,0,108,1.133,1,1,1,108,108,1,1430.12,83.323,86669.549,1.133,0.142,1160.294,145.037,12.002,1.259,1.267,8,4,1,1,1,1,tp4pp1dp1etp1ep1,bfloat16,bfloat16,bfloat16,bfloat16,half,38.216,sglang,0.5.10,a100_sxm,4,1,1,1,1,tp4pp1dp1etp1ep1,bfloat16,bfloat16,bfloat16,bfloat16,half,79.725,sglang,0.5.10,a100_sxm,0.0,145.037
llama31_70b,a100_sxm,SILICON,meta-llama/Meta-Llama-3.1-70B,4096,1024,0,112,1.824,1,1,1,112,112,1,887.875,54.991,57143.668,1.824,0.114,1868.083,116.755,18.185,2.027,1.991,16,8,1,1,1,1,tp8pp1dp1etp1ep1,bfloat16,bfloat16,bfloat16,bfloat16,half,21.633,sglang,0.5.10,a100_sxm,8,1,1,1,1,tp8pp1dp1etp1ep1,bfloat16,bfloat16,bfloat16,bfloat16,half,42.986,sglang,0.5.10,a100_sxm,0.0,116.755
llama31_70b,a100_sxm,SILICON,meta-llama/Meta-Llama-3.1-70B,4096,1024,0,200,3.344,1,1,3,40,40,5,1430.12,53.766,56432.738,3.344,0.105,3424.461,107.014,18.599,1.259,0.727,32,4,1,1,1,1,tp4pp1dp1etp1ep1,bfloat16,bfloat16,bfloat16,bfloat16,half,38.216,sglang,0.5.10,a100_sxm,4,1,1,1,1,tp4pp1dp1etp1ep1,bfloat16,bfloat16,bfloat16,bfloat16,half,53.162,sglang,0.5.10,a100_sxm,0.0,107.014
llama31_70b,a100_sxm,SILICON,meta-llama/Meta-Llama-3.1-70B,4096,1024,0,88,1.584,1,1,1,88,88,1,887.875,49.958,51994.909,1.584,0.099,1622.262,101.391,20.017,2.027,1.722,16,8,1,1,1,1,tp8pp1dp1etp1ep1,bfloat16,bfloat16,bfloat16,bfloat16,half,21.633,sglang,0.5.10,a100_sxm,8,1,1,1,1,tp8pp1dp1etp1ep1,bfloat16,bfloat16,bfloat16,bfloat16,half,38.298,sglang,0.5.10,a100_sxm,0.0,101.391
llama31_70b,a100_sxm,SILICON,meta-llama/Meta-Llama-3.1-70B,4096,1024,0,64,1.478,1,1,1,64,64,1,887.875,38.964,40748.047,1.478,0.092,1512.98,94.561,25.664,2.027,1.606,16,8,1,1,1,1,tp8pp1dp1etp1ep1,bfloat16,bfloat16,bfloat16,bfloat16,half,21.633,sglang,0.5.10,a100_sxm,8,1,1,1,1,tp8pp1dp1etp1ep1,bfloat16,bfloat16,bfloat16,bfloat16,half,33.611,sglang,0.5.10,a100_sxm,0.0,94.561
llama31_70b,a100_sxm,SILICON,meta-llama/Meta-Llama-3.1-70B,4096,1024,0,52,1.371,1,1,1,52,52,1,887.875,34.107,35779.336,1.371,0.086,1403.699,87.731,29.319,2.027,1.49,16,8,1,1,1,1,tp8pp1dp1etp1ep1,bfloat16,bfloat16,bfloat16,bfloat16,half,21.633,sglang,0.5.10,a100_sxm,8,1,1,1,1,tp8pp1dp1etp1ep1,bfloat16,bfloat16,bfloat16,bfloat16,half,31.267,sglang,0.5.10,a100_sxm,0.0,87.731
llama31_70b,a100_sxm,SILICON,meta-llama/Meta-Llama-3.1-70B,4096,1024,0,48,1.824,1,1,1,16,16,3,887.875,23.286,24709.453,1.824,0.057,1868.083,58.378,42.944,2.027,0.672,32,8,1,1,1,1,tp8pp1dp1etp1ep1,bfloat16,bfloat16,bfloat16,bfloat16,half,21.633,sglang,0.5.10,a100_sxm,8,1,1,1,1,tp8pp1dp1etp1ep1,bfloat16,bfloat16,bfloat16,bfloat16,half,24.236,sglang,0.5.10,a100_sxm,0.0,58.378
llama31_70b,a100_sxm,SILICON,meta-llama/Meta-Llama-3.1-70B,4096,1024,0,15,0.69,1,1,1,5,5,3,887.875,19.579,20917.192,0.69,0.022,706.56,22.08,51.076,2.027,0.25,32,8,1,1,1,1,tp8pp1dp1etp1ep1,bfloat16,bfloat16,bfloat16,bfloat16,half,21.633,sglang,0.5.10,a100_sxm,8,1,1,1,1,tp8pp1dp1etp1ep1,bfloat16,bfloat16,bfloat16,bfloat16,half,22.087,sglang,0.5.10,a100_sxm,0.0,22.08
llama31_70b,a100_sxm,SILICON,meta-llama/Meta-Llama-3.1-70B,4096,1024,0,3,0.146,1,1,1,1,1,3,887.875,18.6,19915.675,0.146,0.005,149.791,4.681,53.764,2.027,0.053,32,8,1,1,1,1,tp8pp1dp1etp1ep1,bfloat16,bfloat16,bfloat16,bfloat16,half,21.633,sglang,0.5.10,a100_sxm,8,1,1,1,1,tp8pp1dp1etp1ep1,bfloat16,bfloat16,bfloat16,bfloat16,half,21.306,sglang,0.5.10,a100_sxm,0.0,4.681
llama31_70b,a100_sxm,EMPIRICAL,meta-llama/Meta-Llama-3.1-70B,4096,1024,0,324,5.363,1,1,5,108,108,3,1377.401,54.331,56958.014,5.363,0.168,5491.384,171.606,18.406,1.307,1.943,32,4,1,1,1,1,tp4pp1dp1etp1ep1,bfloat16,bfloat16,bfloat16,bfloat16,half,38.216,sglang,0.5.10,a100_sxm,4,1,1,1,1,tp4pp1dp1etp1ep1,bfloat16,bfloat16,bfloat16,bfloat16,half,79.725,sglang,0.5.10,a100_sxm,0.0,171.606
llama31_70b,a100_sxm,EMPIRICAL,meta-llama/Meta-Llama-3.1-70B,4096,1024,0,276,4.985,1,1,5,92,92,3,1377.401,49.806,52328.939,4.985,0.156,5104.189,159.506,20.078,1.307,1.806,32,4,1,1,1,1,tp4pp1dp1etp1ep1,bfloat16,bfloat16,bfloat16,bfloat16,half,38.216,sglang,0.5.10,a100_sxm,4,1,1,1,1,tp4pp1dp1etp1ep1,bfloat16,bfloat16,bfloat16,bfloat16,half,73.475,sglang,0.5.10,a100_sxm,0.0,159.506
llama31_70b,a100_sxm,EMPIRICAL,meta-llama/Meta-Llama-3.1-70B,4096,1024,0,56,1.176,1,1,1,56,56,1,1377.401,39.626,41914.799,1.176,0.147,1204.531,150.566,25.236,1.307,1.381,8,4,1,1,1,1,tp4pp1dp1etp1ep1,bfloat16,bfloat16,bfloat16,bfloat16,half,38.216,sglang,0.5.10,a100_sxm,4,1,1,1,1,tp4pp1dp1etp1ep1,bfloat16,bfloat16,bfloat16,bfloat16,half,59.412,sglang,0.5.10,a100_sxm,0.0,150.566
llama31_70b,a100_sxm,EMPIRICAL,meta-llama/Meta-Llama-3.1-70B,4096,1024,0,48,2.011,1,1,1,48,48,1,805.707,19.892,21155.223,2.011,0.126,2058.854,128.678,50.271,2.234,2.359,16,8,1,1,1,1,tp8pp1dp1etp1ep1,bfloat16,bfloat16,bfloat16,bfloat16,half,21.633,sglang,0.5.10,a100_sxm,8,1,1,1,1,tp8pp1dp1etp1ep1,bfloat16,bfloat16,bfloat16,bfloat16,half,30.486,sglang,0.5.10,a100_sxm,0.0,128.678
llama31_70b,a100_sxm,EMPIRICAL,meta-llama/Meta-Llama-3.1-70B,4096,1024,0,40,1.931,1,1,1,40,40,1,805.707,18.624,19858.059,1.931,0.121,1977.426,123.589,53.693,2.234,2.099,16,8,1,1,1,1,tp8pp1dp1etp1ep1,bfloat16,bfloat16,bfloat16,bfloat16,half,21.633,sglang,0.5.10,a100_sxm,8,1,1,1,1,tp8pp1dp1etp1ep1,bfloat16,bfloat16,bfloat16,bfloat16,half,28.923,sglang,0.5.10,a100_sxm,0.0,123.589
llama31_70b,a100_sxm,EMPIRICAL,meta-llama/Meta-Llama-3.1-70B,4096,1024,0,36,1.8,1,1,1,36,36,1,805.707,17.99,19209.477,1.8,0.112,1842.708,115.169,55.585,2.234,1.956,16,8,1,1,1,1,tp8pp1dp1etp1ep1,bfloat16,bfloat16,bfloat16,bfloat16,half,21.633,sglang,0.5.10,a100_sxm,8,1,1,1,1,tp8pp1dp1etp1ep1,bfloat16,bfloat16,bfloat16,bfloat16,half,28.142,sglang,0.5.10,a100_sxm,0.0,115.169
llama31_70b,a100_sxm,EMPIRICAL,meta-llama/Meta-Llama-3.1-70B,4096,1024,0,28,1.506,1,1,1,28,28,1,805.707,16.723,17913.336,1.506,0.094,1542.185,96.387,59.799,2.234,1.637,16,8,1,1,1,1,tp8pp1dp1etp1ep1,bfloat16,bfloat16,bfloat16,bfloat16,half,21.633,sglang,0.5.10,a100_sxm,8,1,1,1,1,tp8pp1dp1etp1ep1,bfloat16,bfloat16,bfloat16,bfloat16,half,26.579,sglang,0.5.10,a100_sxm,0.0,96.387
llama31_70b,a100_sxm,EMPIRICAL,meta-llama/Meta-Llama-3.1-70B,4096,1024,0,44,2.011,1,1,1,22,22,2,805.707,15.772,16940.463,2.011,0.084,2058.854,85.786,63.405,2.234,1.364,24,8,1,1,1,1,tp8pp1dp1etp1ep1,bfloat16,bfloat16,bfloat16,bfloat16,half,21.633,sglang,0.5.10,a100_sxm,8,1,1,1,1,tp8pp1dp1etp1ep1,bfloat16,bfloat16,bfloat16,bfloat16,half,25.408,sglang,0.5.10,a100_sxm,0.0,64.3395
llama31_70b,a100_sxm,EMPIRICAL,meta-llama/Meta-Llama-3.1-70B,4096,1024,0,30,1.946,1,1,1,10,10,3,805.707,13.87,14994.717,1.946,0.061,1992.499,62.266,72.099,2.234,0.705,32,8,1,1,1,1,tp8pp1dp1etp1ep1,bfloat16,bfloat16,bfloat16,bfloat16,half,21.633,sglang,0.5.10,a100_sxm,8,1,1,1,1,tp8pp1dp1etp1ep1,bfloat16,bfloat16,bfloat16,bfloat16,half,23.064,sglang,0.5.10,a100_sxm,0.0,62.266
llama31_70b,a100_sxm,EMPIRICAL,meta-llama/Meta-Llama-3.1-70B,4096,1024,0,12,0.836,1,1,1,4,4,3,805.707,12.919,14021.844,0.836,0.026,856.351,26.761,77.406,2.234,0.303,32,8,1,1,1,1,tp8pp1dp1etp1ep1,bfloat16,bfloat16,bfloat16,bfloat16,half,21.633,sglang,0.5.10,a100_sxm,8,1,1,1,1,tp8pp1dp1etp1ep1,bfloat16,bfloat16,bfloat16,bfloat16,half,21.892,sglang,0.5.10,a100_sxm,0.0,26.761
llama31_70b,a100_sxm,ANALYTICAL,meta-llama/Meta-Llama-3.1-70B,4096,1024,0,84,1.173,1,1,1,84,84,1,1376.381,64.377,67234.052,1.173,0.147,1201.152,150.144,15.533,1.308,1.275,8,4,1,1,1,1,tp4pp1dp1etp1ep1,bfloat16,bfloat16,bfloat16,bfloat16,half,38.216,sglang,0.5.10,a100_sxm,4,1,1,1,1,tp4pp1dp1etp1ep1,bfloat16,bfloat16,bfloat16,bfloat16,half,70.35,sglang,0.5.10,a100_sxm,0.0,150.144
llama31_70b,a100_sxm,ANALYTICAL,meta-llama/Meta-Llama-3.1-70B,4096,1024,0,60,1.007,1,1,1,60,60,1,1376.381,53.543,56150.87,1.007,0.126,1031.578,128.947,18.676,1.308,1.095,8,4,1,1,1,1,tp4pp1dp1etp1ep1,bfloat16,bfloat16,bfloat16,bfloat16,half,38.216,sglang,0.5.10,a100_sxm,4,1,1,1,1,tp4pp1dp1etp1ep1,bfloat16,bfloat16,bfloat16,bfloat16,half,60.975,sglang,0.5.10,a100_sxm,0.0,128.947
llama31_70b,a100_sxm,ANALYTICAL,meta-llama/Meta-Llama-3.1-70B,4096,1024,0,84,1.975,1,1,1,84,84,1,820.363,34.907,36530.224,1.975,0.123,2021.99,126.374,28.648,2.194,2.352,16,8,1,1,1,1,tp8pp1dp1etp1ep1,bfloat16,bfloat16,bfloat16,bfloat16,half,21.633,sglang,0.5.10,a100_sxm,8,1,1,1,1,tp8pp1dp1etp1ep1,bfloat16,bfloat16,bfloat16,bfloat16,half,37.517,sglang,0.5.10,a100_sxm,0.0,126.374
llama31_70b,a100_sxm,ANALYTICAL,meta-llama/Meta-Llama-3.1-70B,4096,1024,0,60,1.856,1,1,1,60,60,1,820.363,29.078,30567.157,1.856,0.116,1900.175,118.761,34.39,2.194,2.017,16,8,1,1,1,1,tp8pp1dp1etp1ep1,bfloat16,bfloat16,bfloat16,bfloat16,half,21.633,sglang,0.5.10,a100_sxm,8,1,1,1,1,tp8pp1dp1etp1ep1,bfloat16,bfloat16,bfloat16,bfloat16,half,32.829,sglang,0.5.10,a100_sxm,0.0,118.761
llama31_70b,a100_sxm,ANALYTICAL,meta-llama/Meta-Llama-3.1-70B,4096,1024,0,40,1.485,1,1,1,40,40,1,820.363,24.221,25598.446,1.485,0.093,1520.517,95.032,41.287,2.194,1.614,16,8,1,1,1,1,tp8pp1dp1etp1ep1,bfloat16,bfloat16,bfloat16,bfloat16,half,21.633,sglang,0.5.10,a100_sxm,8,1,1,1,1,tp8pp1dp1etp1ep1,bfloat16,bfloat16,bfloat16,bfloat16,half,28.923,sglang,0.5.10,a100_sxm,0.0,95.032
llama31_70b,a100_sxm,ANALYTICAL,meta-llama/Meta-Llama-3.1-70B,4096,1024,0,44,1.975,1,1,1,22,22,2,820.363,19.849,21125.89,1.975,0.082,2021.99,84.25,50.379,2.194,1.083,24,8,1,1,1,1,tp8pp1dp1etp1ep1,bfloat16,bfloat16,bfloat16,bfloat16,half,21.633,sglang,0.5.10,a100_sxm,8,1,1,1,1,tp8pp1dp1etp1ep1,bfloat16,bfloat16,bfloat16,bfloat16,half,25.408,sglang,0.5.10,a100_sxm,0.0,63.1875
llama31_70b,a100_sxm,ANALYTICAL,meta-llama/Meta-Llama-3.1-70B,4096,1024,0,42,1.975,1,1,1,14,14,3,820.363,17.907,19139.224,1.975,0.062,2021.99,63.187,55.846,2.194,0.764,32,8,1,1,1,1,tp8pp1dp1etp1ep1,bfloat16,bfloat16,bfloat16,bfloat16,half,21.633,sglang,0.5.10,a100_sxm,8,1,1,1,1,tp8pp1dp1etp1ep1,bfloat16,bfloat16,bfloat16,bfloat16,half,23.845,sglang,0.5.10,a100_sxm,0.0,63.187
llama31_70b,a100_sxm,ANALYTICAL,meta-llama/Meta-Llama-3.1-70B,4096,1024,0,30,1.59,1,1,1,10,10,3,820.363,16.982,18192.949,1.59,0.05,1627.914,50.872,58.885,2.194,0.576,32,8,1,1,1,1,tp8pp1dp1etp1ep1,bfloat16,bfloat16,bfloat16,bfloat16,half,21.633,sglang,0.5.10,a100_sxm,8,1,1,1,1,tp8pp1dp1etp1ep1,bfloat16,bfloat16,bfloat16,bfloat16,half,23.064,sglang,0.5.10,a100_sxm,0.0,50.872
llama31_70b,a100_sxm,ANALYTICAL,meta-llama/Meta-Llama-3.1-70B,4096,1024,0,15,0.856,1,1,1,5,5,3,820.363,15.771,16954.096,0.856,0.027,876.134,27.379,63.409,2.194,0.31,32,8,1,1,1,1,tp8pp1dp1etp1ep1,bfloat16,bfloat16,bfloat16,bfloat16,half,21.633,sglang,0.5.10,a100_sxm,8,1,1,1,1,tp8pp1dp1etp1ep1,bfloat16,bfloat16,bfloat16,bfloat16,half,22.087,sglang,0.5.10,a100_sxm,0.0,27.379
llama31_70b,a100_sxm,ANALYTICAL,meta-llama/Meta-Llama-3.1-70B,4096,1024,0,3,0.182,1,1,1,1,1,3,820.363,14.886,16048.741,0.182,0.006,186.532,5.829,67.176,2.194,0.066,32,8,1,1,1,1,tp8pp1dp1etp1ep1,bfloat16,bfloat16,bfloat16,bfloat16,half,21.633,sglang,0.5.10,a100_sxm,8,1,1,1,1,tp8pp1dp1etp1ep1,bfloat16,bfloat16,bfloat16,bfloat16,half,21.306,sglang,0.5.10,a100_sxm,0.0,5.829
llama31_70b,h100_sxm,SILICON,meta-llama/Meta-Llama-3.1-70B,4096,1024,0,144,4.836,1,1,1,144,144,1,334.998,24.642,25543.764,4.836,0.302,4951.757,309.485,40.58,5.373,5.712,16,8,1,1,1,1,tp8pp1dp1etp1ep1,bfloat16,bfloat16,bfloat16,bfloat16,half,21.633,sglang,0.5.10,h100_sxm,8,1,1,1,1,tp8pp1dp1etp1ep1,bfloat16,bfloat16,bfloat16,bfloat16,half,49.236,sglang,0.5.10,h100_sxm,0.0,309.485
llama31_70b,h100_sxm,SILICON,meta-llama/Meta-Llama-3.1-70B,4096,1024,0,88,4.034,1,1,1,88,88,1,334.998,19.619,20405.235,4.034,0.252,4131.021,258.189,50.972,5.373,4.385,16,8,1,1,1,1,tp8pp1dp1etp1ep1,bfloat16,bfloat16,bfloat16,bfloat16,half,21.633,sglang,0.5.10,h100_sxm,8,1,1,1,1,tp8pp1dp1etp1ep1,bfloat16,bfloat16,bfloat16,bfloat16,half,38.298,sglang,0.5.10,h100_sxm,0.0,258.189
llama31_70b,h100_sxm,SILICON,meta-llama/Meta-Llama-3.1-70B,4096,1024,0,76,3.645,1,1,1,76,76,1,334.998,18.753,19519.317,3.645,0.228,3732.521,233.283,53.326,5.373,3.962,16,8,1,1,1,1,tp8pp1dp1etp1ep1,bfloat16,bfloat16,bfloat16,bfloat16,half,21.633,sglang,0.5.10,h100_sxm,8,1,1,1,1,tp8pp1dp1etp1ep1,bfloat16,bfloat16,bfloat16,bfloat16,half,35.954,sglang,0.5.10,h100_sxm,0.0,233.283
llama31_70b,h100_sxm,SILICON,meta-llama/Meta-Llama-3.1-70B,4096,1024,0,68,3.404,1,1,1,68,68,1,334.998,17.967,18715.239,3.404,0.213,3485.696,217.856,55.658,5.373,3.7,16,8,1,1,1,1,tp8pp1dp1etp1ep1,bfloat16,bfloat16,bfloat16,bfloat16,half,21.633,sglang,0.5.10,h100_sxm,8,1,1,1,1,tp8pp1dp1etp1ep1,bfloat16,bfloat16,bfloat16,bfloat16,half,34.392,sglang,0.5.10,h100_sxm,0.0,217.856
llama31_70b,h100_sxm,SILICON,meta-llama/Meta-Llama-3.1-70B,4096,1024,0,88,4.836,1,1,1,44,44,2,334.998,15.812,16510.674,4.836,0.201,4951.757,206.323,63.243,5.373,2.72,24,8,1,1,1,1,tp8pp1dp1etp1ep1,bfloat16,bfloat16,bfloat16,bfloat16,half,21.633,sglang,0.5.10,h100_sxm,8,1,1,1,1,tp8pp1dp1etp1ep1,bfloat16,bfloat16,bfloat16,bfloat16,half,29.704,sglang,0.5.10,h100_sxm,0.0,154.74225
llama31_70b,h100_sxm,SILICON,meta-llama/Meta-Llama-3.1-70B,4096,1024,0,72,4.656,1,1,1,24,24,3,334.998,13.905,14559.813,4.656,0.146,4767.867,148.996,71.918,5.373,1.687,32,8,1,1,1,1,tp8pp1dp1etp1ep1,bfloat16,bfloat16,bfloat16,bfloat16,half,21.633,sglang,0.5.10,h100_sxm,8,1,1,1,1,tp8pp1dp1etp1ep1,bfloat16,bfloat16,bfloat16,bfloat16,half,25.798,sglang,0.5.10,h100_sxm,0.0,148.996
llama31_70b,h100_sxm,SILICON,meta-llama/Meta-Llama-3.1-70B,4096,1024,0,48,3.342,1,1,1,16,16,3,334.998,12.912,13543.974,3.342,0.104,3422.577,106.956,77.445,5.373,1.211,32,8,1,1,1,1,tp8pp1dp1etp1ep1,bfloat16,bfloat16,bfloat16,bfloat16,half,21.633,sglang,0.5.10,h100_sxm,8,1,1,1,1,tp8pp1dp1etp1ep1,bfloat16,bfloat16,bfloat16,bfloat16,half,24.236,sglang,0.5.10,h100_sxm,0.0,106.956
llama31_70b,h100_sxm,SILICON,meta-llama/Meta-Llama-3.1-70B,4096,1024,0,27,2.064,1,1,1,9,9,3,334.998,11.759,12364.455,2.064,0.065,2114.028,66.063,85.038,5.373,0.748,32,8,1,1,1,1,tp8pp1dp1etp1ep1,bfloat16,bfloat16,bfloat16,bfloat16,half,21.633,sglang,0.5.10,h100_sxm,8,1,1,1,1,tp8pp1dp1etp1ep1,bfloat16,bfloat16,bfloat16,bfloat16,half,22.868,sglang,0.5.10,h100_sxm,0.0,66.063
llama31_70b,h100_sxm,SILICON,meta-llama/Meta-Llama-3.1-70B,4096,1024,0,6,0.497,1,1,1,2,2,3,334.998,10.889,11474.445,0.497,0.016,508.723,15.898,91.837,5.373,0.18,32,8,1,1,1,1,tp8pp1dp1etp1ep1,bfloat16,bfloat16,bfloat16,bfloat16,half,21.633,sglang,0.5.10,h100_sxm,8,1,1,1,1,tp8pp1dp1etp1ep1,bfloat16,bfloat16,bfloat16,bfloat16,half,21.501,sglang,0.5.10,h100_sxm,0.0,15.898
llama31_70b,h100_sxm,EMPIRICAL,meta-llama/Meta-Llama-3.1-70B,4096,1024,0,108,2.901,1,1,1,108,108,1,504.409,33.486,34760.587,2.901,0.363,2970.378,371.297,29.863,3.569,3.153,8,4,1,1,1,1,tp4pp1dp1etp1ep1,bfloat16,bfloat16,bfloat16,bfloat16,half,38.216,sglang,0.5.10,h100_sxm,4,1,1,1,1,tp4pp1dp1etp1ep1,bfloat16,bfloat16,bfloat16,bfloat16,half,79.725,sglang,0.5.10,h100_sxm,0.0,371.297
llama31_70b,h100_sxm,EMPIRICAL,meta-llama/Meta-Llama-3.1-70B,4096,1024,0,84,2.576,1,1,1,84,84,1,504.409,29.33,30508.999,2.576,0.322,2637.824,329.728,34.094,3.569,2.8,8,4,1,1,1,1,tp4pp1dp1etp1ep1,bfloat16,bfloat16,bfloat16,bfloat16,half,38.216,sglang,0.5.10,h100_sxm,4,1,1,1,1,tp4pp1dp1etp1ep1,bfloat16,bfloat16,bfloat16,bfloat16,half,70.35,sglang,0.5.10,h100_sxm,0.0,329.728
llama31_70b,h100_sxm,EMPIRICAL,meta-llama/Meta-Llama-3.1-70B,4096,1024,0,92,4.919,1,1,1,92,92,1,329.281,16.768,17482.945,4.919,0.307,5037.466,314.842,59.636,5.466,5.363,16,8,1,1,1,1,tp8pp1dp1etp1ep1,bfloat16,bfloat16,bfloat16,bfloat16,half,21.633,sglang,0.5.10,h100_sxm,8,1,1,1,1,tp8pp1dp1etp1ep1,bfloat16,bfloat16,bfloat16,bfloat16,half,39.079,sglang,0.5.10,h100_sxm,0.0,314.842
llama31_70b,h100_sxm,EMPIRICAL,meta-llama/Meta-Llama-3.1-70B,4096,1024,0,84,4.725,1,1,1,84,84,1,329.281,15.987,16683.982,4.725,0.295,4838.523,302.408,62.551,5.466,5.136,16,8,1,1,1,1,tp8pp1dp1etp1ep1,bfloat16,bfloat16,bfloat16,bfloat16,half,21.633,sglang,0.5.10,h100_sxm,8,1,1,1,1,tp8pp1dp1etp1ep1,bfloat16,bfloat16,bfloat16,bfloat16,half,37.517,sglang,0.5.10,h100_sxm,0.0,302.408
llama31_70b,h100_sxm,EMPIRICAL,meta-llama/Meta-Llama-3.1-70B,4096,1024,0,72,4.371,1,1,1,72,72,1,329.281,14.815,15485.026,4.371,0.273,4475.822,279.739,67.499,5.466,4.751,16,8,1,1,1,1,tp8pp1dp1etp1ep1,bfloat16,bfloat16,bfloat16,bfloat16,half,21.633,sglang,0.5.10,h100_sxm,8,1,1,1,1,tp8pp1dp1etp1ep1,bfloat16,bfloat16,bfloat16,bfloat16,half,35.173,sglang,0.5.10,h100_sxm,0.0,279.739
llama31_70b,h100_sxm,EMPIRICAL,meta-llama/Meta-Llama-3.1-70B,4096,1024,0,60,3.955,1,1,1,60,60,1,329.281,13.643,14286.07,3.955,0.247,4050.002,253.125,73.298,5.466,4.299,16,8,1,1,1,1,tp8pp1dp1etp1ep1,bfloat16,bfloat16,bfloat16,bfloat16,half,21.633,sglang,0.5.10,h100_sxm,8,1,1,1,1,tp8pp1dp1etp1ep1,bfloat16,bfloat16,bfloat16,bfloat16,half,32.829,sglang,0.5.10,h100_sxm,0.0,253.125
llama31_70b,h100_sxm,EMPIRICAL,meta-llama/Meta-Llama-3.1-70B,4096,1024,0,52,3.636,1,1,1,52,52,1,329.281,12.862,13487.107,3.636,0.227,3723.1,232.694,77.75,5.466,3.952,16,8,1,1,1,1,tp8pp1dp1etp1ep1,bfloat16,bfloat16,bfloat16,bfloat16,half,21.633,sglang,0.5.10,h100_sxm,8,1,1,1,1,tp8pp1dp1etp1ep1,bfloat16,bfloat16,bfloat16,bfloat16,half,31.267,sglang,0.5.10,h100_sxm,0.0,232.694
llama31_70b,h100_sxm,EMPIRICAL,meta-llama/Meta-Llama-3.1-70B,4096,1024,0,64,4.919,1,1,1,32,32,2,329.281,10.908,11488.165,4.919,0.205,5037.466,209.894,91.673,5.466,2.868,24,8,1,1,1,1,tp8pp1dp1etp1ep1,bfloat16,bfloat16,bfloat16,bfloat16,half,21.633,sglang,0.5.10,h100_sxm,8,1,1,1,1,tp8pp1dp1etp1ep1,bfloat16,bfloat16,bfloat16,bfloat16,half,27.361,sglang,0.5.10,h100_sxm,0.0,157.4205
llama31_70b,h100_sxm,EMPIRICAL,meta-llama/Meta-Llama-3.1-70B,4096,1024,0,44,3.984,1,1,1,22,22,2,329.281,9.932,10489.717,3.984,0.166,4079.206,169.967,100.689,5.466,2.165,24,8,1,1,1,1,tp8pp1dp1etp1ep1,bfloat16,bfloat16,bfloat16,bfloat16,half,21.633,sglang,0.5.10,h100_sxm,8,1,1,1,1,tp8pp1dp1etp1ep1,bfloat16,bfloat16,bfloat16,bfloat16,half,25.408,sglang,0.5.10,h100_sxm,0.0,127.47525000000002
llama31_70b,h100_sxm,EMPIRICAL,meta-llama/Meta-Llama-3.1-70B,4096,1024,0,36,3.616,1,1,1,12,12,3,329.281,8.955,9490.246,3.616,0.113,3702.374,115.699,111.671,5.466,1.31,32,8,1,1,1,1,tp8pp1dp1etp1ep1,bfloat16,bfloat16,bfloat16,bfloat16,half,21.633,sglang,0.5.10,h100_sxm,8,1,1,1,1,tp8pp1dp1etp1ep1,bfloat16,bfloat16,bfloat16,bfloat16,half,23.454,sglang,0.5.10,h100_sxm,0.0,115.699
llama31_70b,h100_sxm,EMPIRICAL,meta-llama/Meta-Llama-3.1-70B,4096,1024,0,6,0.676,1,1,1,2,2,3,329.281,7.978,8490.775,0.676,0.021,692.429,21.638,125.341,5.466,0.245,32,8,1,1,1,1,tp8pp1dp1etp1ep1,bfloat16,bfloat16,bfloat16,bfloat16,half,21.633,sglang,0.5.10,h100_sxm,8,1,1,1,1,tp8pp1dp1etp1ep1,bfloat16,bfloat16,bfloat16,bfloat16,half,21.501,sglang,0.5.10,h100_sxm,0.0,21.638
llama31_70b,h100_sxm,ANALYTICAL,meta-llama/Meta-Llama-3.1-70B,4096,1024,0,108,2.276,1,1,1,108,108,1,539.588,42.673,44194.067,2.276,0.285,2330.706,291.338,23.434,3.336,2.474,8,4,1,1,1,1,tp4pp1dp1etp1ep1,bfloat16,bfloat16,bfloat16,bfloat16,half,38.216,sglang,0.5.10,h100_sxm,4,1,1,1,1,tp4pp1dp1etp1ep1,bfloat16,bfloat16,bfloat16,bfloat16,half,79.725,sglang,0.5.10,h100_sxm,0.0,291.338
llama31_70b,h100_sxm,ANALYTICAL,meta-llama/Meta-Llama-3.1-70B,4096,1024,0,152,4.541,1,1,1,152,152,1,356.738,29.514,30549.56,4.541,0.284,4650.394,290.65,33.883,5.046,5.034,16,8,1,1,1,1,tp8pp1dp1etp1ep1,bfloat16,bfloat16,bfloat16,bfloat16,half,21.633,sglang,0.5.10,h100_sxm,8,1,1,1,1,tp8pp1dp1etp1ep1,bfloat16,bfloat16,bfloat16,bfloat16,half,50.798,sglang,0.5.10,h100_sxm,0.0,290.65
llama31_70b,h100_sxm,ANALYTICAL,meta-llama/Meta-Llama-3.1-70B,4096,1024,0,116,4.198,1,1,1,116,116,1,356.738,24.852,25780.334,4.198,0.262,4298.711,268.669,40.239,5.046,4.563,16,8,1,1,1,1,tp8pp1dp1etp1ep1,bfloat16,bfloat16,bfloat16,bfloat16,half,21.633,sglang,0.5.10,h100_sxm,8,1,1,1,1,tp8pp1dp1etp1ep1,bfloat16,bfloat16,bfloat16,bfloat16,half,43.767,sglang,0.5.10,h100_sxm,0.0,268.669
llama31_70b,h100_sxm,ANALYTICAL,meta-llama/Meta-Llama-3.1-70B,4096,1024,0,76,3.475,1,1,1,76,76,1,356.738,19.671,20480.171,3.475,0.217,3558.236,222.39,50.835,5.046,3.777,16,8,1,1,1,1,tp8pp1dp1etp1ep1,bfloat16,bfloat16,bfloat16,bfloat16,half,21.633,sglang,0.5.10,h100_sxm,8,1,1,1,1,tp8pp1dp1etp1ep1,bfloat16,bfloat16,bfloat16,bfloat16,half,35.954,sglang,0.5.10,h100_sxm,0.0,222.39
llama31_70b,h100_sxm,ANALYTICAL,meta-llama/Meta-Llama-3.1-70B,4096,1024,0,68,3.282,1,1,1,68,68,1,356.738,18.635,19420.343,3.282,0.205,3360.399,210.025,53.662,5.046,3.567,16,8,1,1,1,1,tp8pp1dp1etp1ep1,bfloat16,bfloat16,bfloat16,bfloat16,half,21.633,sglang,0.5.10,h100_sxm,8,1,1,1,1,tp8pp1dp1etp1ep1,bfloat16,bfloat16,bfloat16,bfloat16,half,34.392,sglang,0.5.10,h100_sxm,0.0,210.025
llama31_70b,h100_sxm,ANALYTICAL,meta-llama/Meta-Llama-3.1-70B,4096,1024,0,60,3.066,1,1,1,60,60,1,356.738,17.599,18360.515,3.066,0.192,3139.953,196.247,56.82,5.046,3.333,16,8,1,1,1,1,tp8pp1dp1etp1ep1,bfloat16,bfloat16,bfloat16,bfloat16,half,21.633,sglang,0.5.10,h100_sxm,8,1,1,1,1,tp8pp1dp1etp1ep1,bfloat16,bfloat16,bfloat16,bfloat16,half,32.829,sglang,0.5.10,h100_sxm,0.0,196.247
llama31_70b,h100_sxm,ANALYTICAL,meta-llama/Meta-Llama-3.1-70B,4096,1024,0,72,4.541,1,1,1,24,24,3,356.738,12.937,13591.289,4.541,0.142,4650.394,145.325,77.297,5.046,1.813,32,8,1,1,1,1,tp8pp1dp1etp1ep1,bfloat16,bfloat16,bfloat16,bfloat16,half,21.633,sglang,0.5.10,h100_sxm,8,1,1,1,1,tp8pp1dp1etp1ep1,bfloat16,bfloat16,bfloat16,bfloat16,half,25.798,sglang,0.5.10,h100_sxm,0.0,145.325
llama31_70b,h100_sxm,ANALYTICAL,meta-llama/Meta-Llama-3.1-70B,4096,1024,0,48,3.613,1,1,1,16,16,3,356.738,11.946,12577.496,3.613,0.113,3699.548,115.611,83.708,5.046,1.309,32,8,1,1,1,1,tp8pp1dp1etp1ep1,bfloat16,bfloat16,bfloat16,bfloat16,half,21.633,sglang,0.5.10,h100_sxm,8,1,1,1,1,tp8pp1dp1etp1ep1,bfloat16,bfloat16,bfloat16,bfloat16,half,24.236,sglang,0.5.10,h100_sxm,0.0,115.611
llama31_70b,h100_sxm,ANALYTICAL,meta-llama/Meta-Llama-3.1-70B,4096,1024,0,24,1.979,1,1,1,8,8,3,356.738,10.912,11519.714,1.979,0.062,2026.414,63.325,91.642,5.046,0.717,32,8,1,1,1,1,tp8pp1dp1etp1ep1,bfloat16,bfloat16,bfloat16,bfloat16,half,21.633,sglang,0.5.10,h100_sxm,8,1,1,1,1,tp8pp1dp1etp1ep1,bfloat16,bfloat16,bfloat16,bfloat16,half,22.673,sglang,0.5.10,h100_sxm,0.0,63.325
llama31_70b,h200_sxm,SILICON,meta-llama/Meta-Llama-3.1-70B,4096,1024,0,792,14.918,1,1,5,264,264,3,543.031,47.38,49012.771,14.918,0.466,15275.52,477.36,21.106,3.315,5.447,32,4,1,1,1,1,tp4pp1dp1etp1ep1,bfloat16,bfloat16,bfloat16,bfloat16,half,38.216,sglang,0.5.10,h200_sxm,4,1,1,1,1,tp4pp1dp1etp1ep1,bfloat16,bfloat16,bfloat16,bfloat16,half,140.662,sglang,0.5.10,h200_sxm,0.0,477.36
llama31_70b,h200_sxm,SILICON,meta-llama/Meta-Llama-3.1-70B,4096,1024,0,744,14.885,1,1,5,248,248,3,543.031,44.948,46524.835,14.885,0.465,15241.912,476.31,22.248,3.315,5.393,32,4,1,1,1,1,tp4pp1dp1etp1ep1,bfloat16,bfloat16,bfloat16,bfloat16,half,38.216,sglang,0.5.10,h200_sxm,4,1,1,1,1,tp4pp1dp1etp1ep1,bfloat16,bfloat16,bfloat16,bfloat16,half,134.412,sglang,0.5.10,h200_sxm,0.0,476.31
llama31_70b,h200_sxm,SILICON,meta-llama/Meta-Llama-3.1-70B,4096,1024,0,624,14.214,1,1,5,208,208,3,543.031,39.481,40932.094,14.214,0.444,14555.136,454.848,25.329,3.315,5.15,32,4,1,1,1,1,tp4pp1dp1etp1ep1,bfloat16,bfloat16,bfloat16,bfloat16,half,38.216,sglang,0.5.10,h200_sxm,4,1,1,1,1,tp4pp1dp1etp1ep1,bfloat16,bfloat16,bfloat16,bfloat16,half,118.787,sglang,0.5.10,h200_sxm,0.0,454.848
llama31_70b,h200_sxm,SILICON,meta-llama/Meta-Llama-3.1-70B,4096,1024,0,76,1.692,1,1,1,76,76,1,957.647,39.338,41200.421,1.692,0.423,1732.608,433.152,25.421,1.88,1.889,4,2,1,1,1,1,tp2pp1dp1etp1ep1,bfloat16,bfloat16,bfloat16,bfloat16,half,71.477,sglang,0.5.10,h200_sxm,2,1,1,1,1,tp2pp1dp1etp1ep1,bfloat16,bfloat16,bfloat16,bfloat16,half,129.717,sglang,0.5.10,h200_sxm,0.0,433.152
llama31_70b,h200_sxm,SILICON,meta-llama/Meta-Llama-3.1-70B,4096,1024,0,504,13.287,1,1,5,168,168,3,543.031,34.114,35441.653,13.287,0.415,13605.519,425.172,29.313,3.315,4.814,32,4,1,1,1,1,tp4pp1dp1etp1ep1,bfloat16,bfloat16,bfloat16,bfloat16,half,38.216,sglang,0.5.10,h200_sxm,4,1,1,1,1,tp4pp1dp1etp1ep1,bfloat16,bfloat16,bfloat16,bfloat16,half,103.162,sglang,0.5.10,h200_sxm,0.0,425.172
llama31_70b,h200_sxm,SILICON,meta-llama/Meta-Llama-3.1-70B,4096,1024,0,408,12.263,1,1,5,136,136,3,543.031,29.92,31151.191,12.263,0.383,12556.984,392.406,33.422,3.315,4.443,32,4,1,1,1,1,tp4pp1dp1etp1ep1,bfloat16,bfloat16,bfloat16,bfloat16,half,38.216,sglang,0.5.10,h200_sxm,4,1,1,1,1,tp4pp1dp1etp1ep1,bfloat16,bfloat16,bfloat16,bfloat16,half,90.662,sglang,0.5.10,h200_sxm,0.0,392.406
llama31_70b,h200_sxm,SILICON,meta-llama/Meta-Llama-3.1-70B,4096,1024,0,92,2.984,1,1,1,92,92,1,543.031,24.488,25594.255,2.984,0.373,3055.104,381.888,40.836,3.315,3.672,8,4,1,1,1,1,tp4pp1dp1etp1ep1,bfloat16,bfloat16,bfloat16,bfloat16,half,38.216,sglang,0.5.10,h200_sxm,4,1,1,1,1,tp4pp1dp1etp1ep1,bfloat16,bfloat16,bfloat16,bfloat16,half,73.475,sglang,0.5.10,h200_sxm,0.0,381.888
llama31_70b,h200_sxm,SILICON,meta-llama/Meta-Llama-3.1-70B,4096,1024,0,104,4.856,1,1,1,104,104,1,333.594,16.792,17511.81,4.856,0.304,4972.954,310.81,59.554,5.396,6.054,16,8,1,1,1,1,tp8pp1dp1etp1ep1,bfloat16,bfloat16,bfloat16,bfloat16,half,21.633,sglang,0.5.10,h200_sxm,8,1,1,1,1,tp8pp1dp1etp1ep1,bfloat16,bfloat16,bfloat16,bfloat16,half,41.423,sglang,0.5.10,h200_sxm,0.0,310.81
llama31_70b,h200_sxm,SILICON,meta-llama/Meta-Llama-3.1-70B,4096,1024,0,80,4.7,1,1,1,80,80,1,333.594,15.306,15991.632,4.7,0.294,4813.087,300.818,65.333,5.396,5.109,16,8,1,1,1,1,tp8pp1dp1etp1ep1,bfloat16,bfloat16,bfloat16,bfloat16,half,21.633,sglang,0.5.10,h200_sxm,8,1,1,1,1,tp8pp1dp1etp1ep1,bfloat16,bfloat16,bfloat16,bfloat16,half,36.736,sglang,0.5.10,h200_sxm,0.0,300.818
llama31_70b,h200_sxm,SILICON,meta-llama/Meta-Llama-3.1-70B,4096,1024,0,72,4.37,1,1,1,72,72,1,333.594,14.816,15490.362,4.37,0.273,4474.88,279.68,67.496,5.396,4.75,16,8,1,1,1,1,tp8pp1dp1etp1ep1,bfloat16,bfloat16,bfloat16,bfloat16,half,21.633,sglang,0.5.10,h200_sxm,8,1,1,1,1,tp8pp1dp1etp1ep1,bfloat16,bfloat16,bfloat16,bfloat16,half,35.173,sglang,0.5.10,h200_sxm,0.0,279.68
llama31_70b,h200_sxm,SILICON,meta-llama/Meta-Llama-3.1-70B,4096,1024,0,56,3.663,1,1,1,56,56,1,333.594,13.751,14400.867,3.663,0.229,3750.42,234.401,72.722,5.396,3.981,16,8,1,1,1,1,tp8pp1dp1etp1ep1,bfloat16,bfloat16,bfloat16,bfloat16,half,21.633,sglang,0.5.10,h200_sxm,8,1,1,1,1,tp8pp1dp1etp1ep1,bfloat16,bfloat16,bfloat16,bfloat16,half,32.048,sglang,0.5.10,h200_sxm,0.0,234.401
llama31_70b,h200_sxm,SILICON,meta-llama/Meta-Llama-3.1-70B,4096,1024,0,80,4.856,1,1,1,40,40,2,333.594,12.795,13422.879,4.856,0.202,4972.954,207.206,78.157,5.396,3.056,24,8,1,1,1,1,tp8pp1dp1etp1ep1,bfloat16,bfloat16,bfloat16,bfloat16,half,21.633,sglang,0.5.10,h200_sxm,8,1,1,1,1,tp8pp1dp1etp1ep1,bfloat16,bfloat16,bfloat16,bfloat16,half,28.923,sglang,0.5.10,h200_sxm,0.0,155.40449999999998
llama31_70b,h200_sxm,SILICON,meta-llama/Meta-Llama-3.1-70B,4096,1024,0,60,4.504,1,1,1,30,30,2,333.594,11.978,12587.088,4.504,0.188,4612.424,192.184,83.49,5.396,2.448,24,8,1,1,1,1,tp8pp1dp1etp1ep1,bfloat16,bfloat16,bfloat16,bfloat16,half,21.633,sglang,0.5.10,h200_sxm,8,1,1,1,1,tp8pp1dp1etp1ep1,bfloat16,bfloat16,bfloat16,bfloat16,half,26.97,sglang,0.5.10,h200_sxm,0.0,144.138
llama31_70b,h200_sxm,SILICON,meta-llama/Meta-Llama-3.1-70B,4096,1024,0,48,3.991,1,1,1,16,16,3,333.594,10.813,11395.293,3.991,0.125,4086.743,127.711,92.484,5.396,1.446,32,8,1,1,1,1,tp8pp1dp1etp1ep1,bfloat16,bfloat16,bfloat16,bfloat16,half,21.633,sglang,0.5.10,h200_sxm,8,1,1,1,1,tp8pp1dp1etp1ep1,bfloat16,bfloat16,bfloat16,bfloat16,half,24.236,sglang,0.5.10,h200_sxm,0.0,127.711
llama31_70b,h200_sxm,SILICON,meta-llama/Meta-Llama-3.1-70B,4096,1024,0,33,2.973,1,1,1,11,11,3,333.594,9.984,10547.226,2.973,0.093,3043.86,95.121,100.157,5.396,1.077,32,8,1,1,1,1,tp8pp1dp1etp1ep1,bfloat16,bfloat16,bfloat16,bfloat16,half,21.633,sglang,0.5.10,h200_sxm,8,1,1,1,1,tp8pp1dp1etp1ep1,bfloat16,bfloat16,bfloat16,bfloat16,half,23.259,sglang,0.5.10,h200_sxm,0.0,95.121
llama31_70b,h200_sxm,SILICON,meta-llama/Meta-Llama-3.1-70B,4096,1024,0,9,0.905,1,1,1,3,3,3,333.594,8.936,9475.122,0.905,0.028,927.007,28.969,111.911,5.396,0.328,32,8,1,1,1,1,tp8pp1dp1etp1ep1,bfloat16,bfloat16,bfloat16,bfloat16,half,21.633,sglang,0.5.10,h200_sxm,8,1,1,1,1,tp8pp1dp1etp1ep1,bfloat16,bfloat16,bfloat16,bfloat16,half,21.697,sglang,0.5.10,h200_sxm,0.0,28.969
llama31_70b,h200_sxm,EMPIRICAL,meta-llama/Meta-Llama-3.1-70B,4096,1024,0,792,15.671,1,1,5,264,264,3,491.546,45.45,46986.896,15.671,0.49,16047.391,501.481,22.002,3.662,5.678,32,4,1,1,1,1,tp4pp1dp1etp1ep1,bfloat16,bfloat16,bfloat16,bfloat16,half,38.216,sglang,0.5.10,h200_sxm,4,1,1,1,1,tp4pp1dp1etp1ep1,bfloat16,bfloat16,bfloat16,bfloat16,half,140.662,sglang,0.5.10,h200_sxm,0.0,501.481
llama31_70b,h200_sxm,EMPIRICAL,meta-llama/Meta-Llama-3.1-70B,4096,1024,0,768,15.663,1,1,5,256,256,3,491.546,44.096,45601.754,15.663,0.489,16038.912,501.216,22.678,3.662,5.675,32,4,1,1,1,1,tp4pp1dp1etp1ep1,bfloat16,bfloat16,bfloat16,bfloat16,half,38.216,sglang,0.5.10,h200_sxm,4,1,1,1,1,tp4pp1dp1etp1ep1,bfloat16,bfloat16,bfloat16,bfloat16,half,137.537,sglang,0.5.10,h200_sxm,0.0,501.216
llama31_70b,h200_sxm,EMPIRICAL,meta-llama/Meta-Llama-3.1-70B,4096,1024,0,672,15.597,1,1,5,224,224,3,491.546,38.745,40127.681,15.597,0.487,15971.082,499.096,25.81,3.662,5.651,32,4,1,1,1,1,tp4pp1dp1etp1ep1,bfloat16,bfloat16,bfloat16,bfloat16,half,38.216,sglang,0.5.10,h200_sxm,4,1,1,1,1,tp4pp1dp1etp1ep1,bfloat16,bfloat16,bfloat16,bfloat16,half,125.037,sglang,0.5.10,h200_sxm,0.0,499.096
llama31_70b,h200_sxm,EMPIRICAL,meta-llama/Meta-Llama-3.1-70B,4096,1024,0,576,15.039,1,1,5,192,192,3,491.546,34.446,35729.804,15.039,0.47,15400.182,481.256,29.031,3.662,5.449,32,4,1,1,1,1,tp4pp1dp1etp1ep1,bfloat16,bfloat16,bfloat16,bfloat16,half,38.216,sglang,0.5.10,h200_sxm,4,1,1,1,1,tp4pp1dp1etp1ep1,bfloat16,bfloat16,bfloat16,bfloat16,half,112.537,sglang,0.5.10,h200_sxm,0.0,481.256
llama31_70b,h200_sxm,EMPIRICAL,meta-llama/Meta-Llama-3.1-70B,4096,1024,0,456,13.916,1,1,5,152,152,3,491.546,29.469,30638.333,13.916,0.435,14249.902,445.309,33.934,3.662,5.042,32,4,1,1,1,1,tp4pp1dp1etp1ep1,bfloat16,bfloat16,bfloat16,bfloat16,half,38.216,sglang,0.5.10,h200_sxm,4,1,1,1,1,tp4pp1dp1etp1ep1,bfloat16,bfloat16,bfloat16,bfloat16,half,96.912,sglang,0.5.10,h200_sxm,0.0,445.309
llama31_70b,h200_sxm,EMPIRICAL,meta-llama/Meta-Llama-3.1-70B,4096,1024,0,64,3.108,1,1,1,64,64,1,491.546,18.518,19435.46,3.108,0.388,3182.346,397.793,54.0,3.662,3.378,8,4,1,1,1,1,tp4pp1dp1etp1ep1,bfloat16,bfloat16,bfloat16,bfloat16,half,38.216,sglang,0.5.10,h200_sxm,4,1,1,1,1,tp4pp1dp1etp1ep1,bfloat16,bfloat16,bfloat16,bfloat16,half,62.537,sglang,0.5.10,h200_sxm,0.0,397.793
llama31_70b,h200_sxm,EMPIRICAL,meta-llama/Meta-Llama-3.1-70B,4096,1024,0,56,2.874,1,1,1,56,56,1,491.546,17.523,18417.575,2.874,0.359,2943.058,367.882,57.068,3.662,3.124,8,4,1,1,1,1,tp4pp1dp1etp1ep1,bfloat16,bfloat16,bfloat16,bfloat16,half,38.216,sglang,0.5.10,h200_sxm,4,1,1,1,1,tp4pp1dp1etp1ep1,bfloat16,bfloat16,bfloat16,bfloat16,half,59.412,sglang,0.5.10,h200_sxm,0.0,367.882
llama31_70b,h200_sxm,EMPIRICAL,meta-llama/Meta-Llama-3.1-70B,4096,1024,0,48,2.612,1,1,1,48,48,1,491.546,16.527,17398.667,2.612,0.326,2674.565,334.321,60.505,3.662,2.839,8,4,1,1,1,1,tp4pp1dp1etp1ep1,bfloat16,bfloat16,bfloat16,bfloat16,half,38.216,sglang,0.5.10,h200_sxm,4,1,1,1,1,tp4pp1dp1etp1ep1,bfloat16,bfloat16,bfloat16,bfloat16,half,56.287,sglang,0.5.10,h200_sxm,0.0,334.321
llama31_70b,h200_sxm,EMPIRICAL,meta-llama/Meta-Llama-3.1-70B,4096,1024,0,56,5.094,1,1,1,56,56,1,318.049,9.719,10260.586,5.094,0.318,5216.256,326.016,102.889,5.66,5.632,16,8,1,1,1,1,tp8pp1dp1etp1ep1,bfloat16,bfloat16,bfloat16,bfloat16,half,21.633,sglang,0.5.10,h200_sxm,8,1,1,1,1,tp8pp1dp1etp1ep1,bfloat16,bfloat16,bfloat16,bfloat16,half,32.048,sglang,0.5.10,h200_sxm,0.0,326.016
llama31_70b,h200_sxm,EMPIRICAL,meta-llama/Meta-Llama-3.1-70B,4096,1024,0,44,4.47,1,1,1,44,44,1,318.049,8.851,9372.622,4.47,0.279,4577.567,286.098,112.982,5.66,4.859,16,8,1,1,1,1,tp8pp1dp1etp1ep1,bfloat16,bfloat16,bfloat16,bfloat16,half,21.633,sglang,0.5.10,h200_sxm,8,1,1,1,1,tp8pp1dp1etp1ep1,bfloat16,bfloat16,bfloat16,bfloat16,half,29.704,sglang,0.5.10,h200_sxm,0.0,286.098
llama31_70b,h200_sxm,EMPIRICAL,meta-llama/Meta-Llama-3.1-70B,4096,1024,0,32,3.605,1,1,1,32,32,1,318.049,7.983,8484.658,3.605,0.225,3691.069,230.692,125.269,5.66,3.918,16,8,1,1,1,1,tp8pp1dp1etp1ep1,bfloat16,bfloat16,bfloat16,bfloat16,half,21.633,sglang,0.5.10,h200_sxm,8,1,1,1,1,tp8pp1dp1etp1ep1,bfloat16,bfloat16,bfloat16,bfloat16,half,27.361,sglang,0.5.10,h200_sxm,0.0,230.692
llama31_70b,h200_sxm,EMPIRICAL,meta-llama/Meta-Llama-3.1-70B,4096,1024,0,36,4.644,1,1,1,18,18,2,318.049,6.97,7448.359,4.644,0.194,4755.62,198.151,143.473,5.66,2.524,24,8,1,1,1,1,tp8pp1dp1etp1ep1,bfloat16,bfloat16,bfloat16,bfloat16,half,21.633,sglang,0.5.10,h200_sxm,8,1,1,1,1,tp8pp1dp1etp1ep1,bfloat16,bfloat16,bfloat16,bfloat16,half,24.626,sglang,0.5.10,h200_sxm,0.0,148.61325
llama31_70b,h200_sxm,EMPIRICAL,meta-llama/Meta-Llama-3.1-70B,4096,1024,0,12,1.811,1,1,1,4,4,3,318.049,5.957,6412.06,1.811,0.057,1854.013,57.938,167.868,5.66,0.656,32,8,1,1,1,1,tp8pp1dp1etp1ep1,bfloat16,bfloat16,bfloat16,bfloat16,half,21.633,sglang,0.5.10,h200_sxm,8,1,1,1,1,tp8pp1dp1etp1ep1,bfloat16,bfloat16,bfloat16,bfloat16,half,21.892,sglang,0.5.10,h200_sxm,0.0,57.938
llama31_70b,h200_sxm,ANALYTICAL,meta-llama/Meta-Llama-3.1-70B,4096,1024,0,792,13.18,1,1,7,88,88,9,860.364,53.257,55342.275,13.18,0.412,13495.91,421.747,18.777,2.092,1.615,32,2,1,1,1,1,tp2pp1dp1etp1ep1,bfloat16,bfloat16,bfloat16,bfloat16,half,71.477,sglang,0.5.10,h200_sxm,2,1,1,1,1,tp2pp1dp1etp1ep1,bfloat16,bfloat16,bfloat16,bfloat16,half,139.092,sglang,0.5.10,h200_sxm,0.0,421.747
llama31_70b,h200_sxm,ANALYTICAL,meta-llama/Meta-Llama-3.1-70B,4096,1024,0,144,3.178,1,1,1,144,144,1,509.836,39.039,40446.733,3.178,0.397,3254.17,406.771,25.615,3.531,3.606,8,4,1,1,1,1,tp4pp1dp1etp1ep1,bfloat16,bfloat16,bfloat16,bfloat16,half,38.216,sglang,0.5.10,h200_sxm,4,1,1,1,1,tp4pp1dp1etp1ep1,bfloat16,bfloat16,bfloat16,bfloat16,half,93.787,sglang,0.5.10,h200_sxm,0.0,406.771
llama31_70b,h200_sxm,ANALYTICAL,meta-llama/Meta-Llama-3.1-70B,4096,1024,0,120,3.114,1,1,1,120,120,1,509.836,34.651,35957.809,3.114,0.389,3188.941,398.618,28.86,3.531,3.385,8,4,1,1,1,1,tp4pp1dp1etp1ep1,bfloat16,bfloat16,bfloat16,bfloat16,half,38.216,sglang,0.5.10,h200_sxm,4,1,1,1,1,tp4pp1dp1etp1ep1,bfloat16,bfloat16,bfloat16,bfloat16,half,84.412,sglang,0.5.10,h200_sxm,0.0,398.618
llama31_70b,h200_sxm,ANALYTICAL,meta-llama/Meta-Llama-3.1-70B,4096,1024,0,92,2.801,1,1,1,92,92,1,509.836,29.531,30720.049,2.801,0.35,2868.634,358.579,33.863,3.531,3.045,8,4,1,1,1,1,tp4pp1dp1etp1ep1,bfloat16,bfloat16,bfloat16,bfloat16,half,38.216,sglang,0.5.10,h200_sxm,4,1,1,1,1,tp4pp1dp1etp1ep1,bfloat16,bfloat16,bfloat16,bfloat16,half,73.475,sglang,0.5.10,h200_sxm,0.0,358.579
llama31_70b,h200_sxm,ANALYTICAL,meta-llama/Meta-Llama-3.1-70B,4096,1024,0,92,4.842,1,1,1,92,92,1,334.573,16.977,17702.044,4.842,0.303,4958.208,309.888,58.903,5.38,5.297,16,8,1,1,1,1,tp8pp1dp1etp1ep1,bfloat16,bfloat16,bfloat16,bfloat16,half,21.633,sglang,0.5.10,h200_sxm,8,1,1,1,1,tp8pp1dp1etp1ep1,bfloat16,bfloat16,bfloat16,bfloat16,half,39.079,sglang,0.5.10,h200_sxm,0.0,309.888
llama31_70b,h200_sxm,ANALYTICAL,meta-llama/Meta-Llama-3.1-70B,4096,1024,0,80,4.566,1,1,1,80,80,1,334.573,15.758,16455.007,4.566,0.285,4675.543,292.221,63.459,5.38,4.963,16,8,1,1,1,1,tp8pp1dp1etp1ep1,bfloat16,bfloat16,bfloat16,bfloat16,half,21.633,sglang,0.5.10,h200_sxm,8,1,1,1,1,tp8pp1dp1etp1ep1,bfloat16,bfloat16,bfloat16,bfloat16,half,36.736,sglang,0.5.10,h200_sxm,0.0,292.221
llama31_70b,h200_sxm,ANALYTICAL,meta-llama/Meta-Llama-3.1-70B,4096,1024,0,72,4.332,1,1,1,72,72,1,334.573,14.945,15623.308,4.332,0.271,4436.255,277.266,66.91,5.38,4.709,16,8,1,1,1,1,tp8pp1dp1etp1ep1,bfloat16,bfloat16,bfloat16,bfloat16,half,21.633,sglang,0.5.10,h200_sxm,8,1,1,1,1,tp8pp1dp1etp1ep1,bfloat16,bfloat16,bfloat16,bfloat16,half,35.173,sglang,0.5.10,h200_sxm,0.0,277.266
llama31_70b,h200_sxm,ANALYTICAL,meta-llama/Meta-Llama-3.1-70B,4096,1024,0,60,3.931,1,1,1,60,60,1,334.573,13.726,14376.271,3.931,0.246,4025.508,251.594,72.852,5.38,4.273,16,8,1,1,1,1,tp8pp1dp1etp1ep1,bfloat16,bfloat16,bfloat16,bfloat16,half,21.633,sglang,0.5.10,h200_sxm,8,1,1,1,1,tp8pp1dp1etp1ep1,bfloat16,bfloat16,bfloat16,bfloat16,half,32.829,sglang,0.5.10,h200_sxm,0.0,251.594
llama31_70b,h200_sxm,ANALYTICAL,meta-llama/Meta-Llama-3.1-70B,4096,1024,0,52,3.621,1,1,1,52,52,1,334.573,12.914,13545.595,3.621,0.226,3708.027,231.752,77.437,5.38,3.936,16,8,1,1,1,1,tp8pp1dp1etp1ep1,bfloat16,bfloat16,bfloat16,bfloat16,half,21.633,sglang,0.5.10,h200_sxm,8,1,1,1,1,tp8pp1dp1etp1ep1,bfloat16,bfloat16,bfloat16,bfloat16,half,31.267,sglang,0.5.10,h200_sxm,0.0,231.752
llama31_70b,h200_sxm,ANALYTICAL,meta-llama/Meta-Llama-3.1-70B,4096,1024,0,64,4.842,1,1,1,32,32,2,334.573,10.882,11466.859,4.842,0.202,4958.208,206.592,91.894,5.38,2.874,24,8,1,1,1,1,tp8pp1dp1etp1ep1,bfloat16,bfloat16,bfloat16,bfloat16,half,21.633,sglang,0.5.10,h200_sxm,8,1,1,1,1,tp8pp1dp1etp1ep1,bfloat16,bfloat16,bfloat16,bfloat16,half,27.361,sglang,0.5.10,h200_sxm,0.0,154.94400000000002
llama31_70b,h200_sxm,ANALYTICAL,meta-llama/Meta-Llama-3.1-70B,4096,1024,0,44,4.011,1,1,1,22,22,2,334.573,9.866,10427.491,4.011,0.167,4107.469,171.145,101.355,5.38,2.18,24,8,1,1,1,1,tp8pp1dp1etp1ep1,bfloat16,bfloat16,bfloat16,bfloat16,half,21.633,sglang,0.5.10,h200_sxm,8,1,1,1,1,tp8pp1dp1etp1ep1,bfloat16,bfloat16,bfloat16,bfloat16,half,25.408,sglang,0.5.10,h200_sxm,0.0,128.35875000000001
llama31_70b,h200_sxm,ANALYTICAL,meta-llama/Meta-Llama-3.1-70B,4096,1024,0,39,3.903,1,1,1,13,13,3,334.573,8.987,9528.274,3.903,0.122,3996.303,124.884,111.274,5.38,1.414,32,8,1,1,1,1,tp8pp1dp1etp1ep1,bfloat16,bfloat16,bfloat16,bfloat16,half,21.633,sglang,0.5.10,h200_sxm,8,1,1,1,1,tp8pp1dp1etp1ep1,bfloat16,bfloat16,bfloat16,bfloat16,half,23.65,sglang,0.5.10,h200_sxm,0.0,124.884
llama31_70b,h200_sxm,ANALYTICAL,meta-llama/Meta-Llama-3.1-70B,4096,1024,0,9,1.013,1,1,1,3,3,3,334.573,7.982,8500.159,1.013,0.032,1037.23,32.413,125.283,5.38,0.367,32,8,1,1,1,1,tp8pp1dp1etp1ep1,bfloat16,bfloat16,bfloat16,bfloat16,half,21.633,sglang,0.5.10,h200_sxm,8,1,1,1,1,tp8pp1dp1etp1ep1,bfloat16,bfloat16,bfloat16,bfloat16,half,21.697,sglang,0.5.10,h200_sxm,0.0,32.413
llama31_70b,b200_sxm,SILICON,meta-llama/Meta-Llama-3.1-70B,4096,1024,0,160,5.722,1,1,1,160,160,1,283.111,24.824,25678.063,5.722,0.715,5859.533,732.442,40.284,6.358,6.3,8,4,1,1,1,1,tp4pp1dp1etp1ep1,bfloat16,bfloat16,bfloat16,bfloat16,half,38.216,sglang,0.5.10,b200_sxm,4,1,1,1,1,tp4pp1dp1etp1ep1,bfloat16,bfloat16,bfloat16,bfloat16,half,100.037,sglang,0.5.10,b200_sxm,0.0,732.442
llama31_70b,b200_sxm,SILICON,meta-llama/Meta-Llama-3.1-70B,4096,1024,0,108,4.877,1,1,1,108,108,1,283.111,19.916,20657.179,4.877,0.61,4993.966,624.246,50.212,6.358,5.301,8,4,1,1,1,1,tp4pp1dp1etp1ep1,bfloat16,bfloat16,bfloat16,bfloat16,half,38.216,sglang,0.5.10,b200_sxm,4,1,1,1,1,tp4pp1dp1etp1ep1,bfloat16,bfloat16,bfloat16,bfloat16,half,79.725,sglang,0.5.10,b200_sxm,0.0,624.246
llama31_70b,b200_sxm,SILICON,meta-llama/Meta-Llama-3.1-70B,4096,1024,0,96,4.608,1,1,1,96,96,1,283.111,18.733,19446.97,4.608,0.576,4718.879,589.86,53.382,6.358,5.009,8,4,1,1,1,1,tp4pp1dp1etp1ep1,bfloat16,bfloat16,bfloat16,bfloat16,half,38.216,sglang,0.5.10,b200_sxm,4,1,1,1,1,tp4pp1dp1etp1ep1,bfloat16,bfloat16,bfloat16,bfloat16,half,75.037,sglang,0.5.10,b200_sxm,0.0,589.86
llama31_70b,b200_sxm,SILICON,meta-llama/Meta-Llama-3.1-70B,4096,1024,0,320,17.167,1,1,3,64,64,5,283.111,15.896,16544.719,17.167,0.536,17578.598,549.331,62.907,6.358,3.936,32,4,1,1,1,1,tp4pp1dp1etp1ep1,bfloat16,bfloat16,bfloat16,bfloat16,half,38.216,sglang,0.5.10,b200_sxm,4,1,1,1,1,tp4pp1dp1etp1ep1,bfloat16,bfloat16,bfloat16,bfloat16,half,62.537,sglang,0.5.10,b200_sxm,0.0,549.331
llama31_70b,b200_sxm,SILICON,meta-llama/Meta-Llama-3.1-70B,4096,1024,0,128,7.591,1,1,1,128,128,1,213.431,14.919,15475.568,7.591,0.474,7772.774,485.798,67.027,8.434,8.387,16,8,1,1,1,1,tp8pp1dp1etp1ep1,bfloat16,bfloat16,bfloat16,bfloat16,half,21.633,sglang,0.5.10,b200_sxm,8,1,1,1,1,tp8pp1dp1etp1ep1,bfloat16,bfloat16,bfloat16,bfloat16,half,46.111,sglang,0.5.10,b200_sxm,0.0,485.798
llama31_70b,b200_sxm,SILICON,meta-llama/Meta-Llama-3.1-70B,4096,1024,0,92,5.962,1,1,1,92,92,1,213.431,13.877,14409.602,5.962,0.373,6104.678,381.542,72.06,8.434,6.48,16,8,1,1,1,1,tp8pp1dp1etp1ep1,bfloat16,bfloat16,bfloat16,bfloat16,half,21.633,sglang,0.5.10,b200_sxm,8,1,1,1,1,tp8pp1dp1etp1ep1,bfloat16,bfloat16,bfloat16,bfloat16,half,39.079,sglang,0.5.10,b200_sxm,0.0,381.542
llama31_70b,b200_sxm,SILICON,meta-llama/Meta-Llama-3.1-70B,4096,1024,0,84,5.722,1,1,1,28,28,3,283.111,12.949,13529.938,5.722,0.358,5859.533,366.221,77.226,6.358,2.114,16,4,1,1,1,1,tp4pp1dp1etp1ep1,bfloat16,bfloat16,bfloat16,bfloat16,half,38.216,sglang,0.5.10,b200_sxm,4,1,1,1,1,tp4pp1dp1etp1ep1,bfloat16,bfloat16,bfloat16,bfloat16,half,48.475,sglang,0.5.10,b200_sxm,0.0,366.221
llama31_70b,b200_sxm,SILICON,meta-llama/Meta-Llama-3.1-70B,4096,1024,0,66,5.004,1,1,1,22,22,3,283.111,11.86,12415.891,5.004,0.313,5123.973,320.248,84.319,6.358,1.813,16,4,1,1,1,1,tp4pp1dp1etp1ep1,bfloat16,bfloat16,bfloat16,bfloat16,half,38.216,sglang,0.5.10,b200_sxm,4,1,1,1,1,tp4pp1dp1etp1ep1,bfloat16,bfloat16,bfloat16,bfloat16,half,46.131,sglang,0.5.10,b200_sxm,0.0,320.248
llama31_70b,b200_sxm,SILICON,meta-llama/Meta-Llama-3.1-70B,4096,1024,0,48,4.126,1,1,1,16,16,3,283.111,10.461,10984.714,4.126,0.258,4225.229,264.077,95.595,6.358,1.495,16,4,1,1,1,1,tp4pp1dp1etp1ep1,bfloat16,bfloat16,bfloat16,bfloat16,half,38.216,sglang,0.5.10,b200_sxm,4,1,1,1,1,tp4pp1dp1etp1ep1,bfloat16,bfloat16,bfloat16,bfloat16,half,43.787,sglang,0.5.10,b200_sxm,0.0,264.077
llama31_70b,b200_sxm,SILICON,meta-llama/Meta-Llama-3.1-70B,4096,1024,0,49,4.424,1,1,1,7,7,7,283.111,9.962,10474.237,4.424,0.138,4530.463,141.577,100.38,6.358,0.687,32,4,1,1,1,1,tp4pp1dp1etp1ep1,bfloat16,bfloat16,bfloat16,bfloat16,half,38.216,sglang,0.5.10,b200_sxm,4,1,1,1,1,tp4pp1dp1etp1ep1,bfloat16,bfloat16,bfloat16,bfloat16,half,40.272,sglang,0.5.10,b200_sxm,0.0,141.577
llama31_70b,b200_sxm,SILICON,meta-llama/Meta-Llama-3.1-70B,4096,1024,0,42,3.845,1,1,1,14,14,3,213.431,9.825,10264.406,3.845,0.12,3936.952,123.03,101.78,8.434,1.393,32,8,1,1,1,1,tp8pp1dp1etp1ep1,bfloat16,bfloat16,bfloat16,bfloat16,half,21.633,sglang,0.5.10,b200_sxm,8,1,1,1,1,tp8pp1dp1etp1ep1,bfloat16,bfloat16,bfloat16,bfloat16,half,23.845,sglang,0.5.10,b200_sxm,0.0,123.03
llama31_70b,b200_sxm,SILICON,meta-llama/Meta-Llama-3.1-70B,4096,1024,0,33,3.375,1,1,1,11,11,3,213.431,8.793,9208.67,3.375,0.105,3456.492,108.015,113.724,8.434,1.223,32,8,1,1,1,1,tp8pp1dp1etp1ep1,bfloat16,bfloat16,bfloat16,bfloat16,half,21.633,sglang,0.5.10,b200_sxm,8,1,1,1,1,tp8pp1dp1etp1ep1,bfloat16,bfloat16,bfloat16,bfloat16,half,23.259,sglang,0.5.10,b200_sxm,0.0,108.015
llama31_70b,b200_sxm,SILICON,meta-llama/Meta-Llama-3.1-70B,4096,1024,0,27,3.05,1,1,1,9,9,3,213.431,7.962,8358.557,3.05,0.095,3122.995,97.594,125.603,8.434,1.105,32,8,1,1,1,1,tp8pp1dp1etp1ep1,bfloat16,bfloat16,bfloat16,bfloat16,half,21.633,sglang,0.5.10,b200_sxm,8,1,1,1,1,tp8pp1dp1etp1ep1,bfloat16,bfloat16,bfloat16,bfloat16,half,22.868,sglang,0.5.10,b200_sxm,0.0,97.594
llama31_70b,b200_sxm,EMPIRICAL,meta-llama/Meta-Llama-3.1-70B,4096,1024,0,136,3.939,1,1,1,136,136,1,380.128,31.056,32150.416,3.939,0.985,4033.044,1008.261,32.199,4.735,4.281,4,2,1,1,1,1,tp2pp1dp1etp1ep1,bfloat16,bfloat16,bfloat16,bfloat16,half,71.477,sglang,0.5.10,b200_sxm,2,1,1,1,1,tp2pp1dp1etp1ep1,bfloat16,bfloat16,bfloat16,bfloat16,half,176.592,sglang,0.5.10,b200_sxm,0.0,1008.261
llama31_70b,b200_sxm,EMPIRICAL,meta-llama/Meta-Llama-3.1-70B,4096,1024,0,128,3.842,1,1,1,128,128,1,380.128,29.965,31034.323,3.842,0.96,3934.126,983.532,33.372,4.735,4.176,4,2,1,1,1,1,tp2pp1dp1etp1ep1,bfloat16,bfloat16,bfloat16,bfloat16,half,71.477,sglang,0.5.10,b200_sxm,2,1,1,1,1,tp2pp1dp1etp1ep1,bfloat16,bfloat16,bfloat16,bfloat16,half,170.342,sglang,0.5.10,b200_sxm,0.0,983.532
llama31_70b,b200_sxm,EMPIRICAL,meta-llama/Meta-Llama-3.1-70B,4096,1024,0,792,29.063,1,1,7,88,88,9,380.128,24.51,25453.858,29.063,0.908,29760.307,930.01,40.799,4.735,3.51,32,2,1,1,1,1,tp2pp1dp1etp1ep1,bfloat16,bfloat16,bfloat16,bfloat16,half,71.477,sglang,0.5.10,b200_sxm,2,1,1,1,1,tp2pp1dp1etp1ep1,bfloat16,bfloat16,bfloat16,bfloat16,half,139.092,sglang,0.5.10,b200_sxm,0.0,930.01
llama31_70b,b200_sxm,EMPIRICAL,meta-llama/Meta-Llama-3.1-70B,4096,1024,0,112,6.772,1,1,1,112,112,1,228.191,14.874,15444.293,6.772,0.847,6934.651,866.831,67.23,7.888,7.361,8,4,1,1,1,1,tp4pp1dp1etp1ep1,bfloat16,bfloat16,bfloat16,bfloat16,half,38.216,sglang,0.5.10,b200_sxm,4,1,1,1,1,tp4pp1dp1etp1ep1,bfloat16,bfloat16,bfloat16,bfloat16,half,81.287,sglang,0.5.10,b200_sxm,0.0,866.831
llama31_70b,b200_sxm,EMPIRICAL,meta-llama/Meta-Llama-3.1-70B,4096,1024,0,100,6.427,1,1,1,100,100,1,228.191,13.993,14543.03,6.427,0.803,6581.371,822.671,71.467,7.888,6.986,8,4,1,1,1,1,tp4pp1dp1etp1ep1,bfloat16,bfloat16,bfloat16,bfloat16,half,38.216,sglang,0.5.10,b200_sxm,4,1,1,1,1,tp4pp1dp1etp1ep1,bfloat16,bfloat16,bfloat16,bfloat16,half,76.6,sglang,0.5.10,b200_sxm,0.0,822.671
llama31_70b,b200_sxm,EMPIRICAL,meta-llama/Meta-Llama-3.1-70B,4096,1024,0,84,5.894,1,1,1,84,84,1,228.191,12.817,13339.982,5.894,0.737,6034.964,754.371,78.022,7.888,6.406,8,4,1,1,1,1,tp4pp1dp1etp1ep1,bfloat16,bfloat16,bfloat16,bfloat16,half,38.216,sglang,0.5.10,b200_sxm,4,1,1,1,1,tp4pp1dp1etp1ep1,bfloat16,bfloat16,bfloat16,bfloat16,half,70.35,sglang,0.5.10,b200_sxm,0.0,754.371
llama31_70b,b200_sxm,EMPIRICAL,meta-llama/Meta-Llama-3.1-70B,4096,1024,0,280,21.298,1,1,3,56,56,5,228.191,10.76,11235.671,21.298,0.666,21808.742,681.523,92.94,7.888,5.088,32,4,1,1,1,1,tp4pp1dp1etp1ep1,bfloat16,bfloat16,bfloat16,bfloat16,half,38.216,sglang,0.5.10,b200_sxm,4,1,1,1,1,tp4pp1dp1etp1ep1,bfloat16,bfloat16,bfloat16,bfloat16,half,59.412,sglang,0.5.10,b200_sxm,0.0,681.523
llama31_70b,b200_sxm,EMPIRICAL,meta-llama/Meta-Llama-3.1-70B,4096,1024,0,100,10.642,1,1,1,100,100,1,152.224,7.915,8249.269,10.642,0.665,10897.92,681.12,126.337,11.825,12.35,16,8,1,1,1,1,tp8pp1dp1etp1ep1,bfloat16,bfloat16,bfloat16,bfloat16,half,21.633,sglang,0.5.10,b200_sxm,8,1,1,1,1,tp8pp1dp1etp1ep1,bfloat16,bfloat16,bfloat16,bfloat16,half,40.642,sglang,0.5.10,b200_sxm,0.0,681.12
llama31_70b,b200_sxm,EMPIRICAL,meta-llama/Meta-Llama-3.1-70B,4096,1024,0,76,9.896,1,1,1,76,76,1,152.224,6.907,7218.085,9.896,0.618,10133.012,633.313,144.785,11.825,10.756,16,8,1,1,1,1,tp8pp1dp1etp1ep1,bfloat16,bfloat16,bfloat16,bfloat16,half,21.633,sglang,0.5.10,b200_sxm,8,1,1,1,1,tp8pp1dp1etp1ep1,bfloat16,bfloat16,bfloat16,bfloat16,half,35.954,sglang,0.5.10,b200_sxm,0.0,633.313
llama31_70b,b200_sxm,EMPIRICAL,meta-llama/Meta-Llama-3.1-70B,4096,1024,0,52,7.929,1,1,1,52,52,1,152.224,5.898,6185.878,7.929,0.496,8118.845,507.428,169.543,11.825,8.618,16,8,1,1,1,1,tp8pp1dp1etp1ep1,bfloat16,bfloat16,bfloat16,bfloat16,half,21.633,sglang,0.5.10,b200_sxm,8,1,1,1,1,tp8pp1dp1etp1ep1,bfloat16,bfloat16,bfloat16,bfloat16,half,31.267,sglang,0.5.10,b200_sxm,0.0,507.428
llama31_70b,b200_sxm,EMPIRICAL,meta-llama/Meta-Llama-3.1-70B,4096,1024,0,60,10.642,1,1,1,30,30,2,152.224,4.974,5240.626,10.642,0.443,10897.92,454.08,201.059,11.825,5.896,24,8,1,1,1,1,tp8pp1dp1etp1ep1,bfloat16,bfloat16,bfloat16,bfloat16,half,21.633,sglang,0.5.10,b200_sxm,8,1,1,1,1,tp8pp1dp1etp1ep1,bfloat16,bfloat16,bfloat16,bfloat16,half,26.97,sglang,0.5.10,b200_sxm,0.0,340.56
llama31_70b,b200_sxm,EMPIRICAL,meta-llama/Meta-Llama-3.1-70B,4096,1024,0,18,4.082,1,1,1,6,6,3,152.224,3.965,4208.419,4.082,0.128,4180.009,130.625,252.201,11.825,1.479,32,8,1,1,1,1,tp8pp1dp1etp1ep1,bfloat16,bfloat16,bfloat16,bfloat16,half,21.633,sglang,0.5.10,b200_sxm,8,1,1,1,1,tp8pp1dp1etp1ep1,bfloat16,bfloat16,bfloat16,bfloat16,half,22.283,sglang,0.5.10,b200_sxm,0.0,130.625
llama31_70b,b200_sxm,ANALYTICAL,meta-llama/Meta-Llama-3.1-70B,4096,1024,0,1152,25.988,1,1,7,128,128,9,436.41,39.752,41102.706,25.988,0.812,26611.2,831.6,25.156,4.125,3.148,32,2,1,1,1,1,tp2pp1dp1etp1ep1,bfloat16,bfloat16,bfloat16,bfloat16,half,71.477,sglang,0.5.10,b200_sxm,2,1,1,1,1,tp2pp1dp1etp1ep1,bfloat16,bfloat16,bfloat16,bfloat16,half,170.342,sglang,0.5.10,b200_sxm,0.0,831.6
llama31_70b,b200_sxm,ANALYTICAL,meta-llama/Meta-Llama-3.1-70B,4096,1024,0,200,6.149,1,1,1,200,200,1,261.41,29.249,30183.137,6.149,0.769,6296.863,787.108,34.189,6.886,6.684,8,4,1,1,1,1,tp4pp1dp1etp1ep1,bfloat16,bfloat16,bfloat16,bfloat16,half,38.216,sglang,0.5.10,b200_sxm,4,1,1,1,1,tp4pp1dp1etp1ep1,bfloat16,bfloat16,bfloat16,bfloat16,half,115.662,sglang,0.5.10,b200_sxm,0.0,787.108
llama31_70b,b200_sxm,ANALYTICAL,meta-llama/Meta-Llama-3.1-70B,4096,1024,0,108,4.912,1,1,1,108,108,1,261.41,19.772,20488.166,4.912,0.614,5029.765,628.721,50.577,6.886,5.339,8,4,1,1,1,1,tp4pp1dp1etp1ep1,bfloat16,bfloat16,bfloat16,bfloat16,half,38.216,sglang,0.5.10,b200_sxm,4,1,1,1,1,tp4pp1dp1etp1ep1,bfloat16,bfloat16,bfloat16,bfloat16,half,79.725,sglang,0.5.10,b200_sxm,0.0,628.721
llama31_70b,b200_sxm,ANALYTICAL,meta-llama/Meta-Llama-3.1-70B,4096,1024,0,144,9.315,1,1,1,144,144,1,173.911,13.781,14271.874,9.315,0.582,9538.56,596.16,72.563,10.35,10.214,16,8,1,1,1,1,tp8pp1dp1etp1ep1,bfloat16,bfloat16,bfloat16,bfloat16,half,21.633,sglang,0.5.10,b200_sxm,8,1,1,1,1,tp8pp1dp1etp1ep1,bfloat16,bfloat16,bfloat16,bfloat16,half,49.236,sglang,0.5.10,b200_sxm,0.0,596.16
llama31_70b,b200_sxm,ANALYTICAL,meta-llama/Meta-Llama-3.1-70B,4096,1024,0,128,8.942,1,1,1,128,128,1,173.911,12.872,13341.967,8.942,0.559,9157.018,572.314,77.687,10.35,9.72,16,8,1,1,1,1,tp8pp1dp1etp1ep1,bfloat16,bfloat16,bfloat16,bfloat16,half,21.633,sglang,0.5.10,b200_sxm,8,1,1,1,1,tp8pp1dp1etp1ep1,bfloat16,bfloat16,bfloat16,bfloat16,half,46.111,sglang,0.5.10,b200_sxm,0.0,572.314
llama31_70b,b200_sxm,ANALYTICAL,meta-llama/Meta-Llama-3.1-70B,4096,1024,0,112,8.42,1,1,1,112,112,1,173.911,11.963,12412.06,8.42,0.526,8621.916,538.87,83.59,10.35,9.152,16,8,1,1,1,1,tp8pp1dp1etp1ep1,bfloat16,bfloat16,bfloat16,bfloat16,half,21.633,sglang,0.5.10,b200_sxm,8,1,1,1,1,tp8pp1dp1etp1ep1,bfloat16,bfloat16,bfloat16,bfloat16,half,42.986,sglang,0.5.10,b200_sxm,0.0,538.87
llama31_70b,b200_sxm,ANALYTICAL,meta-llama/Meta-Llama-3.1-70B,4096,1024,0,92,7.642,1,1,1,92,92,1,173.911,10.827,11249.932,7.642,0.478,7824.916,489.057,92.362,10.35,8.306,16,8,1,1,1,1,tp8pp1dp1etp1ep1,bfloat16,bfloat16,bfloat16,bfloat16,half,21.633,sglang,0.5.10,b200_sxm,8,1,1,1,1,tp8pp1dp1etp1ep1,bfloat16,bfloat16,bfloat16,bfloat16,half,39.079,sglang,0.5.10,b200_sxm,0.0,489.057
llama31_70b,b200_sxm,ANALYTICAL,meta-llama/Meta-Llama-3.1-70B,4096,1024,0,76,6.892,1,1,1,76,76,1,173.911,9.918,10320.025,6.892,0.431,7057.121,441.07,100.826,10.35,7.491,16,8,1,1,1,1,tp8pp1dp1etp1ep1,bfloat16,bfloat16,bfloat16,bfloat16,half,21.633,sglang,0.5.10,b200_sxm,8,1,1,1,1,tp8pp1dp1etp1ep1,bfloat16,bfloat16,bfloat16,bfloat16,half,35.954,sglang,0.5.10,b200_sxm,0.0,441.07
llama31_70b,b200_sxm,ANALYTICAL,meta-llama/Meta-Llama-3.1-70B,4096,1024,0,112,9.315,1,1,1,56,56,2,173.911,8.782,9157.897,9.315,0.388,9538.56,397.44,113.871,10.35,6.233,24,8,1,1,1,1,tp8pp1dp1etp1ep1,bfloat16,bfloat16,bfloat16,bfloat16,half,21.633,sglang,0.5.10,b200_sxm,8,1,1,1,1,tp8pp1dp1etp1ep1,bfloat16,bfloat16,bfloat16,bfloat16,half,32.048,sglang,0.5.10,b200_sxm,0.0,298.08
llama31_70b,b200_sxm,ANALYTICAL,meta-llama/Meta-Llama-3.1-70B,4096,1024,0,72,9.298,1,1,1,24,24,3,173.911,6.964,7298.083,9.298,0.291,9521.603,297.55,143.596,10.35,3.369,32,8,1,1,1,1,tp8pp1dp1etp1ep1,bfloat16,bfloat16,bfloat16,bfloat16,half,21.633,sglang,0.5.10,b200_sxm,8,1,1,1,1,tp8pp1dp1etp1ep1,bfloat16,bfloat16,bfloat16,bfloat16,half,25.798,sglang,0.5.10,b200_sxm,0.0,297.55
llama31_70b,b200_sxm,ANALYTICAL,meta-llama/Meta-Llama-3.1-70B,4096,1024,0,18,2.705,1,1,1,6,6,3,173.911,5.983,6294.52,2.705,0.085,2769.715,86.554,167.144,10.35,0.98,32,8,1,1,1,1,tp8pp1dp1etp1ep1,bfloat16,bfloat16,bfloat16,bfloat16,half,21.633,sglang,0.5.10,b200_sxm,8,1,1,1,1,tp8pp1dp1etp1ep1,bfloat16,bfloat16,bfloat16,bfloat16,half,22.283,sglang,0.5.10,b200_sxm,0.0,86.554
llama31_70b,b300_sxm,SILICON,meta-llama/Meta-Llama-3.1-70B,4096,1024,0,1736,29.598,1,1,9,248,248,7,440.928,52.749,54403.155,29.598,0.925,30308.598,947.144,18.958,4.082,4.596,32,2,1,1,1,1,tp2pp1dp1etp1ep1,bfloat16,bfloat16,bfloat16,bfloat16,half,71.477,sglang,0.5.10,b300_sxm,2,1,1,1,1,tp2pp1dp1etp1ep1,bfloat16,bfloat16,bfloat16,bfloat16,half,264.092,sglang,0.5.10,b300_sxm,0.0,947.144
llama31_70b,b300_sxm,SILICON,meta-llama/Meta-Llama-3.1-70B,4096,1024,0,184,3.674,1,1,1,184,184,1,440.928,44.274,45733.23,3.674,0.918,3761.971,940.493,22.587,4.082,4.063,4,2,1,1,1,1,tp2pp1dp1etp1ep1,bfloat16,bfloat16,bfloat16,bfloat16,half,71.477,sglang,0.5.10,b300_sxm,2,1,1,1,1,tp2pp1dp1etp1ep1,bfloat16,bfloat16,bfloat16,bfloat16,half,214.092,sglang,0.5.10,b300_sxm,0.0,940.493
llama31_70b,b300_sxm,SILICON,meta-llama/Meta-Llama-3.1-70B,4096,1024,0,864,25.717,1,1,7,96,96,9,440.928,29.909,31037.835,25.717,0.804,26333.798,822.931,33.435,4.082,3.138,32,2,1,1,1,1,tp2pp1dp1etp1ep1,bfloat16,bfloat16,bfloat16,bfloat16,half,71.477,sglang,0.5.10,b300_sxm,2,1,1,1,1,tp2pp1dp1etp1ep1,bfloat16,bfloat16,bfloat16,bfloat16,half,145.342,sglang,0.5.10,b300_sxm,0.0,822.931
llama31_70b,b300_sxm,SILICON,meta-llama/Meta-Llama-3.1-70B,4096,1024,0,320,11.021,1,1,3,64,64,5,440.928,24.686,25694.706,11.021,0.689,11285.914,705.37,40.509,4.082,2.534,16,2,1,1,1,1,tp2pp1dp1etp1ep1,bfloat16,bfloat16,bfloat16,bfloat16,half,71.477,sglang,0.5.10,b300_sxm,2,1,1,1,1,tp2pp1dp1etp1ep1,bfloat16,bfloat16,bfloat16,bfloat16,half,120.342,sglang,0.5.10,b300_sxm,0.0,705.37
llama31_70b,b300_sxm,SILICON,meta-llama/Meta-Llama-3.1-70B,4096,1024,0,108,4.912,1,1,1,108,108,1,256.403,19.775,20486.228,4.912,0.614,5029.765,628.721,50.568,7.02,5.339,8,4,1,1,1,1,tp4pp1dp1etp1ep1,bfloat16,bfloat16,bfloat16,bfloat16,half,38.216,sglang,0.5.10,b300_sxm,4,1,1,1,1,tp4pp1dp1etp1ep1,bfloat16,bfloat16,bfloat16,bfloat16,half,79.725,sglang,0.5.10,b300_sxm,0.0,628.721
llama31_70b,b300_sxm,SILICON,meta-llama/Meta-Llama-3.1-70B,4096,1024,0,360,18.954,1,1,3,72,72,5,256.403,16.948,17594.207,18.954,0.592,19408.896,606.528,59.004,7.02,4.153,32,4,1,1,1,1,tp4pp1dp1etp1ep1,bfloat16,bfloat16,bfloat16,bfloat16,half,38.216,sglang,0.5.10,b300_sxm,4,1,1,1,1,tp4pp1dp1etp1ep1,bfloat16,bfloat16,bfloat16,bfloat16,half,65.662,sglang,0.5.10,b300_sxm,0.0,606.528
llama31_70b,b300_sxm,SILICON,meta-llama/Meta-Llama-3.1-70B,4096,1024,0,320,18.216,1,1,3,64,64,5,256.403,15.8,16419.803,18.216,0.569,18653.184,582.912,63.291,7.02,3.96,32,4,1,1,1,1,tp4pp1dp1etp1ep1,bfloat16,bfloat16,bfloat16,bfloat16,half,38.216,sglang,0.5.10,b300_sxm,4,1,1,1,1,tp4pp1dp1etp1ep1,bfloat16,bfloat16,bfloat16,bfloat16,half,62.537,sglang,0.5.10,b300_sxm,0.0,582.912
llama31_70b,b300_sxm,SILICON,meta-llama/Meta-Llama-3.1-70B,4096,1024,0,124,7.446,1,1,1,124,124,1,197.739,14.977,15519.21,7.446,0.465,7624.253,476.516,66.769,9.103,8.093,16,8,1,1,1,1,tp8pp1dp1etp1ep1,bfloat16,bfloat16,bfloat16,bfloat16,half,21.633,sglang,0.5.10,b300_sxm,8,1,1,1,1,tp8pp1dp1etp1ep1,bfloat16,bfloat16,bfloat16,bfloat16,half,45.329,sglang,0.5.10,b300_sxm,0.0,476.516
llama31_70b,b300_sxm,SILICON,meta-llama/Meta-Llama-3.1-70B,4096,1024,0,96,6.285,1,1,1,32,32,3,256.403,13.735,14307.308,6.285,0.393,6435.348,402.209,72.806,7.02,2.277,16,4,1,1,1,1,tp4pp1dp1etp1ep1,bfloat16,bfloat16,bfloat16,bfloat16,half,38.216,sglang,0.5.10,b300_sxm,4,1,1,1,1,tp4pp1dp1etp1ep1,bfloat16,bfloat16,bfloat16,bfloat16,half,50.037,sglang,0.5.10,b300_sxm,0.0,402.209
llama31_70b,b300_sxm,SILICON,meta-llama/Meta-Llama-3.1-70B,4096,1024,0,84,5.813,1,1,1,28,28,3,256.403,12.997,13552.334,5.813,0.363,5952.061,372.004,76.938,7.02,2.106,16,4,1,1,1,1,tp4pp1dp1etp1ep1,bfloat16,bfloat16,bfloat16,bfloat16,half,38.216,sglang,0.5.10,b300_sxm,4,1,1,1,1,tp4pp1dp1etp1ep1,bfloat16,bfloat16,bfloat16,bfloat16,half,48.475,sglang,0.5.10,b300_sxm,0.0,372.004
llama31_70b,b300_sxm,SILICON,meta-llama/Meta-Llama-3.1-70B,4096,1024,0,66,4.993,1,1,1,22,22,3,256.403,11.891,12420.896,4.993,0.312,5112.668,319.542,84.098,7.02,1.809,16,4,1,1,1,1,tp4pp1dp1etp1ep1,bfloat16,bfloat16,bfloat16,bfloat16,half,38.216,sglang,0.5.10,b300_sxm,4,1,1,1,1,tp4pp1dp1etp1ep1,bfloat16,bfloat16,bfloat16,bfloat16,half,46.131,sglang,0.5.10,b300_sxm,0.0,319.542
llama31_70b,b300_sxm,SILICON,meta-llama/Meta-Llama-3.1-70B,4096,1024,0,80,6.318,1,1,1,16,16,5,256.403,10.626,11126.801,6.318,0.263,6469.632,269.568,94.112,7.02,1.472,24,4,1,1,1,1,tp4pp1dp1etp1ep1,bfloat16,bfloat16,bfloat16,bfloat16,half,38.216,sglang,0.5.10,b300_sxm,4,1,1,1,1,tp4pp1dp1etp1ep1,bfloat16,bfloat16,bfloat16,bfloat16,half,43.787,sglang,0.5.10,b300_sxm,0.0,202.176
llama31_70b,b300_sxm,SILICON,meta-llama/Meta-Llama-3.1-70B,4096,1024,0,42,3.8,1,1,1,6,6,7,256.403,9.947,10432.184,3.8,0.119,3890.79,121.587,100.536,7.02,0.59,32,4,1,1,1,1,tp4pp1dp1etp1ep1,bfloat16,bfloat16,bfloat16,bfloat16,half,38.216,sglang,0.5.10,b300_sxm,4,1,1,1,1,tp4pp1dp1etp1ep1,bfloat16,bfloat16,bfloat16,bfloat16,half,39.881,sglang,0.5.10,b300_sxm,0.0,121.587
llama31_70b,b300_sxm,SILICON,meta-llama/Meta-Llama-3.1-70B,4096,1024,0,33,3.381,1,1,1,11,11,3,197.739,8.776,9175.587,3.381,0.106,3462.144,108.192,113.941,9.103,1.225,32,8,1,1,1,1,tp8pp1dp1etp1ep1,bfloat16,bfloat16,bfloat16,bfloat16,half,21.633,sglang,0.5.10,b300_sxm,8,1,1,1,1,tp8pp1dp1etp1ep1,bfloat16,bfloat16,bfloat16,bfloat16,half,23.259,sglang,0.5.10,b300_sxm,0.0,108.192
llama31_70b,b300_sxm,SILICON,meta-llama/Meta-Llama-3.1-70B,4096,1024,0,27,3.077,1,1,1,9,9,3,197.739,7.892,8271.255,3.077,0.096,3151.258,98.477,126.705,9.103,1.115,32,8,1,1,1,1,tp8pp1dp1etp1ep1,bfloat16,bfloat16,bfloat16,bfloat16,half,21.633,sglang,0.5.10,b300_sxm,8,1,1,1,1,tp8pp1dp1etp1ep1,bfloat16,bfloat16,bfloat16,bfloat16,half,22.868,sglang,0.5.10,b300_sxm,0.0,98.477
llama31_70b,b300_sxm,EMPIRICAL,meta-llama/Meta-Llama-3.1-70B,4096,1024,0,192,4.253,1,1,1,192,192,1,380.849,39.892,41190.365,4.253,1.063,4355.482,1088.87,25.068,4.726,4.705,4,2,1,1,1,1,tp2pp1dp1etp1ep1,bfloat16,bfloat16,bfloat16,bfloat16,half,71.477,sglang,0.5.10,b300_sxm,2,1,1,1,1,tp2pp1dp1etp1ep1,bfloat16,bfloat16,bfloat16,bfloat16,half,220.342,sglang,0.5.10,b300_sxm,0.0,1088.87
llama31_70b,b300_sxm,EMPIRICAL,meta-llama/Meta-Llama-3.1-70B,4096,1024,0,152,3.989,1,1,1,152,152,1,380.849,34.266,35434.967,3.989,0.997,4084.859,1021.215,29.183,4.726,4.336,4,2,1,1,1,1,tp2pp1dp1etp1ep1,bfloat16,bfloat16,bfloat16,bfloat16,half,71.477,sglang,0.5.10,b300_sxm,2,1,1,1,1,tp2pp1dp1etp1ep1,bfloat16,bfloat16,bfloat16,bfloat16,half,189.092,sglang,0.5.10,b300_sxm,0.0,1021.215
llama31_70b,b300_sxm,EMPIRICAL,meta-llama/Meta-Llama-3.1-70B,4096,1024,0,1080,29.774,1,1,7,120,120,9,380.849,29.765,30830.444,29.774,0.93,30488.371,952.762,33.596,4.726,3.941,32,2,1,1,1,1,tp2pp1dp1etp1ep1,bfloat16,bfloat16,bfloat16,bfloat16,half,71.477,sglang,0.5.10,b300_sxm,2,1,1,1,1,tp2pp1dp1etp1ep1,bfloat16,bfloat16,bfloat16,bfloat16,half,164.092,sglang,0.5.10,b300_sxm,0.0,952.762
llama31_70b,b300_sxm,EMPIRICAL,meta-llama/Meta-Llama-3.1-70B,4096,1024,0,144,7.081,1,1,1,144,144,1,228.767,17.728,18364.511,7.081,0.885,7251.149,906.394,56.407,7.868,7.94,8,4,1,1,1,1,tp4pp1dp1etp1ep1,bfloat16,bfloat16,bfloat16,bfloat16,half,38.216,sglang,0.5.10,b300_sxm,4,1,1,1,1,tp4pp1dp1etp1ep1,bfloat16,bfloat16,bfloat16,bfloat16,half,93.787,sglang,0.5.10,b300_sxm,0.0,906.394
llama31_70b,b300_sxm,EMPIRICAL,meta-llama/Meta-Llama-3.1-70B,4096,1024,0,92,5.997,1,1,1,92,92,1,228.767,13.794,14340.029,5.997,0.75,6141.42,767.677,72.493,7.868,6.519,8,4,1,1,1,1,tp4pp1dp1etp1ep1,bfloat16,bfloat16,bfloat16,bfloat16,half,38.216,sglang,0.5.10,b300_sxm,4,1,1,1,1,tp4pp1dp1etp1ep1,bfloat16,bfloat16,bfloat16,bfloat16,half,73.475,sglang,0.5.10,b300_sxm,0.0,767.677
llama31_70b,b300_sxm,EMPIRICAL,meta-llama/Meta-Llama-3.1-70B,4096,1024,0,260,21.244,1,1,3,52,52,5,228.767,10.768,11244.431,21.244,0.664,21753.446,679.795,92.866,7.868,4.72,32,4,1,1,1,1,tp4pp1dp1etp1ep1,bfloat16,bfloat16,bfloat16,bfloat16,half,38.216,sglang,0.5.10,b300_sxm,4,1,1,1,1,tp4pp1dp1etp1ep1,bfloat16,bfloat16,bfloat16,bfloat16,half,57.85,sglang,0.5.10,b300_sxm,0.0,679.795
llama31_70b,b300_sxm,EMPIRICAL,meta-llama/Meta-Llama-3.1-70B,4096,1024,0,96,10.607,1,1,1,96,96,1,152.726,7.951,8286.599,10.607,0.663,10861.978,678.874,125.778,11.786,11.803,16,8,1,1,1,1,tp8pp1dp1etp1ep1,bfloat16,bfloat16,bfloat16,bfloat16,half,21.633,sglang,0.5.10,b300_sxm,8,1,1,1,1,tp8pp1dp1etp1ep1,bfloat16,bfloat16,bfloat16,bfloat16,half,39.861,sglang,0.5.10,b300_sxm,0.0,678.874
llama31_70b,b300_sxm,EMPIRICAL,meta-llama/Meta-Llama-3.1-70B,4096,1024,0,72,9.364,1,1,1,72,72,1,152.726,6.915,7226.771,9.364,0.585,9588.49,599.281,144.618,11.786,10.178,16,8,1,1,1,1,tp8pp1dp1etp1ep1,bfloat16,bfloat16,bfloat16,bfloat16,half,21.633,sglang,0.5.10,b300_sxm,8,1,1,1,1,tp8pp1dp1etp1ep1,bfloat16,bfloat16,bfloat16,bfloat16,half,35.173,sglang,0.5.10,b300_sxm,0.0,599.281
llama31_70b,b300_sxm,EMPIRICAL,meta-llama/Meta-Llama-3.1-70B,4096,1024,0,48,7.343,1,1,1,48,48,1,152.726,5.879,6166.943,7.343,0.459,7518.74,469.921,170.096,11.786,7.981,16,8,1,1,1,1,tp8pp1dp1etp1ep1,bfloat16,bfloat16,bfloat16,bfloat16,half,21.633,sglang,0.5.10,b300_sxm,8,1,1,1,1,tp8pp1dp1etp1ep1,bfloat16,bfloat16,bfloat16,bfloat16,half,30.486,sglang,0.5.10,b300_sxm,0.0,469.921
llama31_70b,b300_sxm,EMPIRICAL,meta-llama/Meta-Llama-3.1-70B,4096,1024,0,52,9.487,1,1,1,26,26,2,152.726,4.93,5196.116,9.487,0.395,9714.729,404.78,202.857,11.786,5.156,24,8,1,1,1,1,tp8pp1dp1etp1ep1,bfloat16,bfloat16,bfloat16,bfloat16,half,21.633,sglang,0.5.10,b300_sxm,8,1,1,1,1,tp8pp1dp1etp1ep1,bfloat16,bfloat16,bfloat16,bfloat16,half,26.189,sglang,0.5.10,b300_sxm,0.0,303.585
llama31_70b,b300_sxm,EMPIRICAL,meta-llama/Meta-Llama-3.1-70B,4096,1024,0,12,2.71,1,1,1,4,4,3,152.726,3.98,4224.266,2.71,0.085,2775.368,86.73,251.247,11.786,0.982,32,8,1,1,1,1,tp8pp1dp1etp1ep1,bfloat16,bfloat16,bfloat16,bfloat16,half,21.633,sglang,0.5.10,b300_sxm,8,1,1,1,1,tp8pp1dp1etp1ep1,bfloat16,bfloat16,bfloat16,bfloat16,half,21.892,sglang,0.5.10,b300_sxm,0.0,86.73
llama31_70b,b300_sxm,ANALYTICAL,meta-llama/Meta-Llama-3.1-70B,4096,1024,0,248,3.444,1,1,1,248,248,1,438.419,64.769,66697.106,3.444,0.861,3526.205,881.551,15.44,4.106,3.743,4,2,1,1,1,1,tp2pp1dp1etp1ep1,bfloat16,bfloat16,bfloat16,bfloat16,half,71.477,sglang,0.5.10,b300_sxm,2,1,1,1,1,tp2pp1dp1etp1ep1,bfloat16,bfloat16,bfloat16,bfloat16,half,264.092,sglang,0.5.10,b300_sxm,0.0,881.551
llama31_70b,b300_sxm,ANALYTICAL,meta-llama/Meta-Llama-3.1-70B,4096,1024,0,224,3.36,1,1,1,224,224,1,438.419,59.965,61782.614,3.36,0.84,3440.476,860.119,16.676,4.106,3.652,4,2,1,1,1,1,tp2pp1dp1etp1ep1,bfloat16,bfloat16,bfloat16,bfloat16,half,71.477,sglang,0.5.10,b300_sxm,2,1,1,1,1,tp2pp1dp1etp1ep1,bfloat16,bfloat16,bfloat16,bfloat16,half,245.342,sglang,0.5.10,b300_sxm,0.0,860.119
llama31_70b,b300_sxm,ANALYTICAL,meta-llama/Meta-Llama-3.1-70B,4096,1024,0,1296,25.868,1,1,7,144,144,9,438.419,43.954,45403.361,25.868,0.808,26488.627,827.77,22.751,4.106,3.203,32,2,1,1,1,1,tp2pp1dp1etp1ep1,bfloat16,bfloat16,bfloat16,bfloat16,half,71.477,sglang,0.5.10,b300_sxm,2,1,1,1,1,tp2pp1dp1etp1ep1,bfloat16,bfloat16,bfloat16,bfloat16,half,182.842,sglang,0.5.10,b300_sxm,0.0,827.77
llama31_70b,b300_sxm,ANALYTICAL,meta-llama/Meta-Llama-3.1-70B,4096,1024,0,1116,25.122,1,1,7,124,124,9,438.419,39.951,41308.292,25.122,0.785,25724.436,803.889,25.031,4.106,3.034,32,2,1,1,1,1,tp2pp1dp1etp1ep1,bfloat16,bfloat16,bfloat16,bfloat16,half,71.477,sglang,0.5.10,b300_sxm,2,1,1,1,1,tp2pp1dp1etp1ep1,bfloat16,bfloat16,bfloat16,bfloat16,half,167.217,sglang,0.5.10,b300_sxm,0.0,803.889
llama31_70b,b300_sxm,ANALYTICAL,meta-llama/Meta-Llama-3.1-70B,4096,1024,0,200,6.01,1,1,1,200,200,1,262.741,29.927,30878.062,6.01,0.751,6154.609,769.326,33.414,6.851,6.533,8,4,1,1,1,1,tp4pp1dp1etp1ep1,bfloat16,bfloat16,bfloat16,bfloat16,half,38.216,sglang,0.5.10,b300_sxm,4,1,1,1,1,tp4pp1dp1etp1ep1,bfloat16,bfloat16,bfloat16,bfloat16,half,115.662,sglang,0.5.10,b300_sxm,0.0,769.326
llama31_70b,b300_sxm,ANALYTICAL,meta-llama/Meta-Llama-3.1-70B,4096,1024,0,152,5.497,1,1,1,152,152,1,262.741,24.867,25701.682,5.497,0.687,5628.928,703.616,40.213,6.851,5.975,8,4,1,1,1,1,tp4pp1dp1etp1ep1,bfloat16,bfloat16,bfloat16,bfloat16,half,38.216,sglang,0.5.10,b300_sxm,4,1,1,1,1,tp4pp1dp1etp1ep1,bfloat16,bfloat16,bfloat16,bfloat16,half,96.912,sglang,0.5.10,b300_sxm,0.0,703.616
llama31_70b,b300_sxm,ANALYTICAL,meta-llama/Meta-Llama-3.1-70B,4096,1024,0,160,9.263,1,1,1,160,160,1,174.901,14.988,15507.625,9.263,0.579,9485.107,592.819,66.72,10.292,10.435,16,8,1,1,1,1,tp8pp1dp1etp1ep1,bfloat16,bfloat16,bfloat16,bfloat16,half,21.633,sglang,0.5.10,b300_sxm,8,1,1,1,1,tp8pp1dp1etp1ep1,bfloat16,bfloat16,bfloat16,bfloat16,half,52.361,sglang,0.5.10,b300_sxm,0.0,592.819
llama31_70b,b300_sxm,ANALYTICAL,meta-llama/Meta-Llama-3.1-70B,4096,1024,0,136,8.997,1,1,1,136,136,1,174.901,13.595,14082.586,8.997,0.562,9212.6,575.788,73.558,10.292,9.779,16,8,1,1,1,1,tp8pp1dp1etp1ep1,bfloat16,bfloat16,bfloat16,bfloat16,half,21.633,sglang,0.5.10,b300_sxm,8,1,1,1,1,tp8pp1dp1etp1ep1,bfloat16,bfloat16,bfloat16,bfloat16,half,47.673,sglang,0.5.10,b300_sxm,0.0,575.788
llama31_70b,b300_sxm,ANALYTICAL,meta-llama/Meta-Llama-3.1-70B,4096,1024,0,124,8.646,1,1,1,124,124,1,174.901,12.898,13369.555,8.646,0.54,8853.668,553.354,77.532,10.292,9.398,16,8,1,1,1,1,tp8pp1dp1etp1ep1,bfloat16,bfloat16,bfloat16,bfloat16,half,21.633,sglang,0.5.10,b300_sxm,8,1,1,1,1,tp8pp1dp1etp1ep1,bfloat16,bfloat16,bfloat16,bfloat16,half,45.329,sglang,0.5.10,b300_sxm,0.0,553.354
llama31_70b,b300_sxm,ANALYTICAL,meta-llama/Meta-Llama-3.1-70B,4096,1024,0,108,8.114,1,1,1,108,108,1,174.901,11.969,12419.188,8.114,0.507,8309.146,519.322,83.549,10.292,8.82,16,8,1,1,1,1,tp8pp1dp1etp1ep1,bfloat16,bfloat16,bfloat16,bfloat16,half,21.633,sglang,0.5.10,b300_sxm,8,1,1,1,1,tp8pp1dp1etp1ep1,bfloat16,bfloat16,bfloat16,bfloat16,half,42.204,sglang,0.5.10,b300_sxm,0.0,519.322
llama31_70b,b300_sxm,ANALYTICAL,meta-llama/Meta-Llama-3.1-70B,4096,1024,0,88,7.322,1,1,1,88,88,1,174.901,10.808,11231.485,7.322,0.458,7498.015,468.626,92.525,10.292,7.959,16,8,1,1,1,1,tp8pp1dp1etp1ep1,bfloat16,bfloat16,bfloat16,bfloat16,half,21.633,sglang,0.5.10,b300_sxm,8,1,1,1,1,tp8pp1dp1etp1ep1,bfloat16,bfloat16,bfloat16,bfloat16,half,38.298,sglang,0.5.10,b300_sxm,0.0,468.626
llama31_70b,b300_sxm,ANALYTICAL,meta-llama/Meta-Llama-3.1-70B,4096,1024,0,72,6.554,1,1,1,72,72,1,174.901,9.879,10281.118,6.554,0.41,6711.378,419.461,101.225,10.292,7.124,16,8,1,1,1,1,tp8pp1dp1etp1ep1,bfloat16,bfloat16,bfloat16,bfloat16,half,21.633,sglang,0.5.10,b300_sxm,8,1,1,1,1,tp8pp1dp1etp1ep1,bfloat16,bfloat16,bfloat16,bfloat16,half,35.173,sglang,0.5.10,b300_sxm,0.0,419.461
llama31_70b,b300_sxm,ANALYTICAL,meta-llama/Meta-Llama-3.1-70B,4096,1024,0,112,9.263,1,1,1,56,56,2,174.901,8.95,9330.751,9.263,0.386,9485.107,395.213,111.731,10.292,6.116,24,8,1,1,1,1,tp8pp1dp1etp1ep1,bfloat16,bfloat16,bfloat16,bfloat16,half,21.633,sglang,0.5.10,b300_sxm,8,1,1,1,1,tp8pp1dp1etp1ep1,bfloat16,bfloat16,bfloat16,bfloat16,half,32.048,sglang,0.5.10,b300_sxm,0.0,296.40975000000003
llama31_70b,b300_sxm,ANALYTICAL,meta-llama/Meta-Llama-3.1-70B,4096,1024,0,66,8.509,1,1,1,22,22,3,174.901,6.976,7311.349,8.509,0.266,8713.298,272.291,143.347,10.292,3.083,32,8,1,1,1,1,tp8pp1dp1etp1ep1,bfloat16,bfloat16,bfloat16,bfloat16,half,21.633,sglang,0.5.10,b300_sxm,8,1,1,1,1,tp8pp1dp1etp1ep1,bfloat16,bfloat16,bfloat16,bfloat16,half,25.408,sglang,0.5.10,b300_sxm,0.0,272.291
llama31_70b,b300_sxm,ANALYTICAL,meta-llama/Meta-Llama-3.1-70B,4096,1024,0,12,1.808,1,1,1,4,4,3,174.901,5.97,6282.211,1.808,0.056,1851.187,57.85,167.509,10.292,0.655,32,8,1,1,1,1,tp8pp1dp1etp1ep1,bfloat16,bfloat16,bfloat16,bfloat16,half,21.633,sglang,0.5.10,b300_sxm,8,1,1,1,1,tp8pp1dp1etp1ep1,bfloat16,bfloat16,bfloat16,bfloat16,half,21.892,sglang,0.5.10,b300_sxm,0.0,57.85
llama31_70b,rtx_pro_6000_server,SILICON,meta-llama/Meta-Llama-3.1-70B,4096,1024,0,160,1.59,1,1,3,32,32,5,3054.908,89.306,94414.946,1.59,0.099,1628.467,101.779,11.197,0.589,0.35,16,2,1,1,1,1,tp2pp1dp1etp1ep1,bfloat16,bfloat16,bfloat16,bfloat16,half,71.477,sglang,0.5.10,rtx_pro_6000_server,2,1,1,1,1,tp2pp1dp1etp1ep1,bfloat16,bfloat16,bfloat16,bfloat16,half,95.342,sglang,0.5.10,rtx_pro_6000_server,0.0,101.779
llama31_70b,rtx_pro_6000_server,SILICON,meta-llama/Meta-Llama-3.1-70B,4096,1024,0,220,2.53,1,1,5,20,20,11,3054.908,78.197,83050.439,2.53,0.079,2590.72,80.96,12.788,0.589,0.25,32,2,1,1,1,1,tp2pp1dp1etp1ep1,bfloat16,bfloat16,bfloat16,bfloat16,half,71.477,sglang,0.5.10,rtx_pro_6000_server,2,1,1,1,1,tp2pp1dp1etp1ep1,bfloat16,bfloat16,bfloat16,bfloat16,half,85.967,sglang,0.5.10,rtx_pro_6000_server,0.0,80.96
llama31_70b,rtx_pro_6000_server,SILICON,meta-llama/Meta-Llama-3.1-70B,4096,1024,0,176,2.247,1,1,5,16,16,11,3054.908,70.403,75077.177,2.247,0.07,2300.559,71.892,14.204,0.589,0.222,32,2,1,1,1,1,tp2pp1dp1etp1ep1,bfloat16,bfloat16,bfloat16,bfloat16,half,71.477,sglang,0.5.10,rtx_pro_6000_server,2,1,1,1,1,tp2pp1dp1etp1ep1,bfloat16,bfloat16,bfloat16,bfloat16,half,82.842,sglang,0.5.10,rtx_pro_6000_server,0.0,71.892
llama31_70b,rtx_pro_6000_server,SILICON,meta-llama/Meta-Llama-3.1-70B,4096,1024,0,42,0.53,1,1,1,14,14,3,3054.908,68.943,73583.597,0.53,0.066,542.822,67.853,14.505,0.589,0.199,8,2,1,1,1,1,tp2pp1dp1etp1ep1,bfloat16,bfloat16,bfloat16,bfloat16,half,71.477,sglang,0.5.10,rtx_pro_6000_server,2,1,1,1,1,tp2pp1dp1etp1ep1,bfloat16,bfloat16,bfloat16,bfloat16,half,81.28,sglang,0.5.10,rtx_pro_6000_server,0.0,67.853
llama31_70b,rtx_pro_6000_server,SILICON,meta-llama/Meta-Llama-3.1-70B,4096,1024,0,117,1.59,1,1,3,9,9,13,3054.908,64.511,69049.661,1.59,0.05,1628.467,50.89,15.501,0.589,0.136,32,2,1,1,1,1,tp2pp1dp1etp1ep1,bfloat16,bfloat16,bfloat16,bfloat16,half,71.477,sglang,0.5.10,rtx_pro_6000_server,2,1,1,1,1,tp2pp1dp1etp1ep1,bfloat16,bfloat16,bfloat16,bfloat16,half,77.373,sglang,0.5.10,rtx_pro_6000_server,0.0,50.89
llama31_70b,rtx_pro_6000_server,SILICON,meta-llama/Meta-Llama-3.1-70B,4096,1024,0,22,0.396,1,1,1,22,22,1,3561.653,49.975,54686.078,0.396,0.049,405.094,50.637,20.01,0.505,0.43,8,4,1,1,1,1,tp4pp1dp1etp1ep1,bfloat16,bfloat16,bfloat16,bfloat16,half,38.216,sglang,0.5.10,rtx_pro_6000_server,4,1,1,1,1,tp4pp1dp1etp1ep1,bfloat16,bfloat16,bfloat16,bfloat16,half,46.131,sglang,0.5.10,rtx_pro_6000_server,0.0,50.637
llama31_70b,rtx_pro_6000_server,SILICON,meta-llama/Meta-Llama-3.1-70B,4096,1024,0,28,0.446,1,1,1,28,28,1,3635.318,39.692,44240.234,0.446,0.028,456.192,28.512,25.194,0.495,0.69,16,8,1,1,1,1,tp8pp1dp1etp1ep1,bfloat16,bfloat16,bfloat16,bfloat16,half,21.633,sglang,0.5.10,rtx_pro_6000_server,8,1,1,1,1,tp8pp1dp1etp1ep1,bfloat16,bfloat16,bfloat16,bfloat16,half,26.579,sglang,0.5.10,rtx_pro_6000_server,0.0,28.512
llama31_70b,rtx_pro_6000_server,SILICON,meta-llama/Meta-Llama-3.1-70B,4096,1024,0,16,0.423,1,1,1,16,16,1,3635.318,34.003,38420.387,0.423,0.026,433.357,27.085,29.409,0.495,0.46,16,8,1,1,1,1,tp8pp1dp1etp1ep1,bfloat16,bfloat16,bfloat16,bfloat16,half,21.633,sglang,0.5.10,rtx_pro_6000_server,8,1,1,1,1,tp8pp1dp1etp1ep1,bfloat16,bfloat16,bfloat16,bfloat16,half,24.236,sglang,0.5.10,rtx_pro_6000_server,0.0,27.085
llama31_70b,rtx_pro_6000_server,SILICON,meta-llama/Meta-Llama-3.1-70B,4096,1024,0,10,0.303,1,1,1,10,10,1,3635.318,29.715,34033.763,0.303,0.019,309.944,19.372,33.653,0.495,0.329,16,8,1,1,1,1,tp8pp1dp1etp1ep1,bfloat16,bfloat16,bfloat16,bfloat16,half,21.633,sglang,0.5.10,rtx_pro_6000_server,8,1,1,1,1,tp8pp1dp1etp1ep1,bfloat16,bfloat16,bfloat16,bfloat16,half,23.064,sglang,0.5.10,rtx_pro_6000_server,0.0,19.372
llama31_70b,rtx_pro_6000_server,SILICON,meta-llama/Meta-Llama-3.1-70B,4096,1024,0,3,0.108,1,1,1,1,1,3,3635.318,24.762,28966.844,0.108,0.003,110.223,3.444,40.385,0.495,0.039,32,8,1,1,1,1,tp8pp1dp1etp1ep1,bfloat16,bfloat16,bfloat16,bfloat16,half,21.633,sglang,0.5.10,rtx_pro_6000_server,8,1,1,1,1,tp8pp1dp1etp1ep1,bfloat16,bfloat16,bfloat16,bfloat16,half,21.306,sglang,0.5.10,rtx_pro_6000_server,0.0,3.444
llama31_70b,rtx_pro_6000_server,EMPIRICAL,meta-llama/Meta-Llama-3.1-70B,4096,1024,0,432,4.529,1,1,5,144,144,3,1665.837,85.763,89401.386,4.529,0.142,4637.86,144.933,11.66,1.081,1.641,32,4,1,1,1,1,tp4pp1dp1etp1ep1,bfloat16,bfloat16,bfloat16,bfloat16,half,38.216,sglang,0.5.10,rtx_pro_6000_server,4,1,1,1,1,tp4pp1dp1etp1ep1,bfloat16,bfloat16,bfloat16,bfloat16,half,93.787,sglang,0.5.10,rtx_pro_6000_server,0.0,144.933
llama31_70b,rtx_pro_6000_server,EMPIRICAL,meta-llama/Meta-Llama-3.1-70B,4096,1024,0,408,4.449,1,1,5,136,136,3,1665.837,82.496,86059.245,4.449,0.139,4555.899,142.372,12.122,1.081,1.612,32,4,1,1,1,1,tp4pp1dp1etp1ep1,bfloat16,bfloat16,bfloat16,bfloat16,half,38.216,sglang,0.5.10,rtx_pro_6000_server,4,1,1,1,1,tp4pp1dp1etp1ep1,bfloat16,bfloat16,bfloat16,bfloat16,half,90.662,sglang,0.5.10,rtx_pro_6000_server,0.0,142.372
llama31_70b,rtx_pro_6000_server,EMPIRICAL,meta-llama/Meta-Llama-3.1-70B,4096,1024,0,384,4.358,1,1,5,128,128,3,1665.837,79.229,82717.104,4.358,0.136,4462.633,139.457,12.622,1.081,1.579,32,4,1,1,1,1,tp4pp1dp1etp1ep1,bfloat16,bfloat16,bfloat16,bfloat16,half,38.216,sglang,0.5.10,rtx_pro_6000_server,4,1,1,1,1,tp4pp1dp1etp1ep1,bfloat16,bfloat16,bfloat16,bfloat16,half,87.537,sglang,0.5.10,rtx_pro_6000_server,0.0,139.457
llama31_70b,rtx_pro_6000_server,EMPIRICAL,meta-llama/Meta-Llama-3.1-70B,4096,1024,0,348,4.212,1,1,5,116,116,3,1665.837,74.329,77704.404,4.212,0.132,4312.842,134.776,13.454,1.081,1.526,32,4,1,1,1,1,tp4pp1dp1etp1ep1,bfloat16,bfloat16,bfloat16,bfloat16,half,38.216,sglang,0.5.10,rtx_pro_6000_server,4,1,1,1,1,tp4pp1dp1etp1ep1,bfloat16,bfloat16,bfloat16,bfloat16,half,82.85,sglang,0.5.10,rtx_pro_6000_server,0.0,134.776
llama31_70b,rtx_pro_6000_server,EMPIRICAL,meta-llama/Meta-Llama-3.1-70B,4096,1024,0,312,4.041,1,1,5,104,104,3,1665.837,69.429,72691.704,4.041,0.126,4137.615,129.3,14.403,1.081,1.464,32,4,1,1,1,1,tp4pp1dp1etp1ep1,bfloat16,bfloat16,bfloat16,bfloat16,half,38.216,sglang,0.5.10,rtx_pro_6000_server,4,1,1,1,1,tp4pp1dp1etp1ep1,bfloat16,bfloat16,bfloat16,bfloat16,half,78.162,sglang,0.5.10,rtx_pro_6000_server,0.0,129.3
llama31_70b,rtx_pro_6000_server,EMPIRICAL,meta-llama/Meta-Llama-3.1-70B,4096,1024,0,56,0.973,1,1,1,56,56,1,1665.837,49.828,52639.881,0.973,0.122,996.25,124.531,20.069,1.081,1.099,8,4,1,1,1,1,tp4pp1dp1etp1ep1,bfloat16,bfloat16,bfloat16,bfloat16,half,38.216,sglang,0.5.10,rtx_pro_6000_server,4,1,1,1,1,tp4pp1dp1etp1ep1,bfloat16,bfloat16,bfloat16,bfloat16,half,59.412,sglang,0.5.10,rtx_pro_6000_server,0.0,124.531
llama31_70b,rtx_pro_6000_server,EMPIRICAL,meta-llama/Meta-Llama-3.1-70B,4096,1024,0,44,0.88,1,1,1,44,44,1,1665.837,44.928,47627.181,0.88,0.11,901.571,112.696,22.258,1.081,0.957,8,4,1,1,1,1,tp4pp1dp1etp1ep1,bfloat16,bfloat16,bfloat16,bfloat16,half,38.216,sglang,0.5.10,rtx_pro_6000_server,4,1,1,1,1,tp4pp1dp1etp1ep1,bfloat16,bfloat16,bfloat16,bfloat16,half,54.725,sglang,0.5.10,rtx_pro_6000_server,0.0,112.696
llama31_70b,rtx_pro_6000_server,EMPIRICAL,meta-llama/Meta-Llama-3.1-70B,4096,1024,0,150,2.919,1,1,3,30,30,5,1665.837,39.211,41778.69,2.919,0.091,2988.749,93.398,25.503,1.081,0.748,32,4,1,1,1,1,tp4pp1dp1etp1ep1,bfloat16,bfloat16,bfloat16,bfloat16,half,38.216,sglang,0.5.10,rtx_pro_6000_server,4,1,1,1,1,tp4pp1dp1etp1ep1,bfloat16,bfloat16,bfloat16,bfloat16,half,49.256,sglang,0.5.10,rtx_pro_6000_server,0.0,93.398
llama31_70b,rtx_pro_6000_server,EMPIRICAL,meta-llama/Meta-Llama-3.1-70B,4096,1024,0,36,1.157,1,1,1,36,36,1,1399.21,23.999,25950.187,1.157,0.072,1185.178,74.074,41.669,1.286,1.466,16,8,1,1,1,1,tp8pp1dp1etp1ep1,bfloat16,bfloat16,bfloat16,bfloat16,half,21.633,sglang,0.5.10,rtx_pro_6000_server,8,1,1,1,1,tp8pp1dp1etp1ep1,bfloat16,bfloat16,bfloat16,bfloat16,half,28.142,sglang,0.5.10,rtx_pro_6000_server,0.0,74.074
llama31_70b,rtx_pro_6000_server,EMPIRICAL,meta-llama/Meta-Llama-3.1-70B,4096,1024,0,20,0.923,1,1,1,20,20,1,1399.21,19.497,21344.641,0.923,0.058,944.906,59.057,51.289,1.286,1.003,16,8,1,1,1,1,tp8pp1dp1etp1ep1,bfloat16,bfloat16,bfloat16,bfloat16,half,21.633,sglang,0.5.10,rtx_pro_6000_server,8,1,1,1,1,tp8pp1dp1etp1ep1,bfloat16,bfloat16,bfloat16,bfloat16,half,25.017,sglang,0.5.10,rtx_pro_6000_server,0.0,59.057
llama31_70b,rtx_pro_6000_server,EMPIRICAL,meta-llama/Meta-Llama-3.1-70B,4096,1024,0,18,0.855,1,1,1,18,18,1,1399.21,18.935,20769.715,0.855,0.053,875.192,54.7,52.813,1.286,0.929,16,8,1,1,1,1,tp8pp1dp1etp1ep1,bfloat16,bfloat16,bfloat16,bfloat16,half,21.633,sglang,0.5.10,rtx_pro_6000_server,8,1,1,1,1,tp8pp1dp1etp1ep1,bfloat16,bfloat16,bfloat16,bfloat16,half,24.626,sglang,0.5.10,rtx_pro_6000_server,0.0,54.7
llama31_70b,rtx_pro_6000_server,EMPIRICAL,meta-llama/Meta-Llama-3.1-70B,4096,1024,0,21,1.157,1,1,1,7,7,3,1399.21,15.84,17603.53,1.157,0.036,1185.178,37.037,63.132,1.286,0.432,32,8,1,1,1,1,tp8pp1dp1etp1ep1,bfloat16,bfloat16,bfloat16,bfloat16,half,21.633,sglang,0.5.10,rtx_pro_6000_server,8,1,1,1,1,tp8pp1dp1etp1ep1,bfloat16,bfloat16,bfloat16,bfloat16,half,22.478,sglang,0.5.10,rtx_pro_6000_server,0.0,37.037
llama31_70b,rtx_pro_6000_server,EMPIRICAL,meta-llama/Meta-Llama-3.1-70B,4096,1024,0,12,0.72,1,1,1,4,4,3,1399.21,14.996,16740.118,0.72,0.023,737.649,23.052,66.685,1.286,0.261,32,8,1,1,1,1,tp8pp1dp1etp1ep1,bfloat16,bfloat16,bfloat16,bfloat16,half,21.633,sglang,0.5.10,rtx_pro_6000_server,8,1,1,1,1,tp8pp1dp1etp1ep1,bfloat16,bfloat16,bfloat16,bfloat16,half,21.892,sglang,0.5.10,rtx_pro_6000_server,0.0,23.052
llama31_70b,rtx_pro_6000_server,ANALYTICAL,meta-llama/Meta-Llama-3.1-70B,4096,1024,0,72,0.948,1,1,1,72,72,1,1709.483,68.042,71316.449,0.948,0.118,970.445,121.306,14.697,1.053,1.034,8,4,1,1,1,1,tp4pp1dp1etp1ep1,bfloat16,bfloat16,bfloat16,bfloat16,half,38.216,sglang,0.5.10,rtx_pro_6000_server,4,1,1,1,1,tp4pp1dp1etp1ep1,bfloat16,bfloat16,bfloat16,bfloat16,half,65.662,sglang,0.5.10,rtx_pro_6000_server,0.0,121.306
llama31_70b,rtx_pro_6000_server,ANALYTICAL,meta-llama/Meta-Llama-3.1-70B,4096,1024,0,64,0.903,1,1,1,64,64,1,1709.483,63.788,66964.607,0.903,0.113,924.18,115.523,15.677,1.053,0.981,8,4,1,1,1,1,tp4pp1dp1etp1ep1,bfloat16,bfloat16,bfloat16,bfloat16,half,38.216,sglang,0.5.10,rtx_pro_6000_server,4,1,1,1,1,tp4pp1dp1etp1ep1,bfloat16,bfloat16,bfloat16,bfloat16,half,62.537,sglang,0.5.10,rtx_pro_6000_server,0.0,115.523
llama31_70b,rtx_pro_6000_server,ANALYTICAL,meta-llama/Meta-Llama-3.1-70B,4096,1024,0,56,0.845,1,1,1,56,56,1,1709.483,59.534,62612.765,0.845,0.106,865.772,108.221,16.797,1.053,0.919,8,4,1,1,1,1,tp4pp1dp1etp1ep1,bfloat16,bfloat16,bfloat16,bfloat16,half,38.216,sglang,0.5.10,rtx_pro_6000_server,4,1,1,1,1,tp4pp1dp1etp1ep1,bfloat16,bfloat16,bfloat16,bfloat16,half,59.412,sglang,0.5.10,rtx_pro_6000_server,0.0,108.221
llama31_70b,rtx_pro_6000_server,ANALYTICAL,meta-llama/Meta-Llama-3.1-70B,4096,1024,0,44,0.744,1,1,1,44,44,1,1709.483,53.152,56083.979,0.744,0.093,762.143,95.268,18.814,1.053,0.809,8,4,1,1,1,1,tp4pp1dp1etp1ep1,bfloat16,bfloat16,bfloat16,bfloat16,half,38.216,sglang,0.5.10,rtx_pro_6000_server,4,1,1,1,1,tp4pp1dp1etp1ep1,bfloat16,bfloat16,bfloat16,bfloat16,half,54.725,sglang,0.5.10,rtx_pro_6000_server,0.0,95.268
llama31_70b,rtx_pro_6000_server,ANALYTICAL,meta-llama/Meta-Llama-3.1-70B,4096,1024,0,180,2.843,1,1,3,36,36,5,1709.483,48.898,51732.137,2.843,0.089,2911.334,90.979,20.451,1.053,0.72,32,4,1,1,1,1,tp4pp1dp1etp1ep1,bfloat16,bfloat16,bfloat16,bfloat16,half,38.216,sglang,0.5.10,rtx_pro_6000_server,4,1,1,1,1,tp4pp1dp1etp1ep1,bfloat16,bfloat16,bfloat16,bfloat16,half,51.6,sglang,0.5.10,rtx_pro_6000_server,0.0,90.979
llama31_70b,rtx_pro_6000_server,ANALYTICAL,meta-llama/Meta-Llama-3.1-70B,4096,1024,0,140,2.82,1,1,3,28,28,5,1709.483,44.644,47380.295,2.82,0.088,2887.475,90.234,22.4,1.053,0.613,32,4,1,1,1,1,tp4pp1dp1etp1ep1,bfloat16,bfloat16,bfloat16,bfloat16,half,38.216,sglang,0.5.10,rtx_pro_6000_server,4,1,1,1,1,tp4pp1dp1etp1ep1,bfloat16,bfloat16,bfloat16,bfloat16,half,48.475,sglang,0.5.10,rtx_pro_6000_server,0.0,90.234
llama31_70b,rtx_pro_6000_server,ANALYTICAL,meta-llama/Meta-Llama-3.1-70B,4096,1024,0,40,1.127,1,1,1,40,40,1,1438.067,29.879,32004.284,1.127,0.07,1153.843,72.115,33.468,1.252,1.309,16,8,1,1,1,1,tp8pp1dp1etp1ep1,bfloat16,bfloat16,bfloat16,bfloat16,half,21.633,sglang,0.5.10,rtx_pro_6000_server,8,1,1,1,1,tp8pp1dp1etp1ep1,bfloat16,bfloat16,bfloat16,bfloat16,half,28.923,sglang,0.5.10,rtx_pro_6000_server,0.0,72.115
llama31_70b,rtx_pro_6000_server,ANALYTICAL,meta-llama/Meta-Llama-3.1-70B,4096,1024,0,24,0.885,1,1,1,24,24,1,1438.067,24.389,26388.014,0.885,0.055,906.281,56.643,41.002,1.252,0.962,16,8,1,1,1,1,tp8pp1dp1etp1ep1,bfloat16,bfloat16,bfloat16,bfloat16,half,21.633,sglang,0.5.10,rtx_pro_6000_server,8,1,1,1,1,tp8pp1dp1etp1ep1,bfloat16,bfloat16,bfloat16,bfloat16,half,25.798,sglang,0.5.10,rtx_pro_6000_server,0.0,56.643
llama31_70b,rtx_pro_6000_server,ANALYTICAL,meta-llama/Meta-Llama-3.1-70B,4096,1024,0,24,1.127,1,1,1,8,8,3,1438.067,18.948,20821.871,1.127,0.035,1153.843,36.058,52.777,1.252,0.413,32,8,1,1,1,1,tp8pp1dp1etp1ep1,bfloat16,bfloat16,bfloat16,bfloat16,half,21.633,sglang,0.5.10,rtx_pro_6000_server,8,1,1,1,1,tp8pp1dp1etp1ep1,bfloat16,bfloat16,bfloat16,bfloat16,half,22.673,sglang,0.5.10,rtx_pro_6000_server,0.0,36.058
llama31_70b,rtx_pro_6000_server,ANALYTICAL,meta-llama/Meta-Llama-3.1-70B,4096,1024,0,15,0.751,1,1,1,5,5,3,1438.067,17.937,19787.618,0.751,0.023,768.737,24.023,55.751,1.252,0.272,32,8,1,1,1,1,tp8pp1dp1etp1ep1,bfloat16,bfloat16,bfloat16,bfloat16,half,21.633,sglang,0.5.10,rtx_pro_6000_server,8,1,1,1,1,tp8pp1dp1etp1ep1,bfloat16,bfloat16,bfloat16,bfloat16,half,22.087,sglang,0.5.10,rtx_pro_6000_server,0.0,24.023
llama31_70b,rtx_pro_6000_server,ANALYTICAL,meta-llama/Meta-Llama-3.1-70B,4096,1024,0,3,0.16,1,1,1,1,1,3,1438.067,16.842,18667.433,0.16,0.005,163.922,5.123,59.377,1.252,0.058,32,8,1,1,1,1,tp8pp1dp1etp1ep1,bfloat16,bfloat16,bfloat16,bfloat16,half,21.633,sglang,0.5.10,rtx_pro_6000_server,8,1,1,1,1,tp8pp1dp1etp1ep1,bfloat16,bfloat16,bfloat16,bfloat16,half,21.306,sglang,0.5.10,rtx_pro_6000_server,0.0,5.123
qwen3_32b,a100_sxm,SILICON,Qwen/Qwen3-32B,4096,1024,0,192,2.158,1,1,1,192,192,1,693.551,80.007,82540.712,2.158,0.27,2210.12,276.265,12.499,2.595,2.346,8,4,1,1,1,1,tp4pp1dp1etp1ep1,bfloat16,bfloat16,bfloat16,bfloat16,half,20.556,sglang,0.5.10,a100_sxm,4,1,1,1,1,tp4pp1dp1etp1ep1,bfloat16,bfloat16,bfloat16,bfloat16,half,79.94,sglang,0.5.10,a100_sxm,0.0,276.265
qwen3_32b,a100_sxm,SILICON,Qwen/Qwen3-32B,4096,1024,0,184,2.111,1,1,1,184,184,1,693.551,78.374,80870.153,2.111,0.264,2162.074,270.259,12.759,2.595,2.295,8,4,1,1,1,1,tp4pp1dp1etp1ep1,bfloat16,bfloat16,bfloat16,bfloat16,half,20.556,sglang,0.5.10,a100_sxm,4,1,1,1,1,tp4pp1dp1etp1ep1,bfloat16,bfloat16,bfloat16,bfloat16,half,77.44,sglang,0.5.10,a100_sxm,0.0,270.259
qwen3_32b,a100_sxm,SILICON,Qwen/Qwen3-32B,4096,1024,0,160,1.961,1,1,1,160,160,1,693.551,73.409,75790.958,1.961,0.245,2007.572,250.947,13.622,2.595,2.131,8,4,1,1,1,1,tp4pp1dp1etp1ep1,bfloat16,bfloat16,bfloat16,bfloat16,half,20.556,sglang,0.5.10,a100_sxm,4,1,1,1,1,tp4pp1dp1etp1ep1,bfloat16,bfloat16,bfloat16,bfloat16,half,69.94,sglang,0.5.10,a100_sxm,0.0,250.947
qwen3_32b,a100_sxm,SILICON,Qwen/Qwen3-32B,4096,1024,0,280,3.919,1,1,3,56,56,5,1223.071,64.285,66986.626,3.919,0.245,4013.261,250.829,15.556,1.472,0.852,16,2,1,1,1,1,tp2pp1dp1etp1ep1,bfloat16,bfloat16,bfloat16,bfloat16,half,36.157,sglang,0.5.10,a100_sxm,2,1,1,1,1,tp2pp1dp1etp1ep1,bfloat16,bfloat16,bfloat16,bfloat16,half,70.147,sglang,0.5.10,a100_sxm,0.0,250.829
qwen3_32b,a100_sxm,SILICON,Qwen/Qwen3-32B,4096,1024,0,120,1.822,1,1,1,120,120,1,693.551,59.234,61289.933,1.822,0.228,1865.318,233.165,16.882,2.595,1.98,8,4,1,1,1,1,tp4pp1dp1etp1ep1,bfloat16,bfloat16,bfloat16,bfloat16,half,20.556,sglang,0.5.10,a100_sxm,4,1,1,1,1,tp4pp1dp1etp1ep1,bfloat16,bfloat16,bfloat16,bfloat16,half,57.44,sglang,0.5.10,a100_sxm,0.0,233.165
qwen3_32b,a100_sxm,SILICON,Qwen/Qwen3-32B,4096,1024,0,400,7.006,1,1,3,80,80,5,693.551,48.881,50698.814,7.006,0.219,7174.656,224.208,20.458,2.595,1.6,32,4,1,1,1,1,tp4pp1dp1etp1ep1,bfloat16,bfloat16,bfloat16,bfloat16,half,20.556,sglang,0.5.10,a100_sxm,4,1,1,1,1,tp4pp1dp1etp1ep1,bfloat16,bfloat16,bfloat16,bfloat16,half,44.94,sglang,0.5.10,a100_sxm,0.0,224.208
qwen3_32b,a100_sxm,SILICON,Qwen/Qwen3-32B,4096,1024,0,320,6.606,1,1,3,64,64,5,693.551,43.57,45265.661,6.606,0.206,6764.134,211.379,22.952,2.595,1.436,32,4,1,1,1,1,tp4pp1dp1etp1ep1,bfloat16,bfloat16,bfloat16,bfloat16,half,20.556,sglang,0.5.10,a100_sxm,4,1,1,1,1,tp4pp1dp1etp1ep1,bfloat16,bfloat16,bfloat16,bfloat16,half,39.94,sglang,0.5.10,a100_sxm,0.0,211.379
qwen3_32b,a100_sxm,SILICON,Qwen/Qwen3-32B,4096,1024,0,128,2.809,1,1,1,128,128,1,456.709,40.983,42382.318,2.809,0.176,2876.17,179.761,24.4,3.941,3.053,16,8,1,1,1,1,tp8pp1dp1etp1ep1,bfloat16,bfloat16,bfloat16,bfloat16,half,12.803,sglang,0.5.10,a100_sxm,8,1,1,1,1,tp8pp1dp1etp1ep1,bfloat16,bfloat16,bfloat16,bfloat16,half,32.312,sglang,0.5.10,a100_sxm,0.0,179.761
qwen3_32b,a100_sxm,SILICON,Qwen/Qwen3-32B,4096,1024,0,120,2.753,1,1,1,120,120,1,456.709,39.211,40569.562,2.753,0.172,2818.703,176.169,25.503,3.941,2.992,16,8,1,1,1,1,tp8pp1dp1etp1ep1,bfloat16,bfloat16,bfloat16,bfloat16,half,12.803,sglang,0.5.10,a100_sxm,8,1,1,1,1,tp8pp1dp1etp1ep1,bfloat16,bfloat16,bfloat16,bfloat16,half,31.062,sglang,0.5.10,a100_sxm,0.0,176.169
qwen3_32b,a100_sxm,SILICON,Qwen/Qwen3-32B,4096,1024,0,100,2.575,1,1,1,100,100,1,456.709,34.92,36179.869,2.575,0.161,2636.882,164.805,28.637,3.941,2.799,16,8,1,1,1,1,tp8pp1dp1etp1ep1,bfloat16,bfloat16,bfloat16,bfloat16,half,12.803,sglang,0.5.10,a100_sxm,8,1,1,1,1,tp8pp1dp1etp1ep1,bfloat16,bfloat16,bfloat16,bfloat16,half,27.937,sglang,0.5.10,a100_sxm,0.0,164.805
qwen3_32b,a100_sxm,SILICON,Qwen/Qwen3-32B,4096,1024,0,66,2.336,1,1,1,22,22,3,693.551,24.377,25631.222,2.336,0.146,2391.552,149.472,41.022,2.595,0.882,16,4,1,1,1,1,tp4pp1dp1etp1ep1,bfloat16,bfloat16,bfloat16,bfloat16,half,20.556,sglang,0.5.10,a100_sxm,4,1,1,1,1,tp4pp1dp1etp1ep1,bfloat16,bfloat16,bfloat16,bfloat16,half,26.815,sglang,0.5.10,a100_sxm,0.0,149.472
qwen3_32b,a100_sxm,SILICON,Qwen/Qwen3-32B,4096,1024,0,66,3.547,1,1,1,22,22,3,456.709,14.975,15776.134,3.547,0.111,3632.026,113.501,66.777,3.941,1.436,32,8,1,1,1,1,tp8pp1dp1etp1ep1,bfloat16,bfloat16,bfloat16,bfloat16,half,12.803,sglang,0.5.10,a100_sxm,8,1,1,1,1,tp8pp1dp1etp1ep1,bfloat16,bfloat16,bfloat16,bfloat16,half,15.749,sglang,0.5.10,a100_sxm,0.0,113.501
qwen3_32b,a100_sxm,SILICON,Qwen/Qwen3-32B,4096,1024,0,48,3.18,1,1,1,16,16,3,456.709,13.574,14342.911,3.18,0.099,3255.828,101.745,73.671,3.941,1.152,32,8,1,1,1,1,tp8pp1dp1etp1ep1,bfloat16,bfloat16,bfloat16,bfloat16,half,12.803,sglang,0.5.10,a100_sxm,8,1,1,1,1,tp8pp1dp1etp1ep1,bfloat16,bfloat16,bfloat16,bfloat16,half,14.812,sglang,0.5.10,a100_sxm,0.0,101.745
qwen3_32b,a100_sxm,SILICON,Qwen/Qwen3-32B,4096,1024,0,39,2.724,1,1,1,13,13,3,456.709,12.879,13631.926,2.724,0.085,2789.499,87.172,77.647,3.941,0.987,32,8,1,1,1,1,tp8pp1dp1etp1ep1,bfloat16,bfloat16,bfloat16,bfloat16,half,12.803,sglang,0.5.10,a100_sxm,8,1,1,1,1,tp8pp1dp1etp1ep1,bfloat16,bfloat16,bfloat16,bfloat16,half,14.343,sglang,0.5.10,a100_sxm,0.0,87.172
qwen3_32b,a100_sxm,SILICON,Qwen/Qwen3-32B,4096,1024,0,27,2.029,1,1,1,9,9,3,456.709,11.971,12703.042,2.029,0.063,2077.286,64.915,83.537,3.941,0.735,32,8,1,1,1,1,tp8pp1dp1etp1ep1,bfloat16,bfloat16,bfloat16,bfloat16,half,12.803,sglang,0.5.10,a100_sxm,8,1,1,1,1,tp8pp1dp1etp1ep1,bfloat16,bfloat16,bfloat16,bfloat16,half,13.718,sglang,0.5.10,a100_sxm,0.0,64.915
qwen3_32b,a100_sxm,SILICON,Qwen/Qwen3-32B,4096,1024,0,12,0.988,1,1,1,4,4,3,456.709,10.915,11622.754,0.988,0.031,1011.794,31.619,91.615,3.941,0.358,32,8,1,1,1,1,tp8pp1dp1etp1ep1,bfloat16,bfloat16,bfloat16,bfloat16,half,12.803,sglang,0.5.10,a100_sxm,8,1,1,1,1,tp8pp1dp1etp1ep1,bfloat16,bfloat16,bfloat16,bfloat16,half,12.937,sglang,0.5.10,a100_sxm,0.0,31.619
qwen3_32b,a100_sxm,EMPIRICAL,Qwen/Qwen3-32B,4096,1024,0,84,2.435,1,1,1,84,84,1,665.422,29.476,30819.37,2.435,0.304,2492.928,311.616,33.926,2.705,2.786,8,4,1,1,1,1,tp4pp1dp1etp1ep1,bfloat16,bfloat16,bfloat16,bfloat16,half,20.556,sglang,0.5.10,a100_sxm,4,1,1,1,1,tp4pp1dp1etp1ep1,bfloat16,bfloat16,bfloat16,bfloat16,half,46.19,sglang,0.5.10,a100_sxm,0.0,311.616
qwen3_32b,a100_sxm,EMPIRICAL,Qwen/Qwen3-32B,4096,1024,0,60,2.225,1,1,1,60,60,1,665.422,24.258,25481.356,2.225,0.278,2277.949,284.744,41.224,2.705,2.418,8,4,1,1,1,1,tp4pp1dp1etp1ep1,bfloat16,bfloat16,bfloat16,bfloat16,half,20.556,sglang,0.5.10,a100_sxm,4,1,1,1,1,tp4pp1dp1etp1ep1,bfloat16,bfloat16,bfloat16,bfloat16,half,38.69,sglang,0.5.10,a100_sxm,0.0,284.744
qwen3_32b,a100_sxm,EMPIRICAL,Qwen/Qwen3-32B,4096,1024,0,60,4.117,1,1,1,60,60,1,393.489,12.955,13646.454,4.117,0.257,4215.398,263.462,77.191,4.574,4.527,16,8,1,1,1,1,tp8pp1dp1etp1ep1,bfloat16,bfloat16,bfloat16,bfloat16,half,12.803,sglang,0.5.10,a100_sxm,8,1,1,1,1,tp8pp1dp1etp1ep1,bfloat16,bfloat16,bfloat16,bfloat16,half,21.687,sglang,0.5.10,a100_sxm,0.0,263.462
qwen3_32b,a100_sxm,EMPIRICAL,Qwen/Qwen3-32B,4096,1024,0,48,3.738,1,1,1,48,48,1,393.489,11.548,12207.093,3.738,0.234,3827.671,239.229,86.597,4.574,4.063,16,8,1,1,1,1,tp8pp1dp1etp1ep1,bfloat16,bfloat16,bfloat16,bfloat16,half,12.803,sglang,0.5.10,a100_sxm,8,1,1,1,1,tp8pp1dp1etp1ep1,bfloat16,bfloat16,bfloat16,bfloat16,half,19.812,sglang,0.5.10,a100_sxm,0.0,239.229
qwen3_32b,a100_sxm,EMPIRICAL,Qwen/Qwen3-32B,4096,1024,0,40,3.39,1,1,1,40,40,1,393.489,10.61,11247.519,3.39,0.212,3471.565,216.973,94.254,4.574,3.685,16,8,1,1,1,1,tp8pp1dp1etp1ep1,bfloat16,bfloat16,bfloat16,bfloat16,half,12.803,sglang,0.5.10,a100_sxm,8,1,1,1,1,tp8pp1dp1etp1ep1,bfloat16,bfloat16,bfloat16,bfloat16,half,18.562,sglang,0.5.10,a100_sxm,0.0,216.973
qwen3_32b,a100_sxm,EMPIRICAL,Qwen/Qwen3-32B,4096,1024,0,32,2.975,1,1,1,32,32,1,393.489,9.672,10287.945,2.975,0.186,3046.687,190.418,103.396,4.574,3.234,16,8,1,1,1,1,tp8pp1dp1etp1ep1,bfloat16,bfloat16,bfloat16,bfloat16,half,12.803,sglang,0.5.10,a100_sxm,8,1,1,1,1,tp8pp1dp1etp1ep1,bfloat16,bfloat16,bfloat16,bfloat16,half,17.312,sglang,0.5.10,a100_sxm,0.0,190.418
qwen3_32b,a100_sxm,EMPIRICAL,Qwen/Qwen3-32B,4096,1024,0,52,4.117,1,1,1,26,26,2,393.489,8.968,9567.753,4.117,0.172,4215.398,175.642,111.507,4.574,2.834,24,8,1,1,1,1,tp8pp1dp1etp1ep1,bfloat16,bfloat16,bfloat16,bfloat16,half,12.803,sglang,0.5.10,a100_sxm,8,1,1,1,1,tp8pp1dp1etp1ep1,bfloat16,bfloat16,bfloat16,bfloat16,half,16.374,sglang,0.5.10,a100_sxm,0.0,131.73149999999998
qwen3_32b,a100_sxm,EMPIRICAL,Qwen/Qwen3-32B,4096,1024,0,32,3.691,1,1,1,16,16,2,393.489,7.795,8367.774,3.691,0.154,3779.625,157.484,128.28,4.574,2.006,24,8,1,1,1,1,tp8pp1dp1etp1ep1,bfloat16,bfloat16,bfloat16,bfloat16,half,12.803,sglang,0.5.10,a100_sxm,8,1,1,1,1,tp8pp1dp1etp1ep1,bfloat16,bfloat16,bfloat16,bfloat16,half,14.812,sglang,0.5.10,a100_sxm,0.0,118.113
qwen3_32b,a100_sxm,EMPIRICAL,Qwen/Qwen3-32B,4096,1024,0,27,3.48,1,1,1,9,9,3,393.489,6.975,7528.914,3.48,0.109,3563.889,111.372,143.377,4.574,1.261,32,8,1,1,1,1,tp8pp1dp1etp1ep1,bfloat16,bfloat16,bfloat16,bfloat16,half,12.803,sglang,0.5.10,a100_sxm,8,1,1,1,1,tp8pp1dp1etp1ep1,bfloat16,bfloat16,bfloat16,bfloat16,half,13.718,sglang,0.5.10,a100_sxm,0.0,111.372
qwen3_32b,a100_sxm,ANALYTICAL,Qwen/Qwen3-32B,4096,1024,0,184,2.373,1,1,1,184,184,1,682.623,69.502,71783.169,2.373,0.297,2430.259,303.782,14.388,2.637,2.588,8,4,1,1,1,1,tp4pp1dp1etp1ep1,bfloat16,bfloat16,bfloat16,bfloat16,half,20.556,sglang,0.5.10,a100_sxm,4,1,1,1,1,tp4pp1dp1etp1ep1,bfloat16,bfloat16,bfloat16,bfloat16,half,77.44,sglang,0.5.10,a100_sxm,0.0,303.782
qwen3_32b,a100_sxm,ANALYTICAL,Qwen/Qwen3-32B,4096,1024,0,168,2.339,1,1,1,168,168,1,682.623,64.592,66760.239,2.339,0.292,2394.767,299.346,15.482,2.637,2.542,8,4,1,1,1,1,tp4pp1dp1etp1ep1,bfloat16,bfloat16,bfloat16,bfloat16,half,20.556,sglang,0.5.10,a100_sxm,4,1,1,1,1,tp4pp1dp1etp1ep1,bfloat16,bfloat16,bfloat16,bfloat16,half,72.44,sglang,0.5.10,a100_sxm,0.0,299.346
qwen3_32b,a100_sxm,ANALYTICAL,Qwen/Qwen3-32B,4096,1024,0,152,2.291,1,1,1,152,152,1,682.623,59.683,61738.332,2.291,0.286,2345.779,293.222,16.755,2.637,2.49,8,4,1,1,1,1,tp4pp1dp1etp1ep1,bfloat16,bfloat16,bfloat16,bfloat16,half,20.556,sglang,0.5.10,a100_sxm,4,1,1,1,1,tp4pp1dp1etp1ep1,bfloat16,bfloat16,bfloat16,bfloat16,half,67.44,sglang,0.5.10,a100_sxm,0.0,293.222
qwen3_32b,a100_sxm,ANALYTICAL,Qwen/Qwen3-32B,4096,1024,0,120,2.164,1,1,1,120,120,1,682.623,49.865,51694.518,2.164,0.27,2215.772,276.972,20.054,2.637,2.352,8,4,1,1,1,1,tp4pp1dp1etp1ep1,bfloat16,bfloat16,bfloat16,bfloat16,half,20.556,sglang,0.5.10,a100_sxm,4,1,1,1,1,tp4pp1dp1etp1ep1,bfloat16,bfloat16,bfloat16,bfloat16,half,57.44,sglang,0.5.10,a100_sxm,0.0,276.972
qwen3_32b,a100_sxm,ANALYTICAL,Qwen/Qwen3-32B,4096,1024,0,104,2.08,1,1,1,104,104,1,682.623,44.955,46671.588,2.08,0.26,2130.043,266.255,22.244,2.637,2.261,8,4,1,1,1,1,tp4pp1dp1etp1ep1,bfloat16,bfloat16,bfloat16,bfloat16,half,20.556,sglang,0.5.10,a100_sxm,4,1,1,1,1,tp4pp1dp1etp1ep1,bfloat16,bfloat16,bfloat16,bfloat16,half,52.44,sglang,0.5.10,a100_sxm,0.0,266.255
qwen3_32b,a100_sxm,ANALYTICAL,Qwen/Qwen3-32B,4096,1024,0,136,3.95,1,1,1,136,136,1,410.162,29.577,30667.433,3.95,0.247,4044.902,252.806,33.81,4.389,4.495,16,8,1,1,1,1,tp8pp1dp1etp1ep1,bfloat16,bfloat16,bfloat16,bfloat16,half,12.803,sglang,0.5.10,a100_sxm,8,1,1,1,1,tp8pp1dp1etp1ep1,bfloat16,bfloat16,bfloat16,bfloat16,half,33.562,sglang,0.5.10,a100_sxm,0.0,252.806
qwen3_32b,a100_sxm,ANALYTICAL,Qwen/Qwen3-32B,4096,1024,0,104,3.835,1,1,1,104,104,1,410.162,24.393,25364.201,3.835,0.24,3926.589,245.412,40.995,4.389,4.168,16,8,1,1,1,1,tp8pp1dp1etp1ep1,bfloat16,bfloat16,bfloat16,bfloat16,half,12.803,sglang,0.5.10,a100_sxm,8,1,1,1,1,tp8pp1dp1etp1ep1,bfloat16,bfloat16,bfloat16,bfloat16,half,28.562,sglang,0.5.10,a100_sxm,0.0,245.412
qwen3_32b,a100_sxm,ANALYTICAL,Qwen/Qwen3-32B,4096,1024,0,76,3.442,1,1,1,76,76,1,410.162,19.857,20723.873,3.442,0.215,3524.321,220.27,50.36,4.389,3.741,16,8,1,1,1,1,tp8pp1dp1etp1ep1,bfloat16,bfloat16,bfloat16,bfloat16,half,12.803,sglang,0.5.10,a100_sxm,8,1,1,1,1,tp8pp1dp1etp1ep1,bfloat16,bfloat16,bfloat16,bfloat16,half,24.187,sglang,0.5.10,a100_sxm,0.0,220.27
qwen3_32b,a100_sxm,ANALYTICAL,Qwen/Qwen3-32B,4096,1024,0,68,3.295,1,1,1,68,68,1,410.162,18.561,19398.065,3.295,0.206,3373.588,210.849,53.877,4.389,3.581,16,8,1,1,1,1,tp8pp1dp1etp1ep1,bfloat16,bfloat16,bfloat16,bfloat16,half,12.803,sglang,0.5.10,a100_sxm,8,1,1,1,1,tp8pp1dp1etp1ep1,bfloat16,bfloat16,bfloat16,bfloat16,half,22.937,sglang,0.5.10,a100_sxm,0.0,210.849
qwen3_32b,a100_sxm,ANALYTICAL,Qwen/Qwen3-32B,4096,1024,0,64,3.214,1,1,1,64,64,1,410.162,17.913,18735.161,3.214,0.201,3290.685,205.668,55.826,4.389,3.493,16,8,1,1,1,1,tp8pp1dp1etp1ep1,bfloat16,bfloat16,bfloat16,bfloat16,half,12.803,sglang,0.5.10,a100_sxm,8,1,1,1,1,tp8pp1dp1etp1ep1,bfloat16,bfloat16,bfloat16,bfloat16,half,22.312,sglang,0.5.10,a100_sxm,0.0,205.668
qwen3_32b,a100_sxm,ANALYTICAL,Qwen/Qwen3-32B,4096,1024,0,56,3.03,1,1,1,56,56,1,410.162,16.617,17409.353,3.03,0.189,3103.212,193.951,60.18,4.389,3.294,16,8,1,1,1,1,tp8pp1dp1etp1ep1,bfloat16,bfloat16,bfloat16,bfloat16,half,12.803,sglang,0.5.10,a100_sxm,8,1,1,1,1,tp8pp1dp1etp1ep1,bfloat16,bfloat16,bfloat16,bfloat16,half,21.062,sglang,0.5.10,a100_sxm,0.0,193.951
qwen3_32b,a100_sxm,ANALYTICAL,Qwen/Qwen3-32B,4096,1024,0,52,2.928,1,1,1,52,52,1,410.162,15.969,16746.449,2.928,0.183,2998.641,187.415,62.622,4.389,3.183,16,8,1,1,1,1,tp8pp1dp1etp1ep1,bfloat16,bfloat16,bfloat16,bfloat16,half,12.803,sglang,0.5.10,a100_sxm,8,1,1,1,1,tp8pp1dp1etp1ep1,bfloat16,bfloat16,bfloat16,bfloat16,half,20.437,sglang,0.5.10,a100_sxm,0.0,187.415
qwen3_32b,a100_sxm,ANALYTICAL,Qwen/Qwen3-32B,4096,1024,0,44,2.697,1,1,1,44,44,1,410.162,14.673,15420.641,2.697,0.169,2761.236,172.577,68.153,4.389,2.931,16,8,1,1,1,1,tp8pp1dp1etp1ep1,bfloat16,bfloat16,bfloat16,bfloat16,half,12.803,sglang,0.5.10,a100_sxm,8,1,1,1,1,tp8pp1dp1etp1ep1,bfloat16,bfloat16,bfloat16,bfloat16,half,19.187,sglang,0.5.10,a100_sxm,0.0,172.577
qwen3_32b,a100_sxm,ANALYTICAL,Qwen/Qwen3-32B,4096,1024,0,52,3.95,1,1,1,26,26,2,410.162,11.757,12437.573,3.95,0.165,4044.902,168.538,85.057,4.389,2.162,24,8,1,1,1,1,tp8pp1dp1etp1ep1,bfloat16,bfloat16,bfloat16,bfloat16,half,12.803,sglang,0.5.10,a100_sxm,8,1,1,1,1,tp8pp1dp1etp1ep1,bfloat16,bfloat16,bfloat16,bfloat16,half,16.374,sglang,0.5.10,a100_sxm,0.0,126.40350000000001
qwen3_32b,a100_sxm,ANALYTICAL,Qwen/Qwen3-32B,4096,1024,0,45,3.95,1,1,1,15,15,3,410.162,9.975,10614.587,3.95,0.123,4044.902,126.403,100.253,4.389,1.47,32,8,1,1,1,1,tp8pp1dp1etp1ep1,bfloat16,bfloat16,bfloat16,bfloat16,half,12.803,sglang,0.5.10,a100_sxm,8,1,1,1,1,tp8pp1dp1etp1ep1,bfloat16,bfloat16,bfloat16,bfloat16,half,14.656,sglang,0.5.10,a100_sxm,0.0,126.403
qwen3_32b,a100_sxm,ANALYTICAL,Qwen/Qwen3-32B,4096,1024,0,24,2.432,1,1,1,8,8,3,410.162,8.872,9486.218,2.432,0.076,2489.917,77.81,112.712,4.389,0.881,32,8,1,1,1,1,tp8pp1dp1etp1ep1,bfloat16,bfloat16,bfloat16,bfloat16,half,12.803,sglang,0.5.10,a100_sxm,8,1,1,1,1,tp8pp1dp1etp1ep1,bfloat16,bfloat16,bfloat16,bfloat16,half,13.562,sglang,0.5.10,a100_sxm,0.0,77.81
qwen3_32b,a100_sxm,ANALYTICAL,Qwen/Qwen3-32B,4096,1024,0,6,0.682,1,1,1,2,2,3,410.162,7.925,8517.437,0.682,0.021,698.081,21.815,126.187,4.389,0.247,32,8,1,1,1,1,tp8pp1dp1etp1ep1,bfloat16,bfloat16,bfloat16,bfloat16,half,12.803,sglang,0.5.10,a100_sxm,8,1,1,1,1,tp8pp1dp1etp1ep1,bfloat16,bfloat16,bfloat16,bfloat16,half,12.624,sglang,0.5.10,a100_sxm,0.0,21.815
qwen3_32b,h100_sxm,SILICON,Qwen/Qwen3-32B,4096,1024,0,340,9.991,1,1,3,68,68,5,458.807,30.603,31765.676,9.991,0.624,10230.989,639.437,32.676,3.923,2.172,16,2,1,1,1,1,tp2pp1dp1etp1ep1,bfloat16,bfloat16,bfloat16,bfloat16,half,36.157,sglang,0.5.10,h100_sxm,2,1,1,1,1,tp2pp1dp1etp1ep1,bfloat16,bfloat16,bfloat16,bfloat16,half,77.647,sglang,0.5.10,h100_sxm,0.0,639.437
qwen3_32b,h100_sxm,SILICON,Qwen/Qwen3-32B,4096,1024,0,160,4.916,1,1,1,160,160,1,265.361,29.264,30202.433,4.916,0.615,5034.476,629.309,34.171,6.783,5.344,8,4,1,1,1,1,tp4pp1dp1etp1ep1,bfloat16,bfloat16,bfloat16,bfloat16,half,20.556,sglang,0.5.10,h100_sxm,4,1,1,1,1,tp4pp1dp1etp1ep1,bfloat16,bfloat16,bfloat16,bfloat16,half,69.94,sglang,0.5.10,h100_sxm,0.0,629.309
qwen3_32b,h100_sxm,SILICON,Qwen/Qwen3-32B,4096,1024,0,256,9.255,1,1,1,256,256,1,175.048,24.396,25132.156,9.255,0.578,9476.813,592.301,40.99,10.283,10.257,16,8,1,1,1,1,tp8pp1dp1etp1ep1,bfloat16,bfloat16,bfloat16,bfloat16,half,12.803,sglang,0.5.10,h100_sxm,8,1,1,1,1,tp8pp1dp1etp1ep1,bfloat16,bfloat16,bfloat16,bfloat16,half,52.312,sglang,0.5.10,h100_sxm,0.0,592.301
qwen3_32b,h100_sxm,SILICON,Qwen/Qwen3-32B,4096,1024,0,420,18.314,1,1,3,84,84,5,265.361,19.737,20456.312,18.314,0.572,18753.638,586.051,50.667,6.783,4.16,32,4,1,1,1,1,tp4pp1dp1etp1ep1,bfloat16,bfloat16,bfloat16,bfloat16,half,20.556,sglang,0.5.10,h100_sxm,4,1,1,1,1,tp4pp1dp1etp1ep1,bfloat16,bfloat16,bfloat16,bfloat16,half,46.19,sglang,0.5.10,h100_sxm,0.0,586.051
qwen3_32b,h100_sxm,SILICON,Qwen/Qwen3-32B,4096,1024,0,380,18.165,1,1,3,76,76,5,265.361,18.811,19509.014,18.165,0.568,18601.37,581.293,53.16,6.783,3.949,32,4,1,1,1,1,tp4pp1dp1etp1ep1,bfloat16,bfloat16,bfloat16,bfloat16,half,20.556,sglang,0.5.10,h100_sxm,4,1,1,1,1,tp4pp1dp1etp1ep1,bfloat16,bfloat16,bfloat16,bfloat16,half,43.69,sglang,0.5.10,h100_sxm,0.0,581.293
qwen3_32b,h100_sxm,SILICON,Qwen/Qwen3-32B,4096,1024,0,340,17.025,1,1,3,68,68,5,265.361,17.962,18640.487,17.025,0.532,17433.19,544.787,55.673,6.783,3.701,32,4,1,1,1,1,tp4pp1dp1etp1ep1,bfloat16,bfloat16,bfloat16,bfloat16,half,20.556,sglang,0.5.10,h100_sxm,4,1,1,1,1,tp4pp1dp1etp1ep1,bfloat16,bfloat16,bfloat16,bfloat16,half,41.19,sglang,0.5.10,h100_sxm,0.0,544.787
qwen3_32b,h100_sxm,SILICON,Qwen/Qwen3-32B,4096,1024,0,152,7.748,1,1,1,152,152,1,175.048,17.643,18223.837,7.748,0.484,7934.198,495.887,56.681,10.283,8.422,16,8,1,1,1,1,tp8pp1dp1etp1ep1,bfloat16,bfloat16,bfloat16,bfloat16,half,12.803,sglang,0.5.10,h100_sxm,8,1,1,1,1,tp8pp1dp1etp1ep1,bfloat16,bfloat16,bfloat16,bfloat16,half,36.062,sglang,0.5.10,h100_sxm,0.0,495.887
qwen3_32b,h100_sxm,SILICON,Qwen/Qwen3-32B,4096,1024,0,136,7.449,1,1,1,136,136,1,175.048,16.419,16971.685,7.449,0.466,7628.022,476.751,60.904,10.283,8.097,16,8,1,1,1,1,tp8pp1dp1etp1ep1,bfloat16,bfloat16,bfloat16,bfloat16,half,12.803,sglang,0.5.10,h100_sxm,8,1,1,1,1,tp8pp1dp1etp1ep1,bfloat16,bfloat16,bfloat16,bfloat16,half,33.562,sglang,0.5.10,h100_sxm,0.0,476.751
qwen3_32b,h100_sxm,SILICON,Qwen/Qwen3-32B,4096,1024,0,128,7.381,1,1,1,128,128,1,175.048,15.596,16129.756,7.381,0.461,7558.308,472.394,64.118,10.283,8.023,16,8,1,1,1,1,tp8pp1dp1etp1ep1,bfloat16,bfloat16,bfloat16,bfloat16,half,12.803,sglang,0.5.10,h100_sxm,8,1,1,1,1,tp8pp1dp1etp1ep1,bfloat16,bfloat16,bfloat16,bfloat16,half,32.312,sglang,0.5.10,h100_sxm,0.0,472.394
qwen3_32b,h100_sxm,SILICON,Qwen/Qwen3-32B,4096,1024,0,116,7.033,1,1,1,116,116,1,175.048,14.832,15348.184,7.033,0.44,7202.202,450.138,67.422,10.283,7.645,16,8,1,1,1,1,tp8pp1dp1etp1ep1,bfloat16,bfloat16,bfloat16,bfloat16,half,12.803,sglang,0.5.10,h100_sxm,8,1,1,1,1,tp8pp1dp1etp1ep1,bfloat16,bfloat16,bfloat16,bfloat16,half,30.437,sglang,0.5.10,h100_sxm,0.0,450.138
qwen3_32b,h100_sxm,SILICON,Qwen/Qwen3-32B,4096,1024,0,100,6.442,1,1,1,100,100,1,175.048,13.96,14456.128,6.442,0.403,6596.444,412.278,71.633,10.283,7.002,16,8,1,1,1,1,tp8pp1dp1etp1ep1,bfloat16,bfloat16,bfloat16,bfloat16,half,12.803,sglang,0.5.10,h100_sxm,8,1,1,1,1,tp8pp1dp1etp1ep1,bfloat16,bfloat16,bfloat16,bfloat16,half,27.937,sglang,0.5.10,h100_sxm,0.0,412.278
qwen3_32b,h100_sxm,SILICON,Qwen/Qwen3-32B,4096,1024,0,96,6.105,1,1,1,32,32,3,265.361,13.513,14089.16,6.105,0.382,6251.213,390.701,74.006,6.783,2.315,16,4,1,1,1,1,tp4pp1dp1etp1ep1,bfloat16,bfloat16,bfloat16,bfloat16,half,20.556,sglang,0.5.10,h100_sxm,4,1,1,1,1,tp4pp1dp1etp1ep1,bfloat16,bfloat16,bfloat16,bfloat16,half,29.94,sglang,0.5.10,h100_sxm,0.0,390.701
qwen3_32b,h100_sxm,SILICON,Qwen/Qwen3-32B,4096,1024,0,84,5.859,1,1,1,28,28,3,265.361,12.892,13453.877,5.859,0.366,6000.108,375.007,77.568,6.783,2.123,16,4,1,1,1,1,tp4pp1dp1etp1ep1,bfloat16,bfloat16,bfloat16,bfloat16,half,20.556,sglang,0.5.10,h100_sxm,4,1,1,1,1,tp4pp1dp1etp1ep1,bfloat16,bfloat16,bfloat16,bfloat16,half,28.69,sglang,0.5.10,h100_sxm,0.0,375.007
qwen3_32b,h100_sxm,SILICON,Qwen/Qwen3-32B,4096,1024,0,66,4.951,1,1,1,22,22,3,265.361,11.987,12528.062,4.951,0.309,5070.275,316.892,83.422,6.783,1.794,16,4,1,1,1,1,tp4pp1dp1etp1ep1,bfloat16,bfloat16,bfloat16,bfloat16,half,20.556,sglang,0.5.10,h100_sxm,4,1,1,1,1,tp4pp1dp1etp1ep1,bfloat16,bfloat16,bfloat16,bfloat16,half,26.815,sglang,0.5.10,h100_sxm,0.0,316.892
qwen3_32b,h100_sxm,SILICON,Qwen/Qwen3-32B,4096,1024,0,128,9.255,1,1,1,64,64,2,175.048,11.649,12091.975,9.255,0.386,9476.813,394.867,85.847,10.283,5.371,24,8,1,1,1,1,tp8pp1dp1etp1ep1,bfloat16,bfloat16,bfloat16,bfloat16,half,12.803,sglang,0.5.10,h100_sxm,8,1,1,1,1,tp8pp1dp1etp1ep1,bfloat16,bfloat16,bfloat16,bfloat16,half,22.312,sglang,0.5.10,h100_sxm,0.0,296.15025
qwen3_32b,h100_sxm,SILICON,Qwen/Qwen3-32B,4096,1024,0,108,9.255,1,1,1,36,36,3,175.048,9.943,10346.737,9.255,0.289,9476.813,296.15,100.569,10.283,3.539,32,8,1,1,1,1,tp8pp1dp1etp1ep1,bfloat16,bfloat16,bfloat16,bfloat16,half,12.803,sglang,0.5.10,h100_sxm,8,1,1,1,1,tp8pp1dp1etp1ep1,bfloat16,bfloat16,bfloat16,bfloat16,half,17.937,sglang,0.5.10,h100_sxm,0.0,296.15
qwen3_32b,h100_sxm,SILICON,Qwen/Qwen3-32B,4096,1024,0,72,7.289,1,1,1,24,24,3,175.048,8.885,9264.403,7.289,0.228,7464.1,233.253,112.552,10.283,2.641,32,8,1,1,1,1,tp8pp1dp1etp1ep1,bfloat16,bfloat16,bfloat16,bfloat16,half,12.803,sglang,0.5.10,h100_sxm,8,1,1,1,1,tp8pp1dp1etp1ep1,bfloat16,bfloat16,bfloat16,bfloat16,half,16.062,sglang,0.5.10,h100_sxm,0.0,233.253
qwen3_32b,h100_sxm,SILICON,Qwen/Qwen3-32B,4096,1024,0,54,6.18,1,1,1,18,18,3,175.048,7.859,8214.805,6.18,0.193,6327.951,197.748,127.246,10.283,2.239,32,8,1,1,1,1,tp8pp1dp1etp1ep1,bfloat16,bfloat16,bfloat16,bfloat16,half,12.803,sglang,0.5.10,h100_sxm,8,1,1,1,1,tp8pp1dp1etp1ep1,bfloat16,bfloat16,bfloat16,bfloat16,half,15.124,sglang,0.5.10,h100_sxm,0.0,197.748
qwen3_32b,h100_sxm,SILICON,Qwen/Qwen3-32B,4096,1024,0,24,3.149,1,1,1,8,8,3,175.048,6.854,7186.69,3.149,0.098,3224.74,100.773,145.899,10.283,1.141,32,8,1,1,1,1,tp8pp1dp1etp1ep1,bfloat16,bfloat16,bfloat16,bfloat16,half,12.803,sglang,0.5.10,h100_sxm,8,1,1,1,1,tp8pp1dp1etp1ep1,bfloat16,bfloat16,bfloat16,bfloat16,half,13.562,sglang,0.5.10,h100_sxm,0.0,100.773
qwen3_32b,h100_sxm,EMPIRICAL,Qwen/Qwen3-32B,4096,1024,0,192,5.3,1,1,1,192,192,1,249.034,32.576,33574.282,5.3,0.663,5427.323,678.415,30.698,7.228,5.761,8,4,1,1,1,1,tp4pp1dp1etp1ep1,bfloat16,bfloat16,bfloat16,bfloat16,half,20.556,sglang,0.5.10,h100_sxm,4,1,1,1,1,tp4pp1dp1etp1ep1,bfloat16,bfloat16,bfloat16,bfloat16,half,79.94,sglang,0.5.10,h100_sxm,0.0,678.415
qwen3_32b,h100_sxm,EMPIRICAL,Qwen/Qwen3-32B,4096,1024,0,168,5.141,1,1,1,168,168,1,249.034,29.388,30312.958,5.141,0.643,5264.343,658.043,34.028,7.228,5.588,8,4,1,1,1,1,tp4pp1dp1etp1ep1,bfloat16,bfloat16,bfloat16,bfloat16,half,20.556,sglang,0.5.10,h100_sxm,4,1,1,1,1,tp4pp1dp1etp1ep1,bfloat16,bfloat16,bfloat16,bfloat16,half,72.44,sglang,0.5.10,h100_sxm,0.0,658.043
qwen3_32b,h100_sxm,EMPIRICAL,Qwen/Qwen3-32B,4096,1024,0,208,9.8,1,1,1,208,208,1,165.307,18.818,19416.121,9.8,0.613,10035.302,627.206,53.14,10.889,10.805,16,8,1,1,1,1,tp8pp1dp1etp1ep1,bfloat16,bfloat16,bfloat16,bfloat16,half,12.803,sglang,0.5.10,h100_sxm,8,1,1,1,1,tp8pp1dp1etp1ep1,bfloat16,bfloat16,bfloat16,bfloat16,half,44.812,sglang,0.5.10,h100_sxm,0.0,627.206
qwen3_32b,h100_sxm,EMPIRICAL,Qwen/Qwen3-32B,4096,1024,0,192,9.774,1,1,1,192,192,1,165.307,17.666,18237.625,9.774,0.611,10008.658,625.541,56.604,10.889,10.624,16,8,1,1,1,1,tp8pp1dp1etp1ep1,bfloat16,bfloat16,bfloat16,bfloat16,half,12.803,sglang,0.5.10,h100_sxm,8,1,1,1,1,tp8pp1dp1etp1ep1,bfloat16,bfloat16,bfloat16,bfloat16,half,42.312,sglang,0.5.10,h100_sxm,0.0,625.541
qwen3_32b,h100_sxm,EMPIRICAL,Qwen/Qwen3-32B,4096,1024,0,360,19.463,1,1,3,72,72,5,249.034,16.635,17266.639,19.463,0.608,19929.702,622.803,60.116,7.228,4.231,32,4,1,1,1,1,tp4pp1dp1etp1ep1,bfloat16,bfloat16,bfloat16,bfloat16,half,20.556,sglang,0.5.10,h100_sxm,4,1,1,1,1,tp4pp1dp1etp1ep1,bfloat16,bfloat16,bfloat16,bfloat16,half,42.44,sglang,0.5.10,h100_sxm,0.0,622.803
qwen3_32b,h100_sxm,EMPIRICAL,Qwen/Qwen3-32B,4096,1024,0,176,9.584,1,1,1,176,176,1,165.307,16.515,17060.152,9.584,0.599,9813.647,613.353,60.551,10.889,10.417,16,8,1,1,1,1,tp8pp1dp1etp1ep1,bfloat16,bfloat16,bfloat16,bfloat16,half,12.803,sglang,0.5.10,h100_sxm,8,1,1,1,1,tp8pp1dp1etp1ep1,bfloat16,bfloat16,bfloat16,bfloat16,half,39.812,sglang,0.5.10,h100_sxm,0.0,613.353
qwen3_32b,h100_sxm,EMPIRICAL,Qwen/Qwen3-32B,4096,1024,0,168,9.479,1,1,1,168,168,1,165.307,15.939,16470.904,9.479,0.592,9706.25,606.641,62.739,10.889,10.303,16,8,1,1,1,1,tp8pp1dp1etp1ep1,bfloat16,bfloat16,bfloat16,bfloat16,half,12.803,sglang,0.5.10,h100_sxm,8,1,1,1,1,tp8pp1dp1etp1ep1,bfloat16,bfloat16,bfloat16,bfloat16,half,38.562,sglang,0.5.10,h100_sxm,0.0,606.641
qwen3_32b,h100_sxm,EMPIRICAL,Qwen/Qwen3-32B,4096,1024,0,152,9.244,1,1,1,152,152,1,165.307,14.788,15293.431,9.244,0.578,9466.02,591.626,67.624,10.889,10.048,16,8,1,1,1,1,tp8pp1dp1etp1ep1,bfloat16,bfloat16,bfloat16,bfloat16,half,12.803,sglang,0.5.10,h100_sxm,8,1,1,1,1,tp8pp1dp1etp1ep1,bfloat16,bfloat16,bfloat16,bfloat16,half,36.062,sglang,0.5.10,h100_sxm,0.0,591.626
qwen3_32b,h100_sxm,EMPIRICAL,Qwen/Qwen3-32B,4096,1024,0,136,8.969,1,1,1,136,136,1,165.307,13.636,14114.935,8.969,0.561,9184.338,574.021,73.335,10.889,9.749,16,8,1,1,1,1,tp8pp1dp1etp1ep1,bfloat16,bfloat16,bfloat16,bfloat16,half,12.803,sglang,0.5.10,h100_sxm,8,1,1,1,1,tp8pp1dp1etp1ep1,bfloat16,bfloat16,bfloat16,bfloat16,half,33.562,sglang,0.5.10,h100_sxm,0.0,574.021
qwen3_32b,h100_sxm,EMPIRICAL,Qwen/Qwen3-32B,4096,1024,0,124,8.731,1,1,1,124,124,1,165.307,12.772,13231.063,8.731,0.546,8940.339,558.771,78.295,10.889,9.49,16,8,1,1,1,1,tp8pp1dp1etp1ep1,bfloat16,bfloat16,bfloat16,bfloat16,half,12.803,sglang,0.5.10,h100_sxm,8,1,1,1,1,tp8pp1dp1etp1ep1,bfloat16,bfloat16,bfloat16,bfloat16,half,31.687,sglang,0.5.10,h100_sxm,0.0,558.771
qwen3_32b,h100_sxm,EMPIRICAL,Qwen/Qwen3-32B,4096,1024,0,112,8.458,1,1,1,112,112,1,165.307,11.909,12348.214,8.458,0.529,8661.484,541.343,83.973,10.889,9.194,16,8,1,1,1,1,tp8pp1dp1etp1ep1,bfloat16,bfloat16,bfloat16,bfloat16,half,12.803,sglang,0.5.10,h100_sxm,8,1,1,1,1,tp8pp1dp1etp1ep1,bfloat16,bfloat16,bfloat16,bfloat16,half,29.812,sglang,0.5.10,h100_sxm,0.0,541.343
qwen3_32b,h100_sxm,EMPIRICAL,Qwen/Qwen3-32B,4096,1024,0,96,8.026,1,1,1,96,96,1,165.307,10.757,11169.718,8.026,0.502,8218.706,513.669,92.963,10.889,8.724,16,8,1,1,1,1,tp8pp1dp1etp1ep1,bfloat16,bfloat16,bfloat16,bfloat16,half,12.803,sglang,0.5.10,h100_sxm,8,1,1,1,1,tp8pp1dp1etp1ep1,bfloat16,bfloat16,bfloat16,bfloat16,half,27.312,sglang,0.5.10,h100_sxm,0.0,513.669
qwen3_32b,h100_sxm,EMPIRICAL,Qwen/Qwen3-32B,4096,1024,0,84,7.636,1,1,1,84,84,1,165.307,9.893,10285.846,7.636,0.477,7819.264,488.704,101.078,10.889,8.3,16,8,1,1,1,1,tp8pp1dp1etp1ep1,bfloat16,bfloat16,bfloat16,bfloat16,half,12.803,sglang,0.5.10,h100_sxm,8,1,1,1,1,tp8pp1dp1etp1ep1,bfloat16,bfloat16,bfloat16,bfloat16,half,25.437,sglang,0.5.10,h100_sxm,0.0,488.704
qwen3_32b,h100_sxm,EMPIRICAL,Qwen/Qwen3-32B,4096,1024,0,68,6.996,1,1,1,68,68,1,165.307,8.742,9108.373,6.996,0.437,7163.576,447.724,114.394,10.889,7.604,16,8,1,1,1,1,tp8pp1dp1etp1ep1,bfloat16,bfloat16,bfloat16,bfloat16,half,12.803,sglang,0.5.10,h100_sxm,8,1,1,1,1,tp8pp1dp1etp1ep1,bfloat16,bfloat16,bfloat16,bfloat16,half,22.937,sglang,0.5.10,h100_sxm,0.0,447.724
qwen3_32b,h100_sxm,EMPIRICAL,Qwen/Qwen3-32B,4096,1024,0,80,9.8,1,1,1,40,40,2,165.307,6.726,7046.005,9.8,0.408,10035.302,418.138,148.666,10.889,5.813,24,8,1,1,1,1,tp8pp1dp1etp1ep1,bfloat16,bfloat16,bfloat16,bfloat16,half,12.803,sglang,0.5.10,h100_sxm,8,1,1,1,1,tp8pp1dp1etp1ep1,bfloat16,bfloat16,bfloat16,bfloat16,half,18.562,sglang,0.5.10,h100_sxm,0.0,313.6035
qwen3_32b,h100_sxm,EMPIRICAL,Qwen/Qwen3-32B,4096,1024,0,48,8.636,1,1,1,16,16,3,165.307,4.999,5279.284,8.636,0.27,8843.305,276.353,200.035,10.889,3.129,32,8,1,1,1,1,tp8pp1dp1etp1ep1,bfloat16,bfloat16,bfloat16,bfloat16,half,12.803,sglang,0.5.10,h100_sxm,8,1,1,1,1,tp8pp1dp1etp1ep1,bfloat16,bfloat16,bfloat16,bfloat16,half,14.812,sglang,0.5.10,h100_sxm,0.0,276.353
qwen3_32b,h100_sxm,EMPIRICAL,Qwen/Qwen3-32B,4096,1024,0,6,1.352,1,1,1,2,2,3,165.307,3.991,4248.1,1.352,0.042,1384.858,43.277,250.533,10.889,0.49,32,8,1,1,1,1,tp8pp1dp1etp1ep1,bfloat16,bfloat16,bfloat16,bfloat16,half,12.803,sglang,0.5.10,h100_sxm,8,1,1,1,1,tp8pp1dp1etp1ep1,bfloat16,bfloat16,bfloat16,bfloat16,half,12.624,sglang,0.5.10,h100_sxm,0.0,43.277
qwen3_32b,h100_sxm,ANALYTICAL,Qwen/Qwen3-32B,4096,1024,0,748,17.649,1,1,5,68,68,11,458.935,37.71,39036.265,17.649,0.552,18072.576,564.768,26.518,3.922,1.763,32,2,1,1,1,1,tp2pp1dp1etp1ep1,bfloat16,bfloat16,bfloat16,bfloat16,half,36.157,sglang,0.5.10,h100_sxm,2,1,1,1,1,tp2pp1dp1etp1ep1,bfloat16,bfloat16,bfloat16,bfloat16,half,77.647,sglang,0.5.10,h100_sxm,0.0,564.768
qwen3_32b,h100_sxm,ANALYTICAL,Qwen/Qwen3-32B,4096,1024,0,620,17.628,1,1,3,124,124,5,275.679,29.74,30699.699,17.628,0.551,18051.379,564.106,33.625,6.529,4.076,32,4,1,1,1,1,tp4pp1dp1etp1ep1,bfloat16,bfloat16,bfloat16,bfloat16,half,20.556,sglang,0.5.10,h100_sxm,4,1,1,1,1,tp4pp1dp1etp1ep1,bfloat16,bfloat16,bfloat16,bfloat16,half,58.69,sglang,0.5.10,h100_sxm,0.0,564.106
qwen3_32b,h100_sxm,ANALYTICAL,Qwen/Qwen3-32B,4096,1024,0,480,17.268,1,1,3,96,96,5,275.679,24.998,25848.633,17.268,0.54,17682.842,552.589,40.003,6.529,3.754,32,4,1,1,1,1,tp4pp1dp1etp1ep1,bfloat16,bfloat16,bfloat16,bfloat16,half,20.556,sglang,0.5.10,h100_sxm,4,1,1,1,1,tp4pp1dp1etp1ep1,bfloat16,bfloat16,bfloat16,bfloat16,half,49.94,sglang,0.5.10,h100_sxm,0.0,552.589
qwen3_32b,h100_sxm,ANALYTICAL,Qwen/Qwen3-32B,4096,1024,0,216,7.805,1,1,1,216,216,1,184.05,24.886,25642.428,7.805,0.488,7992.607,499.538,40.183,9.78,8.484,16,8,1,1,1,1,tp8pp1dp1etp1ep1,bfloat16,bfloat16,bfloat16,bfloat16,half,12.803,sglang,0.5.10,h100_sxm,8,1,1,1,1,tp8pp1dp1etp1ep1,bfloat16,bfloat16,bfloat16,bfloat16,half,46.062,sglang,0.5.10,h100_sxm,0.0,499.538
qwen3_32b,h100_sxm,ANALYTICAL,Qwen/Qwen3-32B,4096,1024,0,160,7.255,1,1,1,160,160,1,184.05,19.832,20472.186,7.255,0.453,7429.243,464.328,50.423,9.78,7.886,16,8,1,1,1,1,tp8pp1dp1etp1ep1,bfloat16,bfloat16,bfloat16,bfloat16,half,12.803,sglang,0.5.10,h100_sxm,8,1,1,1,1,tp8pp1dp1etp1ep1,bfloat16,bfloat16,bfloat16,bfloat16,half,37.312,sglang,0.5.10,h100_sxm,0.0,464.328
qwen3_32b,h100_sxm,ANALYTICAL,Qwen/Qwen3-32B,4096,1024,0,144,7.043,1,1,1,144,144,1,184.05,18.388,18994.974,7.043,0.44,7211.622,450.726,54.382,9.78,7.655,16,8,1,1,1,1,tp8pp1dp1etp1ep1,bfloat16,bfloat16,bfloat16,bfloat16,half,12.803,sglang,0.5.10,h100_sxm,8,1,1,1,1,tp8pp1dp1etp1ep1,bfloat16,bfloat16,bfloat16,bfloat16,half,34.812,sglang,0.5.10,h100_sxm,0.0,450.726
qwen3_32b,h100_sxm,ANALYTICAL,Qwen/Qwen3-32B,4096,1024,0,136,6.923,1,1,1,136,136,1,184.05,17.666,18256.368,6.923,0.433,7089.152,443.072,56.605,9.78,7.525,16,8,1,1,1,1,tp8pp1dp1etp1ep1,bfloat16,bfloat16,bfloat16,bfloat16,half,12.803,sglang,0.5.10,h100_sxm,8,1,1,1,1,tp8pp1dp1etp1ep1,bfloat16,bfloat16,bfloat16,bfloat16,half,33.562,sglang,0.5.10,h100_sxm,0.0,443.072
qwen3_32b,h100_sxm,ANALYTICAL,Qwen/Qwen3-32B,4096,1024,0,128,6.793,1,1,1,128,128,1,184.05,16.944,17517.762,6.793,0.425,6956.319,434.77,59.017,9.78,7.384,16,8,1,1,1,1,tp8pp1dp1etp1ep1,bfloat16,bfloat16,bfloat16,bfloat16,half,12.803,sglang,0.5.10,h100_sxm,8,1,1,1,1,tp8pp1dp1etp1ep1,bfloat16,bfloat16,bfloat16,bfloat16,half,32.312,sglang,0.5.10,h100_sxm,0.0,434.77
qwen3_32b,h100_sxm,ANALYTICAL,Qwen/Qwen3-32B,4096,1024,0,116,6.577,1,1,1,116,116,1,184.05,15.861,16409.853,6.577,0.411,6734.93,420.933,63.047,9.78,7.149,16,8,1,1,1,1,tp8pp1dp1etp1ep1,bfloat16,bfloat16,bfloat16,bfloat16,half,12.803,sglang,0.5.10,h100_sxm,8,1,1,1,1,tp8pp1dp1etp1ep1,bfloat16,bfloat16,bfloat16,bfloat16,half,30.437,sglang,0.5.10,h100_sxm,0.0,420.933
qwen3_32b,h100_sxm,ANALYTICAL,Qwen/Qwen3-32B,4096,1024,0,104,6.329,1,1,1,104,104,1,184.05,14.778,15301.944,6.329,0.396,6480.568,405.036,67.667,9.78,6.879,16,8,1,1,1,1,tp8pp1dp1etp1ep1,bfloat16,bfloat16,bfloat16,bfloat16,half,12.803,sglang,0.5.10,h100_sxm,8,1,1,1,1,tp8pp1dp1etp1ep1,bfloat16,bfloat16,bfloat16,bfloat16,half,28.562,sglang,0.5.10,h100_sxm,0.0,405.036
qwen3_32b,h100_sxm,ANALYTICAL,Qwen/Qwen3-32B,4096,1024,0,92,6.042,1,1,1,92,92,1,184.05,13.695,14194.035,6.042,0.378,6186.639,386.665,73.018,9.78,6.567,16,8,1,1,1,1,tp8pp1dp1etp1ep1,bfloat16,bfloat16,bfloat16,bfloat16,half,12.803,sglang,0.5.10,h100_sxm,8,1,1,1,1,tp8pp1dp1etp1ep1,bfloat16,bfloat16,bfloat16,bfloat16,half,26.687,sglang,0.5.10,h100_sxm,0.0,386.665
qwen3_32b,h100_sxm,ANALYTICAL,Qwen/Qwen3-32B,4096,1024,0,72,5.056,1,1,1,24,24,3,275.679,12.805,13375.194,5.056,0.316,5177.672,323.604,78.097,6.529,1.832,16,4,1,1,1,1,tp4pp1dp1etp1ep1,bfloat16,bfloat16,bfloat16,bfloat16,half,20.556,sglang,0.5.10,h100_sxm,4,1,1,1,1,tp4pp1dp1etp1ep1,bfloat16,bfloat16,bfloat16,bfloat16,half,27.44,sglang,0.5.10,h100_sxm,0.0,323.604
qwen3_32b,h100_sxm,ANALYTICAL,Qwen/Qwen3-32B,4096,1024,0,84,8.802,1,1,1,28,28,3,184.05,7.919,8285.187,8.802,0.275,9013.248,281.664,126.275,9.78,3.456,32,8,1,1,1,1,tp8pp1dp1etp1ep1,bfloat16,bfloat16,bfloat16,bfloat16,half,12.803,sglang,0.5.10,h100_sxm,8,1,1,1,1,tp8pp1dp1etp1ep1,bfloat16,bfloat16,bfloat16,bfloat16,half,16.687,sglang,0.5.10,h100_sxm,0.0,281.664
qwen3_32b,h100_sxm,ANALYTICAL,Qwen/Qwen3-32B,4096,1024,0,48,6.282,1,1,1,16,16,3,184.05,6.872,7214.106,6.282,0.196,6432.522,201.016,145.511,9.78,2.276,32,8,1,1,1,1,tp8pp1dp1etp1ep1,bfloat16,bfloat16,bfloat16,bfloat16,half,12.803,sglang,0.5.10,h100_sxm,8,1,1,1,1,tp8pp1dp1etp1ep1,bfloat16,bfloat16,bfloat16,bfloat16,half,14.812,sglang,0.5.10,h100_sxm,0.0,201.016
qwen3_32b,h100_sxm,ANALYTICAL,Qwen/Qwen3-32B,4096,1024,0,18,2.713,1,1,1,6,6,3,184.05,5.964,6285.222,2.713,0.085,2778.194,86.819,167.684,9.78,0.983,32,8,1,1,1,1,tp8pp1dp1etp1ep1,bfloat16,bfloat16,bfloat16,bfloat16,half,12.803,sglang,0.5.10,h100_sxm,8,1,1,1,1,tp8pp1dp1etp1ep1,bfloat16,bfloat16,bfloat16,bfloat16,half,13.249,sglang,0.5.10,h100_sxm,0.0,86.819
qwen3_32b,h200_sxm,SILICON,Qwen/Qwen3-32B,4096,1024,0,136,3.469,1,1,1,136,136,1,467.01,34.584,35846.442,3.469,0.867,3551.846,887.962,28.915,3.854,3.844,4,2,1,1,1,1,tp2pp1dp1etp1ep1,bfloat16,bfloat16,bfloat16,bfloat16,half,36.157,sglang,0.5.10,h200_sxm,2,1,1,1,1,tp2pp1dp1etp1ep1,bfloat16,bfloat16,bfloat16,bfloat16,half,120.147,sglang,0.5.10,h200_sxm,0.0,887.962
qwen3_32b,h200_sxm,SILICON,Qwen/Qwen3-32B,4096,1024,0,684,24.28,1,1,7,76,76,9,467.01,24.697,25732.041,24.28,0.759,24862.925,776.966,40.491,3.854,3.008,32,2,1,1,1,1,tp2pp1dp1etp1ep1,bfloat16,bfloat16,bfloat16,bfloat16,half,36.157,sglang,0.5.10,h200_sxm,2,1,1,1,1,tp2pp1dp1etp1ep1,bfloat16,bfloat16,bfloat16,bfloat16,half,82.647,sglang,0.5.10,h200_sxm,0.0,776.966
qwen3_32b,h200_sxm,SILICON,Qwen/Qwen3-32B,4096,1024,0,128,6.065,1,1,1,128,128,1,267.098,18.921,19623.281,6.065,0.758,6210.662,776.333,52.85,6.739,6.613,8,4,1,1,1,1,tp4pp1dp1etp1ep1,bfloat16,bfloat16,bfloat16,bfloat16,half,20.556,sglang,0.5.10,h200_sxm,4,1,1,1,1,tp4pp1dp1etp1ep1,bfloat16,bfloat16,bfloat16,bfloat16,half,59.94,sglang,0.5.10,h200_sxm,0.0,776.333
qwen3_32b,h200_sxm,SILICON,Qwen/Qwen3-32B,4096,1024,0,220,10.406,1,1,3,44,44,5,467.01,18.889,19790.457,10.406,0.65,10655.539,665.971,52.941,3.854,2.277,16,2,1,1,1,1,tp2pp1dp1etp1ep1,bfloat16,bfloat16,bfloat16,bfloat16,half,36.157,sglang,0.5.10,h200_sxm,2,1,1,1,1,tp2pp1dp1etp1ep1,bfloat16,bfloat16,bfloat16,bfloat16,half,62.647,sglang,0.5.10,h200_sxm,0.0,665.971
qwen3_32b,h200_sxm,SILICON,Qwen/Qwen3-32B,4096,1024,0,96,5.185,1,1,1,96,96,1,267.098,16.65,17300.048,5.185,0.648,5309.563,663.695,60.061,6.739,5.636,8,4,1,1,1,1,tp4pp1dp1etp1ep1,bfloat16,bfloat16,bfloat16,bfloat16,half,20.556,sglang,0.5.10,h200_sxm,4,1,1,1,1,tp4pp1dp1etp1ep1,bfloat16,bfloat16,bfloat16,bfloat16,half,49.94,sglang,0.5.10,h200_sxm,0.0,663.695
qwen3_32b,h200_sxm,SILICON,Qwen/Qwen3-32B,4096,1024,0,88,4.981,1,1,1,88,88,1,267.098,15.888,16520.522,4.981,0.623,5100.421,637.553,62.94,6.739,5.414,8,4,1,1,1,1,tp4pp1dp1etp1ep1,bfloat16,bfloat16,bfloat16,bfloat16,half,20.556,sglang,0.5.10,h200_sxm,4,1,1,1,1,tp4pp1dp1etp1ep1,bfloat16,bfloat16,bfloat16,bfloat16,half,47.44,sglang,0.5.10,h200_sxm,0.0,637.553
qwen3_32b,h200_sxm,SILICON,Qwen/Qwen3-32B,4096,1024,0,76,4.637,1,1,1,76,76,1,267.098,14.742,15348.164,4.637,0.58,4748.083,593.51,67.836,6.739,5.04,8,4,1,1,1,1,tp4pp1dp1etp1ep1,bfloat16,bfloat16,bfloat16,bfloat16,half,20.556,sglang,0.5.10,h200_sxm,4,1,1,1,1,tp4pp1dp1etp1ep1,bfloat16,bfloat16,bfloat16,bfloat16,half,43.69,sglang,0.5.10,h200_sxm,0.0,593.51
qwen3_32b,h200_sxm,SILICON,Qwen/Qwen3-32B,4096,1024,0,144,9.227,1,1,1,144,144,1,175.576,13.965,14461.771,9.227,0.577,9448.243,590.515,71.608,10.252,10.08,16,8,1,1,1,1,tp8pp1dp1etp1ep1,bfloat16,bfloat16,bfloat16,bfloat16,half,12.803,sglang,0.5.10,h200_sxm,8,1,1,1,1,tp8pp1dp1etp1ep1,bfloat16,bfloat16,bfloat16,bfloat16,half,34.812,sglang,0.5.10,h200_sxm,0.0,590.515
qwen3_32b,h200_sxm,SILICON,Qwen/Qwen3-32B,4096,1024,0,128,9.226,1,1,1,128,128,1,175.576,12.477,12939.547,9.226,0.577,9447.178,590.449,80.149,10.252,10.028,16,8,1,1,1,1,tp8pp1dp1etp1ep1,bfloat16,bfloat16,bfloat16,bfloat16,half,12.803,sglang,0.5.10,h200_sxm,8,1,1,1,1,tp8pp1dp1etp1ep1,bfloat16,bfloat16,bfloat16,bfloat16,half,32.312,sglang,0.5.10,h200_sxm,0.0,590.449
qwen3_32b,h200_sxm,SILICON,Qwen/Qwen3-32B,4096,1024,0,116,8.697,1,1,1,116,116,1,175.576,11.996,12447.484,8.697,0.544,8905.482,556.593,83.361,10.252,9.453,16,8,1,1,1,1,tp8pp1dp1etp1ep1,bfloat16,bfloat16,bfloat16,bfloat16,half,12.803,sglang,0.5.10,h200_sxm,8,1,1,1,1,tp8pp1dp1etp1ep1,bfloat16,bfloat16,bfloat16,bfloat16,half,30.437,sglang,0.5.10,h200_sxm,0.0,556.593
qwen3_32b,h200_sxm,SILICON,Qwen/Qwen3-32B,4096,1024,0,220,16.712,1,1,3,44,44,5,267.098,11.839,12378.395,16.712,0.522,17112.883,534.778,84.467,6.739,3.633,32,4,1,1,1,1,tp4pp1dp1etp1ep1,bfloat16,bfloat16,bfloat16,bfloat16,half,20.556,sglang,0.5.10,h200_sxm,4,1,1,1,1,tp4pp1dp1etp1ep1,bfloat16,bfloat16,bfloat16,bfloat16,half,33.69,sglang,0.5.10,h200_sxm,0.0,534.778
qwen3_32b,h200_sxm,SILICON,Qwen/Qwen3-32B,4096,1024,0,92,7.533,1,1,1,92,92,1,175.576,10.983,11411.185,7.533,0.471,7713.751,482.109,91.05,10.252,8.188,16,8,1,1,1,1,tp8pp1dp1etp1ep1,bfloat16,bfloat16,bfloat16,bfloat16,half,12.803,sglang,0.5.10,h200_sxm,8,1,1,1,1,tp8pp1dp1etp1ep1,bfloat16,bfloat16,bfloat16,bfloat16,half,26.687,sglang,0.5.10,h200_sxm,0.0,482.109
qwen3_32b,h200_sxm,SILICON,Qwen/Qwen3-32B,4096,1024,0,72,6.065,1,1,1,24,24,3,267.098,9.928,10423.442,6.065,0.379,6210.662,388.166,100.725,6.739,2.363,16,4,1,1,1,1,tp4pp1dp1etp1ep1,bfloat16,bfloat16,bfloat16,bfloat16,half,20.556,sglang,0.5.10,h200_sxm,4,1,1,1,1,tp4pp1dp1etp1ep1,bfloat16,bfloat16,bfloat16,bfloat16,half,27.44,sglang,0.5.10,h200_sxm,0.0,388.166
qwen3_32b,h200_sxm,SILICON,Qwen/Qwen3-32B,4096,1024,0,84,9.227,1,1,1,28,28,3,175.576,7.93,8287.966,9.227,0.288,9448.243,295.258,126.098,10.252,3.451,32,8,1,1,1,1,tp8pp1dp1etp1ep1,bfloat16,bfloat16,bfloat16,bfloat16,half,12.803,sglang,0.5.10,h200_sxm,8,1,1,1,1,tp8pp1dp1etp1ep1,bfloat16,bfloat16,bfloat16,bfloat16,half,16.687,sglang,0.5.10,h200_sxm,0.0,295.258
qwen3_32b,h200_sxm,SILICON,Qwen/Qwen3-32B,4096,1024,0,54,6.988,1,1,1,18,18,3,175.576,6.948,7283.38,6.988,0.218,7156.04,223.626,143.93,10.252,2.532,32,8,1,1,1,1,tp8pp1dp1etp1ep1,bfloat16,bfloat16,bfloat16,bfloat16,half,12.803,sglang,0.5.10,h200_sxm,8,1,1,1,1,tp8pp1dp1etp1ep1,bfloat16,bfloat16,bfloat16,bfloat16,half,15.124,sglang,0.5.10,h200_sxm,0.0,223.626
qwen3_32b,h200_sxm,SILICON,Qwen/Qwen3-32B,4096,1024,0,24,3.602,1,1,1,8,8,3,175.576,5.993,6306.415,3.602,0.113,3688.243,115.258,166.855,10.252,1.305,32,8,1,1,1,1,tp8pp1dp1etp1ep1,bfloat16,bfloat16,bfloat16,bfloat16,half,12.803,sglang,0.5.10,h200_sxm,8,1,1,1,1,tp8pp1dp1etp1ep1,bfloat16,bfloat16,bfloat16,bfloat16,half,13.562,sglang,0.5.10,h200_sxm,0.0,115.258
qwen3_32b,h200_sxm,EMPIRICAL,Qwen/Qwen3-32B,4096,1024,0,168,3.809,1,1,1,168,168,1,407.021,39.672,40991.477,3.809,0.952,3900.211,975.053,25.207,4.422,4.14,4,2,1,1,1,1,tp2pp1dp1etp1ep1,bfloat16,bfloat16,bfloat16,bfloat16,half,36.157,sglang,0.5.10,h200_sxm,2,1,1,1,1,tp2pp1dp1etp1ep1,bfloat16,bfloat16,bfloat16,bfloat16,half,140.147,sglang,0.5.10,h200_sxm,0.0,975.053
qwen3_32b,h200_sxm,EMPIRICAL,Qwen/Qwen3-32B,4096,1024,0,136,3.603,1,1,1,136,136,1,407.021,33.948,35135.825,3.603,0.901,3689.185,922.296,29.457,4.422,3.916,4,2,1,1,1,1,tp2pp1dp1etp1ep1,bfloat16,bfloat16,bfloat16,bfloat16,half,36.157,sglang,0.5.10,h200_sxm,2,1,1,1,1,tp2pp1dp1etp1ep1,bfloat16,bfloat16,bfloat16,bfloat16,half,120.147,sglang,0.5.10,h200_sxm,0.0,922.296
qwen3_32b,h200_sxm,EMPIRICAL,Qwen/Qwen3-32B,4096,1024,0,1008,27.859,1,1,7,112,112,9,407.021,29.655,30744.086,27.859,0.871,28527.206,891.475,33.721,4.422,3.692,32,2,1,1,1,1,tp2pp1dp1etp1ep1,bfloat16,bfloat16,bfloat16,bfloat16,half,36.157,sglang,0.5.10,h200_sxm,2,1,1,1,1,tp2pp1dp1etp1ep1,bfloat16,bfloat16,bfloat16,bfloat16,half,105.147,sglang,0.5.10,h200_sxm,0.0,891.475
qwen3_32b,h200_sxm,EMPIRICAL,Qwen/Qwen3-32B,4096,1024,0,756,27.589,1,1,7,84,84,9,407.021,24.646,25619.879,27.589,0.862,28251.095,882.847,40.574,4.422,3.332,32,2,1,1,1,1,tp2pp1dp1etp1ep1,bfloat16,bfloat16,bfloat16,bfloat16,half,36.157,sglang,0.5.10,h200_sxm,2,1,1,1,1,tp2pp1dp1etp1ep1,bfloat16,bfloat16,bfloat16,bfloat16,half,87.647,sglang,0.5.10,h200_sxm,0.0,882.847
qwen3_32b,h200_sxm,EMPIRICAL,Qwen/Qwen3-32B,4096,1024,0,136,6.697,1,1,1,136,136,1,241.898,17.976,18631.346,6.697,0.837,6857.626,857.203,55.629,7.441,7.395,8,4,1,1,1,1,tp4pp1dp1etp1ep1,bfloat16,bfloat16,bfloat16,bfloat16,half,20.556,sglang,0.5.10,h200_sxm,4,1,1,1,1,tp4pp1dp1etp1ep1,bfloat16,bfloat16,bfloat16,bfloat16,half,62.44,sglang,0.5.10,h200_sxm,0.0,857.203
qwen3_32b,h200_sxm,EMPIRICAL,Qwen/Qwen3-32B,4096,1024,0,124,6.621,1,1,1,124,124,1,241.898,16.842,17471.264,6.621,0.828,6780.15,847.519,59.375,7.441,7.197,8,4,1,1,1,1,tp4pp1dp1etp1ep1,bfloat16,bfloat16,bfloat16,bfloat16,half,20.556,sglang,0.5.10,h200_sxm,4,1,1,1,1,tp4pp1dp1etp1ep1,bfloat16,bfloat16,bfloat16,bfloat16,half,58.69,sglang,0.5.10,h200_sxm,0.0,847.519
qwen3_32b,h200_sxm,EMPIRICAL,Qwen/Qwen3-32B,4096,1024,0,104,6.255,1,1,1,104,104,1,241.898,14.952,15537.794,6.255,0.782,6405.202,800.65,66.881,7.441,6.799,8,4,1,1,1,1,tp4pp1dp1etp1ep1,bfloat16,bfloat16,bfloat16,bfloat16,half,20.556,sglang,0.5.10,h200_sxm,4,1,1,1,1,tp4pp1dp1etp1ep1,bfloat16,bfloat16,bfloat16,bfloat16,half,52.44,sglang,0.5.10,h200_sxm,0.0,800.65
qwen3_32b,h200_sxm,EMPIRICAL,Qwen/Qwen3-32B,4096,1024,0,92,5.987,1,1,1,92,92,1,241.898,13.818,14377.712,5.987,0.748,6131.057,766.382,72.37,7.441,6.508,8,4,1,1,1,1,tp4pp1dp1etp1ep1,bfloat16,bfloat16,bfloat16,bfloat16,half,20.556,sglang,0.5.10,h200_sxm,4,1,1,1,1,tp4pp1dp1etp1ep1,bfloat16,bfloat16,bfloat16,bfloat16,half,48.69,sglang,0.5.10,h200_sxm,0.0,766.382
qwen3_32b,h200_sxm,EMPIRICAL,Qwen/Qwen3-32B,4096,1024,0,96,10.167,1,1,1,96,96,1,159.338,7.898,8238.992,10.167,0.635,10411.315,650.707,126.622,11.297,11.882,16,8,1,1,1,1,tp8pp1dp1etp1ep1,bfloat16,bfloat16,bfloat16,bfloat16,half,12.803,sglang,0.5.10,h200_sxm,8,1,1,1,1,tp8pp1dp1etp1ep1,bfloat16,bfloat16,bfloat16,bfloat16,half,27.312,sglang,0.5.10,h200_sxm,0.0,650.707
qwen3_32b,h200_sxm,EMPIRICAL,Qwen/Qwen3-32B,4096,1024,0,76,9.976,1,1,1,76,76,1,159.338,6.851,7167.911,9.976,0.624,10215.916,638.495,145.964,11.297,10.844,16,8,1,1,1,1,tp8pp1dp1etp1ep1,bfloat16,bfloat16,bfloat16,bfloat16,half,12.803,sglang,0.5.10,h200_sxm,8,1,1,1,1,tp8pp1dp1etp1ep1,bfloat16,bfloat16,bfloat16,bfloat16,half,24.187,sglang,0.5.10,h200_sxm,0.0,638.495
qwen3_32b,h200_sxm,EMPIRICAL,Qwen/Qwen3-32B,4096,1024,0,56,8.677,1,1,1,56,56,1,159.338,5.804,6096.83,8.677,0.542,8884.756,555.297,172.282,11.297,9.431,16,8,1,1,1,1,tp8pp1dp1etp1ep1,bfloat16,bfloat16,bfloat16,bfloat16,half,12.803,sglang,0.5.10,h200_sxm,8,1,1,1,1,tp8pp1dp1etp1ep1,bfloat16,bfloat16,bfloat16,bfloat16,half,21.062,sglang,0.5.10,h200_sxm,0.0,555.297
qwen3_32b,h200_sxm,EMPIRICAL,Qwen/Qwen3-32B,4096,1024,0,40,7.242,1,1,1,40,40,1,159.338,4.967,5240.579,7.242,0.453,7416.054,463.503,201.32,11.297,7.872,16,8,1,1,1,1,tp8pp1dp1etp1ep1,bfloat16,bfloat16,bfloat16,bfloat16,half,12.803,sglang,0.5.10,h200_sxm,8,1,1,1,1,tp8pp1dp1etp1ep1,bfloat16,bfloat16,bfloat16,bfloat16,half,18.562,sglang,0.5.10,h200_sxm,0.0,463.503
qwen3_32b,h200_sxm,EMPIRICAL,Qwen/Qwen3-32B,4096,1024,0,40,9.174,1,1,1,20,20,2,159.338,3.921,4170.521,9.174,0.382,9394.422,391.434,255.057,11.297,4.986,24,8,1,1,1,1,tp8pp1dp1etp1ep1,bfloat16,bfloat16,bfloat16,bfloat16,half,12.803,sglang,0.5.10,h200_sxm,8,1,1,1,1,tp8pp1dp1etp1ep1,bfloat16,bfloat16,bfloat16,bfloat16,half,15.437,sglang,0.5.10,h200_sxm,0.0,293.57550000000003
qwen3_32b,h200_sxm,EMPIRICAL,Qwen/Qwen3-32B,4096,1024,0,6,1.811,1,1,1,2,2,3,159.338,2.979,3206.855,1.811,0.057,1854.013,57.938,335.704,11.297,0.656,32,8,1,1,1,1,tp8pp1dp1etp1ep1,bfloat16,bfloat16,bfloat16,bfloat16,half,12.803,sglang,0.5.10,h200_sxm,8,1,1,1,1,tp8pp1dp1etp1ep1,bfloat16,bfloat16,bfloat16,bfloat16,half,12.624,sglang,0.5.10,h200_sxm,0.0,57.938
qwen3_32b,h200_sxm,ANALYTICAL,Qwen/Qwen3-32B,4096,1024,0,1512,25.991,1,1,7,168,168,9,433.944,52.317,53954.235,25.991,0.812,26614.702,831.709,19.114,4.148,3.139,32,2,1,1,1,1,tp2pp1dp1etp1ep1,bfloat16,bfloat16,bfloat16,bfloat16,half,36.157,sglang,0.5.10,h200_sxm,2,1,1,1,1,tp2pp1dp1etp1ep1,bfloat16,bfloat16,bfloat16,bfloat16,half,140.147,sglang,0.5.10,h200_sxm,0.0,831.709
qwen3_32b,h200_sxm,ANALYTICAL,Qwen/Qwen3-32B,4096,1024,0,1368,25.411,1,1,7,152,152,9,433.944,48.419,49966.581,25.411,0.794,26021.192,813.162,20.653,4.148,3.069,32,2,1,1,1,1,tp2pp1dp1etp1ep1,bfloat16,bfloat16,bfloat16,bfloat16,half,36.157,sglang,0.5.10,h200_sxm,2,1,1,1,1,tp2pp1dp1etp1ep1,bfloat16,bfloat16,bfloat16,bfloat16,half,130.147,sglang,0.5.10,h200_sxm,0.0,813.162
qwen3_32b,h200_sxm,ANALYTICAL,Qwen/Qwen3-32B,4096,1024,0,296,6.012,1,1,1,296,296,1,259.537,44.277,45554.908,6.012,0.752,6156.493,769.562,22.585,6.935,6.535,8,4,1,1,1,1,tp4pp1dp1etp1ep1,bfloat16,bfloat16,bfloat16,bfloat16,half,20.556,sglang,0.5.10,h200_sxm,4,1,1,1,1,tp4pp1dp1etp1ep1,bfloat16,bfloat16,bfloat16,bfloat16,half,112.44,sglang,0.5.10,h200_sxm,0.0,769.562
qwen3_32b,h200_sxm,ANALYTICAL,Qwen/Qwen3-32B,4096,1024,0,256,5.873,1,1,1,256,256,1,259.537,39.202,40363.183,5.873,0.734,6014.239,751.78,25.509,6.935,6.384,8,4,1,1,1,1,tp4pp1dp1etp1ep1,bfloat16,bfloat16,bfloat16,bfloat16,half,20.556,sglang,0.5.10,h200_sxm,4,1,1,1,1,tp4pp1dp1etp1ep1,bfloat16,bfloat16,bfloat16,bfloat16,half,99.94,sglang,0.5.10,h200_sxm,0.0,751.78
qwen3_32b,h200_sxm,ANALYTICAL,Qwen/Qwen3-32B,4096,1024,0,216,5.692,1,1,1,216,216,1,259.537,34.126,35170.435,5.692,0.712,5828.649,728.581,29.303,6.935,6.187,8,4,1,1,1,1,tp4pp1dp1etp1ep1,bfloat16,bfloat16,bfloat16,bfloat16,half,20.556,sglang,0.5.10,h200_sxm,4,1,1,1,1,tp4pp1dp1etp1ep1,bfloat16,bfloat16,bfloat16,bfloat16,half,87.44,sglang,0.5.10,h200_sxm,0.0,728.581
qwen3_32b,h200_sxm,ANALYTICAL,Qwen/Qwen3-32B,4096,1024,0,380,11.2,1,1,3,76,76,5,433.944,29.905,31026.759,11.2,0.7,11468.39,716.774,33.44,4.148,2.484,16,2,1,1,1,1,tp2pp1dp1etp1ep1,bfloat16,bfloat16,bfloat16,bfloat16,half,36.157,sglang,0.5.10,h200_sxm,2,1,1,1,1,tp2pp1dp1etp1ep1,bfloat16,bfloat16,bfloat16,bfloat16,half,82.647,sglang,0.5.10,h200_sxm,0.0,716.774
qwen3_32b,h200_sxm,ANALYTICAL,Qwen/Qwen3-32B,4096,1024,0,176,5.448,1,1,1,176,176,1,259.537,29.05,29977.687,5.448,0.681,5578.998,697.375,34.423,6.935,5.922,8,4,1,1,1,1,tp4pp1dp1etp1ep1,bfloat16,bfloat16,bfloat16,bfloat16,half,20.556,sglang,0.5.10,h200_sxm,4,1,1,1,1,tp4pp1dp1etp1ep1,bfloat16,bfloat16,bfloat16,bfloat16,half,74.94,sglang,0.5.10,h200_sxm,0.0,697.375
qwen3_32b,h200_sxm,ANALYTICAL,Qwen/Qwen3-32B,4096,1024,0,144,5.182,1,1,1,144,144,1,259.537,24.99,25824.307,5.182,0.648,5306.737,663.342,40.016,6.935,5.633,8,4,1,1,1,1,tp4pp1dp1etp1ep1,bfloat16,bfloat16,bfloat16,bfloat16,half,20.556,sglang,0.5.10,h200_sxm,4,1,1,1,1,tp4pp1dp1etp1ep1,bfloat16,bfloat16,bfloat16,bfloat16,half,64.94,sglang,0.5.10,h200_sxm,0.0,663.342
qwen3_32b,h200_sxm,ANALYTICAL,Qwen/Qwen3-32B,4096,1024,0,168,9.401,1,1,1,168,168,1,172.334,15.894,16431.896,9.401,0.588,9626.112,601.632,62.916,10.445,10.332,16,8,1,1,1,1,tp8pp1dp1etp1ep1,bfloat16,bfloat16,bfloat16,bfloat16,half,12.803,sglang,0.5.10,h200_sxm,8,1,1,1,1,tp8pp1dp1etp1ep1,bfloat16,bfloat16,bfloat16,bfloat16,half,38.562,sglang,0.5.10,h200_sxm,0.0,601.632
qwen3_32b,h200_sxm,ANALYTICAL,Qwen/Qwen3-32B,4096,1024,0,320,18.724,1,1,3,64,64,5,259.537,14.838,15438.811,18.724,0.585,19173.888,599.184,67.393,6.935,4.216,32,4,1,1,1,1,tp4pp1dp1etp1ep1,bfloat16,bfloat16,bfloat16,bfloat16,half,20.556,sglang,0.5.10,h200_sxm,4,1,1,1,1,tp4pp1dp1etp1ep1,bfloat16,bfloat16,bfloat16,bfloat16,half,39.94,sglang,0.5.10,h200_sxm,0.0,599.184
qwen3_32b,h200_sxm,ANALYTICAL,Qwen/Qwen3-32B,4096,1024,0,152,9.238,1,1,1,152,152,1,172.334,14.798,15310.688,9.238,0.577,9459.425,591.214,67.578,10.445,10.041,16,8,1,1,1,1,tp8pp1dp1etp1ep1,bfloat16,bfloat16,bfloat16,bfloat16,half,12.803,sglang,0.5.10,h200_sxm,8,1,1,1,1,tp8pp1dp1etp1ep1,bfloat16,bfloat16,bfloat16,bfloat16,half,36.062,sglang,0.5.10,h200_sxm,0.0,591.214
qwen3_32b,h200_sxm,ANALYTICAL,Qwen/Qwen3-32B,4096,1024,0,280,18.216,1,1,3,56,56,5,259.537,13.823,14400.466,18.216,0.569,18653.184,582.912,72.342,6.935,3.96,32,4,1,1,1,1,tp4pp1dp1etp1ep1,bfloat16,bfloat16,bfloat16,bfloat16,half,20.556,sglang,0.5.10,h200_sxm,4,1,1,1,1,tp4pp1dp1etp1ep1,bfloat16,bfloat16,bfloat16,bfloat16,half,37.44,sglang,0.5.10,h200_sxm,0.0,582.912
qwen3_32b,h200_sxm,ANALYTICAL,Qwen/Qwen3-32B,4096,1024,0,136,8.927,1,1,1,136,136,1,172.334,13.701,14188.457,8.927,0.558,9141.002,571.313,72.986,10.445,9.703,16,8,1,1,1,1,tp8pp1dp1etp1ep1,bfloat16,bfloat16,bfloat16,bfloat16,half,12.803,sglang,0.5.10,h200_sxm,8,1,1,1,1,tp8pp1dp1etp1ep1,bfloat16,bfloat16,bfloat16,bfloat16,half,33.562,sglang,0.5.10,h200_sxm,0.0,571.313
qwen3_32b,h200_sxm,ANALYTICAL,Qwen/Qwen3-32B,4096,1024,0,124,8.659,1,1,1,124,124,1,172.334,12.879,13347.551,8.659,0.541,8866.857,554.179,77.647,10.445,9.412,16,8,1,1,1,1,tp8pp1dp1etp1ep1,bfloat16,bfloat16,bfloat16,bfloat16,half,12.803,sglang,0.5.10,h200_sxm,8,1,1,1,1,tp8pp1dp1etp1ep1,bfloat16,bfloat16,bfloat16,bfloat16,half,31.687,sglang,0.5.10,h200_sxm,0.0,554.179
qwen3_32b,h200_sxm,ANALYTICAL,Qwen/Qwen3-32B,4096,1024,0,240,16.85,1,1,3,48,48,5,259.537,12.808,13362.121,16.85,0.527,17254.195,539.194,78.075,6.935,3.663,32,4,1,1,1,1,tp4pp1dp1etp1ep1,bfloat16,bfloat16,bfloat16,bfloat16,half,20.556,sglang,0.5.10,h200_sxm,4,1,1,1,1,tp4pp1dp1etp1ep1,bfloat16,bfloat16,bfloat16,bfloat16,half,34.94,sglang,0.5.10,h200_sxm,0.0,539.194
qwen3_32b,h200_sxm,ANALYTICAL,Qwen/Qwen3-32B,4096,1024,0,108,8.243,1,1,1,108,108,1,172.334,11.782,12225.32,8.243,0.515,8441.037,527.565,84.873,10.445,8.96,16,8,1,1,1,1,tp8pp1dp1etp1ep1,bfloat16,bfloat16,bfloat16,bfloat16,half,12.803,sglang,0.5.10,h200_sxm,8,1,1,1,1,tp8pp1dp1etp1ep1,bfloat16,bfloat16,bfloat16,bfloat16,half,29.187,sglang,0.5.10,h200_sxm,0.0,527.565
qwen3_32b,h200_sxm,ANALYTICAL,Qwen/Qwen3-32B,4096,1024,0,96,7.877,1,1,1,96,96,1,172.334,10.96,11384.414,7.877,0.492,8066.089,504.131,91.241,10.445,8.562,16,8,1,1,1,1,tp8pp1dp1etp1ep1,bfloat16,bfloat16,bfloat16,bfloat16,half,12.803,sglang,0.5.10,h200_sxm,8,1,1,1,1,tp8pp1dp1etp1ep1,bfloat16,bfloat16,bfloat16,bfloat16,half,27.312,sglang,0.5.10,h200_sxm,0.0,504.131
qwen3_32b,h200_sxm,ANALYTICAL,Qwen/Qwen3-32B,4096,1024,0,80,7.294,1,1,1,80,80,1,172.334,9.863,10262.183,7.294,0.456,7468.81,466.801,101.384,10.445,7.928,16,8,1,1,1,1,tp8pp1dp1etp1ep1,bfloat16,bfloat16,bfloat16,bfloat16,half,12.803,sglang,0.5.10,h200_sxm,8,1,1,1,1,tp8pp1dp1etp1ep1,bfloat16,bfloat16,bfloat16,bfloat16,half,24.812,sglang,0.5.10,h200_sxm,0.0,466.801
qwen3_32b,h200_sxm,ANALYTICAL,Qwen/Qwen3-32B,4096,1024,0,64,6.565,1,1,1,64,64,1,172.334,8.767,9140.975,6.565,0.41,6722.683,420.168,114.065,10.445,7.136,16,8,1,1,1,1,tp8pp1dp1etp1ep1,bfloat16,bfloat16,bfloat16,bfloat16,half,12.803,sglang,0.5.10,h200_sxm,8,1,1,1,1,tp8pp1dp1etp1ep1,bfloat16,bfloat16,bfloat16,bfloat16,half,22.312,sglang,0.5.10,h200_sxm,0.0,420.168
qwen3_32b,h200_sxm,ANALYTICAL,Qwen/Qwen3-32B,4096,1024,0,48,4.935,1,1,1,16,16,3,259.537,8.748,9208.741,4.935,0.308,5053.317,315.832,114.317,6.935,1.788,16,4,1,1,1,1,tp4pp1dp1etp1ep1,bfloat16,bfloat16,bfloat16,bfloat16,half,20.556,sglang,0.5.10,h200_sxm,4,1,1,1,1,tp4pp1dp1etp1ep1,bfloat16,bfloat16,bfloat16,bfloat16,half,24.94,sglang,0.5.10,h200_sxm,0.0,315.832
qwen3_32b,h200_sxm,ANALYTICAL,Qwen/Qwen3-32B,4096,1024,0,72,9.401,1,1,1,36,36,2,172.334,6.848,7177.838,9.401,0.392,9626.112,401.088,146.027,10.445,5.139,24,8,1,1,1,1,tp8pp1dp1etp1ep1,bfloat16,bfloat16,bfloat16,bfloat16,half,12.803,sglang,0.5.10,h200_sxm,8,1,1,1,1,tp8pp1dp1etp1ep1,bfloat16,bfloat16,bfloat16,bfloat16,half,17.937,sglang,0.5.10,h200_sxm,0.0,300.81600000000003
qwen3_32b,h200_sxm,ANALYTICAL,Qwen/Qwen3-32B,4096,1024,0,66,9.401,1,1,1,22,22,3,172.334,5.889,6196.781,9.401,0.294,9626.112,300.816,169.82,10.445,3.652,32,8,1,1,1,1,tp8pp1dp1etp1ep1,bfloat16,bfloat16,bfloat16,bfloat16,half,12.803,sglang,0.5.10,h200_sxm,8,1,1,1,1,tp8pp1dp1etp1ep1,bfloat16,bfloat16,bfloat16,bfloat16,half,15.749,sglang,0.5.10,h200_sxm,0.0,300.816
qwen3_32b,h200_sxm,ANALYTICAL,Qwen/Qwen3-32B,4096,1024,0,24,4.347,1,1,1,8,8,3,172.334,4.964,5250.506,4.347,0.136,4451.328,139.104,201.463,10.445,1.575,32,8,1,1,1,1,tp8pp1dp1etp1ep1,bfloat16,bfloat16,bfloat16,bfloat16,half,12.803,sglang,0.5.10,h200_sxm,8,1,1,1,1,tp8pp1dp1etp1ep1,bfloat16,bfloat16,bfloat16,bfloat16,half,13.562,sglang,0.5.10,h200_sxm,0.0,139.104
qwen3_32b,b200_sxm,SILICON,Qwen/Qwen3-32B,4096,1024,0,1672,49.853,1,1,13,88,88,19,410.252,30.165,31269.047,49.853,1.558,51049.431,1595.295,33.151,4.388,2.852,32,1,1,1,1,1,tp1pp1dp1etp1ep1,bfloat16,bfloat16,bfloat16,bfloat16,half,67.229,sglang,0.5.10,b200_sxm,1,1,1,1,1,tp1pp1dp1etp1ep1,bfloat16,bfloat16,bfloat16,bfloat16,half,175.324,sglang,0.5.10,b200_sxm,0.0,1595.295
qwen3_32b,b200_sxm,SILICON,Qwen/Qwen3-32B,4096,1024,0,1596,48.542,1,1,13,84,84,19,410.252,29.568,30658.316,48.542,1.517,49706.967,1553.343,33.821,4.388,2.777,32,1,1,1,1,1,tp1pp1dp1etp1ep1,bfloat16,bfloat16,bfloat16,bfloat16,half,67.229,sglang,0.5.10,b200_sxm,1,1,1,1,1,tp1pp1dp1etp1ep1,bfloat16,bfloat16,bfloat16,bfloat16,half,170.324,sglang,0.5.10,b200_sxm,0.0,1553.343
qwen3_32b,b200_sxm,SILICON,Qwen/Qwen3-32B,4096,1024,0,1656,48.145,1,1,7,184,184,9,235.534,29.183,30089.743,48.145,1.505,49300.07,1540.627,34.267,7.642,6.163,32,2,1,1,1,1,tp2pp1dp1etp1ep1,bfloat16,bfloat16,bfloat16,bfloat16,half,36.157,sglang,0.5.10,b200_sxm,2,1,1,1,1,tp2pp1dp1etp1ep1,bfloat16,bfloat16,bfloat16,bfloat16,half,150.147,sglang,0.5.10,b200_sxm,0.0,1540.627
qwen3_32b,b200_sxm,SILICON,Qwen/Qwen3-32B,4096,1024,0,1296,47.105,1,1,7,144,144,9,235.534,24.742,25546.6,47.105,1.472,48235.438,1507.357,40.417,7.642,5.689,32,2,1,1,1,1,tp2pp1dp1etp1ep1,bfloat16,bfloat16,bfloat16,bfloat16,half,36.157,sglang,0.5.10,b200_sxm,2,1,1,1,1,tp2pp1dp1etp1ep1,bfloat16,bfloat16,bfloat16,bfloat16,half,125.147,sglang,0.5.10,b200_sxm,0.0,1507.357
qwen3_32b,b200_sxm,SILICON,Qwen/Qwen3-32B,4096,1024,0,288,10.47,1,1,1,288,288,1,151.717,24.739,25459.714,10.47,1.309,10720.87,1340.109,40.422,11.864,11.38,8,4,1,1,1,1,tp4pp1dp1etp1ep1,bfloat16,bfloat16,bfloat16,bfloat16,half,20.556,sglang,0.5.10,b200_sxm,4,1,1,1,1,tp4pp1dp1etp1ep1,bfloat16,bfloat16,bfloat16,bfloat16,half,109.94,sglang,0.5.10,b200_sxm,0.0,1340.109
qwen3_32b,b200_sxm,SILICON,Qwen/Qwen3-32B,4096,1024,0,420,20.633,1,1,3,84,84,5,235.534,17.589,18229.081,20.633,1.29,21128.602,1320.538,56.853,7.642,4.668,16,2,1,1,1,1,tp2pp1dp1etp1ep1,bfloat16,bfloat16,bfloat16,bfloat16,half,36.157,sglang,0.5.10,b200_sxm,2,1,1,1,1,tp2pp1dp1etp1ep1,bfloat16,bfloat16,bfloat16,bfloat16,half,87.647,sglang,0.5.10,b200_sxm,0.0,1320.538
qwen3_32b,b200_sxm,SILICON,Qwen/Qwen3-32B,4096,1024,0,380,20.355,1,1,3,76,76,5,235.534,16.79,17411.704,20.355,1.272,20843.52,1302.72,59.559,7.642,4.425,16,2,1,1,1,1,tp2pp1dp1etp1ep1,bfloat16,bfloat16,bfloat16,bfloat16,half,36.157,sglang,0.5.10,b200_sxm,2,1,1,1,1,tp2pp1dp1etp1ep1,bfloat16,bfloat16,bfloat16,bfloat16,half,82.647,sglang,0.5.10,b200_sxm,0.0,1302.72
qwen3_32b,b200_sxm,SILICON,Qwen/Qwen3-32B,4096,1024,0,320,18.704,1,1,3,64,64,5,235.534,15.387,15976.435,18.704,1.169,19152.486,1197.03,64.988,7.642,4.066,16,2,1,1,1,1,tp2pp1dp1etp1ep1,bfloat16,bfloat16,bfloat16,bfloat16,half,36.157,sglang,0.5.10,b200_sxm,2,1,1,1,1,tp2pp1dp1etp1ep1,bfloat16,bfloat16,bfloat16,bfloat16,half,75.147,sglang,0.5.10,b200_sxm,0.0,1197.03
qwen3_32b,b200_sxm,SILICON,Qwen/Qwen3-32B,4096,1024,0,528,34.389,1,1,5,48,48,11,235.534,13.754,14305.876,34.389,1.075,35214.336,1100.448,72.707,7.642,3.411,32,2,1,1,1,1,tp2pp1dp1etp1ep1,bfloat16,bfloat16,bfloat16,bfloat16,half,36.157,sglang,0.5.10,b200_sxm,2,1,1,1,1,tp2pp1dp1etp1ep1,bfloat16,bfloat16,bfloat16,bfloat16,half,65.147,sglang,0.5.10,b200_sxm,0.0,1100.448
qwen3_32b,b200_sxm,SILICON,Qwen/Qwen3-32B,4096,1024,0,440,32.033,1,1,3,88,88,5,151.717,11.915,12340.762,32.033,1.001,32801.587,1025.05,83.927,11.864,7.22,32,4,1,1,1,1,tp4pp1dp1etp1ep1,bfloat16,bfloat16,bfloat16,bfloat16,half,20.556,sglang,0.5.10,b200_sxm,4,1,1,1,1,tp4pp1dp1etp1ep1,bfloat16,bfloat16,bfloat16,bfloat16,half,47.44,sglang,0.5.10,b200_sxm,0.0,1025.05
qwen3_32b,b200_sxm,SILICON,Qwen/Qwen3-32B,4096,1024,0,96,6.878,1,1,1,32,32,3,235.534,11.913,12422.533,6.878,0.86,7042.867,880.358,83.94,7.642,2.626,8,2,1,1,1,1,tp2pp1dp1etp1ep1,bfloat16,bfloat16,bfloat16,bfloat16,half,36.157,sglang,0.5.10,b200_sxm,2,1,1,1,1,tp2pp1dp1etp1ep1,bfloat16,bfloat16,bfloat16,bfloat16,half,55.147,sglang,0.5.10,b200_sxm,0.0,880.358
qwen3_32b,b200_sxm,SILICON,Qwen/Qwen3-32B,4096,1024,0,160,12.172,1,1,1,160,160,1,117.275,11.821,12210.158,12.172,0.761,12463.718,778.982,84.592,15.348,13.23,16,8,1,1,1,1,tp8pp1dp1etp1ep1,bfloat16,bfloat16,bfloat16,bfloat16,half,12.803,sglang,0.5.10,b200_sxm,8,1,1,1,1,tp8pp1dp1etp1ep1,bfloat16,bfloat16,bfloat16,bfloat16,half,37.312,sglang,0.5.10,b200_sxm,0.0,778.982
qwen3_32b,b200_sxm,SILICON,Qwen/Qwen3-32B,4096,1024,0,128,10.866,1,1,1,128,128,1,117.275,10.593,10953.914,10.866,0.679,11126.907,695.432,94.398,15.348,11.811,16,8,1,1,1,1,tp8pp1dp1etp1ep1,bfloat16,bfloat16,bfloat16,bfloat16,half,12.803,sglang,0.5.10,b200_sxm,8,1,1,1,1,tp8pp1dp1etp1ep1,bfloat16,bfloat16,bfloat16,bfloat16,half,32.312,sglang,0.5.10,b200_sxm,0.0,695.432
qwen3_32b,b200_sxm,SILICON,Qwen/Qwen3-32B,4096,1024,0,90,10.344,1,1,1,30,30,3,151.717,7.824,8155.669,10.344,0.647,10592.748,662.047,127.808,11.864,3.748,16,4,1,1,1,1,tp4pp1dp1etp1ep1,bfloat16,bfloat16,bfloat16,bfloat16,half,20.556,sglang,0.5.10,b200_sxm,4,1,1,1,1,tp4pp1dp1etp1ep1,bfloat16,bfloat16,bfloat16,bfloat16,half,29.315,sglang,0.5.10,b200_sxm,0.0,662.047
qwen3_32b,b200_sxm,SILICON,Qwen/Qwen3-32B,4096,1024,0,96,11.233,1,1,1,32,32,3,117.275,7.686,7980.053,11.233,0.351,11502.797,359.462,130.109,15.348,4.07,32,8,1,1,1,1,tp8pp1dp1etp1ep1,bfloat16,bfloat16,bfloat16,bfloat16,half,12.803,sglang,0.5.10,b200_sxm,8,1,1,1,1,tp8pp1dp1etp1ep1,bfloat16,bfloat16,bfloat16,bfloat16,half,17.312,sglang,0.5.10,b200_sxm,0.0,359.462
qwen3_32b,b200_sxm,SILICON,Qwen/Qwen3-32B,4096,1024,0,90,10.678,1,1,1,18,18,5,151.717,6.99,7302.487,10.678,0.445,10933.862,455.578,143.061,11.864,2.517,24,4,1,1,1,1,tp4pp1dp1etp1ep1,bfloat16,bfloat16,bfloat16,bfloat16,half,20.556,sglang,0.5.10,b200_sxm,4,1,1,1,1,tp4pp1dp1etp1ep1,bfloat16,bfloat16,bfloat16,bfloat16,half,25.565,sglang,0.5.10,b200_sxm,0.0,341.6835
qwen3_32b,b200_sxm,SILICON,Qwen/Qwen3-32B,4096,1024,0,66,8.534,1,1,1,22,22,3,117.275,6.954,7231.217,8.534,0.267,8738.734,273.085,143.798,15.348,3.092,32,8,1,1,1,1,tp8pp1dp1etp1ep1,bfloat16,bfloat16,bfloat16,bfloat16,half,12.803,sglang,0.5.10,b200_sxm,8,1,1,1,1,tp8pp1dp1etp1ep1,bfloat16,bfloat16,bfloat16,bfloat16,half,15.749,sglang,0.5.10,b200_sxm,0.0,273.085
qwen3_32b,b200_sxm,SILICON,Qwen/Qwen3-32B,4096,1024,0,48,7.582,1,1,1,16,16,3,117.275,5.693,5941.214,7.582,0.237,7763.681,242.615,175.64,15.348,2.747,32,8,1,1,1,1,tp8pp1dp1etp1ep1,bfloat16,bfloat16,bfloat16,bfloat16,half,12.803,sglang,0.5.10,b200_sxm,8,1,1,1,1,tp8pp1dp1etp1ep1,bfloat16,bfloat16,bfloat16,bfloat16,half,14.812,sglang,0.5.10,b200_sxm,0.0,242.615
qwen3_32b,b200_sxm,SILICON,Qwen/Qwen3-32B,4096,1024,0,24,4.51,1,1,1,8,8,3,117.275,4.786,5013.353,4.51,0.141,4618.076,144.315,208.955,15.348,1.634,32,8,1,1,1,1,tp8pp1dp1etp1ep1,bfloat16,bfloat16,bfloat16,bfloat16,half,12.803,sglang,0.5.10,b200_sxm,8,1,1,1,1,tp8pp1dp1etp1ep1,bfloat16,bfloat16,bfloat16,bfloat16,half,13.562,sglang,0.5.10,b200_sxm,0.0,144.315
qwen3_32b,b200_sxm,EMPIRICAL,Qwen/Qwen3-32B,4096,1024,0,2016,60.423,1,1,7,224,224,9,187.672,29.975,30852.097,60.423,1.888,61873.459,1933.546,33.361,9.591,7.305,32,2,1,1,1,1,tp2pp1dp1etp1ep1,bfloat16,bfloat16,bfloat16,bfloat16,half,36.157,sglang,0.5.10,b200_sxm,2,1,1,1,1,tp2pp1dp1etp1ep1,bfloat16,bfloat16,bfloat16,bfloat16,half,175.147,sglang,0.5.10,b200_sxm,0.0,1933.546
qwen3_32b,b200_sxm,EMPIRICAL,Qwen/Qwen3-32B,4096,1024,0,448,13.599,1,1,1,448,448,1,115.126,29.627,30423.547,13.599,1.7,13924.884,1740.611,33.753,15.635,14.781,8,4,1,1,1,1,tp4pp1dp1etp1ep1,bfloat16,bfloat16,bfloat16,bfloat16,half,20.556,sglang,0.5.10,b200_sxm,4,1,1,1,1,tp4pp1dp1etp1ep1,bfloat16,bfloat16,bfloat16,bfloat16,half,159.94,sglang,0.5.10,b200_sxm,0.0,1740.611
qwen3_32b,b200_sxm,EMPIRICAL,Qwen/Qwen3-32B,4096,1024,0,376,13.544,1,1,1,376,376,1,115.126,24.966,25655.344,13.544,1.693,13869.302,1733.663,40.055,15.635,14.722,8,4,1,1,1,1,tp4pp1dp1etp1ep1,bfloat16,bfloat16,bfloat16,bfloat16,half,20.556,sglang,0.5.10,b200_sxm,4,1,1,1,1,tp4pp1dp1etp1ep1,bfloat16,bfloat16,bfloat16,bfloat16,half,137.44,sglang,0.5.10,b200_sxm,0.0,1733.663
qwen3_32b,b200_sxm,EMPIRICAL,Qwen/Qwen3-32B,4096,1024,0,296,13.355,1,1,1,296,296,1,115.126,19.933,20506.585,13.355,1.669,13675.233,1709.404,50.168,15.635,14.516,8,4,1,1,1,1,tp4pp1dp1etp1ep1,bfloat16,bfloat16,bfloat16,bfloat16,half,20.556,sglang,0.5.10,b200_sxm,4,1,1,1,1,tp4pp1dp1etp1ep1,bfloat16,bfloat16,bfloat16,bfloat16,half,112.44,sglang,0.5.10,b200_sxm,0.0,1709.404
qwen3_32b,b200_sxm,EMPIRICAL,Qwen/Qwen3-32B,4096,1024,0,272,13.161,1,1,1,272,272,1,115.126,18.586,19128.604,13.161,1.645,13476.454,1684.557,53.803,15.635,14.305,8,4,1,1,1,1,tp4pp1dp1etp1ep1,bfloat16,bfloat16,bfloat16,bfloat16,half,20.556,sglang,0.5.10,b200_sxm,4,1,1,1,1,tp4pp1dp1etp1ep1,bfloat16,bfloat16,bfloat16,bfloat16,half,104.94,sglang,0.5.10,b200_sxm,0.0,1684.557
qwen3_32b,b200_sxm,EMPIRICAL,Qwen/Qwen3-32B,4096,1024,0,256,13.015,1,1,1,256,256,1,115.126,17.688,18209.95,13.015,1.627,13327.606,1665.951,56.534,15.635,14.147,8,4,1,1,1,1,tp4pp1dp1etp1ep1,bfloat16,bfloat16,bfloat16,bfloat16,half,20.556,sglang,0.5.10,b200_sxm,4,1,1,1,1,tp4pp1dp1etp1ep1,bfloat16,bfloat16,bfloat16,bfloat16,half,99.94,sglang,0.5.10,b200_sxm,0.0,1665.951
qwen3_32b,b200_sxm,EMPIRICAL,Qwen/Qwen3-32B,4096,1024,0,460,25.896,1,1,3,92,92,5,187.672,15.86,16412.452,25.896,1.618,26517.197,1657.325,63.051,9.591,5.67,16,2,1,1,1,1,tp2pp1dp1etp1ep1,bfloat16,bfloat16,bfloat16,bfloat16,half,36.157,sglang,0.5.10,b200_sxm,2,1,1,1,1,tp2pp1dp1etp1ep1,bfloat16,bfloat16,bfloat16,bfloat16,half,92.647,sglang,0.5.10,b200_sxm,0.0,1657.325
qwen3_32b,b200_sxm,EMPIRICAL,Qwen/Qwen3-32B,4096,1024,0,208,12.474,1,1,1,208,208,1,115.126,14.995,15455.011,12.474,1.559,12773.663,1596.708,66.688,15.635,13.559,8,4,1,1,1,1,tp4pp1dp1etp1ep1,bfloat16,bfloat16,bfloat16,bfloat16,half,20.556,sglang,0.5.10,b200_sxm,4,1,1,1,1,tp4pp1dp1etp1ep1,bfloat16,bfloat16,bfloat16,bfloat16,half,84.94,sglang,0.5.10,b200_sxm,0.0,1596.708
qwen3_32b,b200_sxm,EMPIRICAL,Qwen/Qwen3-32B,4096,1024,0,400,24.679,1,1,3,80,80,5,187.672,14.577,15099.943,24.679,1.542,25271.296,1579.456,68.602,9.591,5.365,16,2,1,1,1,1,tp2pp1dp1etp1ep1,bfloat16,bfloat16,bfloat16,bfloat16,half,36.157,sglang,0.5.10,b200_sxm,2,1,1,1,1,tp2pp1dp1etp1ep1,bfloat16,bfloat16,bfloat16,bfloat16,half,85.147,sglang,0.5.10,b200_sxm,0.0,1579.456
qwen3_32b,b200_sxm,EMPIRICAL,Qwen/Qwen3-32B,4096,1024,0,168,11.85,1,1,1,168,168,1,115.126,12.751,13159.399,11.85,1.481,12133.99,1516.749,78.427,15.635,12.88,8,4,1,1,1,1,tp4pp1dp1etp1ep1,bfloat16,bfloat16,bfloat16,bfloat16,half,20.556,sglang,0.5.10,b200_sxm,4,1,1,1,1,tp4pp1dp1etp1ep1,bfloat16,bfloat16,bfloat16,bfloat16,half,72.44,sglang,0.5.10,b200_sxm,0.0,1516.749
qwen3_32b,b200_sxm,EMPIRICAL,Qwen/Qwen3-32B,4096,1024,0,152,11.533,1,1,1,152,152,1,115.126,11.853,12240.745,11.533,1.442,11809.915,1476.239,84.368,15.635,12.536,8,4,1,1,1,1,tp4pp1dp1etp1ep1,bfloat16,bfloat16,bfloat16,bfloat16,half,20.556,sglang,0.5.10,b200_sxm,4,1,1,1,1,tp4pp1dp1etp1ep1,bfloat16,bfloat16,bfloat16,bfloat16,half,67.44,sglang,0.5.10,b200_sxm,0.0,1476.239
qwen3_32b,b200_sxm,EMPIRICAL,Qwen/Qwen3-32B,4096,1024,0,136,11.164,1,1,1,136,136,1,115.126,10.955,11322.091,11.164,1.396,11432.141,1429.018,91.282,15.635,12.135,8,4,1,1,1,1,tp4pp1dp1etp1ep1,bfloat16,bfloat16,bfloat16,bfloat16,half,20.556,sglang,0.5.10,b200_sxm,4,1,1,1,1,tp4pp1dp1etp1ep1,bfloat16,bfloat16,bfloat16,bfloat16,half,62.44,sglang,0.5.10,b200_sxm,0.0,1429.018
qwen3_32b,b200_sxm,EMPIRICAL,Qwen/Qwen3-32B,4096,1024,0,116,10.609,1,1,1,116,116,1,115.126,9.833,10174.285,10.609,1.326,10864.067,1358.008,101.7,15.635,11.532,8,4,1,1,1,1,tp4pp1dp1etp1ep1,bfloat16,bfloat16,bfloat16,bfloat16,half,20.556,sglang,0.5.10,b200_sxm,4,1,1,1,1,tp4pp1dp1etp1ep1,bfloat16,bfloat16,bfloat16,bfloat16,half,56.19,sglang,0.5.10,b200_sxm,0.0,1358.008
qwen3_32b,b200_sxm,EMPIRICAL,Qwen/Qwen3-32B,4096,1024,0,400,42.214,1,1,3,80,80,5,115.126,7.813,8107.825,42.214,1.319,43227.648,1350.864,127.994,15.635,10.009,32,4,1,1,1,1,tp4pp1dp1etp1ep1,bfloat16,bfloat16,bfloat16,bfloat16,half,20.556,sglang,0.5.10,b200_sxm,4,1,1,1,1,tp4pp1dp1etp1ep1,bfloat16,bfloat16,bfloat16,bfloat16,half,44.94,sglang,0.5.10,b200_sxm,0.0,1350.864
qwen3_32b,b200_sxm,EMPIRICAL,Qwen/Qwen3-32B,4096,1024,0,320,41.616,1,1,3,64,64,5,115.126,6.915,7189.171,41.616,1.301,42614.989,1331.718,144.612,15.635,9.047,32,4,1,1,1,1,tp4pp1dp1etp1ep1,bfloat16,bfloat16,bfloat16,bfloat16,half,20.556,sglang,0.5.10,b200_sxm,4,1,1,1,1,tp4pp1dp1etp1ep1,bfloat16,bfloat16,bfloat16,bfloat16,half,39.94,sglang,0.5.10,b200_sxm,0.0,1331.718
qwen3_32b,b200_sxm,EMPIRICAL,Qwen/Qwen3-32B,4096,1024,0,160,20.544,1,1,1,160,160,1,78.853,6.887,7124.254,20.544,1.284,21037.363,1314.835,145.201,22.827,22.71,16,8,1,1,1,1,tp8pp1dp1etp1ep1,bfloat16,bfloat16,bfloat16,bfloat16,half,12.803,sglang,0.5.10,b200_sxm,8,1,1,1,1,tp8pp1dp1etp1ep1,bfloat16,bfloat16,bfloat16,bfloat16,half,37.312,sglang,0.5.10,b200_sxm,0.0,1314.835
qwen3_32b,b200_sxm,EMPIRICAL,Qwen/Qwen3-32B,4096,1024,0,128,19.496,1,1,1,128,128,1,78.853,5.905,6119.668,19.496,1.218,19963.617,1247.726,169.361,22.827,21.191,16,8,1,1,1,1,tp8pp1dp1etp1ep1,bfloat16,bfloat16,bfloat16,bfloat16,half,12.803,sglang,0.5.10,b200_sxm,8,1,1,1,1,tp8pp1dp1etp1ep1,bfloat16,bfloat16,bfloat16,bfloat16,half,32.312,sglang,0.5.10,b200_sxm,0.0,1247.726
qwen3_32b,b200_sxm,EMPIRICAL,Qwen/Qwen3-32B,4096,1024,0,96,17.541,1,1,1,96,96,1,78.853,4.922,5114.059,17.541,1.096,17961.697,1122.606,203.167,22.827,19.066,16,8,1,1,1,1,tp8pp1dp1etp1ep1,bfloat16,bfloat16,bfloat16,bfloat16,half,12.803,sglang,0.5.10,b200_sxm,8,1,1,1,1,tp8pp1dp1etp1ep1,bfloat16,bfloat16,bfloat16,bfloat16,half,27.312,sglang,0.5.10,b200_sxm,0.0,1122.606
qwen3_32b,b200_sxm,EMPIRICAL,Qwen/Qwen3-32B,4096,1024,0,64,14.61,1,1,1,64,64,1,78.853,3.94,4109.473,14.61,0.913,14960.23,935.014,253.834,22.827,15.88,16,8,1,1,1,1,tp8pp1dp1etp1ep1,bfloat16,bfloat16,bfloat16,bfloat16,half,12.803,sglang,0.5.10,b200_sxm,8,1,1,1,1,tp8pp1dp1etp1ep1,bfloat16,bfloat16,bfloat16,bfloat16,half,22.312,sglang,0.5.10,b200_sxm,0.0,935.014
qwen3_32b,b200_sxm,EMPIRICAL,Qwen/Qwen3-32B,4096,1024,0,64,19.464,1,1,1,32,32,2,78.853,2.957,3103.864,19.464,0.811,19930.644,830.444,338.169,22.827,10.578,24,8,1,1,1,1,tp8pp1dp1etp1ep1,bfloat16,bfloat16,bfloat16,bfloat16,half,12.803,sglang,0.5.10,b200_sxm,8,1,1,1,1,tp8pp1dp1etp1ep1,bfloat16,bfloat16,bfloat16,bfloat16,half,17.312,sglang,0.5.10,b200_sxm,0.0,622.833
qwen3_32b,b200_sxm,ANALYTICAL,Qwen/Qwen3-32B,4096,1024,0,472,10.745,1,1,1,472,472,1,141.352,39.507,40557.013,10.745,1.343,11002.552,1375.319,25.312,12.734,11.679,8,4,1,1,1,1,tp4pp1dp1etp1ep1,bfloat16,bfloat16,bfloat16,bfloat16,half,20.556,sglang,0.5.10,b200_sxm,4,1,1,1,1,tp4pp1dp1etp1ep1,bfloat16,bfloat16,bfloat16,bfloat16,half,167.44,sglang,0.5.10,b200_sxm,0.0,1375.319
qwen3_32b,b200_sxm,ANALYTICAL,Qwen/Qwen3-32B,4096,1024,0,1848,42.481,1,1,11,88,88,21,419.51,37.705,38991.725,42.481,1.328,43500.442,1359.389,26.522,4.291,2.281,32,1,1,1,1,1,tp1pp1dp1etp1ep1,bfloat16,bfloat16,bfloat16,bfloat16,half,67.229,sglang,0.5.10,b200_sxm,1,1,1,1,1,tp1pp1dp1etp1ep1,bfloat16,bfloat16,bfloat16,bfloat16,half,175.324,sglang,0.5.10,b200_sxm,0.0,1359.389
qwen3_32b,b200_sxm,ANALYTICAL,Qwen/Qwen3-32B,4096,1024,0,408,10.541,1,1,1,408,408,1,141.352,34.807,35748.913,10.541,1.318,10794.353,1349.294,28.73,12.734,11.458,8,4,1,1,1,1,tp4pp1dp1etp1ep1,bfloat16,bfloat16,bfloat16,bfloat16,half,20.556,sglang,0.5.10,b200_sxm,4,1,1,1,1,tp4pp1dp1etp1ep1,bfloat16,bfloat16,bfloat16,bfloat16,half,147.44,sglang,0.5.10,b200_sxm,0.0,1349.294
qwen3_32b,b200_sxm,ANALYTICAL,Qwen/Qwen3-32B,4096,1024,0,1596,41.751,1,1,11,76,76,21,419.51,34.371,35581.043,41.751,1.305,42752.532,1336.017,29.094,4.291,2.161,32,1,1,1,1,1,tp1pp1dp1etp1ep1,bfloat16,bfloat16,bfloat16,bfloat16,half,67.229,sglang,0.5.10,b200_sxm,1,1,1,1,1,tp1pp1dp1etp1ep1,bfloat16,bfloat16,bfloat16,bfloat16,half,160.324,sglang,0.5.10,b200_sxm,0.0,1336.017
qwen3_32b,b200_sxm,ANALYTICAL,Qwen/Qwen3-32B,4096,1024,0,600,20.763,1,1,3,120,120,5,234.072,24.638,25438.746,20.763,1.298,21261.312,1328.832,40.588,7.69,4.761,16,2,1,1,1,1,tp2pp1dp1etp1ep1,bfloat16,bfloat16,bfloat16,bfloat16,half,36.157,sglang,0.5.10,b200_sxm,2,1,1,1,1,tp2pp1dp1etp1ep1,bfloat16,bfloat16,bfloat16,bfloat16,half,110.147,sglang,0.5.10,b200_sxm,0.0,1328.832
qwen3_32b,b200_sxm,ANALYTICAL,Qwen/Qwen3-32B,4096,1024,0,420,19.329,1,1,3,84,84,5,234.072,19.542,20225.538,19.329,1.208,19793.101,1237.069,51.172,7.69,4.202,16,2,1,1,1,1,tp2pp1dp1etp1ep1,bfloat16,bfloat16,bfloat16,bfloat16,half,36.157,sglang,0.5.10,b200_sxm,2,1,1,1,1,tp2pp1dp1etp1ep1,bfloat16,bfloat16,bfloat16,bfloat16,half,87.647,sglang,0.5.10,b200_sxm,0.0,1237.069
qwen3_32b,b200_sxm,ANALYTICAL,Qwen/Qwen3-32B,4096,1024,0,400,18.957,1,1,3,80,80,5,234.072,18.976,19646.52,18.957,1.185,19411.558,1213.222,52.699,7.69,4.121,16,2,1,1,1,1,tp2pp1dp1etp1ep1,bfloat16,bfloat16,bfloat16,bfloat16,half,36.157,sglang,0.5.10,b200_sxm,2,1,1,1,1,tp2pp1dp1etp1ep1,bfloat16,bfloat16,bfloat16,bfloat16,half,85.147,sglang,0.5.10,b200_sxm,0.0,1213.222
qwen3_32b,b200_sxm,ANALYTICAL,Qwen/Qwen3-32B,4096,1024,0,192,9.114,1,1,1,192,192,1,141.352,18.947,19524.133,9.114,1.139,9332.244,1166.531,52.78,12.734,9.906,8,4,1,1,1,1,tp4pp1dp1etp1ep1,bfloat16,bfloat16,bfloat16,bfloat16,half,20.556,sglang,0.5.10,b200_sxm,4,1,1,1,1,tp4pp1dp1etp1ep1,bfloat16,bfloat16,bfloat16,bfloat16,half,79.94,sglang,0.5.10,b200_sxm,0.0,1166.531
qwen3_32b,b200_sxm,ANALYTICAL,Qwen/Qwen3-32B,4096,1024,0,176,8.907,1,1,1,176,176,1,141.352,17.772,18322.108,8.907,1.113,9120.276,1140.035,56.269,12.734,9.681,8,4,1,1,1,1,tp4pp1dp1etp1ep1,bfloat16,bfloat16,bfloat16,bfloat16,half,20.556,sglang,0.5.10,b200_sxm,4,1,1,1,1,tp4pp1dp1etp1ep1,bfloat16,bfloat16,bfloat16,bfloat16,half,74.94,sglang,0.5.10,b200_sxm,0.0,1140.035
qwen3_32b,b200_sxm,ANALYTICAL,Qwen/Qwen3-32B,4096,1024,0,160,8.67,1,1,1,160,160,1,141.352,16.597,17120.083,8.67,1.084,8878.162,1109.77,60.252,12.734,9.424,8,4,1,1,1,1,tp4pp1dp1etp1ep1,bfloat16,bfloat16,bfloat16,bfloat16,half,20.556,sglang,0.5.10,b200_sxm,4,1,1,1,1,tp4pp1dp1etp1ep1,bfloat16,bfloat16,bfloat16,bfloat16,half,69.94,sglang,0.5.10,b200_sxm,0.0,1109.77
qwen3_32b,b200_sxm,ANALYTICAL,Qwen/Qwen3-32B,4096,1024,0,616,34.605,1,1,5,56,56,11,234.072,15.579,16171.389,34.605,1.081,35435.52,1107.36,64.19,7.69,3.514,32,2,1,1,1,1,tp2pp1dp1etp1ep1,bfloat16,bfloat16,bfloat16,bfloat16,half,36.157,sglang,0.5.10,b200_sxm,2,1,1,1,1,tp2pp1dp1etp1ep1,bfloat16,bfloat16,bfloat16,bfloat16,half,70.147,sglang,0.5.10,b200_sxm,0.0,1107.36
qwen3_32b,b200_sxm,ANALYTICAL,Qwen/Qwen3-32B,4096,1024,0,480,34.382,1,1,3,96,96,5,141.352,11.897,12311.983,34.382,1.074,35206.963,1100.218,84.052,12.734,7.888,32,4,1,1,1,1,tp4pp1dp1etp1ep1,bfloat16,bfloat16,bfloat16,bfloat16,half,20.556,sglang,0.5.10,b200_sxm,4,1,1,1,1,tp4pp1dp1etp1ep1,bfloat16,bfloat16,bfloat16,bfloat16,half,49.94,sglang,0.5.10,b200_sxm,0.0,1100.218
qwen3_32b,b200_sxm,ANALYTICAL,Qwen/Qwen3-32B,4096,1024,0,400,33.548,1,1,3,80,80,5,141.352,10.723,11110.981,33.548,1.048,34352.947,1073.53,93.261,12.734,7.293,32,4,1,1,1,1,tp4pp1dp1etp1ep1,bfloat16,bfloat16,bfloat16,bfloat16,half,20.556,sglang,0.5.10,b200_sxm,4,1,1,1,1,tp4pp1dp1etp1ep1,bfloat16,bfloat16,bfloat16,bfloat16,half,44.94,sglang,0.5.10,b200_sxm,0.0,1073.53
qwen3_32b,b200_sxm,ANALYTICAL,Qwen/Qwen3-32B,4096,1024,0,340,31.068,1,1,3,68,68,5,141.352,9.841,10208.695,31.068,0.971,31814.042,994.189,101.612,12.734,6.754,32,4,1,1,1,1,tp4pp1dp1etp1ep1,bfloat16,bfloat16,bfloat16,bfloat16,half,20.556,sglang,0.5.10,b200_sxm,4,1,1,1,1,tp4pp1dp1etp1ep1,bfloat16,bfloat16,bfloat16,bfloat16,half,41.19,sglang,0.5.10,b200_sxm,0.0,994.189
qwen3_32b,b200_sxm,ANALYTICAL,Qwen/Qwen3-32B,4096,1024,0,160,14.765,1,1,1,160,160,1,94.993,9.746,10065.151,14.765,0.923,15119.442,944.965,102.611,18.949,16.049,16,8,1,1,1,1,tp8pp1dp1etp1ep1,bfloat16,bfloat16,bfloat16,bfloat16,half,12.803,sglang,0.5.10,b200_sxm,8,1,1,1,1,tp8pp1dp1etp1ep1,bfloat16,bfloat16,bfloat16,bfloat16,half,37.312,sglang,0.5.10,b200_sxm,0.0,944.965
qwen3_32b,b200_sxm,ANALYTICAL,Qwen/Qwen3-32B,4096,1024,0,136,13.898,1,1,1,136,136,1,94.993,8.801,9098.416,13.898,0.869,14231.06,889.441,113.628,18.949,15.106,16,8,1,1,1,1,tp8pp1dp1etp1ep1,bfloat16,bfloat16,bfloat16,bfloat16,half,12.803,sglang,0.5.10,b200_sxm,8,1,1,1,1,tp8pp1dp1etp1ep1,bfloat16,bfloat16,bfloat16,bfloat16,half,33.562,sglang,0.5.10,b200_sxm,0.0,889.441
qwen3_32b,b200_sxm,ANALYTICAL,Qwen/Qwen3-32B,4096,1024,0,112,12.822,1,1,1,112,112,1,94.993,7.856,8131.681,12.822,0.801,13129.769,820.611,127.295,18.949,13.937,16,8,1,1,1,1,tp8pp1dp1etp1ep1,bfloat16,bfloat16,bfloat16,bfloat16,half,12.803,sglang,0.5.10,b200_sxm,8,1,1,1,1,tp8pp1dp1etp1ep1,bfloat16,bfloat16,bfloat16,bfloat16,half,29.812,sglang,0.5.10,b200_sxm,0.0,820.611
qwen3_32b,b200_sxm,ANALYTICAL,Qwen/Qwen3-32B,4096,1024,0,88,11.451,1,1,1,88,88,1,94.993,6.911,7164.946,11.451,0.716,11726.07,732.879,144.699,18.949,12.447,16,8,1,1,1,1,tp8pp1dp1etp1ep1,bfloat16,bfloat16,bfloat16,bfloat16,half,12.803,sglang,0.5.10,b200_sxm,8,1,1,1,1,tp8pp1dp1etp1ep1,bfloat16,bfloat16,bfloat16,bfloat16,half,26.062,sglang,0.5.10,b200_sxm,0.0,732.879
qwen3_32b,b200_sxm,ANALYTICAL,Qwen/Qwen3-32B,4096,1024,0,84,10.941,1,1,1,28,28,3,141.352,6.904,7204.144,10.941,0.684,11203.215,700.201,144.839,12.734,3.964,16,4,1,1,1,1,tp4pp1dp1etp1ep1,bfloat16,bfloat16,bfloat16,bfloat16,half,20.556,sglang,0.5.10,b200_sxm,4,1,1,1,1,tp4pp1dp1etp1ep1,bfloat16,bfloat16,bfloat16,bfloat16,half,28.69,sglang,0.5.10,b200_sxm,0.0,700.201
qwen3_32b,b200_sxm,ANALYTICAL,Qwen/Qwen3-32B,4096,1024,0,128,17.054,1,1,1,64,64,2,94.993,5.966,6198.211,17.054,0.711,17463.398,727.642,167.616,18.949,10.486,24,8,1,1,1,1,tp8pp1dp1etp1ep1,bfloat16,bfloat16,bfloat16,bfloat16,half,12.803,sglang,0.5.10,b200_sxm,8,1,1,1,1,tp8pp1dp1etp1ep1,bfloat16,bfloat16,bfloat16,bfloat16,half,22.312,sglang,0.5.10,b200_sxm,0.0,545.7315000000001
qwen3_32b,b200_sxm,ANALYTICAL,Qwen/Qwen3-32B,4096,1024,0,72,13.312,1,1,1,36,36,2,94.993,4.864,5070.865,13.312,0.555,13631.898,567.996,205.607,18.949,7.235,24,8,1,1,1,1,tp8pp1dp1etp1ep1,bfloat16,bfloat16,bfloat16,bfloat16,half,12.803,sglang,0.5.10,b200_sxm,8,1,1,1,1,tp8pp1dp1etp1ep1,bfloat16,bfloat16,bfloat16,bfloat16,half,17.937,sglang,0.5.10,b200_sxm,0.0,425.99699999999996
qwen3_32b,b200_sxm,ANALYTICAL,Qwen/Qwen3-32B,4096,1024,0,39,8.81,1,1,1,13,13,3,94.993,3.982,4168.579,8.81,0.275,9021.358,281.917,251.155,18.949,3.192,32,8,1,1,1,1,tp8pp1dp1etp1ep1,bfloat16,bfloat16,bfloat16,bfloat16,half,12.803,sglang,0.5.10,b200_sxm,8,1,1,1,1,tp8pp1dp1etp1ep1,bfloat16,bfloat16,bfloat16,bfloat16,half,14.343,sglang,0.5.10,b200_sxm,0.0,281.917
qwen3_32b,b300_sxm,SILICON,Qwen/Qwen3-32B,4096,1024,0,1440,28.558,1,1,7,160,160,9,390.991,45.348,46781.995,28.558,1.785,29243.105,1827.694,22.052,4.604,3.449,16,1,1,1,1,1,tp1pp1dp1etp1ep1,bfloat16,bfloat16,bfloat16,bfloat16,half,67.229,sglang,0.5.10,b300_sxm,1,1,1,1,1,tp1pp1dp1etp1ep1,bfloat16,bfloat16,bfloat16,bfloat16,half,265.324,sglang,0.5.10,b300_sxm,0.0,1827.694
qwen3_32b,b300_sxm,SILICON,Qwen/Qwen3-32B,4096,1024,0,1368,28.069,1,1,7,152,152,9,390.991,43.83,45229.081,28.069,1.754,28742.861,1796.429,22.815,4.604,3.39,16,1,1,1,1,1,tp1pp1dp1etp1ep1,bfloat16,bfloat16,bfloat16,bfloat16,half,67.229,sglang,0.5.10,b300_sxm,1,1,1,1,1,tp1pp1dp1etp1ep1,bfloat16,bfloat16,bfloat16,bfloat16,half,255.324,sglang,0.5.10,b300_sxm,0.0,1796.429
qwen3_32b,b300_sxm,SILICON,Qwen/Qwen3-32B,4096,1024,0,2088,52.372,1,1,7,232,232,9,216.526,34.409,35416.933,52.372,1.637,53628.826,1675.901,29.062,8.313,6.591,32,2,1,1,1,1,tp2pp1dp1etp1ep1,bfloat16,bfloat16,bfloat16,bfloat16,half,36.157,sglang,0.5.10,b300_sxm,2,1,1,1,1,tp2pp1dp1etp1ep1,bfloat16,bfloat16,bfloat16,bfloat16,half,180.147,sglang,0.5.10,b300_sxm,0.0,1675.901
qwen3_32b,b300_sxm,SILICON,Qwen/Qwen3-32B,4096,1024,0,1656,50.16,1,1,7,184,184,9,216.526,29.691,30590.419,50.16,1.568,51364.086,1605.128,33.68,8.313,6.058,32,2,1,1,1,1,tp2pp1dp1etp1ep1,bfloat16,bfloat16,bfloat16,bfloat16,half,36.157,sglang,0.5.10,b300_sxm,2,1,1,1,1,tp2pp1dp1etp1ep1,bfloat16,bfloat16,bfloat16,bfloat16,half,150.147,sglang,0.5.10,b300_sxm,0.0,1605.128
qwen3_32b,b300_sxm,SILICON,Qwen/Qwen3-32B,4096,1024,0,1260,45.344,1,1,11,60,60,21,390.991,24.987,25952.692,45.344,1.417,46432.297,1451.009,40.02,4.604,2.347,32,1,1,1,1,1,tp1pp1dp1etp1ep1,bfloat16,bfloat16,bfloat16,bfloat16,half,67.229,sglang,0.5.10,b300_sxm,1,1,1,1,1,tp1pp1dp1etp1ep1,bfloat16,bfloat16,bfloat16,bfloat16,half,140.324,sglang,0.5.10,b300_sxm,0.0,1451.009
qwen3_32b,b300_sxm,SILICON,Qwen/Qwen3-32B,4096,1024,0,520,22.445,1,1,3,104,104,5,216.526,19.901,20575.249,22.445,1.403,22983.782,1436.486,50.249,8.313,5.108,16,2,1,1,1,1,tp2pp1dp1etp1ep1,bfloat16,bfloat16,bfloat16,bfloat16,half,36.157,sglang,0.5.10,b300_sxm,2,1,1,1,1,tp2pp1dp1etp1ep1,bfloat16,bfloat16,bfloat16,bfloat16,half,100.147,sglang,0.5.10,b300_sxm,0.0,1436.486
qwen3_32b,b300_sxm,SILICON,Qwen/Qwen3-32B,4096,1024,0,460,22.163,1,1,3,92,92,5,216.526,18.664,19309.798,22.163,1.385,22694.707,1418.419,53.578,8.313,4.818,16,2,1,1,1,1,tp2pp1dp1etp1ep1,bfloat16,bfloat16,bfloat16,bfloat16,half,36.157,sglang,0.5.10,b300_sxm,2,1,1,1,1,tp2pp1dp1etp1ep1,bfloat16,bfloat16,bfloat16,bfloat16,half,92.647,sglang,0.5.10,b300_sxm,0.0,1418.419
qwen3_32b,b300_sxm,SILICON,Qwen/Qwen3-32B,4096,1024,0,420,21.151,1,1,3,84,84,5,216.526,17.86,18487.306,21.151,1.322,21658.419,1353.651,55.992,8.313,4.598,16,2,1,1,1,1,tp2pp1dp1etp1ep1,bfloat16,bfloat16,bfloat16,bfloat16,half,36.157,sglang,0.5.10,b300_sxm,2,1,1,1,1,tp2pp1dp1etp1ep1,bfloat16,bfloat16,bfloat16,bfloat16,half,87.647,sglang,0.5.10,b300_sxm,0.0,1353.651
qwen3_32b,b300_sxm,SILICON,Qwen/Qwen3-32B,4096,1024,0,380,20.245,1,1,3,76,76,5,216.526,16.881,17485.789,20.245,1.265,20730.47,1295.654,59.239,8.313,4.401,16,2,1,1,1,1,tp2pp1dp1etp1ep1,bfloat16,bfloat16,bfloat16,bfloat16,half,36.157,sglang,0.5.10,b300_sxm,2,1,1,1,1,tp2pp1dp1etp1ep1,bfloat16,bfloat16,bfloat16,bfloat16,half,82.647,sglang,0.5.10,b300_sxm,0.0,1295.654
qwen3_32b,b300_sxm,SILICON,Qwen/Qwen3-32B,4096,1024,0,616,37.408,1,1,5,56,56,11,216.526,14.646,15199.384,37.408,1.169,38306.304,1197.072,68.28,8.313,3.738,32,2,1,1,1,1,tp2pp1dp1etp1ep1,bfloat16,bfloat16,bfloat16,bfloat16,half,36.157,sglang,0.5.10,b300_sxm,2,1,1,1,1,tp2pp1dp1etp1ep1,bfloat16,bfloat16,bfloat16,bfloat16,half,70.147,sglang,0.5.10,b300_sxm,0.0,1197.072
qwen3_32b,b300_sxm,SILICON,Qwen/Qwen3-32B,4096,1024,0,540,34.984,1,1,3,108,108,5,138.922,12.824,13257.874,34.984,1.093,35823.514,1119.485,77.982,12.957,8.233,32,4,1,1,1,1,tp4pp1dp1etp1ep1,bfloat16,bfloat16,bfloat16,bfloat16,half,20.556,sglang,0.5.10,b300_sxm,4,1,1,1,1,tp4pp1dp1etp1ep1,bfloat16,bfloat16,bfloat16,bfloat16,half,53.69,sglang,0.5.10,b300_sxm,0.0,1119.485
qwen3_32b,b300_sxm,SILICON,Qwen/Qwen3-32B,4096,1024,0,420,31.717,1,1,3,84,84,5,138.922,11.909,12321.829,31.717,0.991,32478.208,1014.944,83.97,12.957,6.895,32,4,1,1,1,1,tp4pp1dp1etp1ep1,bfloat16,bfloat16,bfloat16,bfloat16,half,20.556,sglang,0.5.10,b300_sxm,4,1,1,1,1,tp4pp1dp1etp1ep1,bfloat16,bfloat16,bfloat16,bfloat16,half,46.19,sglang,0.5.10,b300_sxm,0.0,1014.944
qwen3_32b,b300_sxm,SILICON,Qwen/Qwen3-32B,4096,1024,0,160,12.138,1,1,1,160,160,1,109.971,11.855,12237.636,12.138,0.759,12428.861,776.804,84.355,16.368,13.193,16,8,1,1,1,1,tp8pp1dp1etp1ep1,bfloat16,bfloat16,bfloat16,bfloat16,half,12.803,sglang,0.5.10,b300_sxm,8,1,1,1,1,tp8pp1dp1etp1ep1,bfloat16,bfloat16,bfloat16,bfloat16,half,37.312,sglang,0.5.10,b300_sxm,0.0,776.804
qwen3_32b,b300_sxm,SILICON,Qwen/Qwen3-32B,4096,1024,0,108,10.974,1,1,1,36,36,3,138.922,8.852,9194.518,10.974,0.686,11237.13,702.321,112.971,12.957,3.976,16,4,1,1,1,1,tp4pp1dp1etp1ep1,bfloat16,bfloat16,bfloat16,bfloat16,half,20.556,sglang,0.5.10,b300_sxm,4,1,1,1,1,tp4pp1dp1etp1ep1,bfloat16,bfloat16,bfloat16,bfloat16,half,31.19,sglang,0.5.10,b300_sxm,0.0,702.321
qwen3_32b,b300_sxm,SILICON,Qwen/Qwen3-32B,4096,1024,0,84,9.743,1,1,1,28,28,3,138.922,7.754,8071.264,9.743,0.609,9976.627,623.539,128.958,12.957,3.53,16,4,1,1,1,1,tp4pp1dp1etp1ep1,bfloat16,bfloat16,bfloat16,bfloat16,half,20.556,sglang,0.5.10,b300_sxm,4,1,1,1,1,tp4pp1dp1etp1ep1,bfloat16,bfloat16,bfloat16,bfloat16,half,28.69,sglang,0.5.10,b300_sxm,0.0,623.539
qwen3_32b,b300_sxm,SILICON,Qwen/Qwen3-32B,4096,1024,0,100,11.661,1,1,1,20,20,5,138.922,6.982,7281.508,11.661,0.486,11941.171,497.549,143.224,12.957,2.8,24,4,1,1,1,1,tp4pp1dp1etp1ep1,bfloat16,bfloat16,bfloat16,bfloat16,half,20.556,sglang,0.5.10,b300_sxm,4,1,1,1,1,tp4pp1dp1etp1ep1,bfloat16,bfloat16,bfloat16,bfloat16,half,26.19,sglang,0.5.10,b300_sxm,0.0,373.16175
qwen3_32b,b300_sxm,SILICON,Qwen/Qwen3-32B,4096,1024,0,66,8.526,1,1,1,22,22,3,109.971,6.962,7232.097,8.526,0.266,8730.255,272.82,143.645,16.368,3.089,32,8,1,1,1,1,tp8pp1dp1etp1ep1,bfloat16,bfloat16,bfloat16,bfloat16,half,12.803,sglang,0.5.10,b300_sxm,8,1,1,1,1,tp8pp1dp1etp1ep1,bfloat16,bfloat16,bfloat16,bfloat16,half,15.749,sglang,0.5.10,b300_sxm,0.0,272.82
qwen3_32b,b300_sxm,SILICON,Qwen/Qwen3-32B,4096,1024,0,48,7.518,1,1,1,16,16,3,109.971,5.741,5983.014,7.518,0.235,7698.678,240.584,174.192,16.368,2.724,32,8,1,1,1,1,tp8pp1dp1etp1ep1,bfloat16,bfloat16,bfloat16,bfloat16,half,12.803,sglang,0.5.10,b300_sxm,8,1,1,1,1,tp8pp1dp1etp1ep1,bfloat16,bfloat16,bfloat16,bfloat16,half,14.812,sglang,0.5.10,b300_sxm,0.0,240.584
qwen3_32b,b300_sxm,SILICON,Qwen/Qwen3-32B,4096,1024,0,27,4.968,1,1,1,9,9,3,109.971,4.888,5110.395,4.968,0.155,5087.232,158.976,204.568,16.368,1.8,32,8,1,1,1,1,tp8pp1dp1etp1ep1,bfloat16,bfloat16,bfloat16,bfloat16,half,12.803,sglang,0.5.10,b300_sxm,8,1,1,1,1,tp8pp1dp1etp1ep1,bfloat16,bfloat16,bfloat16,bfloat16,half,13.718,sglang,0.5.10,b300_sxm,0.0,158.976
qwen3_32b,b300_sxm,EMPIRICAL,Qwen/Qwen3-32B,4096,1024,0,2736,60.291,1,1,7,304,304,9,188.096,39.732,40833.932,60.291,1.884,61737.984,1929.312,25.168,9.57,7.479,32,2,1,1,1,1,tp2pp1dp1etp1ep1,bfloat16,bfloat16,bfloat16,bfloat16,half,36.157,sglang,0.5.10,b300_sxm,2,1,1,1,1,tp2pp1dp1etp1ep1,bfloat16,bfloat16,bfloat16,bfloat16,half,225.147,sglang,0.5.10,b300_sxm,0.0,1929.312
qwen3_32b,b300_sxm,EMPIRICAL,Qwen/Qwen3-32B,4096,1024,0,2304,60.171,1,1,7,256,256,9,188.096,34.437,35417.147,60.171,1.88,61614.858,1925.464,29.038,9.57,7.267,32,2,1,1,1,1,tp2pp1dp1etp1ep1,bfloat16,bfloat16,bfloat16,bfloat16,half,36.157,sglang,0.5.10,b300_sxm,2,1,1,1,1,tp2pp1dp1etp1ep1,bfloat16,bfloat16,bfloat16,bfloat16,half,195.147,sglang,0.5.10,b300_sxm,0.0,1925.464
qwen3_32b,b300_sxm,EMPIRICAL,Qwen/Qwen3-32B,4096,1024,0,1872,57.77,1,1,7,208,208,9,188.096,29.142,30000.362,57.77,1.805,59156.029,1848.626,34.315,9.57,6.977,32,2,1,1,1,1,tp2pp1dp1etp1ep1,bfloat16,bfloat16,bfloat16,bfloat16,half,36.157,sglang,0.5.10,b300_sxm,2,1,1,1,1,tp2pp1dp1etp1ep1,bfloat16,bfloat16,bfloat16,bfloat16,half,165.147,sglang,0.5.10,b300_sxm,0.0,1848.626
qwen3_32b,b300_sxm,EMPIRICAL,Qwen/Qwen3-32B,4096,1024,0,360,13.195,1,1,1,360,360,1,115.445,24.537,25216.796,13.195,1.649,13511.311,1688.914,40.754,15.592,14.342,8,4,1,1,1,1,tp4pp1dp1etp1ep1,bfloat16,bfloat16,bfloat16,bfloat16,half,20.556,sglang,0.5.10,b300_sxm,4,1,1,1,1,tp4pp1dp1etp1ep1,bfloat16,bfloat16,bfloat16,bfloat16,half,132.44,sglang,0.5.10,b300_sxm,0.0,1688.914
qwen3_32b,b300_sxm,EMPIRICAL,Qwen/Qwen3-32B,4096,1024,0,520,25.839,1,1,3,104,104,5,188.096,17.669,18263.483,25.839,1.615,26459.136,1653.696,56.595,9.57,5.754,16,2,1,1,1,1,tp2pp1dp1etp1ep1,bfloat16,bfloat16,bfloat16,bfloat16,half,36.157,sglang,0.5.10,b300_sxm,2,1,1,1,1,tp2pp1dp1etp1ep1,bfloat16,bfloat16,bfloat16,bfloat16,half,100.147,sglang,0.5.10,b300_sxm,0.0,1653.696
qwen3_32b,b300_sxm,EMPIRICAL,Qwen/Qwen3-32B,4096,1024,0,480,25.714,1,1,3,96,96,5,188.096,16.787,17361.197,25.714,1.607,26331.136,1645.696,59.57,9.57,5.59,16,2,1,1,1,1,tp2pp1dp1etp1ep1,bfloat16,bfloat16,bfloat16,bfloat16,half,36.157,sglang,0.5.10,b300_sxm,2,1,1,1,1,tp2pp1dp1etp1ep1,bfloat16,bfloat16,bfloat16,bfloat16,half,95.147,sglang,0.5.10,b300_sxm,0.0,1645.696
qwen3_32b,b300_sxm,EMPIRICAL,Qwen/Qwen3-32B,4096,1024,0,440,24.881,1,1,3,88,88,5,188.096,15.904,16457.888,24.881,1.555,25478.554,1592.41,62.876,9.57,5.409,16,2,1,1,1,1,tp2pp1dp1etp1ep1,bfloat16,bfloat16,bfloat16,bfloat16,half,36.157,sglang,0.5.10,b300_sxm,2,1,1,1,1,tp2pp1dp1etp1ep1,bfloat16,bfloat16,bfloat16,bfloat16,half,90.147,sglang,0.5.10,b300_sxm,0.0,1592.41
qwen3_32b,b300_sxm,EMPIRICAL,Qwen/Qwen3-32B,4096,1024,0,216,12.216,1,1,1,216,216,1,115.445,15.901,16382.168,12.216,1.527,12508.938,1563.617,62.888,15.592,13.278,8,4,1,1,1,1,tp4pp1dp1etp1ep1,bfloat16,bfloat16,bfloat16,bfloat16,half,20.556,sglang,0.5.10,b300_sxm,4,1,1,1,1,tp4pp1dp1etp1ep1,bfloat16,bfloat16,bfloat16,bfloat16,half,87.44,sglang,0.5.10,b300_sxm,0.0,1563.617
qwen3_32b,b300_sxm,EMPIRICAL,Qwen/Qwen3-32B,4096,1024,0,200,12.01,1,1,1,200,200,1,115.445,14.976,15435.893,12.01,1.501,12297.912,1537.239,66.773,15.592,13.054,8,4,1,1,1,1,tp4pp1dp1etp1ep1,bfloat16,bfloat16,bfloat16,bfloat16,half,20.556,sglang,0.5.10,b300_sxm,4,1,1,1,1,tp4pp1dp1etp1ep1,bfloat16,bfloat16,bfloat16,bfloat16,half,82.44,sglang,0.5.10,b300_sxm,0.0,1537.239
qwen3_32b,b300_sxm,EMPIRICAL,Qwen/Qwen3-32B,4096,1024,0,380,23.437,1,1,3,76,76,5,188.096,14.581,15104.459,23.437,1.465,23999.488,1499.968,68.584,9.57,5.095,16,2,1,1,1,1,tp2pp1dp1etp1ep1,bfloat16,bfloat16,bfloat16,bfloat16,half,36.157,sglang,0.5.10,b300_sxm,2,1,1,1,1,tp2pp1dp1etp1ep1,bfloat16,bfloat16,bfloat16,bfloat16,half,82.647,sglang,0.5.10,b300_sxm,0.0,1499.968
qwen3_32b,b300_sxm,EMPIRICAL,Qwen/Qwen3-32B,4096,1024,0,176,11.648,1,1,1,176,176,1,115.445,13.588,14015.969,11.648,1.456,11927.675,1490.959,73.593,15.592,12.661,8,4,1,1,1,1,tp4pp1dp1etp1ep1,bfloat16,bfloat16,bfloat16,bfloat16,half,20.556,sglang,0.5.10,b300_sxm,4,1,1,1,1,tp4pp1dp1etp1ep1,bfloat16,bfloat16,bfloat16,bfloat16,half,74.94,sglang,0.5.10,b300_sxm,0.0,1490.959
qwen3_32b,b300_sxm,EMPIRICAL,Qwen/Qwen3-32B,4096,1024,0,144,11.033,1,1,1,144,144,1,115.445,11.738,12123.419,11.033,1.379,11297.423,1412.178,85.194,15.592,11.992,8,4,1,1,1,1,tp4pp1dp1etp1ep1,bfloat16,bfloat16,bfloat16,bfloat16,half,20.556,sglang,0.5.10,b300_sxm,4,1,1,1,1,tp4pp1dp1etp1ep1,bfloat16,bfloat16,bfloat16,bfloat16,half,64.94,sglang,0.5.10,b300_sxm,0.0,1412.178
qwen3_32b,b300_sxm,EMPIRICAL,Qwen/Qwen3-32B,4096,1024,0,128,10.646,1,1,1,128,128,1,115.445,10.813,11177.144,10.646,1.331,10901.75,1362.719,92.484,15.592,11.572,8,4,1,1,1,1,tp4pp1dp1etp1ep1,bfloat16,bfloat16,bfloat16,bfloat16,half,20.556,sglang,0.5.10,b300_sxm,4,1,1,1,1,tp4pp1dp1etp1ep1,bfloat16,bfloat16,bfloat16,bfloat16,half,59.94,sglang,0.5.10,b300_sxm,0.0,1362.719
qwen3_32b,b300_sxm,EMPIRICAL,Qwen/Qwen3-32B,4096,1024,0,380,42.098,1,1,3,76,76,5,115.445,7.806,8100.983,42.098,1.316,43108.762,1347.149,128.111,15.592,9.518,32,4,1,1,1,1,tp4pp1dp1etp1ep1,bfloat16,bfloat16,bfloat16,bfloat16,half,20.556,sglang,0.5.10,b300_sxm,4,1,1,1,1,tp4pp1dp1etp1ep1,bfloat16,bfloat16,bfloat16,bfloat16,half,43.69,sglang,0.5.10,b300_sxm,0.0,1347.149
qwen3_32b,b300_sxm,EMPIRICAL,Qwen/Qwen3-32B,4096,1024,0,152,20.048,1,1,1,152,152,1,79.119,6.818,7053.933,20.048,1.253,20528.865,1283.054,146.661,22.75,21.791,16,8,1,1,1,1,tp8pp1dp1etp1ep1,bfloat16,bfloat16,bfloat16,bfloat16,half,12.803,sglang,0.5.10,b300_sxm,8,1,1,1,1,tp8pp1dp1etp1ep1,bfloat16,bfloat16,bfloat16,bfloat16,half,36.062,sglang,0.5.10,b300_sxm,0.0,1283.054
qwen3_32b,b300_sxm,EMPIRICAL,Qwen/Qwen3-32B,4096,1024,0,124,18.792,1,1,1,124,124,1,79.119,5.934,6149.601,18.792,1.174,19242.926,1202.683,168.515,22.75,20.426,16,8,1,1,1,1,tp8pp1dp1etp1ep1,bfloat16,bfloat16,bfloat16,bfloat16,half,12.803,sglang,0.5.10,b300_sxm,8,1,1,1,1,tp8pp1dp1etp1ep1,bfloat16,bfloat16,bfloat16,bfloat16,half,31.687,sglang,0.5.10,b300_sxm,0.0,1202.683
qwen3_32b,b300_sxm,EMPIRICAL,Qwen/Qwen3-32B,4096,1024,0,92,16.804,1,1,1,92,92,1,79.119,4.924,5116.371,16.804,1.05,17207.091,1075.443,203.103,22.75,18.265,16,8,1,1,1,1,tp8pp1dp1etp1ep1,bfloat16,bfloat16,bfloat16,bfloat16,half,12.803,sglang,0.5.10,b300_sxm,8,1,1,1,1,tp8pp1dp1etp1ep1,bfloat16,bfloat16,bfloat16,bfloat16,half,26.687,sglang,0.5.10,b300_sxm,0.0,1075.443
qwen3_32b,b300_sxm,EMPIRICAL,Qwen/Qwen3-32B,4096,1024,0,78,14.033,1,1,1,26,26,3,115.445,4.914,5142.467,14.033,0.877,14369.587,898.099,203.482,15.592,5.172,16,4,1,1,1,1,tp4pp1dp1etp1ep1,bfloat16,bfloat16,bfloat16,bfloat16,half,20.556,sglang,0.5.10,b300_sxm,4,1,1,1,1,tp4pp1dp1etp1ep1,bfloat16,bfloat16,bfloat16,bfloat16,half,28.065,sglang,0.5.10,b300_sxm,0.0,898.099
qwen3_32b,b300_sxm,EMPIRICAL,Qwen/Qwen3-32B,4096,1024,0,60,13.79,1,1,1,60,60,1,79.119,3.913,4082.118,13.79,0.862,14120.837,882.552,255.558,22.75,14.989,16,8,1,1,1,1,tp8pp1dp1etp1ep1,bfloat16,bfloat16,bfloat16,bfloat16,half,12.803,sglang,0.5.10,b300_sxm,8,1,1,1,1,tp8pp1dp1etp1ep1,bfloat16,bfloat16,bfloat16,bfloat16,half,21.687,sglang,0.5.10,b300_sxm,0.0,882.552
qwen3_32b,b300_sxm,EMPIRICAL,Qwen/Qwen3-32B,4096,1024,0,60,18.196,1,1,1,30,30,2,79.119,2.966,3113.337,18.196,0.758,18632.458,776.352,337.202,22.75,9.889,24,8,1,1,1,1,tp8pp1dp1etp1ep1,bfloat16,bfloat16,bfloat16,bfloat16,half,12.803,sglang,0.5.10,b300_sxm,8,1,1,1,1,tp8pp1dp1etp1ep1,bfloat16,bfloat16,bfloat16,bfloat16,half,16.999,sglang,0.5.10,b300_sxm,0.0,582.264
qwen3_32b,b300_sxm,ANALYTICAL,Qwen/Qwen3-32B,4096,1024,0,3168,48.214,1,1,7,352,352,9,235.19,58.979,60570.707,48.214,1.507,49371.034,1542.845,16.955,7.653,5.834,32,2,1,1,1,1,tp2pp1dp1etp1ep1,bfloat16,bfloat16,bfloat16,bfloat16,half,36.157,sglang,0.5.10,b300_sxm,2,1,1,1,1,tp2pp1dp1etp1ep1,bfloat16,bfloat16,bfloat16,bfloat16,half,255.147,sglang,0.5.10,b300_sxm,0.0,1542.845
qwen3_32b,b300_sxm,ANALYTICAL,Qwen/Qwen3-32B,4096,1024,0,2880,47.676,1,1,7,320,320,9,235.19,54.33,55814.78,47.676,1.49,48820.47,1525.64,18.406,7.653,5.758,32,2,1,1,1,1,tp2pp1dp1etp1ep1,bfloat16,bfloat16,bfloat16,bfloat16,half,36.157,sglang,0.5.10,b300_sxm,2,1,1,1,1,tp2pp1dp1etp1ep1,bfloat16,bfloat16,bfloat16,bfloat16,half,235.147,sglang,0.5.10,b300_sxm,0.0,1525.64
qwen3_32b,b300_sxm,ANALYTICAL,Qwen/Qwen3-32B,4096,1024,0,2592,46.923,1,1,7,288,288,9,235.19,49.68,51057.83,46.923,1.466,48048.906,1501.528,20.129,7.653,5.667,32,2,1,1,1,1,tp2pp1dp1etp1ep1,bfloat16,bfloat16,bfloat16,bfloat16,half,36.157,sglang,0.5.10,b300_sxm,2,1,1,1,1,tp2pp1dp1etp1ep1,bfloat16,bfloat16,bfloat16,bfloat16,half,215.147,sglang,0.5.10,b300_sxm,0.0,1501.528
qwen3_32b,b300_sxm,ANALYTICAL,Qwen/Qwen3-32B,4096,1024,0,620,11.38,1,1,3,124,124,5,421.42,48.992,50540.236,11.38,1.423,11653.53,1456.691,20.411,4.271,2.474,8,1,1,1,1,1,tp1pp1dp1etp1ep1,bfloat16,bfloat16,bfloat16,bfloat16,half,67.229,sglang,0.5.10,b300_sxm,1,1,1,1,1,tp1pp1dp1etp1ep1,bfloat16,bfloat16,bfloat16,bfloat16,half,220.324,sglang,0.5.10,b300_sxm,0.0,1456.691
qwen3_32b,b300_sxm,ANALYTICAL,Qwen/Qwen3-32B,4096,1024,0,1932,42.283,1,1,11,92,92,21,421.42,39.864,41202.292,42.283,1.321,43297.69,1353.053,25.085,4.271,2.256,32,1,1,1,1,1,tp1pp1dp1etp1ep1,bfloat16,bfloat16,bfloat16,bfloat16,half,67.229,sglang,0.5.10,b300_sxm,1,1,1,1,1,tp1pp1dp1etp1ep1,bfloat16,bfloat16,bfloat16,bfloat16,half,180.324,sglang,0.5.10,b300_sxm,0.0,1353.053
qwen3_32b,b300_sxm,ANALYTICAL,Qwen/Qwen3-32B,4096,1024,0,580,20.663,1,1,3,116,116,5,235.19,24.688,25491.014,20.663,1.291,21159.014,1322.438,40.506,7.653,4.593,16,2,1,1,1,1,tp2pp1dp1etp1ep1,bfloat16,bfloat16,bfloat16,bfloat16,half,36.157,sglang,0.5.10,b300_sxm,2,1,1,1,1,tp2pp1dp1etp1ep1,bfloat16,bfloat16,bfloat16,bfloat16,half,107.647,sglang,0.5.10,b300_sxm,0.0,1322.438
qwen3_32b,b300_sxm,ANALYTICAL,Qwen/Qwen3-32B,4096,1024,0,400,18.487,1,1,3,80,80,5,235.19,19.457,20139.701,18.487,1.155,18931.098,1183.194,51.395,7.653,4.019,16,2,1,1,1,1,tp2pp1dp1etp1ep1,bfloat16,bfloat16,bfloat16,bfloat16,half,36.157,sglang,0.5.10,b300_sxm,2,1,1,1,1,tp2pp1dp1etp1ep1,bfloat16,bfloat16,bfloat16,bfloat16,half,85.147,sglang,0.5.10,b300_sxm,0.0,1183.194
qwen3_32b,b300_sxm,ANALYTICAL,Qwen/Qwen3-32B,4096,1024,0,616,34.439,1,1,5,56,56,11,235.19,15.97,16572.5,34.439,1.076,35265.024,1102.032,62.618,7.653,3.428,32,2,1,1,1,1,tp2pp1dp1etp1ep1,bfloat16,bfloat16,bfloat16,bfloat16,half,36.157,sglang,0.5.10,b300_sxm,2,1,1,1,1,tp2pp1dp1etp1ep1,bfloat16,bfloat16,bfloat16,bfloat16,half,70.147,sglang,0.5.10,b300_sxm,0.0,1102.032
qwen3_32b,b300_sxm,ANALYTICAL,Qwen/Qwen3-32B,4096,1024,0,460,34.206,1,1,3,92,92,5,142.074,11.869,12284.061,34.206,1.069,35027.251,1094.602,84.254,12.669,7.577,32,4,1,1,1,1,tp4pp1dp1etp1ep1,bfloat16,bfloat16,bfloat16,bfloat16,half,20.556,sglang,0.5.10,b300_sxm,4,1,1,1,1,tp4pp1dp1etp1ep1,bfloat16,bfloat16,bfloat16,bfloat16,half,48.69,sglang,0.5.10,b300_sxm,0.0,1094.602
qwen3_32b,b300_sxm,ANALYTICAL,Qwen/Qwen3-32B,4096,1024,0,400,32.807,1,1,3,80,80,5,142.074,10.965,11359.269,32.807,1.025,33594.573,1049.83,91.2,12.669,7.132,32,4,1,1,1,1,tp4pp1dp1etp1ep1,bfloat16,bfloat16,bfloat16,bfloat16,half,20.556,sglang,0.5.10,b300_sxm,4,1,1,1,1,tp4pp1dp1etp1ep1,bfloat16,bfloat16,bfloat16,bfloat16,half,44.94,sglang,0.5.10,b300_sxm,0.0,1049.83
qwen3_32b,b300_sxm,ANALYTICAL,Qwen/Qwen3-32B,4096,1024,0,184,15.162,1,1,1,184,184,1,95.517,10.914,11260.539,15.162,0.948,15525.478,970.342,91.623,18.845,16.48,16,8,1,1,1,1,tp8pp1dp1etp1ep1,bfloat16,bfloat16,bfloat16,bfloat16,half,12.803,sglang,0.5.10,b300_sxm,8,1,1,1,1,tp8pp1dp1etp1ep1,bfloat16,bfloat16,bfloat16,bfloat16,half,41.062,sglang,0.5.10,b300_sxm,0.0,970.342
qwen3_32b,b300_sxm,ANALYTICAL,Qwen/Qwen3-32B,4096,1024,0,160,14.467,1,1,1,160,160,1,95.517,9.946,10270.275,14.467,0.904,14814.208,925.888,100.541,18.845,15.725,16,8,1,1,1,1,tp8pp1dp1etp1ep1,bfloat16,bfloat16,bfloat16,bfloat16,half,12.803,sglang,0.5.10,b300_sxm,8,1,1,1,1,tp8pp1dp1etp1ep1,bfloat16,bfloat16,bfloat16,bfloat16,half,37.312,sglang,0.5.10,b300_sxm,0.0,925.888
qwen3_32b,b300_sxm,ANALYTICAL,Qwen/Qwen3-32B,4096,1024,0,136,13.623,1,1,1,136,136,1,95.517,8.978,9280.011,13.623,0.851,13950.321,871.895,111.384,18.845,14.808,16,8,1,1,1,1,tp8pp1dp1etp1ep1,bfloat16,bfloat16,bfloat16,bfloat16,half,12.803,sglang,0.5.10,b300_sxm,8,1,1,1,1,tp8pp1dp1etp1ep1,bfloat16,bfloat16,bfloat16,bfloat16,half,33.562,sglang,0.5.10,b300_sxm,0.0,871.895
qwen3_32b,b300_sxm,ANALYTICAL,Qwen/Qwen3-32B,4096,1024,0,108,12.375,1,1,1,108,108,1,95.517,7.848,8124.021,12.375,0.773,12671.918,791.995,127.415,18.845,13.451,16,8,1,1,1,1,tp8pp1dp1etp1ep1,bfloat16,bfloat16,bfloat16,bfloat16,half,12.803,sglang,0.5.10,b300_sxm,8,1,1,1,1,tp8pp1dp1etp1ep1,bfloat16,bfloat16,bfloat16,bfloat16,half,29.187,sglang,0.5.10,b300_sxm,0.0,791.995
qwen3_32b,b300_sxm,ANALYTICAL,Qwen/Qwen3-32B,4096,1024,0,78,10.171,1,1,1,26,26,3,142.074,6.897,7197.705,10.171,0.636,10414.694,650.918,144.987,12.669,3.685,16,4,1,1,1,1,tp4pp1dp1etp1ep1,bfloat16,bfloat16,bfloat16,bfloat16,half,20.556,sglang,0.5.10,b300_sxm,4,1,1,1,1,tp4pp1dp1etp1ep1,bfloat16,bfloat16,bfloat16,bfloat16,half,28.065,sglang,0.5.10,b300_sxm,0.0,650.918
qwen3_32b,b300_sxm,ANALYTICAL,Qwen/Qwen3-32B,4096,1024,0,120,16.96,1,1,1,60,60,2,95.517,5.912,6143.493,16.96,0.707,17367.552,723.648,169.147,18.845,9.921,24,8,1,1,1,1,tp8pp1dp1etp1ep1,bfloat16,bfloat16,bfloat16,bfloat16,half,12.803,sglang,0.5.10,b300_sxm,8,1,1,1,1,tp8pp1dp1etp1ep1,bfloat16,bfloat16,bfloat16,bfloat16,half,21.687,sglang,0.5.10,b300_sxm,0.0,542.736
qwen3_32b,b300_sxm,ANALYTICAL,Qwen/Qwen3-32B,4096,1024,0,72,13.097,1,1,1,36,36,2,95.517,4.944,5153.229,13.097,0.546,13411.451,558.81,202.273,18.845,7.118,24,8,1,1,1,1,tp8pp1dp1etp1ep1,bfloat16,bfloat16,bfloat16,bfloat16,half,12.803,sglang,0.5.10,b300_sxm,8,1,1,1,1,tp8pp1dp1etp1ep1,bfloat16,bfloat16,bfloat16,bfloat16,half,17.937,sglang,0.5.10,b300_sxm,0.0,419.10749999999996
qwen3_32b,b300_sxm,ANALYTICAL,Qwen/Qwen3-32B,4096,1024,0,36,8.098,1,1,1,12,12,3,95.517,3.998,4185.471,8.098,0.253,8292.188,259.131,250.15,18.845,2.934,32,8,1,1,1,1,tp8pp1dp1etp1ep1,bfloat16,bfloat16,bfloat16,bfloat16,half,12.803,sglang,0.5.10,b300_sxm,8,1,1,1,1,tp8pp1dp1etp1ep1,bfloat16,bfloat16,bfloat16,bfloat16,half,14.187,sglang,0.5.10,b300_sxm,0.0,259.131
qwen3_32b,rtx_pro_6000_server,SILICON,Qwen/Qwen3-32B,4096,1024,0,576,7.384,1,1,7,64,64,9,1535.828,68.489,71600.075,7.384,0.231,7560.806,236.275,14.601,1.172,0.913,32,2,1,1,1,1,tp2pp1dp1etp1ep1,bfloat16,bfloat16,bfloat16,bfloat16,half,36.157,sglang,0.5.10,rtx_pro_6000_server,2,1,1,1,1,tp2pp1dp1etp1ep1,bfloat16,bfloat16,bfloat16,bfloat16,half,75.147,sglang,0.5.10,rtx_pro_6000_server,0.0,236.275
qwen3_32b,rtx_pro_6000_server,SILICON,Qwen/Qwen3-32B,4096,1024,0,504,7.096,1,1,7,56,56,9,1535.828,63.862,66866.654,7.096,0.222,7266.263,227.071,15.659,1.172,0.857,32,2,1,1,1,1,tp2pp1dp1etp1ep1,bfloat16,bfloat16,bfloat16,bfloat16,half,36.157,sglang,0.5.10,rtx_pro_6000_server,2,1,1,1,1,tp2pp1dp1etp1ep1,bfloat16,bfloat16,bfloat16,bfloat16,half,70.147,sglang,0.5.10,rtx_pro_6000_server,0.0,227.071
qwen3_32b,rtx_pro_6000_server,SILICON,Qwen/Qwen3-32B,4096,1024,0,200,3.164,1,1,3,40,40,5,1535.828,54.825,57621.803,3.164,0.198,3240.346,202.522,18.24,1.172,0.713,16,2,1,1,1,1,tp2pp1dp1etp1ep1,bfloat16,bfloat16,bfloat16,bfloat16,half,36.157,sglang,0.5.10,rtx_pro_6000_server,2,1,1,1,1,tp2pp1dp1etp1ep1,bfloat16,bfloat16,bfloat16,bfloat16,half,60.147,sglang,0.5.10,rtx_pro_6000_server,0.0,202.522
qwen3_32b,rtx_pro_6000_server,SILICON,Qwen/Qwen3-32B,4096,1024,0,160,2.889,1,1,3,32,32,5,1535.828,49.837,52519.079,2.889,0.181,2958.131,184.883,20.065,1.172,0.628,16,2,1,1,1,1,tp2pp1dp1etp1ep1,bfloat16,bfloat16,bfloat16,bfloat16,half,36.157,sglang,0.5.10,rtx_pro_6000_server,2,1,1,1,1,tp2pp1dp1etp1ep1,bfloat16,bfloat16,bfloat16,bfloat16,half,55.147,sglang,0.5.10,rtx_pro_6000_server,0.0,184.883
qwen3_32b,rtx_pro_6000_server,SILICON,Qwen/Qwen3-32B,4096,1024,0,264,5.274,1,1,5,24,24,11,1535.828,44.221,46773.911,5.274,0.165,5400.576,168.768,22.614,1.172,0.531,32,2,1,1,1,1,tp2pp1dp1etp1ep1,bfloat16,bfloat16,bfloat16,bfloat16,half,36.157,sglang,0.5.10,rtx_pro_6000_server,2,1,1,1,1,tp2pp1dp1etp1ep1,bfloat16,bfloat16,bfloat16,bfloat16,half,50.147,sglang,0.5.10,rtx_pro_6000_server,0.0,168.768
qwen3_32b,rtx_pro_6000_server,SILICON,Qwen/Qwen3-32B,4096,1024,0,198,4.473,1,1,5,18,18,11,1535.828,39.773,42223.607,4.473,0.14,4580.393,143.137,25.142,1.172,0.442,32,2,1,1,1,1,tp2pp1dp1etp1ep1,bfloat16,bfloat16,bfloat16,bfloat16,half,36.157,sglang,0.5.10,rtx_pro_6000_server,2,1,1,1,1,tp2pp1dp1etp1ep1,bfloat16,bfloat16,bfloat16,bfloat16,half,46.397,sglang,0.5.10,rtx_pro_6000_server,0.0,143.137
qwen3_32b,rtx_pro_6000_server,SILICON,Qwen/Qwen3-32B,4096,1024,0,44,0.898,1,1,1,44,44,1,1803.105,39.056,41757.393,0.898,0.112,919.757,114.97,25.604,0.998,1.101,8,4,1,1,1,1,tp4pp1dp1etp1ep1,bfloat16,bfloat16,bfloat16,bfloat16,half,20.556,sglang,0.5.10,rtx_pro_6000_server,4,1,1,1,1,tp4pp1dp1etp1ep1,bfloat16,bfloat16,bfloat16,bfloat16,half,33.69,sglang,0.5.10,rtx_pro_6000_server,0.0,114.97
qwen3_32b,rtx_pro_6000_server,SILICON,Qwen/Qwen3-32B,4096,1024,0,130,3.164,1,1,3,10,10,13,1535.828,34.447,36775.109,3.164,0.099,3240.346,101.261,29.03,1.172,0.284,32,2,1,1,1,1,tp2pp1dp1etp1ep1,bfloat16,bfloat16,bfloat16,bfloat16,half,36.157,sglang,0.5.10,rtx_pro_6000_server,2,1,1,1,1,tp2pp1dp1etp1ep1,bfloat16,bfloat16,bfloat16,bfloat16,half,41.397,sglang,0.5.10,rtx_pro_6000_server,0.0,101.261
qwen3_32b,rtx_pro_6000_server,SILICON,Qwen/Qwen3-32B,4096,1024,0,24,0.726,1,1,1,24,24,1,1803.105,29.749,32236.332,0.726,0.091,743.301,92.913,33.615,0.998,0.789,8,4,1,1,1,1,tp4pp1dp1etp1ep1,bfloat16,bfloat16,bfloat16,bfloat16,half,20.556,sglang,0.5.10,rtx_pro_6000_server,4,1,1,1,1,tp4pp1dp1etp1ep1,bfloat16,bfloat16,bfloat16,bfloat16,half,27.44,sglang,0.5.10,rtx_pro_6000_server,0.0,92.913
qwen3_32b,rtx_pro_6000_server,SILICON,Qwen/Qwen3-32B,4096,1024,0,52,1.796,1,1,2,13,13,4,1803.105,24.923,27299.334,1.796,0.075,1839.514,76.646,40.124,0.998,0.51,24,4,1,1,1,1,tp4pp1dp1etp1ep1,bfloat16,bfloat16,bfloat16,bfloat16,half,20.556,sglang,0.5.10,rtx_pro_6000_server,4,1,1,1,1,tp4pp1dp1etp1ep1,bfloat16,bfloat16,bfloat16,bfloat16,half,24.002,sglang,0.5.10,rtx_pro_6000_server,0.0,57.4845
qwen3_32b,rtx_pro_6000_server,SILICON,Qwen/Qwen3-32B,4096,1024,0,32,0.877,1,1,1,32,32,1,1848.528,24.593,27007.167,0.877,0.055,897.638,56.102,40.662,0.974,1.272,16,8,1,1,1,1,tp8pp1dp1etp1ep1,bfloat16,bfloat16,bfloat16,bfloat16,half,12.803,sglang,0.5.10,rtx_pro_6000_server,8,1,1,1,1,tp8pp1dp1etp1ep1,bfloat16,bfloat16,bfloat16,bfloat16,half,17.312,sglang,0.5.10,rtx_pro_6000_server,0.0,56.102
qwen3_32b,rtx_pro_6000_server,SILICON,Qwen/Qwen3-32B,4096,1024,0,15,0.678,1,1,1,15,15,1,1848.528,19.899,22205.205,0.678,0.042,694.313,43.395,50.255,0.974,0.737,16,8,1,1,1,1,tp8pp1dp1etp1ep1,bfloat16,bfloat16,bfloat16,bfloat16,half,12.803,sglang,0.5.10,rtx_pro_6000_server,8,1,1,1,1,tp8pp1dp1etp1ep1,bfloat16,bfloat16,bfloat16,bfloat16,half,14.656,sglang,0.5.10,rtx_pro_6000_server,0.0,43.395
qwen3_32b,rtx_pro_6000_server,SILICON,Qwen/Qwen3-32B,4096,1024,0,24,0.877,1,1,1,12,12,2,1848.528,18.942,21226.194,0.877,0.037,897.638,37.402,52.792,0.974,0.619,24,8,1,1,1,1,tp8pp1dp1etp1ep1,bfloat16,bfloat16,bfloat16,bfloat16,half,12.803,sglang,0.5.10,rtx_pro_6000_server,8,1,1,1,1,tp8pp1dp1etp1ep1,bfloat16,bfloat16,bfloat16,bfloat16,half,14.187,sglang,0.5.10,rtx_pro_6000_server,0.0,28.0515
qwen3_32b,rtx_pro_6000_server,SILICON,Qwen/Qwen3-32B,4096,1024,0,16,0.811,1,1,1,8,8,2,1848.528,17.724,19980.18,0.811,0.034,830.915,34.621,56.419,0.974,0.441,24,8,1,1,1,1,tp8pp1dp1etp1ep1,bfloat16,bfloat16,bfloat16,bfloat16,half,12.803,sglang,0.5.10,rtx_pro_6000_server,8,1,1,1,1,tp8pp1dp1etp1ep1,bfloat16,bfloat16,bfloat16,bfloat16,half,13.562,sglang,0.5.10,rtx_pro_6000_server,0.0,25.96575
qwen3_32b,rtx_pro_6000_server,SILICON,Qwen/Qwen3-32B,4096,1024,0,15,0.795,1,1,1,5,5,3,1848.528,16.943,19181.217,0.795,0.025,813.957,25.436,59.02,0.974,0.288,32,8,1,1,1,1,tp8pp1dp1etp1ep1,bfloat16,bfloat16,bfloat16,bfloat16,half,12.803,sglang,0.5.10,rtx_pro_6000_server,8,1,1,1,1,tp8pp1dp1etp1ep1,bfloat16,bfloat16,bfloat16,bfloat16,half,13.093,sglang,0.5.10,rtx_pro_6000_server,0.0,25.436
qwen3_32b,rtx_pro_6000_server,SILICON,Qwen/Qwen3-32B,4096,1024,0,3,0.174,1,1,1,1,1,3,1848.528,15.608,17815.512,0.174,0.005,178.053,5.564,64.071,0.974,0.063,32,8,1,1,1,1,tp8pp1dp1etp1ep1,bfloat16,bfloat16,bfloat16,bfloat16,half,12.803,sglang,0.5.10,rtx_pro_6000_server,8,1,1,1,1,tp8pp1dp1etp1ep1,bfloat16,bfloat16,bfloat16,bfloat16,half,12.468,sglang,0.5.10,rtx_pro_6000_server,0.0,5.564
qwen3_32b,rtx_pro_6000_server,EMPIRICAL,Qwen/Qwen3-32B,4096,1024,0,864,10.739,1,1,7,96,96,9,1012.309,72.373,75049.888,10.739,0.336,10996.9,343.653,13.817,1.778,1.297,32,2,1,1,1,1,tp2pp1dp1etp1ep1,bfloat16,bfloat16,bfloat16,bfloat16,half,36.157,sglang,0.5.10,rtx_pro_6000_server,2,1,1,1,1,tp2pp1dp1etp1ep1,bfloat16,bfloat16,bfloat16,bfloat16,half,95.147,sglang,0.5.10,rtx_pro_6000_server,0.0,343.653
qwen3_32b,rtx_pro_6000_server,EMPIRICAL,Qwen/Qwen3-32B,4096,1024,0,300,4.801,1,1,3,60,60,5,1012.309,54.503,56768.878,4.801,0.3,4915.814,307.238,18.348,1.778,1.076,16,2,1,1,1,1,tp2pp1dp1etp1ep1,bfloat16,bfloat16,bfloat16,bfloat16,half,36.157,sglang,0.5.10,rtx_pro_6000_server,2,1,1,1,1,tp2pp1dp1etp1ep1,bfloat16,bfloat16,bfloat16,bfloat16,half,72.647,sglang,0.5.10,rtx_pro_6000_server,0.0,307.238
qwen3_32b,rtx_pro_6000_server,EMPIRICAL,Qwen/Qwen3-32B,4096,1024,0,240,4.448,1,1,3,48,48,5,1012.309,48.546,50674.867,4.448,0.278,4554.957,284.685,20.599,1.778,0.967,16,2,1,1,1,1,tp2pp1dp1etp1ep1,bfloat16,bfloat16,bfloat16,bfloat16,half,36.157,sglang,0.5.10,rtx_pro_6000_server,2,1,1,1,1,tp2pp1dp1etp1ep1,bfloat16,bfloat16,bfloat16,bfloat16,half,65.147,sglang,0.5.10,rtx_pro_6000_server,0.0,284.685
qwen3_32b,rtx_pro_6000_server,EMPIRICAL,Qwen/Qwen3-32B,4096,1024,0,76,1.966,1,1,1,76,76,1,821.216,34.768,36388.88,1.966,0.246,2013.225,251.653,28.762,2.192,2.137,8,4,1,1,1,1,tp4pp1dp1etp1ep1,bfloat16,bfloat16,bfloat16,bfloat16,half,20.556,sglang,0.5.10,rtx_pro_6000_server,4,1,1,1,1,tp4pp1dp1etp1ep1,bfloat16,bfloat16,bfloat16,bfloat16,half,43.69,sglang,0.5.10,rtx_pro_6000_server,0.0,251.653
qwen3_32b,rtx_pro_6000_server,EMPIRICAL,Qwen/Qwen3-32B,4096,1024,0,56,1.74,1,1,1,56,56,1,821.216,28.953,30440.135,1.74,0.217,1781.473,222.684,34.538,2.192,1.891,8,4,1,1,1,1,tp4pp1dp1etp1ep1,bfloat16,bfloat16,bfloat16,bfloat16,half,20.556,sglang,0.5.10,rtx_pro_6000_server,4,1,1,1,1,tp4pp1dp1etp1ep1,bfloat16,bfloat16,bfloat16,bfloat16,half,37.44,sglang,0.5.10,rtx_pro_6000_server,0.0,222.684
qwen3_32b,rtx_pro_6000_server,EMPIRICAL,Qwen/Qwen3-32B,4096,1024,0,120,5.492,1,1,3,24,24,5,821.216,19.65,20923.166,5.492,0.172,5624.218,175.757,50.89,2.192,1.194,32,4,1,1,1,1,tp4pp1dp1etp1ep1,bfloat16,bfloat16,bfloat16,bfloat16,half,20.556,sglang,0.5.10,rtx_pro_6000_server,4,1,1,1,1,tp4pp1dp1etp1ep1,bfloat16,bfloat16,bfloat16,bfloat16,half,27.44,sglang,0.5.10,rtx_pro_6000_server,0.0,175.757
qwen3_32b,rtx_pro_6000_server,EMPIRICAL,Qwen/Qwen3-32B,4096,1024,0,36,2.327,1,1,1,36,36,1,696.377,13.273,14274.656,2.327,0.145,2382.336,148.896,75.341,2.585,2.651,16,8,1,1,1,1,tp8pp1dp1etp1ep1,bfloat16,bfloat16,bfloat16,bfloat16,half,12.803,sglang,0.5.10,rtx_pro_6000_server,8,1,1,1,1,tp8pp1dp1etp1ep1,bfloat16,bfloat16,bfloat16,bfloat16,half,17.937,sglang,0.5.10,rtx_pro_6000_server,0.0,148.896
qwen3_32b,rtx_pro_6000_server,EMPIRICAL,Qwen/Qwen3-32B,4096,1024,0,32,2.295,1,1,1,32,32,1,696.377,12.537,13521.728,2.295,0.143,2350.49,146.906,79.764,2.585,2.495,16,8,1,1,1,1,tp8pp1dp1etp1ep1,bfloat16,bfloat16,bfloat16,bfloat16,half,12.803,sglang,0.5.10,rtx_pro_6000_server,8,1,1,1,1,tp8pp1dp1etp1ep1,bfloat16,bfloat16,bfloat16,bfloat16,half,17.312,sglang,0.5.10,rtx_pro_6000_server,0.0,146.906
qwen3_32b,rtx_pro_6000_server,EMPIRICAL,Qwen/Qwen3-32B,4096,1024,0,28,2.133,1,1,1,28,28,1,696.377,11.801,12768.8,2.133,0.133,2184.684,136.543,84.739,2.585,2.319,16,8,1,1,1,1,tp8pp1dp1etp1ep1,bfloat16,bfloat16,bfloat16,bfloat16,half,12.803,sglang,0.5.10,rtx_pro_6000_server,8,1,1,1,1,tp8pp1dp1etp1ep1,bfloat16,bfloat16,bfloat16,bfloat16,half,16.687,sglang,0.5.10,rtx_pro_6000_server,0.0,136.543
qwen3_32b,rtx_pro_6000_server,EMPIRICAL,Qwen/Qwen3-32B,4096,1024,0,22,1.849,1,1,1,22,22,1,696.377,10.697,11639.408,1.849,0.116,1893.581,118.349,93.484,2.585,2.01,16,8,1,1,1,1,tp8pp1dp1etp1ep1,bfloat16,bfloat16,bfloat16,bfloat16,half,12.803,sglang,0.5.10,rtx_pro_6000_server,8,1,1,1,1,tp8pp1dp1etp1ep1,bfloat16,bfloat16,bfloat16,bfloat16,half,15.749,sglang,0.5.10,rtx_pro_6000_server,0.0,118.349
qwen3_32b,rtx_pro_6000_server,EMPIRICAL,Qwen/Qwen3-32B,4096,1024,0,18,1.625,1,1,1,18,18,1,696.377,9.961,10886.48,1.625,0.102,1663.713,103.982,100.392,2.585,1.766,16,8,1,1,1,1,tp8pp1dp1etp1ep1,bfloat16,bfloat16,bfloat16,bfloat16,half,12.803,sglang,0.5.10,rtx_pro_6000_server,8,1,1,1,1,tp8pp1dp1etp1ep1,bfloat16,bfloat16,bfloat16,bfloat16,half,15.124,sglang,0.5.10,rtx_pro_6000_server,0.0,103.982
qwen3_32b,rtx_pro_6000_server,EMPIRICAL,Qwen/Qwen3-32B,4096,1024,0,21,2.327,1,1,1,7,7,3,696.377,7.937,8815.928,2.327,0.073,2382.336,74.448,125.992,2.585,0.862,32,8,1,1,1,1,tp8pp1dp1etp1ep1,bfloat16,bfloat16,bfloat16,bfloat16,half,12.803,sglang,0.5.10,rtx_pro_6000_server,8,1,1,1,1,tp8pp1dp1etp1ep1,bfloat16,bfloat16,bfloat16,bfloat16,half,13.406,sglang,0.5.10,rtx_pro_6000_server,0.0,74.448
qwen3_32b,rtx_pro_6000_server,EMPIRICAL,Qwen/Qwen3-32B,4096,1024,0,3,0.395,1,1,1,1,1,3,696.377,6.833,7686.536,0.395,0.012,404.152,12.63,146.349,2.585,0.143,32,8,1,1,1,1,tp8pp1dp1etp1ep1,bfloat16,bfloat16,bfloat16,bfloat16,half,12.803,sglang,0.5.10,rtx_pro_6000_server,8,1,1,1,1,tp8pp1dp1etp1ep1,bfloat16,bfloat16,bfloat16,bfloat16,half,12.468,sglang,0.5.10,rtx_pro_6000_server,0.0,12.63
qwen3_32b,rtx_pro_6000_server,ANALYTICAL,Qwen/Qwen3-32B,4096,1024,0,400,4.563,1,1,3,80,80,5,1065.092,77.727,80579.813,4.563,0.285,4672.512,292.032,12.866,1.69,1.006,16,2,1,1,1,1,tp2pp1dp1etp1ep1,bfloat16,bfloat16,bfloat16,bfloat16,half,36.157,sglang,0.5.10,rtx_pro_6000_server,2,1,1,1,1,tp2pp1dp1etp1ep1,bfloat16,bfloat16,bfloat16,bfloat16,half,85.147,sglang,0.5.10,rtx_pro_6000_server,0.0,292.032
qwen3_32b,rtx_pro_6000_server,ANALYTICAL,Qwen/Qwen3-32B,4096,1024,0,360,4.457,1,1,3,72,72,5,1065.092,72.662,75398.318,4.457,0.279,4564.378,285.274,13.762,1.69,0.969,16,2,1,1,1,1,tp2pp1dp1etp1ep1,bfloat16,bfloat16,bfloat16,bfloat16,half,36.157,sglang,0.5.10,rtx_pro_6000_server,2,1,1,1,1,tp2pp1dp1etp1ep1,bfloat16,bfloat16,bfloat16,bfloat16,half,80.147,sglang,0.5.10,rtx_pro_6000_server,0.0,285.274
qwen3_32b,rtx_pro_6000_server,ANALYTICAL,Qwen/Qwen3-32B,4096,1024,0,320,4.26,1,1,3,64,64,5,1065.092,67.597,70216.823,4.26,0.266,4361.83,272.614,14.794,1.69,0.926,16,2,1,1,1,1,tp2pp1dp1etp1ep1,bfloat16,bfloat16,bfloat16,bfloat16,half,36.157,sglang,0.5.10,rtx_pro_6000_server,2,1,1,1,1,tp2pp1dp1etp1ep1,bfloat16,bfloat16,bfloat16,bfloat16,half,75.147,sglang,0.5.10,rtx_pro_6000_server,0.0,272.614
qwen3_32b,rtx_pro_6000_server,ANALYTICAL,Qwen/Qwen3-32B,4096,1024,0,136,1.891,1,1,1,136,136,1,856.613,63.403,65717.882,1.891,0.236,1936.282,242.035,15.772,2.101,2.097,8,4,1,1,1,1,tp4pp1dp1etp1ep1,bfloat16,bfloat16,bfloat16,bfloat16,half,20.556,sglang,0.5.10,rtx_pro_6000_server,4,1,1,1,1,tp4pp1dp1etp1ep1,bfloat16,bfloat16,bfloat16,bfloat16,half,62.44,sglang,0.5.10,rtx_pro_6000_server,0.0,242.035
qwen3_32b,rtx_pro_6000_server,ANALYTICAL,Qwen/Qwen3-32B,4096,1024,0,124,1.887,1,1,1,124,124,1,856.613,59.093,61308.752,1.887,0.236,1932.206,241.526,16.922,2.101,2.051,8,4,1,1,1,1,tp4pp1dp1etp1ep1,bfloat16,bfloat16,bfloat16,bfloat16,half,20.556,sglang,0.5.10,rtx_pro_6000_server,4,1,1,1,1,tp4pp1dp1etp1ep1,bfloat16,bfloat16,bfloat16,bfloat16,half,58.69,sglang,0.5.10,rtx_pro_6000_server,0.0,241.526
qwen3_32b,rtx_pro_6000_server,ANALYTICAL,Qwen/Qwen3-32B,4096,1024,0,112,1.838,1,1,1,112,112,1,856.613,54.784,56900.645,1.838,0.23,1882.276,235.284,18.254,2.101,1.998,8,4,1,1,1,1,tp4pp1dp1etp1ep1,bfloat16,bfloat16,bfloat16,bfloat16,half,20.556,sglang,0.5.10,rtx_pro_6000_server,4,1,1,1,1,tp4pp1dp1etp1ep1,bfloat16,bfloat16,bfloat16,bfloat16,half,54.94,sglang,0.5.10,rtx_pro_6000_server,0.0,235.284
qwen3_32b,rtx_pro_6000_server,ANALYTICAL,Qwen/Qwen3-32B,4096,1024,0,396,7.145,1,1,5,36,36,11,1065.092,49.87,52082.102,7.145,0.223,7316.193,228.631,20.052,1.69,0.706,32,2,1,1,1,1,tp2pp1dp1etp1ep1,bfloat16,bfloat16,bfloat16,bfloat16,half,36.157,sglang,0.5.10,rtx_pro_6000_server,2,1,1,1,1,tp2pp1dp1etp1ep1,bfloat16,bfloat16,bfloat16,bfloat16,half,57.647,sglang,0.5.10,rtx_pro_6000_server,0.0,228.631
qwen3_32b,rtx_pro_6000_server,ANALYTICAL,Qwen/Qwen3-32B,4096,1024,0,96,1.761,1,1,1,96,96,1,856.613,49.038,51022.487,1.761,0.22,1803.141,225.393,20.392,2.101,1.914,8,4,1,1,1,1,tp4pp1dp1etp1ep1,bfloat16,bfloat16,bfloat16,bfloat16,half,20.556,sglang,0.5.10,rtx_pro_6000_server,4,1,1,1,1,tp4pp1dp1etp1ep1,bfloat16,bfloat16,bfloat16,bfloat16,half,49.94,sglang,0.5.10,rtx_pro_6000_server,0.0,225.393
qwen3_32b,rtx_pro_6000_server,ANALYTICAL,Qwen/Qwen3-32B,4096,1024,0,84,1.689,1,1,1,84,84,1,856.613,44.728,46613.357,1.689,0.211,1729.659,216.207,22.357,2.101,1.836,8,4,1,1,1,1,tp4pp1dp1etp1ep1,bfloat16,bfloat16,bfloat16,bfloat16,half,20.556,sglang,0.5.10,rtx_pro_6000_server,4,1,1,1,1,tp4pp1dp1etp1ep1,bfloat16,bfloat16,bfloat16,bfloat16,half,46.19,sglang,0.5.10,rtx_pro_6000_server,0.0,216.207
qwen3_32b,rtx_pro_6000_server,ANALYTICAL,Qwen/Qwen3-32B,4096,1024,0,68,1.569,1,1,1,68,68,1,856.613,38.982,40735.199,1.569,0.196,1606.246,200.781,25.653,2.101,1.705,8,4,1,1,1,1,tp4pp1dp1etp1ep1,bfloat16,bfloat16,bfloat16,bfloat16,half,20.556,sglang,0.5.10,rtx_pro_6000_server,4,1,1,1,1,tp4pp1dp1etp1ep1,bfloat16,bfloat16,bfloat16,bfloat16,half,41.19,sglang,0.5.10,rtx_pro_6000_server,0.0,200.781
qwen3_32b,rtx_pro_6000_server,ANALYTICAL,Qwen/Qwen3-32B,4096,1024,0,56,1.453,1,1,1,56,56,1,856.613,34.673,36327.092,1.453,0.182,1487.544,185.943,28.841,2.101,1.579,8,4,1,1,1,1,tp4pp1dp1etp1ep1,bfloat16,bfloat16,bfloat16,bfloat16,half,20.556,sglang,0.5.10,rtx_pro_6000_server,4,1,1,1,1,tp4pp1dp1etp1ep1,bfloat16,bfloat16,bfloat16,bfloat16,half,37.44,sglang,0.5.10,rtx_pro_6000_server,0.0,185.943
qwen3_32b,rtx_pro_6000_server,ANALYTICAL,Qwen/Qwen3-32B,4096,1024,0,200,5.673,1,1,3,40,40,5,856.613,28.926,30447.911,5.673,0.177,5808.845,181.526,34.57,2.101,1.352,32,4,1,1,1,1,tp4pp1dp1etp1ep1,bfloat16,bfloat16,bfloat16,bfloat16,half,20.556,sglang,0.5.10,rtx_pro_6000_server,4,1,1,1,1,tp4pp1dp1etp1ep1,bfloat16,bfloat16,bfloat16,bfloat16,half,32.44,sglang,0.5.10,rtx_pro_6000_server,0.0,181.526
qwen3_32b,rtx_pro_6000_server,ANALYTICAL,Qwen/Qwen3-32B,4096,1024,0,140,5.115,1,1,3,28,28,5,856.613,24.617,26039.804,5.115,0.16,5237.965,163.686,40.623,2.101,1.112,32,4,1,1,1,1,tp4pp1dp1etp1ep1,bfloat16,bfloat16,bfloat16,bfloat16,half,20.556,sglang,0.5.10,rtx_pro_6000_server,4,1,1,1,1,tp4pp1dp1etp1ep1,bfloat16,bfloat16,bfloat16,bfloat16,half,28.69,sglang,0.5.10,rtx_pro_6000_server,0.0,163.686
qwen3_32b,rtx_pro_6000_server,ANALYTICAL,Qwen/Qwen3-32B,4096,1024,0,48,2.24,1,1,1,48,48,1,723.08,18.778,19932.974,2.24,0.14,2293.862,143.366,53.253,2.489,2.499,16,8,1,1,1,1,tp8pp1dp1etp1ep1,bfloat16,bfloat16,bfloat16,bfloat16,half,12.803,sglang,0.5.10,rtx_pro_6000_server,8,1,1,1,1,tp8pp1dp1etp1ep1,bfloat16,bfloat16,bfloat16,bfloat16,half,19.812,sglang,0.5.10,rtx_pro_6000_server,0.0,143.366
qwen3_32b,rtx_pro_6000_server,ANALYTICAL,Qwen/Qwen3-32B,4096,1024,0,44,2.21,1,1,1,44,44,1,723.08,17.905,19039.895,2.21,0.138,2262.876,141.43,55.849,2.489,2.402,16,8,1,1,1,1,tp8pp1dp1etp1ep1,bfloat16,bfloat16,bfloat16,bfloat16,half,12.803,sglang,0.5.10,rtx_pro_6000_server,8,1,1,1,1,tp8pp1dp1etp1ep1,bfloat16,bfloat16,bfloat16,bfloat16,half,19.187,sglang,0.5.10,rtx_pro_6000_server,0.0,141.43
qwen3_32b,rtx_pro_6000_server,ANALYTICAL,Qwen/Qwen3-32B,4096,1024,0,36,2.004,1,1,1,36,36,1,723.08,16.159,17253.737,2.004,0.125,2051.85,128.241,61.883,2.489,2.178,16,8,1,1,1,1,tp8pp1dp1etp1ep1,bfloat16,bfloat16,bfloat16,bfloat16,half,12.803,sglang,0.5.10,rtx_pro_6000_server,8,1,1,1,1,tp8pp1dp1etp1ep1,bfloat16,bfloat16,bfloat16,bfloat16,half,17.937,sglang,0.5.10,rtx_pro_6000_server,0.0,128.241
qwen3_32b,rtx_pro_6000_server,ANALYTICAL,Qwen/Qwen3-32B,4096,1024,0,32,1.882,1,1,1,32,32,1,723.08,15.286,16360.658,1.882,0.118,1927.496,120.468,65.417,2.489,2.046,16,8,1,1,1,1,tp8pp1dp1etp1ep1,bfloat16,bfloat16,bfloat16,bfloat16,half,12.803,sglang,0.5.10,rtx_pro_6000_server,8,1,1,1,1,tp8pp1dp1etp1ep1,bfloat16,bfloat16,bfloat16,bfloat16,half,17.312,sglang,0.5.10,rtx_pro_6000_server,0.0,120.468
qwen3_32b,rtx_pro_6000_server,ANALYTICAL,Qwen/Qwen3-32B,4096,1024,0,30,1.817,1,1,1,30,30,1,723.08,14.85,15914.63,1.817,0.114,1860.608,116.288,67.34,2.489,1.975,16,8,1,1,1,1,tp8pp1dp1etp1ep1,bfloat16,bfloat16,bfloat16,bfloat16,half,12.803,sglang,0.5.10,rtx_pro_6000_server,8,1,1,1,1,tp8pp1dp1etp1ep1,bfloat16,bfloat16,bfloat16,bfloat16,half,16.999,sglang,0.5.10,rtx_pro_6000_server,0.0,116.288
qwen3_32b,rtx_pro_6000_server,ANALYTICAL,Qwen/Qwen3-32B,4096,1024,0,26,1.673,1,1,1,26,26,1,723.08,13.977,15021.551,1.673,0.105,1712.701,107.044,71.546,2.489,1.818,16,8,1,1,1,1,tp8pp1dp1etp1ep1,bfloat16,bfloat16,bfloat16,bfloat16,half,12.803,sglang,0.5.10,rtx_pro_6000_server,8,1,1,1,1,tp8pp1dp1etp1ep1,bfloat16,bfloat16,bfloat16,bfloat16,half,16.374,sglang,0.5.10,rtx_pro_6000_server,0.0,107.044
qwen3_32b,rtx_pro_6000_server,ANALYTICAL,Qwen/Qwen3-32B,4096,1024,0,32,2.24,1,1,1,16,16,2,723.08,11.829,12824.147,2.24,0.093,2293.862,95.578,84.536,2.489,1.322,24,8,1,1,1,1,tp8pp1dp1etp1ep1,bfloat16,bfloat16,bfloat16,bfloat16,half,12.803,sglang,0.5.10,rtx_pro_6000_server,8,1,1,1,1,tp8pp1dp1etp1ep1,bfloat16,bfloat16,bfloat16,bfloat16,half,14.812,sglang,0.5.10,rtx_pro_6000_server,0.0,71.68350000000001
qwen3_32b,rtx_pro_6000_server,ANALYTICAL,Qwen/Qwen3-32B,4096,1024,0,24,1.971,1,1,1,12,12,2,723.08,10.951,11925.953,1.971,0.082,2017.935,84.081,91.317,2.489,1.071,24,8,1,1,1,1,tp8pp1dp1etp1ep1,bfloat16,bfloat16,bfloat16,bfloat16,half,12.803,sglang,0.5.10,rtx_pro_6000_server,8,1,1,1,1,tp8pp1dp1etp1ep1,bfloat16,bfloat16,bfloat16,bfloat16,half,14.187,sglang,0.5.10,rtx_pro_6000_server,0.0,63.06075
qwen3_32b,rtx_pro_6000_server,ANALYTICAL,Qwen/Qwen3-32B,4096,1024,0,21,1.913,1,1,1,7,7,3,723.08,9.881,10831.343,1.913,0.06,1958.584,61.206,101.208,2.489,0.693,32,8,1,1,1,1,tp8pp1dp1etp1ep1,bfloat16,bfloat16,bfloat16,bfloat16,half,12.803,sglang,0.5.10,rtx_pro_6000_server,8,1,1,1,1,tp8pp1dp1etp1ep1,bfloat16,bfloat16,bfloat16,bfloat16,half,13.406,sglang,0.5.10,rtx_pro_6000_server,0.0,61.206
qwen3_32b,rtx_pro_6000_server,ANALYTICAL,Qwen/Qwen3-32B,4096,1024,0,6,0.607,1,1,1,2,2,3,723.08,8.896,9823.688,0.607,0.019,621.773,19.43,112.415,2.489,0.22,32,8,1,1,1,1,tp8pp1dp1etp1ep1,bfloat16,bfloat16,bfloat16,bfloat16,half,12.803,sglang,0.5.10,rtx_pro_6000_server,8,1,1,1,1,tp8pp1dp1etp1ep1,bfloat16,bfloat16,bfloat16,bfloat16,half,12.624,sglang,0.5.10,rtx_pro_6000_server,0.0,19.43
deepseek_v3,a100_sxm,EMPIRICAL,deepseek-ai/DeepSeek-V3,4096,1024,0,384,5.673,1,16,1,12,384,1,4569.196,59.084,65012.128,5.673,0.089,5808.845,90.763,16.925,6.303,6.353,64,2,1,16,1,32,tp2pp1dp16etp1ep32,bfloat16,bfloat16,bfloat16,bfloat16,half,68.924,sglang,0.5.10,a100_sxm,1,1,32,1,32,tp1pp1dp32etp1ep32,bfloat16,bfloat16,bfloat16,bfloat16,half,78.164,sglang,0.5.10,a100_sxm,0.0,90.763
deepseek_v3,a100_sxm,EMPIRICAL,deepseek-ai/DeepSeek-V3,4096,1024,0,256,4.272,1,16,1,8,256,1,4569.196,53.893,59701.735,4.272,0.067,4374.077,68.345,18.555,6.303,4.643,64,2,1,16,1,32,tp2pp1dp16etp1ep32,bfloat16,bfloat16,bfloat16,bfloat16,half,68.924,sglang,0.5.10,a100_sxm,1,1,32,1,32,tp1pp1dp32etp1ep32,bfloat16,bfloat16,bfloat16,bfloat16,half,76.823,sglang,0.5.10,a100_sxm,0.0,68.345
deepseek_v3,a100_sxm,EMPIRICAL,deepseek-ai/DeepSeek-V3,4096,1024,0,160,2.878,1,16,1,5,160,1,4569.196,49.999,55718.173,2.878,0.045,2946.826,46.044,20.0,6.303,3.128,64,2,1,16,1,32,tp2pp1dp16etp1ep32,bfloat16,bfloat16,bfloat16,bfloat16,half,68.924,sglang,0.5.10,a100_sxm,1,1,32,1,32,tp1pp1dp32etp1ep32,bfloat16,bfloat16,bfloat16,bfloat16,half,75.818,sglang,0.5.10,a100_sxm,0.0,46.044
deepseek_v3,a100_sxm,EMPIRICAL,deepseek-ai/DeepSeek-V3,4096,1024,0,128,2.34,1,16,1,8,128,1,4569.196,49.176,54876.244,2.34,0.037,2396.652,37.448,20.335,6.303,2.544,64,2,1,16,1,32,tp2pp1dp16etp1ep32,bfloat16,bfloat16,bfloat16,bfloat16,half,68.924,sglang,0.5.10,a100_sxm,2,1,16,1,32,tp2pp1dp16etp1ep32,bfloat16,bfloat16,bfloat16,bfloat16,half,67.388,sglang,0.5.10,a100_sxm,0.0,37.448
deepseek_v3,a100_sxm,EMPIRICAL,deepseek-ai/DeepSeek-V3,4096,1024,0,64,1.304,1,16,1,4,64,1,4569.196,44.162,49746.922,1.304,0.02,1334.927,20.858,22.644,6.303,1.417,64,2,1,16,1,32,tp2pp1dp16etp1ep32,bfloat16,bfloat16,bfloat16,bfloat16,half,68.924,sglang,0.5.10,a100_sxm,2,1,16,1,32,tp2pp1dp16etp1ep32,bfloat16,bfloat16,bfloat16,bfloat16,half,66.047,sglang,0.5.10,a100_sxm,0.0,20.858
deepseek_v3,a100_sxm,EMPIRICAL,deepseek-ai/DeepSeek-V3,4096,1024,0,16,0.365,1,16,1,2,16,1,4569.196,39.43,44906.086,0.365,0.006,374.006,5.844,25.361,6.303,0.397,64,2,1,16,1,32,tp2pp1dp16etp1ep32,bfloat16,bfloat16,bfloat16,bfloat16,half,68.924,sglang,0.5.10,a100_sxm,4,1,8,1,32,tp4pp1dp8etp1ep32,bfloat16,bfloat16,bfloat16,bfloat16,half,60.541,sglang,0.5.10,a100_sxm,0.0,5.844
deepseek_v3,a100_sxm,EMPIRICAL,deepseek-ai/DeepSeek-V3,4096,1024,0,12,0.34,1,16,1,3,12,1,4569.196,31.72,37018.756,0.34,0.005,348.57,5.446,31.525,6.303,0.37,64,2,1,16,1,32,tp2pp1dp16etp1ep32,bfloat16,bfloat16,bfloat16,bfloat16,half,68.924,sglang,0.5.10,a100_sxm,8,1,4,1,32,tp8pp1dp4etp1ep32,bfloat16,bfloat16,bfloat16,bfloat16,half,58.434,sglang,0.5.10,a100_sxm,0.0,5.446
deepseek_v3,a100_sxm,EMPIRICAL,deepseek-ai/DeepSeek-V3,4096,1024,0,8,0.319,1,16,1,1,8,1,4569.196,22.564,27652.168,0.319,0.005,326.902,5.108,44.318,6.303,0.347,64,2,1,16,1,32,tp2pp1dp16etp1ep32,bfloat16,bfloat16,bfloat16,bfloat16,half,68.924,sglang,0.5.10,a100_sxm,4,1,8,1,32,tp4pp1dp8etp1ep32,bfloat16,bfloat16,bfloat16,bfloat16,half,60.206,sglang,0.5.10,a100_sxm,0.0,5.108
deepseek_v3,a100_sxm,EMPIRICAL,deepseek-ai/DeepSeek-V3,4096,1024,0,4,0.264,1,16,1,1,4,1,4569.196,13.645,18528.031,0.264,0.004,270.377,4.225,73.287,6.303,0.287,64,2,1,16,1,32,tp2pp1dp16etp1ep32,bfloat16,bfloat16,bfloat16,bfloat16,half,68.924,sglang,0.5.10,a100_sxm,8,1,4,1,32,tp8pp1dp4etp1ep32,bfloat16,bfloat16,bfloat16,bfloat16,half,57.764,sglang,0.5.10,a100_sxm,0.0,4.225
deepseek_v3,a100_sxm,ANALYTICAL,deepseek-ai/DeepSeek-V3,4096,1024,0,224,4.628,1,8,1,7,224,1,2800.611,39.339,43044.408,4.628,0.072,4738.867,74.045,25.42,5.142,5.566,64,4,1,8,1,32,tp4pp1dp8etp1ep32,bfloat16,bfloat16,bfloat16,bfloat16,half,62.579,sglang,0.5.10,a100_sxm,1,1,32,1,32,tp1pp1dp32etp1ep32,bfloat16,bfloat16,bfloat16,bfloat16,half,76.488,sglang,0.5.10,a100_sxm,0.0,74.045
deepseek_v3,a100_sxm,ANALYTICAL,deepseek-ai/DeepSeek-V3,4096,1024,0,128,3.396,1,8,1,4,128,1,2800.611,33.897,37477.242,3.396,0.053,3477.217,54.332,29.502,5.142,3.691,64,4,1,8,1,32,tp4pp1dp8etp1ep32,bfloat16,bfloat16,bfloat16,bfloat16,half,62.579,sglang,0.5.10,a100_sxm,1,1,32,1,32,tp1pp1dp32etp1ep32,bfloat16,bfloat16,bfloat16,bfloat16,half,75.483,sglang,0.5.10,a100_sxm,0.0,54.332
deepseek_v3,a100_sxm,ANALYTICAL,deepseek-ai/DeepSeek-V3,4096,1024,0,64,1.961,1,8,1,4,64,1,2800.611,29.353,32828.73,1.961,0.031,2007.572,31.368,34.068,5.142,2.131,64,4,1,8,1,32,tp4pp1dp8etp1ep32,bfloat16,bfloat16,bfloat16,bfloat16,half,62.579,sglang,0.5.10,a100_sxm,2,1,16,1,32,tp2pp1dp16etp1ep32,bfloat16,bfloat16,bfloat16,bfloat16,half,66.047,sglang,0.5.10,a100_sxm,0.0,31.368
deepseek_v3,a100_sxm,ANALYTICAL,deepseek-ai/DeepSeek-V3,4096,1024,0,32,1.011,1,8,1,1,32,1,2800.611,28.454,31909.053,1.011,0.016,1035.346,16.177,35.144,5.142,1.099,64,4,1,8,1,32,tp4pp1dp8etp1ep32,bfloat16,bfloat16,bfloat16,bfloat16,half,62.579,sglang,0.5.10,a100_sxm,1,1,32,1,32,tp1pp1dp32etp1ep32,bfloat16,bfloat16,bfloat16,bfloat16,half,74.478,sglang,0.5.10,a100_sxm,0.0,16.177
deepseek_v3,a100_sxm,ANALYTICAL,deepseek-ai/DeepSeek-V3,4096,1024,0,12,0.499,1,8,1,3,12,1,2800.611,21.639,24937.308,0.499,0.008,510.607,7.978,46.214,5.142,0.542,64,4,1,8,1,32,tp4pp1dp8etp1ep32,bfloat16,bfloat16,bfloat16,bfloat16,half,62.579,sglang,0.5.10,a100_sxm,8,1,4,1,32,tp8pp1dp4etp1ep32,bfloat16,bfloat16,bfloat16,bfloat16,half,58.434,sglang,0.5.10,a100_sxm,0.0,7.978
deepseek_v3,a100_sxm,ANALYTICAL,deepseek-ai/DeepSeek-V3,4096,1024,0,8,0.435,1,8,1,1,8,1,2800.611,16.522,19702.617,0.435,0.007,445.604,6.963,60.526,5.142,0.473,64,4,1,8,1,32,tp4pp1dp8etp1ep32,bfloat16,bfloat16,bfloat16,bfloat16,half,62.579,sglang,0.5.10,a100_sxm,4,1,8,1,32,tp4pp1dp8etp1ep32,bfloat16,bfloat16,bfloat16,bfloat16,half,60.206,sglang,0.5.10,a100_sxm,0.0,6.963
deepseek_v3,a100_sxm,ANALYTICAL,deepseek-ai/DeepSeek-V3,4096,1024,0,4,0.298,1,8,1,1,4,1,2800.611,12.061,15139.014,0.298,0.005,305.234,4.769,82.914,5.142,0.324,64,4,1,8,1,32,tp4pp1dp8etp1ep32,bfloat16,bfloat16,bfloat16,bfloat16,half,62.579,sglang,0.5.10,a100_sxm,8,1,4,1,32,tp8pp1dp4etp1ep32,bfloat16,bfloat16,bfloat16,bfloat16,half,57.764,sglang,0.5.10,a100_sxm,0.0,4.769
deepseek_v3,h100_sxm,SILICON,deepseek-ai/DeepSeek-V3,4096,1024,0,96,4.965,1,1,1,96,96,1,404.051,34.778,35981.945,4.965,0.155,5084.406,158.888,28.754,8.91,5.397,32,8,2,1,8,1,tp8pp2dp1etp8ep1,fp8,bfloat16,bfloat16,fp8_block,half,52.815,sglang,0.5.10,h100_sxm,8,2,1,2,4,tp8pp2dp1etp2ep4,fp8,bfloat16,bfloat16,fp8_block,half,79.256,sglang,0.5.10,h100_sxm,0.0,158.888
deepseek_v3,h100_sxm,SILICON,deepseek-ai/DeepSeek-V3,4096,1024,0,84,4.382,1,1,1,84,84,1,404.051,34.479,35676.068,4.382,0.137,4487.127,140.223,29.004,8.91,4.763,32,8,2,1,8,1,tp8pp2dp1etp8ep1,fp8,bfloat16,bfloat16,fp8_block,half,52.815,sglang,0.5.10,h100_sxm,8,2,1,1,8,tp8pp2dp1etp1ep8,fp8,bfloat16,bfloat16,fp8_block,half,75.235,sglang,0.5.10,h100_sxm,0.0,140.223
deepseek_v3,h100_sxm,SILICON,deepseek-ai/DeepSeek-V3,4096,1024,0,64,3.921,1,1,1,64,64,1,404.051,29.355,30434.216,3.921,0.123,4015.145,125.473,34.066,8.91,4.262,32,8,2,1,8,1,tp8pp2dp1etp8ep1,fp8,bfloat16,bfloat16,fp8_block,half,52.815,sglang,0.5.10,h100_sxm,8,2,1,4,2,tp8pp2dp1etp4ep2,fp8,bfloat16,bfloat16,fp8_block,half,68.534,sglang,0.5.10,h100_sxm,0.0,125.473
deepseek_v3,h100_sxm,SILICON,deepseek-ai/DeepSeek-V3,4096,1024,0,36,2.636,1,1,1,36,36,1,404.051,24.57,25539.161,2.636,0.082,2699.059,84.346,40.701,8.91,2.865,32,8,2,1,8,1,tp8pp2dp1etp8ep1,fp8,bfloat16,bfloat16,fp8_block,half,52.815,sglang,0.5.10,h100_sxm,8,2,1,2,4,tp8pp2dp1etp2ep4,fp8,bfloat16,bfloat16,fp8_block,half,59.151,sglang,0.5.10,h100_sxm,0.0,84.346
deepseek_v3,h100_sxm,SILICON,deepseek-ai/DeepSeek-V3,4096,1024,0,32,2.365,1,1,1,32,32,1,404.051,24.331,25294.664,2.365,0.074,2422.088,75.69,41.099,8.91,2.571,32,8,2,1,8,1,tp8pp2dp1etp8ep1,fp8,bfloat16,bfloat16,fp8_block,half,52.815,sglang,0.5.10,h100_sxm,8,2,1,1,8,tp8pp2dp1etp1ep8,fp8,bfloat16,bfloat16,fp8_block,half,57.811,sglang,0.5.10,h100_sxm,0.0,75.69
deepseek_v3,h100_sxm,SILICON,deepseek-ai/DeepSeek-V3,4096,1024,0,20,1.846,1,1,1,20,20,1,404.051,19.48,20332.091,1.846,0.058,1890.755,59.086,51.334,8.91,2.007,32,8,2,1,8,1,tp8pp2dp1etp8ep1,fp8,bfloat16,bfloat16,fp8_block,half,52.815,sglang,0.5.10,h100_sxm,8,2,1,2,4,tp8pp2dp1etp2ep4,fp8,bfloat16,bfloat16,fp8_block,half,53.79,sglang,0.5.10,h100_sxm,0.0,59.086
deepseek_v3,h100_sxm,SILICON,deepseek-ai/DeepSeek-V3,4096,1024,0,18,1.764,1,1,1,18,18,1,404.051,18.356,19182.239,1.764,0.055,1805.967,56.436,54.478,8.91,1.917,32,8,2,1,8,1,tp8pp2dp1etp8ep1,fp8,bfloat16,bfloat16,fp8_block,half,52.815,sglang,0.5.10,h100_sxm,8,2,1,2,4,tp8pp2dp1etp2ep4,fp8,bfloat16,bfloat16,fp8_block,half,53.12,sglang,0.5.10,h100_sxm,0.0,56.436
deepseek_v3,h100_sxm,SILICON,deepseek-ai/DeepSeek-V3,4096,1024,0,16,1.673,1,1,1,16,16,1,404.051,17.196,17995.559,1.673,0.052,1713.644,53.551,58.153,8.91,1.819,32,8,2,1,8,1,tp8pp2dp1etp8ep1,fp8,bfloat16,bfloat16,fp8_block,half,52.815,sglang,0.5.10,h100_sxm,8,2,1,2,4,tp8pp2dp1etp2ep4,fp8,bfloat16,bfloat16,fp8_block,half,52.45,sglang,0.5.10,h100_sxm,0.0,53.551
deepseek_v3,h100_sxm,SILICON,deepseek-ai/DeepSeek-V3,4096,1024,0,15,1.61,1,1,1,15,15,1,404.051,16.754,17543.393,1.61,0.05,1648.64,51.52,59.687,8.91,1.75,32,8,2,1,8,1,tp8pp2dp1etp8ep1,fp8,bfloat16,bfloat16,fp8_block,half,52.815,sglang,0.5.10,h100_sxm,8,2,1,2,4,tp8pp2dp1etp2ep4,fp8,bfloat16,bfloat16,fp8_block,half,52.115,sglang,0.5.10,h100_sxm,0.0,51.52
deepseek_v3,h100_sxm,SILICON,deepseek-ai/DeepSeek-V3,4096,1024,0,14,1.503,1,1,1,14,14,1,404.051,16.75,17539.301,1.503,0.047,1539.359,48.105,59.703,8.91,1.634,32,8,2,1,8,1,tp8pp2dp1etp8ep1,fp8,bfloat16,bfloat16,fp8_block,half,52.815,sglang,0.5.10,h100_sxm,8,2,1,8,1,tp8pp2dp1etp8ep1,fp8,bfloat16,bfloat16,fp8_block,half,51.78,sglang,0.5.10,h100_sxm,0.0,48.105
deepseek_v3,h100_sxm,SILICON,deepseek-ai/DeepSeek-V3,4096,1024,0,13,1.473,1,1,1,13,13,1,404.051,15.87,16639.061,1.473,0.046,1508.27,47.133,63.013,8.91,1.601,32,8,2,1,8,1,tp8pp2dp1etp8ep1,fp8,bfloat16,bfloat16,fp8_block,half,52.815,sglang,0.5.10,h100_sxm,8,2,1,2,4,tp8pp2dp1etp2ep4,fp8,bfloat16,bfloat16,fp8_block,half,51.444,sglang,0.5.10,h100_sxm,0.0,47.133
deepseek_v3,h100_sxm,SILICON,deepseek-ai/DeepSeek-V3,4096,1024,0,11,1.32,1,1,1,11,11,1,404.051,14.986,15734.729,1.32,0.041,1351.885,42.246,66.73,8.91,1.435,32,8,2,1,8,1,tp8pp2dp1etp8ep1,fp8,bfloat16,bfloat16,fp8_block,half,52.815,sglang,0.5.10,h100_sxm,8,2,1,2,4,tp8pp2dp1etp2ep4,fp8,bfloat16,bfloat16,fp8_block,half,50.774,sglang,0.5.10,h100_sxm,0.0,42.246
deepseek_v3,h100_sxm,SILICON,deepseek-ai/DeepSeek-V3,4096,1024,0,10,1.233,1,1,1,10,10,1,404.051,14.594,15333.713,1.233,0.039,1262.387,39.45,68.521,8.91,1.34,32,8,2,1,8,1,tp8pp2dp1etp8ep1,fp8,bfloat16,bfloat16,fp8_block,half,52.815,sglang,0.5.10,h100_sxm,8,2,1,4,2,tp8pp2dp1etp4ep2,fp8,bfloat16,bfloat16,fp8_block,half,50.439,sglang,0.5.10,h100_sxm,0.0,39.45
deepseek_v3,h100_sxm,SILICON,deepseek-ai/DeepSeek-V3,4096,1024,0,8,1.063,1,1,1,8,8,1,404.051,13.541,14256.494,1.063,0.033,1088.102,34.003,73.848,8.91,1.155,32,8,2,1,8,1,tp8pp2dp1etp8ep1,fp8,bfloat16,bfloat16,fp8_block,half,52.815,sglang,0.5.10,h100_sxm,8,2,1,4,2,tp8pp2dp1etp4ep2,fp8,bfloat16,bfloat16,fp8_block,half,49.769,sglang,0.5.10,h100_sxm,0.0,34.003
deepseek_v3,h100_sxm,SILICON,deepseek-ai/DeepSeek-V3,4096,1024,0,7,0.981,1,1,1,7,7,1,404.051,12.837,13536.302,0.981,0.031,1004.257,31.383,77.897,8.91,1.066,32,8,2,1,8,1,tp8pp2dp1etp8ep1,fp8,bfloat16,bfloat16,fp8_block,half,52.815,sglang,0.5.10,h100_sxm,8,2,1,4,2,tp8pp2dp1etp4ep2,fp8,bfloat16,bfloat16,fp8_block,half,49.434,sglang,0.5.10,h100_sxm,0.0,31.383
deepseek_v3,h100_sxm,SILICON,deepseek-ai/DeepSeek-V3,4096,1024,0,6,0.885,1,1,1,6,6,1,404.051,12.188,12872.375,0.885,0.028,906.281,28.321,82.045,8.91,0.962,32,8,2,1,8,1,tp8pp2dp1etp8ep1,fp8,bfloat16,bfloat16,fp8_block,half,52.815,sglang,0.5.10,h100_sxm,8,2,1,8,1,tp8pp2dp1etp8ep1,fp8,bfloat16,bfloat16,fp8_block,half,49.099,sglang,0.5.10,h100_sxm,0.0,28.321
deepseek_v3,h100_sxm,SILICON,deepseek-ai/DeepSeek-V3,4096,1024,0,5,0.803,1,1,1,5,5,1,404.051,11.201,11862.674,0.803,0.025,822.436,25.701,89.274,8.91,0.873,32,8,2,1,8,1,tp8pp2dp1etp8ep1,fp8,bfloat16,bfloat16,fp8_block,half,52.815,sglang,0.5.10,h100_sxm,8,2,1,8,1,tp8pp2dp1etp8ep1,fp8,bfloat16,bfloat16,fp8_block,half,48.764,sglang,0.5.10,h100_sxm,0.0,25.701
deepseek_v3,h100_sxm,SILICON,deepseek-ai/DeepSeek-V3,4096,1024,0,4,0.696,1,1,1,4,4,1,404.051,10.34,10981.871,0.696,0.022,712.212,22.257,96.714,8.91,0.756,32,8,2,1,8,1,tp8pp2dp1etp8ep1,fp8,bfloat16,bfloat16,fp8_block,half,52.815,sglang,0.5.10,h100_sxm,8,2,1,8,1,tp8pp2dp1etp8ep1,fp8,bfloat16,bfloat16,fp8_block,half,48.429,sglang,0.5.10,h100_sxm,0.0,22.257
deepseek_v3,h100_sxm,SILICON,deepseek-ai/DeepSeek-V3,4096,1024,0,3,0.605,1,1,1,3,3,1,404.051,8.92,9529.211,0.605,0.019,619.889,19.372,112.107,8.91,0.658,32,8,2,1,8,1,tp8pp2dp1etp8ep1,fp8,bfloat16,bfloat16,fp8_block,half,52.815,sglang,0.5.10,h100_sxm,8,2,1,8,1,tp8pp2dp1etp8ep1,fp8,bfloat16,bfloat16,fp8_block,half,48.094,sglang,0.5.10,h100_sxm,0.0,19.372
deepseek_v3,h100_sxm,SILICON,deepseek-ai/DeepSeek-V3,4096,1024,0,2,0.494,1,1,1,2,2,1,404.051,7.285,7856.606,0.494,0.015,505.897,15.809,137.275,8.91,0.537,32,8,2,1,8,1,tp8pp2dp1etp8ep1,fp8,bfloat16,bfloat16,fp8_block,half,52.815,sglang,0.5.10,h100_sxm,8,2,1,4,2,tp8pp2dp1etp4ep2,fp8,bfloat16,bfloat16,fp8_block,half,47.759,sglang,0.5.10,h100_sxm,0.0,15.809
deepseek_v3,h100_sxm,SILICON,deepseek-ai/DeepSeek-V3,4096,1024,0,1,0.309,1,1,1,1,1,1,404.051,5.822,6359.957,0.309,0.01,316.539,9.892,171.751,8.91,0.336,32,8,2,1,8,1,tp8pp2dp1etp8ep1,fp8,bfloat16,bfloat16,fp8_block,half,52.815,sglang,0.5.10,h100_sxm,8,2,1,2,4,tp8pp2dp1etp2ep4,fp8,bfloat16,bfloat16,fp8_block,half,47.423,sglang,0.5.10,h100_sxm,0.0,9.892
deepseek_v3,h100_sxm,EMPIRICAL,deepseek-ai/DeepSeek-V3,4096,1024,0,416,8.108,1,16,1,26,416,1,3196.811,43.97,48178.121,8.108,0.253,8302.694,259.459,22.743,9.009,9.248,32,1,1,16,1,16,tp1pp1dp16etp1ep16,fp8,bfloat16,bfloat16,fp8_block,half,67.764,sglang,0.5.10,h100_sxm,1,1,16,1,16,tp1pp1dp16etp1ep16,fp8,bfloat16,bfloat16,fp8_block,half,68.863,sglang,0.5.10,h100_sxm,0.0,259.459
deepseek_v3,h100_sxm,EMPIRICAL,deepseek-ai/DeepSeek-V3,4096,1024,0,320,7.245,1,16,1,20,320,1,3196.811,39.722,43832.417,7.245,0.226,7418.88,231.84,25.175,9.009,7.875,32,1,1,16,1,16,tp1pp1dp16etp1ep16,fp8,bfloat16,bfloat16,fp8_block,half,67.764,sglang,0.5.10,h100_sxm,1,1,16,1,16,tp1pp1dp16etp1ep16,fp8,bfloat16,bfloat16,fp8_block,half,66.853,sglang,0.5.10,h100_sxm,0.0,231.84
deepseek_v3,h100_sxm,EMPIRICAL,deepseek-ai/DeepSeek-V3,4096,1024,0,208,5.38,1,16,1,13,208,1,3196.811,34.767,38763.452,5.38,0.168,5509.284,172.165,28.763,9.009,5.848,32,1,1,16,1,16,tp1pp1dp16etp1ep16,fp8,bfloat16,bfloat16,fp8_block,half,67.764,sglang,0.5.10,h100_sxm,1,1,16,1,16,tp1pp1dp16etp1ep16,fp8,bfloat16,bfloat16,fp8_block,half,64.507,sglang,0.5.10,h100_sxm,0.0,172.165
deepseek_v3,h100_sxm,EMPIRICAL,deepseek-ai/DeepSeek-V3,4096,1024,0,128,3.398,1,16,1,16,128,1,3196.811,33.874,37849.913,3.398,0.106,3480.044,108.751,29.521,9.009,3.694,32,1,1,16,1,16,tp1pp1dp16etp1ep16,fp8,bfloat16,bfloat16,fp8_block,half,67.764,sglang,0.5.10,h100_sxm,2,1,8,1,16,tp2pp1dp8etp1ep16,fp8,bfloat16,bfloat16,fp8_block,half,60.962,sglang,0.5.10,h100_sxm,0.0,108.751
deepseek_v3,h100_sxm,EMPIRICAL,deepseek-ai/DeepSeek-V3,4096,1024,0,96,2.896,1,16,1,6,96,1,3196.811,29.812,33694.487,2.896,0.091,2965.668,92.677,33.544,9.009,3.148,32,1,1,16,1,16,tp1pp1dp16etp1ep16,fp8,bfloat16,bfloat16,fp8_block,half,67.764,sglang,0.5.10,h100_sxm,1,1,16,1,16,tp1pp1dp16etp1ep16,fp8,bfloat16,bfloat16,fp8_block,half,62.162,sglang,0.5.10,h100_sxm,0.0,92.677
deepseek_v3,h100_sxm,EMPIRICAL,deepseek-ai/DeepSeek-V3,4096,1024,0,80,2.417,1,16,1,10,80,1,3196.811,29.763,33644.36,2.417,0.076,2474.844,77.339,33.599,9.009,2.627,32,1,1,16,1,16,tp1pp1dp16etp1ep16,fp8,bfloat16,bfloat16,fp8_block,half,67.764,sglang,0.5.10,h100_sxm,2,1,8,1,16,tp2pp1dp8etp1ep16,fp8,bfloat16,bfloat16,fp8_block,half,58.951,sglang,0.5.10,h100_sxm,0.0,77.339
deepseek_v3,h100_sxm,EMPIRICAL,deepseek-ai/DeepSeek-V3,4096,1024,0,48,1.455,1,16,1,12,48,1,3196.811,29.67,33549.221,1.455,0.045,1489.428,46.545,33.704,9.009,1.581,32,1,1,16,1,16,tp1pp1dp16etp1ep16,fp8,bfloat16,bfloat16,fp8_block,half,67.764,sglang,0.5.10,h100_sxm,4,1,4,1,16,tp4pp1dp4etp1ep16,fp8,bfloat16,bfloat16,fp8_block,half,57.228,sglang,0.5.10,h100_sxm,0.0,46.545
deepseek_v3,h100_sxm,EMPIRICAL,deepseek-ai/DeepSeek-V3,4096,1024,0,24,0.865,1,16,1,3,24,1,3196.811,24.966,28737.029,0.865,0.027,885.555,27.674,40.055,9.009,0.94,32,1,1,16,1,16,tp1pp1dp16etp1ep16,fp8,bfloat16,bfloat16,fp8_block,half,67.764,sglang,0.5.10,h100_sxm,2,1,8,1,16,tp2pp1dp8etp1ep16,fp8,bfloat16,bfloat16,fp8_block,half,56.606,sglang,0.5.10,h100_sxm,0.0,27.674
deepseek_v3,h100_sxm,EMPIRICAL,deepseek-ai/DeepSeek-V3,4096,1024,0,20,0.72,1,16,1,5,20,1,3196.811,24.953,28723.73,0.72,0.023,737.649,23.052,40.076,9.009,0.783,32,1,1,16,1,16,tp1pp1dp16etp1ep16,fp8,bfloat16,bfloat16,fp8_block,half,67.764,sglang,0.5.10,h100_sxm,4,1,4,1,16,tp4pp1dp4etp1ep16,fp8,bfloat16,bfloat16,fp8_block,half,54.882,sglang,0.5.10,h100_sxm,0.0,23.052
deepseek_v3,h100_sxm,EMPIRICAL,deepseek-ai/DeepSeek-V3,4096,1024,0,12,0.572,1,16,1,3,12,1,3196.811,18.846,22476.269,0.572,0.018,585.974,18.312,53.06,9.009,0.622,32,1,1,16,1,16,tp1pp1dp16etp1ep16,fp8,bfloat16,bfloat16,fp8_block,half,67.764,sglang,0.5.10,h100_sxm,4,1,4,1,16,tp4pp1dp4etp1ep16,fp8,bfloat16,bfloat16,fp8_block,half,54.212,sglang,0.5.10,h100_sxm,0.0,18.312
deepseek_v3,h100_sxm,EMPIRICAL,deepseek-ai/DeepSeek-V3,4096,1024,0,8,0.536,1,16,1,2,8,1,3196.811,13.414,16919.333,0.536,0.017,549.233,17.164,74.548,9.009,0.583,32,1,1,16,1,16,tp1pp1dp16etp1ep16,fp8,bfloat16,bfloat16,fp8_block,half,67.764,sglang,0.5.10,h100_sxm,4,1,4,1,16,tp4pp1dp4etp1ep16,fp8,bfloat16,bfloat16,fp8_block,half,53.877,sglang,0.5.10,h100_sxm,0.0,17.164
deepseek_v3,h100_sxm,EMPIRICAL,deepseek-ai/DeepSeek-V3,4096,1024,0,6,0.489,1,16,1,3,6,1,3196.811,11.029,14479.478,0.489,0.015,501.187,15.662,90.674,9.009,0.532,32,1,1,16,1,16,tp1pp1dp16etp1ep16,fp8,bfloat16,bfloat16,fp8_block,half,67.764,sglang,0.5.10,h100_sxm,8,1,2,1,16,tp8pp1dp2etp1ep16,fp8,bfloat16,bfloat16,fp8_block,half,52.991,sglang,0.5.10,h100_sxm,0.0,15.662
deepseek_v3,h100_sxm,EMPIRICAL,deepseek-ai/DeepSeek-V3,4096,1024,0,4,0.451,1,16,1,2,4,1,3196.811,7.981,11361.374,0.451,0.014,461.619,14.426,125.296,9.009,0.49,32,1,1,16,1,16,tp1pp1dp16etp1ep16,fp8,bfloat16,bfloat16,fp8_block,half,67.764,sglang,0.5.10,h100_sxm,8,1,2,1,16,tp8pp1dp2etp1ep16,fp8,bfloat16,bfloat16,fp8_block,half,52.656,sglang,0.5.10,h100_sxm,0.0,14.426
deepseek_v3,h100_sxm,EMPIRICAL,deepseek-ai/DeepSeek-V3,4096,1024,0,2,0.364,1,16,1,1,2,1,3196.811,4.934,8244.293,0.364,0.011,373.064,11.658,202.69,9.009,0.396,32,1,1,16,1,16,tp1pp1dp16etp1ep16,fp8,bfloat16,bfloat16,fp8_block,half,67.764,sglang,0.5.10,h100_sxm,8,1,2,1,16,tp8pp1dp2etp1ep16,fp8,bfloat16,bfloat16,fp8_block,half,52.321,sglang,0.5.10,h100_sxm,0.0,11.658
deepseek_v3,h100_sxm,ANALYTICAL,deepseek-ai/DeepSeek-V3,4096,1024,0,416,7.987,1,16,1,26,416,1,3245.551,34.992,39042.367,7.987,0.25,8178.278,255.571,28.578,8.874,11.621,32,1,1,16,1,16,tp1pp1dp16etp1ep16,fp8,bfloat16,bfloat16,fp8_block,half,67.764,sglang,0.5.10,h100_sxm,1,1,16,1,16,tp1pp1dp16etp1ep16,fp8,bfloat16,bfloat16,fp8_block,half,68.863,sglang,0.5.10,h100_sxm,0.0,255.571
deepseek_v3,h100_sxm,ANALYTICAL,deepseek-ai/DeepSeek-V3,4096,1024,0,256,7.956,1,16,1,16,256,1,3245.551,28.936,32847.079,7.956,0.249,8147.108,254.597,34.559,8.874,8.648,32,1,1,16,1,16,tp1pp1dp16etp1ep16,fp8,bfloat16,bfloat16,fp8_block,half,67.764,sglang,0.5.10,h100_sxm,1,1,16,1,16,tp1pp1dp16etp1ep16,fp8,bfloat16,bfloat16,fp8_block,half,65.512,sglang,0.5.10,h100_sxm,0.0,254.597
deepseek_v3,h100_sxm,ANALYTICAL,deepseek-ai/DeepSeek-V3,4096,1024,0,144,5.244,1,16,1,9,144,1,3245.551,24.696,28509.559,5.244,0.164,5369.856,167.808,40.492,8.874,5.7,32,1,1,16,1,16,tp1pp1dp16etp1ep16,fp8,bfloat16,bfloat16,fp8_block,half,67.764,sglang,0.5.10,h100_sxm,1,1,16,1,16,tp1pp1dp16etp1ep16,fp8,bfloat16,bfloat16,fp8_block,half,63.167,sglang,0.5.10,h100_sxm,0.0,167.808
deepseek_v3,h100_sxm,ANALYTICAL,deepseek-ai/DeepSeek-V3,4096,1024,0,96,3.513,1,16,1,12,96,1,3245.551,24.572,28382.707,3.513,0.11,3597.804,112.431,40.697,8.874,3.819,32,1,1,16,1,16,tp1pp1dp16etp1ep16,fp8,bfloat16,bfloat16,fp8_block,half,67.764,sglang,0.5.10,h100_sxm,2,1,8,1,16,tp2pp1dp8etp1ep16,fp8,bfloat16,bfloat16,fp8_block,half,59.621,sglang,0.5.10,h100_sxm,0.0,112.431
deepseek_v3,h100_sxm,ANALYTICAL,deepseek-ai/DeepSeek-V3,4096,1024,0,56,2.05,1,16,1,14,56,1,3245.551,24.568,28378.615,2.05,0.064,2098.954,65.592,40.703,8.874,2.228,32,1,1,16,1,16,tp1pp1dp16etp1ep16,fp8,bfloat16,bfloat16,fp8_block,half,67.764,sglang,0.5.10,h100_sxm,4,1,4,1,16,tp4pp1dp4etp1ep16,fp8,bfloat16,bfloat16,fp8_block,half,57.898,sglang,0.5.10,h100_sxm,0.0,65.592
deepseek_v3,h100_sxm,ANALYTICAL,deepseek-ai/DeepSeek-V3,4096,1024,0,24,1.096,1,16,1,3,24,1,3245.551,19.695,23393.536,1.096,0.034,1122.017,35.063,50.775,8.874,1.191,32,1,1,16,1,16,tp1pp1dp16etp1ep16,fp8,bfloat16,bfloat16,fp8_block,half,67.764,sglang,0.5.10,h100_sxm,2,1,8,1,16,tp2pp1dp8etp1ep16,fp8,bfloat16,bfloat16,fp8_block,half,56.606,sglang,0.5.10,h100_sxm,0.0,35.063
deepseek_v3,h100_sxm,ANALYTICAL,deepseek-ai/DeepSeek-V3,4096,1024,0,12,0.664,1,16,1,3,12,1,3245.551,16.239,19858.048,0.664,0.021,680.182,21.256,61.582,8.874,0.722,32,1,1,16,1,16,tp1pp1dp16etp1ep16,fp8,bfloat16,bfloat16,fp8_block,half,67.764,sglang,0.5.10,h100_sxm,4,1,4,1,16,tp4pp1dp4etp1ep16,fp8,bfloat16,bfloat16,fp8_block,half,54.212,sglang,0.5.10,h100_sxm,0.0,21.256
deepseek_v3,h100_sxm,ANALYTICAL,deepseek-ai/DeepSeek-V3,4096,1024,0,10,0.581,1,16,1,5,10,1,3245.551,15.456,19057.039,0.581,0.018,595.395,18.606,64.701,8.874,0.632,32,1,1,16,1,16,tp1pp1dp16etp1ep16,fp8,bfloat16,bfloat16,fp8_block,half,67.764,sglang,0.5.10,h100_sxm,8,1,2,1,16,tp8pp1dp2etp1ep16,fp8,bfloat16,bfloat16,fp8_block,half,53.661,sglang,0.5.10,h100_sxm,0.0,18.606
deepseek_v3,h100_sxm,ANALYTICAL,deepseek-ai/DeepSeek-V3,4096,1024,0,8,0.552,1,16,1,2,8,1,3245.551,13.029,16574.218,0.552,0.017,565.248,17.664,76.754,8.874,0.6,32,1,1,16,1,16,tp1pp1dp16etp1ep16,fp8,bfloat16,bfloat16,fp8_block,half,67.764,sglang,0.5.10,h100_sxm,4,1,4,1,16,tp4pp1dp4etp1ep16,fp8,bfloat16,bfloat16,fp8_block,half,53.877,sglang,0.5.10,h100_sxm,0.0,17.664
deepseek_v3,h100_sxm,ANALYTICAL,deepseek-ai/DeepSeek-V3,4096,1024,0,6,0.458,1,16,1,3,6,1,3245.551,11.768,15284.215,0.458,0.014,469.156,14.661,84.979,8.874,0.498,32,1,1,16,1,16,tp1pp1dp16etp1ep16,fp8,bfloat16,bfloat16,fp8_block,half,67.764,sglang,0.5.10,h100_sxm,8,1,2,1,16,tp8pp1dp2etp1ep16,fp8,bfloat16,bfloat16,fp8_block,half,52.991,sglang,0.5.10,h100_sxm,0.0,14.661
deepseek_v3,h100_sxm,ANALYTICAL,deepseek-ai/DeepSeek-V3,4096,1024,0,4,0.367,1,16,1,1,4,1,3245.551,9.801,13271.974,0.367,0.011,375.89,11.747,102.026,8.874,0.399,32,1,1,16,1,16,tp1pp1dp16etp1ep16,fp8,bfloat16,bfloat16,fp8_block,half,67.764,sglang,0.5.10,h100_sxm,4,1,4,1,16,tp4pp1dp4etp1ep16,fp8,bfloat16,bfloat16,fp8_block,half,53.542,sglang,0.5.10,h100_sxm,0.0,11.747
deepseek_v3,h100_sxm,ANALYTICAL,deepseek-ai/DeepSeek-V3,4096,1024,0,2,0.223,1,16,1,1,2,1,3245.551,8.072,11503.207,0.223,0.007,227.983,7.124,123.88,8.874,0.242,32,1,1,16,1,16,tp1pp1dp16etp1ep16,fp8,bfloat16,bfloat16,fp8_block,half,67.764,sglang,0.5.10,h100_sxm,8,1,2,1,16,tp8pp1dp2etp1ep16,fp8,bfloat16,bfloat16,fp8_block,half,52.321,sglang,0.5.10,h100_sxm,0.0,7.124
deepseek_v3,h200_sxm,SILICON,deepseek-ai/DeepSeek-V3,4096,1024,0,320,7.716,1,8,1,40,320,1,1679.771,34.368,36838.235,7.716,0.482,7900.877,493.805,29.097,8.573,9.102,16,1,1,8,8,1,tp1pp1dp8etp8ep1,fp8,bfloat16,bfloat16,fp8_block,half,137.045,sglang,0.5.10,h200_sxm,1,1,8,8,1,tp1pp1dp8etp8ep1,fp8,bfloat16,bfloat16,fp8_block,half,114.807,sglang,0.5.10,h200_sxm,0.0,493.805
deepseek_v3,h200_sxm,SILICON,deepseek-ai/DeepSeek-V3,4096,1024,0,224,6.743,1,8,1,28,224,1,1679.771,29.875,32241.896,6.743,0.421,6904.504,431.532,33.473,8.573,7.329,16,1,1,8,8,1,tp1pp1dp8etp8ep1,fp8,bfloat16,bfloat16,fp8_block,half,137.045,sglang,0.5.10,h200_sxm,1,1,8,4,2,tp1pp1dp8etp4ep2,fp8,bfloat16,bfloat16,fp8_block,half,110.639,sglang,0.5.10,h200_sxm,0.0,431.532
deepseek_v3,h200_sxm,SILICON,deepseek-ai/DeepSeek-V3,4096,1024,0,208,6.333,1,8,1,26,208,1,1679.771,29.537,31896.122,6.333,0.396,6485.279,405.33,33.856,8.573,6.884,16,1,1,8,8,1,tp1pp1dp8etp8ep1,fp8,bfloat16,bfloat16,fp8_block,half,137.045,sglang,0.5.10,h200_sxm,1,1,8,8,1,tp1pp1dp8etp8ep1,fp8,bfloat16,bfloat16,fp8_block,half,109.994,sglang,0.5.10,h200_sxm,0.0,405.33
deepseek_v3,h200_sxm,SILICON,deepseek-ai/DeepSeek-V3,4096,1024,0,176,5.405,1,8,1,22,176,1,1679.771,29.285,31638.326,5.405,0.338,5534.72,345.92,34.147,8.573,5.875,16,1,1,8,8,1,tp1pp1dp8etp8ep1,fp8,bfloat16,bfloat16,fp8_block,half,137.045,sglang,0.5.10,h200_sxm,1,1,8,2,4,tp1pp1dp8etp2ep4,fp8,bfloat16,bfloat16,fp8_block,half,108.629,sglang,0.5.10,h200_sxm,0.0,345.92
deepseek_v3,h200_sxm,SILICON,deepseek-ai/DeepSeek-V3,4096,1024,0,224,7.716,1,8,1,14,112,2,1679.771,24.842,27093.137,7.716,0.321,7900.877,329.203,40.255,8.573,4.407,24,1,1,8,8,1,tp1pp1dp8etp8ep1,fp8,bfloat16,bfloat16,fp8_block,half,137.045,sglang,0.5.10,h200_sxm,1,1,8,2,4,tp1pp1dp8etp2ep4,fp8,bfloat16,bfloat16,fp8_block,half,105.948,sglang,0.5.10,h200_sxm,0.0,246.90224999999998
deepseek_v3,h200_sxm,SILICON,deepseek-ai/DeepSeek-V3,4096,1024,0,192,7.009,1,8,1,12,96,2,1679.771,24.639,26885.468,7.009,0.292,7176.765,299.032,40.587,8.573,3.809,24,1,1,8,8,1,tp1pp1dp8etp8ep1,fp8,bfloat16,bfloat16,fp8_block,half,137.045,sglang,0.5.10,h200_sxm,1,1,8,1,8,tp1pp1dp8etp1ep8,fp8,bfloat16,bfloat16,fp8_block,half,105.278,sglang,0.5.10,h200_sxm,0.0,224.274
deepseek_v3,h200_sxm,SILICON,deepseek-ai/DeepSeek-V3,4096,1024,0,120,5.506,1,8,1,5,40,3,1679.771,19.601,21731.594,5.506,0.172,5638.349,176.198,51.018,8.573,1.995,32,1,1,8,8,1,tp1pp1dp8etp8ep1,fp8,bfloat16,bfloat16,fp8_block,half,137.045,sglang,0.5.10,h200_sxm,1,1,8,2,4,tp1pp1dp8etp2ep4,fp8,bfloat16,bfloat16,fp8_block,half,102.932,sglang,0.5.10,h200_sxm,0.0,176.198
deepseek_v3,h200_sxm,SILICON,deepseek-ai/DeepSeek-V3,4096,1024,0,96,4.546,1,8,1,4,32,3,1679.771,18.996,21112.679,4.546,0.142,4654.817,145.463,52.643,8.573,1.647,32,1,1,8,8,1,tp1pp1dp8etp8ep1,fp8,bfloat16,bfloat16,fp8_block,half,137.045,sglang,0.5.10,h200_sxm,1,1,8,2,4,tp1pp1dp8etp2ep4,fp8,bfloat16,bfloat16,fp8_block,half,102.597,sglang,0.5.10,h200_sxm,0.0,145.463
deepseek_v3,h200_sxm,SILICON,deepseek-ai/DeepSeek-V3,4096,1024,0,90,4.281,1,1,1,30,30,3,368.752,18.911,19714.705,4.281,0.134,4383.498,136.984,52.878,4.881,1.551,32,8,1,1,8,1,tp8pp1dp1etp8ep1,fp8,bfloat16,bfloat16,fp8_block,half,95.118,sglang,0.5.10,h200_sxm,8,1,1,2,4,tp8pp1dp1etp2ep4,fp8,bfloat16,bfloat16,fp8_block,half,99.444,sglang,0.5.10,h200_sxm,0.0,136.984
deepseek_v3,h200_sxm,SILICON,deepseek-ai/DeepSeek-V3,4096,1024,0,84,4.035,1,1,1,28,28,3,368.752,18.723,19522.381,4.035,0.126,4131.963,129.124,53.409,4.881,1.462,32,8,1,1,8,1,tp8pp1dp1etp8ep1,fp8,bfloat16,bfloat16,fp8_block,half,95.118,sglang,0.5.10,h200_sxm,8,1,1,4,2,tp8pp1dp1etp4ep2,fp8,bfloat16,bfloat16,fp8_block,half,98.774,sglang,0.5.10,h200_sxm,0.0,129.124
deepseek_v3,h200_sxm,SILICON,deepseek-ai/DeepSeek-V3,4096,1024,0,72,3.624,1,1,1,24,24,3,368.752,17.87,18649.762,3.624,0.113,3710.853,115.964,55.958,4.881,1.313,32,8,1,1,8,1,tp8pp1dp1etp8ep1,fp8,bfloat16,bfloat16,fp8_block,half,95.118,sglang,0.5.10,h200_sxm,8,1,1,2,4,tp8pp1dp1etp2ep4,fp8,bfloat16,bfloat16,fp8_block,half,97.434,sglang,0.5.10,h200_sxm,0.0,115.964
deepseek_v3,h200_sxm,SILICON,deepseek-ai/DeepSeek-V3,4096,1024,0,66,3.456,1,1,1,22,22,3,368.752,17.182,17945.938,3.456,0.108,3538.452,110.577,58.201,4.881,1.252,32,8,1,1,8,1,tp8pp1dp1etp8ep1,fp8,bfloat16,bfloat16,fp8_block,half,95.118,sglang,0.5.10,h200_sxm,8,1,1,4,2,tp8pp1dp1etp4ep2,fp8,bfloat16,bfloat16,fp8_block,half,96.764,sglang,0.5.10,h200_sxm,0.0,110.577
deepseek_v3,h200_sxm,SILICON,deepseek-ai/DeepSeek-V3,4096,1024,0,60,3.326,1,1,1,20,20,3,368.752,16.224,16965.904,3.326,0.104,3405.619,106.426,61.638,4.881,1.205,32,8,1,1,8,1,tp8pp1dp1etp8ep1,fp8,bfloat16,bfloat16,fp8_block,half,95.118,sglang,0.5.10,h200_sxm,8,1,1,2,4,tp8pp1dp1etp2ep4,fp8,bfloat16,bfloat16,fp8_block,half,96.093,sglang,0.5.10,h200_sxm,0.0,106.426
deepseek_v3,h200_sxm,SILICON,deepseek-ai/DeepSeek-V3,4096,1024,0,54,3.155,1,1,1,18,18,3,368.752,15.401,16123.975,3.155,0.099,3230.392,100.95,64.932,4.881,1.143,32,8,1,1,8,1,tp8pp1dp1etp8ep1,fp8,bfloat16,bfloat16,fp8_block,half,95.118,sglang,0.5.10,h200_sxm,8,1,1,2,4,tp8pp1dp1etp2ep4,fp8,bfloat16,bfloat16,fp8_block,half,95.423,sglang,0.5.10,h200_sxm,0.0,100.95
deepseek_v3,h200_sxm,SILICON,deepseek-ai/DeepSeek-V3,4096,1024,0,48,2.942,1,1,1,16,16,3,368.752,14.678,15384.346,2.942,0.092,3012.772,94.149,68.128,4.881,1.066,32,8,1,1,8,1,tp8pp1dp1etp8ep1,fp8,bfloat16,bfloat16,fp8_block,half,95.118,sglang,0.5.10,h200_sxm,8,1,1,2,4,tp8pp1dp1etp2ep4,fp8,bfloat16,bfloat16,fp8_block,half,94.753,sglang,0.5.10,h200_sxm,0.0,94.149
deepseek_v3,h200_sxm,SILICON,deepseek-ai/DeepSeek-V3,4096,1024,0,42,2.716,1,1,1,14,14,3,368.752,13.905,14593.567,2.716,0.085,2781.02,86.907,71.917,4.881,0.984,32,8,1,1,8,1,tp8pp1dp1etp8ep1,fp8,bfloat16,bfloat16,fp8_block,half,95.118,sglang,0.5.10,h200_sxm,8,1,1,2,4,tp8pp1dp1etp2ep4,fp8,bfloat16,bfloat16,fp8_block,half,94.083,sglang,0.5.10,h200_sxm,0.0,86.907
deepseek_v3,h200_sxm,SILICON,deepseek-ai/DeepSeek-V3,4096,1024,0,39,2.578,1,1,1,13,13,3,368.752,13.607,14288.713,2.578,0.081,2639.708,82.491,73.493,4.881,0.934,32,8,1,1,8,1,tp8pp1dp1etp8ep1,fp8,bfloat16,bfloat16,fp8_block,half,95.118,sglang,0.5.10,h200_sxm,8,1,1,4,2,tp8pp1dp1etp4ep2,fp8,bfloat16,bfloat16,fp8_block,half,93.748,sglang,0.5.10,h200_sxm,0.0,82.491
deepseek_v3,h200_sxm,SILICON,deepseek-ai/DeepSeek-V3,4096,1024,0,33,2.329,1,1,1,11,11,3,368.752,12.745,13406.887,2.329,0.073,2385.347,74.542,78.464,4.881,0.844,32,8,1,1,8,1,tp8pp1dp1etp8ep1,fp8,bfloat16,bfloat16,fp8_block,half,95.118,sglang,0.5.10,h200_sxm,8,1,1,2,4,tp8pp1dp1etp2ep4,fp8,bfloat16,bfloat16,fp8_block,half,93.078,sglang,0.5.10,h200_sxm,0.0,74.542
deepseek_v3,h200_sxm,SILICON,deepseek-ai/DeepSeek-V3,4096,1024,0,27,2.031,1,1,1,9,9,3,368.752,11.958,12601.786,2.031,0.063,2080.113,65.004,83.625,4.881,0.736,32,8,1,1,8,1,tp8pp1dp1etp8ep1,fp8,bfloat16,bfloat16,fp8_block,half,95.118,sglang,0.5.10,h200_sxm,8,1,1,2,4,tp8pp1dp1etp2ep4,fp8,bfloat16,bfloat16,fp8_block,half,92.408,sglang,0.5.10,h200_sxm,0.0,65.004
deepseek_v3,h200_sxm,SILICON,deepseek-ai/DeepSeek-V3,4096,1024,0,24,1.857,1,1,1,8,8,3,368.752,11.611,12246.805,1.857,0.058,1902.06,59.439,86.123,4.881,0.673,32,8,1,1,8,1,tp8pp1dp1etp8ep1,fp8,bfloat16,bfloat16,fp8_block,half,95.118,sglang,0.5.10,h200_sxm,8,1,1,4,2,tp8pp1dp1etp4ep2,fp8,bfloat16,bfloat16,fp8_block,half,92.072,sglang,0.5.10,h200_sxm,0.0,59.439
deepseek_v3,h200_sxm,SILICON,deepseek-ai/DeepSeek-V3,4096,1024,0,18,1.524,1,1,1,6,6,3,368.752,10.631,11244.265,1.524,0.048,1560.084,48.753,94.067,4.881,0.552,32,8,1,1,8,1,tp8pp1dp1etp8ep1,fp8,bfloat16,bfloat16,fp8_block,half,95.118,sglang,0.5.10,h200_sxm,8,1,1,2,4,tp8pp1dp1etp2ep4,fp8,bfloat16,bfloat16,fp8_block,half,91.402,sglang,0.5.10,h200_sxm,0.0,48.753
deepseek_v3,h200_sxm,SILICON,deepseek-ai/DeepSeek-V3,4096,1024,0,15,1.341,1,1,1,5,5,3,368.752,10.056,10656.04,1.341,0.042,1373.553,42.924,99.443,4.881,0.486,32,8,1,1,8,1,tp8pp1dp1etp8ep1,fp8,bfloat16,bfloat16,fp8_block,half,95.118,sglang,0.5.10,h200_sxm,8,1,1,8,1,tp8pp1dp1etp8ep1,fp8,bfloat16,bfloat16,fp8_block,half,91.067,sglang,0.5.10,h200_sxm,0.0,42.924
deepseek_v3,h200_sxm,SILICON,deepseek-ai/DeepSeek-V3,4096,1024,0,12,1.184,1,1,1,4,4,3,368.752,9.114,9692.374,1.184,0.037,1212.457,37.889,109.726,4.881,0.429,32,8,1,1,8,1,tp8pp1dp1etp8ep1,fp8,bfloat16,bfloat16,fp8_block,half,95.118,sglang,0.5.10,h200_sxm,8,1,1,8,1,tp8pp1dp1etp8ep1,fp8,bfloat16,bfloat16,fp8_block,half,90.732,sglang,0.5.10,h200_sxm,0.0,37.889
deepseek_v3,h200_sxm,SILICON,deepseek-ai/DeepSeek-V3,4096,1024,0,9,1.024,1,1,1,3,3,3,368.752,7.915,8465.797,1.024,0.032,1048.535,32.767,126.346,4.881,0.371,32,8,1,1,8,1,tp8pp1dp1etp8ep1,fp8,bfloat16,bfloat16,fp8_block,half,95.118,sglang,0.5.10,h200_sxm,8,1,1,8,1,tp8pp1dp1etp8ep1,fp8,bfloat16,bfloat16,fp8_block,half,90.397,sglang,0.5.10,h200_sxm,0.0,32.767
deepseek_v3,h200_sxm,SILICON,deepseek-ai/DeepSeek-V3,4096,1024,0,6,0.803,1,1,1,2,2,3,368.752,6.715,7238.197,0.803,0.025,822.436,25.701,148.927,4.881,0.291,32,8,1,1,8,1,tp8pp1dp1etp8ep1,fp8,bfloat16,bfloat16,fp8_block,half,95.118,sglang,0.5.10,h200_sxm,8,1,1,4,2,tp8pp1dp1etp4ep2,fp8,bfloat16,bfloat16,fp8_block,half,90.062,sglang,0.5.10,h200_sxm,0.0,25.701
deepseek_v3,h200_sxm,SILICON,deepseek-ai/DeepSeek-V3,4096,1024,0,3,0.469,1,1,1,1,1,3,368.752,5.766,6267.37,0.469,0.015,480.461,15.014,173.439,4.881,0.17,32,8,1,1,8,1,tp8pp1dp1etp8ep1,fp8,bfloat16,bfloat16,fp8_block,half,95.118,sglang,0.5.10,h200_sxm,8,1,1,4,2,tp8pp1dp1etp4ep2,fp8,bfloat16,bfloat16,fp8_block,half,89.727,sglang,0.5.10,h200_sxm,0.0,15.014
deepseek_v3,h200_sxm,EMPIRICAL,deepseek-ai/DeepSeek-V3,4096,1024,0,704,13.125,1,8,1,88,704,1,987.44,44.614,46627.562,13.125,0.82,13439.693,839.981,22.414,14.583,15.425,16,1,1,8,1,8,tp1pp1dp8etp1ep8,fp8,bfloat16,bfloat16,fp8_block,half,108.87,sglang,0.5.10,h200_sxm,1,1,8,1,8,tp1pp1dp8etp1ep8,fp8,bfloat16,bfloat16,fp8_block,half,130.744,sglang,0.5.10,h200_sxm,0.0,839.981
deepseek_v3,h200_sxm,EMPIRICAL,deepseek-ai/DeepSeek-V3,4096,1024,0,480,10.879,1,8,1,60,480,1,987.44,39.678,41578.034,10.879,0.68,11140.096,696.256,25.203,14.583,11.825,16,1,1,8,1,8,tp1pp1dp8etp1ep8,fp8,bfloat16,bfloat16,fp8_block,half,108.87,sglang,0.5.10,h200_sxm,1,1,8,1,8,tp1pp1dp8etp1ep8,fp8,bfloat16,bfloat16,fp8_block,half,121.362,sglang,0.5.10,h200_sxm,0.0,696.256
deepseek_v3,h200_sxm,EMPIRICAL,deepseek-ai/DeepSeek-V3,4096,1024,0,512,13.125,1,8,1,32,256,2,987.44,34.743,36529.529,13.125,0.547,13439.693,559.987,28.783,14.583,7.203,24,1,1,8,1,8,tp1pp1dp8etp1ep8,fp8,bfloat16,bfloat16,fp8_block,half,108.87,sglang,0.5.10,h200_sxm,1,1,8,1,8,tp1pp1dp8etp1ep8,fp8,bfloat16,bfloat16,fp8_block,half,111.979,sglang,0.5.10,h200_sxm,0.0,419.99024999999995
deepseek_v3,h200_sxm,EMPIRICAL,deepseek-ai/DeepSeek-V3,4096,1024,0,120,3.599,1,8,1,5,40,3,987.44,29.983,31660.049,3.599,0.112,3685.417,115.169,33.352,14.583,1.304,32,1,1,8,1,8,tp1pp1dp8etp1ep8,fp8,bfloat16,bfloat16,fp8_block,half,108.87,sglang,0.5.10,h200_sxm,1,1,8,1,8,tp1pp1dp8etp1ep8,fp8,bfloat16,bfloat16,fp8_block,half,102.932,sglang,0.5.10,h200_sxm,0.0,115.169
deepseek_v3,h200_sxm,EMPIRICAL,deepseek-ai/DeepSeek-V3,4096,1024,0,96,2.895,1,8,1,4,32,3,987.44,29.824,31497.392,2.895,0.09,2964.726,92.648,33.53,14.583,1.049,32,1,1,8,1,8,tp1pp1dp8etp1ep8,fp8,bfloat16,bfloat16,fp8_block,half,108.87,sglang,0.5.10,h200_sxm,1,1,8,2,4,tp1pp1dp8etp2ep4,fp8,bfloat16,bfloat16,fp8_block,half,102.597,sglang,0.5.10,h200_sxm,0.0,92.648
deepseek_v3,h200_sxm,EMPIRICAL,deepseek-ai/DeepSeek-V3,4096,1024,0,60,1.811,1,1,1,20,20,3,220.964,29.819,30725.801,1.811,0.057,1854.013,57.938,33.536,8.146,0.656,32,8,1,1,1,8,tp8pp1dp1etp1ep8,fp8,bfloat16,bfloat16,fp8_block,half,91.596,sglang,0.5.10,h200_sxm,8,1,1,1,8,tp8pp1dp1etp1ep8,fp8,bfloat16,bfloat16,fp8_block,half,96.093,sglang,0.5.10,h200_sxm,0.0,57.938
deepseek_v3,h200_sxm,EMPIRICAL,deepseek-ai/DeepSeek-V3,4096,1024,0,39,1.466,1,1,1,13,13,3,220.964,23.932,24703.4,1.466,0.046,1500.733,46.898,41.786,8.146,0.531,32,8,1,1,1,8,tp8pp1dp1etp1ep8,fp8,bfloat16,bfloat16,fp8_block,half,91.596,sglang,0.5.10,h200_sxm,8,1,1,1,8,tp8pp1dp1etp1ep8,fp8,bfloat16,bfloat16,fp8_block,half,93.748,sglang,0.5.10,h200_sxm,0.0,46.898
deepseek_v3,h200_sxm,EMPIRICAL,deepseek-ai/DeepSeek-V3,4096,1024,0,30,1.455,1,1,1,10,10,3,220.964,18.562,19209.89,1.455,0.045,1489.428,46.545,53.873,8.146,0.527,32,8,1,1,1,8,tp8pp1dp1etp1ep8,fp8,bfloat16,bfloat16,fp8_block,half,91.596,sglang,0.5.10,h200_sxm,8,1,1,1,8,tp8pp1dp1etp1ep8,fp8,bfloat16,bfloat16,fp8_block,half,92.743,sglang,0.5.10,h200_sxm,0.0,46.545
deepseek_v3,h200_sxm,EMPIRICAL,deepseek-ai/DeepSeek-V3,4096,1024,0,27,1.449,1,1,1,9,9,3,220.964,16.772,17378.72,1.449,0.045,1483.776,46.368,59.623,8.146,0.525,32,8,1,1,1,8,tp8pp1dp1etp1ep8,fp8,bfloat16,bfloat16,fp8_block,half,91.596,sglang,0.5.10,h200_sxm,8,1,1,1,8,tp8pp1dp1etp1ep8,fp8,bfloat16,bfloat16,fp8_block,half,92.408,sglang,0.5.10,h200_sxm,0.0,46.368
deepseek_v3,h200_sxm,EMPIRICAL,deepseek-ai/DeepSeek-V3,4096,1024,0,24,1.441,1,1,1,8,8,3,220.964,14.982,15547.55,1.441,0.045,1475.297,46.103,66.745,8.146,0.522,32,8,1,1,1,8,tp8pp1dp1etp1ep8,fp8,bfloat16,bfloat16,fp8_block,half,91.596,sglang,0.5.10,h200_sxm,8,1,1,1,8,tp8pp1dp1etp1ep8,fp8,bfloat16,bfloat16,fp8_block,half,92.072,sglang,0.5.10,h200_sxm,0.0,46.103
deepseek_v3,h200_sxm,EMPIRICAL,deepseek-ai/DeepSeek-V3,4096,1024,0,21,1.432,1,1,1,7,7,3,220.964,13.192,13716.38,1.432,0.045,1466.819,45.838,75.801,8.146,0.519,32,8,1,1,1,8,tp8pp1dp1etp1ep8,fp8,bfloat16,bfloat16,fp8_block,half,91.596,sglang,0.5.10,h200_sxm,8,1,1,1,8,tp8pp1dp1etp1ep8,fp8,bfloat16,bfloat16,fp8_block,half,91.737,sglang,0.5.10,h200_sxm,0.0,45.838
deepseek_v3,h200_sxm,EMPIRICAL,deepseek-ai/DeepSeek-V3,4096,1024,0,18,1.419,1,1,1,6,6,3,220.964,11.403,11886.233,1.419,0.044,1452.687,45.396,87.699,8.146,0.514,32,8,1,1,1,8,tp8pp1dp1etp1ep8,fp8,bfloat16,bfloat16,fp8_block,half,91.596,sglang,0.5.10,h200_sxm,8,1,1,1,8,tp8pp1dp1etp1ep8,fp8,bfloat16,bfloat16,fp8_block,half,91.402,sglang,0.5.10,h200_sxm,0.0,45.396
deepseek_v3,h200_sxm,EMPIRICAL,deepseek-ai/DeepSeek-V3,4096,1024,0,15,1.402,1,1,1,5,5,3,220.964,9.613,10055.063,1.402,0.044,1435.73,44.867,104.028,8.146,0.508,32,8,1,1,1,8,tp8pp1dp1etp1ep8,fp8,bfloat16,bfloat16,fp8_block,half,91.596,sglang,0.5.10,h200_sxm,8,1,1,1,8,tp8pp1dp1etp1ep8,fp8,bfloat16,bfloat16,fp8_block,half,91.067,sglang,0.5.10,h200_sxm,0.0,44.867
deepseek_v3,h200_sxm,EMPIRICAL,deepseek-ai/DeepSeek-V3,4096,1024,0,12,1.38,1,1,1,4,4,3,220.964,7.823,8223.893,1.38,0.043,1413.12,44.16,127.829,8.146,0.5,32,8,1,1,1,8,tp8pp1dp1etp1ep8,fp8,bfloat16,bfloat16,fp8_block,half,91.596,sglang,0.5.10,h200_sxm,8,1,1,1,8,tp8pp1dp1etp1ep8,fp8,bfloat16,bfloat16,fp8_block,half,90.732,sglang,0.5.10,h200_sxm,0.0,44.16
deepseek_v3,h200_sxm,EMPIRICAL,deepseek-ai/DeepSeek-V3,4096,1024,0,9,1.341,1,1,1,3,3,3,220.964,6.033,6392.723,1.341,0.042,1373.553,42.924,165.752,8.146,0.486,32,8,1,1,1,8,tp8pp1dp1etp1ep8,fp8,bfloat16,bfloat16,fp8_block,half,91.596,sglang,0.5.10,h200_sxm,8,1,1,1,8,tp8pp1dp1etp1ep8,fp8,bfloat16,bfloat16,fp8_block,half,90.397,sglang,0.5.10,h200_sxm,0.0,42.924
deepseek_v3,h200_sxm,EMPIRICAL,deepseek-ai/DeepSeek-V3,4096,1024,0,6,1.272,1,1,1,2,2,3,220.964,4.243,4561.553,1.272,0.04,1302.897,40.716,235.667,8.146,0.461,32,8,1,1,1,8,tp8pp1dp1etp1ep8,fp8,bfloat16,bfloat16,fp8_block,half,91.596,sglang,0.5.10,h200_sxm,8,1,1,1,8,tp8pp1dp1etp1ep8,fp8,bfloat16,bfloat16,fp8_block,half,90.062,sglang,0.5.10,h200_sxm,0.0,40.716
deepseek_v3,h200_sxm,EMPIRICAL,deepseek-ai/DeepSeek-V3,4096,1024,0,3,1.098,1,1,1,1,1,3,220.964,2.453,2730.383,1.098,0.034,1124.844,35.151,407.592,8.146,0.398,32,8,1,1,1,8,tp8pp1dp1etp1ep8,fp8,bfloat16,bfloat16,fp8_block,half,91.596,sglang,0.5.10,h200_sxm,8,1,1,1,8,tp8pp1dp1etp1ep8,fp8,bfloat16,bfloat16,fp8_block,half,89.727,sglang,0.5.10,h200_sxm,0.0,35.151
deepseek_v3,h200_sxm,ANALYTICAL,deepseek-ai/DeepSeek-V3,4096,1024,0,544,11.492,1,8,1,68,544,1,1127.732,39.399,41432.909,11.492,0.718,11767.91,735.494,25.381,12.769,13.497,16,1,1,8,1,8,tp1pp1dp8etp1ep8,fp8,bfloat16,bfloat16,fp8_block,half,108.87,sglang,0.5.10,h200_sxm,1,1,8,1,8,tp1pp1dp8etp1ep8,fp8,bfloat16,bfloat16,fp8_block,half,124.042,sglang,0.5.10,h200_sxm,0.0,735.494
deepseek_v3,h200_sxm,ANALYTICAL,deepseek-ai/DeepSeek-V3,4096,1024,0,384,10.142,1,8,1,48,384,1,1127.732,34.05,35960.882,10.142,0.634,10385.49,649.093,29.369,12.769,11.024,16,1,1,8,1,8,tp1pp1dp8etp1ep8,fp8,bfloat16,bfloat16,fp8_block,half,108.87,sglang,0.5.10,h200_sxm,1,1,8,1,8,tp1pp1dp8etp1ep8,fp8,bfloat16,bfloat16,fp8_block,half,117.341,sglang,0.5.10,h200_sxm,0.0,649.093
deepseek_v3,h200_sxm,ANALYTICAL,deepseek-ai/DeepSeek-V3,4096,1024,0,256,7.734,1,8,1,32,256,1,1127.732,29.769,31581.419,7.734,0.483,7919.124,494.945,33.592,12.769,8.406,16,1,1,8,1,8,tp1pp1dp8etp1ep8,fp8,bfloat16,bfloat16,fp8_block,half,108.87,sglang,0.5.10,h200_sxm,1,1,8,1,8,tp1pp1dp8etp1ep8,fp8,bfloat16,bfloat16,fp8_block,half,111.979,sglang,0.5.10,h200_sxm,0.0,494.945
deepseek_v3,h200_sxm,ANALYTICAL,deepseek-ai/DeepSeek-V3,4096,1024,0,336,11.492,1,8,1,14,112,3,1127.732,24.953,26654.651,11.492,0.359,11767.91,367.747,40.075,12.769,4.388,32,1,1,8,1,8,tp1pp1dp8etp1ep8,fp8,bfloat16,bfloat16,fp8_block,half,108.87,sglang,0.5.10,h200_sxm,1,1,8,1,8,tp1pp1dp8etp1ep8,fp8,bfloat16,bfloat16,fp8_block,half,105.948,sglang,0.5.10,h200_sxm,0.0,367.747
deepseek_v3,h200_sxm,ANALYTICAL,deepseek-ai/DeepSeek-V3,4096,1024,0,312,11.33,1,8,1,13,104,3,1127.732,24.766,26463.35,11.33,0.354,11601.715,362.554,40.378,12.769,4.105,32,1,1,8,1,8,tp1pp1dp8etp1ep8,fp8,bfloat16,bfloat16,fp8_block,half,108.87,sglang,0.5.10,h200_sxm,1,1,8,2,4,tp1pp1dp8etp2ep4,fp8,bfloat16,bfloat16,fp8_block,half,105.613,sglang,0.5.10,h200_sxm,0.0,362.554
deepseek_v3,h200_sxm,ANALYTICAL,deepseek-ai/DeepSeek-V3,4096,1024,0,42,1.971,1,1,1,14,14,3,272.101,19.172,19885.057,1.971,0.062,2017.935,63.06,52.159,6.615,0.714,32,8,1,1,1,8,tp8pp1dp1etp1ep8,fp8,bfloat16,bfloat16,fp8_block,half,91.596,sglang,0.5.10,h200_sxm,8,1,1,1,8,tp8pp1dp1etp1ep8,fp8,bfloat16,bfloat16,fp8_block,half,94.083,sglang,0.5.10,h200_sxm,0.0,63.06
deepseek_v3,h200_sxm,ANALYTICAL,deepseek-ai/DeepSeek-V3,4096,1024,0,39,1.938,1,1,1,13,13,3,272.101,18.1,18788.401,1.938,0.061,1984.02,62.001,55.25,6.615,0.702,32,8,1,1,1,8,tp8pp1dp1etp1ep8,fp8,bfloat16,bfloat16,fp8_block,half,91.596,sglang,0.5.10,h200_sxm,8,1,1,1,8,tp8pp1dp1etp1ep8,fp8,bfloat16,bfloat16,fp8_block,half,93.748,sglang,0.5.10,h200_sxm,0.0,62.001
deepseek_v3,h200_sxm,ANALYTICAL,deepseek-ai/DeepSeek-V3,4096,1024,0,36,1.902,1,1,1,12,12,3,272.101,17.027,17690.722,1.902,0.059,1947.279,60.852,58.729,6.615,0.689,32,8,1,1,1,8,tp8pp1dp1etp1ep8,fp8,bfloat16,bfloat16,fp8_block,half,91.596,sglang,0.5.10,h200_sxm,8,1,1,1,8,tp8pp1dp1etp1ep8,fp8,bfloat16,bfloat16,fp8_block,half,93.413,sglang,0.5.10,h200_sxm,0.0,60.852
deepseek_v3,h200_sxm,ANALYTICAL,deepseek-ai/DeepSeek-V3,4096,1024,0,33,1.86,1,1,1,11,11,3,272.101,15.955,16594.066,1.86,0.058,1904.886,59.528,62.676,6.615,0.674,32,8,1,1,1,8,tp8pp1dp1etp1ep8,fp8,bfloat16,bfloat16,fp8_block,half,91.596,sglang,0.5.10,h200_sxm,8,1,1,1,8,tp8pp1dp1etp1ep8,fp8,bfloat16,bfloat16,fp8_block,half,93.078,sglang,0.5.10,h200_sxm,0.0,59.528
deepseek_v3,h200_sxm,ANALYTICAL,deepseek-ai/DeepSeek-V3,4096,1024,0,30,1.813,1,1,1,10,10,3,272.101,14.883,15497.41,1.813,0.057,1856.84,58.026,67.192,6.615,0.657,32,8,1,1,1,8,tp8pp1dp1etp1ep8,fp8,bfloat16,bfloat16,fp8_block,half,91.596,sglang,0.5.10,h200_sxm,8,1,1,1,8,tp8pp1dp1etp1ep8,fp8,bfloat16,bfloat16,fp8_block,half,92.743,sglang,0.5.10,h200_sxm,0.0,58.026
deepseek_v3,h200_sxm,ANALYTICAL,deepseek-ai/DeepSeek-V3,4096,1024,0,27,1.758,1,1,1,9,9,3,272.101,13.81,14399.731,1.758,0.055,1800.315,56.26,72.41,6.615,0.637,32,8,1,1,1,8,tp8pp1dp1etp1ep8,fp8,bfloat16,bfloat16,fp8_block,half,91.596,sglang,0.5.10,h200_sxm,8,1,1,1,8,tp8pp1dp1etp1ep8,fp8,bfloat16,bfloat16,fp8_block,half,92.408,sglang,0.5.10,h200_sxm,0.0,56.26
deepseek_v3,h200_sxm,ANALYTICAL,deepseek-ai/DeepSeek-V3,4096,1024,0,24,1.695,1,1,1,8,8,3,272.101,12.738,13303.075,1.695,0.053,1735.311,54.228,78.505,6.615,0.614,32,8,1,1,1,8,tp8pp1dp1etp1ep8,fp8,bfloat16,bfloat16,fp8_block,half,91.596,sglang,0.5.10,h200_sxm,8,1,1,1,8,tp8pp1dp1etp1ep8,fp8,bfloat16,bfloat16,fp8_block,half,92.072,sglang,0.5.10,h200_sxm,0.0,54.228
deepseek_v3,h200_sxm,ANALYTICAL,deepseek-ai/DeepSeek-V3,4096,1024,0,21,1.62,1,1,1,7,7,3,272.101,11.666,12206.419,1.62,0.051,1659.003,51.844,85.722,6.615,0.587,32,8,1,1,1,8,tp8pp1dp1etp1ep8,fp8,bfloat16,bfloat16,fp8_block,half,91.596,sglang,0.5.10,h200_sxm,8,1,1,1,8,tp8pp1dp1etp1ep8,fp8,bfloat16,bfloat16,fp8_block,half,91.737,sglang,0.5.10,h200_sxm,0.0,51.844
deepseek_v3,h200_sxm,ANALYTICAL,deepseek-ai/DeepSeek-V3,4096,1024,0,18,1.529,1,1,1,6,6,3,272.101,10.593,11108.74,1.529,0.048,1565.737,48.929,94.399,6.615,0.554,32,8,1,1,1,8,tp8pp1dp1etp1ep8,fp8,bfloat16,bfloat16,fp8_block,half,91.596,sglang,0.5.10,h200_sxm,8,1,1,1,8,tp8pp1dp1etp1ep8,fp8,bfloat16,bfloat16,fp8_block,half,91.402,sglang,0.5.10,h200_sxm,0.0,48.929
deepseek_v3,h200_sxm,ANALYTICAL,deepseek-ai/DeepSeek-V3,4096,1024,0,15,1.416,1,1,1,5,5,3,272.101,9.521,10012.084,1.416,0.044,1449.861,45.308,105.032,6.615,0.513,32,8,1,1,1,8,tp8pp1dp1etp1ep8,fp8,bfloat16,bfloat16,fp8_block,half,91.596,sglang,0.5.10,h200_sxm,8,1,1,1,8,tp8pp1dp1etp1ep8,fp8,bfloat16,bfloat16,fp8_block,half,91.067,sglang,0.5.10,h200_sxm,0.0,45.308
deepseek_v3,h200_sxm,ANALYTICAL,deepseek-ai/DeepSeek-V3,4096,1024,0,12,1.275,1,1,1,4,4,3,272.101,8.468,8934.865,1.275,0.04,1305.723,40.804,118.095,6.615,0.462,32,8,1,1,1,8,tp8pp1dp1etp1ep8,fp8,bfloat16,bfloat16,fp8_block,half,91.596,sglang,0.5.10,h200_sxm,8,1,1,1,8,tp8pp1dp1etp1ep8,fp8,bfloat16,bfloat16,fp8_block,half,90.732,sglang,0.5.10,h200_sxm,0.0,40.804
deepseek_v3,h200_sxm,ANALYTICAL,deepseek-ai/DeepSeek-V3,4096,1024,0,9,1.096,1,1,1,3,3,3,272.101,7.392,7834.117,1.096,0.034,1122.017,35.063,135.279,6.615,0.397,32,8,1,1,1,8,tp8pp1dp1etp1ep8,fp8,bfloat16,bfloat16,fp8_block,half,91.596,sglang,0.5.10,h200_sxm,8,1,1,1,8,tp8pp1dp1etp1ep8,fp8,bfloat16,bfloat16,fp8_block,half,90.397,sglang,0.5.10,h200_sxm,0.0,35.063
deepseek_v3,h200_sxm,ANALYTICAL,deepseek-ai/DeepSeek-V3,4096,1024,0,6,0.853,1,1,1,2,2,3,272.101,6.325,6742.576,0.853,0.027,873.308,27.291,158.106,6.615,0.309,32,8,1,1,1,8,tp8pp1dp1etp1ep8,fp8,bfloat16,bfloat16,fp8_block,half,91.596,sglang,0.5.10,h200_sxm,8,1,1,1,8,tp8pp1dp1etp1ep8,fp8,bfloat16,bfloat16,fp8_block,half,90.062,sglang,0.5.10,h200_sxm,0.0,27.291
deepseek_v3,h200_sxm,ANALYTICAL,deepseek-ai/DeepSeek-V3,4096,1024,0,3,0.513,1,1,1,1,1,3,272.101,5.257,5650.012,0.513,0.016,525.681,16.428,190.221,6.615,0.186,32,8,1,1,1,8,tp8pp1dp1etp1ep8,fp8,bfloat16,bfloat16,fp8_block,half,91.596,sglang,0.5.10,h200_sxm,8,1,1,1,8,tp8pp1dp1etp1ep8,fp8,bfloat16,bfloat16,fp8_block,half,89.727,sglang,0.5.10,h200_sxm,0.0,16.428
deepseek_v3,b200_sxm,SILICON,deepseek-ai/DeepSeek-V3,4096,1024,0,384,11.408,1,8,1,48,384,1,1136.027,29.022,30825.533,11.408,0.713,11682.202,730.138,34.456,12.676,12.934,16,1,1,8,8,1,tp1pp1dp8etp8ep1,fp8,bfloat16,bfloat16,fp8_block,half,137.045,sglang,0.5.10,b200_sxm,1,1,8,4,2,tp1pp1dp8etp4ep2,fp8,bfloat16,bfloat16,fp8_block,half,117.369,sglang,0.5.10,b200_sxm,0.0,730.138
deepseek_v3,b200_sxm,SILICON,deepseek-ai/DeepSeek-V3,4096,1024,0,288,10.896,1,8,1,36,288,1,1136.027,23.77,25452.737,10.896,0.681,11157.996,697.375,42.07,12.676,11.844,16,1,1,8,8,1,tp1pp1dp8etp8ep1,fp8,bfloat16,bfloat16,fp8_block,half,137.045,sglang,0.5.10,b200_sxm,1,1,8,1,8,tp1pp1dp8etp1ep8,fp8,bfloat16,bfloat16,fp8_block,half,113.32,sglang,0.5.10,b200_sxm,0.0,697.375
deepseek_v3,b200_sxm,SILICON,deepseek-ai/DeepSeek-V3,4096,1024,0,216,11.408,1,8,1,9,72,3,1136.027,16.917,18442.118,11.408,0.357,11682.202,365.069,59.111,12.676,4.16,32,1,1,8,8,1,tp1pp1dp8etp8ep1,fp8,bfloat16,bfloat16,fp8_block,half,137.045,sglang,0.5.10,b200_sxm,1,1,8,8,1,tp1pp1dp8etp8ep1,fp8,bfloat16,bfloat16,fp8_block,half,104.273,sglang,0.5.10,b200_sxm,0.0,365.069
deepseek_v3,b200_sxm,SILICON,deepseek-ai/DeepSeek-V3,4096,1024,0,192,10.267,1,8,1,8,64,3,1136.027,16.816,18338.795,10.267,0.321,10513.613,328.55,59.468,12.676,3.72,32,1,1,8,8,1,tp1pp1dp8etp8ep1,fp8,bfloat16,bfloat16,fp8_block,half,137.045,sglang,0.5.10,b200_sxm,1,1,8,2,4,tp1pp1dp8etp2ep4,fp8,bfloat16,bfloat16,fp8_block,half,103.937,sglang,0.5.10,b200_sxm,0.0,328.55
deepseek_v3,b200_sxm,SILICON,deepseek-ai/DeepSeek-V3,4096,1024,0,144,8.161,1,8,1,6,48,3,1136.027,15.866,17366.945,8.161,0.255,8357.192,261.162,63.029,12.676,2.957,32,1,1,8,8,1,tp1pp1dp8etp8ep1,fp8,bfloat16,bfloat16,fp8_block,half,137.045,sglang,0.5.10,b200_sxm,1,1,8,2,4,tp1pp1dp8etp2ep4,fp8,bfloat16,bfloat16,fp8_block,half,103.267,sglang,0.5.10,b200_sxm,0.0,261.162
deepseek_v3,b200_sxm,SILICON,deepseek-ai/DeepSeek-V3,4096,1024,0,78,4.424,1,1,1,26,26,3,293.35,15.854,16511.992,4.424,0.138,4530.463,141.577,63.077,6.136,1.603,32,8,1,1,2,4,tp8pp1dp1etp2ep4,fp8,bfloat16,bfloat16,fp8_block,half,92.099,sglang,0.5.10,b200_sxm,8,1,1,8,1,tp8pp1dp1etp8ep1,fp8,bfloat16,bfloat16,fp8_block,half,98.104,sglang,0.5.10,b200_sxm,0.0,141.577
deepseek_v3,b200_sxm,SILICON,deepseek-ai/DeepSeek-V3,4096,1024,0,66,3.988,1,1,1,22,22,3,293.35,14.884,15519.682,3.988,0.125,4083.917,127.622,67.188,6.136,1.445,32,8,1,1,2,4,tp8pp1dp1etp2ep4,fp8,bfloat16,bfloat16,fp8_block,half,92.099,sglang,0.5.10,b200_sxm,8,1,1,8,1,tp8pp1dp1etp8ep1,fp8,bfloat16,bfloat16,fp8_block,half,96.764,sglang,0.5.10,b200_sxm,0.0,127.622
deepseek_v3,b200_sxm,SILICON,deepseek-ai/DeepSeek-V3,4096,1024,0,54,3.616,1,1,1,18,18,3,293.35,13.43,14032.24,3.616,0.113,3702.374,115.699,74.462,6.136,1.31,32,8,1,1,2,4,tp8pp1dp1etp2ep4,fp8,bfloat16,bfloat16,fp8_block,half,92.099,sglang,0.5.10,b200_sxm,8,1,1,8,1,tp8pp1dp1etp8ep1,fp8,bfloat16,bfloat16,fp8_block,half,95.423,sglang,0.5.10,b200_sxm,0.0,115.699
deepseek_v3,b200_sxm,SILICON,deepseek-ai/DeepSeek-V3,4096,1024,0,48,3.398,1,1,1,16,16,3,293.35,12.707,13292.611,3.398,0.106,3479.101,108.722,78.694,6.136,1.231,32,8,1,1,2,4,tp8pp1dp1etp2ep4,fp8,bfloat16,bfloat16,fp8_block,half,92.099,sglang,0.5.10,b200_sxm,8,1,1,8,1,tp8pp1dp1etp8ep1,fp8,bfloat16,bfloat16,fp8_block,half,94.753,sglang,0.5.10,b200_sxm,0.0,108.722
deepseek_v3,b200_sxm,SILICON,deepseek-ai/DeepSeek-V3,4096,1024,0,39,2.961,1,1,1,13,13,3,293.35,11.841,12406.693,2.961,0.093,3032.556,94.767,84.454,6.136,1.073,32,8,1,1,2,4,tp8pp1dp1etp2ep4,fp8,bfloat16,bfloat16,fp8_block,half,92.099,sglang,0.5.10,b200_sxm,8,1,1,8,1,tp8pp1dp1etp8ep1,fp8,bfloat16,bfloat16,fp8_block,half,93.748,sglang,0.5.10,b200_sxm,0.0,94.767
deepseek_v3,b200_sxm,SILICON,deepseek-ai/DeepSeek-V3,4096,1024,0,30,2.459,1,1,1,10,10,3,293.35,10.974,11519.752,2.459,0.077,2518.18,78.693,91.124,6.136,0.891,32,8,1,1,2,4,tp8pp1dp1etp2ep4,fp8,bfloat16,bfloat16,fp8_block,half,92.099,sglang,0.5.10,b200_sxm,8,1,1,8,1,tp8pp1dp1etp8ep1,fp8,bfloat16,bfloat16,fp8_block,half,92.743,sglang,0.5.10,b200_sxm,0.0,78.693
deepseek_v3,b200_sxm,SILICON,deepseek-ai/DeepSeek-V3,4096,1024,0,21,2.02,1,1,1,7,7,3,293.35,9.347,9855.331,2.02,0.063,2068.808,64.65,106.99,6.136,0.732,32,8,1,1,2,4,tp8pp1dp1etp2ep4,fp8,bfloat16,bfloat16,fp8_block,half,92.099,sglang,0.5.10,b200_sxm,8,1,1,8,1,tp8pp1dp1etp8ep1,fp8,bfloat16,bfloat16,fp8_block,half,91.737,sglang,0.5.10,b200_sxm,0.0,64.65
deepseek_v3,b200_sxm,SILICON,deepseek-ai/DeepSeek-V3,4096,1024,0,18,1.874,1,1,1,6,6,3,293.35,8.64,9132.07,1.874,0.059,1919.017,59.969,115.741,6.136,0.679,32,8,1,1,2,4,tp8pp1dp1etp2ep4,fp8,bfloat16,bfloat16,fp8_block,half,92.099,sglang,0.5.10,b200_sxm,8,1,1,8,1,tp8pp1dp1etp8ep1,fp8,bfloat16,bfloat16,fp8_block,half,91.402,sglang,0.5.10,b200_sxm,0.0,59.969
deepseek_v3,b200_sxm,SILICON,deepseek-ai/DeepSeek-V3,4096,1024,0,15,1.692,1,1,1,5,5,3,293.35,7.97,8446.66,1.692,0.053,1732.485,54.14,125.478,6.136,0.613,32,8,1,1,2,4,tp8pp1dp1etp2ep4,fp8,bfloat16,bfloat16,fp8_block,half,92.099,sglang,0.5.10,b200_sxm,8,1,1,8,1,tp8pp1dp1etp8ep1,fp8,bfloat16,bfloat16,fp8_block,half,91.067,sglang,0.5.10,b200_sxm,0.0,54.14
deepseek_v3,b200_sxm,SILICON,deepseek-ai/DeepSeek-V3,4096,1024,0,9,1.184,1,1,1,3,3,3,293.35,6.833,7283.509,1.184,0.037,1212.457,37.889,146.345,6.136,0.429,32,8,1,1,2,4,tp8pp1dp1etp2ep4,fp8,bfloat16,bfloat16,fp8_block,half,92.099,sglang,0.5.10,b200_sxm,8,1,1,8,1,tp8pp1dp1etp8ep1,fp8,bfloat16,bfloat16,fp8_block,half,90.397,sglang,0.5.10,b200_sxm,0.0,37.889
deepseek_v3,b200_sxm,SILICON,deepseek-ai/DeepSeek-V3,4096,1024,0,7,0.96,1,1,1,1,1,7,359.611,6.546,7056.169,0.96,0.03,982.589,30.706,152.767,5.005,0.149,32,4,1,1,2,2,tp4pp1dp1etp2ep2,fp8,bfloat16,bfloat16,fp8_block,half,174.918,sglang,0.5.10,b200_sxm,4,1,1,2,2,tp4pp1dp1etp2ep2,fp8,bfloat16,bfloat16,fp8_block,half,171.539,sglang,0.5.10,b200_sxm,0.0,30.706
deepseek_v3,b200_sxm,SILICON,deepseek-ai/DeepSeek-V3,4096,1024,0,3,0.5,1,1,1,1,1,3,293.35,5.399,5816.527,0.5,0.016,511.549,15.986,185.234,6.136,0.181,32,8,1,1,2,4,tp8pp1dp1etp2ep4,fp8,bfloat16,bfloat16,fp8_block,half,92.099,sglang,0.5.10,b200_sxm,8,1,1,8,1,tp8pp1dp1etp8ep1,fp8,bfloat16,bfloat16,fp8_block,half,89.727,sglang,0.5.10,b200_sxm,0.0,15.986
deepseek_v3,b200_sxm,EMPIRICAL,deepseek-ai/DeepSeek-V3,4096,1024,0,960,28.526,1,8,1,120,960,1,454.309,29.756,30894.697,28.526,1.783,29211.034,1825.69,33.607,31.696,31.537,16,1,1,8,1,8,tp1pp1dp8etp1ep8,fp8,bfloat16,bfloat16,fp8_block,half,108.87,sglang,0.5.10,b200_sxm,1,1,8,1,8,tp1pp1dp8etp1ep8,fp8,bfloat16,bfloat16,fp8_block,half,141.486,sglang,0.5.10,b200_sxm,0.0,1825.69
deepseek_v3,b200_sxm,EMPIRICAL,deepseek-ai/DeepSeek-V3,4096,1024,0,928,28.147,1,8,1,116,928,1,454.309,29.65,30786.259,28.147,1.759,28822.938,1801.434,33.727,31.696,30.595,16,1,1,8,1,8,tp1pp1dp8etp1ep8,fp8,bfloat16,bfloat16,fp8_block,half,108.87,sglang,0.5.10,b200_sxm,1,1,8,2,4,tp1pp1dp8etp2ep4,fp8,bfloat16,bfloat16,fp8_block,half,140.252,sglang,0.5.10,b200_sxm,0.0,1801.434
deepseek_v3,b200_sxm,EMPIRICAL,deepseek-ai/DeepSeek-V3,4096,1024,0,800,24.357,1,8,1,100,800,1,454.309,29.538,30671.683,24.357,1.522,24941.568,1558.848,33.855,31.696,26.475,16,1,1,8,1,8,tp1pp1dp8etp1ep8,fp8,bfloat16,bfloat16,fp8_block,half,108.87,sglang,0.5.10,b200_sxm,1,1,8,8,1,tp1pp1dp8etp8ep1,fp8,bfloat16,bfloat16,fp8_block,half,135.435,sglang,0.5.10,b200_sxm,0.0,1558.848
deepseek_v3,b200_sxm,EMPIRICAL,deepseek-ai/DeepSeek-V3,4096,1024,0,576,20.826,1,8,1,72,576,1,454.309,24.873,25899.388,20.826,1.302,21325.865,1332.867,40.204,31.696,22.637,16,1,1,8,1,8,tp1pp1dp8etp1ep8,fp8,bfloat16,bfloat16,fp8_block,half,108.87,sglang,0.5.10,b200_sxm,1,1,8,1,8,tp1pp1dp8etp1ep8,fp8,bfloat16,bfloat16,fp8_block,half,125.383,sglang,0.5.10,b200_sxm,0.0,1332.867
deepseek_v3,b200_sxm,EMPIRICAL,deepseek-ai/DeepSeek-V3,4096,1024,0,544,19.853,1,8,1,68,544,1,454.309,24.643,25664.098,19.853,1.241,20329.144,1270.572,40.58,31.696,21.579,16,1,1,8,1,8,tp1pp1dp8etp1ep8,fp8,bfloat16,bfloat16,fp8_block,half,108.87,sglang,0.5.10,b200_sxm,1,1,8,2,4,tp1pp1dp8etp2ep4,fp8,bfloat16,bfloat16,fp8_block,half,124.042,sglang,0.5.10,b200_sxm,0.0,1270.572
deepseek_v3,b200_sxm,EMPIRICAL,deepseek-ai/DeepSeek-V3,4096,1024,0,576,25.914,1,8,1,24,192,3,454.309,19.99,20904.079,25.914,0.81,26535.567,829.236,50.024,31.696,9.389,32,1,1,8,1,8,tp1pp1dp8etp1ep8,fp8,bfloat16,bfloat16,fp8_block,half,108.87,sglang,0.5.10,b200_sxm,1,1,8,1,8,tp1pp1dp8etp1ep8,fp8,bfloat16,bfloat16,fp8_block,half,109.299,sglang,0.5.10,b200_sxm,0.0,829.236
deepseek_v3,b200_sxm,EMPIRICAL,deepseek-ai/DeepSeek-V3,4096,1024,0,528,23.929,1,8,1,22,176,3,454.309,19.844,20754.721,23.929,0.748,24503.501,765.734,50.393,31.696,8.67,32,1,1,8,1,8,tp1pp1dp8etp1ep8,fp8,bfloat16,bfloat16,fp8_block,half,108.87,sglang,0.5.10,b200_sxm,1,1,8,2,4,tp1pp1dp8etp2ep4,fp8,bfloat16,bfloat16,fp8_block,half,108.629,sglang,0.5.10,b200_sxm,0.0,765.734
deepseek_v3,b200_sxm,EMPIRICAL,deepseek-ai/DeepSeek-V3,4096,1024,0,336,15.925,1,8,1,14,112,3,454.309,18.973,19863.688,15.925,0.498,16307.405,509.606,52.707,31.696,5.77,32,1,1,8,1,8,tp1pp1dp8etp1ep8,fp8,bfloat16,bfloat16,fp8_block,half,108.87,sglang,0.5.10,b200_sxm,1,1,8,1,8,tp1pp1dp8etp1ep8,fp8,bfloat16,bfloat16,fp8_block,half,105.948,sglang,0.5.10,b200_sxm,0.0,509.606
deepseek_v3,b200_sxm,EMPIRICAL,deepseek-ai/DeepSeek-V3,4096,1024,0,312,14.843,1,8,1,13,104,3,454.309,18.905,19794.124,14.843,0.464,15199.519,474.985,52.896,31.696,5.378,32,1,1,8,1,8,tp1pp1dp8etp1ep8,fp8,bfloat16,bfloat16,fp8_block,half,108.87,sglang,0.5.10,b200_sxm,1,1,8,2,4,tp1pp1dp8etp2ep4,fp8,bfloat16,bfloat16,fp8_block,half,105.613,sglang,0.5.10,b200_sxm,0.0,474.985
deepseek_v3,b200_sxm,EMPIRICAL,deepseek-ai/DeepSeek-V3,4096,1024,0,96,4.808,1,8,1,4,32,3,454.309,17.956,18823.297,4.808,0.15,4923.31,153.853,55.693,31.696,1.742,32,1,1,8,1,8,tp1pp1dp8etp1ep8,fp8,bfloat16,bfloat16,fp8_block,half,108.87,sglang,0.5.10,b200_sxm,1,1,8,1,8,tp1pp1dp8etp1ep8,fp8,bfloat16,bfloat16,fp8_block,half,102.597,sglang,0.5.10,b200_sxm,0.0,153.853
deepseek_v3,b200_sxm,EMPIRICAL,deepseek-ai/DeepSeek-V3,4096,1024,0,72,3.616,1,8,1,3,24,3,454.309,17.908,18774.193,3.616,0.113,3702.374,115.699,55.84,31.696,1.31,32,1,1,8,1,8,tp1pp1dp8etp1ep8,fp8,bfloat16,bfloat16,fp8_block,half,108.87,sglang,0.5.10,b200_sxm,1,1,8,8,1,tp1pp1dp8etp8ep1,fp8,bfloat16,bfloat16,fp8_block,half,102.262,sglang,0.5.10,b200_sxm,0.0,115.699
deepseek_v3,b200_sxm,EMPIRICAL,deepseek-ai/DeepSeek-V3,4096,1024,0,49,2.911,1,1,1,7,7,7,184.468,15.135,15667.573,2.911,0.091,2980.741,93.148,66.071,9.758,0.452,32,4,1,1,1,4,tp4pp1dp1etp1ep4,fp8,bfloat16,bfloat16,fp8_block,half,173.911,sglang,0.5.10,b200_sxm,4,1,1,1,4,tp4pp1dp1etp1ep4,fp8,bfloat16,bfloat16,fp8_block,half,173.55,sglang,0.5.10,b200_sxm,0.0,93.148
deepseek_v3,b200_sxm,EMPIRICAL,deepseek-ai/DeepSeek-V3,4096,1024,0,42,2.892,1,1,1,6,6,7,184.468,13.065,13549.963,2.892,0.09,2960.957,92.53,76.539,9.758,0.449,32,4,1,1,1,4,tp4pp1dp1etp1ep4,fp8,bfloat16,bfloat16,fp8_block,half,173.911,sglang,0.5.10,b200_sxm,4,1,1,1,4,tp4pp1dp1etp1ep4,fp8,bfloat16,bfloat16,fp8_block,half,173.214,sglang,0.5.10,b200_sxm,0.0,92.53
deepseek_v3,b200_sxm,EMPIRICAL,deepseek-ai/DeepSeek-V3,4096,1024,0,35,2.866,1,1,1,5,5,7,184.468,10.995,11432.353,2.866,0.09,2934.579,91.706,90.947,9.758,0.445,32,4,1,1,1,4,tp4pp1dp1etp1ep4,fp8,bfloat16,bfloat16,fp8_block,half,173.911,sglang,0.5.10,b200_sxm,4,1,1,1,4,tp4pp1dp1etp1ep4,fp8,bfloat16,bfloat16,fp8_block,half,172.879,sglang,0.5.10,b200_sxm,0.0,91.706
deepseek_v3,b200_sxm,EMPIRICAL,deepseek-ai/DeepSeek-V3,4096,1024,0,28,2.821,1,1,1,4,4,7,184.468,8.926,9315.766,2.821,0.088,2888.417,90.263,112.037,9.758,0.438,32,4,1,1,1,4,tp4pp1dp1etp1ep4,fp8,bfloat16,bfloat16,fp8_block,half,173.911,sglang,0.5.10,b200_sxm,4,1,1,1,4,tp4pp1dp1etp1ep4,fp8,bfloat16,bfloat16,fp8_block,half,172.544,sglang,0.5.10,b200_sxm,0.0,90.263
deepseek_v3,b200_sxm,EMPIRICAL,deepseek-ai/DeepSeek-V3,4096,1024,0,21,2.756,1,1,1,3,3,7,184.468,6.856,7198.156,2.756,0.086,2822.472,88.202,145.864,9.758,0.428,32,4,1,1,1,4,tp4pp1dp1etp1ep4,fp8,bfloat16,bfloat16,fp8_block,half,173.911,sglang,0.5.10,b200_sxm,4,1,1,1,4,tp4pp1dp1etp1ep4,fp8,bfloat16,bfloat16,fp8_block,half,172.209,sglang,0.5.10,b200_sxm,0.0,88.202
deepseek_v3,b200_sxm,EMPIRICAL,deepseek-ai/DeepSeek-V3,4096,1024,0,14,2.634,1,1,1,2,2,7,184.468,4.786,5080.546,2.634,0.082,2697.175,84.287,208.949,9.758,0.409,32,4,1,1,1,4,tp4pp1dp1etp1ep4,fp8,bfloat16,bfloat16,fp8_block,half,173.911,sglang,0.5.10,b200_sxm,4,1,1,1,4,tp4pp1dp1etp1ep4,fp8,bfloat16,bfloat16,fp8_block,half,171.874,sglang,0.5.10,b200_sxm,0.0,84.287
deepseek_v3,b200_sxm,EMPIRICAL,deepseek-ai/DeepSeek-V3,4096,1024,0,7,2.318,1,1,1,1,1,7,184.468,2.716,2962.936,2.318,0.072,2374.042,74.189,368.188,9.758,0.36,32,4,1,1,1,4,tp4pp1dp1etp1ep4,fp8,bfloat16,bfloat16,fp8_block,half,173.911,sglang,0.5.10,b200_sxm,4,1,1,1,4,tp4pp1dp1etp1ep4,fp8,bfloat16,bfloat16,fp8_block,half,171.539,sglang,0.5.10,b200_sxm,0.0,74.189
deepseek_v3,b200_sxm,EMPIRICAL,deepseek-ai/DeepSeek-V3,4096,1024,0,6,2.051,1,1,1,2,2,3,119.716,2.632,2812.252,2.051,0.064,2099.896,65.622,380.007,15.036,0.743,32,8,1,1,1,8,tp8pp1dp1etp1ep8,fp8,bfloat16,bfloat16,fp8_block,half,91.596,sglang,0.5.10,b200_sxm,8,1,1,1,8,tp8pp1dp1etp1ep8,fp8,bfloat16,bfloat16,fp8_block,half,90.062,sglang,0.5.10,b200_sxm,0.0,65.622
deepseek_v3,b200_sxm,EMPIRICAL,deepseek-ai/DeepSeek-V3,4096,1024,0,3,1.731,1,1,1,1,1,3,119.716,1.559,1714.573,1.731,0.054,1772.052,55.377,641.589,15.036,0.627,32,8,1,1,1,8,tp8pp1dp1etp1ep8,fp8,bfloat16,bfloat16,fp8_block,half,91.596,sglang,0.5.10,b200_sxm,8,1,1,1,8,tp8pp1dp1etp1ep8,fp8,bfloat16,bfloat16,fp8_block,half,89.727,sglang,0.5.10,b200_sxm,0.0,55.377
deepseek_v3,b200_sxm,ANALYTICAL,deepseek-ai/DeepSeek-V3,4096,1024,0,672,20.316,1,8,1,84,672,1,637.927,29.53,30847.117,20.316,1.27,20803.277,1300.205,33.864,22.573,22.245,16,1,1,8,1,8,tp1pp1dp8etp1ep8,fp8,bfloat16,bfloat16,fp8_block,half,108.87,sglang,0.5.10,b200_sxm,1,1,8,8,1,tp1pp1dp8etp8ep1,fp8,bfloat16,bfloat16,fp8_block,half,129.934,sglang,0.5.10,b200_sxm,0.0,1300.205
deepseek_v3,b200_sxm,ANALYTICAL,deepseek-ai/DeepSeek-V3,4096,1024,0,544,19.696,1,8,1,68,544,1,637.927,24.839,26048.224,19.696,1.231,20168.991,1260.562,40.259,22.573,21.409,16,1,1,8,1,8,tp1pp1dp8etp1ep8,fp8,bfloat16,bfloat16,fp8_block,half,108.87,sglang,0.5.10,b200_sxm,1,1,8,1,8,tp1pp1dp8etp1ep8,fp8,bfloat16,bfloat16,fp8_block,half,124.042,sglang,0.5.10,b200_sxm,0.0,1260.562
deepseek_v3,b200_sxm,ANALYTICAL,deepseek-ai/DeepSeek-V3,4096,1024,0,512,18.83,1,8,1,64,512,1,637.927,24.454,25654.369,18.83,1.177,19281.551,1205.097,40.894,22.573,20.467,16,1,1,8,1,8,tp1pp1dp8etp1ep8,fp8,bfloat16,bfloat16,fp8_block,half,108.87,sglang,0.5.10,b200_sxm,1,1,8,2,4,tp1pp1dp8etp2ep4,fp8,bfloat16,bfloat16,fp8_block,half,122.702,sglang,0.5.10,b200_sxm,0.0,1205.097
deepseek_v3,b200_sxm,ANALYTICAL,deepseek-ai/DeepSeek-V3,4096,1024,0,448,16.492,1,8,1,56,448,1,637.927,24.43,25629.817,16.492,1.031,16887.726,1055.483,40.934,22.573,17.926,16,1,1,8,1,8,tp1pp1dp8etp1ep8,fp8,bfloat16,bfloat16,fp8_block,half,108.87,sglang,0.5.10,b200_sxm,1,1,8,8,1,tp1pp1dp8etp8ep1,fp8,bfloat16,bfloat16,fp8_block,half,120.308,sglang,0.5.10,b200_sxm,0.0,1055.483
deepseek_v3,b200_sxm,ANALYTICAL,deepseek-ai/DeepSeek-V3,4096,1024,0,448,20.316,1,8,1,28,224,2,637.927,18.701,19769.05,20.316,0.846,20803.277,866.803,53.473,22.573,11.709,24,1,1,8,1,8,tp1pp1dp8etp1ep8,fp8,bfloat16,bfloat16,fp8_block,half,108.87,sglang,0.5.10,b200_sxm,1,1,8,2,4,tp1pp1dp8etp2ep4,fp8,bfloat16,bfloat16,fp8_block,half,110.639,sglang,0.5.10,b200_sxm,0.0,650.10225
deepseek_v3,b200_sxm,ANALYTICAL,deepseek-ai/DeepSeek-V3,4096,1024,0,384,20.316,1,8,1,16,128,3,637.927,16.723,17745.556,20.316,0.635,20803.277,650.102,59.797,22.573,7.482,32,1,1,8,1,8,tp1pp1dp8etp1ep8,fp8,bfloat16,bfloat16,fp8_block,half,108.87,sglang,0.5.10,b200_sxm,1,1,8,1,8,tp1pp1dp8etp1ep8,fp8,bfloat16,bfloat16,fp8_block,half,106.618,sglang,0.5.10,b200_sxm,0.0,650.102
deepseek_v3,b200_sxm,ANALYTICAL,deepseek-ai/DeepSeek-V3,4096,1024,0,264,14.893,1,8,1,11,88,3,637.927,15.942,16946.593,14.893,0.465,15250.391,476.575,62.726,22.573,5.396,32,1,1,8,1,8,tp1pp1dp8etp1ep8,fp8,bfloat16,bfloat16,fp8_block,half,108.87,sglang,0.5.10,b200_sxm,1,1,8,1,8,tp1pp1dp8etp1ep8,fp8,bfloat16,bfloat16,fp8_block,half,104.943,sglang,0.5.10,b200_sxm,0.0,476.575
deepseek_v3,b200_sxm,ANALYTICAL,deepseek-ai/DeepSeek-V3,4096,1024,0,240,13.576,1,8,1,10,80,3,637.927,15.898,16901.581,13.576,0.424,13902.275,434.446,62.9,22.573,4.919,32,1,1,8,1,8,tp1pp1dp8etp1ep8,fp8,bfloat16,bfloat16,fp8_block,half,108.87,sglang,0.5.10,b200_sxm,1,1,8,4,2,tp1pp1dp8etp4ep2,fp8,bfloat16,bfloat16,fp8_block,half,104.608,sglang,0.5.10,b200_sxm,0.0,434.446
deepseek_v3,b200_sxm,ANALYTICAL,deepseek-ai/DeepSeek-V3,4096,1024,0,216,12.243,1,8,1,9,72,3,637.927,15.865,16867.822,12.243,0.383,12537.201,391.788,63.03,22.573,4.436,32,1,1,8,1,8,tp1pp1dp8etp1ep8,fp8,bfloat16,bfloat16,fp8_block,half,108.87,sglang,0.5.10,b200_sxm,1,1,8,8,1,tp1pp1dp8etp8ep1,fp8,bfloat16,bfloat16,fp8_block,half,104.273,sglang,0.5.10,b200_sxm,0.0,391.788
deepseek_v3,b200_sxm,ANALYTICAL,deepseek-ai/DeepSeek-V3,4096,1024,0,96,5.815,1,8,1,4,32,3,637.927,14.849,15828.454,5.815,0.182,5954.888,186.09,67.343,22.573,2.107,32,1,1,8,1,8,tp1pp1dp8etp1ep8,fp8,bfloat16,bfloat16,fp8_block,half,108.87,sglang,0.5.10,b200_sxm,1,1,8,1,8,tp1pp1dp8etp1ep8,fp8,bfloat16,bfloat16,fp8_block,half,102.597,sglang,0.5.10,b200_sxm,0.0,186.09
deepseek_v3,b200_sxm,ANALYTICAL,deepseek-ai/DeepSeek-V3,4096,1024,0,56,3.639,1,1,1,8,8,7,234.216,13.848,14400.72,3.639,0.114,3725.926,116.435,72.215,7.685,0.565,32,4,1,1,1,4,tp4pp1dp1etp1ep4,fp8,bfloat16,bfloat16,fp8_block,half,173.911,sglang,0.5.10,b200_sxm,4,1,1,1,4,tp4pp1dp1etp1ep4,fp8,bfloat16,bfloat16,fp8_block,half,173.885,sglang,0.5.10,b200_sxm,0.0,116.435
deepseek_v3,b200_sxm,ANALYTICAL,deepseek-ai/DeepSeek-V3,4096,1024,0,49,3.49,1,1,1,7,7,7,234.216,12.631,13155.729,3.49,0.109,3574.252,111.695,79.173,7.685,0.542,32,4,1,1,1,4,tp4pp1dp1etp1ep4,fp8,bfloat16,bfloat16,fp8_block,half,173.911,sglang,0.5.10,b200_sxm,4,1,1,1,4,tp4pp1dp1etp1ep4,fp8,bfloat16,bfloat16,fp8_block,half,173.55,sglang,0.5.10,b200_sxm,0.0,111.695
deepseek_v3,b200_sxm,ANALYTICAL,deepseek-ai/DeepSeek-V3,4096,1024,0,42,3.31,1,1,1,6,6,7,234.216,11.413,11909.715,3.31,0.103,3389.604,105.925,87.616,7.685,0.514,32,4,1,1,1,4,tp4pp1dp1etp1ep4,fp8,bfloat16,bfloat16,fp8_block,half,173.911,sglang,0.5.10,b200_sxm,4,1,1,1,4,tp4pp1dp1etp1ep4,fp8,bfloat16,bfloat16,fp8_block,half,173.214,sglang,0.5.10,b200_sxm,0.0,105.925
deepseek_v3,b200_sxm,ANALYTICAL,deepseek-ai/DeepSeek-V3,4096,1024,0,35,3.085,1,1,1,5,5,7,234.216,10.196,10664.724,3.085,0.096,3158.794,98.712,98.074,7.685,0.479,32,4,1,1,1,4,tp4pp1dp1etp1ep4,fp8,bfloat16,bfloat16,fp8_block,half,173.911,sglang,0.5.10,b200_sxm,4,1,1,1,4,tp4pp1dp1etp1ep4,fp8,bfloat16,bfloat16,fp8_block,half,172.879,sglang,0.5.10,b200_sxm,0.0,98.712
deepseek_v3,b200_sxm,ANALYTICAL,deepseek-ai/DeepSeek-V3,4096,1024,0,28,2.801,1,1,1,4,4,7,234.216,8.979,9419.733,2.801,0.088,2868.634,89.645,111.368,7.685,0.435,32,4,1,1,1,4,tp4pp1dp1etp1ep4,fp8,bfloat16,bfloat16,fp8_block,half,173.911,sglang,0.5.10,b200_sxm,4,1,1,1,4,tp4pp1dp1etp1ep4,fp8,bfloat16,bfloat16,fp8_block,half,172.544,sglang,0.5.10,b200_sxm,0.0,89.645
deepseek_v3,b200_sxm,ANALYTICAL,deepseek-ai/DeepSeek-V3,4096,1024,0,21,2.434,1,1,1,3,3,7,234.216,7.762,8174.742,2.434,0.076,2492.744,77.898,128.83,7.685,0.378,32,4,1,1,1,4,tp4pp1dp1etp1ep4,fp8,bfloat16,bfloat16,fp8_block,half,173.911,sglang,0.5.10,b200_sxm,4,1,1,1,4,tp4pp1dp1etp1ep4,fp8,bfloat16,bfloat16,fp8_block,half,172.209,sglang,0.5.10,b200_sxm,0.0,77.898
deepseek_v3,b200_sxm,ANALYTICAL,deepseek-ai/DeepSeek-V3,4096,1024,0,14,1.919,1,1,1,2,2,7,234.216,6.556,6941.004,1.919,0.06,1965.179,61.412,152.538,7.685,0.298,32,4,1,1,1,4,tp4pp1dp1etp1ep4,fp8,bfloat16,bfloat16,fp8_block,half,173.911,sglang,0.5.10,b200_sxm,4,1,1,1,4,tp4pp1dp1etp1ep4,fp8,bfloat16,bfloat16,fp8_block,half,171.874,sglang,0.5.10,b200_sxm,0.0,61.412
deepseek_v3,b200_sxm,ANALYTICAL,deepseek-ai/DeepSeek-V3,4096,1024,0,12,1.662,1,1,1,4,4,3,161.66,6.493,6803.999,1.662,0.052,1701.396,53.169,154.001,11.134,0.602,32,8,1,1,1,8,tp8pp1dp1etp1ep8,fp8,bfloat16,bfloat16,fp8_block,half,91.596,sglang,0.5.10,b200_sxm,8,1,1,1,8,tp8pp1dp1etp1ep8,fp8,bfloat16,bfloat16,fp8_block,half,90.732,sglang,0.5.10,b200_sxm,0.0,53.169
deepseek_v3,b200_sxm,ANALYTICAL,deepseek-ai/DeepSeek-V3,4096,1024,0,9,1.383,1,1,1,3,3,3,161.66,5.848,6144.164,1.383,0.043,1415.946,44.248,170.985,11.134,0.501,32,8,1,1,1,8,tp8pp1dp1etp1ep8,fp8,bfloat16,bfloat16,fp8_block,half,91.596,sglang,0.5.10,b200_sxm,8,1,1,1,8,tp8pp1dp1etp1ep8,fp8,bfloat16,bfloat16,fp8_block,half,90.397,sglang,0.5.10,b200_sxm,0.0,44.248
deepseek_v3,b200_sxm,ANALYTICAL,deepseek-ai/DeepSeek-V3,4096,1024,0,7,1.179,1,1,1,1,1,7,234.216,5.343,5700.105,1.179,0.037,1206.804,37.713,187.17,7.685,0.183,32,4,1,1,1,4,tp4pp1dp1etp1ep4,fp8,bfloat16,bfloat16,fp8_block,half,173.911,sglang,0.5.10,b200_sxm,4,1,1,4,1,tp4pp1dp1etp4ep1,fp8,bfloat16,bfloat16,fp8_block,half,171.539,sglang,0.5.10,b200_sxm,0.0,37.713
deepseek_v3,b200_sxm,ANALYTICAL,deepseek-ai/DeepSeek-V3,4096,1024,0,3,0.591,1,1,1,1,1,3,161.66,4.571,4837.793,0.591,0.018,604.815,18.9,218.794,11.134,0.214,32,8,1,1,1,8,tp8pp1dp1etp1ep8,fp8,bfloat16,bfloat16,fp8_block,half,91.596,sglang,0.5.10,b200_sxm,8,1,1,1,8,tp8pp1dp1etp1ep8,fp8,bfloat16,bfloat16,fp8_block,half,89.727,sglang,0.5.10,b200_sxm,0.0,18.9
deepseek_v3,b300_sxm,SILICON,deepseek-ai/DeepSeek-V3,4096,1024,0,2592,34.52,1,4,5,216,864,3,938.585,64.674,67100.087,34.52,1.079,35347.968,1104.624,15.462,7.671,13.059,32,1,1,4,4,1,tp1pp1dp4etp4ep1,fp8,bfloat16,bfloat16,fp8_block,half,201.007,sglang,0.5.10,b300_sxm,1,1,4,4,1,tp1pp1dp4etp4ep1,fp8,bfloat16,bfloat16,fp8_block,half,254.53,sglang,0.5.10,b300_sxm,0.0,1104.624
deepseek_v3,b300_sxm,SILICON,deepseek-ai/DeepSeek-V3,4096,1024,0,2208,33.352,1,4,5,184,736,3,938.585,59.537,61844.936,33.352,1.042,34152.284,1067.259,16.796,7.671,12.084,32,1,1,4,4,1,tp1pp1dp4etp4ep1,fp8,bfloat16,bfloat16,fp8_block,half,201.007,sglang,0.5.10,b300_sxm,1,1,4,4,1,tp1pp1dp4etp4ep1,fp8,bfloat16,bfloat16,fp8_block,half,243.654,sglang,0.5.10,b300_sxm,0.0,1067.259
deepseek_v3,b300_sxm,SILICON,deepseek-ai/DeepSeek-V3,4096,1024,0,1824,30.078,1,4,5,152,608,3,938.585,54.537,56729.936,30.078,0.94,30800.364,962.511,18.336,7.671,10.898,32,1,1,4,4,1,tp1pp1dp4etp4ep1,fp8,bfloat16,bfloat16,fp8_block,half,201.007,sglang,0.5.10,b300_sxm,1,1,4,4,1,tp1pp1dp4etp4ep1,fp8,bfloat16,bfloat16,fp8_block,half,232.778,sglang,0.5.10,b300_sxm,0.0,962.511
deepseek_v3,b300_sxm,SILICON,deepseek-ai/DeepSeek-V3,4096,1024,0,704,13.808,1,4,2,88,704,1,938.585,44.239,46195.082,13.808,0.863,14139.187,883.699,22.604,7.671,15.556,16,1,1,4,4,1,tp1pp1dp4etp4ep1,fp8,bfloat16,bfloat16,fp8_block,half,201.007,sglang,0.5.10,b300_sxm,1,1,8,4,2,tp1pp1dp8etp4ep2,fp8,bfloat16,bfloat16,fp8_block,half,130.964,sglang,0.5.10,b300_sxm,0.0,883.699
deepseek_v3,b300_sxm,SILICON,deepseek-ai/DeepSeek-V3,4096,1024,0,288,6.526,1,4,1,72,288,1,938.585,39.688,41539.409,6.526,0.816,6682.173,835.272,25.197,7.671,7.093,8,1,1,4,4,1,tp1pp1dp4etp4ep1,fp8,bfloat16,bfloat16,fp8_block,half,201.007,sglang,0.5.10,b300_sxm,1,1,4,2,2,tp1pp1dp4etp2ep2,fp8,bfloat16,bfloat16,fp8_block,half,205.447,sglang,0.5.10,b300_sxm,0.0,835.272
deepseek_v3,b300_sxm,SILICON,deepseek-ai/DeepSeek-V3,4096,1024,0,272,6.223,1,4,1,68,272,1,938.585,39.31,41152.715,6.223,0.778,6372.229,796.529,25.439,7.671,6.764,8,1,1,4,4,1,tp1pp1dp4etp4ep1,fp8,bfloat16,bfloat16,fp8_block,half,201.007,sglang,0.5.10,b300_sxm,1,1,4,4,1,tp1pp1dp4etp4ep1,fp8,bfloat16,bfloat16,fp8_block,half,204.229,sglang,0.5.10,b300_sxm,0.0,796.529
deepseek_v3,b300_sxm,SILICON,deepseek-ai/DeepSeek-V3,4096,1024,0,448,11.838,1,4,2,56,448,1,938.585,34.036,35757.413,11.838,0.74,12121.743,757.609,29.381,7.671,12.867,16,1,1,4,4,1,tp1pp1dp4etp4ep1,fp8,bfloat16,bfloat16,fp8_block,half,201.007,sglang,0.5.10,b300_sxm,1,1,8,4,2,tp1pp1dp8etp4ep2,fp8,bfloat16,bfloat16,fp8_block,half,120.088,sglang,0.5.10,b300_sxm,0.0,757.609
deepseek_v3,b300_sxm,SILICON,deepseek-ai/DeepSeek-V3,4096,1024,0,352,10.627,1,4,2,44,352,1,938.585,29.788,31411.709,10.627,0.664,10881.966,680.123,33.57,7.671,11.551,16,1,1,4,4,1,tp1pp1dp4etp4ep1,fp8,bfloat16,bfloat16,fp8_block,half,201.007,sglang,0.5.10,b300_sxm,1,1,8,4,2,tp1pp1dp8etp4ep2,fp8,bfloat16,bfloat16,fp8_block,half,116.009,sglang,0.5.10,b300_sxm,0.0,680.123
deepseek_v3,b300_sxm,SILICON,deepseek-ai/DeepSeek-V3,4096,1024,0,320,9.881,1,4,2,40,320,1,938.585,29.125,30733.46,9.881,0.618,10117.939,632.371,34.334,7.671,10.74,16,1,1,4,4,1,tp1pp1dp4etp4ep1,fp8,bfloat16,bfloat16,fp8_block,half,201.007,sglang,0.5.10,b300_sxm,1,1,8,8,1,tp1pp1dp8etp8ep1,fp8,bfloat16,bfloat16,fp8_block,half,114.807,sglang,0.5.10,b300_sxm,0.0,632.371
deepseek_v3,b300_sxm,SILICON,deepseek-ai/DeepSeek-V3,4096,1024,0,336,13.808,1,4,2,14,112,3,938.585,19.982,21380.171,13.808,0.431,14139.187,441.85,50.045,7.671,5.479,32,1,1,4,4,1,tp1pp1dp4etp4ep1,fp8,bfloat16,bfloat16,fp8_block,half,201.007,sglang,0.5.10,b300_sxm,1,1,8,2,4,tp1pp1dp8etp2ep4,fp8,bfloat16,bfloat16,fp8_block,half,105.948,sglang,0.5.10,b300_sxm,0.0,441.85
deepseek_v3,b300_sxm,SILICON,deepseek-ai/DeepSeek-V3,4096,1024,0,288,13.013,1,4,2,12,96,3,938.585,19.905,21301.4,13.013,0.407,13325.722,416.429,50.24,7.671,4.715,32,1,1,4,4,1,tp1pp1dp4etp4ep1,fp8,bfloat16,bfloat16,fp8_block,half,201.007,sglang,0.5.10,b300_sxm,1,1,8,1,8,tp1pp1dp8etp1ep8,fp8,bfloat16,bfloat16,fp8_block,half,105.278,sglang,0.5.10,b300_sxm,0.0,416.429
deepseek_v3,b300_sxm,SILICON,deepseek-ai/DeepSeek-V3,4096,1024,0,264,12.599,1,4,2,11,88,3,938.585,18.843,20214.974,12.599,0.394,12901.786,403.181,53.069,7.671,4.565,32,1,1,4,4,1,tp1pp1dp4etp4ep1,fp8,bfloat16,bfloat16,fp8_block,half,201.007,sglang,0.5.10,b300_sxm,1,1,8,2,4,tp1pp1dp8etp2ep4,fp8,bfloat16,bfloat16,fp8_block,half,104.943,sglang,0.5.10,b300_sxm,0.0,403.181
deepseek_v3,b300_sxm,SILICON,deepseek-ai/DeepSeek-V3,4096,1024,0,216,10.397,1,4,2,9,72,3,938.585,18.682,20050.271,10.397,0.325,10646.446,332.701,53.526,7.671,3.767,32,1,1,4,4,1,tp1pp1dp4etp4ep1,fp8,bfloat16,bfloat16,fp8_block,half,201.007,sglang,0.5.10,b300_sxm,1,1,8,1,8,tp1pp1dp8etp1ep8,fp8,bfloat16,bfloat16,fp8_block,half,104.273,sglang,0.5.10,b300_sxm,0.0,332.701
deepseek_v3,b300_sxm,SILICON,deepseek-ai/DeepSeek-V3,4096,1024,0,192,9.809,1,4,2,8,64,3,938.585,17.604,18947.477,9.809,0.307,10044.457,313.889,56.804,7.671,3.554,32,1,1,4,4,1,tp1pp1dp4etp4ep1,fp8,bfloat16,bfloat16,fp8_block,half,201.007,sglang,0.5.10,b300_sxm,1,1,8,2,4,tp1pp1dp8etp2ep4,fp8,bfloat16,bfloat16,fp8_block,half,103.937,sglang,0.5.10,b300_sxm,0.0,313.889
deepseek_v3,b300_sxm,SILICON,deepseek-ai/DeepSeek-V3,4096,1024,0,144,7.761,1,4,2,6,48,3,938.585,16.684,18006.317,7.761,0.243,7947.387,248.356,59.939,7.671,2.812,32,1,1,4,4,1,tp1pp1dp4etp4ep1,fp8,bfloat16,bfloat16,fp8_block,half,201.007,sglang,0.5.10,b300_sxm,1,1,8,2,4,tp1pp1dp8etp2ep4,fp8,bfloat16,bfloat16,fp8_block,half,103.267,sglang,0.5.10,b300_sxm,0.0,248.356
deepseek_v3,b300_sxm,SILICON,deepseek-ai/DeepSeek-V3,4096,1024,0,120,6.572,1,4,2,5,40,3,938.585,16.423,17739.314,6.572,0.205,6729.277,210.29,60.89,7.671,2.381,32,1,1,4,4,1,tp1pp1dp4etp4ep1,fp8,bfloat16,bfloat16,fp8_block,half,201.007,sglang,0.5.10,b300_sxm,1,1,8,1,8,tp1pp1dp8etp1ep8,fp8,bfloat16,bfloat16,fp8_block,half,102.932,sglang,0.5.10,b300_sxm,0.0,210.29
deepseek_v3,b300_sxm,SILICON,deepseek-ai/DeepSeek-V3,4096,1024,0,72,4.184,1,4,2,3,24,3,938.585,15.478,16772.579,4.184,0.131,4284.58,133.893,64.608,7.671,1.516,32,1,1,4,4,1,tp1pp1dp4etp4ep1,fp8,bfloat16,bfloat16,fp8_block,half,201.007,sglang,0.5.10,b300_sxm,1,1,8,2,4,tp1pp1dp8etp2ep4,fp8,bfloat16,bfloat16,fp8_block,half,102.262,sglang,0.5.10,b300_sxm,0.0,133.893
deepseek_v3,b300_sxm,SILICON,deepseek-ai/DeepSeek-V3,4096,1024,0,56,3.368,1,1,1,8,8,7,368.608,14.95,15662.458,3.368,0.105,3448.955,107.78,66.889,4.883,0.523,32,4,1,1,4,1,tp4pp1dp1etp4ep1,fp8,bfloat16,bfloat16,fp8_block,half,176.93,sglang,0.5.10,b300_sxm,4,1,1,2,2,tp4pp1dp1etp2ep2,fp8,bfloat16,bfloat16,fp8_block,half,173.885,sglang,0.5.10,b300_sxm,0.0,107.78
deepseek_v3,b300_sxm,SILICON,deepseek-ai/DeepSeek-V3,4096,1024,0,49,3.078,1,1,1,7,7,7,368.608,14.328,15026.152,3.078,0.096,3152.2,98.506,69.791,4.883,0.478,32,4,1,1,4,1,tp4pp1dp1etp4ep1,fp8,bfloat16,bfloat16,fp8_block,half,176.93,sglang,0.5.10,b300_sxm,4,1,1,1,4,tp4pp1dp1etp1ep4,fp8,bfloat16,bfloat16,fp8_block,half,173.55,sglang,0.5.10,b300_sxm,0.0,98.506
deepseek_v3,b300_sxm,SILICON,deepseek-ai/DeepSeek-V3,4096,1024,0,42,2.866,1,1,1,6,6,7,368.608,13.166,13837.426,2.866,0.09,2934.579,91.706,75.951,4.883,0.445,32,4,1,1,4,1,tp4pp1dp1etp4ep1,fp8,bfloat16,bfloat16,fp8_block,half,176.93,sglang,0.5.10,b300_sxm,4,1,1,2,2,tp4pp1dp1etp2ep2,fp8,bfloat16,bfloat16,fp8_block,half,173.214,sglang,0.5.10,b300_sxm,0.0,91.706
deepseek_v3,b300_sxm,SILICON,deepseek-ai/DeepSeek-V3,4096,1024,0,35,2.563,1,1,1,5,5,7,368.608,12.283,12934.117,2.563,0.08,2624.635,82.02,81.414,4.883,0.398,32,4,1,1,4,1,tp4pp1dp1etp4ep1,fp8,bfloat16,bfloat16,fp8_block,half,176.93,sglang,0.5.10,b300_sxm,4,1,1,2,2,tp4pp1dp1etp2ep2,fp8,bfloat16,bfloat16,fp8_block,half,172.879,sglang,0.5.10,b300_sxm,0.0,82.02
deepseek_v3,b300_sxm,SILICON,deepseek-ai/DeepSeek-V3,4096,1024,0,28,2.215,1,1,1,4,4,7,368.608,11.372,12002.164,2.215,0.069,2268.529,70.892,87.936,4.883,0.344,32,4,1,1,4,1,tp4pp1dp1etp4ep1,fp8,bfloat16,bfloat16,fp8_block,half,176.93,sglang,0.5.10,b300_sxm,4,1,1,2,2,tp4pp1dp1etp2ep2,fp8,bfloat16,bfloat16,fp8_block,half,172.544,sglang,0.5.10,b300_sxm,0.0,70.892
deepseek_v3,b300_sxm,SILICON,deepseek-ai/DeepSeek-V3,4096,1024,0,21,1.951,1,1,1,3,3,7,368.608,9.685,10276.363,1.951,0.061,1998.152,62.442,103.249,4.883,0.303,32,4,1,1,4,1,tp4pp1dp1etp4ep1,fp8,bfloat16,bfloat16,fp8_block,half,176.93,sglang,0.5.10,b300_sxm,4,1,1,2,2,tp4pp1dp1etp2ep2,fp8,bfloat16,bfloat16,fp8_block,half,172.209,sglang,0.5.10,b300_sxm,0.0,62.442
deepseek_v3,b300_sxm,SILICON,deepseek-ai/DeepSeek-V3,4096,1024,0,18,1.673,1,1,1,6,6,3,309.931,9.672,10204.387,1.673,0.052,1712.701,53.522,103.389,5.808,0.606,32,8,1,1,8,1,tp8pp1dp1etp8ep1,fp8,bfloat16,bfloat16,fp8_block,half,95.118,sglang,0.5.10,b300_sxm,8,1,1,2,4,tp8pp1dp1etp2ep4,fp8,bfloat16,bfloat16,fp8_block,half,91.402,sglang,0.5.10,b300_sxm,0.0,53.522
deepseek_v3,b300_sxm,SILICON,deepseek-ai/DeepSeek-V3,4096,1024,0,14,1.571,1,1,1,2,2,7,368.608,8.015,8567.953,1.571,0.049,1609.073,50.284,124.769,4.883,0.244,32,4,1,1,4,1,tp4pp1dp1etp4ep1,fp8,bfloat16,bfloat16,fp8_block,half,176.93,sglang,0.5.10,b300_sxm,4,1,1,2,2,tp4pp1dp1etp2ep2,fp8,bfloat16,bfloat16,fp8_block,half,171.874,sglang,0.5.10,b300_sxm,0.0,50.284
deepseek_v3,b300_sxm,SILICON,deepseek-ai/DeepSeek-V3,4096,1024,0,9,1.082,1,1,1,3,3,3,309.931,7.489,7971.178,1.082,0.034,1107.886,34.621,133.528,5.808,0.392,32,8,1,1,8,1,tp8pp1dp1etp8ep1,fp8,bfloat16,bfloat16,fp8_block,half,95.118,sglang,0.5.10,b300_sxm,8,1,1,2,4,tp8pp1dp1etp2ep4,fp8,bfloat16,bfloat16,fp8_block,half,90.397,sglang,0.5.10,b300_sxm,0.0,34.621
deepseek_v3,b300_sxm,SILICON,deepseek-ai/DeepSeek-V3,4096,1024,0,7,0.947,1,1,1,1,1,7,368.608,6.628,7149.052,0.947,0.03,969.4,30.294,150.878,4.883,0.147,32,4,1,1,4,1,tp4pp1dp1etp4ep1,fp8,bfloat16,bfloat16,fp8_block,half,176.93,sglang,0.5.10,b300_sxm,4,1,1,2,2,tp4pp1dp1etp2ep2,fp8,bfloat16,bfloat16,fp8_block,half,171.539,sglang,0.5.10,b300_sxm,0.0,30.294
deepseek_v3,b300_sxm,SILICON,deepseek-ai/DeepSeek-V3,4096,1024,0,3,0.472,1,1,1,1,1,3,309.931,5.714,6155.353,0.472,0.015,483.287,15.103,175.01,5.808,0.171,32,8,1,1,8,1,tp8pp1dp1etp8ep1,fp8,bfloat16,bfloat16,fp8_block,half,95.118,sglang,0.5.10,b300_sxm,8,1,1,2,4,tp8pp1dp1etp2ep4,fp8,bfloat16,bfloat16,fp8_block,half,89.727,sglang,0.5.10,b300_sxm,0.0,15.103
deepseek_v3,b300_sxm,EMPIRICAL,deepseek-ai/DeepSeek-V3,4096,1024,0,1600,34.479,1,4,2,200,1600,1,375.881,39.583,40869.29,34.479,2.155,35306.496,2206.656,25.263,19.155,39.512,16,1,1,4,1,4,tp1pp1dp4etp1ep4,fp8,bfloat16,bfloat16,fp8_block,half,188.932,sglang,0.5.10,b300_sxm,1,1,8,2,4,tp1pp1dp8etp2ep4,fp8,bfloat16,bfloat16,fp8_block,half,168.636,sglang,0.5.10,b300_sxm,0.0,2206.656
deepseek_v3,b300_sxm,EMPIRICAL,deepseek-ai/DeepSeek-V3,4096,1024,0,1280,33.064,1,4,2,160,1280,1,375.881,34.815,35991.626,33.064,2.066,33857.413,2116.088,28.723,19.155,35.939,16,1,1,4,1,4,tp1pp1dp4etp1ep4,fp8,bfloat16,bfloat16,fp8_block,half,188.932,sglang,0.5.10,b300_sxm,1,1,8,1,8,tp1pp1dp8etp1ep8,fp8,bfloat16,bfloat16,fp8_block,half,154.963,sglang,0.5.10,b300_sxm,0.0,2116.088
deepseek_v3,b300_sxm,EMPIRICAL,deepseek-ai/DeepSeek-V3,4096,1024,0,1216,31.81,1,4,2,152,1216,1,375.881,34.378,35544.575,31.81,1.988,32573.358,2035.835,29.089,19.155,34.576,16,1,1,4,1,4,tp1pp1dp4etp1ep4,fp8,bfloat16,bfloat16,fp8_block,half,188.932,sglang,0.5.10,b300_sxm,1,1,8,2,4,tp1pp1dp8etp2ep4,fp8,bfloat16,bfloat16,fp8_block,half,152.417,sglang,0.5.10,b300_sxm,0.0,2035.835
deepseek_v3,b300_sxm,EMPIRICAL,deepseek-ai/DeepSeek-V3,4096,1024,0,1152,30.211,1,4,2,144,1152,1,375.881,34.292,35456.597,30.211,1.888,30936.023,1933.501,29.161,19.155,32.838,16,1,1,4,1,4,tp1pp1dp4etp1ep4,fp8,bfloat16,bfloat16,fp8_block,half,188.932,sglang,0.5.10,b300_sxm,1,1,8,4,2,tp1pp1dp8etp4ep2,fp8,bfloat16,bfloat16,fp8_block,half,149.996,sglang,0.5.10,b300_sxm,0.0,1933.501
deepseek_v3,b300_sxm,EMPIRICAL,deepseek-ai/DeepSeek-V3,4096,1024,0,896,27.043,1,4,2,112,896,1,375.881,29.796,30857.189,27.043,1.69,27692.442,1730.778,33.562,19.155,29.395,16,1,1,4,1,4,tp1pp1dp4etp1ep4,fp8,bfloat16,bfloat16,fp8_block,half,188.932,sglang,0.5.10,b300_sxm,1,1,8,1,8,tp1pp1dp8etp1ep8,fp8,bfloat16,bfloat16,fp8_block,half,138.79,sglang,0.5.10,b300_sxm,0.0,1730.778
deepseek_v3,b300_sxm,EMPIRICAL,deepseek-ai/DeepSeek-V3,4096,1024,0,864,26.191,1,4,2,108,864,1,375.881,29.668,30726.245,26.191,1.637,26819.133,1676.196,33.707,19.155,28.468,16,1,1,4,1,4,tp1pp1dp4etp1ep4,fp8,bfloat16,bfloat16,fp8_block,half,188.932,sglang,0.5.10,b300_sxm,1,1,8,2,4,tp1pp1dp8etp2ep4,fp8,bfloat16,bfloat16,fp8_block,half,137.549,sglang,0.5.10,b300_sxm,0.0,1676.196
deepseek_v3,b300_sxm,EMPIRICAL,deepseek-ai/DeepSeek-V3,4096,1024,0,1024,34.479,1,4,2,64,512,2,375.881,24.787,25732.982,34.479,1.437,35306.496,1471.104,40.344,19.155,20.192,24,1,1,4,1,4,tp1pp1dp4etp1ep4,fp8,bfloat16,bfloat16,fp8_block,half,188.932,sglang,0.5.10,b300_sxm,1,1,8,1,8,tp1pp1dp8etp1ep8,fp8,bfloat16,bfloat16,fp8_block,half,122.702,sglang,0.5.10,b300_sxm,0.0,1103.328
deepseek_v3,b300_sxm,EMPIRICAL,deepseek-ai/DeepSeek-V3,4096,1024,0,832,30.529,1,4,2,52,416,2,375.881,24.509,25448.588,30.529,1.272,31261.983,1302.583,40.801,19.155,16.592,24,1,1,4,1,4,tp1pp1dp4etp1ep4,fp8,bfloat16,bfloat16,fp8_block,half,188.932,sglang,0.5.10,b300_sxm,1,1,8,8,1,tp1pp1dp8etp8ep1,fp8,bfloat16,bfloat16,fp8_block,half,118.932,sglang,0.5.10,b300_sxm,0.0,976.9372500000001
deepseek_v3,b300_sxm,EMPIRICAL,deepseek-ai/DeepSeek-V3,4096,1024,0,432,19.439,1,4,2,18,144,3,375.881,19.986,20821.559,19.439,0.607,19905.208,622.038,50.034,19.155,7.043,32,1,1,4,1,4,tp1pp1dp4etp1ep4,fp8,bfloat16,bfloat16,fp8_block,half,188.932,sglang,0.5.10,b300_sxm,1,1,8,1,8,tp1pp1dp8etp1ep8,fp8,bfloat16,bfloat16,fp8_block,half,107.288,sglang,0.5.10,b300_sxm,0.0,622.038
deepseek_v3,b300_sxm,EMPIRICAL,deepseek-ai/DeepSeek-V3,4096,1024,0,384,17.424,1,4,2,16,128,3,375.881,19.82,20651.741,17.424,0.544,17842.053,557.564,50.453,19.155,6.313,32,1,1,4,1,4,tp1pp1dp4etp1ep4,fp8,bfloat16,bfloat16,fp8_block,half,188.932,sglang,0.5.10,b300_sxm,1,1,8,2,4,tp1pp1dp8etp2ep4,fp8,bfloat16,bfloat16,fp8_block,half,106.618,sglang,0.5.10,b300_sxm,0.0,557.564
deepseek_v3,b300_sxm,EMPIRICAL,deepseek-ai/DeepSeek-V3,4096,1024,0,192,9.116,1,4,2,8,64,3,375.881,18.943,19754.57,9.116,0.285,9335.071,291.721,52.791,19.155,3.303,32,1,1,4,1,4,tp1pp1dp4etp1ep4,fp8,bfloat16,bfloat16,fp8_block,half,188.932,sglang,0.5.10,b300_sxm,1,1,8,1,8,tp1pp1dp8etp1ep8,fp8,bfloat16,bfloat16,fp8_block,half,103.937,sglang,0.5.10,b300_sxm,0.0,291.721
deepseek_v3,b300_sxm,EMPIRICAL,deepseek-ai/DeepSeek-V3,4096,1024,0,168,7.996,1,4,2,7,56,3,375.881,18.895,19705.466,7.996,0.25,8187.617,255.863,52.925,19.155,2.897,32,1,1,4,1,4,tp1pp1dp4etp1ep4,fp8,bfloat16,bfloat16,fp8_block,half,188.932,sglang,0.5.10,b300_sxm,1,1,8,4,2,tp1pp1dp8etp4ep2,fp8,bfloat16,bfloat16,fp8_block,half,103.602,sglang,0.5.10,b300_sxm,0.0,255.863
deepseek_v3,b300_sxm,EMPIRICAL,deepseek-ai/DeepSeek-V3,4096,1024,0,72,3.436,1,1,1,24,24,3,121.885,18.843,19398.274,3.436,0.107,3518.669,109.958,53.069,14.768,1.245,32,8,1,1,1,8,tp8pp1dp1etp1ep8,fp8,bfloat16,bfloat16,fp8_block,half,91.596,sglang,0.5.10,b300_sxm,8,1,1,1,8,tp8pp1dp1etp1ep8,fp8,bfloat16,bfloat16,fp8_block,half,97.434,sglang,0.5.10,b300_sxm,0.0,109.958
deepseek_v3,b300_sxm,EMPIRICAL,deepseek-ai/DeepSeek-V3,4096,1024,0,56,2.84,1,1,1,8,8,7,188.442,17.752,18348.738,2.84,0.089,2908.201,90.881,56.332,9.552,0.441,32,4,1,1,1,4,tp4pp1dp1etp1ep4,fp8,bfloat16,bfloat16,fp8_block,half,173.911,sglang,0.5.10,b300_sxm,4,1,1,1,4,tp4pp1dp1etp1ep4,fp8,bfloat16,bfloat16,fp8_block,half,173.885,sglang,0.5.10,b300_sxm,0.0,90.881
deepseek_v3,b300_sxm,EMPIRICAL,deepseek-ai/DeepSeek-V3,4096,1024,0,49,2.821,1,1,1,7,7,7,188.442,15.615,16162.587,2.821,0.088,2888.417,90.263,64.04,9.552,0.438,32,4,1,1,1,4,tp4pp1dp1etp1ep4,fp8,bfloat16,bfloat16,fp8_block,half,173.911,sglang,0.5.10,b300_sxm,4,1,1,1,4,tp4pp1dp1etp1ep4,fp8,bfloat16,bfloat16,fp8_block,half,173.55,sglang,0.5.10,b300_sxm,0.0,90.263
deepseek_v3,b300_sxm,EMPIRICAL,deepseek-ai/DeepSeek-V3,4096,1024,0,42,2.801,1,1,1,6,6,7,188.442,13.479,13977.459,2.801,0.088,2868.634,89.645,74.19,9.552,0.435,32,4,1,1,1,4,tp4pp1dp1etp1ep4,fp8,bfloat16,bfloat16,fp8_block,half,173.911,sglang,0.5.10,b300_sxm,4,1,1,1,4,tp4pp1dp1etp1ep4,fp8,bfloat16,bfloat16,fp8_block,half,173.214,sglang,0.5.10,b300_sxm,0.0,89.645
deepseek_v3,b300_sxm,EMPIRICAL,deepseek-ai/DeepSeek-V3,4096,1024,0,35,2.776,1,1,1,5,5,7,188.442,11.342,11791.308,2.776,0.087,2842.255,88.82,88.165,9.552,0.431,32,4,1,1,1,4,tp4pp1dp1etp1ep4,fp8,bfloat16,bfloat16,fp8_block,half,173.911,sglang,0.5.10,b300_sxm,4,1,1,1,4,tp4pp1dp1etp1ep4,fp8,bfloat16,bfloat16,fp8_block,half,172.879,sglang,0.5.10,b300_sxm,0.0,88.82
deepseek_v3,b300_sxm,EMPIRICAL,deepseek-ai/DeepSeek-V3,4096,1024,0,28,2.737,1,1,1,4,4,7,188.442,9.206,9606.18,2.737,0.086,2802.688,87.584,108.626,9.552,0.425,32,4,1,1,1,4,tp4pp1dp1etp1ep4,fp8,bfloat16,bfloat16,fp8_block,half,173.911,sglang,0.5.10,b300_sxm,4,1,1,1,4,tp4pp1dp1etp1ep4,fp8,bfloat16,bfloat16,fp8_block,half,172.544,sglang,0.5.10,b300_sxm,0.0,87.584
deepseek_v3,b300_sxm,EMPIRICAL,deepseek-ai/DeepSeek-V3,4096,1024,0,21,2.673,1,1,1,3,3,7,188.442,7.069,7420.029,2.673,0.084,2736.742,85.523,141.455,9.552,0.415,32,4,1,1,1,4,tp4pp1dp1etp1ep4,fp8,bfloat16,bfloat16,fp8_block,half,173.911,sglang,0.5.10,b300_sxm,4,1,1,1,4,tp4pp1dp1etp1ep4,fp8,bfloat16,bfloat16,fp8_block,half,172.209,sglang,0.5.10,b300_sxm,0.0,85.523
deepseek_v3,b300_sxm,EMPIRICAL,deepseek-ai/DeepSeek-V3,4096,1024,0,14,2.55,1,1,1,2,2,7,188.442,4.933,5234.901,2.55,0.08,2611.446,81.608,202.72,9.552,0.396,32,4,1,1,1,4,tp4pp1dp1etp1ep4,fp8,bfloat16,bfloat16,fp8_block,half,173.911,sglang,0.5.10,b300_sxm,4,1,1,1,4,tp4pp1dp1etp1ep4,fp8,bfloat16,bfloat16,fp8_block,half,171.874,sglang,0.5.10,b300_sxm,0.0,81.608
deepseek_v3,b300_sxm,EMPIRICAL,deepseek-ai/DeepSeek-V3,4096,1024,0,7,2.254,1,1,1,1,1,7,188.442,2.796,3048.75,2.254,0.07,2308.096,72.128,357.601,9.552,0.35,32,4,1,1,1,4,tp4pp1dp1etp1ep4,fp8,bfloat16,bfloat16,fp8_block,half,173.911,sglang,0.5.10,b300_sxm,4,1,1,1,4,tp4pp1dp1etp1ep4,fp8,bfloat16,bfloat16,fp8_block,half,171.539,sglang,0.5.10,b300_sxm,0.0,72.128
deepseek_v3,b300_sxm,EMPIRICAL,deepseek-ai/DeepSeek-V3,4096,1024,0,6,1.993,1,1,1,2,2,3,121.885,2.709,2893.192,1.993,0.062,2040.545,63.767,369.136,14.768,0.722,32,8,1,1,1,8,tp8pp1dp1etp1ep8,fp8,bfloat16,bfloat16,fp8_block,half,91.596,sglang,0.5.10,b300_sxm,8,1,1,1,8,tp8pp1dp1etp1ep8,fp8,bfloat16,bfloat16,fp8_block,half,90.062,sglang,0.5.10,b300_sxm,0.0,63.767
deepseek_v3,b300_sxm,EMPIRICAL,deepseek-ai/DeepSeek-V3,4096,1024,0,3,1.684,1,1,1,1,1,3,121.885,1.602,1760.731,1.684,0.053,1724.006,53.875,624.344,14.768,0.61,32,8,1,1,1,8,tp8pp1dp1etp1ep8,fp8,bfloat16,bfloat16,fp8_block,half,91.596,sglang,0.5.10,b300_sxm,8,1,1,1,8,tp8pp1dp1etp1ep8,fp8,bfloat16,bfloat16,fp8_block,half,89.727,sglang,0.5.10,b300_sxm,0.0,53.875
deepseek_v3,b300_sxm,ANALYTICAL,deepseek-ai/DeepSeek-V3,4096,1024,0,3072,45.176,1,4,5,256,1024,3,581.143,61.153,63140.662,45.176,1.412,46259.896,1445.622,16.352,12.389,16.368,32,1,1,4,1,4,tp1pp1dp4etp1ep4,fp8,bfloat16,bfloat16,fp8_block,half,188.932,sglang,0.5.10,b300_sxm,1,1,4,1,4,tp1pp1dp4etp1ep4,fp8,bfloat16,bfloat16,fp8_block,half,267.37,sglang,0.5.10,b300_sxm,0.0,1445.622
deepseek_v3,b300_sxm,ANALYTICAL,deepseek-ai/DeepSeek-V3,4096,1024,0,2976,44.629,1,4,5,248,992,3,581.143,59.969,61929.43,44.629,1.395,45700.301,1428.134,16.675,12.389,16.17,32,1,1,4,1,4,tp1pp1dp4etp1ep4,fp8,bfloat16,bfloat16,fp8_block,half,188.932,sglang,0.5.10,b300_sxm,1,1,4,1,4,tp1pp1dp4etp1ep4,fp8,bfloat16,bfloat16,fp8_block,half,264.675,sglang,0.5.10,b300_sxm,0.0,1428.134
deepseek_v3,b300_sxm,ANALYTICAL,deepseek-ai/DeepSeek-V3,4096,1024,0,736,22.3,1,4,2,92,736,1,581.143,29.379,30635.86,22.3,1.394,22835.405,1427.213,34.038,12.389,24.489,16,1,1,4,1,4,tp1pp1dp4etp1ep4,fp8,bfloat16,bfloat16,fp8_block,half,188.932,sglang,0.5.10,b300_sxm,1,1,8,2,4,tp1pp1dp8etp2ep4,fp8,bfloat16,bfloat16,fp8_block,half,132.142,sglang,0.5.10,b300_sxm,0.0,1427.213
deepseek_v3,b300_sxm,ANALYTICAL,deepseek-ai/DeepSeek-V3,4096,1024,0,640,19.646,1,4,2,80,640,1,581.143,29.297,30551.974,19.646,1.228,20117.176,1257.324,34.133,12.389,21.354,16,1,1,4,1,4,tp1pp1dp4etp1ep4,fp8,bfloat16,bfloat16,fp8_block,half,188.932,sglang,0.5.10,b300_sxm,1,1,8,8,1,tp1pp1dp8etp8ep1,fp8,bfloat16,bfloat16,fp8_block,half,128.559,sglang,0.5.10,b300_sxm,0.0,1257.324
deepseek_v3,b300_sxm,ANALYTICAL,deepseek-ai/DeepSeek-V3,4096,1024,0,512,18.698,1,4,2,64,512,1,581.143,24.625,25772.518,18.698,1.169,19146.834,1196.677,40.609,12.389,20.324,16,1,1,4,1,4,tp1pp1dp4etp1ep4,fp8,bfloat16,bfloat16,fp8_block,half,188.932,sglang,0.5.10,b300_sxm,1,1,8,1,8,tp1pp1dp8etp1ep8,fp8,bfloat16,bfloat16,fp8_block,half,122.702,sglang,0.5.10,b300_sxm,0.0,1196.677
deepseek_v3,b300_sxm,ANALYTICAL,deepseek-ai/DeepSeek-V3,4096,1024,0,512,22.3,1,4,2,32,256,2,581.143,19.596,20627.851,22.3,0.929,22835.405,951.475,51.032,12.389,12.77,24,1,1,4,1,4,tp1pp1dp4etp1ep4,fp8,bfloat16,bfloat16,fp8_block,half,188.932,sglang,0.5.10,b300_sxm,1,1,8,1,8,tp1pp1dp8etp1ep8,fp8,bfloat16,bfloat16,fp8_block,half,111.979,sglang,0.5.10,b300_sxm,0.0,713.60625
deepseek_v3,b300_sxm,ANALYTICAL,deepseek-ai/DeepSeek-V3,4096,1024,0,480,22.3,1,4,2,20,160,3,581.143,17.709,18697.45,22.3,0.697,22835.405,713.606,56.468,12.389,8.832,32,1,1,4,1,4,tp1pp1dp4etp1ep4,fp8,bfloat16,bfloat16,fp8_block,half,188.932,sglang,0.5.10,b300_sxm,1,1,8,1,8,tp1pp1dp8etp1ep8,fp8,bfloat16,bfloat16,fp8_block,half,107.958,sglang,0.5.10,b300_sxm,0.0,713.606
deepseek_v3,b300_sxm,ANALYTICAL,deepseek-ai/DeepSeek-V3,4096,1024,0,360,19.132,1,4,2,15,120,3,581.143,16.923,17893.372,19.132,0.598,19591.496,612.234,59.091,12.389,6.932,32,1,1,4,1,4,tp1pp1dp4etp1ep4,fp8,bfloat16,bfloat16,fp8_block,half,188.932,sglang,0.5.10,b300_sxm,1,1,8,1,8,tp1pp1dp8etp1ep8,fp8,bfloat16,bfloat16,fp8_block,half,106.283,sglang,0.5.10,b300_sxm,0.0,612.234
deepseek_v3,b300_sxm,ANALYTICAL,deepseek-ai/DeepSeek-V3,4096,1024,0,216,12.155,1,4,2,9,72,3,581.143,15.979,16927.66,12.155,0.38,12446.761,388.961,62.58,12.389,4.404,32,1,1,4,1,4,tp1pp1dp4etp1ep4,fp8,bfloat16,bfloat16,fp8_block,half,188.932,sglang,0.5.10,b300_sxm,1,1,8,1,8,tp1pp1dp8etp1ep8,fp8,bfloat16,bfloat16,fp8_block,half,104.273,sglang,0.5.10,b300_sxm,0.0,388.961
deepseek_v3,b300_sxm,ANALYTICAL,deepseek-ai/DeepSeek-V3,4096,1024,0,192,10.891,1,4,2,8,64,3,581.143,15.853,16798.762,10.891,0.34,11152.343,348.511,63.079,12.389,3.946,32,1,1,4,1,4,tp1pp1dp4etp1ep4,fp8,bfloat16,bfloat16,fp8_block,half,188.932,sglang,0.5.10,b300_sxm,1,1,8,2,4,tp1pp1dp8etp2ep4,fp8,bfloat16,bfloat16,fp8_block,half,103.937,sglang,0.5.10,b300_sxm,0.0,348.511
deepseek_v3,b300_sxm,ANALYTICAL,deepseek-ai/DeepSeek-V3,4096,1024,0,96,5.49,1,1,1,32,32,3,163.597,15.727,16252.318,5.49,0.172,5621.391,175.668,63.584,11.003,1.989,32,8,1,1,1,8,tp8pp1dp1etp1ep8,fp8,bfloat16,bfloat16,fp8_block,half,91.596,sglang,0.5.10,b300_sxm,8,1,1,1,8,tp8pp1dp1etp1ep8,fp8,bfloat16,bfloat16,fp8_block,half,100.114,sglang,0.5.10,b300_sxm,0.0,175.668
deepseek_v3,b300_sxm,ANALYTICAL,deepseek-ai/DeepSeek-V3,4096,1024,0,66,3.963,1,1,1,22,22,3,163.597,14.977,15485.068,3.963,0.124,4058.481,126.828,66.768,11.003,1.436,32,8,1,1,1,8,tp8pp1dp1etp1ep8,fp8,bfloat16,bfloat16,fp8_block,half,91.596,sglang,0.5.10,b300_sxm,8,1,1,1,8,tp8pp1dp1etp1ep8,fp8,bfloat16,bfloat16,fp8_block,half,96.764,sglang,0.5.10,b300_sxm,0.0,126.828
deepseek_v3,b300_sxm,ANALYTICAL,deepseek-ai/DeepSeek-V3,4096,1024,0,60,3.632,1,1,1,20,20,3,163.597,14.856,15361.285,3.632,0.114,3719.332,116.229,67.312,11.003,1.316,32,8,1,1,1,8,tp8pp1dp1etp1ep8,fp8,bfloat16,bfloat16,fp8_block,half,91.596,sglang,0.5.10,b300_sxm,8,1,1,4,2,tp8pp1dp1etp4ep2,fp8,bfloat16,bfloat16,fp8_block,half,96.093,sglang,0.5.10,b300_sxm,0.0,116.229
deepseek_v3,b300_sxm,ANALYTICAL,deepseek-ai/DeepSeek-V3,4096,1024,0,56,3.555,1,1,1,8,8,7,237.377,14.177,14740.448,3.555,0.111,3640.197,113.756,70.537,7.583,0.552,32,4,1,1,1,4,tp4pp1dp1etp1ep4,fp8,bfloat16,bfloat16,fp8_block,half,173.911,sglang,0.5.10,b300_sxm,4,1,1,1,4,tp4pp1dp1etp1ep4,fp8,bfloat16,bfloat16,fp8_block,half,173.885,sglang,0.5.10,b300_sxm,0.0,113.756
deepseek_v3,b300_sxm,ANALYTICAL,deepseek-ai/DeepSeek-V3,4096,1024,0,49,3.413,1,1,1,7,7,7,237.377,12.921,13455.56,3.413,0.107,3495.117,109.222,77.393,7.583,0.53,32,4,1,1,1,4,tp4pp1dp1etp1ep4,fp8,bfloat16,bfloat16,fp8_block,half,173.911,sglang,0.5.10,b300_sxm,4,1,1,1,4,tp4pp1dp1etp1ep4,fp8,bfloat16,bfloat16,fp8_block,half,173.55,sglang,0.5.10,b300_sxm,0.0,109.222
deepseek_v3,b300_sxm,ANALYTICAL,deepseek-ai/DeepSeek-V3,4096,1024,0,42,3.239,1,1,1,6,6,7,237.377,11.665,12170.672,3.239,0.101,3317.064,103.658,85.726,7.583,0.503,32,4,1,1,1,4,tp4pp1dp1etp1ep4,fp8,bfloat16,bfloat16,fp8_block,half,173.911,sglang,0.5.10,b300_sxm,4,1,1,1,4,tp4pp1dp1etp1ep4,fp8,bfloat16,bfloat16,fp8_block,half,173.214,sglang,0.5.10,b300_sxm,0.0,103.658
deepseek_v3,b300_sxm,ANALYTICAL,deepseek-ai/DeepSeek-V3,4096,1024,0,35,3.027,1,1,1,5,5,7,237.377,10.409,10885.784,3.027,0.095,3099.443,96.858,96.07,7.583,0.47,32,4,1,1,1,4,tp4pp1dp1etp1ep4,fp8,bfloat16,bfloat16,fp8_block,half,173.911,sglang,0.5.10,b300_sxm,4,1,1,1,4,tp4pp1dp1etp1ep4,fp8,bfloat16,bfloat16,fp8_block,half,172.879,sglang,0.5.10,b300_sxm,0.0,96.858
deepseek_v3,b300_sxm,ANALYTICAL,deepseek-ai/DeepSeek-V3,4096,1024,0,28,2.75,1,1,1,4,4,7,237.377,9.153,9600.896,2.75,0.086,2815.877,87.996,109.253,7.583,0.427,32,4,1,1,1,4,tp4pp1dp1etp1ep4,fp8,bfloat16,bfloat16,fp8_block,half,173.911,sglang,0.5.10,b300_sxm,4,1,1,1,4,tp4pp1dp1etp1ep4,fp8,bfloat16,bfloat16,fp8_block,half,172.544,sglang,0.5.10,b300_sxm,0.0,87.996
deepseek_v3,b300_sxm,ANALYTICAL,deepseek-ai/DeepSeek-V3,4096,1024,0,21,2.389,1,1,1,3,3,7,237.377,7.897,8316.008,2.389,0.075,2446.582,76.456,126.629,7.583,0.371,32,4,1,1,1,4,tp4pp1dp1etp1ep4,fp8,bfloat16,bfloat16,fp8_block,half,173.911,sglang,0.5.10,b300_sxm,4,1,1,1,4,tp4pp1dp1etp1ep4,fp8,bfloat16,bfloat16,fp8_block,half,172.209,sglang,0.5.10,b300_sxm,0.0,76.456
deepseek_v3,b300_sxm,ANALYTICAL,deepseek-ai/DeepSeek-V3,4096,1024,0,14,1.893,1,1,1,2,2,7,237.377,6.652,7042.373,1.893,0.059,1938.801,60.588,150.331,7.583,0.294,32,4,1,1,1,4,tp4pp1dp1etp1ep4,fp8,bfloat16,bfloat16,fp8_block,half,173.911,sglang,0.5.10,b300_sxm,4,1,1,1,4,tp4pp1dp1etp1ep4,fp8,bfloat16,bfloat16,fp8_block,half,171.874,sglang,0.5.10,b300_sxm,0.0,60.588
deepseek_v3,b300_sxm,ANALYTICAL,deepseek-ai/DeepSeek-V3,4096,1024,0,12,1.639,1,1,1,4,4,3,163.597,6.588,6903.121,1.639,0.051,1678.787,52.462,151.79,11.003,0.594,32,8,1,1,1,8,tp8pp1dp1etp1ep8,fp8,bfloat16,bfloat16,fp8_block,half,91.596,sglang,0.5.10,b300_sxm,8,1,1,1,8,tp8pp1dp1etp1ep8,fp8,bfloat16,bfloat16,fp8_block,half,90.732,sglang,0.5.10,b300_sxm,0.0,52.462
deepseek_v3,b300_sxm,ANALYTICAL,deepseek-ai/DeepSeek-V3,4096,1024,0,9,1.366,1,1,1,3,3,3,163.597,5.923,6222.826,1.366,0.043,1398.989,43.718,168.845,11.003,0.495,32,8,1,1,1,8,tp8pp1dp1etp1ep8,fp8,bfloat16,bfloat16,fp8_block,half,91.596,sglang,0.5.10,b300_sxm,8,1,1,1,8,tp8pp1dp1etp1ep8,fp8,bfloat16,bfloat16,fp8_block,half,90.397,sglang,0.5.10,b300_sxm,0.0,43.718
deepseek_v3,b300_sxm,ANALYTICAL,deepseek-ai/DeepSeek-V3,4096,1024,0,7,1.166,1,1,1,1,1,7,237.377,5.4,5761.577,1.166,0.036,1193.615,37.3,185.178,7.583,0.181,32,4,1,1,1,4,tp4pp1dp1etp1ep4,fp8,bfloat16,bfloat16,fp8_block,half,173.911,sglang,0.5.10,b300_sxm,4,1,1,4,1,tp4pp1dp1etp4ep1,fp8,bfloat16,bfloat16,fp8_block,half,171.539,sglang,0.5.10,b300_sxm,0.0,37.3
deepseek_v3,b300_sxm,ANALYTICAL,deepseek-ai/DeepSeek-V3,4096,1024,0,3,0.585,1,1,1,1,1,3,163.597,4.604,4873.489,0.585,0.018,599.163,18.724,217.204,11.003,0.212,32,8,1,1,1,8,tp8pp1dp1etp1ep8,fp8,bfloat16,bfloat16,fp8_block,half,91.596,sglang,0.5.10,b300_sxm,8,1,1,1,8,tp8pp1dp1etp1ep8,fp8,bfloat16,bfloat16,fp8_block,half,89.727,sglang,0.5.10,b300_sxm,0.0,18.724
deepseek_v3,rtx_pro_6000_server,EMPIRICAL,deepseek-ai/DeepSeek-V3,4096,1024,0,54,0.607,1,1,1,18,18,3,1003.153,79.959,82801.21,0.607,0.019,621.773,19.43,12.506,1.794,0.22,32,8,1,1,1,8,tp8pp1dp1etp1ep8,fp8,bfloat16,bfloat16,fp8_block,half,91.596,sglang,0.5.10,rtx_pro_6000_server,8,1,1,1,8,tp8pp1dp1etp1ep8,fp8,bfloat16,bfloat16,fp8_block,half,95.423,sglang,0.5.10,rtx_pro_6000_server,0.0,19.43
deepseek_v3,rtx_pro_6000_server,EMPIRICAL,deepseek-ai/DeepSeek-V3,4096,1024,0,39,0.544,1,1,1,13,13,3,1003.153,64.564,67052.125,0.544,0.017,556.769,17.399,15.489,1.794,0.197,32,8,1,1,1,8,tp8pp1dp1etp1ep8,fp8,bfloat16,bfloat16,fp8_block,half,91.596,sglang,0.5.10,rtx_pro_6000_server,8,1,1,1,8,tp8pp1dp1etp1ep8,fp8,bfloat16,bfloat16,fp8_block,half,93.748,sglang,0.5.10,rtx_pro_6000_server,0.0,17.399
deepseek_v3,rtx_pro_6000_server,EMPIRICAL,deepseek-ai/DeepSeek-V3,4096,1024,0,30,0.541,1,1,1,10,10,3,1003.153,49.99,52142.923,0.541,0.017,553.943,17.311,20.004,1.794,0.196,32,8,1,1,1,8,tp8pp1dp1etp1ep8,fp8,bfloat16,bfloat16,fp8_block,half,91.596,sglang,0.5.10,rtx_pro_6000_server,8,1,1,1,8,tp8pp1dp1etp1ep8,fp8,bfloat16,bfloat16,fp8_block,half,92.743,sglang,0.5.10,rtx_pro_6000_server,0.0,17.311
deepseek_v3,rtx_pro_6000_server,EMPIRICAL,deepseek-ai/DeepSeek-V3,4096,1024,0,27,0.538,1,1,1,9,9,3,1003.153,45.145,47186.488,0.538,0.017,551.117,17.222,22.151,1.794,0.195,32,8,1,1,1,8,tp8pp1dp1etp1ep8,fp8,bfloat16,bfloat16,fp8_block,half,91.596,sglang,0.5.10,rtx_pro_6000_server,8,1,1,2,4,tp8pp1dp1etp2ep4,fp8,bfloat16,bfloat16,fp8_block,half,92.408,sglang,0.5.10,rtx_pro_6000_server,0.0,17.222
deepseek_v3,rtx_pro_6000_server,EMPIRICAL,deepseek-ai/DeepSeek-V3,4096,1024,0,24,0.535,1,1,1,8,8,3,1003.153,40.274,42203.455,0.535,0.017,548.291,17.134,24.83,1.794,0.194,32,8,1,1,1,8,tp8pp1dp1etp1ep8,fp8,bfloat16,bfloat16,fp8_block,half,91.596,sglang,0.5.10,rtx_pro_6000_server,8,1,1,1,8,tp8pp1dp1etp1ep8,fp8,bfloat16,bfloat16,fp8_block,half,92.072,sglang,0.5.10,rtx_pro_6000_server,0.0,17.134
deepseek_v3,rtx_pro_6000_server,EMPIRICAL,deepseek-ai/DeepSeek-V3,4096,1024,0,21,0.533,1,1,1,7,7,3,1003.153,35.416,37233.721,0.533,0.017,545.464,17.046,28.236,1.794,0.193,32,8,1,1,1,8,tp8pp1dp1etp1ep8,fp8,bfloat16,bfloat16,fp8_block,half,91.596,sglang,0.5.10,rtx_pro_6000_server,8,1,1,1,8,tp8pp1dp1etp1ep8,fp8,bfloat16,bfloat16,fp8_block,half,91.737,sglang,0.5.10,rtx_pro_6000_server,0.0,17.046
deepseek_v3,rtx_pro_6000_server,EMPIRICAL,deepseek-ai/DeepSeek-V3,4096,1024,0,18,0.53,1,1,1,6,6,3,1003.153,30.558,32263.987,0.53,0.017,542.638,16.957,32.725,1.794,0.192,32,8,1,1,1,8,tp8pp1dp1etp1ep8,fp8,bfloat16,bfloat16,fp8_block,half,91.596,sglang,0.5.10,rtx_pro_6000_server,8,1,1,1,8,tp8pp1dp1etp1ep8,fp8,bfloat16,bfloat16,fp8_block,half,91.402,sglang,0.5.10,rtx_pro_6000_server,0.0,16.957
deepseek_v3,rtx_pro_6000_server,EMPIRICAL,deepseek-ai/DeepSeek-V3,4096,1024,0,15,0.524,1,1,1,5,5,3,1003.153,25.7,27294.253,0.524,0.016,536.986,16.781,38.911,1.794,0.19,32,8,1,1,1,8,tp8pp1dp1etp1ep8,fp8,bfloat16,bfloat16,fp8_block,half,91.596,sglang,0.5.10,rtx_pro_6000_server,8,1,1,1,8,tp8pp1dp1etp1ep8,fp8,bfloat16,bfloat16,fp8_block,half,91.067,sglang,0.5.10,rtx_pro_6000_server,0.0,16.781
deepseek_v3,rtx_pro_6000_server,EMPIRICAL,deepseek-ai/DeepSeek-V3,4096,1024,0,12,0.519,1,1,1,4,4,3,1003.153,20.842,22324.519,0.519,0.016,531.333,16.604,47.98,1.794,0.188,32,8,1,1,1,8,tp8pp1dp1etp1ep8,fp8,bfloat16,bfloat16,fp8_block,half,91.596,sglang,0.5.10,rtx_pro_6000_server,8,1,1,1,8,tp8pp1dp1etp1ep8,fp8,bfloat16,bfloat16,fp8_block,half,90.732,sglang,0.5.10,rtx_pro_6000_server,0.0,16.604
deepseek_v3,rtx_pro_6000_server,EMPIRICAL,deepseek-ai/DeepSeek-V3,4096,1024,0,9,0.505,1,1,1,3,3,3,1003.153,15.984,17354.785,0.505,0.016,517.202,16.163,62.563,1.794,0.183,32,8,1,1,1,8,tp8pp1dp1etp1ep8,fp8,bfloat16,bfloat16,fp8_block,half,91.596,sglang,0.5.10,rtx_pro_6000_server,8,1,1,1,8,tp8pp1dp1etp1ep8,fp8,bfloat16,bfloat16,fp8_block,half,90.397,sglang,0.5.10,rtx_pro_6000_server,0.0,16.163
deepseek_v3,rtx_pro_6000_server,EMPIRICAL,deepseek-ai/DeepSeek-V3,4096,1024,0,6,0.486,1,1,1,2,2,3,1003.153,11.126,12385.051,0.486,0.015,497.418,15.544,89.88,1.794,0.176,32,8,1,1,1,8,tp8pp1dp1etp1ep8,fp8,bfloat16,bfloat16,fp8_block,half,91.596,sglang,0.5.10,rtx_pro_6000_server,8,1,1,1,8,tp8pp1dp1etp1ep8,fp8,bfloat16,bfloat16,fp8_block,half,90.062,sglang,0.5.10,rtx_pro_6000_server,0.0,15.544
deepseek_v3,rtx_pro_6000_server,EMPIRICAL,deepseek-ai/DeepSeek-V3,4096,1024,0,3,0.431,1,1,1,1,1,3,1003.153,6.268,7415.317,0.431,0.013,440.893,13.778,159.542,1.794,0.156,32,8,1,1,1,8,tp8pp1dp1etp1ep8,fp8,bfloat16,bfloat16,fp8_block,half,91.596,sglang,0.5.10,rtx_pro_6000_server,8,1,1,1,8,tp8pp1dp1etp1ep8,fp8,bfloat16,bfloat16,fp8_block,half,89.727,sglang,0.5.10,rtx_pro_6000_server,0.0,13.778
deepseek_v3,rtx_pro_6000_server,ANALYTICAL,deepseek-ai/DeepSeek-V3,4096,1024,0,54,0.922,1,1,1,18,18,3,1081.055,52.668,54960.419,0.922,0.029,943.964,29.499,18.987,1.665,0.334,32,8,1,1,1,8,tp8pp1dp1etp1ep8,fp8,bfloat16,bfloat16,fp8_block,half,91.596,sglang,0.5.10,rtx_pro_6000_server,8,1,1,1,8,tp8pp1dp1etp1ep8,fp8,bfloat16,bfloat16,fp8_block,half,95.423,sglang,0.5.10,rtx_pro_6000_server,0.0,29.499
deepseek_v3,rtx_pro_6000_server,ANALYTICAL,deepseek-ai/DeepSeek-V3,4096,1024,0,45,0.825,1,1,1,15,15,3,1081.055,48.97,51177.365,0.825,0.026,845.046,26.408,20.421,1.665,0.299,32,8,1,1,1,8,tp8pp1dp1etp1ep8,fp8,bfloat16,bfloat16,fp8_block,half,91.596,sglang,0.5.10,rtx_pro_6000_server,8,1,1,1,8,tp8pp1dp1etp1ep8,fp8,bfloat16,bfloat16,fp8_block,half,94.418,sglang,0.5.10,rtx_pro_6000_server,0.0,26.408
deepseek_v3,rtx_pro_6000_server,ANALYTICAL,deepseek-ai/DeepSeek-V3,4096,1024,0,39,0.814,1,1,1,13,13,3,1081.055,43.116,45188.723,0.814,0.025,833.741,26.054,23.193,1.665,0.295,32,8,1,1,1,8,tp8pp1dp1etp1ep8,fp8,bfloat16,bfloat16,fp8_block,half,91.596,sglang,0.5.10,rtx_pro_6000_server,8,1,1,1,8,tp8pp1dp1etp1ep8,fp8,bfloat16,bfloat16,fp8_block,half,93.748,sglang,0.5.10,rtx_pro_6000_server,0.0,26.054
deepseek_v3,rtx_pro_6000_server,ANALYTICAL,deepseek-ai/DeepSeek-V3,4096,1024,0,33,0.798,1,1,1,11,11,3,1081.055,37.261,39199.058,0.798,0.025,816.783,25.524,26.838,1.665,0.289,32,8,1,1,1,8,tp8pp1dp1etp1ep8,fp8,bfloat16,bfloat16,fp8_block,half,91.596,sglang,0.5.10,rtx_pro_6000_server,8,1,1,1,8,tp8pp1dp1etp1ep8,fp8,bfloat16,bfloat16,fp8_block,half,93.078,sglang,0.5.10,rtx_pro_6000_server,0.0,25.524
deepseek_v3,rtx_pro_6000_server,ANALYTICAL,deepseek-ai/DeepSeek-V3,4096,1024,0,30,0.787,1,1,1,10,10,3,1081.055,34.334,36204.737,0.787,0.025,805.478,25.171,29.126,1.665,0.285,32,8,1,1,1,8,tp8pp1dp1etp1ep8,fp8,bfloat16,bfloat16,fp8_block,half,91.596,sglang,0.5.10,rtx_pro_6000_server,8,1,1,1,8,tp8pp1dp1etp1ep8,fp8,bfloat16,bfloat16,fp8_block,half,92.743,sglang,0.5.10,rtx_pro_6000_server,0.0,25.171
deepseek_v3,rtx_pro_6000_server,ANALYTICAL,deepseek-ai/DeepSeek-V3,4096,1024,0,24,0.759,1,1,1,8,8,3,1081.055,28.48,30216.095,0.759,0.024,777.216,24.288,35.113,1.665,0.275,32,8,1,1,1,8,tp8pp1dp1etp1ep8,fp8,bfloat16,bfloat16,fp8_block,half,91.596,sglang,0.5.10,rtx_pro_6000_server,8,1,1,1,8,tp8pp1dp1etp1ep8,fp8,bfloat16,bfloat16,fp8_block,half,92.072,sglang,0.5.10,rtx_pro_6000_server,0.0,24.288
deepseek_v3,rtx_pro_6000_server,ANALYTICAL,deepseek-ai/DeepSeek-V3,4096,1024,0,18,0.715,1,1,1,6,6,3,1081.055,22.625,24226.43,0.715,0.022,731.996,22.875,44.199,1.665,0.259,32,8,1,1,1,8,tp8pp1dp1etp1ep8,fp8,bfloat16,bfloat16,fp8_block,half,91.596,sglang,0.5.10,rtx_pro_6000_server,8,1,1,1,8,tp8pp1dp1etp1ep8,fp8,bfloat16,bfloat16,fp8_block,half,91.402,sglang,0.5.10,rtx_pro_6000_server,0.0,22.875
deepseek_v3,rtx_pro_6000_server,ANALYTICAL,deepseek-ai/DeepSeek-V3,4096,1024,0,15,0.684,1,1,1,5,5,3,1081.055,19.742,21277.121,0.684,0.021,700.908,21.903,50.653,1.665,0.248,32,8,1,1,1,8,tp8pp1dp1etp1ep8,fp8,bfloat16,bfloat16,fp8_block,half,91.596,sglang,0.5.10,rtx_pro_6000_server,8,1,1,1,8,tp8pp1dp1etp1ep8,fp8,bfloat16,bfloat16,fp8_block,half,91.067,sglang,0.5.10,rtx_pro_6000_server,0.0,21.903
deepseek_v3,rtx_pro_6000_server,ANALYTICAL,deepseek-ai/DeepSeek-V3,4096,1024,0,12,0.643,1,1,1,4,4,3,1081.055,16.811,18278.708,0.643,0.02,658.514,20.579,59.486,1.665,0.233,32,8,1,1,1,8,tp8pp1dp1etp1ep8,fp8,bfloat16,bfloat16,fp8_block,half,91.596,sglang,0.5.10,rtx_pro_6000_server,8,1,1,1,8,tp8pp1dp1etp1ep8,fp8,bfloat16,bfloat16,fp8_block,half,90.732,sglang,0.5.10,rtx_pro_6000_server,0.0,20.579
deepseek_v3,rtx_pro_6000_server,ANALYTICAL,deepseek-ai/DeepSeek-V3,4096,1024,0,9,0.582,1,1,1,3,3,3,1081.055,13.879,15279.272,0.582,0.018,596.337,18.636,72.051,1.665,0.211,32,8,1,1,1,8,tp8pp1dp1etp1ep8,fp8,bfloat16,bfloat16,fp8_block,half,91.596,sglang,0.5.10,rtx_pro_6000_server,8,1,1,1,8,tp8pp1dp1etp1ep8,fp8,bfloat16,bfloat16,fp8_block,half,90.397,sglang,0.5.10,rtx_pro_6000_server,0.0,18.636
deepseek_v3,rtx_pro_6000_server,ANALYTICAL,deepseek-ai/DeepSeek-V3,4096,1024,0,6,0.491,1,1,1,2,2,3,1081.055,10.964,12297.227,0.491,0.015,503.071,15.721,91.21,1.665,0.178,32,8,1,1,1,8,tp8pp1dp1etp1ep8,fp8,bfloat16,bfloat16,fp8_block,half,91.596,sglang,0.5.10,rtx_pro_6000_server,8,1,1,1,8,tp8pp1dp1etp1ep8,fp8,bfloat16,bfloat16,fp8_block,half,90.062,sglang,0.5.10,rtx_pro_6000_server,0.0,15.721
deepseek_v3,rtx_pro_6000_server,ANALYTICAL,deepseek-ai/DeepSeek-V3,4096,1024,0,3,0.334,1,1,1,1,1,3,1081.055,8.067,9333.596,0.334,0.01,341.975,10.687,123.966,1.665,0.121,32,8,1,1,1,8,tp8pp1dp1etp1ep8,fp8,bfloat16,bfloat16,fp8_block,half,91.596,sglang,0.5.10,rtx_pro_6000_server,8,1,1,1,8,tp8pp1dp1etp1ep8,fp8,bfloat16,bfloat16,fp8_block,half,89.727,sglang,0.5.10,rtx_pro_6000_server,0.0,10.687
