case_id,model_key,system,mode,bottleneck,prefill_capacity_seq_s,decode_capacity_seq_s,capacity_ratio_prefill_decode,expected_request_rate,request_rate,request_rate_relative_error,ttft,tpot,tokens/s/user,tokens/s/gpu,(p)bs,(p)global_bs,(p)workers,(p)seq/s/worker,(p)parallel,(d)bs,(d)global_bs,(d)workers,(d)seq/s/worker,(d)parallel,num_total_gpus
deepseek_v3__a100_sxm__analytical,deepseek_v3,a100_sxm,ANALYTICAL,decode,4.627800000000001,0.29808,15.525362318840582,0.29808,0.298,0.00026838432635542303,2800.611,12.061,82.914,4.769,1,8,1,5.142,tp4pp1dp8etp1ep32,1,4,1,0.324,tp8pp1dp4etp1ep32,64
deepseek_v3__a100_sxm__analytical,deepseek_v3,a100_sxm,ANALYTICAL,decode,4.627800000000001,0.43516,10.63470907252505,0.43516,0.435,0.000367680853019564,2800.611,16.522,60.526,6.963,1,8,1,5.142,tp4pp1dp8etp1ep32,1,8,1,0.473,tp4pp1dp8etp1ep32,64
deepseek_v3__a100_sxm__analytical,deepseek_v3,a100_sxm,ANALYTICAL,decode,4.627800000000001,0.42688000000000004,10.84098575712144,0.42688000000000004,0.427,0.00028110944527725233,2800.611,16.84,59.384,6.83,1,8,1,5.142,tp4pp1dp8etp1ep32,2,8,1,0.464,tp8pp1dp4etp1ep32,64
deepseek_v3__a100_sxm__analytical,deepseek_v3,a100_sxm,ANALYTICAL,decode,4.627800000000001,0.4986400000000001,9.280843895395476,0.4986400000000001,0.499,0.0007219637413763755,2800.611,21.639,46.214,7.978,1,8,1,5.142,tp4pp1dp8etp1ep32,3,12,1,0.542,tp8pp1dp4etp1ep32,64
deepseek_v3__a100_sxm__analytical,deepseek_v3,a100_sxm,ANALYTICAL,decode,4.627800000000001,1.9605199999999998,2.3604961948870713,1.9605199999999998,1.961,0.0002448330034890019,2800.611,29.353,34.068,31.368,1,8,1,5.142,tp4pp1dp8etp1ep32,4,64,1,2.131,tp2pp1dp16etp1ep32,64
deepseek_v3__a100_sxm__analytical,deepseek_v3,a100_sxm,ANALYTICAL,decode,4.627800000000001,1.4572800000000001,3.1756422924901186,1.4572800000000001,1.457,0.0001921387790953406,2800.611,29.618,33.764,23.316,1,8,1,5.142,tp4pp1dp8etp1ep32,6,48,1,1.584,tp4pp1dp8etp1ep32,64
deepseek_v3__a100_sxm__analytical,deepseek_v3,a100_sxm,ANALYTICAL,decode,4.627800000000001,1.01108,4.577085888357005,1.01108,1.011,7.912331368445624e-05,2800.611,28.454,35.144,16.177,1,8,1,5.142,tp4pp1dp8etp1ep32,1,32,1,1.099,tp1pp1dp32etp1ep32,64
deepseek_v3__a100_sxm__analytical,deepseek_v3,a100_sxm,ANALYTICAL,decode,4.627800000000001,0.8546800000000001,5.414658117658071,0.8546800000000001,0.855,0.00037440913558276303,2800.611,29.477,33.924,13.675,1,8,1,5.142,tp4pp1dp8etp1ep32,7,28,1,0.929,tp8pp1dp4etp1ep32,64
deepseek_v3__a100_sxm__analytical,deepseek_v3,a100_sxm,ANALYTICAL,decode,4.627800000000001,3.39572,1.3628332135747354,3.39572,3.396,8.24567396605309e-05,2800.611,33.897,29.502,54.332,1,8,1,5.142,tp4pp1dp8etp1ep32,4,128,1,3.691,tp1pp1dp32etp1ep32,64
deepseek_v3__a100_sxm__analytical,deepseek_v3,a100_sxm,ANALYTICAL,decode,4.627800000000001,3.33224,1.388795524932178,3.33224,3.332,7.202362374866157e-05,2800.611,34.545,28.947,53.316,1,8,1,5.142,tp4pp1dp8etp1ep32,8,128,1,3.622,tp2pp1dp16etp1ep32,64
deepseek_v3__a100_sxm__analytical,deepseek_v3,a100_sxm,ANALYTICAL,decode,4.627800000000001,2.11048,2.1927713126871615,2.11048,2.11,0.00022743641256966945,2800.611,34.083,29.34,33.768,1,8,1,5.142,tp4pp1dp8etp1ep32,10,80,1,2.294,tp4pp1dp8etp1ep32,64
deepseek_v3__a100_sxm__analytical,deepseek_v3,a100_sxm,ANALYTICAL,decode,4.627800000000001,1.2475200000000002,3.7095998460946515,1.2475200000000002,1.248,0.0003847633705269766,2800.611,34.604,28.898,19.96,1,8,1,5.142,tp4pp1dp8etp1ep32,12,48,1,1.356,tp8pp1dp4etp1ep32,64
deepseek_v3__a100_sxm__analytical,deepseek_v3,a100_sxm,ANALYTICAL,prefill,4.627800000000001,5.12072,0.9037400990485713,4.627800000000001,4.628,4.321707938967411e-05,2800.611,39.339,25.42,74.045,1,8,1,5.142,tp4pp1dp8etp1ep32,7,224,1,5.566,tp1pp1dp32etp1ep32,64
deepseek_v3__a100_sxm__analytical,deepseek_v3,a100_sxm,ANALYTICAL,decode,4.627800000000001,4.34516,1.065047086873671,4.34516,4.345,3.6822579605851115e-05,2800.611,39.738,25.165,69.523,1,8,1,5.142,tp4pp1dp8etp1ep32,12,192,1,4.723,tp2pp1dp16etp1ep32,64
deepseek_v3__a100_sxm__analytical,deepseek_v3,a100_sxm,ANALYTICAL,decode,4.627800000000001,2.72044,1.7011218773433712,2.72044,2.72,0.0001617385422945457,2800.611,39.664,25.212,43.527,1,8,1,5.142,tp4pp1dp8etp1ep32,15,120,1,2.957,tp4pp1dp8etp1ep32,64
deepseek_v3__a100_sxm__analytical,deepseek_v3,a100_sxm,ANALYTICAL,decode,4.627800000000001,1.4867200000000003,3.112758286698235,1.4867200000000003,1.487,0.0001883340507962736,2800.611,38.705,25.836,23.788,1,8,1,5.142,tp4pp1dp8etp1ep32,16,64,1,1.616,tp8pp1dp4etp1ep32,64
deepseek_v3__a100_sxm__analytical,deepseek_v3,a100_sxm,ANALYTICAL,prefill,4.627800000000001,6.426200000000001,0.7201456537300427,4.627800000000001,4.628,4.321707938967411e-05,2800.611,44.781,22.331,74.045,1,8,1,5.142,tp4pp1dp8etp1ep32,10,320,1,6.985,tp1pp1dp32etp1ep32,64
deepseek_v3__a100_sxm__analytical,deepseek_v3,a100_sxm,ANALYTICAL,prefill,4.627800000000001,5.1244000000000005,0.9030910935914449,4.627800000000001,4.628,4.321707938967411e-05,2800.611,44.931,22.257,74.045,1,8,1,5.142,tp4pp1dp8etp1ep32,16,256,1,5.57,tp2pp1dp16etp1ep32,64
deepseek_v3__a100_sxm__analytical,deepseek_v3,a100_sxm,ANALYTICAL,decode,4.627800000000001,3.0111600000000003,1.5368827959988842,3.0111600000000003,3.011,5.3135668646023456e-05,2800.611,43.013,23.249,48.179,1,8,1,5.142,tp4pp1dp8etp1ep32,18,144,1,3.273,tp4pp1dp8etp1ep32,64
deepseek_v3__a100_sxm__analytical,deepseek_v3,a100_sxm,ANALYTICAL,decode,4.627800000000001,1.76456,2.6226368046425175,1.76456,1.765,0.00024935394659291604,2800.611,44.857,22.293,28.233,1,8,1,5.142,tp4pp1dp8etp1ep32,22,88,1,1.918,tp8pp1dp4etp1ep32,64
deepseek_v3__a100_sxm__analytical,deepseek_v3,a100_sxm,ANALYTICAL,prefill,4.627800000000001,7.13368,0.648725482499916,4.627800000000001,4.628,4.321707938967411e-05,2800.611,48.409,20.657,74.045,1,8,1,5.142,tp4pp1dp8etp1ep32,12,384,1,7.754,tp1pp1dp32etp1ep32,64
deepseek_v3__a100_sxm__analytical,deepseek_v3,a100_sxm,ANALYTICAL,prefill,4.627800000000001,5.44916,0.8492685111099694,4.627800000000001,4.628,4.321707938967411e-05,2800.611,47.527,21.041,74.045,1,8,1,5.142,tp4pp1dp8etp1ep32,18,288,1,5.923,tp2pp1dp16etp1ep32,64
deepseek_v3__a100_sxm__analytical,deepseek_v3,a100_sxm,ANALYTICAL,decode,4.627800000000001,3.47392,1.3321550294767872,3.47392,3.474,2.3028739867377488e-05,2800.611,49.711,20.116,55.583,1,8,1,5.142,tp4pp1dp8etp1ep32,24,192,1,3.776,tp4pp1dp8etp1ep32,64
deepseek_v3__a100_sxm__analytical,deepseek_v3,a100_sxm,ANALYTICAL,decode,4.627800000000001,1.90992,2.42303342548379,1.90992,1.91,4.188657116521004e-05,2800.611,48.959,20.425,30.559,1,8,1,5.142,tp4pp1dp8etp1ep32,26,104,1,2.076,tp8pp1dp4etp1ep32,64
deepseek_v3__a100_sxm__analytical,deepseek_v3,a100_sxm,ANALYTICAL,prefill,4.627800000000001,8.01596,0.577323240135929,4.627800000000001,4.628,4.321707938967411e-05,2800.611,53.851,18.57,74.045,1,8,1,5.142,tp4pp1dp8etp1ep32,15,480,1,8.713,tp1pp1dp32etp1ep32,64
deepseek_v3__a100_sxm__analytical,deepseek_v3,a100_sxm,ANALYTICAL,prefill,4.627800000000001,6.004840000000001,0.7706783194889456,4.627800000000001,4.628,4.321707938967411e-05,2800.611,52.719,18.968,74.045,1,8,1,5.142,tp4pp1dp8etp1ep32,22,352,1,6.527,tp2pp1dp16etp1ep32,64
deepseek_v3__a100_sxm__analytical,deepseek_v3,a100_sxm,ANALYTICAL,decode,4.627800000000001,3.71864,1.2444872318912292,3.71864,3.719,9.680958630028556e-05,2800.611,54.176,18.458,59.498,1,8,1,5.142,tp4pp1dp8etp1ep32,28,224,1,4.042,tp4pp1dp8etp1ep32,64
deepseek_v3__a100_sxm__analytical,deepseek_v3,a100_sxm,ANALYTICAL,decode,4.627800000000001,2.03412,2.275087015515309,2.03412,2.034,5.899356970107076e-05,2800.611,53.06,18.847,32.546,1,8,1,5.142,tp4pp1dp8etp1ep32,30,120,1,2.211,tp8pp1dp4etp1ep32,64
deepseek_v3__a100_sxm__analytical,deepseek_v3,a100_sxm,ANALYTICAL,prefill,4.627800000000001,8.27172,0.5594725159942552,4.627800000000001,4.628,4.321707938967411e-05,2800.611,55.665,17.965,74.045,1,8,1,5.142,tp4pp1dp8etp1ep32,16,512,1,8.991,tp1pp1dp32etp1ep32,64
deepseek_v3__a100_sxm__analytical,deepseek_v3,a100_sxm,ANALYTICAL,prefill,4.627800000000001,6.460240000000001,0.7163510953153444,4.627800000000001,4.628,4.321707938967411e-05,2800.611,57.912,17.268,74.045,1,8,1,5.142,tp4pp1dp8etp1ep32,26,416,1,7.022,tp2pp1dp16etp1ep32,64
deepseek_v3__a100_sxm__analytical,deepseek_v3,a100_sxm,ANALYTICAL,decode,4.627800000000001,3.9256400000000005,1.1788651022508432,3.9256400000000005,3.926,9.170479208477951e-05,2800.611,58.641,17.053,62.81,1,8,1,5.142,tp4pp1dp8etp1ep32,32,256,1,4.267,tp4pp1dp8etp1ep32,64
deepseek_v3__a100_sxm__analytical,deepseek_v3,a100_sxm,ANALYTICAL,decode,4.627800000000001,2.1868399999999997,2.1162042033253465,2.1868399999999997,2.187,7.316493204814254e-05,2800.611,59.212,16.888,34.989,1,8,1,5.142,tp4pp1dp8etp1ep32,36,144,1,2.377,tp8pp1dp4etp1ep32,64
deepseek_v3__a100_sxm__analytical,deepseek_v3,a100_sxm,ANALYTICAL,prefill,4.627800000000001,6.8402,0.6765591649366978,4.627800000000001,4.628,4.321707938967411e-05,2800.611,63.105,15.847,74.045,1,8,1,5.142,tp4pp1dp8etp1ep32,30,480,1,7.435,tp2pp1dp16etp1ep32,64
deepseek_v3__a100_sxm__analytical,deepseek_v3,a100_sxm,ANALYTICAL,decode,4.627800000000001,4.104120000000001,1.1275986082278295,4.104120000000001,4.104,2.923891114314058e-05,2800.611,63.106,15.846,65.666,1,8,1,5.142,tp4pp1dp8etp1ep32,36,288,1,4.461,tp4pp1dp8etp1ep32,64
deepseek_v3__a100_sxm__analytical,deepseek_v3,a100_sxm,ANALYTICAL,decode,4.627800000000001,2.2724,2.0365252596373877,2.2724,2.272,0.00017602534765023763,2800.611,63.313,15.794,36.358,1,8,1,5.142,tp4pp1dp8etp1ep32,40,160,1,2.47,tp8pp1dp4etp1ep32,64
deepseek_v3__a100_sxm__analytical,deepseek_v3,a100_sxm,ANALYTICAL,prefill,4.627800000000001,7.008560000000001,0.6603068247971052,4.627800000000001,4.628,4.321707938967411e-05,2800.611,65.701,15.22,74.045,1,8,1,5.142,tp4pp1dp8etp1ep32,32,512,1,7.618,tp2pp1dp16etp1ep32,64
deepseek_v3__a100_sxm__analytical,deepseek_v3,a100_sxm,ANALYTICAL,decode,4.627800000000001,4.25868,1.0866747442869622,4.25868,4.259,7.514065391161582e-05,2800.611,67.571,14.799,68.139,1,8,1,5.142,tp4pp1dp8etp1ep32,40,320,1,4.629,tp4pp1dp8etp1ep32,64
deepseek_v3__a100_sxm__analytical,deepseek_v3,a100_sxm,ANALYTICAL,decode,4.627800000000001,2.34784,1.9710883194766255,2.34784,2.348,6.814774430954235e-05,2800.611,67.415,14.834,37.565,1,8,1,5.142,tp4pp1dp8etp1ep32,44,176,1,2.552,tp8pp1dp4etp1ep32,64
deepseek_v3__a100_sxm__analytical,deepseek_v3,a100_sxm,ANALYTICAL,prefill,4.627800000000001,7.306640000000001,0.6333690998872259,4.627800000000001,4.628,4.321707938967411e-05,2800.611,70.893,14.106,74.045,1,8,1,5.142,tp4pp1dp8etp1ep32,36,576,1,7.942,tp2pp1dp16etp1ep32,64
deepseek_v3__a100_sxm__analytical,deepseek_v3,a100_sxm,ANALYTICAL,decode,4.627800000000001,4.39484,1.0530076180247745,4.39484,4.395,3.6406331060805814e-05,2800.611,72.036,13.882,70.317,1,8,1,5.142,tp4pp1dp8etp1ep32,44,352,1,4.777,tp4pp1dp8etp1ep32,64
deepseek_v3__a100_sxm__analytical,deepseek_v3,a100_sxm,ANALYTICAL,decode,4.627800000000001,2.4140800000000002,1.9170035790031814,2.4140800000000002,2.414,3.3138918345738335e-05,2800.611,71.516,13.983,38.625,1,8,1,5.142,tp4pp1dp8etp1ep32,48,192,1,2.624,tp8pp1dp4etp1ep32,64
deepseek_v3__a100_sxm__analytical,deepseek_v3,a100_sxm,ANALYTICAL,prefill,4.627800000000001,7.56424,0.6117997313675929,4.627800000000001,4.628,4.321707938967411e-05,2800.611,76.086,13.143,74.045,1,8,1,5.142,tp4pp1dp8etp1ep32,40,640,1,8.222,tp2pp1dp16etp1ep32,64
deepseek_v3__a100_sxm__analytical,deepseek_v3,a100_sxm,ANALYTICAL,decode,4.627800000000001,4.5144400000000005,1.0251105341969324,4.5144400000000005,4.514,9.74650233473516e-05,2800.611,76.501,13.072,72.231,1,8,1,5.142,tp4pp1dp8etp1ep32,48,384,1,4.907,tp4pp1dp8etp1ep32,64
deepseek_v3__a100_sxm__analytical,deepseek_v3,a100_sxm,ANALYTICAL,decode,4.627800000000001,2.52724,1.8311675978537854,2.52724,2.527,9.496525854283564e-05,2800.611,79.719,12.544,40.436,1,8,1,5.142,tp4pp1dp8etp1ep32,56,224,1,2.747,tp8pp1dp4etp1ep32,64
deepseek_v3__a100_sxm__analytical,deepseek_v3,a100_sxm,ANALYTICAL,prefill,4.627800000000001,7.789640000000001,0.5940967746904863,4.627800000000001,4.628,4.321707938967411e-05,2800.611,81.279,12.303,74.045,1,8,1,5.142,tp4pp1dp8etp1ep32,44,704,1,8.467,tp2pp1dp16etp1ep32,64
deepseek_v3__a100_sxm__analytical,deepseek_v3,a100_sxm,ANALYTICAL,decode,4.627800000000001,4.620240000000001,1.001636278634876,4.620240000000001,4.62,5.194535348827854e-05,2800.611,80.966,12.351,73.924,1,8,1,5.142,tp4pp1dp8etp1ep32,52,416,1,5.022,tp4pp1dp8etp1ep32,64
deepseek_v3__a100_sxm__analytical,deepseek_v3,a100_sxm,ANALYTICAL,decode,4.627800000000001,2.5750800000000003,1.7971480497693275,2.5750800000000003,2.575,3.106699597685509e-05,2800.611,83.82,11.93,41.201,1,8,1,5.142,tp4pp1dp8etp1ep32,60,240,1,2.799,tp8pp1dp4etp1ep32,64
deepseek_v3__a100_sxm__analytical,deepseek_v3,a100_sxm,ANALYTICAL,prefill,4.627800000000001,4.801480000000001,0.9638278197555754,4.627800000000001,4.628,4.321707938967411e-05,2800.611,89.896,11.124,74.045,1,8,1,5.142,tp4pp1dp8etp1ep32,60,480,1,5.219,tp4pp1dp8etp1ep32,64
deepseek_v3__a100_sxm__analytical,deepseek_v3,a100_sxm,ANALYTICAL,decode,4.627800000000001,2.61832,1.7674692169024413,2.61832,2.618,0.00012221577194549178,2800.611,87.921,11.374,41.893,1,8,1,5.142,tp4pp1dp8etp1ep32,64,256,1,2.846,tp8pp1dp4etp1ep32,64
deepseek_v3__a100_sxm__empirical,deepseek_v3,a100_sxm,EMPIRICAL,decode,5.6727,0.26404,21.484244811392212,0.26404,0.264,0.00015149219815173645,4569.196,13.645,73.287,4.225,1,16,1,6.303,tp2pp1dp16etp1ep32,1,4,1,0.287,tp8pp1dp4etp1ep32,64
deepseek_v3__a100_sxm__empirical,deepseek_v3,a100_sxm,EMPIRICAL,decode,5.6727,0.31923999999999997,17.769389800776846,0.31923999999999997,0.319,0.000751785490539915,4569.196,22.564,44.318,5.108,1,16,1,6.303,tp2pp1dp16etp1ep32,1,8,1,0.347,tp4pp1dp8etp1ep32,64
deepseek_v3__a100_sxm__empirical,deepseek_v3,a100_sxm,EMPIRICAL,decode,5.6727,0.3174,17.872400756143666,0.3174,0.317,0.00126023944549468,4569.196,22.683,44.086,5.078,1,16,1,6.303,tp2pp1dp16etp1ep32,2,8,1,0.345,tp8pp1dp4etp1ep32,64
deepseek_v3__a100_sxm__empirical,deepseek_v3,a100_sxm,EMPIRICAL,decode,5.6727,0.34040000000000004,16.664806110458283,0.34040000000000004,0.34,0.0011750881316099043,4569.196,31.72,31.525,5.446,1,16,1,6.303,tp2pp1dp16etp1ep32,3,12,1,0.37,tp8pp1dp4etp1ep32,64
deepseek_v3__a100_sxm__empirical,deepseek_v3,a100_sxm,EMPIRICAL,decode,5.6727,0.36524,15.531431387580769,0.36524,0.365,0.0006571021793889441,4569.196,39.43,25.361,5.844,1,16,1,6.303,tp2pp1dp16etp1ep32,2,16,1,0.397,tp4pp1dp8etp1ep32,64
deepseek_v3__a100_sxm__empirical,deepseek_v3,a100_sxm,EMPIRICAL,decode,5.6727,1.3036400000000001,4.351431376760455,1.3036400000000001,1.304,0.0002761498573225092,4569.196,44.162,22.644,20.858,1,16,1,6.303,tp2pp1dp16etp1ep32,4,64,1,1.417,tp2pp1dp16etp1ep32,64
deepseek_v3__a100_sxm__empirical,deepseek_v3,a100_sxm,EMPIRICAL,decode,5.6727,0.9733600000000001,5.8279567683077165,0.9733600000000001,0.973,0.00036985288074313505,4569.196,44.355,22.545,15.574,1,16,1,6.303,tp2pp1dp16etp1ep32,6,48,1,1.058,tp4pp1dp8etp1ep32,64
deepseek_v3__a100_sxm__empirical,deepseek_v3,a100_sxm,EMPIRICAL,decode,5.6727,0.64216,8.83377974336614,0.64216,0.642,0.00024915908807764104,4569.196,44.807,22.318,10.275,1,16,1,6.303,tp2pp1dp16etp1ep32,1,32,1,0.698,tp1pp1dp32etp1ep32,64
deepseek_v3__a100_sxm__empirical,deepseek_v3,a100_sxm,EMPIRICAL,decode,5.6727,0.56672,10.0097049689441,0.56672,0.567,0.0004940711462449657,4569.196,44.419,22.513,9.068,1,16,1,6.303,tp2pp1dp16etp1ep32,7,28,1,0.616,tp8pp1dp4etp1ep32,64
deepseek_v3__a100_sxm__empirical,deepseek_v3,a100_sxm,EMPIRICAL,decode,5.6727,2.8777600000000003,1.9712206716334923,2.8777600000000003,2.878,8.339819859883934e-05,4569.196,49.999,20.0,46.044,1,16,1,6.303,tp2pp1dp16etp1ep32,5,160,1,3.128,tp1pp1dp32etp1ep32,64
deepseek_v3__a100_sxm__empirical,deepseek_v3,a100_sxm,EMPIRICAL,decode,5.6727,2.3404800000000003,2.4237335931091053,2.3404800000000003,2.34,0.00020508613617739948,4569.196,49.176,20.335,37.448,1,16,1,6.303,tp2pp1dp16etp1ep32,8,128,1,2.544,tp2pp1dp16etp1ep32,64
deepseek_v3__a100_sxm__empirical,deepseek_v3,a100_sxm,EMPIRICAL,decode,5.6727,1.46004,3.885304512205145,1.46004,1.46,2.7396509684693573e-05,4569.196,49.28,20.292,23.361,1,16,1,6.303,tp2pp1dp16etp1ep32,10,80,1,1.587,tp4pp1dp8etp1ep32,64
deepseek_v3__a100_sxm__empirical,deepseek_v3,a100_sxm,EMPIRICAL,decode,5.6727,0.8022400000000001,7.071075987235739,0.8022400000000001,0.802,0.00029916234543281056,4569.196,49.299,20.284,12.836,1,16,1,6.303,tp2pp1dp16etp1ep32,11,44,1,0.872,tp8pp1dp4etp1ep32,64
deepseek_v3__a100_sxm__empirical,deepseek_v3,a100_sxm,EMPIRICAL,decode,5.6727,4.27156,1.3280159941567016,4.27156,4.272,0.00010300686400289777,4569.196,53.893,18.555,68.345,1,16,1,6.303,tp2pp1dp16etp1ep32,8,256,1,4.643,tp1pp1dp32etp1ep32,64
deepseek_v3__a100_sxm__empirical,deepseek_v3,a100_sxm,EMPIRICAL,decode,5.6727,3.18596,1.7805308290122912,3.18596,3.186,1.2555085437299262e-05,4569.196,54.19,18.454,50.975,1,16,1,6.303,tp2pp1dp16etp1ep32,12,192,1,3.463,tp2pp1dp16etp1ep32,64
deepseek_v3__a100_sxm__empirical,deepseek_v3,a100_sxm,EMPIRICAL,decode,5.6727,1.8584,3.0524644855789926,1.8584,1.858,0.0002152389151958437,4569.196,54.205,18.448,29.734,1,16,1,6.303,tp2pp1dp16etp1ep32,14,112,1,2.02,tp4pp1dp8etp1ep32,64
deepseek_v3__a100_sxm__empirical,deepseek_v3,a100_sxm,EMPIRICAL,decode,5.6727,0.99636,5.693424063591473,0.99636,0.996,0.00036131518728173246,4569.196,54.179,18.457,15.942,1,16,1,6.303,tp2pp1dp16etp1ep32,15,60,1,1.083,tp8pp1dp4etp1ep32,64
deepseek_v3__a100_sxm__empirical,deepseek_v3,a100_sxm,EMPIRICAL,prefill,5.6727,5.84476,0.9705616654918251,5.6727,5.673,5.288486963882966e-05,4569.196,59.084,16.925,90.763,1,16,1,6.303,tp2pp1dp16etp1ep32,12,384,1,6.353,tp1pp1dp32etp1ep32,64
deepseek_v3__a100_sxm__empirical,deepseek_v3,a100_sxm,EMPIRICAL,decode,5.6727,3.8888400000000005,1.458712623815842,3.8888400000000005,3.889,4.1143374373662024e-05,4569.196,59.204,16.891,62.221,1,16,1,6.303,tp2pp1dp16etp1ep32,16,256,1,4.227,tp2pp1dp16etp1ep32,64
deepseek_v3__a100_sxm__empirical,deepseek_v3,a100_sxm,EMPIRICAL,decode,5.6727,2.19052,2.5896590763836898,2.19052,2.191,0.0002191260522615799,4569.196,59.13,16.912,35.048,1,16,1,6.303,tp2pp1dp16etp1ep32,18,144,1,2.381,tp4pp1dp8etp1ep32,64
deepseek_v3__a100_sxm__empirical,deepseek_v3,a100_sxm,EMPIRICAL,decode,5.6727,1.1196400000000002,5.066539244757243,1.1196400000000002,1.12,0.00032153192097452387,4569.196,57.84,17.289,17.914,1,16,1,6.303,tp2pp1dp16etp1ep32,18,72,1,1.217,tp8pp1dp4etp1ep32,64
deepseek_v3__a100_sxm__empirical,deepseek_v3,a100_sxm,EMPIRICAL,prefill,5.6727,7.16404,0.7918297496943065,5.6727,5.673,5.288486963882966e-05,4569.196,64.276,15.558,90.763,1,16,1,6.303,tp2pp1dp16etp1ep32,16,512,1,7.787,tp1pp1dp32etp1ep32,64
deepseek_v3__a100_sxm__empirical,deepseek_v3,a100_sxm,EMPIRICAL,decode,5.6727,4.48132,1.2658547035248542,4.48132,4.481,7.140753170947846e-05,4569.196,64.218,15.572,71.701,1,16,1,6.303,tp2pp1dp16etp1ep32,20,320,1,4.871,tp2pp1dp16etp1ep32,64
deepseek_v3__a100_sxm__empirical,deepseek_v3,a100_sxm,EMPIRICAL,decode,5.6727,2.47112,2.295598756839004,2.47112,2.471,4.856097639932418e-05,4569.196,64.055,15.612,39.538,1,16,1,6.303,tp2pp1dp16etp1ep32,22,176,1,2.686,tp4pp1dp8etp1ep32,64
deepseek_v3__a100_sxm__empirical,deepseek_v3,a100_sxm,EMPIRICAL,decode,5.6727,1.2622400000000003,4.494153251362656,1.2622400000000003,1.262,0.00019013816706825958,4569.196,62.72,15.944,20.196,1,16,1,6.303,tp2pp1dp16etp1ep32,22,88,1,1.372,tp8pp1dp4etp1ep32,64
deepseek_v3__a100_sxm__empirical,deepseek_v3,a100_sxm,EMPIRICAL,decode,5.6727,4.98824,1.1372147290427084,4.98824,4.988,4.811316215735328e-05,4569.196,69.231,14.444,79.812,1,16,1,6.303,tp2pp1dp16etp1ep32,24,384,1,5.422,tp2pp1dp16etp1ep32,64
deepseek_v3__a100_sxm__empirical,deepseek_v3,a100_sxm,EMPIRICAL,decode,5.6727,2.71216,2.0915801427644385,2.71216,2.712,5.8993569700797865e-05,4569.196,68.98,14.497,43.395,1,16,1,6.303,tp2pp1dp16etp1ep32,26,208,1,2.948,tp4pp1dp8etp1ep32,64
deepseek_v3__a100_sxm__empirical,deepseek_v3,a100_sxm,EMPIRICAL,decode,5.6727,1.38368,4.099719588344126,1.38368,1.384,0.00023126734505078916,4569.196,67.601,14.793,22.139,1,16,1,6.303,tp2pp1dp16etp1ep32,26,104,1,1.504,tp8pp1dp4etp1ep32,64
deepseek_v3__a100_sxm__empirical,deepseek_v3,a100_sxm,EMPIRICAL,decode,5.6727,5.42616,1.045435446061303,5.42616,5.426,2.9486782549751574e-05,4569.196,74.245,13.469,86.819,1,16,1,6.303,tp2pp1dp16etp1ep32,28,448,1,5.898,tp2pp1dp16etp1ep32,64
deepseek_v3__a100_sxm__empirical,deepseek_v3,a100_sxm,EMPIRICAL,decode,5.6727,2.92008,1.9426522561025725,2.92008,2.92,2.7396509684693573e-05,4569.196,73.905,13.531,46.721,1,16,1,6.303,tp2pp1dp16etp1ep32,30,240,1,3.174,tp4pp1dp8etp1ep32,64
deepseek_v3__a100_sxm__empirical,deepseek_v3,a100_sxm,EMPIRICAL,decode,5.6727,1.5364,3.692202551418901,1.5364,1.536,0.0002603488674823978,4569.196,74.921,13.347,24.582,1,16,1,6.303,tp2pp1dp16etp1ep32,32,128,1,1.67,tp8pp1dp4etp1ep32,64
deepseek_v3__a100_sxm__empirical,deepseek_v3,a100_sxm,EMPIRICAL,prefill,5.6727,5.809800000000001,0.9764019415470411,5.6727,5.673,5.288486963882966e-05,4569.196,79.259,12.617,90.763,1,16,1,6.303,tp2pp1dp16etp1ep32,32,512,1,6.315,tp2pp1dp16etp1ep32,64
deepseek_v3__a100_sxm__empirical,deepseek_v3,a100_sxm,EMPIRICAL,decode,5.6727,3.0148400000000004,1.8815923896458848,3.0148400000000004,3.015,5.307080972778519e-05,4569.196,76.367,13.095,48.237,1,16,1,6.303,tp2pp1dp16etp1ep32,32,256,1,3.277,tp4pp1dp8etp1ep32,64
deepseek_v3__a100_sxm__empirical,deepseek_v3,a100_sxm,EMPIRICAL,decode,5.6727,1.62288,3.495452528837622,1.62288,1.623,7.394262052640858e-05,4569.196,79.802,12.531,25.966,1,16,1,6.303,tp2pp1dp16etp1ep32,36,144,1,1.764,tp8pp1dp4etp1ep32,64
deepseek_v3__a100_sxm__empirical,deepseek_v3,a100_sxm,EMPIRICAL,prefill,5.6727,6.146520000000001,0.9229124773042305,5.6727,5.673,5.288486963882966e-05,4569.196,84.273,11.866,90.763,1,16,1,6.303,tp2pp1dp16etp1ep32,36,576,1,6.681,tp2pp1dp16etp1ep32,64
deepseek_v3__a100_sxm__empirical,deepseek_v3,a100_sxm,EMPIRICAL,decode,5.6727,3.18596,1.7805308290122912,3.18596,3.186,1.2555085437299262e-05,4569.196,81.292,12.301,50.975,1,16,1,6.303,tp2pp1dp16etp1ep32,36,288,1,3.463,tp4pp1dp8etp1ep32,64
deepseek_v3__a100_sxm__empirical,deepseek_v3,a100_sxm,EMPIRICAL,decode,5.6727,1.69924,3.33837480285304,1.69924,1.699,0.00014123961300347094,4569.196,84.682,11.809,27.188,1,16,1,6.303,tp2pp1dp16etp1ep32,40,160,1,1.847,tp8pp1dp4etp1ep32,64
deepseek_v3__a100_sxm__empirical,deepseek_v3,a100_sxm,EMPIRICAL,prefill,5.6727,6.44644,0.8799740632038768,5.6727,5.673,5.288486963882966e-05,4569.196,89.287,11.2,90.763,1,16,1,6.303,tp2pp1dp16etp1ep32,40,640,1,7.007,tp2pp1dp16etp1ep32,64
deepseek_v3__a100_sxm__empirical,deepseek_v3,a100_sxm,EMPIRICAL,decode,5.6727,3.3377600000000003,1.6995529936244664,3.3377600000000003,3.338,7.190451080958365e-05,4569.196,86.217,11.599,53.404,1,16,1,6.303,tp2pp1dp16etp1ep32,40,320,1,3.628,tp4pp1dp8etp1ep32,64
deepseek_v3__a100_sxm__empirical,deepseek_v3,a100_sxm,EMPIRICAL,decode,5.6727,1.7673200000000002,3.2097752529253327,1.7673200000000002,1.767,0.0001810651155423579,4569.196,89.563,11.165,28.277,1,16,1,6.303,tp2pp1dp16etp1ep32,44,176,1,1.921,tp8pp1dp4etp1ep32,64
deepseek_v3__a100_sxm__empirical,deepseek_v3,a100_sxm,EMPIRICAL,prefill,5.6727,6.714160000000001,0.8448860319086825,5.6727,5.673,5.288486963882966e-05,4569.196,94.3,10.604,90.763,1,16,1,6.303,tp2pp1dp16etp1ep32,44,704,1,7.298,tp2pp1dp16etp1ep32,64
deepseek_v3__a100_sxm__empirical,deepseek_v3,a100_sxm,EMPIRICAL,decode,5.6727,3.473,1.6333717247336597,3.473,3.473,0.0,4569.196,91.142,10.972,55.568,1,16,1,6.303,tp2pp1dp16etp1ep32,44,352,1,3.775,tp4pp1dp8etp1ep32,64
deepseek_v3__a100_sxm__empirical,deepseek_v3,a100_sxm,EMPIRICAL,decode,5.6727,1.82804,3.103159668278593,1.82804,1.828,2.1881359270059736e-05,4569.196,94.443,10.588,29.249,1,16,1,6.303,tp2pp1dp16etp1ep32,48,192,1,1.987,tp8pp1dp4etp1ep32,64
deepseek_v3__a100_sxm__empirical,deepseek_v3,a100_sxm,EMPIRICAL,decode,5.6727,3.59444,1.5781874227974315,3.59444,3.594,0.00012241127964306484,4569.196,96.067,10.409,57.511,1,16,1,6.303,tp2pp1dp16etp1ep32,48,384,1,3.907,tp4pp1dp8etp1ep32,64
deepseek_v3__a100_sxm__empirical,deepseek_v3,a100_sxm,EMPIRICAL,decode,5.6727,1.8832400000000002,3.0122023746309545,1.8832400000000002,1.883,0.0001274399439265521,4569.196,99.324,10.068,30.132,1,16,1,6.303,tp2pp1dp16etp1ep32,52,208,1,2.047,tp8pp1dp4etp1ep32,64
deepseek_v3__a100_sxm__empirical,deepseek_v3,a100_sxm,EMPIRICAL,decode,5.6727,3.7048400000000004,1.531159240345062,3.7048400000000004,3.705,4.318675030492974e-05,4569.196,100.992,9.902,59.277,1,16,1,6.303,tp2pp1dp16etp1ep32,52,416,1,4.027,tp4pp1dp8etp1ep32,64
deepseek_v3__a100_sxm__empirical,deepseek_v3,a100_sxm,EMPIRICAL,decode,5.6727,1.93292,2.9347826086956523,1.93292,1.933,4.138815884779505e-05,4569.196,104.204,9.597,30.927,1,16,1,6.303,tp2pp1dp16etp1ep32,56,224,1,2.101,tp8pp1dp4etp1ep32,64
deepseek_v3__a100_sxm__empirical,deepseek_v3,a100_sxm,EMPIRICAL,decode,5.6727,3.8042,1.4911676568003787,3.8042,3.804,5.257347142631249e-05,4569.196,105.917,9.441,60.867,1,16,1,6.303,tp2pp1dp16etp1ep32,56,448,1,4.135,tp4pp1dp8etp1ep32,64
deepseek_v3__a100_sxm__empirical,deepseek_v3,a100_sxm,EMPIRICAL,decode,5.6727,1.97892,2.8665635801346188,1.97892,1.979,4.042609099917127e-05,4569.196,109.085,9.167,31.663,1,16,1,6.303,tp2pp1dp16etp1ep32,60,240,1,2.151,tp8pp1dp4etp1ep32,64
deepseek_v3__a100_sxm__empirical,deepseek_v3,a100_sxm,EMPIRICAL,decode,5.6727,3.89436,1.4566449942994484,3.89436,3.894,9.244137676015929e-05,4569.196,110.842,9.022,62.31,1,16,1,6.303,tp2pp1dp16etp1ep32,60,480,1,4.233,tp4pp1dp8etp1ep32,64
deepseek_v3__a100_sxm__empirical,deepseek_v3,a100_sxm,EMPIRICAL,decode,5.6727,2.0203200000000003,2.8078225231646465,2.0203200000000003,2.02,0.00015839074998035953,4569.196,113.965,8.775,32.325,1,16,1,6.303,tp2pp1dp16etp1ep32,64,256,1,2.196,tp8pp1dp4etp1ep32,64
deepseek_v3__b200_sxm__analytical,deepseek_v3,b200_sxm,ANALYTICAL,decode,10.0206,0.59064,16.96566436407964,0.59064,0.591,0.0006095083299470336,161.66,4.571,218.794,18.9,1,1,1,11.134,tp8pp1dp1etp1ep8,1,1,3,0.214,tp8pp1dp1etp1ep8,32
deepseek_v3__b200_sxm__analytical,deepseek_v3,b200_sxm,ANALYTICAL,decode,10.0206,0.59064,16.96566436407964,0.59064,0.591,0.0006095083299470336,161.66,4.571,218.771,18.9,1,1,1,11.134,tp8pp1dp1etp1ep8,1,1,3,0.214,tp8pp1dp1etp2ep4,32
deepseek_v3__b200_sxm__analytical,deepseek_v3,b200_sxm,ANALYTICAL,decode,10.0206,0.59064,16.96566436407964,0.59064,0.591,0.0006095083299470336,161.66,4.572,218.727,18.9,1,1,1,11.134,tp8pp1dp1etp1ep8,1,1,3,0.214,tp8pp1dp1etp4ep2,32
deepseek_v3__b200_sxm__analytical,deepseek_v3,b200_sxm,ANALYTICAL,decode,10.0206,0.59064,16.96566436407964,0.59064,0.591,0.0006095083299470336,161.66,4.574,218.637,18.9,1,1,1,11.134,tp8pp1dp1etp1ep8,1,1,3,0.214,tp8pp1dp1etp8ep1,32
deepseek_v3__b200_sxm__analytical,deepseek_v3,b200_sxm,ANALYTICAL,decode,10.0206,1.3827600000000002,7.246810726373339,1.3827600000000002,1.383,0.00017356591165480336,161.66,5.853,170.863,44.248,1,1,1,11.134,tp8pp1dp1etp1ep8,3,3,3,0.501,tp8pp1dp1etp4ep2,32
deepseek_v3__b200_sxm__analytical,deepseek_v3,b200_sxm,ANALYTICAL,decode,10.0206,1.3827600000000002,7.246810726373339,1.3827600000000002,1.383,0.00017356591165480336,161.66,5.85,170.944,44.248,1,1,1,11.134,tp8pp1dp1etp1ep8,3,3,3,0.501,tp8pp1dp1etp2ep4,32
deepseek_v3__b200_sxm__analytical,deepseek_v3,b200_sxm,ANALYTICAL,decode,10.0206,1.3827600000000002,7.246810726373339,1.3827600000000002,1.383,0.00017356591165480336,161.66,5.848,170.985,44.248,1,1,1,11.134,tp8pp1dp1etp1ep8,3,3,3,0.501,tp8pp1dp1etp1ep8,32
deepseek_v3__b200_sxm__analytical,deepseek_v3,b200_sxm,ANALYTICAL,decode,10.0206,1.3827600000000002,7.246810726373339,1.3827600000000002,1.383,0.00017356591165480336,161.66,5.858,170.699,44.248,1,1,1,11.134,tp8pp1dp1etp1ep8,3,3,3,0.501,tp8pp1dp1etp8ep1,32
deepseek_v3__b200_sxm__analytical,deepseek_v3,b200_sxm,ANALYTICAL,decode,6.9165,1.17852,5.8688015477038995,1.17852,1.179,0.0004072904999491192,234.216,5.343,187.17,37.713,1,1,1,7.685,tp4pp1dp1etp1ep4,1,1,7,0.183,tp4pp1dp1etp4ep1,32
deepseek_v3__b200_sxm__analytical,deepseek_v3,b200_sxm,ANALYTICAL,decode,6.9165,1.91912,3.6039955813080997,1.91912,1.919,6.252865896864083e-05,234.216,6.556,152.538,61.412,1,1,1,7.685,tp4pp1dp1etp1ep4,2,2,7,0.298,tp4pp1dp1etp1ep4,32
deepseek_v3__b200_sxm__analytical,deepseek_v3,b200_sxm,ANALYTICAL,decode,6.9165,1.91912,3.6039955813080997,1.91912,1.919,6.252865896864083e-05,234.216,6.558,152.494,61.412,1,1,1,7.685,tp4pp1dp1etp1ep4,2,2,7,0.298,tp4pp1dp1etp2ep2,32
deepseek_v3__b200_sxm__analytical,deepseek_v3,b200_sxm,ANALYTICAL,decode,6.9165,1.91912,3.6039955813080997,1.91912,1.919,6.252865896864083e-05,234.216,6.561,152.408,61.412,1,1,1,7.685,tp4pp1dp1etp1ep4,2,2,7,0.298,tp4pp1dp1etp4ep1,32
deepseek_v3__b200_sxm__analytical,deepseek_v3,b200_sxm,ANALYTICAL,decode,10.0206,1.66152,6.030983677596417,1.66152,1.662,0.0002888920988009858,161.66,6.493,154.001,53.169,1,1,1,11.134,tp8pp1dp1etp1ep8,4,4,3,0.602,tp8pp1dp1etp1ep8,32
deepseek_v3__b200_sxm__analytical,deepseek_v3,b200_sxm,ANALYTICAL,decode,10.0206,1.66152,6.030983677596417,1.66152,1.662,0.0002888920988009858,161.66,6.495,153.957,53.169,1,1,1,11.134,tp8pp1dp1etp1ep8,4,4,3,0.602,tp8pp1dp1etp2ep4,32
deepseek_v3__b200_sxm__analytical,deepseek_v3,b200_sxm,ANALYTICAL,decode,6.9165,2.43432,2.841245193729666,2.43432,2.434,0.00013145354760256495,234.216,7.762,128.83,77.898,1,1,1,7.685,tp4pp1dp1etp1ep4,3,3,7,0.378,tp4pp1dp1etp1ep4,32
deepseek_v3__b200_sxm__analytical,deepseek_v3,b200_sxm,ANALYTICAL,decode,6.9165,2.43432,2.841245193729666,2.43432,2.434,0.00013145354760256495,234.216,7.765,128.783,77.898,1,1,1,7.685,tp4pp1dp1etp1ep4,3,3,7,0.378,tp4pp1dp1etp2ep2,32
deepseek_v3__b200_sxm__analytical,deepseek_v3,b200_sxm,ANALYTICAL,decode,6.9165,2.4278800000000005,2.8487816531294787,2.4278800000000005,2.428,4.942583653205836e-05,234.216,7.771,128.691,77.692,1,1,1,7.685,tp4pp1dp1etp1ep4,3,3,7,0.377,tp4pp1dp1etp4ep1,32
deepseek_v3__b200_sxm__analytical,deepseek_v3,b200_sxm,ANALYTICAL,decode,10.0206,2.0838,4.808810826374891,2.0838,2.084,9.597850081580668e-05,161.66,7.764,128.801,66.682,1,1,1,11.134,tp8pp1dp1etp1ep8,6,6,3,0.755,tp8pp1dp1etp1ep8,32
deepseek_v3__b200_sxm__analytical,deepseek_v3,b200_sxm,ANALYTICAL,decode,10.0206,2.0838,4.808810826374891,2.0838,2.084,9.597850081580668e-05,161.66,7.767,128.755,66.682,1,1,1,11.134,tp8pp1dp1etp1ep8,6,6,3,0.755,tp8pp1dp1etp2ep4,32
deepseek_v3__b200_sxm__analytical,deepseek_v3,b200_sxm,ANALYTICAL,decode,6.9165,2.8014,2.468944099378882,2.8014,2.801,0.00014278574998213606,234.216,8.979,111.368,89.645,1,1,1,7.685,tp4pp1dp1etp1ep4,4,4,7,0.435,tp4pp1dp1etp1ep4,32
deepseek_v3__b200_sxm__analytical,deepseek_v3,b200_sxm,ANALYTICAL,decode,6.9165,2.8014,2.468944099378882,2.8014,2.801,0.00014278574998213606,234.216,8.983,111.321,89.645,1,1,1,7.685,tp4pp1dp1etp1ep4,4,4,7,0.435,tp4pp1dp1etp2ep2,32
deepseek_v3__b200_sxm__analytical,deepseek_v3,b200_sxm,ANALYTICAL,decode,6.9165,2.8014,2.468944099378882,2.8014,2.801,0.00014278574998213606,234.216,8.99,111.229,89.645,1,1,1,7.685,tp4pp1dp1etp1ep4,4,4,7,0.435,tp4pp1dp1etp4ep1,32
deepseek_v3__b200_sxm__analytical,deepseek_v3,b200_sxm,ANALYTICAL,decode,10.0206,2.2466399999999997,4.460260655912831,2.2466399999999997,2.247,0.00016023929067413473,161.66,8.406,118.958,71.892,1,1,1,11.134,tp8pp1dp1etp1ep8,7,7,3,0.814,tp8pp1dp1etp1ep8,32
deepseek_v3__b200_sxm__analytical,deepseek_v3,b200_sxm,ANALYTICAL,decode,10.0206,2.2466399999999997,4.460260655912831,2.2466399999999997,2.247,0.00016023929067413473,161.66,8.41,118.912,71.892,1,1,1,11.134,tp8pp1dp1etp1ep8,7,7,3,0.814,tp8pp1dp1etp2ep4,32
deepseek_v3__b200_sxm__analytical,deepseek_v3,b200_sxm,ANALYTICAL,decode,10.0206,2.5060800000000003,3.998515610036391,2.5060800000000003,2.506,3.192236480899416e-05,161.66,9.691,103.187,80.195,1,1,1,11.134,tp8pp1dp1etp1ep8,9,9,3,0.908,tp8pp1dp1etp1ep8,32
deepseek_v3__b200_sxm__analytical,deepseek_v3,b200_sxm,ANALYTICAL,decode,10.0206,2.50332,4.002924116772926,2.50332,2.503,0.00012783024143931895,161.66,9.704,103.053,80.106,1,1,1,11.134,tp8pp1dp1etp1ep8,9,9,3,0.907,tp8pp1dp1etp4ep2,32
deepseek_v3__b200_sxm__analytical,deepseek_v3,b200_sxm,ANALYTICAL,decode,6.9165,3.0847599999999997,2.242151739519444,3.0847599999999997,3.085,7.780183871686615e-05,234.216,10.21,97.94,98.712,1,1,1,7.685,tp4pp1dp1etp1ep4,5,5,7,0.479,tp4pp1dp1etp4ep1,32
deepseek_v3__b200_sxm__analytical,deepseek_v3,b200_sxm,ANALYTICAL,decode,6.9165,3.0847599999999997,2.242151739519444,3.0847599999999997,3.085,7.780183871686615e-05,234.216,10.201,98.029,98.712,1,1,1,7.685,tp4pp1dp1etp1ep4,5,5,7,0.479,tp4pp1dp1etp2ep2,32
deepseek_v3__b200_sxm__analytical,deepseek_v3,b200_sxm,ANALYTICAL,decode,6.9165,3.0847599999999997,2.242151739519444,3.0847599999999997,3.085,7.780183871686615e-05,234.216,10.196,98.074,98.712,1,1,1,7.685,tp4pp1dp1etp1ep4,5,5,7,0.479,tp4pp1dp1etp1ep4,32
deepseek_v3__b200_sxm__analytical,deepseek_v3,b200_sxm,ANALYTICAL,decode,10.0206,2.7048,3.704747116237799,2.7048,2.705,7.394262052646331e-05,161.66,10.976,91.108,86.554,1,1,1,11.134,tp8pp1dp1etp1ep8,11,11,3,0.98,tp8pp1dp1etp1ep8,32
deepseek_v3__b200_sxm__analytical,deepseek_v3,b200_sxm,ANALYTICAL,decode,10.0206,2.7020399999999998,3.708531331882578,2.7020399999999998,2.702,1.480362984997186e-05,161.66,10.981,91.066,86.465,1,1,1,11.134,tp8pp1dp1etp1ep8,11,11,3,0.979,tp8pp1dp1etp2ep4,32
deepseek_v3__b200_sxm__analytical,deepseek_v3,b200_sxm,ANALYTICAL,decode,6.9165,3.31016,2.089476037412089,3.31016,3.31,4.8336032095173645e-05,234.216,11.413,87.616,105.925,1,1,1,7.685,tp4pp1dp1etp1ep4,6,6,7,0.514,tp4pp1dp1etp1ep4,32
deepseek_v3__b200_sxm__analytical,deepseek_v3,b200_sxm,ANALYTICAL,decode,6.9165,3.31016,2.089476037412089,3.31016,3.31,4.8336032095173645e-05,234.216,11.419,87.573,105.925,1,1,1,7.685,tp4pp1dp1etp1ep4,6,6,7,0.514,tp4pp1dp1etp2ep2,32
deepseek_v3__b200_sxm__analytical,deepseek_v3,b200_sxm,ANALYTICAL,decode,6.9165,3.30372,2.093549090116596,3.30372,3.304,8.47529451647276e-05,234.216,11.43,87.487,105.719,1,1,1,7.685,tp4pp1dp1etp1ep4,6,6,7,0.513,tp4pp1dp1etp4ep1,32
deepseek_v3__b200_sxm__analytical,deepseek_v3,b200_sxm,ANALYTICAL,decode,10.0206,2.7876000000000003,3.5947051226861815,2.7876000000000003,2.788,0.00014349261013040315,161.66,11.618,86.071,89.203,1,1,1,11.134,tp8pp1dp1etp1ep8,12,12,3,1.01,tp8pp1dp1etp1ep8,32
deepseek_v3__b200_sxm__analytical,deepseek_v3,b200_sxm,ANALYTICAL,decode,10.0206,2.78484,3.598267764036713,2.78484,2.785,5.7453929130635874e-05,161.66,11.624,86.029,89.115,1,1,1,11.134,tp8pp1dp1etp1ep8,12,12,3,1.009,tp8pp1dp1etp2ep4,32
deepseek_v3__b200_sxm__analytical,deepseek_v3,b200_sxm,ANALYTICAL,decode,6.9165,3.4904800000000007,1.9815326258852648,3.4904800000000007,3.49,0.00013751690311947926,234.216,12.631,79.173,111.695,1,1,1,7.685,tp4pp1dp1etp1ep4,7,7,7,0.542,tp4pp1dp1etp1ep4,32
deepseek_v3__b200_sxm__analytical,deepseek_v3,b200_sxm,ANALYTICAL,decode,6.9165,3.4840400000000007,1.9851953479294149,3.4840400000000007,3.484,1.1480924444238909e-05,234.216,12.637,79.132,111.489,1,1,1,7.685,tp4pp1dp1etp1ep4,7,7,7,0.541,tp4pp1dp1etp2ep2,32
deepseek_v3__b200_sxm__analytical,deepseek_v3,b200_sxm,ANALYTICAL,decode,6.9165,3.4840400000000007,1.9851953479294149,3.4840400000000007,3.484,1.1480924444238909e-05,234.216,12.65,79.051,111.489,1,1,1,7.685,tp4pp1dp1etp1ep4,7,7,7,0.541,tp4pp1dp1etp4ep1,32
deepseek_v3__b200_sxm__analytical,deepseek_v3,b200_sxm,ANALYTICAL,decode,10.0206,2.92836,3.4219153382780805,2.92836,2.928,0.00012293570462652747,161.66,12.903,77.5,93.708,1,1,1,11.134,tp8pp1dp1etp1ep8,14,14,3,1.061,tp8pp1dp1etp1ep8,32
deepseek_v3__b200_sxm__analytical,deepseek_v3,b200_sxm,ANALYTICAL,decode,10.0206,2.9256,3.4251435602953237,2.9256,2.926,0.0001367240907847812,161.66,12.91,77.461,93.619,1,1,1,11.134,tp8pp1dp1etp1ep8,14,14,3,1.06,tp8pp1dp1etp2ep4,32
deepseek_v3__b200_sxm__analytical,deepseek_v3,b200_sxm,ANALYTICAL,decode,6.9165,3.6386,1.9008684658934756,3.6386,3.639,0.0001099323915791667,234.216,13.848,72.215,116.435,1,1,1,7.685,tp4pp1dp1etp1ep4,8,8,7,0.565,tp4pp1dp1etp1ep4,32
deepseek_v3__b200_sxm__analytical,deepseek_v3,b200_sxm,ANALYTICAL,decode,6.9165,3.63216,1.9042388000528612,3.63216,3.632,4.4050922866755854e-05,234.216,13.855,72.176,116.229,1,1,1,7.685,tp4pp1dp1etp1ep4,8,8,7,0.564,tp4pp1dp1etp2ep2,32
deepseek_v3__b200_sxm__analytical,deepseek_v3,b200_sxm,ANALYTICAL,decode,6.9165,3.63216,1.9042388000528612,3.63216,3.632,4.4050922866755854e-05,234.216,13.87,72.098,116.229,1,1,1,7.685,tp4pp1dp1etp1ep4,8,8,7,0.564,tp4pp1dp1etp4ep1,32
deepseek_v3__b200_sxm__analytical,deepseek_v3,b200_sxm,ANALYTICAL,decode,10.0206,2.9863200000000005,3.355501084947359,2.9863200000000005,2.986,0.00010715529481111199,161.66,13.553,73.787,95.562,1,1,1,11.134,tp8pp1dp1etp1ep8,15,15,3,1.082,tp8pp1dp1etp2ep4,32
deepseek_v3__b200_sxm__analytical,deepseek_v3,b200_sxm,ANALYTICAL,decode,10.0206,2.9863200000000005,3.355501084947359,2.9863200000000005,2.986,0.00010715529481111199,161.66,13.546,73.825,95.562,1,1,1,11.134,tp8pp1dp1etp1ep8,15,15,3,1.082,tp8pp1dp1etp1ep8,32
deepseek_v3__b200_sxm__analytical,deepseek_v3,b200_sxm,ANALYTICAL,decode,20.3157,5.815320000000001,3.4934792926270606,5.815320000000001,5.815,5.5027066438359365e-05,637.927,14.849,67.343,186.09,1,8,1,22.573,tp1pp1dp8etp1ep8,4,32,3,2.107,tp1pp1dp8etp1ep8,32
deepseek_v3__b200_sxm__analytical,deepseek_v3,b200_sxm,ANALYTICAL,decode,20.3157,5.807040000000001,3.49846048933708,5.807040000000001,5.807,6.8881908855909455e-06,637.927,14.864,67.275,185.825,1,8,1,22.573,tp1pp1dp8etp1ep8,4,32,3,2.104,tp1pp1dp8etp2ep4,32
deepseek_v3__b200_sxm__analytical,deepseek_v3,b200_sxm,ANALYTICAL,decode,20.3157,5.796000000000001,3.5051242236024835,5.796000000000001,5.796,1.532398929779374e-16,637.927,14.894,67.14,185.472,1,8,1,22.573,tp1pp1dp8etp1ep8,4,32,3,2.1,tp1pp1dp8etp4ep2,32
deepseek_v3__b200_sxm__analytical,deepseek_v3,b200_sxm,ANALYTICAL,decode,20.3157,5.77392,3.5185281403275415,5.77392,5.774,1.3855404993424903e-05,637.927,14.954,66.872,184.765,1,8,1,22.573,tp1pp1dp8etp1ep8,4,32,3,2.092,tp1pp1dp8etp8ep1,32
deepseek_v3__b200_sxm__analytical,deepseek_v3,b200_sxm,ANALYTICAL,decode,10.0206,4.7030400000000006,2.1306644213104713,4.7030400000000006,4.703,8.505137102865814e-06,161.66,14.918,67.035,150.497,1,1,1,11.134,tp8pp1dp1etp1ep8,26,26,3,1.704,tp8pp1dp1etp1ep8,32
deepseek_v3__b200_sxm__analytical,deepseek_v3,b200_sxm,ANALYTICAL,decode,20.3157,14.89296,1.3641143197859928,14.89296,14.893,2.685832769326047e-06,637.927,15.942,62.726,476.575,1,8,1,22.573,tp1pp1dp8etp1ep8,11,88,3,5.396,tp1pp1dp8etp1ep8,32
deepseek_v3__b200_sxm__analytical,deepseek_v3,b200_sxm,ANALYTICAL,decode,20.3157,14.854320000000001,1.3676627405360864,14.854320000000001,14.854,2.1542554623981197e-05,637.927,15.984,62.564,475.338,1,8,1,22.573,tp1pp1dp8etp1ep8,11,88,3,5.382,tp1pp1dp8etp2ep4,32
deepseek_v3__b200_sxm__analytical,deepseek_v3,b200_sxm,ANALYTICAL,decode,20.3157,13.576439999999998,1.4963937527068953,13.576439999999998,13.576,3.2409085150271614e-05,637.927,15.898,62.9,434.446,1,8,1,22.573,tp1pp1dp8etp1ep8,10,80,3,4.919,tp1pp1dp8etp4ep2,32
deepseek_v3__b200_sxm__analytical,deepseek_v3,b200_sxm,ANALYTICAL,decode,20.3157,12.243360000000001,1.6593239110832319,12.243360000000001,12.243,2.9403693103901383e-05,637.927,15.865,63.03,391.788,1,8,1,22.573,tp1pp1dp8etp1ep8,9,72,3,4.436,tp1pp1dp8etp8ep1,32
deepseek_v3__b200_sxm__analytical,deepseek_v3,b200_sxm,ANALYTICAL,decode,10.0206,6.7702800000000005,1.480086495684078,6.7702800000000005,6.77,4.13572259937471e-05,161.66,15.939,62.741,216.649,1,1,1,11.134,tp8pp1dp1etp1ep8,40,40,3,2.453,tp8pp1dp1etp1ep8,32
deepseek_v3__b200_sxm__analytical,deepseek_v3,b200_sxm,ANALYTICAL,prefill,20.3157,20.65032,0.9837958927512988,20.3157,20.316,1.4766904413793315e-05,637.927,16.723,59.797,650.102,1,8,1,22.573,tp1pp1dp8etp1ep8,16,128,3,7.482,tp1pp1dp8etp1ep8,32
deepseek_v3__b200_sxm__analytical,deepseek_v3,b200_sxm,ANALYTICAL,prefill,20.3157,20.5758,0.9873589362260519,20.3157,20.316,1.4766904413793315e-05,637.927,16.783,59.585,650.102,1,8,1,22.573,tp1pp1dp8etp1ep8,16,128,3,7.455,tp1pp1dp8etp2ep4,32
deepseek_v3__b200_sxm__analytical,deepseek_v3,b200_sxm,ANALYTICAL,prefill,20.3157,20.432280000000002,0.9942943225131996,20.3157,20.316,1.4766904413793315e-05,637.927,16.902,59.164,650.102,1,8,1,22.573,tp1pp1dp8etp1ep8,16,128,3,7.403,tp1pp1dp8etp4ep2,32
deepseek_v3__b200_sxm__analytical,deepseek_v3,b200_sxm,ANALYTICAL,decode,20.3157,19.090919999999997,1.0641551061970824,19.090919999999997,19.091,4.190473796133283e-06,637.927,16.959,58.966,610.909,1,8,1,22.573,tp1pp1dp8etp1ep8,15,120,3,6.917,tp1pp1dp8etp8ep1,32
deepseek_v3__b200_sxm__analytical,deepseek_v3,b200_sxm,ANALYTICAL,decode,10.0206,8.343480000000001,1.201009650649369,8.343480000000001,8.343,5.7529951531179815e-05,161.66,16.813,59.477,266.991,1,1,1,11.134,tp8pp1dp1etp1ep8,52,52,3,3.023,tp8pp1dp1etp1ep8,32
deepseek_v3__b200_sxm__analytical,deepseek_v3,b200_sxm,ANALYTICAL,decode,20.3157,19.21512,1.0572767695439842,19.21512,19.215,6.2450819978751e-06,637.927,17.972,55.642,819.845,1,8,1,22.573,tp1pp1dp8etp1ep8,24,192,2,10.443,tp1pp1dp8etp1ep8,24
deepseek_v3__b200_sxm__analytical,deepseek_v3,b200_sxm,ANALYTICAL,decode,20.3157,17.84248,1.1386141388416857,17.84248,17.842,2.6902089843989844e-05,637.927,17.742,56.364,761.279,1,8,1,22.573,tp1pp1dp8etp1ep8,22,176,2,9.697,tp1pp1dp8etp2ep4,24
deepseek_v3__b200_sxm__analytical,deepseek_v3,b200_sxm,ANALYTICAL,decode,20.3157,17.678720000000002,1.1491612514933207,17.678720000000002,17.679,1.5838250732887065e-05,637.927,17.906,55.847,754.292,1,8,1,22.573,tp1pp1dp8etp1ep8,22,176,2,9.608,tp1pp1dp8etp4ep2,24
deepseek_v3__b200_sxm__analytical,deepseek_v3,b200_sxm,ANALYTICAL,decode,20.3157,16.10368,1.2615563647563786,16.10368,16.104,1.987123440099056e-05,637.927,17.87,55.959,687.09,1,8,1,22.573,tp1pp1dp8etp1ep8,20,160,2,8.752,tp1pp1dp8etp8ep1,24
deepseek_v3__b200_sxm__analytical,deepseek_v3,b200_sxm,ANALYTICAL,prefill,10.0206,10.20372,0.982053603979725,10.0206,10.021,3.991776939513044e-05,161.66,17.979,55.619,320.659,1,1,1,11.134,tp8pp1dp1etp1ep8,68,68,3,3.697,tp8pp1dp1etp1ep8,32
deepseek_v3__b200_sxm__analytical,deepseek_v3,b200_sxm,ANALYTICAL,prefill,20.3157,22.82888,0.8899122514989785,20.3157,20.316,1.4766904413793315e-05,637.927,18.909,52.886,866.803,1,8,1,22.573,tp1pp1dp8etp1ep8,30,240,2,12.407,tp1pp1dp8etp1ep8,24
deepseek_v3__b200_sxm__analytical,deepseek_v3,b200_sxm,ANALYTICAL,prefill,20.3157,21.54456,0.9429619356347959,20.3157,20.316,1.4766904413793315e-05,637.927,18.701,53.473,866.803,1,8,1,22.573,tp1pp1dp8etp1ep8,28,224,2,11.709,tp1pp1dp8etp2ep4,24
deepseek_v3__b200_sxm__analytical,deepseek_v3,b200_sxm,ANALYTICAL,prefill,20.3157,21.305360000000004,0.9535487783355924,20.3157,20.316,1.4766904413793315e-05,637.927,18.91,52.882,866.803,1,8,1,22.573,tp1pp1dp8etp1ep8,28,224,2,11.579,tp1pp1dp8etp4ep2,24
deepseek_v3__b200_sxm__analytical,deepseek_v3,b200_sxm,ANALYTICAL,decode,20.3157,19.72848,1.0297650908737013,19.72848,19.728,2.433030826498503e-05,637.927,18.964,52.732,841.748,1,8,1,22.573,tp1pp1dp8etp1ep8,26,208,2,10.722,tp1pp1dp8etp8ep1,24
deepseek_v3__b200_sxm__analytical,deepseek_v3,b200_sxm,ANALYTICAL,decode,10.0206,7.63232,1.3129166491970987,7.63232,7.632,4.192696323009518e-05,161.66,18.854,53.04,325.646,1,1,1,11.134,tp8pp1dp1etp1ep8,80,80,2,4.148,tp8pp1dp1etp1ep8,24
deepseek_v3__b200_sxm__analytical,deepseek_v3,b200_sxm,ANALYTICAL,prefill,20.3157,26.102240000000002,0.778312512642593,20.3157,20.316,1.4766904413793315e-05,637.927,19.845,50.39,866.803,1,8,1,22.573,tp1pp1dp8etp1ep8,36,288,2,14.186,tp1pp1dp8etp1ep8,24
deepseek_v3__b200_sxm__analytical,deepseek_v3,b200_sxm,ANALYTICAL,prefill,20.3157,25.92744,0.7835598115355777,20.3157,20.316,1.4766904413793315e-05,637.927,19.98,50.051,866.803,1,8,1,22.573,tp1pp1dp8etp1ep8,36,288,2,14.091,tp1pp1dp8etp2ep4,24
deepseek_v3__b200_sxm__analytical,deepseek_v3,b200_sxm,ANALYTICAL,prefill,20.3157,23.51704,0.8638714736208297,20.3157,20.316,1.4766904413793315e-05,637.927,19.579,51.075,866.803,1,8,1,22.573,tp1pp1dp8etp1ep8,32,256,2,12.781,tp1pp1dp8etp4ep2,24
deepseek_v3__b200_sxm__analytical,deepseek_v3,b200_sxm,ANALYTICAL,prefill,20.3157,21.91992,0.9268145139215835,20.3157,20.316,1.4766904413793315e-05,637.927,19.693,50.781,866.803,1,8,1,22.573,tp1pp1dp8etp1ep8,30,240,2,11.913,tp1pp1dp8etp8ep1,24
deepseek_v3__b200_sxm__analytical,deepseek_v3,b200_sxm,ANALYTICAL,decode,10.0206,8.38856,1.1945554421736269,8.38856,8.389,5.2452387537232826e-05,161.66,19.728,50.691,357.912,1,1,1,11.134,tp8pp1dp1etp1ep8,92,92,2,4.559,tp8pp1dp1etp1ep8,24
deepseek_v3__b200_sxm__analytical,deepseek_v3,b200_sxm,ANALYTICAL,decode,20.3157,19.69628,1.0314485781071348,19.69628,19.696,1.421588238997709e-05,637.927,24.839,40.259,1260.562,1,8,1,22.573,tp1pp1dp8etp1ep8,68,544,1,21.409,tp1pp1dp8etp1ep8,16
deepseek_v3__b200_sxm__analytical,deepseek_v3,b200_sxm,ANALYTICAL,decode,20.3157,18.82964,1.078921317667252,18.82964,18.83,1.9118793561482286e-05,637.927,24.454,40.894,1205.097,1,8,1,22.573,tp1pp1dp8etp1ep8,64,512,1,20.467,tp1pp1dp8etp2ep4,16
deepseek_v3__b200_sxm__analytical,deepseek_v3,b200_sxm,ANALYTICAL,decode,20.3157,18.469,1.0999891710433698,18.469,18.469,0.0,637.927,24.931,40.11,1182.016,1,8,1,22.573,tp1pp1dp8etp1ep8,64,512,1,20.075,tp1pp1dp8etp4ep2,16
deepseek_v3__b200_sxm__analytical,deepseek_v3,b200_sxm,ANALYTICAL,decode,20.3157,16.49192,1.2318577824777224,16.49192,16.492,4.850860300105997e-06,637.927,24.43,40.934,1055.483,1,8,1,22.573,tp1pp1dp8etp1ep8,56,448,1,17.926,tp1pp1dp8etp8ep1,16
deepseek_v3__b200_sxm__analytical,deepseek_v3,b200_sxm,ANALYTICAL,prefill,10.0206,11.555200000000001,0.8671939905843256,10.0206,10.021,3.991776939513044e-05,161.66,24.906,40.151,427.546,1,1,1,11.134,tp8pp1dp1etp1ep8,160,160,2,6.28,tp8pp1dp1etp4ep2,24
deepseek_v3__b200_sxm__analytical,deepseek_v3,b200_sxm,ANALYTICAL,prefill,20.3157,24.117800000000003,0.8423529509325062,20.3157,20.316,1.4766904413793315e-05,637.927,29.831,33.522,1300.205,1,8,1,22.573,tp1pp1dp8etp1ep8,100,800,1,26.215,tp1pp1dp8etp1ep8,16
deepseek_v3__b200_sxm__analytical,deepseek_v3,b200_sxm,ANALYTICAL,prefill,20.3157,23.36064,0.8696551121887072,20.3157,20.316,1.4766904413793315e-05,637.927,29.565,33.824,1300.205,1,8,1,22.573,tp1pp1dp8etp1ep8,96,768,1,25.392,tp1pp1dp8etp2ep4,16
deepseek_v3__b200_sxm__analytical,deepseek_v3,b200_sxm,ANALYTICAL,prefill,20.3157,22.3514,0.9089229310020848,20.3157,20.316,1.4766904413793315e-05,637.927,29.613,33.769,1300.205,1,8,1,22.573,tp1pp1dp8etp1ep8,92,736,1,24.295,tp1pp1dp8etp4ep2,16
deepseek_v3__b200_sxm__analytical,deepseek_v3,b200_sxm,ANALYTICAL,prefill,20.3157,20.465400000000002,0.9926852150458821,20.3157,20.316,1.4766904413793315e-05,637.927,29.53,33.864,1300.205,1,8,1,22.573,tp1pp1dp8etp1ep8,84,672,1,22.245,tp1pp1dp8etp8ep1,16
deepseek_v3__b200_sxm__analytical,deepseek_v3,b200_sxm,ANALYTICAL,decode,10.0206,6.9598,1.4397827523779418,6.9598,6.96,2.8736457944126824e-05,161.66,29.978,33.358,445.427,1,1,1,11.134,tp8pp1dp1etp1ep8,232,232,1,7.565,tp8pp1dp1etp1ep8,16
deepseek_v3__b200_sxm__analytical,deepseek_v3,b200_sxm,ANALYTICAL,prefill,20.3157,26.92932,0.7544082063713454,20.3157,20.316,1.4766904413793315e-05,637.927,34.197,29.242,1300.205,1,8,1,22.573,tp1pp1dp8etp1ep8,128,1024,1,29.271,tp1pp1dp8etp1ep8,16
deepseek_v3__b200_sxm__analytical,deepseek_v3,b200_sxm,ANALYTICAL,prefill,20.3157,26.557640000000003,0.7649663147779696,20.3157,20.316,1.4766904413793315e-05,637.927,34.675,28.839,1300.205,1,8,1,22.573,tp1pp1dp8etp1ep8,128,1024,1,28.867,tp1pp1dp8etp2ep4,16
deepseek_v3__b200_sxm__analytical,deepseek_v3,b200_sxm,ANALYTICAL,prefill,20.3157,25.517120000000002,0.7961595979483578,20.3157,20.316,1.4766904413793315e-05,637.927,34.962,28.602,1300.205,1,8,1,22.573,tp1pp1dp8etp1ep8,124,992,1,27.736,tp1pp1dp8etp4ep2,16
deepseek_v3__b200_sxm__analytical,deepseek_v3,b200_sxm,ANALYTICAL,prefill,20.3157,23.269560000000002,0.8730590522553928,20.3157,20.316,1.4766904413793315e-05,637.927,34.629,28.878,1300.205,1,8,1,22.573,tp1pp1dp8etp1ep8,112,896,1,25.293,tp1pp1dp8etp8ep1,16
deepseek_v3__b200_sxm__analytical,deepseek_v3,b200_sxm,ANALYTICAL,decode,10.0206,7.34252,1.3647358127727265,7.34252,7.343,6.537265135125159e-05,161.66,32.334,30.927,469.921,1,1,1,11.134,tp8pp1dp1etp1ep8,264,264,1,7.981,tp8pp1dp1etp1ep8,16
deepseek_v3__b200_sxm__analytical,deepseek_v3,b200_sxm,ANALYTICAL,prefill,20.3157,29.3296,0.6926688396705035,20.3157,20.316,1.4766904413793315e-05,637.927,39.248,25.479,1300.205,1,8,1,22.573,tp1pp1dp8etp1ep8,160,1280,1,31.88,tp1pp1dp8etp1ep8,16
deepseek_v3__b200_sxm__analytical,deepseek_v3,b200_sxm,ANALYTICAL,prefill,20.3157,28.889840000000003,0.7032126173076763,20.3157,20.316,1.4766904413793315e-05,637.927,39.845,25.097,1300.205,1,8,1,22.573,tp1pp1dp8etp1ep8,160,1280,1,31.402,tp1pp1dp8etp2ep4,16
deepseek_v3__b200_sxm__analytical,deepseek_v3,b200_sxm,ANALYTICAL,prefill,20.3157,27.56228,0.7370834343167546,20.3157,20.316,1.4766904413793315e-05,637.927,39.676,25.204,1300.205,1,8,1,22.573,tp1pp1dp8etp1ep8,152,1216,1,29.959,tp1pp1dp8etp4ep2,16
deepseek_v3__b200_sxm__analytical,deepseek_v3,b200_sxm,ANALYTICAL,prefill,20.3157,25.08932,0.8097349788675021,20.3157,20.316,1.4766904413793315e-05,637.927,38.998,25.642,1300.205,1,8,1,22.573,tp1pp1dp8etp1ep8,136,1088,1,27.271,tp1pp1dp8etp8ep1,16
deepseek_v3__b200_sxm__analytical,deepseek_v3,b200_sxm,ANALYTICAL,decode,40.6314,31.145680000000002,1.3045597334847079,31.145680000000002,31.146,1.0274298072751779e-05,637.927,44.352,22.547,1328.882,1,8,2,22.573,tp1pp1dp8etp1ep8,192,1536,1,33.854,tp1pp1dp8etp1ep8,24
deepseek_v3__b200_sxm__analytical,deepseek_v3,b200_sxm,ANALYTICAL,prefill,20.3157,30.252360000000003,0.6715409971321245,20.3157,20.316,1.4766904413793315e-05,637.927,43.758,22.853,1300.205,1,8,1,22.573,tp1pp1dp8etp1ep8,184,1472,1,32.883,tp1pp1dp8etp2ep4,16
deepseek_v3__b200_sxm__analytical,deepseek_v3,b200_sxm,ANALYTICAL,prefill,20.3157,28.930320000000002,0.7022286652895646,20.3157,20.316,1.4766904413793315e-05,637.927,43.768,22.848,1300.205,1,8,1,22.573,tp1pp1dp8etp1ep8,176,1408,1,31.446,tp1pp1dp8etp4ep2,16
deepseek_v3__b200_sxm__analytical,deepseek_v3,b200_sxm,ANALYTICAL,prefill,20.3157,26.91184,0.7548982158038989,20.3157,20.316,1.4766904413793315e-05,637.927,44.912,22.266,1300.205,1,8,1,22.573,tp1pp1dp8etp1ep8,168,1344,1,29.252,tp1pp1dp8etp8ep1,16
deepseek_v3__b200_sxm__analytical,deepseek_v3,b200_sxm,ANALYTICAL,decode,40.6314,32.56248,1.247798079261776,32.56248,32.562,1.4740891971469758e-05,637.927,49.491,20.206,1389.332,1,8,2,22.573,tp1pp1dp8etp1ep8,224,1792,1,35.394,tp1pp1dp8etp1ep8,24
deepseek_v3__b200_sxm__analytical,deepseek_v3,b200_sxm,ANALYTICAL,decode,40.6314,31.70596,1.2815066946403768,31.70596,31.706,1.2615924576478898e-06,637.927,49.013,20.403,1352.788,1,8,2,22.573,tp1pp1dp8etp1ep8,216,1728,1,34.463,tp1pp1dp8etp2ep4,24
deepseek_v3__b200_sxm__analytical,deepseek_v3,b200_sxm,ANALYTICAL,prefill,20.3157,30.383920000000003,0.6686332770755057,20.3157,20.316,1.4766904413793315e-05,637.927,49.251,20.304,1300.205,1,8,1,22.573,tp1pp1dp8etp1ep8,208,1664,1,33.026,tp1pp1dp8etp4ep2,16
deepseek_v3__b200_sxm__analytical,deepseek_v3,b200_sxm,ANALYTICAL,prefill,20.3157,27.979960000000002,0.7260803803865338,20.3157,20.316,1.4766904413793315e-05,637.927,49.369,20.256,1300.205,1,8,1,22.573,tp1pp1dp8etp1ep8,192,1536,1,30.413,tp1pp1dp8etp8ep1,16
deepseek_v3__b200_sxm__analytical,deepseek_v3,b200_sxm,ANALYTICAL,decode,40.6314,32.87252,1.2360293643444433,32.87252,32.873,1.4601861980646423e-05,637.927,50.776,19.694,1402.561,1,8,2,22.573,tp1pp1dp8etp1ep8,232,1856,1,35.731,tp1pp1dp8etp1ep8,24
deepseek_v3__b200_sxm__analytical,deepseek_v3,b200_sxm,ANALYTICAL,decode,40.6314,32.32144,1.257103643897054,32.32144,32.321,1.361325485512585e-05,637.927,51.642,19.364,1379.048,1,8,2,22.573,tp1pp1dp8etp1ep8,232,1856,1,35.132,tp1pp1dp8etp2ep4,24
deepseek_v3__b200_sxm__analytical,deepseek_v3,b200_sxm,ANALYTICAL,decode,40.6314,31.27264,1.2992635095725849,31.27264,31.273,1.151166003255824e-05,637.927,53.374,18.736,1334.299,1,8,2,22.573,tp1pp1dp8etp1ep8,232,1856,1,33.992,tp1pp1dp8etp4ep2,24
deepseek_v3__b200_sxm__analytical,deepseek_v3,b200_sxm,ANALYTICAL,prefill,20.3157,28.857640000000004,0.7039972776706618,20.3157,20.316,1.4766904413793315e-05,637.927,53.851,18.57,1300.205,1,8,1,22.573,tp1pp1dp8etp1ep8,216,1728,1,31.367,tp1pp1dp8etp8ep1,16
deepseek_v3__b200_sxm__analytical,deepseek_v3,b200_sxm,ANALYTICAL,prefill,20.3157,29.118920000000003,0.6976804084766879,20.3157,20.316,1.4766904413793315e-05,637.927,55.344,18.069,1300.205,1,8,1,22.573,tp1pp1dp8etp1ep8,224,1792,1,31.651,tp1pp1dp8etp8ep1,16
deepseek_v3__b200_sxm__empirical,deepseek_v3,b200_sxm,EMPIRICAL,decode,13.532399999999999,1.73052,7.8198460578323274,1.73052,1.731,0.00027737327508496634,119.716,1.559,641.589,55.377,1,1,1,15.036,tp8pp1dp1etp1ep8,1,1,3,0.627,tp8pp1dp1etp1ep8,32
deepseek_v3__b200_sxm__empirical,deepseek_v3,b200_sxm,EMPIRICAL,decode,13.532399999999999,1.73052,7.8198460578323274,1.73052,1.731,0.00027737327508496634,119.716,1.559,641.456,55.377,1,1,1,15.036,tp8pp1dp1etp1ep8,1,1,3,0.627,tp8pp1dp1etp2ep4,32
deepseek_v3__b200_sxm__empirical,deepseek_v3,b200_sxm,EMPIRICAL,decode,13.532399999999999,1.73052,7.8198460578323274,1.73052,1.731,0.00027737327508496634,119.716,1.56,641.189,55.377,1,1,1,15.036,tp8pp1dp1etp1ep8,1,1,3,0.627,tp8pp1dp1etp4ep2,32
deepseek_v3__b200_sxm__empirical,deepseek_v3,b200_sxm,EMPIRICAL,decode,13.532399999999999,1.7277600000000002,7.832337824697873,1.7277600000000002,1.728,0.00013890818169178353,119.716,1.561,640.656,55.288,1,1,1,15.036,tp8pp1dp1etp1ep8,1,1,3,0.626,tp8pp1dp1etp8ep1,32
deepseek_v3__b200_sxm__empirical,deepseek_v3,b200_sxm,EMPIRICAL,decode,8.7822,2.3184,3.788043478260869,2.3184,2.318,0.0001725327812284144,184.468,2.716,368.188,74.189,1,1,1,9.758,tp4pp1dp1etp1ep4,1,1,7,0.36,tp4pp1dp1etp1ep4,32
deepseek_v3__b200_sxm__empirical,deepseek_v3,b200_sxm,EMPIRICAL,decode,8.7822,2.3184,3.788043478260869,2.3184,2.318,0.0001725327812284144,184.468,2.717,368.1,74.189,1,1,1,9.758,tp4pp1dp1etp1ep4,1,1,7,0.36,tp4pp1dp1etp2ep2,32
deepseek_v3__b200_sxm__empirical,deepseek_v3,b200_sxm,EMPIRICAL,decode,8.7822,2.3184,3.788043478260869,2.3184,2.318,0.0001725327812284144,184.468,2.718,367.924,74.189,1,1,1,9.758,tp4pp1dp1etp1ep4,1,1,7,0.36,tp4pp1dp1etp4ep1,32
deepseek_v3__b200_sxm__empirical,deepseek_v3,b200_sxm,EMPIRICAL,decode,13.532399999999999,2.0506800000000003,6.598981801158638,2.0506800000000003,2.051,0.00015604579944207574,119.716,2.632,380.007,65.622,1,1,1,15.036,tp8pp1dp1etp1ep8,2,2,3,0.743,tp8pp1dp1etp1ep8,32
deepseek_v3__b200_sxm__empirical,deepseek_v3,b200_sxm,EMPIRICAL,decode,13.532399999999999,2.0506800000000003,6.598981801158638,2.0506800000000003,2.051,0.00015604579944207574,119.716,2.632,379.914,65.622,1,1,1,15.036,tp8pp1dp1etp1ep8,2,2,3,0.743,tp8pp1dp1etp2ep4,32
deepseek_v3__b200_sxm__empirical,deepseek_v3,b200_sxm,EMPIRICAL,decode,13.532399999999999,2.1859200000000003,6.190711462450592,2.1859200000000003,2.186,3.6597862684652645e-05,119.716,3.704,269.947,69.949,1,1,1,15.036,tp8pp1dp1etp1ep8,3,3,3,0.792,tp8pp1dp1etp1ep8,32
deepseek_v3__b200_sxm__empirical,deepseek_v3,b200_sxm,EMPIRICAL,decode,13.532399999999999,2.1831600000000004,6.1985378991919955,2.1831600000000004,2.183,7.328826105306257e-05,119.716,3.705,269.877,69.861,1,1,1,15.036,tp8pp1dp1etp1ep8,3,3,3,0.791,tp8pp1dp1etp2ep4,32
deepseek_v3__b200_sxm__empirical,deepseek_v3,b200_sxm,EMPIRICAL,decode,8.7822,2.63396,3.3342191984692247,2.63396,2.634,1.5186259472360232e-05,184.468,4.786,208.949,84.287,1,1,1,9.758,tp4pp1dp1etp1ep4,2,2,7,0.409,tp4pp1dp1etp1ep4,32
deepseek_v3__b200_sxm__empirical,deepseek_v3,b200_sxm,EMPIRICAL,decode,8.7822,2.62752,3.3423913043478257,2.62752,2.628,0.0001826817683595314,184.468,4.787,208.892,84.081,1,1,1,9.758,tp4pp1dp1etp1ep4,2,2,7,0.408,tp4pp1dp1etp2ep2,32
deepseek_v3__b200_sxm__empirical,deepseek_v3,b200_sxm,EMPIRICAL,decode,8.7822,2.62752,3.3423913043478257,2.62752,2.628,0.0001826817683595314,184.468,4.79,208.779,84.081,1,1,1,9.758,tp4pp1dp1etp1ep4,2,2,7,0.408,tp4pp1dp1etp4ep1,32
deepseek_v3__b200_sxm__empirical,deepseek_v3,b200_sxm,EMPIRICAL,decode,13.532399999999999,2.2576799999999997,5.993940682470501,2.2576799999999997,2.258,0.00014173842174281567,119.716,4.777,209.322,72.246,1,1,1,15.036,tp8pp1dp1etp1ep8,4,4,3,0.818,tp8pp1dp1etp1ep8,32
deepseek_v3__b200_sxm__empirical,deepseek_v3,b200_sxm,EMPIRICAL,decode,13.532399999999999,2.2576799999999997,5.993940682470501,2.2576799999999997,2.258,0.00014173842174281567,119.716,4.779,209.265,72.246,1,1,1,15.036,tp8pp1dp1etp1ep8,4,4,3,0.818,tp8pp1dp1etp2ep4,32
deepseek_v3__b200_sxm__empirical,deepseek_v3,b200_sxm,EMPIRICAL,decode,13.532399999999999,2.3046,5.871908357198645,2.3046,2.305,0.00017356591165493184,119.716,5.85,170.934,73.747,1,1,1,15.036,tp8pp1dp1etp1ep8,5,5,3,0.835,tp8pp1dp1etp1ep8,32
deepseek_v3__b200_sxm__empirical,deepseek_v3,b200_sxm,EMPIRICAL,decode,13.532399999999999,2.3046,5.871908357198645,2.3046,2.305,0.00017356591165493184,119.716,5.852,170.886,73.747,1,1,1,15.036,tp8pp1dp1etp1ep8,5,5,3,0.835,tp8pp1dp1etp2ep4,32
deepseek_v3__b200_sxm__empirical,deepseek_v3,b200_sxm,EMPIRICAL,decode,8.7822,2.75632,3.186204794798862,2.75632,2.756,0.00011609682475195915,184.468,6.856,145.864,88.202,1,1,1,9.758,tp4pp1dp1etp1ep4,3,3,7,0.428,tp4pp1dp1etp1ep4,32
deepseek_v3__b200_sxm__empirical,deepseek_v3,b200_sxm,EMPIRICAL,decode,8.7822,2.75632,3.186204794798862,2.75632,2.756,0.00011609682475195915,184.468,6.858,145.822,88.202,1,1,1,9.758,tp4pp1dp1etp1ep4,3,3,7,0.428,tp4pp1dp1etp2ep2,32
deepseek_v3__b200_sxm__empirical,deepseek_v3,b200_sxm,EMPIRICAL,decode,8.7822,2.74988,3.193666632725791,2.74988,2.75,4.3638267851650966e-05,184.468,6.862,145.739,87.996,1,1,1,9.758,tp4pp1dp1etp1ep4,3,3,7,0.427,tp4pp1dp1etp4ep1,32
deepseek_v3__b200_sxm__empirical,deepseek_v3,b200_sxm,EMPIRICAL,decode,13.532399999999999,2.33772,5.788717211642112,2.33772,2.338,0.00011977482333216039,119.716,6.923,144.444,74.807,1,1,1,15.036,tp8pp1dp1etp1ep8,6,6,3,0.847,tp8pp1dp1etp1ep8,32
deepseek_v3__b200_sxm__empirical,deepseek_v3,b200_sxm,EMPIRICAL,decode,13.532399999999999,2.33772,5.788717211642112,2.33772,2.338,0.00011977482333216039,119.716,6.925,144.403,74.807,1,1,1,15.036,tp8pp1dp1etp1ep8,6,6,3,0.847,tp8pp1dp1etp2ep4,32
deepseek_v3__b200_sxm__empirical,deepseek_v3,b200_sxm,EMPIRICAL,decode,13.532399999999999,2.36256,5.727854530678585,2.36256,2.363,0.0001862386563726525,119.716,7.996,125.062,75.602,1,1,1,15.036,tp8pp1dp1etp1ep8,7,7,3,0.856,tp8pp1dp1etp1ep8,32
deepseek_v3__b200_sxm__empirical,deepseek_v3,b200_sxm,EMPIRICAL,decode,13.532399999999999,2.36256,5.727854530678585,2.36256,2.363,0.0001862386563726525,119.716,7.998,125.027,75.602,1,1,1,15.036,tp8pp1dp1etp1ep8,7,7,3,0.856,tp8pp1dp1etp2ep4,32
deepseek_v3__b200_sxm__empirical,deepseek_v3,b200_sxm,EMPIRICAL,decode,8.7822,2.82072,3.1134603930911253,2.82072,2.821,9.926543577528361e-05,184.468,8.926,112.037,90.263,1,1,1,9.758,tp4pp1dp1etp1ep4,4,4,7,0.438,tp4pp1dp1etp1ep4,32
deepseek_v3__b200_sxm__empirical,deepseek_v3,b200_sxm,EMPIRICAL,decode,8.7822,2.82072,3.1134603930911253,2.82072,2.821,9.926543577528361e-05,184.468,8.928,112.005,90.263,1,1,1,9.758,tp4pp1dp1etp1ep4,4,4,7,0.438,tp4pp1dp1etp2ep2,32
deepseek_v3__b200_sxm__empirical,deepseek_v3,b200_sxm,EMPIRICAL,decode,8.7822,2.82072,3.1134603930911253,2.82072,2.821,9.926543577528361e-05,184.468,8.933,111.94,90.263,1,1,1,9.758,tp4pp1dp1etp1ep4,4,4,7,0.438,tp4pp1dp1etp4ep1,32
deepseek_v3__b200_sxm__empirical,deepseek_v3,b200_sxm,EMPIRICAL,decode,13.532399999999999,2.37912,5.687985473620498,2.37912,2.379,5.04388177140699e-05,119.716,9.077,110.172,76.132,1,1,1,15.036,tp8pp1dp1etp1ep8,8,8,3,0.862,tp8pp1dp1etp4ep2,32
deepseek_v3__b200_sxm__empirical,deepseek_v3,b200_sxm,EMPIRICAL,decode,13.532399999999999,2.37912,5.687985473620498,2.37912,2.379,5.04388177140699e-05,119.716,9.072,110.235,76.132,1,1,1,15.036,tp8pp1dp1etp1ep8,8,8,3,0.862,tp8pp1dp1etp2ep4,32
deepseek_v3__b200_sxm__empirical,deepseek_v3,b200_sxm,EMPIRICAL,decode,8.7822,2.8658,3.0644846116267708,2.8658,2.866,6.978854072160583e-05,184.468,10.995,90.947,91.706,1,1,1,9.758,tp4pp1dp1etp1ep4,5,5,7,0.445,tp4pp1dp1etp1ep4,32
deepseek_v3__b200_sxm__empirical,deepseek_v3,b200_sxm,EMPIRICAL,decode,8.7822,2.85936,3.0713866039952995,2.85936,2.859,0.00012590229981539154,184.468,10.999,90.92,91.5,1,1,1,9.758,tp4pp1dp1etp1ep4,5,5,7,0.444,tp4pp1dp1etp2ep2,32
deepseek_v3__b200_sxm__empirical,deepseek_v3,b200_sxm,EMPIRICAL,decode,13.532399999999999,2.39292,5.655182789228222,2.39292,2.393,3.34319576081256e-05,119.716,10.151,98.517,76.573,1,1,1,15.036,tp8pp1dp1etp1ep8,9,9,3,0.867,tp8pp1dp1etp4ep2,32
deepseek_v3__b200_sxm__empirical,deepseek_v3,b200_sxm,EMPIRICAL,decode,13.532399999999999,2.39292,5.655182789228222,2.39292,2.393,3.34319576081256e-05,119.716,10.145,98.573,76.573,1,1,1,15.036,tp8pp1dp1etp1ep8,9,9,3,0.867,tp8pp1dp1etp2ep4,32
deepseek_v3__b200_sxm__empirical,deepseek_v3,b200_sxm,EMPIRICAL,decode,8.7822,2.85936,3.0713866039952995,2.85936,2.859,0.00012590229981539154,184.468,11.005,90.866,91.5,1,1,1,9.758,tp4pp1dp1etp1ep4,5,5,7,0.444,tp4pp1dp1etp4ep1,32
deepseek_v3__b200_sxm__empirical,deepseek_v3,b200_sxm,EMPIRICAL,decode,13.532399999999999,2.4067200000000004,5.622756282409253,2.4067200000000004,2.407,0.00011634091211259051,119.716,11.215,89.169,77.015,1,1,1,15.036,tp8pp1dp1etp1ep8,10,10,3,0.872,tp8pp1dp1etp1ep8,32
deepseek_v3__b200_sxm__empirical,deepseek_v3,b200_sxm,EMPIRICAL,decode,13.532399999999999,2.40396,5.629211800529126,2.40396,2.404,1.6639211966845522e-05,119.716,11.224,89.091,76.927,1,1,1,15.036,tp8pp1dp1etp1ep8,10,10,3,0.871,tp8pp1dp1etp4ep2,32
deepseek_v3__b200_sxm__empirical,deepseek_v3,b200_sxm,EMPIRICAL,decode,13.532399999999999,2.415,5.603478260869565,2.415,2.415,0.0,119.716,12.291,81.359,77.28,1,1,1,15.036,tp8pp1dp1etp1ep8,11,11,3,0.875,tp8pp1dp1etp2ep4,32
deepseek_v3__b200_sxm__empirical,deepseek_v3,b200_sxm,EMPIRICAL,decode,13.532399999999999,2.415,5.603478260869565,2.415,2.415,0.0,119.716,12.288,81.383,77.28,1,1,1,15.036,tp8pp1dp1etp1ep8,11,11,3,0.875,tp8pp1dp1etp1ep8,32
deepseek_v3__b200_sxm__empirical,deepseek_v3,b200_sxm,EMPIRICAL,decode,8.7822,2.89156,3.0371840805655075,2.89156,2.892,0.00015216699636174725,184.468,13.077,76.47,92.53,1,1,1,9.758,tp4pp1dp1etp1ep4,6,6,7,0.449,tp4pp1dp1etp4ep1,32
deepseek_v3__b200_sxm__empirical,deepseek_v3,b200_sxm,EMPIRICAL,decode,8.7822,2.89156,3.0371840805655075,2.89156,2.892,0.00015216699636174725,184.468,13.069,76.516,92.53,1,1,1,9.758,tp4pp1dp1etp1ep4,6,6,7,0.449,tp4pp1dp1etp2ep2,32
deepseek_v3__b200_sxm__empirical,deepseek_v3,b200_sxm,EMPIRICAL,decode,8.7822,2.89156,3.0371840805655075,2.89156,2.892,0.00015216699636174725,184.468,13.065,76.539,92.53,1,1,1,9.758,tp4pp1dp1etp1ep4,6,6,7,0.449,tp4pp1dp1etp1ep4,32
deepseek_v3__b200_sxm__empirical,deepseek_v3,b200_sxm,EMPIRICAL,decode,13.532399999999999,2.42328,5.584331979795978,2.42328,2.423,0.00011554587171109322,119.716,13.364,74.826,77.545,1,1,1,15.036,tp8pp1dp1etp1ep8,12,12,3,0.878,tp8pp1dp1etp2ep4,32
deepseek_v3__b200_sxm__empirical,deepseek_v3,b200_sxm,EMPIRICAL,decode,13.532399999999999,2.42328,5.584331979795978,2.42328,2.423,0.00011554587171109322,119.716,13.361,74.847,77.545,1,1,1,15.036,tp8pp1dp1etp1ep8,12,12,3,0.878,tp8pp1dp1etp1ep8,32
deepseek_v3__b200_sxm__empirical,deepseek_v3,b200_sxm,EMPIRICAL,decode,13.532399999999999,2.4288000000000003,5.571640316205532,2.4288000000000003,2.429,8.234519104065129e-05,119.716,14.446,69.223,77.722,1,1,1,15.036,tp8pp1dp1etp1ep8,13,13,3,0.88,tp8pp1dp1etp4ep2,32
deepseek_v3__b200_sxm__empirical,deepseek_v3,b200_sxm,EMPIRICAL,decode,13.532399999999999,2.4288000000000003,5.571640316205532,2.4288000000000003,2.429,8.234519104065129e-05,119.716,14.438,69.264,77.722,1,1,1,15.036,tp8pp1dp1etp1ep8,13,13,3,0.88,tp8pp1dp1etp2ep4,32
deepseek_v3__b200_sxm__empirical,deepseek_v3,b200_sxm,EMPIRICAL,decode,8.7822,2.91088,3.017025779145825,2.91088,2.911,4.1224646842156996e-05,184.468,15.149,66.012,93.148,1,1,1,9.758,tp4pp1dp1etp1ep4,7,7,7,0.452,tp4pp1dp1etp4ep1,32
deepseek_v3__b200_sxm__empirical,deepseek_v3,b200_sxm,EMPIRICAL,decode,8.7822,2.91088,3.017025779145825,2.91088,2.911,4.1224646842156996e-05,184.468,15.14,66.051,93.148,1,1,1,9.758,tp4pp1dp1etp1ep4,7,7,7,0.452,tp4pp1dp1etp2ep2,32
deepseek_v3__b200_sxm__empirical,deepseek_v3,b200_sxm,EMPIRICAL,decode,8.7822,2.91088,3.017025779145825,2.91088,2.911,4.1224646842156996e-05,184.468,15.135,66.071,93.148,1,1,1,9.758,tp4pp1dp1etp1ep4,7,7,7,0.452,tp4pp1dp1etp1ep4,32
deepseek_v3__b200_sxm__empirical,deepseek_v3,b200_sxm,EMPIRICAL,decode,13.532399999999999,2.43708,5.5527106209069865,2.43708,2.437,3.2826169021977126e-05,119.716,15.506,64.49,77.987,1,1,1,15.036,tp8pp1dp1etp1ep8,14,14,3,0.883,tp8pp1dp1etp1ep8,32
deepseek_v3__b200_sxm__empirical,deepseek_v3,b200_sxm,EMPIRICAL,decode,13.532399999999999,2.43432,5.559006211180124,2.43432,2.434,0.00013145354760256495,119.716,15.52,64.433,77.898,1,1,1,15.036,tp8pp1dp1etp1ep8,14,14,3,0.882,tp8pp1dp1etp4ep2,32
deepseek_v3__b200_sxm__empirical,deepseek_v3,b200_sxm,EMPIRICAL,decode,13.532399999999999,2.4398400000000002,5.546429274050756,2.4398400000000002,2.44,6.557807069304377e-05,119.716,16.594,60.264,78.075,1,1,1,15.036,tp8pp1dp1etp1ep8,15,15,3,0.884,tp8pp1dp1etp4ep2,32
deepseek_v3__b200_sxm__empirical,deepseek_v3,b200_sxm,EMPIRICAL,decode,13.532399999999999,2.4398400000000002,5.546429274050756,2.4398400000000002,2.44,6.557807069304377e-05,119.716,16.584,60.299,78.075,1,1,1,15.036,tp8pp1dp1etp1ep8,15,15,3,0.884,tp8pp1dp1etp2ep4,32
deepseek_v3__b200_sxm__empirical,deepseek_v3,b200_sxm,EMPIRICAL,decode,28.526400000000002,4.80792,5.933210203164778,4.80792,4.808,1.6639211966845522e-05,454.309,17.956,55.693,153.853,1,8,1,31.696,tp1pp1dp8etp1ep8,4,32,3,1.742,tp1pp1dp8etp1ep8,32
deepseek_v3__b200_sxm__empirical,deepseek_v3,b200_sxm,EMPIRICAL,decode,28.526400000000002,4.805160000000001,5.936618135504332,4.805160000000001,4.805,3.329753847968604e-05,454.309,17.966,55.66,153.765,1,8,1,31.696,tp1pp1dp8etp1ep8,4,32,3,1.741,tp1pp1dp8etp2ep4,32
deepseek_v3__b200_sxm__empirical,deepseek_v3,b200_sxm,EMPIRICAL,decode,28.526400000000002,4.799640000000001,5.943445758431881,4.799640000000001,4.8,7.50056254216578e-05,454.309,17.987,55.596,153.588,1,8,1,31.696,tp1pp1dp8etp1ep8,4,32,3,1.739,tp1pp1dp8etp4ep2,32
deepseek_v3__b200_sxm__empirical,deepseek_v3,b200_sxm,EMPIRICAL,decode,28.526400000000002,3.6156,7.88981081978095,3.6156,3.616,0.00011063170704722755,454.309,17.908,55.84,115.699,1,8,1,31.696,tp1pp1dp8etp1ep8,3,24,3,1.31,tp1pp1dp8etp8ep1,32
deepseek_v3__b200_sxm__empirical,deepseek_v3,b200_sxm,EMPIRICAL,decode,13.532399999999999,3.00564,4.502335609054977,3.00564,3.006,0.00011977482333203374,119.716,17.959,55.683,96.18,1,1,1,15.036,tp8pp1dp1etp1ep8,20,20,3,1.089,tp8pp1dp1etp1ep8,32
deepseek_v3__b200_sxm__empirical,deepseek_v3,b200_sxm,EMPIRICAL,decode,28.526400000000002,15.9252,1.7912742069173386,15.9252,15.925,1.2558711978470217e-05,454.309,18.973,52.707,509.606,1,8,1,31.696,tp1pp1dp8etp1ep8,14,112,3,5.77,tp1pp1dp8etp1ep8,32
deepseek_v3__b200_sxm__empirical,deepseek_v3,b200_sxm,EMPIRICAL,decode,28.526400000000002,14.843280000000002,1.9218393778194576,14.843280000000002,14.843,1.8863755180919198e-05,454.309,18.905,52.896,474.985,1,8,1,31.696,tp1pp1dp8etp1ep8,13,104,3,5.378,tp1pp1dp8etp2ep4,32
deepseek_v3__b200_sxm__empirical,deepseek_v3,b200_sxm,EMPIRICAL,decode,28.526400000000002,14.788079999999999,1.9290130970349095,14.788079999999999,14.788,5.409762457245818e-06,454.309,18.972,52.708,473.219,1,8,1,31.696,tp1pp1dp8etp1ep8,13,104,3,5.358,tp1pp1dp8etp4ep2,32
deepseek_v3__b200_sxm__empirical,deepseek_v3,b200_sxm,EMPIRICAL,decode,28.526400000000002,13.639920000000002,2.091390565340559,13.639920000000002,13.64,5.865137038835105e-06,454.309,18.987,52.666,436.477,1,8,1,31.696,tp1pp1dp8etp1ep8,12,96,3,4.942,tp1pp1dp8etp8ep1,32
deepseek_v3__b200_sxm__empirical,deepseek_v3,b200_sxm,EMPIRICAL,decode,13.532399999999999,4.573320000000001,2.9589882186245435,4.573320000000001,4.573,6.997104947834832e-05,119.716,18.878,52.971,146.346,1,1,1,15.036,tp8pp1dp1etp1ep8,32,32,3,1.657,tp8pp1dp1etp1ep8,32
deepseek_v3__b200_sxm__empirical,deepseek_v3,b200_sxm,EMPIRICAL,decode,28.526400000000002,25.91364,1.1008256655568265,25.91364,25.914,1.3892297647130316e-05,454.309,19.99,50.024,829.236,1,8,1,31.696,tp1pp1dp8etp1ep8,24,192,3,9.389,tp1pp1dp8etp1ep8,32
deepseek_v3__b200_sxm__empirical,deepseek_v3,b200_sxm,EMPIRICAL,decode,28.526400000000002,23.929199999999998,1.1921167443959684,23.929199999999998,23.929,8.35798940204996e-06,454.309,19.844,50.393,765.734,1,8,1,31.696,tp1pp1dp8etp1ep8,22,176,3,8.67,tp1pp1dp8etp2ep4,32
deepseek_v3__b200_sxm__empirical,deepseek_v3,b200_sxm,EMPIRICAL,decode,28.526400000000002,23.7912,1.1990315746998892,23.7912,23.791,8.406469618999205e-06,454.309,19.958,50.105,761.318,1,8,1,31.696,tp1pp1dp8etp1ep8,22,176,3,8.62,tp1pp1dp8etp4ep2,32
deepseek_v3__b200_sxm__empirical,deepseek_v3,b200_sxm,EMPIRICAL,decode,28.526400000000002,21.64116,1.3181548493703665,21.64116,21.641,7.393319027309451e-06,454.309,19.947,50.134,692.517,1,8,1,31.696,tp1pp1dp8etp1ep8,20,160,3,7.841,tp1pp1dp8etp8ep1,32
deepseek_v3__b200_sxm__empirical,deepseek_v3,b200_sxm,EMPIRICAL,decode,13.532399999999999,5.99472,2.2573865001201057,5.99472,5.995,4.670776950383971e-05,119.716,19.798,50.51,191.831,1,1,1,15.036,tp8pp1dp1etp1ep8,44,44,3,2.172,tp8pp1dp1etp1ep8,32
deepseek_v3__b200_sxm__empirical,deepseek_v3,b200_sxm,EMPIRICAL,decode,28.526400000000002,20.826040000000003,1.369746720932064,20.826040000000003,20.826,1.920672389087815e-06,454.309,24.873,40.204,1332.867,1,8,1,31.696,tp1pp1dp8etp1ep8,72,576,1,22.637,tp1pp1dp8etp1ep8,16
deepseek_v3__b200_sxm__empirical,deepseek_v3,b200_sxm,EMPIRICAL,decode,28.526400000000002,19.852680000000003,1.4369042366068459,19.852680000000003,19.853,1.611873056930065e-05,454.309,24.643,40.58,1270.572,1,8,1,31.696,tp1pp1dp8etp1ep8,68,544,1,21.579,tp1pp1dp8etp2ep4,16
deepseek_v3__b200_sxm__empirical,deepseek_v3,b200_sxm,EMPIRICAL,decode,28.526400000000002,19.573,1.4574362642415573,19.573,19.573,0.0,454.309,24.996,40.007,1252.672,1,8,1,31.696,tp1pp1dp8etp1ep8,68,544,1,21.275,tp1pp1dp8etp4ep2,16
deepseek_v3__b200_sxm__empirical,deepseek_v3,b200_sxm,EMPIRICAL,prefill,28.526400000000002,34.89376,0.8175215282044699,28.526400000000002,28.526,1.4022098827844399e-05,454.309,24.742,40.417,1217.126,1,8,1,31.696,tp1pp1dp8etp1ep8,60,480,2,18.964,tp1pp1dp8etp8ep1,24
deepseek_v3__b200_sxm__empirical,deepseek_v3,b200_sxm,EMPIRICAL,decode,13.532399999999999,11.79624,1.1471791011373116,11.79624,11.796,2.034546601288173e-05,119.716,24.703,40.481,377.48,1,1,1,15.036,tp8pp1dp1etp1ep8,108,108,3,4.274,tp8pp1dp1etp1ep8,32
deepseek_v3__b200_sxm__empirical,deepseek_v3,b200_sxm,EMPIRICAL,prefill,28.526400000000002,29.01404,0.983192964509596,28.526400000000002,28.526,1.4022098827844399e-05,454.309,29.756,33.607,1825.69,1,8,1,31.696,tp1pp1dp8etp1ep8,120,960,1,31.537,tp1pp1dp8etp1ep8,16
deepseek_v3__b200_sxm__empirical,deepseek_v3,b200_sxm,EMPIRICAL,decode,28.526400000000002,28.1474,1.0134648315652601,28.1474,28.147,1.4210904026752754e-05,454.309,29.65,33.727,1801.434,1,8,1,31.696,tp1pp1dp8etp1ep8,116,928,1,30.595,tp1pp1dp8etp2ep4,16
deepseek_v3__b200_sxm__empirical,deepseek_v3,b200_sxm,EMPIRICAL,decode,28.526400000000002,27.02684,1.0554841039499994,27.02684,27.027,5.920040966722273e-06,454.309,29.814,33.541,1729.718,1,8,1,31.696,tp1pp1dp8etp1ep8,112,896,1,29.377,tp1pp1dp8etp4ep2,16
deepseek_v3__b200_sxm__empirical,deepseek_v3,b200_sxm,EMPIRICAL,decode,28.526400000000002,24.357000000000003,1.171178716590713,24.357000000000003,24.357,1.4586006810364579e-16,454.309,29.538,33.855,1558.848,1,8,1,31.696,tp1pp1dp8etp1ep8,100,800,1,26.475,tp1pp1dp8etp8ep1,16
deepseek_v3__b200_sxm__empirical,deepseek_v3,b200_sxm,EMPIRICAL,decode,13.532399999999999,10.58,1.279054820415879,10.58,10.58,0.0,119.716,29.921,33.421,451.413,1,1,1,15.036,tp8pp1dp1etp1ep8,176,176,2,5.75,tp8pp1dp1etp1ep8,24
deepseek_v3__b200_sxm__empirical,deepseek_v3,b200_sxm,EMPIRICAL,prefill,28.526400000000002,34.86892,0.8181039160375486,28.526400000000002,28.526,1.4022098827844399e-05,454.309,34.664,28.848,1825.69,1,8,1,31.696,tp1pp1dp8etp1ep8,168,1344,1,37.901,tp1pp1dp8etp1ep8,16
deepseek_v3__b200_sxm__empirical,deepseek_v3,b200_sxm,EMPIRICAL,prefill,28.526400000000002,33.60392,0.8489009615544854,28.526400000000002,28.526,1.4022098827844399e-05,454.309,34.256,29.192,1825.69,1,8,1,31.696,tp1pp1dp8etp1ep8,160,1280,1,36.526,tp1pp1dp8etp2ep4,16
deepseek_v3__b200_sxm__empirical,deepseek_v3,b200_sxm,EMPIRICAL,prefill,28.526400000000002,31.974600000000002,0.8921581505319848,28.526400000000002,28.526,1.4022098827844399e-05,454.309,34.201,29.239,1825.69,1,8,1,31.696,tp1pp1dp8etp1ep8,152,1216,1,34.755,tp1pp1dp8etp4ep2,16
deepseek_v3__b200_sxm__empirical,deepseek_v3,b200_sxm,EMPIRICAL,prefill,28.526400000000002,29.759240000000002,0.9585728667802,28.526400000000002,28.526,1.4022098827844399e-05,454.309,34.813,28.725,1825.69,1,8,1,31.696,tp1pp1dp8etp1ep8,144,1152,1,32.347,tp1pp1dp8etp8ep1,16
deepseek_v3__b200_sxm__empirical,deepseek_v3,b200_sxm,EMPIRICAL,decode,13.532399999999999,12.38136,1.0929655546725077,12.38136,12.381,2.9075965806711223e-05,119.716,34.867,28.68,528.271,1,1,1,15.036,tp8pp1dp1etp1ep8,240,240,2,6.729,tp8pp1dp1etp1ep8,24
deepseek_v3__b200_sxm__empirical,deepseek_v3,b200_sxm,EMPIRICAL,prefill,28.526400000000002,39.216840000000005,0.7274017998390487,28.526400000000002,28.526,1.4022098827844399e-05,454.309,39.626,25.236,1825.69,1,8,1,31.696,tp1pp1dp8etp1ep8,216,1728,1,42.627,tp1pp1dp8etp1ep8,16
deepseek_v3__b200_sxm__empirical,deepseek_v3,b200_sxm,EMPIRICAL,prefill,28.526400000000002,38.04016,0.749902208613213,28.526400000000002,28.526,1.4022098827844399e-05,454.309,39.339,25.42,1825.69,1,8,1,31.696,tp1pp1dp8etp1ep8,208,1664,1,41.348,tp1pp1dp8etp2ep4,16
deepseek_v3__b200_sxm__empirical,deepseek_v3,b200_sxm,EMPIRICAL,prefill,28.526400000000002,36.40164,0.7836570000692277,28.526400000000002,28.526,1.4022098827844399e-05,454.309,39.529,25.298,1825.69,1,8,1,31.696,tp1pp1dp8etp1ep8,200,1600,1,39.567,tp1pp1dp8etp4ep2,16
deepseek_v3__b200_sxm__empirical,deepseek_v3,b200_sxm,EMPIRICAL,prefill,28.526400000000002,33.379439999999995,0.8546099035813665,28.526400000000002,28.526,1.4022098827844399e-05,454.309,39.659,25.215,1825.69,1,8,1,31.696,tp1pp1dp8etp1ep8,184,1472,1,36.282,tp1pp1dp8etp8ep1,16
deepseek_v3__b200_sxm__empirical,deepseek_v3,b200_sxm,EMPIRICAL,decode,13.532399999999999,12.931519999999999,1.0464663086783301,12.931519999999999,12.932,3.7118606320167175e-05,119.716,36.722,27.232,551.745,1,1,1,15.036,tp8pp1dp1etp1ep8,264,264,2,7.028,tp8pp1dp1etp1ep8,24
deepseek_v3__b200_sxm__empirical,deepseek_v3,b200_sxm,EMPIRICAL,prefill,28.526400000000002,40.434000000000005,0.7055052678438938,28.526400000000002,28.526,1.4022098827844399e-05,454.309,41.281,24.224,1825.69,1,8,1,31.696,tp1pp1dp8etp1ep8,232,1856,1,43.95,tp1pp1dp8etp1ep8,16
deepseek_v3__b200_sxm__empirical,deepseek_v3,b200_sxm,EMPIRICAL,prefill,28.526400000000002,39.85256,0.715798433024127,28.526400000000002,28.526,1.4022098827844399e-05,454.309,41.883,23.876,1825.69,1,8,1,31.696,tp1pp1dp8etp1ep8,232,1856,1,43.318,tp1pp1dp8etp2ep4,16
deepseek_v3__b200_sxm__empirical,deepseek_v3,b200_sxm,EMPIRICAL,prefill,28.526400000000002,38.73936,0.736367353513326,28.526400000000002,28.526,1.4022098827844399e-05,454.309,43.087,23.209,1825.69,1,8,1,31.696,tp1pp1dp8etp1ep8,232,1856,1,42.108,tp1pp1dp8etp4ep2,16
deepseek_v3__b200_sxm__empirical,deepseek_v3,b200_sxm,EMPIRICAL,prefill,28.526400000000002,36.1974,0.7880787017852111,28.526400000000002,28.526,1.4022098827844399e-05,454.309,44.522,22.461,1825.69,1,8,1,31.696,tp1pp1dp8etp1ep8,224,1792,1,39.345,tp1pp1dp8etp8ep1,16
deepseek_v3__b200_sxm__silicon,deepseek_v3,b200_sxm,SILICON,decode,5.5224,0.49955999999999995,11.054527984626473,0.49955999999999995,0.5,0.0008807750820723267,293.35,5.399,185.234,15.986,1,1,1,6.136,tp8pp1dp1etp2ep4,1,1,3,0.181,tp8pp1dp1etp8ep1,32
deepseek_v3__b200_sxm__silicon,deepseek_v3,b200_sxm,SILICON,decode,5.5224,0.48299999999999993,11.433540372670809,0.48299999999999993,0.483,1.1492991973345309e-16,293.35,5.579,179.238,15.456,1,1,1,6.136,tp8pp1dp1etp2ep4,1,1,3,0.175,tp8pp1dp1etp2ep4,32
deepseek_v3__b200_sxm__silicon,deepseek_v3,b200_sxm,SILICON,decode,5.5224,0.48024000000000006,11.499250374812593,0.48024000000000006,0.48,0.0004997501249376842,293.35,5.611,178.217,15.368,1,1,1,6.136,tp8pp1dp1etp2ep4,1,1,3,0.174,tp8pp1dp1etp4ep2,32
deepseek_v3__b200_sxm__silicon,deepseek_v3,b200_sxm,SILICON,decode,5.5224,0.47196000000000005,11.700991609458429,0.47196000000000005,0.472,8.475294516469399e-05,293.35,5.718,174.882,15.103,1,1,1,6.136,tp8pp1dp1etp2ep4,1,1,3,0.171,tp8pp1dp1etp1ep8,32
deepseek_v3__b200_sxm__silicon,deepseek_v3,b200_sxm,SILICON,decode,5.5224,1.18404,4.66403162055336,1.18404,1.184,3.3782642478328435e-05,293.35,6.833,146.345,37.889,1,1,1,6.136,tp8pp1dp1etp2ep4,3,3,3,0.429,tp8pp1dp1etp8ep1,32
deepseek_v3__b200_sxm__silicon,deepseek_v3,b200_sxm,SILICON,decode,4.5045,0.95956,4.694339072074701,0.95956,0.96,0.00045854349910375166,359.611,6.546,152.767,30.706,1,1,1,5.005,tp4pp1dp1etp2ep2,1,1,7,0.149,tp4pp1dp1etp2ep2,32
deepseek_v3__b200_sxm__silicon,deepseek_v3,b200_sxm,SILICON,decode,4.5045,0.95956,4.694339072074701,0.95956,0.96,0.00045854349910375166,359.611,6.555,152.551,30.706,1,1,1,5.005,tp4pp1dp1etp2ep2,1,1,7,0.149,tp4pp1dp1etp1ep4,32
deepseek_v3__b200_sxm__silicon,deepseek_v3,b200_sxm,SILICON,decode,4.5045,0.90804,4.960684551341351,0.90804,0.908,4.4050922866755854e-05,359.611,6.927,144.361,29.057,1,1,1,5.005,tp4pp1dp1etp2ep2,1,1,7,0.141,tp4pp1dp1etp4ep1,32
deepseek_v3__b200_sxm__silicon,deepseek_v3,b200_sxm,SILICON,decode,5.5224,0.8142,6.782608695652174,0.8142,0.814,0.00024563989191855683,293.35,6.638,150.649,26.054,1,1,1,6.136,tp8pp1dp1etp2ep4,2,2,3,0.295,tp8pp1dp1etp4ep2,32
deepseek_v3__b200_sxm__silicon,deepseek_v3,b200_sxm,SILICON,decode,5.5224,1.69188,3.264061280941911,1.69188,1.692,7.092701610037234e-05,293.35,7.97,125.478,54.14,1,1,1,6.136,tp8pp1dp1etp2ep4,5,5,3,0.613,tp8pp1dp1etp8ep1,32
deepseek_v3__b200_sxm__silicon,deepseek_v3,b200_sxm,SILICON,decode,5.5224,1.08468,5.0912711583139725,1.08468,1.085,0.00029501788545919155,293.35,7.455,134.144,34.71,1,1,1,6.136,tp8pp1dp1etp2ep4,3,3,3,0.393,tp8pp1dp1etp4ep2,32
deepseek_v3__b200_sxm__silicon,deepseek_v3,b200_sxm,SILICON,decode,5.5224,1.0377600000000002,5.32146160962072,1.0377600000000002,1.038,0.00023126734505068213,293.35,7.79,128.364,33.208,1,1,1,6.136,tp8pp1dp1etp2ep4,3,3,3,0.376,tp8pp1dp1etp2ep4,32
deepseek_v3__b200_sxm__silicon,deepseek_v3,b200_sxm,SILICON,decode,5.5224,1.87404,2.946788755842992,1.87404,1.874,2.1344261595172974e-05,293.35,8.64,115.741,59.969,1,1,1,6.136,tp8pp1dp1etp2ep4,6,6,3,0.679,tp8pp1dp1etp8ep1,32
deepseek_v3__b200_sxm__silicon,deepseek_v3,b200_sxm,SILICON,decode,4.5045,1.55848,2.8903162055335967,1.55848,1.558,0.00030799240285408596,359.611,8.081,123.754,49.871,1,1,1,5.005,tp4pp1dp1etp2ep2,2,2,7,0.242,tp4pp1dp1etp2ep2,32
deepseek_v3__b200_sxm__silicon,deepseek_v3,b200_sxm,SILICON,decode,4.5045,1.53272,2.9388929484837414,1.53272,1.533,0.00018268176835941068,359.611,8.218,121.683,49.047,1,1,1,5.005,tp4pp1dp1etp2ep2,2,2,7,0.238,tp4pp1dp1etp4ep1,32
deepseek_v3__b200_sxm__silicon,deepseek_v3,b200_sxm,SILICON,decode,4.5045,1.449,3.108695652173913,1.449,1.449,0.0,359.611,8.688,115.099,46.368,1,1,1,5.005,tp4pp1dp1etp2ep2,2,2,7,0.225,tp4pp1dp1etp1ep4,32
deepseek_v3__b200_sxm__silicon,deepseek_v3,b200_sxm,SILICON,decode,5.5224,1.3027199999999999,4.239130434782609,1.3027199999999999,1.303,0.00021493490542868614,293.35,8.279,120.781,41.687,1,1,1,6.136,tp8pp1dp1etp2ep4,4,4,3,0.472,tp8pp1dp1etp4ep2,32
deepseek_v3__b200_sxm__silicon,deepseek_v3,b200_sxm,SILICON,decode,5.5224,2.02032,2.7334283677833215,2.02032,2.02,0.00015839074998013977,293.35,9.347,106.99,64.65,1,1,1,6.136,tp8pp1dp1etp2ep4,7,7,3,0.732,tp8pp1dp1etp8ep1,32
deepseek_v3__b200_sxm__silicon,deepseek_v3,b200_sxm,SILICON,decode,4.5045,1.93844,2.3237758197313303,1.93844,1.938,0.00022698664905800332,359.611,9.744,102.624,62.03,1,1,1,5.005,tp4pp1dp1etp2ep2,3,3,7,0.301,tp4pp1dp1etp2ep2,32
deepseek_v3__b200_sxm__silicon,deepseek_v3,b200_sxm,SILICON,decode,4.5045,1.9062400000000002,2.363028789659224,1.9062400000000002,1.906,0.0001259022998154692,359.611,9.919,100.815,61.0,1,1,1,5.005,tp4pp1dp1etp2ep2,3,3,7,0.296,tp4pp1dp1etp4ep1,32
deepseek_v3__b200_sxm__silicon,deepseek_v3,b200_sxm,SILICON,decode,5.5224,1.63944,3.36846728151076,1.63944,1.639,0.00026838432635533835,293.35,9.879,101.228,52.462,1,1,1,6.136,tp8pp1dp1etp2ep4,6,6,3,0.594,tp8pp1dp1etp1ep8,32
deepseek_v3__b200_sxm__silicon,deepseek_v3,b200_sxm,SILICON,decode,5.5224,1.62564,3.3970620801653504,1.62564,1.626,0.00022145124381776774,293.35,9.952,100.483,52.02,1,1,1,6.136,tp8pp1dp1etp2ep4,6,6,3,0.589,tp8pp1dp1etp4ep2,32
deepseek_v3__b200_sxm__silicon,deepseek_v3,b200_sxm,SILICON,decode,5.5224,2.4591600000000002,2.2456448543405063,2.4591600000000002,2.459,6.506286699529921e-05,293.35,10.974,91.124,78.693,1,1,1,6.136,tp8pp1dp1etp2ep4,10,10,3,0.891,tp8pp1dp1etp8ep1,32
deepseek_v3__b200_sxm__silicon,deepseek_v3,b200_sxm,SILICON,decode,5.5224,2.001,2.759820089955023,2.001,2.001,0.0,293.35,10.783,92.74,64.032,1,1,1,6.136,tp8pp1dp1etp2ep4,8,8,3,0.725,tp8pp1dp1etp1ep8,32
deepseek_v3__b200_sxm__silicon,deepseek_v3,b200_sxm,SILICON,decode,4.5045,1.8354,2.454233409610984,1.8354,1.835,0.0002179361447095761,359.611,10.284,97.237,58.733,1,1,1,5.005,tp4pp1dp1etp2ep2,3,3,7,0.285,tp4pp1dp1etp1ep4,32
deepseek_v3__b200_sxm__silicon,deepseek_v3,b200_sxm,SILICON,decode,5.5224,2.96148,1.864743304023664,2.96148,2.961,0.00016208112160137362,293.35,11.841,84.454,94.767,1,1,1,6.136,tp8pp1dp1etp2ep4,13,13,3,1.073,tp8pp1dp1etp8ep1,32
deepseek_v3__b200_sxm__silicon,deepseek_v3,b200_sxm,SILICON,decode,5.5224,2.27976,2.422360248447205,2.27976,2.28,0.00010527423939353087,293.35,11.835,84.497,72.952,1,1,1,6.136,tp8pp1dp1etp2ep4,10,10,3,0.826,tp8pp1dp1etp1ep8,32
deepseek_v3__b200_sxm__silicon,deepseek_v3,b200_sxm,SILICON,decode,4.5045,2.2089200000000004,2.039231841805045,2.2089200000000004,2.209,3.62167937270865e-05,359.611,11.403,87.699,70.685,1,1,1,5.005,tp4pp1dp1etp2ep2,4,4,7,0.343,tp4pp1dp1etp2ep2,32
deepseek_v3__b200_sxm__silicon,deepseek_v3,b200_sxm,SILICON,decode,4.5045,2.17028,2.0755386401754614,2.17028,2.17,0.00012901561088894429,359.611,11.615,86.097,69.449,1,1,1,5.005,tp4pp1dp1etp2ep2,4,4,7,0.337,tp4pp1dp1etp4ep1,32
deepseek_v3__b200_sxm__silicon,deepseek_v3,b200_sxm,SILICON,decode,4.5045,2.11876,2.126007664860579,2.11876,2.119,0.00011327380165768659,359.611,11.875,84.212,67.8,1,1,1,5.005,tp4pp1dp1etp2ep2,4,4,7,0.329,tp4pp1dp1etp1ep4,32
deepseek_v3__b200_sxm__silicon,deepseek_v3,b200_sxm,SILICON,decode,5.5224,3.397560000000001,1.6254017589093346,3.397560000000001,3.398,0.0001295047033751662,293.35,12.707,78.694,108.722,1,1,1,6.136,tp8pp1dp1etp2ep4,16,16,3,1.231,tp8pp1dp1etp8ep1,32
deepseek_v3__b200_sxm__silicon,deepseek_v3,b200_sxm,SILICON,decode,5.5224,2.7296400000000003,2.0231239284301226,2.7296400000000003,2.73,0.0001318855233656064,293.35,12.85,77.822,87.348,1,1,1,6.136,tp8pp1dp1etp2ep4,13,13,3,0.989,tp8pp1dp1etp1ep8,32
deepseek_v3__b200_sxm__silicon,deepseek_v3,b200_sxm,SILICON,decode,4.5045,2.56312,1.7574284465807297,2.56312,2.563,4.6817940634811465e-05,359.611,12.277,81.451,82.02,1,1,1,5.005,tp4pp1dp1etp2ep2,5,5,7,0.398,tp4pp1dp1etp2ep2,32
deepseek_v3__b200_sxm__silicon,deepseek_v3,b200_sxm,SILICON,decode,5.5224,2.5060800000000003,2.2036008427504306,2.5060800000000003,2.506,3.192236480899416e-05,293.35,12.925,77.369,80.195,1,1,1,6.136,tp8pp1dp1etp2ep4,12,12,3,0.908,tp8pp1dp1etp2ep4,32
deepseek_v3__b200_sxm__silicon,deepseek_v3,b200_sxm,SILICON,decode,4.5045,2.49228,1.8073811931243682,2.49228,2.492,0.00011234692731156129,359.611,12.622,79.227,79.753,1,1,1,5.005,tp4pp1dp1etp2ep2,5,5,7,0.387,tp4pp1dp1etp1ep4,32
deepseek_v3__b200_sxm__silicon,deepseek_v3,b200_sxm,SILICON,decode,5.5224,3.6156,1.5273813474941917,3.6156,3.616,0.00011063170704722755,293.35,13.43,74.462,115.699,1,1,1,6.136,tp8pp1dp1etp2ep4,18,18,3,1.31,tp8pp1dp1etp8ep1,32
deepseek_v3__b200_sxm__silicon,deepseek_v3,b200_sxm,SILICON,decode,11.4084,3.2540400000000003,3.5059187963270273,3.2540400000000003,3.254,1.2292411894218277e-05,1136.027,13.27,75.357,104.129,1,8,1,12.676,tp1pp1dp8etp8ep1,2,16,3,1.179,tp1pp1dp8etp8ep1,32
deepseek_v3__b200_sxm__silicon,deepseek_v3,b200_sxm,SILICON,decode,5.5224,3.1132799999999996,1.7738205365402409,3.1132799999999996,3.113,8.993730085299553e-05,293.35,13.865,72.124,99.625,1,1,1,6.136,tp8pp1dp1etp2ep4,16,16,3,1.128,tp8pp1dp1etp1ep8,32
deepseek_v3__b200_sxm__silicon,deepseek_v3,b200_sxm,SILICON,decode,5.5224,2.9256,1.8876127973748973,2.9256,2.926,0.0001367240907847812,293.35,13.835,72.283,93.619,1,1,1,6.136,tp8pp1dp1etp2ep4,15,15,3,1.06,tp8pp1dp1etp2ep4,32
deepseek_v3__b200_sxm__silicon,deepseek_v3,b200_sxm,SILICON,decode,5.5224,2.90904,1.8983582212688723,2.90904,2.909,1.3750240629301092e-05,293.35,13.909,71.897,93.089,1,1,1,6.136,tp8pp1dp1etp2ep4,15,15,3,1.054,tp8pp1dp1etp4ep2,32
deepseek_v3__b200_sxm__silicon,deepseek_v3,b200_sxm,SILICON,decode,5.5224,3.9882,1.384684820219648,3.9882,3.988,5.0147936412411106e-05,293.35,14.884,67.188,127.622,1,1,1,6.136,tp8pp1dp1etp2ep4,22,22,3,1.445,tp8pp1dp1etp8ep1,32
deepseek_v3__b200_sxm__silicon,deepseek_v3,b200_sxm,SILICON,decode,4.5045,3.3810000000000002,1.3322981366459627,3.3810000000000002,3.381,1.313484796953749e-16,359.611,14.883,67.193,108.192,1,1,1,5.005,tp4pp1dp1etp2ep2,8,8,7,0.525,tp4pp1dp1etp1ep4,32
deepseek_v3__b200_sxm__silicon,deepseek_v3,b200_sxm,SILICON,decode,4.5045,3.3745600000000002,1.334840690341852,3.3745600000000002,3.375,0.0001303873690198941,359.611,14.92,67.023,107.986,1,1,1,5.005,tp4pp1dp1etp2ep2,8,8,7,0.524,tp4pp1dp1etp2ep2,32
deepseek_v3__b200_sxm__silicon,deepseek_v3,b200_sxm,SILICON,decode,5.5224,3.3589200000000003,1.644099889250116,3.3589200000000003,3.359,2.381717933134338e-05,293.35,14.456,69.177,107.485,1,1,1,6.136,tp8pp1dp1etp2ep4,18,18,3,1.217,tp8pp1dp1etp1ep8,32
deepseek_v3__b200_sxm__silicon,deepseek_v3,b200_sxm,SILICON,decode,5.5224,3.3340799999999997,1.6563489778289666,3.3340799999999997,3.334,2.3994625203845117e-05,293.35,14.567,68.647,106.691,1,1,1,6.136,tp8pp1dp1etp2ep4,18,18,3,1.208,tp8pp1dp1etp2ep4,32
deepseek_v3__b200_sxm__silicon,deepseek_v3,b200_sxm,SILICON,decode,11.4084,8.16132,1.397862110540942,8.16132,8.161,3.9209343586615895e-05,1136.027,15.866,63.029,261.162,1,8,1,12.676,tp1pp1dp8etp8ep1,6,48,3,2.957,tp1pp1dp8etp2ep4,32
deepseek_v3__b200_sxm__silicon,deepseek_v3,b200_sxm,SILICON,decode,11.4084,8.1006,1.4083401229538552,8.1006,8.101,4.9379058341461635e-05,1136.027,15.984,62.562,259.219,1,8,1,12.676,tp1pp1dp8etp8ep1,6,48,3,2.935,tp1pp1dp8etp8ep1,32
deepseek_v3__b200_sxm__silicon,deepseek_v3,b200_sxm,SILICON,decode,11.4084,6.78132,1.6823273345012475,6.78132,6.781,4.718845298560163e-05,1136.027,15.916,62.832,217.002,1,8,1,12.676,tp1pp1dp8etp8ep1,5,40,3,2.457,tp1pp1dp8etp1ep8,32
deepseek_v3__b200_sxm__silicon,deepseek_v3,b200_sxm,SILICON,decode,5.5224,4.42428,1.2482030974531448,4.42428,4.424,6.328713372572666e-05,293.35,15.854,63.077,141.577,1,1,1,6.136,tp8pp1dp1etp2ep4,26,26,3,1.603,tp8pp1dp1etp8ep1,32
deepseek_v3__b200_sxm__silicon,deepseek_v3,b200_sxm,SILICON,decode,5.5224,4.079280000000001,1.3537683120550683,4.079280000000001,4.079,6.863956384483195e-05,293.35,15.87,63.011,130.537,1,1,1,6.136,tp8pp1dp1etp2ep4,24,24,3,1.478,tp8pp1dp1etp2ep4,32
deepseek_v3__b200_sxm__silicon,deepseek_v3,b200_sxm,SILICON,prefill,11.4084,11.4816,0.9936245819397993,11.4084,11.408,3.5061884225732275e-05,1136.027,16.917,59.111,365.069,1,8,1,12.676,tp1pp1dp8etp8ep1,9,72,3,4.16,tp1pp1dp8etp8ep1,32
deepseek_v3__b200_sxm__silicon,deepseek_v3,b200_sxm,SILICON,decode,11.4084,10.2672,1.1111500701262271,10.2672,10.267,1.9479507558176546e-05,1136.027,16.816,59.468,328.55,1,8,1,12.676,tp1pp1dp8etp8ep1,8,64,3,3.72,tp1pp1dp8etp2ep4,32
deepseek_v3__b200_sxm__silicon,deepseek_v3,b200_sxm,SILICON,decode,11.4084,7.620360000000002,1.4970946254507658,7.620360000000002,7.62,4.724186258936194e-05,1136.027,16.992,58.85,243.852,1,8,1,12.676,tp1pp1dp8etp8ep1,6,48,3,2.761,tp1pp1dp8etp4ep2,32
deepseek_v3__b200_sxm__silicon,deepseek_v3,b200_sxm,SILICON,prefill,5.5224,5.7601200000000015,0.9587300264577819,5.5224,5.522,7.243227582209836e-05,293.35,16.865,59.294,176.717,1,1,1,6.136,tp8pp1dp1etp2ep4,36,36,3,2.087,tp8pp1dp1etp8ep1,32
deepseek_v3__b200_sxm__silicon,deepseek_v3,b200_sxm,SILICON,decode,11.4084,9.715200000000001,1.1742835968379446,9.715200000000001,9.715,2.0586297760345666e-05,1136.027,17.774,56.263,414.515,1,8,1,12.676,tp1pp1dp8etp8ep1,12,96,2,5.28,tp1pp1dp8etp8ep1,24
deepseek_v3__b200_sxm__silicon,deepseek_v3,b200_sxm,SILICON,decode,11.4084,8.80992,1.294949329846355,8.80992,8.81,9.080672696292827e-06,1136.027,17.968,55.655,375.89,1,8,1,12.676,tp1pp1dp8etp8ep1,11,88,2,4.788,tp1pp1dp8etp2ep4,24
deepseek_v3__b200_sxm__silicon,deepseek_v3,b200_sxm,SILICON,prefill,11.4084,12.030840000000001,0.948262964182052,11.4084,11.408,3.5061884225732275e-05,1136.027,17.94,55.742,365.069,1,8,1,12.676,tp1pp1dp8etp8ep1,10,80,3,4.359,tp1pp1dp8etp1ep8,32
deepseek_v3__b200_sxm__silicon,deepseek_v3,b200_sxm,SILICON,decode,11.4084,9.839400000000001,1.1594609427404108,9.839400000000001,9.839,4.065288533862269e-05,1136.027,17.551,56.977,314.861,1,8,1,12.676,tp1pp1dp8etp8ep1,8,64,3,3.565,tp1pp1dp8etp4ep2,32
deepseek_v3__b200_sxm__silicon,deepseek_v3,b200_sxm,SILICON,decode,5.5224,4.449120000000001,1.2412342215988779,4.449120000000001,4.449,2.6971625849782907e-05,293.35,17.791,56.209,189.829,1,1,1,6.136,tp8pp1dp1etp2ep4,44,44,2,2.418,tp8pp1dp1etp8ep1,24
deepseek_v3__b200_sxm__silicon,deepseek_v3,b200_sxm,SILICON,prefill,11.4084,11.42824,0.9982639496545399,11.4084,11.408,3.5061884225732275e-05,1136.027,18.887,52.947,486.758,1,8,1,12.676,tp1pp1dp8etp8ep1,15,120,2,6.211,tp1pp1dp8etp1ep8,24
deepseek_v3__b200_sxm__silicon,deepseek_v3,b200_sxm,SILICON,prefill,11.4084,12.180800000000001,0.9365887298042821,11.4084,11.408,3.5061884225732275e-05,1136.027,18.9,52.911,486.758,1,8,1,12.676,tp1pp1dp8etp8ep1,16,128,2,6.62,tp1pp1dp8etp2ep4,24
deepseek_v3__b200_sxm__silicon,deepseek_v3,b200_sxm,SILICON,prefill,11.4084,12.23968,0.9320831917174306,11.4084,11.408,3.5061884225732275e-05,1136.027,18.811,53.161,486.758,1,8,1,12.676,tp1pp1dp8etp8ep1,16,128,2,6.652,tp1pp1dp8etp8ep1,24
deepseek_v3__b200_sxm__silicon,deepseek_v3,b200_sxm,SILICON,prefill,11.4084,12.58008,0.9068622775053895,11.4084,11.408,3.5061884225732275e-05,1136.027,18.874,52.982,365.069,1,8,1,12.676,tp1pp1dp8etp8ep1,11,88,3,4.558,tp1pp1dp8etp4ep2,32
deepseek_v3__b200_sxm__silicon,deepseek_v3,b200_sxm,SILICON,decode,5.5224,4.99192,1.1062677286494975,4.99192,4.992,1.6025897850854164e-05,293.35,18.733,53.383,212.989,1,1,1,6.136,tp8pp1dp1etp2ep4,52,52,2,2.713,tp8pp1dp1etp2ep4,24
deepseek_v3__b200_sxm__silicon,deepseek_v3,b200_sxm,SILICON,prefill,11.4084,14.82856,0.769353194106508,11.4084,11.408,3.5061884225732275e-05,1136.027,19.408,51.524,486.758,1,8,1,12.676,tp1pp1dp8etp8ep1,20,160,2,8.059,tp1pp1dp8etp1ep8,24
deepseek_v3__b200_sxm__silicon,deepseek_v3,b200_sxm,SILICON,prefill,11.4084,14.65192,0.7786283299390114,11.4084,11.408,3.5061884225732275e-05,1136.027,19.642,50.912,486.758,1,8,1,12.676,tp1pp1dp8etp8ep1,20,160,2,7.963,tp1pp1dp8etp2ep4,24
deepseek_v3__b200_sxm__silicon,deepseek_v3,b200_sxm,SILICON,prefill,11.4084,11.7024,0.9748769483182936,11.4084,11.408,3.5061884225732275e-05,1136.027,19.672,50.834,486.758,1,8,1,12.676,tp1pp1dp8etp8ep1,16,128,2,6.36,tp1pp1dp8etp4ep2,24
deepseek_v3__b200_sxm__silicon,deepseek_v3,b200_sxm,SILICON,prefill,11.4084,13.08976,0.8715515028541394,11.4084,11.408,3.5061884225732275e-05,1136.027,19.787,50.538,486.758,1,8,1,12.676,tp1pp1dp8etp8ep1,18,144,2,7.114,tp1pp1dp8etp8ep1,24
deepseek_v3__b200_sxm__silicon,deepseek_v3,b200_sxm,SILICON,prefill,5.5224,5.84752,0.9444003611787561,5.5224,5.522,7.243227582209836e-05,293.35,19.686,50.798,235.622,1,1,1,6.136,tp8pp1dp1etp2ep4,64,64,2,3.178,tp8pp1dp1etp8ep1,24
deepseek_v3__b200_sxm__silicon,deepseek_v3,b200_sxm,SILICON,decode,11.4084,10.89648,1.0469803092374785,10.89648,10.896,4.40509228667966e-05,1136.027,23.77,42.07,697.375,1,8,1,12.676,tp1pp1dp8etp8ep1,36,288,1,11.844,tp1pp1dp8etp1ep8,16
deepseek_v3__b200_sxm__silicon,deepseek_v3,b200_sxm,SILICON,decode,11.4084,10.708800000000002,1.065329448677723,10.708800000000002,10.709,1.867622889565194e-05,1136.027,24.187,41.345,685.363,1,8,1,12.676,tp1pp1dp8etp8ep1,36,288,1,11.64,tp1pp1dp8etp2ep4,16
deepseek_v3__b200_sxm__silicon,deepseek_v3,b200_sxm,SILICON,decode,11.4084,9.518320000000001,1.1985728573950023,9.518320000000001,9.518,3.361937820963363e-05,1136.027,24.187,41.345,609.172,1,8,1,12.676,tp1pp1dp8etp8ep1,32,256,1,10.346,tp1pp1dp8etp4ep2,16
deepseek_v3__b200_sxm__silicon,deepseek_v3,b200_sxm,SILICON,decode,11.4084,9.39596,1.214181414139694,9.39596,9.396,4.2571488171790905e-06,1136.027,24.502,40.813,601.341,1,8,1,12.676,tp1pp1dp8etp8ep1,32,256,1,10.213,tp1pp1dp8etp8ep1,16
deepseek_v3__b200_sxm__silicon,deepseek_v3,b200_sxm,SILICON,decode,5.5224,3.7986799999999996,1.4537681510419411,3.7986799999999996,3.799,8.423978855821497e-05,293.35,24.621,40.615,243.116,1,1,1,6.136,tp8pp1dp1etp2ep4,104,104,1,4.129,tp8pp1dp1etp8ep1,16
deepseek_v3__b200_sxm__silicon,deepseek_v3,b200_sxm,SILICON,prefill,11.4084,12.782480000000001,0.8925028632941338,11.4084,11.408,3.5061884225732275e-05,1136.027,29.267,34.168,730.138,1,8,1,12.676,tp1pp1dp8etp8ep1,52,416,1,13.894,tp1pp1dp8etp1ep8,16
deepseek_v3__b200_sxm__silicon,deepseek_v3,b200_sxm,SILICON,prefill,11.4084,12.742,0.8953382514518914,11.4084,11.408,3.5061884225732275e-05,1136.027,29.361,34.059,730.138,1,8,1,12.676,tp1pp1dp8etp8ep1,52,416,1,13.85,tp1pp1dp8etp2ep4,16
deepseek_v3__b200_sxm__silicon,deepseek_v3,b200_sxm,SILICON,prefill,11.4084,11.89928,0.9587470838571747,11.4084,11.408,3.5061884225732275e-05,1136.027,29.022,34.456,730.138,1,8,1,12.676,tp1pp1dp8etp8ep1,48,384,1,12.934,tp1pp1dp8etp4ep2,16
deepseek_v3__b200_sxm__silicon,deepseek_v3,b200_sxm,SILICON,decode,11.4084,10.705119999999999,1.0656956671200324,10.705119999999999,10.705,1.1209589430011975e-05,1136.027,29.571,33.817,685.128,1,8,1,12.676,tp1pp1dp8etp8ep1,44,352,1,11.636,tp1pp1dp8etp8ep1,16
deepseek_v3__b200_sxm__silicon,deepseek_v3,b200_sxm,SILICON,decode,5.5224,4.36448,1.265305374294303,4.36448,4.364,0.00010997873744420413,293.35,29.671,33.702,279.327,1,1,1,6.136,tp8pp1dp1etp2ep4,144,144,1,4.744,tp8pp1dp1etp1ep8,16
deepseek_v3__b200_sxm__silicon,deepseek_v3,b200_sxm,SILICON,prefill,11.4084,14.06312,0.8112282338485344,11.4084,11.408,3.5061884225732275e-05,1136.027,34.788,28.745,730.138,1,8,1,12.676,tp1pp1dp8etp8ep1,68,544,1,15.286,tp1pp1dp8etp1ep8,16
deepseek_v3__b200_sxm__silicon,deepseek_v3,b200_sxm,SILICON,prefill,11.4084,14.10176,0.8090054007443043,11.4084,11.408,3.5061884225732275e-05,1136.027,34.692,28.825,730.138,1,8,1,12.676,tp1pp1dp8etp8ep1,68,544,1,15.328,tp1pp1dp8etp2ep4,16
deepseek_v3__b200_sxm__silicon,deepseek_v3,b200_sxm,SILICON,prefill,11.4084,13.3354,0.855497397903325,11.4084,11.408,3.5061884225732275e-05,1136.027,34.527,28.963,730.138,1,8,1,12.676,tp1pp1dp8etp8ep1,64,512,1,14.495,tp1pp1dp8etp4ep2,16
deepseek_v3__b200_sxm__silicon,deepseek_v3,b200_sxm,SILICON,decode,11.4084,11.26816,1.0124456876721666,11.26816,11.268,1.4199301394306775e-05,1136.027,33.2,30.12,721.162,1,8,1,12.676,tp1pp1dp8etp8ep1,52,416,1,12.248,tp1pp1dp8etp8ep1,16
deepseek_v3__b200_sxm__silicon,deepseek_v3,b200_sxm,SILICON,decode,5.5224,4.9652400000000005,1.1122120985088333,4.9652400000000005,4.965,4.8336032095263085e-05,293.35,34.773,28.758,317.775,1,1,1,6.136,tp8pp1dp1etp2ep4,192,192,1,5.397,tp8pp1dp1etp2ep4,16
deepseek_v3__b200_sxm__silicon,deepseek_v3,b200_sxm,SILICON,prefill,11.4084,15.99052,0.7134477177727804,11.4084,11.408,3.5061884225732275e-05,1136.027,39.593,25.257,730.138,1,8,1,12.676,tp1pp1dp8etp8ep1,88,704,1,17.381,tp1pp1dp8etp1ep8,16
deepseek_v3__b200_sxm__silicon,deepseek_v3,b200_sxm,SILICON,prefill,11.4084,16.123,0.7075854369534206,11.4084,11.408,3.5061884225732275e-05,1136.027,39.269,25.466,730.138,1,8,1,12.676,tp1pp1dp8etp8ep1,88,704,1,17.525,tp1pp1dp8etp2ep4,16
deepseek_v3__b200_sxm__silicon,deepseek_v3,b200_sxm,SILICON,prefill,11.4084,15.122040000000002,0.7544220224255457,11.4084,11.408,3.5061884225732275e-05,1136.027,39.965,25.022,730.138,1,8,1,12.676,tp1pp1dp8etp8ep1,84,672,1,16.437,tp1pp1dp8etp4ep2,16
deepseek_v3__b200_sxm__silicon,deepseek_v3,b200_sxm,SILICON,prefill,11.4084,12.27648,0.9292891773537693,11.4084,11.408,3.5061884225732275e-05,1136.027,39.85,25.094,730.138,1,8,1,12.676,tp1pp1dp8etp8ep1,68,544,1,13.344,tp1pp1dp8etp8ep1,16
deepseek_v3__b200_sxm__silicon,deepseek_v3,b200_sxm,SILICON,decode,5.5224,5.457440000000001,1.0119030167990852,5.457440000000001,5.457,8.06238822600168e-05,293.35,39.549,25.285,349.276,1,1,1,6.136,tp8pp1dp1etp2ep4,240,240,1,5.932,tp8pp1dp1etp1ep8,16
deepseek_v3__b200_sxm__silicon,deepseek_v3,b200_sxm,SILICON,decode,22.8168,17.978640000000002,1.2691060057935415,17.978640000000002,17.979,2.0023761530184115e-05,1136.027,44.82,22.312,767.089,1,8,2,12.676,tp1pp1dp8etp8ep1,112,896,1,19.542,tp1pp1dp8etp2ep4,24
deepseek_v3__b200_sxm__silicon,deepseek_v3,b200_sxm,SILICON,decode,22.8168,17.39168,1.3119376621464975,17.39168,17.392,1.839960256850078e-05,1136.027,44.677,22.383,742.045,1,8,2,12.676,tp1pp1dp8etp8ep1,108,864,1,18.904,tp1pp1dp8etp1ep8,24
deepseek_v3__b200_sxm__silicon,deepseek_v3,b200_sxm,SILICON,prefill,11.4084,16.807479999999998,0.6787692146591876,11.4084,11.408,3.5061884225732275e-05,1136.027,44.518,22.463,730.138,1,8,1,12.676,tp1pp1dp8etp8ep1,104,832,1,18.269,tp1pp1dp8etp4ep2,16
deepseek_v3__b200_sxm__silicon,deepseek_v3,b200_sxm,SILICON,prefill,11.4084,15.441279999999999,0.738824760641605,11.4084,11.408,3.5061884225732275e-05,1136.027,44.728,22.357,730.138,1,8,1,12.676,tp1pp1dp8etp8ep1,96,768,1,16.784,tp1pp1dp8etp8ep1,16
deepseek_v3__b200_sxm__silicon,deepseek_v3,b200_sxm,SILICON,prefill,5.5224,5.600960000000001,0.9859738330571901,5.5224,5.522,7.243227582209836e-05,293.35,41.105,24.328,353.434,1,1,1,6.136,tp8pp1dp1etp2ep4,256,256,1,6.088,tp8pp1dp1etp1ep8,16
deepseek_v3__b200_sxm__silicon,deepseek_v3,b200_sxm,SILICON,decode,22.8168,18.95016,1.20404260438962,18.95016,18.95,8.4432004796291e-06,1136.027,48.596,20.578,808.54,1,8,2,12.676,tp1pp1dp8etp8ep1,128,1024,1,20.598,tp1pp1dp8etp2ep4,24
deepseek_v3__b200_sxm__silicon,deepseek_v3,b200_sxm,SILICON,decode,22.8168,18.517760000000003,1.2321576691781293,18.517760000000003,18.518,1.2960530863237214e-05,1136.027,49.73,20.109,790.091,1,8,2,12.676,tp1pp1dp8etp8ep1,128,1024,1,20.128,tp1pp1dp8etp4ep2,24
deepseek_v3__b200_sxm__silicon,deepseek_v3,b200_sxm,SILICON,decode,22.8168,18.22152,1.2521897185306166,18.22152,18.222,2.634247856378567e-05,1136.027,48.959,20.425,777.452,1,8,2,12.676,tp1pp1dp8etp8ep1,124,992,1,19.806,tp1pp1dp8etp1ep8,24
deepseek_v3__b200_sxm__silicon,deepseek_v3,b200_sxm,SILICON,prefill,11.4084,16.896720000000002,0.6751842961237446,11.4084,11.408,3.5061884225732275e-05,1136.027,49.391,20.247,730.138,1,8,1,12.676,tp1pp1dp8etp8ep1,116,928,1,18.366,tp1pp1dp8etp8ep1,16
deepseek_v3__b200_sxm__silicon,deepseek_v3,b200_sxm,SILICON,decode,22.8168,20.23356,1.1276710573917788,20.23356,20.234,2.1746049632447584e-05,1136.027,54.048,18.502,863.299,1,8,2,12.676,tp1pp1dp8etp8ep1,152,1216,1,21.993,tp1pp1dp8etp2ep4,24
deepseek_v3__b200_sxm__silicon,deepseek_v3,b200_sxm,SILICON,decode,22.8168,19.31908,1.1810500292974615,19.31908,19.319,4.140983939220921e-06,1136.027,53.626,18.648,824.281,1,8,2,12.676,tp1pp1dp8etp8ep1,144,1152,1,20.999,tp1pp1dp8etp4ep2,24
deepseek_v3__b200_sxm__silicon,deepseek_v3,b200_sxm,SILICON,decode,22.8168,19.2372,1.1860769758592726,19.2372,19.237,1.0396523402734628e-05,1136.027,53.854,18.569,820.787,1,8,2,12.676,tp1pp1dp8etp8ep1,144,1152,1,20.91,tp1pp1dp8etp1ep8,24
deepseek_v3__b200_sxm__silicon,deepseek_v3,b200_sxm,SILICON,decode,22.8168,17.9584,1.2705363506771203,17.9584,17.958,2.2273699216111705e-05,1136.027,54.483,18.354,766.225,1,8,2,12.676,tp1pp1dp8etp8ep1,136,1088,1,19.52,tp1pp1dp8etp8ep1,24
deepseek_v3__b200_sxm__silicon,deepseek_v3,b200_sxm,SILICON,decode,22.8168,21.50408,1.061045159802233,21.50408,21.504,3.7202242549772597e-06,1136.027,58.883,16.983,917.507,1,8,2,12.676,tp1pp1dp8etp8ep1,176,1408,1,23.374,tp1pp1dp8etp2ep4,24
deepseek_v3__b200_sxm__silicon,deepseek_v3,b200_sxm,SILICON,decode,22.8168,20.64296,1.1053066033165788,20.64296,20.643,1.9377066080658203e-06,1136.027,58.553,17.079,880.766,1,8,2,12.676,tp1pp1dp8etp8ep1,168,1344,1,22.438,tp1pp1dp8etp4ep2,24
deepseek_v3__b200_sxm__silicon,deepseek_v3,b200_sxm,SILICON,decode,22.8168,20.601560000000003,1.1075277794497114,20.601560000000003,20.602,2.1357605928752647e-05,1136.027,58.67,17.044,879.0,1,8,2,12.676,tp1pp1dp8etp8ep1,168,1344,1,22.393,tp1pp1dp8etp1ep8,24
deepseek_v3__b200_sxm__silicon,deepseek_v3,b200_sxm,SILICON,decode,22.8168,19.27492,1.1837558858869452,19.27492,19.275,4.150471182083836e-06,1136.027,59.722,16.744,822.397,1,8,2,12.676,tp1pp1dp8etp8ep1,160,1280,1,20.951,tp1pp1dp8etp8ep1,24
deepseek_v3__b200_sxm__silicon,deepseek_v3,b200_sxm,SILICON,decode,22.8168,22.56116,1.0113309776624961,22.56116,22.561,7.091833930571309e-06,1136.027,63.778,15.679,962.609,1,8,2,12.676,tp1pp1dp8etp8ep1,200,1600,1,24.523,tp1pp1dp8etp2ep4,24
deepseek_v3__b200_sxm__silicon,deepseek_v3,b200_sxm,SILICON,decode,22.8168,21.761680000000002,1.0484852272434848,21.761680000000002,21.762,1.4704747059902712e-05,1136.027,63.476,15.754,928.498,1,8,2,12.676,tp1pp1dp8etp8ep1,192,1536,1,23.654,tp1pp1dp8etp4ep2,24
deepseek_v3__b200_sxm__silicon,deepseek_v3,b200_sxm,SILICON,decode,22.8168,21.75892,1.0486182218602762,21.75892,21.759,3.6766530692021522e-06,1136.027,63.484,15.752,928.381,1,8,2,12.676,tp1pp1dp8etp8ep1,192,1536,1,23.651,tp1pp1dp8etp1ep8,24
deepseek_v3__b200_sxm__silicon,deepseek_v3,b200_sxm,SILICON,decode,22.8168,20.382600000000004,1.1194253922463275,20.382600000000004,20.383,1.962458175088139e-05,1136.027,64.947,15.397,869.658,1,8,2,12.676,tp1pp1dp8etp8ep1,184,1472,1,22.155,tp1pp1dp8etp8ep1,24
deepseek_v3__b200_sxm__silicon,deepseek_v3,b200_sxm,SILICON,prefill,22.8168,23.425960000000003,0.9739963698392722,22.8168,22.817,8.765471056394142e-06,1136.027,68.794,14.536,973.517,1,8,2,12.676,tp1pp1dp8etp8ep1,224,1792,1,25.463,tp1pp1dp8etp2ep4,24
deepseek_v3__b200_sxm__silicon,deepseek_v3,b200_sxm,SILICON,decode,22.8168,22.586000000000002,1.01021871956079,22.586000000000002,22.586,1.572971610201231e-16,1136.027,68.804,14.534,963.669,1,8,2,12.676,tp1pp1dp8etp8ep1,216,1728,1,24.55,tp1pp1dp8etp1ep8,24
deepseek_v3__b200_sxm__silicon,deepseek_v3,b200_sxm,SILICON,decode,22.8168,22.56576,1.011124819195099,22.56576,22.566,1.0635582404404708e-05,1136.027,68.866,14.521,962.806,1,8,2,12.676,tp1pp1dp8etp8ep1,216,1728,1,24.528,tp1pp1dp8etp4ep2,24
deepseek_v3__b200_sxm__silicon,deepseek_v3,b200_sxm,SILICON,decode,22.8168,20.98888,1.0870899257130442,20.98888,20.989,5.717313167687356e-06,1136.027,68.554,14.587,895.526,1,8,2,12.676,tp1pp1dp8etp8ep1,200,1600,1,22.814,tp1pp1dp8etp8ep1,24
deepseek_v3__b200_sxm__silicon,deepseek_v3,b200_sxm,SILICON,prefill,22.8168,23.06992,0.9890281370719968,22.8168,22.817,8.765471056394142e-06,1136.027,72.351,13.822,973.517,1,8,2,12.676,tp1pp1dp8etp8ep1,232,1856,1,25.076,tp1pp1dp8etp1ep8,24
deepseek_v3__b200_sxm__silicon,deepseek_v3,b200_sxm,SILICON,prefill,22.8168,23.68724,0.9632527892654442,22.8168,22.817,8.765471056394142e-06,1136.027,70.466,14.191,973.517,1,8,2,12.676,tp1pp1dp8etp8ep1,232,1856,1,25.747,tp1pp1dp8etp2ep4,24
deepseek_v3__b200_sxm__silicon,deepseek_v3,b200_sxm,SILICON,prefill,22.8168,23.035880000000002,0.9904896188033623,22.8168,22.817,8.765471056394142e-06,1136.027,72.459,13.801,973.517,1,8,2,12.676,tp1pp1dp8etp8ep1,232,1856,1,25.039,tp1pp1dp8etp4ep2,24
deepseek_v3__b200_sxm__silicon,deepseek_v3,b200_sxm,SILICON,decode,22.8168,21.73316,1.0498611338618038,21.73316,21.733,7.36202190574441e-06,1136.027,74.152,13.486,927.281,1,8,2,12.676,tp1pp1dp8etp8ep1,224,1792,1,23.623,tp1pp1dp8etp8ep1,24
deepseek_v3__b300_sxm__analytical,deepseek_v3,b300_sxm,ANALYTICAL,decode,9.902700000000001,0.5851200000000001,16.924220672682527,0.5851200000000001,0.585,0.00020508613617739948,163.597,4.604,217.204,18.724,1,1,1,11.003,tp8pp1dp1etp1ep8,1,1,3,0.212,tp8pp1dp1etp1ep8,32
deepseek_v3__b300_sxm__analytical,deepseek_v3,b300_sxm,ANALYTICAL,decode,9.902700000000001,0.5851200000000001,16.924220672682527,0.5851200000000001,0.585,0.00020508613617739948,163.597,4.604,217.181,18.724,1,1,1,11.003,tp8pp1dp1etp1ep8,1,1,3,0.212,tp8pp1dp1etp2ep4,32
deepseek_v3__b300_sxm__analytical,deepseek_v3,b300_sxm,ANALYTICAL,decode,9.902700000000001,0.5851200000000001,16.924220672682527,0.5851200000000001,0.585,0.00020508613617739948,163.597,4.605,217.136,18.724,1,1,1,11.003,tp8pp1dp1etp1ep8,1,1,3,0.212,tp8pp1dp1etp4ep2,32
deepseek_v3__b300_sxm__analytical,deepseek_v3,b300_sxm,ANALYTICAL,decode,9.902700000000001,0.5851200000000001,16.924220672682527,0.5851200000000001,0.585,0.00020508613617739948,163.597,4.607,217.045,18.724,1,1,1,11.003,tp8pp1dp1etp1ep8,1,1,3,0.212,tp8pp1dp1etp8ep1,32
deepseek_v3__b300_sxm__analytical,deepseek_v3,b300_sxm,ANALYTICAL,decode,9.902700000000001,1.3661999999999999,7.248353096179184,1.3661999999999999,1.366,0.0001463914507390982,163.597,5.927,168.722,43.718,1,1,1,11.003,tp8pp1dp1etp1ep8,3,3,3,0.495,tp8pp1dp1etp4ep2,32
deepseek_v3__b300_sxm__analytical,deepseek_v3,b300_sxm,ANALYTICAL,decode,9.902700000000001,1.3661999999999999,7.248353096179184,1.3661999999999999,1.366,0.0001463914507390982,163.597,5.924,168.804,43.718,1,1,1,11.003,tp8pp1dp1etp1ep8,3,3,3,0.495,tp8pp1dp1etp2ep4,32
deepseek_v3__b300_sxm__analytical,deepseek_v3,b300_sxm,ANALYTICAL,decode,9.902700000000001,1.3661999999999999,7.248353096179184,1.3661999999999999,1.366,0.0001463914507390982,163.597,5.923,168.845,43.718,1,1,1,11.003,tp8pp1dp1etp1ep8,3,3,3,0.495,tp8pp1dp1etp1ep8,32
deepseek_v3__b300_sxm__analytical,deepseek_v3,b300_sxm,ANALYTICAL,decode,9.902700000000001,1.36344,7.263025875726106,1.36344,1.363,0.00032271313735844333,163.597,5.933,168.558,43.63,1,1,1,11.003,tp8pp1dp1etp1ep8,3,3,3,0.494,tp8pp1dp1etp8ep1,32
deepseek_v3__b300_sxm__analytical,deepseek_v3,b300_sxm,ANALYTICAL,decode,6.8247,1.16564,5.854895164887958,1.16564,1.166,0.0003088432105966816,237.377,5.4,185.178,37.3,1,1,1,7.583,tp4pp1dp1etp1ep4,1,1,7,0.181,tp4pp1dp1etp4ep1,32
deepseek_v3__b300_sxm__analytical,deepseek_v3,b300_sxm,ANALYTICAL,decode,6.8247,1.89336,3.604544302192927,1.89336,1.893,0.00019013816706802507,237.377,6.652,150.331,60.588,1,1,1,7.583,tp4pp1dp1etp1ep4,2,2,7,0.294,tp4pp1dp1etp1ep4,32
deepseek_v3__b300_sxm__analytical,deepseek_v3,b300_sxm,ANALYTICAL,decode,6.8247,1.89336,3.604544302192927,1.89336,1.893,0.00019013816706802507,237.377,6.654,150.287,60.588,1,1,1,7.583,tp4pp1dp1etp1ep4,2,2,7,0.294,tp4pp1dp1etp2ep2,32
deepseek_v3__b300_sxm__analytical,deepseek_v3,b300_sxm,ANALYTICAL,decode,6.8247,1.89336,3.604544302192927,1.89336,1.893,0.00019013816706802507,237.377,6.658,150.2,60.588,1,1,1,7.583,tp4pp1dp1etp1ep4,2,2,7,0.294,tp4pp1dp1etp4ep1,32
deepseek_v3__b300_sxm__analytical,deepseek_v3,b300_sxm,ANALYTICAL,decode,9.902700000000001,1.63944,6.040294246815987,1.63944,1.639,0.00026838432635533835,163.597,6.588,151.79,52.462,1,1,1,11.003,tp8pp1dp1etp1ep8,4,4,3,0.594,tp8pp1dp1etp1ep8,32
deepseek_v3__b300_sxm__analytical,deepseek_v3,b300_sxm,ANALYTICAL,decode,9.902700000000001,1.63668,6.0504802404868405,1.63668,1.637,0.00019551775545622723,163.597,6.59,151.746,52.374,1,1,1,11.003,tp8pp1dp1etp1ep8,4,4,3,0.593,tp8pp1dp1etp2ep4,32
deepseek_v3__b300_sxm__analytical,deepseek_v3,b300_sxm,ANALYTICAL,decode,6.8247,2.38924,2.856431333813263,2.38924,2.389,0.00010045035241342017,237.377,7.897,126.629,76.456,1,1,1,7.583,tp4pp1dp1etp1ep4,3,3,7,0.371,tp4pp1dp1etp1ep4,32
deepseek_v3__b300_sxm__analytical,deepseek_v3,b300_sxm,ANALYTICAL,decode,6.8247,2.38924,2.856431333813263,2.38924,2.389,0.00010045035241342017,237.377,7.9,126.582,76.456,1,1,1,7.583,tp4pp1dp1etp1ep4,3,3,7,0.371,tp4pp1dp1etp2ep2,32
deepseek_v3__b300_sxm__analytical,deepseek_v3,b300_sxm,ANALYTICAL,decode,6.8247,2.38924,2.856431333813263,2.38924,2.389,0.00010045035241342017,237.377,7.906,126.49,76.456,1,1,1,7.583,tp4pp1dp1etp1ep4,3,3,7,0.371,tp4pp1dp1etp4ep1,32
deepseek_v3__b300_sxm__analytical,deepseek_v3,b300_sxm,ANALYTICAL,decode,9.902700000000001,2.0506800000000003,4.828983556673884,2.0506800000000003,2.051,0.00015604579944207574,163.597,7.899,126.597,65.622,1,1,1,11.003,tp8pp1dp1etp1ep8,6,6,3,0.743,tp8pp1dp1etp1ep8,32
deepseek_v3__b300_sxm__analytical,deepseek_v3,b300_sxm,ANALYTICAL,decode,9.902700000000001,2.04792,4.835491620766437,2.04792,2.048,3.906402593855229e-05,163.597,7.902,126.551,65.533,1,1,1,11.003,tp8pp1dp1etp1ep8,6,6,3,0.742,tp8pp1dp1etp2ep4,32
deepseek_v3__b300_sxm__analytical,deepseek_v3,b300_sxm,ANALYTICAL,decode,9.902700000000001,2.2052400000000003,4.490531642814387,2.2052400000000003,2.205,0.00010883169178875768,163.597,8.562,116.796,70.568,1,1,1,11.003,tp8pp1dp1etp1ep8,7,7,3,0.799,tp8pp1dp1etp1ep8,32
deepseek_v3__b300_sxm__analytical,deepseek_v3,b300_sxm,ANALYTICAL,decode,9.902700000000001,2.2052400000000003,4.490531642814387,2.2052400000000003,2.205,0.00010883169178875768,163.597,8.565,116.75,70.568,1,1,1,11.003,tp8pp1dp1etp1ep8,7,7,3,0.799,tp8pp1dp1etp2ep4,32
deepseek_v3__b300_sxm__analytical,deepseek_v3,b300_sxm,ANALYTICAL,decode,6.8247,2.74988,2.4818173883951298,2.74988,2.75,4.3638267851650966e-05,237.377,9.153,109.253,87.996,1,1,1,7.583,tp4pp1dp1etp1ep4,4,4,7,0.427,tp4pp1dp1etp1ep4,32
deepseek_v3__b300_sxm__analytical,deepseek_v3,b300_sxm,ANALYTICAL,decode,6.8247,2.74988,2.4818173883951298,2.74988,2.75,4.3638267851650966e-05,237.377,9.157,109.207,87.996,1,1,1,7.583,tp4pp1dp1etp1ep4,4,4,7,0.427,tp4pp1dp1etp2ep2,32
deepseek_v3__b300_sxm__analytical,deepseek_v3,b300_sxm,ANALYTICAL,decode,6.8247,2.74988,2.4818173883951298,2.74988,2.75,4.3638267851650966e-05,237.377,9.165,109.115,87.996,1,1,1,7.583,tp4pp1dp1etp1ep4,4,4,7,0.427,tp4pp1dp1etp4ep1,32
deepseek_v3__b300_sxm__analytical,deepseek_v3,b300_sxm,ANALYTICAL,decode,9.902700000000001,2.4564,4.031387396189547,2.4564,2.456,0.0001628399283504136,163.597,9.888,101.137,78.605,1,1,1,11.003,tp8pp1dp1etp1ep8,9,9,3,0.89,tp8pp1dp1etp1ep8,32
deepseek_v3__b300_sxm__analytical,deepseek_v3,b300_sxm,ANALYTICAL,decode,9.902700000000001,2.45364,4.035922140167262,2.45364,2.454,0.00014672079033604686,163.597,9.892,101.093,78.516,1,1,1,11.003,tp8pp1dp1etp1ep8,9,9,3,0.889,tp8pp1dp1etp2ep4,32
deepseek_v3__b300_sxm__analytical,deepseek_v3,b300_sxm,ANALYTICAL,decode,6.8247,3.0268,2.254757499669618,3.0268,3.027,6.60763843002438e-05,237.377,10.409,96.07,96.858,1,1,1,7.583,tp4pp1dp1etp1ep4,5,5,7,0.47,tp4pp1dp1etp1ep4,32
deepseek_v3__b300_sxm__analytical,deepseek_v3,b300_sxm,ANALYTICAL,decode,6.8247,3.02036,2.25956508495676,3.02036,3.02,0.00011919108980391012,237.377,10.414,96.025,96.652,1,1,1,7.583,tp4pp1dp1etp1ep4,5,5,7,0.469,tp4pp1dp1etp2ep2,32
deepseek_v3__b300_sxm__analytical,deepseek_v3,b300_sxm,ANALYTICAL,decode,6.8247,3.02036,2.25956508495676,3.02036,3.02,0.00011919108980391012,237.377,10.424,95.937,96.652,1,1,1,7.583,tp4pp1dp1etp1ep4,5,5,7,0.469,tp4pp1dp1etp4ep1,32
deepseek_v3__b300_sxm__analytical,deepseek_v3,b300_sxm,ANALYTICAL,decode,9.902700000000001,2.55852,3.8704798086393697,2.55852,2.559,0.00018760846114161152,163.597,10.55,94.783,81.873,1,1,1,11.003,tp8pp1dp1etp1ep8,10,10,3,0.927,tp8pp1dp1etp1ep8,32
deepseek_v3__b300_sxm__analytical,deepseek_v3,b300_sxm,ANALYTICAL,decode,9.902700000000001,2.5557600000000003,3.8746595924499956,2.5557600000000003,2.556,9.390553103569815e-05,163.597,10.555,94.74,81.784,1,1,1,11.003,tp8pp1dp1etp1ep8,10,10,3,0.926,tp8pp1dp1etp2ep4,32
deepseek_v3__b300_sxm__analytical,deepseek_v3,b300_sxm,ANALYTICAL,decode,6.8247,3.23932,2.1068310633095835,3.23932,3.239,9.878616499769087e-05,237.377,11.671,85.683,103.658,1,1,1,7.583,tp4pp1dp1etp1ep4,6,6,7,0.503,tp4pp1dp1etp2ep2,32
deepseek_v3__b300_sxm__analytical,deepseek_v3,b300_sxm,ANALYTICAL,decode,6.8247,3.23932,2.1068310633095835,3.23932,3.239,9.878616499769087e-05,237.377,11.665,85.726,103.658,1,1,1,7.583,tp4pp1dp1etp1ep4,6,6,7,0.503,tp4pp1dp1etp1ep4,32
deepseek_v3__b300_sxm__analytical,deepseek_v3,b300_sxm,ANALYTICAL,decode,6.8247,3.23288,2.11102793793769,3.23288,3.233,3.711860632002981e-05,237.377,11.682,85.599,103.452,1,1,1,7.583,tp4pp1dp1etp1ep4,6,6,7,0.502,tp4pp1dp1etp4ep1,32
deepseek_v3__b300_sxm__analytical,deepseek_v3,b300_sxm,ANALYTICAL,decode,9.902700000000001,2.72688,3.631512937863053,2.72688,2.727,4.400633691247798e-05,163.597,11.876,84.203,87.26,1,1,1,11.003,tp8pp1dp1etp1ep8,12,12,3,0.988,tp8pp1dp1etp1ep8,32
deepseek_v3__b300_sxm__analytical,deepseek_v3,b300_sxm,ANALYTICAL,decode,9.902700000000001,2.72412,3.635192282278314,2.72412,2.724,4.40509228667966e-05,163.597,11.882,84.162,87.172,1,1,1,11.003,tp8pp1dp1etp1ep8,12,12,3,0.987,tp8pp1dp1etp2ep4,32
deepseek_v3__b300_sxm__analytical,deepseek_v3,b300_sxm,ANALYTICAL,decode,6.8247,3.4132000000000002,1.9995019336692839,3.4132000000000002,3.413,5.859603890789349e-05,237.377,12.921,77.393,109.222,1,1,1,7.583,tp4pp1dp1etp1ep4,7,7,7,0.53,tp4pp1dp1etp1ep4,32
deepseek_v3__b300_sxm__analytical,deepseek_v3,b300_sxm,ANALYTICAL,decode,6.8247,3.4067600000000002,2.003281710481513,3.4067600000000002,3.407,7.044816776051025e-05,237.377,12.928,77.353,109.016,1,1,1,7.583,tp4pp1dp1etp1ep4,7,7,7,0.529,tp4pp1dp1etp2ep2,32
deepseek_v3__b300_sxm__analytical,deepseek_v3,b300_sxm,ANALYTICAL,decode,6.8247,3.4067600000000002,2.003281710481513,3.4067600000000002,3.407,7.044816776051025e-05,237.377,12.941,77.272,109.016,1,1,1,7.583,tp4pp1dp1etp1ep4,7,7,7,0.529,tp4pp1dp1etp4ep1,32
deepseek_v3__b300_sxm__analytical,deepseek_v3,b300_sxm,ANALYTICAL,decode,9.902700000000001,2.79588,3.5418902098802527,2.79588,2.796,4.2920297008418804e-05,163.597,12.539,79.752,89.468,1,1,1,11.003,tp8pp1dp1etp1ep8,13,13,3,1.013,tp8pp1dp1etp1ep8,32
deepseek_v3__b300_sxm__analytical,deepseek_v3,b300_sxm,ANALYTICAL,decode,9.902700000000001,2.79588,3.5418902098802527,2.79588,2.796,4.2920297008418804e-05,163.597,12.545,79.712,89.468,1,1,1,11.003,tp8pp1dp1etp1ep8,13,13,3,1.013,tp8pp1dp1etp2ep4,32
deepseek_v3__b300_sxm__analytical,deepseek_v3,b300_sxm,ANALYTICAL,decode,9.902700000000001,2.9200800000000005,3.3912427056792964,2.9200800000000005,2.92,2.739650968484565e-05,163.597,13.864,72.127,93.443,1,1,1,11.003,tp8pp1dp1etp1ep8,15,15,3,1.058,tp8pp1dp1etp1ep8,32
deepseek_v3__b300_sxm__analytical,deepseek_v3,b300_sxm,ANALYTICAL,decode,9.902700000000001,2.91732,3.394451071531406,2.91732,2.917,0.00010968971521818656,163.597,13.872,72.089,93.354,1,1,1,11.003,tp8pp1dp1etp1ep8,15,15,3,1.057,tp8pp1dp1etp2ep4,32
deepseek_v3__b300_sxm__analytical,deepseek_v3,b300_sxm,ANALYTICAL,decode,9.902700000000001,3.96336,2.4985618263291753,3.96336,3.963,9.083202131528248e-05,163.597,14.977,66.768,126.828,1,1,1,11.003,tp8pp1dp1etp1ep8,22,22,3,1.436,tp8pp1dp1etp1ep8,32
deepseek_v3__b300_sxm__analytical,deepseek_v3,b300_sxm,ANALYTICAL,decode,9.902700000000001,3.9606,2.500302984396304,3.9606,3.961,0.00010099479876785233,163.597,14.988,66.72,126.739,1,1,1,11.003,tp8pp1dp1etp1ep8,22,22,3,1.435,tp8pp1dp1etp2ep4,32
deepseek_v3__b300_sxm__analytical,deepseek_v3,b300_sxm,ANALYTICAL,decode,9.902700000000001,3.6321600000000007,2.726394211708735,3.6321600000000007,3.632,4.405092286700037e-05,163.597,14.856,67.312,116.229,1,1,1,11.003,tp8pp1dp1etp1ep8,20,20,3,1.316,tp8pp1dp1etp4ep2,32
deepseek_v3__b300_sxm__analytical,deepseek_v3,b300_sxm,ANALYTICAL,decode,9.902700000000001,3.62388,2.7326235968078416,3.62388,3.624,3.3113679260874523e-05,163.597,14.895,67.138,115.964,1,1,1,11.003,tp8pp1dp1etp1ep8,20,20,3,1.313,tp8pp1dp1etp8ep1,32
deepseek_v3__b300_sxm__analytical,deepseek_v3,b300_sxm,ANALYTICAL,decode,6.8247,3.5548800000000003,1.91981163921145,3.5548800000000003,3.555,3.375641371857783e-05,237.377,14.177,70.537,113.756,1,1,1,7.583,tp4pp1dp1etp1ep4,8,8,7,0.552,tp4pp1dp1etp1ep4,32
deepseek_v3__b300_sxm__analytical,deepseek_v3,b300_sxm,ANALYTICAL,decode,22.3002,12.15504,1.8346463689136359,12.15504,12.155,3.290815990754621e-06,581.143,15.979,62.58,388.961,1,4,2,12.389,tp1pp1dp4etp1ep4,9,72,3,4.404,tp1pp1dp8etp1ep8,32
deepseek_v3__b300_sxm__analytical,deepseek_v3,b300_sxm,ANALYTICAL,decode,22.3002,10.890960000000002,2.0475880914079196,10.890960000000002,10.891,3.6727708116167614e-06,581.143,15.853,63.079,348.511,1,4,2,12.389,tp1pp1dp4etp1ep4,8,64,3,3.946,tp1pp1dp8etp2ep4,32
deepseek_v3__b300_sxm__analytical,deepseek_v3,b300_sxm,ANALYTICAL,decode,22.3002,10.84956,2.0554013250306924,10.84956,10.85,4.0554640003772484e-05,581.143,15.915,62.835,347.186,1,4,2,12.389,tp1pp1dp4etp1ep4,8,64,3,3.931,tp1pp1dp8etp4ep2,32
deepseek_v3__b300_sxm__analytical,deepseek_v3,b300_sxm,ANALYTICAL,decode,22.3002,9.530280000000001,2.3399312507082684,9.530280000000001,9.53,2.9380039201559062e-05,581.143,15.854,63.077,304.969,1,4,2,12.389,tp1pp1dp4etp1ep4,7,56,3,3.453,tp1pp1dp8etp8ep1,32
deepseek_v3__b300_sxm__analytical,deepseek_v3,b300_sxm,ANALYTICAL,decode,9.902700000000001,5.4896400000000005,1.8038887795921044,5.4896400000000005,5.49,6.557807069310445e-05,163.597,15.727,63.584,175.668,1,1,1,11.003,tp8pp1dp1etp1ep8,32,32,3,1.989,tp8pp1dp1etp1ep8,32
deepseek_v3__b300_sxm__analytical,deepseek_v3,b300_sxm,ANALYTICAL,decode,22.3002,19.13232,1.1655774103715597,19.13232,19.132,1.6725624492928388e-05,581.143,16.923,59.091,612.234,1,4,2,12.389,tp1pp1dp4etp1ep4,15,120,3,6.932,tp1pp1dp8etp1ep8,32
deepseek_v3__b300_sxm__analytical,deepseek_v3,b300_sxm,ANALYTICAL,decode,22.3002,19.06608,1.1696268976108357,19.06608,19.066,4.195933301471729e-06,581.143,16.981,58.89,610.115,1,4,2,12.389,tp1pp1dp4etp1ep4,15,120,3,6.908,tp1pp1dp8etp2ep4,32
deepseek_v3__b300_sxm__analytical,deepseek_v3,b300_sxm,ANALYTICAL,decode,22.3002,17.85168,1.2491933532306203,17.85168,17.852,1.79254837639115e-05,581.143,16.928,59.075,571.254,1,4,2,12.389,tp1pp1dp4etp1ep4,14,112,3,6.468,tp1pp1dp8etp4ep2,32
deepseek_v3__b300_sxm__analytical,deepseek_v3,b300_sxm,ANALYTICAL,decode,22.3002,16.5462,1.3477535627515684,16.5462,16.546,1.2087367492205696e-05,581.143,16.959,58.965,529.478,1,4,2,12.389,tp1pp1dp4etp1ep4,13,104,3,5.995,tp1pp1dp8etp8ep1,32
deepseek_v3__b300_sxm__analytical,deepseek_v3,b300_sxm,ANALYTICAL,decode,9.902700000000001,7.65072,1.2943487671748544,7.65072,7.651,3.659786268482679e-05,163.597,16.927,59.079,244.823,1,1,1,11.003,tp8pp1dp1etp1ep8,48,48,3,2.772,tp8pp1dp1etp1ep8,32
deepseek_v3__b300_sxm__analytical,deepseek_v3,b300_sxm,ANALYTICAL,prefill,22.3002,24.271440000000002,0.9187835579594782,22.3002,22.3,8.968529430208423e-06,581.143,17.786,56.224,713.606,1,4,2,12.389,tp1pp1dp4etp1ep4,20,160,3,8.794,tp1pp1dp8etp2ep4,32
deepseek_v3__b300_sxm__analytical,deepseek_v3,b300_sxm,ANALYTICAL,prefill,22.3002,24.376320000000003,0.9148304584120982,22.3002,22.3,8.968529430208423e-06,581.143,17.709,56.468,713.606,1,4,2,12.389,tp1pp1dp4etp1ep4,20,160,3,8.832,tp1pp1dp8etp1ep8,32
deepseek_v3__b300_sxm__analytical,deepseek_v3,b300_sxm,ANALYTICAL,prefill,22.3002,24.061680000000003,0.926793141626021,22.3002,22.3,8.968529430208423e-06,581.143,17.94,55.74,713.606,1,4,2,12.389,tp1pp1dp4etp1ep4,20,160,3,8.718,tp1pp1dp8etp4ep2,32
deepseek_v3__b300_sxm__analytical,deepseek_v3,b300_sxm,ANALYTICAL,decode,22.3002,21.729480000000002,1.0262647794608981,21.729480000000002,21.729,2.208980610687161e-05,581.143,17.88,55.928,695.343,1,4,2,12.389,tp1pp1dp4etp1ep4,18,144,3,7.873,tp1pp1dp8etp8ep1,32
deepseek_v3__b300_sxm__analytical,deepseek_v3,b300_sxm,ANALYTICAL,decode,9.902700000000001,9.080400000000001,1.0905576846834941,9.080400000000001,9.08,4.4050922866927016e-05,163.597,17.826,56.099,290.573,1,1,1,11.003,tp8pp1dp1etp1ep8,60,60,3,3.29,tp8pp1dp1etp1ep8,32
deepseek_v3__b300_sxm__analytical,deepseek_v3,b300_sxm,ANALYTICAL,decode,22.3002,21.2428,1.0497768655732767,21.2428,21.243,9.414954714045884e-06,581.143,18.967,52.724,906.359,1,4,2,12.389,tp1pp1dp4etp1ep4,28,224,2,11.545,tp1pp1dp8etp1ep8,24
deepseek_v3__b300_sxm__analytical,deepseek_v3,b300_sxm,ANALYTICAL,decode,22.3002,19.94928,1.1178448545511417,19.94928,19.949,1.4035594267064172e-05,581.143,18.753,53.326,851.169,1,4,2,12.389,tp1pp1dp4etp1ep4,26,208,2,10.842,tp1pp1dp8etp2ep4,24
deepseek_v3__b300_sxm__analytical,deepseek_v3,b300_sxm,ANALYTICAL,decode,22.3002,19.73952,1.129723519112927,19.73952,19.74,2.4316700710026985e-05,581.143,18.953,52.762,842.22,1,4,2,12.389,tp1pp1dp4etp1ep4,26,208,2,10.728,tp1pp1dp8etp4ep2,24
deepseek_v3__b300_sxm__analytical,deepseek_v3,b300_sxm,ANALYTICAL,decode,22.3002,18.19024,1.2259431431360994,18.19024,18.19,1.3193888590695868e-05,581.143,18.985,52.672,776.117,1,4,2,12.389,tp1pp1dp4etp1ep4,24,192,2,9.886,tp1pp1dp8etp8ep1,24
deepseek_v3__b300_sxm__analytical,deepseek_v3,b300_sxm,ANALYTICAL,prefill,9.902700000000001,10.316880000000001,0.9598541419498918,9.902700000000001,9.903,3.0294768093479636e-05,163.597,18.829,53.111,316.886,1,1,1,11.003,tp8pp1dp1etp1ep8,72,72,3,3.738,tp8pp1dp1etp4ep2,32
deepseek_v3__b300_sxm__analytical,deepseek_v3,b300_sxm,ANALYTICAL,prefill,22.3002,23.351440000000004,0.9549817912728293,22.3002,22.3,8.968529430208423e-06,581.143,19.719,50.713,951.475,1,4,2,12.389,tp1pp1dp4etp1ep4,32,256,2,12.691,tp1pp1dp8etp2ep4,24
deepseek_v3__b300_sxm__analytical,deepseek_v3,b300_sxm,ANALYTICAL,prefill,22.3002,23.4968,0.9490739164481972,22.3002,22.3,8.968529430208423e-06,581.143,19.596,51.032,951.475,1,4,2,12.389,tp1pp1dp4etp1ep4,32,256,2,12.77,tp1pp1dp8etp1ep8,24
deepseek_v3__b300_sxm__analytical,deepseek_v3,b300_sxm,ANALYTICAL,prefill,22.3002,23.06256,0.9669438258372011,22.3002,22.3,8.968529430208423e-06,581.143,19.966,50.086,951.475,1,4,2,12.389,tp1pp1dp4etp1ep4,32,256,2,12.534,tp1pp1dp8etp4ep2,24
deepseek_v3__b300_sxm__analytical,deepseek_v3,b300_sxm,ANALYTICAL,decode,22.3002,20.427680000000002,1.0916658181447916,20.427680000000002,20.428,1.566501922873981e-05,581.143,19.722,50.705,871.581,1,4,2,12.389,tp1pp1dp4etp1ep4,28,224,2,11.102,tp1pp1dp8etp8ep1,24
deepseek_v3__b300_sxm__analytical,deepseek_v3,b300_sxm,ANALYTICAL,decode,9.902700000000001,7.945119999999999,1.246387719757537,7.945119999999999,7.945,1.5103610769756755e-05,163.597,19.923,50.194,338.992,1,1,1,11.003,tp8pp1dp1etp1ep8,88,88,2,4.318,tp8pp1dp1etp1ep8,24
deepseek_v3__b300_sxm__analytical,deepseek_v3,b300_sxm,ANALYTICAL,decode,22.3002,18.69808,1.192646517717327,18.69808,18.698,4.278514157631377e-06,581.143,24.625,40.609,1196.677,1,4,2,12.389,tp1pp1dp4etp1ep4,64,512,1,20.324,tp1pp1dp8etp1ep8,16
deepseek_v3__b300_sxm__analytical,deepseek_v3,b300_sxm,ANALYTICAL,decode,22.3002,18.513160000000003,1.2045593512938901,18.513160000000003,18.513,8.642500794086379e-06,581.143,24.872,40.206,1184.842,1,4,2,12.389,tp1pp1dp4etp1ep4,64,512,1,20.123,tp1pp1dp8etp2ep4,16
deepseek_v3__b300_sxm__analytical,deepseek_v3,b300_sxm,ANALYTICAL,decode,22.3002,17.483680000000003,1.2754866252413677,17.483680000000003,17.484,1.8302782938062444e-05,581.143,24.69,40.502,1118.956,1,4,2,12.389,tp1pp1dp4etp1ep4,60,480,1,19.004,tp1pp1dp8etp4ep2,16
deepseek_v3__b300_sxm__analytical,deepseek_v3,b300_sxm,ANALYTICAL,decode,22.3002,16.194760000000002,1.3770009558647363,16.194760000000002,16.195,1.4819608317629872e-05,581.143,24.878,40.196,1036.465,1,4,2,12.389,tp1pp1dp4etp1ep4,56,448,1,17.603,tp1pp1dp8etp8ep1,16
deepseek_v3__b300_sxm__analytical,deepseek_v3,b300_sxm,ANALYTICAL,prefill,9.902700000000001,10.9664,0.9030037204552087,9.902700000000001,9.903,3.0294768093479636e-05,163.597,24.931,40.111,422.515,1,1,1,11.003,tp8pp1dp1etp1ep8,152,152,2,5.96,tp8pp1dp1etp4ep2,24
deepseek_v3__b300_sxm__analytical,deepseek_v3,b300_sxm,ANALYTICAL,prefill,22.3002,22.529880000000002,0.9898055382452102,22.3002,22.3,8.968529430208423e-06,581.143,29.379,34.038,1427.213,1,4,2,12.389,tp1pp1dp4etp1ep4,92,736,1,24.489,tp1pp1dp8etp2ep4,16
deepseek_v3__b300_sxm__analytical,deepseek_v3,b300_sxm,ANALYTICAL,prefill,22.3002,23.29256,0.9573958379843177,22.3002,22.3,8.968529430208423e-06,581.143,29.652,33.724,1427.213,1,4,2,12.389,tp1pp1dp4etp1ep4,96,768,1,25.318,tp1pp1dp8etp1ep8,16
deepseek_v3__b300_sxm__analytical,deepseek_v3,b300_sxm,ANALYTICAL,decode,22.3002,21.52524,1.0360023860361138,21.52524,21.525,1.1149701466816271e-05,581.143,29.413,33.999,1377.615,1,4,2,12.389,tp1pp1dp4etp1ep4,88,704,1,23.397,tp1pp1dp8etp4ep2,16
deepseek_v3__b300_sxm__analytical,deepseek_v3,b300_sxm,ANALYTICAL,decode,22.3002,19.64568,1.1351197820589565,19.64568,19.646,1.628856827567671e-05,581.143,29.297,34.133,1257.324,1,4,2,12.389,tp1pp1dp4etp1ep4,80,640,1,21.354,tp1pp1dp8etp8ep1,16
deepseek_v3__b300_sxm__analytical,deepseek_v3,b300_sxm,ANALYTICAL,decode,22.3002,19.36784,1.1514035638460458,19.36784,19.368,8.26111739861004e-06,581.143,29.716,33.651,826.361,1,4,2,12.389,tp1pp1dp4etp1ep4,40,160,4,5.263,tp1pp1dp4etp1ep4,24
deepseek_v3__b300_sxm__analytical,deepseek_v3,b300_sxm,ANALYTICAL,prefill,22.3002,25.83728,0.8631016887226519,22.3002,22.3,8.968529430208423e-06,581.143,34.528,28.962,1427.213,1,4,2,12.389,tp1pp1dp4etp1ep4,124,992,1,28.084,tp1pp1dp8etp2ep4,16
deepseek_v3__b300_sxm__analytical,deepseek_v3,b300_sxm,ANALYTICAL,prefill,22.3002,26.5558,0.8397487554507866,22.3002,22.3,8.968529430208423e-06,581.143,34.678,28.836,1427.213,1,4,2,12.389,tp1pp1dp4etp1ep4,128,1024,1,28.865,tp1pp1dp8etp1ep8,16
deepseek_v3__b300_sxm__analytical,deepseek_v3,b300_sxm,ANALYTICAL,prefill,22.3002,24.80228,0.8991189519673192,22.3002,22.3,8.968529430208423e-06,581.143,34.809,28.728,1427.213,1,4,2,12.389,tp1pp1dp4etp1ep4,120,960,1,26.959,tp1pp1dp8etp4ep2,16
deepseek_v3__b300_sxm__analytical,deepseek_v3,b300_sxm,ANALYTICAL,prefill,22.3002,22.55472,0.9887154440400945,22.3002,22.3,8.968529430208423e-06,581.143,34.45,29.027,1427.213,1,4,2,12.389,tp1pp1dp4etp1ep4,108,864,1,24.516,tp1pp1dp8etp8ep1,16
deepseek_v3__b300_sxm__analytical,deepseek_v3,b300_sxm,ANALYTICAL,prefill,33.450300000000006,37.43939999999999,0.8934518181381115,33.450300000000006,33.45,8.968529430314631e-06,581.143,34.59,28.91,1070.41,1,4,3,12.389,tp1pp1dp4etp1ep4,72,288,5,8.139,tp1pp1dp4etp2ep2,32
deepseek_v3__b300_sxm__analytical,deepseek_v3,b300_sxm,ANALYTICAL,prefill,22.3002,28.00204,0.7963776924824049,22.3002,22.3,8.968529430208423e-06,581.143,39.053,25.606,1427.213,1,4,2,12.389,tp1pp1dp4etp1ep4,152,1216,1,30.437,tp1pp1dp8etp2ep4,16
deepseek_v3__b300_sxm__analytical,deepseek_v3,b300_sxm,ANALYTICAL,prefill,22.3002,28.96252,0.7699675304496985,22.3002,22.3,8.968529430208423e-06,581.143,39.745,25.16,1427.213,1,4,2,12.389,tp1pp1dp4etp1ep4,160,1280,1,31.481,tp1pp1dp8etp1ep8,16
deepseek_v3__b300_sxm__analytical,deepseek_v3,b300_sxm,ANALYTICAL,prefill,22.3002,26.66344,0.8363586994026276,22.3002,22.3,8.968529430208423e-06,581.143,38.855,25.736,1427.213,1,4,2,12.389,tp1pp1dp4etp1ep4,144,1152,1,28.982,tp1pp1dp8etp4ep2,16
deepseek_v3__b300_sxm__analytical,deepseek_v3,b300_sxm,ANALYTICAL,prefill,22.3002,24.7066,0.9026009244493374,22.3002,22.3,8.968529430208423e-06,581.143,39.603,25.251,1427.213,1,4,2,12.389,tp1pp1dp4etp1ep4,136,1088,1,26.855,tp1pp1dp8etp8ep1,16
deepseek_v3__b300_sxm__analytical,deepseek_v3,b300_sxm,ANALYTICAL,decode,11.1501,9.84032,1.1331033950115443,9.84032,9.84,3.251926766612468e-05,581.143,39.48,25.329,1259.561,1,4,1,12.389,tp1pp1dp4etp1ep4,108,432,1,10.696,tp1pp1dp4etp1ep4,8
deepseek_v3__b300_sxm__analytical,deepseek_v3,b300_sxm,ANALYTICAL,prefill,33.450300000000006,34.80636,0.9610398789186806,33.450300000000006,33.45,8.968529430314631e-06,581.143,44.646,22.398,1427.213,1,4,3,12.389,tp1pp1dp4etp1ep4,144,576,3,12.611,tp1pp1dp4etp1ep4,24
deepseek_v3__b300_sxm__analytical,deepseek_v3,b300_sxm,ANALYTICAL,prefill,22.3002,30.780440000000002,0.7244925673577115,22.3002,22.3,8.968529430208423e-06,581.143,44.877,22.283,1427.213,1,4,2,12.389,tp1pp1dp4etp1ep4,192,1536,1,33.457,tp1pp1dp8etp1ep8,16
deepseek_v3__b300_sxm__analytical,deepseek_v3,b300_sxm,ANALYTICAL,prefill,22.3002,28.553120000000003,0.7810074695865109,22.3002,22.3,8.968529430208423e-06,581.143,44.346,22.55,1427.213,1,4,2,12.389,tp1pp1dp4etp1ep4,176,1408,1,31.036,tp1pp1dp8etp4ep2,16
deepseek_v3__b300_sxm__analytical,deepseek_v3,b300_sxm,ANALYTICAL,prefill,22.3002,29.87976,0.7463312958337015,22.3002,22.3,8.968529430208423e-06,581.143,44.304,22.571,1427.213,1,4,2,12.389,tp1pp1dp4etp1ep4,184,1472,1,32.478,tp1pp1dp8etp2ep4,16
deepseek_v3__b300_sxm__analytical,deepseek_v3,b300_sxm,ANALYTICAL,prefill,22.3002,26.126160000000002,0.8535582726278947,22.3002,22.3,8.968529430208423e-06,581.143,44.061,22.696,1427.213,1,4,2,12.389,tp1pp1dp4etp1ep4,160,1280,1,28.398,tp1pp1dp8etp8ep1,16
deepseek_v3__b300_sxm__analytical,deepseek_v3,b300_sxm,ANALYTICAL,prefill,33.450300000000006,38.49924,0.8688561124842985,33.450300000000006,33.45,8.968529430314631e-06,581.143,49.334,20.27,1427.213,1,4,3,12.389,tp1pp1dp4etp1ep4,176,704,3,13.949,tp1pp1dp4etp1ep4,24
deepseek_v3__b300_sxm__analytical,deepseek_v3,b300_sxm,ANALYTICAL,prefill,33.450300000000006,37.14684,0.9004884399319029,33.450300000000006,33.45,8.968529430314631e-06,581.143,48.807,20.489,1427.213,1,4,3,12.389,tp1pp1dp4etp1ep4,168,672,3,13.459,tp1pp1dp4etp2ep2,24
deepseek_v3__b300_sxm__analytical,deepseek_v3,b300_sxm,ANALYTICAL,prefill,33.450300000000006,35.358360000000005,0.9460365243184357,33.450300000000006,33.45,8.968529430314631e-06,581.143,48.833,20.478,1427.213,1,4,3,12.389,tp1pp1dp4etp1ep4,160,640,3,12.811,tp1pp1dp4etp4ep1,24
deepseek_v3__b300_sxm__analytical,deepseek_v3,b300_sxm,ANALYTICAL,prefill,22.3002,31.876160000000006,0.6995886581068734,22.3002,22.3,8.968529430208423e-06,581.143,48.751,20.512,1427.213,1,4,2,12.389,tp1pp1dp4etp1ep4,216,1728,1,34.648,tp1pp1dp8etp1ep8,16
deepseek_v3__b300_sxm__analytical,deepseek_v3,b300_sxm,ANALYTICAL,prefill,22.3002,31.34164,0.7115198821759168,22.3002,22.3,8.968529430208423e-06,581.143,49.584,20.168,1427.213,1,4,2,12.389,tp1pp1dp4etp1ep4,216,1728,1,34.067,tp1pp1dp8etp2ep4,16
deepseek_v3__b300_sxm__analytical,deepseek_v3,b300_sxm,ANALYTICAL,prefill,33.450300000000006,41.53248,0.8054009777407948,33.450300000000006,33.45,8.968529430314631e-06,581.143,54.047,18.502,1427.213,1,4,3,12.389,tp1pp1dp4etp1ep4,208,832,3,15.048,tp1pp1dp4etp1ep4,24
deepseek_v3__b300_sxm__analytical,deepseek_v3,b300_sxm,ANALYTICAL,prefill,33.450300000000006,40.925279999999994,0.8173505471434773,33.450300000000006,33.45,8.968529430314631e-06,581.143,54.848,18.232,1427.213,1,4,3,12.389,tp1pp1dp4etp1ep4,208,832,3,14.828,tp1pp1dp4etp2ep2,24
deepseek_v3__b300_sxm__analytical,deepseek_v3,b300_sxm,ANALYTICAL,prefill,33.450300000000006,38.441280000000006,0.870166133906051,33.450300000000006,33.45,8.968529430314631e-06,581.143,53.902,18.552,1427.213,1,4,3,12.389,tp1pp1dp4etp1ep4,192,768,3,13.928,tp1pp1dp4etp4ep1,24
deepseek_v3__b300_sxm__analytical,deepseek_v3,b300_sxm,ANALYTICAL,prefill,22.3002,33.08964,0.6739329892981609,22.3002,22.3,8.968529430208423e-06,581.143,53.922,18.545,1427.213,1,4,2,12.389,tp1pp1dp4etp1ep4,248,1984,1,35.967,tp1pp1dp8etp1ep8,16
deepseek_v3__b300_sxm__analytical,deepseek_v3,b300_sxm,ANALYTICAL,prefill,22.3002,32.512800000000006,0.6858898649147411,22.3002,22.3,8.968529430208423e-06,581.143,54.877,18.222,1427.213,1,4,2,12.389,tp1pp1dp4etp1ep4,248,1984,1,35.34,tp1pp1dp8etp2ep4,16
deepseek_v3__b300_sxm__analytical,deepseek_v3,b300_sxm,ANALYTICAL,decode,44.6004,34.09244,1.308219652216151,34.09244,34.092,1.290608709745207e-05,581.143,59.089,16.924,1454.611,1,4,4,12.389,tp1pp1dp4etp1ep4,280,2240,1,37.057,tp1pp1dp8etp1ep8,24
deepseek_v3__b300_sxm__analytical,deepseek_v3,b300_sxm,ANALYTICAL,decode,55.750499999999995,44.629200000000004,1.24919335323062,44.629200000000004,44.629,4.481370941147036e-06,581.143,59.969,16.675,1428.134,1,4,5,12.389,tp1pp1dp4etp1ep4,248,992,3,16.17,tp1pp1dp4etp1ep4,32
deepseek_v3__b300_sxm__analytical,deepseek_v3,b300_sxm,ANALYTICAL,prefill,33.450300000000006,43.37616,0.7711678488828888,33.450300000000006,33.45,8.968529430314631e-06,581.143,59.71,16.748,1427.213,1,4,3,12.389,tp1pp1dp4etp1ep4,240,960,3,15.716,tp1pp1dp4etp2ep2,24
deepseek_v3__b300_sxm__analytical,deepseek_v3,b300_sxm,ANALYTICAL,prefill,33.450300000000006,40.96668,0.8165245511718305,33.450300000000006,33.45,8.968529430314631e-06,581.143,59.006,16.947,1427.213,1,4,3,12.389,tp1pp1dp4etp1ep4,224,896,3,14.843,tp1pp1dp4etp4ep1,24
deepseek_v3__b300_sxm__analytical,deepseek_v3,b300_sxm,ANALYTICAL,prefill,22.3002,33.25524,0.6705770278608725,22.3002,22.3,8.968529430208423e-06,581.143,58.845,16.994,1427.213,1,4,2,12.389,tp1pp1dp4etp1ep4,272,2176,1,36.147,tp1pp1dp8etp2ep4,16
deepseek_v3__b300_sxm__analytical,deepseek_v3,b300_sxm,ANALYTICAL,decode,44.6004,34.93516,1.2766622508670347,34.93516,34.935,4.5799131877755295e-06,581.143,64.252,15.564,1490.567,1,4,4,12.389,tp1pp1dp4etp1ep4,312,2496,1,37.973,tp1pp1dp8etp1ep8,24
deepseek_v3__b300_sxm__analytical,deepseek_v3,b300_sxm,ANALYTICAL,decode,44.6004,34.103480000000005,1.3077961545273384,34.103480000000005,34.103,1.4074809960835214e-05,581.143,64.133,15.593,1455.082,1,4,4,12.389,tp1pp1dp4etp1ep4,304,2432,1,37.069,tp1pp1dp8etp2ep4,24
deepseek_v3__b300_sxm__analytical,deepseek_v3,b300_sxm,ANALYTICAL,decode,55.750499999999995,45.17568,1.2340821433125078,45.17568,45.176,7.0834572938823805e-06,581.143,61.153,16.352,1445.622,1,4,5,12.389,tp1pp1dp4etp1ep4,256,1024,3,16.368,tp1pp1dp4etp1ep4,32
deepseek_v3__b300_sxm__analytical,deepseek_v3,b300_sxm,ANALYTICAL,prefill,33.450300000000006,44.460840000000005,0.75235420653321,33.450300000000006,33.45,8.968529430314631e-06,581.143,62.139,16.093,1427.213,1,4,3,12.389,tp1pp1dp4etp1ep4,256,1024,3,16.109,tp1pp1dp4etp2ep2,24
deepseek_v3__b300_sxm__analytical,deepseek_v3,b300_sxm,ANALYTICAL,prefill,33.450300000000006,43.09188,0.7762552945009594,33.450300000000006,33.45,8.968529430314631e-06,581.143,64.112,15.598,1427.213,1,4,3,12.389,tp1pp1dp4etp1ep4,256,1024,3,15.613,tp1pp1dp4etp4ep1,24
deepseek_v3__b300_sxm__analytical,deepseek_v3,b300_sxm,ANALYTICAL,decode,44.6004,35.6546,1.2509017069326258,35.6546,35.655,1.1218748772923207e-05,581.143,69.414,14.406,1521.263,1,4,4,12.389,tp1pp1dp4etp1ep4,344,2752,1,38.755,tp1pp1dp8etp1ep8,24
deepseek_v3__b300_sxm__analytical,deepseek_v3,b300_sxm,ANALYTICAL,decode,44.6004,34.82292,1.280777143329738,34.82292,34.823,2.2973375006165876e-06,581.143,69.418,14.405,1485.778,1,4,4,12.389,tp1pp1dp4etp1ep4,336,2688,1,37.851,tp1pp1dp8etp2ep4,24
deepseek_v3__b300_sxm__analytical,deepseek_v3,b300_sxm,ANALYTICAL,decode,44.6004,36.274680000000004,1.2295187717713842,36.274680000000004,36.275,8.821580231582771e-06,581.143,74.574,13.41,1547.72,1,4,4,12.389,tp1pp1dp4etp1ep4,376,3008,1,39.429,tp1pp1dp8etp1ep8,24
deepseek_v3__b300_sxm__analytical,deepseek_v3,b300_sxm,ANALYTICAL,decode,44.6004,35.442080000000004,1.2584024413917014,35.442080000000004,35.442,2.257203866253809e-06,581.143,74.702,13.387,1512.195,1,4,4,12.389,tp1pp1dp4etp1ep4,368,2944,1,38.524,tp1pp1dp8etp2ep4,24
deepseek_v3__b300_sxm__analytical,deepseek_v3,b300_sxm,ANALYTICAL,decode,44.6004,33.868880000000004,1.3168548827123896,33.868880000000004,33.869,3.543075531150043e-06,581.143,74.773,13.374,1445.072,1,4,4,12.389,tp1pp1dp4etp1ep4,352,2816,1,36.814,tp1pp1dp8etp4ep2,24
deepseek_v3__b300_sxm__analytical,deepseek_v3,b300_sxm,ANALYTICAL,decode,44.6004,36.81564,1.2114525239816556,36.81564,36.816,9.778452853205378e-06,581.143,79.732,12.542,1570.801,1,4,4,12.389,tp1pp1dp4etp1ep4,408,3264,1,40.017,tp1pp1dp8etp1ep8,24
deepseek_v3__b300_sxm__analytical,deepseek_v3,b300_sxm,ANALYTICAL,decode,44.6004,35.98028,1.23957901383758,35.98028,35.98,7.782040606788237e-06,581.143,79.984,12.503,1535.159,1,4,4,12.389,tp1pp1dp4etp1ep4,400,3200,1,39.109,tp1pp1dp8etp2ep4,24
deepseek_v3__b300_sxm__analytical,deepseek_v3,b300_sxm,ANALYTICAL,decode,44.6004,34.27736,1.3011620498194727,34.27736,34.277,1.0502559123590092e-05,581.143,78.92,12.671,1462.501,1,4,4,12.389,tp1pp1dp4etp1ep4,376,3008,1,37.258,tp1pp1dp8etp4ep2,24
deepseek_v3__b300_sxm__analytical,deepseek_v3,b300_sxm,ANALYTICAL,decode,44.6004,37.29128,1.1960007808796052,37.29128,37.291,7.508457741424019e-06,581.143,84.889,11.78,1591.095,1,4,4,12.389,tp1pp1dp4etp1ep4,440,3520,1,40.534,tp1pp1dp8etp1ep8,24
deepseek_v3__b300_sxm__analytical,deepseek_v3,b300_sxm,ANALYTICAL,decode,44.6004,36.33908,1.2273398225821897,36.33908,36.339,2.201486664056349e-06,581.143,83.945,11.913,1550.467,1,4,4,12.389,tp1pp1dp4etp1ep4,424,3392,1,39.499,tp1pp1dp8etp2ep4,24
deepseek_v3__b300_sxm__analytical,deepseek_v3,b300_sxm,ANALYTICAL,decode,44.6004,34.75944,1.283116183689956,34.75944,34.759,1.2658431781339214e-05,581.143,84.448,11.842,1483.069,1,4,4,12.389,tp1pp1dp4etp1ep4,408,3264,1,37.782,tp1pp1dp8etp4ep2,24
deepseek_v3__b300_sxm__analytical,deepseek_v3,b300_sxm,ANALYTICAL,decode,44.6004,37.61144,1.1858200590033245,37.61144,37.611,1.1698568308064219e-05,581.143,88.756,11.267,1604.755,1,4,4,12.389,tp1pp1dp4etp1ep4,464,3712,1,40.882,tp1pp1dp8etp1ep8,24
deepseek_v3__b300_sxm__analytical,deepseek_v3,b300_sxm,ANALYTICAL,decode,44.6004,36.76872,1.2129984399783293,36.76872,36.769,7.6151685453424885e-06,581.143,89.224,11.208,1568.799,1,4,4,12.389,tp1pp1dp4etp1ep4,456,3648,1,39.966,tp1pp1dp8etp2ep4,24
deepseek_v3__b300_sxm__analytical,deepseek_v3,b300_sxm,ANALYTICAL,decode,44.6004,35.18264,1.2676820159032978,35.18264,35.183,1.0232319121037594e-05,581.143,89.975,11.114,1501.126,1,4,4,12.389,tp1pp1dp4etp1ep4,440,3520,1,38.242,tp1pp1dp8etp4ep2,24
deepseek_v3__b300_sxm__analytical,deepseek_v3,b300_sxm,ANALYTICAL,decode,44.6004,37.997840000000004,1.1737614559143361,37.997840000000004,37.998,4.2107656644152075e-06,581.143,93.912,10.648,1621.241,1,4,4,12.389,tp1pp1dp4etp1ep4,496,3968,1,41.302,tp1pp1dp8etp1ep8,24
deepseek_v3__b300_sxm__analytical,deepseek_v3,b300_sxm,ANALYTICAL,decode,44.6004,37.15144,1.2005025915549976,37.15144,37.151,1.1843417105704474e-05,581.143,94.503,10.582,1585.128,1,4,4,12.389,tp1pp1dp4etp1ep4,488,3904,1,40.382,tp1pp1dp8etp2ep4,24
deepseek_v3__b300_sxm__analytical,deepseek_v3,b300_sxm,ANALYTICAL,decode,44.6004,35.46784,1.2574884740655197,35.46784,35.468,4.511128955161865e-06,581.143,94.12,10.625,1513.295,1,4,4,12.389,tp1pp1dp4etp1ep4,464,3712,1,38.552,tp1pp1dp8etp4ep2,24
deepseek_v3__b300_sxm__analytical,deepseek_v3,b300_sxm,ANALYTICAL,decode,44.6004,35.72912,1.2482927091403315,35.72912,35.729,3.3586049699114473e-06,581.143,98.264,10.177,1524.442,1,4,4,12.389,tp1pp1dp4etp1ep4,488,3904,1,38.836,tp1pp1dp8etp4ep2,24
deepseek_v3__b300_sxm__empirical,deepseek_v3,b300_sxm,EMPIRICAL,decode,13.291200000000002,1.6836000000000002,7.894511760513186,1.6836000000000002,1.684,0.00023758612497014366,121.885,1.602,624.344,53.875,1,1,1,14.768,tp8pp1dp1etp1ep8,1,1,3,0.61,tp8pp1dp1etp1ep8,32
deepseek_v3__b300_sxm__empirical,deepseek_v3,b300_sxm,EMPIRICAL,decode,13.291200000000002,1.6836000000000002,7.894511760513186,1.6836000000000002,1.684,0.00023758612497014366,121.885,1.602,624.213,53.875,1,1,1,14.768,tp8pp1dp1etp1ep8,1,1,3,0.61,tp8pp1dp1etp2ep4,32
deepseek_v3__b300_sxm__empirical,deepseek_v3,b300_sxm,EMPIRICAL,decode,13.291200000000002,1.6836000000000002,7.894511760513186,1.6836000000000002,1.684,0.00023758612497014366,121.885,1.603,623.952,53.875,1,1,1,14.768,tp8pp1dp1etp1ep8,1,1,3,0.61,tp8pp1dp1etp4ep2,32
deepseek_v3__b300_sxm__empirical,deepseek_v3,b300_sxm,EMPIRICAL,decode,13.291200000000002,1.6808400000000001,7.907474834011566,1.6808400000000001,1.681,9.519049998806427e-05,121.885,1.604,623.431,53.787,1,1,1,14.768,tp8pp1dp1etp1ep8,1,1,3,0.609,tp8pp1dp1etp8ep1,32
deepseek_v3__b300_sxm__empirical,deepseek_v3,b300_sxm,EMPIRICAL,decode,8.5968,2.254,3.814019520851819,2.254,2.254,0.0,188.442,2.796,357.601,72.128,1,1,1,9.552,tp4pp1dp1etp1ep4,1,1,7,0.35,tp4pp1dp1etp1ep4,32
deepseek_v3__b300_sxm__empirical,deepseek_v3,b300_sxm,EMPIRICAL,decode,8.5968,2.2475599999999996,3.82494794354767,2.2475599999999996,2.248,0.00019576785491851704,188.442,2.797,357.515,71.922,1,1,1,9.552,tp4pp1dp1etp1ep4,1,1,7,0.349,tp4pp1dp1etp2ep2,32
deepseek_v3__b300_sxm__empirical,deepseek_v3,b300_sxm,EMPIRICAL,decode,8.5968,2.2475599999999996,3.82494794354767,2.2475599999999996,2.248,0.00019576785491851704,188.442,2.798,357.344,71.922,1,1,1,9.552,tp4pp1dp1etp1ep4,1,1,7,0.349,tp4pp1dp1etp4ep1,32
deepseek_v3__b300_sxm__empirical,deepseek_v3,b300_sxm,EMPIRICAL,decode,13.291200000000002,1.99272,6.669878357220282,1.99272,1.993,0.00014051146172069232,121.885,2.709,369.136,63.767,1,1,1,14.768,tp8pp1dp1etp1ep8,2,2,3,0.722,tp8pp1dp1etp1ep8,32
deepseek_v3__b300_sxm__empirical,deepseek_v3,b300_sxm,EMPIRICAL,decode,13.291200000000002,1.98996,6.6791292287282165,1.98996,1.99,2.010090655090555e-05,121.885,2.71,369.045,63.679,1,1,1,14.768,tp8pp1dp1etp1ep8,2,2,3,0.721,tp8pp1dp1etp2ep4,32
deepseek_v3__b300_sxm__empirical,deepseek_v3,b300_sxm,EMPIRICAL,decode,13.291200000000002,2.1196800000000002,6.270380434782608,2.1196800000000002,2.12,0.00015096618357482067,121.885,3.816,262.029,67.83,1,1,1,14.768,tp8pp1dp1etp1ep8,3,3,3,0.768,tp8pp1dp1etp1ep8,32
deepseek_v3__b300_sxm__empirical,deepseek_v3,b300_sxm,EMPIRICAL,decode,13.291200000000002,2.1196800000000002,6.270380434782608,2.1196800000000002,2.12,0.00015096618357482067,121.885,3.817,261.96,67.83,1,1,1,14.768,tp8pp1dp1etp1ep8,3,3,3,0.768,tp8pp1dp1etp2ep4,32
deepseek_v3__b300_sxm__empirical,deepseek_v3,b300_sxm,EMPIRICAL,decode,8.5968,2.5502400000000005,3.370976849237718,2.5502400000000005,2.55,9.41087897612319e-05,188.442,4.933,202.72,81.608,1,1,1,9.552,tp4pp1dp1etp1ep4,2,2,7,0.396,tp4pp1dp1etp1ep4,32
deepseek_v3__b300_sxm__empirical,deepseek_v3,b300_sxm,EMPIRICAL,decode,8.5968,2.5502400000000005,3.370976849237718,2.5502400000000005,2.55,9.41087897612319e-05,188.442,4.934,202.665,81.608,1,1,1,9.552,tp4pp1dp1etp1ep4,2,2,7,0.396,tp4pp1dp1etp2ep2,32
deepseek_v3__b300_sxm__empirical,deepseek_v3,b300_sxm,EMPIRICAL,decode,8.5968,2.5502400000000005,3.370976849237718,2.5502400000000005,2.55,9.41087897612319e-05,188.442,4.937,202.555,81.608,1,1,1,9.552,tp4pp1dp1etp1ep4,2,2,7,0.396,tp4pp1dp1etp4ep1,32
deepseek_v3__b300_sxm__empirical,deepseek_v3,b300_sxm,EMPIRICAL,decode,13.291200000000002,2.19144,6.065053115759501,2.19144,2.191,0.0002007812214800396,121.885,4.924,203.099,70.126,1,1,1,14.768,tp8pp1dp1etp1ep8,4,4,3,0.794,tp8pp1dp1etp1ep8,32
deepseek_v3__b300_sxm__empirical,deepseek_v3,b300_sxm,EMPIRICAL,decode,13.291200000000002,2.19144,6.065053115759501,2.19144,2.191,0.0002007812214800396,121.885,4.925,203.043,70.126,1,1,1,14.768,tp8pp1dp1etp1ep8,4,4,3,0.794,tp8pp1dp1etp2ep4,32
deepseek_v3__b300_sxm__empirical,deepseek_v3,b300_sxm,EMPIRICAL,decode,13.291200000000002,2.2356000000000003,5.94524959742351,2.2356000000000003,2.236,0.00017892288423687418,121.885,6.031,165.808,71.539,1,1,1,14.768,tp8pp1dp1etp1ep8,5,5,3,0.81,tp8pp1dp1etp1ep8,32
deepseek_v3__b300_sxm__empirical,deepseek_v3,b300_sxm,EMPIRICAL,decode,13.291200000000002,2.2356000000000003,5.94524959742351,2.2356000000000003,2.236,0.00017892288423687418,121.885,6.033,165.762,71.539,1,1,1,14.768,tp8pp1dp1etp1ep8,5,5,3,0.81,tp8pp1dp1etp2ep4,32
deepseek_v3__b300_sxm__empirical,deepseek_v3,b300_sxm,EMPIRICAL,decode,8.5968,2.6726,3.2166429693931002,2.6726,2.673,0.00014966699094513057,188.442,7.069,141.455,85.523,1,1,1,9.552,tp4pp1dp1etp1ep4,3,3,7,0.415,tp4pp1dp1etp1ep4,32
deepseek_v3__b300_sxm__empirical,deepseek_v3,b300_sxm,EMPIRICAL,decode,8.5968,2.6726,3.2166429693931002,2.6726,2.673,0.00014966699094513057,188.442,7.071,141.415,85.523,1,1,1,9.552,tp4pp1dp1etp1ep4,3,3,7,0.415,tp4pp1dp1etp2ep2,32
deepseek_v3__b300_sxm__empirical,deepseek_v3,b300_sxm,EMPIRICAL,decode,8.5968,2.6661599999999996,3.2244126384012968,2.6661599999999996,2.666,6.001140216630508e-05,188.442,7.075,141.334,85.317,1,1,1,9.552,tp4pp1dp1etp1ep4,3,3,7,0.414,tp4pp1dp1etp4ep1,32
deepseek_v3__b300_sxm__empirical,deepseek_v3,b300_sxm,EMPIRICAL,decode,13.291200000000002,2.26872,5.85845763249762,2.26872,2.269,0.00012341760992985382,121.885,7.138,140.087,72.599,1,1,1,14.768,tp8pp1dp1etp1ep8,6,6,3,0.822,tp8pp1dp1etp1ep8,32
deepseek_v3__b300_sxm__empirical,deepseek_v3,b300_sxm,EMPIRICAL,decode,13.291200000000002,2.26596,5.8655933908806865,2.26596,2.266,1.7652562269333066e-05,121.885,7.14,140.048,72.511,1,1,1,14.768,tp8pp1dp1etp1ep8,6,6,3,0.821,tp8pp1dp1etp2ep4,32
deepseek_v3__b300_sxm__empirical,deepseek_v3,b300_sxm,EMPIRICAL,decode,13.291200000000002,2.2908,5.801990570979571,2.2908,2.291,8.730574471799283e-05,121.885,8.246,121.275,73.306,1,1,1,14.768,tp8pp1dp1etp1ep8,7,7,3,0.83,tp8pp1dp1etp1ep8,32
deepseek_v3__b300_sxm__empirical,deepseek_v3,b300_sxm,EMPIRICAL,decode,13.291200000000002,2.2908,5.801990570979571,2.2908,2.291,8.730574471799283e-05,121.885,8.248,121.24,73.306,1,1,1,14.768,tp8pp1dp1etp1ep8,7,7,3,0.83,tp8pp1dp1etp2ep4,32
deepseek_v3__b300_sxm__empirical,deepseek_v3,b300_sxm,EMPIRICAL,decode,8.5968,2.737,3.1409572524662037,2.737,2.737,0.0,188.442,9.206,108.626,87.584,1,1,1,9.552,tp4pp1dp1etp1ep4,4,4,7,0.425,tp4pp1dp1etp1ep4,32
deepseek_v3__b300_sxm__empirical,deepseek_v3,b300_sxm,EMPIRICAL,decode,8.5968,2.737,3.1409572524662037,2.737,2.737,0.0,188.442,9.209,108.595,87.584,1,1,1,9.552,tp4pp1dp1etp1ep4,4,4,7,0.425,tp4pp1dp1etp2ep2,32
deepseek_v3__b300_sxm__empirical,deepseek_v3,b300_sxm,EMPIRICAL,decode,8.5968,2.73056,3.1483651705144733,2.73056,2.731,0.00016113910699628423,188.442,9.214,108.531,87.378,1,1,1,9.552,tp4pp1dp1etp1ep4,4,4,7,0.424,tp4pp1dp1etp4ep1,32
deepseek_v3__b300_sxm__empirical,deepseek_v3,b300_sxm,EMPIRICAL,decode,17.239500000000003,2.5244800000000005,6.8289311066041325,2.5244800000000005,2.524,0.00019013816706825958,375.881,9.976,100.239,80.783,1,4,1,19.155,tp1pp1dp4etp1ep4,1,4,7,0.392,tp1pp1dp4etp2ep2,32
deepseek_v3__b300_sxm__empirical,deepseek_v3,b300_sxm,EMPIRICAL,decode,17.239500000000003,2.5244800000000005,6.8289311066041325,2.5244800000000005,2.524,0.00019013816706825958,375.881,9.973,100.266,80.783,1,4,1,19.155,tp1pp1dp4etp1ep4,1,4,7,0.392,tp1pp1dp4etp1ep4,32
deepseek_v3__b300_sxm__empirical,deepseek_v3,b300_sxm,EMPIRICAL,decode,17.239500000000003,2.5244800000000005,6.8289311066041325,2.5244800000000005,2.524,0.00019013816706825958,375.881,9.981,100.185,80.783,1,4,1,19.155,tp1pp1dp4etp1ep4,1,4,7,0.392,tp1pp1dp4etp4ep1,32
deepseek_v3__b300_sxm__empirical,deepseek_v3,b300_sxm,EMPIRICAL,decode,8.5968,2.77564,3.097231629462034,2.77564,2.776,0.00012969981697903688,188.442,11.346,88.139,88.82,1,1,1,9.552,tp4pp1dp1etp1ep4,5,5,7,0.431,tp4pp1dp1etp2ep2,32
deepseek_v3__b300_sxm__empirical,deepseek_v3,b300_sxm,EMPIRICAL,decode,8.5968,2.77564,3.097231629462034,2.77564,2.776,0.00012969981697903688,188.442,11.342,88.165,88.82,1,1,1,9.552,tp4pp1dp1etp1ep4,5,5,7,0.431,tp4pp1dp1etp1ep4,32
deepseek_v3__b300_sxm__empirical,deepseek_v3,b300_sxm,EMPIRICAL,decode,8.5968,2.77564,3.097231629462034,2.77564,2.776,0.00012969981697903688,188.442,11.352,88.087,88.82,1,1,1,9.552,tp4pp1dp1etp1ep4,5,5,7,0.431,tp4pp1dp1etp4ep1,32
deepseek_v3__b300_sxm__empirical,deepseek_v3,b300_sxm,EMPIRICAL,decode,8.5968,2.8014,3.068751338616406,2.8014,2.801,0.00014278574998213606,188.442,13.483,74.168,89.645,1,1,1,9.552,tp4pp1dp1etp1ep4,6,6,7,0.435,tp4pp1dp1etp2ep2,32
deepseek_v3__b300_sxm__empirical,deepseek_v3,b300_sxm,EMPIRICAL,decode,8.5968,2.8014,3.068751338616406,2.8014,2.801,0.00014278574998213606,188.442,13.479,74.19,89.645,1,1,1,9.552,tp4pp1dp1etp1ep4,6,6,7,0.435,tp4pp1dp1etp1ep4,32
deepseek_v3__b300_sxm__empirical,deepseek_v3,b300_sxm,EMPIRICAL,decode,8.5968,2.8014,3.068751338616406,2.8014,2.801,0.00014278574998213606,188.442,13.491,74.124,89.645,1,1,1,9.552,tp4pp1dp1etp1ep4,6,6,7,0.435,tp4pp1dp1etp4ep1,32
deepseek_v3__b300_sxm__empirical,deepseek_v3,b300_sxm,EMPIRICAL,decode,8.5968,2.82072,3.047732493831362,2.82072,2.821,9.926543577528361e-05,188.442,15.62,64.02,90.263,1,1,1,9.552,tp4pp1dp1etp1ep4,7,7,7,0.438,tp4pp1dp1etp2ep2,32
deepseek_v3__b300_sxm__empirical,deepseek_v3,b300_sxm,EMPIRICAL,decode,8.5968,2.82072,3.047732493831362,2.82072,2.821,9.926543577528361e-05,188.442,15.615,64.04,90.263,1,1,1,9.552,tp4pp1dp1etp1ep4,7,7,7,0.438,tp4pp1dp1etp1ep4,32
deepseek_v3__b300_sxm__empirical,deepseek_v3,b300_sxm,EMPIRICAL,decode,8.5968,2.82072,3.047732493831362,2.82072,2.821,9.926543577528361e-05,188.442,15.629,63.982,90.263,1,1,1,9.552,tp4pp1dp1etp1ep4,7,7,7,0.438,tp4pp1dp1etp4ep1,32
deepseek_v3__b300_sxm__empirical,deepseek_v3,b300_sxm,EMPIRICAL,decode,8.5968,2.84004,3.0269996197236657,2.84004,2.84,1.4084308671801118e-05,188.442,17.752,56.332,90.881,1,1,1,9.552,tp4pp1dp1etp1ep4,8,8,7,0.441,tp4pp1dp1etp1ep4,32
deepseek_v3__b300_sxm__empirical,deepseek_v3,b300_sxm,EMPIRICAL,decode,8.5968,2.8336,3.0338791643139467,2.8336,2.834,0.00014116318464142997,188.442,17.757,56.315,90.675,1,1,1,9.552,tp4pp1dp1etp1ep4,8,8,7,0.44,tp4pp1dp1etp2ep2,32
deepseek_v3__b300_sxm__empirical,deepseek_v3,b300_sxm,EMPIRICAL,decode,8.5968,2.8336,3.0338791643139467,2.8336,2.834,0.00014116318464142997,188.442,17.768,56.281,90.675,1,1,1,9.552,tp4pp1dp1etp1ep4,8,8,7,0.44,tp4pp1dp1etp4ep1,32
deepseek_v3__b300_sxm__empirical,deepseek_v3,b300_sxm,EMPIRICAL,decode,34.479000000000006,9.11628,3.782134818149509,9.11628,9.116,3.071428258018161e-05,375.881,18.943,52.791,291.721,1,4,2,19.155,tp1pp1dp4etp1ep4,8,64,3,3.303,tp1pp1dp8etp1ep8,32
deepseek_v3__b300_sxm__empirical,deepseek_v3,b300_sxm,EMPIRICAL,decode,34.479000000000006,9.10524,3.7867206136246825,9.10524,9.105,2.635844854169642e-05,375.881,18.964,52.731,291.368,1,4,2,19.155,tp1pp1dp4etp1ep4,8,64,3,3.299,tp1pp1dp8etp2ep4,32
deepseek_v3__b300_sxm__empirical,deepseek_v3,b300_sxm,EMPIRICAL,decode,34.479000000000006,7.9957199999999995,4.312182017379299,7.9957199999999995,7.996,3.501873502335577e-05,375.881,18.895,52.925,255.863,1,4,2,19.155,tp1pp1dp4etp1ep4,7,56,3,2.897,tp1pp1dp8etp4ep2,32
deepseek_v3__b300_sxm__empirical,deepseek_v3,b300_sxm,EMPIRICAL,decode,34.479000000000006,7.965360000000001,4.328617915574437,7.965360000000001,7.965,4.5195697369794985e-05,375.881,18.97,52.716,254.892,1,4,2,19.155,tp1pp1dp4etp1ep4,7,56,3,2.886,tp1pp1dp8etp8ep1,32
deepseek_v3__b300_sxm__empirical,deepseek_v3,b300_sxm,EMPIRICAL,decode,13.291200000000002,3.4362000000000004,3.8679937139863805,3.4362000000000004,3.436,5.820382981212445e-05,121.885,18.843,53.069,109.958,1,1,1,14.768,tp8pp1dp1etp1ep8,24,24,3,1.245,tp8pp1dp1etp1ep8,32
deepseek_v3__b300_sxm__empirical,deepseek_v3,b300_sxm,EMPIRICAL,decode,34.479000000000006,19.43868,1.773731549673126,19.43868,19.439,1.646202314141411e-05,375.881,19.986,50.034,622.038,1,4,2,19.155,tp1pp1dp4etp1ep4,18,144,3,7.043,tp1pp1dp8etp1ep8,32
deepseek_v3__b300_sxm__empirical,deepseek_v3,b300_sxm,EMPIRICAL,decode,34.479000000000006,17.42388,1.9788359423962978,17.42388,17.424,6.887099773357586e-06,375.881,19.82,50.453,557.564,1,4,2,19.155,tp1pp1dp4etp1ep4,16,128,3,6.313,tp1pp1dp8etp2ep4,32
deepseek_v3__b300_sxm__empirical,deepseek_v3,b300_sxm,EMPIRICAL,decode,34.479000000000006,17.349359999999997,1.9873355558937051,17.349359999999997,17.349,2.0750044958259523e-05,375.881,19.906,50.236,555.18,1,4,2,19.155,tp1pp1dp4etp1ep4,16,128,3,6.286,tp1pp1dp8etp4ep2,32
deepseek_v3__b300_sxm__empirical,deepseek_v3,b300_sxm,EMPIRICAL,decode,34.479000000000006,16.22604,2.1249177248422906,16.22604,16.226,2.465173264828535e-06,375.881,19.954,50.114,519.233,1,4,2,19.155,tp1pp1dp4etp1ep4,15,120,3,5.879,tp1pp1dp8etp8ep1,32
deepseek_v3__b300_sxm__empirical,deepseek_v3,b300_sxm,EMPIRICAL,decode,13.291200000000002,4.90728,2.708465789602387,4.90728,4.907,5.705808513067483e-05,121.885,19.791,50.529,157.033,1,1,1,14.768,tp8pp1dp1etp1ep8,36,36,3,1.778,tp8pp1dp1etp1ep8,32
deepseek_v3__b300_sxm__empirical,deepseek_v3,b300_sxm,EMPIRICAL,prefill,34.479000000000006,36.89752,0.9344530472508723,34.479000000000006,34.479,2.0607985607474115e-16,375.881,24.958,40.067,1471.104,1,4,2,19.155,tp1pp1dp4etp1ep4,64,512,2,20.053,tp1pp1dp8etp2ep4,24
deepseek_v3__b300_sxm__empirical,deepseek_v3,b300_sxm,EMPIRICAL,prefill,34.479000000000006,37.15328,0.9280203524426377,34.479000000000006,34.479,2.0607985607474115e-16,375.881,24.787,40.344,1471.104,1,4,2,19.155,tp1pp1dp4etp1ep4,64,512,2,20.192,tp1pp1dp8etp1ep8,24
deepseek_v3__b300_sxm__empirical,deepseek_v3,b300_sxm,EMPIRICAL,prefill,34.479000000000006,34.741040000000005,0.9924573357619692,34.479000000000006,34.479,2.0607985607474115e-16,375.881,24.851,40.239,1471.104,1,4,2,19.155,tp1pp1dp4etp1ep4,60,480,2,18.881,tp1pp1dp8etp4ep2,24
deepseek_v3__b300_sxm__empirical,deepseek_v3,b300_sxm,EMPIRICAL,decode,34.479000000000006,30.52928,1.129374816569536,30.52928,30.529,9.171523206576047e-06,375.881,24.509,40.801,1302.583,1,4,2,19.155,tp1pp1dp4etp1ep4,52,416,2,16.592,tp1pp1dp8etp8ep1,24
deepseek_v3__b300_sxm__empirical,deepseek_v3,b300_sxm,EMPIRICAL,decode,13.291200000000002,10.8606,1.2237997900668474,10.8606,10.861,3.683037769560099e-05,121.885,24.843,40.252,347.539,1,1,1,14.768,tp8pp1dp1etp1ep8,100,100,3,3.935,tp8pp1dp1etp1ep8,32
deepseek_v3__b300_sxm__empirical,deepseek_v3,b300_sxm,EMPIRICAL,decode,34.479000000000006,27.043400000000002,1.2749506349053745,27.043400000000002,27.043,1.4791039588314356e-05,375.881,29.796,33.562,1730.778,1,4,2,19.155,tp1pp1dp4etp1ep4,112,896,1,29.395,tp1pp1dp8etp1ep8,16
deepseek_v3__b300_sxm__empirical,deepseek_v3,b300_sxm,EMPIRICAL,decode,34.479000000000006,26.19056,1.3164666963974807,26.19056,26.191,1.6799946240078618e-05,375.881,29.668,33.707,1676.196,1,4,2,19.155,tp1pp1dp4etp1ep4,108,864,1,28.468,tp1pp1dp8etp2ep4,16
deepseek_v3__b300_sxm__empirical,deepseek_v3,b300_sxm,EMPIRICAL,decode,34.479000000000006,25.111400000000003,1.3730417260686383,25.111400000000003,25.111,1.5929020285711685e-05,375.881,29.797,33.561,1607.13,1,4,2,19.155,tp1pp1dp4etp1ep4,104,832,1,27.295,tp1pp1dp8etp4ep2,16
deepseek_v3__b300_sxm__empirical,deepseek_v3,b300_sxm,EMPIRICAL,decode,34.479000000000006,23.07912,1.4939477761717088,23.07912,23.079,5.1995050070804165e-06,375.881,29.926,33.416,1477.064,1,4,2,19.155,tp1pp1dp4etp1ep4,96,768,1,25.086,tp1pp1dp8etp8ep1,16
deepseek_v3__b300_sxm__empirical,deepseek_v3,b300_sxm,EMPIRICAL,prefill,13.291200000000002,14.514840000000001,0.9156973139214762,13.291200000000002,13.291,1.5047550258916442e-05,121.885,29.742,33.623,425.318,1,1,1,14.768,tp8pp1dp1etp1ep8,160,160,3,5.259,tp8pp1dp1etp4ep2,32
deepseek_v3__b300_sxm__empirical,deepseek_v3,b300_sxm,EMPIRICAL,decode,34.479000000000006,33.063880000000005,1.0427995746415726,33.063880000000005,33.064,3.629338117470093e-06,375.881,34.815,28.723,2116.088,1,4,2,19.155,tp1pp1dp4etp1ep4,160,1280,1,35.939,tp1pp1dp8etp1ep8,16
deepseek_v3__b300_sxm__empirical,deepseek_v3,b300_sxm,EMPIRICAL,decode,34.479000000000006,31.80992,1.0839071585216185,31.80992,31.81,2.5149387359971787e-06,375.881,34.378,29.089,2035.835,1,4,2,19.155,tp1pp1dp4etp1ep4,152,1216,1,34.576,tp1pp1dp8etp2ep4,16
deepseek_v3__b300_sxm__empirical,deepseek_v3,b300_sxm,EMPIRICAL,decode,34.479000000000006,30.210960000000004,1.1412745573129752,30.210960000000004,30.211,1.3240228048010713e-06,375.881,34.292,29.161,1933.501,1,4,2,19.155,tp1pp1dp4etp1ep4,144,1152,1,32.838,tp1pp1dp8etp4ep2,16
deepseek_v3__b300_sxm__empirical,deepseek_v3,b300_sxm,EMPIRICAL,decode,34.479000000000006,28.07656,1.2280350584259612,28.07656,28.077,1.5671435532027648e-05,375.881,34.85,28.694,1796.9,1,4,2,19.155,tp1pp1dp4etp1ep4,136,1088,1,30.518,tp1pp1dp8etp8ep1,16
deepseek_v3__b300_sxm__empirical,deepseek_v3,b300_sxm,EMPIRICAL,decode,13.291200000000002,11.62144,1.1436792686620592,11.62144,11.621,3.78610568052952e-05,121.885,34.666,28.846,495.848,1,1,1,14.768,tp8pp1dp1etp1ep8,224,224,2,6.316,tp8pp1dp1etp1ep8,24
deepseek_v3__b300_sxm__empirical,deepseek_v3,b300_sxm,EMPIRICAL,prefill,34.479000000000006,36.351040000000005,0.9485010607674499,34.479000000000006,34.479,2.0607985607474115e-16,375.881,39.583,25.263,2206.656,1,4,2,19.155,tp1pp1dp4etp1ep4,200,1600,1,39.512,tp1pp1dp8etp2ep4,16
deepseek_v3__b300_sxm__empirical,deepseek_v3,b300_sxm,EMPIRICAL,prefill,34.479000000000006,37.50932,0.9192115452906106,34.479000000000006,34.479,2.0607985607474115e-16,375.881,39.896,25.065,2206.656,1,4,2,19.155,tp1pp1dp4etp1ep4,208,1664,1,40.771,tp1pp1dp8etp1ep8,16
deepseek_v3__b300_sxm__empirical,deepseek_v3,b300_sxm,EMPIRICAL,prefill,34.479000000000006,34.757600000000004,0.9919844868460423,34.479000000000006,34.479,2.0607985607474115e-16,375.881,39.742,25.162,2206.656,1,4,2,19.155,tp1pp1dp4etp1ep4,192,1536,1,37.78,tp1pp1dp8etp4ep2,16
deepseek_v3__b300_sxm__empirical,deepseek_v3,b300_sxm,EMPIRICAL,decode,34.479000000000006,31.81268,1.0838131210573898,31.81268,31.813,1.0058882181524589e-05,375.881,39.803,25.124,2036.012,1,4,2,19.155,tp1pp1dp4etp1ep4,176,1408,1,34.579,tp1pp1dp8etp8ep1,16
deepseek_v3__b300_sxm__empirical,deepseek_v3,b300_sxm,EMPIRICAL,decode,17.239500000000003,15.199320000000002,1.1342283733745984,15.199320000000002,15.199,2.1053573449476445e-05,375.881,39.761,25.151,972.756,1,4,1,19.155,tp1pp1dp4etp1ep4,56,224,3,5.507,tp1pp1dp4etp1ep4,16
deepseek_v3__b300_sxm__empirical,deepseek_v3,b300_sxm,EMPIRICAL,prefill,34.479000000000006,39.825880000000005,0.865743581811626,34.479000000000006,34.479,2.0607985607474115e-16,375.881,44.801,22.321,2206.656,1,4,2,19.155,tp1pp1dp4etp1ep4,248,1984,1,43.289,tp1pp1dp8etp2ep4,16
deepseek_v3__b300_sxm__empirical,deepseek_v3,b300_sxm,EMPIRICAL,prefill,34.479000000000006,40.941840000000006,0.8421458341882045,34.479000000000006,34.479,2.0607985607474115e-16,375.881,44.985,22.229,2206.656,1,4,2,19.155,tp1pp1dp4etp1ep4,256,2048,1,44.502,tp1pp1dp8etp1ep8,16
deepseek_v3__b300_sxm__empirical,deepseek_v3,b300_sxm,EMPIRICAL,prefill,34.479000000000006,37.67400000000001,0.9151935021500239,34.479000000000006,34.479,2.0607985607474115e-16,375.881,44.305,22.571,2206.656,1,4,2,19.155,tp1pp1dp4etp1ep4,232,1856,1,40.95,tp1pp1dp8etp4ep2,16
deepseek_v3__b300_sxm__empirical,deepseek_v3,b300_sxm,EMPIRICAL,prefill,34.479000000000006,34.693200000000004,0.993825879423057,34.479000000000006,34.479,2.0607985607474115e-16,375.881,44.794,22.325,2206.656,1,4,2,19.155,tp1pp1dp4etp1ep4,216,1728,1,37.71,tp1pp1dp8etp8ep1,16
deepseek_v3__b300_sxm__empirical,deepseek_v3,b300_sxm,EMPIRICAL,prefill,34.479000000000006,34.628800000000005,0.995674120962898,34.479000000000006,34.479,2.0607985607474115e-16,375.881,44.877,22.283,1471.104,1,4,2,19.155,tp1pp1dp4etp1ep4,108,432,4,9.41,tp1pp1dp4etp2ep2,24
deepseek_v3__b300_sxm__empirical,deepseek_v3,b300_sxm,EMPIRICAL,prefill,34.479000000000006,42.157160000000005,0.8178681865666474,34.479000000000006,34.479,2.0607985607474115e-16,375.881,49.15,20.346,2206.656,1,4,2,19.155,tp1pp1dp4etp1ep4,288,2304,1,45.823,tp1pp1dp8etp2ep4,16
deepseek_v3__b300_sxm__empirical,deepseek_v3,b300_sxm,EMPIRICAL,prefill,34.479000000000006,43.261160000000004,0.7969966593591111,34.479000000000006,34.479,2.0607985607474115e-16,375.881,49.226,20.314,2206.656,1,4,2,19.155,tp1pp1dp4etp1ep4,296,2368,1,47.023,tp1pp1dp8etp1ep8,16
deepseek_v3__b300_sxm__empirical,deepseek_v3,b300_sxm,EMPIRICAL,prefill,34.479000000000006,40.46804,0.8520056815205284,34.479000000000006,34.479,2.0607985607474115e-16,375.881,49.78,20.089,2206.656,1,4,2,19.155,tp1pp1dp4etp1ep4,280,2240,1,43.987,tp1pp1dp8etp4ep2,16
deepseek_v3__b300_sxm__empirical,deepseek_v3,b300_sxm,EMPIRICAL,prefill,34.479000000000006,36.99504,0.9319898018761434,34.479000000000006,34.479,2.0607985607474115e-16,375.881,49.785,20.087,2206.656,1,4,2,19.155,tp1pp1dp4etp1ep4,256,2048,1,40.212,tp1pp1dp8etp8ep1,16
deepseek_v3__b300_sxm__empirical,deepseek_v3,b300_sxm,EMPIRICAL,prefill,51.718500000000006,57.7254,0.8959400887650845,51.718500000000006,51.719,9.667720448104294e-06,375.881,49.853,20.059,1654.992,1,4,3,19.155,tp1pp1dp4etp1ep4,160,640,5,12.549,tp1pp1dp4etp2ep2,32
deepseek_v3__b300_sxm__empirical,deepseek_v3,b300_sxm,EMPIRICAL,prefill,34.479000000000006,44.4636,0.77544328394462,34.479000000000006,34.479,2.0607985607474115e-16,375.881,54.367,18.393,2206.656,1,4,2,19.155,tp1pp1dp4etp1ep4,336,2688,1,48.33,tp1pp1dp8etp2ep4,16
deepseek_v3__b300_sxm__empirical,deepseek_v3,b300_sxm,EMPIRICAL,prefill,34.479000000000006,45.56576,0.756686599762629,34.479000000000006,34.479,2.0607985607474115e-16,375.881,54.316,18.411,2206.656,1,4,2,19.155,tp1pp1dp4etp1ep4,344,2752,1,49.528,tp1pp1dp8etp1ep8,16
deepseek_v3__b300_sxm__empirical,deepseek_v3,b300_sxm,EMPIRICAL,prefill,34.479000000000006,42.366,0.8138365670584905,34.479000000000006,34.479,2.0607985607474115e-16,375.881,54.342,18.402,2206.656,1,4,2,19.155,tp1pp1dp4etp1ep4,320,2560,1,46.05,tp1pp1dp8etp4ep2,16
deepseek_v3__b300_sxm__empirical,deepseek_v3,b300_sxm,EMPIRICAL,prefill,34.479000000000006,38.878280000000004,0.886844788401133,34.479000000000006,34.479,2.0607985607474115e-16,375.881,54.776,18.256,2206.656,1,4,2,19.155,tp1pp1dp4etp1ep4,296,2368,1,42.259,tp1pp1dp8etp8ep1,16
deepseek_v3__b300_sxm__empirical,deepseek_v3,b300_sxm,EMPIRICAL,decode,17.239500000000003,14.202960000000001,1.2137962790854866,14.202960000000001,14.203,2.816314345635395e-06,375.881,54.708,18.279,1817.979,1,4,1,19.155,tp1pp1dp4etp1ep4,216,864,1,15.438,tp1pp1dp4etp1ep4,8
deepseek_v3__b300_sxm__empirical,deepseek_v3,b300_sxm,EMPIRICAL,prefill,34.479000000000006,46.36524,0.7436389847221756,34.479000000000006,34.479,2.0607985607474115e-16,375.881,59.585,16.783,2206.656,1,4,2,19.155,tp1pp1dp4etp1ep4,384,3072,1,50.397,tp1pp1dp8etp2ep4,16
deepseek_v3__b300_sxm__empirical,deepseek_v3,b300_sxm,EMPIRICAL,prefill,34.479000000000006,47.47476,0.7262595956251281,34.479000000000006,34.479,2.0607985607474115e-16,375.881,59.405,16.834,2206.656,1,4,2,19.155,tp1pp1dp4etp1ep4,392,3136,1,51.603,tp1pp1dp8etp1ep8,16
deepseek_v3__b300_sxm__empirical,deepseek_v3,b300_sxm,EMPIRICAL,prefill,34.479000000000006,44.2612,0.7789892727716375,34.479000000000006,34.479,2.0607985607474115e-16,375.881,59.817,16.718,2206.656,1,4,2,19.155,tp1pp1dp4etp1ep4,368,2944,1,48.11,tp1pp1dp8etp4ep2,16
deepseek_v3__b300_sxm__empirical,deepseek_v3,b300_sxm,EMPIRICAL,prefill,34.479000000000006,40.44688,0.8524514128160195,34.479000000000006,34.479,2.0607985607474115e-16,375.881,59.767,16.732,2206.656,1,4,2,19.155,tp1pp1dp4etp1ep4,336,2688,1,43.964,tp1pp1dp8etp8ep1,16
deepseek_v3__b300_sxm__empirical,deepseek_v3,b300_sxm,EMPIRICAL,decode,17.239500000000003,15.744880000000002,1.094927366864657,15.744880000000002,15.745,7.621525219451238e-06,375.881,58.488,17.098,2015.345,1,4,1,19.155,tp1pp1dp4etp1ep4,256,1024,1,17.114,tp1pp1dp4etp1ep4,8
deepseek_v3__b300_sxm__empirical,deepseek_v3,b300_sxm,EMPIRICAL,prefill,34.479000000000006,47.96144,0.7188900083066732,34.479000000000006,34.479,2.0607985607474115e-16,375.881,64.803,15.431,2206.656,1,4,2,19.155,tp1pp1dp4etp1ep4,432,3456,1,52.132,tp1pp1dp8etp2ep4,16
deepseek_v3__b300_sxm__empirical,deepseek_v3,b300_sxm,EMPIRICAL,prefill,34.479000000000006,49.08292,0.7024643195637098,34.479000000000006,34.479,2.0607985607474115e-16,375.881,64.495,15.505,2206.656,1,4,2,19.155,tp1pp1dp4etp1ep4,440,3520,1,53.351,tp1pp1dp8etp1ep8,16
deepseek_v3__b300_sxm__empirical,deepseek_v3,b300_sxm,EMPIRICAL,prefill,34.479000000000006,45.59428,0.7562132793850459,34.479000000000006,34.479,2.0607985607474115e-16,375.881,64.38,15.533,2206.656,1,4,2,19.155,tp1pp1dp4etp1ep4,408,3264,1,49.559,tp1pp1dp8etp4ep2,16
deepseek_v3__b300_sxm__empirical,deepseek_v3,b300_sxm,EMPIRICAL,prefill,34.479000000000006,41.77352,0.8253793312126919,34.479000000000006,34.479,2.0607985607474115e-16,375.881,64.758,15.442,2206.656,1,4,2,19.155,tp1pp1dp4etp1ep4,376,3008,1,45.406,tp1pp1dp8etp8ep1,16
deepseek_v3__b300_sxm__empirical,deepseek_v3,b300_sxm,EMPIRICAL,prefill,34.479000000000006,49.106840000000005,0.702122148360595,34.479000000000006,34.479,2.0607985607474115e-16,375.881,69.152,14.461,2206.656,1,4,2,19.155,tp1pp1dp4etp1ep4,472,3776,1,53.377,tp1pp1dp8etp2ep4,16
deepseek_v3__b300_sxm__empirical,deepseek_v3,b300_sxm,EMPIRICAL,prefill,34.479000000000006,50.456480000000006,0.6833413666589505,34.479000000000006,34.479,2.0607985607474115e-16,375.881,69.584,14.371,2206.656,1,4,2,19.155,tp1pp1dp4etp1ep4,488,3904,1,54.844,tp1pp1dp8etp1ep8,16
deepseek_v3__b300_sxm__empirical,deepseek_v3,b300_sxm,EMPIRICAL,prefill,34.479000000000006,46.96508,0.7341411959694311,34.479000000000006,34.479,2.0607985607474115e-16,375.881,69.855,14.315,2206.656,1,4,2,19.155,tp1pp1dp4etp1ep4,456,3648,1,51.049,tp1pp1dp8etp4ep2,16
deepseek_v3__b300_sxm__empirical,deepseek_v3,b300_sxm,EMPIRICAL,prefill,34.479000000000006,42.91064000000001,0.8035070089842519,34.479000000000006,34.479,2.0607985607474115e-16,375.881,69.749,14.337,2206.656,1,4,2,19.155,tp1pp1dp4etp1ep4,416,3328,1,46.642,tp1pp1dp8etp8ep1,16
deepseek_v3__b300_sxm__empirical,deepseek_v3,b300_sxm,EMPIRICAL,prefill,34.479000000000006,49.52544,0.6961876562833162,34.479000000000006,34.479,2.0607985607474115e-16,375.881,70.891,14.106,2206.656,1,4,2,19.155,tp1pp1dp4etp1ep4,488,3904,1,53.832,tp1pp1dp8etp2ep4,16
deepseek_v3__b300_sxm__empirical,deepseek_v3,b300_sxm,EMPIRICAL,prefill,34.479000000000006,50.66532,0.6805246665766643,34.479000000000006,34.479,2.0607985607474115e-16,375.881,70.432,14.198,2206.656,1,4,2,19.155,tp1pp1dp4etp1ep4,496,3968,1,55.071,tp1pp1dp8etp1ep8,16
deepseek_v3__b300_sxm__empirical,deepseek_v3,b300_sxm,EMPIRICAL,prefill,34.479000000000006,47.76456,0.7218531898964421,34.479000000000006,34.479,2.0607985607474115e-16,375.881,73.505,13.605,2206.656,1,4,2,19.155,tp1pp1dp4etp1ep4,488,3904,1,51.918,tp1pp1dp8etp4ep2,16
deepseek_v3__b300_sxm__empirical,deepseek_v3,b300_sxm,EMPIRICAL,prefill,34.479000000000006,43.89504,0.7854873808065788,34.479000000000006,34.479,2.0607985607474115e-16,375.881,74.74,13.38,2206.656,1,4,2,19.155,tp1pp1dp4etp1ep4,456,3648,1,47.712,tp1pp1dp8etp8ep1,16
deepseek_v3__b300_sxm__empirical,deepseek_v3,b300_sxm,EMPIRICAL,prefill,34.479000000000006,44.42588000000001,0.7761016776707631,34.479000000000006,34.479,2.0607985607474115e-16,375.881,77.734,12.864,2206.656,1,4,2,19.155,tp1pp1dp4etp1ep4,480,3840,1,48.289,tp1pp1dp8etp8ep1,16
deepseek_v3__b300_sxm__silicon,deepseek_v3,b300_sxm,SILICON,decode,5.2272,0.47196000000000005,11.075514874141875,0.47196000000000005,0.472,8.475294516469399e-05,309.931,5.718,174.876,15.103,1,1,1,5.808,tp8pp1dp1etp8ep1,1,1,3,0.171,tp8pp1dp1etp1ep8,32
deepseek_v3__b300_sxm__silicon,deepseek_v3,b300_sxm,SILICON,decode,5.2272,0.47196000000000005,11.075514874141875,0.47196000000000005,0.472,8.475294516469399e-05,309.931,5.714,175.01,15.103,1,1,1,5.808,tp8pp1dp1etp8ep1,1,1,3,0.171,tp8pp1dp1etp2ep4,32
deepseek_v3__b300_sxm__silicon,deepseek_v3,b300_sxm,SILICON,decode,5.2272,0.47196000000000005,11.075514874141875,0.47196000000000005,0.472,8.475294516469399e-05,309.931,5.725,174.668,15.103,1,1,1,5.808,tp8pp1dp1etp8ep1,1,1,3,0.171,tp8pp1dp1etp4ep2,32
deepseek_v3__b300_sxm__silicon,deepseek_v3,b300_sxm,SILICON,decode,5.2272,0.4554,11.478260869565217,0.4554,0.455,0.000878348704435686,309.931,5.927,168.732,14.573,1,1,1,5.808,tp8pp1dp1etp8ep1,1,1,3,0.165,tp8pp1dp1etp8ep1,32
deepseek_v3__b300_sxm__silicon,deepseek_v3,b300_sxm,SILICON,decode,4.3947,0.94668,4.642223348966916,0.94668,0.947,0.0003380234081209986,368.608,6.628,150.878,30.294,1,1,1,4.883,tp4pp1dp1etp4ep1,1,1,7,0.147,tp4pp1dp1etp2ep2,32
deepseek_v3__b300_sxm__silicon,deepseek_v3,b300_sxm,SILICON,decode,4.3947,0.9402400000000001,4.674019399302305,0.9402400000000001,0.94,0.00025525397770795647,368.608,6.705,149.134,30.088,1,1,1,4.883,tp4pp1dp1etp4ep1,1,1,7,0.146,tp4pp1dp1etp1ep4,32
deepseek_v3__b300_sxm__silicon,deepseek_v3,b300_sxm,SILICON,decode,4.3947,0.9016000000000002,4.874334516415261,0.9016000000000002,0.902,0.00044365572315865665,368.608,6.997,142.913,28.851,1,1,1,4.883,tp4pp1dp1etp4ep1,1,1,7,0.14,tp4pp1dp1etp4ep1,32
deepseek_v3__b300_sxm__silicon,deepseek_v3,b300_sxm,SILICON,decode,5.2272,0.79764,6.553332330374605,0.79764,0.798,0.00045133142771178344,309.931,6.768,147.747,25.524,1,1,1,5.808,tp8pp1dp1etp8ep1,2,2,3,0.289,tp8pp1dp1etp4ep2,32
deepseek_v3__b300_sxm__silicon,deepseek_v3,b300_sxm,SILICON,decode,5.2272,0.78936,6.622073578595318,0.78936,0.789,0.00045606567345687134,309.931,6.831,146.392,25.26,1,1,1,5.808,tp8pp1dp1etp8ep1,2,2,3,0.286,tp8pp1dp1etp2ep4,32
deepseek_v3__b300_sxm__silicon,deepseek_v3,b300_sxm,SILICON,decode,5.2272,1.0819200000000002,4.831410825199644,1.0819200000000002,1.082,7.394262052634015e-05,309.931,7.489,133.528,34.621,1,1,1,5.808,tp8pp1dp1etp8ep1,3,3,3,0.392,tp8pp1dp1etp2ep4,32
deepseek_v3__b300_sxm__silicon,deepseek_v3,b300_sxm,SILICON,decode,5.2272,1.0708800000000003,4.881219184222321,1.0708800000000003,1.071,0.00011205737337486542,309.931,7.553,132.394,34.268,1,1,1,5.808,tp8pp1dp1etp8ep1,3,3,3,0.388,tp8pp1dp1etp4ep2,32
deepseek_v3__b300_sxm__silicon,deepseek_v3,b300_sxm,SILICON,decode,5.2272,1.02672,5.091164095371669,1.02672,1.027,0.00027271310581252525,309.931,7.878,126.938,32.855,1,1,1,5.808,tp8pp1dp1etp8ep1,3,3,3,0.372,tp8pp1dp1etp8ep1,32
deepseek_v3__b300_sxm__silicon,deepseek_v3,b300_sxm,SILICON,decode,4.3947,1.57136,2.7967493126972816,1.57136,1.571,0.0002291009062214502,368.608,8.015,124.769,50.284,1,1,1,4.883,tp4pp1dp1etp4ep1,2,2,7,0.244,tp4pp1dp1etp2ep2,32
deepseek_v3__b300_sxm__silicon,deepseek_v3,b300_sxm,SILICON,decode,4.3947,1.5262799999999999,2.879353722776948,1.5262799999999999,1.526,0.00018345257750860652,368.608,8.24,121.357,48.841,1,1,1,4.883,tp4pp1dp1etp4ep1,2,2,7,0.237,tp4pp1dp1etp4ep1,32
deepseek_v3__b300_sxm__silicon,deepseek_v3,b300_sxm,SILICON,decode,5.2272,1.5207600000000001,3.43722875404403,1.5207600000000001,1.521,0.00015781582892750723,309.931,8.863,112.825,48.664,1,1,1,5.808,tp8pp1dp1etp8ep1,5,5,3,0.551,tp8pp1dp1etp2ep4,32
deepseek_v3__b300_sxm__silicon,deepseek_v3,b300_sxm,SILICON,decode,5.2272,1.2916800000000002,4.046822742474916,1.2916800000000002,1.292,0.00024773937817406473,309.931,8.357,119.654,41.334,1,1,1,5.808,tp8pp1dp1etp8ep1,4,4,3,0.468,tp8pp1dp1etp4ep2,32
deepseek_v3__b300_sxm__silicon,deepseek_v3,b300_sxm,SILICON,decode,5.2272,1.2475200000000002,4.190073105040399,1.2475200000000002,1.248,0.0003847633705269766,309.931,8.656,115.533,39.921,1,1,1,5.808,tp8pp1dp1etp8ep1,4,4,3,0.452,tp8pp1dp1etp8ep1,32
deepseek_v3__b300_sxm__silicon,deepseek_v3,b300_sxm,SILICON,decode,4.3947,1.9513200000000002,2.252167763360187,1.9513200000000002,1.951,0.0001639915544349968,368.608,9.685,103.249,62.442,1,1,1,4.883,tp4pp1dp1etp4ep1,3,3,7,0.303,tp4pp1dp1etp2ep2,32
deepseek_v3__b300_sxm__silicon,deepseek_v3,b300_sxm,SILICON,decode,4.3947,1.9062400000000002,2.305428487493705,1.9062400000000002,1.906,0.0001259022998154692,368.608,9.897,101.046,61.0,1,1,1,4.883,tp4pp1dp1etp4ep1,3,3,7,0.296,tp4pp1dp1etp4ep1,32
deepseek_v3__b300_sxm__silicon,deepseek_v3,b300_sxm,SILICON,decode,5.2272,1.67256,3.1252690486439945,1.67256,1.673,0.0002630697852393911,309.931,9.672,103.389,53.522,1,1,1,5.808,tp8pp1dp1etp8ep1,6,6,3,0.606,tp8pp1dp1etp2ep4,32
deepseek_v3__b300_sxm__silicon,deepseek_v3,b300_sxm,SILICON,decode,5.2272,1.4600400000000002,3.580175885592175,1.4600400000000002,1.46,2.739650968484565e-05,309.931,9.232,108.32,46.721,1,1,1,5.808,tp8pp1dp1etp8ep1,5,5,3,0.529,tp8pp1dp1etp4ep2,32
deepseek_v3__b300_sxm__silicon,deepseek_v3,b300_sxm,SILICON,decode,5.2272,1.40484,3.7208507730417697,1.40484,1.405,0.00011389197346312602,309.931,9.61,104.057,44.955,1,1,1,5.808,tp8pp1dp1etp8ep1,5,5,3,0.509,tp8pp1dp1etp8ep1,32
deepseek_v3__b300_sxm__silicon,deepseek_v3,b300_sxm,SILICON,decode,4.3947,1.81608,2.419882384035946,1.81608,1.816,4.4050922866755854e-05,368.608,10.404,96.118,58.115,1,1,1,4.883,tp4pp1dp1etp4ep1,3,3,7,0.282,tp4pp1dp1etp1ep4,32
deepseek_v3__b300_sxm__silicon,deepseek_v3,b300_sxm,SILICON,decode,5.2272,1.80228,2.900326253412344,1.80228,1.802,0.00015535876778306255,309.931,10.481,95.409,57.673,1,1,1,5.808,tp8pp1dp1etp8ep1,7,7,3,0.653,tp8pp1dp1etp2ep4,32
deepseek_v3__b300_sxm__silicon,deepseek_v3,b300_sxm,SILICON,decode,5.2272,1.75536,2.9778506972928627,1.75536,1.755,0.00020508613617727304,309.931,10.767,92.88,56.172,1,1,1,5.808,tp8pp1dp1etp8ep1,7,7,3,0.636,tp8pp1dp1etp1ep8,32
deepseek_v3__b300_sxm__silicon,deepseek_v3,b300_sxm,SILICON,decode,4.3947,2.21536,1.9837407915643508,2.21536,2.215,0.0001625018055756798,368.608,11.372,87.936,70.892,1,1,1,4.883,tp4pp1dp1etp4ep1,4,4,7,0.344,tp4pp1dp1etp2ep2,32
deepseek_v3__b300_sxm__silicon,deepseek_v3,b300_sxm,SILICON,decode,4.3947,2.17672,2.018955125142416,2.17672,2.177,0.00012863390789814857,368.608,11.569,86.439,69.655,1,1,1,4.883,tp4pp1dp1etp4ep1,4,4,7,0.338,tp4pp1dp1etp4ep1,32
deepseek_v3__b300_sxm__silicon,deepseek_v3,b300_sxm,SILICON,decode,4.3947,2.14452,2.0492697666610713,2.14452,2.145,0.0002238263107828493,368.608,11.755,85.071,68.625,1,1,1,4.883,tp4pp1dp1etp4ep1,4,4,7,0.333,tp4pp1dp1etp1ep4,32
deepseek_v3__b300_sxm__silicon,deepseek_v3,b300_sxm,SILICON,decode,5.2272,2.0423999999999998,2.559341950646299,2.0423999999999998,2.042,0.0001958480219349569,309.931,11.887,84.122,65.357,1,1,1,5.808,tp8pp1dp1etp8ep1,9,9,3,0.74,tp8pp1dp1etp1ep8,32
deepseek_v3__b300_sxm__silicon,deepseek_v3,b300_sxm,SILICON,decode,5.2272,2.0396400000000003,2.5628052009178086,2.0396400000000003,2.04,0.00017650173560024995,309.931,11.901,84.03,65.268,1,1,1,5.808,tp8pp1dp1etp8ep1,9,9,3,0.739,tp8pp1dp1etp2ep4,32
deepseek_v3__b300_sxm__silicon,deepseek_v3,b300_sxm,SILICON,decode,4.3947,2.56312,1.714590030899841,2.56312,2.563,4.6817940634811465e-05,368.608,12.283,81.414,82.02,1,1,1,4.883,tp4pp1dp1etp4ep1,5,5,7,0.398,tp4pp1dp1etp2ep2,32
deepseek_v3__b300_sxm__silicon,deepseek_v3,b300_sxm,SILICON,decode,4.3947,2.49228,1.7633251480572008,2.49228,2.492,0.00011234692731156129,368.608,12.631,79.171,79.753,1,1,1,4.883,tp4pp1dp1etp4ep1,5,5,7,0.387,tp4pp1dp1etp1ep4,32
deepseek_v3__b300_sxm__silicon,deepseek_v3,b300_sxm,SILICON,decode,4.3947,2.49228,1.7633251480572008,2.49228,2.492,0.00011234692731156129,368.608,12.643,79.097,79.753,1,1,1,4.883,tp4pp1dp1etp4ep1,5,5,7,0.387,tp4pp1dp1etp4ep1,32
deepseek_v3__b300_sxm__silicon,deepseek_v3,b300_sxm,SILICON,decode,5.2272,2.49228,2.0973566372959698,2.49228,2.492,0.00011234692731156129,309.931,12.986,77.004,79.753,1,1,1,5.808,tp8pp1dp1etp8ep1,12,12,3,0.903,tp8pp1dp1etp1ep8,32
deepseek_v3__b300_sxm__silicon,deepseek_v3,b300_sxm,SILICON,decode,5.2272,2.33772,2.2360248447204967,2.33772,2.338,0.00011977482333216039,309.931,12.692,78.792,74.807,1,1,1,5.808,tp8pp1dp1etp8ep1,11,11,3,0.847,tp8pp1dp1etp2ep4,32
deepseek_v3__b300_sxm__silicon,deepseek_v3,b300_sxm,SILICON,decode,4.3947,2.8658,1.5334984995463745,2.8658,2.866,6.978854072160583e-05,368.608,13.166,75.951,91.706,1,1,1,4.883,tp4pp1dp1etp4ep1,6,6,7,0.445,tp4pp1dp1etp2ep2,32
deepseek_v3__b300_sxm__silicon,deepseek_v3,b300_sxm,SILICON,decode,4.3947,2.8014,1.568751338616406,2.8014,2.801,0.00014278574998213606,368.608,13.48,74.187,89.645,1,1,1,4.883,tp4pp1dp1etp4ep1,6,6,7,0.435,tp4pp1dp1etp1ep4,32
deepseek_v3__b300_sxm__silicon,deepseek_v3,b300_sxm,SILICON,decode,5.2272,2.75724,1.8958088523305914,2.75724,2.757,8.704356530436086e-05,309.931,13.699,72.998,88.232,1,1,1,5.808,tp8pp1dp1etp8ep1,14,14,3,0.999,tp8pp1dp1etp1ep8,32
deepseek_v3__b300_sxm__silicon,deepseek_v3,b300_sxm,SILICON,decode,4.3947,2.75632,1.5944084866778894,2.75632,2.756,0.00011609682475195915,368.608,13.689,73.051,88.202,1,1,1,4.883,tp4pp1dp1etp4ep1,6,6,7,0.428,tp4pp1dp1etp4ep1,32
deepseek_v3__b300_sxm__silicon,deepseek_v3,b300_sxm,SILICON,decode,5.2272,2.7296400000000003,1.9149777992702333,2.7296400000000003,2.73,0.0001318855233656064,309.931,13.834,72.288,87.348,1,1,1,5.808,tp8pp1dp1etp8ep1,14,14,3,0.989,tp8pp1dp1etp2ep4,32
deepseek_v3__b300_sxm__silicon,deepseek_v3,b300_sxm,SILICON,decode,4.3947,3.3681200000000002,1.3047931783903186,3.3681200000000002,3.368,3.5628184269070595e-05,368.608,14.95,66.889,107.78,1,1,1,4.883,tp4pp1dp1etp4ep1,8,8,7,0.523,tp4pp1dp1etp2ep2,32
deepseek_v3__b300_sxm__silicon,deepseek_v3,b300_sxm,SILICON,decode,4.3947,3.07832,1.4276293562722524,3.07832,3.078,0.0001039528054264404,368.608,14.328,69.791,98.506,1,1,1,4.883,tp4pp1dp1etp4ep1,7,7,7,0.478,tp4pp1dp1etp1ep4,32
deepseek_v3__b300_sxm__silicon,deepseek_v3,b300_sxm,SILICON,decode,5.2272,2.9946,1.7455419755560007,2.9946,2.995,0.00013357376611232083,309.931,14.412,69.389,95.827,1,1,1,5.808,tp8pp1dp1etp8ep1,16,16,3,1.085,tp8pp1dp1etp1ep8,32
deepseek_v3__b300_sxm__silicon,deepseek_v3,b300_sxm,SILICON,decode,4.3947,2.98816,1.4707043799528807,2.98816,2.988,5.354465624336046e-05,368.608,14.736,67.861,95.621,1,1,1,4.883,tp4pp1dp1etp4ep1,7,7,7,0.464,tp4pp1dp1etp4ep1,32
deepseek_v3__b300_sxm__silicon,deepseek_v3,b300_sxm,SILICON,decode,13.8078,2.9642400000000007,4.658124848190429,2.9642400000000007,2.964,8.096510404038946e-05,938.585,14.567,68.65,94.856,1,4,2,7.671,tp1pp1dp4etp4ep1,2,16,3,1.074,tp1pp1dp8etp1ep8,32
deepseek_v3__b300_sxm__silicon,deepseek_v3,b300_sxm,SILICON,decode,13.8078,4.18416,3.300017207754961,4.18416,4.184,3.823945547019234e-05,938.585,15.478,64.608,133.893,1,4,2,7.671,tp1pp1dp4etp4ep1,3,24,3,1.516,tp1pp1dp8etp2ep4,32
deepseek_v3__b300_sxm__silicon,deepseek_v3,b300_sxm,SILICON,decode,4.3947,3.97992,1.1042181752397033,3.97992,3.98,2.010090655090555e-05,368.608,15.806,63.268,127.357,1,1,1,4.883,tp4pp1dp1etp4ep1,10,10,7,0.618,tp4pp1dp1etp2ep2,32
deepseek_v3__b300_sxm__silicon,deepseek_v3,b300_sxm,SILICON,decode,4.3947,3.9348400000000003,1.116868792631975,3.9348400000000003,3.935,4.0662390338543854e-05,368.608,15.999,62.505,125.915,1,1,1,4.883,tp4pp1dp1etp4ep1,10,10,7,0.611,tp4pp1dp1etp1ep4,32
deepseek_v3__b300_sxm__silicon,deepseek_v3,b300_sxm,SILICON,decode,5.2272,3.7287600000000003,1.4018601358092233,3.7287600000000003,3.729,6.436456087272871e-05,309.931,15.92,62.816,119.32,1,1,1,5.808,tp8pp1dp1etp8ep1,22,22,3,1.351,tp8pp1dp1etp2ep4,32
deepseek_v3__b300_sxm__silicon,deepseek_v3,b300_sxm,SILICON,decode,5.2272,3.4224,1.5273492286115007,3.4224,3.422,0.00011687704534828073,309.931,15.764,63.435,109.517,1,1,1,5.808,tp8pp1dp1etp8ep1,20,20,3,1.24,tp8pp1dp1etp1ep8,32
deepseek_v3__b300_sxm__silicon,deepseek_v3,b300_sxm,SILICON,decode,13.8078,7.76112,1.7790988929432865,7.76112,7.761,1.5461685942221995e-05,938.585,16.684,59.939,248.356,1,4,2,7.671,tp1pp1dp4etp4ep1,6,48,3,2.812,tp1pp1dp8etp2ep4,32
deepseek_v3__b300_sxm__silicon,deepseek_v3,b300_sxm,SILICON,decode,13.8078,6.571559999999999,2.101144933623067,6.571559999999999,6.572,6.695518263564607e-05,938.585,16.423,60.89,210.29,1,4,2,7.671,tp1pp1dp4etp4ep1,5,40,3,2.381,tp1pp1dp8etp1ep8,32
deepseek_v3__b300_sxm__silicon,deepseek_v3,b300_sxm,SILICON,decode,13.8078,6.433560000000001,2.146214537518885,6.433560000000001,6.434,6.839137273909465e-05,938.585,16.771,59.626,205.874,1,4,2,7.671,tp1pp1dp4etp4ep1,5,40,3,2.331,tp1pp1dp8etp4ep2,32
deepseek_v3__b300_sxm__silicon,deepseek_v3,b300_sxm,SILICON,prefill,4.3947,4.4758,0.9818803342419233,4.3947,4.395,6.8264045327167e-05,368.608,16.872,59.269,140.63,1,1,1,4.883,tp4pp1dp1etp4ep1,12,12,7,0.695,tp4pp1dp1etp1ep4,32
deepseek_v3__b300_sxm__silicon,deepseek_v3,b300_sxm,SILICON,prefill,4.3947,4.5144400000000005,0.9734762229645315,4.3947,4.395,6.8264045327167e-05,368.608,16.729,59.776,140.63,1,1,1,4.883,tp4pp1dp1etp4ep1,12,12,7,0.701,tp4pp1dp1etp2ep2,32
deepseek_v3__b300_sxm__silicon,deepseek_v3,b300_sxm,SILICON,decode,13.8078,9.80904,1.407660688507744,9.80904,9.809,4.0778710251219336e-06,938.585,17.604,56.804,313.889,1,4,2,7.671,tp1pp1dp4etp4ep1,8,64,3,3.554,tp1pp1dp8etp2ep4,32
deepseek_v3__b300_sxm__silicon,deepseek_v3,b300_sxm,SILICON,decode,13.8078,8.558760000000001,1.6132944491959114,8.558760000000001,8.559,2.8041445255857102e-05,938.585,17.65,56.656,273.88,1,4,2,7.671,tp1pp1dp4etp4ep1,7,56,3,3.101,tp1pp1dp8etp1ep8,32
deepseek_v3__b300_sxm__silicon,deepseek_v3,b300_sxm,SILICON,decode,13.8078,8.4042,1.6429642321696296,8.4042,8.404,2.3797624996969837e-05,938.585,17.975,55.632,268.934,1,4,2,7.671,tp1pp1dp4etp4ep1,7,56,3,3.045,tp1pp1dp8etp4ep2,32
deepseek_v3__b300_sxm__silicon,deepseek_v3,b300_sxm,SILICON,decode,6.9039,5.6028,1.232223174127222,5.6028,5.603,3.569643749545475e-05,938.585,17.974,55.636,179.29,1,4,1,7.671,tp1pp1dp4etp4ep1,4,16,7,0.87,tp1pp1dp4etp2ep2,32
deepseek_v3__b300_sxm__silicon,deepseek_v3,b300_sxm,SILICON,prefill,5.2272,5.398560000000001,0.9682582021872498,5.2272,5.227,3.8261401897676365e-05,309.931,17.995,55.571,167.27,1,1,1,5.808,tp8pp1dp1etp8ep1,36,36,3,1.956,tp8pp1dp1etp2ep4,32
deepseek_v3__b300_sxm__silicon,deepseek_v3,b300_sxm,SILICON,decode,13.8078,12.599400000000001,1.0959093290156674,12.599400000000001,12.599,3.1747543533886064e-05,938.585,18.843,53.069,403.181,1,4,2,7.671,tp1pp1dp4etp4ep1,11,88,3,4.565,tp1pp1dp8etp2ep4,32
deepseek_v3__b300_sxm__silicon,deepseek_v3,b300_sxm,SILICON,decode,13.8078,10.39692,1.328066388892095,10.39692,10.397,7.694586473736846e-06,938.585,18.682,53.526,332.701,1,4,2,7.671,tp1pp1dp4etp4ep1,9,72,3,3.767,tp1pp1dp8etp1ep8,32
deepseek_v3__b300_sxm__silicon,deepseek_v3,b300_sxm,SILICON,decode,13.8078,9.20184,1.5005477165436476,9.20184,9.202,1.738782678239046e-05,938.585,18.767,53.285,294.459,1,4,2,7.671,tp1pp1dp4etp4ep1,8,64,3,3.334,tp1pp1dp8etp4ep2,32
deepseek_v3__b300_sxm__silicon,deepseek_v3,b300_sxm,SILICON,decode,5.2272,4.552160000000001,1.1482900425292606,4.552160000000001,4.552,3.514814945016172e-05,309.931,18.962,52.737,194.225,1,1,1,5.808,tp8pp1dp1etp8ep1,48,48,2,2.474,tp8pp1dp1etp2ep4,24
deepseek_v3__b300_sxm__silicon,deepseek_v3,b300_sxm,SILICON,prefill,13.8078,15.122040000000002,0.9130910908845631,13.8078,13.808,1.4484566694153586e-05,938.585,19.982,50.045,441.85,1,4,2,7.671,tp1pp1dp4etp4ep1,14,112,3,5.479,tp1pp1dp8etp2ep4,32
deepseek_v3__b300_sxm__silicon,deepseek_v3,b300_sxm,SILICON,decode,13.8078,13.0134,1.0610447692378624,13.0134,13.013,3.073754745115374e-05,938.585,19.905,50.24,416.429,1,4,2,7.671,tp1pp1dp4etp4ep1,12,96,3,4.715,tp1pp1dp8etp1ep8,32
deepseek_v3__b300_sxm__silicon,deepseek_v3,b300_sxm,SILICON,decode,13.8078,13.002360000000001,1.0619456775539209,13.002360000000001,13.002,2.768728138588549e-05,938.585,19.919,50.204,416.076,1,4,2,7.671,tp1pp1dp4etp4ep1,12,96,3,4.711,tp1pp1dp8etp4ep2,32
deepseek_v3__b300_sxm__silicon,deepseek_v3,b300_sxm,SILICON,decode,13.8078,7.5789599999999995,1.821859463567561,7.5789599999999995,7.579,5.277768981530718e-06,938.585,19.936,50.16,242.527,1,4,2,7.671,tp1pp1dp4etp4ep1,7,56,3,2.746,tp1pp1dp8etp8ep1,32
deepseek_v3__b300_sxm__silicon,deepseek_v3,b300_sxm,SILICON,decode,5.2272,5.08392,1.0281829769154511,5.08392,5.084,1.573588884160961e-05,309.931,19.812,50.475,216.914,1,1,1,5.808,tp8pp1dp1etp8ep1,56,56,2,2.763,tp8pp1dp1etp2ep4,24
deepseek_v3__b300_sxm__silicon,deepseek_v3,b300_sxm,SILICON,prefill,13.8078,16.24536,0.8499534636351548,13.8078,13.808,1.4484566694153586e-05,938.585,24.8,40.323,589.133,1,4,2,7.671,tp1pp1dp4etp4ep1,28,224,2,8.829,tp1pp1dp8etp2ep4,24
deepseek_v3__b300_sxm__silicon,deepseek_v3,b300_sxm,SILICON,prefill,13.8078,17.28496,0.7988332052836685,13.8078,13.808,1.4484566694153586e-05,938.585,24.975,40.041,589.133,1,4,2,7.671,tp1pp1dp4etp4ep1,30,240,2,9.394,tp1pp1dp8etp4ep2,24
deepseek_v3__b300_sxm__silicon,deepseek_v3,b300_sxm,SILICON,prefill,13.8078,14.030000000000001,0.9841625089094796,13.8078,13.808,1.4484566694153586e-05,938.585,24.615,40.626,589.133,1,4,2,7.671,tp1pp1dp4etp4ep1,24,192,2,7.625,tp1pp1dp8etp8ep1,24
deepseek_v3__b300_sxm__silicon,deepseek_v3,b300_sxm,SILICON,decode,13.8078,12.926000000000002,1.0682190933003248,12.926000000000002,12.926,1.374250997524563e-16,938.585,24.491,40.831,551.509,1,4,2,7.671,tp1pp1dp4etp4ep1,22,176,2,7.025,tp1pp1dp8etp1ep8,24
deepseek_v3__b300_sxm__silicon,deepseek_v3,b300_sxm,SILICON,decode,6.9039,6.085800000000001,1.134427684117125,6.085800000000001,6.086,3.2863386900577386e-05,938.585,24.831,40.272,389.491,1,4,1,7.671,tp1pp1dp4etp4ep1,14,56,3,2.205,tp1pp1dp4etp1ep4,16
deepseek_v3__b300_sxm__silicon,deepseek_v3,b300_sxm,SILICON,decode,13.8078,10.62692,1.299322851776432,10.62692,10.627,7.528051401584288e-06,938.585,29.788,33.57,680.123,1,4,2,7.671,tp1pp1dp4etp4ep1,44,352,1,11.551,tp1pp1dp8etp4ep2,16
deepseek_v3__b300_sxm__silicon,deepseek_v3,b300_sxm,SILICON,decode,13.8078,9.8808,1.3974374544571289,9.8808,9.881,2.02412760099925e-05,938.585,29.125,34.334,632.371,1,4,2,7.671,tp1pp1dp4etp4ep1,40,320,1,10.74,tp1pp1dp8etp8ep1,16
deepseek_v3__b300_sxm__silicon,deepseek_v3,b300_sxm,SILICON,prefill,13.8078,18.33008,0.7532864013686793,13.8078,13.808,1.4484566694153586e-05,938.585,28.259,35.386,589.133,1,4,2,7.671,tp1pp1dp4etp4ep1,36,288,2,9.962,tp1pp1dp8etp2ep4,24
deepseek_v3__b300_sxm__silicon,deepseek_v3,b300_sxm,SILICON,prefill,13.8078,15.42288,0.8952802589399645,13.8078,13.808,1.4484566694153586e-05,938.585,29.856,33.495,589.133,1,4,2,7.671,tp1pp1dp4etp4ep1,32,256,2,8.382,tp1pp1dp8etp1ep8,24
deepseek_v3__b300_sxm__silicon,deepseek_v3,b300_sxm,SILICON,prefill,13.8078,14.47344,0.954009551288429,13.8078,13.808,1.4484566694153586e-05,938.585,29.822,33.532,589.133,1,4,2,7.671,tp1pp1dp4etp4ep1,30,120,4,3.933,tp1pp1dp4etp2ep2,24
deepseek_v3__b300_sxm__silicon,deepseek_v3,b300_sxm,SILICON,decode,13.8078,11.837640000000002,1.166431822559226,11.837640000000002,11.838,3.0411467150295945e-05,938.585,34.036,29.381,757.609,1,4,2,7.671,tp1pp1dp4etp4ep1,56,448,1,12.867,tp1pp1dp8etp4ep2,16
deepseek_v3__b300_sxm__silicon,deepseek_v3,b300_sxm,SILICON,decode,13.8078,11.73644,1.1764896339946356,11.73644,11.736,3.7490073650896676e-05,938.585,34.329,29.13,751.132,1,4,2,7.671,tp1pp1dp4etp4ep1,56,448,1,12.757,tp1pp1dp8etp8ep1,16
deepseek_v3__b300_sxm__silicon,deepseek_v3,b300_sxm,SILICON,decode,6.9039,5.4004,1.2784053033108658,5.4004,5.4,7.406858751202798e-05,938.585,34.637,28.871,691.251,1,4,1,7.671,tp1pp1dp4etp4ep1,52,208,1,5.87,tp1pp1dp4etp2ep2,8
deepseek_v3__b300_sxm__silicon,deepseek_v3,b300_sxm,SILICON,prefill,20.7117,21.242800000000003,0.9749985877567928,20.7117,20.712,1.4484566694153586e-05,938.585,33.87,29.524,662.774,1,4,3,7.671,tp1pp1dp4etp4ep1,40,160,5,4.618,tp1pp1dp4etp1ep4,32
deepseek_v3__b300_sxm__silicon,deepseek_v3,b300_sxm,SILICON,prefill,20.7117,24.973400000000005,0.829350428856303,20.7117,20.712,1.4484566694153586e-05,938.585,34.569,28.928,662.774,1,4,3,7.671,tp1pp1dp4etp4ep1,48,192,5,5.429,tp1pp1dp4etp4ep1,32
deepseek_v3__b300_sxm__silicon,deepseek_v3,b300_sxm,SILICON,decode,6.9039,6.5255600000000005,1.0579781658585623,6.5255600000000005,6.526,6.742716333913561e-05,938.585,39.688,25.197,835.272,1,4,1,7.671,tp1pp1dp4etp4ep1,72,288,1,7.093,tp1pp1dp4etp2ep2,8
deepseek_v3__b300_sxm__silicon,deepseek_v3,b300_sxm,SILICON,decode,13.8078,13.03732,1.0590980354858208,13.03732,13.037,2.454492180897176e-05,938.585,39.733,25.168,834.388,1,4,2,7.671,tp1pp1dp4etp4ep1,72,576,1,14.171,tp1pp1dp8etp8ep1,16
deepseek_v3__b300_sxm__silicon,deepseek_v3,b300_sxm,SILICON,decode,13.8078,13.00236,1.061945677553921,13.00236,13.002,2.7687281385748873e-05,938.585,39.839,25.101,832.151,1,4,2,7.671,tp1pp1dp4etp4ep1,72,576,1,14.133,tp1pp1dp8etp4ep2,16
deepseek_v3__b300_sxm__silicon,deepseek_v3,b300_sxm,SILICON,decode,6.9039,6.222880000000001,1.1094380736893528,6.222880000000001,6.223,1.928367572554987e-05,938.585,39.31,25.439,796.529,1,4,1,7.671,tp1pp1dp4etp4ep1,68,272,1,6.764,tp1pp1dp4etp4ep1,8
deepseek_v3__b300_sxm__silicon,deepseek_v3,b300_sxm,SILICON,decode,13.8078,11.52852,1.1977079451655546,11.52852,11.529,4.163587346854512e-05,938.585,39.939,25.038,737.825,1,4,2,7.671,tp1pp1dp4etp4ep1,64,512,1,12.531,tp1pp1dp8etp2ep4,16
deepseek_v3__b300_sxm__silicon,deepseek_v3,b300_sxm,SILICON,prefill,6.9039,7.710520000000001,0.8953870815457322,6.9039,6.904,1.4484566694153586e-05,938.585,44.785,22.329,883.699,1,4,1,7.671,tp1pp1dp4etp4ep1,96,384,1,8.381,tp1pp1dp4etp2ep2,8
deepseek_v3__b300_sxm__silicon,deepseek_v3,b300_sxm,SILICON,prefill,6.9039,7.7546800000000005,0.8902881872624016,6.9039,6.904,1.4484566694153586e-05,938.585,44.534,22.455,883.699,1,4,1,7.671,tp1pp1dp4etp4ep1,96,384,1,8.429,tp1pp1dp4etp4ep1,8
deepseek_v3__b300_sxm__silicon,deepseek_v3,b300_sxm,SILICON,prefill,13.8078,14.31152,0.9648031795364853,13.8078,13.808,1.4484566694153586e-05,938.585,44.239,22.604,883.699,1,4,2,7.671,tp1pp1dp4etp4ep1,88,704,1,15.556,tp1pp1dp8etp4ep2,16
deepseek_v3__b300_sxm__silicon,deepseek_v3,b300_sxm,SILICON,prefill,13.8078,15.3916,0.8970997167286052,13.8078,13.808,1.4484566694153586e-05,938.585,44.873,22.285,883.699,1,4,2,7.671,tp1pp1dp4etp4ep1,96,768,1,16.73,tp1pp1dp8etp8ep1,16
deepseek_v3__b300_sxm__silicon,deepseek_v3,b300_sxm,SILICON,decode,13.8078,12.156880000000001,1.135801291120748,12.156880000000001,12.157,9.870953731468089e-06,938.585,44.976,22.234,778.04,1,4,2,7.671,tp1pp1dp4etp4ep1,76,608,1,13.214,tp1pp1dp8etp2ep4,16
deepseek_v3__b300_sxm__silicon,deepseek_v3,b300_sxm,SILICON,prefill,6.9039,8.38672,0.8231942881126352,6.9039,6.904,1.4484566694153586e-05,938.585,49.757,20.098,883.699,1,4,1,7.671,tp1pp1dp4etp4ep1,116,464,1,9.116,tp1pp1dp4etp2ep2,8
deepseek_v3__b300_sxm__silicon,deepseek_v3,b300_sxm,SILICON,prefill,6.9039,8.76852,0.7873506589481463,6.9039,6.904,1.4484566694153586e-05,938.585,49.23,20.313,883.699,1,4,1,7.671,tp1pp1dp4etp4ep1,120,480,1,9.531,tp1pp1dp4etp4ep1,8
deepseek_v3__b300_sxm__silicon,deepseek_v3,b300_sxm,SILICON,prefill,13.8078,15.61792,0.8840998033028726,13.8078,13.808,1.4484566694153586e-05,938.585,49.752,20.1,883.699,1,4,2,7.671,tp1pp1dp4etp4ep1,108,864,1,16.976,tp1pp1dp8etp4ep2,16
deepseek_v3__b300_sxm__silicon,deepseek_v3,b300_sxm,SILICON,prefill,13.8078,16.86176,0.8188824891351792,13.8078,13.808,1.4484566694153586e-05,938.585,49.496,20.204,883.699,1,4,2,7.671,tp1pp1dp4etp4ep1,116,928,1,18.328,tp1pp1dp8etp8ep1,16
deepseek_v3__b300_sxm__silicon,deepseek_v3,b300_sxm,SILICON,decode,20.7117,19.877520000000004,1.041965999782669,19.877520000000004,19.878,2.4147881626884996e-05,938.585,49.946,20.022,848.108,1,4,3,7.671,tp1pp1dp4etp4ep1,92,368,3,7.202,tp1pp1dp4etp1ep4,24
deepseek_v3__b300_sxm__silicon,deepseek_v3,b300_sxm,SILICON,decode,34.51950000000001,30.078480000000003,1.1476477534769045,30.078480000000003,30.078,1.595825320970822e-05,938.585,54.537,18.336,962.511,1,4,5,7.671,tp1pp1dp4etp4ep1,152,608,3,10.898,tp1pp1dp4etp4ep1,32
deepseek_v3__b300_sxm__silicon,deepseek_v3,b300_sxm,SILICON,prefill,6.9039,7.11712,0.970041252641518,6.9039,6.904,1.4484566694153586e-05,938.585,54.585,18.32,883.699,1,4,1,7.671,tp1pp1dp4etp4ep1,108,432,1,7.736,tp1pp1dp4etp1ep4,8
deepseek_v3__b300_sxm__silicon,deepseek_v3,b300_sxm,SILICON,prefill,6.9039,9.00496,0.7666774755245997,6.9039,6.904,1.4484566694153586e-05,938.585,54.328,18.407,883.699,1,4,1,7.671,tp1pp1dp4etp4ep1,136,544,1,9.788,tp1pp1dp4etp2ep2,8
deepseek_v3__b300_sxm__silicon,deepseek_v3,b300_sxm,SILICON,prefill,13.8078,16.45052,0.8393534064576682,13.8078,13.808,1.4484566694153586e-05,938.585,54.231,18.44,883.699,1,4,2,7.671,tp1pp1dp4etp4ep1,124,992,1,17.881,tp1pp1dp8etp4ep2,16
deepseek_v3__b300_sxm__silicon,deepseek_v3,b300_sxm,SILICON,prefill,13.8078,18.120320000000003,0.7620064104828169,13.8078,13.808,1.4484566694153586e-05,938.585,53.998,18.519,883.699,1,4,2,7.671,tp1pp1dp4etp4ep1,136,1088,1,19.696,tp1pp1dp8etp8ep1,16
deepseek_v3__b300_sxm__silicon,deepseek_v3,b300_sxm,SILICON,decode,34.51950000000001,33.351839999999996,1.035010362246881,33.351839999999996,33.352,4.7973365187962105e-06,938.585,59.537,16.796,1067.259,1,4,5,7.671,tp1pp1dp4etp4ep1,184,736,3,12.084,tp1pp1dp4etp4ep1,32
deepseek_v3__b300_sxm__silicon,deepseek_v3,b300_sxm,SILICON,decode,34.51950000000001,29.3112,1.1776897568165072,29.3112,29.311,6.823330331052085e-06,938.585,58.906,16.976,937.958,1,4,5,7.671,tp1pp1dp4etp4ep1,160,640,3,10.62,tp1pp1dp4etp2ep2,32
deepseek_v3__b300_sxm__silicon,deepseek_v3,b300_sxm,SILICON,prefill,6.9039,7.5164,0.9185115214730456,6.9039,6.904,1.4484566694153586e-05,938.585,59.347,16.85,883.699,1,4,1,7.671,tp1pp1dp4etp4ep1,124,496,1,8.17,tp1pp1dp4etp1ep4,8
deepseek_v3__b300_sxm__silicon,deepseek_v3,b300_sxm,SILICON,prefill,13.8078,14.42652,0.9571123181474118,13.8078,13.808,1.4484566694153586e-05,938.585,59.846,16.71,883.699,1,4,2,7.671,tp1pp1dp4etp4ep1,120,960,1,15.681,tp1pp1dp8etp2ep4,16
deepseek_v3__b300_sxm__silicon,deepseek_v3,b300_sxm,SILICON,prefill,13.8078,17.48184,0.7898367677544241,13.8078,13.808,1.4484566694153586e-05,938.585,59.263,16.874,883.699,1,4,2,7.671,tp1pp1dp4etp4ep1,144,1152,1,19.002,tp1pp1dp8etp4ep2,16
deepseek_v3__b300_sxm__silicon,deepseek_v3,b300_sxm,SILICON,prefill,34.51950000000001,36.04284,0.9577352949989515,34.51950000000001,34.52,1.4484566694050664e-05,938.585,64.674,15.462,1104.624,1,4,5,7.671,tp1pp1dp4etp4ep1,216,864,3,13.059,tp1pp1dp4etp4ep1,32
deepseek_v3__b300_sxm__silicon,deepseek_v3,b300_sxm,SILICON,decode,34.51950000000001,31.276320000000002,1.1036944244079867,31.276320000000002,31.276,1.023138272028475e-05,938.585,63.491,15.75,1000.842,1,4,5,7.671,tp1pp1dp4etp4ep1,184,736,3,11.332,tp1pp1dp4etp2ep2,32
deepseek_v3__b300_sxm__silicon,deepseek_v3,b300_sxm,SILICON,prefill,6.9039,7.79424,0.8857694913166646,6.9039,6.904,1.4484566694153586e-05,938.585,62.767,15.932,883.699,1,4,1,7.671,tp1pp1dp4etp4ep1,136,544,1,8.472,tp1pp1dp4etp1ep4,8
deepseek_v3__b300_sxm__silicon,deepseek_v3,b300_sxm,SILICON,prefill,13.8078,14.69332,0.9397331576525931,13.8078,13.808,1.4484566694153586e-05,938.585,62.674,15.956,883.699,1,4,2,7.671,tp1pp1dp4etp4ep1,128,1024,1,15.971,tp1pp1dp8etp2ep4,16
deepseek_v3__b300_sxm__silicon,deepseek_v3,b300_sxm,SILICON,prefill,13.8078,18.20588,0.7584252999580355,13.8078,13.808,1.4484566694153586e-05,938.585,63.23,15.815,883.699,1,4,2,7.671,tp1pp1dp4etp4ep1,160,1280,1,19.789,tp1pp1dp8etp4ep2,16
deepseek_v3__b300_sxm__silicon,deepseek_v3,b300_sxm,SILICON,prefill,34.51950000000001,38.31432,0.9009555696147029,34.51950000000001,34.52,1.4484566694050664e-05,938.585,69.855,14.315,1104.624,1,4,5,7.671,tp1pp1dp4etp4ep1,248,992,3,13.882,tp1pp1dp4etp4ep1,32
deepseek_v3__b300_sxm__silicon,deepseek_v3,b300_sxm,SILICON,decode,34.51950000000001,33.33252,1.035610268890561,33.33252,33.333,1.4400351368454564e-05,938.585,69.933,14.299,1066.641,1,4,5,7.671,tp1pp1dp4etp4ep1,216,864,3,12.077,tp1pp1dp4etp2ep2,32
deepseek_v3__b300_sxm__silicon,deepseek_v3,b300_sxm,SILICON,decode,27.6156,21.65772,1.2750926690344135,21.65772,21.658,1.2928415364131496e-05,938.585,69.095,14.473,924.063,1,4,4,7.671,tp1pp1dp4etp4ep1,208,1664,1,23.541,tp1pp1dp8etp8ep1,24
deepseek_v3__b300_sxm__silicon,deepseek_v3,b300_sxm,SILICON,prefill,6.9039,8.26988,0.8348246891127803,6.9039,6.904,1.4484566694153586e-05,938.585,69.6,14.368,883.699,1,4,1,7.671,tp1pp1dp4etp4ep1,160,640,1,8.989,tp1pp1dp4etp1ep4,8
deepseek_v3__b300_sxm__silicon,deepseek_v3,b300_sxm,SILICON,prefill,13.8078,19.135080000000002,0.7215961469719488,13.8078,13.808,1.4484566694153586e-05,938.585,69.182,14.455,883.699,1,4,2,7.671,tp1pp1dp4etp4ep1,184,1472,1,20.799,tp1pp1dp8etp4ep2,16
deepseek_v3__b300_sxm__silicon,deepseek_v3,b300_sxm,SILICON,prefill,34.51950000000001,34.60488000000001,0.9975327179288008,34.51950000000001,34.52,1.4484566694050664e-05,938.585,74.847,13.361,1104.624,1,4,5,7.671,tp1pp1dp4etp4ep1,240,960,3,12.538,tp1pp1dp4etp2ep2,32
deepseek_v3__b300_sxm__silicon,deepseek_v3,b300_sxm,SILICON,prefill,34.51950000000001,38.82768,0.8890435895217023,34.51950000000001,34.52,1.4484566694050664e-05,938.585,71.151,14.055,1104.624,1,4,5,7.671,tp1pp1dp4etp4ep1,256,1024,3,14.068,tp1pp1dp4etp4ep1,32
deepseek_v3__b300_sxm__silicon,deepseek_v3,b300_sxm,SILICON,decode,27.6156,22.484800000000003,1.2281897103821247,22.484800000000003,22.485,8.894897886393525e-06,938.585,74.235,13.471,959.351,1,4,4,7.671,tp1pp1dp4etp4ep1,232,1856,1,24.44,tp1pp1dp8etp8ep1,24
deepseek_v3__b300_sxm__silicon,deepseek_v3,b300_sxm,SILICON,prefill,6.9039,8.5376,0.8086464580209896,6.9039,6.904,1.4484566694153586e-05,938.585,74.16,13.484,883.699,1,4,1,7.671,tp1pp1dp4etp4ep1,176,704,1,9.28,tp1pp1dp4etp1ep4,8
deepseek_v3__b300_sxm__silicon,deepseek_v3,b300_sxm,SILICON,prefill,13.8078,19.64844,0.7027428131699005,13.8078,13.808,1.4484566694153586e-05,938.585,73.232,13.655,883.699,1,4,2,7.671,tp1pp1dp4etp4ep1,200,1600,1,21.357,tp1pp1dp8etp4ep2,16
deepseek_v3__b300_sxm__silicon,deepseek_v3,b300_sxm,SILICON,prefill,34.51950000000001,35.36388,0.9761230950902448,34.51950000000001,34.52,1.4484566694050664e-05,938.585,78.123,12.8,1104.624,1,4,5,7.671,tp1pp1dp4etp4ep1,256,1024,3,12.813,tp1pp1dp4etp2ep2,32
deepseek_v3__b300_sxm__silicon,deepseek_v3,b300_sxm,SILICON,decode,27.6156,23.204240000000002,1.1901100833295983,23.204240000000002,23.204,1.0342937325315213e-05,938.585,79.373,12.599,990.048,1,4,4,7.671,tp1pp1dp4etp4ep1,256,2048,1,25.222,tp1pp1dp8etp8ep1,24
deepseek_v3__b300_sxm__silicon,deepseek_v3,b300_sxm,SILICON,prefill,6.9039,8.774040000000001,0.7868553140856435,6.9039,6.904,1.4484566694153586e-05,938.585,78.72,12.703,883.699,1,4,1,7.671,tp1pp1dp4etp4ep1,192,768,1,9.537,tp1pp1dp4etp1ep4,8
deepseek_v3__b300_sxm__silicon,deepseek_v3,b300_sxm,SILICON,prefill,13.8078,20.28968,0.6805331577432469,13.8078,13.808,1.4484566694153586e-05,938.585,79.428,12.59,883.699,1,4,2,7.671,tp1pp1dp4etp4ep1,224,1792,1,22.054,tp1pp1dp8etp4ep2,16
deepseek_v3__b300_sxm__silicon,deepseek_v3,b300_sxm,SILICON,decode,27.6156,23.35236,1.1825614199164454,23.35236,23.352,1.5416000781102297e-05,938.585,83.799,11.933,996.367,1,4,4,7.671,tp1pp1dp4etp4ep1,272,2176,1,25.383,tp1pp1dp8etp8ep1,24
deepseek_v3__b300_sxm__silicon,deepseek_v3,b300_sxm,SILICON,prefill,6.9039,9.0068,0.7665208509126438,6.9039,6.904,1.4484566694153586e-05,938.585,83.073,12.038,883.699,1,4,1,7.671,tp1pp1dp4etp4ep1,208,832,1,9.79,tp1pp1dp4etp1ep4,8
deepseek_v3__b300_sxm__silicon,deepseek_v3,b300_sxm,SILICON,prefill,13.8078,20.66412,0.6682016945313907,13.8078,13.808,1.4484566694153586e-05,938.585,83.558,11.968,883.699,1,4,2,7.671,tp1pp1dp4etp4ep1,240,1920,1,22.461,tp1pp1dp8etp4ep2,16
deepseek_v3__b300_sxm__silicon,deepseek_v3,b300_sxm,SILICON,decode,27.6156,23.513360000000002,1.1744642194905364,23.513360000000002,23.513,1.5310444785457374e-05,938.585,88.12,11.348,1003.237,1,4,4,7.671,tp1pp1dp4etp4ep1,288,2304,1,25.558,tp1pp1dp8etp8ep1,24
deepseek_v3__b300_sxm__silicon,deepseek_v3,b300_sxm,SILICON,decode,27.6156,21.0036,1.3148031765982975,21.0036,21.004,1.9044354301292185e-05,938.585,87.688,11.404,896.154,1,4,4,7.671,tp1pp1dp4etp4ep1,256,2048,1,22.83,tp1pp1dp8etp4ep2,24
deepseek_v3__b300_sxm__silicon,deepseek_v3,b300_sxm,SILICON,decode,34.51950000000001,27.94224,1.2353877140844831,27.94224,27.942,8.58914675421771e-06,938.585,89.603,11.16,894.152,1,4,5,7.671,tp1pp1dp4etp4ep1,232,928,3,10.124,tp1pp1dp4etp1ep4,32
deepseek_v3__b300_sxm__silicon,deepseek_v3,b300_sxm,SILICON,decode,27.6156,23.71208,1.1646215768502806,23.71208,23.712,3.3738077806976062e-06,938.585,94.665,10.564,1011.715,1,4,4,7.671,tp1pp1dp4etp4ep1,312,2496,1,25.774,tp1pp1dp8etp8ep1,24
deepseek_v3__b300_sxm__silicon,deepseek_v3,b300_sxm,SILICON,decode,34.51950000000001,28.485960000000002,1.211807500958367,28.485960000000002,28.486,1.4042005253986767e-06,938.585,93.957,10.643,911.551,1,4,5,7.671,tp1pp1dp4etp4ep1,248,992,3,10.321,tp1pp1dp4etp1ep4,32
deepseek_v3__b300_sxm__silicon,deepseek_v3,b300_sxm,SILICON,decode,27.6156,21.102040000000002,1.3086696831206839,21.102040000000002,21.102,1.8955513306788539e-06,938.585,92.735,10.783,900.354,1,4,4,7.671,tp1pp1dp4etp4ep1,272,2176,1,22.937,tp1pp1dp8etp4ep2,24
deepseek_v3__b300_sxm__silicon,deepseek_v3,b300_sxm,SILICON,decode,27.6156,23.827080000000002,1.1590005993180867,23.827080000000002,23.827,3.357524295907182e-06,938.585,99.039,10.097,1016.622,1,4,4,7.671,tp1pp1dp4etp4ep1,328,2624,1,25.899,tp1pp1dp8etp8ep1,24
deepseek_v3__b300_sxm__silicon,deepseek_v3,b300_sxm,SILICON,decode,34.51950000000001,28.737120000000004,1.2012164058193724,28.737120000000004,28.737,4.175783794831048e-06,938.585,96.133,10.402,919.588,1,4,5,7.671,tp1pp1dp4etp4ep1,256,1024,3,10.412,tp1pp1dp4etp1ep4,32
deepseek_v3__b300_sxm__silicon,deepseek_v3,b300_sxm,SILICON,decode,27.6156,21.21336,1.3018022604622745,21.21336,21.213,1.6970437497906133e-05,938.585,97.677,10.238,905.103,1,4,4,7.671,tp1pp1dp4etp4ep1,288,2304,1,23.058,tp1pp1dp8etp4ep2,24
deepseek_v3__b300_sxm__silicon,deepseek_v3,b300_sxm,SILICON,decode,27.6156,23.93288,1.1538770093695367,23.93288,23.933,5.014022549689372e-06,938.585,103.412,9.67,1021.136,1,4,4,7.671,tp1pp1dp4etp4ep1,344,2752,1,26.014,tp1pp1dp8etp8ep1,24
deepseek_v3__b300_sxm__silicon,deepseek_v3,b300_sxm,SILICON,decode,27.6156,21.305360000000004,1.296180867162066,21.305360000000004,21.305,1.689715639651875e-05,938.585,102.658,9.741,909.029,1,4,4,7.671,tp1pp1dp4etp4ep1,304,2432,1,23.158,tp1pp1dp8etp4ep2,24
deepseek_v3__b300_sxm__silicon,deepseek_v3,b300_sxm,SILICON,decode,27.6156,24.07456,1.147086384964045,24.07456,24.075,1.827655417160494e-05,938.585,109.972,9.093,1027.181,1,4,4,7.671,tp1pp1dp4etp4ep1,368,2944,1,26.168,tp1pp1dp8etp8ep1,24
deepseek_v3__b300_sxm__silicon,deepseek_v3,b300_sxm,SILICON,decode,27.6156,21.38632,1.2912740480830736,21.38632,21.386,1.4962836056044067e-05,938.585,107.653,9.289,912.483,1,4,4,7.671,tp1pp1dp4etp4ep1,320,2560,1,23.246,tp1pp1dp8etp4ep2,24
deepseek_v3__b300_sxm__silicon,deepseek_v3,b300_sxm,SILICON,decode,27.6156,24.16104,1.1429806001728402,24.16104,24.161,1.6555578732739026e-06,938.585,114.346,8.745,1030.871,1,4,4,7.671,tp1pp1dp4etp4ep1,384,3072,1,26.262,tp1pp1dp8etp8ep1,24
deepseek_v3__b300_sxm__silicon,deepseek_v3,b300_sxm,SILICON,decode,27.6156,21.45992,1.2868454309242532,21.45992,21.46,3.7278796938909417e-06,938.585,112.648,8.877,915.623,1,4,4,7.671,tp1pp1dp4etp4ep1,336,2688,1,23.326,tp1pp1dp8etp4ep2,24
deepseek_v3__b300_sxm__silicon,deepseek_v3,b300_sxm,SILICON,decode,27.6156,24.211640000000003,1.1405918805995792,24.211640000000003,24.212,1.4868881248731161e-05,938.585,118.859,8.413,1033.03,1,4,4,7.671,tp1pp1dp4etp4ep1,400,3200,1,26.317,tp1pp1dp8etp8ep1,24
deepseek_v3__b300_sxm__silicon,deepseek_v3,b300_sxm,SILICON,decode,27.6156,21.52708,1.2828307415590037,21.52708,21.527,3.7162494867173855e-06,938.585,117.643,8.5,918.489,1,4,4,7.671,tp1pp1dp4etp4ep1,352,2816,1,23.399,tp1pp1dp8etp4ep2,24
deepseek_v3__b300_sxm__silicon,deepseek_v3,b300_sxm,SILICON,decode,27.6156,24.27328,1.1376954412423868,24.27328,24.273,1.1535317847446163e-05,938.585,123.302,8.11,1035.66,1,4,4,7.671,tp1pp1dp4etp4ep1,416,3328,1,26.384,tp1pp1dp8etp8ep1,24
deepseek_v3__b300_sxm__silicon,deepseek_v3,b300_sxm,SILICON,decode,27.6156,21.588720000000002,1.2791680099607572,21.588720000000002,21.589,1.2969736047181364e-05,938.585,122.638,8.154,921.119,1,4,4,7.671,tp1pp1dp4etp4ep1,368,2944,1,23.466,tp1pp1dp8etp4ep2,24
deepseek_v3__b300_sxm__silicon,deepseek_v3,b300_sxm,SILICON,decode,27.6156,24.357000000000003,1.1337849488853307,24.357000000000003,24.357,1.4586006810364579e-16,938.585,129.967,7.694,1039.232,1,4,4,7.671,tp1pp1dp4etp4ep1,440,3520,1,26.475,tp1pp1dp8etp8ep1,24
deepseek_v3__b300_sxm__silicon,deepseek_v3,b300_sxm,SILICON,decode,27.6156,21.64576,1.2757972000059135,21.64576,21.646,1.108762177911851e-05,938.585,127.633,7.835,923.552,1,4,4,7.671,tp1pp1dp4etp4ep1,384,3072,1,23.528,tp1pp1dp8etp4ep2,24
deepseek_v3__b300_sxm__silicon,deepseek_v3,b300_sxm,SILICON,decode,27.6156,24.40852,1.1313918254773334,24.40852,24.409,1.966526442404504e-05,938.585,134.41,7.44,1041.43,1,4,4,7.671,tp1pp1dp4etp4ep1,456,3648,1,26.531,tp1pp1dp8etp8ep1,24
deepseek_v3__b300_sxm__silicon,deepseek_v3,b300_sxm,SILICON,decode,27.6156,21.674280000000003,1.2741184482252697,21.674280000000003,21.674,1.291853754789597e-05,938.585,132.773,7.532,924.769,1,4,4,7.671,tp1pp1dp4etp4ep1,400,3200,1,23.559,tp1pp1dp8etp4ep2,24
deepseek_v3__b300_sxm__silicon,deepseek_v3,b300_sxm,SILICON,decode,27.6156,24.45636,1.129178667634922,24.45636,24.456,1.4720097348934267e-05,938.585,138.853,7.202,1043.471,1,4,4,7.671,tp1pp1dp4etp4ep1,472,3776,1,26.583,tp1pp1dp8etp8ep1,24
deepseek_v3__b300_sxm__silicon,deepseek_v3,b300_sxm,SILICON,decode,27.6156,21.71292,1.2718510453683798,21.71292,21.713,3.6844422583661753e-06,938.585,137.843,7.255,926.418,1,4,4,7.671,tp1pp1dp4etp4ep1,416,3328,1,23.601,tp1pp1dp8etp4ep2,24
deepseek_v3__b300_sxm__silicon,deepseek_v3,b300_sxm,SILICON,decode,27.6156,24.47936,1.1281177285680672,24.47936,24.479,1.4706266830529151e-05,938.585,141.075,7.088,1044.453,1,4,4,7.671,tp1pp1dp4etp4ep1,480,3840,1,26.608,tp1pp1dp8etp8ep1,24
deepseek_v3__b300_sxm__silicon,deepseek_v3,b300_sxm,SILICON,decode,27.6156,21.747880000000002,1.2698065282685025,21.747880000000002,21.748,5.517779204180351e-06,938.585,142.913,6.997,927.91,1,4,4,7.671,tp1pp1dp4etp4ep1,432,3456,1,23.639,tp1pp1dp8etp4ep2,24
deepseek_v3__b300_sxm__silicon,deepseek_v3,b300_sxm,SILICON,decode,27.6156,21.78008,1.267929227073546,21.78008,21.78,3.6730810906353004e-06,938.585,147.984,6.758,929.283,1,4,4,7.671,tp1pp1dp4etp4ep1,448,3584,1,23.674,tp1pp1dp8etp4ep2,24
deepseek_v3__b300_sxm__silicon,deepseek_v3,b300_sxm,SILICON,decode,27.6156,21.81136,1.2661108706655615,21.81136,21.811,1.6505160613578524e-05,938.585,153.054,6.534,930.618,1,4,4,7.671,tp1pp1dp4etp4ep1,464,3712,1,23.708,tp1pp1dp8etp4ep2,24
deepseek_v3__b300_sxm__silicon,deepseek_v3,b300_sxm,SILICON,decode,27.6156,21.83988,1.2644574970192144,21.83988,21.84,5.494535684216662e-06,938.585,158.124,6.324,931.835,1,4,4,7.671,tp1pp1dp4etp4ep1,480,3840,1,23.739,tp1pp1dp8etp4ep2,24
deepseek_v3__b300_sxm__silicon,deepseek_v3,b300_sxm,SILICON,decode,27.6156,21.85368,1.2636590267634558,21.85368,21.854,1.4642842761427076e-05,938.585,160.659,6.224,932.424,1,4,4,7.671,tp1pp1dp4etp4ep1,488,3904,1,23.754,tp1pp1dp8etp4ep2,24
deepseek_v3__h100_sxm__analytical,deepseek_v3,h100_sxm,ANALYTICAL,decode,7.986600000000001,0.22264,35.87226015091628,0.22264,0.223,0.001616960114983827,3245.551,8.072,123.88,7.124,1,16,1,8.874,tp1pp1dp16etp1ep16,1,2,1,0.242,tp8pp1dp2etp1ep16,32
deepseek_v3__h100_sxm__analytical,deepseek_v3,h100_sxm,ANALYTICAL,decode,7.986600000000001,0.36708,21.75711016672115,0.36708,0.367,0.0002179361447096668,3245.551,9.801,102.026,11.747,1,16,1,8.874,tp1pp1dp16etp1ep16,1,4,1,0.399,tp4pp1dp4etp1ep16,32
deepseek_v3__h100_sxm__analytical,deepseek_v3,h100_sxm,ANALYTICAL,decode,7.986600000000001,0.36248,22.033215625689696,0.36248,0.362,0.001324210990951324,3245.551,9.92,100.807,11.599,1,16,1,8.874,tp1pp1dp16etp1ep16,2,4,1,0.394,tp8pp1dp2etp1ep16,32
deepseek_v3__h100_sxm__analytical,deepseek_v3,h100_sxm,ANALYTICAL,decode,7.986600000000001,0.45816,17.43190151911996,0.45816,0.458,0.00034922297887199556,3245.551,11.768,84.979,14.661,1,16,1,8.874,tp1pp1dp16etp1ep16,3,6,1,0.498,tp8pp1dp2etp1ep16,32
deepseek_v3__h100_sxm__analytical,deepseek_v3,h100_sxm,ANALYTICAL,decode,7.986600000000001,0.552,14.468478260869565,0.552,0.552,0.0,3245.551,13.029,76.754,17.664,1,16,1,8.874,tp1pp1dp16etp1ep16,2,8,1,0.6,tp4pp1dp4etp1ep16,32
deepseek_v3__h100_sxm__analytical,deepseek_v3,h100_sxm,ANALYTICAL,decode,7.986600000000001,0.54556,14.639269741183371,0.54556,0.546,0.0008065107412566829,3245.551,13.189,75.819,17.458,1,16,1,8.874,tp1pp1dp16etp1ep16,1,8,1,0.593,tp2pp1dp8etp1ep16,32
deepseek_v3__h100_sxm__analytical,deepseek_v3,h100_sxm,ANALYTICAL,decode,7.986600000000001,0.52808,15.123844871989094,0.52808,0.528,0.00015149219815173645,3245.551,13.625,73.392,16.899,1,16,1,8.874,tp1pp1dp16etp1ep16,4,8,1,0.574,tp8pp1dp2etp1ep16,32
deepseek_v3__h100_sxm__analytical,deepseek_v3,h100_sxm,ANALYTICAL,decode,7.986600000000001,0.5814400000000001,13.735897083104017,0.5814400000000001,0.581,0.0007567418822236291,3245.551,15.456,64.701,18.606,1,16,1,8.874,tp1pp1dp16etp1ep16,5,10,1,0.632,tp8pp1dp2etp1ep16,32
deepseek_v3__h100_sxm__analytical,deepseek_v3,h100_sxm,ANALYTICAL,decode,7.986600000000001,0.66424,12.023666144766953,0.66424,0.664,0.00036131518728173246,3245.551,16.239,61.582,21.256,1,16,1,8.874,tp1pp1dp16etp1ep16,3,12,1,0.722,tp4pp1dp4etp1ep16,32
deepseek_v3__h100_sxm__analytical,deepseek_v3,h100_sxm,ANALYTICAL,decode,7.986600000000001,0.6237600000000001,12.803963062716429,0.6237600000000001,0.624,0.0003847633705269766,3245.551,17.31,57.771,19.96,1,16,1,8.874,tp1pp1dp16etp1ep16,6,12,1,0.678,tp8pp1dp2etp1ep16,32
deepseek_v3__h100_sxm__analytical,deepseek_v3,h100_sxm,ANALYTICAL,decode,7.986600000000001,1.09572,7.288905924871318,1.09572,1.096,0.0002555397364290676,3245.551,19.695,50.775,35.063,1,16,1,8.874,tp1pp1dp16etp1ep16,3,24,1,1.191,tp2pp1dp8etp1ep16,32
deepseek_v3__h100_sxm__analytical,deepseek_v3,h100_sxm,ANALYTICAL,decode,7.986600000000001,0.90068,8.86730026202425,0.90068,0.901,0.000355287116400927,3245.551,19.978,50.054,28.822,1,16,1,8.874,tp1pp1dp16etp1ep16,5,20,1,0.979,tp4pp1dp4etp1ep16,32
deepseek_v3__h100_sxm__analytical,deepseek_v3,h100_sxm,ANALYTICAL,decode,7.986600000000001,0.72496,11.016607812844848,0.72496,0.725,5.517545795620307e-05,3245.551,19.85,50.378,23.199,1,16,1,8.874,tp1pp1dp16etp1ep16,1,16,1,0.788,tp1pp1dp16etp1ep16,32
deepseek_v3__h100_sxm__analytical,deepseek_v3,h100_sxm,ANALYTICAL,decode,7.986600000000001,0.65688,12.158385093167704,0.65688,0.657,0.0001826817683595314,3245.551,19.164,52.182,21.02,1,16,1,8.874,tp1pp1dp16etp1ep16,7,14,1,0.714,tp8pp1dp2etp1ep16,32
deepseek_v3__h100_sxm__analytical,deepseek_v3,h100_sxm,ANALYTICAL,decode,7.986600000000001,5.244000000000001,1.5229977116704805,5.244000000000001,5.244,1.6937040802824658e-16,3245.551,24.696,40.492,167.808,1,16,1,8.874,tp1pp1dp16etp1ep16,9,144,1,5.7,tp1pp1dp16etp1ep16,32
deepseek_v3__h100_sxm__analytical,deepseek_v3,h100_sxm,ANALYTICAL,decode,7.986600000000001,3.51348,2.273130912941016,3.51348,3.513,0.00013661668772841626,3245.551,24.572,40.697,112.431,1,16,1,8.874,tp1pp1dp16etp1ep16,12,96,1,3.819,tp2pp1dp8etp1ep16,32
deepseek_v3__h100_sxm__analytical,deepseek_v3,h100_sxm,ANALYTICAL,decode,7.986600000000001,2.0497600000000005,3.896358598079775,2.0497600000000005,2.05,0.00011708687846350392,3245.551,24.568,40.703,65.592,1,16,1,8.874,tp1pp1dp16etp1ep16,14,56,1,2.228,tp4pp1dp4etp1ep16,32
deepseek_v3__h100_sxm__analytical,deepseek_v3,h100_sxm,ANALYTICAL,decode,7.986600000000001,1.15276,6.928241784933552,1.15276,1.153,0.0002081959818175665,3245.551,24.971,40.047,36.888,1,16,1,8.874,tp1pp1dp16etp1ep16,16,32,1,1.253,tp8pp1dp2etp1ep16,32
deepseek_v3__h100_sxm__analytical,deepseek_v3,h100_sxm,ANALYTICAL,decode,7.986600000000001,7.95616,1.0038259662952984,7.95616,7.956,2.0110203917376202e-05,3245.551,28.936,34.559,254.597,1,16,1,8.874,tp1pp1dp16etp1ep16,16,256,1,8.648,tp1pp1dp16etp1ep16,32
deepseek_v3__h100_sxm__analytical,deepseek_v3,h100_sxm,ANALYTICAL,decode,7.986600000000001,5.278040000000001,1.5131753453933656,5.278040000000001,5.278,7.578570833330218e-06,3245.551,29.99,33.345,168.897,1,16,1,8.874,tp1pp1dp16etp1ep16,22,176,1,5.737,tp2pp1dp8etp1ep16,32
deepseek_v3__h100_sxm__analytical,deepseek_v3,h100_sxm,ANALYTICAL,decode,7.986600000000001,2.90996,2.744573808574689,2.90996,2.91,1.3745893414432519e-05,3245.551,29.668,33.707,93.119,1,16,1,8.874,tp1pp1dp16etp1ep16,24,96,1,3.163,tp4pp1dp4etp1ep16,32
deepseek_v3__h100_sxm__analytical,deepseek_v3,h100_sxm,ANALYTICAL,decode,7.986600000000001,1.56308,5.109527343450112,1.56308,1.563,5.1181001612252734e-05,3245.551,29.911,33.432,50.019,1,16,1,8.874,tp1pp1dp16etp1ep16,26,52,1,1.699,tp8pp1dp2etp1ep16,32
deepseek_v3__h100_sxm__analytical,deepseek_v3,h100_sxm,ANALYTICAL,prefill,7.986600000000001,10.691320000000001,0.7470172064815196,7.986600000000001,7.987,5.0083890516498597e-05,3245.551,34.992,28.578,255.571,1,16,1,8.874,tp1pp1dp16etp1ep16,26,416,1,11.621,tp1pp1dp16etp1ep16,32
deepseek_v3__h100_sxm__analytical,deepseek_v3,h100_sxm,ANALYTICAL,decode,7.986600000000001,6.288200000000001,1.270093190420152,6.288200000000001,6.288,3.18056041475179e-05,3245.551,34.324,29.135,201.222,1,16,1,8.874,tp1pp1dp16etp1ep16,30,240,1,6.835,tp2pp1dp8etp1ep16,32
deepseek_v3__h100_sxm__analytical,deepseek_v3,h100_sxm,ANALYTICAL,decode,7.986600000000001,3.41136,2.3411777121148165,3.41136,3.411,0.00010552975939218904,3245.551,33.747,29.633,109.164,1,16,1,8.874,tp1pp1dp16etp1ep16,32,128,1,3.708,tp4pp1dp4etp1ep16,32
deepseek_v3__h100_sxm__analytical,deepseek_v3,h100_sxm,ANALYTICAL,decode,7.986600000000001,1.8574800000000002,4.299696362814135,1.8574800000000002,1.857,0.0002584146262679856,3245.551,34.851,28.693,59.439,1,16,1,8.874,tp1pp1dp16etp1ep16,36,72,1,2.019,tp8pp1dp2etp1ep16,32
deepseek_v3__h100_sxm__analytical,deepseek_v3,h100_sxm,ANALYTICAL,prefill,7.986600000000001,11.920440000000001,0.6699920472734229,7.986600000000001,7.987,5.0083890516498597e-05,3245.551,38.626,25.889,255.571,1,16,1,8.874,tp1pp1dp16etp1ep16,32,512,1,12.957,tp1pp1dp16etp1ep16,32
deepseek_v3__h100_sxm__analytical,deepseek_v3,h100_sxm,ANALYTICAL,decode,7.986600000000001,7.241320000000001,1.1029204620152127,7.241320000000001,7.241,4.419083813465061e-05,3245.551,39.74,25.163,231.722,1,16,1,8.874,tp1pp1dp16etp1ep16,40,320,1,7.871,tp2pp1dp8etp1ep16,32
deepseek_v3__h100_sxm__analytical,deepseek_v3,h100_sxm,ANALYTICAL,decode,7.986600000000001,3.97072,2.011373252206149,3.97072,3.971,7.05161784260935e-05,3245.551,39.864,25.085,127.063,1,16,1,8.874,tp1pp1dp16etp1ep16,44,176,1,4.316,tp4pp1dp4etp1ep16,32
deepseek_v3__h100_sxm__analytical,deepseek_v3,h100_sxm,ANALYTICAL,decode,7.986600000000001,2.0396400000000003,3.9156910042948754,2.0396400000000003,2.04,0.00017650173560024995,3245.551,38.803,25.771,65.268,1,16,1,8.874,tp1pp1dp16etp1ep16,44,88,1,2.217,tp8pp1dp2etp1ep16,32
deepseek_v3__h100_sxm__analytical,deepseek_v3,h100_sxm,ANALYTICAL,prefill,7.986600000000001,13.24064,0.6031883655170748,7.986600000000001,7.987,5.0083890516498597e-05,3245.551,43.47,23.004,255.571,1,16,1,8.874,tp1pp1dp16etp1ep16,40,640,1,14.392,tp1pp1dp16etp1ep16,32
deepseek_v3__h100_sxm__analytical,deepseek_v3,h100_sxm,ANALYTICAL,decode,7.986600000000001,7.83564,1.0192658161936998,7.83564,7.836,4.594391779109072e-05,3245.551,44.073,22.69,250.74,1,16,1,8.874,tp1pp1dp16etp1ep16,48,384,1,8.517,tp2pp1dp8etp1ep16,32
deepseek_v3__h100_sxm__analytical,deepseek_v3,h100_sxm,ANALYTICAL,decode,7.986600000000001,4.25684,1.87618045310606,4.25684,4.257,3.758656656094e-05,3245.551,43.942,22.757,136.219,1,16,1,8.874,tp1pp1dp16etp1ep16,52,208,1,4.627,tp4pp1dp4etp1ep16,32
deepseek_v3__h100_sxm__analytical,deepseek_v3,h100_sxm,ANALYTICAL,decode,7.986600000000001,2.25216,3.5461956521739135,2.25216,2.252,7.104290991766128e-05,3245.551,44.729,22.357,72.069,1,16,1,8.874,tp1pp1dp16etp1ep16,56,112,1,2.448,tp8pp1dp2etp1ep16,32
deepseek_v3__h100_sxm__analytical,deepseek_v3,h100_sxm,ANALYTICAL,prefill,7.986600000000001,14.294960000000001,0.5587004090952336,7.986600000000001,7.987,5.0083890516498597e-05,3245.551,48.315,20.698,255.571,1,16,1,8.874,tp1pp1dp16etp1ep16,48,768,1,15.538,tp1pp1dp16etp1ep16,32
deepseek_v3__h100_sxm__analytical,deepseek_v3,h100_sxm,ANALYTICAL,prefill,7.986600000000001,8.32324,0.9595542120616491,7.986600000000001,7.987,5.0083890516498597e-05,3245.551,48.406,20.659,255.571,1,16,1,8.874,tp1pp1dp16etp1ep16,56,448,1,9.047,tp2pp1dp8etp1ep16,32
deepseek_v3__h100_sxm__analytical,deepseek_v3,h100_sxm,ANALYTICAL,decode,7.986600000000001,4.49512,1.7767267614657676,4.49512,4.495,2.6695616579734905e-05,3245.551,48.02,20.825,143.844,1,16,1,8.874,tp1pp1dp16etp1ep16,60,240,1,4.886,tp4pp1dp4etp1ep16,32
deepseek_v3__h100_sxm__analytical,deepseek_v3,h100_sxm,ANALYTICAL,decode,7.986600000000001,2.3644,3.377854846895619,2.3644,2.364,0.00016917611233291998,3245.551,48.679,20.543,75.661,1,16,1,8.874,tp1pp1dp16etp1ep16,64,128,1,2.57,tp8pp1dp2etp1ep16,32
deepseek_v3__h100_sxm__analytical,deepseek_v3,h100_sxm,ANALYTICAL,prefill,7.986600000000001,15.157919999999999,0.5268928718452137,7.986600000000001,7.987,5.0083890516498597e-05,3245.551,53.158,18.812,255.571,1,16,1,8.874,tp1pp1dp16etp1ep16,56,896,1,16.476,tp1pp1dp16etp1ep16,32
deepseek_v3__h100_sxm__analytical,deepseek_v3,h100_sxm,ANALYTICAL,prefill,7.986600000000001,8.910200000000001,0.8963435164193845,7.986600000000001,7.987,5.0083890516498597e-05,3245.551,54.904,18.214,255.571,1,16,1,8.874,tp1pp1dp16etp1ep16,68,544,1,9.685,tp2pp1dp8etp1ep16,32
deepseek_v3__h100_sxm__analytical,deepseek_v3,h100_sxm,ANALYTICAL,decode,7.986600000000001,4.784000000000001,1.6694397993311036,4.784000000000001,4.784,1.8565602418480876e-16,3245.551,54.135,18.472,153.088,1,16,1,8.874,tp1pp1dp16etp1ep16,72,288,1,5.2,tp4pp1dp4etp1ep16,32
deepseek_v3__h100_sxm__analytical,deepseek_v3,h100_sxm,ANALYTICAL,decode,7.986600000000001,2.50332,3.19040314462394,2.50332,2.503,0.00012783024143931895,3245.551,54.604,18.314,80.106,1,16,1,8.874,tp1pp1dp16etp1ep16,76,152,1,2.721,tp8pp1dp2etp1ep16,32
deepseek_v3__h100_sxm__analytical,deepseek_v3,h100_sxm,ANALYTICAL,prefill,7.986600000000001,9.07672,0.8798993469006426,7.986600000000001,7.987,5.0083890516498597e-05,3245.551,57.07,17.522,255.571,1,16,1,8.874,tp1pp1dp16etp1ep16,72,576,1,9.866,tp2pp1dp8etp1ep16,32
deepseek_v3__h100_sxm__analytical,deepseek_v3,h100_sxm,ANALYTICAL,decode,7.986600000000001,4.8668000000000005,1.6410372318566615,4.8668000000000005,4.867,4.109476452690348e-05,3245.551,56.173,17.802,155.738,1,16,1,8.874,tp1pp1dp16etp1ep16,76,304,1,5.29,tp4pp1dp4etp1ep16,32
deepseek_v3__h100_sxm__analytical,deepseek_v3,h100_sxm,ANALYTICAL,decode,7.986600000000001,2.54288,3.140769521172844,2.54288,2.543,4.7190587051037434e-05,3245.551,56.579,17.674,81.372,1,16,1,8.874,tp1pp1dp16etp1ep16,80,160,1,2.764,tp8pp1dp2etp1ep16,32
deepseek_v3__h100_sxm__empirical,deepseek_v3,h100_sxm,EMPIRICAL,decode,8.1081,0.36432000000000003,22.255434782608695,0.36432000000000003,0.364,0.0008783487044357774,3196.811,4.934,202.69,11.658,1,16,1,9.009,tp1pp1dp16etp1ep16,1,2,1,0.396,tp8pp1dp2etp1ep16,32
deepseek_v3__h100_sxm__empirical,deepseek_v3,h100_sxm,EMPIRICAL,decode,8.1081,0.45080000000000003,17.986024844720497,0.45080000000000003,0.451,0.00044365572315877987,3196.811,7.982,125.282,14.426,1,16,1,9.009,tp1pp1dp16etp1ep16,1,4,1,0.49,tp4pp1dp4etp1ep16,32
deepseek_v3__h100_sxm__empirical,deepseek_v3,h100_sxm,EMPIRICAL,decode,8.1081,0.45080000000000003,17.986024844720497,0.45080000000000003,0.451,0.00044365572315877987,3196.811,7.981,125.296,14.426,1,16,1,9.009,tp1pp1dp16etp1ep16,2,4,1,0.49,tp8pp1dp2etp1ep16,32
deepseek_v3__h100_sxm__empirical,deepseek_v3,h100_sxm,EMPIRICAL,decode,8.1081,0.48944000000000004,16.56607551487414,0.48944000000000004,0.489,0.0008989865969272054,3196.811,11.029,90.674,15.662,1,16,1,9.009,tp1pp1dp16etp1ep16,3,6,1,0.532,tp8pp1dp2etp1ep16,32
deepseek_v3__h100_sxm__empirical,deepseek_v3,h100_sxm,EMPIRICAL,decode,8.1081,0.53636,15.116899097621003,0.53636,0.536,0.0006711909911252069,3196.811,13.414,74.548,17.164,1,16,1,9.009,tp1pp1dp16etp1ep16,2,8,1,0.583,tp4pp1dp4etp1ep16,32
deepseek_v3__h100_sxm__empirical,deepseek_v3,h100_sxm,EMPIRICAL,decode,8.1081,0.5115200000000001,15.850993118548637,0.5115200000000001,0.512,0.0009383797309976636,3196.811,14.076,71.043,16.369,1,16,1,9.009,tp1pp1dp16etp1ep16,4,8,1,0.556,tp8pp1dp2etp1ep16,32
deepseek_v3__h100_sxm__empirical,deepseek_v3,h100_sxm,EMPIRICAL,decode,8.1081,0.5106,15.879553466509988,0.5106,0.511,0.0007833920877398275,3196.811,14.079,71.029,16.339,1,16,1,9.009,tp1pp1dp16etp1ep16,1,8,1,0.555,tp2pp1dp8etp1ep16,32
deepseek_v3__h100_sxm__empirical,deepseek_v3,h100_sxm,EMPIRICAL,decode,8.1081,0.52532,15.434592248534226,0.52532,0.525,0.0006091525165613092,3196.811,17.123,58.4,16.81,1,16,1,9.009,tp1pp1dp16etp1ep16,5,10,1,0.571,tp8pp1dp2etp1ep16,32
deepseek_v3__h100_sxm__empirical,deepseek_v3,h100_sxm,EMPIRICAL,decode,8.1081,0.57224,14.169054941982386,0.57224,0.572,0.0004194044456871557,3196.811,18.846,53.06,18.312,1,16,1,9.009,tp1pp1dp16etp1ep16,3,12,1,0.622,tp4pp1dp4etp1ep16,32
deepseek_v3__h100_sxm__empirical,deepseek_v3,h100_sxm,EMPIRICAL,decode,8.1081,0.8648,9.375693802035153,0.8648,0.865,0.00023126734505085335,3196.811,24.966,40.055,27.674,1,16,1,9.009,tp1pp1dp16etp1ep16,3,24,1,0.94,tp2pp1dp8etp1ep16,32
deepseek_v3__h100_sxm__empirical,deepseek_v3,h100_sxm,EMPIRICAL,decode,8.1081,0.7203600000000001,11.255622188905546,0.7203600000000001,0.72,0.0004997501249377227,3196.811,24.953,40.076,23.052,1,16,1,9.009,tp1pp1dp16etp1ep16,5,20,1,0.783,tp4pp1dp4etp1ep16,32
deepseek_v3__h100_sxm__empirical,deepseek_v3,h100_sxm,EMPIRICAL,decode,8.1081,0.54188,14.962906916660515,0.54188,0.542,0.00022145124381783602,3196.811,23.218,43.07,17.34,1,16,1,9.009,tp1pp1dp16etp1ep16,7,14,1,0.589,tp8pp1dp2etp1ep16,32
deepseek_v3__h100_sxm__empirical,deepseek_v3,h100_sxm,EMPIRICAL,decode,8.1081,2.89616,2.799603613060052,2.89616,2.896,5.524556654334015e-05,3196.811,29.812,33.544,92.677,1,16,1,9.009,tp1pp1dp16etp1ep16,6,96,1,3.148,tp1pp1dp16etp1ep16,32
deepseek_v3__h100_sxm__empirical,deepseek_v3,h100_sxm,EMPIRICAL,decode,8.1081,2.41684,3.354835239403519,2.41684,2.417,6.620214825959349e-05,3196.811,29.763,33.599,77.339,1,16,1,9.009,tp1pp1dp16etp1ep16,10,80,1,2.627,tp2pp1dp8etp1ep16,32
deepseek_v3__h100_sxm__empirical,deepseek_v3,h100_sxm,EMPIRICAL,decode,8.1081,1.45452,5.57441630228529,1.45452,1.455,0.00033000577510108897,3196.811,29.67,33.704,46.545,1,16,1,9.009,tp1pp1dp16etp1ep16,12,48,1,1.581,tp4pp1dp4etp1ep16,32
deepseek_v3__h100_sxm__empirical,deepseek_v3,h100_sxm,EMPIRICAL,decode,8.1081,0.7893600000000001,10.271739130434781,0.7893600000000001,0.789,0.0004560656734570119,3196.811,29.607,33.776,25.26,1,16,1,9.009,tp1pp1dp16etp1ep16,13,26,1,0.858,tp8pp1dp2etp1ep16,32
deepseek_v3__h100_sxm__empirical,deepseek_v3,h100_sxm,EMPIRICAL,decode,8.1081,5.38016,1.507036965443407,5.38016,5.38,2.9738892523672162e-05,3196.811,34.767,28.763,172.165,1,16,1,9.009,tp1pp1dp16etp1ep16,13,208,1,5.848,tp1pp1dp16etp1ep16,32
deepseek_v3__h100_sxm__empirical,deepseek_v3,h100_sxm,EMPIRICAL,decode,8.1081,3.39848,2.385801887902827,3.39848,3.398,0.00014123961300347094,3196.811,33.874,29.521,108.751,1,16,1,9.009,tp1pp1dp16etp1ep16,16,128,1,3.694,tp2pp1dp8etp1ep16,32
deepseek_v3__h100_sxm__empirical,deepseek_v3,h100_sxm,EMPIRICAL,decode,8.1081,1.9209600000000002,4.22085832083958,1.9209600000000002,1.921,2.0822921872302367e-05,3196.811,33.714,29.661,61.471,1,16,1,9.009,tp1pp1dp16etp1ep16,18,72,1,2.088,tp4pp1dp4etp1ep16,32
deepseek_v3__h100_sxm__empirical,deepseek_v3,h100_sxm,EMPIRICAL,decode,8.1081,1.0488,7.7308352402746,1.0488,1.049,0.00019069412662087908,3196.811,34.285,29.167,33.562,1,16,1,9.009,tp1pp1dp16etp1ep16,20,40,1,1.14,tp8pp1dp2etp1ep16,32
deepseek_v3__h100_sxm__empirical,deepseek_v3,h100_sxm,EMPIRICAL,decode,8.1081,7.245,1.1191304347826088,7.245,7.245,0.0,3196.811,39.722,25.175,231.84,1,16,1,9.009,tp1pp1dp16etp1ep16,20,320,1,7.875,tp1pp1dp16etp1ep16,32
deepseek_v3__h100_sxm__empirical,deepseek_v3,h100_sxm,EMPIRICAL,decode,8.1081,4.38748,1.8480084239700239,4.38748,4.387,0.00010940220810134291,3196.811,39.357,25.409,140.399,1,16,1,9.009,tp1pp1dp16etp1ep16,24,192,1,4.769,tp2pp1dp8etp1ep16,32
deepseek_v3__h100_sxm__empirical,deepseek_v3,h100_sxm,EMPIRICAL,decode,8.1081,2.3920000000000003,3.389673913043478,2.3920000000000003,2.392,1.8565602418480876e-16,3196.811,39.106,25.572,76.544,1,16,1,9.009,tp1pp1dp16etp1ep16,26,104,1,2.6,tp4pp1dp4etp1ep16,32
deepseek_v3__h100_sxm__empirical,deepseek_v3,h100_sxm,EMPIRICAL,decode,8.1081,1.27052,6.381717721877656,1.27052,1.271,0.00037779806693307767,3196.811,39.632,25.232,40.657,1,16,1,9.009,tp1pp1dp16etp1ep16,28,56,1,1.381,tp8pp1dp2etp1ep16,32
deepseek_v3__h100_sxm__empirical,deepseek_v3,h100_sxm,EMPIRICAL,prefill,8.1081,8.50816,0.9529792575598014,8.1081,8.108,1.2333345666650255e-05,3196.811,43.97,22.743,259.459,1,16,1,9.009,tp1pp1dp16etp1ep16,26,416,1,9.248,tp1pp1dp16etp1ep16,32
deepseek_v3__h100_sxm__empirical,deepseek_v3,h100_sxm,EMPIRICAL,decode,8.1081,5.13452,1.5791349532186065,5.13452,5.135,9.348488271534474e-05,3196.811,44.839,22.302,164.305,1,16,1,9.009,tp1pp1dp16etp1ep16,32,256,1,5.581,tp2pp1dp8etp1ep16,32
deepseek_v3__h100_sxm__empirical,deepseek_v3,h100_sxm,EMPIRICAL,decode,8.1081,2.668,3.039017991004498,2.668,2.668,0.0,3196.811,43.15,23.175,85.376,1,16,1,9.009,tp1pp1dp16etp1ep16,32,128,1,2.9,tp4pp1dp4etp1ep16,32
deepseek_v3__h100_sxm__empirical,deepseek_v3,h100_sxm,EMPIRICAL,decode,8.1081,1.4398,5.631407139880539,1.4398,1.44,0.00013890818169188637,3196.811,44.978,22.233,46.074,1,16,1,9.009,tp1pp1dp16etp1ep16,36,72,1,1.565,tp8pp1dp2etp1ep16,32
deepseek_v3__h100_sxm__empirical,deepseek_v3,h100_sxm,EMPIRICAL,prefill,8.1081,9.549600000000002,0.8490512691631062,8.1081,8.108,1.2333345666650255e-05,3196.811,48.217,20.739,259.459,1,16,1,9.009,tp1pp1dp16etp1ep16,32,512,1,10.38,tp1pp1dp16etp1ep16,32
deepseek_v3__h100_sxm__empirical,deepseek_v3,h100_sxm,EMPIRICAL,decode,8.1081,5.44364,1.4894629328904925,5.44364,5.444,6.613222035250197e-05,3196.811,47.58,21.017,174.196,1,16,1,9.009,tp1pp1dp16etp1ep16,36,288,1,5.917,tp2pp1dp8etp1ep16,32
deepseek_v3__h100_sxm__empirical,deepseek_v3,h100_sxm,EMPIRICAL,decode,8.1081,2.96424,2.735304833616711,2.96424,2.964,8.096510404023966e-05,3196.811,48.541,20.601,94.856,1,16,1,9.009,tp1pp1dp16etp1ep16,40,160,1,3.222,tp4pp1dp4etp1ep16,32
deepseek_v3__h100_sxm__empirical,deepseek_v3,h100_sxm,EMPIRICAL,decode,8.1081,1.5097200000000002,5.37059852158016,1.5097200000000002,1.51,0.0001854648544099806,3196.811,47.651,20.986,48.311,1,16,1,9.009,tp1pp1dp16etp1ep16,40,80,1,1.641,tp8pp1dp2etp1ep16,32
deepseek_v3__h100_sxm__empirical,deepseek_v3,h100_sxm,EMPIRICAL,prefill,8.1081,10.682120000000001,0.7590347234444098,8.1081,8.108,1.2333345666650255e-05,3196.811,53.881,18.56,259.459,1,16,1,9.009,tp1pp1dp16etp1ep16,40,640,1,11.611,tp1pp1dp16etp1ep16,32
deepseek_v3__h100_sxm__empirical,deepseek_v3,h100_sxm,EMPIRICAL,decode,8.1081,5.966200000000001,1.359005732291911,5.966200000000001,5.966,3.352217491877946e-05,3196.811,53.062,18.846,190.918,1,16,1,9.009,tp1pp1dp16etp1ep16,44,352,1,6.485,tp2pp1dp8etp1ep16,32
deepseek_v3__h100_sxm__empirical,deepseek_v3,h100_sxm,EMPIRICAL,decode,8.1081,3.2016,2.532514992503748,3.2016,3.202,0.00012493753123436904,3196.811,53.933,18.542,102.451,1,16,1,9.009,tp1pp1dp16etp1ep16,48,192,1,3.48,tp4pp1dp4etp1ep16,32
deepseek_v3__h100_sxm__empirical,deepseek_v3,h100_sxm,EMPIRICAL,decode,8.1081,1.6293199999999999,4.976370510396976,1.6293199999999999,1.629,0.0001964009525445437,3196.811,52.998,18.869,52.138,1,16,1,9.009,tp1pp1dp16etp1ep16,48,96,1,1.771,tp8pp1dp2etp1ep16,32
deepseek_v3__h100_sxm__empirical,deepseek_v3,h100_sxm,EMPIRICAL,prefill,8.1081,11.59936,0.6990127041491944,8.1081,8.108,1.2333345666650255e-05,3196.811,59.544,16.794,259.459,1,16,1,9.009,tp1pp1dp16etp1ep16,48,768,1,12.608,tp1pp1dp16etp1ep16,32
deepseek_v3__h100_sxm__empirical,deepseek_v3,h100_sxm,EMPIRICAL,decode,8.1081,6.39032,1.268809699670752,6.39032,6.39,5.007573955612865e-05,3196.811,58.544,17.081,204.49,1,16,1,9.009,tp1pp1dp16etp1ep16,52,416,1,6.946,tp2pp1dp8etp1ep16,32
deepseek_v3__h100_sxm__empirical,deepseek_v3,h100_sxm,EMPIRICAL,decode,8.1081,3.39572,2.387741038719329,3.39572,3.396,8.24567396605309e-05,3196.811,59.325,16.856,108.663,1,16,1,9.009,tp1pp1dp16etp1ep16,56,224,1,3.691,tp4pp1dp4etp1ep16,32
deepseek_v3__h100_sxm__empirical,deepseek_v3,h100_sxm,EMPIRICAL,decode,8.1081,1.72592,4.69784231018819,1.72592,1.726,4.635209047932697e-05,3196.811,58.344,17.14,55.229,1,16,1,9.009,tp1pp1dp16etp1ep16,56,112,1,1.876,tp8pp1dp2etp1ep16,32
deepseek_v3__h100_sxm__empirical,deepseek_v3,h100_sxm,EMPIRICAL,prefill,8.1081,11.99588,0.6759070614244225,8.1081,8.108,1.2333345666650255e-05,3196.811,62.376,16.032,259.459,1,16,1,9.009,tp1pp1dp16etp1ep16,52,832,1,13.039,tp1pp1dp16etp1ep16,32
deepseek_v3__h100_sxm__empirical,deepseek_v3,h100_sxm,EMPIRICAL,decode,8.1081,6.74176,1.2026681460034174,6.74176,6.742,3.5599012720683606e-05,3196.811,64.027,15.619,215.736,1,16,1,9.009,tp1pp1dp16etp1ep16,60,480,1,7.328,tp2pp1dp8etp1ep16,32
deepseek_v3__h100_sxm__empirical,deepseek_v3,h100_sxm,EMPIRICAL,decode,8.1081,3.55764,2.279067021958377,3.55764,3.558,0.00010119067696554285,3196.811,64.716,15.452,113.844,1,16,1,9.009,tp1pp1dp16etp1ep16,64,256,1,3.867,tp4pp1dp4etp1ep16,32
deepseek_v3__h100_sxm__empirical,deepseek_v3,h100_sxm,EMPIRICAL,decode,8.1081,1.8078,4.485064719548623,1.8078,1.808,0.00011063170704722755,3196.811,63.691,15.701,57.85,1,16,1,9.009,tp1pp1dp16etp1ep16,64,128,1,1.965,tp8pp1dp2etp1ep16,32
deepseek_v3__h100_sxm__empirical,deepseek_v3,h100_sxm,EMPIRICAL,prefill,8.1081,12.35744,0.6561310433228889,8.1081,8.108,1.2333345666650255e-05,3196.811,65.207,15.336,259.459,1,16,1,9.009,tp1pp1dp16etp1ep16,56,896,1,13.432,tp1pp1dp16etp1ep16,32
deepseek_v3__h100_sxm__empirical,deepseek_v3,h100_sxm,EMPIRICAL,decode,8.1081,7.038,1.1520460358056266,7.038,7.038,0.0,3196.811,69.509,14.387,225.216,1,16,1,9.009,tp1pp1dp16etp1ep16,68,544,1,7.65,tp2pp1dp8etp1ep16,32
deepseek_v3__h100_sxm__empirical,deepseek_v3,h100_sxm,EMPIRICAL,decode,8.1081,3.62848,2.2345720522091894,3.62848,3.628,0.0001322867977775917,3196.811,67.412,14.834,116.111,1,16,1,9.009,tp1pp1dp16etp1ep16,68,272,1,3.944,tp4pp1dp4etp1ep16,32
deepseek_v3__h100_sxm__empirical,deepseek_v3,h100_sxm,EMPIRICAL,decode,8.1081,1.8758800000000002,4.322291404567456,1.8758800000000002,1.876,6.396997675740235e-05,3196.811,69.037,14.485,60.028,1,16,1,9.009,tp1pp1dp16etp1ep16,72,144,1,2.039,tp8pp1dp2etp1ep16,32
deepseek_v3__h100_sxm__empirical,deepseek_v3,h100_sxm,EMPIRICAL,decode,8.1081,7.169560000000001,1.1309062201864548,7.169560000000001,7.17,6.137057225259706e-05,3196.811,72.25,13.841,229.426,1,16,1,9.009,tp1pp1dp16etp1ep16,72,576,1,7.793,tp2pp1dp8etp1ep16,32
deepseek_v3__h100_sxm__empirical,deepseek_v3,h100_sxm,EMPIRICAL,decode,8.1081,3.75544,2.1590279700913872,3.75544,3.755,0.00011716336834038567,3196.811,72.804,13.736,120.174,1,16,1,9.009,tp1pp1dp16etp1ep16,76,304,1,4.082,tp4pp1dp4etp1ep16,32
deepseek_v3__h100_sxm__empirical,deepseek_v3,h100_sxm,EMPIRICAL,decode,8.1081,1.9347600000000003,4.190752341375674,1.9347600000000003,1.935,0.00012404639335100782,3196.811,74.383,13.444,61.912,1,16,1,9.009,tp1pp1dp16etp1ep16,80,160,1,2.103,tp8pp1dp2etp1ep16,32
deepseek_v3__h100_sxm__silicon,deepseek_v3,h100_sxm,SILICON,decode,8.019,0.30912,25.94138198757764,0.30912,0.309,0.00038819875776400424,404.051,5.822,171.751,9.892,1,1,1,8.91,tp8pp2dp1etp8ep1,1,1,1,0.336,tp8pp2dp1etp2ep4,32
deepseek_v3__h100_sxm__silicon,deepseek_v3,h100_sxm,SILICON,decode,8.019,0.30084000000000005,26.655364978061424,0.30084000000000005,0.301,0.0005318441696580839,404.051,5.977,167.31,9.627,1,1,1,8.91,tp8pp2dp1etp8ep1,1,1,1,0.327,tp8pp2dp1etp4ep2,32
deepseek_v3__h100_sxm__silicon,deepseek_v3,h100_sxm,SILICON,decode,8.019,0.29348,27.32383808095952,0.29348,0.293,0.0016355458634320428,404.051,6.128,163.189,9.391,1,1,1,8.91,tp8pp2dp1etp8ep1,1,1,1,0.319,tp8pp2dp1etp1ep8,32
deepseek_v3__h100_sxm__silicon,deepseek_v3,h100_sxm,SILICON,decode,8.019,0.28336,28.299689440993788,0.28336,0.283,0.0012704686617731047,404.051,6.344,157.629,9.068,1,1,1,8.91,tp8pp2dp1etp8ep1,1,1,1,0.308,tp8pp2dp1etp8ep1,32
deepseek_v3__h100_sxm__silicon,deepseek_v3,h100_sxm,SILICON,decode,8.019,0.49404000000000003,16.231479232450813,0.49404000000000003,0.494,8.096510404023966e-05,404.051,7.285,137.275,15.809,1,1,1,8.91,tp8pp2dp1etp8ep1,2,2,1,0.537,tp8pp2dp1etp4ep2,32
deepseek_v3__h100_sxm__silicon,deepseek_v3,h100_sxm,SILICON,decode,8.019,0.48484000000000005,16.539476940846463,0.48484000000000005,0.485,0.0003300057751009363,404.051,7.418,134.8,15.515,1,1,1,8.91,tp8pp2dp1etp8ep1,2,2,1,0.527,tp8pp2dp1etp2ep4,32
deepseek_v3__h100_sxm__silicon,deepseek_v3,h100_sxm,SILICON,decode,8.019,0.47380000000000005,16.92486281131279,0.47380000000000005,0.474,0.00042211903756843067,404.051,7.595,131.661,15.162,1,1,1,8.91,tp8pp2dp1etp8ep1,2,2,1,0.515,tp8pp2dp1etp8ep1,32
deepseek_v3__h100_sxm__silicon,deepseek_v3,h100_sxm,SILICON,decode,8.019,0.44988,17.82475326753801,0.44988,0.45,0.00026673779674581886,404.051,7.99,125.158,14.396,1,1,1,8.91,tp8pp2dp1etp8ep1,2,2,1,0.489,tp8pp2dp1etp1ep8,32
deepseek_v3__h100_sxm__silicon,deepseek_v3,h100_sxm,SILICON,decode,8.019,0.60536,13.246663142592837,0.60536,0.605,0.0005946874587023043,404.051,8.92,112.107,19.372,1,1,1,8.91,tp8pp2dp1etp8ep1,3,3,1,0.658,tp8pp2dp1etp8ep1,32
deepseek_v3__h100_sxm__silicon,deepseek_v3,h100_sxm,SILICON,decode,8.019,0.59524,13.471876889993952,0.59524,0.595,0.00040319870976415897,404.051,9.059,110.391,19.048,1,1,1,8.91,tp8pp2dp1etp8ep1,3,3,1,0.647,tp8pp2dp1etp4ep2,32
deepseek_v3__h100_sxm__silicon,deepseek_v3,h100_sxm,SILICON,decode,8.019,0.5851200000000001,13.704881050041015,0.5851200000000001,0.585,0.00020508613617739948,404.051,9.224,108.412,18.724,1,1,1,8.91,tp8pp2dp1etp8ep1,3,3,1,0.636,tp8pp2dp1etp2ep4,32
deepseek_v3__h100_sxm__silicon,deepseek_v3,h100_sxm,SILICON,decode,8.019,0.69552,11.529503105590061,0.69552,0.696,0.0006901311249136256,404.051,10.34,96.714,22.257,1,1,1,8.91,tp8pp2dp1etp8ep1,4,4,1,0.756,tp8pp2dp1etp8ep1,32
deepseek_v3__h100_sxm__silicon,deepseek_v3,h100_sxm,SILICON,decode,8.019,0.65872,12.17360942433811,0.65872,0.659,0.0004250667962109212,404.051,10.928,91.51,21.079,1,1,1,8.91,tp8pp2dp1etp8ep1,4,4,1,0.716,tp8pp2dp1etp4ep2,32
deepseek_v3__h100_sxm__silicon,deepseek_v3,h100_sxm,SILICON,decode,8.019,0.53452,15.002245004864177,0.53452,0.535,0.0008980019456709496,404.051,10.096,99.051,17.105,1,1,1,8.91,tp8pp2dp1etp8ep1,3,3,1,0.581,tp8pp2dp1etp1ep8,32
deepseek_v3__h100_sxm__silicon,deepseek_v3,h100_sxm,SILICON,decode,8.019,0.80316,9.984311967727477,0.80316,0.803,0.00019921310822244382,404.051,11.201,89.274,25.701,1,1,1,8.91,tp8pp2dp1etp8ep1,5,5,1,0.873,tp8pp2dp1etp8ep1,32
deepseek_v3__h100_sxm__silicon,deepseek_v3,h100_sxm,SILICON,decode,8.019,0.782,10.254475703324808,0.782,0.782,0.0,404.051,11.505,86.917,25.024,1,1,1,8.91,tp8pp2dp1etp8ep1,5,5,1,0.85,tp8pp2dp1etp4ep2,32
deepseek_v3__h100_sxm__silicon,deepseek_v3,h100_sxm,SILICON,decode,8.019,0.77188,10.388920557599628,0.77188,0.772,0.00015546457998653806,404.051,11.653,85.812,24.7,1,1,1,8.91,tp8pp2dp1etp8ep1,5,5,1,0.839,tp8pp2dp1etp2ep4,32
deepseek_v3__h100_sxm__silicon,deepseek_v3,h100_sxm,SILICON,decode,8.019,0.9807200000000001,8.176645729667998,0.9807200000000001,0.981,0.0002855045272859082,404.051,12.837,77.897,31.383,1,1,1,8.91,tp8pp2dp1etp8ep1,7,7,1,1.066,tp8pp2dp1etp4ep2,32
deepseek_v3__h100_sxm__silicon,deepseek_v3,h100_sxm,SILICON,decode,8.019,0.9770400000000001,8.207442888725128,0.9770400000000001,0.977,4.0939981986562495e-05,404.051,12.888,77.59,31.265,1,1,1,8.91,tp8pp2dp1etp8ep1,7,7,1,1.062,tp8pp2dp1etp2ep4,32
deepseek_v3__h100_sxm__silicon,deepseek_v3,h100_sxm,SILICON,decode,8.019,0.88504,9.060607430172647,0.88504,0.885,4.519569736965561e-05,404.051,12.188,82.045,28.321,1,1,1,8.91,tp8pp2dp1etp8ep1,6,6,1,0.962,tp8pp2dp1etp8ep1,32
deepseek_v3__h100_sxm__silicon,deepseek_v3,h100_sxm,SILICON,decode,8.019,0.69552,11.529503105590061,0.69552,0.696,0.0006901311249136256,404.051,12.933,77.32,22.257,1,1,1,8.91,tp8pp2dp1etp8ep1,5,5,1,0.756,tp8pp2dp1etp1ep8,32
deepseek_v3__h100_sxm__silicon,deepseek_v3,h100_sxm,SILICON,decode,8.019,1.0626,7.546583850931677,1.0626,1.063,0.0003764351590438132,404.051,13.543,73.837,34.003,1,1,1,8.91,tp8pp2dp1etp8ep1,8,8,1,1.155,tp8pp2dp1etp2ep4,32
deepseek_v3__h100_sxm__silicon,deepseek_v3,h100_sxm,SILICON,decode,8.019,1.0626,7.546583850931677,1.0626,1.063,0.0003764351590438132,404.051,13.541,73.848,34.003,1,1,1,8.91,tp8pp2dp1etp8ep1,8,8,1,1.155,tp8pp2dp1etp4ep2,32
deepseek_v3__h100_sxm__silicon,deepseek_v3,h100_sxm,SILICON,decode,8.019,0.9613999999999999,8.34096109839817,0.9613999999999999,0.961,0.0004160599126273726,404.051,13.102,76.323,30.765,1,1,1,8.91,tp8pp2dp1etp8ep1,7,7,1,1.045,tp8pp2dp1etp8ep1,32
deepseek_v3__h100_sxm__silicon,deepseek_v3,h100_sxm,SILICON,decode,8.019,0.78844,10.17071685860687,0.78844,0.788,0.0005580640251636091,404.051,13.695,73.02,25.23,1,1,1,8.91,tp8pp2dp1etp8ep1,6,6,1,0.857,tp8pp2dp1etp1ep8,32
deepseek_v3__h100_sxm__silicon,deepseek_v3,h100_sxm,SILICON,decode,8.019,1.3202,6.074079684896228,1.3202,1.32,0.0001514921981517785,404.051,14.986,66.73,42.246,1,1,1,8.91,tp8pp2dp1etp8ep1,11,11,1,1.435,tp8pp2dp1etp2ep4,32
deepseek_v3__h100_sxm__silicon,deepseek_v3,h100_sxm,SILICON,decode,8.019,1.2328000000000001,6.504704737183647,1.2328000000000001,1.233,0.00016223231667746428,404.051,14.594,68.521,39.45,1,1,1,8.91,tp8pp2dp1etp8ep1,10,10,1,1.34,tp8pp2dp1etp4ep2,32
deepseek_v3__h100_sxm__silicon,deepseek_v3,h100_sxm,SILICON,decode,8.019,1.10768,7.23945543839376,1.10768,1.108,0.00028889209880118627,404.051,14.616,68.418,35.446,1,1,1,8.91,tp8pp2dp1etp8ep1,9,9,1,1.204,tp8pp2dp1etp8ep1,32
deepseek_v3__h100_sxm__silicon,deepseek_v3,h100_sxm,SILICON,decode,8.019,0.87492,9.165409408860238,0.87492,0.875,9.143693137654755e-05,404.051,14.384,69.524,27.997,1,1,1,8.91,tp8pp2dp1etp8ep1,7,7,1,0.951,tp8pp2dp1etp1ep8,32
deepseek_v3__h100_sxm__silicon,deepseek_v3,h100_sxm,SILICON,decode,8.019,1.47292,5.444287537680254,1.47292,1.473,5.431387991206583e-05,404.051,15.87,63.013,47.133,1,1,1,8.91,tp8pp2dp1etp8ep1,13,13,1,1.601,tp8pp2dp1etp2ep4,32
deepseek_v3__h100_sxm__silicon,deepseek_v3,h100_sxm,SILICON,decode,8.019,1.46188,5.485402358606725,1.46188,1.462,8.2086080936806e-05,404.051,15.999,62.504,46.78,1,1,1,8.91,tp8pp2dp1etp8ep1,13,13,1,1.589,tp8pp2dp1etp4ep2,32
deepseek_v3__h100_sxm__silicon,deepseek_v3,h100_sxm,SILICON,decode,8.019,1.3570000000000002,5.909358879882092,1.3570000000000002,1.357,1.636290382645772e-16,404.051,15.902,62.886,43.424,1,1,1,8.91,tp8pp2dp1etp8ep1,12,12,1,1.475,tp8pp2dp1etp8ep1,32
deepseek_v3__h100_sxm__silicon,deepseek_v3,h100_sxm,SILICON,decode,8.019,1.0285600000000001,7.7963366259625095,1.0285600000000001,1.029,0.0004277825309167903,404.051,15.735,63.554,32.914,1,1,1,8.91,tp8pp2dp1etp8ep1,9,9,1,1.118,tp8pp2dp1etp1ep8,32
deepseek_v3__h100_sxm__silicon,deepseek_v3,h100_sxm,SILICON,decode,8.019,1.61,4.980745341614907,1.61,1.61,0.0,404.051,16.754,59.687,51.52,1,1,1,8.91,tp8pp2dp1etp8ep1,15,15,1,1.75,tp8pp2dp1etp2ep4,32
deepseek_v3__h100_sxm__silicon,deepseek_v3,h100_sxm,SILICON,decode,8.019,1.59344,5.032508283964254,1.59344,1.593,0.0002761321417813008,404.051,16.936,59.047,50.99,1,1,1,8.91,tp8pp2dp1etp8ep1,15,15,1,1.732,tp8pp2dp1etp4ep2,32
deepseek_v3__h100_sxm__silicon,deepseek_v3,h100_sxm,SILICON,decode,8.019,1.50328,5.334335586184876,1.50328,1.503,0.00018625937949022004,404.051,16.75,59.703,48.105,1,1,1,8.91,tp8pp2dp1etp8ep1,14,14,1,1.634,tp8pp2dp1etp8ep1,32
deepseek_v3__h100_sxm__silicon,deepseek_v3,h100_sxm,SILICON,decode,8.019,1.1831200000000002,6.777841639056055,1.1831200000000002,1.183,0.00010142673608773412,404.051,16.721,59.805,37.86,1,1,1,8.91,tp8pp2dp1etp8ep1,11,11,1,1.286,tp8pp2dp1etp1ep8,32
deepseek_v3__h100_sxm__silicon,deepseek_v3,h100_sxm,SILICON,decode,8.019,1.67348,4.791811076320004,1.67348,1.673,0.0002868274493869278,404.051,17.196,58.153,53.551,1,1,1,8.91,tp8pp2dp1etp8ep1,16,16,1,1.819,tp8pp2dp1etp2ep4,32
deepseek_v3__h100_sxm__silicon,deepseek_v3,h100_sxm,SILICON,decode,8.019,1.65324,4.8504754300646,1.65324,1.653,0.0001451694853741852,404.051,17.404,57.458,52.904,1,1,1,8.91,tp8pp2dp1etp8ep1,16,16,1,1.797,tp8pp2dp1etp4ep2,32
deepseek_v3__h100_sxm__silicon,deepseek_v3,h100_sxm,SILICON,decode,8.019,1.63576,4.902308407101286,1.63576,1.636,0.00014672079033586585,404.051,17.597,56.827,52.344,1,1,1,8.91,tp8pp2dp1etp8ep1,16,16,1,1.778,tp8pp2dp1etp8ep1,32
deepseek_v3__h100_sxm__silicon,deepseek_v3,h100_sxm,SILICON,decode,8.019,1.32112,6.069849824391425,1.32112,1.321,9.08320213153385e-05,404.051,17.693,56.519,42.276,1,1,1,8.91,tp8pp2dp1etp8ep1,13,13,1,1.436,tp8pp2dp1etp1ep8,32
deepseek_v3__h100_sxm__silicon,deepseek_v3,h100_sxm,SILICON,decode,8.019,1.76364,4.546846295162278,1.76364,1.764,0.00020412329046739467,404.051,18.356,54.478,56.436,1,1,1,8.91,tp8pp2dp1etp8ep1,18,18,1,1.917,tp8pp2dp1etp2ep4,32
deepseek_v3__h100_sxm__silicon,deepseek_v3,h100_sxm,SILICON,decode,8.019,1.7452400000000001,4.594783525475006,1.7452400000000001,1.745,0.00013751690311935205,404.051,18.553,53.899,55.848,1,1,1,8.91,tp8pp2dp1etp8ep1,18,18,1,1.897,tp8pp2dp1etp4ep2,32
deepseek_v3__h100_sxm__silicon,deepseek_v3,h100_sxm,SILICON,decode,8.019,1.7148800000000002,4.676128941966785,1.7148800000000002,1.715,6.997574174280297e-05,404.051,18.882,52.961,54.876,1,1,1,8.91,tp8pp2dp1etp8ep1,18,18,1,1.864,tp8pp2dp1etp8ep1,32
deepseek_v3__h100_sxm__silicon,deepseek_v3,h100_sxm,SILICON,decode,8.019,1.44532,5.548252290150279,1.44532,1.445,0.00022140425649674533,404.051,18.665,53.576,46.25,1,1,1,8.91,tp8pp2dp1etp8ep1,15,15,1,1.571,tp8pp2dp1etp1ep8,32
deepseek_v3__h100_sxm__silicon,deepseek_v3,h100_sxm,SILICON,decode,8.019,1.84644,4.342951842464418,1.84644,1.846,0.00023829639739173541,404.051,19.48,51.334,59.086,1,1,1,8.91,tp8pp2dp1etp8ep1,20,20,1,2.007,tp8pp2dp1etp2ep4,32
deepseek_v3__h100_sxm__silicon,deepseek_v3,h100_sxm,SILICON,decode,8.019,1.8289600000000001,4.384458927477911,1.8289600000000001,1.829,2.1870352549983573e-05,404.051,19.667,50.847,58.527,1,1,1,8.91,tp8pp2dp1etp8ep1,20,20,1,1.988,tp8pp2dp1etp4ep2,32
deepseek_v3__h100_sxm__silicon,deepseek_v3,h100_sxm,SILICON,decode,8.019,1.5023600000000001,5.337602172581804,1.5023600000000001,1.502,0.00023962299315752412,404.051,19.151,52.216,48.076,1,1,1,8.91,tp8pp2dp1etp8ep1,16,16,1,1.633,tp8pp2dp1etp1ep8,32
deepseek_v3__h100_sxm__silicon,deepseek_v3,h100_sxm,SILICON,decode,8.019,2.6358,3.0423400865012518,2.6358,2.636,7.587829122087334e-05,404.051,24.57,40.701,84.346,1,1,1,8.91,tp8pp2dp1etp8ep1,36,36,1,2.865,tp8pp2dp1etp2ep4,32
deepseek_v3__h100_sxm__silicon,deepseek_v3,h100_sxm,SILICON,decode,8.019,2.6174000000000004,3.063727363032016,2.6174000000000004,2.617,0.000152823412546955,404.051,24.74,40.42,83.757,1,1,1,8.91,tp8pp2dp1etp8ep1,36,36,1,2.845,tp8pp2dp1etp4ep2,32
deepseek_v3__h100_sxm__silicon,deepseek_v3,h100_sxm,SILICON,decode,8.019,2.36532,3.3902389528689563,2.36532,2.365,0.00013528824852446008,404.051,24.331,41.099,75.69,1,1,1,8.91,tp8pp2dp1etp8ep1,32,32,1,2.571,tp8pp2dp1etp1ep8,32
deepseek_v3__h100_sxm__silicon,deepseek_v3,h100_sxm,SILICON,decode,8.019,2.32852,3.44381839108103,2.32852,2.329,0.00020613952209989003,404.051,24.716,40.46,74.513,1,1,1,8.91,tp8pp2dp1etp8ep1,32,32,1,2.531,tp8pp2dp1etp8ep1,32
deepseek_v3__h100_sxm__silicon,deepseek_v3,h100_sxm,SILICON,decode,8.019,3.9210399999999996,2.04512068226797,3.9210399999999996,3.921,1.020137514532317e-05,404.051,29.355,34.066,125.473,1,1,1,8.91,tp8pp2dp1etp8ep1,64,64,1,4.262,tp8pp2dp1etp4ep2,32
deepseek_v3__h100_sxm__silicon,deepseek_v3,h100_sxm,SILICON,decode,8.019,3.887,2.0630306148700797,3.887,3.887,0.0,404.051,29.616,33.765,124.384,1,1,1,8.91,tp8pp2dp1etp8ep1,64,64,1,4.225,tp8pp2dp1etp2ep4,32
deepseek_v3__h100_sxm__silicon,deepseek_v3,h100_sxm,SILICON,decode,8.019,3.62112,2.21450821845175,3.62112,3.621,3.313891834567702e-05,404.051,29.802,33.555,115.876,1,1,1,8.91,tp8pp2dp1etp8ep1,60,60,1,3.936,tp8pp2dp1etp1ep8,32
deepseek_v3__h100_sxm__silicon,deepseek_v3,h100_sxm,SILICON,decode,8.019,3.39204,2.364064103017653,3.39204,3.392,1.1792313769962042e-05,404.051,29.696,33.674,108.545,1,1,1,8.91,tp8pp2dp1etp8ep1,56,56,1,3.687,tp8pp2dp1etp8ep1,32
deepseek_v3__h100_sxm__silicon,deepseek_v3,h100_sxm,SILICON,decode,8.019,4.9652400000000005,1.6150276723783743,4.9652400000000005,4.965,4.8336032095263085e-05,404.051,34.778,28.754,158.888,1,1,1,8.91,tp8pp2dp1etp8ep1,96,96,1,5.397,tp8pp2dp1etp2ep4,32
deepseek_v3__h100_sxm__silicon,deepseek_v3,h100_sxm,SILICON,decode,8.019,4.96248,1.615925908013735,4.96248,4.962,9.672583063316729e-05,404.051,34.794,28.741,158.799,1,1,1,8.91,tp8pp2dp1etp8ep1,96,96,1,5.394,tp8pp2dp1etp4ep2,32
deepseek_v3__h100_sxm__silicon,deepseek_v3,h100_sxm,SILICON,decode,8.019,4.38196,1.8300030123506374,4.38196,4.382,9.128335265354742e-06,404.051,34.479,29.004,140.223,1,1,1,8.91,tp8pp2dp1etp8ep1,84,84,1,4.763,tp8pp2dp1etp1ep8,32
deepseek_v3__h100_sxm__silicon,deepseek_v3,h100_sxm,SILICON,decode,8.019,4.35804,1.8400473607401493,4.35804,4.358,9.178438013479007e-06,404.051,34.667,28.846,139.457,1,1,1,8.91,tp8pp2dp1etp8ep1,84,84,1,4.737,tp8pp2dp1etp8ep1,32
deepseek_v3__h100_sxm__silicon,deepseek_v3,h100_sxm,SILICON,decode,8.019,4.738,1.6924862811312789,4.738,4.738,0.0,404.051,36.44,27.443,151.616,1,1,1,8.91,tp8pp2dp1etp8ep1,96,96,1,5.15,tp8pp2dp1etp8ep1,32
deepseek_v3__h100_sxm__silicon,deepseek_v3,h100_sxm,SILICON,decode,8.019,4.72972,1.6954492020669298,4.72972,4.73,5.920012178311992e-05,404.051,36.506,27.393,151.351,1,1,1,8.91,tp8pp2dp1etp8ep1,96,96,1,5.141,tp8pp2dp1etp1ep8,32
deepseek_v3__h200_sxm__analytical,deepseek_v3,h200_sxm,ANALYTICAL,decode,5.9535,0.51336,11.597124824684432,0.51336,0.513,0.000701262272089814,272.101,5.257,190.221,16.428,1,1,1,6.615,tp8pp1dp1etp1ep8,1,1,3,0.186,tp8pp1dp1etp1ep8,32
deepseek_v3__h200_sxm__analytical,deepseek_v3,h200_sxm,ANALYTICAL,decode,5.9535,0.51336,11.597124824684432,0.51336,0.513,0.000701262272089814,272.101,5.258,190.193,16.428,1,1,1,6.615,tp8pp1dp1etp1ep8,1,1,3,0.186,tp8pp1dp1etp2ep4,32
deepseek_v3__h200_sxm__analytical,deepseek_v3,h200_sxm,ANALYTICAL,decode,5.9535,0.51336,11.597124824684432,0.51336,0.513,0.000701262272089814,272.101,5.259,190.137,16.428,1,1,1,6.615,tp8pp1dp1etp1ep8,1,1,3,0.186,tp8pp1dp1etp4ep2,32
deepseek_v3__h200_sxm__analytical,deepseek_v3,h200_sxm,ANALYTICAL,decode,5.9535,0.51336,11.597124824684432,0.51336,0.513,0.000701262272089814,272.101,5.262,190.025,16.428,1,1,1,6.615,tp8pp1dp1etp1ep8,1,1,3,0.186,tp8pp1dp1etp8ep1,32
deepseek_v3__h200_sxm__analytical,deepseek_v3,h200_sxm,ANALYTICAL,decode,5.9535,0.85284,6.9807935837906285,0.85284,0.853,0.00018760846114152476,272.101,6.325,158.106,27.291,1,1,1,6.615,tp8pp1dp1etp1ep8,2,2,3,0.309,tp8pp1dp1etp1ep8,32
deepseek_v3__h200_sxm__analytical,deepseek_v3,h200_sxm,ANALYTICAL,decode,5.9535,0.85284,6.9807935837906285,0.85284,0.853,0.00018760846114152476,272.101,6.326,158.067,27.291,1,1,1,6.615,tp8pp1dp1etp1ep8,2,2,3,0.309,tp8pp1dp1etp2ep4,32
deepseek_v3__h200_sxm__analytical,deepseek_v3,h200_sxm,ANALYTICAL,decode,5.9535,0.85284,6.9807935837906285,0.85284,0.853,0.00018760846114152476,272.101,6.33,157.989,27.291,1,1,1,6.615,tp8pp1dp1etp1ep8,2,2,3,0.309,tp8pp1dp1etp4ep2,32
deepseek_v3__h200_sxm__analytical,deepseek_v3,h200_sxm,ANALYTICAL,decode,5.9535,0.85284,6.9807935837906285,0.85284,0.853,0.00018760846114152476,272.101,6.336,157.834,27.291,1,1,1,6.615,tp8pp1dp1etp1ep8,2,2,3,0.309,tp8pp1dp1etp8ep1,32
deepseek_v3__h200_sxm__analytical,deepseek_v3,h200_sxm,ANALYTICAL,decode,5.9535,1.09572,5.4334136458219255,1.09572,1.096,0.0002555397364290676,272.101,7.392,135.279,35.063,1,1,1,6.615,tp8pp1dp1etp1ep8,3,3,3,0.397,tp8pp1dp1etp1ep8,32
deepseek_v3__h200_sxm__analytical,deepseek_v3,h200_sxm,ANALYTICAL,decode,5.9535,1.09572,5.4334136458219255,1.09572,1.096,0.0002555397364290676,272.101,7.394,135.236,35.063,1,1,1,6.615,tp8pp1dp1etp1ep8,3,3,3,0.397,tp8pp1dp1etp2ep4,32
deepseek_v3__h200_sxm__analytical,deepseek_v3,h200_sxm,ANALYTICAL,decode,5.9535,1.0929600000000002,5.4471343873517775,1.0929600000000002,1.093,3.6597862684652645e-05,272.101,7.399,135.151,34.975,1,1,1,6.615,tp8pp1dp1etp1ep8,3,3,3,0.396,tp8pp1dp1etp4ep2,32
deepseek_v3__h200_sxm__analytical,deepseek_v3,h200_sxm,ANALYTICAL,decode,5.9535,1.0929600000000002,5.4471343873517775,1.0929600000000002,1.093,3.6597862684652645e-05,272.101,7.408,134.981,34.975,1,1,1,6.615,tp8pp1dp1etp1ep8,3,3,3,0.396,tp8pp1dp1etp8ep1,32
deepseek_v3__h200_sxm__analytical,deepseek_v3,h200_sxm,ANALYTICAL,decode,5.9535,1.2751200000000003,4.66897233201581,1.2751200000000003,1.275,9.41087897612319e-05,272.101,8.468,118.095,40.804,1,1,1,6.615,tp8pp1dp1etp1ep8,4,4,3,0.462,tp8pp1dp1etp1ep8,32
deepseek_v3__h200_sxm__analytical,deepseek_v3,h200_sxm,ANALYTICAL,decode,5.9535,1.2751200000000003,4.66897233201581,1.2751200000000003,1.275,9.41087897612319e-05,272.101,8.471,118.051,40.804,1,1,1,6.615,tp8pp1dp1etp1ep8,4,4,3,0.462,tp8pp1dp1etp2ep4,32
deepseek_v3__h200_sxm__analytical,deepseek_v3,h200_sxm,ANALYTICAL,decode,5.9535,1.2723600000000002,4.679100254644911,1.2723600000000002,1.272,0.00028293879090834196,272.101,8.477,117.965,40.716,1,1,1,6.615,tp8pp1dp1etp1ep8,4,4,3,0.461,tp8pp1dp1etp4ep2,32
deepseek_v3__h200_sxm__analytical,deepseek_v3,h200_sxm,ANALYTICAL,decode,5.9535,1.2723600000000002,4.679100254644911,1.2723600000000002,1.272,0.00028293879090834196,272.101,8.49,117.792,40.716,1,1,1,6.615,tp8pp1dp1etp1ep8,4,4,3,0.461,tp8pp1dp1etp8ep1,32
deepseek_v3__h200_sxm__analytical,deepseek_v3,h200_sxm,ANALYTICAL,decode,5.9535,1.4158800000000002,4.204805491990846,1.4158800000000002,1.416,8.475294516461558e-05,272.101,9.521,105.032,45.308,1,1,1,6.615,tp8pp1dp1etp1ep8,5,5,3,0.513,tp8pp1dp1etp1ep8,32
deepseek_v3__h200_sxm__analytical,deepseek_v3,h200_sxm,ANALYTICAL,decode,5.9535,1.4158800000000002,4.204805491990846,1.4158800000000002,1.416,8.475294516461558e-05,272.101,9.525,104.989,45.308,1,1,1,6.615,tp8pp1dp1etp1ep8,5,5,3,0.513,tp8pp1dp1etp2ep4,32
deepseek_v3__h200_sxm__analytical,deepseek_v3,h200_sxm,ANALYTICAL,decode,5.9535,1.4158800000000002,4.204805491990846,1.4158800000000002,1.416,8.475294516461558e-05,272.101,9.533,104.903,45.308,1,1,1,6.615,tp8pp1dp1etp1ep8,5,5,3,0.513,tp8pp1dp1etp4ep2,32
deepseek_v3__h200_sxm__analytical,deepseek_v3,h200_sxm,ANALYTICAL,decode,5.9535,1.4131200000000002,4.213018002717391,1.4131200000000002,1.413,8.491847826095448e-05,272.101,9.548,104.732,45.22,1,1,1,6.615,tp8pp1dp1etp1ep8,5,5,3,0.512,tp8pp1dp1etp8ep1,32
deepseek_v3__h200_sxm__analytical,deepseek_v3,h200_sxm,ANALYTICAL,decode,5.9535,1.5290400000000002,3.8936195259770834,1.5290400000000002,1.529,2.6160205096179332e-05,272.101,10.593,94.399,48.929,1,1,1,6.615,tp8pp1dp1etp1ep8,6,6,3,0.554,tp8pp1dp1etp1ep8,32
deepseek_v3__h200_sxm__analytical,deepseek_v3,h200_sxm,ANALYTICAL,decode,5.9535,1.5262800000000003,3.900660429279031,1.5262800000000003,1.526,0.00018345257750889744,272.101,10.598,94.358,48.841,1,1,1,6.615,tp8pp1dp1etp1ep8,6,6,3,0.553,tp8pp1dp1etp2ep4,32
deepseek_v3__h200_sxm__analytical,deepseek_v3,h200_sxm,ANALYTICAL,decode,5.9535,1.5262800000000003,3.900660429279031,1.5262800000000003,1.526,0.00018345257750889744,272.101,10.607,94.275,48.841,1,1,1,6.615,tp8pp1dp1etp1ep8,6,6,3,0.553,tp8pp1dp1etp4ep2,32
deepseek_v3__h200_sxm__analytical,deepseek_v3,h200_sxm,ANALYTICAL,decode,5.9535,1.5235200000000002,3.9077268431001886,1.5235200000000002,1.524,0.0003150598613735388,272.101,10.626,94.109,48.753,1,1,1,6.615,tp8pp1dp1etp1ep8,6,6,3,0.552,tp8pp1dp1etp8ep1,32
deepseek_v3__h200_sxm__analytical,deepseek_v3,h200_sxm,ANALYTICAL,decode,5.9535,1.62012,3.674727797940893,1.62012,1.62,7.406858751197316e-05,272.101,11.666,85.722,51.844,1,1,1,6.615,tp8pp1dp1etp1ep8,7,7,3,0.587,tp8pp1dp1etp1ep8,32
deepseek_v3__h200_sxm__analytical,deepseek_v3,h200_sxm,ANALYTICAL,decode,5.9535,1.6173600000000001,3.6809986644902803,1.6173600000000001,1.617,0.00022258495325724512,272.101,11.671,85.682,51.756,1,1,1,6.615,tp8pp1dp1etp1ep8,7,7,3,0.586,tp8pp1dp1etp2ep4,32
deepseek_v3__h200_sxm__analytical,deepseek_v3,h200_sxm,ANALYTICAL,decode,5.9535,1.6173600000000001,3.6809986644902803,1.6173600000000001,1.617,0.00022258495325724512,272.101,11.682,85.602,51.756,1,1,1,6.615,tp8pp1dp1etp1ep8,7,7,3,0.586,tp8pp1dp1etp4ep2,32
deepseek_v3__h200_sxm__analytical,deepseek_v3,h200_sxm,ANALYTICAL,decode,5.9535,1.6146,3.6872909698996654,1.6146,1.615,0.00024773937817413347,272.101,11.704,85.443,51.667,1,1,1,6.615,tp8pp1dp1etp1ep8,7,7,3,0.585,tp8pp1dp1etp8ep1,32
deepseek_v3__h200_sxm__analytical,deepseek_v3,h200_sxm,ANALYTICAL,decode,5.9535,1.6946400000000001,3.513135533210593,1.6946400000000001,1.695,0.0002124344993626469,272.101,12.738,78.505,54.228,1,1,1,6.615,tp8pp1dp1etp1ep8,8,8,3,0.614,tp8pp1dp1etp1ep8,32
deepseek_v3__h200_sxm__analytical,deepseek_v3,h200_sxm,ANALYTICAL,decode,5.9535,1.6946400000000001,3.513135533210593,1.6946400000000001,1.695,0.0002124344993626469,272.101,12.744,78.467,54.228,1,1,1,6.615,tp8pp1dp1etp1ep8,8,8,3,0.614,tp8pp1dp1etp2ep4,32
deepseek_v3__h200_sxm__analytical,deepseek_v3,h200_sxm,ANALYTICAL,decode,5.9535,1.69188,3.518866586282715,1.69188,1.692,7.092701610037234e-05,272.101,12.757,78.39,54.14,1,1,1,6.615,tp8pp1dp1etp1ep8,8,8,3,0.613,tp8pp1dp1etp4ep2,32
deepseek_v3__h200_sxm__analytical,deepseek_v3,h200_sxm,ANALYTICAL,decode,5.9535,1.68912,3.5246163682864453,1.68912,1.689,7.104290991752982e-05,272.101,12.782,78.238,54.052,1,1,1,6.615,tp8pp1dp1etp1ep8,8,8,3,0.612,tp8pp1dp1etp8ep1,32
deepseek_v3__h200_sxm__analytical,deepseek_v3,h200_sxm,ANALYTICAL,decode,5.9535,1.7581200000000001,3.38628762541806,1.7581200000000001,1.758,6.825472663988806e-05,272.101,13.817,72.373,56.26,1,1,1,6.615,tp8pp1dp1etp1ep8,9,9,3,0.637,tp8pp1dp1etp2ep4,32
deepseek_v3__h200_sxm__analytical,deepseek_v3,h200_sxm,ANALYTICAL,decode,5.9535,1.7581200000000001,3.38628762541806,1.7581200000000001,1.758,6.825472663988806e-05,272.101,13.81,72.41,56.26,1,1,1,6.615,tp8pp1dp1etp1ep8,9,9,3,0.637,tp8pp1dp1etp1ep8,32
deepseek_v3__h200_sxm__analytical,deepseek_v3,h200_sxm,ANALYTICAL,decode,5.9535,1.75536,3.3916119770303528,1.75536,1.755,0.00020508613617727304,272.101,13.831,72.3,56.172,1,1,1,6.615,tp8pp1dp1etp1ep8,9,9,3,0.636,tp8pp1dp1etp4ep2,32
deepseek_v3__h200_sxm__analytical,deepseek_v3,h200_sxm,ANALYTICAL,decode,5.9535,1.7526000000000002,3.396953098254022,1.7526000000000002,1.753,0.0002282323405225002,272.101,13.859,72.154,56.083,1,1,1,6.615,tp8pp1dp1etp1ep8,9,9,3,0.635,tp8pp1dp1etp8ep1,32
deepseek_v3__h200_sxm__analytical,deepseek_v3,h200_sxm,ANALYTICAL,decode,11.4921,1.55388,7.395744845161789,1.55388,1.554,7.72260406209746e-05,1127.732,13.888,72.006,49.724,1,8,1,12.769,tp1pp1dp8etp1ep8,1,8,3,0.563,tp1pp1dp8etp2ep4,32
deepseek_v3__h200_sxm__analytical,deepseek_v3,h200_sxm,ANALYTICAL,decode,5.9535,1.8133200000000003,3.283204288266825,1.8133200000000003,1.813,0.00017647188582286632,272.101,14.883,67.192,58.026,1,1,1,6.615,tp8pp1dp1etp1ep8,10,10,3,0.657,tp8pp1dp1etp1ep8,32
deepseek_v3__h200_sxm__analytical,deepseek_v3,h200_sxm,ANALYTICAL,decode,5.9535,1.81056,3.288209172852598,1.81056,1.811,0.00024301873453516922,272.101,14.89,67.157,57.938,1,1,1,6.615,tp8pp1dp1etp1ep8,10,10,3,0.656,tp8pp1dp1etp2ep4,32
deepseek_v3__h200_sxm__analytical,deepseek_v3,h200_sxm,ANALYTICAL,decode,5.9535,1.81056,3.288209172852598,1.81056,1.811,0.00024301873453516922,272.101,14.906,67.087,57.938,1,1,1,6.615,tp8pp1dp1etp1ep8,10,10,3,0.656,tp8pp1dp1etp4ep2,32
deepseek_v3__h200_sxm__analytical,deepseek_v3,h200_sxm,ANALYTICAL,decode,5.9535,1.8050400000000002,3.2982648583964895,1.8050400000000002,1.805,2.216017373590726e-05,272.101,14.937,66.947,57.761,1,1,1,6.615,tp8pp1dp1etp1ep8,10,10,3,0.654,tp8pp1dp1etp8ep1,32
deepseek_v3__h200_sxm__analytical,deepseek_v3,h200_sxm,ANALYTICAL,decode,5.9535,1.8602400000000003,3.2003934976132107,1.8602400000000003,1.86,0.00012901561088904655,272.101,15.964,62.643,59.528,1,1,1,6.615,tp8pp1dp1etp1ep8,11,11,3,0.674,tp8pp1dp1etp2ep4,32
deepseek_v3__h200_sxm__analytical,deepseek_v3,h200_sxm,ANALYTICAL,decode,5.9535,1.8602400000000003,3.2003934976132107,1.8602400000000003,1.86,0.00012901561088904655,272.101,15.955,62.676,59.528,1,1,1,6.615,tp8pp1dp1etp1ep8,11,11,3,0.674,tp8pp1dp1etp1ep8,32
deepseek_v3__h200_sxm__analytical,deepseek_v3,h200_sxm,ANALYTICAL,decode,5.9535,1.8574800000000002,3.2051489114283864,1.8574800000000002,1.857,0.0002584146262679856,272.101,15.981,62.576,59.439,1,1,1,6.615,tp8pp1dp1etp1ep8,11,11,3,0.673,tp8pp1dp1etp4ep2,32
deepseek_v3__h200_sxm__analytical,deepseek_v3,h200_sxm,ANALYTICAL,decode,5.9535,1.85196,3.214702261387935,1.85196,1.852,2.1598738633685393e-05,272.101,16.015,62.442,59.263,1,1,1,6.615,tp8pp1dp1etp1ep8,11,11,3,0.671,tp8pp1dp1etp8ep1,32
deepseek_v3__h200_sxm__analytical,deepseek_v3,h200_sxm,ANALYTICAL,decode,5.9535,1.9016399999999998,3.130718748028018,1.9016399999999998,1.902,0.00018931027954825205,272.101,17.037,58.697,60.852,1,1,1,6.615,tp8pp1dp1etp1ep8,12,12,3,0.689,tp8pp1dp1etp2ep4,32
deepseek_v3__h200_sxm__analytical,deepseek_v3,h200_sxm,ANALYTICAL,decode,5.9535,1.9016399999999998,3.130718748028018,1.9016399999999998,1.902,0.00018931027954825205,272.101,17.027,58.729,60.852,1,1,1,6.615,tp8pp1dp1etp1ep8,12,12,3,0.689,tp8pp1dp1etp1ep8,32
deepseek_v3__h200_sxm__analytical,deepseek_v3,h200_sxm,ANALYTICAL,decode,5.9535,1.8988800000000001,3.13526921132457,1.8988800000000001,1.899,6.319514661268641e-05,272.101,17.055,58.633,60.764,1,1,1,6.615,tp8pp1dp1etp1ep8,12,12,3,0.688,tp8pp1dp1etp4ep2,32
deepseek_v3__h200_sxm__analytical,deepseek_v3,h200_sxm,ANALYTICAL,decode,5.9535,1.8933600000000004,3.1444099378881982,1.8933600000000004,1.893,0.00019013816706825958,272.101,17.093,58.505,60.588,1,1,1,6.615,tp8pp1dp1etp1ep8,12,12,3,0.686,tp8pp1dp1etp8ep1,32
deepseek_v3__h200_sxm__analytical,deepseek_v3,h200_sxm,ANALYTICAL,decode,5.9535,1.93752,3.0727424749163883,1.93752,1.938,0.00024773937817417933,272.101,18.11,55.219,62.001,1,1,1,6.615,tp8pp1dp1etp1ep8,13,13,3,0.702,tp8pp1dp1etp2ep4,32
deepseek_v3__h200_sxm__analytical,deepseek_v3,h200_sxm,ANALYTICAL,decode,5.9535,1.93752,3.0727424749163883,1.93752,1.938,0.00024773937817417933,272.101,18.1,55.25,62.001,1,1,1,6.615,tp8pp1dp1etp1ep8,13,13,3,0.702,tp8pp1dp1etp1ep8,32
deepseek_v3__h200_sxm__analytical,deepseek_v3,h200_sxm,ANALYTICAL,decode,5.9535,1.9347599999999998,3.077125845066055,1.9347599999999998,1.935,0.00012404639335123738,272.101,18.13,55.157,61.912,1,1,1,6.615,tp8pp1dp1etp1ep8,13,13,3,0.701,tp8pp1dp1etp4ep2,32
deepseek_v3__h200_sxm__analytical,deepseek_v3,h200_sxm,ANALYTICAL,decode,5.9535,1.92924,3.085930210860235,1.92924,1.929,0.00012440131865398704,272.101,18.17,55.035,61.736,1,1,1,6.615,tp8pp1dp1etp1ep8,13,13,3,0.699,tp8pp1dp1etp8ep1,32
deepseek_v3__h200_sxm__analytical,deepseek_v3,h200_sxm,ANALYTICAL,decode,5.9535,1.97064,3.0210997442455243,1.97064,1.971,0.00018268176835958776,272.101,19.172,52.159,63.06,1,1,1,6.615,tp8pp1dp1etp1ep8,14,14,3,0.714,tp8pp1dp1etp1ep8,32
deepseek_v3__h200_sxm__analytical,deepseek_v3,h200_sxm,ANALYTICAL,decode,5.9535,1.9678799999999999,3.025336910787243,1.9678799999999999,1.968,6.0979328007866345e-05,272.101,19.183,52.13,62.972,1,1,1,6.615,tp8pp1dp1etp1ep8,14,14,3,0.713,tp8pp1dp1etp2ep4,32
deepseek_v3__h200_sxm__analytical,deepseek_v3,h200_sxm,ANALYTICAL,decode,5.9535,1.9678799999999999,3.025336910787243,1.9678799999999999,1.968,6.0979328007866345e-05,272.101,19.205,52.071,62.972,1,1,1,6.615,tp8pp1dp1etp1ep8,14,14,3,0.713,tp8pp1dp1etp4ep2,32
deepseek_v3__h200_sxm__analytical,deepseek_v3,h200_sxm,ANALYTICAL,decode,5.9535,1.96236,3.0338470005503577,1.96236,1.962,0.0001834525775087843,272.101,19.248,51.953,62.796,1,1,1,6.615,tp8pp1dp1etp1ep8,14,14,3,0.711,tp8pp1dp1etp8ep1,32
deepseek_v3__h200_sxm__analytical,deepseek_v3,h200_sxm,ANALYTICAL,prefill,11.4921,12.11088,0.9489070984106853,11.4921,11.492,8.701629815244118e-06,1127.732,24.953,40.075,367.747,1,8,1,12.769,tp1pp1dp8etp1ep8,14,112,3,4.388,tp1pp1dp8etp1ep8,32
deepseek_v3__h200_sxm__analytical,deepseek_v3,h200_sxm,ANALYTICAL,decode,11.4921,11.329800000000002,1.014325054281629,11.329800000000002,11.33,1.7652562269215474e-05,1127.732,24.766,40.378,362.554,1,8,1,12.769,tp1pp1dp8etp1ep8,13,104,3,4.105,tp1pp1dp8etp2ep4,32
deepseek_v3__h200_sxm__analytical,deepseek_v3,h200_sxm,ANALYTICAL,decode,11.4921,11.255280000000003,1.0210407915218456,11.255280000000003,11.255,2.4877213183664402e-05,1127.732,24.928,40.116,360.169,1,8,1,12.769,tp1pp1dp8etp1ep8,13,104,3,4.078,tp1pp1dp8etp4ep2,32
deepseek_v3__h200_sxm__analytical,deepseek_v3,h200_sxm,ANALYTICAL,decode,11.4921,10.38588,1.1065119181041954,10.38588,10.386,1.1554148516929696e-05,1127.732,24.94,40.096,332.348,1,8,1,12.769,tp1pp1dp8etp1ep8,12,96,3,3.763,tp1pp1dp8etp8ep1,32
deepseek_v3__h200_sxm__analytical,deepseek_v3,h200_sxm,ANALYTICAL,decode,5.9535,4.79412,1.2418337463392655,4.79412,4.794,2.5030662561801985e-05,272.101,24.767,40.377,153.412,1,1,1,6.615,tp8pp1dp1etp1ep8,44,44,3,1.737,tp8pp1dp1etp1ep8,32
deepseek_v3__h200_sxm__analytical,deepseek_v3,h200_sxm,ANALYTICAL,decode,11.4921,7.733520000000001,1.4860115445489246,7.733520000000001,7.734,6.206746733682768e-05,1127.732,29.769,33.592,494.945,1,8,1,12.769,tp1pp1dp8etp1ep8,32,256,1,8.406,tp1pp1dp8etp1ep8,16
deepseek_v3__h200_sxm__analytical,deepseek_v3,h200_sxm,ANALYTICAL,decode,11.4921,7.682,1.4959776099973965,7.682,7.682,0.0,1127.732,29.968,33.369,491.648,1,8,1,12.769,tp1pp1dp8etp1ep8,32,256,1,8.35,tp1pp1dp8etp2ep4,16
deepseek_v3__h200_sxm__analytical,deepseek_v3,h200_sxm,ANALYTICAL,prefill,11.4921,14.48816,0.7932063146734989,11.4921,11.492,8.701629815244118e-06,1127.732,29.794,33.564,490.33,1,8,1,12.769,tp1pp1dp8etp1ep8,30,240,2,7.874,tp1pp1dp8etp4ep2,24
deepseek_v3__h200_sxm__analytical,deepseek_v3,h200_sxm,ANALYTICAL,prefill,11.4921,13.46696,0.8533551744417449,11.4921,11.492,8.701629815244118e-06,1127.732,29.918,33.424,490.33,1,8,1,12.769,tp1pp1dp8etp1ep8,28,224,2,7.319,tp1pp1dp8etp8ep1,24
deepseek_v3__h200_sxm__analytical,deepseek_v3,h200_sxm,ANALYTICAL,decode,5.9535,5.089440000000001,1.1697750636612279,5.089440000000001,5.089,8.645351944422528e-05,272.101,29.691,33.68,217.149,1,1,1,6.615,tp8pp1dp1etp1ep8,84,84,2,2.766,tp8pp1dp1etp1ep8,24
deepseek_v3__h200_sxm__analytical,deepseek_v3,h200_sxm,ANALYTICAL,decode,11.4921,10.14208,1.1331107622893923,10.14208,10.142,7.887928314559154e-06,1127.732,34.05,29.369,649.093,1,8,1,12.769,tp1pp1dp8etp1ep8,48,384,1,11.024,tp1pp1dp8etp1ep8,16
deepseek_v3__h200_sxm__analytical,deepseek_v3,h200_sxm,ANALYTICAL,decode,11.4921,10.05376,1.1430648831879815,10.05376,10.054,2.3871665923972316e-05,1127.732,34.348,29.114,643.441,1,8,1,12.769,tp1pp1dp8etp1ep8,48,384,1,10.928,tp1pp1dp8etp2ep4,16
deepseek_v3__h200_sxm__analytical,deepseek_v3,h200_sxm,ANALYTICAL,decode,11.4921,9.882640000000002,1.1628572931929118,9.882640000000002,9.883,3.6427513295741755e-05,1127.732,34.945,28.616,632.489,1,8,1,12.769,tp1pp1dp8etp1ep8,48,384,1,10.742,tp1pp1dp8etp4ep2,16
deepseek_v3__h200_sxm__analytical,deepseek_v3,h200_sxm,ANALYTICAL,decode,11.4921,9.0712,1.2668775906164567,9.0712,9.071,2.2047799629545583e-05,1127.732,34.896,28.657,580.557,1,8,1,12.769,tp1pp1dp8etp1ep8,44,352,1,9.86,tp1pp1dp8etp8ep1,16
deepseek_v3__h200_sxm__analytical,deepseek_v3,h200_sxm,ANALYTICAL,prefill,5.9535,6.438160000000001,0.9247207276613193,5.9535,5.954,8.398421096829141e-05,272.101,34.645,28.864,254.016,1,1,1,6.615,tp8pp1dp1etp1ep8,124,124,2,3.499,tp8pp1dp1etp1ep8,24
deepseek_v3__h200_sxm__analytical,deepseek_v3,h200_sxm,ANALYTICAL,prefill,11.4921,12.41724,0.9254955207437402,11.4921,11.492,8.701629815244118e-06,1127.732,39.399,25.381,735.494,1,8,1,12.769,tp1pp1dp8etp1ep8,68,544,1,13.497,tp1pp1dp8etp1ep8,16
deepseek_v3__h200_sxm__analytical,deepseek_v3,h200_sxm,ANALYTICAL,prefill,11.4921,12.28568,0.9354060988077177,11.4921,11.492,8.701629815244118e-06,1127.732,39.822,25.112,735.494,1,8,1,12.769,tp1pp1dp8etp1ep8,68,544,1,13.354,tp1pp1dp8etp2ep4,16
deepseek_v3__h200_sxm__analytical,deepseek_v3,h200_sxm,ANALYTICAL,prefill,11.4921,11.64996,0.9864497388832236,11.4921,11.492,8.701629815244118e-06,1127.732,39.524,25.301,735.494,1,8,1,12.769,tp1pp1dp8etp1ep8,64,512,1,12.663,tp1pp1dp8etp4ep2,16
deepseek_v3__h200_sxm__analytical,deepseek_v3,h200_sxm,ANALYTICAL,decode,11.4921,10.82656,1.0614728962846924,10.82656,10.827,4.064079449052421e-05,1127.732,39.872,25.08,692.9,1,8,1,12.769,tp1pp1dp8etp1ep8,60,480,1,11.768,tp1pp1dp8etp8ep1,16
deepseek_v3__h200_sxm__analytical,deepseek_v3,h200_sxm,ANALYTICAL,prefill,5.9535,7.1668,0.8307054752469721,5.9535,5.954,8.398421096829141e-05,272.101,38.151,26.211,254.016,1,1,1,6.615,tp8pp1dp1etp1ep8,152,152,2,3.895,tp8pp1dp1etp1ep8,24
deepseek_v3__h200_sxm__analytical,deepseek_v3,h200_sxm,ANALYTICAL,prefill,11.4921,14.14868,0.812238314810993,11.4921,11.492,8.701629815244118e-06,1127.732,44.748,22.347,735.494,1,8,1,12.769,tp1pp1dp8etp1ep8,88,704,1,15.379,tp1pp1dp8etp1ep8,16
deepseek_v3__h200_sxm__analytical,deepseek_v3,h200_sxm,ANALYTICAL,prefill,11.4921,13.672120000000001,0.8405499659160394,11.4921,11.492,8.701629815244118e-06,1127.732,44.201,22.624,735.494,1,8,1,12.769,tp1pp1dp8etp1ep8,84,672,1,14.861,tp1pp1dp8etp2ep4,16
deepseek_v3__h200_sxm__analytical,deepseek_v3,h200_sxm,ANALYTICAL,prefill,11.4921,13.051120000000001,0.8805451179668872,11.4921,11.492,8.701629815244118e-06,1127.732,44.102,22.675,735.494,1,8,1,12.769,tp1pp1dp8etp1ep8,80,640,1,14.186,tp1pp1dp8etp4ep2,16
deepseek_v3__h200_sxm__analytical,deepseek_v3,h200_sxm,ANALYTICAL,prefill,11.4921,12.191840000000001,0.9426058740928358,11.4921,11.492,8.701629815244118e-06,1127.732,44.849,22.297,735.494,1,8,1,12.769,tp1pp1dp8etp1ep8,76,608,1,13.252,tp1pp1dp8etp8ep1,16
deepseek_v3__h200_sxm__analytical,deepseek_v3,h200_sxm,ANALYTICAL,prefill,11.4921,15.25176,0.7534933673228532,11.4921,11.492,8.701629815244118e-06,1127.732,49.057,20.384,735.494,1,8,1,12.769,tp1pp1dp8etp1ep8,104,832,1,16.578,tp1pp1dp8etp1ep8,16
deepseek_v3__h200_sxm__analytical,deepseek_v3,h200_sxm,ANALYTICAL,prefill,11.4921,15.05396,0.7633938179721482,11.4921,11.492,8.701629815244118e-06,1127.732,49.704,20.119,735.494,1,8,1,12.769,tp1pp1dp8etp1ep8,104,832,1,16.363,tp1pp1dp8etp2ep4,16
deepseek_v3__h200_sxm__analytical,deepseek_v3,h200_sxm,ANALYTICAL,prefill,11.4921,14.438480000000002,0.7959355832469899,11.4921,11.492,8.701629815244118e-06,1127.732,49.83,20.068,735.494,1,8,1,12.769,tp1pp1dp8etp1ep8,100,800,1,15.694,tp1pp1dp8etp4ep2,16
deepseek_v3__h200_sxm__analytical,deepseek_v3,h200_sxm,ANALYTICAL,prefill,11.4921,13.2848,0.8650563049500181,11.4921,11.492,8.701629815244118e-06,1127.732,49.824,20.071,735.494,1,8,1,12.769,tp1pp1dp8etp1ep8,92,736,1,14.44,tp1pp1dp8etp8ep1,16
deepseek_v3__h200_sxm__analytical,deepseek_v3,h200_sxm,ANALYTICAL,prefill,11.4921,15.93992,0.7209634678216704,11.4921,11.492,8.701629815244118e-06,1127.732,52.356,19.1,735.494,1,8,1,12.769,tp1pp1dp8etp1ep8,116,928,1,17.326,tp1pp1dp8etp1ep8,16
deepseek_v3__h200_sxm__analytical,deepseek_v3,h200_sxm,ANALYTICAL,prefill,11.4921,15.723720000000002,0.730876662774458,11.4921,11.492,8.701629815244118e-06,1127.732,53.078,18.84,735.494,1,8,1,12.769,tp1pp1dp8etp1ep8,116,928,1,17.091,tp1pp1dp8etp2ep4,16
deepseek_v3__h200_sxm__analytical,deepseek_v3,h200_sxm,ANALYTICAL,prefill,11.4921,15.306960000000002,0.7507761175308486,11.4921,11.492,8.701629815244118e-06,1127.732,54.521,18.341,735.494,1,8,1,12.769,tp1pp1dp8etp1ep8,116,928,1,16.638,tp1pp1dp8etp4ep2,16
deepseek_v3__h200_sxm__analytical,deepseek_v3,h200_sxm,ANALYTICAL,prefill,11.4921,14.164320000000002,0.8113414551492765,11.4921,11.492,8.701629815244118e-06,1127.732,54.858,18.229,735.494,1,8,1,12.769,tp1pp1dp8etp1ep8,108,864,1,15.396,tp1pp1dp8etp8ep1,16
deepseek_v3__h200_sxm__analytical,deepseek_v3,h200_sxm,ANALYTICAL,prefill,11.4921,14.537840000000001,0.7904956994986876,11.4921,11.492,8.701629815244118e-06,1127.732,57.408,17.419,735.494,1,8,1,12.769,tp1pp1dp8etp1ep8,116,928,1,15.802,tp1pp1dp8etp8ep1,16
deepseek_v3__h200_sxm__empirical,deepseek_v3,h200_sxm,EMPIRICAL,decode,7.331400000000001,1.09848,6.674131527201225,1.09848,1.098,0.0004369674459251092,220.964,2.453,407.592,35.151,1,1,1,8.146,tp8pp1dp1etp1ep8,1,1,3,0.398,tp8pp1dp1etp1ep8,32
deepseek_v3__h200_sxm__empirical,deepseek_v3,h200_sxm,EMPIRICAL,decode,7.331400000000001,1.09848,6.674131527201225,1.09848,1.098,0.0004369674459251092,220.964,2.454,407.502,35.151,1,1,1,8.146,tp8pp1dp1etp1ep8,1,1,3,0.398,tp8pp1dp1etp2ep4,32
deepseek_v3__h200_sxm__empirical,deepseek_v3,h200_sxm,EMPIRICAL,decode,7.331400000000001,1.09848,6.674131527201225,1.09848,1.098,0.0004369674459251092,220.964,2.455,407.323,35.151,1,1,1,8.146,tp8pp1dp1etp1ep8,1,1,3,0.398,tp8pp1dp1etp4ep2,32
deepseek_v3__h200_sxm__empirical,deepseek_v3,h200_sxm,EMPIRICAL,decode,7.331400000000001,1.09848,6.674131527201225,1.09848,1.098,0.0004369674459251092,220.964,2.457,406.965,35.151,1,1,1,8.146,tp8pp1dp1etp1ep8,1,1,3,0.398,tp8pp1dp1etp8ep1,32
deepseek_v3__h200_sxm__empirical,deepseek_v3,h200_sxm,EMPIRICAL,decode,7.331400000000001,1.2723600000000002,5.762048476846176,1.2723600000000002,1.272,0.00028293879090834196,220.964,4.243,235.667,40.716,1,1,1,8.146,tp8pp1dp1etp1ep8,2,2,3,0.461,tp8pp1dp1etp1ep8,32
deepseek_v3__h200_sxm__empirical,deepseek_v3,h200_sxm,EMPIRICAL,decode,7.331400000000001,1.2723600000000002,5.762048476846176,1.2723600000000002,1.272,0.00028293879090834196,220.964,4.244,235.607,40.716,1,1,1,8.146,tp8pp1dp1etp1ep8,2,2,3,0.461,tp8pp1dp1etp2ep4,32
deepseek_v3__h200_sxm__empirical,deepseek_v3,h200_sxm,EMPIRICAL,decode,7.331400000000001,1.2696,5.774574669187146,1.2696,1.27,0.00031505986137362626,220.964,4.247,235.487,40.627,1,1,1,8.146,tp8pp1dp1etp1ep8,2,2,3,0.46,tp8pp1dp1etp4ep2,32
deepseek_v3__h200_sxm__empirical,deepseek_v3,h200_sxm,EMPIRICAL,decode,7.331400000000001,1.2696,5.774574669187146,1.2696,1.27,0.00031505986137362626,220.964,4.251,235.247,40.627,1,1,1,8.146,tp8pp1dp1etp1ep8,2,2,3,0.46,tp8pp1dp1etp8ep1,32
deepseek_v3__h200_sxm__empirical,deepseek_v3,h200_sxm,EMPIRICAL,decode,7.331400000000001,1.34136,5.465646806226517,1.34136,1.341,0.0002683843263554437,220.964,6.033,165.752,42.924,1,1,1,8.146,tp8pp1dp1etp1ep8,3,3,3,0.486,tp8pp1dp1etp1ep8,32
deepseek_v3__h200_sxm__empirical,deepseek_v3,h200_sxm,EMPIRICAL,decode,7.331400000000001,1.34136,5.465646806226517,1.34136,1.341,0.0002683843263554437,220.964,6.035,165.707,42.924,1,1,1,8.146,tp8pp1dp1etp1ep8,3,3,3,0.486,tp8pp1dp1etp2ep4,32
deepseek_v3__h200_sxm__empirical,deepseek_v3,h200_sxm,EMPIRICAL,decode,7.331400000000001,1.34136,5.465646806226517,1.34136,1.341,0.0002683843263554437,220.964,6.038,165.618,42.924,1,1,1,8.146,tp8pp1dp1etp1ep8,3,3,3,0.486,tp8pp1dp1etp4ep2,32
deepseek_v3__h200_sxm__empirical,deepseek_v3,h200_sxm,EMPIRICAL,decode,7.331400000000001,1.3386000000000002,5.476916181084715,1.3386000000000002,1.339,0.0002988196623335827,220.964,6.044,165.44,42.835,1,1,1,8.146,tp8pp1dp1etp1ep8,3,3,3,0.485,tp8pp1dp1etp8ep1,32
deepseek_v3__h200_sxm__empirical,deepseek_v3,h200_sxm,EMPIRICAL,decode,7.331400000000001,1.3800000000000001,5.312608695652174,1.3800000000000001,1.38,1.6090188762683426e-16,220.964,7.823,127.829,44.16,1,1,1,8.146,tp8pp1dp1etp1ep8,4,4,3,0.5,tp8pp1dp1etp1ep8,32
deepseek_v3__h200_sxm__empirical,deepseek_v3,h200_sxm,EMPIRICAL,decode,7.331400000000001,1.3800000000000001,5.312608695652174,1.3800000000000001,1.38,1.6090188762683426e-16,220.964,7.825,127.793,44.16,1,1,1,8.146,tp8pp1dp1etp1ep8,4,4,3,0.5,tp8pp1dp1etp2ep4,32
deepseek_v3__h200_sxm__empirical,deepseek_v3,h200_sxm,EMPIRICAL,decode,7.331400000000001,1.37724,5.323255206064303,1.37724,1.377,0.0001742615666114969,220.964,7.829,127.723,44.072,1,1,1,8.146,tp8pp1dp1etp1ep8,4,4,3,0.499,tp8pp1dp1etp4ep2,32
deepseek_v3__h200_sxm__empirical,deepseek_v3,h200_sxm,EMPIRICAL,decode,7.331400000000001,1.37724,5.323255206064303,1.37724,1.377,0.0001742615666114969,220.964,7.838,127.582,44.072,1,1,1,8.146,tp8pp1dp1etp1ep8,4,4,3,0.499,tp8pp1dp1etp8ep1,32
deepseek_v3__h200_sxm__empirical,deepseek_v3,h200_sxm,EMPIRICAL,decode,7.331400000000001,1.40208,5.228945566586786,1.40208,1.402,5.705808513072008e-05,220.964,9.613,104.028,44.867,1,1,1,8.146,tp8pp1dp1etp1ep8,5,5,3,0.508,tp8pp1dp1etp1ep8,32
deepseek_v3__h200_sxm__empirical,deepseek_v3,h200_sxm,EMPIRICAL,decode,7.331400000000001,1.40208,5.228945566586786,1.40208,1.402,5.705808513072008e-05,220.964,9.616,103.999,44.867,1,1,1,8.146,tp8pp1dp1etp1ep8,5,5,3,0.508,tp8pp1dp1etp2ep4,32
deepseek_v3__h200_sxm__empirical,deepseek_v3,h200_sxm,EMPIRICAL,decode,7.331400000000001,1.40208,5.228945566586786,1.40208,1.402,5.705808513072008e-05,220.964,9.621,103.94,44.867,1,1,1,8.146,tp8pp1dp1etp1ep8,5,5,3,0.508,tp8pp1dp1etp4ep2,32
deepseek_v3__h200_sxm__empirical,deepseek_v3,h200_sxm,EMPIRICAL,decode,7.331400000000001,1.39932,5.239259068690508,1.39932,1.399,0.00022868250292990594,220.964,9.632,103.824,44.778,1,1,1,8.146,tp8pp1dp1etp1ep8,5,5,3,0.507,tp8pp1dp1etp8ep1,32
deepseek_v3__h200_sxm__empirical,deepseek_v3,h200_sxm,EMPIRICAL,decode,7.331400000000001,1.4186400000000001,5.167907291490442,1.4186400000000001,1.419,0.0002537641684993486,220.964,11.403,87.699,45.396,1,1,1,8.146,tp8pp1dp1etp1ep8,6,6,3,0.514,tp8pp1dp1etp1ep8,32
deepseek_v3__h200_sxm__empirical,deepseek_v3,h200_sxm,EMPIRICAL,decode,7.331400000000001,1.4186400000000001,5.167907291490442,1.4186400000000001,1.419,0.0002537641684993486,220.964,11.406,87.674,45.396,1,1,1,8.146,tp8pp1dp1etp1ep8,6,6,3,0.514,tp8pp1dp1etp2ep4,32
deepseek_v3__h200_sxm__empirical,deepseek_v3,h200_sxm,EMPIRICAL,decode,7.331400000000001,1.4186400000000001,5.167907291490442,1.4186400000000001,1.419,0.0002537641684993486,220.964,11.412,87.624,45.396,1,1,1,8.146,tp8pp1dp1etp1ep8,6,6,3,0.514,tp8pp1dp1etp4ep2,32
deepseek_v3__h200_sxm__empirical,deepseek_v3,h200_sxm,EMPIRICAL,decode,7.331400000000001,1.4158800000000002,5.177981184846173,1.4158800000000002,1.416,8.475294516461558e-05,220.964,11.425,87.525,45.308,1,1,1,8.146,tp8pp1dp1etp1ep8,6,6,3,0.513,tp8pp1dp1etp8ep1,32
deepseek_v3__h200_sxm__empirical,deepseek_v3,h200_sxm,EMPIRICAL,decode,7.331400000000001,1.43244,5.118120130686103,1.43244,1.432,0.0003071681885454162,220.964,13.192,75.801,45.838,1,1,1,8.146,tp8pp1dp1etp1ep8,7,7,3,0.519,tp8pp1dp1etp1ep8,32
deepseek_v3__h200_sxm__empirical,deepseek_v3,h200_sxm,EMPIRICAL,decode,7.331400000000001,1.43244,5.118120130686103,1.43244,1.432,0.0003071681885454162,220.964,13.196,75.779,45.838,1,1,1,8.146,tp8pp1dp1etp1ep8,7,7,3,0.519,tp8pp1dp1etp2ep4,32
deepseek_v3__h200_sxm__empirical,deepseek_v3,h200_sxm,EMPIRICAL,decode,7.331400000000001,1.42968,5.128000671478933,1.42968,1.43,0.00022382631078274572,220.964,13.204,75.735,45.75,1,1,1,8.146,tp8pp1dp1etp1ep8,7,7,3,0.518,tp8pp1dp1etp4ep2,32
deepseek_v3__h200_sxm__empirical,deepseek_v3,h200_sxm,EMPIRICAL,decode,7.331400000000001,1.42968,5.128000671478933,1.42968,1.43,0.00022382631078274572,220.964,13.219,75.649,45.75,1,1,1,8.146,tp8pp1dp1etp1ep8,7,7,3,0.518,tp8pp1dp1etp8ep1,32
deepseek_v3__h200_sxm__empirical,deepseek_v3,h200_sxm,EMPIRICAL,decode,7.331400000000001,1.4407200000000002,5.088705647176412,1.4407200000000002,1.441,0.00019434727080892603,220.964,14.982,66.745,46.103,1,1,1,8.146,tp8pp1dp1etp1ep8,8,8,3,0.522,tp8pp1dp1etp1ep8,32
deepseek_v3__h200_sxm__empirical,deepseek_v3,h200_sxm,EMPIRICAL,decode,7.331400000000001,1.4407200000000002,5.088705647176412,1.4407200000000002,1.441,0.00019434727080892603,220.964,14.987,66.726,46.103,1,1,1,8.146,tp8pp1dp1etp1ep8,8,8,3,0.522,tp8pp1dp1etp2ep4,32
deepseek_v3__h200_sxm__empirical,deepseek_v3,h200_sxm,EMPIRICAL,decode,7.331400000000001,1.4407200000000002,5.088705647176412,1.4407200000000002,1.441,0.00019434727080892603,220.964,14.995,66.687,46.103,1,1,1,8.146,tp8pp1dp1etp1ep8,8,8,3,0.522,tp8pp1dp1etp4ep2,32
deepseek_v3__h200_sxm__empirical,deepseek_v3,h200_sxm,EMPIRICAL,decode,7.331400000000001,1.4379600000000001,5.098472836518401,1.4379600000000001,1.438,2.7817185457048845e-05,220.964,15.013,66.611,46.015,1,1,1,8.146,tp8pp1dp1etp1ep8,8,8,3,0.521,tp8pp1dp1etp8ep1,32
deepseek_v3__h200_sxm__empirical,deepseek_v3,h200_sxm,EMPIRICAL,decode,13.1247,1.3496400000000002,9.724593224859962,1.3496400000000002,1.35,0.00026673779674573657,987.44,15.999,62.503,43.188,1,8,1,14.583,tp1pp1dp8etp1ep8,1,8,3,0.489,tp1pp1dp8etp2ep4,32
deepseek_v3__h200_sxm__empirical,deepseek_v3,h200_sxm,EMPIRICAL,decode,7.331400000000001,1.4490000000000003,5.059627329192547,1.4490000000000003,1.449,1.532398929779374e-16,220.964,16.772,59.623,46.368,1,1,1,8.146,tp8pp1dp1etp1ep8,9,9,3,0.525,tp8pp1dp1etp1ep8,32
deepseek_v3__h200_sxm__empirical,deepseek_v3,h200_sxm,EMPIRICAL,decode,7.331400000000001,1.4462400000000002,5.069283106538334,1.4462400000000002,1.446,0.00016594756057102555,220.964,16.777,59.605,46.28,1,1,1,8.146,tp8pp1dp1etp1ep8,9,9,3,0.524,tp8pp1dp1etp2ep4,32
deepseek_v3__h200_sxm__empirical,deepseek_v3,h200_sxm,EMPIRICAL,decode,7.331400000000001,1.4462400000000002,5.069283106538334,1.4462400000000002,1.446,0.00016594756057102555,220.964,16.787,59.571,46.28,1,1,1,8.146,tp8pp1dp1etp1ep8,9,9,3,0.524,tp8pp1dp1etp4ep2,32
deepseek_v3__h200_sxm__empirical,deepseek_v3,h200_sxm,EMPIRICAL,decode,7.331400000000001,1.44348,5.078975808462882,1.44348,1.443,0.0003325297198437359,220.964,16.806,59.502,46.191,1,1,1,8.146,tp8pp1dp1etp1ep8,9,9,3,0.523,tp8pp1dp1etp8ep1,32
deepseek_v3__h200_sxm__empirical,deepseek_v3,h200_sxm,EMPIRICAL,decode,7.331400000000001,1.45452,5.040425707449881,1.45452,1.455,0.00033000577510108897,220.964,18.562,53.873,46.545,1,1,1,8.146,tp8pp1dp1etp1ep8,10,10,3,0.527,tp8pp1dp1etp1ep8,32
deepseek_v3__h200_sxm__empirical,deepseek_v3,h200_sxm,EMPIRICAL,decode,7.331400000000001,1.4517600000000002,5.050008265829063,1.4517600000000002,1.452,0.0001653165812529591,220.964,18.6,53.764,46.456,1,1,1,8.146,tp8pp1dp1etp1ep8,10,10,3,0.526,tp8pp1dp1etp8ep1,32
deepseek_v3__h200_sxm__empirical,deepseek_v3,h200_sxm,EMPIRICAL,decode,7.331400000000001,1.4517600000000002,5.050008265829063,1.4517600000000002,1.452,0.0001653165812529591,220.964,18.567,53.858,46.456,1,1,1,8.146,tp8pp1dp1etp1ep8,10,10,3,0.526,tp8pp1dp1etp2ep4,32
deepseek_v3__h200_sxm__empirical,deepseek_v3,h200_sxm,EMPIRICAL,decode,7.331400000000001,1.4517600000000002,5.050008265829063,1.4517600000000002,1.452,0.0001653165812529591,220.964,18.578,53.826,46.456,1,1,1,8.146,tp8pp1dp1etp1ep8,10,10,3,0.526,tp8pp1dp1etp4ep2,32
deepseek_v3__h200_sxm__empirical,deepseek_v3,h200_sxm,EMPIRICAL,decode,7.331400000000001,1.46556,5.002456398919185,1.46556,1.466,0.0003002265345669887,220.964,23.939,41.774,46.898,1,1,1,8.146,tp8pp1dp1etp1ep8,13,13,3,0.531,tp8pp1dp1etp2ep4,32
deepseek_v3__h200_sxm__empirical,deepseek_v3,h200_sxm,EMPIRICAL,decode,7.331400000000001,1.46556,5.002456398919185,1.46556,1.466,0.0003002265345669887,220.964,23.953,41.749,46.898,1,1,1,8.146,tp8pp1dp1etp1ep8,13,13,3,0.531,tp8pp1dp1etp4ep2,32
deepseek_v3__h200_sxm__empirical,deepseek_v3,h200_sxm,EMPIRICAL,decode,7.331400000000001,1.46556,5.002456398919185,1.46556,1.466,0.0003002265345669887,220.964,23.932,41.786,46.898,1,1,1,8.146,tp8pp1dp1etp1ep8,13,13,3,0.531,tp8pp1dp1etp1ep8,32
deepseek_v3__h200_sxm__empirical,deepseek_v3,h200_sxm,EMPIRICAL,decode,7.331400000000001,1.4628,5.0118949958982775,1.4628,1.463,0.0001367240907847812,220.964,23.981,41.7,46.81,1,1,1,8.146,tp8pp1dp1etp1ep8,13,13,3,0.53,tp8pp1dp1etp8ep1,32
deepseek_v3__h200_sxm__empirical,deepseek_v3,h200_sxm,EMPIRICAL,decode,13.1247,3.59904,3.6467224593224863,3.59904,3.599,1.1114074864357707e-05,987.44,29.983,33.352,115.169,1,8,1,14.583,tp1pp1dp8etp1ep8,5,40,3,1.304,tp1pp1dp8etp1ep8,32
deepseek_v3__h200_sxm__empirical,deepseek_v3,h200_sxm,EMPIRICAL,decode,13.1247,2.89524,4.533199320263606,2.89524,2.895,8.289468230605959e-05,987.44,29.824,33.53,92.648,1,8,1,14.583,tp1pp1dp8etp1ep8,4,32,3,1.049,tp1pp1dp8etp2ep4,32
deepseek_v3__h200_sxm__empirical,deepseek_v3,h200_sxm,EMPIRICAL,decode,13.1247,2.8924800000000004,4.537524892134085,2.8924800000000004,2.892,0.00016594756057102555,987.44,29.859,33.491,92.559,1,8,1,14.583,tp1pp1dp8etp1ep8,4,32,3,1.048,tp1pp1dp8etp4ep2,32
deepseek_v3__h200_sxm__empirical,deepseek_v3,h200_sxm,EMPIRICAL,decode,13.1247,2.8842,4.550551279384232,2.8842,2.884,6.934331877122876e-05,987.44,29.928,33.413,92.294,1,8,1,14.583,tp1pp1dp8etp1ep8,4,32,3,1.045,tp1pp1dp8etp8ep1,32
deepseek_v3__h200_sxm__empirical,deepseek_v3,h200_sxm,EMPIRICAL,decode,7.331400000000001,1.81056,4.049244432661719,1.81056,1.811,0.00024301873453516922,220.964,29.819,33.536,57.938,1,1,1,8.146,tp8pp1dp1etp1ep8,20,20,3,0.656,tp8pp1dp1etp1ep8,32
deepseek_v3__h200_sxm__empirical,deepseek_v3,h200_sxm,EMPIRICAL,prefill,13.1247,13.253520000000002,0.9902803179834488,13.1247,13.125,2.285766531801114e-05,987.44,34.743,28.783,559.987,1,8,1,14.583,tp1pp1dp8etp1ep8,32,256,2,7.203,tp1pp1dp8etp1ep8,24
deepseek_v3__h200_sxm__empirical,deepseek_v3,h200_sxm,EMPIRICAL,prefill,13.1247,13.200160000000002,0.9942834026254226,13.1247,13.125,2.285766531801114e-05,987.44,34.881,28.669,559.987,1,8,1,14.583,tp1pp1dp8etp1ep8,32,256,2,7.174,tp1pp1dp8etp2ep4,24
deepseek_v3__h200_sxm__empirical,deepseek_v3,h200_sxm,EMPIRICAL,decode,13.1247,12.4108,1.0575224804202792,12.4108,12.411,1.6114996615813152e-05,987.44,34.779,28.753,529.527,1,8,1,14.583,tp1pp1dp8etp1ep8,30,240,2,6.745,tp1pp1dp8etp4ep2,24
deepseek_v3__h200_sxm__empirical,deepseek_v3,h200_sxm,EMPIRICAL,decode,13.1247,11.54968,1.136369146158162,11.54968,11.55,2.7706395328729454e-05,987.44,34.885,28.665,492.786,1,8,1,14.583,tp1pp1dp8etp1ep8,28,224,2,6.277,tp1pp1dp8etp8ep1,24
deepseek_v3__h200_sxm__empirical,deepseek_v3,h200_sxm,EMPIRICAL,decode,7.331400000000001,4.62576,1.5849071287745153,4.62576,4.626,5.188336619294648e-05,220.964,34.995,28.575,148.024,1,1,1,8.146,tp8pp1dp1etp1ep8,60,60,3,1.676,tp8pp1dp1etp1ep8,32
deepseek_v3__h200_sxm__empirical,deepseek_v3,h200_sxm,EMPIRICAL,decode,13.1247,10.879,1.2064252229065173,10.879,10.879,0.0,987.44,39.678,25.203,696.256,1,8,1,14.583,tp1pp1dp8etp1ep8,60,480,1,11.825,tp1pp1dp8etp1ep8,16
deepseek_v3__h200_sxm__empirical,deepseek_v3,h200_sxm,EMPIRICAL,decode,13.1247,10.808159999999999,1.214332504330062,10.808159999999999,10.808,1.480362984997186e-05,987.44,39.938,25.039,691.722,1,8,1,14.583,tp1pp1dp8etp1ep8,60,480,1,11.748,tp1pp1dp8etp2ep4,16
deepseek_v3__h200_sxm__empirical,deepseek_v3,h200_sxm,EMPIRICAL,decode,13.1247,10.148520000000001,1.2932624658570904,10.148520000000001,10.149,4.7297536980546466e-05,987.44,39.7,25.189,649.505,1,8,1,14.583,tp1pp1dp8etp1ep8,56,448,1,11.031,tp1pp1dp8etp4ep2,16
deepseek_v3__h200_sxm__empirical,deepseek_v3,h200_sxm,EMPIRICAL,decode,13.1247,9.38952,1.3978030825856915,9.38952,9.39,5.112082406782969e-05,987.44,39.842,25.099,600.929,1,8,1,14.583,tp1pp1dp8etp1ep8,52,416,1,10.206,tp1pp1dp8etp8ep1,16
deepseek_v3__h200_sxm__empirical,deepseek_v3,h200_sxm,EMPIRICAL,decode,7.331400000000001,6.53292,1.1222240590731252,6.53292,6.533,1.2245672685495016e-05,220.964,39.654,25.218,209.053,1,1,1,8.146,tp8pp1dp1etp1ep8,96,96,3,2.367,tp8pp1dp1etp1ep8,32
deepseek_v3__h200_sxm__empirical,deepseek_v3,h200_sxm,EMPIRICAL,prefill,13.1247,14.191,0.9248608272848989,13.1247,13.125,2.285766531801114e-05,987.44,44.614,22.414,839.981,1,8,1,14.583,tp1pp1dp8etp1ep8,88,704,1,15.425,tp1pp1dp8etp1ep8,16
deepseek_v3__h200_sxm__empirical,deepseek_v3,h200_sxm,EMPIRICAL,prefill,13.1247,14.0714,0.9327216908054635,13.1247,13.125,2.285766531801114e-05,987.44,44.994,22.225,839.981,1,8,1,14.583,tp1pp1dp8etp1ep8,88,704,1,15.295,tp1pp1dp8etp2ep4,16
deepseek_v3__h200_sxm__empirical,deepseek_v3,h200_sxm,EMPIRICAL,prefill,13.1247,13.43016,0.9772556693293304,13.1247,13.125,2.285766531801114e-05,987.44,44.999,22.223,839.981,1,8,1,14.583,tp1pp1dp8etp1ep8,84,672,1,14.598,tp1pp1dp8etp4ep2,16
deepseek_v3__h200_sxm__empirical,deepseek_v3,h200_sxm,EMPIRICAL,decode,13.1247,12.20564,1.0752979770007964,12.20564,12.206,2.9494561530473266e-05,987.44,44.799,22.322,781.161,1,8,1,14.583,tp1pp1dp8etp1ep8,76,608,1,13.267,tp1pp1dp8etp8ep1,16
deepseek_v3__h200_sxm__empirical,deepseek_v3,h200_sxm,EMPIRICAL,prefill,7.331400000000001,8.17788,0.8964915112474139,7.331400000000001,7.331,5.455983850299316e-05,220.964,44.862,22.291,234.605,1,1,1,8.146,tp8pp1dp1etp1ep8,136,136,3,2.963,tp8pp1dp1etp1ep8,32
deepseek_v3__h200_sxm__empirical,deepseek_v3,h200_sxm,EMPIRICAL,prefill,13.1247,16.83416,0.7796468609066327,13.1247,13.125,2.285766531801114e-05,987.44,49.576,20.171,839.981,1,8,1,14.583,tp1pp1dp8etp1ep8,116,928,1,18.298,tp1pp1dp8etp1ep8,16
deepseek_v3__h200_sxm__empirical,deepseek_v3,h200_sxm,EMPIRICAL,prefill,13.1247,16.330000000000002,0.8037170851194121,13.1247,13.125,2.285766531801114e-05,987.44,49.344,20.266,839.981,1,8,1,14.583,tp1pp1dp8etp1ep8,112,896,1,17.75,tp1pp1dp8etp2ep4,16
deepseek_v3__h200_sxm__empirical,deepseek_v3,h200_sxm,EMPIRICAL,prefill,13.1247,15.683240000000001,0.8368615158602432,13.1247,13.125,2.285766531801114e-05,987.44,49.545,20.184,839.981,1,8,1,14.583,tp1pp1dp8etp1ep8,108,864,1,17.047,tp1pp1dp8etp4ep2,16
deepseek_v3__h200_sxm__empirical,deepseek_v3,h200_sxm,EMPIRICAL,prefill,13.1247,14.45964,0.9076781994572479,13.1247,13.125,2.285766531801114e-05,987.44,49.756,20.098,839.981,1,8,1,14.583,tp1pp1dp8etp1ep8,100,800,1,15.717,tp1pp1dp8etp8ep1,16
deepseek_v3__h200_sxm__empirical,deepseek_v3,h200_sxm,EMPIRICAL,decode,7.331400000000001,5.82176,1.2593098994118619,5.82176,5.822,4.1224646842156996e-05,220.964,46.957,21.296,248.395,1,1,1,8.146,tp8pp1dp1etp1ep8,152,152,2,3.164,tp8pp1dp1etp1ep8,24
deepseek_v3__h200_sxm__empirical,deepseek_v3,h200_sxm,EMPIRICAL,prefill,13.1247,16.6658,0.787522951193462,13.1247,13.125,2.285766531801114e-05,987.44,50.077,19.969,839.981,1,8,1,14.583,tp1pp1dp8etp1ep8,116,928,1,18.115,tp1pp1dp8etp2ep4,16
deepseek_v3__h200_sxm__empirical,deepseek_v3,h200_sxm,EMPIRICAL,prefill,13.1247,16.33828,0.8033097731217729,13.1247,13.125,2.285766531801114e-05,987.44,51.081,19.577,839.981,1,8,1,14.583,tp1pp1dp8etp1ep8,116,928,1,17.759,tp1pp1dp8etp4ep2,16
deepseek_v3__h200_sxm__empirical,deepseek_v3,h200_sxm,EMPIRICAL,prefill,13.1247,15.720960000000002,0.8348535967269174,13.1247,13.125,2.285766531801114e-05,987.44,53.087,18.837,839.981,1,8,1,14.583,tp1pp1dp8etp1ep8,116,928,1,17.088,tp1pp1dp8etp8ep1,16
deepseek_v3__h200_sxm__silicon,deepseek_v3,h200_sxm,SILICON,decode,4.3929,0.4692,9.362531969309464,0.4692,0.469,0.0004262574595056127,368.752,5.766,173.439,15.014,1,1,1,4.881,tp8pp1dp1etp8ep1,1,1,3,0.17,tp8pp1dp1etp4ep2,32
deepseek_v3__h200_sxm__silicon,deepseek_v3,h200_sxm,SILICON,decode,4.3929,0.46368000000000004,9.473990683229813,0.46368000000000004,0.464,0.0006901311249137054,368.752,5.824,171.709,14.838,1,1,1,4.881,tp8pp1dp1etp8ep1,1,1,3,0.168,tp8pp1dp1etp2ep4,32
deepseek_v3__h200_sxm__silicon,deepseek_v3,h200_sxm,SILICON,decode,4.3929,0.4554,9.646245059288537,0.4554,0.455,0.000878348704435686,368.752,5.925,168.773,14.573,1,1,1,4.881,tp8pp1dp1etp8ep1,1,1,3,0.165,tp8pp1dp1etp8ep1,32
deepseek_v3__h200_sxm__silicon,deepseek_v3,h200_sxm,SILICON,decode,4.3929,0.44988,9.764603894371833,0.44988,0.45,0.00026673779674581886,368.752,5.997,166.752,14.396,1,1,1,4.881,tp8pp1dp1etp8ep1,1,1,3,0.163,tp8pp1dp1etp1ep8,32
deepseek_v3__h200_sxm__silicon,deepseek_v3,h200_sxm,SILICON,decode,4.3929,0.80316,5.469520394441955,0.80316,0.803,0.00019921310822244382,368.752,6.715,148.927,25.701,1,1,1,4.881,tp8pp1dp1etp8ep1,2,2,3,0.291,tp8pp1dp1etp4ep2,32
deepseek_v3__h200_sxm__silicon,deepseek_v3,h200_sxm,SILICON,decode,4.3929,0.7948799999999999,5.526494565217392,0.7948799999999999,0.795,0.00015096618357503022,368.752,6.781,147.47,25.436,1,1,1,4.881,tp8pp1dp1etp8ep1,2,2,3,0.288,tp8pp1dp1etp8ep1,32
deepseek_v3__h200_sxm__silicon,deepseek_v3,h200_sxm,SILICON,decode,4.3929,0.7838399999999999,5.604332516840173,0.7838399999999999,0.784,0.0002041232904676465,368.752,6.878,145.382,25.083,1,1,1,4.881,tp8pp1dp1etp8ep1,2,2,3,0.284,tp8pp1dp1etp2ep4,32
deepseek_v3__h200_sxm__silicon,deepseek_v3,h200_sxm,SILICON,decode,4.3929,1.02396,4.290108988632369,1.02396,1.024,3.906402593855229e-05,368.752,7.915,126.346,32.767,1,1,1,4.881,tp8pp1dp1etp8ep1,3,3,3,0.371,tp8pp1dp1etp8ep1,32
deepseek_v3__h200_sxm__silicon,deepseek_v3,h200_sxm,SILICON,decode,4.3929,0.7645200000000001,5.745958248312666,0.7645200000000001,0.765,0.0006278449223040926,368.752,7.069,141.456,24.465,1,1,1,4.881,tp8pp1dp1etp8ep1,2,2,3,0.277,tp8pp1dp1etp1ep8,32
deepseek_v3__h200_sxm__silicon,deepseek_v3,h200_sxm,SILICON,decode,4.3929,0.9825600000000001,4.470872007816316,0.9825600000000001,0.983,0.0004478098029635695,368.752,8.248,121.235,31.442,1,1,1,4.881,tp8pp1dp1etp8ep1,3,3,3,0.356,tp8pp1dp1etp4ep2,32
deepseek_v3__h200_sxm__silicon,deepseek_v3,h200_sxm,SILICON,decode,4.3929,0.97152,4.521677371541502,0.97152,0.972,0.000494071146244982,368.752,8.321,120.172,31.089,1,1,1,4.881,tp8pp1dp1etp8ep1,3,3,3,0.352,tp8pp1dp1etp2ep4,32
deepseek_v3__h200_sxm__silicon,deepseek_v3,h200_sxm,SILICON,decode,4.3929,0.9356400000000001,4.695075028857252,0.9356400000000001,0.936,0.0003847633705270359,368.752,8.658,115.496,29.94,1,1,1,4.881,tp8pp1dp1etp8ep1,3,3,3,0.339,tp8pp1dp1etp1ep8,32
deepseek_v3__h200_sxm__silicon,deepseek_v3,h200_sxm,SILICON,decode,4.3929,1.18404,3.7100942535725143,1.18404,1.184,3.3782642478328435e-05,368.752,9.114,109.726,37.889,1,1,1,4.881,tp8pp1dp1etp8ep1,4,4,3,0.429,tp8pp1dp1etp8ep1,32
deepseek_v3__h200_sxm__silicon,deepseek_v3,h200_sxm,SILICON,decode,4.3929,1.09848,3.9990714441774093,1.09848,1.098,0.0004369674459251092,368.752,9.829,101.735,35.151,1,1,1,4.881,tp8pp1dp1etp8ep1,4,4,3,0.398,tp8pp1dp1etp2ep4,32
deepseek_v3__h200_sxm__silicon,deepseek_v3,h200_sxm,SILICON,decode,4.3929,1.09572,4.009144671996496,1.09572,1.096,0.0002555397364290676,368.752,9.847,101.551,35.063,1,1,1,4.881,tp8pp1dp1etp8ep1,4,4,3,0.397,tp8pp1dp1etp4ep2,32
deepseek_v3__h200_sxm__silicon,deepseek_v3,h200_sxm,SILICON,decode,4.3929,1.5235200000000002,2.8833884688090734,1.5235200000000002,1.524,0.0003150598613735388,368.752,10.631,94.067,48.753,1,1,1,4.881,tp8pp1dp1etp8ep1,6,6,3,0.552,tp8pp1dp1etp2ep4,32
deepseek_v3__h200_sxm__silicon,deepseek_v3,h200_sxm,SILICON,decode,4.3929,1.5180000000000002,2.893873517786561,1.5180000000000002,1.518,1.4627444329712205e-16,368.752,10.665,93.762,48.576,1,1,1,4.881,tp8pp1dp1etp8ep1,6,6,3,0.55,tp8pp1dp1etp4ep2,32
deepseek_v3__h200_sxm__silicon,deepseek_v3,h200_sxm,SILICON,decode,4.3929,1.34136,3.2749597423510464,1.34136,1.341,0.0002683843263554437,368.752,10.056,99.443,42.924,1,1,1,4.881,tp8pp1dp1etp8ep1,5,5,3,0.486,tp8pp1dp1etp8ep1,32
deepseek_v3__h200_sxm__silicon,deepseek_v3,h200_sxm,SILICON,decode,4.3929,1.2475200000000002,3.5213062716429393,1.2475200000000002,1.248,0.0003847633705269766,368.752,10.82,92.42,39.921,1,1,1,4.881,tp8pp1dp1etp8ep1,5,5,3,0.452,tp8pp1dp1etp1ep8,32
deepseek_v3__h200_sxm__silicon,deepseek_v3,h200_sxm,SILICON,decode,4.3929,2.0313600000000003,2.162541351606805,2.0313600000000003,2.031,0.00017722117202275222,368.752,11.958,83.625,65.004,1,1,1,4.881,tp8pp1dp1etp8ep1,9,9,3,0.736,tp8pp1dp1etp2ep4,32
deepseek_v3__h200_sxm__silicon,deepseek_v3,h200_sxm,SILICON,decode,4.3929,1.8574800000000002,2.36497835777505,1.8574800000000002,1.857,0.0002584146262679856,368.752,11.611,86.123,59.439,1,1,1,4.881,tp8pp1dp1etp8ep1,8,8,3,0.673,tp8pp1dp1etp4ep2,32
deepseek_v3__h200_sxm__silicon,deepseek_v3,h200_sxm,SILICON,decode,4.3929,1.4628,3.0030762920426577,1.4628,1.463,0.0001367240907847812,368.752,11.06,90.417,46.81,1,1,1,4.881,tp8pp1dp1etp8ep1,6,6,3,0.53,tp8pp1dp1etp8ep1,32
deepseek_v3__h200_sxm__silicon,deepseek_v3,h200_sxm,SILICON,decode,4.3929,1.4214,3.0905445335584636,1.4214,1.421,0.0002814126917123652,368.752,11.389,87.801,45.485,1,1,1,4.881,tp8pp1dp1etp8ep1,6,6,3,0.515,tp8pp1dp1etp1ep8,32
deepseek_v3__h200_sxm__silicon,deepseek_v3,h200_sxm,SILICON,decode,4.3929,2.32944,1.8858180506902946,2.32944,2.329,0.0001888865993542542,368.752,12.745,78.464,74.542,1,1,1,4.881,tp8pp1dp1etp8ep1,11,11,3,0.844,tp8pp1dp1etp2ep4,32
deepseek_v3__h200_sxm__silicon,deepseek_v3,h200_sxm,SILICON,decode,4.3929,2.31564,1.8970565372855883,2.31564,2.316,0.0001554645799863942,368.752,12.818,78.013,74.1,1,1,1,4.881,tp8pp1dp1etp8ep1,11,11,3,0.839,tp8pp1dp1etp4ep2,32
deepseek_v3__h200_sxm__silicon,deepseek_v3,h200_sxm,SILICON,decode,4.3929,1.8685200000000002,2.3510050735341337,1.8685200000000002,1.869,0.00025688780425139353,368.752,12.994,76.958,59.793,1,1,1,4.881,tp8pp1dp1etp8ep1,9,9,3,0.677,tp8pp1dp1etp1ep8,32
deepseek_v3__h200_sxm__silicon,deepseek_v3,h200_sxm,SILICON,decode,4.3929,1.5594,2.817045017314352,1.5594,1.559,0.0002565089136847223,368.752,12.121,82.498,49.901,1,1,1,4.881,tp8pp1dp1etp8ep1,7,7,3,0.565,tp8pp1dp1etp8ep1,32
deepseek_v3__h200_sxm__silicon,deepseek_v3,h200_sxm,SILICON,decode,4.3929,2.71584,1.6175106044538705,2.71584,2.716,5.891363261464593e-05,368.752,13.905,71.917,86.907,1,1,1,4.881,tp8pp1dp1etp8ep1,14,14,3,0.984,tp8pp1dp1etp2ep4,32
deepseek_v3__h200_sxm__silicon,deepseek_v3,h200_sxm,SILICON,decode,4.3929,2.57784,1.7041011079042918,2.57784,2.578,6.20674673368851e-05,368.752,13.607,73.493,82.491,1,1,1,4.881,tp8pp1dp1etp8ep1,13,13,3,0.934,tp8pp1dp1etp4ep2,32
deepseek_v3__h200_sxm__silicon,deepseek_v3,h200_sxm,SILICON,decode,4.3929,2.1528,2.0405518394648827,2.1528,2.153,9.290226681530006e-05,368.752,13.784,72.547,68.89,1,1,1,4.881,tp8pp1dp1etp8ep1,11,11,3,0.78,tp8pp1dp1etp1ep8,32
deepseek_v3__h200_sxm__silicon,deepseek_v3,h200_sxm,SILICON,decode,4.3929,2.1196800000000002,2.0724354619565215,2.1196800000000002,2.12,0.00015096618357482067,368.752,13.993,71.462,67.83,1,1,1,4.881,tp8pp1dp1etp8ep1,11,11,3,0.768,tp8pp1dp1etp8ep1,32
deepseek_v3__h200_sxm__silicon,deepseek_v3,h200_sxm,SILICON,decode,7.715700000000001,1.61184,4.786889517569983,1.61184,1.612,9.926543577536233e-05,1679.771,13.401,74.624,51.579,1,8,1,8.573,tp1pp1dp8etp8ep1,1,8,3,0.584,tp1pp1dp8etp2ep4,32
deepseek_v3__h200_sxm__silicon,deepseek_v3,h200_sxm,SILICON,decode,4.3929,2.9421600000000003,1.4930867118035727,2.9421600000000003,2.942,5.4381814721211624e-05,368.752,14.678,68.128,94.149,1,1,1,4.881,tp8pp1dp1etp8ep1,16,16,3,1.066,tp8pp1dp1etp2ep4,32
deepseek_v3__h200_sxm__silicon,deepseek_v3,h200_sxm,SILICON,decode,4.3929,2.9200800000000005,1.5043765924221253,2.9200800000000005,2.92,2.739650968484565e-05,368.752,14.789,67.617,93.443,1,1,1,4.881,tp8pp1dp1etp8ep1,16,16,3,1.058,tp8pp1dp1etp4ep2,32
deepseek_v3__h200_sxm__silicon,deepseek_v3,h200_sxm,SILICON,decode,4.3929,2.54748,1.7244100051815912,2.54748,2.547,0.0001884214988930378,368.752,14.828,67.439,81.519,1,1,1,4.881,tp8pp1dp1etp8ep1,14,14,3,0.923,tp8pp1dp1etp8ep1,32
deepseek_v3__h200_sxm__silicon,deepseek_v3,h200_sxm,SILICON,decode,4.3929,2.5254000000000003,1.7394868139700639,2.5254000000000003,2.525,0.00015839074998035953,368.752,14.95,66.891,80.813,1,1,1,4.881,tp8pp1dp1etp8ep1,14,14,3,0.915,tp8pp1dp1etp1ep8,32
deepseek_v3__h200_sxm__silicon,deepseek_v3,h200_sxm,SILICON,decode,4.3929,3.1546800000000004,1.3925025676138307,3.1546800000000004,3.155,0.00010143659578766525,368.752,15.401,64.932,100.95,1,1,1,4.881,tp8pp1dp1etp8ep1,18,18,3,1.143,tp8pp1dp1etp2ep4,32
deepseek_v3__h200_sxm__silicon,deepseek_v3,h200_sxm,SILICON,decode,4.3929,3.1298399999999997,1.4035541752933058,3.1298399999999997,3.13,5.11208240677351e-05,368.752,15.52,64.435,100.155,1,1,1,4.881,tp8pp1dp1etp8ep1,18,18,3,1.134,tp8pp1dp1etp4ep2,32
deepseek_v3__h200_sxm__silicon,deepseek_v3,h200_sxm,SILICON,decode,4.3929,2.80692,1.5650250096190843,2.80692,2.807,2.8500990409445233e-05,368.752,15.385,64.999,89.821,1,1,1,4.881,tp8pp1dp1etp8ep1,16,16,3,1.017,tp8pp1dp1etp8ep1,32
deepseek_v3__h200_sxm__silicon,deepseek_v3,h200_sxm,SILICON,decode,7.715700000000001,2.75724,2.798341820080951,2.75724,2.757,8.704356530436086e-05,1679.771,15.651,63.892,88.232,1,8,1,8.573,tp1pp1dp8etp8ep1,2,16,3,0.999,tp1pp1dp8etp2ep4,32
deepseek_v3__h200_sxm__silicon,deepseek_v3,h200_sxm,SILICON,decode,4.3929,2.7462,1.5996285776709636,2.7462,2.746,7.282790765420508e-05,368.752,15.726,63.587,87.878,1,1,1,4.881,tp8pp1dp1etp8ep1,16,16,3,0.995,tp8pp1dp1etp1ep8,32
deepseek_v3__h200_sxm__silicon,deepseek_v3,h200_sxm,SILICON,decode,4.3929,3.3258000000000005,1.3208551325996751,3.3258000000000005,3.326,6.01359071500192e-05,368.752,16.224,61.638,106.426,1,1,1,4.881,tp8pp1dp1etp8ep1,20,20,3,1.205,tp8pp1dp1etp2ep4,32
deepseek_v3__h200_sxm__silicon,deepseek_v3,h200_sxm,SILICON,decode,4.3929,3.3009600000000003,1.33079467791188,3.3009600000000003,3.301,1.2117686975854889e-05,368.752,16.351,61.159,105.631,1,1,1,4.881,tp8pp1dp1etp8ep1,20,20,3,1.196,tp8pp1dp1etp4ep2,32
deepseek_v3__h200_sxm__silicon,deepseek_v3,h200_sxm,SILICON,decode,4.3929,2.98908,1.4696495242683367,2.98908,2.989,2.676408794681976e-05,368.752,16.244,61.56,95.651,1,1,1,4.881,tp8pp1dp1etp8ep1,18,18,3,1.083,tp8pp1dp1etp8ep1,32
deepseek_v3__h200_sxm__silicon,deepseek_v3,h200_sxm,SILICON,decode,4.3929,2.9697600000000004,1.4792104412477773,2.9697600000000004,2.97,8.0814611281651e-05,368.752,16.351,61.159,95.032,1,1,1,4.881,tp8pp1dp1etp8ep1,18,18,3,1.076,tp8pp1dp1etp1ep8,32
deepseek_v3__h200_sxm__silicon,deepseek_v3,h200_sxm,SILICON,decode,4.3929,3.62388,1.2122090135434949,3.62388,3.624,3.3113679260874523e-05,368.752,17.87,55.958,115.964,1,1,1,4.881,tp8pp1dp1etp8ep1,24,24,3,1.313,tp8pp1dp1etp2ep4,32
deepseek_v3__h200_sxm__silicon,deepseek_v3,h200_sxm,SILICON,decode,4.3929,3.4555200000000004,1.2712703153215723,3.4555200000000004,3.456,0.00013890818169178353,368.752,17.182,58.201,110.577,1,1,1,4.881,tp8pp1dp1etp8ep1,22,22,3,1.252,tp8pp1dp1etp4ep2,32
deepseek_v3__h200_sxm__silicon,deepseek_v3,h200_sxm,SILICON,decode,4.3929,3.3340799999999997,1.3175748632306366,3.3340799999999997,3.334,2.3994625203845117e-05,368.752,17.801,56.175,106.691,1,1,1,4.881,tp8pp1dp1etp8ep1,22,22,3,1.208,tp8pp1dp1etp1ep8,32
deepseek_v3__h200_sxm__silicon,deepseek_v3,h200_sxm,SILICON,decode,4.3929,3.1353599999999995,1.4010831292100432,3.1353599999999995,3.135,0.00011481935088783871,368.752,17.205,58.123,100.332,1,1,1,4.881,tp8pp1dp1etp8ep1,20,20,3,1.136,tp8pp1dp1etp8ep1,32
deepseek_v3__h200_sxm__silicon,deepseek_v3,h200_sxm,SILICON,decode,7.715700000000001,4.54572,1.6973548744753308,4.54572,4.546,6.159640277009099e-05,1679.771,18.996,52.643,145.463,1,8,1,8.573,tp1pp1dp8etp8ep1,4,32,3,1.647,tp1pp1dp8etp2ep4,32
deepseek_v3__h200_sxm__silicon,deepseek_v3,h200_sxm,SILICON,decode,4.3929,4.28076,1.026196282903036,4.28076,4.281,5.6064810921377496e-05,368.752,18.911,52.878,136.984,1,1,1,4.881,tp8pp1dp1etp8ep1,30,30,3,1.551,tp8pp1dp1etp2ep4,32
deepseek_v3__h200_sxm__silicon,deepseek_v3,h200_sxm,SILICON,decode,4.3929,4.03512,1.08866650805924,4.03512,4.035,2.9738892523617132e-05,368.752,18.723,53.409,129.124,1,1,1,4.881,tp8pp1dp1etp8ep1,28,28,3,1.462,tp8pp1dp1etp4ep2,32
deepseek_v3__h200_sxm__silicon,deepseek_v3,h200_sxm,SILICON,decode,4.3929,3.72324,1.1798594772295097,3.72324,3.723,6.445998646346731e-05,368.752,18.844,53.067,119.144,1,1,1,4.881,tp8pp1dp1etp8ep1,26,26,3,1.349,tp8pp1dp1etp1ep8,32
deepseek_v3__h200_sxm__silicon,deepseek_v3,h200_sxm,SILICON,decode,7.715700000000001,3.52452,2.1891491607367817,3.52452,3.525,0.00013618875761806884,1679.771,18.377,54.417,112.785,1,8,1,8.573,tp1pp1dp8etp8ep1,3,24,3,1.277,tp1pp1dp8etp4ep2,32
deepseek_v3__h200_sxm__silicon,deepseek_v3,h200_sxm,SILICON,decode,7.715700000000001,5.506200000000001,1.4012749264465512,5.506200000000001,5.506,3.632269078500999e-05,1679.771,19.601,51.018,176.198,1,8,1,8.573,tp1pp1dp8etp8ep1,5,40,3,1.995,tp1pp1dp8etp2ep4,32
deepseek_v3__h200_sxm__silicon,deepseek_v3,h200_sxm,SILICON,decode,7.715700000000001,4.50432,1.7129555626598467,4.50432,4.504,7.104290991766128e-05,1679.771,19.167,52.173,144.138,1,8,1,8.573,tp1pp1dp8etp8ep1,4,32,3,1.632,tp1pp1dp8etp4ep2,32
deepseek_v3__h200_sxm__silicon,deepseek_v3,h200_sxm,SILICON,decode,7.715700000000001,4.42428,1.7439447774553147,4.42428,4.424,6.328713372572666e-05,1679.771,19.517,51.236,141.577,1,8,1,8.573,tp1pp1dp8etp8ep1,4,32,3,1.603,tp1pp1dp8etp1ep8,32
deepseek_v3__h200_sxm__silicon,deepseek_v3,h200_sxm,SILICON,prefill,4.3929,4.86588,0.9027966164393697,4.3929,4.393,2.2764005554364302e-05,368.752,19.961,50.097,140.573,1,1,1,4.881,tp8pp1dp1etp8ep1,36,36,3,1.763,tp8pp1dp1etp2ep4,32
deepseek_v3__h200_sxm__silicon,deepseek_v3,h200_sxm,SILICON,prefill,4.3929,4.4436,0.988590332163111,4.3929,4.393,2.2764005554364302e-05,368.752,19.427,51.474,140.573,1,1,1,4.881,tp8pp1dp1etp8ep1,32,32,3,1.61,tp8pp1dp1etp4ep2,32
deepseek_v3__h200_sxm__silicon,deepseek_v3,h200_sxm,SILICON,prefill,7.715700000000001,8.108880000000001,0.9515124160179951,7.715700000000001,7.716,3.888176056602781e-05,1679.771,24.842,40.255,329.203,1,8,1,8.573,tp1pp1dp8etp8ep1,14,112,2,4.407,tp1pp1dp8etp2ep4,24
deepseek_v3__h200_sxm__silicon,deepseek_v3,h200_sxm,SILICON,prefill,7.715700000000001,9.22208,0.8366550713071239,7.715700000000001,7.716,3.888176056602781e-05,1679.771,24.966,40.055,329.203,1,8,1,8.573,tp1pp1dp8etp8ep1,16,128,2,5.012,tp1pp1dp8etp4ep2,24
deepseek_v3__h200_sxm__silicon,deepseek_v3,h200_sxm,SILICON,decode,7.715700000000001,7.008560000000001,1.1008966178501718,7.008560000000001,7.009,6.278037143141098e-05,1679.771,24.639,40.587,299.032,1,8,1,8.573,tp1pp1dp8etp8ep1,12,96,2,3.809,tp1pp1dp8etp1ep8,24
deepseek_v3__h200_sxm__silicon,deepseek_v3,h200_sxm,SILICON,decode,7.715700000000001,6.92392,1.1143542964101263,6.92392,6.924,1.1554148517100732e-05,1679.771,24.938,40.099,295.421,1,8,1,8.573,tp1pp1dp8etp8ep1,12,96,2,3.763,tp1pp1dp8etp8ep1,24
deepseek_v3__h200_sxm__silicon,deepseek_v3,h200_sxm,SILICON,prefill,4.3929,4.66072,0.9425367754338385,4.3929,4.393,2.2764005554364302e-05,368.752,24.702,40.483,187.43,1,1,1,4.881,tp8pp1dp1etp8ep1,64,64,2,2.533,tp8pp1dp1etp1ep8,24
deepseek_v3__h200_sxm__silicon,deepseek_v3,h200_sxm,SILICON,decode,7.715700000000001,6.74268,1.1443076046913099,6.74268,6.743,4.7458873919616535e-05,1679.771,29.875,33.473,431.532,1,8,1,8.573,tp1pp1dp8etp8ep1,28,224,1,7.329,tp1pp1dp8etp4ep2,16
deepseek_v3__h200_sxm__silicon,deepseek_v3,h200_sxm,SILICON,decode,7.715700000000001,6.33328,1.218278680241518,6.33328,6.333,4.421089861810278e-05,1679.771,29.537,33.856,405.33,1,8,1,8.573,tp1pp1dp8etp8ep1,26,208,1,6.884,tp1pp1dp8etp8ep1,16
deepseek_v3__h200_sxm__silicon,deepseek_v3,h200_sxm,SILICON,decode,7.715700000000001,5.405,1.4275115633672526,5.405,5.405,0.0,1679.771,29.285,34.147,345.92,1,8,1,8.573,tp1pp1dp8etp8ep1,22,176,1,5.875,tp1pp1dp8etp2ep4,16
deepseek_v3__h200_sxm__silicon,deepseek_v3,h200_sxm,SILICON,prefill,7.715700000000001,9.03256,0.8542096592771042,7.715700000000001,7.716,3.888176056602781e-05,1679.771,28.673,34.876,329.203,1,8,1,8.573,tp1pp1dp8etp8ep1,18,144,2,4.909,tp1pp1dp8etp1ep8,24
deepseek_v3__h200_sxm__silicon,deepseek_v3,h200_sxm,SILICON,decode,4.3929,3.26968,1.3435259719605588,3.26968,3.27,9.78689046022473e-05,368.752,29.701,33.669,209.26,1,1,1,4.881,tp8pp1dp1etp8ep1,108,108,1,3.554,tp8pp1dp1etp4ep2,16
deepseek_v3__h200_sxm__silicon,deepseek_v3,h200_sxm,SILICON,prefill,7.715700000000001,8.373840000000001,0.9214052334412886,7.715700000000001,7.716,3.888176056602781e-05,1679.771,34.368,29.097,493.805,1,8,1,8.573,tp1pp1dp8etp8ep1,40,320,1,9.102,tp1pp1dp8etp8ep1,16
deepseek_v3__h200_sxm__silicon,deepseek_v3,h200_sxm,SILICON,prefill,7.715700000000001,8.28736,0.931020252529153,7.715700000000001,7.716,3.888176056602781e-05,1679.771,34.724,28.799,493.805,1,8,1,8.573,tp1pp1dp8etp8ep1,40,320,1,9.008,tp1pp1dp8etp4ep2,16
deepseek_v3__h200_sxm__silicon,deepseek_v3,h200_sxm,SILICON,decode,7.715700000000001,6.692080000000001,1.1529599167971691,6.692080000000001,6.692,1.1954429714008811e-05,1679.771,34.405,29.066,428.293,1,8,1,8.573,tp1pp1dp8etp8ep1,32,256,1,7.274,tp1pp1dp8etp2ep4,16
deepseek_v3__h200_sxm__silicon,deepseek_v3,h200_sxm,SILICON,decode,7.715700000000001,5.4942400000000005,1.4043252569964182,5.4942400000000005,5.494,4.3682110719714483e-05,1679.771,34.045,29.373,351.631,1,8,1,8.573,tp1pp1dp8etp8ep1,26,208,1,5.972,tp1pp1dp8etp1ep8,16
deepseek_v3__h200_sxm__silicon,deepseek_v3,h200_sxm,SILICON,decode,4.3929,3.71588,1.182196411078937,3.71588,3.716,3.229383080194787e-05,368.752,34.853,28.692,237.816,1,1,1,4.881,tp8pp1dp1etp8ep1,144,144,1,4.039,tp8pp1dp1etp4ep2,16
deepseek_v3__h200_sxm__silicon,deepseek_v3,h200_sxm,SILICON,prefill,7.715700000000001,10.23592,0.7537866649993358,7.715700000000001,7.716,3.888176056602781e-05,1679.771,39.361,25.406,493.805,1,8,1,8.573,tp1pp1dp8etp8ep1,56,448,1,11.126,tp1pp1dp8etp8ep1,16
deepseek_v3__h200_sxm__silicon,deepseek_v3,h200_sxm,SILICON,prefill,7.715700000000001,9.544080000000001,0.8084278421807026,7.715700000000001,7.716,3.888176056602781e-05,1679.771,39.197,25.512,493.805,1,8,1,8.573,tp1pp1dp8etp8ep1,52,416,1,10.374,tp1pp1dp8etp4ep2,16
deepseek_v3__h200_sxm__silicon,deepseek_v3,h200_sxm,SILICON,decode,7.715700000000001,7.48788,1.0304251670699853,7.48788,7.488,1.6025897851032088e-05,1679.771,38.431,26.021,479.224,1,8,1,8.573,tp1pp1dp8etp8ep1,40,320,1,8.139,tp1pp1dp8etp2ep4,16
deepseek_v3__h200_sxm__silicon,deepseek_v3,h200_sxm,SILICON,decode,7.715700000000001,6.1133999999999995,1.2620963784473453,6.1133999999999995,6.113,6.543003893072068e-05,1679.771,37.659,26.554,391.258,1,8,1,8.573,tp1pp1dp8etp8ep1,32,256,1,6.645,tp1pp1dp8etp1ep8,16
deepseek_v3__h200_sxm__silicon,deepseek_v3,h200_sxm,SILICON,decode,4.3929,3.7858000000000005,1.1603624068889005,3.7858000000000005,3.786,5.282899255098892e-05,368.752,36.109,27.694,242.291,1,1,1,4.881,tp8pp1dp1etp8ep1,152,152,1,4.115,tp8pp1dp1etp4ep2,16
deepseek_v3__h200_sxm__silicon,deepseek_v3,h200_sxm,SILICON,prefill,7.715700000000001,8.33796,0.9253702344458357,7.715700000000001,7.716,3.888176056602781e-05,1679.771,44.868,22.288,493.805,1,8,1,8.573,tp1pp1dp8etp8ep1,52,416,1,9.063,tp1pp1dp8etp2ep4,16
deepseek_v3__h200_sxm__silicon,deepseek_v3,h200_sxm,SILICON,prefill,7.715700000000001,10.623240000000001,0.7263038395065913,7.715700000000001,7.716,3.888176056602781e-05,1679.771,43.344,23.071,493.805,1,8,1,8.573,tp1pp1dp8etp8ep1,64,512,1,11.547,tp1pp1dp8etp4ep2,16
deepseek_v3__h200_sxm__silicon,deepseek_v3,h200_sxm,SILICON,prefill,7.715700000000001,11.54968,0.6680444826177003,7.715700000000001,7.716,3.888176056602781e-05,1679.771,44.85,22.297,493.805,1,8,1,8.573,tp1pp1dp8etp8ep1,72,576,1,12.554,tp1pp1dp8etp8ep1,16
deepseek_v3__h200_sxm__silicon,deepseek_v3,h200_sxm,SILICON,decode,7.715700000000001,6.7233600000000004,1.1475958449346755,6.7233600000000004,6.723,5.354465624339349e-05,1679.771,42.803,23.363,430.295,1,8,1,8.573,tp1pp1dp8etp8ep1,40,320,1,7.308,tp1pp1dp8etp1ep8,16
deepseek_v3__h200_sxm__silicon,deepseek_v3,h200_sxm,SILICON,decode,15.431400000000002,12.180800000000001,1.2668626034414816,12.180800000000001,12.181,1.6419282805542944e-05,1679.771,49.613,20.156,519.714,1,8,2,8.573,tp1pp1dp8etp8ep1,84,672,1,13.24,tp1pp1dp8etp8ep1,24
deepseek_v3__h200_sxm__silicon,deepseek_v3,h200_sxm,SILICON,prefill,7.715700000000001,8.645240000000001,0.8924795610069819,7.715700000000001,7.716,3.888176056602781e-05,1679.771,49.932,20.027,493.805,1,8,1,8.573,tp1pp1dp8etp8ep1,60,480,1,9.397,tp1pp1dp8etp2ep4,16
deepseek_v3__h200_sxm__silicon,deepseek_v3,h200_sxm,SILICON,prefill,7.715700000000001,11.28196,0.6838971242585509,7.715700000000001,7.716,3.888176056602781e-05,1679.771,48.464,20.634,493.805,1,8,1,8.573,tp1pp1dp8etp8ep1,76,608,1,12.263,tp1pp1dp8etp4ep2,16
deepseek_v3__h200_sxm__silicon,deepseek_v3,h200_sxm,SILICON,decode,7.715700000000001,7.199000000000001,1.0717738574802056,7.199000000000001,7.199,1.2337524929853107e-16,1679.771,47.973,20.845,460.736,1,8,1,8.573,tp1pp1dp8etp8ep1,48,384,1,7.825,tp1pp1dp8etp1ep8,16
deepseek_v3__h200_sxm__silicon,deepseek_v3,h200_sxm,SILICON,decode,15.431400000000002,12.808240000000001,1.2048025333691437,12.808240000000001,12.808,1.8737937452887538e-05,1679.771,53.925,18.544,546.485,1,8,2,8.573,tp1pp1dp8etp8ep1,96,768,1,13.922,tp1pp1dp8etp8ep1,24
deepseek_v3__h200_sxm__silicon,deepseek_v3,h200_sxm,SILICON,decode,15.431400000000002,11.782440000000001,1.3096947661095664,11.782440000000001,11.782,3.734370809451235e-05,1679.771,53.732,18.611,502.717,1,8,2,8.573,tp1pp1dp8etp8ep1,88,704,1,12.807,tp1pp1dp8etp4ep2,24
deepseek_v3__h200_sxm__silicon,deepseek_v3,h200_sxm,SILICON,prefill,7.715700000000001,8.975520000000001,0.8596382159473769,7.715700000000001,7.716,3.888176056602781e-05,1679.771,54.508,18.346,493.805,1,8,1,8.573,tp1pp1dp8etp8ep1,68,544,1,9.756,tp1pp1dp8etp2ep4,16
deepseek_v3__h200_sxm__silicon,deepseek_v3,h200_sxm,SILICON,decode,7.715700000000001,7.406000000000001,1.0418174453146098,7.406000000000001,7.406,1.1992687276534232e-16,1679.771,54.403,18.381,473.984,1,8,1,8.573,tp1pp1dp8etp8ep1,56,448,1,8.05,tp1pp1dp8etp1ep8,16
deepseek_v3__h200_sxm__silicon,deepseek_v3,h200_sxm,SILICON,decode,15.431400000000002,13.058480000000001,1.1817148703371296,13.058480000000001,13.058,3.675772371680074e-05,1679.771,59.504,16.806,557.162,1,8,2,8.573,tp1pp1dp8etp8ep1,108,864,1,14.194,tp1pp1dp8etp8ep1,24
deepseek_v3__h200_sxm__silicon,deepseek_v3,h200_sxm,SILICON,decode,15.431400000000002,12.23508,1.2612422640473133,12.23508,12.235,6.538575963583736e-06,1679.771,58.801,17.006,522.03,1,8,2,8.573,tp1pp1dp8etp8ep1,100,800,1,13.299,tp1pp1dp8etp4ep2,24
deepseek_v3__h200_sxm__silicon,deepseek_v3,h200_sxm,SILICON,prefill,7.715700000000001,9.36008,0.8243198776078838,7.715700000000001,7.716,3.888176056602781e-05,1679.771,58.416,17.119,493.805,1,8,1,8.573,tp1pp1dp8etp8ep1,76,608,1,10.174,tp1pp1dp8etp2ep4,16
deepseek_v3__h200_sxm__silicon,deepseek_v3,h200_sxm,SILICON,decode,7.715700000000001,7.47316,1.0324548116191814,7.47316,7.473,2.1409952416402168e-05,1679.771,57.763,17.312,478.282,1,8,1,8.573,tp1pp1dp8etp8ep1,60,480,1,8.123,tp1pp1dp8etp1ep8,16
deepseek_v3__h200_sxm__silicon,deepseek_v3,h200_sxm,SILICON,decode,15.431400000000002,13.215800000000002,1.1676478154935759,13.215800000000002,13.216,1.5133400929021134e-05,1679.771,63.149,15.835,563.874,1,8,2,8.573,tp1pp1dp8etp8ep1,116,928,1,14.365,tp1pp1dp8etp8ep1,24
deepseek_v3__h200_sxm__silicon,deepseek_v3,h200_sxm,SILICON,decode,15.431400000000002,12.60124,1.2245937701369072,12.60124,12.601,1.9045744704473203e-05,1679.771,63.947,15.638,537.653,1,8,2,8.573,tp1pp1dp8etp8ep1,112,896,1,13.697,tp1pp1dp8etp4ep2,24
deepseek_v3__h200_sxm__silicon,deepseek_v3,h200_sxm,SILICON,prefill,7.715700000000001,9.809040000000001,0.7865907367081794,7.715700000000001,7.716,3.888176056602781e-05,1679.771,64.543,15.494,493.805,1,8,1,8.573,tp1pp1dp8etp8ep1,88,704,1,10.662,tp1pp1dp8etp2ep4,16
deepseek_v3__h200_sxm__silicon,deepseek_v3,h200_sxm,SILICON,prefill,7.715700000000001,7.978240000000001,0.967092992940799,7.715700000000001,7.716,3.888176056602781e-05,1679.771,64.929,15.401,493.805,1,8,1,8.573,tp1pp1dp8etp8ep1,72,576,1,8.672,tp1pp1dp8etp1ep8,16
deepseek_v3__h200_sxm__silicon,deepseek_v3,h200_sxm,SILICON,decode,15.431400000000002,12.7098,1.2141339753575981,12.7098,12.71,1.573588884178431e-05,1679.771,65.662,15.23,542.285,1,8,2,8.573,tp1pp1dp8etp8ep1,116,928,1,13.815,tp1pp1dp8etp4ep2,24
deepseek_v3__h200_sxm__silicon,deepseek_v3,h200_sxm,SILICON,prefill,7.715700000000001,10.103439999999999,0.7636705914025324,7.715700000000001,7.716,3.888176056602781e-05,1679.771,68.36,14.628,493.805,1,8,1,8.573,tp1pp1dp8etp8ep1,96,768,1,10.982,tp1pp1dp8etp2ep4,16
deepseek_v3__h200_sxm__silicon,deepseek_v3,h200_sxm,SILICON,prefill,7.715700000000001,8.37752,0.9210004870176377,7.715700000000001,7.716,3.888176056602781e-05,1679.771,68.706,14.555,493.805,1,8,1,8.573,tp1pp1dp8etp8ep1,80,640,1,9.106,tp1pp1dp8etp1ep8,16
deepseek_v3__h200_sxm__silicon,deepseek_v3,h200_sxm,SILICON,prefill,7.715700000000001,10.5478,0.7314985115379511,7.715700000000001,7.716,3.888176056602781e-05,1679.771,73.668,13.574,493.805,1,8,1,8.573,tp1pp1dp8etp8ep1,108,864,1,11.465,tp1pp1dp8etp2ep4,16
deepseek_v3__h200_sxm__silicon,deepseek_v3,h200_sxm,SILICON,prefill,7.715700000000001,8.87616,0.8692610317975341,7.715700000000001,7.716,3.888176056602781e-05,1679.771,74.569,13.41,493.805,1,8,1,8.573,tp1pp1dp8etp8ep1,92,736,1,9.648,tp1pp1dp8etp1ep8,16
deepseek_v3__h200_sxm__silicon,deepseek_v3,h200_sxm,SILICON,prefill,7.715700000000001,10.82012,0.7130882097425908,7.715700000000001,7.716,3.888176056602781e-05,1679.771,77.133,12.965,493.805,1,8,1,8.573,tp1pp1dp8etp8ep1,116,928,1,11.761,tp1pp1dp8etp2ep4,16
deepseek_v3__h200_sxm__silicon,deepseek_v3,h200_sxm,SILICON,prefill,7.715700000000001,9.039,0.8536010620643878,7.715700000000001,7.716,3.888176056602781e-05,1679.771,76.407,13.088,493.805,1,8,1,8.573,tp1pp1dp8etp8ep1,96,768,1,9.825,tp1pp1dp8etp1ep8,16
deepseek_v3__rtx_pro_6000_server__analytical,deepseek_v3,rtx_pro_6000_server,ANALYTICAL,decode,1.4985000000000002,0.33396,4.4870643190801305,0.33396,0.334,0.00011977482333225538,1081.055,8.067,123.966,10.687,1,1,1,1.665,tp8pp1dp1etp1ep8,1,1,3,0.121,tp8pp1dp1etp1ep8,32
deepseek_v3__rtx_pro_6000_server__analytical,deepseek_v3,rtx_pro_6000_server,ANALYTICAL,decode,1.4985000000000002,0.33396,4.4870643190801305,0.33396,0.334,0.00011977482333225538,1081.055,8.069,123.934,10.687,1,1,1,1.665,tp8pp1dp1etp1ep8,1,1,3,0.121,tp8pp1dp1etp2ep4,32
deepseek_v3__rtx_pro_6000_server__analytical,deepseek_v3,rtx_pro_6000_server,ANALYTICAL,decode,1.4985000000000002,0.33396,4.4870643190801305,0.33396,0.334,0.00011977482333225538,1081.055,8.073,123.87,10.687,1,1,1,1.665,tp8pp1dp1etp1ep8,1,1,3,0.121,tp8pp1dp1etp4ep2,32
deepseek_v3__rtx_pro_6000_server__analytical,deepseek_v3,rtx_pro_6000_server,ANALYTICAL,decode,1.4985000000000002,0.33396,4.4870643190801305,0.33396,0.334,0.00011977482333225538,1081.055,8.081,123.743,10.687,1,1,1,1.665,tp8pp1dp1etp1ep8,1,1,3,0.121,tp8pp1dp1etp8ep1,32
deepseek_v3__rtx_pro_6000_server__analytical,deepseek_v3,rtx_pro_6000_server,ANALYTICAL,decode,1.4985000000000002,0.49128000000000005,3.0501954079140203,0.49128000000000005,0.491,0.0005699397492266283,1081.055,10.964,91.21,15.721,1,1,1,1.665,tp8pp1dp1etp1ep8,2,2,3,0.178,tp8pp1dp1etp1ep8,32
deepseek_v3__rtx_pro_6000_server__analytical,deepseek_v3,rtx_pro_6000_server,ANALYTICAL,decode,1.4985000000000002,0.49128000000000005,3.0501954079140203,0.49128000000000005,0.491,0.0005699397492266283,1081.055,10.968,91.175,15.721,1,1,1,1.665,tp8pp1dp1etp1ep8,2,2,3,0.178,tp8pp1dp1etp2ep4,32
deepseek_v3__rtx_pro_6000_server__analytical,deepseek_v3,rtx_pro_6000_server,ANALYTICAL,decode,1.4985000000000002,0.49128000000000005,3.0501954079140203,0.49128000000000005,0.491,0.0005699397492266283,1081.055,10.976,91.106,15.721,1,1,1,1.665,tp8pp1dp1etp1ep8,2,2,3,0.178,tp8pp1dp1etp4ep2,32
deepseek_v3__rtx_pro_6000_server__analytical,deepseek_v3,rtx_pro_6000_server,ANALYTICAL,decode,1.4985000000000002,0.49128000000000005,3.0501954079140203,0.49128000000000005,0.491,0.0005699397492266283,1081.055,10.993,90.968,15.721,1,1,1,1.665,tp8pp1dp1etp1ep8,2,2,3,0.178,tp8pp1dp1etp8ep1,32
deepseek_v3__rtx_pro_6000_server__analytical,deepseek_v3,rtx_pro_6000_server,ANALYTICAL,decode,1.4985000000000002,0.58236,2.5731506284772308,0.58236,0.582,0.0006181743251597413,1081.055,13.879,72.051,18.636,1,1,1,1.665,tp8pp1dp1etp1ep8,3,3,3,0.211,tp8pp1dp1etp1ep8,32
deepseek_v3__rtx_pro_6000_server__analytical,deepseek_v3,rtx_pro_6000_server,ANALYTICAL,decode,1.4985000000000002,0.58236,2.5731506284772308,0.58236,0.582,0.0006181743251597413,1081.055,13.885,72.018,18.636,1,1,1,1.665,tp8pp1dp1etp1ep8,3,3,3,0.211,tp8pp1dp1etp2ep4,32
deepseek_v3__rtx_pro_6000_server__analytical,deepseek_v3,rtx_pro_6000_server,ANALYTICAL,decode,1.4985000000000002,0.58236,2.5731506284772308,0.58236,0.582,0.0006181743251597413,1081.055,13.898,71.954,18.636,1,1,1,1.665,tp8pp1dp1etp1ep8,3,3,3,0.211,tp8pp1dp1etp4ep2,32
deepseek_v3__rtx_pro_6000_server__analytical,deepseek_v3,rtx_pro_6000_server,ANALYTICAL,decode,1.4985000000000002,0.58236,2.5731506284772308,0.58236,0.582,0.0006181743251597413,1081.055,13.923,71.824,18.636,1,1,1,1.665,tp8pp1dp1etp1ep8,3,3,3,0.211,tp8pp1dp1etp8ep1,32
deepseek_v3__rtx_pro_6000_server__analytical,deepseek_v3,rtx_pro_6000_server,ANALYTICAL,decode,1.4985000000000002,0.6430800000000001,2.3301922000373203,0.6430800000000001,0.643,0.00012440131865410213,1081.055,16.811,59.486,20.579,1,1,1,1.665,tp8pp1dp1etp1ep8,4,4,3,0.233,tp8pp1dp1etp1ep8,32
deepseek_v3__rtx_pro_6000_server__analytical,deepseek_v3,rtx_pro_6000_server,ANALYTICAL,decode,1.4985000000000002,0.6403200000000001,2.340236131934033,0.6403200000000001,0.64,0.0004997501249376842,1081.055,16.819,59.456,20.49,1,1,1,1.665,tp8pp1dp1etp1ep8,4,4,3,0.232,tp8pp1dp1etp2ep4,32
deepseek_v3__rtx_pro_6000_server__analytical,deepseek_v3,rtx_pro_6000_server,ANALYTICAL,decode,1.4985000000000002,0.6403200000000001,2.340236131934033,0.6403200000000001,0.64,0.0004997501249376842,1081.055,16.836,59.398,20.49,1,1,1,1.665,tp8pp1dp1etp1ep8,4,4,3,0.232,tp8pp1dp1etp4ep2,32
deepseek_v3__rtx_pro_6000_server__analytical,deepseek_v3,rtx_pro_6000_server,ANALYTICAL,decode,1.4985000000000002,0.6403200000000001,2.340236131934033,0.6403200000000001,0.64,0.0004997501249376842,1081.055,16.869,59.28,20.49,1,1,1,1.665,tp8pp1dp1etp1ep8,4,4,3,0.232,tp8pp1dp1etp8ep1,32
deepseek_v3__rtx_pro_6000_server__analytical,deepseek_v3,rtx_pro_6000_server,ANALYTICAL,decode,1.4985000000000002,0.68448,2.1892531556802246,0.68448,0.684,0.0007012622720896519,1081.055,19.742,50.653,21.903,1,1,1,1.665,tp8pp1dp1etp1ep8,5,5,3,0.248,tp8pp1dp1etp1ep8,32
deepseek_v3__rtx_pro_6000_server__analytical,deepseek_v3,rtx_pro_6000_server,ANALYTICAL,decode,1.4985000000000002,0.68172,2.1981165287801447,0.68172,0.682,0.00041072581118356213,1081.055,19.753,50.626,21.815,1,1,1,1.665,tp8pp1dp1etp1ep8,5,5,3,0.247,tp8pp1dp1etp2ep4,32
deepseek_v3__rtx_pro_6000_server__analytical,deepseek_v3,rtx_pro_6000_server,ANALYTICAL,decode,1.4985000000000002,0.68172,2.1981165287801447,0.68172,0.682,0.00041072581118356213,1081.055,19.774,50.573,21.815,1,1,1,1.665,tp8pp1dp1etp1ep8,5,5,3,0.247,tp8pp1dp1etp4ep2,32
deepseek_v3__rtx_pro_6000_server__analytical,deepseek_v3,rtx_pro_6000_server,ANALYTICAL,decode,1.4985000000000002,0.68172,2.1981165287801447,0.68172,0.682,0.00041072581118356213,1081.055,19.815,50.466,21.815,1,1,1,1.665,tp8pp1dp1etp1ep8,5,5,3,0.247,tp8pp1dp1etp8ep1,32
deepseek_v3__rtx_pro_6000_server__analytical,deepseek_v3,rtx_pro_6000_server,ANALYTICAL,decode,1.4985000000000002,0.71484,2.096273291925466,0.71484,0.715,0.00022382631078274572,1081.055,22.625,44.199,22.875,1,1,1,1.665,tp8pp1dp1etp1ep8,6,6,3,0.259,tp8pp1dp1etp1ep8,32
deepseek_v3__rtx_pro_6000_server__analytical,deepseek_v3,rtx_pro_6000_server,ANALYTICAL,decode,1.4985000000000002,0.71484,2.096273291925466,0.71484,0.715,0.00022382631078274572,1081.055,22.638,44.174,22.875,1,1,1,1.665,tp8pp1dp1etp1ep8,6,6,3,0.259,tp8pp1dp1etp2ep4,32
deepseek_v3__rtx_pro_6000_server__analytical,deepseek_v3,rtx_pro_6000_server,ANALYTICAL,decode,1.4985000000000002,0.71484,2.096273291925466,0.71484,0.715,0.00022382631078274572,1081.055,22.663,44.126,22.875,1,1,1,1.665,tp8pp1dp1etp1ep8,6,6,3,0.259,tp8pp1dp1etp4ep2,32
deepseek_v3__rtx_pro_6000_server__analytical,deepseek_v3,rtx_pro_6000_server,ANALYTICAL,decode,1.4985000000000002,0.71208,2.1043983822042467,0.71208,0.712,0.00011234692731165038,1081.055,22.713,44.029,22.787,1,1,1,1.665,tp8pp1dp1etp1ep8,6,6,3,0.258,tp8pp1dp1etp8ep1,32
deepseek_v3__rtx_pro_6000_server__analytical,deepseek_v3,rtx_pro_6000_server,ANALYTICAL,decode,1.4985000000000002,0.7590000000000001,1.9743083003952568,0.7590000000000001,0.759,1.4627444329712205e-16,1081.055,28.48,35.113,24.288,1,1,1,1.665,tp8pp1dp1etp1ep8,8,8,3,0.275,tp8pp1dp1etp1ep8,32
deepseek_v3__rtx_pro_6000_server__analytical,deepseek_v3,rtx_pro_6000_server,ANALYTICAL,decode,1.4985000000000002,0.7562400000000001,1.9815138051412249,0.7562400000000001,0.756,0.0003173595683911575,1081.055,28.496,35.092,24.2,1,1,1,1.665,tp8pp1dp1etp1ep8,8,8,3,0.274,tp8pp1dp1etp2ep4,32
deepseek_v3__rtx_pro_6000_server__analytical,deepseek_v3,rtx_pro_6000_server,ANALYTICAL,decode,1.4985000000000002,0.7562400000000001,1.9815138051412249,0.7562400000000001,0.756,0.0003173595683911575,1081.055,28.53,35.051,24.2,1,1,1,1.665,tp8pp1dp1etp1ep8,8,8,3,0.274,tp8pp1dp1etp4ep2,32
deepseek_v3__rtx_pro_6000_server__analytical,deepseek_v3,rtx_pro_6000_server,ANALYTICAL,decode,1.4985000000000002,0.75348,1.9887720974677499,0.75348,0.753,0.0006370441153050326,1081.055,28.596,34.97,24.111,1,1,1,1.665,tp8pp1dp1etp1ep8,8,8,3,0.273,tp8pp1dp1etp8ep1,32
deepseek_v3__rtx_pro_6000_server__analytical,deepseek_v3,rtx_pro_6000_server,ANALYTICAL,decode,1.4985000000000002,0.7866,1.9050343249427921,0.7866,0.787,0.000508517670989152,1081.055,34.334,29.126,25.171,1,1,1,1.665,tp8pp1dp1etp1ep8,10,10,3,0.285,tp8pp1dp1etp1ep8,32
deepseek_v3__rtx_pro_6000_server__analytical,deepseek_v3,rtx_pro_6000_server,ANALYTICAL,decode,1.4985000000000002,0.7866,1.9050343249427921,0.7866,0.787,0.000508517670989152,1081.055,34.355,29.108,25.171,1,1,1,1.665,tp8pp1dp1etp1ep8,10,10,3,0.285,tp8pp1dp1etp2ep4,32
deepseek_v3__rtx_pro_6000_server__analytical,deepseek_v3,rtx_pro_6000_server,ANALYTICAL,decode,1.4985000000000002,0.7838399999999999,1.9117421922841402,0.7838399999999999,0.784,0.0002041232904676465,1081.055,34.397,29.073,25.083,1,1,1,1.665,tp8pp1dp1etp1ep8,10,10,3,0.284,tp8pp1dp1etp4ep2,32
deepseek_v3__rtx_pro_6000_server__analytical,deepseek_v3,rtx_pro_6000_server,ANALYTICAL,decode,1.4985000000000002,0.7838399999999999,1.9117421922841402,0.7838399999999999,0.784,0.0002041232904676465,1081.055,34.48,29.002,25.083,1,1,1,1.665,tp8pp1dp1etp1ep8,10,10,3,0.284,tp8pp1dp1etp8ep1,32
deepseek_v3__rtx_pro_6000_server__analytical,deepseek_v3,rtx_pro_6000_server,ANALYTICAL,decode,1.4985000000000002,0.79764,1.8786670678501582,0.79764,0.798,0.00045133142771178344,1081.055,37.261,26.838,25.524,1,1,1,1.665,tp8pp1dp1etp1ep8,11,11,3,0.289,tp8pp1dp1etp1ep8,32
deepseek_v3__rtx_pro_6000_server__analytical,deepseek_v3,rtx_pro_6000_server,ANALYTICAL,decode,1.4985000000000002,0.7948799999999999,1.8851902173913047,0.7948799999999999,0.795,0.00015096618357503022,1081.055,37.284,26.821,25.436,1,1,1,1.665,tp8pp1dp1etp1ep8,11,11,3,0.288,tp8pp1dp1etp2ep4,32
deepseek_v3__rtx_pro_6000_server__analytical,deepseek_v3,rtx_pro_6000_server,ANALYTICAL,decode,1.4985000000000002,0.7948799999999999,1.8851902173913047,0.7948799999999999,0.795,0.00015096618357503022,1081.055,37.33,26.788,25.436,1,1,1,1.665,tp8pp1dp1etp1ep8,11,11,3,0.288,tp8pp1dp1etp4ep2,32
deepseek_v3__rtx_pro_6000_server__analytical,deepseek_v3,rtx_pro_6000_server,ANALYTICAL,decode,1.4985000000000002,0.79212,1.8917588244205426,0.79212,0.792,0.00015149219815180652,1081.055,37.422,26.722,25.348,1,1,1,1.665,tp8pp1dp1etp1ep8,11,11,3,0.287,tp8pp1dp1etp8ep1,32
deepseek_v3__rtx_pro_6000_server__analytical,deepseek_v3,rtx_pro_6000_server,ANALYTICAL,decode,1.4985000000000002,0.8142,1.8404568901989684,0.8142,0.814,0.00024563989191855683,1081.055,43.116,23.193,26.054,1,1,1,1.665,tp8pp1dp1etp1ep8,13,13,3,0.295,tp8pp1dp1etp1ep8,32
deepseek_v3__rtx_pro_6000_server__analytical,deepseek_v3,rtx_pro_6000_server,ANALYTICAL,decode,1.4985000000000002,0.8142,1.8404568901989684,0.8142,0.814,0.00024563989191855683,1081.055,43.143,23.179,26.054,1,1,1,1.665,tp8pp1dp1etp1ep8,13,13,3,0.295,tp8pp1dp1etp2ep4,32
deepseek_v3__rtx_pro_6000_server__analytical,deepseek_v3,rtx_pro_6000_server,ANALYTICAL,decode,1.4985000000000002,0.8114399999999999,1.846716947648625,0.8114399999999999,0.811,0.000542245883860649,1081.055,43.197,23.15,25.966,1,1,1,1.665,tp8pp1dp1etp1ep8,13,13,3,0.294,tp8pp1dp1etp4ep2,32
deepseek_v3__rtx_pro_6000_server__analytical,deepseek_v3,rtx_pro_6000_server,ANALYTICAL,decode,1.4985000000000002,0.8086800000000001,1.8530197358658556,0.8086800000000001,0.809,0.00039570658356826794,1081.055,43.305,23.092,25.878,1,1,1,1.665,tp8pp1dp1etp1ep8,13,13,3,0.293,tp8pp1dp1etp8ep1,32
deepseek_v3__rtx_pro_6000_server__analytical,deepseek_v3,rtx_pro_6000_server,ANALYTICAL,decode,1.4985000000000002,0.8252400000000001,1.8158353933401192,0.8252400000000001,0.825,0.0002908244874219972,1081.055,48.97,20.421,26.408,1,1,1,1.665,tp8pp1dp1etp1ep8,15,15,3,0.299,tp8pp1dp1etp1ep8,32
deepseek_v3__rtx_pro_6000_server__analytical,deepseek_v3,rtx_pro_6000_server,ANALYTICAL,decode,1.4985000000000002,0.8252400000000001,1.8158353933401192,0.8252400000000001,0.825,0.0002908244874219972,1081.055,49.001,20.408,26.408,1,1,1,1.665,tp8pp1dp1etp1ep8,15,15,3,0.299,tp8pp1dp1etp2ep4,32
deepseek_v3__rtx_pro_6000_server__analytical,deepseek_v3,rtx_pro_6000_server,ANALYTICAL,decode,1.4985000000000002,0.8252400000000001,1.8158353933401192,0.8252400000000001,0.825,0.0002908244874219972,1081.055,49.064,20.382,26.408,1,1,1,1.665,tp8pp1dp1etp1ep8,15,15,3,0.299,tp8pp1dp1etp4ep2,32
deepseek_v3__rtx_pro_6000_server__analytical,deepseek_v3,rtx_pro_6000_server,ANALYTICAL,decode,1.4985000000000002,0.82248,1.8219288007003211,0.82248,0.822,0.0005836008170411876,1081.055,49.189,20.33,26.319,1,1,1,1.665,tp8pp1dp1etp1ep8,15,15,3,0.298,tp8pp1dp1etp8ep1,32
deepseek_v3__rtx_pro_6000_server__analytical,deepseek_v3,rtx_pro_6000_server,ANALYTICAL,decode,1.4985000000000002,0.92184,1.6255532413434004,0.92184,0.922,0.0001735659116550041,1081.055,52.668,18.987,29.499,1,1,1,1.665,tp8pp1dp1etp1ep8,18,18,3,0.334,tp8pp1dp1etp1ep8,32
deepseek_v3__rtx_pro_6000_server__analytical,deepseek_v3,rtx_pro_6000_server,ANALYTICAL,decode,1.4985000000000002,0.92184,1.6255532413434004,0.92184,0.922,0.0001735659116550041,1081.055,52.705,18.974,29.499,1,1,1,1.665,tp8pp1dp1etp1ep8,18,18,3,0.334,tp8pp1dp1etp2ep4,32
deepseek_v3__rtx_pro_6000_server__analytical,deepseek_v3,rtx_pro_6000_server,ANALYTICAL,decode,1.4985000000000002,0.9190800000000001,1.6304347826086956,0.9190800000000001,0.919,8.704356530452192e-05,1081.055,52.78,18.947,29.411,1,1,1,1.665,tp8pp1dp1etp1ep8,18,18,3,0.333,tp8pp1dp1etp4ep2,32
deepseek_v3__rtx_pro_6000_server__analytical,deepseek_v3,rtx_pro_6000_server,ANALYTICAL,decode,1.4985000000000002,0.91632,1.6353457307490835,0.91632,0.916,0.00034922297887199556,1081.055,52.93,18.893,29.322,1,1,1,1.665,tp8pp1dp1etp1ep8,18,18,3,0.332,tp8pp1dp1etp8ep1,32
deepseek_v3__rtx_pro_6000_server__empirical,deepseek_v3,rtx_pro_6000_server,EMPIRICAL,decode,1.6146,0.43056,3.75,0.43056,0.431,0.001021924934968404,1003.153,6.268,159.542,13.778,1,1,1,1.794,tp8pp1dp1etp1ep8,1,1,3,0.156,tp8pp1dp1etp1ep8,32
deepseek_v3__rtx_pro_6000_server__empirical,deepseek_v3,rtx_pro_6000_server,EMPIRICAL,decode,1.6146,0.43056,3.75,0.43056,0.431,0.001021924934968404,1003.153,6.269,159.505,13.778,1,1,1,1.794,tp8pp1dp1etp1ep8,1,1,3,0.156,tp8pp1dp1etp2ep4,32
deepseek_v3__rtx_pro_6000_server__empirical,deepseek_v3,rtx_pro_6000_server,EMPIRICAL,decode,1.6146,0.43056,3.75,0.43056,0.431,0.001021924934968404,1003.153,6.272,159.431,13.778,1,1,1,1.794,tp8pp1dp1etp1ep8,1,1,3,0.156,tp8pp1dp1etp4ep2,32
deepseek_v3__rtx_pro_6000_server__empirical,deepseek_v3,rtx_pro_6000_server,EMPIRICAL,decode,1.6146,0.43056,3.75,0.43056,0.431,0.001021924934968404,1003.153,6.278,159.284,13.778,1,1,1,1.794,tp8pp1dp1etp1ep8,1,1,3,0.156,tp8pp1dp1etp8ep1,32
deepseek_v3__rtx_pro_6000_server__empirical,deepseek_v3,rtx_pro_6000_server,EMPIRICAL,decode,1.6146,0.48576,3.3238636363636362,0.48576,0.486,0.000494071146244982,1003.153,11.126,89.88,15.544,1,1,1,1.794,tp8pp1dp1etp1ep8,2,2,3,0.176,tp8pp1dp1etp1ep8,32
deepseek_v3__rtx_pro_6000_server__empirical,deepseek_v3,rtx_pro_6000_server,EMPIRICAL,decode,1.6146,0.48576,3.3238636363636362,0.48576,0.486,0.000494071146244982,1003.153,11.129,89.856,15.544,1,1,1,1.794,tp8pp1dp1etp1ep8,2,2,3,0.176,tp8pp1dp1etp2ep4,32
deepseek_v3__rtx_pro_6000_server__empirical,deepseek_v3,rtx_pro_6000_server,EMPIRICAL,decode,1.6146,0.48576,3.3238636363636362,0.48576,0.486,0.000494071146244982,1003.153,11.135,89.81,15.544,1,1,1,1.794,tp8pp1dp1etp1ep8,2,2,3,0.176,tp8pp1dp1etp4ep2,32
deepseek_v3__rtx_pro_6000_server__empirical,deepseek_v3,rtx_pro_6000_server,EMPIRICAL,decode,1.6146,0.48299999999999993,3.3428571428571434,0.48299999999999993,0.483,1.1492991973345309e-16,1003.153,11.146,89.716,15.456,1,1,1,1.794,tp8pp1dp1etp1ep8,2,2,3,0.175,tp8pp1dp1etp8ep1,32
deepseek_v3__rtx_pro_6000_server__empirical,deepseek_v3,rtx_pro_6000_server,EMPIRICAL,decode,1.6146,0.50508,3.19672131147541,0.50508,0.505,0.00015839074998013977,1003.153,15.984,62.563,16.163,1,1,1,1.794,tp8pp1dp1etp1ep8,3,3,3,0.183,tp8pp1dp1etp1ep8,32
deepseek_v3__rtx_pro_6000_server__empirical,deepseek_v3,rtx_pro_6000_server,EMPIRICAL,decode,1.6146,0.50508,3.19672131147541,0.50508,0.505,0.00015839074998013977,1003.153,15.988,62.546,16.163,1,1,1,1.794,tp8pp1dp1etp1ep8,3,3,3,0.183,tp8pp1dp1etp2ep4,32
deepseek_v3__rtx_pro_6000_server__empirical,deepseek_v3,rtx_pro_6000_server,EMPIRICAL,decode,1.6146,0.50508,3.19672131147541,0.50508,0.505,0.00015839074998013977,1003.153,15.997,62.512,16.163,1,1,1,1.794,tp8pp1dp1etp1ep8,3,3,3,0.183,tp8pp1dp1etp4ep2,32
deepseek_v3__rtx_pro_6000_server__empirical,deepseek_v3,rtx_pro_6000_server,EMPIRICAL,decode,1.6146,0.50508,3.19672131147541,0.50508,0.505,0.00015839074998013977,1003.153,16.014,62.444,16.163,1,1,1,1.794,tp8pp1dp1etp1ep8,3,3,3,0.183,tp8pp1dp1etp8ep1,32
deepseek_v3__rtx_pro_6000_server__empirical,deepseek_v3,rtx_pro_6000_server,EMPIRICAL,decode,1.6146,0.5188800000000001,3.1117021276595738,0.5188800000000001,0.519,0.00023126734505068213,1003.153,20.842,47.98,16.604,1,1,1,1.794,tp8pp1dp1etp1ep8,4,4,3,0.188,tp8pp1dp1etp1ep8,32
deepseek_v3__rtx_pro_6000_server__empirical,deepseek_v3,rtx_pro_6000_server,EMPIRICAL,decode,1.6146,0.5188800000000001,3.1117021276595738,0.5188800000000001,0.519,0.00023126734505068213,1003.153,20.848,47.967,16.604,1,1,1,1.794,tp8pp1dp1etp1ep8,4,4,3,0.188,tp8pp1dp1etp2ep4,32
deepseek_v3__rtx_pro_6000_server__empirical,deepseek_v3,rtx_pro_6000_server,EMPIRICAL,decode,1.6146,0.51612,3.128342245989305,0.51612,0.516,0.00023250406882122177,1003.153,20.859,47.94,16.516,1,1,1,1.794,tp8pp1dp1etp1ep8,4,4,3,0.187,tp8pp1dp1etp4ep2,32
deepseek_v3__rtx_pro_6000_server__empirical,deepseek_v3,rtx_pro_6000_server,EMPIRICAL,decode,1.6146,0.51612,3.128342245989305,0.51612,0.516,0.00023250406882122177,1003.153,20.883,47.887,16.516,1,1,1,1.794,tp8pp1dp1etp1ep8,4,4,3,0.187,tp8pp1dp1etp8ep1,32
deepseek_v3__rtx_pro_6000_server__empirical,deepseek_v3,rtx_pro_6000_server,EMPIRICAL,decode,1.6146,0.5244000000000001,3.078947368421052,0.5244000000000001,0.524,0.0007627765064837278,1003.153,25.7,38.911,16.781,1,1,1,1.794,tp8pp1dp1etp1ep8,5,5,3,0.19,tp8pp1dp1etp1ep8,32
deepseek_v3__rtx_pro_6000_server__empirical,deepseek_v3,rtx_pro_6000_server,EMPIRICAL,decode,1.6146,0.5244000000000001,3.078947368421052,0.5244000000000001,0.524,0.0007627765064837278,1003.153,25.707,38.9,16.781,1,1,1,1.794,tp8pp1dp1etp1ep8,5,5,3,0.19,tp8pp1dp1etp2ep4,32
deepseek_v3__rtx_pro_6000_server__empirical,deepseek_v3,rtx_pro_6000_server,EMPIRICAL,decode,1.6146,0.5244000000000001,3.078947368421052,0.5244000000000001,0.524,0.0007627765064837278,1003.153,25.722,38.878,16.781,1,1,1,1.794,tp8pp1dp1etp1ep8,5,5,3,0.19,tp8pp1dp1etp4ep2,32
deepseek_v3__rtx_pro_6000_server__empirical,deepseek_v3,rtx_pro_6000_server,EMPIRICAL,decode,1.6146,0.5244000000000001,3.078947368421052,0.5244000000000001,0.524,0.0007627765064837278,1003.153,25.751,38.834,16.781,1,1,1,1.794,tp8pp1dp1etp1ep8,5,5,3,0.19,tp8pp1dp1etp8ep1,32
deepseek_v3__rtx_pro_6000_server__empirical,deepseek_v3,rtx_pro_6000_server,EMPIRICAL,decode,1.6146,0.5299200000000001,3.0468749999999996,0.5299200000000001,0.53,0.00015096618357482067,1003.153,30.558,32.725,16.957,1,1,1,1.794,tp8pp1dp1etp1ep8,6,6,3,0.192,tp8pp1dp1etp1ep8,32
deepseek_v3__rtx_pro_6000_server__empirical,deepseek_v3,rtx_pro_6000_server,EMPIRICAL,decode,1.6146,0.5299200000000001,3.0468749999999996,0.5299200000000001,0.53,0.00015096618357482067,1003.153,30.567,32.715,16.957,1,1,1,1.794,tp8pp1dp1etp1ep8,6,6,3,0.192,tp8pp1dp1etp2ep4,32
deepseek_v3__rtx_pro_6000_server__empirical,deepseek_v3,rtx_pro_6000_server,EMPIRICAL,decode,1.6146,0.5299200000000001,3.0468749999999996,0.5299200000000001,0.53,0.00015096618357482067,1003.153,30.584,32.697,16.957,1,1,1,1.794,tp8pp1dp1etp1ep8,6,6,3,0.192,tp8pp1dp1etp4ep2,32
deepseek_v3__rtx_pro_6000_server__empirical,deepseek_v3,rtx_pro_6000_server,EMPIRICAL,decode,1.6146,0.5299200000000001,3.0468749999999996,0.5299200000000001,0.53,0.00015096618357482067,1003.153,30.619,32.66,16.957,1,1,1,1.794,tp8pp1dp1etp1ep8,6,6,3,0.192,tp8pp1dp1etp8ep1,32
deepseek_v3__rtx_pro_6000_server__empirical,deepseek_v3,rtx_pro_6000_server,EMPIRICAL,decode,1.6146,0.5326799999999999,3.031088082901555,0.5326799999999999,0.533,0.0006007359014794962,1003.153,35.416,28.236,17.046,1,1,1,1.794,tp8pp1dp1etp1ep8,7,7,3,0.193,tp8pp1dp1etp1ep8,32
deepseek_v3__rtx_pro_6000_server__empirical,deepseek_v3,rtx_pro_6000_server,EMPIRICAL,decode,1.6146,0.5326799999999999,3.031088082901555,0.5326799999999999,0.533,0.0006007359014794962,1003.153,35.426,28.228,17.046,1,1,1,1.794,tp8pp1dp1etp1ep8,7,7,3,0.193,tp8pp1dp1etp2ep4,32
deepseek_v3__rtx_pro_6000_server__empirical,deepseek_v3,rtx_pro_6000_server,EMPIRICAL,decode,1.6146,0.5326799999999999,3.031088082901555,0.5326799999999999,0.533,0.0006007359014794962,1003.153,35.446,28.212,17.046,1,1,1,1.794,tp8pp1dp1etp1ep8,7,7,3,0.193,tp8pp1dp1etp4ep2,32
deepseek_v3__rtx_pro_6000_server__empirical,deepseek_v3,rtx_pro_6000_server,EMPIRICAL,decode,1.6146,0.5326799999999999,3.031088082901555,0.5326799999999999,0.533,0.0006007359014794962,1003.153,35.487,28.179,17.046,1,1,1,1.794,tp8pp1dp1etp1ep8,7,7,3,0.193,tp8pp1dp1etp8ep1,32
deepseek_v3__rtx_pro_6000_server__empirical,deepseek_v3,rtx_pro_6000_server,EMPIRICAL,decode,1.6146,0.5354400000000001,3.0154639175257727,0.5354400000000001,0.535,0.0008217540714180988,1003.153,40.274,24.83,17.134,1,1,1,1.794,tp8pp1dp1etp1ep8,8,8,3,0.194,tp8pp1dp1etp1ep8,32
deepseek_v3__rtx_pro_6000_server__empirical,deepseek_v3,rtx_pro_6000_server,EMPIRICAL,decode,1.6146,0.5354400000000001,3.0154639175257727,0.5354400000000001,0.535,0.0008217540714180988,1003.153,40.286,24.823,17.134,1,1,1,1.794,tp8pp1dp1etp1ep8,8,8,3,0.194,tp8pp1dp1etp2ep4,32
deepseek_v3__rtx_pro_6000_server__empirical,deepseek_v3,rtx_pro_6000_server,EMPIRICAL,decode,1.6146,0.5354400000000001,3.0154639175257727,0.5354400000000001,0.535,0.0008217540714180988,1003.153,40.309,24.809,17.134,1,1,1,1.794,tp8pp1dp1etp1ep8,8,8,3,0.194,tp8pp1dp1etp4ep2,32
deepseek_v3__rtx_pro_6000_server__empirical,deepseek_v3,rtx_pro_6000_server,EMPIRICAL,decode,1.6146,0.5354400000000001,3.0154639175257727,0.5354400000000001,0.535,0.0008217540714180988,1003.153,40.355,24.78,17.134,1,1,1,1.794,tp8pp1dp1etp1ep8,8,8,3,0.194,tp8pp1dp1etp8ep1,32
deepseek_v3__rtx_pro_6000_server__empirical,deepseek_v3,rtx_pro_6000_server,EMPIRICAL,decode,1.6146,0.5409600000000001,2.98469387755102,0.5409600000000001,0.541,7.394262052634015e-05,1003.153,49.99,20.004,17.311,1,1,1,1.794,tp8pp1dp1etp1ep8,10,10,3,0.196,tp8pp1dp1etp1ep8,32
deepseek_v3__rtx_pro_6000_server__empirical,deepseek_v3,rtx_pro_6000_server,EMPIRICAL,decode,1.6146,0.5382,3.0,0.5382,0.538,0.00037160906726120026,1003.153,45.145,22.151,17.222,1,1,1,1.794,tp8pp1dp1etp1ep8,9,9,3,0.195,tp8pp1dp1etp2ep4,32
deepseek_v3__rtx_pro_6000_server__empirical,deepseek_v3,rtx_pro_6000_server,EMPIRICAL,decode,1.6146,0.5382,3.0,0.5382,0.538,0.00037160906726120026,1003.153,45.171,22.138,17.222,1,1,1,1.794,tp8pp1dp1etp1ep8,9,9,3,0.195,tp8pp1dp1etp4ep2,32
deepseek_v3__rtx_pro_6000_server__empirical,deepseek_v3,rtx_pro_6000_server,EMPIRICAL,decode,1.6146,0.5382,3.0,0.5382,0.538,0.00037160906726120026,1003.153,45.223,22.113,17.222,1,1,1,1.794,tp8pp1dp1etp1ep8,9,9,3,0.195,tp8pp1dp1etp8ep1,32
deepseek_v3__rtx_pro_6000_server__empirical,deepseek_v3,rtx_pro_6000_server,EMPIRICAL,decode,1.6146,0.5409600000000001,2.98469387755102,0.5409600000000001,0.541,7.394262052634015e-05,1003.153,54.848,18.232,17.311,1,1,1,1.794,tp8pp1dp1etp1ep8,11,11,3,0.196,tp8pp1dp1etp1ep8,32
deepseek_v3__rtx_pro_6000_server__empirical,deepseek_v3,rtx_pro_6000_server,EMPIRICAL,decode,1.6146,0.5409600000000001,2.98469387755102,0.5409600000000001,0.541,7.394262052634015e-05,1003.153,54.864,18.227,17.311,1,1,1,1.794,tp8pp1dp1etp1ep8,11,11,3,0.196,tp8pp1dp1etp2ep4,32
deepseek_v3__rtx_pro_6000_server__empirical,deepseek_v3,rtx_pro_6000_server,EMPIRICAL,decode,1.6146,0.5409600000000001,2.98469387755102,0.5409600000000001,0.541,7.394262052634015e-05,1003.153,54.896,18.216,17.311,1,1,1,1.794,tp8pp1dp1etp1ep8,11,11,3,0.196,tp8pp1dp1etp4ep2,32
deepseek_v3__rtx_pro_6000_server__empirical,deepseek_v3,rtx_pro_6000_server,EMPIRICAL,decode,1.6146,0.5409600000000001,2.98469387755102,0.5409600000000001,0.541,7.394262052634015e-05,1003.153,54.959,18.195,17.311,1,1,1,1.794,tp8pp1dp1etp1ep8,11,11,3,0.196,tp8pp1dp1etp8ep1,32
deepseek_v3__rtx_pro_6000_server__empirical,deepseek_v3,rtx_pro_6000_server,EMPIRICAL,decode,1.6146,0.5409600000000001,2.98469387755102,0.5409600000000001,0.541,7.394262052634015e-05,1003.153,59.723,16.744,17.311,1,1,1,1.794,tp8pp1dp1etp1ep8,12,12,3,0.196,tp8pp1dp1etp2ep4,32
deepseek_v3__rtx_pro_6000_server__empirical,deepseek_v3,rtx_pro_6000_server,EMPIRICAL,decode,1.6146,0.5409600000000001,2.98469387755102,0.5409600000000001,0.541,7.394262052634015e-05,1003.153,59.758,16.734,17.311,1,1,1,1.794,tp8pp1dp1etp1ep8,12,12,3,0.196,tp8pp1dp1etp4ep2,32
deepseek_v3__rtx_pro_6000_server__empirical,deepseek_v3,rtx_pro_6000_server,EMPIRICAL,decode,1.6146,0.5409600000000001,2.98469387755102,0.5409600000000001,0.541,7.394262052634015e-05,1003.153,59.828,16.715,17.311,1,1,1,1.794,tp8pp1dp1etp1ep8,12,12,3,0.196,tp8pp1dp1etp8ep1,32
deepseek_v3__rtx_pro_6000_server__empirical,deepseek_v3,rtx_pro_6000_server,EMPIRICAL,decode,1.6146,0.54372,2.969543147208122,0.54372,0.544,0.000514970940925583,1003.153,64.564,15.489,17.399,1,1,1,1.794,tp8pp1dp1etp1ep8,13,13,3,0.197,tp8pp1dp1etp1ep8,32
deepseek_v3__rtx_pro_6000_server__empirical,deepseek_v3,rtx_pro_6000_server,EMPIRICAL,decode,1.6146,0.54372,2.969543147208122,0.54372,0.544,0.000514970940925583,1003.153,64.583,15.484,17.399,1,1,1,1.794,tp8pp1dp1etp1ep8,13,13,3,0.197,tp8pp1dp1etp2ep4,32
deepseek_v3__rtx_pro_6000_server__empirical,deepseek_v3,rtx_pro_6000_server,EMPIRICAL,decode,1.6146,0.54372,2.969543147208122,0.54372,0.544,0.000514970940925583,1003.153,64.62,15.475,17.399,1,1,1,1.794,tp8pp1dp1etp1ep8,13,13,3,0.197,tp8pp1dp1etp4ep2,32
deepseek_v3__rtx_pro_6000_server__empirical,deepseek_v3,rtx_pro_6000_server,EMPIRICAL,decode,1.6146,0.54372,2.969543147208122,0.54372,0.544,0.000514970940925583,1003.153,69.564,14.375,17.399,1,1,1,1.794,tp8pp1dp1etp1ep8,14,14,3,0.197,tp8pp1dp1etp8ep1,32
deepseek_v3__rtx_pro_6000_server__empirical,deepseek_v3,rtx_pro_6000_server,EMPIRICAL,decode,1.6146,0.6072000000000001,2.6590909090909087,0.6072000000000001,0.607,0.0003293807641635194,1003.153,79.959,12.506,19.43,1,1,1,1.794,tp8pp1dp1etp1ep8,18,18,3,0.22,tp8pp1dp1etp1ep8,32
deepseek_v3__rtx_pro_6000_server__empirical,deepseek_v3,rtx_pro_6000_server,EMPIRICAL,decode,1.6146,0.6072000000000001,2.6590909090909087,0.6072000000000001,0.607,0.0003293807641635194,1003.153,79.985,12.502,19.43,1,1,1,1.794,tp8pp1dp1etp1ep8,18,18,3,0.22,tp8pp1dp1etp2ep4,32
deepseek_v3__rtx_pro_6000_server__empirical,deepseek_v3,rtx_pro_6000_server,EMPIRICAL,decode,1.6146,0.6072000000000001,2.6590909090909087,0.6072000000000001,0.607,0.0003293807641635194,1003.153,80.037,12.494,19.43,1,1,1,1.794,tp8pp1dp1etp1ep8,18,18,3,0.22,tp8pp1dp1etp4ep2,32
deepseek_v3__rtx_pro_6000_server__empirical,deepseek_v3,rtx_pro_6000_server,EMPIRICAL,decode,1.6146,0.6072000000000001,2.6590909090909087,0.6072000000000001,0.607,0.0003293807641635194,1003.153,80.141,12.478,19.43,1,1,1,1.794,tp8pp1dp1etp1ep8,18,18,3,0.22,tp8pp1dp1etp8ep1,32
llama31_70b__a100_sxm__analytical,llama31_70b,a100_sxm,ANALYTICAL,decode,1.9746,0.18216000000000002,10.8399209486166,0.18216000000000002,0.182,0.0008783487044357774,820.363,14.886,67.176,5.829,1,1,1,2.194,tp8pp1dp1etp1ep1,1,1,3,0.066,tp8pp1dp1etp1ep1,32
llama31_70b__a100_sxm__analytical,llama31_70b,a100_sxm,ANALYTICAL,decode,1.9746,0.8556,2.3078541374474053,0.8556,0.856,0.0004675081813931229,820.363,15.771,63.409,27.379,1,1,1,2.194,tp8pp1dp1etp1ep1,5,5,3,0.31,tp8pp1dp1etp1ep1,32
llama31_70b__a100_sxm__analytical,llama31_70b,a100_sxm,ANALYTICAL,decode,1.9746,1.5897599999999998,1.2420742753623188,1.5897599999999998,1.59,0.00015096618357503022,820.363,16.982,58.885,50.872,1,1,1,2.194,tp8pp1dp1etp1ep1,10,10,3,0.576,tp8pp1dp1etp1ep1,32
llama31_70b__a100_sxm__analytical,llama31_70b,a100_sxm,ANALYTICAL,prefill,1.9746,2.10864,0.9364329615297063,1.9746,1.975,0.00020257267294650967,820.363,17.907,55.846,63.187,1,1,1,2.194,tp8pp1dp1etp1ep1,14,14,3,0.764,tp8pp1dp1etp1ep1,32
llama31_70b__a100_sxm__analytical,llama31_70b,a100_sxm,ANALYTICAL,decode,1.9746,1.7148800000000002,1.1514508303788018,1.7148800000000002,1.715,6.997574174280297e-05,820.363,18.878,52.972,73.168,1,1,1,2.194,tp8pp1dp1etp1ep1,18,18,2,0.932,tp8pp1dp1etp1ep1,24
llama31_70b__a100_sxm__analytical,llama31_70b,a100_sxm,ANALYTICAL,prefill,1.9746,1.99272,0.9909069011200771,1.9746,1.975,0.00020257267294650967,820.363,19.849,50.379,84.25,1,1,1,2.194,tp8pp1dp1etp1ep1,22,22,2,1.083,tp8pp1dp1etp1ep1,24
llama31_70b__a100_sxm__analytical,llama31_70b,a100_sxm,ANALYTICAL,decode,1.9746,1.4848800000000002,1.329804428640698,1.4848800000000002,1.485,8.0814611281651e-05,820.363,24.221,41.287,95.032,1,1,1,2.194,tp8pp1dp1etp1ep1,40,40,1,1.614,tp8pp1dp1etp1ep1,16
llama31_70b__a100_sxm__analytical,llama31_70b,a100_sxm,ANALYTICAL,decode,1.9746,1.85564,1.0641072621844754,1.85564,1.856,0.00019400314716223945,820.363,29.078,34.39,118.761,1,1,1,2.194,tp8pp1dp1etp1ep1,60,60,1,2.017,tp8pp1dp1etp1ep1,16
llama31_70b__a100_sxm__analytical,llama31_70b,a100_sxm,ANALYTICAL,decode,1.1772,1.0626,1.1078486730660644,1.0626,1.063,0.0003764351590438132,1376.381,29.619,33.763,45.338,1,1,1,1.308,tp4pp1dp1etp1ep1,7,7,5,0.231,tp4pp1dp1etp1ep1,24
llama31_70b__a100_sxm__analytical,llama31_70b,a100_sxm,ANALYTICAL,prefill,1.9746,2.16384,0.9125443655723159,1.9746,1.975,0.00020257267294650967,820.363,34.907,28.648,126.374,1,1,1,2.194,tp8pp1dp1etp1ep1,84,84,1,2.352,tp8pp1dp1etp1ep1,16
llama31_70b__a100_sxm__analytical,llama31_70b,a100_sxm,ANALYTICAL,decode,2.3544,1.8731200000000001,1.2569402921329118,1.8731200000000001,1.873,6.406423507309729e-05,1376.381,34.584,28.915,79.92,1,1,2,1.308,tp4pp1dp1etp1ep1,18,18,4,0.509,tp4pp1dp1etp1ep1,24
llama31_70b__a100_sxm__analytical,llama31_70b,a100_sxm,ANALYTICAL,prefill,1.9746,2.35244,0.839383788747003,1.9746,1.975,0.00020257267294650967,820.363,39.764,25.148,126.374,1,1,1,2.194,tp8pp1dp1etp1ep1,104,104,1,2.557,tp8pp1dp1etp1ep1,16
llama31_70b__a100_sxm__analytical,llama31_70b,a100_sxm,ANALYTICAL,decode,3.5316000000000005,3.22,1.0967701863354038,3.22,3.22,0.0,1376.381,39.098,25.577,103.04,1,1,3,1.308,tp4pp1dp1etp1ep1,28,28,5,0.7,tp4pp1dp1etp1ep1,32
llama31_70b__a100_sxm__analytical,llama31_70b,a100_sxm,ANALYTICAL,prefill,1.9746,2.4987200000000005,0.7902446052378816,1.9746,1.975,0.00020257267294650967,820.363,44.621,22.411,126.374,1,1,1,2.194,tp8pp1dp1etp1ep1,124,124,1,2.716,tp8pp1dp1etp1ep1,16
llama31_70b__a100_sxm__analytical,llama31_70b,a100_sxm,ANALYTICAL,prefill,3.5316000000000005,4.0388,0.8744181440031693,3.5316000000000005,3.532,0.000113263110204868,1376.381,44.515,22.464,113.011,1,1,3,1.308,tp4pp1dp1etp1ep1,40,40,5,0.878,tp4pp1dp1etp1ep1,32
llama31_70b__a100_sxm__analytical,llama31_70b,a100_sxm,ANALYTICAL,prefill,1.9746,2.6174000000000004,0.7544127760372887,1.9746,1.975,0.00020257267294650967,820.363,49.478,20.211,126.374,1,1,1,2.194,tp8pp1dp1etp1ep1,144,144,1,2.845,tp8pp1dp1etp1ep1,16
llama31_70b__a100_sxm__analytical,llama31_70b,a100_sxm,ANALYTICAL,decode,1.1772,0.9365600000000001,1.2569402921329118,0.9365600000000001,0.937,0.0004698043905355727,1376.381,49.932,20.027,119.88,1,1,1,1.308,tp4pp1dp1etp1ep1,52,52,1,1.018,tp4pp1dp1etp1ep1,8
llama31_70b__a100_sxm__analytical,llama31_70b,a100_sxm,ANALYTICAL,decode,1.1772,1.0074,1.1685527099463966,1.0074,1.007,0.00039706174310122886,1376.381,53.543,18.676,128.947,1,1,1,1.308,tp4pp1dp1etp1ep1,60,60,1,1.095,tp4pp1dp1etp1ep1,8
llama31_70b__a100_sxm__analytical,llama31_70b,a100_sxm,ANALYTICAL,prefill,1.9746,2.69652,0.7322771572248675,1.9746,1.975,0.00020257267294650967,820.363,53.364,18.739,126.374,1,1,1,2.194,tp8pp1dp1etp1ep1,160,160,1,2.931,tp8pp1dp1etp1ep1,16
llama31_70b__a100_sxm__analytical,llama31_70b,a100_sxm,ANALYTICAL,decode,0.6507,0.57316,1.1352850861888477,0.57316,0.573,0.00027915416288653953,2488.414,54.706,18.28,36.682,1,1,1,0.723,tp2pp1dp1etp1ep1,5,5,7,0.089,tp2pp1dp1etp1ep1,16
llama31_70b__a100_sxm__analytical,llama31_70b,a100_sxm,ANALYTICAL,decode,3.5316000000000005,3.29544,1.0716626611317457,3.29544,3.295,0.00013351783069945683,1376.381,58.96,16.961,140.605,1,1,3,1.308,tp4pp1dp1etp1ep1,72,72,3,1.194,tp4pp1dp1etp1ep1,24
llama31_70b__a100_sxm__analytical,llama31_70b,a100_sxm,ANALYTICAL,prefill,1.9746,2.7958800000000004,0.7062534872741318,1.9746,1.975,0.00020257267294650967,820.363,59.193,16.894,126.374,1,1,1,2.194,tp8pp1dp1etp1ep1,184,184,1,3.039,tp8pp1dp1etp1ep1,16
llama31_70b__a100_sxm__analytical,llama31_70b,a100_sxm,ANALYTICAL,decode,1.9521000000000002,1.48212,1.3170998299732815,1.48212,1.482,8.096510404023966e-05,2488.414,59.917,16.69,63.237,1,1,3,0.723,tp2pp1dp1etp1ep1,11,11,9,0.179,tp2pp1dp1etp1ep1,24
llama31_70b__a100_sxm__analytical,llama31_70b,a100_sxm,ANALYTICAL,decode,1.1772,1.173,1.0035805626598466,1.173,1.173,0.0,1376.381,64.377,15.533,150.144,1,1,1,1.308,tp4pp1dp1etp1ep1,84,84,1,1.275,tp4pp1dp1etp1ep1,8
llama31_70b__a100_sxm__analytical,llama31_70b,a100_sxm,ANALYTICAL,prefill,1.9746,2.8510800000000005,0.6925796540258427,1.9746,1.975,0.00020257267294650967,820.363,63.078,15.853,126.374,1,1,1,2.194,tp8pp1dp1etp1ep1,200,200,1,3.099,tp8pp1dp1etp1ep1,16
llama31_70b__a100_sxm__analytical,llama31_70b,a100_sxm,ANALYTICAL,decode,1.9521000000000002,1.5980400000000001,1.2215589096643389,1.5980400000000001,1.598,2.5030662561663038e-05,2488.414,60.785,16.451,68.183,1,1,3,0.723,tp2pp1dp1etp1ep1,12,12,9,0.193,tp2pp1dp1etp1ep1,24
llama31_70b__a100_sxm__analytical,llama31_70b,a100_sxm,ANALYTICAL,prefill,3.5316000000000005,3.7122,0.9513496040084048,3.5316000000000005,3.532,0.000113263110204868,1376.381,69.794,14.328,150.682,1,1,3,1.308,tp4pp1dp1etp1ep1,96,96,3,1.345,tp4pp1dp1etp1ep1,24
llama31_70b__a100_sxm__analytical,llama31_70b,a100_sxm,ANALYTICAL,prefill,1.9746,2.92376,0.6753632309081457,1.9746,1.975,0.00020257267294650967,820.363,68.907,14.512,126.374,1,1,1,2.194,tp8pp1dp1etp1ep1,224,224,1,3.178,tp8pp1dp1etp1ep1,16
llama31_70b__a100_sxm__analytical,llama31_70b,a100_sxm,ANALYTICAL,prefill,3.5316000000000005,3.8226000000000004,0.9238738031706168,3.5316000000000005,3.532,0.000113263110204868,1376.381,73.405,13.623,150.682,1,1,3,1.308,tp4pp1dp1etp1ep1,104,104,3,1.385,tp4pp1dp1etp1ep1,24
llama31_70b__a100_sxm__analytical,llama31_70b,a100_sxm,ANALYTICAL,decode,3.9492,2.9844800000000005,1.3232455905216316,2.9844800000000005,2.984,0.00016083203774207901,820.363,74.736,13.38,127.338,1,1,2,2.194,tp8pp1dp1etp1ep1,248,248,1,3.244,tp8pp1dp1etp1ep1,24
llama31_70b__a100_sxm__analytical,llama31_70b,a100_sxm,ANALYTICAL,prefill,3.5316000000000005,3.87504,0.9113712374581941,3.5316000000000005,3.532,0.000113263110204868,1376.381,75.211,13.296,150.682,1,1,3,1.308,tp4pp1dp1etp1ep1,108,108,3,1.404,tp4pp1dp1etp1ep1,24
llama31_70b__a100_sxm__analytical,llama31_70b,a100_sxm,ANALYTICAL,decode,3.9492,3.0194400000000003,1.307924648279151,3.0194400000000003,3.019,0.00014572238560799948,820.363,78.621,12.719,128.829,1,1,2,2.194,tp8pp1dp1etp1ep1,264,264,1,3.282,tp8pp1dp1etp1ep1,24
llama31_70b__a100_sxm__analytical,llama31_70b,a100_sxm,ANALYTICAL,decode,3.9492,3.0672800000000002,1.2875251036749171,3.0672800000000002,3.067,9.128609060798426e-05,820.363,84.45,11.841,130.871,1,1,2,2.194,tp8pp1dp1etp1ep1,288,288,1,3.334,tp8pp1dp1etp1ep1,24
llama31_70b__a100_sxm__analytical,llama31_70b,a100_sxm,ANALYTICAL,decode,3.9492,3.0810800000000005,1.2817583444766119,3.0810800000000005,3.081,2.5964921391370584e-05,820.363,86.393,11.575,131.459,1,1,2,2.194,tp8pp1dp1etp1ep1,296,296,1,3.349,tp8pp1dp1etp1ep1,24
llama31_70b__a100_sxm__empirical,llama31_70b,a100_sxm,EMPIRICAL,decode,2.0106,0.83628,2.4042186827378393,0.83628,0.836,0.00033481609030475194,805.707,12.919,77.406,26.761,1,1,1,2.234,tp8pp1dp1etp1ep1,4,4,3,0.303,tp8pp1dp1etp1ep1,32
llama31_70b__a100_sxm__empirical,llama31_70b,a100_sxm,EMPIRICAL,decode,2.0106,1.9458,1.0333024976873266,1.9458,1.946,0.00010278548668926815,805.707,13.87,72.099,62.266,1,1,1,2.234,tp8pp1dp1etp1ep1,10,10,3,0.705,tp8pp1dp1etp1ep1,32
llama31_70b__a100_sxm__empirical,llama31_70b,a100_sxm,EMPIRICAL,decode,2.0106,1.9412,1.035751081805069,1.9412,1.941,0.00010302905419327116,805.707,14.821,67.473,82.825,1,1,1,2.234,tp8pp1dp1etp1ep1,16,16,2,1.055,tp8pp1dp1etp1ep1,24
llama31_70b__a100_sxm__empirical,llama31_70b,a100_sxm,EMPIRICAL,prefill,2.0106,2.5097600000000004,0.8011124569679968,2.0106,2.011,0.0001989455883815557,805.707,15.772,63.405,85.786,1,1,1,2.234,tp8pp1dp1etp1ep1,22,22,2,1.364,tp8pp1dp1etp1ep1,24
llama31_70b__a100_sxm__empirical,llama31_70b,a100_sxm,EMPIRICAL,decode,2.0106,1.50604,1.3350243021433694,1.50604,1.506,2.6559719529388332e-05,805.707,16.723,59.799,96.387,1,1,1,2.234,tp8pp1dp1etp1ep1,28,28,1,1.637,tp8pp1dp1etp1ep1,16
llama31_70b__a100_sxm__empirical,llama31_70b,a100_sxm,EMPIRICAL,decode,2.0106,1.79952,1.1172979461189652,1.79952,1.8,0.00026673779674581886,805.707,17.99,55.585,115.169,1,1,1,2.234,tp8pp1dp1etp1ep1,36,36,1,1.956,tp8pp1dp1etp1ep1,16
llama31_70b__a100_sxm__empirical,llama31_70b,a100_sxm,EMPIRICAL,decode,2.0106,1.9310800000000004,1.041179029351451,1.9310800000000004,1.931,4.142759492113327e-05,805.707,18.624,53.693,123.589,1,1,1,2.234,tp8pp1dp1etp1ep1,40,40,1,2.099,tp8pp1dp1etp1ep1,16
llama31_70b__a100_sxm__empirical,llama31_70b,a100_sxm,EMPIRICAL,prefill,2.0106,2.17028,0.926424240190206,2.0106,2.011,0.0001989455883815557,805.707,19.892,50.271,128.678,1,1,1,2.234,tp8pp1dp1etp1ep1,48,48,1,2.359,tp8pp1dp1etp1ep1,16
llama31_70b__a100_sxm__empirical,llama31_70b,a100_sxm,EMPIRICAL,prefill,2.0106,2.8823600000000003,0.6975533937467908,2.0106,2.011,0.0001989455883815557,805.707,24.964,40.058,128.678,1,1,1,2.234,tp8pp1dp1etp1ep1,80,80,1,3.133,tp8pp1dp1etp1ep1,16
llama31_70b__a100_sxm__empirical,llama31_70b,a100_sxm,EMPIRICAL,decode,1.1763,1.01108,1.1634094235866597,1.01108,1.011,7.912331368445624e-05,1377.401,24.92,40.128,32.355,1,1,1,1.307,tp4pp1dp1etp1ep1,4,4,7,0.157,tp4pp1dp1etp1ep1,32
llama31_70b__a100_sxm__empirical,llama31_70b,a100_sxm,EMPIRICAL,decode,4.0212,3.30372,1.2171733682031165,3.30372,3.304,8.47529451647276e-05,805.707,29.401,34.012,140.959,1,1,2,2.234,tp8pp1dp1etp1ep1,108,108,1,3.591,tp8pp1dp1etp1ep1,24
llama31_70b__a100_sxm__empirical,llama31_70b,a100_sxm,EMPIRICAL,prefill,2.3526,2.4435200000000004,0.9627913829229962,2.3526,2.353,0.0001700246535749384,1377.401,29.445,33.962,100.378,1,1,2,1.307,tp4pp1dp1etp1ep1,20,20,4,0.664,tp4pp1dp1etp1ep1,24
llama31_70b__a100_sxm__empirical,llama31_70b,a100_sxm,EMPIRICAL,decode,4.0212,3.61468,1.1124636205694558,3.61468,3.615,8.852789181900474e-05,805.707,33.839,29.552,154.226,1,1,2,2.234,tp8pp1dp1etp1ep1,136,136,1,3.929,tp8pp1dp1etp1ep1,24
llama31_70b__a100_sxm__empirical,llama31_70b,a100_sxm,EMPIRICAL,decode,1.1763,0.9531200000000001,1.2341572939399024,0.9531200000000001,0.953,0.0001259022998154692,1377.401,33.97,29.438,121.999,1,1,1,1.307,tp4pp1dp1etp1ep1,36,36,1,1.036,tp4pp1dp1etp1ep1,8
llama31_70b__a100_sxm__empirical,llama31_70b,a100_sxm,EMPIRICAL,decode,4.0212,3.83916,1.047416622386147,3.83916,3.839,4.167578324429302e-05,805.707,39.353,25.411,163.804,1,1,2,2.234,tp8pp1dp1etp1ep1,168,168,1,4.173,tp8pp1dp1etp1ep1,24
llama31_70b__a100_sxm__empirical,llama31_70b,a100_sxm,EMPIRICAL,prefill,1.1763,1.27052,0.9258413877782324,1.1763,1.176,0.0002550369803621244,1377.401,39.626,25.236,150.566,1,1,1,1.307,tp4pp1dp1etp1ep1,56,56,1,1.381,tp4pp1dp1etp1ep1,8
llama31_70b__a100_sxm__empirical,llama31_70b,a100_sxm,EMPIRICAL,decode,4.0212,3.8621600000000007,1.041179029351451,3.8621600000000007,3.862,4.142759492113327e-05,805.707,44.707,22.368,164.785,1,1,2,2.234,tp8pp1dp1etp1ep1,192,192,1,4.198,tp8pp1dp1etp1ep1,24
llama31_70b__a100_sxm__empirical,llama31_70b,a100_sxm,EMPIRICAL,prefill,1.1763,1.4664800000000002,0.802124815885658,1.1763,1.176,0.0002550369803621244,1377.401,44.15,22.65,150.566,1,1,1,1.307,tp4pp1dp1etp1ep1,72,72,1,1.594,tp4pp1dp1etp1ep1,8
llama31_70b__a100_sxm__empirical,llama31_70b,a100_sxm,EMPIRICAL,decode,4.0212,3.86768,1.039693045960369,3.86768,3.868,8.273693790589603e-05,805.707,48.368,20.675,165.021,1,1,2,2.234,tp8pp1dp1etp1ep1,208,208,1,4.204,tp8pp1dp1etp1ep1,24
llama31_70b__a100_sxm__empirical,llama31_70b,a100_sxm,EMPIRICAL,decode,5.8815,4.98456,1.1799436660407339,4.98456,4.985,8.827258574482361e-05,1377.401,49.806,20.078,159.506,1,1,5,1.307,tp4pp1dp1etp1ep1,92,92,3,1.806,tp4pp1dp1etp1ep1,32
llama31_70b__a100_sxm__empirical,llama31_70b,a100_sxm,EMPIRICAL,decode,1.2852,1.0764000000000002,1.1939799331103675,1.0764000000000002,1.076,0.00037160906726140647,2520.792,49.986,20.006,45.926,1,1,2,0.714,tp2pp1dp1etp1ep1,6,6,10,0.117,tp2pp1dp1etp1ep1,24
llama31_70b__a100_sxm__empirical,llama31_70b,a100_sxm,EMPIRICAL,decode,5.8815,5.362680000000001,1.096746402917944,5.362680000000001,5.363,5.9671656708853e-05,1377.401,54.331,18.406,171.606,1,1,5,1.307,tp4pp1dp1etp1ep1,108,108,3,1.943,tp4pp1dp1etp1ep1,32
llama31_70b__a100_sxm__empirical,llama31_70b,a100_sxm,EMPIRICAL,decode,4.0212,3.8741200000000005,1.037964750704676,3.8741200000000005,3.874,3.0974776207330194e-05,805.707,53.858,18.567,165.296,1,1,2,2.234,tp8pp1dp1etp1ep1,232,232,1,4.211,tp8pp1dp1etp1ep1,24
llama31_70b__a100_sxm__empirical,llama31_70b,a100_sxm,EMPIRICAL,decode,0.6426,0.6099600000000001,1.0535117056856185,0.6099600000000001,0.61,6.557807069304377e-05,2520.792,53.174,18.806,78.075,1,1,1,0.714,tp2pp1dp1etp1ep1,12,12,3,0.221,tp2pp1dp1etp1ep1,8
llama31_70b__a100_sxm__empirical,llama31_70b,a100_sxm,EMPIRICAL,decode,4.0212,3.8787200000000004,1.0367337678409372,3.8787200000000004,3.879,7.218876330325825e-05,805.707,59.349,16.849,165.492,1,1,2,2.234,tp8pp1dp1etp1ep1,256,256,1,4.216,tp8pp1dp1etp1ep1,24
llama31_70b__a100_sxm__empirical,llama31_70b,a100_sxm,EMPIRICAL,decode,4.0212,3.8833200000000003,1.035505701307129,3.8833200000000003,3.883,8.240371640769238e-05,805.707,64.84,15.423,165.688,1,1,2,2.234,tp8pp1dp1etp1ep1,280,280,1,4.221,tp8pp1dp1etp1ep1,24
llama31_70b__a100_sxm__empirical,llama31_70b,a100_sxm,EMPIRICAL,decode,4.0212,3.88608,1.034770256916996,3.88608,3.886,2.058629776023139e-05,805.707,68.5,14.598,165.806,1,1,2,2.234,tp8pp1dp1etp1ep1,296,296,1,4.224,tp8pp1dp1etp1ep1,24
llama31_70b__a100_sxm__silicon,llama31_70b,a100_sxm,SILICON,decode,1.8243000000000003,0.14628000000000002,12.471287940935193,0.14628000000000002,0.146,0.0019141372709873543,887.875,18.6,53.764,4.681,1,1,1,2.027,tp8pp1dp1etp1ep1,1,1,3,0.053,tp8pp1dp1etp1ep1,32
llama31_70b__a100_sxm__silicon,llama31_70b,a100_sxm,SILICON,decode,1.8243000000000003,0.6900000000000001,2.643913043478261,0.6900000000000001,0.69,1.6090188762683426e-16,887.875,19.579,51.076,22.08,1,1,1,2.027,tp8pp1dp1etp1ep1,5,5,3,0.25,tp8pp1dp1etp1ep1,32
llama31_70b__a100_sxm__silicon,llama31_70b,a100_sxm,SILICON,prefill,1.8243000000000003,1.8547200000000001,0.9835986024844721,1.8243000000000003,1.824,0.00016444663706637557,887.875,23.286,42.944,58.378,1,1,1,2.027,tp8pp1dp1etp1ep1,16,16,3,0.672,tp8pp1dp1etp1ep1,32
llama31_70b__a100_sxm__silicon,llama31_70b,a100_sxm,SILICON,prefill,1.8243000000000003,2.2448,0.8126781895937278,1.8243000000000003,1.824,0.00016444663706637557,887.875,28.846,34.667,77.837,1,1,1,2.027,tp8pp1dp1etp1ep1,36,36,2,1.22,tp8pp1dp1etp1ep1,24
llama31_70b__a100_sxm__silicon,llama31_70b,a100_sxm,SILICON,decode,1.8243000000000003,1.3708,1.3308287131601986,1.3708,1.371,0.00014590020426026988,887.875,34.107,29.319,87.731,1,1,1,2.027,tp8pp1dp1etp1ep1,52,52,1,1.49,tp8pp1dp1etp1ep1,16
llama31_70b__a100_sxm__silicon,llama31_70b,a100_sxm,SILICON,decode,1.1331,1.0488000000000002,1.0803775743707091,1.0488000000000002,1.049,0.00019069412662066733,1430.12,34.263,29.186,44.749,1,1,1,1.259,tp4pp1dp1etp1ep1,8,8,5,0.228,tp4pp1dp1etp1ep1,24
llama31_70b__a100_sxm__silicon,llama31_70b,a100_sxm,SILICON,decode,1.8243000000000003,1.4775200000000002,1.2347040987600846,1.4775200000000002,1.478,0.00032486869890073494,887.875,38.964,25.664,94.561,1,1,1,2.027,tp8pp1dp1etp1ep1,64,64,1,1.606,tp8pp1dp1etp1ep1,16
llama31_70b__a100_sxm__silicon,llama31_70b,a100_sxm,SILICON,prefill,1.1331,1.14264,0.9916509136735979,1.1331,1.133,8.825346394845025e-05,1430.12,37.769,26.477,72.518,1,1,1,1.259,tp4pp1dp1etp1ep1,16,16,3,0.414,tp4pp1dp1etp1ep1,16
llama31_70b__a100_sxm__silicon,llama31_70b,a100_sxm,SILICON,decode,2.2662,1.93568,1.1707513638617952,1.93568,1.936,0.0001653165812530356,1430.12,44.636,22.404,82.589,1,1,2,1.259,tp4pp1dp1etp1ep1,24,24,4,0.526,tp4pp1dp1etp1ep1,24
llama31_70b__a100_sxm__silicon,llama31_70b,a100_sxm,SILICON,decode,1.8243000000000003,1.58424,1.1515300712013332,1.58424,1.584,0.00015149219815180652,887.875,49.958,20.017,101.391,1,1,1,2.027,tp8pp1dp1etp1ep1,88,88,1,1.722,tp8pp1dp1etp1ep1,16
llama31_70b__a100_sxm__silicon,llama31_70b,a100_sxm,SILICON,decode,2.2662,2.21168,1.0246509440787095,2.21168,2.212,0.0001446863922449541,1430.12,48.776,20.502,94.365,1,1,2,1.259,tp4pp1dp1etp1ep1,30,30,4,0.601,tp4pp1dp1etp1ep1,24
llama31_70b__a100_sxm__silicon,llama31_70b,a100_sxm,SILICON,prefill,1.8243000000000003,1.8317200000000002,0.9959491625357587,1.8243000000000003,1.824,0.00016444663706637557,887.875,54.991,18.185,116.755,1,1,1,2.027,tp8pp1dp1etp1ep1,112,112,1,1.991,tp8pp1dp1etp1ep1,16
llama31_70b__a100_sxm__silicon,llama31_70b,a100_sxm,SILICON,decode,3.3992999999999998,3.3442,1.016476287303391,3.3442,3.344,5.9805035583989586e-05,1430.12,53.766,18.599,107.014,1,1,3,1.259,tp4pp1dp1etp1ep1,40,40,5,0.727,tp4pp1dp1etp1ep1,32
llama31_70b__a100_sxm__silicon,llama31_70b,a100_sxm,SILICON,decode,0.6318,0.49679999999999996,1.2717391304347827,0.49679999999999996,0.497,0.0004025764895330787,2564.055,54.731,18.271,15.898,1,1,1,0.702,tp2pp1dp1etp1ep1,2,2,15,0.036,tp2pp1dp1etp1ep1,32
llama31_70b__a100_sxm__silicon,llama31_70b,a100_sxm,SILICON,prefill,1.8243000000000003,1.89152,0.9644624429030622,1.8243000000000003,1.824,0.00016444663706637557,887.875,58.959,16.961,116.755,1,1,1,2.027,tp8pp1dp1etp1ep1,124,124,1,2.056,tp8pp1dp1etp1ep1,16
llama31_70b__a100_sxm__silicon,llama31_70b,a100_sxm,SILICON,prefill,3.3992999999999998,3.730600000000001,0.9111939098268372,3.3992999999999998,3.399,8.825346394838494e-05,1430.12,57.873,17.279,108.778,1,1,3,1.259,tp4pp1dp1etp1ep1,48,48,5,0.811,tp4pp1dp1etp1ep1,32
llama31_70b__a100_sxm__silicon,llama31_70b,a100_sxm,SILICON,decode,1.2636,1.0672000000000001,1.1840329835082457,1.0672000000000001,1.067,0.0001874062968517616,2564.055,59.023,16.943,45.534,1,1,2,0.702,tp2pp1dp1etp1ep1,7,7,10,0.116,tp2pp1dp1etp1ep1,24
llama31_70b__a100_sxm__silicon,llama31_70b,a100_sxm,SILICON,prefill,1.8243000000000003,1.92188,0.9492267987595481,1.8243000000000003,1.824,0.00016444663706637557,887.875,63.646,15.712,116.755,1,1,1,2.027,tp8pp1dp1etp1ep1,136,136,1,2.089,tp8pp1dp1etp1ep1,16
llama31_70b__a100_sxm__silicon,llama31_70b,a100_sxm,SILICON,prefill,3.3992999999999998,4.1906,0.8111726244451868,3.3992999999999998,3.399,8.825346394838494e-05,1430.12,64.347,15.541,108.778,1,1,3,1.259,tp4pp1dp1etp1ep1,60,60,5,0.911,tp4pp1dp1etp1ep1,32
llama31_70b__a100_sxm__silicon,llama31_70b,a100_sxm,SILICON,decode,1.8954,1.86576,1.015886287625418,1.86576,1.866,0.00012863390789813158,2564.055,62.852,15.91,59.704,1,1,3,0.702,tp2pp1dp1etp1ep1,10,10,13,0.156,tp2pp1dp1etp1ep1,32
llama31_70b__a100_sxm__silicon,llama31_70b,a100_sxm,SILICON,prefill,1.8243000000000003,1.9982400000000002,0.9129533989911122,1.8243000000000003,1.824,0.00016444663706637557,887.875,68.423,14.615,116.755,1,1,1,2.027,tp8pp1dp1etp1ep1,152,152,1,2.172,tp8pp1dp1etp1ep1,16
llama31_70b__a100_sxm__silicon,llama31_70b,a100_sxm,SILICON,decode,3.3992999999999998,2.59716,1.3088527468465554,2.59716,2.597,6.16057539774831e-05,1430.12,66.453,15.048,110.812,1,1,3,1.259,tp4pp1dp1etp1ep1,64,64,3,0.941,tp4pp1dp1etp1ep1,24
llama31_70b__a100_sxm__silicon,llama31_70b,a100_sxm,SILICON,decode,0.6318,0.48024000000000006,1.315592203898051,0.48024000000000006,0.48,0.0004997501249376842,2564.055,67.338,14.85,61.471,1,1,1,0.702,tp2pp1dp1etp1ep1,12,12,3,0.174,tp2pp1dp1etp1ep1,8
llama31_70b__a100_sxm__silicon,llama31_70b,a100_sxm,SILICON,decode,3.3992999999999998,2.9035200000000003,1.1707513638617952,2.9035200000000003,2.904,0.0001653165812529591,1430.12,74.315,13.456,123.884,1,1,3,1.259,tp4pp1dp1etp1ep1,80,80,3,1.052,tp4pp1dp1etp1ep1,24
llama31_70b__a100_sxm__silicon,llama31_70b,a100_sxm,SILICON,prefill,1.8243000000000003,2.22364,0.8204115774136103,1.8243000000000003,1.824,0.00016444663706637557,887.875,74.415,13.438,116.755,1,1,1,2.027,tp8pp1dp1etp1ep1,184,184,1,2.417,tp8pp1dp1etp1ep1,16
llama31_70b__a100_sxm__silicon,llama31_70b,a100_sxm,SILICON,decode,3.3992999999999998,3.3009600000000003,1.0297913334302746,3.3009600000000003,3.301,1.2117686975854889e-05,1430.12,78.451,12.747,140.841,1,1,3,1.259,tp4pp1dp1etp1ep1,96,96,3,1.196,tp4pp1dp1etp1ep1,24
llama31_70b__a100_sxm__silicon,llama31_70b,a100_sxm,SILICON,prefill,1.8243000000000003,2.27516,0.8018337171891209,1.8243000000000003,1.824,0.00016444663706637557,887.875,75.907,13.174,116.755,1,1,1,2.027,tp8pp1dp1etp1ep1,192,192,1,2.473,tp8pp1dp1etp1ep1,16
llama31_70b__a100_sxm__silicon,llama31_70b,a100_sxm,SILICON,prefill,1.1331,1.16564,0.9720840053532823,1.1331,1.133,8.825346394845025e-05,1430.12,83.323,12.002,145.037,1,1,1,1.259,tp4pp1dp1etp1ep1,108,108,1,1.267,tp4pp1dp1etp1ep1,8
llama31_70b__a100_sxm__silicon,llama31_70b,a100_sxm,SILICON,prefill,1.8243000000000003,2.39108,0.7629606704919953,1.8243000000000003,1.824,0.00016444663706637557,887.875,84.25,11.87,116.755,1,1,1,2.027,tp8pp1dp1etp1ep1,224,224,1,2.599,tp8pp1dp1etp1ep1,16
llama31_70b__a100_sxm__silicon,llama31_70b,a100_sxm,SILICON,prefill,1.8243000000000003,2.58244,0.7064249314601695,1.8243000000000003,1.824,0.00016444663706637557,887.875,89.152,11.217,116.755,1,1,1,2.027,tp8pp1dp1etp1ep1,256,256,1,2.807,tp8pp1dp1etp1ep1,16
llama31_70b__b200_sxm__analytical,llama31_70b,b200_sxm,ANALYTICAL,decode,9.315,2.7048,3.443877551020408,2.7048,2.705,7.394262052646331e-05,173.911,5.983,167.144,86.554,1,1,1,10.35,tp8pp1dp1etp1ep1,6,6,3,0.98,tp8pp1dp1etp1ep1,32
llama31_70b__b200_sxm__analytical,llama31_70b,b200_sxm,ANALYTICAL,decode,9.315,9.298440000000001,1.001780943900267,9.298440000000001,9.298,4.731976546615412e-05,173.911,6.964,143.596,297.55,1,1,1,10.35,tp8pp1dp1etp1ep1,24,24,3,3.369,tp8pp1dp1etp1ep1,32
llama31_70b__b200_sxm__analytical,llama31_70b,b200_sxm,ANALYTICAL,decode,9.315,9.137440000000002,1.019432138542086,9.137440000000002,9.137,4.8153530967219056e-05,173.911,7.873,127.018,389.864,1,1,1,10.35,tp8pp1dp1etp1ep1,40,40,2,4.966,tp8pp1dp1etp1ep1,24
llama31_70b__b200_sxm__analytical,llama31_70b,b200_sxm,ANALYTICAL,prefill,9.315,11.46872,0.8122092090486123,9.315,9.315,0.0,173.911,8.782,113.871,397.44,1,1,1,10.35,tp8pp1dp1etp1ep1,56,56,2,6.233,tp8pp1dp1etp1ep1,24
llama31_70b__b200_sxm__analytical,llama31_70b,b200_sxm,ANALYTICAL,decode,6.1974,2.09944,2.9519300384864535,2.09944,2.099,0.00020957969744302,261.41,8.997,111.144,67.182,1,1,1,6.886,tp4pp1dp1etp1ep1,3,3,7,0.326,tp4pp1dp1etp1ep1,32
llama31_70b__b200_sxm__analytical,llama31_70b,b200_sxm,ANALYTICAL,decode,9.315,6.89172,1.3516219463356025,6.89172,6.892,4.0628464302098455e-05,173.911,9.918,100.826,441.07,1,1,1,10.35,tp8pp1dp1etp1ep1,76,76,1,7.491,tp8pp1dp1etp1ep1,16
llama31_70b__b200_sxm__analytical,llama31_70b,b200_sxm,ANALYTICAL,decode,6.1974,5.8557999999999995,1.0583353256600294,5.8557999999999995,5.856,3.415417193217359e-05,261.41,9.986,100.14,249.847,1,1,1,6.886,tp4pp1dp1etp1ep1,13,13,5,1.273,tp4pp1dp1etp1ep1,24
llama31_70b__b200_sxm__analytical,llama31_70b,b200_sxm,ANALYTICAL,decode,9.315,7.64152,1.2189983144714664,7.64152,7.642,6.281472795994514e-05,173.911,10.827,92.362,489.057,1,1,1,10.35,tp8pp1dp1etp1ep1,92,92,1,8.306,tp8pp1dp1etp1ep1,16
llama31_70b__b200_sxm__analytical,llama31_70b,b200_sxm,ANALYTICAL,decode,6.1974,5.43996,1.1392363179141023,5.43996,5.44,7.352995242660249e-06,261.41,10.913,91.633,348.157,1,1,1,6.886,tp4pp1dp1etp1ep1,22,22,3,1.971,tp4pp1dp1etp1ep1,16
llama31_70b__b200_sxm__analytical,llama31_70b,b200_sxm,ANALYTICAL,decode,9.315,8.419839999999999,1.1063155594405596,8.419839999999999,8.42,1.9002736394165236e-05,173.911,11.963,83.59,538.87,1,1,1,10.35,tp8pp1dp1etp1ep1,112,112,1,9.152,tp8pp1dp1etp1ep1,16
llama31_70b__b200_sxm__analytical,llama31_70b,b200_sxm,ANALYTICAL,decode,12.3948,9.637920000000001,1.2860451217690123,9.637920000000001,9.638,8.300546175808445e-06,261.41,11.943,83.73,411.218,1,1,2,6.886,tp4pp1dp1etp1ep1,32,32,4,2.619,tp4pp1dp1etp1ep1,24
llama31_70b__b200_sxm__analytical,llama31_70b,b200_sxm,ANALYTICAL,decode,9.315,8.942400000000001,1.0416666666666665,8.942400000000001,8.942,4.4730721059317866e-05,173.911,12.872,77.687,572.314,1,1,1,10.35,tp8pp1dp1etp1ep1,128,128,1,9.72,tp8pp1dp1etp1ep1,16
llama31_70b__b200_sxm__analytical,llama31_70b,b200_sxm,ANALYTICAL,decode,12.3948,11.271840000000001,1.0996252608269812,11.271840000000001,11.272,1.419466564458614e-05,261.41,12.767,78.325,480.932,1,1,2,6.886,tp4pp1dp1etp1ep1,40,40,4,3.063,tp4pp1dp1etp1ep1,24
llama31_70b__b200_sxm__analytical,llama31_70b,b200_sxm,ANALYTICAL,prefill,9.315,9.396880000000001,0.9912864695515957,9.315,9.315,0.0,173.911,13.781,72.563,596.16,1,1,1,10.35,tp8pp1dp1etp1ep1,144,144,1,10.214,tp8pp1dp1etp1ep1,16
llama31_70b__b200_sxm__analytical,llama31_70b,b200_sxm,ANALYTICAL,prefill,12.3948,12.70336,0.9757103632424807,12.3948,12.395,1.613579888336511e-05,261.41,13.591,73.576,528.845,1,1,2,6.886,tp4pp1dp1etp1ep1,48,48,4,3.452,tp4pp1dp1etp1ep1,24
llama31_70b__b200_sxm__analytical,llama31_70b,b200_sxm,ANALYTICAL,prefill,9.315,9.795240000000002,0.9509721048182584,9.315,9.315,0.0,173.911,14.69,68.074,596.16,1,1,1,10.35,tp8pp1dp1etp1ep1,160,160,1,10.647,tp8pp1dp1etp1ep1,16
llama31_70b__b200_sxm__analytical,llama31_70b,b200_sxm,ANALYTICAL,decode,18.592200000000002,18.1976,1.0216841781333803,18.1976,18.198,2.1980920560901863e-05,261.41,14.827,67.442,582.323,1,1,3,6.886,tp4pp1dp1etp1ep1,60,60,5,3.956,tp4pp1dp1etp1ep1,32
llama31_70b__b200_sxm__analytical,llama31_70b,b200_sxm,ANALYTICAL,decode,3.7125,0.8970000000000001,4.138795986622073,0.8970000000000001,0.897,1.237706827898725e-16,436.41,14.974,66.785,28.704,1,1,1,4.125,tp2pp1dp1etp1ep1,1,1,15,0.065,tp2pp1dp1etp1ep1,32
llama31_70b__b200_sxm__analytical,llama31_70b,b200_sxm,ANALYTICAL,prefill,9.315,10.14668,0.9180342732795357,9.315,9.315,0.0,173.911,15.599,64.107,596.16,1,1,1,10.35,tp8pp1dp1etp1ep1,176,176,1,11.029,tp8pp1dp1etp1ep1,16
llama31_70b__b200_sxm__analytical,llama31_70b,b200_sxm,ANALYTICAL,prefill,18.592200000000002,19.5362,0.9516794463611142,18.592200000000002,18.592,1.0757199255767826e-05,261.41,15.652,63.891,594.95,1,1,3,6.886,tp4pp1dp1etp1ep1,68,68,5,4.247,tp4pp1dp1etp1ep1,32
llama31_70b__b200_sxm__analytical,llama31_70b,b200_sxm,ANALYTICAL,prefill,3.7125,3.7342800000000005,0.9941675503711558,3.7125,3.712,0.00013468013468006005,436.41,15.912,62.845,158.4,1,1,1,4.125,tp2pp1dp1etp1ep1,6,6,11,0.369,tp2pp1dp1etp1ep1,24
llama31_70b__b200_sxm__analytical,llama31_70b,b200_sxm,ANALYTICAL,prefill,9.315,10.60392,0.8784487246225923,9.315,9.315,0.0,173.911,16.962,58.954,596.16,1,1,1,10.35,tp8pp1dp1etp1ep1,200,200,1,11.526,tp8pp1dp1etp1ep1,16
llama31_70b__b200_sxm__analytical,llama31_70b,b200_sxm,ANALYTICAL,prefill,18.592200000000002,21.3026,0.8727667045337189,18.592200000000002,18.592,1.0757199255767826e-05,261.41,16.888,59.215,594.95,1,1,3,6.886,tp4pp1dp1etp1ep1,80,80,5,4.631,tp4pp1dp1etp1ep1,32
llama31_70b__b200_sxm__analytical,llama31_70b,b200_sxm,ANALYTICAL,decode,7.425,5.8604,1.2669783632516551,5.8604,5.86,6.825472663981229e-05,436.41,16.889,59.21,250.044,1,1,2,4.125,tp2pp1dp1etp1ep1,11,11,10,0.637,tp2pp1dp1etp1ep1,24
llama31_70b__b200_sxm__analytical,llama31_70b,b200_sxm,ANALYTICAL,prefill,9.315,10.8698,0.856961489631824,9.315,9.315,0.0,173.911,17.871,55.956,596.16,1,1,1,10.35,tp8pp1dp1etp1ep1,216,216,1,11.815,tp8pp1dp1etp1ep1,16
llama31_70b__b200_sxm__analytical,llama31_70b,b200_sxm,ANALYTICAL,prefill,18.592200000000002,22.342200000000002,0.8321561887370089,18.592200000000002,18.592,1.0757199255767826e-05,261.41,17.712,56.46,594.95,1,1,3,6.886,tp4pp1dp1etp1ep1,88,88,5,4.857,tp4pp1dp1etp1ep1,32
llama31_70b__b200_sxm__analytical,llama31_70b,b200_sxm,ANALYTICAL,decode,11.137500000000001,10.465,1.0642618251313904,10.465,10.465,0.0,436.41,17.866,55.972,334.88,1,1,3,4.125,tp2pp1dp1etp1ep1,16,16,13,0.875,tp2pp1dp1etp1ep1,32
llama31_70b__b200_sxm__analytical,llama31_70b,b200_sxm,ANALYTICAL,decode,18.592200000000002,14.238840000000001,1.305738388801335,14.238840000000001,14.239,1.1236870419168403e-05,261.41,18.948,52.776,607.524,1,1,3,6.886,tp4pp1dp1etp1ep1,100,100,3,5.159,tp4pp1dp1etp1ep1,24
llama31_70b__b200_sxm__analytical,llama31_70b,b200_sxm,ANALYTICAL,prefill,9.315,11.10992,0.8384398807552169,9.315,9.315,0.0,173.911,18.78,53.247,596.16,1,1,1,10.35,tp8pp1dp1etp1ep1,232,232,1,12.076,tp8pp1dp1etp1ep1,16
llama31_70b__b200_sxm__analytical,llama31_70b,b200_sxm,ANALYTICAL,decode,3.7125,2.8924800000000004,1.2835006637902422,2.8924800000000004,2.892,0.00016594756057102555,436.41,18.648,53.626,370.237,1,1,1,4.125,tp2pp1dp1etp1ep1,20,20,3,1.048,tp2pp1dp1etp1ep1,8
llama31_70b__b200_sxm__analytical,llama31_70b,b200_sxm,ANALYTICAL,decode,6.1974,4.911880000000001,1.2617164914452306,4.911880000000001,4.912,2.4430564264397697e-05,261.41,19.772,50.577,628.721,1,1,1,6.886,tp4pp1dp1etp1ep1,108,108,1,5.339,tp4pp1dp1etp1ep1,8
llama31_70b__b200_sxm__analytical,llama31_70b,b200_sxm,ANALYTICAL,prefill,9.315,11.327960000000001,0.8223016324210183,9.315,9.315,0.0,173.911,19.689,50.789,596.16,1,1,1,10.35,tp8pp1dp1etp1ep1,248,248,1,12.313,tp8pp1dp1etp1ep1,16
llama31_70b__b200_sxm__analytical,llama31_70b,b200_sxm,ANALYTICAL,decode,3.7125,3.53832,1.0492267516787628,3.53832,3.538,9.043840014479188e-05,436.41,19.82,50.453,452.905,1,1,1,4.125,tp2pp1dp1etp1ep1,26,26,3,1.282,tp2pp1dp1etp1ep1,8
llama31_70b__b200_sxm__analytical,llama31_70b,b200_sxm,ANALYTICAL,decode,18.592200000000002,16.871880000000004,1.1019637408516416,16.871880000000004,16.872,7.1124261194044195e-06,261.41,24.304,41.145,719.867,1,1,3,6.886,tp4pp1dp1etp1ep1,152,152,3,6.113,tp4pp1dp1etp1ep1,24
llama31_70b__b200_sxm__analytical,llama31_70b,b200_sxm,ANALYTICAL,prefill,14.85,15.02176,0.9885659203715144,14.85,14.85,0.0,436.41,24.901,40.159,633.6,1,1,4,4.125,tp2pp1dp1etp1ep1,52,52,8,2.041,tp2pp1dp1etp1ep1,24
llama31_70b__b200_sxm__analytical,llama31_70b,b200_sxm,ANALYTICAL,prefill,9.315,12.23968,0.761049308478653,9.315,9.315,0.0,173.911,24.688,40.505,596.16,1,1,1,10.35,tp8pp1dp1etp1ep1,336,336,1,13.304,tp8pp1dp1etp1ep1,16
llama31_70b__b200_sxm__analytical,llama31_70b,b200_sxm,ANALYTICAL,decode,6.1974,6.14928,1.007825306377332,6.14928,6.149,4.5533786069272824e-05,261.41,29.249,34.189,787.108,1,1,1,6.886,tp4pp1dp1etp1ep1,200,200,1,6.684,tp4pp1dp1etp1ep1,8
llama31_70b__b200_sxm__analytical,llama31_70b,b200_sxm,ANALYTICAL,prefill,11.137500000000001,11.550600000000001,0.9642356241234221,11.137500000000001,11.138,4.489337822660693e-05,436.41,29.591,33.794,712.8,1,1,3,4.125,tp2pp1dp1etp1ep1,76,76,5,2.511,tp2pp1dp1etp1ep1,16
llama31_70b__b200_sxm__analytical,llama31_70b,b200_sxm,ANALYTICAL,prefill,9.315,12.84412,0.7252345820499964,9.315,9.315,0.0,173.911,29.688,33.684,596.16,1,1,1,10.35,tp8pp1dp1etp1ep1,424,424,1,13.961,tp8pp1dp1etp1ep1,16
llama31_70b__b200_sxm__analytical,llama31_70b,b200_sxm,ANALYTICAL,decode,2.0601000000000003,1.6808400000000001,1.2256371814092955,1.6808400000000001,1.681,9.519049998806427e-05,786.411,29.967,33.37,215.148,1,1,1,2.289,tp1pp1dp1etp1ep1,8,8,7,0.261,tp1pp1dp1etp1ep1,8
llama31_70b__b200_sxm__analytical,llama31_70b,b200_sxm,ANALYTICAL,prefill,18.592200000000002,19.5684,0.9501134482124242,18.592200000000002,18.592,1.0757199255767826e-05,261.41,34.193,29.245,793.267,1,1,3,6.886,tp4pp1dp1etp1ep1,248,248,3,7.09,tp4pp1dp1etp1ep1,24
llama31_70b__b200_sxm__analytical,llama31_70b,b200_sxm,ANALYTICAL,decode,18.5625,18.36044,1.0110051828823274,18.36044,18.36,2.396456729801171e-05,436.41,34.281,29.171,783.379,1,1,5,4.125,tp2pp1dp1etp1ep1,100,100,7,2.851,tp2pp1dp1etp1ep1,24
llama31_70b__b200_sxm__analytical,llama31_70b,b200_sxm,ANALYTICAL,prefill,9.315,13.27468,0.701711830341673,9.315,9.315,0.0,173.911,34.687,28.829,596.16,1,1,1,10.35,tp8pp1dp1etp1ep1,512,512,1,14.429,tp8pp1dp1etp1ep1,16
llama31_70b__b200_sxm__analytical,llama31_70b,b200_sxm,ANALYTICAL,decode,10.300500000000001,9.89368,1.0411191791123224,9.89368,9.894,3.2343880133612575e-05,786.411,34.529,28.961,422.13,1,1,5,2.289,tp1pp1dp1etp1ep1,20,20,19,0.566,tp1pp1dp1etp1ep1,24
llama31_70b__b200_sxm__analytical,llama31_70b,b200_sxm,ANALYTICAL,prefill,25.9875,26.065440000000002,0.9970098337108446,25.9875,25.988,1.92400192399744e-05,436.41,39.752,25.156,831.6,1,1,7,4.125,tp2pp1dp1etp1ep1,128,128,9,3.148,tp2pp1dp1etp1ep1,32
llama31_70b__b200_sxm__analytical,llama31_70b,b200_sxm,ANALYTICAL,prefill,18.592200000000002,20.52336,0.9059042963725239,18.592200000000002,18.592,1.0757199255767826e-05,261.41,39.962,25.024,793.267,1,1,3,6.886,tp4pp1dp1etp1ep1,304,304,3,7.436,tp4pp1dp1etp1ep1,24
llama31_70b__b200_sxm__analytical,llama31_70b,b200_sxm,ANALYTICAL,decode,2.0601000000000003,2.0092800000000004,1.0252926421404682,2.0092800000000004,2.009,0.0001393534002232153,786.411,37.571,26.616,514.376,1,1,1,2.289,tp1pp1dp1etp1ep1,28,28,3,0.728,tp1pp1dp1etp1ep1,4
llama31_70b__b200_sxm__analytical,llama31_70b,b200_sxm,ANALYTICAL,prefill,25.9875,26.64504,0.9753222363336665,25.9875,25.988,1.92400192399744e-05,436.41,41.316,24.204,831.6,1,1,7,4.125,tp2pp1dp1etp1ep1,136,136,9,3.218,tp2pp1dp1etp1ep1,32
llama31_70b__b200_sxm__analytical,llama31_70b,b200_sxm,ANALYTICAL,prefill,18.592200000000002,21.14712,0.8791835483980798,18.592200000000002,18.592,1.0757199255767826e-05,261.41,44.907,22.268,793.267,1,1,3,6.886,tp4pp1dp1etp1ep1,352,352,3,7.662,tp4pp1dp1etp1ep1,24
llama31_70b__b200_sxm__analytical,llama31_70b,b200_sxm,ANALYTICAL,prefill,18.592200000000002,21.238200000000003,0.8754131706076786,18.592200000000002,18.592,1.0757199255767826e-05,261.41,45.731,21.867,793.267,1,1,3,6.886,tp4pp1dp1etp1ep1,360,360,3,7.695,tp4pp1dp1etp1ep1,24
llama31_70b__b200_sxm__empirical,llama31_70b,b200_sxm,EMPIRICAL,decode,10.6425,4.08204,2.607152306199841,4.08204,4.082,9.799022057662846e-06,152.224,3.965,252.201,130.625,1,1,1,11.825,tp8pp1dp1etp1ep1,6,6,3,1.479,tp8pp1dp1etp1ep1,32
llama31_70b__b200_sxm__empirical,llama31_70b,b200_sxm,EMPIRICAL,prefill,10.6425,10.84864,0.98099853990915,10.6425,10.642,4.698144233033696e-05,152.224,4.974,201.059,454.08,1,1,1,11.825,tp8pp1dp1etp1ep1,30,30,2,5.896,tp8pp1dp1etp1ep1,24
llama31_70b__b200_sxm__empirical,llama31_70b,b200_sxm,EMPIRICAL,decode,10.6425,7.928560000000001,1.3422992321430371,7.928560000000001,7.929,5.549557548903329e-05,152.224,5.898,169.543,507.428,1,1,1,11.825,tp8pp1dp1etp1ep1,52,52,1,8.618,tp8pp1dp1etp1ep1,16
llama31_70b__b200_sxm__empirical,llama31_70b,b200_sxm,EMPIRICAL,decode,10.6425,9.895520000000001,1.0754866848836644,9.895520000000001,9.896,4.850679903629034e-05,152.224,6.907,144.785,633.313,1,1,1,11.825,tp8pp1dp1etp1ep1,76,76,1,10.756,tp8pp1dp1etp1ep1,16
llama31_70b__b200_sxm__empirical,llama31_70b,b200_sxm,EMPIRICAL,decode,7.0992,3.62572,1.9580110984852663,3.62572,3.626,7.722604062091337e-05,228.191,6.939,144.114,116.023,1,1,1,7.888,tp4pp1dp1etp1ep1,4,4,7,0.563,tp4pp1dp1etp1ep1,32
llama31_70b__b200_sxm__empirical,llama31_70b,b200_sxm,EMPIRICAL,prefill,10.6425,11.362,0.9366748811828903,10.6425,10.642,4.698144233033696e-05,152.224,7.915,126.337,681.12,1,1,1,11.825,tp8pp1dp1etp1ep1,100,100,1,12.35,tp8pp1dp1etp1ep1,16
llama31_70b__b200_sxm__empirical,llama31_70b,b200_sxm,EMPIRICAL,decode,7.0992,6.094080000000001,1.1649338374291114,6.094080000000001,6.094,1.312749422398854e-05,228.191,7.968,125.508,390.021,1,1,1,7.888,tp4pp1dp1etp1ep1,18,18,3,2.208,tp4pp1dp1etp1ep1,16
llama31_70b__b200_sxm__empirical,llama31_70b,b200_sxm,EMPIRICAL,prefill,10.6425,12.496360000000001,0.8516479998975701,10.6425,10.642,4.698144233033696e-05,152.224,8.924,112.058,681.12,1,1,1,11.825,tp8pp1dp1etp1ep1,124,124,1,13.583,tp8pp1dp1etp1ep1,16
llama31_70b__b200_sxm__empirical,llama31_70b,b200_sxm,EMPIRICAL,decode,14.1984,12.79536,1.1096522489402407,12.79536,12.795,2.8135199009686484e-05,228.191,8.996,111.157,545.935,1,1,2,7.888,tp4pp1dp1etp1ep1,32,32,4,3.477,tp4pp1dp1etp1ep1,24
llama31_70b__b200_sxm__empirical,llama31_70b,b200_sxm,EMPIRICAL,prefill,10.6425,13.262720000000002,0.8024372074506586,10.6425,10.642,4.698144233033696e-05,152.224,9.764,102.413,681.12,1,1,1,11.825,tp8pp1dp1etp1ep1,144,144,1,14.416,tp8pp1dp1etp1ep1,16
llama31_70b__b200_sxm__empirical,llama31_70b,b200_sxm,EMPIRICAL,decode,21.297600000000003,20.0284,1.0633700145792975,20.0284,20.028,1.997164027094628e-05,228.191,9.878,101.236,640.909,1,1,3,7.888,tp4pp1dp1etp1ep1,44,44,5,4.354,tp4pp1dp1etp1ep1,32
llama31_70b__b200_sxm__empirical,llama31_70b,b200_sxm,EMPIRICAL,prefill,21.297600000000003,23.4048,0.9099671862182117,21.297600000000003,21.298,1.8781458943520162e-05,228.191,10.76,92.94,681.523,1,1,3,7.888,tp4pp1dp1etp1ep1,56,56,5,5.088,tp4pp1dp1etp1ep1,32
llama31_70b__b200_sxm__empirical,llama31_70b,b200_sxm,EMPIRICAL,prefill,10.6425,14.02448,0.7588516650884738,10.6425,10.642,4.698144233033696e-05,152.224,10.773,92.825,681.12,1,1,1,11.825,tp8pp1dp1etp1ep1,168,168,1,15.244,tp8pp1dp1etp1ep1,16
llama31_70b__b200_sxm__empirical,llama31_70b,b200_sxm,EMPIRICAL,decode,21.297600000000003,16.275720000000003,1.3085504051433667,16.275720000000003,16.276,1.7203539996786945e-05,228.191,11.935,83.785,694.431,1,1,3,7.888,tp4pp1dp1etp1ep1,72,72,3,5.897,tp4pp1dp1etp1ep1,24
llama31_70b__b200_sxm__empirical,llama31_70b,b200_sxm,EMPIRICAL,prefill,10.6425,14.6556,0.7261729304839106,10.6425,10.642,4.698144233033696e-05,152.224,11.782,84.878,681.12,1,1,1,11.825,tp8pp1dp1etp1ep1,192,192,1,15.93,tp8pp1dp1etp1ep1,16
llama31_70b__b200_sxm__empirical,llama31_70b,b200_sxm,EMPIRICAL,decode,7.0992,5.89352,1.2045772305854565,5.89352,5.894,8.144538408293857e-05,228.191,12.817,78.022,754.371,1,1,1,7.888,tp4pp1dp1etp1ep1,84,84,1,6.406,tp4pp1dp1etp1ep1,8
llama31_70b__b200_sxm__empirical,llama31_70b,b200_sxm,EMPIRICAL,prefill,10.6425,15.18736,0.7007472003034102,10.6425,10.642,4.698144233033696e-05,152.224,12.79,78.185,681.12,1,1,1,11.825,tp8pp1dp1etp1ep1,216,216,1,16.508,tp8pp1dp1etp1ep1,16
llama31_70b__b200_sxm__empirical,llama31_70b,b200_sxm,EMPIRICAL,decode,4.261500000000001,3.1326000000000005,1.3603715763263742,3.1326000000000005,3.133,0.0001276894592349843,380.128,12.918,77.409,100.243,1,1,1,4.735,tp2pp1dp1etp1ep1,3,3,15,0.227,tp2pp1dp1etp1ep1,32
llama31_70b__b200_sxm__empirical,llama31_70b,b200_sxm,EMPIRICAL,decode,7.0992,6.42712,1.1045693872216482,6.42712,6.427,1.8670882137067012e-05,228.191,13.993,71.467,822.671,1,1,1,7.888,tp4pp1dp1etp1ep1,100,100,1,6.986,tp4pp1dp1etp1ep1,8
llama31_70b__b200_sxm__empirical,llama31_70b,b200_sxm,EMPIRICAL,prefill,10.6425,15.64184,0.6803867064232852,10.6425,10.642,4.698144233033696e-05,152.224,13.799,72.47,681.12,1,1,1,11.825,tp8pp1dp1etp1ep1,240,240,1,17.002,tp8pp1dp1etp1ep1,16
llama31_70b__b200_sxm__empirical,llama31_70b,b200_sxm,EMPIRICAL,decode,8.523000000000001,6.486,1.3140610545790936,6.486,6.486,0.0,380.128,13.873,72.082,276.736,1,1,2,4.735,tp2pp1dp1etp1ep1,10,10,10,0.705,tp2pp1dp1etp1ep1,24
llama31_70b__b200_sxm__empirical,llama31_70b,b200_sxm,EMPIRICAL,decode,7.0992,6.77212,1.048298021889748,6.77212,6.772,1.7719709633009745e-05,228.191,14.874,67.23,866.831,1,1,1,7.888,tp4pp1dp1etp1ep1,112,112,1,7.361,tp4pp1dp1etp1ep1,8
llama31_70b__b200_sxm__empirical,llama31_70b,b200_sxm,EMPIRICAL,decode,21.285,16.03376,1.3275114508387302,16.03376,16.034,1.496841664076421e-05,152.224,14.807,67.534,684.107,1,1,2,11.825,tp8pp1dp1etp1ep1,264,264,1,17.428,tp8pp1dp1etp1ep1,24
llama31_70b__b200_sxm__empirical,llama31_70b,b200_sxm,EMPIRICAL,decode,12.784500000000001,9.73728,1.3129436557231589,9.73728,9.737,2.8755463538078186e-05,380.128,14.964,66.827,415.457,1,1,3,4.735,tp2pp1dp1etp1ep1,18,18,9,1.176,tp2pp1dp1etp1ep1,24
llama31_70b__b200_sxm__empirical,llama31_70b,b200_sxm,EMPIRICAL,decode,21.297600000000003,21.232680000000002,1.003057550907375,21.232680000000002,21.233,1.5071107368384191e-05,228.191,15.756,63.468,905.928,1,1,3,7.888,tp4pp1dp1etp1ep1,124,124,3,7.693,tp4pp1dp1etp1ep1,24
llama31_70b__b200_sxm__empirical,llama31_70b,b200_sxm,EMPIRICAL,decode,21.285,16.376,1.2997679531021005,16.376,16.376,0.0,152.224,15.816,63.228,698.709,1,1,2,11.825,tp8pp1dp1etp1ep1,288,288,1,17.8,tp8pp1dp1etp1ep1,24
llama31_70b__b200_sxm__empirical,llama31_70b,b200_sxm,EMPIRICAL,decode,4.261500000000001,4.104120000000001,1.0383468319639777,4.104120000000001,4.104,2.923891114314058e-05,380.128,15.782,63.362,525.327,1,1,1,4.735,tp2pp1dp1etp1ep1,24,24,3,1.487,tp2pp1dp1etp1ep1,8
llama31_70b__b200_sxm__empirical,llama31_70b,b200_sxm,EMPIRICAL,prefill,21.297600000000003,22.0524,0.9657724329324702,21.297600000000003,21.298,1.8781458943520162e-05,228.191,16.638,60.105,908.698,1,1,3,7.888,tp4pp1dp1etp1ep1,136,136,3,7.99,tp4pp1dp1etp1ep1,24
llama31_70b__b200_sxm__empirical,llama31_70b,b200_sxm,EMPIRICAL,decode,21.285,16.63176,1.2797803720111403,16.63176,16.632,1.4430222658430153e-05,152.224,16.871,59.274,709.622,1,1,2,11.825,tp8pp1dp1etp1ep1,312,312,1,18.078,tp8pp1dp1etp1ep1,24
llama31_70b__b200_sxm__empirical,llama31_70b,b200_sxm,EMPIRICAL,decode,21.3075,18.762480000000004,1.1356441152768715,18.762480000000004,18.762,2.5582971974021797e-05,380.128,16.873,59.265,600.399,1,1,5,4.735,tp2pp1dp1etp1ep1,32,32,11,1.854,tp2pp1dp1etp1ep1,32
llama31_70b__b200_sxm__empirical,llama31_70b,b200_sxm,EMPIRICAL,prefill,21.297600000000003,23.02116,0.9251314877269435,21.297600000000003,21.298,1.8781458943520162e-05,228.191,17.813,56.138,908.698,1,1,3,7.888,tp4pp1dp1etp1ep1,152,152,3,8.341,tp4pp1dp1etp1ep1,24
llama31_70b__b200_sxm__empirical,llama31_70b,b200_sxm,EMPIRICAL,decode,21.285,16.70628,1.2740717861786106,16.70628,16.706,1.676016444115973e-05,152.224,17.657,56.636,712.801,1,1,2,11.825,tp8pp1dp1etp1ep1,328,328,1,18.159,tp8pp1dp1etp1ep1,24
llama31_70b__b200_sxm__empirical,llama31_70b,b200_sxm,EMPIRICAL,decode,17.046000000000003,16.02272,1.0638643126760003,16.02272,16.023,1.747518523696713e-05,380.128,17.964,55.666,683.636,1,1,4,4.735,tp2pp1dp1etp1ep1,40,40,8,2.177,tp2pp1dp1etp1ep1,24
llama31_70b__b200_sxm__empirical,llama31_70b,b200_sxm,EMPIRICAL,prefill,21.297600000000003,23.86848,0.8922897478180429,21.297600000000003,21.298,1.8781458943520162e-05,228.191,18.989,52.662,908.698,1,1,3,7.888,tp4pp1dp1etp1ep1,168,168,3,8.648,tp4pp1dp1etp1ep1,24
llama31_70b__b200_sxm__empirical,llama31_70b,b200_sxm,EMPIRICAL,prefill,17.046000000000003,17.10464,0.9965716904886629,17.046000000000003,17.046,2.0841919974190427e-16,380.128,18.51,54.025,727.296,1,1,4,4.735,tp2pp1dp1etp1ep1,44,44,8,2.324,tp2pp1dp1etp1ep1,24
llama31_70b__b200_sxm__empirical,llama31_70b,b200_sxm,EMPIRICAL,decode,21.285,16.79,1.2677188802858845,16.79,16.79,0.0,152.224,18.854,53.039,716.373,1,1,2,11.825,tp8pp1dp1etp1ep1,352,352,1,18.25,tp8pp1dp1etp1ep1,24
llama31_70b__b200_sxm__empirical,llama31_70b,b200_sxm,EMPIRICAL,prefill,21.297600000000003,24.25488,0.8780748451445648,21.297600000000003,21.298,1.8781458943520162e-05,228.191,19.577,51.081,908.698,1,1,3,7.888,tp4pp1dp1etp1ep1,176,176,3,8.788,tp4pp1dp1etp1ep1,24
llama31_70b__b200_sxm__empirical,llama31_70b,b200_sxm,EMPIRICAL,decode,12.784500000000001,11.9278,1.071823806569527,11.9278,11.928,1.6767551434573873e-05,380.128,19.601,51.018,763.379,1,1,3,4.735,tp2pp1dp1etp1ep1,52,52,5,2.593,tp2pp1dp1etp1ep1,16
llama31_70b__b200_sxm__empirical,llama31_70b,b200_sxm,EMPIRICAL,decode,21.285,16.839679999999998,1.2639788879598663,16.839679999999998,16.84,1.9002736394165236e-05,152.224,19.652,50.884,718.493,1,1,2,11.825,tp8pp1dp1etp1ep1,368,368,1,18.304,tp8pp1dp1etp1ep1,24
llama31_70b__b200_sxm__empirical,llama31_70b,b200_sxm,EMPIRICAL,decode,29.830500000000004,29.0628,1.02641521119782,29.0628,29.063,6.881649393710651e-06,380.128,24.51,40.799,930.01,1,1,7,4.735,tp2pp1dp1etp1ep1,88,88,9,3.51,tp2pp1dp1etp1ep1,32
llama31_70b__b200_sxm__empirical,llama31_70b,b200_sxm,EMPIRICAL,prefill,21.297600000000003,26.90724,0.7915193085578455,21.297600000000003,21.298,1.8781458943520162e-05,228.191,24.867,40.214,908.698,1,1,3,7.888,tp4pp1dp1etp1ep1,248,248,3,9.749,tp4pp1dp1etp1ep1,24
llama31_70b__b200_sxm__empirical,llama31_70b,b200_sxm,EMPIRICAL,decode,21.285,17.01356,1.2510609184673873,17.01356,17.014,2.5861724412827547e-05,152.224,24.949,40.082,725.912,1,1,2,11.825,tp8pp1dp1etp1ep1,472,472,1,18.493,tp8pp1dp1etp1ep1,24
llama31_70b__b200_sxm__empirical,llama31_70b,b200_sxm,EMPIRICAL,decode,2.3688000000000002,2.2530799999999997,1.0513608038773592,2.2530799999999997,2.253,3.550695048539596e-05,684.0,24.762,40.384,72.099,1,1,1,2.632,tp1pp1dp1etp1ep1,2,2,31,0.079,tp1pp1dp1etp1ep1,32
llama31_70b__b200_sxm__empirical,llama31_70b,b200_sxm,EMPIRICAL,decode,4.261500000000001,3.8419200000000004,1.109211019490255,3.8419200000000004,3.842,2.0822921872302367e-05,380.128,29.965,33.372,983.532,1,1,1,4.735,tp2pp1dp1etp1ep1,128,128,1,4.176,tp2pp1dp1etp1ep1,4
llama31_70b__b200_sxm__empirical,llama31_70b,b200_sxm,EMPIRICAL,prefill,21.297600000000003,28.270680000000002,0.7533458692893132,21.297600000000003,21.298,1.8781458943520162e-05,228.191,29.776,33.585,908.698,1,1,3,7.888,tp4pp1dp1etp1ep1,312,312,3,10.243,tp4pp1dp1etp1ep1,24
llama31_70b__b200_sxm__empirical,llama31_70b,b200_sxm,EMPIRICAL,decode,21.285,17.055880000000002,1.247956716393408,17.055880000000002,17.056,7.035696780172573e-06,152.224,26.997,37.041,727.718,1,1,2,11.825,tp8pp1dp1etp1ep1,512,512,1,18.539,tp8pp1dp1etp1ep1,24
llama31_70b__b200_sxm__empirical,llama31_70b,b200_sxm,EMPIRICAL,decode,11.844000000000001,11.589240000000002,1.0219824595918283,11.589240000000002,11.589,2.0708864429554676e-05,684.0,29.481,33.92,494.474,1,1,5,2.632,tp1pp1dp1etp1ep1,20,20,19,0.663,tp1pp1dp1etp1ep1,24
llama31_70b__b200_sxm__empirical,llama31_70b,b200_sxm,EMPIRICAL,decode,4.261500000000001,3.93852,1.0820054233569971,3.93852,3.939,0.00012187319094483104,380.128,31.056,32.199,1008.261,1,1,1,4.735,tp2pp1dp1etp1ep1,136,136,1,4.281,tp2pp1dp1etp1ep1,4
llama31_70b__b200_sxm__empirical,llama31_70b,b200_sxm,EMPIRICAL,decode,35.496,28.43076,1.2485068988658763,28.43076,28.431,8.441561182380362e-06,228.191,34.161,29.273,909.784,1,1,5,7.888,tp4pp1dp1etp1ep1,360,360,3,10.301,tp4pp1dp1etp1ep1,32
llama31_70b__b200_sxm__empirical,llama31_70b,b200_sxm,EMPIRICAL,prefill,2.3688000000000002,2.39292,0.9899202647811043,2.3688000000000002,2.369,8.443093549475598e-05,684.0,31.579,31.667,606.413,1,1,1,2.632,tp1pp1dp1etp1ep1,28,28,3,0.867,tp1pp1dp1etp1ep1,4
llama31_70b__b200_sxm__silicon,llama31_70b,b200_sxm,SILICON,decode,7.590599999999999,3.0498000000000003,2.488884517017509,3.0498000000000003,3.05,6.557807069300737e-05,213.431,7.962,125.603,97.594,1,1,1,8.434,tp8pp1dp1etp1ep1,9,9,3,1.105,tp8pp1dp1etp1ep1,32
llama31_70b__b200_sxm__silicon,llama31_70b,b200_sxm,SILICON,decode,7.590599999999999,3.3754800000000005,2.2487468448931702,3.3754800000000005,3.375,0.00014220199793821321,213.431,8.793,113.724,108.015,1,1,1,8.434,tp8pp1dp1etp1ep1,11,11,3,1.223,tp8pp1dp1etp1ep1,32
llama31_70b__b200_sxm__silicon,llama31_70b,b200_sxm,SILICON,decode,5.7222,4.42428,1.2933629878759934,4.42428,4.424,6.328713372572666e-05,283.111,9.962,100.38,141.577,1,1,1,6.358,tp4pp1dp1etp1ep1,7,7,7,0.687,tp4pp1dp1etp1ep1,32
llama31_70b__b200_sxm__silicon,llama31_70b,b200_sxm,SILICON,decode,7.590599999999999,3.8446800000000003,1.974312556571678,3.8446800000000003,3.845,8.323189446192555e-05,213.431,9.825,101.78,123.03,1,1,1,8.434,tp8pp1dp1etp1ep1,14,14,3,1.393,tp8pp1dp1etp1ep1,32
llama31_70b__b200_sxm__silicon,llama31_70b,b200_sxm,SILICON,decode,5.7222,4.126200000000001,1.3867965682710481,4.126200000000001,4.126,4.847074790374243e-05,283.111,10.461,95.595,264.077,1,1,1,6.358,tp4pp1dp1etp1ep1,16,16,3,1.495,tp4pp1dp1etp1ep1,16
llama31_70b__b200_sxm__silicon,llama31_70b,b200_sxm,SILICON,decode,7.590599999999999,4.06824,1.8658191257152967,4.06824,4.068,5.899356970107076e-05,213.431,10.61,94.254,130.184,1,1,1,8.434,tp8pp1dp1etp1ep1,16,16,3,1.474,tp8pp1dp1etp1ep1,32
llama31_70b__b200_sxm__silicon,llama31_70b,b200_sxm,SILICON,decode,5.7222,5.0038800000000005,1.1435526031799323,5.0038800000000005,5.004,2.398139044081988e-05,283.111,11.86,84.319,320.248,1,1,1,6.358,tp4pp1dp1etp1ep1,22,22,3,1.813,tp4pp1dp1etp1ep1,16
llama31_70b__b200_sxm__silicon,llama31_70b,b200_sxm,SILICON,decode,7.590599999999999,6.59824,1.1503976818060573,6.59824,6.598,3.637333591985074e-05,213.431,11.993,83.379,281.525,1,1,1,8.434,tp8pp1dp1etp1ep1,44,44,2,3.586,tp8pp1dp1etp1ep1,24
llama31_70b__b200_sxm__silicon,llama31_70b,b200_sxm,SILICON,prefill,5.7222,5.83464,0.980728888157624,5.7222,5.722,3.495159204493619e-05,283.111,12.949,77.226,366.221,1,1,1,6.358,tp4pp1dp1etp1ep1,28,28,3,2.114,tp4pp1dp1etp1ep1,16
llama31_70b__b200_sxm__silicon,llama31_70b,b200_sxm,SILICON,prefill,7.590599999999999,9.20368,0.8247353232619995,7.590599999999999,7.591,5.2696756514747736e-05,213.431,12.507,79.958,323.866,1,1,1,8.434,tp8pp1dp1etp1ep1,64,64,2,5.002,tp8pp1dp1etp1ep1,24
llama31_70b__b200_sxm__silicon,llama31_70b,b200_sxm,SILICON,decode,11.4444,9.27728,1.2335943293724023,9.27728,9.277,3.018126002449619e-05,283.111,13.961,71.628,395.831,1,1,2,6.358,tp4pp1dp1etp1ep1,36,36,4,2.521,tp4pp1dp1etp1ep1,24
llama31_70b__b200_sxm__silicon,llama31_70b,b200_sxm,SILICON,decode,7.590599999999999,5.961600000000001,1.2732487922705311,5.961600000000001,5.962,6.709608158867883e-05,213.431,13.877,72.06,381.542,1,1,1,8.434,tp8pp1dp1etp1ep1,92,92,1,6.48,tp8pp1dp1etp1ep1,16
llama31_70b__b200_sxm__silicon,llama31_70b,b200_sxm,SILICON,prefill,11.4444,11.78704,0.9709307849977603,11.4444,11.444,3.495159204493619e-05,283.111,14.649,68.265,488.294,1,1,2,6.358,tp4pp1dp1etp1ep1,48,48,4,3.203,tp4pp1dp1etp1ep1,24
llama31_70b__b200_sxm__silicon,llama31_70b,b200_sxm,SILICON,prefill,7.590599999999999,7.7160400000000005,0.9837429562314346,7.590599999999999,7.591,5.2696756514747736e-05,213.431,14.919,67.027,485.798,1,1,1,8.434,tp8pp1dp1etp1ep1,128,128,1,8.387,tp8pp1dp1etp1ep1,16
llama31_70b__b200_sxm__silicon,llama31_70b,b200_sxm,SILICON,prefill,17.1666,18.1056,0.9481375927889714,17.1666,17.167,2.330106136349775e-05,283.111,15.896,62.907,549.331,1,1,3,6.358,tp4pp1dp1etp1ep1,64,64,5,3.936,tp4pp1dp1etp1ep1,32
llama31_70b__b200_sxm__silicon,llama31_70b,b200_sxm,SILICON,prefill,7.590599999999999,7.728000000000001,0.9822204968944098,7.590599999999999,7.591,5.2696756514747736e-05,213.431,15.826,63.186,485.798,1,1,1,8.434,tp8pp1dp1etp1ep1,136,136,1,8.4,tp8pp1dp1etp1ep1,16
llama31_70b__b200_sxm__silicon,llama31_70b,b200_sxm,SILICON,decode,3.2931,2.36348,1.3933267893106773,2.36348,2.363,0.0002030903582852556,491.891,15.989,62.542,151.263,1,1,1,3.659,tp2pp1dp1etp1ep1,6,6,7,0.367,tp2pp1dp1etp1ep1,16
llama31_70b__b200_sxm__silicon,llama31_70b,b200_sxm,SILICON,prefill,17.1666,20.148,0.8520250148898153,17.1666,17.167,2.330106136349775e-05,283.111,16.961,58.96,549.331,1,1,3,6.358,tp4pp1dp1etp1ep1,76,76,5,4.38,tp4pp1dp1etp1ep1,32
llama31_70b__b200_sxm__silicon,llama31_70b,b200_sxm,SILICON,prefill,7.590599999999999,8.214680000000001,0.9240286901011358,7.590599999999999,7.591,5.2696756514747736e-05,213.431,16.641,60.092,485.798,1,1,1,8.434,tp8pp1dp1etp1ep1,152,152,1,8.929,tp8pp1dp1etp1ep1,16
llama31_70b__b200_sxm__silicon,llama31_70b,b200_sxm,SILICON,decode,6.5862,5.3636,1.2279439182638525,5.3636,5.364,7.457677679169885e-05,491.891,16.78,59.595,228.847,1,1,2,3.659,tp2pp1dp1etp1ep1,10,10,10,0.583,tp2pp1dp1etp1ep1,24
llama31_70b__b200_sxm__silicon,llama31_70b,b200_sxm,SILICON,prefill,17.1666,21.238200000000003,0.8082888380371216,17.1666,17.167,2.330106136349775e-05,283.111,17.785,56.228,549.331,1,1,3,6.358,tp4pp1dp1etp1ep1,84,84,5,4.617,tp4pp1dp1etp1ep1,32
llama31_70b__b200_sxm__silicon,llama31_70b,b200_sxm,SILICON,prefill,7.590599999999999,8.44008,0.8993516649131287,7.590599999999999,7.591,5.2696756514747736e-05,213.431,17.049,58.656,485.798,1,1,1,8.434,tp8pp1dp1etp1ep1,160,160,1,9.174,tp8pp1dp1etp1ep1,16
llama31_70b__b200_sxm__silicon,llama31_70b,b200_sxm,SILICON,prefill,9.8793,10.465,0.9440324892498806,9.8793,9.879,3.0366523944113163e-05,491.891,17.865,55.976,316.138,1,1,3,3.659,tp2pp1dp1etp1ep1,16,16,13,0.875,tp2pp1dp1etp1ep1,32
llama31_70b__b200_sxm__silicon,llama31_70b,b200_sxm,SILICON,decode,5.7222,4.608280000000001,1.241721423177411,4.608280000000001,4.608,6.076019686324314e-05,283.111,18.733,53.382,589.86,1,1,1,6.358,tp4pp1dp1etp1ep1,96,96,1,5.009,tp4pp1dp1etp1ep1,8
llama31_70b__b200_sxm__silicon,llama31_70b,b200_sxm,SILICON,prefill,7.590599999999999,8.7492,0.8675764641338636,7.590599999999999,7.591,5.2696756514747736e-05,213.431,18.914,52.871,485.798,1,1,1,8.434,tp8pp1dp1etp1ep1,184,184,1,9.51,tp8pp1dp1etp1ep1,16
llama31_70b__b200_sxm__silicon,llama31_70b,b200_sxm,SILICON,decode,3.2931,3.1381200000000002,1.0493862567397039,3.1381200000000002,3.138,3.82394554702631e-05,491.891,18.911,52.879,401.679,1,1,1,3.659,tp2pp1dp1etp1ep1,22,22,3,1.137,tp2pp1dp1etp1ep1,8
llama31_70b__b200_sxm__silicon,llama31_70b,b200_sxm,SILICON,decode,5.7222,4.87692,1.17332250682808,4.87692,4.877,1.640379583828234e-05,283.111,19.916,50.212,624.246,1,1,1,6.358,tp4pp1dp1etp1ep1,108,108,1,5.301,tp4pp1dp1etp1ep1,8
llama31_70b__b200_sxm__silicon,llama31_70b,b200_sxm,SILICON,decode,16.4655,15.868160000000001,1.037643936032911,15.868160000000001,15.868,1.0083084617312163e-05,491.891,19.948,50.131,507.781,1,1,5,3.659,tp2pp1dp1etp1ep1,32,32,11,1.568,tp2pp1dp1etp1ep1,32
llama31_70b__b200_sxm__silicon,llama31_70b,b200_sxm,SILICON,prefill,7.590599999999999,9.0206,0.841473959603574,7.590599999999999,7.591,5.2696756514747736e-05,213.431,19.939,50.152,485.798,1,1,1,8.434,tp8pp1dp1etp1ep1,200,200,1,9.805,tp8pp1dp1etp1ep1,16
llama31_70b__b200_sxm__silicon,llama31_70b,b200_sxm,SILICON,prefill,5.7222,5.796,0.9872670807453415,5.7222,5.722,3.495159204493619e-05,283.111,24.824,40.284,732.442,1,1,1,6.358,tp4pp1dp1etp1ep1,160,160,1,6.3,tp4pp1dp1etp1ep1,8
llama31_70b__b200_sxm__silicon,llama31_70b,b200_sxm,SILICON,decode,16.4655,16.325400000000002,1.0085817192840603,16.325400000000002,16.325,2.450169674265993e-05,491.891,24.68,40.519,696.55,1,1,5,3.659,tp2pp1dp1etp1ep1,64,64,7,2.535,tp2pp1dp1etp1ep1,24
llama31_70b__b200_sxm__silicon,llama31_70b,b200_sxm,SILICON,prefill,7.590599999999999,10.0648,0.754172959224227,7.590599999999999,7.591,5.2696756514747736e-05,213.431,22.874,43.717,485.798,1,1,1,8.434,tp8pp1dp1etp1ep1,256,256,1,10.94,tp8pp1dp1etp1ep1,16
llama31_70b__b200_sxm__silicon,llama31_70b,b200_sxm,SILICON,decode,19.7586,17.614320000000003,1.121735042851498,17.614320000000003,17.614,1.8167036820160887e-05,491.891,29.407,34.005,751.544,1,1,6,3.659,tp2pp1dp1etp1ep1,96,96,6,3.191,tp2pp1dp1etp1ep1,24
llama31_70b__b200_sxm__silicon,llama31_70b,b200_sxm,SILICON,prefill,5.7222,6.516360000000001,0.8781282802055134,5.7222,5.722,3.495159204493619e-05,283.111,29.811,33.545,732.442,1,1,1,6.358,tp4pp1dp1etp1ep1,216,216,1,7.083,tp4pp1dp1etp1ep1,8
llama31_70b__b200_sxm__silicon,llama31_70b,b200_sxm,SILICON,prefill,7.590599999999999,10.802640000000002,0.7026615716158271,7.590599999999999,7.591,5.2696756514747736e-05,213.431,29.97,33.366,485.798,1,1,1,8.434,tp8pp1dp1etp1ep1,360,360,1,11.742,tp8pp1dp1etp1ep1,16
llama31_70b__b200_sxm__silicon,llama31_70b,b200_sxm,SILICON,decode,12.770100000000001,12.328000000000001,1.0358614536015573,12.328000000000001,12.328,1.4409124265089636e-16,888.131,29.172,34.28,394.496,1,1,7,2.027,tp1pp1dp1etp1ep1,16,16,25,0.536,tp1pp1dp1etp1ep1,32
llama31_70b__b200_sxm__silicon,llama31_70b,b200_sxm,SILICON,prefill,19.7586,20.28048,0.9742668812572484,19.7586,19.759,2.024434929595557e-05,491.891,34.061,29.359,843.034,1,1,6,3.659,tp2pp1dp1etp1ep1,128,128,6,3.674,tp2pp1dp1etp1ep1,24
llama31_70b__b200_sxm__silicon,llama31_70b,b200_sxm,SILICON,prefill,5.7222,6.75556,0.8470356269502454,5.7222,5.722,3.495159204493619e-05,283.111,34.082,29.341,732.442,1,1,1,6.358,tp4pp1dp1etp1ep1,256,256,1,7.343,tp4pp1dp1etp1ep1,8
llama31_70b__b200_sxm__silicon,llama31_70b,b200_sxm,SILICON,decode,12.770100000000001,12.746599999999999,1.0018436288892727,12.746599999999999,12.747,3.138091726427786e-05,888.131,33.581,29.779,543.855,1,1,7,2.027,tp1pp1dp1etp1ep1,28,28,17,0.815,tp1pp1dp1etp1ep1,24
llama31_70b__b200_sxm__silicon,llama31_70b,b200_sxm,SILICON,prefill,7.590599999999999,11.33624,0.6695870941335045,7.590599999999999,7.591,5.2696756514747736e-05,213.431,34.905,28.649,485.798,1,1,1,8.434,tp8pp1dp1etp1ep1,440,440,1,12.322,tp8pp1dp1etp1ep1,16
llama31_70b__b200_sxm__silicon,llama31_70b,b200_sxm,SILICON,prefill,19.7586,20.3136,0.9726784026465028,19.7586,19.759,2.024434929595557e-05,491.891,36.121,27.685,843.034,1,1,6,3.659,tp2pp1dp1etp1ep1,136,136,6,3.68,tp2pp1dp1etp1ep1,24
llama31_70b__b200_sxm__silicon,llama31_70b,b200_sxm,SILICON,prefill,5.7222,7.053640000000001,0.8112407211028632,5.7222,5.722,3.495159204493619e-05,283.111,39.781,25.138,732.442,1,1,1,6.358,tp4pp1dp1etp1ep1,312,312,1,7.667,tp4pp1dp1etp1ep1,8
llama31_70b__b200_sxm__silicon,llama31_70b,b200_sxm,SILICON,decode,15.181199999999999,11.7024,1.2972723543888431,11.7024,11.702,3.41810226962712e-05,213.431,39.346,25.415,499.302,1,1,2,8.434,tp8pp1dp1etp1ep1,512,512,1,12.72,tp8pp1dp1etp1ep1,24
llama31_70b__b200_sxm__silicon,llama31_70b,b200_sxm,SILICON,prefill,5.7222,7.28548,0.7854252568121799,5.7222,5.722,3.495159204493619e-05,283.111,44.441,22.502,732.442,1,1,1,6.358,tp4pp1dp1etp1ep1,360,360,1,7.919,tp4pp1dp1etp1ep1,8
llama31_70b__b300_sxm__analytical,llama31_70b,b300_sxm,ANALYTICAL,decode,9.2628,1.8078,5.1237968801858615,1.8078,1.808,0.00011063170704722755,174.901,5.97,167.509,57.85,1,1,1,10.292,tp8pp1dp1etp1ep1,4,4,3,0.655,tp8pp1dp1etp1ep1,32
llama31_70b__b300_sxm__analytical,llama31_70b,b300_sxm,ANALYTICAL,decode,9.2628,8.50908,1.088578318690152,8.50908,8.509,9.401721455260039e-06,174.901,6.976,143.347,272.291,1,1,1,10.292,tp8pp1dp1etp1ep1,22,22,3,3.083,tp8pp1dp1etp1ep1,32
llama31_70b__b300_sxm__analytical,llama31_70b,b300_sxm,ANALYTICAL,decode,9.2628,8.31312,1.1142386973843756,8.31312,8.313,1.4435013568793641e-05,174.901,7.789,128.388,354.693,1,1,1,10.292,tp8pp1dp1etp1ep1,36,36,2,4.518,tp8pp1dp1etp1ep1,24
llama31_70b__b300_sxm__analytical,llama31_70b,b300_sxm,ANALYTICAL,prefill,9.2628,11.25344,0.8231083117695568,9.2628,9.263,2.159174331730512e-05,174.901,8.95,111.731,395.213,1,1,1,10.292,tp8pp1dp1etp1ep1,56,56,2,6.116,tp8pp1dp1etp1ep1,24
llama31_70b__b300_sxm__analytical,llama31_70b,b300_sxm,ANALYTICAL,decode,6.1659,0.70196,8.78383383668585,0.70196,0.702,5.698330389185848e-05,262.741,8.996,111.159,22.463,1,1,1,6.851,tp4pp1dp1etp1ep1,1,1,7,0.109,tp4pp1dp1etp1ep1,32
llama31_70b__b300_sxm__analytical,llama31_70b,b300_sxm,ANALYTICAL,decode,9.2628,6.55408,1.4132876010057858,6.55408,6.554,1.2206137245751642e-05,174.901,9.879,101.225,419.461,1,1,1,10.292,tp8pp1dp1etp1ep1,72,72,1,7.124,tp8pp1dp1etp1ep1,16
llama31_70b__b300_sxm__analytical,llama31_70b,b300_sxm,ANALYTICAL,prefill,6.1659,6.36272,0.969066688460281,6.1659,6.166,1.6218232537124365e-05,262.741,9.898,101.034,197.309,1,1,1,6.851,tp4pp1dp1etp1ep1,10,10,7,0.988,tp4pp1dp1etp1ep1,32
llama31_70b__b300_sxm__analytical,llama31_70b,b300_sxm,ANALYTICAL,decode,9.2628,7.32228,1.2650158147462267,7.32228,7.322,3.8239455470162025e-05,174.901,10.808,92.525,468.626,1,1,1,10.292,tp8pp1dp1etp1ep1,88,88,1,7.959,tp8pp1dp1etp1ep1,16
llama31_70b__b300_sxm__analytical,llama31_70b,b300_sxm,ANALYTICAL,decode,6.1659,4.9266,1.2515527950310559,4.9266,4.927,8.11918970486656e-05,262.741,10.952,91.309,315.302,1,1,1,6.851,tp4pp1dp1etp1ep1,20,20,3,1.785,tp4pp1dp1etp1ep1,16
llama31_70b__b300_sxm__analytical,llama31_70b,b300_sxm,ANALYTICAL,decode,9.2628,8.1144,1.1415261756876665,8.1144,8.114,4.9295080350866085e-05,174.901,11.969,83.549,519.322,1,1,1,10.292,tp8pp1dp1etp1ep1,108,108,1,8.82,tp8pp1dp1etp1ep1,16
llama31_70b__b300_sxm__analytical,llama31_70b,b300_sxm,ANALYTICAL,prefill,6.1659,6.403199999999999,0.9629404047976012,6.1659,6.166,1.6218232537124365e-05,262.741,11.795,84.78,394.618,1,1,1,6.851,tp4pp1dp1etp1ep1,28,28,3,2.32,tp4pp1dp1etp1ep1,16
llama31_70b__b300_sxm__analytical,llama31_70b,b300_sxm,ANALYTICAL,decode,9.2628,8.64616,1.071319522192511,8.64616,8.646,1.850532490715784e-05,174.901,12.898,77.532,553.354,1,1,1,10.292,tp8pp1dp1etp1ep1,124,124,1,9.398,tp8pp1dp1etp1ep1,16
llama31_70b__b300_sxm__analytical,llama31_70b,b300_sxm,ANALYTICAL,decode,12.3318,10.24512,1.2036755059970015,10.24512,10.245,1.1712893553300122e-05,262.741,12.639,79.123,437.125,1,1,2,6.851,tp4pp1dp1etp1ep1,36,36,4,2.784,tp4pp1dp1etp1ep1,24
llama31_70b__b300_sxm__analytical,llama31_70b,b300_sxm,ANALYTICAL,decode,9.2628,8.99668,1.029579800548647,8.99668,8.997,3.556867644512421e-05,174.901,13.595,73.558,575.788,1,1,1,10.292,tp8pp1dp1etp1ep1,136,136,1,9.779,tp8pp1dp1etp1ep1,16
llama31_70b__b300_sxm__analytical,llama31_70b,b300_sxm,ANALYTICAL,prefill,12.3318,12.42,0.9928985507246376,12.3318,12.332,1.6218232537124365e-05,262.741,13.904,71.924,526.157,1,1,2,6.851,tp4pp1dp1etp1ep1,48,48,4,3.375,tp4pp1dp1etp1ep1,24
llama31_70b__b300_sxm__analytical,llama31_70b,b300_sxm,ANALYTICAL,prefill,9.2628,9.600200000000001,0.9648548988562737,9.2628,9.263,2.159174331730512e-05,174.901,14.988,66.72,592.819,1,1,1,10.292,tp8pp1dp1etp1ep1,160,160,1,10.435,tp8pp1dp1etp1ep1,16
llama31_70b__b300_sxm__analytical,llama31_70b,b300_sxm,ANALYTICAL,decode,18.497700000000002,17.075200000000002,1.0833079553973013,17.075200000000002,17.075,1.1712893553404152e-05,262.741,14.747,67.811,546.406,1,1,3,6.851,tp4pp1dp1etp1ep1,56,56,5,3.712,tp4pp1dp1etp1ep1,32
llama31_70b__b300_sxm__analytical,llama31_70b,b300_sxm,ANALYTICAL,prefill,9.2628,9.94428,0.93147015168519,9.2628,9.263,2.159174331730512e-05,174.901,15.917,62.826,592.819,1,1,1,10.292,tp8pp1dp1etp1ep1,176,176,1,10.809,tp8pp1dp1etp1ep1,16
llama31_70b__b300_sxm__analytical,llama31_70b,b300_sxm,ANALYTICAL,decode,18.497700000000002,18.459799999999998,1.002053110001192,18.459799999999998,18.46,1.0834353568461555e-05,262.741,15.59,64.142,590.714,1,1,3,6.851,tp4pp1dp1etp1ep1,64,64,5,4.013,tp4pp1dp1etp1ep1,32
llama31_70b__b300_sxm__analytical,llama31_70b,b300_sxm,ANALYTICAL,decode,3.6954,3.381,1.0929902395740905,3.381,3.381,0.0,438.419,15.969,62.622,108.192,1,1,1,4.106,tp2pp1dp1etp1ep1,4,4,15,0.245,tp2pp1dp1etp1ep1,32
llama31_70b__b300_sxm__analytical,llama31_70b,b300_sxm,ANALYTICAL,prefill,9.2628,10.24972,0.9037124916583088,9.2628,9.263,2.159174331730512e-05,174.901,16.846,59.362,592.819,1,1,1,10.292,tp8pp1dp1etp1ep1,192,192,1,11.141,tp8pp1dp1etp1ep1,16
llama31_70b__b300_sxm__analytical,llama31_70b,b300_sxm,ANALYTICAL,prefill,18.497700000000002,20.276800000000005,0.9122593308608852,18.497700000000002,18.498,1.6218232536980316e-05,262.741,16.855,59.328,591.926,1,1,3,6.851,tp4pp1dp1etp1ep1,76,76,5,4.408,tp4pp1dp1etp1ep1,32
llama31_70b__b300_sxm__analytical,llama31_70b,b300_sxm,ANALYTICAL,decode,3.6954,3.3488,1.1034997611084567,3.3488,3.349,5.972288580983575e-05,438.419,16.934,59.053,214.323,1,1,1,4.106,tp2pp1dp1etp1ep1,9,9,7,0.52,tp2pp1dp1etp1ep1,16
llama31_70b__b300_sxm__analytical,llama31_70b,b300_sxm,ANALYTICAL,prefill,9.2628,10.52388,0.88016967126193,9.2628,9.263,2.159174331730512e-05,174.901,17.775,56.259,592.819,1,1,1,10.292,tp8pp1dp1etp1ep1,208,208,1,11.439,tp8pp1dp1etp1ep1,16
llama31_70b__b300_sxm__analytical,llama31_70b,b300_sxm,ANALYTICAL,prefill,18.497700000000002,21.3394,0.8668331818139217,18.497700000000002,18.498,1.6218232536980316e-05,262.741,17.699,56.501,591.926,1,1,3,6.851,tp4pp1dp1etp1ep1,84,84,5,4.639,tp4pp1dp1etp1ep1,32
llama31_70b__b300_sxm__analytical,llama31_70b,b300_sxm,ANALYTICAL,decode,7.3908,7.0196000000000005,1.0528805060117383,7.0196000000000005,7.02,5.698330389182685e-05,438.419,17.935,55.758,299.503,1,1,2,4.106,tp2pp1dp1etp1ep1,14,14,10,0.763,tp2pp1dp1etp1ep1,24
llama31_70b__b300_sxm__analytical,llama31_70b,b300_sxm,ANALYTICAL,prefill,9.2628,10.77044,0.8600205748325973,9.2628,9.263,2.159174331730512e-05,174.901,18.704,53.465,592.819,1,1,1,10.292,tp8pp1dp1etp1ep1,224,224,1,11.707,tp8pp1dp1etp1ep1,16
llama31_70b__b300_sxm__analytical,llama31_70b,b300_sxm,ANALYTICAL,prefill,18.497700000000002,22.760800000000003,0.8126999050999965,18.497700000000002,18.498,1.6218232536980316e-05,262.741,18.964,52.732,591.926,1,1,3,6.851,tp4pp1dp1etp1ep1,96,96,5,4.948,tp4pp1dp1etp1ep1,32
llama31_70b__b300_sxm__analytical,llama31_70b,b300_sxm,ANALYTICAL,prefill,11.0862,11.23044,0.9871563358158719,11.0862,11.086,1.804044668141779e-05,438.419,18.735,53.375,354.758,1,1,3,4.106,tp2pp1dp1etp1ep1,18,18,13,0.939,tp2pp1dp1etp1ep1,32
llama31_70b__b300_sxm__analytical,llama31_70b,b300_sxm,ANALYTICAL,decode,18.497700000000002,14.167080000000002,1.3056819048103065,14.167080000000002,14.167,5.646894067253128e-06,262.741,19.807,50.487,604.462,1,1,3,6.851,tp4pp1dp1etp1ep1,104,104,3,5.133,tp4pp1dp1etp1ep1,24
llama31_70b__b300_sxm__analytical,llama31_70b,b300_sxm,ANALYTICAL,prefill,9.2628,10.994,0.8425322903401856,9.2628,9.263,2.159174331730512e-05,174.901,19.633,50.936,592.819,1,1,1,10.292,tp8pp1dp1etp1ep1,240,240,1,11.95,tp8pp1dp1etp1ep1,16
llama31_70b__b300_sxm__analytical,llama31_70b,b300_sxm,ANALYTICAL,decode,11.0862,9.745560000000001,1.1375641830741383,9.745560000000001,9.746,4.514876518120352e-05,438.419,19.936,50.16,415.811,1,1,3,4.106,tp2pp1dp1etp1ep1,24,24,9,1.177,tp2pp1dp1etp1ep1,24
llama31_70b__b300_sxm__analytical,llama31_70b,b300_sxm,ANALYTICAL,decode,6.1659,5.497,1.1216845552119337,5.497,5.497,0.0,262.741,24.867,40.213,703.616,1,1,1,6.851,tp4pp1dp1etp1ep1,152,152,1,5.975,tp4pp1dp1etp1ep1,8
llama31_70b__b300_sxm__analytical,llama31_70b,b300_sxm,ANALYTICAL,decode,14.7816,13.961920000000001,1.0587082578900322,13.961920000000001,13.962,5.729870963216215e-06,438.419,24.74,40.421,595.709,1,1,4,4.106,tp2pp1dp1etp1ep1,48,48,8,1.897,tp2pp1dp1etp1ep1,24
llama31_70b__b300_sxm__analytical,llama31_70b,b300_sxm,ANALYTICAL,prefill,9.2628,11.92228,0.7769319291276501,9.2628,9.263,2.159174331730512e-05,174.901,24.742,40.418,592.819,1,1,1,10.292,tp8pp1dp1etp1ep1,328,328,1,12.959,tp8pp1dp1etp1ep1,16
llama31_70b__b300_sxm__analytical,llama31_70b,b300_sxm,ANALYTICAL,decode,6.1659,6.01036,1.0258786495318084,6.01036,6.01,5.989657857442517e-05,262.741,29.927,33.414,769.326,1,1,1,6.851,tp4pp1dp1etp1ep1,200,200,1,6.533,tp4pp1dp1etp1ep1,8
llama31_70b__b300_sxm__analytical,llama31_70b,b300_sxm,ANALYTICAL,decode,11.0862,10.9572,1.011773080714051,10.9572,10.957,1.8252838316315655e-05,438.419,29.543,33.849,701.261,1,1,3,4.106,tp2pp1dp1etp1ep1,72,72,5,2.382,tp2pp1dp1etp1ep1,16
llama31_70b__b300_sxm__analytical,llama31_70b,b300_sxm,ANALYTICAL,prefill,9.2628,12.53316,0.7390634125791101,9.2628,9.263,2.159174331730512e-05,174.901,29.851,33.5,592.819,1,1,1,10.292,tp8pp1dp1etp1ep1,416,416,1,13.623,tp8pp1dp1etp1ep1,16
llama31_70b__b300_sxm__analytical,llama31_70b,b300_sxm,ANALYTICAL,decode,4.1022,3.3396000000000003,1.2283507006827163,3.3396000000000003,3.34,0.0001197748233319894,789.777,29.659,33.716,142.49,1,1,2,2.279,tp1pp1dp1etp1ep1,5,5,22,0.165,tp1pp1dp1etp1ep1,24
llama31_70b__b300_sxm__analytical,llama31_70b,b300_sxm,ANALYTICAL,prefill,18.497700000000002,19.12404,0.9672485520841831,18.497700000000002,18.498,1.6218232536980316e-05,262.741,34.988,28.581,789.235,1,1,3,6.851,tp4pp1dp1etp1ep1,248,248,3,6.929,tp4pp1dp1etp1ep1,24
llama31_70b__b300_sxm__analytical,llama31_70b,b300_sxm,ANALYTICAL,decode,18.477,17.59408,1.0501827887562178,17.59408,17.594,4.546983985552191e-06,438.419,34.347,29.115,750.681,1,1,5,4.106,tp2pp1dp1etp1ep1,96,96,7,2.732,tp2pp1dp1etp1ep1,24
llama31_70b__b300_sxm__analytical,llama31_70b,b300_sxm,ANALYTICAL,prefill,9.2628,12.964640000000001,0.7144664256007108,9.2628,9.263,2.159174331730512e-05,174.901,34.96,28.604,592.819,1,1,1,10.292,tp8pp1dp1etp1ep1,504,504,1,14.092,tp8pp1dp1etp1ep1,16
llama31_70b__b300_sxm__analytical,llama31_70b,b300_sxm,ANALYTICAL,decode,6.1533,6.06372,1.0147731095762997,6.06372,6.064,4.617627463010462e-05,789.777,34.724,28.799,388.078,1,1,3,2.279,tp1pp1dp1etp1ep1,18,18,13,0.507,tp1pp1dp1etp1ep1,16
llama31_70b__b300_sxm__analytical,llama31_70b,b300_sxm,ANALYTICAL,decode,25.8678,25.12152,1.0297068011808201,25.12152,25.122,1.9107124091201163e-05,438.419,39.951,25.031,803.889,1,1,7,4.106,tp2pp1dp1etp1ep1,124,124,9,3.034,tp2pp1dp1etp1ep1,32
llama31_70b__b300_sxm__analytical,llama31_70b,b300_sxm,ANALYTICAL,prefill,18.497700000000002,19.81956,0.9333052802383102,18.497700000000002,18.498,1.6218232536980316e-05,262.741,39.204,25.507,789.235,1,1,3,6.851,tp4pp1dp1etp1ep1,288,288,3,7.181,tp4pp1dp1etp1ep1,24
llama31_70b__b300_sxm__analytical,llama31_70b,b300_sxm,ANALYTICAL,prefill,9.2628,12.997760000000001,0.7126458712885912,9.2628,9.263,2.159174331730512e-05,174.901,35.424,28.229,592.819,1,1,1,10.292,tp8pp1dp1etp1ep1,512,512,1,14.128,tp8pp1dp1etp1ep1,16
llama31_70b__b300_sxm__analytical,llama31_70b,b300_sxm,ANALYTICAL,prefill,2.0511,2.05344,0.9988604488078541,2.0511,2.051,4.875432694640288e-05,789.777,39.399,25.381,525.082,1,1,1,2.279,tp1pp1dp1etp1ep1,30,30,3,0.744,tp1pp1dp1etp1ep1,4
llama31_70b__b300_sxm__analytical,llama31_70b,b300_sxm,ANALYTICAL,prefill,25.8678,26.52084,0.9753763455456161,25.8678,25.868,7.73162000632191e-06,438.419,43.954,22.751,827.77,1,1,7,4.106,tp2pp1dp1etp1ep1,144,144,9,3.203,tp2pp1dp1etp1ep1,32
llama31_70b__b300_sxm__analytical,llama31_70b,b300_sxm,ANALYTICAL,prefill,18.497700000000002,20.4792,0.9032432907535453,18.497700000000002,18.498,1.6218232536980316e-05,262.741,44.265,22.591,789.235,1,1,3,6.851,tp4pp1dp1etp1ep1,336,336,3,7.42,tp4pp1dp1etp1ep1,24
llama31_70b__b300_sxm__analytical,llama31_70b,b300_sxm,ANALYTICAL,decode,10.2555,9.70508,1.056714627803171,9.70508,9.705,8.24310567254717e-06,789.777,44.853,22.295,621.125,1,1,5,2.279,tp1pp1dp1etp1ep1,44,44,11,0.959,tp1pp1dp1etp1ep1,16
llama31_70b__b300_sxm__analytical,llama31_70b,b300_sxm,ANALYTICAL,prefill,25.8678,27.88704,0.9275921718475679,25.8678,25.868,7.73162000632191e-06,438.419,48.757,20.51,827.77,1,1,7,4.106,tp2pp1dp1etp1ep1,168,168,9,3.368,tp2pp1dp1etp1ep1,32
llama31_70b__b300_sxm__analytical,llama31_70b,b300_sxm,ANALYTICAL,prefill,18.497700000000002,21.003600000000002,0.8806918813917614,18.497700000000002,18.498,1.6218232536980316e-05,262.741,49.325,20.274,789.235,1,1,3,6.851,tp4pp1dp1etp1ep1,384,384,3,7.61,tp4pp1dp1etp1ep1,24
llama31_70b__b300_sxm__analytical,llama31_70b,b300_sxm,ANALYTICAL,decode,16.4088,16.2656,1.0088038559905568,16.2656,16.266,2.4591776509877766e-05,789.777,49.529,20.19,693.999,1,1,8,2.279,tp1pp1dp1etp1ep1,56,56,16,1.105,tp1pp1dp1etp1ep1,24
llama31_70b__b300_sxm__analytical,llama31_70b,b300_sxm,ANALYTICAL,prefill,25.8678,29.013120000000004,0.8915897359539406,25.8678,25.868,7.73162000632191e-06,438.419,53.561,18.67,827.77,1,1,7,4.106,tp2pp1dp1etp1ep1,192,192,9,3.504,tp2pp1dp1etp1ep1,32
llama31_70b__b300_sxm__analytical,llama31_70b,b300_sxm,ANALYTICAL,prefill,18.497700000000002,21.4314,0.8631120692068648,18.497700000000002,18.498,1.6218232536980316e-05,262.741,54.385,18.387,789.235,1,1,3,6.851,tp4pp1dp1etp1ep1,432,432,3,7.765,tp4pp1dp1etp1ep1,24
llama31_70b__b300_sxm__analytical,llama31_70b,b300_sxm,ANALYTICAL,prefill,22.5621,23.68632,0.9525371606902213,22.5621,22.562,4.43221154058208e-06,789.777,54.204,18.449,721.987,1,1,11,2.279,tp1pp1dp1etp1ep1,68,68,21,1.226,tp1pp1dp1etp1ep1,32
llama31_70b__b300_sxm__analytical,llama31_70b,b300_sxm,ANALYTICAL,decode,3.6954,3.35984,1.0998738035144529,3.35984,3.36,4.762131530064406e-05,438.419,59.965,16.676,860.119,1,1,1,4.106,tp2pp1dp1etp1ep1,224,224,1,3.652,tp2pp1dp1etp1ep1,4
llama31_70b__b300_sxm__analytical,llama31_70b,b300_sxm,ANALYTICAL,prefill,18.497700000000002,21.784679999999998,0.8491150661841259,18.497700000000002,18.498,1.6218232536980316e-05,262.741,59.445,16.822,789.235,1,1,3,6.851,tp4pp1dp1etp1ep1,480,480,3,7.893,tp4pp1dp1etp1ep1,24
llama31_70b__b300_sxm__analytical,llama31_70b,b300_sxm,ANALYTICAL,decode,18.4599,18.326400000000003,1.0072845730749083,18.326400000000003,18.326,2.1826436179643596e-05,789.777,58.879,16.984,781.926,1,1,9,2.279,tp1pp1dp1etp1ep1,80,80,15,1.328,tp1pp1dp1etp1ep1,24
llama31_70b__b300_sxm__analytical,llama31_70b,b300_sxm,ANALYTICAL,decode,3.6954,3.44356,1.0731336175353412,3.44356,3.444,0.000127774744740842,438.419,64.769,15.44,881.551,1,1,1,4.106,tp2pp1dp1etp1ep1,248,248,1,3.743,tp2pp1dp1etp1ep1,4
llama31_70b__b300_sxm__analytical,llama31_70b,b300_sxm,ANALYTICAL,prefill,18.497700000000002,21.98892,0.8412282185755372,18.497700000000002,18.498,1.6218232536980316e-05,262.741,62.819,15.919,789.235,1,1,3,6.851,tp4pp1dp1etp1ep1,512,512,3,7.967,tp4pp1dp1etp1ep1,24
llama31_70b__b300_sxm__analytical,llama31_70b,b300_sxm,ANALYTICAL,prefill,18.4599,18.754199999999997,0.9843075151166141,18.4599,18.46,5.417147438489209e-06,789.777,60.437,16.546,787.622,1,1,9,2.279,tp1pp1dp1etp1ep1,84,84,15,1.359,tp1pp1dp1etp1ep1,24
llama31_70b__b300_sxm__empirical,llama31_70b,b300_sxm,EMPIRICAL,decode,10.6074,2.71032,3.913707606481892,2.71032,2.71,0.00011806723929273147,152.726,3.98,251.247,86.73,1,1,1,11.786,tp8pp1dp1etp1ep1,4,4,3,0.982,tp8pp1dp1etp1ep1,32
llama31_70b__b300_sxm__empirical,llama31_70b,b300_sxm,EMPIRICAL,decode,10.6074,9.48704,1.1180937362970957,9.48704,9.487,4.2162782069288255e-06,152.726,4.93,202.857,404.78,1,1,1,11.786,tp8pp1dp1etp1ep1,26,26,2,5.156,tp8pp1dp1etp1ep1,24
llama31_70b__b300_sxm__empirical,llama31_70b,b300_sxm,EMPIRICAL,decode,10.6074,7.34252,1.4446538790496994,7.34252,7.343,6.537265135125159e-05,152.726,5.879,170.096,469.921,1,1,1,11.786,tp8pp1dp1etp1ep1,48,48,1,7.981,tp8pp1dp1etp1ep1,16
llama31_70b__b300_sxm__empirical,llama31_70b,b300_sxm,EMPIRICAL,decode,10.6074,9.363760000000001,1.1328141686672875,9.363760000000001,9.364,2.5630729535976565e-05,152.726,6.915,144.618,599.281,1,1,1,11.786,tp8pp1dp1etp1ep1,72,72,1,10.178,tp8pp1dp1etp1ep1,16
llama31_70b__b300_sxm__empirical,llama31_70b,b300_sxm,EMPIRICAL,decode,7.081200000000001,1.8032000000000004,3.9270186335403725,1.8032000000000004,1.803,0.00011091393078994123,228.767,6.986,143.153,57.702,1,1,1,7.868,tp4pp1dp1etp1ep1,2,2,7,0.28,tp4pp1dp1etp1ep1,32
llama31_70b__b300_sxm__empirical,llama31_70b,b300_sxm,EMPIRICAL,prefill,10.6074,10.858760000000002,0.9768518689058417,10.6074,10.607,3.770952354024965e-05,152.726,7.951,125.778,678.874,1,1,1,11.786,tp8pp1dp1etp1ep1,96,96,1,11.803,tp8pp1dp1etp1ep1,16
llama31_70b__b300_sxm__empirical,llama31_70b,b300_sxm,EMPIRICAL,decode,7.081200000000001,5.0784,1.3943761814744802,5.0784,5.078,7.876496534340656e-05,228.767,7.969,125.486,325.018,1,1,1,7.868,tp4pp1dp1etp1ep1,15,15,3,1.84,tp4pp1dp1etp1ep1,16
llama31_70b__b300_sxm__empirical,llama31_70b,b300_sxm,EMPIRICAL,prefill,10.6074,12.00876,0.8833051872133343,10.6074,10.607,3.770952354024965e-05,152.726,8.986,111.281,678.874,1,1,1,11.786,tp8pp1dp1etp1ep1,120,120,1,13.053,tp8pp1dp1etp1ep1,16
llama31_70b__b300_sxm__empirical,llama31_70b,b300_sxm,EMPIRICAL,decode,14.162400000000002,11.24976,1.2589068566796093,11.24976,11.25,2.133378845413555e-05,228.767,8.953,111.7,479.99,1,1,2,7.868,tp4pp1dp1etp1ep1,28,28,4,3.057,tp4pp1dp1etp1ep1,24
llama31_70b__b300_sxm__empirical,llama31_70b,b300_sxm,EMPIRICAL,prefill,10.6074,12.63896,0.8392620911847177,10.6074,10.607,3.770952354024965e-05,152.726,9.677,103.34,678.874,1,1,1,11.786,tp8pp1dp1etp1ep1,136,136,1,13.738,tp8pp1dp1etp1ep1,16
llama31_70b__b300_sxm__empirical,llama31_70b,b300_sxm,EMPIRICAL,prefill,14.162400000000002,14.5912,0.9706124239267504,14.162400000000002,14.162,2.8243800485852968e-05,228.767,9.86,101.416,604.262,1,1,2,7.868,tp4pp1dp1etp1ep1,40,40,4,3.965,tp4pp1dp1etp1ep1,24
llama31_70b__b300_sxm__empirical,llama31_70b,b300_sxm,EMPIRICAL,prefill,21.2436,21.712,0.9784266764922623,21.2436,21.244,1.882920032381836e-05,228.767,10.768,92.866,679.795,1,1,3,7.868,tp4pp1dp1etp1ep1,52,52,5,4.72,tp4pp1dp1etp1ep1,32
llama31_70b__b300_sxm__empirical,llama31_70b,b300_sxm,EMPIRICAL,prefill,10.6074,13.432,0.7897111375818939,10.6074,10.607,3.770952354024965e-05,152.726,10.713,93.349,678.874,1,1,1,11.786,tp8pp1dp1etp1ep1,160,160,1,14.6,tp8pp1dp1etp1ep1,16
llama31_70b__b300_sxm__empirical,llama31_70b,b300_sxm,EMPIRICAL,prefill,21.2436,25.5254,0.8322533633165395,21.2436,21.244,1.882920032381836e-05,228.767,11.979,83.482,679.795,1,1,3,7.868,tp4pp1dp1etp1ep1,68,68,5,5.549,tp4pp1dp1etp1ep1,32
llama31_70b__b300_sxm__empirical,llama31_70b,b300_sxm,EMPIRICAL,prefill,10.6074,14.0852,0.7530883480532757,10.6074,10.607,3.770952354024965e-05,152.726,11.748,85.119,678.874,1,1,1,11.786,tp8pp1dp1etp1ep1,184,184,1,15.31,tp8pp1dp1etp1ep1,16
llama31_70b__b300_sxm__empirical,llama31_70b,b300_sxm,EMPIRICAL,decode,21.2436,16.747680000000003,1.2684503167005816,16.747680000000003,16.748,1.910712409113045e-05,228.767,12.887,77.601,714.568,1,1,3,7.868,tp4pp1dp1etp1ep1,80,80,3,6.068,tp4pp1dp1etp1ep1,24
llama31_70b__b300_sxm__empirical,llama31_70b,b300_sxm,EMPIRICAL,prefill,10.6074,14.631680000000001,0.7249611801242235,10.6074,10.607,3.770952354024965e-05,152.726,12.784,78.222,678.874,1,1,1,11.786,tp8pp1dp1etp1ep1,208,208,1,15.904,tp8pp1dp1etp1ep1,16
llama31_70b__b300_sxm__empirical,llama31_70b,b300_sxm,EMPIRICAL,decode,7.081200000000001,5.99748,1.1806958922747555,5.99748,5.997,8.003361411800956e-05,228.767,13.794,72.493,767.677,1,1,1,7.868,tp4pp1dp1etp1ep1,92,92,1,6.519,tp4pp1dp1etp1ep1,8
llama31_70b__b300_sxm__empirical,llama31_70b,b300_sxm,EMPIRICAL,prefill,10.6074,15.0972,0.7026071059534218,10.6074,10.607,3.770952354024965e-05,152.726,13.82,72.36,678.874,1,1,1,11.786,tp8pp1dp1etp1ep1,232,232,1,16.41,tp8pp1dp1etp1ep1,16
llama31_70b__b300_sxm__empirical,llama31_70b,b300_sxm,EMPIRICAL,decode,4.2534,3.17492,1.339687299207539,3.17492,3.175,2.5197485290853285e-05,380.849,13.872,72.087,203.195,1,1,1,4.726,tp2pp1dp1etp1ep1,7,7,7,0.493,tp2pp1dp1etp1ep1,16
llama31_70b__b300_sxm__empirical,llama31_70b,b300_sxm,EMPIRICAL,decode,21.2436,19.085400000000003,1.1130812034329904,19.085400000000003,19.085,2.0958428956302744e-05,228.767,14.702,68.017,814.31,1,1,3,7.868,tp4pp1dp1etp1ep1,104,104,3,6.915,tp4pp1dp1etp1ep1,24
llama31_70b__b300_sxm__empirical,llama31_70b,b300_sxm,EMPIRICAL,prefill,10.6074,15.497399999999999,0.6844632002787565,10.6074,10.607,3.770952354024965e-05,152.726,14.856,67.315,678.874,1,1,1,11.786,tp8pp1dp1etp1ep1,256,256,1,16.845,tp8pp1dp1etp1ep1,16
llama31_70b__b300_sxm__empirical,llama31_70b,b300_sxm,EMPIRICAL,decode,12.760200000000001,11.69688,1.090906292960174,11.69688,11.697,1.0259146028599916e-05,380.849,14.997,66.679,374.3,1,1,3,4.726,tp2pp1dp1etp1ep1,15,15,13,0.978,tp2pp1dp1etp1ep1,32
llama31_70b__b300_sxm__empirical,llama31_70b,b300_sxm,EMPIRICAL,decode,21.2436,20.34672,1.0440798320318951,20.34672,20.347,1.3761431818005946e-05,228.767,15.913,62.843,868.127,1,1,3,7.868,tp4pp1dp1etp1ep1,120,120,3,7.372,tp4pp1dp1etp1ep1,24
llama31_70b__b300_sxm__empirical,llama31_70b,b300_sxm,EMPIRICAL,prefill,10.6074,15.84608,0.6694021486702074,10.6074,10.607,3.770952354024965e-05,152.726,15.891,62.927,678.874,1,1,1,11.786,tp8pp1dp1etp1ep1,280,280,1,17.224,tp8pp1dp1etp1ep1,16
llama31_70b__b300_sxm__empirical,llama31_70b,b300_sxm,EMPIRICAL,decode,4.2534,3.7149600000000005,1.1449383035079783,3.7149600000000005,3.715,1.0767276094325071e-05,380.849,15.982,62.571,475.515,1,1,1,4.726,tp2pp1dp1etp1ep1,22,22,3,1.346,tp2pp1dp1etp1ep1,8
llama31_70b__b300_sxm__empirical,llama31_70b,b300_sxm,EMPIRICAL,decode,21.2436,20.907000000000004,1.0160998708566507,20.907000000000004,20.907,1.6992938627256423e-16,228.767,16.518,60.54,892.032,1,1,3,7.868,tp4pp1dp1etp1ep1,128,128,3,7.575,tp4pp1dp1etp1ep1,24
llama31_70b__b300_sxm__empirical,llama31_70b,b300_sxm,EMPIRICAL,decode,21.2148,16.15152,1.3134862848821658,16.15152,16.152,2.971856518764747e-05,152.726,16.927,59.077,689.132,1,1,2,11.786,tp8pp1dp1etp1ep1,304,304,1,17.556,tp8pp1dp1etp1ep1,24
llama31_70b__b300_sxm__empirical,llama31_70b,b300_sxm,EMPIRICAL,prefill,4.2534,4.49052,0.9471954250287272,4.2534,4.253,9.404241312831051e-05,380.849,16.826,59.433,544.435,1,1,1,4.726,tp2pp1dp1etp1ep1,28,28,3,1.627,tp2pp1dp1etp1ep1,8
llama31_70b__b300_sxm__empirical,llama31_70b,b300_sxm,EMPIRICAL,prefill,7.081200000000001,7.304800000000001,0.9693899901434673,7.081200000000001,7.081,2.8243800485852968e-05,228.767,17.728,56.407,906.394,1,1,1,7.868,tp4pp1dp1etp1ep1,144,144,1,7.94,tp4pp1dp1etp1ep1,8
llama31_70b__b300_sxm__empirical,llama31_70b,b300_sxm,EMPIRICAL,decode,21.2148,16.30516,1.3011095873944198,16.30516,16.305,9.812844522902455e-06,152.726,17.65,56.658,695.687,1,1,2,11.786,tp8pp1dp1etp1ep1,320,320,1,17.723,tp8pp1dp1etp1ep1,24
llama31_70b__b300_sxm__empirical,llama31_70b,b300_sxm,EMPIRICAL,decode,21.267,19.8352,1.0721848027748648,19.8352,19.835,1.0083084617222608e-05,380.849,17.951,55.707,634.726,1,1,5,4.726,tp2pp1dp1etp1ep1,36,36,11,1.96,tp2pp1dp1etp1ep1,32
llama31_70b__b300_sxm__empirical,llama31_70b,b300_sxm,EMPIRICAL,prefill,7.081200000000001,7.597359999999999,0.9320606105278678,7.081200000000001,7.081,2.8243800485852968e-05,228.767,18.939,52.802,906.394,1,1,1,7.868,tp4pp1dp1etp1ep1,160,160,1,8.258,tp4pp1dp1etp1ep1,8
llama31_70b__b300_sxm__empirical,llama31_70b,b300_sxm,EMPIRICAL,decode,21.2148,16.410040000000002,1.292793923719869,16.410040000000002,16.41,2.4375321450793784e-06,152.726,18.853,53.043,700.162,1,1,2,11.786,tp8pp1dp1etp1ep1,344,344,1,17.837,tp8pp1dp1etp1ep1,24
llama31_70b__b300_sxm__empirical,llama31_70b,b300_sxm,EMPIRICAL,prefill,21.267,21.37344,0.9950199874236436,21.267,21.267,0.0,380.849,18.514,54.015,680.544,1,1,5,4.726,tp2pp1dp1etp1ep1,40,40,11,2.112,tp2pp1dp1etp1ep1,32
llama31_70b__b300_sxm__empirical,llama31_70b,b300_sxm,EMPIRICAL,prefill,7.081200000000001,7.730760000000001,0.9159772131071201,7.081200000000001,7.081,2.8243800485852968e-05,228.767,19.544,51.167,906.394,1,1,1,7.868,tp4pp1dp1etp1ep1,168,168,1,8.403,tp4pp1dp1etp1ep1,8
llama31_70b__b300_sxm__empirical,llama31_70b,b300_sxm,EMPIRICAL,prefill,17.0136,17.58304,0.9676142464556755,17.0136,17.014,2.3510603282025423e-05,380.849,19.639,50.92,725.914,1,1,4,4.726,tp2pp1dp1etp1ep1,48,48,8,2.389,tp2pp1dp1etp1ep1,24
llama31_70b__b300_sxm__empirical,llama31_70b,b300_sxm,EMPIRICAL,decode,21.2148,16.46064,1.2888198757763973,16.46064,16.461,2.1870352549902638e-05,152.726,19.669,50.842,702.321,1,1,2,11.786,tp8pp1dp1etp1ep1,360,360,1,17.892,tp8pp1dp1etp1ep1,24
llama31_70b__b300_sxm__empirical,llama31_70b,b300_sxm,EMPIRICAL,prefill,21.267,21.406560000000002,0.9934805031728591,21.267,21.267,0.0,380.849,24.702,40.482,907.392,1,1,5,4.726,tp2pp1dp1etp1ep1,84,84,7,3.324,tp2pp1dp1etp1ep1,24
llama31_70b__b300_sxm__empirical,llama31_70b,b300_sxm,EMPIRICAL,prefill,7.081200000000001,8.63696,0.8198718067468184,7.081200000000001,7.081,2.8243800485852968e-05,228.767,24.991,40.014,906.394,1,1,1,7.868,tp4pp1dp1etp1ep1,240,240,1,9.388,tp4pp1dp1etp1ep1,8
llama31_70b__b300_sxm__empirical,llama31_70b,b300_sxm,EMPIRICAL,decode,21.2148,16.65108,1.2740795191663243,16.65108,16.651,4.804493162036582e-06,152.726,24.628,40.604,710.446,1,1,2,11.786,tp8pp1dp1etp1ep1,456,456,1,18.099,tp8pp1dp1etp1ep1,24
llama31_70b__b300_sxm__empirical,llama31_70b,b300_sxm,EMPIRICAL,prefill,29.7738,32.63148,0.9124256699359024,29.7738,29.774,6.717315223435836e-06,380.849,29.765,33.596,952.762,1,1,7,4.726,tp2pp1dp1etp1ep1,120,120,9,3.941,tp2pp1dp1etp1ep1,32
llama31_70b__b300_sxm__empirical,llama31_70b,b300_sxm,EMPIRICAL,prefill,7.081200000000001,9.16412,0.772709218124599,7.081200000000001,7.081,2.8243800485852968e-05,228.767,29.833,33.52,906.394,1,1,1,7.868,tp4pp1dp1etp1ep1,304,304,1,9.961,tp4pp1dp1etp1ep1,8
llama31_70b__b300_sxm__empirical,llama31_70b,b300_sxm,EMPIRICAL,decode,21.2148,16.709039999999998,1.2696600163743699,16.709039999999998,16.709,2.3939137136834727e-06,152.726,27.556,36.289,712.919,1,1,2,11.786,tp8pp1dp1etp1ep1,512,512,1,18.162,tp8pp1dp1etp1ep1,24
llama31_70b__b300_sxm__empirical,llama31_70b,b300_sxm,EMPIRICAL,decode,7.0956,7.044440000000001,1.00726246514982,7.044440000000001,7.044,6.246060723082405e-05,685.013,29.866,33.483,450.844,1,1,3,2.628,tp1pp1dp1etp1ep1,18,18,13,0.589,tp1pp1dp1etp1ep1,16
llama31_70b__b300_sxm__empirical,llama31_70b,b300_sxm,EMPIRICAL,decode,4.2534,3.9891200000000007,1.0662502005454835,3.9891200000000007,3.989,3.0081822557553075e-05,380.849,34.266,29.183,1021.215,1,1,1,4.726,tp2pp1dp1etp1ep1,152,152,1,4.336,tp2pp1dp1etp1ep1,4
llama31_70b__b300_sxm__empirical,llama31_70b,b300_sxm,EMPIRICAL,prefill,7.081200000000001,9.26992,0.7638900875088458,7.081200000000001,7.081,2.8243800485852968e-05,228.767,34.927,28.632,906.394,1,1,1,7.868,tp4pp1dp1etp1ep1,360,360,1,10.076,tp4pp1dp1etp1ep1,8
llama31_70b__b300_sxm__empirical,llama31_70b,b300_sxm,EMPIRICAL,prefill,21.286800000000003,21.43508,0.9930823677821592,21.286800000000003,21.287,9.395493920926637e-06,685.013,34.737,28.787,681.178,1,1,9,2.628,tp1pp1dp1etp1ep1,36,36,23,1.013,tp1pp1dp1etp1ep1,32
llama31_70b__b300_sxm__empirical,llama31_70b,b300_sxm,EMPIRICAL,prefill,4.2534,4.328600000000001,0.982627177378367,4.2534,4.253,9.404241312831051e-05,380.849,39.892,25.068,1088.87,1,1,1,4.726,tp2pp1dp1etp1ep1,192,192,1,4.705,tp2pp1dp1etp1ep1,4
llama31_70b__b300_sxm__empirical,llama31_70b,b300_sxm,EMPIRICAL,prefill,7.081200000000001,9.293840000000001,0.7619240270975184,7.081200000000001,7.081,2.8243800485852968e-05,228.767,39.479,25.33,906.394,1,1,1,7.868,tp4pp1dp1etp1ep1,408,408,1,10.102,tp4pp1dp1etp1ep1,8
llama31_70b__b300_sxm__empirical,llama31_70b,b300_sxm,EMPIRICAL,prefill,18.9216,19.15072,0.9880359589613342,18.9216,18.922,2.1139861322460453e-05,685.013,39.068,25.597,807.322,1,1,8,2.628,tp1pp1dp1etp1ep1,52,52,16,1.301,tp1pp1dp1etp1ep1,24
llama31_70b__b300_sxm__empirical,llama31_70b,b300_sxm,EMPIRICAL,prefill,4.2534,4.53744,0.9374008251348778,4.2534,4.253,9.404241312831051e-05,380.849,44.393,22.526,1088.87,1,1,1,4.726,tp2pp1dp1etp1ep1,224,224,1,4.932,tp2pp1dp1etp1ep1,4
llama31_70b__b300_sxm__empirical,llama31_70b,b300_sxm,EMPIRICAL,prefill,21.286800000000003,21.8316,0.9750453471115265,21.286800000000003,21.287,9.395493920926637e-06,685.013,44.48,22.482,908.237,1,1,9,2.628,tp1pp1dp1etp1ep1,72,72,15,1.582,tp1pp1dp1etp1ep1,24
llama31_70b__b300_sxm__empirical,llama31_70b,b300_sxm,EMPIRICAL,prefill,7.081200000000001,9.31592,0.7601181633161299,7.081200000000001,7.081,2.8243800485852968e-05,228.767,44.791,22.326,906.394,1,1,1,7.868,tp4pp1dp1etp1ep1,464,464,1,10.126,tp4pp1dp1etp1ep1,8
llama31_70b__b300_sxm__empirical,llama31_70b,b300_sxm,EMPIRICAL,prefill,4.2534,4.6690000000000005,0.9109873634611265,4.2534,4.253,9.404241312831051e-05,380.849,47.768,20.934,1088.87,1,1,1,4.726,tp2pp1dp1etp1ep1,248,248,1,5.075,tp2pp1dp1etp1ep1,4
llama31_70b__b300_sxm__empirical,llama31_70b,b300_sxm,EMPIRICAL,decode,30.747600000000002,30.0656,1.0226837315736257,30.0656,30.066,1.3304241392124814e-05,685.013,47.728,20.952,962.099,1,1,13,2.628,tp1pp1dp1etp1ep1,84,84,19,1.72,tp1pp1dp1etp1ep1,32
llama31_70b__b300_sxm__empirical,llama31_70b,b300_sxm,EMPIRICAL,prefill,7.081200000000001,9.331560000000001,0.7588441803942749,7.081200000000001,7.081,2.8243800485852968e-05,228.767,49.344,20.266,906.394,1,1,1,7.868,tp4pp1dp1etp1ep1,512,512,1,10.143,tp4pp1dp1etp1ep1,8
llama31_70b__b300_sxm__silicon,llama31_70b,b300_sxm,SILICON,decode,8.1927,3.0774,2.662214856697212,3.0774,3.077,0.00012997985312275165,197.739,7.892,126.705,98.477,1,1,1,9.103,tp8pp1dp1etp1ep1,9,9,3,1.115,tp8pp1dp1etp1ep1,32
llama31_70b__b300_sxm__silicon,llama31_70b,b300_sxm,SILICON,decode,8.1927,3.3810000000000002,2.4231588287488908,3.3810000000000002,3.381,1.313484796953749e-16,197.739,8.776,113.941,108.192,1,1,1,9.103,tp8pp1dp1etp1ep1,11,11,3,1.225,tp8pp1dp1etp1ep1,32
llama31_70b__b300_sxm__silicon,llama31_70b,b300_sxm,SILICON,decode,6.318,3.7996,1.662806611222234,3.7996,3.8,0.00010527423939360879,256.403,9.947,100.536,121.587,1,1,1,7.02,tp4pp1dp1etp1ep1,6,6,7,0.59,tp4pp1dp1etp1ep1,32
llama31_70b__b300_sxm__silicon,llama31_70b,b300_sxm,SILICON,decode,8.1927,3.7977600000000002,2.1572453235591507,3.7977600000000002,3.798,6.319514661268641e-05,197.739,9.948,100.519,121.528,1,1,1,9.103,tp8pp1dp1etp1ep1,14,14,3,1.376,tp8pp1dp1etp1ep1,32
llama31_70b__b300_sxm__silicon,llama31_70b,b300_sxm,SILICON,prefill,6.318,6.771199999999999,0.9330694706994329,6.318,6.318,0.0,256.403,10.626,94.112,269.568,1,1,1,7.02,tp4pp1dp1etp1ep1,16,16,5,1.472,tp4pp1dp1etp1ep1,24
llama31_70b__b300_sxm__silicon,llama31_70b,b300_sxm,SILICON,decode,8.1927,4.0572,2.019299023957409,4.0572,4.057,4.9295080350866085e-05,197.739,10.64,93.981,129.83,1,1,1,9.103,tp8pp1dp1etp1ep1,16,16,3,1.47,tp8pp1dp1etp1ep1,32
llama31_70b__b300_sxm__silicon,llama31_70b,b300_sxm,SILICON,decode,6.318,4.99284,1.2654120700843607,4.99284,4.993,3.20458897141026e-05,256.403,11.891,84.098,319.542,1,1,1,7.02,tp4pp1dp1etp1ep1,22,22,3,1.809,tp4pp1dp1etp1ep1,16
llama31_70b__b300_sxm__silicon,llama31_70b,b300_sxm,SILICON,decode,8.1927,6.32316,1.2956654584100356,6.32316,6.323,2.5303803794190222e-05,197.739,11.946,83.71,202.341,1,1,1,9.103,tp8pp1dp1etp1ep1,28,28,3,2.291,tp8pp1dp1etp1ep1,32
llama31_70b__b300_sxm__silicon,llama31_70b,b300_sxm,SILICON,decode,6.318,5.8125599999999995,1.0869565217391304,5.8125599999999995,5.813,7.569814333103108e-05,256.403,12.997,76.938,372.004,1,1,1,7.02,tp4pp1dp1etp1ep1,28,28,3,2.106,tp4pp1dp1etp1ep1,16
llama31_70b__b300_sxm__silicon,llama31_70b,b300_sxm,SILICON,prefill,8.1927,9.087760000000001,0.9015092828155672,8.1927,8.193,3.661796477343254e-05,197.739,12.667,78.945,349.555,1,1,1,9.103,tp8pp1dp1etp1ep1,64,64,2,4.939,tp8pp1dp1etp1ep1,24
llama31_70b__b300_sxm__silicon,llama31_70b,b300_sxm,SILICON,decode,6.318,6.2845200000000006,1.0053273758377728,6.2845200000000006,6.285,7.637814821173166e-05,256.403,13.735,72.806,402.209,1,1,1,7.02,tp4pp1dp1etp1ep1,32,32,3,2.277,tp4pp1dp1etp1ep1,16
llama31_70b__b300_sxm__silicon,llama31_70b,b300_sxm,SILICON,decode,8.1927,5.948720000000001,1.3772206457859841,5.948720000000001,5.949,4.7068949286429646e-05,197.739,13.909,71.896,380.718,1,1,1,9.103,tp8pp1dp1etp1ep1,92,92,1,6.466,tp8pp1dp1etp1ep1,16
llama31_70b__b300_sxm__silicon,llama31_70b,b300_sxm,SILICON,decode,12.636,11.569920000000002,1.0921423830069696,11.569920000000002,11.57,6.9144816903442485e-06,256.403,14.924,67.008,493.65,1,1,2,7.02,tp4pp1dp1etp1ep1,48,48,4,3.144,tp4pp1dp1etp1ep1,24
llama31_70b__b300_sxm__silicon,llama31_70b,b300_sxm,SILICON,decode,8.1927,7.44556,1.10034705247154,7.44556,7.446,5.909562208877906e-05,197.739,14.977,66.769,476.516,1,1,1,9.103,tp8pp1dp1etp1ep1,124,124,1,8.093,tp8pp1dp1etp1ep1,16
llama31_70b__b300_sxm__silicon,llama31_70b,b300_sxm,SILICON,decode,18.954,18.216,1.0405138339920947,18.216,18.216,0.0,256.403,15.8,63.291,582.912,1,1,3,7.02,tp4pp1dp1etp1ep1,64,64,5,3.96,tp4pp1dp1etp1ep1,32
llama31_70b__b300_sxm__silicon,llama31_70b,b300_sxm,SILICON,decode,8.1927,7.6498,1.0709691756647233,7.6498,7.65,2.614447436539806e-05,197.739,15.988,62.546,489.587,1,1,1,9.103,tp8pp1dp1etp1ep1,136,136,1,8.315,tp8pp1dp1etp1ep1,16
llama31_70b__b300_sxm__silicon,llama31_70b,b300_sxm,SILICON,decode,3.6738,3.1270800000000003,1.1748340304693194,3.1270800000000003,3.127,2.55829719740218e-05,440.928,15.812,63.242,133.422,1,1,1,4.082,tp2pp1dp1etp1ep1,5,5,11,0.309,tp2pp1dp1etp1ep1,24
llama31_70b__b300_sxm__silicon,llama31_70b,b300_sxm,SILICON,prefill,18.954,19.1038,0.9921586281263414,18.954,18.954,0.0,256.403,16.948,59.004,606.528,1,1,3,7.02,tp4pp1dp1etp1ep1,72,72,5,4.153,tp4pp1dp1etp1ep1,32
llama31_70b__b300_sxm__silicon,llama31_70b,b300_sxm,SILICON,decode,8.1927,8.14752,1.005545245669848,8.14752,8.148,5.8913632614536923e-05,197.739,16.778,59.602,521.441,1,1,1,9.103,tp8pp1dp1etp1ep1,152,152,1,8.856,tp8pp1dp1etp1ep1,16
llama31_70b__b300_sxm__silicon,llama31_70b,b300_sxm,SILICON,prefill,3.6738,3.7609600000000003,0.9768250659406108,3.6738,3.674,5.443954488539876e-05,440.928,16.751,59.699,235.123,1,1,1,4.082,tp2pp1dp1etp1ep1,10,10,7,0.584,tp2pp1dp1etp1ep1,16
llama31_70b__b300_sxm__silicon,llama31_70b,b300_sxm,SILICON,prefill,18.954,21.1048,0.898089534134415,18.954,18.954,0.0,256.403,17.897,55.876,606.528,1,1,3,7.02,tp4pp1dp1etp1ep1,84,84,5,4.588,tp4pp1dp1etp1ep1,32
llama31_70b__b300_sxm__silicon,llama31_70b,b300_sxm,SILICON,prefill,8.1927,8.37936,0.9777238357106032,8.1927,8.193,3.661796477343254e-05,197.739,17.173,58.232,524.333,1,1,1,9.103,tp8pp1dp1etp1ep1,160,160,1,9.108,tp8pp1dp1etp1ep1,16
llama31_70b__b300_sxm__silicon,llama31_70b,b300_sxm,SILICON,decode,11.0214,10.5248,1.047183794466403,10.5248,10.525,1.9002736393996452e-05,440.928,17.771,56.271,336.794,1,1,3,4.082,tp2pp1dp1etp1ep1,16,16,13,0.88,tp2pp1dp1etp1ep1,32
llama31_70b__b300_sxm__silicon,llama31_70b,b300_sxm,SILICON,prefill,18.954,22.172,0.8548619880930904,18.954,18.954,0.0,256.403,18.658,53.595,606.528,1,1,3,7.02,tp4pp1dp1etp1ep1,92,92,5,4.82,tp4pp1dp1etp1ep1,32
llama31_70b__b300_sxm__silicon,llama31_70b,b300_sxm,SILICON,prefill,8.1927,8.78508,0.9325697660123755,8.1927,8.193,3.661796477343254e-05,197.739,18.836,53.089,524.333,1,1,1,9.103,tp8pp1dp1etp1ep1,184,184,1,9.549,tp8pp1dp1etp1ep1,16
llama31_70b__b300_sxm__silicon,llama31_70b,b300_sxm,SILICON,decode,3.6738,3.4086000000000003,1.0778032036613272,3.4086000000000003,3.409,0.00011735023176656452,440.928,18.995,52.645,436.301,1,1,1,4.082,tp2pp1dp1etp1ep1,24,24,3,1.235,tp2pp1dp1etp1ep1,8
llama31_70b__b300_sxm__silicon,llama31_70b,b300_sxm,SILICON,decode,6.318,4.911880000000001,1.2862692085311527,4.911880000000001,4.912,2.4430564264397697e-05,256.403,19.775,50.568,628.721,1,1,1,7.02,tp4pp1dp1etp1ep1,108,108,1,5.339,tp4pp1dp1etp1ep1,8
llama31_70b__b300_sxm__silicon,llama31_70b,b300_sxm,SILICON,prefill,8.1927,9.003120000000001,0.9099845386932529,8.1927,8.193,3.661796477343254e-05,197.739,19.179,52.14,524.333,1,1,1,9.103,tp8pp1dp1etp1ep1,192,192,1,9.786,tp8pp1dp1etp1ep1,16
llama31_70b__b300_sxm__silicon,llama31_70b,b300_sxm,SILICON,decode,18.369,15.908640000000002,1.1546555833811059,15.908640000000002,15.909,2.2629212805042146e-05,440.928,19.896,50.26,509.076,1,1,5,4.082,tp2pp1dp1etp1ep1,32,32,11,1.572,tp2pp1dp1etp1ep1,32
llama31_70b__b300_sxm__silicon,llama31_70b,b300_sxm,SILICON,decode,18.954,17.296920000000004,1.0958020271817177,17.296920000000004,17.297,4.625100884837957e-06,256.403,24.956,40.07,738.002,1,1,3,7.02,tp4pp1dp1etp1ep1,160,160,3,6.267,tp4pp1dp1etp1ep1,24
llama31_70b__b300_sxm__silicon,llama31_70b,b300_sxm,SILICON,prefill,11.0214,11.6564,0.9455234892419615,11.0214,11.021,3.629302992351859e-05,440.928,24.686,40.509,705.37,1,1,3,4.082,tp2pp1dp1etp1ep1,64,64,5,2.534,tp2pp1dp1etp1ep1,16
llama31_70b__b300_sxm__silicon,llama31_70b,b300_sxm,SILICON,prefill,8.1927,9.970040000000001,0.821731908798761,8.1927,8.193,3.661796477343254e-05,197.739,24.536,40.757,524.333,1,1,1,9.103,tp8pp1dp1etp1ep1,272,272,1,10.837,tp8pp1dp1etp1ep1,16
llama31_70b__b300_sxm__silicon,llama31_70b,b300_sxm,SILICON,prefill,25.7166,25.98264,0.9897608557098124,25.7166,25.717,1.5554155681507965e-05,440.928,29.909,33.435,822.931,1,1,7,4.082,tp2pp1dp1etp1ep1,96,96,9,3.138,tp2pp1dp1etp1ep1,32
llama31_70b__b300_sxm__silicon,llama31_70b,b300_sxm,SILICON,prefill,18.954,19.6512,0.9645212506106497,18.954,18.954,0.0,256.403,29.654,33.722,808.704,1,1,3,7.02,tp4pp1dp1etp1ep1,216,216,3,7.12,tp4pp1dp1etp1ep1,24
llama31_70b__b300_sxm__silicon,llama31_70b,b300_sxm,SILICON,prefill,8.1927,10.8514,0.7549901395211678,8.1927,8.193,3.661796477343254e-05,197.739,29.835,33.518,524.333,1,1,1,9.103,tp8pp1dp1etp1ep1,360,360,1,11.795,tp8pp1dp1etp1ep1,16
llama31_70b__b300_sxm__silicon,llama31_70b,b300_sxm,SILICON,decode,9.922500000000001,9.316840000000001,1.0650070195474002,9.316840000000001,9.317,1.7173204648708342e-05,816.433,29.371,34.048,397.519,1,1,5,2.205,tp1pp1dp1etp1ep1,16,16,19,0.533,tp1pp1dp1etp1ep1,24
llama31_70b__b300_sxm__silicon,llama31_70b,b300_sxm,SILICON,decode,22.0428,20.214240000000004,1.0904590031581696,20.214240000000004,20.214,1.1872818369878114e-05,440.928,34.163,29.271,862.474,1,1,6,4.082,tp2pp1dp1etp1ep1,128,128,6,3.662,tp2pp1dp1etp1ep1,24
llama31_70b__b300_sxm__silicon,llama31_70b,b300_sxm,SILICON,prefill,18.954,20.90976,0.9064666452412654,18.954,18.954,0.0,256.403,33.03,30.276,808.704,1,1,3,7.02,tp4pp1dp1etp1ep1,256,256,3,7.576,tp4pp1dp1etp1ep1,24
llama31_70b__b300_sxm__silicon,llama31_70b,b300_sxm,SILICON,decode,9.922500000000001,9.33064,1.0634318760556618,9.33064,9.331,3.85825623964493e-05,816.433,33.943,29.461,597.161,1,1,5,2.205,tp1pp1dp1etp1ep1,32,32,11,0.922,tp1pp1dp1etp1ep1,16
llama31_70b__b300_sxm__silicon,llama31_70b,b300_sxm,SILICON,prefill,8.1927,11.41904,0.7174596113158374,8.1927,8.193,3.661796477343254e-05,197.739,34.652,28.858,524.333,1,1,1,9.103,tp8pp1dp1etp1ep1,440,440,1,12.412,tp8pp1dp1etp1ep1,16
llama31_70b__b300_sxm__silicon,llama31_70b,b300_sxm,SILICON,decode,22.0428,21.848160000000004,1.0089087593646329,21.848160000000004,21.848,7.32327115897178e-06,440.928,39.518,25.305,932.188,1,1,6,4.082,tp2pp1dp1etp1ep1,160,160,6,3.958,tp2pp1dp1etp1ep1,24
llama31_70b__b300_sxm__silicon,llama31_70b,b300_sxm,SILICON,prefill,18.954,21.735,0.8720496894409938,18.954,18.954,0.0,256.403,39.721,25.176,808.704,1,1,3,7.02,tp4pp1dp1etp1ep1,320,320,3,7.875,tp4pp1dp1etp1ep1,24
llama31_70b__b300_sxm__silicon,llama31_70b,b300_sxm,SILICON,decode,17.8605,17.802000000000003,1.0032861476238621,17.802000000000003,17.802,1.9956823271545332e-16,816.433,39.415,25.371,759.552,1,1,9,2.205,tp1pp1dp1etp1ep1,52,52,15,1.29,tp1pp1dp1etp1ep1,24
llama31_70b__b300_sxm__silicon,llama31_70b,b300_sxm,SILICON,prefill,8.1927,11.81004,0.6937063718666491,8.1927,8.193,3.661796477343254e-05,197.739,38.989,25.648,524.333,1,1,1,9.103,tp8pp1dp1etp1ep1,512,512,1,12.837,tp8pp1dp1etp1ep1,16
llama31_70b__b300_sxm__silicon,llama31_70b,b300_sxm,SILICON,prefill,3.6738,3.7379599999999997,0.9828355573628397,3.6738,3.674,5.443954488539876e-05,440.928,44.274,22.587,940.493,1,1,1,4.082,tp2pp1dp1etp1ep1,184,184,1,4.063,tp2pp1dp1etp1ep1,4
llama31_70b__b300_sxm__silicon,llama31_70b,b300_sxm,SILICON,decode,13.8915,13.711680000000001,1.0131143667296787,13.711680000000001,13.712,2.333776750905386e-05,816.433,44.869,22.287,877.548,1,1,7,2.205,tp1pp1dp1etp1ep1,76,76,9,1.656,tp1pp1dp1etp1ep1,16
llama31_70b__b300_sxm__silicon,llama31_70b,b300_sxm,SILICON,prefill,18.954,22.40016,0.8461546703237834,18.954,18.954,0.0,256.403,44.324,22.561,808.704,1,1,3,7.02,tp4pp1dp1etp1ep1,368,368,3,8.116,tp4pp1dp1etp1ep1,24
llama31_70b__b300_sxm__silicon,llama31_70b,b300_sxm,SILICON,prefill,3.6738,4.121600000000001,0.8913528726708073,3.6738,3.674,5.443954488539876e-05,440.928,48.88,20.458,940.493,1,1,1,4.082,tp2pp1dp1etp1ep1,224,224,1,4.48,tp2pp1dp1etp1ep1,4
llama31_70b__b300_sxm__silicon,llama31_70b,b300_sxm,SILICON,decode,21.829500000000003,20.894120000000004,1.0447676188324753,20.894120000000004,20.894,5.7432425967743646e-06,816.433,46.99,21.281,891.482,1,1,11,2.205,tp1pp1dp1etp1ep1,84,84,13,1.747,tp1pp1dp1etp1ep1,24
llama31_70b__b300_sxm__silicon,llama31_70b,b300_sxm,SILICON,prefill,18.954,23.0184,0.8234282139505787,18.954,18.954,0.0,256.403,49.695,20.123,808.704,1,1,3,7.02,tp4pp1dp1etp1ep1,424,424,3,8.34,tp4pp1dp1etp1ep1,24
llama31_70b__b300_sxm__silicon,llama31_70b,b300_sxm,SILICON,decode,33.0642,29.598239999999997,1.1171002059581923,29.598239999999997,29.598,8.108590240433876e-06,440.928,52.749,18.958,947.144,1,1,9,4.082,tp2pp1dp1etp1ep1,248,248,7,4.596,tp2pp1dp1etp1ep1,32
llama31_70b__b300_sxm__silicon,llama31_70b,b300_sxm,SILICON,prefill,18.954,23.45172,0.808213640619963,18.954,18.954,0.0,256.403,54.298,18.417,808.704,1,1,3,7.02,tp4pp1dp1etp1ep1,472,472,3,8.497,tp4pp1dp1etp1ep1,24
llama31_70b__b300_sxm__silicon,llama31_70b,b300_sxm,SILICON,prefill,18.954,23.760839999999998,0.7976990712449561,18.954,18.954,0.0,256.403,58.134,17.202,808.704,1,1,3,7.02,tp4pp1dp1etp1ep1,512,512,3,8.609,tp4pp1dp1etp1ep1,24
llama31_70b__h100_sxm__analytical,llama31_70b,h100_sxm,ANALYTICAL,decode,4.5414,1.97892,2.29488812079316,1.97892,1.979,4.042609099917127e-05,356.738,10.912,91.642,63.325,1,1,1,5.046,tp8pp1dp1etp1ep1,8,8,3,0.717,tp8pp1dp1etp1ep1,32
llama31_70b__h100_sxm__analytical,llama31_70b,h100_sxm,ANALYTICAL,decode,4.5414,3.61284,1.2570166406483543,3.61284,3.613,4.428648929932132e-05,356.738,11.946,83.708,115.611,1,1,1,5.046,tp8pp1dp1etp1ep1,16,16,3,1.309,tp8pp1dp1etp1ep1,32
llama31_70b__h100_sxm__analytical,llama31_70b,h100_sxm,ANALYTICAL,prefill,4.5414,5.0038800000000005,0.9075757212403175,4.5414,4.541,8.80785660809345e-05,356.738,12.937,77.297,145.325,1,1,1,5.046,tp8pp1dp1etp1ep1,24,24,3,1.813,tp8pp1dp1etp1ep1,32
llama31_70b__h100_sxm__analytical,llama31_70b,h100_sxm,ANALYTICAL,decode,4.5414,4.11976,1.1023457677146242,4.11976,4.12,5.825582072737148e-05,356.738,13.973,71.566,175.776,1,1,1,5.046,tp8pp1dp1etp1ep1,32,32,2,2.239,tp8pp1dp1etp1ep1,24
llama31_70b__h100_sxm__analytical,llama31_70b,h100_sxm,ANALYTICAL,decode,4.5414,4.46752,1.0165371391734117,4.46752,4.468,0.00010744216030361181,356.738,14.491,69.007,190.614,1,1,1,5.046,tp8pp1dp1etp1ep1,36,36,2,2.428,tp8pp1dp1etp1ep1,24
llama31_70b__h100_sxm__analytical,llama31_70b,h100_sxm,ANALYTICAL,prefill,4.5414,5.0968,0.8910296656725789,4.5414,4.541,8.80785660809345e-05,356.738,15.527,64.403,193.766,1,1,1,5.046,tp8pp1dp1etp1ep1,44,44,2,2.77,tp8pp1dp1etp1ep1,24
llama31_70b__h100_sxm__analytical,llama31_70b,h100_sxm,ANALYTICAL,prefill,4.5414,5.64696,0.8042203238556676,4.5414,4.541,8.80785660809345e-05,356.738,16.563,60.375,193.766,1,1,1,5.046,tp8pp1dp1etp1ep1,52,52,2,3.069,tp8pp1dp1etp1ep1,24
llama31_70b__h100_sxm__analytical,llama31_70b,h100_sxm,ANALYTICAL,decode,4.5414,3.0663600000000004,1.4810394082886549,3.0663600000000004,3.066,0.00011740304465248112,356.738,17.599,56.82,196.247,1,1,1,5.046,tp8pp1dp1etp1ep1,60,60,1,3.333,tp8pp1dp1etp1ep1,16
llama31_70b__h100_sxm__analytical,llama31_70b,h100_sxm,ANALYTICAL,decode,3.0023999999999997,1.0561600000000002,2.842751098318436,1.0561600000000002,1.056,0.00015149219815194665,539.588,17.852,56.018,33.797,1,1,1,3.336,tp4pp1dp1etp1ep1,3,3,7,0.164,tp4pp1dp1etp1ep1,32
llama31_70b__h100_sxm__analytical,llama31_70b,h100_sxm,ANALYTICAL,decode,4.5414,3.2816400000000003,1.383881230116649,3.2816400000000003,3.282,0.00010970124693741356,356.738,18.635,53.662,210.025,1,1,1,5.046,tp8pp1dp1etp1ep1,68,68,1,3.567,tp8pp1dp1etp1ep1,16
llama31_70b__h100_sxm__analytical,llama31_70b,h100_sxm,ANALYTICAL,decode,3.0023999999999997,2.34416,1.2807999453962187,2.34416,2.344,6.825472663988807e-05,539.588,18.801,53.188,75.013,1,1,1,3.336,tp4pp1dp1etp1ep1,7,7,7,0.364,tp4pp1dp1etp1ep1,32
llama31_70b__h100_sxm__analytical,llama31_70b,h100_sxm,ANALYTICAL,decode,4.5414,3.4748400000000004,1.3069378733984873,3.4748400000000004,3.475,4.6045285538245186e-05,356.738,19.671,50.835,222.39,1,1,1,5.046,tp8pp1dp1etp1ep1,76,76,1,3.777,tp8pp1dp1etp1ep1,16
llama31_70b__h100_sxm__analytical,llama31_70b,h100_sxm,ANALYTICAL,decode,3.0023999999999997,2.7048,1.1100266193433894,2.7048,2.705,7.394262052646331e-05,539.588,19.945,50.138,115.405,1,1,1,3.336,tp4pp1dp1etp1ep1,12,12,5,0.588,tp4pp1dp1etp1ep1,24
llama31_70b__h100_sxm__analytical,llama31_70b,h100_sxm,ANALYTICAL,decode,4.5414,4.19796,1.0818111654232057,4.19796,4.198,9.52843762214553e-06,356.738,24.852,40.239,268.669,1,1,1,5.046,tp8pp1dp1etp1ep1,116,116,1,4.563,tp8pp1dp1etp1ep1,16
llama31_70b__h100_sxm__analytical,llama31_70b,h100_sxm,ANALYTICAL,decode,6.0047999999999995,4.66256,1.2878761881884628,4.66256,4.663,9.436875879349928e-05,539.588,24.68,40.519,198.936,1,1,2,3.336,tp4pp1dp1etp1ep1,32,32,4,1.267,tp4pp1dp1etp1ep1,24
llama31_70b__h100_sxm__analytical,llama31_70b,h100_sxm,ANALYTICAL,prefill,4.5414,4.63128,0.9805928382650153,4.5414,4.541,8.80785660809345e-05,356.738,29.514,33.883,290.65,1,1,1,5.046,tp8pp1dp1etp1ep1,152,152,1,5.034,tp8pp1dp1etp1ep1,16
llama31_70b__h100_sxm__analytical,llama31_70b,h100_sxm,ANALYTICAL,prefill,6.0047999999999995,6.35904,0.9442934782608694,6.0047999999999995,6.005,3.3306687983017265e-05,539.588,29.415,33.997,256.205,1,1,2,3.336,tp4pp1dp1etp1ep1,52,52,4,1.728,tp4pp1dp1etp1ep1,24
llama31_70b__h100_sxm__analytical,llama31_70b,h100_sxm,ANALYTICAL,prefill,4.5414,4.977200000000001,0.9124407297275576,4.5414,4.541,8.80785660809345e-05,356.738,34.694,28.824,290.65,1,1,1,5.046,tp8pp1dp1etp1ep1,192,192,1,5.41,tp8pp1dp1etp1ep1,16
llama31_70b__h100_sxm__analytical,llama31_70b,h100_sxm,ANALYTICAL,prefill,9.0072,9.4806,0.9500664514904118,9.0072,9.007,2.2204458655246235e-05,539.588,34.15,29.283,288.23,1,1,3,3.336,tp4pp1dp1etp1ep1,72,72,5,2.061,tp4pp1dp1etp1ep1,32
llama31_70b__h100_sxm__analytical,llama31_70b,h100_sxm,ANALYTICAL,decode,1.7892000000000001,1.26868,1.4102847053630545,1.26868,1.269,0.00025223066494299264,905.287,34.812,28.726,81.196,1,1,1,1.988,tp2pp1dp1etp1ep1,7,7,7,0.197,tp2pp1dp1etp1ep1,16
llama31_70b__h100_sxm__analytical,llama31_70b,h100_sxm,ANALYTICAL,prefill,4.5414,5.23296,0.8678453494771602,4.5414,4.541,8.80785660809345e-05,356.738,39.874,25.079,290.65,1,1,1,5.046,tp8pp1dp1etp1ep1,232,232,1,5.688,tp8pp1dp1etp1ep1,16
llama31_70b__h100_sxm__analytical,llama31_70b,h100_sxm,ANALYTICAL,prefill,9.0072,10.8376,0.8311065180482763,9.0072,9.007,2.2204458655246235e-05,539.588,39.832,25.106,288.23,1,1,3,3.336,tp4pp1dp1etp1ep1,96,96,5,2.356,tp4pp1dp1etp1ep1,32
llama31_70b__h100_sxm__analytical,llama31_70b,h100_sxm,ANALYTICAL,decode,3.5784000000000002,2.9072000000000005,1.2308750687947165,2.9072000000000005,2.907,6.879471656591292e-05,905.287,37.068,26.977,124.041,1,1,2,1.988,tp2pp1dp1etp1ep1,12,12,10,0.316,tp2pp1dp1etp1ep1,24
llama31_70b__h100_sxm__analytical,llama31_70b,h100_sxm,ANALYTICAL,decode,3.0023999999999997,2.2760800000000003,1.3191100488559275,2.2760800000000003,2.276,3.514814945016172e-05,539.588,42.673,23.434,291.338,1,1,1,3.336,tp4pp1dp1etp1ep1,108,108,1,2.474,tp4pp1dp1etp1ep1,8
llama31_70b__h100_sxm__analytical,llama31_70b,h100_sxm,ANALYTICAL,prefill,4.5414,5.393960000000001,0.8419417274136256,4.5414,4.541,8.80785660809345e-05,356.738,44.018,22.718,290.65,1,1,1,5.046,tp8pp1dp1etp1ep1,264,264,1,5.863,tp8pp1dp1etp1ep1,16
llama31_70b__h100_sxm__analytical,llama31_70b,h100_sxm,ANALYTICAL,prefill,4.5414,5.52736,0.8216218954437562,4.5414,4.541,8.80785660809345e-05,356.738,48.162,20.763,290.65,1,1,1,5.046,tp8pp1dp1etp1ep1,296,296,1,6.008,tp8pp1dp1etp1ep1,16
llama31_70b__h100_sxm__empirical,llama31_70b,h100_sxm,EMPIRICAL,decode,4.9194,0.6762,7.275066548358474,0.6762,0.676,0.00029577048210585323,329.281,7.978,125.341,21.638,1,1,1,5.466,tp8pp1dp1etp1ep1,2,2,3,0.245,tp8pp1dp1etp1ep1,32
llama31_70b__h100_sxm__empirical,llama31_70b,h100_sxm,EMPIRICAL,decode,4.9194,3.6156,1.360604049120478,3.6156,3.616,0.00011063170704722755,329.281,8.955,111.671,115.699,1,1,1,5.466,tp8pp1dp1etp1ep1,12,12,3,1.31,tp8pp1dp1etp1ep1,32
llama31_70b__h100_sxm__empirical,llama31_70b,h100_sxm,EMPIRICAL,decode,4.9194,3.9836,1.234913143889949,3.9836,3.984,0.00010041168792046289,329.281,9.932,100.689,169.967,1,1,1,5.466,tp8pp1dp1etp1ep1,22,22,2,2.165,tp8pp1dp1etp1ep1,24
llama31_70b__h100_sxm__empirical,llama31_70b,h100_sxm,EMPIRICAL,prefill,4.9194,5.27712,0.93221302528652,4.9194,4.919,8.131072895085663e-05,329.281,10.908,91.673,209.894,1,1,1,5.466,tp8pp1dp1etp1ep1,32,32,2,2.868,tp8pp1dp1etp1ep1,24
llama31_70b__h100_sxm__empirical,llama31_70b,h100_sxm,EMPIRICAL,prefill,4.9194,6.154800000000001,0.7992786118151687,4.9194,4.919,8.131072895085663e-05,329.281,11.69,85.546,209.894,1,1,1,5.466,tp8pp1dp1etp1ep1,40,40,2,3.345,tp8pp1dp1etp1ep1,24
llama31_70b__h100_sxm__empirical,llama31_70b,h100_sxm,EMPIRICAL,decode,4.9194,3.63584,1.3530298362964268,3.63584,3.636,4.4006336912559414e-05,329.281,12.862,77.75,232.694,1,1,1,5.466,tp8pp1dp1etp1ep1,52,52,1,3.952,tp8pp1dp1etp1ep1,16
llama31_70b__h100_sxm__empirical,llama31_70b,h100_sxm,EMPIRICAL,decode,4.9194,3.9550800000000006,1.2438180770047633,3.9550800000000006,3.955,2.0227150904791834e-05,329.281,13.643,73.298,253.125,1,1,1,5.466,tp8pp1dp1etp1ep1,60,60,1,4.299,tp8pp1dp1etp1ep1,16
llama31_70b__h100_sxm__empirical,llama31_70b,h100_sxm,EMPIRICAL,decode,4.9194,4.370920000000001,1.125483879823927,4.370920000000001,4.371,1.8302782938062444e-05,329.281,14.815,67.499,279.739,1,1,1,5.466,tp8pp1dp1etp1ep1,72,72,1,4.751,tp8pp1dp1etp1ep1,16
llama31_70b__h100_sxm__empirical,llama31_70b,h100_sxm,EMPIRICAL,decode,3.2121,0.4186,7.6734352603917815,0.4186,0.419,0.000955566172957372,504.409,14.958,66.854,13.395,1,1,1,3.569,tp4pp1dp1etp1ep1,1,1,7,0.065,tp4pp1dp1etp1ep1,32
llama31_70b__h100_sxm__empirical,llama31_70b,h100_sxm,EMPIRICAL,decode,4.9194,4.72512,1.04111641609102,4.72512,4.725,2.5396180414632038e-05,329.281,15.987,62.551,302.408,1,1,1,5.466,tp8pp1dp1etp1ep1,84,84,1,5.136,tp8pp1dp1etp1ep1,16
llama31_70b__h100_sxm__empirical,llama31_70b,h100_sxm,EMPIRICAL,decode,3.2121,2.75632,1.1653581587043593,2.75632,2.756,0.00011609682475195915,504.409,15.997,62.512,88.202,1,1,1,3.569,tp4pp1dp1etp1ep1,7,7,7,0.428,tp4pp1dp1etp1ep1,32
llama31_70b__h100_sxm__empirical,llama31_70b,h100_sxm,EMPIRICAL,prefill,4.9194,4.933960000000001,0.9970490235024199,4.9194,4.919,8.131072895085663e-05,329.281,16.768,59.636,314.842,1,1,1,5.466,tp8pp1dp1etp1ep1,92,92,1,5.363,tp8pp1dp1etp1ep1,16
llama31_70b__h100_sxm__empirical,llama31_70b,h100_sxm,EMPIRICAL,decode,3.2121,3.2015999999999996,1.0032796101949026,3.2015999999999996,3.202,0.00012493753123450779,504.409,16.863,59.302,136.602,1,1,1,3.569,tp4pp1dp1etp1ep1,12,12,5,0.696,tp4pp1dp1etp1ep1,24
llama31_70b__h100_sxm__empirical,llama31_70b,h100_sxm,EMPIRICAL,prefill,4.9194,5.21364,0.9435634221004904,4.9194,4.919,8.131072895085663e-05,329.281,17.94,55.74,314.842,1,1,1,5.466,tp8pp1dp1etp1ep1,104,104,1,5.667,tp8pp1dp1etp1ep1,16
llama31_70b__h100_sxm__empirical,llama31_70b,h100_sxm,EMPIRICAL,decode,3.2121,2.71308,1.183931177849529,2.71308,2.713,2.9486782549751574e-05,504.409,17.902,55.86,173.637,1,1,1,3.569,tp4pp1dp1etp1ep1,18,18,3,0.983,tp4pp1dp1etp1ep1,16
llama31_70b__h100_sxm__empirical,llama31_70b,h100_sxm,EMPIRICAL,prefill,4.9194,5.38016,0.9143594242550408,4.9194,4.919,8.131072895085663e-05,329.281,18.722,53.414,314.842,1,1,1,5.466,tp8pp1dp1etp1ep1,112,112,1,5.848,tp8pp1dp1etp1ep1,16
llama31_70b__h100_sxm__empirical,llama31_70b,h100_sxm,EMPIRICAL,prefill,3.2121,3.4196400000000007,0.9393094009895776,3.2121,3.212,3.1132281062160876e-05,504.409,18.941,52.796,205.574,1,1,1,3.569,tp4pp1dp1etp1ep1,24,24,3,1.239,tp4pp1dp1etp1ep1,16
llama31_70b__h100_sxm__empirical,llama31_70b,h100_sxm,EMPIRICAL,prefill,4.9194,5.6055600000000005,0.8775929612741635,4.9194,4.919,8.131072895085663e-05,329.281,19.894,50.267,314.842,1,1,1,5.466,tp8pp1dp1etp1ep1,124,124,1,6.093,tp8pp1dp1etp1ep1,16
llama31_70b__h100_sxm__empirical,llama31_70b,h100_sxm,EMPIRICAL,decode,6.4242,5.40224,1.1891733799312878,5.40224,5.402,4.442601587485857e-05,504.409,19.98,50.051,230.496,1,1,2,3.569,tp4pp1dp1etp1ep1,30,30,4,1.468,tp4pp1dp1etp1ep1,24
llama31_70b__h100_sxm__empirical,llama31_70b,h100_sxm,EMPIRICAL,prefill,4.9194,6.33788,0.7761901456007372,4.9194,4.919,8.131072895085663e-05,329.281,24.973,40.044,314.842,1,1,1,5.466,tp8pp1dp1etp1ep1,176,176,1,6.889,tp8pp1dp1etp1ep1,16
llama31_70b__h100_sxm__empirical,llama31_70b,h100_sxm,EMPIRICAL,prefill,9.6363,10.285600000000002,0.9368729096989965,9.6363,9.636,3.113228106234521e-05,504.409,24.482,40.847,308.362,1,1,3,3.569,tp4pp1dp1etp1ep1,56,56,5,2.236,tp4pp1dp1etp1ep1,32
llama31_70b__h100_sxm__empirical,llama31_70b,h100_sxm,EMPIRICAL,decode,3.2121,2.576,1.2469332298136646,2.576,2.576,0.0,504.409,29.33,34.094,329.728,1,1,1,3.569,tp4pp1dp1etp1ep1,84,84,1,2.8,tp4pp1dp1etp1ep1,8
llama31_70b__h100_sxm__empirical,llama31_70b,h100_sxm,EMPIRICAL,prefill,4.9194,6.79144,0.724353009082021,4.9194,4.919,8.131072895085663e-05,329.281,29.661,33.715,314.842,1,1,1,5.466,tp8pp1dp1etp1ep1,224,224,1,7.382,tp8pp1dp1etp1ep1,16
llama31_70b__h100_sxm__empirical,llama31_70b,h100_sxm,EMPIRICAL,decode,1.8954,1.3662,1.3873517786561265,1.3662,1.366,0.0001463914507392607,854.665,29.761,33.601,43.718,1,1,1,2.106,tp2pp1dp1etp1ep1,3,3,15,0.099,tp2pp1dp1etp1ep1,32
llama31_70b__h100_sxm__empirical,llama31_70b,h100_sxm,EMPIRICAL,decode,3.2121,2.90076,1.1073304926984653,2.90076,2.901,8.273693790585776e-05,504.409,33.486,29.863,371.297,1,1,1,3.569,tp4pp1dp1etp1ep1,108,108,1,3.153,tp4pp1dp1etp1ep1,8
llama31_70b__h100_sxm__empirical,llama31_70b,h100_sxm,EMPIRICAL,prefill,4.9194,7.12172,0.6907600972798706,4.9194,4.919,8.131072895085663e-05,329.281,34.349,29.113,314.842,1,1,1,5.466,tp8pp1dp1etp1ep1,272,272,1,7.741,tp8pp1dp1etp1ep1,16
llama31_70b__h100_sxm__empirical,llama31_70b,h100_sxm,EMPIRICAL,decode,3.7908,3.3028,1.1477534213394696,3.3028,3.303,6.055468087682511e-05,854.665,32.679,30.601,140.919,1,1,2,2.106,tp2pp1dp1etp1ep1,12,12,10,0.359,tp2pp1dp1etp1ep1,24
llama31_70b__h100_sxm__empirical,llama31_70b,h100_sxm,EMPIRICAL,prefill,4.9194,7.255120000000001,0.6780590810351862,4.9194,4.919,8.131072895085663e-05,329.281,36.693,27.253,314.842,1,1,1,5.466,tp8pp1dp1etp1ep1,296,296,1,7.886,tp8pp1dp1etp1ep1,16
llama31_70b__h100_sxm__silicon,llama31_70b,h100_sxm,SILICON,decode,4.8357,0.4968000000000001,9.733695652173912,0.4968000000000001,0.497,0.00040257648953285515,334.998,10.889,91.837,15.898,1,1,1,5.373,tp8pp1dp1etp1ep1,2,2,3,0.18,tp8pp1dp1etp1ep1,32
llama31_70b__h100_sxm__silicon,llama31_70b,h100_sxm,SILICON,decode,4.8357,2.06448,2.342333178330621,2.06448,2.064,0.00023250406882122177,334.998,11.759,85.038,66.063,1,1,1,5.373,tp8pp1dp1etp1ep1,9,9,3,0.748,tp8pp1dp1etp1ep1,32
llama31_70b__h100_sxm__silicon,llama31_70b,h100_sxm,SILICON,decode,4.8357,3.34236,1.4467920870283273,3.34236,3.342,0.00010770832585362976,334.998,12.912,77.445,106.956,1,1,1,5.373,tp8pp1dp1etp1ep1,16,16,3,1.211,tp8pp1dp1etp1ep1,32
llama31_70b__h100_sxm__silicon,llama31_70b,h100_sxm,SILICON,decode,4.8357,4.6561200000000005,1.0385685935929485,4.6561200000000005,4.656,2.577253163595142e-05,334.998,13.905,71.918,148.996,1,1,1,5.373,tp8pp1dp1etp1ep1,24,24,3,1.687,tp8pp1dp1etp1ep1,32
llama31_70b__h100_sxm__silicon,llama31_70b,h100_sxm,SILICON,decode,4.8357,3.8732,1.2485025302075803,3.8732,3.873,5.163688939377723e-05,334.998,14.863,67.281,165.257,1,1,1,5.373,tp8pp1dp1etp1ep1,32,32,2,2.105,tp8pp1dp1etp1ep1,24
llama31_70b__h100_sxm__silicon,llama31_70b,h100_sxm,SILICON,prefill,4.8357,5.0048,0.9662124360613811,4.8357,4.836,6.203858800177617e-05,334.998,15.812,63.243,206.323,1,1,1,5.373,tp8pp1dp1etp1ep1,44,44,2,2.72,tp8pp1dp1etp1ep1,24
llama31_70b__h100_sxm__silicon,llama31_70b,h100_sxm,SILICON,prefill,4.8357,5.5752,0.8673590185105468,4.8357,4.836,6.203858800177617e-05,334.998,16.775,59.612,206.323,1,1,1,5.373,tp8pp1dp1etp1ep1,52,52,2,3.03,tp8pp1dp1etp1ep1,24
llama31_70b__h100_sxm__silicon,llama31_70b,h100_sxm,SILICON,decode,3.0330000000000004,1.12056,2.706682373099165,1.12056,1.121,0.0003926608124509138,534.154,16.887,59.216,35.858,1,1,1,3.37,tp4pp1dp1etp1ep1,3,3,7,0.174,tp4pp1dp1etp1ep1,32
llama31_70b__h100_sxm__silicon,llama31_70b,h100_sxm,SILICON,decode,4.8357,3.4040000000000004,1.420593419506463,3.4040000000000004,3.404,1.3046098996770347e-16,334.998,17.967,55.658,217.856,1,1,1,5.373,tp8pp1dp1etp1ep1,68,68,1,3.7,tp8pp1dp1etp1ep1,16
llama31_70b__h100_sxm__silicon,llama31_70b,h100_sxm,SILICON,decode,3.0330000000000004,2.51804,1.2045082683356898,2.51804,2.518,1.588537116180126e-05,534.154,17.502,57.137,80.577,1,1,1,3.37,tp4pp1dp1etp1ep1,7,7,7,0.391,tp4pp1dp1etp1ep1,32
llama31_70b__h100_sxm__silicon,llama31_70b,h100_sxm,SILICON,decode,4.8357,3.6450400000000003,1.3266521080701446,3.6450400000000003,3.645,1.0973816473965182e-05,334.998,18.753,53.326,233.283,1,1,1,5.373,tp8pp1dp1etp1ep1,76,76,1,3.962,tp8pp1dp1etp1ep1,16
llama31_70b__h100_sxm__silicon,llama31_70b,h100_sxm,SILICON,decode,3.0330000000000004,2.9118,1.0416237378940862,2.9118,2.912,6.868603612884744e-05,534.154,18.529,53.969,124.237,1,1,1,3.37,tp4pp1dp1etp1ep1,12,12,5,0.633,tp4pp1dp1etp1ep1,24
llama31_70b__h100_sxm__silicon,llama31_70b,h100_sxm,SILICON,decode,4.8357,4.0342,1.1986763174854989,4.0342,4.034,4.957612413871946e-05,334.998,19.619,50.972,258.189,1,1,1,5.373,tp8pp1dp1etp1ep1,88,88,1,4.385,tp8pp1dp1etp1ep1,16
llama31_70b__h100_sxm__silicon,llama31_70b,h100_sxm,SILICON,decode,3.0330000000000004,2.22732,1.3617262000969776,2.22732,2.227,0.0001436704200565343,534.154,19.38,51.601,142.548,1,1,1,3.37,tp4pp1dp1etp1ep1,16,16,3,0.807,tp4pp1dp1etp1ep1,16
llama31_70b__h100_sxm__silicon,llama31_70b,h100_sxm,SILICON,prefill,4.8357,5.25504,0.9202023200584581,4.8357,4.836,6.203858800177617e-05,334.998,24.642,40.58,309.485,1,1,1,5.373,tp8pp1dp1etp1ep1,144,144,1,5.712,tp8pp1dp1etp1ep1,16
llama31_70b__h100_sxm__silicon,llama31_70b,h100_sxm,SILICON,prefill,6.066000000000001,6.43264,0.9430031837628098,6.066000000000001,6.066,1.4641912622817757e-16,534.154,24.607,40.64,258.816,1,1,2,3.37,tp4pp1dp1etp1ep1,44,44,4,1.748,tp4pp1dp1etp1ep1,24
llama31_70b__h100_sxm__silicon,llama31_70b,h100_sxm,SILICON,prefill,4.8357,5.914680000000001,0.8175759297206272,4.8357,4.836,6.203858800177617e-05,334.998,29.193,34.255,309.485,1,1,1,5.373,tp8pp1dp1etp1ep1,192,192,1,6.429,tp8pp1dp1etp1ep1,16
llama31_70b__h100_sxm__silicon,llama31_70b,h100_sxm,SILICON,decode,3.0330000000000004,2.30552,1.31553836010965,2.30552,2.306,0.0002081959818175665,534.154,29.647,33.73,295.107,1,1,1,3.37,tp4pp1dp1etp1ep1,76,76,1,2.506,tp4pp1dp1etp1ep1,8
llama31_70b__h100_sxm__silicon,llama31_70b,h100_sxm,SILICON,decode,1.7847000000000002,0.9108,1.9594861660079053,0.9108,0.911,0.00021958717610889104,907.83,29.613,33.769,29.146,1,1,1,1.983,tp2pp1dp1etp1ep1,2,2,15,0.066,tp2pp1dp1etp1ep1,32
llama31_70b__h100_sxm__silicon,llama31_70b,h100_sxm,SILICON,decode,9.099,8.390400000000001,1.0844536613272309,8.390400000000001,8.39,4.7673531655325615e-05,534.154,34.729,28.794,357.99,1,1,3,3.37,tp4pp1dp1etp1ep1,108,108,3,3.04,tp4pp1dp1etp1ep1,24
llama31_70b__h100_sxm__silicon,llama31_70b,h100_sxm,SILICON,prefill,4.8357,6.417,0.7535764375876578,4.8357,4.836,6.203858800177617e-05,334.998,34.754,28.774,309.485,1,1,1,5.373,tp8pp1dp1etp1ep1,248,248,1,6.975,tp8pp1dp1etp1ep1,16
llama31_70b__h100_sxm__silicon,llama31_70b,h100_sxm,SILICON,decode,3.5694000000000004,3.1832000000000003,1.1213244533802462,3.1832000000000003,3.183,6.28298567480592e-05,907.83,33.866,29.528,135.817,1,1,2,1.983,tp2pp1dp1etp1ep1,12,12,10,0.346,tp2pp1dp1etp1ep1,24
llama31_70b__h100_sxm__silicon,llama31_70b,h100_sxm,SILICON,prefill,4.8357,6.555000000000001,0.7377116704805492,4.8357,4.836,6.203858800177617e-05,334.998,39.513,25.308,309.485,1,1,1,5.373,tp8pp1dp1etp1ep1,288,288,1,7.125,tp8pp1dp1etp1ep1,16
llama31_70b__h100_sxm__silicon,llama31_70b,h100_sxm,SILICON,prefill,4.8357,6.5853600000000005,0.7343106527205802,4.8357,4.836,6.203858800177617e-05,334.998,40.425,24.737,309.485,1,1,1,5.373,tp8pp1dp1etp1ep1,296,296,1,7.158,tp8pp1dp1etp1ep1,16
llama31_70b__h200_sxm__analytical,llama31_70b,h200_sxm,ANALYTICAL,decode,4.842,1.01292,4.780239308138846,1.01292,1.013,7.897958377745326e-05,334.573,7.982,125.283,32.413,1,1,1,5.38,tp8pp1dp1etp1ep1,3,3,3,0.367,tp8pp1dp1etp1ep1,32
llama31_70b__h200_sxm__analytical,llama31_70b,h200_sxm,ANALYTICAL,decode,4.842,3.9026400000000003,1.2406986040218926,3.9026400000000003,3.903,9.224524936957902e-05,334.573,8.987,111.274,124.884,1,1,1,5.38,tp8pp1dp1etp1ep1,13,13,3,1.414,tp8pp1dp1etp1ep1,32
llama31_70b__h200_sxm__analytical,llama31_70b,h200_sxm,ANALYTICAL,decode,4.842,4.0112000000000005,1.2071200638213002,4.0112000000000005,4.011,4.986039090556991e-05,334.573,9.866,101.355,171.145,1,1,1,5.38,tp8pp1dp1etp1ep1,22,22,2,2.18,tp8pp1dp1etp1ep1,24
llama31_70b__h200_sxm__analytical,llama31_70b,h200_sxm,ANALYTICAL,prefill,4.842,5.28816,0.9156303893982026,4.842,4.842,0.0,334.573,10.882,91.894,206.592,1,1,1,5.38,tp8pp1dp1etp1ep1,32,32,2,2.874,tp8pp1dp1etp1ep1,24
llama31_70b__h200_sxm__analytical,llama31_70b,h200_sxm,ANALYTICAL,prefill,4.842,6.151120000000001,0.7871737179570548,4.842,4.842,0.0,334.573,11.695,85.508,206.592,1,1,1,5.38,tp8pp1dp1etp1ep1,40,40,2,3.343,tp8pp1dp1etp1ep1,24
llama31_70b__h200_sxm__analytical,llama31_70b,h200_sxm,ANALYTICAL,decode,4.842,3.62112,1.3371553552492046,3.62112,3.621,3.313891834567702e-05,334.573,12.914,77.437,231.752,1,1,1,5.38,tp8pp1dp1etp1ep1,52,52,1,3.936,tp8pp1dp1etp1ep1,16
llama31_70b__h200_sxm__analytical,llama31_70b,h200_sxm,ANALYTICAL,decode,3.1779,0.48944000000000004,6.492930696305982,0.48944000000000004,0.489,0.0008989865969272054,509.836,12.944,77.259,15.662,1,1,1,3.531,tp4pp1dp1etp1ep1,1,1,7,0.076,tp4pp1dp1etp1ep1,32
llama31_70b__h200_sxm__analytical,llama31_70b,h200_sxm,ANALYTICAL,decode,4.842,3.9311599999999998,1.2316975142197213,3.9311599999999998,3.931,4.070045482751044e-05,334.573,13.726,72.852,251.594,1,1,1,5.38,tp8pp1dp1etp1ep1,60,60,1,4.273,tp8pp1dp1etp1ep1,16
llama31_70b__h200_sxm__analytical,llama31_70b,h200_sxm,ANALYTICAL,decode,3.1779,2.73056,1.163827200281261,2.73056,2.731,0.00016113910699628423,509.836,13.838,72.263,87.378,1,1,1,3.531,tp4pp1dp1etp1ep1,6,6,7,0.424,tp4pp1dp1etp1ep1,32
llama31_70b__h200_sxm__analytical,llama31_70b,h200_sxm,ANALYTICAL,decode,4.842,4.33228,1.1176562918370927,4.33228,4.332,6.463109494309185e-05,334.573,14.945,66.91,277.266,1,1,1,5.38,tp8pp1dp1etp1ep1,72,72,1,4.709,tp8pp1dp1etp1ep1,16
llama31_70b__h200_sxm__analytical,llama31_70b,h200_sxm,ANALYTICAL,decode,3.1779,2.1721200000000005,1.463040715982542,2.1721200000000005,2.172,5.5245566543442365e-05,509.836,14.903,67.101,139.016,1,1,1,3.531,tp4pp1dp1etp1ep1,12,12,3,0.787,tp4pp1dp1etp1ep1,16
llama31_70b__h200_sxm__analytical,llama31_70b,h200_sxm,ANALYTICAL,decode,4.842,4.5659600000000005,1.0604560705744244,4.5659600000000005,4.566,8.760479723732548e-06,334.573,15.758,63.459,292.221,1,1,1,5.38,tp8pp1dp1etp1ep1,80,80,1,4.963,tp8pp1dp1etp1ep1,16
llama31_70b__h200_sxm__analytical,llama31_70b,h200_sxm,ANALYTICAL,decode,3.1779,2.7600000000000002,1.1514130434782608,2.7600000000000002,2.76,1.6090188762683426e-16,509.836,15.634,63.962,176.64,1,1,1,3.531,tp4pp1dp1etp1ep1,16,16,3,1.0,tp4pp1dp1etp1ep1,16
llama31_70b__h200_sxm__analytical,llama31_70b,h200_sxm,ANALYTICAL,prefill,4.842,4.87324,0.9935894805098866,4.842,4.842,0.0,334.573,16.977,58.903,309.888,1,1,1,5.38,tp8pp1dp1etp1ep1,92,92,1,5.297,tp8pp1dp1etp1ep1,16
llama31_70b__h200_sxm__analytical,llama31_70b,h200_sxm,ANALYTICAL,prefill,3.1779,3.5465999999999998,0.8960412789714094,3.1779,3.178,3.1467321186874015e-05,509.836,16.731,59.768,203.386,1,1,1,3.531,tp4pp1dp1etp1ep1,22,22,3,1.285,tp4pp1dp1etp1ep1,16
llama31_70b__h200_sxm__analytical,llama31_70b,h200_sxm,ANALYTICAL,prefill,4.842,5.055400000000001,0.9577877121493846,4.842,4.842,0.0,334.573,17.79,56.212,309.888,1,1,1,5.38,tp8pp1dp1etp1ep1,100,100,1,5.495,tp8pp1dp1etp1ep1,16
llama31_70b__h200_sxm__analytical,llama31_70b,h200_sxm,ANALYTICAL,decode,6.3558,5.6488,1.125159325874522,5.6488,5.649,3.540574989385747e-05,509.836,17.828,56.09,241.015,1,1,2,3.531,tp4pp1dp1etp1ep1,28,28,4,1.535,tp4pp1dp1etp1ep1,24
llama31_70b__h200_sxm__analytical,llama31_70b,h200_sxm,ANALYTICAL,prefill,4.842,5.221,0.9274085424248227,4.842,4.842,0.0,334.573,18.602,53.756,309.888,1,1,1,5.38,tp8pp1dp1etp1ep1,108,108,1,5.675,tp8pp1dp1etp1ep1,16
llama31_70b__h200_sxm__analytical,llama31_70b,h200_sxm,ANALYTICAL,decode,6.3558,6.2008,1.0249967746097277,6.2008,6.201,3.225390272215422e-05,509.836,18.56,53.88,264.567,1,1,2,3.531,tp4pp1dp1etp1ep1,32,32,4,1.685,tp4pp1dp1etp1ep1,24
llama31_70b__h200_sxm__analytical,llama31_70b,h200_sxm,ANALYTICAL,prefill,4.842,5.44456,0.8893280632411067,4.842,4.842,0.0,334.573,19.821,50.45,309.888,1,1,1,5.38,tp8pp1dp1etp1ep1,120,120,1,5.918,tp8pp1dp1etp1ep1,16
llama31_70b__h200_sxm__analytical,llama31_70b,h200_sxm,ANALYTICAL,prefill,6.3558,6.712320000000001,0.9468857265446223,6.3558,6.356,3.1467321186874015e-05,509.836,19.291,51.837,271.181,1,1,2,3.531,tp4pp1dp1etp1ep1,36,36,4,1.824,tp4pp1dp1etp1ep1,24
llama31_70b__h200_sxm__analytical,llama31_70b,h200_sxm,ANALYTICAL,prefill,4.842,6.1170800000000005,0.7915541402106886,4.842,4.842,0.0,334.573,24.697,40.49,309.888,1,1,1,5.38,tp8pp1dp1etp1ep1,168,168,1,6.649,tp8pp1dp1etp1ep1,16
llama31_70b__h200_sxm__analytical,llama31_70b,h200_sxm,ANALYTICAL,prefill,9.5337,11.789800000000001,0.8086396715805186,9.5337,9.534,3.146732118706034e-05,509.836,24.411,40.965,305.078,1,1,3,3.531,tp4pp1dp1etp1ep1,64,64,5,2.563,tp4pp1dp1etp1ep1,32
llama31_70b__h200_sxm__analytical,llama31_70b,h200_sxm,ANALYTICAL,decode,1.8828,1.5134,1.2440861636051275,1.5134,1.513,0.00026430553720112196,860.364,24.935,40.104,96.858,1,1,1,2.092,tp2pp1dp1etp1ep1,6,6,7,0.235,tp2pp1dp1etp1ep1,16
llama31_70b__h200_sxm__analytical,llama31_70b,h200_sxm,ANALYTICAL,decode,3.1779,2.8014,1.1343970871707003,2.8014,2.801,0.00014278574998213606,509.836,29.531,33.863,358.579,1,1,1,3.531,tp4pp1dp1etp1ep1,92,92,1,3.045,tp4pp1dp1etp1ep1,8
llama31_70b__h200_sxm__analytical,llama31_70b,h200_sxm,ANALYTICAL,prefill,4.842,6.5688,0.7371209353306539,4.842,4.842,0.0,334.573,29.573,33.814,309.888,1,1,1,5.38,tp8pp1dp1etp1ep1,216,216,1,7.14,tp8pp1dp1etp1ep1,16
llama31_70b__h200_sxm__analytical,llama31_70b,h200_sxm,ANALYTICAL,decode,1.8828,1.8133200000000003,1.0383164582092514,1.8133200000000003,1.813,0.00017647188582286632,860.364,29.771,33.59,232.105,1,1,1,2.092,tp2pp1dp1etp1ep1,20,20,3,0.657,tp2pp1dp1etp1ep1,8
llama31_70b__h200_sxm__analytical,llama31_70b,h200_sxm,ANALYTICAL,decode,3.1779,3.1142,1.0204546914135253,3.1142,3.114,6.422195106286622e-05,509.836,34.651,28.86,398.618,1,1,1,3.531,tp4pp1dp1etp1ep1,120,120,1,3.385,tp4pp1dp1etp1ep1,8
llama31_70b__h200_sxm__analytical,llama31_70b,h200_sxm,ANALYTICAL,prefill,4.842,6.89172,0.7025822291097141,4.842,4.842,0.0,334.573,34.449,29.028,309.888,1,1,1,5.38,tp8pp1dp1etp1ep1,264,264,1,7.491,tp8pp1dp1etp1ep1,16
llama31_70b__h200_sxm__analytical,llama31_70b,h200_sxm,ANALYTICAL,decode,9.414000000000001,9.33064,1.0089340066704964,9.33064,9.331,3.85825623964493e-05,860.364,33.915,29.485,298.58,1,1,5,2.092,tp2pp1dp1etp1ep1,32,32,11,0.922,tp2pp1dp1etp1ep1,32
llama31_70b__h200_sxm__analytical,llama31_70b,h200_sxm,ANALYTICAL,prefill,3.1779,3.31752,0.9579143456557911,3.1779,3.178,3.1467321186874015e-05,509.836,39.039,25.615,406.771,1,1,1,3.531,tp4pp1dp1etp1ep1,144,144,1,3.606,tp4pp1dp1etp1ep1,8
llama31_70b__h200_sxm__analytical,llama31_70b,h200_sxm,ANALYTICAL,decode,5.6484,5.473999999999999,1.0318597004019,5.473999999999999,5.474,1.622540043295808e-16,860.364,39.441,25.354,350.336,1,1,3,2.092,tp2pp1dp1etp1ep1,48,48,5,1.19,tp2pp1dp1etp1ep1,16
llama31_70b__h200_sxm__analytical,llama31_70b,h200_sxm,ANALYTICAL,prefill,4.842,7.1346,0.6786645362038516,4.842,4.842,0.0,334.573,39.325,25.429,309.888,1,1,1,5.38,tp8pp1dp1etp1ep1,312,312,1,7.755,tp8pp1dp1etp1ep1,16
llama31_70b__h200_sxm__analytical,llama31_70b,h200_sxm,ANALYTICAL,prefill,3.1779,3.5263600000000004,0.9011842239589831,3.1779,3.178,3.1467321186874015e-05,509.836,44.89,22.277,406.771,1,1,1,3.531,tp4pp1dp1etp1ep1,176,176,1,3.833,tp4pp1dp1etp1ep1,8
llama31_70b__h200_sxm__analytical,llama31_70b,h200_sxm,ANALYTICAL,decode,9.414000000000001,8.95804,1.0508995271287023,8.95804,8.958,4.465262490484754e-06,860.364,44.968,22.238,382.21,1,1,5,2.092,tp2pp1dp1etp1ep1,64,64,7,1.391,tp2pp1dp1etp1ep1,24
llama31_70b__h200_sxm__analytical,llama31_70b,h200_sxm,ANALYTICAL,decode,9.684,7.324120000000001,1.3222066268712143,7.324120000000001,7.324,1.6384220903096363e-05,334.573,44.201,22.624,312.496,1,1,2,5.38,tp8pp1dp1etp1ep1,360,360,1,7.961,tp8pp1dp1etp1ep1,24
llama31_70b__h200_sxm__analytical,llama31_70b,h200_sxm,ANALYTICAL,decode,1.0377,0.9310400000000001,1.1145600618663,0.9310400000000001,0.931,4.2962708369178554e-05,1561.421,44.555,22.444,39.724,1,1,1,1.153,tp1pp1dp1etp1ep1,2,2,23,0.044,tp1pp1dp1etp1ep1,24
llama31_70b__h200_sxm__analytical,llama31_70b,h200_sxm,ANALYTICAL,prefill,3.1779,3.64964,0.8707434157889545,3.1779,3.178,3.1467321186874015e-05,509.836,49.279,20.293,406.771,1,1,1,3.531,tp4pp1dp1etp1ep1,200,200,1,3.967,tp4pp1dp1etp1ep1,8
llama31_70b__h200_sxm__analytical,llama31_70b,h200_sxm,ANALYTICAL,prefill,9.414000000000001,9.74372,0.9661607681665731,9.414000000000001,9.414,1.8869309957512748e-16,860.364,49.112,20.362,401.664,1,1,5,2.092,tp2pp1dp1etp1ep1,76,76,7,1.513,tp2pp1dp1etp1ep1,24
llama31_70b__h200_sxm__analytical,llama31_70b,h200_sxm,ANALYTICAL,decode,9.684,7.49892,1.2913859595781791,7.49892,7.499,1.066820288783397e-05,334.573,49.89,20.044,319.954,1,1,2,5.38,tp8pp1dp1etp1ep1,416,416,1,8.151,tp8pp1dp1etp1ep1,24
llama31_70b__h200_sxm__analytical,llama31_70b,h200_sxm,ANALYTICAL,decode,1.0377,0.8970000000000001,1.1568561872909697,0.8970000000000001,0.897,1.237706827898725e-16,1561.421,45.183,22.132,57.408,1,1,1,1.153,tp1pp1dp1etp1ep1,3,3,15,0.065,tp1pp1dp1etp1ep1,16
llama31_70b__h200_sxm__analytical,llama31_70b,h200_sxm,ANALYTICAL,prefill,13.1796,13.372200000000001,0.985596984789339,13.1796,13.18,3.0349934747569556e-05,860.364,53.257,18.777,421.747,1,1,7,2.092,tp2pp1dp1etp1ep1,88,88,9,1.615,tp2pp1dp1etp1ep1,32
llama31_70b__h200_sxm__analytical,llama31_70b,h200_sxm,ANALYTICAL,prefill,3.1779,3.7536,0.8466272378516624,3.1779,3.178,3.1467321186874015e-05,509.836,53.667,18.633,406.771,1,1,1,3.531,tp4pp1dp1etp1ep1,224,224,1,4.08,tp4pp1dp1etp1ep1,8
llama31_70b__h200_sxm__analytical,llama31_70b,h200_sxm,ANALYTICAL,decode,9.684,7.61944,1.2709595455834024,7.61944,7.619,5.774702602818816e-05,334.573,54.766,18.259,325.096,1,1,2,5.38,tp8pp1dp1etp1ep1,464,464,1,8.282,tp8pp1dp1etp1ep1,24
llama31_70b__h200_sxm__analytical,llama31_70b,h200_sxm,ANALYTICAL,prefill,3.1779,3.8686000000000003,0.8214599596753347,3.1779,3.178,3.1467321186874015e-05,509.836,59.518,16.802,406.771,1,1,1,3.531,tp4pp1dp1etp1ep1,256,256,1,4.205,tp4pp1dp1etp1ep1,8
llama31_70b__h200_sxm__analytical,llama31_70b,h200_sxm,ANALYTICAL,decode,9.684,7.7206399999999995,1.2543001616446305,7.7206399999999995,7.721,4.662825879727356e-05,334.573,59.642,16.767,329.414,1,1,2,5.38,tp8pp1dp1etp1ep1,512,512,1,8.392,tp8pp1dp1etp1ep1,24
llama31_70b__h200_sxm__analytical,llama31_70b,h200_sxm,ANALYTICAL,prefill,3.1779,3.8934400000000005,0.8162190761896934,3.1779,3.178,3.1467321186874015e-05,509.836,60.981,16.399,406.771,1,1,1,3.531,tp4pp1dp1etp1ep1,264,264,1,4.232,tp4pp1dp1etp1ep1,8
llama31_70b__h200_sxm__empirical,llama31_70b,h200_sxm,EMPIRICAL,decode,5.094,1.81056,2.8134941675503713,1.81056,1.811,0.00024301873453516922,318.049,5.957,167.868,57.938,1,1,1,5.66,tp8pp1dp1etp1ep1,4,4,3,0.656,tp8pp1dp1etp1ep1,32
llama31_70b__h200_sxm__empirical,llama31_70b,h200_sxm,EMPIRICAL,decode,5.094,4.64416,1.0968614345758976,4.64416,4.644,3.4451870736615446e-05,318.049,6.97,143.473,198.151,1,1,1,5.66,tp8pp1dp1etp1ep1,18,18,2,2.524,tp8pp1dp1etp1ep1,24
llama31_70b__h200_sxm__empirical,llama31_70b,h200_sxm,EMPIRICAL,decode,5.094,3.60456,1.4132099340834943,3.60456,3.605,0.00012206760325803257,318.049,7.983,125.269,230.692,1,1,1,5.66,tp8pp1dp1etp1ep1,32,32,1,3.918,tp8pp1dp1etp1ep1,16
llama31_70b__h200_sxm__empirical,llama31_70b,h200_sxm,EMPIRICAL,decode,5.094,4.47028,1.1395259357355692,4.47028,4.47,6.263589752768462e-05,318.049,8.851,112.982,286.098,1,1,1,5.66,tp8pp1dp1etp1ep1,44,44,1,4.859,tp8pp1dp1etp1ep1,16
llama31_70b__h200_sxm__empirical,llama31_70b,h200_sxm,EMPIRICAL,prefill,5.094,5.18144,0.9831243824110673,5.094,5.094,0.0,318.049,9.719,102.889,326.016,1,1,1,5.66,tp8pp1dp1etp1ep1,56,56,1,5.632,tp8pp1dp1etp1ep1,16
llama31_70b__h200_sxm__empirical,llama31_70b,h200_sxm,EMPIRICAL,prefill,5.094,5.953320000000001,0.8556570115498578,5.094,5.094,0.0,318.049,10.877,91.939,326.016,1,1,1,5.66,tp8pp1dp1etp1ep1,72,72,1,6.471,tp8pp1dp1etp1ep1,16
llama31_70b__h200_sxm__empirical,llama31_70b,h200_sxm,EMPIRICAL,decode,3.2958,1.7259200000000001,1.909590247520163,1.7259200000000001,1.726,4.635209047919832e-05,491.546,10.928,91.509,55.229,1,1,1,3.662,tp4pp1dp1etp1ep1,3,3,7,0.268,tp4pp1dp1etp1ep1,32
llama31_70b__h200_sxm__empirical,llama31_70b,h200_sxm,EMPIRICAL,prefill,5.094,6.43172,0.7920120900785482,5.094,5.094,0.0,318.049,11.745,85.143,326.016,1,1,1,5.66,tp8pp1dp1etp1ep1,84,84,1,6.991,tp8pp1dp1etp1ep1,16
llama31_70b__h200_sxm__empirical,llama31_70b,h200_sxm,EMPIRICAL,decode,3.2958,2.48952,1.3238696616215173,2.48952,2.49,0.0001928082521932083,491.546,11.923,83.869,159.329,1,1,1,3.662,tp4pp1dp1etp1ep1,11,11,3,0.902,tp4pp1dp1etp1ep1,16
llama31_70b__h200_sxm__empirical,llama31_70b,h200_sxm,EMPIRICAL,prefill,5.094,6.96992,0.7308548735136128,5.094,5.094,0.0,318.049,12.903,77.504,326.016,1,1,1,5.66,tp8pp1dp1etp1ep1,100,100,1,7.576,tp8pp1dp1etp1ep1,16
llama31_70b__h200_sxm__empirical,llama31_70b,h200_sxm,EMPIRICAL,decode,6.5916,5.0600000000000005,1.3026877470355729,5.0600000000000005,5.06,1.7552933195654646e-16,491.546,12.794,78.159,215.893,1,1,2,3.662,tp4pp1dp1etp1ep1,18,18,4,1.375,tp4pp1dp1etp1ep1,24
llama31_70b__h200_sxm__empirical,llama31_70b,h200_sxm,EMPIRICAL,prefill,5.094,7.314,0.6964725184577523,5.094,5.094,0.0,318.049,13.771,72.618,326.016,1,1,1,5.66,tp8pp1dp1etp1ep1,112,112,1,7.95,tp8pp1dp1etp1ep1,16
llama31_70b__h200_sxm__empirical,llama31_70b,h200_sxm,EMPIRICAL,prefill,6.5916,6.78224,0.9718912925523131,6.5916,6.592,6.0683293889185626e-05,491.546,13.79,72.517,281.242,1,1,2,3.662,tp4pp1dp1etp1ep1,26,26,4,1.843,tp4pp1dp1etp1ep1,24
llama31_70b__h200_sxm__empirical,llama31_70b,h200_sxm,EMPIRICAL,decode,10.188,7.71144,1.3211540257072611,7.71144,7.711,5.705808513057611e-05,318.049,14.928,66.987,329.021,1,1,2,5.66,tp8pp1dp1etp1ep1,128,128,1,8.382,tp8pp1dp1etp1ep1,24
llama31_70b__h200_sxm__empirical,llama31_70b,h200_sxm,EMPIRICAL,prefill,9.887400000000001,9.899200000000002,0.9988079844835945,9.887400000000001,9.887,4.0455529259546906e-05,491.546,14.536,68.792,316.397,1,1,3,3.662,tp4pp1dp1etp1ep1,32,32,5,2.152,tp4pp1dp1etp1ep1,32
llama31_70b__h200_sxm__empirical,llama31_70b,h200_sxm,EMPIRICAL,decode,10.188,7.887160000000001,1.2917197064596129,7.887160000000001,7.887,2.0286135947672948e-05,318.049,15.507,64.487,336.519,1,1,2,5.66,tp8pp1dp1etp1ep1,136,136,1,8.573,tp8pp1dp1etp1ep1,24
llama31_70b__h200_sxm__empirical,llama31_70b,h200_sxm,EMPIRICAL,prefill,9.887400000000001,11.578199999999999,0.8539669378659898,9.887400000000001,9.887,4.0455529259546906e-05,491.546,15.532,64.383,316.397,1,1,3,3.662,tp4pp1dp1etp1ep1,40,40,5,2.517,tp4pp1dp1etp1ep1,32
llama31_70b__h200_sxm__empirical,llama31_70b,h200_sxm,EMPIRICAL,decode,10.188,8.202720000000001,1.2420270349347533,8.202720000000001,8.203,3.4135018627757815e-05,318.049,16.665,60.007,349.983,1,1,2,5.66,tp8pp1dp1etp1ep1,152,152,1,8.916,tp8pp1dp1etp1ep1,24
llama31_70b__h200_sxm__empirical,llama31_70b,h200_sxm,EMPIRICAL,decode,3.2958,2.61188,1.2618497021302661,2.61188,2.612,4.594391779097736e-05,491.546,16.527,60.505,334.321,1,1,1,3.662,tp4pp1dp1etp1ep1,48,48,1,2.839,tp4pp1dp1etp1ep1,8
llama31_70b__h200_sxm__empirical,llama31_70b,h200_sxm,EMPIRICAL,decode,3.2958,2.87408,1.1467321716862438,2.87408,2.874,2.7834994154679062e-05,491.546,17.523,57.068,367.882,1,1,1,3.662,tp4pp1dp1etp1ep1,56,56,1,3.124,tp4pp1dp1etp1ep1,8
llama31_70b__h200_sxm__empirical,llama31_70b,h200_sxm,EMPIRICAL,decode,10.188,8.4778,1.2017268631012763,8.4778,8.478,2.3591025973664617e-05,318.049,17.822,56.11,361.719,1,1,2,5.66,tp8pp1dp1etp1ep1,168,168,1,9.215,tp8pp1dp1etp1ep1,24
llama31_70b__h200_sxm__empirical,llama31_70b,h200_sxm,EMPIRICAL,decode,3.2958,3.1077600000000003,1.060506602826473,3.1077600000000003,3.108,7.72260406208317e-05,491.546,18.518,54.0,397.793,1,1,1,3.662,tp4pp1dp1etp1ep1,64,64,1,3.378,tp4pp1dp1etp1ep1,8
llama31_70b__h200_sxm__empirical,llama31_70b,h200_sxm,EMPIRICAL,decode,10.188,8.71884,1.1685040670547917,8.71884,8.719,1.835106504985432e-05,318.049,18.98,52.688,372.004,1,1,2,5.66,tp8pp1dp1etp1ep1,184,184,1,9.477,tp8pp1dp1etp1ep1,24
llama31_70b__h200_sxm__empirical,llama31_70b,h200_sxm,EMPIRICAL,prefill,9.887400000000001,9.955320000000002,0.993177517146611,9.887400000000001,9.887,4.0455529259546906e-05,491.546,19.514,51.245,421.862,1,1,3,3.662,tp4pp1dp1etp1ep1,72,72,3,3.607,tp4pp1dp1etp1ep1,24
llama31_70b__h200_sxm__empirical,llama31_70b,h200_sxm,EMPIRICAL,decode,10.188,8.82832,1.1540134476321657,8.82832,8.828,3.6246986969244435e-05,318.049,19.559,51.129,376.675,1,1,2,5.66,tp8pp1dp1etp1ep1,192,192,1,9.596,tp8pp1dp1etp1ep1,24
llama31_70b__h200_sxm__empirical,llama31_70b,h200_sxm,EMPIRICAL,prefill,9.887400000000001,12.524880000000001,0.7894207369651446,9.887400000000001,9.887,4.0455529259546906e-05,491.546,24.989,40.017,421.862,1,1,3,3.662,tp4pp1dp1etp1ep1,116,116,3,4.538,tp4pp1dp1etp1ep1,24
llama31_70b__h200_sxm__empirical,llama31_70b,h200_sxm,EMPIRICAL,decode,10.188,9.26164,1.100021162558683,9.26164,9.262,3.887000574418592e-05,318.049,24.857,40.23,395.163,1,1,2,5.66,tp8pp1dp1etp1ep1,256,256,1,10.067,tp8pp1dp1etp1ep1,24
llama31_70b__h200_sxm__empirical,llama31_70b,h200_sxm,EMPIRICAL,decode,9.6615,7.9442,1.2161702877571057,7.9442,7.944,2.5175599808718568e-05,838.539,24.9,40.16,254.214,1,1,5,2.147,tp2pp1dp1etp1ep1,20,20,11,0.785,tp2pp1dp1etp1ep1,32
llama31_70b__h200_sxm__empirical,llama31_70b,h200_sxm,EMPIRICAL,decode,16.479,13.91592,1.1841832951037372,13.91592,13.916,5.74881143327384e-06,491.546,29.469,33.934,445.309,1,1,5,3.662,tp4pp1dp1etp1ep1,152,152,3,5.042,tp4pp1dp1etp1ep1,32
llama31_70b__h200_sxm__empirical,llama31_70b,h200_sxm,EMPIRICAL,decode,10.188,9.31408,1.0938278391424596,9.31408,9.314,8.58914675421771e-06,318.049,29.354,34.067,397.401,1,1,2,5.66,tp8pp1dp1etp1ep1,304,304,1,10.124,tp8pp1dp1etp1ep1,24
llama31_70b__h200_sxm__empirical,llama31_70b,h200_sxm,EMPIRICAL,prefill,5.796899999999999,6.1042,0.9496576127911929,5.796899999999999,5.797,1.7250599458444193e-05,838.539,29.473,33.93,371.002,1,1,3,2.147,tp2pp1dp1etp1ep1,40,40,5,1.327,tp2pp1dp1etp1ep1,16
llama31_70b__h200_sxm__empirical,llama31_70b,h200_sxm,EMPIRICAL,decode,16.479,15.039240000000001,1.0957335610044123,15.039240000000001,15.039,1.595825320970822e-05,491.546,34.446,29.031,481.256,1,1,5,3.662,tp4pp1dp1etp1ep1,192,192,3,5.449,tp4pp1dp1etp1ep1,32
llama31_70b__h200_sxm__empirical,llama31_70b,h200_sxm,EMPIRICAL,prefill,13.526099999999998,14.8212,0.9126184114646586,13.526099999999998,13.526,7.393114053421947e-06,838.539,34.959,28.605,432.835,1,1,7,2.147,tp2pp1dp1etp1ep1,64,64,9,1.79,tp2pp1dp1etp1ep1,32
llama31_70b__h200_sxm__empirical,llama31_70b,h200_sxm,EMPIRICAL,decode,10.188,9.352720000000001,1.0893087786226894,9.352720000000001,9.353,2.993781488147636e-05,318.049,34.617,28.887,399.049,1,1,2,5.66,tp8pp1dp1etp1ep1,360,360,1,10.166,tp8pp1dp1etp1ep1,24
llama31_70b__h200_sxm__empirical,llama31_70b,h200_sxm,EMPIRICAL,decode,16.479,15.59676,1.0565655943926815,15.59676,15.597,1.5387811314644576e-05,491.546,38.745,25.81,499.096,1,1,5,3.662,tp4pp1dp1etp1ep1,224,224,3,5.651,tp4pp1dp1etp1ep1,32
llama31_70b__h200_sxm__empirical,llama31_70b,h200_sxm,EMPIRICAL,decode,1.9323,1.91084,1.011230662954512,1.91084,1.911,8.373280860770025e-05,838.539,39.532,25.296,489.175,1,1,1,2.147,tp2pp1dp1etp1ep1,84,84,1,2.077,tp2pp1dp1etp1ep1,4
llama31_70b__h200_sxm__empirical,llama31_70b,h200_sxm,EMPIRICAL,decode,10.188,9.38124,1.085997160290111,9.38124,9.381,2.558297197383245e-05,318.049,39.881,25.075,400.266,1,1,2,5.66,tp8pp1dp1etp1ep1,416,416,1,10.197,tp8pp1dp1etp1ep1,24
llama31_70b__h200_sxm__empirical,llama31_70b,h200_sxm,EMPIRICAL,decode,16.479,15.663,1.0520972993679372,15.663,15.663,0.0,491.546,44.096,22.678,501.216,1,1,5,3.662,tp4pp1dp1etp1ep1,256,256,3,5.675,tp4pp1dp1etp1ep1,32
llama31_70b__h200_sxm__empirical,llama31_70b,h200_sxm,EMPIRICAL,prefill,1.9323,1.95684,0.9874593732752805,1.9323,1.932,0.0001552553951249635,838.539,40.446,24.724,494.669,1,1,1,2.147,tp2pp1dp1etp1ep1,88,88,1,2.127,tp2pp1dp1etp1ep1,4
llama31_70b__h200_sxm__empirical,llama31_70b,h200_sxm,EMPIRICAL,decode,10.188,9.399640000000002,1.083871297198616,9.399640000000002,9.4,3.829933912349895e-05,318.049,44.392,22.526,401.051,1,1,2,5.66,tp8pp1dp1etp1ep1,464,464,1,10.217,tp8pp1dp1etp1ep1,24
llama31_70b__h200_sxm__empirical,llama31_70b,h200_sxm,EMPIRICAL,decode,1.0575,0.9798,1.0793018983466014,0.9798,0.98,0.00020412329046741985,1532.525,41.186,24.28,62.707,1,1,1,1.175,tp1pp1dp1etp1ep1,3,3,15,0.071,tp1pp1dp1etp1ep1,16
llama31_70b__h200_sxm__empirical,llama31_70b,h200_sxm,EMPIRICAL,decode,16.479,15.67128,1.0515414184418885,15.67128,15.671,1.7867079140954536e-05,491.546,45.45,22.002,501.481,1,1,5,3.662,tp4pp1dp1etp1ep1,264,264,3,5.678,tp4pp1dp1etp1ep1,32
llama31_70b__h200_sxm__empirical,llama31_70b,h200_sxm,EMPIRICAL,decode,10.188,9.415280000000001,1.0820708465388178,9.415280000000001,9.415,2.9738892523837242e-05,318.049,48.904,20.448,401.719,1,1,2,5.66,tp8pp1dp1etp1ep1,512,512,1,10.234,tp8pp1dp1etp1ep1,24
llama31_70b__h200_sxm__silicon,llama31_70b,h200_sxm,SILICON,decode,4.8564,0.90528,5.364528101802757,0.90528,0.905,0.00030929657122652325,333.594,8.936,111.911,28.969,1,1,1,5.396,tp8pp1dp1etp1ep1,3,3,3,0.328,tp8pp1dp1etp1ep1,32
llama31_70b__h200_sxm__silicon,llama31_70b,h200_sxm,SILICON,decode,4.8564,2.97252,1.6337652900569215,2.97252,2.973,0.00016147914900489684,333.594,9.984,100.157,95.121,1,1,1,5.396,tp8pp1dp1etp1ep1,11,11,3,1.077,tp8pp1dp1etp1ep1,32
llama31_70b__h200_sxm__silicon,llama31_70b,h200_sxm,SILICON,decode,4.8564,3.9909600000000003,1.2168500811834746,3.9909600000000003,3.991,1.0022651191647612e-05,333.594,10.813,92.484,127.711,1,1,1,5.396,tp8pp1dp1etp1ep1,16,16,3,1.446,tp8pp1dp1etp1ep1,32
llama31_70b__h200_sxm__silicon,llama31_70b,h200_sxm,SILICON,decode,4.8564,4.50432,1.0781649616368287,4.50432,4.504,7.104290991766128e-05,333.594,11.978,83.49,192.184,1,1,1,5.396,tp8pp1dp1etp1ep1,30,30,2,2.448,tp8pp1dp1etp1ep1,24
llama31_70b__h200_sxm__silicon,llama31_70b,h200_sxm,SILICON,prefill,4.8564,5.6230400000000005,0.8636609378556794,4.8564,4.856,8.236553825878345e-05,333.594,12.795,78.157,207.206,1,1,1,5.396,tp8pp1dp1etp1ep1,40,40,2,3.056,tp8pp1dp1etp1ep1,24
llama31_70b__h200_sxm__silicon,llama31_70b,h200_sxm,SILICON,decode,4.8564,3.66252,1.3259722813800332,3.66252,3.663,0.0001310573048064152,333.594,13.751,72.722,234.401,1,1,1,5.396,tp8pp1dp1etp1ep1,56,56,1,3.981,tp8pp1dp1etp1ep1,16
llama31_70b__h200_sxm__silicon,llama31_70b,h200_sxm,SILICON,prefill,2.9835,3.2246,0.9252310364076164,2.9835,2.984,0.0001675884028825765,543.031,13.94,71.735,127.296,1,1,1,3.315,tp4pp1dp1etp1ep1,10,10,5,0.701,tp4pp1dp1etp1ep1,24
llama31_70b__h200_sxm__silicon,llama31_70b,h200_sxm,SILICON,decode,4.8564,4.37,1.111304347826087,4.37,4.37,0.0,333.594,14.816,67.496,279.68,1,1,1,5.396,tp8pp1dp1etp1ep1,72,72,1,4.75,tp8pp1dp1etp1ep1,16
llama31_70b__h200_sxm__silicon,llama31_70b,h200_sxm,SILICON,decode,2.9835,2.56956,1.1610937281090925,2.56956,2.57,0.00017123554227174064,543.031,14.702,68.019,164.452,1,1,1,3.315,tp4pp1dp1etp1ep1,14,14,3,0.931,tp4pp1dp1etp1ep1,16
llama31_70b__h200_sxm__silicon,llama31_70b,h200_sxm,SILICON,decode,4.8564,4.70028,1.033215042508106,4.70028,4.7,5.9570919179295267e-05,333.594,15.306,65.333,300.818,1,1,1,5.396,tp8pp1dp1etp1ep1,80,80,1,5.109,tp8pp1dp1etp1ep1,16
llama31_70b__h200_sxm__silicon,llama31_70b,h200_sxm,SILICON,decode,5.967,4.9496,1.205551963795054,4.9496,4.95,8.081461128171083e-05,543.031,15.988,62.548,211.183,1,1,2,3.315,tp4pp1dp1etp1ep1,22,22,4,1.345,tp4pp1dp1etp1ep1,24
llama31_70b__h200_sxm__silicon,llama31_70b,h200_sxm,SILICON,prefill,4.8564,5.569680000000001,0.8719351919679406,4.8564,4.856,8.236553825878345e-05,333.594,16.792,59.554,310.81,1,1,1,5.396,tp8pp1dp1etp1ep1,104,104,1,6.054,tp8pp1dp1etp1ep1,16
llama31_70b__h200_sxm__silicon,llama31_70b,h200_sxm,SILICON,decode,5.967,5.96528,1.0002883351661616,5.96528,5.965,4.6938282863513195e-05,543.031,16.881,59.236,254.519,1,1,2,3.315,tp4pp1dp1etp1ep1,28,28,4,1.621,tp4pp1dp1etp1ep1,24
llama31_70b__h200_sxm__silicon,llama31_70b,h200_sxm,SILICON,prefill,4.8564,5.8806400000000005,0.825828481253741,4.8564,4.856,8.236553825878345e-05,333.594,17.738,56.375,310.81,1,1,1,5.396,tp8pp1dp1etp1ep1,116,116,1,6.392,tp8pp1dp1etp1ep1,16
llama31_70b__h200_sxm__silicon,llama31_70b,h200_sxm,SILICON,prefill,8.9505,9.085,0.9851953769950467,8.9505,8.95,5.5862800960908446e-05,543.031,17.815,56.134,286.416,1,1,3,3.315,tp4pp1dp1etp1ep1,36,36,5,1.975,tp4pp1dp1etp1ep1,32
llama31_70b__h200_sxm__silicon,llama31_70b,h200_sxm,SILICON,prefill,4.8564,6.21,0.7820289855072463,4.8564,4.856,8.236553825878345e-05,333.594,18.536,53.95,310.81,1,1,1,5.396,tp8pp1dp1etp1ep1,128,128,1,6.75,tp8pp1dp1etp1ep1,16
llama31_70b__h200_sxm__silicon,llama31_70b,h200_sxm,SILICON,prefill,8.9505,10.607600000000001,0.8437818168105885,8.9505,8.95,5.5862800960908446e-05,543.031,18.655,53.604,286.416,1,1,3,3.315,tp4pp1dp1etp1ep1,44,44,5,2.306,tp4pp1dp1etp1ep1,32
llama31_70b__h200_sxm__silicon,llama31_70b,h200_sxm,SILICON,prefill,4.8564,6.59088,0.736836355691501,4.8564,4.856,8.236553825878345e-05,333.594,19.648,50.896,310.81,1,1,1,5.396,tp8pp1dp1etp1ep1,144,144,1,7.164,tp8pp1dp1etp1ep1,16
llama31_70b__h200_sxm__silicon,llama31_70b,h200_sxm,SILICON,decode,2.9835,2.3708400000000003,1.2584147390798195,2.3708400000000003,2.371,6.748662921146762e-05,543.031,19.726,50.695,303.468,1,1,1,3.315,tp4pp1dp1etp1ep1,52,52,1,2.577,tp4pp1dp1etp1ep1,8
llama31_70b__h200_sxm__silicon,llama31_70b,h200_sxm,SILICON,prefill,2.9835,3.3782400000000004,0.8831521739130433,2.9835,2.984,0.0001675884028825765,543.031,24.488,40.836,381.888,1,1,1,3.315,tp4pp1dp1etp1ep1,92,92,1,3.672,tp4pp1dp1etp1ep1,8
llama31_70b__h200_sxm__silicon,llama31_70b,h200_sxm,SILICON,prefill,4.8564,7.2045200000000005,0.6740768295458961,4.8564,4.856,8.236553825878345e-05,333.594,24.965,40.056,310.81,1,1,1,5.396,tp8pp1dp1etp1ep1,200,200,1,7.831,tp8pp1dp1etp1ep1,16
llama31_70b__h200_sxm__silicon,llama31_70b,h200_sxm,SILICON,decode,5.076,4.736160000000001,1.0717543326238976,4.736160000000001,4.736,3.378264247851596e-05,957.647,24.685,40.51,151.557,1,1,3,1.88,tp2pp1dp1etp1ep1,10,10,13,0.396,tp2pp1dp1etp1ep1,32
llama31_70b__h200_sxm__silicon,llama31_70b,h200_sxm,SILICON,decode,14.9175,12.26268,1.2164959046472714,12.26268,12.263,2.6095437538965386e-05,543.031,29.92,33.422,392.406,1,1,5,3.315,tp4pp1dp1etp1ep1,136,136,3,4.443,tp4pp1dp1etp1ep1,32
llama31_70b__h200_sxm__silicon,llama31_70b,h200_sxm,SILICON,decode,9.7128,7.85588,1.2363732643573986,7.85588,7.856,1.527518241112364e-05,333.594,29.308,34.121,335.184,1,1,2,5.396,tp8pp1dp1etp1ep1,256,256,1,8.539,tp8pp1dp1etp1ep1,24
llama31_70b__h200_sxm__silicon,llama31_70b,h200_sxm,SILICON,prefill,5.076,5.423400000000001,0.935944241619648,5.076,5.076,0.0,957.647,29.86,33.489,324.864,1,1,3,1.88,tp2pp1dp1etp1ep1,36,36,5,1.179,tp2pp1dp1etp1ep1,16
llama31_70b__h200_sxm__silicon,llama31_70b,h200_sxm,SILICON,decode,14.9175,13.28664,1.1227443507162083,13.28664,13.287,2.7094886291837672e-05,543.031,34.114,29.313,425.172,1,1,5,3.315,tp4pp1dp1etp1ep1,168,168,3,4.814,tp4pp1dp1etp1ep1,32
llama31_70b__h200_sxm__silicon,llama31_70b,h200_sxm,SILICON,prefill,11.844000000000001,12.98304,0.9122670807453417,11.844000000000001,11.844,1.4997946972308766e-16,957.647,34.912,28.643,379.008,1,1,7,1.88,tp2pp1dp1etp1ep1,56,56,9,1.568,tp2pp1dp1etp1ep1,32
llama31_70b__h200_sxm__silicon,llama31_70b,h200_sxm,SILICON,decode,9.7128,7.978240000000001,1.2174113588961974,7.978240000000001,7.978,3.0081822557553075e-05,333.594,34.266,29.183,340.405,1,1,2,5.396,tp8pp1dp1etp1ep1,304,304,1,8.672,tp8pp1dp1etp1ep1,24
llama31_70b__h200_sxm__silicon,llama31_70b,h200_sxm,SILICON,decode,14.9175,14.214000000000002,1.0494934571549175,14.214000000000002,14.214,1.249723399043373e-16,543.031,39.481,25.329,454.848,1,1,5,3.315,tp4pp1dp1etp1ep1,208,208,3,5.15,tp4pp1dp1etp1ep1,32
llama31_70b__h200_sxm__silicon,llama31_70b,h200_sxm,SILICON,prefill,1.692,1.73788,0.9736000184132391,1.692,1.692,0.0,957.647,39.338,25.421,433.152,1,1,1,1.88,tp2pp1dp1etp1ep1,76,76,1,1.889,tp2pp1dp1etp1ep1,4
llama31_70b__h200_sxm__silicon,llama31_70b,h200_sxm,SILICON,decode,9.7128,8.19996,1.184493582895526,8.19996,8.2,4.878072575779112e-06,333.594,39.48,25.329,349.865,1,1,2,5.396,tp8pp1dp1etp1ep1,360,360,1,8.913,tp8pp1dp1etp1ep1,24
llama31_70b__h200_sxm__silicon,llama31_70b,h200_sxm,SILICON,decode,14.9175,14.88468,1.0022049516684268,14.88468,14.885,2.1498614683037864e-05,543.031,44.948,22.248,476.31,1,1,5,3.315,tp4pp1dp1etp1ep1,248,248,3,5.393,tp4pp1dp1etp1ep1,32
llama31_70b__h200_sxm__silicon,llama31_70b,h200_sxm,SILICON,prefill,1.692,1.8998,0.8906200652700285,1.692,1.692,0.0,957.647,41.664,24.002,433.152,1,1,1,1.88,tp2pp1dp1etp1ep1,88,88,1,2.065,tp2pp1dp1etp1ep1,4
llama31_70b__h200_sxm__silicon,llama31_70b,h200_sxm,SILICON,decode,9.7128,8.37016,1.1604079252965296,8.37016,8.37,1.9115524673488703e-05,333.594,44.695,22.374,357.127,1,1,2,5.396,tp8pp1dp1etp1ep1,416,416,1,9.098,tp8pp1dp1etp1ep1,24
llama31_70b__h200_sxm__silicon,llama31_70b,h200_sxm,SILICON,decode,1.827,1.3965600000000002,1.3082144698401785,1.3965600000000002,1.397,0.000315059861373499,1772.829,42.589,23.48,59.587,1,1,2,1.015,tp1pp1dp1etp1ep1,3,3,22,0.069,tp1pp1dp1etp1ep1,24
llama31_70b__h200_sxm__silicon,llama31_70b,h200_sxm,SILICON,prefill,14.9175,15.033720000000002,0.9922693784372729,14.9175,14.918,3.351768057642599e-05,543.031,47.38,21.106,477.36,1,1,5,3.315,tp4pp1dp1etp1ep1,264,264,3,5.447,tp4pp1dp1etp1ep1,32
llama31_70b__h200_sxm__silicon,llama31_70b,h200_sxm,SILICON,decode,9.7128,8.5054,1.1419568744562278,8.5054,8.505,4.702894631634818e-05,333.594,49.909,20.036,362.897,1,1,2,5.396,tp8pp1dp1etp1ep1,472,472,1,9.245,tp8pp1dp1etp1ep1,24
llama31_70b__h200_sxm__silicon,llama31_70b,h200_sxm,SILICON,decode,9.7128,8.58544,1.1313106841350007,8.58544,8.585,5.124955739010811e-05,333.594,53.634,18.645,366.312,1,1,2,5.396,tp8pp1dp1etp1ep1,512,512,1,9.332,tp8pp1dp1etp1ep1,24
llama31_70b__rtx_pro_6000_server__analytical,llama31_70b,rtx_pro_6000_server,ANALYTICAL,decode,1.1268,0.16008000000000003,7.038980509745127,0.16008000000000003,0.16,0.0004997501249376842,1438.067,16.842,59.377,5.123,1,1,1,1.252,tp8pp1dp1etp1ep1,1,1,3,0.058,tp8pp1dp1etp1ep1,32
llama31_70b__rtx_pro_6000_server__analytical,llama31_70b,rtx_pro_6000_server,ANALYTICAL,decode,1.1268,0.75072,1.5009590792838874,0.75072,0.751,0.000372975277067278,1438.067,17.937,55.751,24.023,1,1,1,1.252,tp8pp1dp1etp1ep1,5,5,3,0.272,tp8pp1dp1etp1ep1,32
llama31_70b__rtx_pro_6000_server__analytical,llama31_70b,rtx_pro_6000_server,ANALYTICAL,prefill,1.1268,1.13988,0.9885251079060954,1.1268,1.127,0.00017749378771741035,1438.067,18.948,52.777,36.058,1,1,1,1.252,tp8pp1dp1etp1ep1,8,8,3,0.413,tp8pp1dp1etp1ep1,32
llama31_70b__rtx_pro_6000_server__analytical,llama31_70b,rtx_pro_6000_server,ANALYTICAL,decode,1.1268,0.9899200000000001,1.1382737999030224,0.9899200000000001,0.99,8.081461128157624e-05,1438.067,19.987,50.033,42.237,1,1,1,1.252,tp8pp1dp1etp1ep1,11,11,2,0.538,tp8pp1dp1etp1ep1,24
llama31_70b__rtx_pro_6000_server__analytical,llama31_70b,rtx_pro_6000_server,ANALYTICAL,decode,1.1268,0.88504,1.2731627949019253,0.88504,0.885,4.519569736965561e-05,1438.067,24.389,41.002,56.643,1,1,1,1.252,tp8pp1dp1etp1ep1,24,24,1,0.962,tp8pp1dp1etp1ep1,16
llama31_70b__rtx_pro_6000_server__analytical,llama31_70b,rtx_pro_6000_server,ANALYTICAL,prefill,1.1268,1.20428,0.9356628026704753,1.1268,1.127,0.00017749378771741035,1438.067,29.879,33.468,72.115,1,1,1,1.252,tp8pp1dp1etp1ep1,40,40,1,1.309,tp8pp1dp1etp1ep1,16
llama31_70b__rtx_pro_6000_server__analytical,llama31_70b,rtx_pro_6000_server,ANALYTICAL,prefill,1.1268,1.3754000000000002,0.8192525810673258,1.1268,1.127,0.00017749378771741035,1438.067,33.997,29.415,72.115,1,1,1,1.252,tp8pp1dp1etp1ep1,52,52,1,1.495,tp8pp1dp1etp1ep1,16
llama31_70b__rtx_pro_6000_server__analytical,llama31_70b,rtx_pro_6000_server,ANALYTICAL,decode,0.9477,0.70104,1.3518486819582334,0.70104,0.701,5.705808513072008e-05,1709.483,34.586,28.913,44.867,1,1,1,1.053,tp4pp1dp1etp1ep1,9,9,3,0.254,tp4pp1dp1etp1ep1,16
llama31_70b__rtx_pro_6000_server__analytical,llama31_70b,rtx_pro_6000_server,ANALYTICAL,prefill,1.1268,1.5483600000000002,0.7277377354103696,1.1268,1.127,0.00017749378771741035,1438.067,39.487,25.325,72.115,1,1,1,1.252,tp8pp1dp1etp1ep1,68,68,1,1.683,tp8pp1dp1etp1ep1,16
llama31_70b__rtx_pro_6000_server__analytical,llama31_70b,rtx_pro_6000_server,ANALYTICAL,decode,1.8954,1.6449600000000002,1.1522468631456082,1.6449600000000002,1.645,2.4316700709936992e-05,1709.483,39.326,25.429,70.185,1,1,2,1.053,tp4pp1dp1etp1ep1,18,18,4,0.447,tp4pp1dp1etp1ep1,24
llama31_70b__rtx_pro_6000_server__analytical,llama31_70b,rtx_pro_6000_server,ANALYTICAL,decode,2.8430999999999997,2.8198,1.0082629973757005,2.8198,2.82,7.092701610042485e-05,1709.483,44.644,22.4,90.234,1,1,3,1.053,tp4pp1dp1etp1ep1,28,28,5,0.613,tp4pp1dp1etp1ep1,32
llama31_70b__rtx_pro_6000_server__analytical,llama31_70b,rtx_pro_6000_server,ANALYTICAL,prefill,1.1268,1.67992,0.6707462260107624,1.1268,1.127,0.00017749378771741035,1438.067,44.977,22.234,72.115,1,1,1,1.252,tp8pp1dp1etp1ep1,84,84,1,1.826,tp8pp1dp1etp1ep1,16
llama31_70b__rtx_pro_6000_server__analytical,llama31_70b,rtx_pro_6000_server,ANALYTICAL,prefill,2.8430999999999997,3.312,0.8584239130434782,2.8430999999999997,2.843,3.517287467896555e-05,1709.483,48.898,20.451,90.979,1,1,3,1.053,tp4pp1dp1etp1ep1,36,36,5,0.72,tp4pp1dp1etp1ep1,32
llama31_70b__rtx_pro_6000_server__analytical,llama31_70b,rtx_pro_6000_server,ANALYTICAL,decode,2.2536,1.7581200000000001,1.2818237662958158,1.7581200000000001,1.758,6.825472663988806e-05,1438.067,49.094,20.369,75.013,1,1,2,1.252,tp8pp1dp1etp1ep1,96,96,1,1.911,tp8pp1dp1etp1ep1,24
llama31_70b__rtx_pro_6000_server__analytical,llama31_70b,rtx_pro_6000_server,ANALYTICAL,decode,0.9477,0.74428,1.2733111194711666,0.74428,0.744,0.0003762025044338931,1709.483,53.152,18.814,95.268,1,1,1,1.053,tp4pp1dp1etp1ep1,44,44,1,0.809,tp4pp1dp1etp1ep1,8
llama31_70b__rtx_pro_6000_server__analytical,llama31_70b,rtx_pro_6000_server,ANALYTICAL,decode,2.2536,1.8455199999999998,1.221119250942824,1.8455199999999998,1.846,0.0002600892973255549,1438.067,54.584,18.32,78.742,1,1,2,1.252,tp8pp1dp1etp1ep1,112,112,1,2.006,tp8pp1dp1etp1ep1,24
llama31_70b__rtx_pro_6000_server__analytical,llama31_70b,rtx_pro_6000_server,ANALYTICAL,decode,0.9477,0.8454800000000001,1.1209017362918103,0.8454800000000001,0.845,0.0005677248426930819,1709.483,59.534,16.797,108.221,1,1,1,1.053,tp4pp1dp1etp1ep1,56,56,1,0.919,tp4pp1dp1etp1ep1,8
llama31_70b__rtx_pro_6000_server__analytical,llama31_70b,rtx_pro_6000_server,ANALYTICAL,decode,2.2536,1.8998,1.1862301294873145,1.8998,1.9,0.00010527423939360879,1438.067,58.702,17.035,81.058,1,1,2,1.252,tp8pp1dp1etp1ep1,124,124,1,2.065,tp8pp1dp1etp1ep1,24
llama31_70b__rtx_pro_6000_server__analytical,llama31_70b,rtx_pro_6000_server,ANALYTICAL,decode,0.7587,0.6762,1.122005323868678,0.6762,0.676,0.00029577048210585323,2135.324,59.67,16.759,21.638,1,1,1,0.843,tp2pp1dp1etp1ep1,3,3,15,0.049,tp2pp1dp1etp1ep1,32
llama31_70b__rtx_pro_6000_server__analytical,llama31_70b,rtx_pro_6000_server,ANALYTICAL,decode,0.9477,0.90252,1.0500598324690866,0.90252,0.903,0.00053184416965833,1709.483,63.788,15.677,115.523,1,1,1,1.053,tp4pp1dp1etp1ep1,64,64,1,0.981,tp4pp1dp1etp1ep1,8
llama31_70b__rtx_pro_6000_server__analytical,llama31_70b,rtx_pro_6000_server,ANALYTICAL,decode,2.2536,1.9467200000000002,1.157639516725569,1.9467200000000002,1.947,0.00014383167584441312,1438.067,62.819,15.919,83.06,1,1,2,1.252,tp8pp1dp1etp1ep1,136,136,1,2.116,tp8pp1dp1etp1ep1,24
llama31_70b__rtx_pro_6000_server__analytical,llama31_70b,rtx_pro_6000_server,ANALYTICAL,decode,1.5174,1.2420000000000002,1.2217391304347824,1.2420000000000002,1.242,1.7877987514092696e-16,2135.324,64.995,15.386,52.992,1,1,2,0.843,tp2pp1dp1etp1ep1,9,9,10,0.135,tp2pp1dp1etp1ep1,24
llama31_70b__rtx_pro_6000_server__analytical,llama31_70b,rtx_pro_6000_server,ANALYTICAL,prefill,0.9477,0.95128,0.9962366495668993,0.9477,0.948,0.0003165558721113928,1709.483,68.042,14.697,121.306,1,1,1,1.053,tp4pp1dp1etp1ep1,72,72,1,1.034,tp4pp1dp1etp1ep1,8
llama31_70b__rtx_pro_6000_server__analytical,llama31_70b,rtx_pro_6000_server,ANALYTICAL,decode,2.2536,2.001,1.1262368815592205,2.001,2.001,0.0,1438.067,68.309,14.639,85.376,1,1,2,1.252,tp8pp1dp1etp1ep1,152,152,1,2.175,tp8pp1dp1etp1ep1,24
llama31_70b__rtx_pro_6000_server__analytical,llama31_70b,rtx_pro_6000_server,ANALYTICAL,prefill,2.2761,2.35612,0.9660373834948983,2.2761,2.276,4.393480075577129e-05,2135.324,69.462,14.396,72.835,1,1,3,0.843,tp2pp1dp1etp1ep1,14,14,13,0.197,tp2pp1dp1etp1ep1,32
llama31_70b__rtx_pro_6000_server__analytical,llama31_70b,rtx_pro_6000_server,ANALYTICAL,prefill,0.9477,1.01476,0.9339154085695138,0.9477,0.948,0.0003165558721113928,1709.483,74.424,13.437,121.306,1,1,1,1.053,tp4pp1dp1etp1ep1,84,84,1,1.103,tp4pp1dp1etp1ep1,8
llama31_70b__rtx_pro_6000_server__analytical,llama31_70b,rtx_pro_6000_server,ANALYTICAL,decode,0.7587,0.7203600000000001,1.053223388305847,0.7203600000000001,0.72,0.0004997501249377227,2135.324,74.824,13.365,92.206,1,1,1,0.843,tp2pp1dp1etp1ep1,20,20,3,0.261,tp2pp1dp1etp1ep1,8
llama31_70b__rtx_pro_6000_server__analytical,llama31_70b,rtx_pro_6000_server,ANALYTICAL,decode,2.2536,2.047,1.1009281875915975,2.047,2.047,0.0,1438.067,73.799,13.55,87.339,1,1,2,1.252,tp8pp1dp1etp1ep1,168,168,1,2.225,tp8pp1dp1etp1ep1,24
llama31_70b__rtx_pro_6000_server__analytical,llama31_70b,rtx_pro_6000_server,ANALYTICAL,prefill,0.9477,1.05156,0.9012324546388223,0.9477,0.948,0.0003165558721113928,1709.483,78.678,12.71,121.306,1,1,1,1.053,tp4pp1dp1etp1ep1,92,92,1,1.143,tp4pp1dp1etp1ep1,8
llama31_70b__rtx_pro_6000_server__analytical,llama31_70b,rtx_pro_6000_server,ANALYTICAL,prefill,0.7587,0.8252400000000001,0.9193689108622946,0.7587,0.759,0.0003954132068010636,2135.324,78.398,12.755,97.114,1,1,1,0.843,tp2pp1dp1etp1ep1,24,24,3,0.299,tp2pp1dp1etp1ep1,8
llama31_70b__rtx_pro_6000_server__analytical,llama31_70b,rtx_pro_6000_server,ANALYTICAL,decode,2.2536,2.08656,1.0800552104899932,2.08656,2.087,0.00021087339927930085,1438.067,79.29,12.612,89.027,1,1,2,1.252,tp8pp1dp1etp1ep1,184,184,1,2.268,tp8pp1dp1etp1ep1,24
llama31_70b__rtx_pro_6000_server__analytical,llama31_70b,rtx_pro_6000_server,ANALYTICAL,prefill,0.9477,1.08468,0.8737139064055758,0.9477,0.948,0.0003165558721113928,1709.483,82.932,12.058,121.306,1,1,1,1.053,tp4pp1dp1etp1ep1,100,100,1,1.179,tp4pp1dp1etp1ep1,8
llama31_70b__rtx_pro_6000_server__analytical,llama31_70b,rtx_pro_6000_server,ANALYTICAL,decode,3.7935,3.542,1.071005081874647,3.542,3.542,0.0,2135.324,83.759,11.939,113.344,1,1,5,0.843,tp2pp1dp1etp1ep1,30,30,11,0.35,tp2pp1dp1etp1ep1,32
llama31_70b__rtx_pro_6000_server__analytical,llama31_70b,rtx_pro_6000_server,ANALYTICAL,decode,2.2536,2.1215200000000003,1.0622572495192124,2.1215200000000003,2.122,0.0002262528752967645,1438.067,84.78,11.795,90.518,1,1,2,1.252,tp8pp1dp1etp1ep1,200,200,1,2.306,tp8pp1dp1etp1ep1,24
llama31_70b__rtx_pro_6000_server__analytical,llama31_70b,rtx_pro_6000_server,ANALYTICAL,prefill,0.9477,1.12792,0.8402191644797503,0.9477,0.948,0.0003165558721113928,1709.483,89.314,11.196,121.306,1,1,1,1.053,tp4pp1dp1etp1ep1,112,112,1,1.226,tp4pp1dp1etp1ep1,8
llama31_70b__rtx_pro_6000_server__analytical,llama31_70b,rtx_pro_6000_server,ANALYTICAL,decode,3.7935,3.70392,1.024185187585045,3.70392,3.704,2.1598738633685393e-05,2135.324,85.546,11.69,118.525,1,1,5,0.843,tp2pp1dp1etp1ep1,32,32,11,0.366,tp2pp1dp1etp1ep1,32
llama31_70b__rtx_pro_6000_server__analytical,llama31_70b,rtx_pro_6000_server,ANALYTICAL,decode,2.2536,2.13716,1.0544835201856668,2.13716,2.137,7.486570963342006e-05,1438.067,87.525,11.425,91.185,1,1,2,1.252,tp8pp1dp1etp1ep1,208,208,1,2.323,tp8pp1dp1etp1ep1,24
llama31_70b__rtx_pro_6000_server__analytical,llama31_70b,rtx_pro_6000_server,ANALYTICAL,prefill,0.9477,1.15368,0.821458289993759,0.9477,0.948,0.0003165558721113928,1709.483,93.568,10.687,121.306,1,1,1,1.053,tp4pp1dp1etp1ep1,120,120,1,1.254,tp4pp1dp1etp1ep1,8
llama31_70b__rtx_pro_6000_server__analytical,llama31_70b,rtx_pro_6000_server,ANALYTICAL,decode,2.2536,2.16568,1.0405969487643605,2.16568,2.166,0.00014775959513865203,1438.067,93.015,10.751,92.402,1,1,2,1.252,tp8pp1dp1etp1ep1,224,224,1,2.354,tp8pp1dp1etp1ep1,24
llama31_70b__rtx_pro_6000_server__analytical,llama31_70b,rtx_pro_6000_server,ANALYTICAL,prefill,0.9477,1.17668,0.8054016385083456,0.9477,0.948,0.0003165558721113928,1709.483,97.822,10.223,121.306,1,1,1,1.053,tp4pp1dp1etp1ep1,128,128,1,1.279,tp4pp1dp1etp1ep1,8
llama31_70b__rtx_pro_6000_server__analytical,llama31_70b,rtx_pro_6000_server,ANALYTICAL,decode,2.2536,2.19144,1.0283649107436206,2.19144,2.191,0.0002007812214800396,1438.067,98.505,10.152,93.501,1,1,2,1.252,tp8pp1dp1etp1ep1,240,240,1,2.382,tp8pp1dp1etp1ep1,24
llama31_70b__rtx_pro_6000_server__analytical,llama31_70b,rtx_pro_6000_server,ANALYTICAL,prefill,0.9477,1.19784,0.7911741134041274,0.9477,0.948,0.0003165558721113928,1709.483,102.077,9.797,121.306,1,1,1,1.053,tp4pp1dp1etp1ep1,136,136,1,1.302,tp4pp1dp1etp1ep1,8
llama31_70b__rtx_pro_6000_server__analytical,llama31_70b,rtx_pro_6000_server,ANALYTICAL,decode,2.2536,2.2135200000000004,1.0181069066464272,2.2135200000000004,2.214,0.00021684918139415582,1438.067,103.995,9.616,94.444,1,1,2,1.252,tp8pp1dp1etp1ep1,256,256,1,2.406,tp8pp1dp1etp1ep1,24
llama31_70b__rtx_pro_6000_server__analytical,llama31_70b,rtx_pro_6000_server,ANALYTICAL,prefill,0.9477,1.21808,0.778027715749376,0.9477,0.948,0.0003165558721113928,1709.483,106.331,9.405,121.306,1,1,1,1.053,tp4pp1dp1etp1ep1,144,144,1,1.324,tp4pp1dp1etp1ep1,8
llama31_70b__rtx_pro_6000_server__analytical,llama31_70b,rtx_pro_6000_server,ANALYTICAL,decode,2.2536,2.23468,1.0084665365958436,2.23468,2.235,0.00014319723629328403,1438.067,109.485,9.134,95.346,1,1,2,1.252,tp8pp1dp1etp1ep1,272,272,1,2.429,tp8pp1dp1etp1ep1,24
llama31_70b__rtx_pro_6000_server__analytical,llama31_70b,rtx_pro_6000_server,ANALYTICAL,decode,2.2536,2.2530799999999997,1.0002307951781562,2.2530799999999997,2.253,3.550695048539596e-05,1438.067,114.975,8.698,96.131,1,1,2,1.252,tp8pp1dp1etp1ep1,288,288,1,2.449,tp8pp1dp1etp1ep1,24
llama31_70b__rtx_pro_6000_server__analytical,llama31_70b,rtx_pro_6000_server,ANALYTICAL,prefill,2.2536,2.2613600000000003,0.9965684366929635,2.2536,2.254,0.00017749378771741035,1438.067,117.72,8.495,96.154,1,1,2,1.252,tp8pp1dp1etp1ep1,296,296,1,2.458,tp8pp1dp1etp1ep1,24
llama31_70b__rtx_pro_6000_server__analytical,llama31_70b,rtx_pro_6000_server,ANALYTICAL,prefill,2.2536,2.277,0.9897233201581027,2.2536,2.254,0.00017749378771741035,1438.067,123.21,8.116,96.154,1,1,2,1.252,tp8pp1dp1etp1ep1,312,312,1,2.475,tp8pp1dp1etp1ep1,24
llama31_70b__rtx_pro_6000_server__analytical,llama31_70b,rtx_pro_6000_server,ANALYTICAL,prefill,2.2536,2.29172,0.9833662052955858,2.2536,2.254,0.00017749378771741035,1438.067,128.7,7.77,96.154,1,1,2,1.252,tp8pp1dp1etp1ep1,328,328,1,2.491,tp8pp1dp1etp1ep1,24
llama31_70b__rtx_pro_6000_server__analytical,llama31_70b,rtx_pro_6000_server,ANALYTICAL,prefill,2.2536,2.30552,0.9774801346334016,2.2536,2.254,0.00017749378771741035,1438.067,134.19,7.452,96.154,1,1,2,1.252,tp8pp1dp1etp1ep1,344,344,1,2.506,tp8pp1dp1etp1ep1,24
llama31_70b__rtx_pro_6000_server__analytical,llama31_70b,rtx_pro_6000_server,ANALYTICAL,prefill,2.2536,2.31748,0.972435576574555,2.2536,2.254,0.00017749378771741035,1438.067,139.68,7.159,96.154,1,1,2,1.252,tp8pp1dp1etp1ep1,360,360,1,2.519,tp8pp1dp1etp1ep1,24
llama31_70b__rtx_pro_6000_server__analytical,llama31_70b,rtx_pro_6000_server,ANALYTICAL,prefill,2.2536,2.3239199999999998,0.9697407828152433,2.2536,2.254,0.00017749378771741035,1438.067,142.425,7.021,96.154,1,1,2,1.252,tp8pp1dp1etp1ep1,368,368,1,2.526,tp8pp1dp1etp1ep1,24
llama31_70b__rtx_pro_6000_server__analytical,llama31_70b,rtx_pro_6000_server,ANALYTICAL,prefill,2.2536,2.32944,0.9674428188749228,2.2536,2.254,0.00017749378771741035,1438.067,145.17,6.888,96.154,1,1,2,1.252,tp8pp1dp1etp1ep1,376,376,1,2.532,tp8pp1dp1etp1ep1,24
llama31_70b__rtx_pro_6000_server__empirical,llama31_70b,rtx_pro_6000_server,EMPIRICAL,decode,1.1574,0.7203600000000001,1.6066966516741628,0.7203600000000001,0.72,0.0004997501249377227,1399.21,14.996,66.685,23.052,1,1,1,1.286,tp8pp1dp1etp1ep1,4,4,3,0.261,tp8pp1dp1etp1ep1,32
llama31_70b__rtx_pro_6000_server__empirical,llama31_70b,rtx_pro_6000_server,EMPIRICAL,prefill,1.1574,1.19232,0.9707125603864734,1.1574,1.157,0.00034560221185411783,1399.21,15.84,63.132,37.037,1,1,1,1.286,tp8pp1dp1etp1ep1,7,7,3,0.432,tp8pp1dp1etp1ep1,32
llama31_70b__rtx_pro_6000_server__empirical,llama31_70b,rtx_pro_6000_server,EMPIRICAL,prefill,1.1574,1.16656,0.9921478535180359,1.1574,1.157,0.00034560221185411783,1399.21,16.965,58.944,49.382,1,1,1,1.286,tp8pp1dp1etp1ep1,11,11,2,0.634,tp8pp1dp1etp1ep1,24
llama31_70b__rtx_pro_6000_server__empirical,llama31_70b,rtx_pro_6000_server,EMPIRICAL,prefill,1.1574,1.4131200000000002,0.8190387228260868,1.1574,1.157,0.00034560221185411783,1399.21,17.809,56.151,49.382,1,1,1,1.286,tp8pp1dp1etp1ep1,14,14,2,0.768,tp8pp1dp1etp1ep1,24
llama31_70b__rtx_pro_6000_server__empirical,llama31_70b,rtx_pro_6000_server,EMPIRICAL,decode,1.1574,0.8546800000000001,1.354191042261431,0.8546800000000001,0.855,0.00037440913558276303,1399.21,18.935,52.813,54.7,1,1,1,1.286,tp8pp1dp1etp1ep1,18,18,1,0.929,tp8pp1dp1etp1ep1,16
llama31_70b__rtx_pro_6000_server__empirical,llama31_70b,rtx_pro_6000_server,EMPIRICAL,decode,1.1574,0.9227599999999999,1.2542806363518142,0.9227599999999999,0.923,0.0002600892973255549,1399.21,19.497,51.289,59.057,1,1,1,1.286,tp8pp1dp1etp1ep1,20,20,1,1.003,tp8pp1dp1etp1ep1,16
llama31_70b__rtx_pro_6000_server__empirical,llama31_70b,rtx_pro_6000_server,EMPIRICAL,prefill,1.1574,1.3487200000000001,0.8581469838068686,1.1574,1.157,0.00034560221185411783,1399.21,23.999,41.669,74.074,1,1,1,1.286,tp8pp1dp1etp1ep1,36,36,1,1.466,tp8pp1dp1etp1ep1,16
llama31_70b__rtx_pro_6000_server__empirical,llama31_70b,rtx_pro_6000_server,EMPIRICAL,prefill,1.1574,1.7001600000000001,0.6807594579333709,1.1574,1.157,0.00034560221185411783,1399.21,29.625,33.755,74.074,1,1,1,1.286,tp8pp1dp1etp1ep1,56,56,1,1.848,tp8pp1dp1etp1ep1,16
llama31_70b__rtx_pro_6000_server__empirical,llama31_70b,rtx_pro_6000_server,EMPIRICAL,prefill,0.9729,1.0534000000000001,0.9235807860262008,0.9729,0.973,0.00010278548668926815,1665.837,29.819,33.536,41.51,1,1,1,1.081,tp4pp1dp1etp1ep1,7,7,5,0.229,tp4pp1dp1etp1ep1,24
llama31_70b__rtx_pro_6000_server__empirical,llama31_70b,rtx_pro_6000_server,EMPIRICAL,decode,2.3148,1.8970399999999998,1.2202167587399317,1.8970399999999998,1.897,2.1085480538005504e-05,1399.21,34.127,29.303,80.94,1,1,2,1.286,tp8pp1dp1etp1ep1,72,72,1,2.062,tp8pp1dp1etp1ep1,24
llama31_70b__rtx_pro_6000_server__empirical,llama31_70b,rtx_pro_6000_server,EMPIRICAL,decode,1.9458,1.8878400000000002,1.030701754385965,1.8878400000000002,1.888,8.475294516469399e-05,1665.837,34.311,29.145,80.548,1,1,2,1.081,tp4pp1dp1etp1ep1,18,18,4,0.513,tp4pp1dp1etp1ep1,24
llama31_70b__rtx_pro_6000_server__empirical,llama31_70b,rtx_pro_6000_server,EMPIRICAL,prefill,2.9187,3.4408000000000003,0.8482620320855614,2.9187,2.919,0.00010278548668934423,1665.837,39.211,25.503,93.398,1,1,3,1.081,tp4pp1dp1etp1ep1,30,30,5,0.748,tp4pp1dp1etp1ep1,32
llama31_70b__rtx_pro_6000_server__empirical,llama31_70b,rtx_pro_6000_server,EMPIRICAL,decode,2.3148,2.0810400000000002,1.1123284511590357,2.0810400000000002,2.081,1.922115865156943e-05,1399.21,39.753,25.155,88.791,1,1,2,1.286,tp8pp1dp1etp1ep1,92,92,1,2.262,tp8pp1dp1etp1ep1,24
llama31_70b__rtx_pro_6000_server__empirical,llama31_70b,rtx_pro_6000_server,EMPIRICAL,decode,0.9729,0.88044,1.1050156739811912,0.88044,0.88,0.0004997501249375267,1665.837,44.928,22.258,112.696,1,1,1,1.081,tp4pp1dp1etp1ep1,44,44,1,0.957,tp4pp1dp1etp1ep1,8
llama31_70b__rtx_pro_6000_server__empirical,llama31_70b,rtx_pro_6000_server,EMPIRICAL,decode,2.3148,2.19512,1.0545209373519442,2.19512,2.195,5.466671525945827e-05,1399.21,44.255,22.597,93.658,1,1,2,1.286,tp8pp1dp1etp1ep1,108,108,1,2.386,tp8pp1dp1etp1ep1,24
llama31_70b__rtx_pro_6000_server__empirical,llama31_70b,rtx_pro_6000_server,EMPIRICAL,prefill,0.9729,1.01108,0.9622383985441311,0.9729,0.973,0.00010278548668926815,1665.837,49.828,20.069,124.531,1,1,1,1.081,tp4pp1dp1etp1ep1,56,56,1,1.099,tp4pp1dp1etp1ep1,8
llama31_70b__rtx_pro_6000_server__empirical,llama31_70b,rtx_pro_6000_server,EMPIRICAL,decode,2.3148,2.30736,1.0032244643228625,2.30736,2.307,0.0001560224672353417,1399.21,49.881,20.048,98.447,1,1,2,1.286,tp8pp1dp1etp1ep1,128,128,1,2.508,tp8pp1dp1etp1ep1,24
llama31_70b__rtx_pro_6000_server__empirical,llama31_70b,rtx_pro_6000_server,EMPIRICAL,prefill,0.9729,1.1178000000000001,0.8703703703703702,0.9729,0.973,0.00010278548668926815,1665.837,54.728,18.272,124.531,1,1,1,1.081,tp4pp1dp1etp1ep1,68,68,1,1.215,tp4pp1dp1etp1ep1,8
llama31_70b__rtx_pro_6000_server__empirical,llama31_70b,rtx_pro_6000_server,EMPIRICAL,prefill,2.3148,2.38096,0.9722128889187555,2.3148,2.315,8.640055296352946e-05,1399.21,54.383,18.388,98.765,1,1,2,1.286,tp8pp1dp1etp1ep1,144,144,1,2.588,tp8pp1dp1etp1ep1,24
llama31_70b__rtx_pro_6000_server__empirical,llama31_70b,rtx_pro_6000_server,EMPIRICAL,decode,0.7785,0.49679999999999996,1.5670289855072463,0.49679999999999996,0.497,0.0004025764895330787,2082.098,54.433,18.371,15.898,1,1,1,0.865,tp2pp1dp1etp1ep1,2,2,15,0.036,tp2pp1dp1etp1ep1,32
llama31_70b__rtx_pro_6000_server__empirical,llama31_70b,rtx_pro_6000_server,EMPIRICAL,prefill,0.9729,1.20612,0.8066361556064072,0.9729,0.973,0.00010278548668926815,1665.837,59.628,16.771,124.531,1,1,1,1.081,tp4pp1dp1etp1ep1,80,80,1,1.311,tp4pp1dp1etp1ep1,8
llama31_70b__rtx_pro_6000_server__empirical,llama31_70b,rtx_pro_6000_server,EMPIRICAL,prefill,2.3148,2.4435200000000004,0.9473218962807751,2.3148,2.315,8.640055296352946e-05,1399.21,58.884,16.983,98.765,1,1,2,1.286,tp8pp1dp1etp1ep1,160,160,1,2.656,tp8pp1dp1etp1ep1,24
llama31_70b__rtx_pro_6000_server__empirical,llama31_70b,rtx_pro_6000_server,EMPIRICAL,decode,1.557,1.5088000000000001,1.0319459172852596,1.5088000000000001,1.509,0.000132555673382659,2082.098,59.608,16.776,64.375,1,1,2,0.865,tp2pp1dp1etp1ep1,10,10,10,0.164,tp2pp1dp1etp1ep1,24
llama31_70b__rtx_pro_6000_server__empirical,llama31_70b,rtx_pro_6000_server,EMPIRICAL,prefill,0.9729,1.28248,0.7586083213773314,0.9729,0.973,0.00010278548668926815,1665.837,64.528,15.497,124.531,1,1,1,1.081,tp4pp1dp1etp1ep1,92,92,1,1.394,tp4pp1dp1etp1ep1,8
llama31_70b__rtx_pro_6000_server__empirical,llama31_70b,rtx_pro_6000_server,EMPIRICAL,prefill,2.3148,2.49688,0.9270769920861235,2.3148,2.315,8.640055296352946e-05,1399.21,63.385,15.777,98.765,1,1,2,1.286,tp8pp1dp1etp1ep1,176,176,1,2.714,tp8pp1dp1etp1ep1,24
llama31_70b__rtx_pro_6000_server__empirical,llama31_70b,rtx_pro_6000_server,EMPIRICAL,decode,2.3354999999999997,2.2521600000000004,1.0370044757033245,2.2521600000000004,2.252,7.104290991785844e-05,2082.098,64.782,15.436,96.092,1,1,3,0.865,tp2pp1dp1etp1ep1,18,18,9,0.272,tp2pp1dp1etp1ep1,24
llama31_70b__rtx_pro_6000_server__empirical,llama31_70b,rtx_pro_6000_server,EMPIRICAL,decode,4.8645,4.04064,1.2038934426229508,4.04064,4.041,8.90947968640072e-05,1665.837,69.429,14.403,129.3,1,1,5,1.081,tp4pp1dp1etp1ep1,104,104,3,1.464,tp4pp1dp1etp1ep1,32
llama31_70b__rtx_pro_6000_server__empirical,llama31_70b,rtx_pro_6000_server,EMPIRICAL,decode,3.8925,3.67356,1.0595988632280404,3.67356,3.674,0.00011977482333207404,2082.098,69.957,14.295,117.554,1,1,5,0.865,tp2pp1dp1etp1ep1,26,26,11,0.363,tp2pp1dp1etp1ep1,32
llama31_70b__rtx_pro_6000_server__empirical,llama31_70b,rtx_pro_6000_server,EMPIRICAL,prefill,2.3148,2.5438,0.9099771994653667,2.3148,2.315,8.640055296352946e-05,1399.21,67.886,14.73,98.765,1,1,2,1.286,tp8pp1dp1etp1ep1,192,192,1,2.765,tp8pp1dp1etp1ep1,24
llama31_70b__rtx_pro_6000_server__empirical,llama31_70b,rtx_pro_6000_server,EMPIRICAL,decode,4.8645,4.211760000000001,1.1549803407601569,4.211760000000001,4.212,5.698330389170031e-05,1665.837,74.329,13.454,134.776,1,1,5,1.081,tp4pp1dp1etp1ep1,116,116,3,1.526,tp4pp1dp1etp1ep1,32
llama31_70b__rtx_pro_6000_server__empirical,llama31_70b,rtx_pro_6000_server,EMPIRICAL,prefill,3.114,3.12064,0.9978722313371616,3.114,3.114,0.0,2082.098,73.838,13.543,132.864,1,1,4,0.865,tp2pp1dp1etp1ep1,32,32,8,0.424,tp2pp1dp1etp1ep1,24
llama31_70b__rtx_pro_6000_server__empirical,llama31_70b,rtx_pro_6000_server,EMPIRICAL,prefill,2.3148,2.6026800000000003,0.8893909354972566,2.3148,2.315,8.640055296352946e-05,1399.21,74.638,13.398,98.765,1,1,2,1.286,tp8pp1dp1etp1ep1,216,216,1,2.829,tp8pp1dp1etp1ep1,24
llama31_70b__rtx_pro_6000_server__empirical,llama31_70b,rtx_pro_6000_server,EMPIRICAL,decode,4.8645,4.35804,1.116212792906903,4.35804,4.358,9.178438013479007e-06,1665.837,79.229,12.622,139.457,1,1,5,1.081,tp4pp1dp1etp1ep1,128,128,3,1.579,tp4pp1dp1etp1ep1,32
llama31_70b__rtx_pro_6000_server__empirical,llama31_70b,rtx_pro_6000_server,EMPIRICAL,prefill,2.3148,2.6367200000000004,0.8779089171394762,2.3148,2.315,8.640055296352946e-05,1399.21,79.14,12.636,98.765,1,1,2,1.286,tp8pp1dp1etp1ep1,232,232,1,2.866,tp8pp1dp1etp1ep1,24
llama31_70b__rtx_pro_6000_server__empirical,llama31_70b,rtx_pro_6000_server,EMPIRICAL,decode,4.8645,4.449120000000001,1.0933622828784118,4.449120000000001,4.449,2.6971625849782907e-05,1665.837,82.496,12.122,142.372,1,1,5,1.081,tp4pp1dp1etp1ep1,136,136,3,1.612,tp4pp1dp1etp1ep1,32
llama31_70b__rtx_pro_6000_server__empirical,llama31_70b,rtx_pro_6000_server,EMPIRICAL,prefill,2.3148,2.66616,0.86821496084256,2.3148,2.315,8.640055296352946e-05,1399.21,83.641,11.956,98.765,1,1,2,1.286,tp8pp1dp1etp1ep1,248,248,1,2.898,tp8pp1dp1etp1ep1,24
llama31_70b__rtx_pro_6000_server__empirical,llama31_70b,rtx_pro_6000_server,EMPIRICAL,decode,4.8645,4.52916,1.0740402193784278,4.52916,4.529,3.532663893529043e-05,1665.837,85.763,11.66,144.933,1,1,5,1.081,tp4pp1dp1etp1ep1,144,144,3,1.641,tp4pp1dp1etp1ep1,32
llama31_70b__rtx_pro_6000_server__empirical,llama31_70b,rtx_pro_6000_server,EMPIRICAL,prefill,2.3148,2.69376,0.8593193157519601,2.3148,2.315,8.640055296352946e-05,1399.21,88.142,11.345,98.765,1,1,2,1.286,tp8pp1dp1etp1ep1,264,264,1,2.928,tp8pp1dp1etp1ep1,24
llama31_70b__rtx_pro_6000_server__empirical,llama31_70b,rtx_pro_6000_server,EMPIRICAL,prefill,2.3148,2.71768,0.8517559094521797,2.3148,2.315,8.640055296352946e-05,1399.21,92.648,10.794,98.765,1,1,2,1.286,tp8pp1dp1etp1ep1,280,280,1,2.954,tp8pp1dp1etp1ep1,24
llama31_70b__rtx_pro_6000_server__empirical,llama31_70b,rtx_pro_6000_server,EMPIRICAL,prefill,2.3148,2.72688,0.8488822390424221,2.3148,2.315,8.640055296352946e-05,1399.21,97.614,10.244,98.765,1,1,2,1.286,tp8pp1dp1etp1ep1,296,296,1,2.964,tp8pp1dp1etp1ep1,24
llama31_70b__rtx_pro_6000_server__empirical,llama31_70b,rtx_pro_6000_server,EMPIRICAL,prefill,2.3148,2.73148,0.8474526630251732,2.3148,2.315,8.640055296352946e-05,1399.21,102.725,9.735,98.765,1,1,2,1.286,tp8pp1dp1etp1ep1,312,312,1,2.969,tp8pp1dp1etp1ep1,24
llama31_70b__rtx_pro_6000_server__empirical,llama31_70b,rtx_pro_6000_server,EMPIRICAL,prefill,2.3148,2.73516,0.8463124643530908,2.3148,2.315,8.640055296352946e-05,1399.21,107.837,9.273,98.765,1,1,2,1.286,tp8pp1dp1etp1ep1,328,328,1,2.973,tp8pp1dp1etp1ep1,24
llama31_70b__rtx_pro_6000_server__empirical,llama31_70b,rtx_pro_6000_server,EMPIRICAL,prefill,2.3148,2.73884,0.8451753297016255,2.3148,2.315,8.640055296352946e-05,1399.21,112.957,8.853,98.765,1,1,2,1.286,tp8pp1dp1etp1ep1,344,344,1,2.977,tp8pp1dp1etp1ep1,24
llama31_70b__rtx_pro_6000_server__empirical,llama31_70b,rtx_pro_6000_server,EMPIRICAL,prefill,2.3148,2.7406800000000002,0.8446079075265992,2.3148,2.315,8.640055296352946e-05,1399.21,118.127,8.465,98.765,1,1,2,1.286,tp8pp1dp1etp1ep1,360,360,1,2.979,tp8pp1dp1etp1ep1,24
llama31_70b__rtx_pro_6000_server__empirical,llama31_70b,rtx_pro_6000_server,EMPIRICAL,prefill,2.3148,2.7416,0.8443244820542749,2.3148,2.315,8.640055296352946e-05,1399.21,123.325,8.109,98.765,1,1,2,1.286,tp8pp1dp1etp1ep1,376,376,1,2.98,tp8pp1dp1etp1ep1,24
llama31_70b__rtx_pro_6000_server__silicon,llama31_70b,rtx_pro_6000_server,SILICON,decode,0.4455,0.10764,4.138795986622074,0.10764,0.108,0.003344481605351163,3635.318,24.762,40.385,3.444,1,1,1,0.495,tp8pp1dp1etp1ep1,1,1,3,0.039,tp8pp1dp1etp1ep1,32
llama31_70b__rtx_pro_6000_server__silicon,llama31_70b,rtx_pro_6000_server,SILICON,decode,0.4455,0.30268,1.471851460288093,0.30268,0.303,0.0010572221488039744,3635.318,29.715,33.653,19.372,1,1,1,0.495,tp8pp1dp1etp1ep1,10,10,1,0.329,tp8pp1dp1etp1ep1,16
llama31_70b__rtx_pro_6000_server__silicon,llama31_70b,rtx_pro_6000_server,SILICON,decode,0.4455,0.4232,1.0526937618147447,0.4232,0.423,0.0004725897920605706,3635.318,34.003,29.409,27.085,1,1,1,0.495,tp8pp1dp1etp1ep1,16,16,1,0.46,tp8pp1dp1etp1ep1,16
llama31_70b__rtx_pro_6000_server__silicon,llama31_70b,rtx_pro_6000_server,SILICON,prefill,0.4455,0.6348,0.7017958412098299,0.4455,0.446,0.00112233445566779,3635.318,39.692,25.194,28.512,1,1,1,0.495,tp8pp1dp1etp1ep1,28,28,1,0.69,tp8pp1dp1etp1ep1,16
llama31_70b__rtx_pro_6000_server__silicon,llama31_70b,rtx_pro_6000_server,SILICON,decode,0.4545,0.33948,1.3388123011664899,0.33948,0.339,0.0014139271827500308,3561.653,39.827,25.108,21.727,1,1,1,0.505,tp4pp1dp1etp1ep1,5,5,3,0.123,tp4pp1dp1etp1ep1,16
llama31_70b__rtx_pro_6000_server__silicon,llama31_70b,rtx_pro_6000_server,SILICON,decode,0.909,0.88688,1.0249413674905286,0.88688,0.887,0.0001353057910878687,3561.653,44.631,22.406,37.84,1,1,2,0.505,tp4pp1dp1etp1ep1,11,11,4,0.241,tp4pp1dp1etp1ep1,24
llama31_70b__rtx_pro_6000_server__silicon,llama31_70b,rtx_pro_6000_server,SILICON,decode,0.891,0.6936800000000001,1.2844539268827124,0.6936800000000001,0.694,0.0004613078076344653,3635.318,41.511,24.09,29.597,1,1,2,0.495,tp8pp1dp1etp1ep1,32,32,1,0.754,tp8pp1dp1etp1ep1,24
llama31_70b__rtx_pro_6000_server__silicon,llama31_70b,rtx_pro_6000_server,SILICON,decode,0.4545,0.3956,1.1488877654196157,0.3956,0.396,0.0010111223458038711,3561.653,49.975,20.01,50.637,1,1,1,0.505,tp4pp1dp1etp1ep1,22,22,1,0.43,tp4pp1dp1etp1ep1,8
llama31_70b__rtx_pro_6000_server__silicon,llama31_70b,rtx_pro_6000_server,SILICON,decode,0.891,0.74888,1.1897767332549942,0.74888,0.749,0.0001602392906740853,3635.318,48.057,20.808,31.952,1,1,2,0.495,tp8pp1dp1etp1ep1,40,40,1,0.814,tp8pp1dp1etp1ep1,24
llama31_70b__rtx_pro_6000_server__silicon,llama31_70b,rtx_pro_6000_server,SILICON,prefill,1.3635000000000002,1.4766000000000001,0.9234051198699715,1.3635000000000002,1.364,0.00036670333700032626,3561.653,54.774,18.257,58.176,1,1,3,0.505,tp4pp1dp1etp1ep1,30,30,3,0.535,tp4pp1dp1etp1ep1,24
llama31_70b__rtx_pro_6000_server__silicon,llama31_70b,rtx_pro_6000_server,SILICON,decode,0.891,0.8086800000000001,1.1017955186229411,0.8086800000000001,0.809,0.00039570658356826794,3635.318,53.367,18.738,34.504,1,1,2,0.495,tp8pp1dp1etp1ep1,48,48,1,0.879,tp8pp1dp1etp1ep1,24
llama31_70b__rtx_pro_6000_server__silicon,llama31_70b,rtx_pro_6000_server,SILICON,prefill,1.3635000000000002,1.5428400000000002,0.8837598195535505,1.3635000000000002,1.364,0.00036670333700032626,3561.653,55.974,17.866,58.176,1,1,3,0.505,tp4pp1dp1etp1ep1,32,32,3,0.559,tp4pp1dp1etp1ep1,24
llama31_70b__rtx_pro_6000_server__silicon,llama31_70b,rtx_pro_6000_server,SILICON,decode,0.891,0.8611200000000001,1.0346989966555182,0.8611200000000001,0.861,0.00013935340022310478,3635.318,58.51,17.091,36.741,1,1,2,0.495,tp8pp1dp1etp1ep1,56,56,1,0.936,tp8pp1dp1etp1ep1,24
llama31_70b__rtx_pro_6000_server__silicon,llama31_70b,rtx_pro_6000_server,SILICON,decode,0.5301,0.42504000000000003,1.247176736307171,0.42504000000000003,0.425,9.410878976105778e-05,3054.908,59.398,16.836,27.203,1,1,1,0.589,tp2pp1dp1etp1ep1,4,4,7,0.066,tp2pp1dp1etp1ep1,16
llama31_70b__rtx_pro_6000_server__silicon,llama31_70b,rtx_pro_6000_server,SILICON,prefill,1.5903,1.6265600000000002,0.9777075545937437,1.5903,1.59,0.00018864365214108468,3054.908,64.511,15.501,50.89,1,1,3,0.589,tp2pp1dp1etp1ep1,9,9,13,0.136,tp2pp1dp1etp1ep1,32
llama31_70b__rtx_pro_6000_server__silicon,llama31_70b,rtx_pro_6000_server,SILICON,prefill,0.891,0.9080400000000001,0.9812343068587286,0.891,0.891,0.0,3635.318,63.376,15.779,38.016,1,1,2,0.495,tp8pp1dp1etp1ep1,64,64,1,0.987,tp8pp1dp1etp1ep1,24
llama31_70b__rtx_pro_6000_server__silicon,llama31_70b,rtx_pro_6000_server,SILICON,prefill,0.5301,0.54924,0.9651518461874592,0.5301,0.53,0.00018864365214108468,3054.908,68.943,14.505,67.853,1,1,1,0.589,tp2pp1dp1etp1ep1,14,14,3,0.199,tp2pp1dp1etp1ep1,8
llama31_70b__rtx_pro_6000_server__silicon,llama31_70b,rtx_pro_6000_server,SILICON,prefill,1.3635000000000002,1.7194800000000001,0.7929722939493336,1.3635000000000002,1.364,0.00036670333700032626,3561.653,69.059,14.48,58.176,1,1,3,0.505,tp4pp1dp1etp1ep1,44,44,3,0.623,tp4pp1dp1etp1ep1,24
llama31_70b__rtx_pro_6000_server__silicon,llama31_70b,rtx_pro_6000_server,SILICON,prefill,0.891,0.9954400000000001,0.8950815719681748,0.891,0.891,0.0,3635.318,68.689,14.558,38.016,1,1,2,0.495,tp8pp1dp1etp1ep1,76,76,1,1.082,tp8pp1dp1etp1ep1,24
llama31_70b__rtx_pro_6000_server__silicon,llama31_70b,rtx_pro_6000_server,SILICON,decode,2.6505,2.24664,1.1797617775878644,2.24664,2.247,0.00016023929067393702,3054.908,70.403,14.204,71.892,1,1,5,0.589,tp2pp1dp1etp1ep1,16,16,11,0.222,tp2pp1dp1etp1ep1,32
llama31_70b__rtx_pro_6000_server__silicon,llama31_70b,rtx_pro_6000_server,SILICON,prefill,1.3635000000000002,1.79952,0.7577020538810351,1.3635000000000002,1.364,0.00036670333700032626,3561.653,72.011,13.887,58.176,1,1,3,0.505,tp4pp1dp1etp1ep1,48,48,3,0.652,tp4pp1dp1etp1ep1,24
llama31_70b__rtx_pro_6000_server__silicon,llama31_70b,rtx_pro_6000_server,SILICON,prefill,0.891,1.03684,0.8593418463793835,0.891,0.891,0.0,3635.318,72.885,13.72,38.016,1,1,2,0.495,tp8pp1dp1etp1ep1,84,84,1,1.127,tp8pp1dp1etp1ep1,24
llama31_70b__rtx_pro_6000_server__silicon,llama31_70b,rtx_pro_6000_server,SILICON,decode,2.6505,2.5300000000000002,1.0476284584980236,2.5300000000000002,2.53,1.7552933195654646e-16,3054.908,78.197,12.788,80.96,1,1,5,0.589,tp2pp1dp1etp1ep1,20,20,11,0.25,tp2pp1dp1etp1ep1,32
llama31_70b__rtx_pro_6000_server__silicon,llama31_70b,rtx_pro_6000_server,SILICON,decode,2.2725,1.9209600000000002,1.183002248875562,1.9209600000000002,1.921,2.0822921872302367e-05,3561.653,78.605,12.722,61.471,1,1,5,0.505,tp4pp1dp1etp1ep1,56,56,3,0.696,tp4pp1dp1etp1ep1,32
llama31_70b__rtx_pro_6000_server__silicon,llama31_70b,rtx_pro_6000_server,SILICON,prefill,0.891,1.0653599999999999,0.83633701284073,0.891,0.891,0.0,3635.318,77.63,12.882,38.016,1,1,2,0.495,tp8pp1dp1etp1ep1,92,92,1,1.158,tp8pp1dp1etp1ep1,24
llama31_70b__rtx_pro_6000_server__silicon,llama31_70b,rtx_pro_6000_server,SILICON,prefill,2.1204,2.23008,0.9508179078777443,2.1204,2.12,0.00018864365214108468,3054.908,83.751,11.94,90.47,1,1,4,0.589,tp2pp1dp1etp1ep1,26,26,8,0.303,tp2pp1dp1etp1ep1,24
llama31_70b__rtx_pro_6000_server__silicon,llama31_70b,rtx_pro_6000_server,SILICON,decode,2.2725,2.0423999999999998,1.1126615746180966,2.0423999999999998,2.042,0.0001958480219349569,3561.653,84.513,11.832,65.357,1,1,5,0.505,tp4pp1dp1etp1ep1,64,64,3,0.74,tp4pp1dp1etp1ep1,32
llama31_70b__rtx_pro_6000_server__silicon,llama31_70b,rtx_pro_6000_server,SILICON,prefill,0.891,1.0791600000000001,0.8256421661292115,0.891,0.891,0.0,3635.318,80.002,12.5,38.016,1,1,2,0.495,tp8pp1dp1etp1ep1,96,96,1,1.173,tp8pp1dp1etp1ep1,24
llama31_70b__rtx_pro_6000_server__silicon,llama31_70b,rtx_pro_6000_server,SILICON,prefill,1.5903,1.61,0.9877639751552795,1.5903,1.59,0.00018864365214108468,3054.908,89.306,11.197,101.779,1,1,3,0.589,tp2pp1dp1etp1ep1,32,32,5,0.35,tp2pp1dp1etp1ep1,16
llama31_70b__rtx_pro_6000_server__silicon,llama31_70b,rtx_pro_6000_server,SILICON,decode,2.2725,2.07828,1.0934522778451412,2.07828,2.078,0.0001347267933098803,3561.653,88.252,11.331,66.505,1,1,5,0.505,tp4pp1dp1etp1ep1,68,68,3,0.753,tp4pp1dp1etp1ep1,32
llama31_70b__rtx_pro_6000_server__silicon,llama31_70b,rtx_pro_6000_server,SILICON,decode,2.2725,2.19696,1.0343838759012454,2.19696,2.197,1.8206976913672554e-05,3561.653,93.328,10.715,70.303,1,1,5,0.505,tp4pp1dp1etp1ep1,76,76,3,0.796,tp4pp1dp1etp1ep1,32
llama31_70b__rtx_pro_6000_server__silicon,llama31_70b,rtx_pro_6000_server,SILICON,prefill,0.891,1.08376,0.8221377426736547,0.891,0.891,0.0,3635.318,92.917,10.762,38.016,1,1,2,0.495,tp8pp1dp1etp1ep1,112,112,1,1.178,tp8pp1dp1etp1ep1,24
llama31_70b__rtx_pro_6000_server__silicon,llama31_70b,rtx_pro_6000_server,SILICON,prefill,2.2725,2.2908,0.9920115243583028,2.2725,2.272,0.0002200220022002935,3561.653,98.973,10.104,72.72,1,1,5,0.505,tp4pp1dp1etp1ep1,84,84,3,0.83,tp4pp1dp1etp1ep1,32
llama31_70b__rtx_pro_6000_server__silicon,llama31_70b,rtx_pro_6000_server,SILICON,prefill,0.891,1.10308,0.8077383326685281,0.891,0.891,0.0,3635.318,97.826,10.222,38.016,1,1,2,0.495,tp8pp1dp1etp1ep1,120,120,1,1.199,tp8pp1dp1etp1ep1,24
llama31_70b__rtx_pro_6000_server__silicon,llama31_70b,rtx_pro_6000_server,SILICON,prefill,2.2725,2.3239199999999998,0.977873592894764,2.2725,2.272,0.0002200220022002935,3561.653,102.106,9.794,72.72,1,1,5,0.505,tp4pp1dp1etp1ep1,88,88,3,0.842,tp4pp1dp1etp1ep1,32
llama31_70b__rtx_pro_6000_server__silicon,llama31_70b,rtx_pro_6000_server,SILICON,prefill,0.891,1.17208,0.7601870179509931,0.891,0.891,0.0,3635.318,104.387,9.58,38.016,1,1,2,0.495,tp8pp1dp1etp1ep1,136,136,1,1.274,tp8pp1dp1etp1ep1,24
llama31_70b__rtx_pro_6000_server__silicon,llama31_70b,rtx_pro_6000_server,SILICON,prefill,2.2725,2.39016,0.9507731699969877,2.2725,2.272,0.0002200220022002935,3561.653,108.371,9.228,72.72,1,1,5,0.505,tp4pp1dp1etp1ep1,96,96,3,0.866,tp4pp1dp1etp1ep1,32
llama31_70b__rtx_pro_6000_server__silicon,llama31_70b,rtx_pro_6000_server,SILICON,prefill,0.891,1.1831200000000002,0.7530935154506727,0.891,0.891,0.0,3635.318,109.45,9.137,38.016,1,1,2,0.495,tp8pp1dp1etp1ep1,144,144,1,1.286,tp8pp1dp1etp1ep1,24
llama31_70b__rtx_pro_6000_server__silicon,llama31_70b,rtx_pro_6000_server,SILICON,prefill,2.2725,2.5392,0.8949669187145557,2.2725,2.272,0.0002200220022002935,3561.653,114.813,8.71,72.72,1,1,5,0.505,tp4pp1dp1etp1ep1,108,108,3,0.92,tp4pp1dp1etp1ep1,32
llama31_70b__rtx_pro_6000_server__silicon,llama31_70b,rtx_pro_6000_server,SILICON,decode,1.3365,1.19416,1.1191967575534265,1.19416,1.194,0.00013398539559201448,3635.318,114.512,8.733,38.213,1,1,3,0.495,tp8pp1dp1etp1ep1,152,152,1,1.298,tp8pp1dp1etp1ep1,32
llama31_70b__rtx_pro_6000_server__silicon,llama31_70b,rtx_pro_6000_server,SILICON,decode,1.818,1.74984,1.0389521327664244,1.74984,1.75,9.143693137654755e-05,3561.653,119.254,8.385,74.66,1,1,4,0.505,tp4pp1dp1etp1ep1,116,116,2,0.951,tp4pp1dp1etp1ep1,24
llama31_70b__rtx_pro_6000_server__silicon,llama31_70b,rtx_pro_6000_server,SILICON,decode,1.3365,1.2033600000000002,1.110640207419226,1.2033600000000002,1.203,0.00029916234543290283,3635.318,119.575,8.363,38.508,1,1,3,0.495,tp8pp1dp1etp1ep1,160,160,1,1.308,tp8pp1dp1etp1ep1,32
llama31_70b__rtx_pro_6000_server__silicon,llama31_70b,rtx_pro_6000_server,SILICON,decode,1.818,1.80136,1.0092374650264244,1.80136,1.801,0.0001998490029756062,3561.653,123.875,8.073,76.858,1,1,4,0.505,tp4pp1dp1etp1ep1,124,124,2,0.979,tp4pp1dp1etp1ep1,24
llama31_70b__rtx_pro_6000_server__silicon,llama31_70b,rtx_pro_6000_server,SILICON,prefill,1.818,1.82528,0.9960115708274895,1.818,1.818,0.0,3561.653,126.185,7.925,77.568,1,1,4,0.505,tp4pp1dp1etp1ep1,128,128,2,0.992,tp4pp1dp1etp1ep1,24
llama31_70b__rtx_pro_6000_server__silicon,llama31_70b,rtx_pro_6000_server,SILICON,prefill,1.818,1.8676,0.9734418505033199,1.818,1.818,0.0,3561.653,130.926,7.638,77.568,1,1,4,0.505,tp4pp1dp1etp1ep1,136,136,2,1.015,tp4pp1dp1etp1ep1,24
llama31_70b__rtx_pro_6000_server__silicon,llama31_70b,rtx_pro_6000_server,SILICON,prefill,1.818,1.90256,0.9555546211420403,1.818,1.818,0.0,3561.653,136.146,7.345,77.568,1,1,4,0.505,tp4pp1dp1etp1ep1,144,144,2,1.034,tp4pp1dp1etp1ep1,24
llama31_70b__rtx_pro_6000_server__silicon,llama31_70b,rtx_pro_6000_server,SILICON,decode,1.3365,1.27604,1.047380959844519,1.27604,1.276,3.134697971853547e-05,3635.318,140.943,7.095,40.833,1,1,3,0.495,tp8pp1dp1etp1ep1,200,200,1,1.387,tp8pp1dp1etp1ep1,32
llama31_70b__rtx_pro_6000_server__silicon,llama31_70b,rtx_pro_6000_server,SILICON,decode,1.3365,1.2852400000000002,1.0398836015063333,1.2852400000000002,1.285,0.00018673555133690204,3635.318,145.523,6.872,41.128,1,1,3,0.495,tp8pp1dp1etp1ep1,208,208,1,1.397,tp8pp1dp1etp1ep1,32
llama31_70b__rtx_pro_6000_server__silicon,llama31_70b,rtx_pro_6000_server,SILICON,decode,1.3365,1.3027199999999999,1.0259303610906412,1.3027199999999999,1.303,0.00021493490542868614,3635.318,154.682,6.465,41.687,1,1,3,0.495,tp8pp1dp1etp1ep1,224,224,1,1.416,tp8pp1dp1etp1ep1,32
llama31_70b__rtx_pro_6000_server__silicon,llama31_70b,rtx_pro_6000_server,SILICON,decode,1.3365,1.30824,1.021601541001651,1.30824,1.308,0.00018345257750872773,3635.318,159.462,6.271,41.864,1,1,3,0.495,tp8pp1dp1etp1ep1,232,232,1,1.422,tp8pp1dp1etp1ep1,32
llama31_70b__rtx_pro_6000_server__silicon,llama31_70b,rtx_pro_6000_server,SILICON,decode,1.3365,1.31468,1.016597194754617,1.31468,1.315,0.0002434052392976815,3635.318,164.192,6.09,42.07,1,1,3,0.495,tp8pp1dp1etp1ep1,240,240,1,1.429,tp8pp1dp1etp1ep1,32
llama31_70b__rtx_pro_6000_server__silicon,llama31_70b,rtx_pro_6000_server,SILICON,decode,1.3365,1.3202,1.0123466141493713,1.3202,1.32,0.0001514921981517785,3635.318,168.923,5.92,42.246,1,1,3,0.495,tp8pp1dp1etp1ep1,248,248,1,1.435,tp8pp1dp1etp1ep1,32
llama31_70b__rtx_pro_6000_server__silicon,llama31_70b,rtx_pro_6000_server,SILICON,decode,1.3365,1.32572,1.008131430467972,1.32572,1.326,0.0002112059861811378,3635.318,173.654,5.759,42.423,1,1,3,0.495,tp8pp1dp1etp1ep1,256,256,1,1.441,tp8pp1dp1etp1ep1,32
llama31_70b__rtx_pro_6000_server__silicon,llama31_70b,rtx_pro_6000_server,SILICON,decode,1.3365,1.32848,1.0060369745874984,1.32848,1.328,0.00036131518728173246,3635.318,249.113,4.014,42.511,1,1,3,0.495,tp8pp1dp1etp1ep1,368,368,1,1.444,tp8pp1dp1etp1ep1,32
llama31_70b__rtx_pro_6000_server__silicon,llama31_70b,rtx_pro_6000_server,SILICON,decode,1.3365,1.33216,1.0032578669228922,1.33216,1.332,0.00012010569300980211,3635.318,253.759,3.941,42.629,1,1,3,0.495,tp8pp1dp1etp1ep1,376,376,1,1.448,tp8pp1dp1etp1ep1,32
qwen3_32b__a100_sxm__analytical,qwen3_32b,a100_sxm,ANALYTICAL,decode,3.9501000000000004,0.68172,5.794314381270904,0.68172,0.682,0.00041072581118356213,410.162,7.925,126.187,21.815,1,1,1,4.389,tp8pp1dp1etp1ep1,2,2,3,0.247,tp8pp1dp1etp1ep1,32
qwen3_32b__a100_sxm__analytical,qwen3_32b,a100_sxm,ANALYTICAL,decode,3.9501000000000004,2.4315599999999997,1.6245126585401968,2.4315599999999997,2.432,0.00018095379098201074,410.162,8.872,112.712,77.81,1,1,1,4.389,tp8pp1dp1etp1ep1,8,8,3,0.881,tp8pp1dp1etp1ep1,32
qwen3_32b__a100_sxm__analytical,qwen3_32b,a100_sxm,ANALYTICAL,prefill,3.9501000000000004,4.0572,0.9736024844720498,3.9501000000000004,3.95,2.531581478955242e-05,410.162,9.975,100.253,126.403,1,1,1,4.389,tp8pp1dp1etp1ep1,15,15,3,1.47,tp8pp1dp1etp1ep1,32
qwen3_32b__a100_sxm__analytical,qwen3_32b,a100_sxm,ANALYTICAL,decode,3.9501000000000004,3.33592,1.1841111297633038,3.33592,3.336,2.3981390440908628e-05,410.162,10.785,92.723,142.333,1,1,1,4.389,tp8pp1dp1etp1ep1,20,20,2,1.813,tp8pp1dp1etp1ep1,24
qwen3_32b__a100_sxm__analytical,qwen3_32b,a100_sxm,ANALYTICAL,prefill,3.9501000000000004,3.97808,0.9929664561798658,3.9501000000000004,3.95,2.531581478955242e-05,410.162,11.757,85.057,168.538,1,1,1,4.389,tp8pp1dp1etp1ep1,26,26,2,2.162,tp8pp1dp1etp1ep1,24
qwen3_32b__a100_sxm__analytical,qwen3_32b,a100_sxm,ANALYTICAL,prefill,3.9501000000000004,4.52088,0.8737458193979935,3.9501000000000004,3.95,2.531581478955242e-05,410.162,12.729,78.562,168.538,1,1,1,4.389,tp8pp1dp1etp1ep1,32,32,2,2.457,tp8pp1dp1etp1ep1,24
qwen3_32b__a100_sxm__analytical,qwen3_32b,a100_sxm,ANALYTICAL,prefill,3.9501000000000004,4.84104,0.8159610331664272,3.9501000000000004,3.95,2.531581478955242e-05,410.162,13.377,74.756,168.538,1,1,1,4.389,tp8pp1dp1etp1ep1,36,36,2,2.631,tp8pp1dp1etp1ep1,24
qwen3_32b__a100_sxm__analytical,qwen3_32b,a100_sxm,ANALYTICAL,decode,2.3733,0.92092,2.577096816227251,0.92092,0.921,8.686965208713028e-05,682.623,13.707,72.956,29.469,1,1,1,2.637,tp4pp1dp1etp1ep1,2,2,7,0.143,tp4pp1dp1etp1ep1,32
qwen3_32b__a100_sxm__analytical,qwen3_32b,a100_sxm,ANALYTICAL,decode,3.9501000000000004,2.69652,1.4648880779671578,2.69652,2.697,0.00017800720929198966,410.162,14.673,68.153,172.577,1,1,1,4.389,tp8pp1dp1etp1ep1,44,44,1,2.931,tp8pp1dp1etp1ep1,16
qwen3_32b__a100_sxm__analytical,qwen3_32b,a100_sxm,ANALYTICAL,decode,2.3733,1.8078,1.3128111516760703,1.8078,1.808,0.00011063170704722755,682.623,14.93,66.98,77.133,1,1,1,2.637,tp4pp1dp1etp1ep1,6,6,5,0.393,tp4pp1dp1etp1ep1,24
qwen3_32b__a100_sxm__analytical,qwen3_32b,a100_sxm,ANALYTICAL,decode,3.9501000000000004,2.92836,1.3489120190140558,2.92836,2.928,0.00012293570462652747,410.162,15.969,62.622,187.415,1,1,1,4.389,tp8pp1dp1etp1ep1,52,52,1,3.183,tp8pp1dp1etp1ep1,16
qwen3_32b__a100_sxm__analytical,qwen3_32b,a100_sxm,ANALYTICAL,prefill,2.3733,2.5622000000000003,0.9262742955272811,2.3733,2.373,0.00012640626975087216,682.623,15.806,63.265,101.261,1,1,1,2.637,tp4pp1dp1etp1ep1,9,9,5,0.557,tp4pp1dp1etp1ep1,24
qwen3_32b__a100_sxm__analytical,qwen3_32b,a100_sxm,ANALYTICAL,decode,3.9501000000000004,3.0304800000000003,1.3034568781183178,3.0304800000000003,3.03,0.00015839074998035953,410.162,16.617,60.18,193.951,1,1,1,4.389,tp8pp1dp1etp1ep1,56,56,1,3.294,tp8pp1dp1etp1ep1,16
qwen3_32b__a100_sxm__analytical,qwen3_32b,a100_sxm,ANALYTICAL,decode,2.3733,1.9347599999999998,1.226663772250822,1.9347599999999998,1.935,0.00012404639335123738,682.623,16.727,59.784,123.825,1,1,1,2.637,tp4pp1dp1etp1ep1,12,12,3,0.701,tp4pp1dp1etp1ep1,16
qwen3_32b__a100_sxm__analytical,qwen3_32b,a100_sxm,ANALYTICAL,decode,3.9501000000000004,3.21356,1.2291975254857541,3.21356,3.214,0.00013691980233752408,410.162,17.913,55.826,205.668,1,1,1,4.389,tp8pp1dp1etp1ep1,64,64,1,3.493,tp8pp1dp1etp1ep1,16
qwen3_32b__a100_sxm__analytical,qwen3_32b,a100_sxm,ANALYTICAL,prefill,2.3733,2.40396,0.9872460440273548,2.3733,2.373,0.00012640626975087216,682.623,17.954,55.697,151.891,1,1,1,2.637,tp4pp1dp1etp1ep1,16,16,3,0.871,tp4pp1dp1etp1ep1,16
qwen3_32b__a100_sxm__analytical,qwen3_32b,a100_sxm,ANALYTICAL,decode,3.9501000000000004,3.29452,1.1989910518072437,3.29452,3.295,0.00014569648992874106,410.162,18.561,53.877,210.849,1,1,1,4.389,tp8pp1dp1etp1ep1,68,68,1,3.581,tp8pp1dp1etp1ep1,16
qwen3_32b__a100_sxm__analytical,qwen3_32b,a100_sxm,ANALYTICAL,prefill,2.3733,2.61648,0.9070583379196477,2.3733,2.373,0.00012640626975087216,682.623,18.568,53.856,151.891,1,1,1,2.637,tp4pp1dp1etp1ep1,18,18,3,0.948,tp4pp1dp1etp1ep1,16
qwen3_32b__a100_sxm__analytical,qwen3_32b,a100_sxm,ANALYTICAL,decode,3.9501000000000004,3.44172,1.1477110282068268,3.44172,3.442,8.135467150147542e-05,410.162,19.857,50.36,220.27,1,1,1,4.389,tp8pp1dp1etp1ep1,76,76,1,3.741,tp8pp1dp1etp1ep1,16
qwen3_32b__a100_sxm__analytical,qwen3_32b,a100_sxm,ANALYTICAL,decode,4.7466,3.9964800000000005,1.1876951717511408,3.9964800000000005,3.996,0.00012010569300996876,682.623,19.795,50.517,170.516,1,1,2,2.637,tp4pp1dp1etp1ep1,22,22,4,1.086,tp4pp1dp1etp1ep1,24
qwen3_32b__a100_sxm__analytical,qwen3_32b,a100_sxm,ANALYTICAL,decode,3.9501000000000004,3.83456,1.0301312275723942,3.83456,3.835,0.00011474589001078973,410.162,24.393,40.995,245.412,1,1,1,4.389,tp8pp1dp1etp1ep1,104,104,1,4.168,tp8pp1dp1etp1ep1,16
qwen3_32b__a100_sxm__analytical,qwen3_32b,a100_sxm,ANALYTICAL,decode,7.1198999999999995,6.720600000000001,1.059414338005535,6.720600000000001,6.721,5.9518495372298264e-05,682.623,24.091,41.51,215.059,1,1,3,2.637,tp4pp1dp1etp1ep1,36,36,5,1.461,tp4pp1dp1etp1ep1,32
qwen3_32b__a100_sxm__analytical,qwen3_32b,a100_sxm,ANALYTICAL,decode,1.3194,0.552,2.3902173913043474,0.552,0.552,0.0,1227.544,24.69,40.502,17.664,1,1,1,1.466,tp2pp1dp1etp1ep1,1,1,15,0.04,tp2pp1dp1etp1ep1,32
qwen3_32b__a100_sxm__analytical,qwen3_32b,a100_sxm,ANALYTICAL,prefill,3.9501000000000004,4.135400000000001,0.95519175895923,3.9501000000000004,3.95,2.531581478955242e-05,410.162,29.577,33.81,252.806,1,1,1,4.389,tp8pp1dp1etp1ep1,136,136,1,4.495,tp8pp1dp1etp1ep1,16
qwen3_32b__a100_sxm__analytical,qwen3_32b,a100_sxm,ANALYTICAL,prefill,7.1198999999999995,8.063799999999999,0.8829460056052978,7.1198999999999995,7.12,1.4045141083534197e-05,682.623,29.0,34.483,227.837,1,1,3,2.637,tp4pp1dp1etp1ep1,52,52,5,1.753,tp4pp1dp1etp1ep1,32
qwen3_32b__a100_sxm__analytical,qwen3_32b,a100_sxm,ANALYTICAL,decode,3.9581999999999997,3.5760400000000003,1.106866813570318,3.5760400000000003,3.576,1.1185557208605622e-05,1227.544,29.414,33.998,114.433,1,1,3,1.466,tp2pp1dp1etp1ep1,9,9,13,0.299,tp2pp1dp1etp1ep1,32
qwen3_32b__a100_sxm__analytical,qwen3_32b,a100_sxm,ANALYTICAL,prefill,3.9501000000000004,4.346080000000001,0.9088880094245849,3.9501000000000004,3.95,2.531581478955242e-05,410.162,34.761,28.768,252.806,1,1,1,4.389,tp8pp1dp1etp1ep1,168,168,1,4.724,tp8pp1dp1etp1ep1,16
qwen3_32b__a100_sxm__analytical,qwen3_32b,a100_sxm,ANALYTICAL,decode,2.3733,1.8032000000000001,1.3161601597160602,1.8032000000000001,1.803,0.0001109139307898181,682.623,33.909,29.49,230.81,1,1,1,2.637,tp4pp1dp1etp1ep1,68,68,1,1.96,tp4pp1dp1etp1ep1,8
qwen3_32b__a100_sxm__analytical,qwen3_32b,a100_sxm,ANALYTICAL,prefill,1.3194,1.39656,0.9447499570372916,1.3194,1.319,0.0003031681067151402,1227.544,34.782,28.75,168.883,1,1,1,1.466,tp2pp1dp1etp1ep1,18,18,3,0.506,tp2pp1dp1etp1ep1,8
qwen3_32b__a100_sxm__analytical,qwen3_32b,a100_sxm,ANALYTICAL,prefill,3.9501000000000004,4.50248,0.8773165011282671,3.9501000000000004,3.95,2.531581478955242e-05,410.162,39.945,25.034,252.806,1,1,1,4.389,tp8pp1dp1etp1ep1,200,200,1,4.894,tp8pp1dp1etp1ep1,16
qwen3_32b__a100_sxm__analytical,qwen3_32b,a100_sxm,ANALYTICAL,decode,2.3733,1.9458000000000002,1.2197039777983347,1.9458000000000002,1.946,0.00010278548668915402,682.623,38.819,25.761,249.062,1,1,1,2.637,tp4pp1dp1etp1ep1,84,84,1,2.115,tp4pp1dp1etp1ep1,8
qwen3_32b__a100_sxm__analytical,qwen3_32b,a100_sxm,ANALYTICAL,decode,6.597,6.507160000000001,1.013806330257747,6.507160000000001,6.507,2.458829965776901e-05,1227.544,39.554,25.282,208.229,1,1,5,1.466,tp2pp1dp1etp1ep1,26,26,11,0.643,tp2pp1dp1etp1ep1,32
qwen3_32b__a100_sxm__analytical,qwen3_32b,a100_sxm,ANALYTICAL,decode,2.3733,2.0801200000000004,1.1409437917043246,2.0801200000000004,2.08,5.768897948211739e-05,682.623,44.955,22.244,266.255,1,1,1,2.637,tp4pp1dp1etp1ep1,104,104,1,2.261,tp4pp1dp1etp1ep1,8
qwen3_32b__a100_sxm__analytical,qwen3_32b,a100_sxm,ANALYTICAL,prefill,3.9501000000000004,4.595400000000001,0.8595769682726204,3.9501000000000004,3.95,2.531581478955242e-05,410.162,43.833,22.814,252.806,1,1,1,4.389,tp8pp1dp1etp1ep1,224,224,1,4.995,tp8pp1dp1etp1ep1,16
qwen3_32b__a100_sxm__analytical,qwen3_32b,a100_sxm,ANALYTICAL,prefill,5.2776,5.336,0.9890554722638679,5.2776,5.278,7.579202667878504e-05,1227.544,43.133,23.184,225.178,1,1,4,1.466,tp2pp1dp1etp1ep1,32,32,8,0.725,tp2pp1dp1etp1ep1,24
qwen3_32b__a100_sxm__analytical,qwen3_32b,a100_sxm,ANALYTICAL,decode,2.3733,2.16384,1.096800133096717,2.16384,2.164,7.394262052654541e-05,682.623,49.865,20.054,276.972,1,1,1,2.637,tp4pp1dp1etp1ep1,120,120,1,2.352,tp4pp1dp1etp1ep1,8
qwen3_32b__a100_sxm__analytical,qwen3_32b,a100_sxm,ANALYTICAL,prefill,3.9501000000000004,4.696600000000001,0.8410552314440233,3.9501000000000004,3.95,2.531581478955242e-05,410.162,49.018,20.401,252.806,1,1,1,4.389,tp8pp1dp1etp1ep1,256,256,1,5.105,tp8pp1dp1etp1ep1,16
qwen3_32b__a100_sxm__analytical,qwen3_32b,a100_sxm,ANALYTICAL,decode,3.9581999999999997,3.7536,1.054507672634271,3.7536,3.754,0.0001065643648763736,1227.544,47.905,20.875,240.23,1,1,3,1.466,tp2pp1dp1etp1ep1,40,40,5,0.816,tp2pp1dp1etp1ep1,16
qwen3_32b__a100_sxm__analytical,qwen3_32b,a100_sxm,ANALYTICAL,decode,1.3986,1.19416,1.1711998392175251,1.19416,1.194,0.00013398539559201448,2317.387,49.574,20.172,50.951,1,1,2,0.777,tp1pp1dp1etp1ep1,3,3,22,0.059,tp1pp1dp1etp1ep1,24
qwen3_32b__a100_sxm__analytical,qwen3_32b,a100_sxm,ANALYTICAL,decode,7.1198999999999995,6.698520000000001,1.0629064330628255,6.698520000000001,6.699,7.165761989196175e-05,682.623,54.774,18.257,285.804,1,1,3,2.637,tp4pp1dp1etp1ep1,136,136,3,2.427,tp4pp1dp1etp1ep1,24
qwen3_32b__a100_sxm__analytical,qwen3_32b,a100_sxm,ANALYTICAL,prefill,3.9581999999999997,4.0986,0.965744400527009,3.9581999999999997,3.958,5.0528017785744504e-05,1227.544,52.677,18.984,253.325,1,1,3,1.466,tp2pp1dp1etp1ep1,48,48,5,0.891,tp2pp1dp1etp1ep1,16
qwen3_32b__a100_sxm__analytical,qwen3_32b,a100_sxm,ANALYTICAL,prefill,3.9501000000000004,4.77848,0.8266436188913631,3.9501000000000004,3.95,2.531581478955242e-05,410.162,54.202,18.45,252.806,1,1,1,4.389,tp8pp1dp1etp1ep1,288,288,1,5.194,tp8pp1dp1etp1ep1,16
qwen3_32b__a100_sxm__analytical,qwen3_32b,a100_sxm,ANALYTICAL,decode,3.4965,3.12984,1.1171497584541064,3.12984,3.13,5.112082406759321e-05,2317.387,54.277,18.424,100.155,1,1,5,0.777,tp1pp1dp1etp1ep1,7,7,27,0.126,tp1pp1dp1etp1ep1,32
qwen3_32b__a100_sxm__analytical,qwen3_32b,a100_sxm,ANALYTICAL,decode,2.3733,2.2908000000000004,1.0360136196961758,2.2908000000000004,2.291,8.730574471779896e-05,682.623,59.683,16.755,293.222,1,1,1,2.637,tp4pp1dp1etp1ep1,152,152,1,2.49,tp4pp1dp1etp1ep1,8
qwen3_32b__a100_sxm__analytical,qwen3_32b,a100_sxm,ANALYTICAL,decode,6.597,6.3111999999999995,1.045284573456712,6.3111999999999995,6.311,3.168969451127106e-05,1227.544,59.834,16.713,269.278,1,1,5,1.466,tp2pp1dp1etp1ep1,60,60,7,0.98,tp2pp1dp1etp1ep1,24
qwen3_32b__a100_sxm__analytical,qwen3_32b,a100_sxm,ANALYTICAL,prefill,3.9501000000000004,4.84564,0.8151864356411125,3.9501000000000004,3.95,2.531581478955242e-05,410.162,59.386,16.839,252.806,1,1,1,4.389,tp8pp1dp1etp1ep1,320,320,1,5.267,tp8pp1dp1etp1ep1,16
qwen3_32b__a100_sxm__analytical,qwen3_32b,a100_sxm,ANALYTICAL,decode,3.4965,3.1813599999999997,1.0990582643900724,3.1813599999999997,3.181,0.00011315915206065768,2317.387,58.98,16.955,135.738,1,1,5,0.777,tp1pp1dp1etp1ep1,11,11,19,0.182,tp1pp1dp1etp1ep1,24
qwen3_32b__a100_sxm__analytical,qwen3_32b,a100_sxm,ANALYTICAL,decode,2.3733,2.33864,1.0148205794820921,2.33864,2.339,0.00015393562070268961,682.623,64.592,15.482,299.346,1,1,1,2.637,tp4pp1dp1etp1ep1,168,168,1,2.542,tp4pp1dp1etp1ep1,8
qwen3_32b__a100_sxm__analytical,qwen3_32b,a100_sxm,ANALYTICAL,prefill,6.597,6.62676,0.9955091175778209,6.597,6.597,0.0,1227.544,64.606,15.478,281.472,1,1,5,1.466,tp2pp1dp1etp1ep1,68,68,7,1.029,tp2pp1dp1etp1ep1,24
qwen3_32b__a100_sxm__analytical,qwen3_32b,a100_sxm,ANALYTICAL,prefill,3.9501000000000004,4.90268,0.8057021873750684,3.9501000000000004,3.95,2.531581478955242e-05,410.162,64.57,15.487,252.806,1,1,1,4.389,tp8pp1dp1etp1ep1,352,352,1,5.329,tp8pp1dp1etp1ep1,16
qwen3_32b__a100_sxm__analytical,qwen3_32b,a100_sxm,ANALYTICAL,prefill,2.3733,2.38096,0.996782810295007,2.3733,2.373,0.00012640626975087216,682.623,69.502,14.388,303.782,1,1,1,2.637,tp4pp1dp1etp1ep1,184,184,1,2.588,tp4pp1dp1etp1ep1,8
qwen3_32b__a100_sxm__analytical,qwen3_32b,a100_sxm,ANALYTICAL,prefill,3.9501000000000004,4.95052,0.7979161785024604,3.9501000000000004,3.95,2.531581478955242e-05,410.162,69.754,14.336,252.806,1,1,1,4.389,tp8pp1dp1etp1ep1,384,384,1,5.381,tp8pp1dp1etp1ep1,16
qwen3_32b__a100_sxm__analytical,qwen3_32b,a100_sxm,ANALYTICAL,prefill,2.3733,2.39936,0.989138770338757,2.3733,2.373,0.00012640626975087216,682.623,71.956,13.897,303.782,1,1,1,2.637,tp4pp1dp1etp1ep1,192,192,1,2.608,tp4pp1dp1etp1ep1,8
qwen3_32b__a100_sxm__analytical,qwen3_32b,a100_sxm,ANALYTICAL,prefill,3.9501000000000004,4.99192,0.7912987387618392,3.9501000000000004,3.95,2.531581478955242e-05,410.162,74.938,13.344,252.806,1,1,1,4.389,tp8pp1dp1etp1ep1,416,416,1,5.426,tp8pp1dp1etp1ep1,16
qwen3_32b__a100_sxm__analytical,qwen3_32b,a100_sxm,ANALYTICAL,prefill,3.9501000000000004,5.01124,0.7882480184545143,3.9501000000000004,3.95,2.531581478955242e-05,410.162,77.53,12.898,252.806,1,1,1,4.389,tp8pp1dp1etp1ep1,432,432,1,5.447,tp8pp1dp1etp1ep1,16
qwen3_32b__a100_sxm__empirical,qwen3_32b,a100_sxm,EMPIRICAL,decode,4.1166,3.4803599999999997,1.182808674964659,3.4803599999999997,3.48,0.00010343757542314414,393.489,6.975,143.377,111.372,1,1,1,4.574,tp8pp1dp1etp1ep1,9,9,3,1.261,tp8pp1dp1etp1ep1,32
qwen3_32b__a100_sxm__empirical,qwen3_32b,a100_sxm,EMPIRICAL,decode,4.1166,3.6910399999999997,1.1152954180935455,3.6910399999999997,3.691,1.0837054055176308e-05,393.489,7.795,128.28,157.484,1,1,1,4.574,tp8pp1dp1etp1ep1,16,16,2,2.006,tp8pp1dp1etp1ep1,24
qwen3_32b__a100_sxm__empirical,qwen3_32b,a100_sxm,EMPIRICAL,prefill,4.1166,5.2145600000000005,0.7894434046209076,4.1166,4.117,9.716756546663653e-05,393.489,8.968,111.507,175.642,1,1,1,4.574,tp8pp1dp1etp1ep1,26,26,2,2.834,tp8pp1dp1etp1ep1,24
qwen3_32b__a100_sxm__empirical,qwen3_32b,a100_sxm,EMPIRICAL,decode,4.1166,2.97528,1.3836008711785108,2.97528,2.975,9.410878976098316e-05,393.489,9.672,103.396,190.418,1,1,1,4.574,tp8pp1dp1etp1ep1,32,32,1,3.234,tp8pp1dp1etp1ep1,16
qwen3_32b__a100_sxm__empirical,qwen3_32b,a100_sxm,EMPIRICAL,decode,4.1166,3.3902,1.2142646451536783,3.3902,3.39,5.89935697008961e-05,393.489,10.61,94.254,216.973,1,1,1,4.574,tp8pp1dp1etp1ep1,40,40,1,3.685,tp8pp1dp1etp1ep1,16
qwen3_32b__a100_sxm__empirical,qwen3_32b,a100_sxm,EMPIRICAL,decode,4.1166,3.7379599999999997,1.1012958940170576,3.7379599999999997,3.738,1.0701024088075328e-05,393.489,11.548,86.597,239.229,1,1,1,4.574,tp8pp1dp1etp1ep1,48,48,1,4.063,tp8pp1dp1etp1ep1,16
qwen3_32b__a100_sxm__empirical,qwen3_32b,a100_sxm,EMPIRICAL,decode,2.4345000000000003,1.59068,1.5304775316216965,1.59068,1.591,0.00020117182588570668,665.422,11.866,84.278,50.902,1,1,1,2.705,tp4pp1dp1etp1ep1,3,3,7,0.247,tp4pp1dp1etp1ep1,32
qwen3_32b__a100_sxm__empirical,qwen3_32b,a100_sxm,EMPIRICAL,prefill,4.1166,4.16484,0.9884173221540323,4.1166,4.117,9.716756546663653e-05,393.489,12.955,77.191,263.462,1,1,1,4.574,tp8pp1dp1etp1ep1,60,60,1,4.527,tp8pp1dp1etp1ep1,16
qwen3_32b__a100_sxm__empirical,qwen3_32b,a100_sxm,EMPIRICAL,decode,2.4345000000000003,1.6670399999999999,1.4603728764756698,1.6670399999999999,1.667,2.3994625203845117e-05,665.422,12.953,77.205,106.691,1,1,1,2.705,tp4pp1dp1etp1ep1,8,8,3,0.604,tp4pp1dp1etp1ep1,16
qwen3_32b__a100_sxm__empirical,qwen3_32b,a100_sxm,EMPIRICAL,prefill,4.1166,4.402200000000001,0.9351233474172004,4.1166,4.117,9.716756546663653e-05,393.489,13.893,71.979,263.462,1,1,1,4.574,tp8pp1dp1etp1ep1,68,68,1,4.785,tp8pp1dp1etp1ep1,16
qwen3_32b__a100_sxm__empirical,qwen3_32b,a100_sxm,EMPIRICAL,decode,2.4345000000000003,2.3432399999999998,1.0389460746658474,2.3432399999999998,2.343,0.00010242228708958364,665.422,13.822,72.347,149.967,1,1,1,2.705,tp4pp1dp1etp1ep1,12,12,3,0.849,tp4pp1dp1etp1ep1,16
qwen3_32b__a100_sxm__empirical,qwen3_32b,a100_sxm,EMPIRICAL,prefill,4.1166,4.608280000000001,0.8933050943085055,4.1166,4.117,9.716756546663653e-05,393.489,14.831,67.427,263.462,1,1,1,4.574,tp8pp1dp1etp1ep1,76,76,1,5.009,tp8pp1dp1etp1ep1,16
qwen3_32b__a100_sxm__empirical,qwen3_32b,a100_sxm,EMPIRICAL,decode,4.869000000000001,3.9192,1.242345376607471,3.9192,3.919,5.103082261685496e-05,665.422,14.692,68.065,167.219,1,1,2,2.705,tp4pp1dp1etp1ep1,16,16,4,1.065,tp4pp1dp1etp1ep1,24
qwen3_32b__a100_sxm__empirical,qwen3_32b,a100_sxm,EMPIRICAL,prefill,4.1166,4.79044,0.8593365118861732,4.1166,4.117,9.716756546663653e-05,393.489,15.769,63.415,263.462,1,1,1,4.574,tp8pp1dp1etp1ep1,84,84,1,5.207,tp8pp1dp1etp1ep1,16
qwen3_32b__a100_sxm__empirical,qwen3_32b,a100_sxm,EMPIRICAL,prefill,4.869000000000001,4.94592,0.9844477872670808,4.869000000000001,4.869,1.8241495578150033e-16,665.422,15.996,62.515,207.744,1,1,2,2.705,tp4pp1dp1etp1ep1,22,22,4,1.344,tp4pp1dp1etp1ep1,24
qwen3_32b__a100_sxm__empirical,qwen3_32b,a100_sxm,EMPIRICAL,prefill,4.1166,4.9523600000000005,0.8312400552463874,4.1166,4.117,9.716756546663653e-05,393.489,16.707,59.855,263.462,1,1,1,4.574,tp8pp1dp1etp1ep1,92,92,1,5.383,tp8pp1dp1etp1ep1,16
qwen3_32b__a100_sxm__empirical,qwen3_32b,a100_sxm,EMPIRICAL,decode,7.3035000000000005,6.9322,1.0535616398834426,6.9322,6.932,2.885086985365885e-05,665.422,16.866,59.291,221.83,1,1,3,2.705,tp4pp1dp1etp1ep1,26,26,5,1.507,tp4pp1dp1etp1ep1,32
qwen3_32b__a100_sxm__empirical,qwen3_32b,a100_sxm,EMPIRICAL,prefill,4.1166,5.0968,0.8076832522366976,4.1166,4.117,9.716756546663653e-05,393.489,17.645,56.673,263.462,1,1,1,4.574,tp8pp1dp1etp1ep1,100,100,1,5.54,tp8pp1dp1etp1ep1,16
qwen3_32b__a100_sxm__empirical,qwen3_32b,a100_sxm,EMPIRICAL,prefill,7.3035000000000005,7.603800000000001,0.9605065888108577,7.3035000000000005,7.304,6.846032724032626e-05,665.422,17.736,56.384,233.712,1,1,3,2.705,tp4pp1dp1etp1ep1,30,30,5,1.653,tp4pp1dp1etp1ep1,32
qwen3_32b__a100_sxm__empirical,qwen3_32b,a100_sxm,EMPIRICAL,prefill,4.1166,5.22652,0.7876368979741779,4.1166,4.117,9.716756546663653e-05,393.489,18.583,53.812,263.462,1,1,1,4.574,tp8pp1dp1etp1ep1,108,108,1,5.681,tp8pp1dp1etp1ep1,16
qwen3_32b__a100_sxm__empirical,qwen3_32b,a100_sxm,EMPIRICAL,prefill,7.3035000000000005,7.9212,0.9220193910013635,7.3035000000000005,7.304,6.846032724032626e-05,665.422,18.17,55.035,233.712,1,1,3,2.705,tp4pp1dp1etp1ep1,32,32,5,1.722,tp4pp1dp1etp1ep1,32
qwen3_32b__a100_sxm__empirical,qwen3_32b,a100_sxm,EMPIRICAL,prefill,4.1166,5.398560000000001,0.7625366764470525,4.1166,4.117,9.716756546663653e-05,393.489,19.99,50.024,263.462,1,1,1,4.574,tp8pp1dp1etp1ep1,120,120,1,5.868,tp8pp1dp1etp1ep1,16
qwen3_32b__a100_sxm__empirical,qwen3_32b,a100_sxm,EMPIRICAL,prefill,7.3035000000000005,9.034400000000002,0.8084100770388736,7.3035000000000005,7.304,6.846032724032626e-05,665.422,19.91,50.227,233.712,1,1,3,2.705,tp4pp1dp1etp1ep1,40,40,5,1.964,tp4pp1dp1etp1ep1,32
qwen3_32b__a100_sxm__empirical,qwen3_32b,a100_sxm,EMPIRICAL,decode,2.4345000000000003,2.2245600000000003,1.0943737188477722,2.2245600000000003,2.225,0.00019779192289701058,665.422,24.258,41.224,284.744,1,1,1,2.705,tp4pp1dp1etp1ep1,60,60,1,2.418,tp4pp1dp1etp1ep1,8
qwen3_32b__a100_sxm__empirical,qwen3_32b,a100_sxm,EMPIRICAL,prefill,4.1166,5.83004,0.7061015018764879,4.1166,4.117,9.716756546663653e-05,393.489,24.681,40.516,263.462,1,1,1,4.574,tp8pp1dp1etp1ep1,160,160,1,6.337,tp8pp1dp1etp1ep1,16
qwen3_32b__a100_sxm__empirical,qwen3_32b,a100_sxm,EMPIRICAL,decode,2.6784,2.5484000000000004,1.0510123999372152,2.5484000000000004,2.548,0.00015696123057620467,1209.285,24.725,40.445,108.732,1,1,2,1.488,tp2pp1dp1etp1ep1,7,7,10,0.277,tp2pp1dp1etp1ep1,24
qwen3_32b__a100_sxm__empirical,qwen3_32b,a100_sxm,EMPIRICAL,prefill,2.4345000000000003,2.56312,0.9498189706295453,2.4345000000000003,2.435,0.00020538098172097878,665.422,29.476,33.926,311.616,1,1,1,2.705,tp4pp1dp1etp1ep1,84,84,1,2.786,tp4pp1dp1etp1ep1,8
qwen3_32b__a100_sxm__empirical,qwen3_32b,a100_sxm,EMPIRICAL,prefill,4.1166,5.90364,0.6972986157692542,4.1166,4.117,9.716756546663653e-05,393.489,29.249,34.19,263.462,1,1,1,4.574,tp8pp1dp1etp1ep1,192,192,1,6.417,tp8pp1dp1etp1ep1,16
qwen3_32b__a100_sxm__empirical,qwen3_32b,a100_sxm,EMPIRICAL,decode,6.696,6.072,1.1027667984189722,6.072,6.072,0.0,1209.285,29.32,34.106,194.304,1,1,5,1.488,tp2pp1dp1etp1ep1,18,18,11,0.6,tp2pp1dp1etp1ep1,32
qwen3_32b__a100_sxm__empirical,qwen3_32b,a100_sxm,EMPIRICAL,prefill,2.4345000000000003,2.79956,0.8696009372901456,2.4345000000000003,2.435,0.00020538098172097878,665.422,34.693,28.824,311.616,1,1,1,2.705,tp4pp1dp1etp1ep1,108,108,1,3.043,tp4pp1dp1etp1ep1,8
qwen3_32b__a100_sxm__empirical,qwen3_32b,a100_sxm,EMPIRICAL,prefill,4.1166,5.92112,0.6952400897127571,4.1166,4.117,9.716756546663653e-05,393.489,34.019,29.395,263.462,1,1,1,4.574,tp8pp1dp1etp1ep1,224,224,1,6.436,tp8pp1dp1etp1ep1,16
qwen3_32b__a100_sxm__empirical,qwen3_32b,a100_sxm,EMPIRICAL,decode,4.017600000000001,3.9284,1.022706445372162,3.9284,3.928,0.00010182262498726096,1209.285,34.332,29.127,251.418,1,1,3,1.488,tp2pp1dp1etp1ep1,30,30,5,0.854,tp2pp1dp1etp1ep1,16
qwen3_32b__a100_sxm__empirical,qwen3_32b,a100_sxm,EMPIRICAL,prefill,2.4345000000000003,2.9486000000000003,0.8256460693210337,2.4345000000000003,2.435,0.00020538098172097878,665.422,39.042,25.614,311.616,1,1,1,2.705,tp4pp1dp1etp1ep1,128,128,1,3.205,tp4pp1dp1etp1ep1,8
qwen3_32b__a100_sxm__empirical,qwen3_32b,a100_sxm,EMPIRICAL,decode,6.696,6.5366,1.0243857663005231,6.5366,6.537,6.119389284948688e-05,1209.285,38.51,25.968,278.895,1,1,5,1.488,tp2pp1dp1etp1ep1,40,40,7,1.015,tp2pp1dp1etp1ep1,24
qwen3_32b__a100_sxm__empirical,qwen3_32b,a100_sxm,EMPIRICAL,prefill,4.1166,5.93768,0.6933010872933536,4.1166,4.117,9.716756546663653e-05,393.489,39.982,25.011,263.462,1,1,1,4.574,tp8pp1dp1etp1ep1,264,264,1,6.454,tp8pp1dp1etp1ep1,16
qwen3_32b__a100_sxm__empirical,qwen3_32b,a100_sxm,EMPIRICAL,prefill,2.4345000000000003,3.0884400000000003,0.788262035202238,2.4345000000000003,2.435,0.00020538098172097878,665.422,44.259,22.594,311.616,1,1,1,2.705,tp4pp1dp1etp1ep1,152,152,1,3.357,tp4pp1dp1etp1ep1,8
qwen3_32b__a100_sxm__empirical,qwen3_32b,a100_sxm,EMPIRICAL,prefill,9.374400000000001,9.67104,0.9693269803454438,9.374400000000001,9.374,4.2669397508197224e-05,1209.285,43.522,22.977,299.981,1,1,7,1.488,tp2pp1dp1etp1ep1,52,52,9,1.168,tp2pp1dp1etp1ep1,32
qwen3_32b__a100_sxm__empirical,qwen3_32b,a100_sxm,EMPIRICAL,prefill,4.1166,5.9478,0.6921214566730556,4.1166,4.117,9.716756546663653e-05,393.489,44.753,22.345,263.462,1,1,1,4.574,tp8pp1dp1etp1ep1,296,296,1,6.465,tp8pp1dp1etp1ep1,16
qwen3_32b__a100_sxm__empirical,qwen3_32b,a100_sxm,EMPIRICAL,decode,0.7056,0.6072,1.1620553359683796,0.6072,0.607,0.0003293807641633366,2297.012,44.614,22.415,38.861,1,1,1,0.784,tp1pp1dp1etp1ep1,2,2,15,0.044,tp1pp1dp1etp1ep1,16
qwen3_32b__a100_sxm__empirical,qwen3_32b,a100_sxm,EMPIRICAL,prefill,2.4345000000000003,3.1381200000000002,0.7757829528507515,2.4345000000000003,2.435,0.00020538098172097878,665.422,48.15,20.768,311.616,1,1,1,2.705,tp4pp1dp1etp1ep1,168,168,1,3.411,tp4pp1dp1etp1ep1,8
qwen3_32b__a100_sxm__empirical,qwen3_32b,a100_sxm,EMPIRICAL,decode,1.3392,1.18588,1.1292879549364185,1.18588,1.186,0.00010119067696554285,1209.285,48.535,20.604,303.585,1,1,1,1.488,tp2pp1dp1etp1ep1,64,64,1,1.289,tp2pp1dp1etp1ep1,4
qwen3_32b__a100_sxm__empirical,qwen3_32b,a100_sxm,EMPIRICAL,prefill,4.1166,5.95608,0.6911592859733248,4.1166,4.117,9.716756546663653e-05,393.489,49.523,20.192,263.462,1,1,1,4.574,tp8pp1dp1etp1ep1,328,328,1,6.474,tp8pp1dp1etp1ep1,16
qwen3_32b__a100_sxm__empirical,qwen3_32b,a100_sxm,EMPIRICAL,decode,2.1168000000000005,1.88968,1.1201896617416707,1.88968,1.89,0.00016934084077720882,2297.012,49.524,20.192,120.94,1,1,3,0.784,tp1pp1dp1etp1ep1,8,8,13,0.158,tp1pp1dp1etp1ep1,16
qwen3_32b__a100_sxm__empirical,qwen3_32b,a100_sxm,EMPIRICAL,decode,8.035200000000001,7.308480000000001,1.099435176671483,7.308480000000001,7.308,6.567713122309538e-05,1209.285,50.205,19.918,311.828,1,1,6,1.488,tp2pp1dp1etp1ep1,68,68,6,1.324,tp2pp1dp1etp1ep1,24
qwen3_32b__a100_sxm__empirical,qwen3_32b,a100_sxm,EMPIRICAL,prefill,2.4345000000000003,3.14364,0.7744207351986869,2.4345000000000003,2.435,0.00020538098172097878,665.422,54.922,18.208,311.616,1,1,1,2.705,tp4pp1dp1etp1ep1,192,192,1,3.417,tp4pp1dp1etp1ep1,8
qwen3_32b__a100_sxm__empirical,qwen3_32b,a100_sxm,EMPIRICAL,prefill,4.1166,5.9625200000000005,0.6904127784896319,4.1166,4.117,9.716756546663653e-05,393.489,54.294,18.418,263.462,1,1,1,4.574,tp8pp1dp1etp1ep1,360,360,1,6.481,tp8pp1dp1etp1ep1,16
qwen3_32b__a100_sxm__empirical,qwen3_32b,a100_sxm,EMPIRICAL,decode,4.9392000000000005,4.761,1.037429111531191,4.761,4.761,0.0,2297.012,51.979,19.239,152.352,1,1,7,0.784,tp1pp1dp1etp1ep1,11,11,25,0.207,tp1pp1dp1etp1ep1,32
qwen3_32b__a100_sxm__empirical,qwen3_32b,a100_sxm,EMPIRICAL,prefill,4.1166,5.968960000000001,0.6896678818420628,4.1166,4.117,9.716756546663653e-05,393.489,59.065,16.931,263.462,1,1,1,4.574,tp8pp1dp1etp1ep1,392,392,1,6.488,tp8pp1dp1etp1ep1,16
qwen3_32b__a100_sxm__empirical,qwen3_32b,a100_sxm,EMPIRICAL,prefill,4.1166,5.973560000000001,0.6891367961483603,4.1166,4.117,9.716756546663653e-05,393.489,63.835,15.665,263.462,1,1,1,4.574,tp8pp1dp1etp1ep1,424,424,1,6.493,tp8pp1dp1etp1ep1,16
qwen3_32b__a100_sxm__empirical,qwen3_32b,a100_sxm,EMPIRICAL,prefill,4.1166,5.97448,0.6890306771467978,4.1166,4.117,9.716756546663653e-05,393.489,65.028,15.378,263.462,1,1,1,4.574,tp8pp1dp1etp1ep1,432,432,1,6.494,tp8pp1dp1etp1ep1,16
qwen3_32b__a100_sxm__silicon,qwen3_32b,a100_sxm,SILICON,decode,3.5469,0.9880799999999998,3.5896890940004864,0.9880799999999998,0.988,8.096510404001495e-05,456.709,10.915,91.615,31.619,1,1,1,3.941,tp8pp1dp1etp1ep1,4,4,3,0.358,tp8pp1dp1etp1ep1,32
qwen3_32b__a100_sxm__silicon,qwen3_32b,a100_sxm,SILICON,decode,3.5469,2.0286,1.7484472049689441,2.0286,2.029,0.00019718032140390217,456.709,11.971,83.537,64.915,1,1,1,3.941,tp8pp1dp1etp1ep1,9,9,3,0.735,tp8pp1dp1etp1ep1,32
qwen3_32b__a100_sxm__silicon,qwen3_32b,a100_sxm,SILICON,decode,3.5469,2.72412,1.3020351526364478,2.72412,2.724,4.40509228667966e-05,456.709,12.879,77.647,87.172,1,1,1,3.941,tp8pp1dp1etp1ep1,13,13,3,0.987,tp8pp1dp1etp1ep1,32
qwen3_32b__a100_sxm__silicon,qwen3_32b,a100_sxm,SILICON,decode,3.5469,3.1795199999999997,1.1155457427536233,3.1795199999999997,3.18,0.00015096618357503022,456.709,13.574,73.671,101.745,1,1,1,3.941,tp8pp1dp1etp1ep1,16,16,3,1.152,tp8pp1dp1etp1ep1,32
qwen3_32b__a100_sxm__silicon,qwen3_32b,a100_sxm,SILICON,prefill,3.5469,3.96336,0.8949224900084776,3.5469,3.547,2.8193633877529966e-05,456.709,14.975,66.777,113.501,1,1,1,3.941,tp8pp1dp1etp1ep1,22,22,3,1.436,tp8pp1dp1etp1ep1,32
qwen3_32b__a100_sxm__silicon,qwen3_32b,a100_sxm,SILICON,decode,3.5469,2.95136,1.201784939824352,2.95136,2.951,0.00012197766453436313,456.709,15.848,63.099,125.925,1,1,1,3.941,tp8pp1dp1etp1ep1,26,26,2,1.604,tp8pp1dp1etp1ep1,24
qwen3_32b__a100_sxm__silicon,qwen3_32b,a100_sxm,SILICON,decode,3.5469,3.4076800000000005,1.040854775096253,3.4076800000000005,3.408,9.390553103561127e-05,456.709,16.889,59.212,145.394,1,1,1,3.941,tp8pp1dp1etp1ep1,32,32,2,1.852,tp8pp1dp1etp1ep1,24
qwen3_32b__a100_sxm__silicon,qwen3_32b,a100_sxm,SILICON,decode,2.3355,1.14632,2.0373892106916047,1.14632,1.146,0.00027915416288653953,693.551,16.472,60.709,36.682,1,1,1,2.595,tp4pp1dp1etp1ep1,3,3,7,0.178,tp4pp1dp1etp1ep1,32
qwen3_32b__a100_sxm__silicon,qwen3_32b,a100_sxm,SILICON,prefill,3.5469,3.61008,0.9824990027921819,3.5469,3.547,2.8193633877529966e-05,456.709,17.937,55.751,151.334,1,1,1,3.941,tp8pp1dp1etp1ep1,36,36,2,1.962,tp8pp1dp1etp1ep1,24
qwen3_32b__a100_sxm__silicon,qwen3_32b,a100_sxm,SILICON,decode,2.3355,1.8096400000000001,1.2905881832850732,1.8096400000000001,1.81,0.0001989345947259764,693.551,17.369,57.575,57.908,1,1,1,2.595,tp4pp1dp1etp1ep1,5,5,7,0.281,tp4pp1dp1etp1ep1,32
qwen3_32b__a100_sxm__silicon,qwen3_32b,a100_sxm,SILICON,decode,2.3355,1.9273999999999998,1.2117360174328113,1.9273999999999998,1.927,0.0002075334647710563,693.551,18.645,53.633,82.236,1,1,1,2.595,tp4pp1dp1etp1ep1,8,8,5,0.419,tp4pp1dp1etp1ep1,24
qwen3_32b__a100_sxm__silicon,qwen3_32b,a100_sxm,SILICON,prefill,3.5469,3.772,0.9403234358430541,3.5469,3.547,2.8193633877529966e-05,456.709,19.071,52.436,151.334,1,1,1,3.941,tp8pp1dp1etp1ep1,40,40,2,2.05,tp8pp1dp1etp1ep1,24
qwen3_32b__a100_sxm__silicon,qwen3_32b,a100_sxm,SILICON,prefill,2.3355,2.4932,0.9367479544360662,2.3355,2.336,0.00021408691928911277,693.551,19.854,50.368,99.648,1,1,1,2.595,tp4pp1dp1etp1ep1,11,11,5,0.542,tp4pp1dp1etp1ep1,24
qwen3_32b__a100_sxm__silicon,qwen3_32b,a100_sxm,SILICON,prefill,3.5469,4.34792,0.8157693793814053,3.5469,3.547,2.8193633877529966e-05,456.709,24.825,40.283,151.334,1,1,1,3.941,tp8pp1dp1etp1ep1,60,60,2,2.363,tp8pp1dp1etp1ep1,24
qwen3_32b__a100_sxm__silicon,qwen3_32b,a100_sxm,SILICON,prefill,2.3355,2.43432,0.9594055013309672,2.3355,2.336,0.00021408691928911277,693.551,24.377,41.022,149.472,1,1,1,2.595,tp4pp1dp1etp1ep1,22,22,3,0.882,tp4pp1dp1etp1ep1,16
qwen3_32b__a100_sxm__silicon,qwen3_32b,a100_sxm,SILICON,decode,4.671,3.68368,1.2680254528080617,3.68368,3.684,8.686965208713028e-05,693.551,29.3,34.13,157.17,1,1,2,2.595,tp4pp1dp1etp1ep1,30,30,4,1.001,tp4pp1dp1etp1ep1,24
qwen3_32b__a100_sxm__silicon,qwen3_32b,a100_sxm,SILICON,prefill,3.5469,4.42888,0.800857101569697,3.5469,3.547,2.8193633877529966e-05,456.709,29.239,34.201,151.334,1,1,1,3.941,tp8pp1dp1etp1ep1,72,72,2,2.407,tp8pp1dp1etp1ep1,24
qwen3_32b__a100_sxm__silicon,qwen3_32b,a100_sxm,SILICON,prefill,1.3248,1.3662,0.9696969696969696,1.3248,1.325,0.0001509661835748626,1223.071,29.03,34.447,56.525,1,1,1,1.472,tp2pp1dp1etp1ep1,4,4,11,0.135,tp2pp1dp1etp1ep1,24
qwen3_32b__a100_sxm__silicon,qwen3_32b,a100_sxm,SILICON,decode,4.671,4.33872,1.0765847992034516,4.33872,4.339,6.453516244423653e-05,693.551,33.177,30.142,185.119,1,1,2,2.595,tp4pp1dp1etp1ep1,40,40,4,1.179,tp4pp1dp1etp1ep1,24
qwen3_32b__a100_sxm__silicon,qwen3_32b,a100_sxm,SILICON,decode,3.5469,2.5750800000000003,1.377394100377464,2.5750800000000003,2.575,3.106699597685509e-05,456.709,34.92,28.637,164.805,1,1,1,3.941,tp8pp1dp1etp1ep1,100,100,1,2.799,tp8pp1dp1etp1ep1,16
qwen3_32b__a100_sxm__silicon,qwen3_32b,a100_sxm,SILICON,decode,3.9744000000000006,3.68368,1.078921078921079,3.68368,3.684,8.686965208713028e-05,1223.071,34.867,28.68,117.878,1,1,3,1.472,tp2pp1dp1etp1ep1,11,11,13,0.308,tp2pp1dp1etp1ep1,32
qwen3_32b__a100_sxm__silicon,qwen3_32b,a100_sxm,SILICON,prefill,4.671,4.887040000000001,0.9557932818229439,4.671,4.671,0.0,693.551,38.27,26.13,199.296,1,1,2,2.595,tp4pp1dp1etp1ep1,52,52,4,1.328,tp4pp1dp1etp1ep1,24
qwen3_32b__a100_sxm__silicon,qwen3_32b,a100_sxm,SILICON,decode,3.5469,2.75264,1.2885448151592653,2.75264,2.753,0.0001307835387119776,456.709,39.211,25.503,176.169,1,1,1,3.941,tp8pp1dp1etp1ep1,120,120,1,2.992,tp8pp1dp1etp1ep1,16
qwen3_32b__a100_sxm__silicon,qwen3_32b,a100_sxm,SILICON,decode,1.3248,1.01292,1.3079019073569482,1.01292,1.013,7.897958377745326e-05,1223.071,39.98,25.012,129.654,1,1,1,1.472,tp2pp1dp1etp1ep1,15,15,3,0.367,tp2pp1dp1etp1ep1,8
qwen3_32b__a100_sxm__silicon,qwen3_32b,a100_sxm,SILICON,decode,7.0065,6.6056,1.0606909289088047,6.6056,6.606,6.055468087682511e-05,693.551,43.57,22.952,211.379,1,1,3,2.595,tp4pp1dp1etp1ep1,64,64,5,1.436,tp4pp1dp1etp1ep1,32
qwen3_32b__a100_sxm__silicon,qwen3_32b,a100_sxm,SILICON,decode,3.5469,2.80876,1.2627992423702987,2.80876,2.809,8.544695880041016e-05,456.709,40.983,24.4,179.761,1,1,1,3.941,tp8pp1dp1etp1ep1,128,128,1,3.053,tp8pp1dp1etp1ep1,16
qwen3_32b__a100_sxm__silicon,qwen3_32b,a100_sxm,SILICON,decode,1.3248,1.1178000000000001,1.1851851851851851,1.1178000000000001,1.118,0.00017892288423687418,1223.071,43.439,23.021,143.078,1,1,1,1.472,tp2pp1dp1etp1ep1,18,18,3,0.405,tp2pp1dp1etp1ep1,8
qwen3_32b__a100_sxm__silicon,qwen3_32b,a100_sxm,SILICON,prefill,7.0065,7.36,0.9519701086956521,7.0065,7.006,7.136230642970426e-05,693.551,48.881,20.458,224.208,1,1,3,2.595,tp4pp1dp1etp1ep1,80,80,5,1.6,tp4pp1dp1etp1ep1,32
qwen3_32b__a100_sxm__silicon,qwen3_32b,a100_sxm,SILICON,decode,3.5469,3.21264,1.1040452711788435,3.21264,3.213,0.00011205737337521104,456.709,49.274,20.295,205.609,1,1,1,3.941,tp8pp1dp1etp1ep1,176,176,1,3.492,tp8pp1dp1etp1ep1,16
qwen3_32b__a100_sxm__silicon,qwen3_32b,a100_sxm,SILICON,prefill,3.9744000000000006,4.2228,0.9411764705882354,3.9744000000000006,3.974,0.00010064412238335346,1223.071,49.876,20.05,169.574,1,1,3,1.472,tp2pp1dp1etp1ep1,26,26,9,0.51,tp2pp1dp1etp1ep1,24
qwen3_32b__a100_sxm__silicon,qwen3_32b,a100_sxm,SILICON,decode,0.7137,0.552,1.2929347826086957,0.552,0.552,0.0,2271.168,49.251,20.304,35.328,1,1,1,0.793,tp1pp1dp1etp1ep1,2,2,15,0.04,tp1pp1dp1etp1ep1,16
qwen3_32b__a100_sxm__silicon,qwen3_32b,a100_sxm,SILICON,prefill,7.0065,8.2662,0.8476083327284605,7.0065,7.006,7.136230642970426e-05,693.551,54.393,18.385,224.208,1,1,3,2.595,tp4pp1dp1etp1ep1,100,100,5,1.797,tp4pp1dp1etp1ep1,32
qwen3_32b__a100_sxm__silicon,qwen3_32b,a100_sxm,SILICON,decode,3.5469,3.4592,1.0253526827012025,3.4592,3.459,5.781683626271334e-05,456.709,54.072,18.494,221.389,1,1,1,3.941,tp8pp1dp1etp1ep1,208,208,1,3.76,tp8pp1dp1etp1ep1,16
qwen3_32b__a100_sxm__silicon,qwen3_32b,a100_sxm,SILICON,decode,6.624,5.78864,1.1443102352193262,5.78864,5.789,6.219077365317137e-05,1223.071,54.723,18.274,185.236,1,1,5,1.472,tp2pp1dp1etp1ep1,32,32,11,0.572,tp2pp1dp1etp1ep1,32
qwen3_32b__a100_sxm__silicon,qwen3_32b,a100_sxm,SILICON,decode,2.1411000000000002,1.9209599999999998,1.1145989505247378,1.9209599999999998,1.921,2.0822921872533553e-05,2271.168,54.031,18.508,61.471,1,1,3,0.793,tp1pp1dp1etp1ep1,4,4,29,0.072,tp1pp1dp1etp1ep1,32
qwen3_32b__a100_sxm__silicon,qwen3_32b,a100_sxm,SILICON,decode,2.3355,1.8216,1.282114624505929,1.8216,1.822,0.00021958717610889104,693.551,59.234,16.882,233.165,1,1,1,2.595,tp4pp1dp1etp1ep1,120,120,1,1.98,tp4pp1dp1etp1ep1,8
qwen3_32b__a100_sxm__silicon,qwen3_32b,a100_sxm,SILICON,prefill,3.5469,3.841,0.9234313980734183,3.5469,3.547,2.8193633877529966e-05,456.709,59.937,16.684,227.002,1,1,1,3.941,tp8pp1dp1etp1ep1,256,256,1,4.175,tp8pp1dp1etp1ep1,16
qwen3_32b__a100_sxm__silicon,qwen3_32b,a100_sxm,SILICON,prefill,5.2992,5.38016,0.9849521203830369,5.2992,5.299,3.774154589363185e-05,1223.071,58.818,17.002,226.099,1,1,4,1.472,tp2pp1dp1etp1ep1,44,44,8,0.731,tp2pp1dp1etp1ep1,24
qwen3_32b__a100_sxm__silicon,qwen3_32b,a100_sxm,SILICON,decode,0.7137,0.6375600000000001,1.1194240542066627,0.6375600000000001,0.638,0.000690131124913553,2271.168,59.067,16.93,81.608,1,1,1,0.793,tp1pp1dp1etp1ep1,6,6,7,0.099,tp1pp1dp1etp1ep1,8
qwen3_32b__a100_sxm__silicon,qwen3_32b,a100_sxm,SILICON,decode,3.9744000000000006,3.9192,1.0140845070422537,3.9192,3.919,5.103082261685496e-05,1223.071,64.285,15.556,250.829,1,1,3,1.472,tp2pp1dp1etp1ep1,56,56,5,0.852,tp2pp1dp1etp1ep1,16
qwen3_32b__a100_sxm__silicon,qwen3_32b,a100_sxm,SILICON,decode,7.0065,5.630400000000001,1.2444053708439895,5.630400000000001,5.63,7.104290991774014e-05,693.551,61.333,16.304,240.23,1,1,3,2.595,tp4pp1dp1etp1ep1,128,128,3,2.04,tp4pp1dp1etp1ep1,24
qwen3_32b__a100_sxm__silicon,qwen3_32b,a100_sxm,SILICON,decode,3.5685000000000002,3.3782400000000004,1.0563192668371697,3.3782400000000004,3.378,7.104290991766127e-05,2271.168,64.764,15.441,108.104,1,1,5,0.793,tp1pp1dp1etp1ep1,9,9,27,0.136,tp1pp1dp1etp1ep1,32
qwen3_32b__a100_sxm__silicon,qwen3_32b,a100_sxm,SILICON,decode,6.624,6.008520000000001,1.102434542949012,6.008520000000001,6.009,7.988656108319384e-05,1223.071,67.059,14.912,256.364,1,1,5,1.472,tp2pp1dp1etp1ep1,64,64,7,0.933,tp2pp1dp1etp1ep1,24
qwen3_32b__a100_sxm__silicon,qwen3_32b,a100_sxm,SILICON,prefill,3.5469,3.92472,0.9037332599523022,3.5469,3.547,2.8193633877529966e-05,456.709,69.654,14.357,227.002,1,1,1,3.941,tp8pp1dp1etp1ep1,304,304,1,4.266,tp8pp1dp1etp1ep1,16
qwen3_32b__a100_sxm__silicon,qwen3_32b,a100_sxm,SILICON,decode,2.1411000000000002,1.9136000000000002,1.1188858695652173,1.9136000000000002,1.914,0.00020903010033430908,2271.168,67.395,14.838,122.47,1,1,3,0.793,tp1pp1dp1etp1ep1,11,11,13,0.16,tp1pp1dp1etp1ep1,16
qwen3_32b__a100_sxm__silicon,qwen3_32b,a100_sxm,SILICON,decode,2.3355,1.9605199999999998,1.1912655826005347,1.9605199999999998,1.961,0.0002448330034890019,693.551,73.409,13.622,250.947,1,1,1,2.595,tp4pp1dp1etp1ep1,160,160,1,2.131,tp4pp1dp1etp1ep1,8
qwen3_32b__a100_sxm__silicon,qwen3_32b,a100_sxm,SILICON,prefill,3.5469,4.05536,0.8746202556616428,3.5469,3.547,2.8193633877529966e-05,456.709,74.519,13.419,227.002,1,1,1,3.941,tp8pp1dp1etp1ep1,336,336,1,4.408,tp8pp1dp1etp1ep1,16
qwen3_32b__a100_sxm__silicon,qwen3_32b,a100_sxm,SILICON,decode,2.3355,2.1114,1.1061381074168797,2.1114,2.111,0.00018944775978021973,693.551,78.374,12.759,270.259,1,1,1,2.595,tp4pp1dp1etp1ep1,184,184,1,2.295,tp4pp1dp1etp1ep1,8
qwen3_32b__a100_sxm__silicon,qwen3_32b,a100_sxm,SILICON,prefill,3.5469,4.16852,0.8508775296748007,3.5469,3.547,2.8193633877529966e-05,456.709,79.384,12.597,227.002,1,1,1,3.941,tp8pp1dp1etp1ep1,368,368,1,4.531,tp8pp1dp1etp1ep1,16
qwen3_32b__a100_sxm__silicon,qwen3_32b,a100_sxm,SILICON,decode,2.3355,2.1583200000000002,1.0820916268208607,2.1583200000000002,2.158,0.00014826346417598873,693.551,80.007,12.499,276.265,1,1,1,2.595,tp4pp1dp1etp1ep1,192,192,1,2.346,tp4pp1dp1etp1ep1,8
qwen3_32b__a100_sxm__silicon,qwen3_32b,a100_sxm,SILICON,prefill,3.5469,4.26972,0.8307102105056068,3.5469,3.547,2.8193633877529966e-05,456.709,84.25,11.869,227.002,1,1,1,3.941,tp8pp1dp1etp1ep1,400,400,1,4.641,tp8pp1dp1etp1ep1,16
qwen3_32b__a100_sxm__silicon,qwen3_32b,a100_sxm,SILICON,prefill,3.5469,4.358960000000001,0.8137032686695908,3.5469,3.547,2.8193633877529966e-05,456.709,89.135,11.219,227.002,1,1,1,3.941,tp8pp1dp1etp1ep1,432,432,1,4.738,tp8pp1dp1etp1ep1,16
qwen3_32b__b200_sxm__analytical,qwen3_32b,b200_sxm,ANALYTICAL,decode,17.054100000000002,8.80992,1.935783752860412,8.80992,8.81,9.080672696292827e-06,94.993,3.982,251.155,281.917,1,1,1,18.949,tp8pp1dp1etp1ep1,13,13,3,3.192,tp8pp1dp1etp1ep1,32
qwen3_32b__b200_sxm__analytical,qwen3_32b,b200_sxm,ANALYTICAL,decode,17.054100000000002,13.312400000000002,1.2810687779814307,13.312400000000002,13.312,3.004717406347619e-05,94.993,4.864,205.607,567.996,1,1,1,18.949,tp8pp1dp1etp1ep1,36,36,2,7.235,tp8pp1dp1etp1ep1,24
qwen3_32b__b200_sxm__analytical,qwen3_32b,b200_sxm,ANALYTICAL,decode,11.4606,1.26868,9.033483620771195,1.26868,1.269,0.00025223066494299264,141.352,4.959,201.654,40.598,1,1,1,12.734,tp4pp1dp1etp1ep1,1,1,7,0.197,tp4pp1dp1etp1ep1,32
qwen3_32b__b200_sxm__analytical,qwen3_32b,b200_sxm,ANALYTICAL,prefill,17.054100000000002,19.294240000000002,0.8838959191966099,17.054100000000002,17.054,5.863692601973698e-06,94.993,5.966,167.616,727.642,1,1,1,18.949,tp8pp1dp1etp1ep1,64,64,2,10.486,tp8pp1dp1etp1ep1,24
qwen3_32b__b200_sxm__analytical,qwen3_32b,b200_sxm,ANALYTICAL,decode,11.4606,11.3344,1.011134246188594,11.3344,11.334,3.529079616043585e-05,141.352,5.95,168.078,483.601,1,1,1,12.734,tp4pp1dp1etp1ep1,15,15,5,2.464,tp4pp1dp1etp1ep1,24
qwen3_32b__b200_sxm__analytical,qwen3_32b,b200_sxm,ANALYTICAL,decode,17.054100000000002,11.45124,1.4892797635889214,11.45124,11.451,2.0958428956147626e-05,94.993,6.911,144.699,732.879,1,1,1,18.949,tp8pp1dp1etp1ep1,88,88,1,12.447,tp8pp1dp1etp1ep1,16
qwen3_32b__b200_sxm__analytical,qwen3_32b,b200_sxm,ANALYTICAL,decode,11.4606,10.94064,1.0475255560917824,10.94064,10.941,3.2904839205072284e-05,141.352,6.904,144.839,700.201,1,1,1,12.734,tp4pp1dp1etp1ep1,28,28,3,3.964,tp4pp1dp1etp1ep1,16
qwen3_32b__b200_sxm__analytical,qwen3_32b,b200_sxm,ANALYTICAL,decode,17.054100000000002,12.82204,1.3300613630904288,12.82204,12.822,3.1196283898866365e-06,94.993,7.856,127.295,820.611,1,1,1,18.949,tp8pp1dp1etp1ep1,112,112,1,13.937,tp8pp1dp1etp1ep1,16
qwen3_32b__b200_sxm__analytical,qwen3_32b,b200_sxm,ANALYTICAL,decode,22.9212,18.480960000000003,1.2402602462209753,18.480960000000003,18.481,2.1643897285901643e-06,141.352,7.785,128.446,788.521,1,1,2,12.734,tp4pp1dp1etp1ep1,40,40,4,5.022,tp4pp1dp1etp1ep1,24
qwen3_32b__b200_sxm__analytical,qwen3_32b,b200_sxm,ANALYTICAL,decode,6.921,3.381,2.0470275066548362,3.381,3.381,0.0,234.072,7.964,125.563,108.192,1,1,1,7.69,tp2pp1dp1etp1ep1,2,2,15,0.245,tp2pp1dp1etp1ep1,32
qwen3_32b__b200_sxm__analytical,qwen3_32b,b200_sxm,ANALYTICAL,decode,22.9212,22.48112,1.0195755371618496,22.48112,22.481,5.337812350942025e-06,141.352,8.96,111.604,959.194,1,1,2,12.734,tp4pp1dp1etp1ep1,56,56,4,6.109,tp4pp1dp1etp1ep1,24
qwen3_32b__b200_sxm__analytical,qwen3_32b,b200_sxm,ANALYTICAL,decode,17.054100000000002,13.89752,1.2271326107104001,13.89752,13.898,3.453853637192764e-05,94.993,8.801,113.628,889.441,1,1,1,18.949,tp8pp1dp1etp1ep1,136,136,1,15.106,tp8pp1dp1etp1ep1,16
qwen3_32b__b200_sxm__analytical,qwen3_32b,b200_sxm,ANALYTICAL,decode,6.921,6.34984,1.089948723117433,6.34984,6.35,2.5197485290853285e-05,234.072,8.926,112.034,406.39,1,1,1,7.69,tp2pp1dp1etp1ep1,9,9,7,0.986,tp2pp1dp1etp1ep1,16
qwen3_32b__b200_sxm__analytical,qwen3_32b,b200_sxm,ANALYTICAL,decode,34.3818,31.068399999999997,1.1066485560891453,31.068399999999997,31.068,1.2874818143049372e-05,141.352,9.841,101.612,994.189,1,1,3,12.734,tp4pp1dp1etp1ep1,68,68,5,6.754,tp4pp1dp1etp1ep1,32
qwen3_32b__b200_sxm__analytical,qwen3_32b,b200_sxm,ANALYTICAL,decode,17.054100000000002,14.76508,1.1550292988592004,14.76508,14.765,5.418189403562171e-06,94.993,9.746,102.611,944.965,1,1,1,18.949,tp8pp1dp1etp1ep1,160,160,1,16.049,tp8pp1dp1etp1ep1,16
qwen3_32b__b200_sxm__analytical,qwen3_32b,b200_sxm,ANALYTICAL,decode,20.763,18.86092,1.1008476786922379,18.86092,18.861,4.241574642197947e-06,234.072,9.917,100.84,603.549,1,1,3,7.69,tp2pp1dp1etp1ep1,16,16,13,1.577,tp2pp1dp1etp1ep1,32
qwen3_32b__b200_sxm__analytical,qwen3_32b,b200_sxm,ANALYTICAL,decode,34.3818,33.5478,1.0248600504354979,33.5478,33.548,5.961642790273397e-06,141.352,10.723,93.261,1073.53,1,1,3,12.734,tp4pp1dp1etp1ep1,80,80,5,7.293,tp4pp1dp1etp1ep1,32
qwen3_32b__b200_sxm__analytical,qwen3_32b,b200_sxm,ANALYTICAL,decode,17.054100000000002,15.479,1.1017572194586216,15.479,15.479,0.0,94.993,10.69,93.542,990.656,1,1,1,18.949,tp8pp1dp1etp1ep1,184,184,1,16.825,tp8pp1dp1etp1ep1,16
qwen3_32b__b200_sxm__analytical,qwen3_32b,b200_sxm,ANALYTICAL,decode,6.921,5.51448,1.2550594072333203,5.51448,5.514,8.704356530436086e-05,234.072,10.766,92.885,705.853,1,1,1,7.69,tp2pp1dp1etp1ep1,22,22,3,1.998,tp2pp1dp1etp1ep1,8
qwen3_32b__b200_sxm__analytical,qwen3_32b,b200_sxm,ANALYTICAL,prefill,34.3818,36.2848,0.9475537966310963,34.3818,34.382,5.817031103651755e-06,141.352,11.897,84.052,1100.218,1,1,3,12.734,tp4pp1dp1etp1ep1,96,96,5,7.888,tp4pp1dp1etp1ep1,32
qwen3_32b__b200_sxm__analytical,qwen3_32b,b200_sxm,ANALYTICAL,decode,17.054100000000002,16.255480000000002,1.0491292782495503,16.255480000000002,16.255,2.952850361866549e-05,94.993,11.95,83.68,1040.351,1,1,1,18.949,tp8pp1dp1etp1ep1,216,216,1,17.669,tp8pp1dp1etp1ep1,16
qwen3_32b__b200_sxm__analytical,qwen3_32b,b200_sxm,ANALYTICAL,decode,6.921,6.8034,1.017285474909604,6.8034,6.803,5.879413234558544e-05,234.072,11.898,84.045,870.835,1,1,1,7.69,tp2pp1dp1etp1ep1,30,30,3,2.465,tp2pp1dp1etp1ep1,8
qwen3_32b__b200_sxm__analytical,qwen3_32b,b200_sxm,ANALYTICAL,prefill,34.3818,38.0052,0.9046604148905938,34.3818,34.382,5.817031103651755e-06,141.352,12.779,78.256,1100.218,1,1,3,12.734,tp4pp1dp1etp1ep1,108,108,5,8.262,tp4pp1dp1etp1ep1,32
qwen3_32b__b200_sxm__analytical,qwen3_32b,b200_sxm,ANALYTICAL,decode,17.054100000000002,16.737560000000002,1.018911956103518,16.737560000000002,16.738,2.6288180594874846e-05,94.993,12.895,77.549,1071.204,1,1,1,18.949,tp8pp1dp1etp1ep1,240,240,1,18.193,tp8pp1dp1etp1ep1,16
qwen3_32b__b200_sxm__analytical,qwen3_32b,b200_sxm,ANALYTICAL,decode,34.605000000000004,27.941320000000005,1.2384883749228741,27.941320000000005,27.941,1.1452572749091633e-05,234.072,12.748,78.446,894.122,1,1,5,7.69,tp2pp1dp1etp1ep1,36,36,11,2.761,tp2pp1dp1etp1ep1,32
qwen3_32b__b200_sxm__analytical,qwen3_32b,b200_sxm,ANALYTICAL,prefill,34.3818,39.9602,0.8604010990935981,34.3818,34.382,5.817031103651755e-06,141.352,13.953,71.667,1100.218,1,1,3,12.734,tp4pp1dp1etp1ep1,124,124,5,8.687,tp4pp1dp1etp1ep1,32
qwen3_32b__b200_sxm__analytical,qwen3_32b,b200_sxm,ANALYTICAL,prefill,17.054100000000002,17.154320000000002,0.9941577398579483,17.054100000000002,17.054,5.863692601973698e-06,94.993,13.84,72.254,1091.462,1,1,1,18.949,tp8pp1dp1etp1ep1,264,264,1,18.646,tp8pp1dp1etp1ep1,16
qwen3_32b__b200_sxm__analytical,qwen3_32b,b200_sxm,ANALYTICAL,decode,34.605000000000004,31.36188,1.10340961702551,31.36188,31.362,3.826301229359012e-06,234.072,13.88,72.046,1003.58,1,1,5,7.69,tp2pp1dp1etp1ep1,44,44,11,3.099,tp2pp1dp1etp1ep1,32
qwen3_32b__b200_sxm__analytical,qwen3_32b,b200_sxm,ANALYTICAL,decode,3.8619000000000003,2.98356,1.29439327514781,2.98356,2.984,0.00014747482872802084,419.51,13.843,72.237,127.299,1,1,1,4.291,tp1pp1dp1etp1ep1,2,2,23,0.141,tp1pp1dp1etp1ep1,24
qwen3_32b__b200_sxm__analytical,qwen3_32b,b200_sxm,ANALYTICAL,prefill,34.3818,41.2252,0.8339995924822681,34.3818,34.382,5.817031103651755e-06,141.352,14.835,67.41,1100.218,1,1,3,12.734,tp4pp1dp1etp1ep1,136,136,5,8.962,tp4pp1dp1etp1ep1,32
qwen3_32b__b200_sxm__analytical,qwen3_32b,b200_sxm,ANALYTICAL,prefill,17.054100000000002,17.51772,0.9735342270569458,17.054100000000002,17.054,5.863692601973698e-06,94.993,14.785,67.637,1091.462,1,1,1,18.949,tp8pp1dp1etp1ep1,288,288,1,19.041,tp8pp1dp1etp1ep1,16
qwen3_32b__b200_sxm__analytical,qwen3_32b,b200_sxm,ANALYTICAL,decode,34.605000000000004,32.86976,1.0527913802838842,32.86976,32.87,7.301544033117966e-06,234.072,14.446,69.222,1051.832,1,1,5,7.69,tp2pp1dp1etp1ep1,48,48,11,3.248,tp2pp1dp1etp1ep1,32
qwen3_32b__b200_sxm__analytical,qwen3_32b,b200_sxm,ANALYTICAL,decode,11.585700000000001,10.485240000000001,1.1049532485665563,10.485240000000001,10.485,2.288931869957886e-05,419.51,14.926,66.996,335.528,1,1,3,4.291,tp1pp1dp1etp1ep1,6,6,29,0.393,tp1pp1dp1etp1ep1,32
qwen3_32b__b200_sxm__analytical,qwen3_32b,b200_sxm,ANALYTICAL,prefill,34.605000000000004,35.561679999999996,0.9730980088679727,34.605000000000004,34.605,2.0532950029189425e-16,234.072,15.579,64.19,1107.36,1,1,5,7.69,tp2pp1dp1etp1ep1,56,56,11,3.514,tp2pp1dp1etp1ep1,32
qwen3_32b__b200_sxm__analytical,qwen3_32b,b200_sxm,ANALYTICAL,prefill,34.3818,41.98420000000001,0.8189223565055423,34.3818,34.382,5.817031103651755e-06,141.352,15.422,64.842,1100.218,1,1,3,12.734,tp4pp1dp1etp1ep1,144,144,5,9.127,tp4pp1dp1etp1ep1,32
qwen3_32b__b200_sxm__analytical,qwen3_32b,b200_sxm,ANALYTICAL,prefill,17.054100000000002,17.83788,0.9560609220378208,17.054100000000002,17.054,5.863692601973698e-06,94.993,15.73,63.574,1091.462,1,1,1,18.949,tp8pp1dp1etp1ep1,312,312,1,19.389,tp8pp1dp1etp1ep1,16
qwen3_32b__b200_sxm__analytical,qwen3_32b,b200_sxm,ANALYTICAL,decode,3.8619000000000003,3.5935200000000007,1.0746844319775595,3.5935200000000007,3.594,0.00013357376611209835,419.51,15.76,63.454,459.971,1,1,1,4.291,tp1pp1dp1etp1ep1,9,9,7,0.558,tp1pp1dp1etp1ep1,8
qwen3_32b__b200_sxm__analytical,qwen3_32b,b200_sxm,ANALYTICAL,decode,27.684,27.555840000000003,1.0046509197324414,27.555840000000003,27.556,5.8063916758660035e-06,234.072,16.711,59.841,1175.716,1,1,4,7.69,tp2pp1dp1etp1ep1,64,64,8,3.744,tp2pp1dp1etp1ep1,24
qwen3_32b__b200_sxm__analytical,qwen3_32b,b200_sxm,ANALYTICAL,decode,11.4606,8.67008,1.3218563150513027,8.67008,8.67,9.227135159136258e-06,141.352,16.597,60.252,1109.77,1,1,1,12.734,tp4pp1dp1etp1ep1,160,160,1,9.424,tp4pp1dp1etp1ep1,8
qwen3_32b__b200_sxm__analytical,qwen3_32b,b200_sxm,ANALYTICAL,prefill,17.054100000000002,18.208640000000003,0.9365938367719939,17.054100000000002,17.054,5.863692601973698e-06,94.993,16.99,58.859,1091.462,1,1,1,18.949,tp8pp1dp1etp1ep1,344,344,1,19.792,tp8pp1dp1etp1ep1,16
qwen3_32b__b200_sxm__analytical,qwen3_32b,b200_sxm,ANALYTICAL,decode,19.309500000000003,18.70452,1.032344053736744,18.70452,18.705,2.566224634471197e-05,419.51,16.871,59.275,598.545,1,1,5,4.291,tp1pp1dp1etp1ep1,13,13,27,0.753,tp1pp1dp1etp1ep1,32
qwen3_32b__b200_sxm__analytical,qwen3_32b,b200_sxm,ANALYTICAL,prefill,27.684,29.02784,0.9537051327277538,27.684,27.684,0.0,234.072,17.843,56.043,1181.184,1,1,4,7.69,tp2pp1dp1etp1ep1,72,72,8,3.944,tp2pp1dp1etp1ep1,24
qwen3_32b__b200_sxm__analytical,qwen3_32b,b200_sxm,ANALYTICAL,decode,11.4606,8.90652,1.2867652012233732,8.90652,8.907,5.389310303009389e-05,141.352,17.772,56.269,1140.035,1,1,1,12.734,tp4pp1dp1etp1ep1,176,176,1,9.681,tp4pp1dp1etp1ep1,8
qwen3_32b__b200_sxm__analytical,qwen3_32b,b200_sxm,ANALYTICAL,prefill,17.054100000000002,18.45336,0.9241731587093083,17.054100000000002,17.054,5.863692601973698e-06,94.993,17.935,55.758,1091.462,1,1,1,18.949,tp8pp1dp1etp1ep1,368,368,1,20.058,tp8pp1dp1etp1ep1,16
qwen3_32b__b200_sxm__analytical,qwen3_32b,b200_sxm,ANALYTICAL,decode,11.585700000000001,10.56068,1.0970600378005964,10.56068,10.561,3.0301079097209654e-05,419.51,17.704,56.484,675.884,1,1,3,4.291,tp1pp1dp1etp1ep1,16,16,13,0.883,tp1pp1dp1etp1ep1,16
qwen3_32b__b200_sxm__analytical,qwen3_32b,b200_sxm,ANALYTICAL,decode,20.763,18.956600000000005,1.095291349714611,18.956600000000005,18.957,2.1100830317436403e-05,234.072,18.976,52.699,1213.222,1,1,3,7.69,tp2pp1dp1etp1ep1,80,80,5,4.121,tp2pp1dp1etp1ep1,16
qwen3_32b__b200_sxm__analytical,qwen3_32b,b200_sxm,ANALYTICAL,decode,11.4606,9.113520000000001,1.2575382508624546,9.113520000000001,9.114,5.266900165902876e-05,141.352,18.947,52.78,1166.531,1,1,1,12.734,tp4pp1dp1etp1ep1,192,192,1,9.906,tp4pp1dp1etp1ep1,8
qwen3_32b__b200_sxm__analytical,qwen3_32b,b200_sxm,ANALYTICAL,prefill,17.054100000000002,18.67324,0.9132908911361929,17.054100000000002,17.054,5.863692601973698e-06,94.993,18.879,52.968,1091.462,1,1,1,18.949,tp8pp1dp1etp1ep1,392,392,1,20.297,tp8pp1dp1etp1ep1,16
qwen3_32b__b200_sxm__analytical,qwen3_32b,b200_sxm,ANALYTICAL,decode,19.309500000000003,18.16172,1.0631977588025807,18.16172,18.162,1.541704199822803e-05,419.51,18.815,53.149,774.9,1,1,5,4.291,tp1pp1dp1etp1ep1,20,20,19,1.039,tp1pp1dp1etp1ep1,24
qwen3_32b__b200_sxm__analytical,qwen3_32b,b200_sxm,ANALYTICAL,decode,20.763,19.3292,1.0741779276948866,19.3292,19.329,1.03470397119143e-05,234.072,19.542,51.172,1237.069,1,1,3,7.69,tp2pp1dp1etp1ep1,84,84,5,4.202,tp2pp1dp1etp1ep1,16
qwen3_32b__b200_sxm__analytical,qwen3_32b,b200_sxm,ANALYTICAL,decode,11.4606,9.20736,1.2447216140131374,9.20736,9.207,3.909915545811239e-05,141.352,19.534,51.193,1178.542,1,1,1,12.734,tp4pp1dp1etp1ep1,200,200,1,10.008,tp4pp1dp1etp1ep1,8
qwen3_32b__b200_sxm__analytical,qwen3_32b,b200_sxm,ANALYTICAL,prefill,17.054100000000002,18.87196,0.9036740222001318,17.054100000000002,17.054,5.863692601973698e-06,94.993,19.824,50.443,1091.462,1,1,1,18.949,tp8pp1dp1etp1ep1,416,416,1,20.513,tp8pp1dp1etp1ep1,16
qwen3_32b__b200_sxm__analytical,qwen3_32b,b200_sxm,ANALYTICAL,prefill,27.033300000000004,27.071,0.9986073658158178,27.033300000000004,27.033,1.1097424287928351e-05,419.51,19.926,50.185,865.066,1,1,7,4.291,tp1pp1dp1etp1ep1,24,24,25,1.177,tp1pp1dp1etp1ep1,32
qwen3_32b__b200_sxm__analytical,qwen3_32b,b200_sxm,ANALYTICAL,prefill,20.763,21.9006,0.948056217637873,20.763,20.763,0.0,234.072,24.638,40.588,1328.832,1,1,3,7.69,tp2pp1dp1etp1ep1,120,120,5,4.761,tp2pp1dp1etp1ep1,16
qwen3_32b__b200_sxm__analytical,qwen3_32b,b200_sxm,ANALYTICAL,decode,11.4606,9.85504,1.1629176543169788,9.85504,9.855,4.058836899724612e-06,141.352,24.821,40.288,1261.445,1,1,1,12.734,tp4pp1dp1etp1ep1,272,272,1,10.712,tp4pp1dp1etp1ep1,8
qwen3_32b__b200_sxm__analytical,qwen3_32b,b200_sxm,ANALYTICAL,prefill,17.054100000000002,19.50768,0.8742249206466377,17.054100000000002,17.054,5.863692601973698e-06,94.993,23.604,42.366,1091.462,1,1,1,18.949,tp8pp1dp1etp1ep1,512,512,1,21.204,tp8pp1dp1etp1ep1,16
qwen3_32b__b200_sxm__analytical,qwen3_32b,b200_sxm,ANALYTICAL,decode,34.7571,33.94064,1.024055527532775,33.94064,33.941,1.0606753437783791e-05,419.51,24.371,41.033,1086.1,1,1,9,4.291,tp1pp1dp1etp1ep1,40,40,23,1.604,tp1pp1dp1etp1ep1,32
qwen3_32b__b200_sxm__analytical,qwen3_32b,b200_sxm,ANALYTICAL,decode,34.605000000000004,32.80536,1.0548581085529927,32.80536,32.805,1.0973816473911035e-05,234.072,29.167,34.285,1399.695,1,1,5,7.69,tp2pp1dp1etp1ep1,152,152,7,5.094,tp2pp1dp1etp1ep1,24
qwen3_32b__b200_sxm__analytical,qwen3_32b,b200_sxm,ANALYTICAL,decode,11.4606,10.23592,1.1196453274351499,10.23592,10.236,7.81561403376776e-06,141.352,29.52,33.875,1310.198,1,1,1,12.734,tp4pp1dp1etp1ep1,336,336,1,11.126,tp4pp1dp1etp1ep1,8
qwen3_32b__b200_sxm__analytical,qwen3_32b,b200_sxm,ANALYTICAL,prefill,19.309500000000003,19.8352,0.9734966120835687,19.309500000000003,19.31,2.589399000467552e-05,419.51,29.927,33.415,1235.808,1,1,5,4.291,tp1pp1dp1etp1ep1,60,60,11,1.96,tp1pp1dp1etp1ep1,16
qwen3_32b__b200_sxm__analytical,qwen3_32b,b200_sxm,ANALYTICAL,prefill,34.605000000000004,34.70516,0.9971139738298284,34.605000000000004,34.605,2.0532950029189425e-16,234.072,34.829,28.712,1476.48,1,1,5,7.69,tp2pp1dp1etp1ep1,192,192,7,5.389,tp2pp1dp1etp1ep1,24
qwen3_32b__b200_sxm__analytical,qwen3_32b,b200_sxm,ANALYTICAL,decode,11.4606,10.541360000000001,1.0872031692305355,10.541360000000001,10.541,3.4151191117709866e-05,141.352,34.807,28.73,1349.294,1,1,1,12.734,tp4pp1dp1etp1ep1,408,408,1,11.458,tp4pp1dp1etp1ep1,8
qwen3_32b__b200_sxm__analytical,qwen3_32b,b200_sxm,ANALYTICAL,decode,42.480900000000005,41.75052,1.0174939138482588,41.75052,41.751,1.1496862793470335e-05,419.51,34.371,29.094,1336.017,1,1,11,4.291,tp1pp1dp1etp1ep1,76,76,21,2.161,tp1pp1dp1etp1ep1,32
qwen3_32b__b200_sxm__analytical,qwen3_32b,b200_sxm,ANALYTICAL,prefill,34.605000000000004,35.82572,0.9659261558455771,34.605000000000004,34.605,2.0532950029189425e-16,234.072,39.359,25.407,1476.48,1,1,5,7.69,tp2pp1dp1etp1ep1,224,224,7,5.563,tp2pp1dp1etp1ep1,24
qwen3_32b__b200_sxm__analytical,qwen3_32b,b200_sxm,ANALYTICAL,decode,11.4606,10.74468,1.06663018349546,10.74468,10.745,2.978218057667084e-05,141.352,39.507,25.312,1375.319,1,1,1,12.734,tp4pp1dp1etp1ep1,472,472,1,11.679,tp4pp1dp1etp1ep1,8
qwen3_32b__b200_sxm__analytical,qwen3_32b,b200_sxm,ANALYTICAL,prefill,42.480900000000005,44.068920000000006,0.963965080151726,42.480900000000005,42.481,2.3539990912672334e-06,419.51,37.705,26.522,1359.389,1,1,11,4.291,tp1pp1dp1etp1ep1,88,88,21,2.281,tp1pp1dp1etp1ep1,32
qwen3_32b__b200_sxm__analytical,qwen3_32b,b200_sxm,ANALYTICAL,decode,34.3818,32.54592,1.0564089139283817,32.54592,32.546,2.458065404111218e-06,141.352,42.444,23.56,1388.626,1,1,3,12.734,tp4pp1dp1etp1ep1,512,512,3,11.792,tp4pp1dp1etp1ep1,24
qwen3_32b__b200_sxm__empirical,qwen3_32b,b200_sxm,EMPIRICAL,decode,20.544300000000003,19.46352,1.0555284963870875,19.46352,19.464,2.4661520629341037e-05,78.853,2.957,338.169,830.444,1,1,1,22.827,tp8pp1dp1etp1ep1,32,32,2,10.578,tp8pp1dp1etp1ep1,24
qwen3_32b__b200_sxm__empirical,qwen3_32b,b200_sxm,EMPIRICAL,decode,20.544300000000003,14.609600000000002,1.4062191983353411,14.609600000000002,14.61,2.7379257474351887e-05,78.853,3.94,253.834,935.014,1,1,1,22.827,tp8pp1dp1etp1ep1,64,64,1,15.88,tp8pp1dp1etp1ep1,16
qwen3_32b__b200_sxm__empirical,qwen3_32b,b200_sxm,EMPIRICAL,decode,14.0715,13.501000000000001,1.0422561291756165,13.501000000000001,13.501,1.3157224201172138e-16,115.126,3.997,250.171,576.043,1,1,1,15.635,tp4pp1dp1etp1ep1,12,12,5,2.935,tp4pp1dp1etp1ep1,24
qwen3_32b__b200_sxm__empirical,qwen3_32b,b200_sxm,EMPIRICAL,decode,20.544300000000003,17.54072,1.1712347041626572,17.54072,17.541,1.5962856712840633e-05,78.853,4.922,203.167,1122.606,1,1,1,22.827,tp8pp1dp1etp1ep1,96,96,1,19.066,tp8pp1dp1etp1ep1,16
qwen3_32b__b200_sxm__empirical,qwen3_32b,b200_sxm,EMPIRICAL,prefill,14.0715,15.43116,0.9118886720116959,14.0715,14.072,3.553281455415803e-05,115.126,4.895,204.288,900.576,1,1,1,15.635,tp4pp1dp1etp1ep1,28,28,3,5.591,tp4pp1dp1etp1ep1,16
qwen3_32b__b200_sxm__empirical,qwen3_32b,b200_sxm,EMPIRICAL,decode,20.544300000000003,19.49572,1.0537851384816772,19.49572,19.496,1.4362126661649736e-05,78.853,5.905,169.361,1247.726,1,1,1,22.827,tp8pp1dp1etp1ep1,128,128,1,21.191,tp8pp1dp1etp1ep1,16
qwen3_32b__b200_sxm__empirical,qwen3_32b,b200_sxm,EMPIRICAL,decode,28.143,27.324,1.029973649538867,27.324,27.324,0.0,115.126,5.793,172.627,1165.824,1,1,2,15.635,tp4pp1dp1etp1ep1,44,44,4,7.425,tp4pp1dp1etp1ep1,24
qwen3_32b__b200_sxm__empirical,qwen3_32b,b200_sxm,EMPIRICAL,decode,42.2145,41.6162,1.0143766129536094,41.6162,41.616,4.805820810154072e-06,115.126,6.915,144.612,1331.718,1,1,3,15.635,tp4pp1dp1etp1ep1,64,64,5,9.047,tp4pp1dp1etp1ep1,32
qwen3_32b__b200_sxm__empirical,qwen3_32b,b200_sxm,EMPIRICAL,prefill,20.544300000000003,20.8932,0.9833007868588824,20.544300000000003,20.544,1.4602590499693515e-05,78.853,6.887,145.201,1314.835,1,1,1,22.827,tp8pp1dp1etp1ep1,160,160,1,22.71,tp8pp1dp1etp1ep1,16
qwen3_32b__b200_sxm__empirical,qwen3_32b,b200_sxm,EMPIRICAL,decode,8.6319,8.1144,1.0637755102040816,8.1144,8.114,4.9295080350866085e-05,187.672,6.985,143.166,519.322,1,1,1,9.591,tp2pp1dp1etp1ep1,9,9,7,1.26,tp2pp1dp1etp1ep1,16
qwen3_32b__b200_sxm__empirical,qwen3_32b,b200_sxm,EMPIRICAL,prefill,42.2145,46.0414,0.9168813285434413,42.2145,42.214,1.1844271518136835e-05,115.126,7.813,127.994,1350.864,1,1,3,15.635,tp4pp1dp1etp1ep1,80,80,5,10.009,tp4pp1dp1etp1ep1,32
qwen3_32b__b200_sxm__empirical,qwen3_32b,b200_sxm,EMPIRICAL,prefill,20.544300000000003,21.94108,0.936339505621419,20.544300000000003,20.544,1.4602590499693515e-05,78.853,7.869,127.073,1314.835,1,1,1,22.827,tp8pp1dp1etp1ep1,192,192,1,23.849,tp8pp1dp1etp1ep1,16
qwen3_32b__b200_sxm__empirical,qwen3_32b,b200_sxm,EMPIRICAL,prefill,25.895699999999998,26.47944,0.9779549718574108,25.895699999999998,25.896,1.1584934950700447e-05,187.672,7.947,125.829,828.662,1,1,3,9.591,tp2pp1dp1etp1ep1,18,18,13,2.214,tp2pp1dp1etp1ep1,32
qwen3_32b__b200_sxm__empirical,qwen3_32b,b200_sxm,EMPIRICAL,prefill,42.2145,50.324,0.8388542246244337,42.2145,42.214,1.1844271518136835e-05,115.126,8.935,111.918,1350.864,1,1,3,15.635,tp4pp1dp1etp1ep1,100,100,5,10.94,tp4pp1dp1etp1ep1,32
qwen3_32b__b200_sxm__empirical,qwen3_32b,b200_sxm,EMPIRICAL,prefill,20.544300000000003,22.75712,0.9027636185949717,20.544300000000003,20.544,1.4602590499693515e-05,78.853,8.852,112.969,1314.835,1,1,1,22.827,tp8pp1dp1etp1ep1,224,224,1,24.736,tp8pp1dp1etp1ep1,16
qwen3_32b__b200_sxm__empirical,qwen3_32b,b200_sxm,EMPIRICAL,decode,8.6319,7.96812,1.0833044683062003,7.96812,7.968,1.5060014156400502e-05,187.672,8.803,113.601,1019.919,1,1,1,9.591,tp2pp1dp1etp1ep1,26,26,3,2.887,tp2pp1dp1etp1ep1,8
qwen3_32b__b200_sxm__empirical,qwen3_32b,b200_sxm,EMPIRICAL,decode,14.0715,10.609440000000001,1.326318825498801,10.609440000000001,10.609,4.147249996240199e-05,115.126,9.833,101.7,1358.008,1,1,1,15.635,tp4pp1dp1etp1ep1,116,116,1,11.532,tp4pp1dp1etp1ep1,8
qwen3_32b__b200_sxm__empirical,qwen3_32b,b200_sxm,EMPIRICAL,prefill,20.544300000000003,23.410320000000002,0.8775745056026574,20.544300000000003,20.544,1.4602590499693515e-05,78.853,9.834,101.683,1314.835,1,1,1,22.827,tp8pp1dp1etp1ep1,256,256,1,25.446,tp8pp1dp1etp1ep1,16
qwen3_32b__b200_sxm__empirical,qwen3_32b,b200_sxm,EMPIRICAL,decode,43.1595,36.077799999999996,1.1962896850694889,36.077799999999996,36.078,5.543575273620879e-06,187.672,9.872,101.297,1154.49,1,1,5,9.591,tp2pp1dp1etp1ep1,36,36,11,3.565,tp2pp1dp1etp1ep1,32
qwen3_32b__b200_sxm__empirical,qwen3_32b,b200_sxm,EMPIRICAL,decode,14.0715,11.164200000000001,1.2604127478905787,11.164200000000001,11.164,1.791440497315618e-05,115.126,10.955,91.282,1429.018,1,1,1,15.635,tp4pp1dp1etp1ep1,136,136,1,12.135,tp4pp1dp1etp1ep1,8
qwen3_32b__b200_sxm__empirical,qwen3_32b,b200_sxm,EMPIRICAL,prefill,20.544300000000003,23.943920000000002,0.8580174006595412,20.544300000000003,20.544,1.4602590499693515e-05,78.853,10.817,92.448,1314.835,1,1,1,22.827,tp8pp1dp1etp1ep1,288,288,1,26.026,tp8pp1dp1etp1ep1,16
qwen3_32b__b200_sxm__empirical,qwen3_32b,b200_sxm,EMPIRICAL,decode,43.1595,40.57108,1.0637996326447312,40.57108,40.571,1.9718479272446483e-06,187.672,10.727,93.219,1298.275,1,1,5,9.591,tp2pp1dp1etp1ep1,44,44,11,4.009,tp2pp1dp1etp1ep1,32
qwen3_32b__b200_sxm__empirical,qwen3_32b,b200_sxm,EMPIRICAL,decode,14.0715,11.53312,1.220094822563192,11.53312,11.533,1.0404816736562712e-05,115.126,11.853,84.368,1476.239,1,1,1,15.635,tp4pp1dp1etp1ep1,152,152,1,12.536,tp4pp1dp1etp1ep1,8
qwen3_32b__b200_sxm__empirical,qwen3_32b,b200_sxm,EMPIRICAL,prefill,43.1595,44.406560000000006,0.9719172122317062,43.1595,43.16,1.1584934950480937e-05,187.672,11.583,86.334,1381.104,1,1,5,9.591,tp2pp1dp1etp1ep1,52,52,11,4.388,tp2pp1dp1etp1ep1,32
qwen3_32b__b200_sxm__empirical,qwen3_32b,b200_sxm,EMPIRICAL,prefill,20.544300000000003,24.348720000000004,0.8437527722196485,20.544300000000003,20.544,1.4602590499693515e-05,78.853,11.819,84.608,1314.835,1,1,1,22.827,tp8pp1dp1etp1ep1,320,320,1,26.466,tp8pp1dp1etp1ep1,16
qwen3_32b__b200_sxm__empirical,qwen3_32b,b200_sxm,EMPIRICAL,decode,4.8681,4.7058,1.0344893535636874,4.7058,4.706,4.2500743763105544e-05,332.764,11.837,84.482,150.586,1,1,1,5.409,tp1pp1dp1etp1ep1,2,2,31,0.165,tp1pp1dp1etp1ep1,32
qwen3_32b__b200_sxm__empirical,qwen3_32b,b200_sxm,EMPIRICAL,decode,14.0715,11.8496,1.1875084391034296,11.8496,11.85,3.375641371852786e-05,115.126,12.751,78.427,1516.749,1,1,1,15.635,tp4pp1dp1etp1ep1,168,168,1,12.88,tp4pp1dp1etp1ep1,8
qwen3_32b__b200_sxm__empirical,qwen3_32b,b200_sxm,EMPIRICAL,prefill,34.5276,35.79168000000001,0.9646822948797037,34.5276,34.528,1.1584934950563253e-05,187.672,12.866,77.724,1473.178,1,1,4,9.591,tp2pp1dp1etp1ep1,64,64,8,4.863,tp2pp1dp1etp1ep1,24
qwen3_32b__b200_sxm__empirical,qwen3_32b,b200_sxm,EMPIRICAL,prefill,20.544300000000003,24.53272,0.8374244682204013,20.544300000000003,20.544,1.4602590499693515e-05,78.853,12.904,77.498,1314.835,1,1,1,22.827,tp8pp1dp1etp1ep1,352,352,1,26.666,tp8pp1dp1etp1ep1,16
qwen3_32b__b200_sxm__empirical,qwen3_32b,b200_sxm,EMPIRICAL,decode,14.6043,14.167080000000002,1.0308616878001675,14.167080000000002,14.167,5.646894067253128e-06,332.764,12.88,77.641,453.347,1,1,3,5.409,tp1pp1dp1etp1ep1,7,7,29,0.531,tp1pp1dp1etp1ep1,32
qwen3_32b__b200_sxm__empirical,qwen3_32b,b200_sxm,EMPIRICAL,decode,42.2145,36.371280000000006,1.160654780365167,36.371280000000006,36.371,7.698381800244882e-06,115.126,13.648,73.268,1551.841,1,1,3,15.635,tp4pp1dp1etp1ep1,184,184,3,13.178,tp4pp1dp1etp1ep1,24
qwen3_32b__b200_sxm__empirical,qwen3_32b,b200_sxm,EMPIRICAL,decode,25.895699999999998,23.5934,1.0975823747319164,23.5934,23.593,1.695389388553866e-05,187.672,13.721,72.879,1509.978,1,1,3,9.591,tp2pp1dp1etp1ep1,72,72,5,5.129,tp2pp1dp1etp1ep1,16
qwen3_32b__b200_sxm__empirical,qwen3_32b,b200_sxm,EMPIRICAL,prefill,20.544300000000003,24.67348,0.8326470364131854,20.544300000000003,20.544,1.4602590499693515e-05,78.853,13.997,71.446,1314.835,1,1,1,22.827,tp8pp1dp1etp1ep1,384,384,1,26.819,tp8pp1dp1etp1ep1,16
qwen3_32b__b200_sxm__empirical,qwen3_32b,b200_sxm,EMPIRICAL,decode,24.3405,20.94012,1.1623858889060807,20.94012,20.94,5.730626185476004e-06,332.764,13.923,71.826,670.084,1,1,5,5.409,tp1pp1dp1etp1ep1,12,12,27,0.843,tp1pp1dp1etp1ep1,32
qwen3_32b__b200_sxm__empirical,qwen3_32b,b200_sxm,EMPIRICAL,decode,14.0715,12.47428,1.1280410572794581,12.47428,12.474,2.2446185270817874e-05,115.126,14.995,66.688,1596.708,1,1,1,15.635,tp4pp1dp1etp1ep1,208,208,1,13.559,tp4pp1dp1etp1ep1,8
qwen3_32b__b200_sxm__empirical,qwen3_32b,b200_sxm,EMPIRICAL,decode,25.895699999999998,24.679000000000002,1.0493010251630939,24.679000000000002,24.679,1.4395695444712105e-16,187.672,14.577,68.602,1579.456,1,1,3,9.591,tp2pp1dp1etp1ep1,80,80,5,5.365,tp2pp1dp1etp1ep1,16
qwen3_32b__b200_sxm__empirical,qwen3_32b,b200_sxm,EMPIRICAL,prefill,20.544300000000003,24.7526,0.8299855368728942,20.544300000000003,20.544,1.4602590499693515e-05,78.853,14.824,67.459,1314.835,1,1,1,22.827,tp8pp1dp1etp1ep1,408,408,1,26.905,tp8pp1dp1etp1ep1,16
qwen3_32b__b200_sxm__empirical,qwen3_32b,b200_sxm,EMPIRICAL,prefill,19.4724,19.504000000000005,0.9983798195242,19.4724,19.472,2.054189519520284e-05,332.764,14.757,67.765,830.822,1,1,4,5.409,tp1pp1dp1etp1ep1,16,16,20,1.06,tp1pp1dp1etp1ep1,24
qwen3_32b__b200_sxm__empirical,qwen3_32b,b200_sxm,EMPIRICAL,prefill,25.895699999999998,26.082,0.9928571428571428,25.895699999999998,25.896,1.1584934950700447e-05,187.672,15.86,63.051,1657.325,1,1,3,9.591,tp2pp1dp1etp1ep1,92,92,5,5.67,tp2pp1dp1etp1ep1,16
qwen3_32b__b200_sxm__empirical,qwen3_32b,b200_sxm,EMPIRICAL,decode,14.0715,12.67484,1.1101915290449427,12.67484,12.675,1.2623433510880469e-05,115.126,15.893,62.921,1622.38,1,1,1,15.635,tp4pp1dp1etp1ep1,224,224,1,13.777,tp4pp1dp1etp1ep1,8
qwen3_32b__b200_sxm__empirical,qwen3_32b,b200_sxm,EMPIRICAL,prefill,20.544300000000003,24.83356,0.8272796973128301,20.544300000000003,20.544,1.4602590499693515e-05,78.853,15.934,62.759,1314.835,1,1,1,22.827,tp8pp1dp1etp1ep1,440,440,1,26.993,tp8pp1dp1etp1ep1,16
qwen3_32b__b200_sxm__empirical,qwen3_32b,b200_sxm,EMPIRICAL,decode,24.3405,21.91992,1.1104283227311047,21.91992,21.92,3.6496483564047723e-06,332.764,15.591,64.139,935.25,1,1,5,5.409,tp1pp1dp1etp1ep1,20,20,19,1.254,tp1pp1dp1etp1ep1,24
qwen3_32b__b200_sxm__empirical,qwen3_32b,b200_sxm,EMPIRICAL,prefill,25.895699999999998,26.9008,0.9626367989056087,25.895699999999998,25.896,1.1584934950700447e-05,187.672,16.715,59.825,1657.325,1,1,3,9.591,tp2pp1dp1etp1ep1,100,100,5,5.848,tp2pp1dp1etp1ep1,16
qwen3_32b__b200_sxm__empirical,qwen3_32b,b200_sxm,EMPIRICAL,decode,14.0715,12.85424,1.0946971582917386,12.85424,12.854,1.8670882137067012e-05,115.126,16.791,59.557,1645.343,1,1,1,15.635,tp4pp1dp1etp1ep1,240,240,1,13.972,tp4pp1dp1etp1ep1,8
qwen3_32b__b200_sxm__empirical,qwen3_32b,b200_sxm,EMPIRICAL,prefill,20.544300000000003,24.884159999999998,0.8255974885228196,20.544300000000003,20.544,1.4602590499693515e-05,78.853,16.769,59.634,1314.835,1,1,1,22.827,tp8pp1dp1etp1ep1,464,464,1,27.048,tp8pp1dp1etp1ep1,16
qwen3_32b__b200_sxm__empirical,qwen3_32b,b200_sxm,EMPIRICAL,prefill,34.0767,34.706999999999994,0.9818393983922554,34.0767,34.077,8.803669369268388e-06,332.764,16.842,59.374,1090.454,1,1,7,5.409,tp1pp1dp1etp1ep1,26,26,25,1.509,tp1pp1dp1etp1ep1,32
qwen3_32b__b200_sxm__empirical,qwen3_32b,b200_sxm,EMPIRICAL,decode,43.1595,39.17452,1.1017237735140086,39.17452,39.175,1.2252862319590364e-05,187.672,17.999,55.56,1671.446,1,1,5,9.591,tp2pp1dp1etp1ep1,112,112,7,6.083,tp2pp1dp1etp1ep1,24
qwen3_32b__b200_sxm__empirical,qwen3_32b,b200_sxm,EMPIRICAL,decode,14.0715,13.01524,1.0811556298616083,13.01524,13.015,1.8439921200054393e-05,115.126,17.688,56.534,1665.951,1,1,1,15.635,tp4pp1dp1etp1ep1,256,256,1,14.147,tp4pp1dp1etp1ep1,8
qwen3_32b__b200_sxm__empirical,qwen3_32b,b200_sxm,EMPIRICAL,prefill,20.544300000000003,24.94396,0.8236182226077977,20.544300000000003,20.544,1.4602590499693515e-05,78.853,17.882,55.921,1314.835,1,1,1,22.827,tp8pp1dp1etp1ep1,496,496,1,27.113,tp8pp1dp1etp1ep1,16
qwen3_32b__b200_sxm__empirical,qwen3_32b,b200_sxm,EMPIRICAL,decode,4.8681,4.5788400000000005,1.0631732054406793,4.5788400000000005,4.579,3.494334809673887e-05,332.764,17.677,56.572,1172.183,1,1,1,5.409,tp1pp1dp1etp1ep1,30,30,3,1.659,tp1pp1dp1etp1ep1,4
qwen3_32b__b200_sxm__empirical,qwen3_32b,b200_sxm,EMPIRICAL,decode,43.1595,40.069680000000005,1.0771111723377875,40.069680000000005,40.07,7.986088234170847e-06,187.672,18.854,53.039,1709.64,1,1,5,9.591,tp2pp1dp1etp1ep1,120,120,7,6.222,tp2pp1dp1etp1ep1,24
qwen3_32b__b200_sxm__empirical,qwen3_32b,b200_sxm,EMPIRICAL,decode,14.0715,13.1606,1.069214169566737,13.1606,13.161,3.0393751044714357e-05,115.126,18.586,53.803,1684.557,1,1,1,15.635,tp4pp1dp1etp1ep1,272,272,1,14.305,tp4pp1dp1etp1ep1,8
qwen3_32b__b200_sxm__empirical,qwen3_32b,b200_sxm,EMPIRICAL,prefill,20.544300000000003,24.97156,0.8227079125212844,20.544300000000003,20.544,1.4602590499693515e-05,78.853,18.439,54.233,1314.835,1,1,1,22.827,tp8pp1dp1etp1ep1,512,512,1,27.143,tp8pp1dp1etp1ep1,16
qwen3_32b__b200_sxm__empirical,qwen3_32b,b200_sxm,EMPIRICAL,decode,43.8129,39.33644,1.113799316867515,39.33644,39.336,1.1185557208650779e-05,332.764,18.928,52.831,1258.766,1,1,9,5.409,tp1pp1dp1etp1ep1,36,36,23,1.859,tp1pp1dp1etp1ep1,32
qwen3_32b__b200_sxm__empirical,qwen3_32b,b200_sxm,EMPIRICAL,decode,43.1595,40.88112,1.0557318390494193,40.88112,40.881,2.9353403234197717e-06,187.672,19.71,50.737,1744.261,1,1,5,9.591,tp2pp1dp1etp1ep1,128,128,7,6.348,tp2pp1dp1etp1ep1,24
qwen3_32b__b200_sxm__empirical,qwen3_32b,b200_sxm,EMPIRICAL,decode,14.0715,13.35472,1.0536724094552339,13.35472,13.355,2.0966369942616392e-05,115.126,19.933,50.168,1709.404,1,1,1,15.635,tp4pp1dp1etp1ep1,296,296,1,14.516,tp4pp1dp1etp1ep1,8
qwen3_32b__b200_sxm__empirical,qwen3_32b,b200_sxm,EMPIRICAL,decode,43.8129,41.875640000000004,1.0462622183207229,41.875640000000004,41.876,8.596883534042145e-06,332.764,19.762,50.601,1340.02,1,1,9,5.409,tp1pp1dp1etp1ep1,40,40,23,1.979,tp1pp1dp1etp1ep1,32
qwen3_32b__b200_sxm__empirical,qwen3_32b,b200_sxm,EMPIRICAL,prefill,43.1595,44.597,0.9677668901495616,43.1595,43.16,1.1584934950480937e-05,187.672,24.842,40.254,1841.472,1,1,5,9.591,tp2pp1dp1etp1ep1,176,176,7,6.925,tp2pp1dp1etp1ep1,24
qwen3_32b__b200_sxm__empirical,qwen3_32b,b200_sxm,EMPIRICAL,decode,14.0715,13.54424,1.038928725421286,13.54424,13.544,1.7719709633009745e-05,115.126,24.966,40.055,1733.663,1,1,1,15.635,tp4pp1dp1etp1ep1,376,376,1,14.722,tp4pp1dp1etp1ep1,8
qwen3_32b__b200_sxm__empirical,qwen3_32b,b200_sxm,EMPIRICAL,decode,38.9448,37.182719999999996,1.0473897552411444,37.182719999999996,37.183,7.530379703357116e-06,332.764,24.768,40.375,1586.463,1,1,8,5.409,tp1pp1dp1etp1ep1,64,64,16,2.526,tp1pp1dp1etp1ep1,24
qwen3_32b__b200_sxm__empirical,qwen3_32b,b200_sxm,EMPIRICAL,prefill,60.423300000000005,60.485400000000006,0.9989733059548255,60.423300000000005,60.423,4.9649721217287625e-06,187.672,29.975,33.361,1933.546,1,1,7,9.591,tp2pp1dp1etp1ep1,224,224,9,7.305,tp2pp1dp1etp1ep1,32
qwen3_32b__b200_sxm__empirical,qwen3_32b,b200_sxm,EMPIRICAL,decode,14.0715,13.59852,1.0347817262466799,13.59852,13.599,3.529795889549685e-05,115.126,29.627,33.753,1740.611,1,1,1,15.635,tp4pp1dp1etp1ep1,448,448,1,14.781,tp4pp1dp1etp1ep1,8
qwen3_32b__b200_sxm__empirical,qwen3_32b,b200_sxm,EMPIRICAL,prefill,53.549099999999996,55.81548,0.9593951355430428,53.549099999999996,53.549,1.867445017679368e-06,332.764,29.774,33.587,1713.571,1,1,11,5.409,tp1pp1dp1etp1ep1,88,88,21,2.889,tp1pp1dp1etp1ep1,32
qwen3_32b__b200_sxm__empirical,qwen3_32b,b200_sxm,EMPIRICAL,decode,14.0715,13.63532,1.0319889815567218,13.63532,13.635,2.3468462786375387e-05,115.126,33.77,29.612,1745.321,1,1,1,15.635,tp4pp1dp1etp1ep1,512,512,1,14.821,tp4pp1dp1etp1ep1,8
qwen3_32b__b200_sxm__silicon,qwen3_32b,b200_sxm,SILICON,decode,13.8132,4.50984,3.062902453302113,4.50984,4.51,3.547797704578434e-05,117.275,4.786,208.955,144.315,1,1,1,15.348,tp8pp1dp1etp1ep1,8,8,3,1.634,tp8pp1dp1etp1ep1,32
qwen3_32b__b200_sxm__silicon,qwen3_32b,b200_sxm,SILICON,decode,13.8132,7.58172,1.821908485145851,7.58172,7.582,3.6930933877808466e-05,117.275,5.693,175.64,242.615,1,1,1,15.348,tp8pp1dp1etp1ep1,16,16,3,2.747,tp8pp1dp1etp1ep1,32
qwen3_32b__b200_sxm__silicon,qwen3_32b,b200_sxm,SILICON,prefill,10.677600000000002,11.578199999999999,0.9222158884800749,10.677600000000002,10.678,3.746160185800814e-05,151.717,6.99,143.061,455.578,1,1,1,11.864,tp4pp1dp1etp1ep1,18,18,5,2.517,tp4pp1dp1etp1ep1,24
qwen3_32b__b200_sxm__silicon,qwen3_32b,b200_sxm,SILICON,decode,13.8132,8.53392,1.618623094662242,8.53392,8.534,9.374355513119891e-06,117.275,6.954,143.798,273.085,1,1,1,15.348,tp8pp1dp1etp1ep1,22,22,3,3.092,tp8pp1dp1etp1ep1,32
qwen3_32b__b200_sxm__silicon,qwen3_32b,b200_sxm,SILICON,decode,10.677600000000002,10.34448,1.0322026820101156,10.34448,10.344,4.6401559092517764e-05,151.717,7.824,127.808,662.047,1,1,1,11.864,tp4pp1dp1etp1ep1,30,30,3,3.748,tp4pp1dp1etp1ep1,16
qwen3_32b__b200_sxm__silicon,qwen3_32b,b200_sxm,SILICON,decode,13.8132,11.233200000000002,1.2296763166328382,11.233200000000002,11.233,1.7804365630569225e-05,117.275,7.686,130.109,359.462,1,1,1,15.348,tp8pp1dp1etp1ep1,32,32,3,4.07,tp8pp1dp1etp1ep1,32
qwen3_32b__b200_sxm__silicon,qwen3_32b,b200_sxm,SILICON,decode,21.355200000000004,16.092640000000003,1.3270165740363296,16.092640000000003,16.093,2.2370474949854674e-05,151.717,8.941,111.839,686.619,1,1,2,11.864,tp4pp1dp1etp1ep1,40,40,4,4.373,tp4pp1dp1etp1ep1,24
qwen3_32b__b200_sxm__silicon,qwen3_32b,b200_sxm,SILICON,decode,13.8132,13.11368,1.0533427687727626,13.11368,13.114,2.4401998523703492e-05,117.275,8.778,113.924,559.517,1,1,1,15.348,tp8pp1dp1etp1ep1,64,64,2,7.127,tp8pp1dp1etp1ep1,24
qwen3_32b__b200_sxm__silicon,qwen3_32b,b200_sxm,SILICON,decode,21.355200000000004,17.807520000000004,1.199223698751988,17.807520000000004,17.808,2.6954904444641312e-05,151.717,9.697,103.13,759.788,1,1,2,11.864,tp4pp1dp1etp1ep1,48,48,4,4.839,tp4pp1dp1etp1ep1,24
qwen3_32b__b200_sxm__silicon,qwen3_32b,b200_sxm,SILICON,prefill,13.8132,15.91784,0.867781055721128,13.8132,13.813,1.4478904236493636e-05,117.275,9.944,100.565,589.363,1,1,1,15.348,tp8pp1dp1etp1ep1,88,88,2,8.651,tp8pp1dp1etp1ep1,24
qwen3_32b__b200_sxm__silicon,qwen3_32b,b200_sxm,SILICON,decode,13.755600000000001,11.757600000000002,1.1699326393141456,11.757600000000002,11.758,3.4020548411010014e-05,235.534,9.947,100.531,501.658,1,1,2,7.642,tp2pp1dp1etp1ep1,13,13,10,1.278,tp2pp1dp1etp1ep1,24
qwen3_32b__b200_sxm__silicon,qwen3_32b,b200_sxm,SILICON,decode,21.355200000000004,21.281440000000003,1.0034659308768579,21.281440000000003,21.281,2.0675292649588507e-05,151.717,10.818,92.44,908.008,1,1,2,11.864,tp4pp1dp1etp1ep1,64,64,4,5.783,tp4pp1dp1etp1ep1,24
qwen3_32b__b200_sxm__silicon,qwen3_32b,b200_sxm,SILICON,decode,13.8132,10.86612,1.2712173250433456,10.86612,10.866,1.1043500347942609e-05,117.275,10.593,94.398,695.432,1,1,1,15.348,tp8pp1dp1etp1ep1,128,128,1,11.811,tp8pp1dp1etp1ep1,16
qwen3_32b__b200_sxm__silicon,qwen3_32b,b200_sxm,SILICON,prefill,20.6334,21.45624,0.9616503171105469,20.6334,20.633,1.9386043987060807e-05,235.534,10.896,91.775,660.269,1,1,3,7.642,tp2pp1dp1etp1ep1,20,20,13,1.794,tp2pp1dp1etp1ep1,32
qwen3_32b__b200_sxm__silicon,qwen3_32b,b200_sxm,SILICON,prefill,32.0328,33.212,0.9644947609297844,32.0328,32.033,6.2436003096680235e-06,151.717,11.915,83.927,1025.05,1,1,3,11.864,tp4pp1dp1etp1ep1,88,88,5,7.22,tp4pp1dp1etp1ep1,32
qwen3_32b__b200_sxm__silicon,qwen3_32b,b200_sxm,SILICON,prefill,6.877800000000001,7.24776,0.9489552634193186,6.877800000000001,6.878,2.9079065980332936e-05,235.534,11.913,83.94,880.358,1,1,1,7.642,tp2pp1dp1etp1ep1,32,32,3,2.626,tp2pp1dp1etp1ep1,8
qwen3_32b__b200_sxm__silicon,qwen3_32b,b200_sxm,SILICON,decode,13.8132,12.171600000000002,1.1348713398402839,12.171600000000002,12.172,3.2863386900577386e-05,117.275,11.821,84.592,778.982,1,1,1,15.348,tp8pp1dp1etp1ep1,160,160,1,13.23,tp8pp1dp1etp1ep1,16
qwen3_32b__b200_sxm__silicon,qwen3_32b,b200_sxm,SILICON,prefill,32.0328,38.8654,0.8241983872544731,32.0328,32.033,6.2436003096680235e-06,151.717,12.959,77.169,1025.05,1,1,3,11.864,tp4pp1dp1etp1ep1,112,112,5,8.449,tp4pp1dp1etp1ep1,32
qwen3_32b__b200_sxm__silicon,qwen3_32b,b200_sxm,SILICON,decode,34.389,28.09312,1.2241075394972152,28.09312,28.093,4.27150846894221e-06,235.534,12.678,78.879,898.98,1,1,5,7.642,tp2pp1dp1etp1ep1,36,36,11,2.776,tp2pp1dp1etp1ep1,32
qwen3_32b__b200_sxm__silicon,qwen3_32b,b200_sxm,SILICON,decode,13.8132,13.496400000000001,1.0234729261136302,13.496400000000001,13.496,2.9637532971817973e-05,117.275,12.794,78.164,863.77,1,1,1,15.348,tp8pp1dp1etp1ep1,192,192,1,14.67,tp8pp1dp1etp1ep1,16
qwen3_32b__b200_sxm__silicon,qwen3_32b,b200_sxm,SILICON,prefill,34.389,34.51932,0.9962247228508557,34.389,34.389,0.0,235.534,13.754,72.707,1100.448,1,1,5,7.642,tp2pp1dp1etp1ep1,48,48,11,3.411,tp2pp1dp1etp1ep1,32
qwen3_32b__b200_sxm__silicon,qwen3_32b,b200_sxm,SILICON,decode,32.0328,24.230040000000002,1.3220283581867796,24.230040000000002,24.23,1.6508433334009518e-06,151.717,13.807,72.427,1033.815,1,1,3,11.864,tp4pp1dp1etp1ep1,124,124,3,8.779,tp4pp1dp1etp1ep1,24
qwen3_32b__b200_sxm__silicon,qwen3_32b,b200_sxm,SILICON,prefill,13.8132,14.563600000000001,0.9484742783377735,13.8132,13.813,1.4478904236493636e-05,117.275,13.833,72.293,884.045,1,1,1,15.348,tp8pp1dp1etp1ep1,224,224,1,15.83,tp8pp1dp1etp1ep1,16
qwen3_32b__b200_sxm__silicon,qwen3_32b,b200_sxm,SILICON,decode,3.9492,3.02588,1.3051409837799253,3.02588,3.026,3.9657884648399135e-05,410.252,13.672,73.142,129.104,1,1,1,4.388,tp1pp1dp1etp1ep1,2,2,23,0.143,tp1pp1dp1etp1ep1,24
qwen3_32b__b200_sxm__silicon,qwen3_32b,b200_sxm,SILICON,prefill,27.511200000000002,28.79968,0.9552606140068224,27.511200000000002,27.511,7.269766495212371e-06,235.534,14.989,66.716,1173.811,1,1,4,7.642,tp2pp1dp1etp1ep1,60,60,8,3.913,tp2pp1dp1etp1ep1,24
qwen3_32b__b200_sxm__silicon,qwen3_32b,b200_sxm,SILICON,decode,10.677600000000002,8.18248,1.3049344453026468,8.18248,8.182,5.866192156896098e-05,151.717,14.067,71.086,1047.357,1,1,1,11.864,tp4pp1dp1etp1ep1,128,128,1,8.894,tp4pp1dp1etp1ep1,8
qwen3_32b__b200_sxm__silicon,qwen3_32b,b200_sxm,SILICON,prefill,13.8132,15.462439999999999,0.8933389555594072,13.8132,13.813,1.4478904236493636e-05,117.275,14.89,67.161,884.045,1,1,1,15.348,tp8pp1dp1etp1ep1,256,256,1,16.807,tp8pp1dp1etp1ep1,16
qwen3_32b__b200_sxm__silicon,qwen3_32b,b200_sxm,SILICON,decode,3.9492,3.0268,1.304744284392758,3.0268,3.027,6.60763843002438e-05,410.252,14.573,68.621,387.43,1,1,1,4.388,tp1pp1dp1etp1ep1,7,7,7,0.47,tp1pp1dp1etp1ep1,8
qwen3_32b__b200_sxm__silicon,qwen3_32b,b200_sxm,SILICON,decode,20.6334,18.703599999999998,1.103177997818602,18.703599999999998,18.704,2.1386257191269087e-05,235.534,15.387,64.988,1197.03,1,1,3,7.642,tp2pp1dp1etp1ep1,64,64,5,4.066,tp2pp1dp1etp1ep1,16
qwen3_32b__b200_sxm__silicon,qwen3_32b,b200_sxm,SILICON,decode,10.677600000000002,8.23124,1.2972043094357597,8.23124,8.231,2.915721082118805e-05,151.717,15.733,63.56,1053.599,1,1,1,11.864,tp4pp1dp1etp1ep1,144,144,1,8.947,tp4pp1dp1etp1ep1,8
qwen3_32b__b200_sxm__silicon,qwen3_32b,b200_sxm,SILICON,prefill,19.746,19.946520000000003,0.9899471185951232,19.746,19.746,0.0,410.252,15.829,63.177,631.872,1,1,5,4.388,tp1pp1dp1etp1ep1,13,13,27,0.803,tp1pp1dp1etp1ep1,32
qwen3_32b__b200_sxm__silicon,qwen3_32b,b200_sxm,SILICON,decode,20.6334,20.355,1.0136772291820193,20.355,20.355,0.0,235.534,16.79,59.559,1302.72,1,1,3,7.642,tp2pp1dp1etp1ep1,76,76,5,4.425,tp2pp1dp1etp1ep1,16
qwen3_32b__b200_sxm__silicon,qwen3_32b,b200_sxm,SILICON,decode,10.677600000000002,8.68112,1.2299795418102735,8.68112,8.681,1.3823101166760297e-05,151.717,16.574,60.334,1111.183,1,1,1,11.864,tp4pp1dp1etp1ep1,160,160,1,9.436,tp4pp1dp1etp1ep1,8
qwen3_32b__b200_sxm__silicon,qwen3_32b,b200_sxm,SILICON,prefill,13.8132,15.837800000000001,0.8721665887938981,13.8132,13.813,1.4478904236493636e-05,117.275,16.808,59.497,884.045,1,1,1,15.348,tp8pp1dp1etp1ep1,296,296,1,17.215,tp8pp1dp1etp1ep1,16
qwen3_32b__b200_sxm__silicon,qwen3_32b,b200_sxm,SILICON,decode,11.8476,11.2424,1.0538319220095353,11.2424,11.242,3.557959154620613e-05,410.252,16.636,60.111,719.514,1,1,3,4.388,tp1pp1dp1etp1ep1,16,16,13,0.94,tp1pp1dp1etp1ep1,16
qwen3_32b__b200_sxm__silicon,qwen3_32b,b200_sxm,SILICON,prefill,20.6334,21.4728,0.9609086844752432,20.6334,20.633,1.9386043987060807e-05,235.534,17.589,56.853,1320.538,1,1,3,7.642,tp2pp1dp1etp1ep1,84,84,5,4.668,tp2pp1dp1etp1ep1,16
qwen3_32b__b200_sxm__silicon,qwen3_32b,b200_sxm,SILICON,decode,10.677600000000002,8.847640000000002,1.2068302959885346,8.847640000000002,8.848,4.068881645261399e-05,151.717,17.889,55.901,1132.498,1,1,1,11.864,tp4pp1dp1etp1ep1,176,176,1,9.617,tp4pp1dp1etp1ep1,8
qwen3_32b__b200_sxm__silicon,qwen3_32b,b200_sxm,SILICON,prefill,13.8132,16.22052,0.8515879885478393,13.8132,13.813,1.4478904236493636e-05,117.275,17.742,56.365,884.045,1,1,1,15.348,tp8pp1dp1etp1ep1,320,320,1,17.631,tp8pp1dp1etp1ep1,16
qwen3_32b__b200_sxm__silicon,qwen3_32b,b200_sxm,SILICON,decode,27.6444,27.577,1.0024440657069296,27.577,27.577,0.0,410.252,17.938,55.747,882.464,1,1,7,4.388,tp1pp1dp1etp1ep1,22,22,25,1.199,tp1pp1dp1etp1ep1,32
qwen3_32b__b200_sxm__silicon,qwen3_32b,b200_sxm,SILICON,decode,34.389,32.08408,1.0718399904251579,32.08408,32.084,2.493448464066022e-06,235.534,18.836,53.09,1368.921,1,1,5,7.642,tp2pp1dp1etp1ep1,96,96,7,4.982,tp2pp1dp1etp1ep1,24
qwen3_32b__b200_sxm__silicon,qwen3_32b,b200_sxm,SILICON,decode,10.677600000000002,8.92584,1.1962571589900783,8.92584,8.926,1.79254837639115e-05,151.717,18.538,53.942,1142.508,1,1,1,11.864,tp4pp1dp1etp1ep1,184,184,1,9.702,tp4pp1dp1etp1ep1,8
qwen3_32b__b200_sxm__silicon,qwen3_32b,b200_sxm,SILICON,decode,23.6952,22.521600000000003,1.0521099744245523,22.521600000000003,22.522,1.7760727479198415e-05,410.252,18.692,53.498,960.922,1,1,6,4.388,tp1pp1dp1etp1ep1,26,26,18,1.36,tp1pp1dp1etp1ep1,24
qwen3_32b__b200_sxm__silicon,qwen3_32b,b200_sxm,SILICON,prefill,13.8132,16.672240000000002,0.8285149446025248,13.8132,13.813,1.4478904236493636e-05,117.275,18.987,52.668,884.045,1,1,1,15.348,tp8pp1dp1etp1ep1,352,352,1,18.122,tp8pp1dp1etp1ep1,16
qwen3_32b__b200_sxm__silicon,qwen3_32b,b200_sxm,SILICON,decode,34.389,33.07584,1.039701486039357,33.07584,33.076,4.837367698025151e-06,235.534,19.792,50.524,1411.236,1,1,5,7.642,tp2pp1dp1etp1ep1,104,104,7,5.136,tp2pp1dp1etp1ep1,24
qwen3_32b__b200_sxm__silicon,qwen3_32b,b200_sxm,SILICON,decode,10.677600000000002,9.35732,1.1410959548246722,9.35732,9.357,3.419782587325431e-05,151.717,19.991,50.022,1197.737,1,1,1,11.864,tp4pp1dp1etp1ep1,208,208,1,10.171,tp4pp1dp1etp1ep1,8
qwen3_32b__b200_sxm__silicon,qwen3_32b,b200_sxm,SILICON,decode,35.5428,33.390480000000004,1.0644590913338172,33.390480000000004,33.39,1.437535489166806e-05,410.252,19.823,50.446,1068.495,1,1,9,4.388,tp1pp1dp1etp1ep1,32,32,23,1.578,tp1pp1dp1etp1ep1,32
qwen3_32b__b200_sxm__silicon,qwen3_32b,b200_sxm,SILICON,prefill,13.8132,16.974,0.8137857900318134,13.8132,13.813,1.4478904236493636e-05,117.275,19.921,50.198,884.045,1,1,1,15.348,tp8pp1dp1etp1ep1,376,376,1,18.45,tp8pp1dp1etp1ep1,16
qwen3_32b__b200_sxm__silicon,qwen3_32b,b200_sxm,SILICON,decode,48.144600000000004,47.10492,1.0220715797840227,47.10492,47.105,1.6983363945203895e-06,235.534,24.742,40.417,1507.357,1,1,7,7.642,tp2pp1dp1etp1ep1,144,144,9,5.689,tp2pp1dp1etp1ep1,32
qwen3_32b__b200_sxm__silicon,qwen3_32b,b200_sxm,SILICON,prefill,43.4412,45.440639999999995,0.9559988591709977,43.4412,43.441,4.603924385135169e-06,410.252,24.933,40.107,1390.118,1,1,11,4.388,tp1pp1dp1etp1ep1,60,60,21,2.352,tp1pp1dp1etp1ep1,32
qwen3_32b__b200_sxm__silicon,qwen3_32b,b200_sxm,SILICON,decode,10.677600000000002,10.469600000000002,1.0198670436310844,10.469600000000002,10.47,3.82058531366115e-05,151.717,24.739,40.422,1340.109,1,1,1,11.864,tp4pp1dp1etp1ep1,288,288,1,11.38,tp4pp1dp1etp1ep1,8
qwen3_32b__b200_sxm__silicon,qwen3_32b,b200_sxm,SILICON,prefill,13.8132,18.2298,0.7577263601356021,13.8132,13.813,1.4478904236493636e-05,117.275,24.863,40.22,884.045,1,1,1,15.348,tp8pp1dp1etp1ep1,504,504,1,19.815,tp8pp1dp1etp1ep1,16
qwen3_32b__b200_sxm__silicon,qwen3_32b,b200_sxm,SILICON,decode,51.3396,48.54196000000001,1.057633437133564,48.54196000000001,48.542,8.240293550441774e-07,410.252,29.568,33.821,1553.343,1,1,13,4.388,tp1pp1dp1etp1ep1,84,84,19,2.777,tp1pp1dp1etp1ep1,32
qwen3_32b__b200_sxm__silicon,qwen3_32b,b200_sxm,SILICON,prefill,48.144600000000004,51.02964,0.943463445950236,48.144600000000004,48.145,8.30830456580941e-06,235.534,29.183,34.267,1540.627,1,1,7,7.642,tp2pp1dp1etp1ep1,184,184,9,6.163,tp2pp1dp1etp1ep1,32
qwen3_32b__b200_sxm__silicon,qwen3_32b,b200_sxm,SILICON,prefill,10.677600000000002,11.12832,0.9594979296066254,10.677600000000002,10.678,3.746160185800814e-05,151.717,29.74,33.625,1366.733,1,1,1,11.864,tp4pp1dp1etp1ep1,368,368,1,12.096,tp4pp1dp1etp1ep1,8
qwen3_32b__b200_sxm__silicon,qwen3_32b,b200_sxm,SILICON,prefill,13.8132,18.29236,0.7551349306486425,13.8132,13.813,1.4478904236493636e-05,117.275,25.172,39.727,884.045,1,1,1,15.348,tp8pp1dp1etp1ep1,512,512,1,19.883,tp8pp1dp1etp1ep1,16
qwen3_32b__b200_sxm__silicon,qwen3_32b,b200_sxm,SILICON,decode,51.3396,49.852959999999996,1.0298204961149748,49.852959999999996,49.853,8.023595791622227e-07,410.252,30.165,33.151,1595.295,1,1,13,4.388,tp1pp1dp1etp1ep1,88,88,19,2.852,tp1pp1dp1etp1ep1,32
qwen3_32b__b200_sxm__silicon,qwen3_32b,b200_sxm,SILICON,prefill,48.144600000000004,53.911080000000005,0.8930372012580716,48.144600000000004,48.145,8.30830456580941e-06,235.534,33.628,29.737,1540.627,1,1,7,7.642,tp2pp1dp1etp1ep1,224,224,9,6.511,tp2pp1dp1etp1ep1,32
qwen3_32b__b200_sxm__silicon,qwen3_32b,b200_sxm,SILICON,prefill,10.677600000000002,11.60028,0.9204605406076407,10.677600000000002,10.678,3.746160185800814e-05,151.717,34.73,28.794,1366.733,1,1,1,11.864,tp4pp1dp1etp1ep1,448,448,1,12.609,tp4pp1dp1etp1ep1,8
qwen3_32b__b200_sxm__silicon,qwen3_32b,b200_sxm,SILICON,prefill,10.677600000000002,11.893760000000002,0.8977480628497633,10.677600000000002,10.678,3.746160185800814e-05,151.717,38.712,25.832,1366.733,1,1,1,11.864,tp4pp1dp1etp1ep1,512,512,1,12.928,tp4pp1dp1etp1ep1,8
qwen3_32b__b300_sxm__analytical,qwen3_32b,b300_sxm,ANALYTICAL,decode,16.9605,8.09784,2.0944474081977416,8.09784,8.098,1.9758355314633062e-05,95.517,3.998,250.15,259.131,1,1,1,18.845,tp8pp1dp1etp1ep1,12,12,3,2.934,tp8pp1dp1etp1ep1,32
qwen3_32b__b300_sxm__analytical,qwen3_32b,b300_sxm,ANALYTICAL,decode,16.9605,13.09712,1.2949793542397106,13.09712,13.097,9.162319655068148e-06,95.517,4.944,202.273,558.81,1,1,1,18.845,tp8pp1dp1etp1ep1,36,36,2,7.118,tp8pp1dp1etp1ep1,24
qwen3_32b__b300_sxm__analytical,qwen3_32b,b300_sxm,ANALYTICAL,prefill,16.9605,18.25464,0.9291062436728416,16.9605,16.96,2.9480262963876933e-05,95.517,5.912,169.147,723.648,1,1,1,18.845,tp8pp1dp1etp1ep1,60,60,2,9.921,tp8pp1dp1etp1ep1,24
qwen3_32b__b300_sxm__analytical,qwen3_32b,b300_sxm,ANALYTICAL,decode,11.4021,10.5018,1.0857281608867053,10.5018,10.502,1.9044354301292185e-05,142.074,5.993,166.855,448.077,1,1,1,12.669,tp4pp1dp1etp1ep1,14,14,5,2.283,tp4pp1dp1etp1ep1,24
qwen3_32b__b300_sxm__analytical,qwen3_32b,b300_sxm,ANALYTICAL,prefill,16.9605,21.95856,0.7723867138828776,16.9605,16.96,2.9480262963876933e-05,95.517,6.88,145.344,723.648,1,1,1,18.845,tp8pp1dp1etp1ep1,84,84,2,11.934,tp8pp1dp1etp1ep1,24
qwen3_32b__b300_sxm__analytical,qwen3_32b,b300_sxm,ANALYTICAL,decode,11.4021,10.1706,1.1210843018111025,10.1706,10.171,3.932904646717674e-05,142.074,6.897,144.987,650.918,1,1,1,12.669,tp4pp1dp1etp1ep1,26,26,3,3.685,tp4pp1dp1etp1ep1,16
qwen3_32b__b300_sxm__analytical,qwen3_32b,b300_sxm,ANALYTICAL,decode,16.9605,12.374920000000001,1.3705543146945596,12.374920000000001,12.375,6.4646882564693535e-06,95.517,7.848,127.415,791.995,1,1,1,18.845,tp8pp1dp1etp1ep1,108,108,1,13.451,tp8pp1dp1etp1ep1,16
qwen3_32b__b300_sxm__analytical,qwen3_32b,b300_sxm,ANALYTICAL,decode,22.8042,18.09456,1.2602793325728838,18.09456,18.095,2.431670070991245e-05,142.074,7.952,125.758,772.035,1,1,2,12.669,tp4pp1dp1etp1ep1,40,40,4,4.917,tp4pp1dp1etp1ep1,24
qwen3_32b__b300_sxm__analytical,qwen3_32b,b300_sxm,ANALYTICAL,decode,22.8042,21.1232,1.0795807453416149,21.1232,21.123,9.468262384465132e-06,142.074,8.856,112.921,901.257,1,1,2,12.669,tp4pp1dp1etp1ep1,52,52,4,5.74,tp4pp1dp1etp1ep1,24
qwen3_32b__b300_sxm__analytical,qwen3_32b,b300_sxm,ANALYTICAL,decode,16.9605,13.62336,1.2449571911775068,13.62336,13.623,2.642519906987572e-05,95.517,8.978,111.384,871.895,1,1,1,18.845,tp8pp1dp1etp1ep1,136,136,1,14.808,tp8pp1dp1etp1ep1,16
qwen3_32b__b300_sxm__analytical,qwen3_32b,b300_sxm,ANALYTICAL,decode,6.8877,5.596360000000001,1.2307464137403596,5.596360000000001,5.596,6.432752717848424e-05,235.19,8.995,111.17,358.167,1,1,1,7.653,tp2pp1dp1etp1ep1,8,8,7,0.869,tp2pp1dp1etp1ep1,16
qwen3_32b__b300_sxm__analytical,qwen3_32b,b300_sxm,ANALYTICAL,prefill,22.8042,23.588800000000003,0.9667384521467814,22.8042,22.804,8.770314240494583e-06,142.074,9.76,102.463,972.979,1,1,2,12.669,tp4pp1dp1etp1ep1,64,64,4,6.41,tp4pp1dp1etp1ep1,24
qwen3_32b__b300_sxm__analytical,qwen3_32b,b300_sxm,ANALYTICAL,decode,16.9605,14.467,1.1723577797746596,14.467,14.467,0.0,95.517,9.946,100.541,925.888,1,1,1,18.845,tp8pp1dp1etp1ep1,160,160,1,15.725,tp8pp1dp1etp1ep1,16
qwen3_32b__b300_sxm__analytical,qwen3_32b,b300_sxm,ANALYTICAL,decode,13.7754,12.7604,1.0795429610357041,12.7604,12.76,3.134697971857027e-05,235.19,9.867,101.347,544.444,1,1,2,7.653,tp2pp1dp1etp1ep1,14,14,10,1.387,tp2pp1dp1etp1ep1,24
qwen3_32b__b300_sxm__analytical,qwen3_32b,b300_sxm,ANALYTICAL,decode,34.206300000000006,32.8072,1.0426461264600455,32.8072,32.807,6.096222780351078e-06,142.074,10.965,91.2,1049.83,1,1,3,12.669,tp4pp1dp1etp1ep1,80,80,5,7.132,tp4pp1dp1etp1ep1,32
qwen3_32b__b300_sxm__analytical,qwen3_32b,b300_sxm,ANALYTICAL,decode,16.9605,15.161600000000002,1.118648427606585,15.161600000000002,15.162,2.6382439847975658e-05,95.517,10.914,91.623,970.342,1,1,1,18.845,tp8pp1dp1etp1ep1,184,184,1,16.48,tp8pp1dp1etp1ep1,16
qwen3_32b__b300_sxm__analytical,qwen3_32b,b300_sxm,ANALYTICAL,prefill,20.6631,21.77916,0.948755599389508,20.6631,20.663,4.8395448891873405e-06,235.19,10.739,93.12,661.219,1,1,3,7.653,tp2pp1dp1etp1ep1,20,20,13,1.821,tp2pp1dp1etp1ep1,32
qwen3_32b__b300_sxm__analytical,qwen3_32b,b300_sxm,ANALYTICAL,prefill,34.206300000000006,34.8542,0.981411135530295,34.206300000000006,34.206,8.770314240442651e-06,142.074,11.869,84.254,1094.602,1,1,3,12.669,tp4pp1dp1etp1ep1,92,92,5,7.577,tp4pp1dp1etp1ep1,32
qwen3_32b__b300_sxm__analytical,qwen3_32b,b300_sxm,ANALYTICAL,decode,16.9605,15.742120000000002,1.0773961829791665,15.742120000000002,15.742,7.622861469788449e-06,95.517,11.883,84.157,1007.496,1,1,1,18.845,tp8pp1dp1etp1ep1,208,208,1,17.111,tp8pp1dp1etp1ep1,16
qwen3_32b__b300_sxm__analytical,qwen3_32b,b300_sxm,ANALYTICAL,decode,6.8877,6.348,1.0850189035916824,6.348,6.348,0.0,235.19,11.901,84.024,812.544,1,1,1,7.653,tp2pp1dp1etp1ep1,28,28,3,2.3,tp2pp1dp1etp1ep1,8
qwen3_32b__b300_sxm__analytical,qwen3_32b,b300_sxm,ANALYTICAL,prefill,34.206300000000006,36.6114,0.9343073468919517,34.206300000000006,34.206,8.770314240442651e-06,142.074,12.773,78.291,1094.602,1,1,3,12.669,tp4pp1dp1etp1ep1,104,104,5,7.959,tp4pp1dp1etp1ep1,32
qwen3_32b__b300_sxm__analytical,qwen3_32b,b300_sxm,ANALYTICAL,decode,16.9605,16.23616,1.0446127655800386,16.23616,16.236,9.854546887998652e-06,95.517,12.851,77.817,1039.114,1,1,1,18.845,tp8pp1dp1etp1ep1,232,232,1,17.648,tp8pp1dp1etp1ep1,16
qwen3_32b__b300_sxm__analytical,qwen3_32b,b300_sxm,ANALYTICAL,prefill,6.8877,6.91656,0.9958274055310733,6.8877,6.888,4.355590400281502e-05,235.19,12.483,80.112,881.626,1,1,1,7.653,tp2pp1dp1etp1ep1,32,32,3,2.506,tp2pp1dp1etp1ep1,8
qwen3_32b__b300_sxm__analytical,qwen3_32b,b300_sxm,ANALYTICAL,prefill,34.206300000000006,38.603199999999994,0.8861001160525556,34.206300000000006,34.206,8.770314240442651e-06,142.074,13.978,71.541,1094.602,1,1,3,12.669,tp4pp1dp1etp1ep1,120,120,5,8.392,tp4pp1dp1etp1ep1,32
qwen3_32b__b300_sxm__analytical,qwen3_32b,b300_sxm,ANALYTICAL,decode,16.9605,16.660280000000004,1.0180201053043523,16.660280000000004,16.66,1.680644022811205e-05,95.517,13.819,72.365,1066.258,1,1,1,18.845,tp8pp1dp1etp1ep1,256,256,1,18.109,tp8pp1dp1etp1ep1,16
qwen3_32b__b300_sxm__analytical,qwen3_32b,b300_sxm,ANALYTICAL,decode,34.438500000000005,29.00392,1.1873739825513243,29.00392,29.004,2.758247850653432e-06,235.19,13.645,73.287,928.125,1,1,5,7.653,tp2pp1dp1etp1ep1,40,40,11,2.866,tp2pp1dp1etp1ep1,32
qwen3_32b__b300_sxm__analytical,qwen3_32b,b300_sxm,ANALYTICAL,decode,3.8439,1.9964000000000004,1.9254157483470242,1.9964000000000004,1.996,0.00020036064916870364,421.42,13.936,71.758,63.885,1,1,1,4.271,tp1pp1dp1etp1ep1,1,1,31,0.07,tp1pp1dp1etp1ep1,32
qwen3_32b__b300_sxm__analytical,qwen3_32b,b300_sxm,ANALYTICAL,prefill,34.206300000000006,39.4726,0.8665834021574461,34.206300000000006,34.206,8.770314240442651e-06,142.074,14.581,68.584,1094.602,1,1,3,12.669,tp4pp1dp1etp1ep1,128,128,5,8.581,tp4pp1dp1etp1ep1,32
qwen3_32b__b300_sxm__analytical,qwen3_32b,b300_sxm,ANALYTICAL,prefill,16.9605,17.029200000000003,0.9959657529420053,16.9605,16.96,2.9480262963876933e-05,95.517,14.787,67.627,1085.472,1,1,1,18.845,tp8pp1dp1etp1ep1,280,280,1,18.51,tp8pp1dp1etp1ep1,16
qwen3_32b__b300_sxm__analytical,qwen3_32b,b300_sxm,ANALYTICAL,decode,34.438500000000005,32.070280000000004,1.0738446935916992,32.070280000000004,32.07,8.730824925869392e-06,235.19,14.807,67.534,1026.249,1,1,5,7.653,tp2pp1dp1etp1ep1,48,48,11,3.169,tp2pp1dp1etp1ep1,32
qwen3_32b__b300_sxm__analytical,qwen3_32b,b300_sxm,ANALYTICAL,decode,3.8439,3.657,1.051107465135357,3.657,3.657,0.0,421.42,14.762,67.74,234.048,1,1,1,4.271,tp1pp1dp1etp1ep1,4,4,15,0.265,tp1pp1dp1etp1ep1,16
qwen3_32b__b300_sxm__analytical,qwen3_32b,b300_sxm,ANALYTICAL,prefill,34.438500000000005,34.69136,0.9927111534399343,34.438500000000005,34.439,1.4518634667458859e-05,235.19,15.97,62.618,1102.032,1,1,5,7.653,tp2pp1dp1etp1ep1,56,56,11,3.428,tp2pp1dp1etp1ep1,32
qwen3_32b__b300_sxm__analytical,qwen3_32b,b300_sxm,ANALYTICAL,prefill,34.206300000000006,41.0182,0.8339298165204715,34.206300000000006,34.206,8.770314240442651e-06,142.074,15.786,63.348,1094.602,1,1,3,12.669,tp4pp1dp1etp1ep1,144,144,5,8.917,tp4pp1dp1etp1ep1,32
qwen3_32b__b300_sxm__analytical,qwen3_32b,b300_sxm,ANALYTICAL,prefill,16.9605,17.352120000000003,0.9774309997856168,16.9605,16.96,2.9480262963876933e-05,95.517,15.755,63.471,1085.472,1,1,1,18.845,tp8pp1dp1etp1ep1,304,304,1,18.861,tp8pp1dp1etp1ep1,16
qwen3_32b__b300_sxm__analytical,qwen3_32b,b300_sxm,ANALYTICAL,decode,11.531699999999999,9.505440000000002,1.2131684593243444,9.505440000000002,9.505,4.628928276872045e-05,421.42,15.903,62.88,405.565,1,1,3,4.271,tp1pp1dp1etp1ep1,8,8,21,0.492,tp1pp1dp1etp1ep1,24
qwen3_32b__b300_sxm__analytical,qwen3_32b,b300_sxm,ANALYTICAL,decode,27.5508,26.083840000000002,1.0562401854941603,26.083840000000002,26.084,6.1340661496733406e-06,235.19,16.551,60.419,1112.911,1,1,4,7.653,tp2pp1dp1etp1ep1,60,60,8,3.544,tp2pp1dp1etp1ep1,24
qwen3_32b__b300_sxm__analytical,qwen3_32b,b300_sxm,ANALYTICAL,prefill,34.206300000000006,42.343,0.8078383676168435,34.206300000000006,34.206,8.770314240442651e-06,142.074,16.991,58.854,1094.602,1,1,3,12.669,tp4pp1dp1etp1ep1,160,160,5,9.205,tp4pp1dp1etp1ep1,32
qwen3_32b__b300_sxm__analytical,qwen3_32b,b300_sxm,ANALYTICAL,prefill,16.9605,17.63824,0.9615755313455311,16.9605,16.96,2.9480262963876933e-05,95.517,16.723,59.796,1085.472,1,1,1,18.845,tp8pp1dp1etp1ep1,328,328,1,19.172,tp8pp1dp1etp1ep1,16
qwen3_32b__b300_sxm__analytical,qwen3_32b,b300_sxm,ANALYTICAL,decode,19.2195,15.947280000000001,1.205189850557587,15.947280000000001,15.947,1.755785312616536e-05,421.42,16.759,59.67,510.313,1,1,5,4.271,tp1pp1dp1etp1ep1,11,11,27,0.642,tp1pp1dp1etp1ep1,32
qwen3_32b__b300_sxm__analytical,qwen3_32b,b300_sxm,ANALYTICAL,prefill,27.5508,27.62208,0.997419455739756,27.5508,27.551,7.259317333781011e-06,235.19,17.713,56.454,1175.501,1,1,4,7.653,tp2pp1dp1etp1ep1,68,68,8,3.753,tp2pp1dp1etp1ep1,24
qwen3_32b__b300_sxm__analytical,qwen3_32b,b300_sxm,ANALYTICAL,decode,11.4021,8.58728,1.3277894746648533,8.58728,8.587,3.260636662599309e-05,142.074,17.594,56.838,1099.172,1,1,1,12.669,tp4pp1dp1etp1ep1,168,168,1,9.334,tp4pp1dp1etp1ep1,8
qwen3_32b__b300_sxm__analytical,qwen3_32b,b300_sxm,ANALYTICAL,prefill,16.9605,17.89308,0.9478804096332213,16.9605,16.96,2.9480262963876933e-05,95.517,17.692,56.524,1085.472,1,1,1,18.845,tp8pp1dp1etp1ep1,352,352,1,19.449,tp8pp1dp1etp1ep1,16
qwen3_32b__b300_sxm__analytical,qwen3_32b,b300_sxm,ANALYTICAL,decode,15.3756,15.0696,1.0203057811753464,15.0696,15.07,2.6543504804430387e-05,421.42,17.9,55.866,642.97,1,1,4,4.271,tp1pp1dp1etp1ep1,15,15,20,0.819,tp1pp1dp1etp1ep1,24
qwen3_32b__b300_sxm__analytical,qwen3_32b,b300_sxm,ANALYTICAL,prefill,27.5508,28.96896,0.951045532873807,27.5508,27.551,7.259317333781011e-06,235.19,18.876,52.978,1175.501,1,1,4,7.653,tp2pp1dp1etp1ep1,76,76,8,3.936,tp2pp1dp1etp1ep1,24
qwen3_32b__b300_sxm__analytical,qwen3_32b,b300_sxm,ANALYTICAL,decode,34.206300000000006,26.407680000000003,1.2953163625127238,26.407680000000003,26.408,1.2117686975854889e-05,142.074,18.799,53.194,1126.728,1,1,3,12.669,tp4pp1dp1etp1ep1,184,184,3,9.568,tp4pp1dp1etp1ep1,24
qwen3_32b__b300_sxm__analytical,qwen3_32b,b300_sxm,ANALYTICAL,prefill,16.9605,18.19208,0.9323013091411207,16.9605,16.96,2.9480262963876933e-05,95.517,18.983,52.68,1085.472,1,1,1,18.845,tp8pp1dp1etp1ep1,384,384,1,19.774,tp8pp1dp1etp1ep1,16
qwen3_32b__b300_sxm__analytical,qwen3_32b,b300_sxm,ANALYTICAL,decode,11.531699999999999,11.21848,1.0279200034229234,11.21848,11.218,4.278654505776111e-05,421.42,18.756,53.317,717.983,1,1,3,4.271,tp1pp1dp1etp1ep1,18,18,13,0.938,tp1pp1dp1etp1ep1,16
qwen3_32b__b300_sxm__analytical,qwen3_32b,b300_sxm,ANALYTICAL,decode,20.6631,18.4874,1.1176855588130294,18.4874,18.487,2.1636357735680543e-05,235.19,19.457,51.395,1183.194,1,1,3,7.653,tp2pp1dp1etp1ep1,80,80,5,4.019,tp2pp1dp1etp1ep1,16
qwen3_32b__b300_sxm__analytical,qwen3_32b,b300_sxm,ANALYTICAL,decode,34.206300000000006,26.70024,1.2811233157454767,26.70024,26.7,8.988683247849917e-06,142.074,19.402,51.542,1139.21,1,1,3,12.669,tp4pp1dp1etp1ep1,192,192,3,9.674,tp4pp1dp1etp1ep1,24
qwen3_32b__b300_sxm__analytical,qwen3_32b,b300_sxm,ANALYTICAL,prefill,16.9605,18.39172,0.9221812859264931,16.9605,16.96,2.9480262963876933e-05,95.517,19.951,50.123,1085.472,1,1,1,18.845,tp8pp1dp1etp1ep1,408,408,1,19.991,tp8pp1dp1etp1ep1,16
qwen3_32b__b300_sxm__analytical,qwen3_32b,b300_sxm,ANALYTICAL,decode,19.2195,18.89588,1.0171264847151866,18.89588,18.896,6.350590710914893e-06,421.42,19.897,50.259,806.224,1,1,5,4.271,tp1pp1dp1etp1ep1,22,22,19,1.081,tp1pp1dp1etp1ep1,24
qwen3_32b__b300_sxm__analytical,qwen3_32b,b300_sxm,ANALYTICAL,prefill,20.6631,21.1278,0.9780052821401187,20.6631,20.663,4.8395448891873405e-06,235.19,24.688,40.506,1322.438,1,1,3,7.653,tp2pp1dp1etp1ep1,116,116,5,4.593,tp2pp1dp1etp1ep1,16
qwen3_32b__b300_sxm__analytical,qwen3_32b,b300_sxm,ANALYTICAL,decode,11.4021,9.5634,1.1922642574816489,9.5634,9.563,4.1826128782553044e-05,142.074,24.825,40.281,1224.115,1,1,1,12.669,tp4pp1dp1etp1ep1,264,264,1,10.395,tp4pp1dp1etp1ep1,8
qwen3_32b__b300_sxm__analytical,qwen3_32b,b300_sxm,ANALYTICAL,prefill,16.9605,19.06884,0.8894353300987369,16.9605,16.96,2.9480262963876933e-05,95.517,24.146,41.414,1085.472,1,1,1,18.845,tp8pp1dp1etp1ep1,512,512,1,20.727,tp8pp1dp1etp1ep1,16
qwen3_32b__b300_sxm__analytical,qwen3_32b,b300_sxm,ANALYTICAL,decode,34.5951,31.168680000000005,1.1099315081678145,31.168680000000005,31.169,1.026671646008079e-05,421.42,23.89,41.858,997.398,1,1,9,4.271,tp1pp1dp1etp1ep1,36,36,23,1.473,tp1pp1dp1etp1ep1,32
qwen3_32b__b300_sxm__analytical,qwen3_32b,b300_sxm,ANALYTICAL,decode,34.438500000000005,31.98104,1.0768411533833797,31.98104,31.981,1.2507410640331175e-06,235.19,29.919,33.424,1364.524,1,1,5,7.653,tp2pp1dp1etp1ep1,152,152,7,4.966,tp2pp1dp1etp1ep1,24
qwen3_32b__b300_sxm__analytical,qwen3_32b,b300_sxm,ANALYTICAL,decode,34.206300000000006,29.849400000000003,1.1459627329192548,29.849400000000003,29.849,1.3400604367344753e-05,142.074,29.646,33.731,1273.574,1,1,3,12.669,tp4pp1dp1etp1ep1,328,328,3,10.815,tp4pp1dp1etp1ep1,24
qwen3_32b__b300_sxm__analytical,qwen3_32b,b300_sxm,ANALYTICAL,decode,19.2195,18.722,1.0265730157034505,18.722,18.722,0.0,421.42,29.595,33.789,1198.208,1,1,5,4.271,tp1pp1dp1etp1ep1,56,56,11,1.85,tp1pp1dp1etp1ep1,16
qwen3_32b__b300_sxm__analytical,qwen3_32b,b300_sxm,ANALYTICAL,decode,34.438500000000005,33.50732,1.0277903455125628,33.50732,33.507,9.550152026545136e-06,235.19,34.568,28.928,1429.646,1,1,5,7.653,tp2pp1dp1etp1ep1,184,184,7,5.203,tp2pp1dp1etp1ep1,24
qwen3_32b__b300_sxm__analytical,qwen3_32b,b300_sxm,ANALYTICAL,decode,11.4021,10.227640000000001,1.1148319651454295,10.227640000000001,10.228,3.5198735974164686e-05,142.074,34.467,29.013,1309.138,1,1,1,12.669,tp4pp1dp1etp1ep1,392,392,1,11.117,tp4pp1dp1etp1ep1,8
qwen3_32b__b300_sxm__analytical,qwen3_32b,b300_sxm,ANALYTICAL,decode,30.7512,30.323200000000003,1.0141146053186998,30.323200000000003,30.323,6.595609962111076e-06,421.42,34.159,29.275,1293.79,1,1,8,4.271,tp1pp1dp1etp1ep1,72,72,16,2.06,tp1pp1dp1etp1ep1,24
qwen3_32b__b300_sxm__analytical,qwen3_32b,b300_sxm,ANALYTICAL,prefill,34.438500000000005,34.67296,0.9932379583398706,34.438500000000005,34.439,1.4518634667458859e-05,235.19,39.218,25.498,1469.376,1,1,5,7.653,tp2pp1dp1etp1ep1,216,216,7,5.384,tp2pp1dp1etp1ep1,24
qwen3_32b__b300_sxm__analytical,qwen3_32b,b300_sxm,ANALYTICAL,prefill,42.282900000000005,43.58592,0.9701045658781552,42.282900000000005,42.283,2.365022266595106e-06,421.42,39.864,25.085,1353.053,1,1,11,4.271,tp1pp1dp1etp1ep1,92,92,21,2.256,tp1pp1dp1etp1ep1,32
qwen3_32b__b300_sxm__analytical,qwen3_32b,b300_sxm,ANALYTICAL,decode,11.4021,10.4604,1.0900252380406104,10.4604,10.46,3.823945547006498e-05,142.074,39.891,25.068,1338.931,1,1,1,12.669,tp4pp1dp1etp1ep1,464,464,1,11.37,tp4pp1dp1etp1ep1,8
qwen3_32b__b300_sxm__analytical,qwen3_32b,b300_sxm,ANALYTICAL,prefill,34.438500000000005,35.58744,0.9677150140611408,34.438500000000005,34.439,1.4518634667458859e-05,235.19,43.868,22.796,1469.376,1,1,5,7.653,tp2pp1dp1etp1ep1,248,248,7,5.526,tp2pp1dp1etp1ep1,24
qwen3_32b__b300_sxm__analytical,qwen3_32b,b300_sxm,ANALYTICAL,decode,34.5951,32.7888,1.0550889328063242,32.7888,32.789,6.099643780788985e-06,421.42,44.428,22.508,1398.989,1,1,9,4.271,tp1pp1dp1etp1ep1,108,108,15,2.376,tp1pp1dp1etp1ep1,24
qwen3_32b__b300_sxm__analytical,qwen3_32b,b300_sxm,ANALYTICAL,decode,34.206300000000006,31.751040000000003,1.077328490657314,31.751040000000003,31.751,1.2598012538184072e-06,142.074,43.507,22.985,1354.711,1,1,3,12.669,tp4pp1dp1etp1ep1,512,512,3,11.504,tp4pp1dp1etp1ep1,24
qwen3_32b__b300_sxm__analytical,qwen3_32b,b300_sxm,ANALYTICAL,decode,48.2139,46.922760000000004,1.0275162842083458,46.922760000000004,46.923,5.114788644104046e-06,235.19,49.68,20.129,1501.528,1,1,7,7.653,tp2pp1dp1etp1ep1,288,288,9,5.667,tp2pp1dp1etp1ep1,32
qwen3_32b__b300_sxm__analytical,qwen3_32b,b300_sxm,ANALYTICAL,decode,11.531699999999999,11.380400000000002,1.0132947875294362,11.380400000000002,11.38,3.514814945000563e-05,421.42,48.992,20.411,1456.691,1,1,3,4.271,tp1pp1dp1etp1ep1,124,124,5,2.474,tp1pp1dp1etp1ep1,8
qwen3_32b__b300_sxm__analytical,qwen3_32b,b300_sxm,ANALYTICAL,decode,48.2139,47.67624000000001,1.0112773154930002,47.67624000000001,47.676,5.033954019971478e-06,235.19,54.33,18.406,1525.64,1,1,7,7.653,tp2pp1dp1etp1ep1,320,320,9,5.758,tp2pp1dp1etp1ep1,32
qwen3_32b__b300_sxm__analytical,qwen3_32b,b300_sxm,ANALYTICAL,prefill,34.5951,35.5074,0.9743067642237957,34.5951,34.595,2.890582770488296e-06,421.42,54.697,18.282,1476.058,1,1,9,4.271,tp1pp1dp1etp1ep1,144,144,15,2.573,tp1pp1dp1etp1ep1,24
qwen3_32b__b300_sxm__analytical,qwen3_32b,b300_sxm,ANALYTICAL,prefill,48.2139,48.30552,0.9981033223532217,48.2139,48.214,2.074090666720888e-06,235.19,58.979,16.955,1542.845,1,1,7,7.653,tp2pp1dp1etp1ep1,352,352,9,5.834,tp2pp1dp1etp1ep1,32
qwen3_32b__b300_sxm__analytical,qwen3_32b,b300_sxm,ANALYTICAL,decode,49.9707,46.12972,1.0832647585981445,46.12972,46.13,6.069839574218328e-06,421.42,59.261,16.874,1476.151,1,1,13,4.271,tp1pp1dp1etp1ep1,160,160,19,2.639,tp1pp1dp1etp1ep1,32
qwen3_32b__b300_sxm__analytical,qwen3_32b,b300_sxm,ANALYTICAL,prefill,48.2139,48.58704000000001,0.9923201742686938,48.2139,48.214,2.074090666720888e-06,235.19,61.304,16.312,1542.845,1,1,7,7.653,tp2pp1dp1etp1ep1,368,368,9,5.868,tp2pp1dp1etp1ep1,32
qwen3_32b__b300_sxm__empirical,qwen3_32b,b300_sxm,EMPIRICAL,decode,20.475,18.19576,1.125262148984159,18.19576,18.196,1.3189885995505122e-05,79.119,2.966,337.202,776.352,1,1,1,22.75,tp8pp1dp1etp1ep1,30,30,2,9.889,tp8pp1dp1etp1ep1,24
qwen3_32b__b300_sxm__empirical,qwen3_32b,b300_sxm,EMPIRICAL,decode,20.475,13.789880000000002,1.4847844941362796,13.789880000000002,13.79,8.702033665066949e-06,79.119,3.913,255.558,882.552,1,1,1,22.75,tp8pp1dp1etp1ep1,60,60,1,14.989,tp8pp1dp1etp1ep1,16
qwen3_32b__b300_sxm__empirical,qwen3_32b,b300_sxm,EMPIRICAL,decode,14.0328,11.270000000000001,1.2451464063886422,11.270000000000001,11.27,1.5761817563444988e-16,115.445,3.989,250.674,480.853,1,1,1,15.592,tp4pp1dp1etp1ep1,10,10,5,2.45,tp4pp1dp1etp1ep1,24
qwen3_32b__b300_sxm__empirical,qwen3_32b,b300_sxm,EMPIRICAL,decode,20.475,16.803800000000003,1.21847439269689,16.803800000000003,16.804,1.1902069769693827e-05,79.119,4.924,203.103,1075.443,1,1,1,22.75,tp8pp1dp1etp1ep1,92,92,1,18.265,tp8pp1dp1etp1ep1,16
qwen3_32b__b300_sxm__empirical,qwen3_32b,b300_sxm,EMPIRICAL,prefill,14.0328,14.274719999999999,0.9830525572480582,14.0328,14.033,1.4252323128636758e-05,115.445,4.914,203.482,898.099,1,1,1,15.592,tp4pp1dp1etp1ep1,26,26,3,5.172,tp4pp1dp1etp1ep1,16
qwen3_32b__b300_sxm__empirical,qwen3_32b,b300_sxm,EMPIRICAL,decode,20.475,18.79192,1.0895640253896355,18.79192,18.792,4.2571488171790905e-06,79.119,5.934,168.515,1202.683,1,1,1,22.75,tp8pp1dp1etp1ep1,124,124,1,20.426,tp8pp1dp1etp1ep1,16
qwen3_32b__b300_sxm__empirical,qwen3_32b,b300_sxm,EMPIRICAL,decode,28.0656,26.576960000000003,1.0560124258003925,26.576960000000003,26.577,1.5050630319828035e-06,115.445,5.955,167.917,1133.95,1,1,2,15.592,tp4pp1dp1etp1ep1,44,44,4,7.222,tp4pp1dp1etp1ep1,24
qwen3_32b__b300_sxm__empirical,qwen3_32b,b300_sxm,EMPIRICAL,decode,20.475,20.04772,1.0213131468316596,20.04772,20.048,1.3966675512053502e-05,79.119,6.818,146.661,1283.054,1,1,1,22.75,tp8pp1dp1etp1ep1,152,152,1,21.791,tp8pp1dp1etp1ep1,16
qwen3_32b__b300_sxm__empirical,qwen3_32b,b300_sxm,EMPIRICAL,decode,42.098400000000005,39.2104,1.0736539285495685,39.2104,39.21,1.0201375145345821e-05,115.445,6.881,145.338,1254.733,1,1,3,15.592,tp4pp1dp1etp1ep1,60,60,5,8.524,tp4pp1dp1etp1ep1,32
qwen3_32b__b300_sxm__empirical,qwen3_32b,b300_sxm,EMPIRICAL,decode,8.613000000000001,6.32408,1.3619372303955675,6.32408,6.324,1.2650061352880434e-05,188.096,6.969,143.496,404.741,1,1,1,9.57,tp2pp1dp1etp1ep1,7,7,7,0.982,tp2pp1dp1etp1ep1,16
qwen3_32b__b300_sxm__empirical,qwen3_32b,b300_sxm,EMPIRICAL,prefill,42.098400000000005,43.7828,0.9615282713759742,42.098400000000005,42.098,9.501548752593285e-06,115.445,7.806,128.111,1347.149,1,1,3,15.592,tp4pp1dp1etp1ep1,76,76,5,9.518,tp4pp1dp1etp1ep1,32
qwen3_32b__b300_sxm__empirical,qwen3_32b,b300_sxm,EMPIRICAL,prefill,20.475,21.13608,0.9687226770526985,20.475,20.475,0.0,79.119,7.829,127.729,1310.4,1,1,1,22.75,tp8pp1dp1etp1ep1,184,184,1,22.974,tp8pp1dp1etp1ep1,16
qwen3_32b__b300_sxm__empirical,qwen3_32b,b300_sxm,EMPIRICAL,decode,25.839000000000002,23.489440000000002,1.100026224550266,23.489440000000002,23.489,1.873182161861271e-05,188.096,7.962,125.602,751.662,1,1,3,9.57,tp2pp1dp1etp1ep1,16,16,13,1.964,tp2pp1dp1etp1ep1,32
qwen3_32b__b300_sxm__empirical,qwen3_32b,b300_sxm,EMPIRICAL,prefill,42.098400000000005,48.1666,0.874016434624823,42.098400000000005,42.098,9.501548752593285e-06,115.445,8.962,111.579,1347.149,1,1,3,15.592,tp4pp1dp1etp1ep1,96,96,5,10.471,tp4pp1dp1etp1ep1,32
qwen3_32b__b300_sxm__empirical,qwen3_32b,b300_sxm,EMPIRICAL,prefill,20.475,21.97512,0.9317355263589004,20.475,20.475,0.0,79.119,8.84,113.127,1310.4,1,1,1,22.75,tp8pp1dp1etp1ep1,216,216,1,23.886,tp8pp1dp1etp1ep1,16
qwen3_32b__b300_sxm__empirical,qwen3_32b,b300_sxm,EMPIRICAL,decode,8.613000000000001,7.32228,1.1762729641587049,7.32228,7.322,3.8239455470162025e-05,188.096,8.844,113.068,937.252,1,1,1,9.57,tp2pp1dp1etp1ep1,24,24,3,2.653,tp2pp1dp1etp1ep1,8
qwen3_32b__b300_sxm__empirical,qwen3_32b,b300_sxm,EMPIRICAL,prefill,42.098400000000005,50.93580000000001,0.8264992402200417,42.098400000000005,42.098,9.501548752593285e-06,115.445,9.887,101.138,1347.149,1,1,3,15.592,tp4pp1dp1etp1ep1,112,112,5,11.073,tp4pp1dp1etp1ep1,32
qwen3_32b__b300_sxm__empirical,qwen3_32b,b300_sxm,EMPIRICAL,prefill,20.475,22.642120000000002,0.9042881143638493,20.475,20.475,0.0,79.119,9.85,101.52,1310.4,1,1,1,22.75,tp8pp1dp1etp1ep1,248,248,1,24.611,tp8pp1dp1etp1ep1,16
qwen3_32b__b300_sxm__empirical,qwen3_32b,b300_sxm,EMPIRICAL,prefill,8.613000000000001,8.87616,0.9703520441271902,8.613000000000001,8.613,2.0624136066414143e-16,188.096,9.727,102.81,1102.464,1,1,1,9.57,tp2pp1dp1etp1ep1,32,32,3,3.216,tp2pp1dp1etp1ep1,8
qwen3_32b__b300_sxm__empirical,qwen3_32b,b300_sxm,EMPIRICAL,decode,14.0328,10.64624,1.3180991598911915,10.64624,10.646,2.254317017085806e-05,115.445,10.813,92.484,1362.719,1,1,1,15.592,tp4pp1dp1etp1ep1,128,128,1,11.572,tp4pp1dp1etp1ep1,8
qwen3_32b__b300_sxm__empirical,qwen3_32b,b300_sxm,EMPIRICAL,prefill,20.475,23.18492,0.8831171295825044,20.475,20.475,0.0,79.119,10.861,92.074,1310.4,1,1,1,22.75,tp8pp1dp1etp1ep1,280,280,1,25.201,tp8pp1dp1etp1ep1,16
qwen3_32b__b300_sxm__empirical,qwen3_32b,b300_sxm,EMPIRICAL,decode,43.065000000000005,37.30232,1.1544858335889028,37.30232,37.302,8.578554899590598e-06,188.096,10.609,94.257,1193.674,1,1,5,9.57,tp2pp1dp1etp1ep1,40,40,11,3.686,tp2pp1dp1etp1ep1,32
qwen3_32b__b300_sxm__empirical,qwen3_32b,b300_sxm,EMPIRICAL,decode,14.0328,11.03264,1.2719349131304927,11.03264,11.033,3.263044928492235e-05,115.445,11.738,85.194,1412.178,1,1,1,15.592,tp4pp1dp1etp1ep1,144,144,1,11.992,tp4pp1dp1etp1ep1,8
qwen3_32b__b300_sxm__empirical,qwen3_32b,b300_sxm,EMPIRICAL,prefill,43.065000000000005,43.111200000000004,0.998928352725046,43.065000000000005,43.065,1.6499308853131314e-16,188.096,11.933,83.801,1378.08,1,1,5,9.57,tp2pp1dp1etp1ep1,52,52,11,4.26,tp2pp1dp1etp1ep1,32
qwen3_32b__b300_sxm__empirical,qwen3_32b,b300_sxm,EMPIRICAL,prefill,20.475,23.63572,0.8662735892962009,20.475,20.475,0.0,79.119,11.871,84.236,1310.4,1,1,1,22.75,tp8pp1dp1etp1ep1,312,312,1,25.691,tp8pp1dp1etp1ep1,16
qwen3_32b__b300_sxm__empirical,qwen3_32b,b300_sxm,EMPIRICAL,decode,4.8591,2.3386400000000003,2.077746040433756,2.3386400000000003,2.339,0.0001539356207024997,333.396,11.983,83.45,74.836,1,1,1,5.399,tp1pp1dp1etp1ep1,1,1,31,0.082,tp1pp1dp1etp1ep1,32
qwen3_32b__b300_sxm__empirical,qwen3_32b,b300_sxm,EMPIRICAL,decode,42.098400000000005,34.08876000000001,1.2349642521464552,34.08876000000001,34.089,7.04044382931248e-06,115.445,12.663,78.97,1454.454,1,1,3,15.592,tp4pp1dp1etp1ep1,160,160,3,12.351,tp4pp1dp1etp1ep1,24
qwen3_32b__b300_sxm__empirical,qwen3_32b,b300_sxm,EMPIRICAL,decode,34.452000000000005,33.68672,1.0227175575419631,33.68672,33.687,8.311880764779273e-06,188.096,12.816,78.03,1437.3,1,1,4,9.57,tp2pp1dp1etp1ep1,60,60,8,4.577,tp2pp1dp1etp1ep1,24
qwen3_32b__b300_sxm__empirical,qwen3_32b,b300_sxm,EMPIRICAL,prefill,20.475,23.9154,0.8561429037356683,20.475,20.475,0.0,79.119,12.936,77.305,1310.4,1,1,1,22.75,tp8pp1dp1etp1ep1,344,344,1,25.995,tp8pp1dp1etp1ep1,16
qwen3_32b__b300_sxm__empirical,qwen3_32b,b300_sxm,EMPIRICAL,decode,9.7182,7.71144,1.2602315520836576,7.71144,7.711,5.705808513057611e-05,333.396,12.844,77.855,329.021,1,1,2,5.399,tp1pp1dp1etp1ep1,5,5,22,0.381,tp1pp1dp1etp1ep1,24
qwen3_32b__b300_sxm__empirical,qwen3_32b,b300_sxm,EMPIRICAL,decode,14.0328,11.64812,1.2047265996572838,11.64812,11.648,1.0302091668079153e-05,115.445,13.588,73.593,1490.959,1,1,1,15.592,tp4pp1dp1etp1ep1,176,176,1,12.661,tp4pp1dp1etp1ep1,8
qwen3_32b__b300_sxm__empirical,qwen3_32b,b300_sxm,EMPIRICAL,prefill,34.452000000000005,35.71808,0.9645535258334156,34.452000000000005,34.452,2.0624136066414143e-16,188.096,13.698,73.003,1469.952,1,1,4,9.57,tp2pp1dp1etp1ep1,68,68,8,4.853,tp2pp1dp1etp1ep1,24
qwen3_32b__b300_sxm__empirical,qwen3_32b,b300_sxm,EMPIRICAL,prefill,20.475,24.023039999999998,0.8523067854859336,20.475,20.475,0.0,79.119,13.776,72.588,1310.4,1,1,1,22.75,tp8pp1dp1etp1ep1,368,368,1,26.112,tp8pp1dp1etp1ep1,16
qwen3_32b__b300_sxm__empirical,qwen3_32b,b300_sxm,EMPIRICAL,decode,4.8591,4.52088,1.074812868291129,4.52088,4.521,2.65435048043518e-05,333.396,13.921,71.834,578.673,1,1,1,5.399,tp1pp1dp1etp1ep1,10,10,7,0.702,tp1pp1dp1etp1ep1,8
qwen3_32b__b300_sxm__empirical,qwen3_32b,b300_sxm,EMPIRICAL,decode,14.0328,12.009680000000001,1.1684574443282418,12.009680000000001,12.01,2.6645172893744348e-05,115.445,14.976,66.773,1537.239,1,1,1,15.592,tp4pp1dp1etp1ep1,200,200,1,13.054,tp4pp1dp1etp1ep1,8
qwen3_32b__b300_sxm__empirical,qwen3_32b,b300_sxm,EMPIRICAL,decode,25.839000000000002,23.436999999999998,1.1024875197337545,23.436999999999998,23.437,1.5158568412341601e-16,188.096,14.581,68.584,1499.968,1,1,3,9.57,tp2pp1dp1etp1ep1,76,76,5,5.095,tp2pp1dp1etp1ep1,16
qwen3_32b__b300_sxm__empirical,qwen3_32b,b300_sxm,EMPIRICAL,prefill,20.475,24.14724,0.8479229924413723,20.475,20.475,0.0,79.119,14.897,67.127,1310.4,1,1,1,22.75,tp8pp1dp1etp1ep1,400,400,1,26.247,tp8pp1dp1etp1ep1,16
qwen3_32b__b300_sxm__empirical,qwen3_32b,b300_sxm,EMPIRICAL,decode,24.2955,24.29352,1.0000815032156722,24.29352,24.294,1.975835531448682e-05,333.396,14.997,66.678,777.393,1,1,5,5.399,tp1pp1dp1etp1ep1,15,15,27,0.978,tp1pp1dp1etp1ep1,32
qwen3_32b__b300_sxm__empirical,qwen3_32b,b300_sxm,EMPIRICAL,decode,25.839000000000002,24.8814,1.0384865803371195,24.8814,24.881,1.6076265804941354e-05,188.096,15.904,62.876,1592.41,1,1,3,9.57,tp2pp1dp1etp1ep1,88,88,5,5.409,tp2pp1dp1etp1ep1,16
qwen3_32b__b300_sxm__empirical,qwen3_32b,b300_sxm,EMPIRICAL,decode,14.0328,12.215760000000001,1.1487455549224934,12.215760000000001,12.216,1.964675140949229e-05,115.445,15.901,62.888,1563.617,1,1,1,15.592,tp4pp1dp1etp1ep1,216,216,1,13.278,tp4pp1dp1etp1ep1,8
qwen3_32b__b300_sxm__empirical,qwen3_32b,b300_sxm,EMPIRICAL,prefill,20.475,24.219,0.8454106280193237,20.475,20.475,0.0,79.119,15.744,63.515,1310.4,1,1,1,22.75,tp8pp1dp1etp1ep1,424,424,1,26.325,tp8pp1dp1etp1ep1,16
qwen3_32b__b300_sxm__empirical,qwen3_32b,b300_sxm,EMPIRICAL,decode,14.5773,13.455,1.0834113712374582,13.455,13.455,0.0,333.396,15.643,63.925,861.12,1,1,3,5.399,tp1pp1dp1etp1ep1,18,18,13,1.125,tp1pp1dp1etp1ep1,16
qwen3_32b__b300_sxm__empirical,qwen3_32b,b300_sxm,EMPIRICAL,decode,25.839000000000002,25.714000000000002,1.0048611651240569,25.714000000000002,25.714,1.3816262264916002e-16,188.096,16.787,59.57,1645.696,1,1,3,9.57,tp2pp1dp1etp1ep1,96,96,5,5.59,tp2pp1dp1etp1ep1,16
qwen3_32b__b300_sxm__empirical,qwen3_32b,b300_sxm,EMPIRICAL,decode,14.0328,12.39976,1.1316993232127073,12.39976,12.4,1.9355213326693092e-05,115.445,16.827,59.43,1587.169,1,1,1,15.592,tp4pp1dp1etp1ep1,232,232,1,13.478,tp4pp1dp1etp1ep1,8
qwen3_32b__b300_sxm__empirical,qwen3_32b,b300_sxm,EMPIRICAL,prefill,20.475,24.29352,0.8428173438842951,20.475,20.475,0.0,79.119,16.881,59.239,1310.4,1,1,1,22.75,tp8pp1dp1etp1ep1,456,456,1,26.406,tp8pp1dp1etp1ep1,16
qwen3_32b__b300_sxm__empirical,qwen3_32b,b300_sxm,EMPIRICAL,decode,24.2955,24.2098,1.0035398888053597,24.2098,24.21,8.2611173987201e-06,333.396,16.935,59.049,1032.951,1,1,5,5.399,tp1pp1dp1etp1ep1,24,24,19,1.385,tp1pp1dp1etp1ep1,24
qwen3_32b__b300_sxm__empirical,qwen3_32b,b300_sxm,EMPIRICAL,prefill,25.839000000000002,26.4684,0.9762207009112754,25.839000000000002,25.839,1.3749424044276097e-16,188.096,17.669,56.595,1653.696,1,1,3,9.57,tp2pp1dp1etp1ep1,104,104,5,5.754,tp2pp1dp1etp1ep1,16
qwen3_32b__b300_sxm__empirical,qwen3_32b,b300_sxm,EMPIRICAL,decode,42.098400000000005,37.690560000000005,1.1169481164514403,37.690560000000005,37.691,1.1674010680593586e-05,115.445,17.752,56.333,1608.131,1,1,3,15.592,tp4pp1dp1etp1ep1,248,248,3,13.656,tp4pp1dp1etp1ep1,24
qwen3_32b__b300_sxm__empirical,qwen3_32b,b300_sxm,EMPIRICAL,prefill,20.475,24.3386,0.8412562760388848,20.475,20.475,0.0,79.119,17.736,56.381,1310.4,1,1,1,22.75,tp8pp1dp1etp1ep1,480,480,1,26.455,tp8pp1dp1etp1ep1,16
qwen3_32b__b300_sxm__empirical,qwen3_32b,b300_sxm,EMPIRICAL,prefill,34.0137,35.374,0.9615452026912421,34.0137,34.014,8.819975480552057e-06,333.396,17.796,56.192,1088.438,1,1,7,5.399,tp1pp1dp1etp1ep1,28,28,25,1.538,tp1pp1dp1etp1ep1,32
qwen3_32b__b300_sxm__empirical,qwen3_32b,b300_sxm,EMPIRICAL,prefill,25.839000000000002,27.462,0.9409001529386062,25.839000000000002,25.839,1.3749424044276097e-16,188.096,18.993,52.65,1653.696,1,1,3,9.57,tp2pp1dp1etp1ep1,116,116,5,5.97,tp2pp1dp1etp1ep1,16
qwen3_32b__b300_sxm__empirical,qwen3_32b,b300_sxm,EMPIRICAL,decode,14.0328,12.711640000000001,1.1039330880987819,12.711640000000001,12.712,2.832049995113185e-05,115.445,18.677,53.542,1627.09,1,1,1,15.592,tp4pp1dp1etp1ep1,264,264,1,13.817,tp4pp1dp1etp1ep1,8
qwen3_32b__b300_sxm__empirical,qwen3_32b,b300_sxm,EMPIRICAL,prefill,20.475,24.39196,0.8394159386945534,20.475,20.475,0.0,79.119,18.877,52.974,1310.4,1,1,1,22.75,tp8pp1dp1etp1ep1,512,512,1,26.513,tp8pp1dp1etp1ep1,16
qwen3_32b__b300_sxm__empirical,qwen3_32b,b300_sxm,EMPIRICAL,decode,4.8591,4.628520000000001,1.0498172201913352,4.628520000000001,4.629,0.00010370485597960117,333.396,18.657,53.598,1184.901,1,1,1,5.399,tp1pp1dp1etp1ep1,32,32,3,1.677,tp1pp1dp1etp1ep1,4
qwen3_32b__b300_sxm__empirical,qwen3_32b,b300_sxm,EMPIRICAL,decode,43.065000000000005,39.27756,1.096427578495202,39.27756,39.278,1.1202325195290987e-05,188.096,19.876,50.313,1675.843,1,1,5,9.57,tp2pp1dp1etp1ep1,124,124,7,6.099,tp2pp1dp1etp1ep1,24
qwen3_32b__b300_sxm__empirical,qwen3_32b,b300_sxm,EMPIRICAL,decode,14.0328,12.84596,1.0923901366655353,12.84596,12.846,3.1138194420862315e-06,115.445,19.602,51.015,1644.283,1,1,1,15.592,tp4pp1dp1etp1ep1,280,280,1,13.963,tp4pp1dp1etp1ep1,8
qwen3_32b__b300_sxm__empirical,qwen3_32b,b300_sxm,EMPIRICAL,prefill,4.8591,4.97628,0.9764522896621572,4.8591,4.859,2.0579942787711087e-05,333.396,19.519,51.233,1243.93,1,1,1,5.399,tp1pp1dp1etp1ep1,36,36,3,1.803,tp1pp1dp1etp1ep1,4
qwen3_32b__b300_sxm__empirical,qwen3_32b,b300_sxm,EMPIRICAL,decode,43.065000000000005,42.768040000000006,1.0069435026716211,42.768040000000006,42.768,9.35277838441769e-07,188.096,24.73,40.437,1824.77,1,1,5,9.57,tp2pp1dp1etp1ep1,168,168,7,6.641,tp2pp1dp1etp1ep1,24
qwen3_32b__b300_sxm__empirical,qwen3_32b,b300_sxm,EMPIRICAL,decode,14.0328,13.194640000000001,1.0635227637889324,13.194640000000001,13.195,2.728380615149831e-05,115.445,24.537,40.754,1688.914,1,1,1,15.592,tp4pp1dp1etp1ep1,360,360,1,14.342,tp4pp1dp1etp1ep1,8
qwen3_32b__b300_sxm__empirical,qwen3_32b,b300_sxm,EMPIRICAL,decode,24.2955,24.04512,1.0104129237034376,24.04512,24.045,4.990617638797801e-06,333.396,24.686,40.509,1538.888,1,1,5,5.399,tp1pp1dp1etp1ep1,60,60,11,2.376,tp1pp1dp1etp1ep1,16
qwen3_32b__b300_sxm__empirical,qwen3_32b,b300_sxm,EMPIRICAL,decode,60.29100000000001,57.769560000000006,1.0436465155697916,57.769560000000006,57.77,7.616467911432135e-06,188.096,29.142,34.315,1848.626,1,1,7,9.57,tp2pp1dp1etp1ep1,208,208,9,6.977,tp2pp1dp1etp1ep1,32
qwen3_32b__b300_sxm__empirical,qwen3_32b,b300_sxm,EMPIRICAL,decode,53.450100000000006,53.14932,1.0056591504839574,53.14932,53.149,6.02077317267834e-06,333.396,29.853,33.498,1700.778,1,1,11,5.399,tp1pp1dp1etp1ep1,84,84,21,2.751,tp1pp1dp1etp1ep1,32
qwen3_32b__b300_sxm__empirical,qwen3_32b,b300_sxm,EMPIRICAL,decode,14.0328,13.256280000000002,1.0585775194851041,13.256280000000002,13.256,2.112206441036507e-05,115.445,29.849,33.502,1696.804,1,1,1,15.592,tp4pp1dp1etp1ep1,440,440,1,14.409,tp4pp1dp1etp1ep1,8
qwen3_32b__b300_sxm__empirical,qwen3_32b,b300_sxm,EMPIRICAL,decode,60.29100000000001,60.17076000000001,1.0019983128017662,60.17076000000001,60.171,3.988648306767508e-06,188.096,34.437,29.038,1925.464,1,1,7,9.57,tp2pp1dp1etp1ep1,256,256,9,7.267,tp2pp1dp1etp1ep1,32
qwen3_32b__b300_sxm__empirical,qwen3_32b,b300_sxm,EMPIRICAL,decode,14.5773,13.6896,1.0648448457223,13.6896,13.69,2.92192613370053e-05,333.396,34.158,29.275,1752.269,1,1,3,5.399,tp1pp1dp1etp1ep1,104,104,5,2.976,tp1pp1dp1etp1ep1,8
qwen3_32b__b300_sxm__empirical,qwen3_32b,b300_sxm,EMPIRICAL,decode,14.0328,13.29584,1.055427863151181,13.29584,13.296,1.203383915565108e-05,115.445,34.631,28.875,1701.868,1,1,1,15.592,tp4pp1dp1etp1ep1,512,512,1,14.452,tp4pp1dp1etp1ep1,8
qwen3_32b__b300_sxm__empirical,qwen3_32b,b300_sxm,EMPIRICAL,prefill,60.29100000000001,61.92612000000001,0.9735956329897626,60.29100000000001,60.291,2.357044121875902e-16,188.096,39.732,25.168,1929.312,1,1,7,9.57,tp2pp1dp1etp1ep1,304,304,9,7.479,tp2pp1dp1etp1ep1,32
qwen3_32b__b300_sxm__empirical,qwen3_32b,b300_sxm,EMPIRICAL,prefill,43.7319,43.9116,0.9959076872625913,43.7319,43.732,2.2866603096644376e-06,333.396,39.326,25.429,1865.894,1,1,9,5.399,tp1pp1dp1etp1ep1,128,128,15,3.182,tp1pp1dp1etp1ep1,24
qwen3_32b__b300_sxm__empirical,qwen3_32b,b300_sxm,EMPIRICAL,prefill,60.29100000000001,62.364959999999996,0.9667447874575725,60.29100000000001,60.291,2.357044121875902e-16,188.096,44.643,22.4,1929.312,1,1,7,9.57,tp2pp1dp1etp1ep1,344,344,9,7.532,tp2pp1dp1etp1ep1,32
qwen3_32b__b300_sxm__empirical,qwen3_32b,b300_sxm,EMPIRICAL,decode,63.1683,58.36572,1.0822842586367478,58.36572,58.366,4.797336518704905e-06,333.396,44.493,22.476,1867.703,1,1,13,5.399,tp1pp1dp1etp1ep1,152,152,19,3.339,tp1pp1dp1etp1ep1,32
qwen3_32b__b300_sxm__empirical,qwen3_32b,b300_sxm,EMPIRICAL,prefill,60.29100000000001,62.422920000000005,0.965847159985467,60.29100000000001,60.291,2.357044121875902e-16,188.096,47.714,20.958,1929.312,1,1,7,9.57,tp2pp1dp1etp1ep1,368,368,9,7.539,tp2pp1dp1etp1ep1,32
qwen3_32b__b300_sxm__empirical,qwen3_32b,b300_sxm,EMPIRICAL,decode,63.1683,59.152319999999996,1.0678921807293442,59.152319999999996,59.152,5.409762457245818e-06,333.396,46.215,21.638,1892.874,1,1,13,5.399,tp1pp1dp1etp1ep1,160,160,19,3.384,tp1pp1dp1etp1ep1,32
qwen3_32b__b300_sxm__silicon,qwen3_32b,b300_sxm,SILICON,decode,14.7312,4.968000000000001,2.965217391304347,4.968000000000001,4.968,1.7877987514092696e-16,109.971,4.888,204.568,158.976,1,1,1,16.368,tp8pp1dp1etp1ep1,9,9,3,1.8,tp8pp1dp1etp1ep1,32
qwen3_32b__b300_sxm__silicon,qwen3_32b,b300_sxm,SILICON,decode,14.7312,7.5182400000000005,1.9593947519632253,7.5182400000000005,7.518,3.192236480887602e-05,109.971,5.741,174.192,240.584,1,1,1,16.368,tp8pp1dp1etp1ep1,16,16,3,2.724,tp8pp1dp1etp1ep1,32
qwen3_32b__b300_sxm__silicon,qwen3_32b,b300_sxm,SILICON,prefill,11.6613,12.88,0.9053804347826087,11.6613,11.661,2.5726119729453593e-05,138.922,6.982,143.224,497.549,1,1,1,12.957,tp4pp1dp1etp1ep1,20,20,5,2.8,tp4pp1dp1etp1ep1,24
qwen3_32b__b300_sxm__silicon,qwen3_32b,b300_sxm,SILICON,decode,14.7312,8.52564,1.7278702830520642,8.52564,8.526,4.222556898961041e-05,109.971,6.962,143.645,272.82,1,1,1,16.368,tp8pp1dp1etp1ep1,22,22,3,3.089,tp8pp1dp1etp1ep1,32
qwen3_32b__b300_sxm__silicon,qwen3_32b,b300_sxm,SILICON,decode,11.6613,9.7428,1.1969146446606724,9.7428,9.743,2.0527979636196357e-05,138.922,7.754,128.958,623.539,1,1,1,12.957,tp4pp1dp1etp1ep1,28,28,3,3.53,tp4pp1dp1etp1ep1,16
qwen3_32b__b300_sxm__silicon,qwen3_32b,b300_sxm,SILICON,decode,14.7312,10.225800000000001,1.440591445168104,10.225800000000001,10.226,1.955837196107237e-05,109.971,7.915,126.335,327.226,1,1,1,16.368,tp8pp1dp1etp1ep1,30,30,3,3.705,tp8pp1dp1etp1ep1,32
qwen3_32b__b300_sxm__silicon,qwen3_32b,b300_sxm,SILICON,decode,11.6613,10.97376,1.0626530924678506,10.97376,10.974,2.187035255006451e-05,138.922,8.852,112.971,702.321,1,1,1,12.957,tp4pp1dp1etp1ep1,36,36,3,3.976,tp4pp1dp1etp1ep1,16
qwen3_32b__b300_sxm__silicon,qwen3_32b,b300_sxm,SILICON,decode,14.7312,13.391520000000002,1.100039427936485,13.391520000000002,13.392,3.584357862272658e-05,109.971,8.864,112.811,428.529,1,1,1,16.368,tp8pp1dp1etp1ep1,44,44,3,4.852,tp8pp1dp1etp1ep1,32
qwen3_32b__b300_sxm__silicon,qwen3_32b,b300_sxm,SILICON,prefill,7.481700000000001,7.5348000000000015,0.9929526994744385,7.481700000000001,7.482,4.0097838726399184e-05,216.526,8.954,111.685,239.414,1,1,1,8.313,tp2pp1dp1etp1ep1,5,5,15,0.546,tp2pp1dp1etp1ep1,32
qwen3_32b__b300_sxm__silicon,qwen3_32b,b300_sxm,SILICON,decode,23.3226,17.807520000000004,1.309705113345373,17.807520000000004,17.808,2.6954904444641312e-05,138.922,9.696,103.131,759.788,1,1,2,12.957,tp4pp1dp1etp1ep1,48,48,4,4.839,tp4pp1dp1etp1ep1,24
qwen3_32b__b300_sxm__silicon,qwen3_32b,b300_sxm,SILICON,decode,14.7312,12.979360000000002,1.134971215838069,12.979360000000002,12.979,2.7736344473252796e-05,109.971,9.978,100.222,553.786,1,1,1,16.368,tp8pp1dp1etp1ep1,72,72,2,7.054,tp8pp1dp1etp1ep1,24
qwen3_32b__b300_sxm__silicon,qwen3_32b,b300_sxm,SILICON,decode,14.963400000000002,11.776000000000002,1.2706691576086957,11.776000000000002,11.776,1.5084551965015712e-16,216.526,9.926,100.745,502.443,1,1,2,8.313,tp2pp1dp1etp1ep1,13,13,10,1.28,tp2pp1dp1etp1ep1,24
qwen3_32b__b300_sxm__silicon,qwen3_32b,b300_sxm,SILICON,decode,23.3226,21.74512,1.0725440926515928,21.74512,21.745,5.518479548469256e-06,138.922,10.588,94.445,927.792,1,1,2,12.957,tp4pp1dp1etp1ep1,64,64,4,5.909,tp4pp1dp1etp1ep1,24
qwen3_32b__b300_sxm__silicon,qwen3_32b,b300_sxm,SILICON,decode,22.4451,21.5878,1.039712244879052,21.5878,21.588,9.264491981560598e-06,216.526,10.831,92.328,690.81,1,1,3,8.313,tp2pp1dp1etp1ep1,20,20,13,1.805,tp2pp1dp1etp1ep1,32
qwen3_32b__b300_sxm__silicon,qwen3_32b,b300_sxm,SILICON,decode,14.7312,10.75388,1.3698497658519528,10.75388,10.754,1.1158763162598966e-05,109.971,10.704,93.421,688.248,1,1,1,16.368,tp8pp1dp1etp1ep1,128,128,1,11.689,tp8pp1dp1etp1ep1,16
qwen3_32b__b300_sxm__silicon,qwen3_32b,b300_sxm,SILICON,decode,34.983900000000006,31.716999999999995,1.1030015449128232,31.716999999999995,31.717,1.1201291669453294e-16,138.922,11.909,83.97,1014.944,1,1,3,12.957,tp4pp1dp1etp1ep1,84,84,5,6.895,tp4pp1dp1etp1ep1,32
qwen3_32b__b300_sxm__silicon,qwen3_32b,b300_sxm,SILICON,decode,7.481700000000001,7.21464,1.037016399986694,7.21464,7.215,4.989853963603089e-05,216.526,11.967,83.566,923.474,1,1,1,8.313,tp2pp1dp1etp1ep1,32,32,3,2.614,tp2pp1dp1etp1ep1,8
qwen3_32b__b300_sxm__silicon,qwen3_32b,b300_sxm,SILICON,decode,14.7312,12.13756,1.2136871002079495,12.13756,12.138,3.6251108130409224e-05,109.971,11.855,84.355,776.804,1,1,1,16.368,tp8pp1dp1etp1ep1,160,160,1,13.193,tp8pp1dp1etp1ep1,16
qwen3_32b__b300_sxm__silicon,qwen3_32b,b300_sxm,SILICON,prefill,34.983900000000006,37.87180000000001,0.9237453725463273,34.983900000000006,34.984,2.858457747598587e-06,138.922,12.824,77.982,1119.485,1,1,3,12.957,tp4pp1dp1etp1ep1,108,108,5,8.233,tp4pp1dp1etp1ep1,32
qwen3_32b__b300_sxm__silicon,qwen3_32b,b300_sxm,SILICON,prefill,7.481700000000001,7.6120800000000015,0.9828719614087081,7.481700000000001,7.482,4.0097838726399184e-05,216.526,12.759,78.377,957.658,1,1,1,8.313,tp2pp1dp1etp1ep1,36,36,3,2.758,tp2pp1dp1etp1ep1,8
qwen3_32b__b300_sxm__silicon,qwen3_32b,b300_sxm,SILICON,decode,14.7312,13.587480000000001,1.084174548922979,13.587480000000001,13.587,3.5326638935355796e-05,109.971,12.708,78.69,869.599,1,1,1,16.368,tp8pp1dp1etp1ep1,192,192,1,14.769,tp8pp1dp1etp1ep1,16
qwen3_32b__b300_sxm__silicon,qwen3_32b,b300_sxm,SILICON,prefill,34.983900000000006,40.28679999999999,0.8683712779371906,34.983900000000006,34.984,2.858457747598587e-06,138.922,13.84,72.256,1119.485,1,1,3,12.957,tp4pp1dp1etp1ep1,124,124,5,8.758,tp4pp1dp1etp1ep1,32
qwen3_32b__b300_sxm__silicon,qwen3_32b,b300_sxm,SILICON,decode,37.408500000000004,34.48896,1.0846514362856985,34.48896,34.489,1.1597914230665607e-06,216.526,13.768,72.634,1103.647,1,1,5,8.313,tp2pp1dp1etp1ep1,48,48,11,3.408,tp2pp1dp1etp1ep1,32
qwen3_32b__b300_sxm__silicon,qwen3_32b,b300_sxm,SILICON,decode,14.7312,14.48724,1.016839646475105,14.48724,14.487,1.656630248410297e-05,109.971,13.905,71.918,927.183,1,1,1,16.368,tp8pp1dp1etp1ep1,224,224,1,15.747,tp8pp1dp1etp1ep1,16
qwen3_32b__b300_sxm__silicon,qwen3_32b,b300_sxm,SILICON,decode,8.2872,7.1852,1.1533708177921282,7.1852,7.185,2.783499415470997e-05,390.991,13.786,72.537,306.569,1,1,2,4.604,tp1pp1dp1etp1ep1,5,5,22,0.355,tp1pp1dp1etp1ep1,24
qwen3_32b__b300_sxm__silicon,qwen3_32b,b300_sxm,SILICON,prefill,37.408500000000004,37.82856,0.9888956915092724,37.408500000000004,37.408,1.3365946242228032e-05,216.526,14.646,68.28,1197.072,1,1,5,8.313,tp2pp1dp1etp1ep1,56,56,11,3.738,tp2pp1dp1etp1ep1,32
qwen3_32b__b300_sxm__silicon,qwen3_32b,b300_sxm,SILICON,prefill,34.983900000000006,40.7836,0.8577933286909445,34.983900000000006,34.984,2.858457747598587e-06,138.922,14.112,70.861,1119.485,1,1,3,12.957,tp4pp1dp1etp1ep1,128,128,5,8.866,tp4pp1dp1etp1ep1,32
qwen3_32b__b300_sxm__silicon,qwen3_32b,b300_sxm,SILICON,prefill,14.7312,15.382399999999999,0.9576659038901603,14.7312,14.731,1.3576626479820645e-05,109.971,14.966,66.817,942.797,1,1,1,16.368,tp8pp1dp1etp1ep1,256,256,1,16.72,tp8pp1dp1etp1ep1,16
qwen3_32b__b300_sxm__silicon,qwen3_32b,b300_sxm,SILICON,decode,4.1436,3.3874400000000007,1.2232246180006139,3.3874400000000007,3.387,0.00012989159955620233,390.991,14.87,67.248,433.592,1,1,1,4.604,tp1pp1dp1etp1ep1,8,8,7,0.526,tp1pp1dp1etp1ep1,8
qwen3_32b__b300_sxm__silicon,qwen3_32b,b300_sxm,SILICON,decode,29.926800000000004,29.74912,1.0059726136436977,29.74912,29.749,4.0337327626014655e-06,216.526,15.479,64.603,1269.296,1,1,4,8.313,tp2pp1dp1etp1ep1,64,64,8,4.042,tp2pp1dp1etp1ep1,24
qwen3_32b__b300_sxm__silicon,qwen3_32b,b300_sxm,SILICON,prefill,34.983900000000006,41.376999999999995,0.8454914566063274,34.983900000000006,34.984,2.858457747598587e-06,138.922,15.65,63.9,1119.485,1,1,3,12.957,tp4pp1dp1etp1ep1,144,144,5,8.995,tp4pp1dp1etp1ep1,32
qwen3_32b__b300_sxm__silicon,qwen3_32b,b300_sxm,SILICON,decode,20.718,19.896840000000005,1.041270875174148,19.896840000000005,19.897,8.041477942926753e-06,390.991,15.869,63.017,636.699,1,1,5,4.604,tp1pp1dp1etp1ep1,13,13,27,0.801,tp1pp1dp1etp1ep1,32
qwen3_32b__b300_sxm__silicon,qwen3_32b,b300_sxm,SILICON,decode,22.4451,20.2446,1.108695652173913,20.2446,20.245,1.9758355314633062e-05,216.526,16.881,59.239,1295.654,1,1,3,8.313,tp2pp1dp1etp1ep1,76,76,5,4.401,tp2pp1dp1etp1ep1,16
qwen3_32b__b300_sxm__silicon,qwen3_32b,b300_sxm,SILICON,decode,11.6613,8.89272,1.3113310663104203,8.89272,8.893,3.148642934895712e-05,138.922,16.99,58.859,1138.268,1,1,1,12.957,tp4pp1dp1etp1ep1,168,168,1,9.666,tp4pp1dp1etp1ep1,8
qwen3_32b__b300_sxm__silicon,qwen3_32b,b300_sxm,SILICON,prefill,14.7312,15.795480000000001,0.9326212308837717,14.7312,14.731,1.3576626479820645e-05,109.971,16.853,59.337,942.797,1,1,1,16.368,tp8pp1dp1etp1ep1,296,296,1,17.169,tp8pp1dp1etp1ep1,16
qwen3_32b__b300_sxm__silicon,qwen3_32b,b300_sxm,SILICON,prefill,12.430800000000001,12.4384,0.9993889889374841,12.430800000000001,12.431,1.608906908628226e-05,390.991,16.921,59.099,795.571,1,1,3,4.604,tp1pp1dp1etp1ep1,18,18,13,1.04,tp1pp1dp1etp1ep1,16
qwen3_32b__b300_sxm__silicon,qwen3_32b,b300_sxm,SILICON,decode,22.4451,21.1508,1.0611939028310986,21.1508,21.151,9.455907105146561e-06,216.526,17.86,55.992,1353.651,1,1,3,8.313,tp2pp1dp1etp1ep1,84,84,5,4.598,tp2pp1dp1etp1ep1,16
qwen3_32b__b300_sxm__silicon,qwen3_32b,b300_sxm,SILICON,decode,11.6613,9.00036,1.295648174073037,9.00036,9.0,3.999840006406211e-05,138.922,17.586,56.863,1152.046,1,1,1,12.957,tp4pp1dp1etp1ep1,176,176,1,9.783,tp4pp1dp1etp1ep1,8
qwen3_32b__b300_sxm__silicon,qwen3_32b,b300_sxm,SILICON,prefill,14.7312,16.19108,0.9098343038265514,14.7312,14.731,1.3576626479820645e-05,109.971,17.774,56.262,942.797,1,1,1,16.368,tp8pp1dp1etp1ep1,320,320,1,17.599,tp8pp1dp1etp1ep1,16
qwen3_32b__b300_sxm__silicon,qwen3_32b,b300_sxm,SILICON,decode,29.005200000000002,28.014,1.0353823088455774,28.014,28.014,0.0,390.991,17.651,56.653,896.448,1,1,7,4.604,tp1pp1dp1etp1ep1,22,22,25,1.218,tp1pp1dp1etp1ep1,32
qwen3_32b__b300_sxm__silicon,qwen3_32b,b300_sxm,SILICON,decode,22.4451,22.162799999999997,1.0127375602360713,22.162799999999997,22.163,9.024130525163185e-06,216.526,18.664,53.578,1418.419,1,1,3,8.313,tp2pp1dp1etp1ep1,92,92,5,4.818,tp2pp1dp1etp1ep1,16
qwen3_32b__b300_sxm__silicon,qwen3_32b,b300_sxm,SILICON,decode,11.6613,9.4852,1.229420570994813,9.4852,9.485,2.1085480538239597e-05,138.922,18.962,52.736,1214.106,1,1,1,12.957,tp4pp1dp1etp1ep1,200,200,1,10.31,tp4pp1dp1etp1ep1,8
qwen3_32b__b300_sxm__silicon,qwen3_32b,b300_sxm,SILICON,decode,4.1436,4.0296,1.02829064919595,4.0296,4.03,9.926543577525211e-05,390.991,18.747,53.342,1031.578,1,1,1,4.604,tp1pp1dp1etp1ep1,28,28,3,1.46,tp1pp1dp1etp1ep1,4
qwen3_32b__b300_sxm__silicon,qwen3_32b,b300_sxm,SILICON,prefill,14.7312,16.54804,0.890208145496385,14.7312,14.731,1.3576626479820645e-05,109.971,18.695,53.491,942.797,1,1,1,16.368,tp8pp1dp1etp1ep1,344,344,1,17.987,tp8pp1dp1etp1ep1,16
qwen3_32b__b300_sxm__silicon,qwen3_32b,b300_sxm,SILICON,prefill,22.4451,23.4968,0.9552407136290899,22.4451,22.445,4.455315414044355e-06,216.526,19.901,50.249,1436.486,1,1,3,8.313,tp2pp1dp1etp1ep1,104,104,5,5.108,tp2pp1dp1etp1ep1,16
qwen3_32b__b300_sxm__silicon,qwen3_32b,b300_sxm,SILICON,decode,11.6613,9.7658,1.1940957218046653,9.7658,9.766,2.047963300492882e-05,138.922,19.891,50.274,1250.022,1,1,1,12.957,tp4pp1dp1etp1ep1,216,216,1,10.615,tp4pp1dp1etp1ep1,8
qwen3_32b__b300_sxm__silicon,qwen3_32b,b300_sxm,SILICON,decode,37.2924,33.982960000000006,1.0973852777980493,33.982960000000006,33.983,1.1770605030103398e-06,390.991,19.478,51.341,1087.455,1,1,9,4.604,tp1pp1dp1etp1ep1,32,32,23,1.606,tp1pp1dp1etp1ep1,32
qwen3_32b__b300_sxm__silicon,qwen3_32b,b300_sxm,SILICON,prefill,14.7312,16.973080000000003,0.8679155462650265,14.7312,14.731,1.3576626479820645e-05,109.971,19.922,50.196,942.797,1,1,1,16.368,tp8pp1dp1etp1ep1,376,376,1,18.449,tp8pp1dp1etp1ep1,16
qwen3_32b__b300_sxm__silicon,qwen3_32b,b300_sxm,SILICON,decode,37.408500000000004,35.8708,1.042867736431861,35.8708,35.871,5.575565641121298e-06,216.526,22.462,44.519,1530.487,1,1,5,8.313,tp2pp1dp1etp1ep1,128,128,7,5.57,tp2pp1dp1etp1ep1,24
qwen3_32b__b300_sxm__silicon,qwen3_32b,b300_sxm,SILICON,decode,45.5796,45.34404,1.0051949495457397,45.34404,45.344,8.821445993450449e-07,390.991,24.987,40.02,1451.009,1,1,11,4.604,tp1pp1dp1etp1ep1,60,60,21,2.347,tp1pp1dp1etp1ep1,32
qwen3_32b__b300_sxm__silicon,qwen3_32b,b300_sxm,SILICON,decode,34.983900000000006,31.541280000000008,1.1091464899331922,31.541280000000008,31.541,8.877255457202858e-06,138.922,24.635,40.593,1345.761,1,1,3,12.957,tp4pp1dp1etp1ep1,288,288,3,11.428,tp4pp1dp1etp1ep1,24
qwen3_32b__b300_sxm__silicon,qwen3_32b,b300_sxm,SILICON,prefill,14.7312,18.268440000000002,0.8063742716947916,14.7312,14.731,1.3576626479820645e-05,109.971,24.81,40.306,942.797,1,1,1,16.368,tp8pp1dp1etp1ep1,504,504,1,19.857,tp8pp1dp1etp1ep1,16
qwen3_32b__b300_sxm__silicon,qwen3_32b,b300_sxm,SILICON,decode,52.371900000000004,50.16024,1.0440918942971564,50.16024,50.16,4.784666102178239e-06,216.526,29.691,33.68,1605.128,1,1,7,8.313,tp2pp1dp1etp1ep1,184,184,9,6.058,tp2pp1dp1etp1ep1,32
qwen3_32b__b300_sxm__silicon,qwen3_32b,b300_sxm,SILICON,prefill,12.430800000000001,12.7006,0.9787569091224038,12.430800000000001,12.431,1.608906908628226e-05,390.991,29.738,33.627,1591.142,1,1,3,4.604,tp1pp1dp1etp1ep1,84,84,5,2.761,tp1pp1dp1etp1ep1,8
qwen3_32b__b300_sxm__silicon,qwen3_32b,b300_sxm,SILICON,decode,34.983900000000006,33.50088,1.0442680908680608,33.50088,33.501,3.5819954578941527e-06,138.922,29.636,33.743,1429.371,1,1,3,12.957,tp4pp1dp1etp1ep1,368,368,3,12.138,tp4pp1dp1etp1ep1,24
qwen3_32b__b300_sxm__silicon,qwen3_32b,b300_sxm,SILICON,prefill,14.7312,18.33376,0.803501300333374,14.7312,14.731,1.3576626479820645e-05,109.971,25.115,39.816,942.797,1,1,1,16.368,tp8pp1dp1etp1ep1,512,512,1,19.928,tp8pp1dp1etp1ep1,16
qwen3_32b__b300_sxm__silicon,qwen3_32b,b300_sxm,SILICON,decode,41.436,40.572,1.0212954747116236,40.572,40.572,0.0,390.991,34.76,28.769,1731.072,1,1,10,4.604,tp1pp1dp1etp1ep1,112,112,14,3.15,tp1pp1dp1etp1ep1,24
qwen3_32b__b300_sxm__silicon,qwen3_32b,b300_sxm,SILICON,prefill,52.371900000000004,54.57348,0.9596584274999506,52.371900000000004,52.372,1.9094208916654583e-06,216.526,34.409,29.062,1675.901,1,1,7,8.313,tp2pp1dp1etp1ep1,232,232,9,6.591,tp2pp1dp1etp1ep1,32
qwen3_32b__b300_sxm__silicon,qwen3_32b,b300_sxm,SILICON,decode,11.6613,11.63432,1.0023190010245548,11.63432,11.634,2.7504830535890366e-05,138.922,34.629,28.878,1489.193,1,1,1,12.957,tp4pp1dp1etp1ep1,448,448,1,12.646,tp4pp1dp1etp1ep1,8
qwen3_32b__b300_sxm__silicon,qwen3_32b,b300_sxm,SILICON,prefill,41.436,42.73584,0.9695843114350858,41.436,41.436,0.0,390.991,37.716,26.514,1767.936,1,1,10,4.604,tp1pp1dp1etp1ep1,128,128,14,3.318,tp1pp1dp1etp1ep1,24
qwen3_32b__b300_sxm__silicon,qwen3_32b,b300_sxm,SILICON,prefill,52.371900000000004,56.494440000000004,0.927027509255778,52.371900000000004,52.372,1.9094208916654583e-06,216.526,36.676,27.266,1675.901,1,1,7,8.313,tp2pp1dp1etp1ep1,256,256,9,6.823,tp2pp1dp1etp1ep1,32
qwen3_32b__b300_sxm__silicon,qwen3_32b,b300_sxm,SILICON,prefill,34.983900000000006,35.772360000000006,0.9779589604935207,34.983900000000006,34.984,2.858457747598587e-06,138.922,38.616,25.896,1492.646,1,1,3,12.957,tp4pp1dp1etp1ep1,512,512,3,12.961,tp4pp1dp1etp1ep1,24
qwen3_32b__b300_sxm__silicon,qwen3_32b,b300_sxm,SILICON,decode,29.005200000000002,28.069200000000002,1.0333461587790176,28.069200000000002,28.069,7.125247602464145e-06,390.991,43.83,22.815,1796.429,1,1,7,4.604,tp1pp1dp1etp1ep1,152,152,9,3.39,tp1pp1dp1etp1ep1,16
qwen3_32b__b300_sxm__silicon,qwen3_32b,b300_sxm,SILICON,prefill,52.371900000000004,56.74284,0.922969312075321,52.371900000000004,52.372,1.9094208916654583e-06,216.526,44.504,22.47,1675.901,1,1,7,8.313,tp2pp1dp1etp1ep1,312,312,9,6.853,tp2pp1dp1etp1ep1,32
qwen3_32b__b300_sxm__silicon,qwen3_32b,b300_sxm,SILICON,decode,29.005200000000002,28.55772,1.0156693181388432,28.55772,28.558,9.80470429712379e-06,390.991,45.348,22.052,1827.694,1,1,7,4.604,tp1pp1dp1etp1ep1,160,160,9,3.449,tp1pp1dp1etp1ep1,16
qwen3_32b__b300_sxm__silicon,qwen3_32b,b300_sxm,SILICON,prefill,52.371900000000004,57.9186,0.9042328371196818,52.371900000000004,52.372,1.9094208916654583e-06,216.526,49.193,20.328,1675.901,1,1,7,8.313,tp2pp1dp1etp1ep1,352,352,9,6.995,tp2pp1dp1etp1ep1,32
qwen3_32b__b300_sxm__silicon,qwen3_32b,b300_sxm,SILICON,prefill,52.371900000000004,58.32432,0.8979427449818532,52.371900000000004,52.372,1.9094208916654583e-06,216.526,51.068,19.582,1675.901,1,1,7,8.313,tp2pp1dp1etp1ep1,368,368,9,7.044,tp2pp1dp1etp1ep1,32
qwen3_32b__h100_sxm__analytical,qwen3_32b,h100_sxm,ANALYTICAL,decode,8.802,2.71308,3.244283250033172,2.71308,2.713,2.9486782549751574e-05,184.05,5.964,167.684,86.819,1,1,1,9.78,tp8pp1dp1etp1ep1,6,6,3,0.983,tp8pp1dp1etp1ep1,32
qwen3_32b__h100_sxm__analytical,qwen3_32b,h100_sxm,ANALYTICAL,decode,8.802,6.281759999999999,1.4011996637884925,6.281759999999999,6.282,3.820585313680945e-05,184.05,6.872,145.511,201.016,1,1,1,9.78,tp8pp1dp1etp1ep1,16,16,3,2.276,tp8pp1dp1etp1ep1,32
qwen3_32b__h100_sxm__analytical,qwen3_32b,h100_sxm,ANALYTICAL,prefill,8.802,9.53856,0.9227807971014492,8.802,8.802,0.0,184.05,7.919,126.275,281.664,1,1,1,9.78,tp8pp1dp1etp1ep1,28,28,3,3.456,tp8pp1dp1etp1ep1,32
qwen3_32b__h100_sxm__analytical,qwen3_32b,h100_sxm,ANALYTICAL,decode,8.802,7.4924800000000005,1.1747779106517466,7.4924800000000005,7.492,6.406423507309729e-05,184.05,8.641,115.724,319.679,1,1,1,9.78,tp8pp1dp1etp1ep1,36,36,2,4.072,tp8pp1dp1etp1ep1,24
qwen3_32b__h100_sxm__analytical,qwen3_32b,h100_sxm,ANALYTICAL,decode,5.8761,0.70196,8.370989799988603,0.70196,0.702,5.698330389185848e-05,275.679,8.958,111.637,22.463,1,1,1,6.529,tp4pp1dp1etp1ep1,1,1,7,0.109,tp4pp1dp1etp1ep1,32
qwen3_32b__h100_sxm__analytical,qwen3_32b,h100_sxm,ANALYTICAL,prefill,8.802,8.878,0.9914395134039198,8.802,8.802,0.0,184.05,9.724,102.836,375.552,1,1,1,9.78,tp8pp1dp1etp1ep1,48,48,2,4.825,tp8pp1dp1etp1ep1,24
qwen3_32b__h100_sxm__analytical,qwen3_32b,h100_sxm,ANALYTICAL,decode,5.8761,4.42428,1.3281483088773764,4.42428,4.424,6.328713372572666e-05,275.679,9.958,100.425,141.577,1,1,1,6.529,tp4pp1dp1etp1ep1,7,7,7,0.687,tp4pp1dp1etp1ep1,32
qwen3_32b__h100_sxm__analytical,qwen3_32b,h100_sxm,ANALYTICAL,prefill,8.802,9.98568,0.881462253947653,8.802,8.802,0.0,184.05,10.807,92.531,375.552,1,1,1,9.78,tp8pp1dp1etp1ep1,60,60,2,5.427,tp8pp1dp1etp1ep1,24
qwen3_32b__h100_sxm__analytical,qwen3_32b,h100_sxm,ANALYTICAL,decode,5.8761,5.3406,1.1002696326255477,5.3406,5.341,7.489795154101711e-05,275.679,10.942,91.394,227.866,1,1,1,6.529,tp4pp1dp1etp1ep1,13,13,5,1.161,tp4pp1dp1etp1ep1,24
qwen3_32b__h100_sxm__analytical,qwen3_32b,h100_sxm,ANALYTICAL,prefill,8.802,10.89096,0.8081932171268649,8.802,8.802,0.0,184.05,11.89,84.103,375.552,1,1,1,9.78,tp8pp1dp1etp1ep1,72,72,2,5.919,tp8pp1dp1etp1ep1,24
qwen3_32b__h100_sxm__analytical,qwen3_32b,h100_sxm,ANALYTICAL,decode,5.8761,4.12068,1.4260025044410145,4.12068,4.121,7.765708572379317e-05,275.679,11.788,84.829,263.724,1,1,1,6.529,tp4pp1dp1etp1ep1,18,18,3,1.493,tp4pp1dp1etp1ep1,16
qwen3_32b__h100_sxm__analytical,qwen3_32b,h100_sxm,ANALYTICAL,prefill,8.802,11.64536,0.7558375181188044,8.802,8.802,0.0,184.05,12.973,77.082,375.552,1,1,1,9.78,tp8pp1dp1etp1ep1,84,84,2,6.329,tp8pp1dp1etp1ep1,24
qwen3_32b__h100_sxm__analytical,qwen3_32b,h100_sxm,ANALYTICAL,decode,5.8761,5.05632,1.1621297702677045,5.05632,5.056,6.328713372577685e-05,275.679,12.805,78.097,323.604,1,1,1,6.529,tp4pp1dp1etp1ep1,24,24,3,1.832,tp4pp1dp1etp1ep1,16
qwen3_32b__h100_sxm__analytical,qwen3_32b,h100_sxm,ANALYTICAL,decode,8.802,6.04164,1.4568891890281446,6.04164,6.042,5.958646989885096e-05,184.05,13.695,73.018,386.665,1,1,1,9.78,tp8pp1dp1etp1ep1,92,92,1,6.567,tp8pp1dp1etp1ep1,16
qwen3_32b__h100_sxm__analytical,qwen3_32b,h100_sxm,ANALYTICAL,decode,5.8761,5.85672,1.0033090193828627,5.85672,5.857,4.7808329576974477e-05,275.679,13.821,72.355,374.83,1,1,1,6.529,tp4pp1dp1etp1ep1,30,30,3,2.122,tp4pp1dp1etp1ep1,16
qwen3_32b__h100_sxm__analytical,qwen3_32b,h100_sxm,ANALYTICAL,decode,8.802,6.32868,1.390811354026432,6.32868,6.329,5.056346663118246e-05,184.05,14.778,67.667,405.036,1,1,1,9.78,tp8pp1dp1etp1ep1,104,104,1,6.879,tp8pp1dp1etp1ep1,16
qwen3_32b__h100_sxm__analytical,qwen3_32b,h100_sxm,ANALYTICAL,prefill,5.8761,6.54672,0.8975639709656134,5.8761,5.876,1.701809022987474e-05,275.679,14.837,67.4,376.07,1,1,1,6.529,tp4pp1dp1etp1ep1,36,36,3,2.372,tp4pp1dp1etp1ep1,16
qwen3_32b__h100_sxm__analytical,qwen3_32b,h100_sxm,ANALYTICAL,decode,8.802,6.5770800000000005,1.3382838584903938,6.5770800000000005,6.577,1.2163452474430005e-05,184.05,15.861,63.047,420.933,1,1,1,9.78,tp8pp1dp1etp1ep1,116,116,1,7.149,tp8pp1dp1etp1ep1,16
qwen3_32b__h100_sxm__analytical,qwen3_32b,h100_sxm,ANALYTICAL,decode,11.7522,9.2736,1.267274844720497,9.2736,9.274,4.3133195307007826e-05,275.679,15.514,64.457,395.674,1,1,2,6.529,tp4pp1dp1etp1ep1,40,40,4,2.52,tp4pp1dp1etp1ep1,24
qwen3_32b__h100_sxm__analytical,qwen3_32b,h100_sxm,ANALYTICAL,decode,3.5298000000000003,0.8556,4.125525946704068,0.8556,0.856,0.0004675081813931229,458.935,15.804,63.274,27.379,1,1,1,3.922,tp2pp1dp1etp1ep1,1,1,15,0.062,tp2pp1dp1etp1ep1,32
qwen3_32b__h100_sxm__analytical,qwen3_32b,h100_sxm,ANALYTICAL,decode,11.7522,10.23408,1.1483396651188968,10.23408,10.234,7.81701921428444e-06,275.679,16.869,59.28,436.654,1,1,2,6.529,tp4pp1dp1etp1ep1,48,48,4,2.781,tp4pp1dp1etp1ep1,24
qwen3_32b__h100_sxm__analytical,qwen3_32b,h100_sxm,ANALYTICAL,decode,8.802,6.79328,1.295692213481558,6.79328,6.793,4.121720288285747e-05,184.05,16.944,59.017,434.77,1,1,1,9.78,tp8pp1dp1etp1ep1,128,128,1,7.384,tp8pp1dp1etp1ep1,16
qwen3_32b__h100_sxm__analytical,qwen3_32b,h100_sxm,ANALYTICAL,decode,3.5298000000000003,3.2154000000000003,1.0977794364620266,3.2154000000000003,3.215,0.00012440131865410213,458.935,16.782,59.588,102.893,1,1,1,3.922,tp2pp1dp1etp1ep1,4,4,15,0.233,tp2pp1dp1etp1ep1,32
qwen3_32b__h100_sxm__analytical,qwen3_32b,h100_sxm,ANALYTICAL,decode,11.7522,10.66096,1.102358511803815,10.66096,10.661,3.7520073239428767e-06,275.679,17.547,56.991,454.868,1,1,2,6.529,tp4pp1dp1etp1ep1,52,52,4,2.897,tp4pp1dp1etp1ep1,24
qwen3_32b__h100_sxm__analytical,qwen3_32b,h100_sxm,ANALYTICAL,decode,8.802,6.923000000000001,1.2714141268236312,6.923000000000001,6.923,1.2829386388850571e-16,184.05,17.666,56.605,443.072,1,1,1,9.78,tp8pp1dp1etp1ep1,136,136,1,7.525,tp8pp1dp1etp1ep1,16
qwen3_32b__h100_sxm__analytical,qwen3_32b,h100_sxm,ANALYTICAL,decode,3.5298000000000003,2.48584,1.4199626685546938,2.48584,2.486,6.436456087284781e-05,458.935,17.728,56.406,159.094,1,1,1,3.922,tp2pp1dp1etp1ep1,7,7,7,0.386,tp2pp1dp1etp1ep1,16
qwen3_32b__h100_sxm__analytical,qwen3_32b,h100_sxm,ANALYTICAL,decode,11.7522,11.41904,1.0291758326444254,11.41904,11.419,3.5029214365009706e-06,275.679,18.901,52.906,487.212,1,1,2,6.529,tp4pp1dp1etp1ep1,60,60,4,3.103,tp4pp1dp1etp1ep1,24
qwen3_32b__h100_sxm__analytical,qwen3_32b,h100_sxm,ANALYTICAL,decode,8.802,7.0426,1.2498225087325703,7.0426,7.043,5.679720557747933e-05,184.05,18.388,54.382,450.726,1,1,1,9.78,tp8pp1dp1etp1ep1,144,144,1,7.655,tp8pp1dp1etp1ep1,16
qwen3_32b__h100_sxm__analytical,qwen3_32b,h100_sxm,ANALYTICAL,decode,3.5298000000000003,3.3616800000000002,1.0500107089312487,3.3616800000000002,3.362,9.519049998806427e-05,458.935,18.711,53.444,215.148,1,1,1,3.922,tp2pp1dp1etp1ep1,10,10,7,0.522,tp2pp1dp1etp1ep1,16
qwen3_32b__h100_sxm__analytical,qwen3_32b,h100_sxm,ANALYTICAL,prefill,11.7522,11.7576,0.9995407225964482,11.7522,11.752,1.701809022987474e-05,275.679,19.579,51.076,501.427,1,1,2,6.529,tp4pp1dp1etp1ep1,64,64,4,3.195,tp4pp1dp1etp1ep1,24
qwen3_32b__h100_sxm__analytical,qwen3_32b,h100_sxm,ANALYTICAL,decode,8.802,7.255120000000001,1.2132121867040102,7.255120000000001,7.255,1.654004344528914e-05,184.05,19.832,50.423,464.328,1,1,1,9.78,tp8pp1dp1etp1ep1,160,160,1,7.886,tp8pp1dp1etp1ep1,16
qwen3_32b__h100_sxm__analytical,qwen3_32b,h100_sxm,ANALYTICAL,decode,7.0596000000000005,5.934,1.1896865520728008,5.934,5.934,0.0,458.935,19.694,50.777,253.184,1,1,2,3.922,tp2pp1dp1etp1ep1,13,13,10,0.645,tp2pp1dp1etp1ep1,24
qwen3_32b__h100_sxm__analytical,qwen3_32b,h100_sxm,ANALYTICAL,decode,17.6283,17.2684,1.0208415371429895,17.2684,17.268,2.3163697852671224e-05,275.679,24.998,40.003,552.589,1,1,3,6.529,tp4pp1dp1etp1ep1,96,96,5,3.754,tp4pp1dp1etp1ep1,32
qwen3_32b__h100_sxm__analytical,qwen3_32b,h100_sxm,ANALYTICAL,decode,8.802,7.805280000000001,1.1276981735440623,7.805280000000001,7.805,3.587315253276578e-05,184.05,24.886,40.183,499.538,1,1,1,9.78,tp8pp1dp1etp1ep1,216,216,1,8.484,tp8pp1dp1etp1ep1,16
qwen3_32b__h100_sxm__analytical,qwen3_32b,h100_sxm,ANALYTICAL,decode,3.5298000000000003,3.0691200000000003,1.1501016578041914,3.0691200000000003,3.069,3.9099155458353546e-05,458.935,24.607,40.638,392.847,1,1,1,3.922,tp2pp1dp1etp1ep1,28,28,3,1.112,tp2pp1dp1etp1ep1,8
qwen3_32b__h100_sxm__analytical,qwen3_32b,h100_sxm,ANALYTICAL,prefill,17.6283,18.7496,0.9401960575158936,17.6283,17.628,1.701809022987474e-05,275.679,29.74,33.625,564.106,1,1,3,6.529,tp4pp1dp1etp1ep1,124,124,5,4.076,tp4pp1dp1etp1ep1,32
qwen3_32b__h100_sxm__analytical,qwen3_32b,h100_sxm,ANALYTICAL,decode,8.802,8.1696,1.0774089306698,8.1696,8.17,4.89620054836305e-05,184.05,29.94,33.4,522.854,1,1,1,9.78,tp8pp1dp1etp1ep1,272,272,1,8.88,tp8pp1dp1etp1ep1,16
qwen3_32b__h100_sxm__analytical,qwen3_32b,h100_sxm,ANALYTICAL,decode,17.649,14.582920000000001,1.210251444840951,14.582920000000001,14.583,5.485869770851635e-06,458.935,29.849,33.502,466.653,1,1,5,3.922,tp2pp1dp1etp1ep1,44,44,11,1.441,tp2pp1dp1etp1ep1,32
qwen3_32b__h100_sxm__analytical,qwen3_32b,h100_sxm,ANALYTICAL,decode,1.9629,0.9411600000000001,2.0856177483105953,0.9411600000000001,0.941,0.00017000297505223342,825.448,29.508,33.889,30.117,1,1,1,2.181,tp1pp1dp1etp1ep1,1,1,31,0.033,tp1pp1dp1etp1ep1,32
qwen3_32b__h100_sxm__analytical,qwen3_32b,h100_sxm,ANALYTICAL,prefill,17.6283,19.821400000000004,0.8893569576316505,17.6283,17.628,1.701809022987474e-05,275.679,34.482,29.0,564.106,1,1,3,6.529,tp4pp1dp1etp1ep1,152,152,5,4.309,tp4pp1dp1etp1ep1,32
qwen3_32b__h100_sxm__analytical,qwen3_32b,h100_sxm,ANALYTICAL,decode,8.802,8.42904,1.0442470316904415,8.42904,8.429,4.745498894329846e-06,184.05,34.994,28.576,539.459,1,1,1,9.78,tp8pp1dp1etp1ep1,328,328,1,9.162,tp8pp1dp1etp1ep1,16
qwen3_32b__h100_sxm__analytical,qwen3_32b,h100_sxm,ANALYTICAL,decode,17.649,16.40452,1.0758620185168477,16.40452,16.405,2.9260228278522737e-05,458.935,33.779,29.604,524.945,1,1,5,3.922,tp2pp1dp1etp1ep1,56,56,11,1.621,tp2pp1dp1etp1ep1,32
qwen3_32b__h100_sxm__analytical,qwen3_32b,h100_sxm,ANALYTICAL,decode,1.9629,1.63576,1.1999926639604832,1.63576,1.636,0.00014672079033586585,825.448,34.622,28.883,209.377,1,1,1,2.181,tp1pp1dp1etp1ep1,9,9,7,0.254,tp1pp1dp1etp1ep1,8
qwen3_32b__h100_sxm__analytical,qwen3_32b,h100_sxm,ANALYTICAL,prefill,17.649,17.84156,0.9892072217900229,17.649,17.649,0.0,458.935,37.71,26.518,564.768,1,1,5,3.922,tp2pp1dp1etp1ep1,68,68,11,1.763,tp2pp1dp1etp1ep1,32
qwen3_32b__h100_sxm__analytical,qwen3_32b,h100_sxm,ANALYTICAL,prefill,17.6283,20.7368,0.8500974113653023,17.6283,17.628,1.701809022987474e-05,275.679,39.902,25.062,564.106,1,1,3,6.529,tp4pp1dp1etp1ep1,184,184,5,4.508,tp4pp1dp1etp1ep1,32
qwen3_32b__h100_sxm__analytical,qwen3_32b,h100_sxm,ANALYTICAL,decode,8.802,8.598320000000001,1.023688348421552,8.598320000000001,8.598,3.721657253978917e-05,184.05,39.326,25.428,550.292,1,1,1,9.78,tp8pp1dp1etp1ep1,376,376,1,9.346,tp8pp1dp1etp1ep1,16
qwen3_32b__h100_sxm__analytical,qwen3_32b,h100_sxm,ANALYTICAL,decode,1.9629,1.9255600000000002,1.0193917613577348,1.9255600000000002,1.926,0.00022850495440275757,825.448,35.91,27.847,246.472,1,1,1,2.181,tp1pp1dp1etp1ep1,11,11,7,0.299,tp1pp1dp1etp1ep1,8
qwen3_32b__h100_sxm__analytical,qwen3_32b,h100_sxm,ANALYTICAL,prefill,17.6283,20.925400000000003,0.8424355089986331,17.6283,17.628,1.701809022987474e-05,275.679,41.256,24.239,564.106,1,1,3,6.529,tp4pp1dp1etp1ep1,192,192,5,4.549,tp4pp1dp1etp1ep1,32
qwen3_32b__h100_sxm__analytical,qwen3_32b,h100_sxm,ANALYTICAL,decode,8.802,8.7538,1.005506180173182,8.7538,8.754,2.2847220635556432e-05,184.05,44.38,22.532,560.243,1,1,1,9.78,tp8pp1dp1etp1ep1,432,432,1,9.515,tp8pp1dp1etp1ep1,16
qwen3_32b__h100_sxm__empirical,qwen3_32b,h100_sxm,EMPIRICAL,decode,9.8001,1.3524,7.246450754214729,1.3524,1.352,0.00029577048210585323,165.307,3.991,250.533,43.277,1,1,1,10.889,tp8pp1dp1etp1ep1,2,2,3,0.49,tp8pp1dp1etp1ep1,32
qwen3_32b__h100_sxm__empirical,qwen3_32b,h100_sxm,EMPIRICAL,decode,9.8001,8.636040000000001,1.1347909458501813,8.636040000000001,8.636,4.631752516435589e-06,165.307,4.999,200.035,276.353,1,1,1,10.889,tp8pp1dp1etp1ep1,16,16,3,3.129,tp8pp1dp1etp1ep1,32
qwen3_32b__h100_sxm__empirical,qwen3_32b,h100_sxm,EMPIRICAL,decode,9.8001,8.589120000000001,1.1409899966469206,8.589120000000001,8.589,1.3971163518589347e-05,165.307,5.863,170.567,366.469,1,1,1,10.889,tp8pp1dp1etp1ep1,28,28,2,4.668,tp8pp1dp1etp1ep1,24
qwen3_32b__h100_sxm__empirical,qwen3_32b,h100_sxm,EMPIRICAL,prefill,9.8001,10.69592,0.9162465687851069,9.8001,9.8,1.0203977510409785e-05,165.307,6.726,148.666,418.138,1,1,1,10.889,tp8pp1dp1etp1ep1,40,40,2,5.813,tp8pp1dp1etp1ep1,24
qwen3_32b__h100_sxm__empirical,qwen3_32b,h100_sxm,EMPIRICAL,prefill,9.8001,12.78616,0.7664615490499103,9.8001,9.8,1.0203977510409785e-05,165.307,7.878,126.935,418.138,1,1,1,10.889,tp8pp1dp1etp1ep1,56,56,2,6.949,tp8pp1dp1etp1ep1,24
qwen3_32b__h100_sxm__empirical,qwen3_32b,h100_sxm,EMPIRICAL,decode,6.5052,4.80424,1.354053919038183,4.80424,4.804,4.995587231274789e-05,249.034,7.867,127.116,153.736,1,1,1,7.228,tp4pp1dp1etp1ep1,6,6,7,0.746,tp4pp1dp1etp1ep1,32
qwen3_32b__h100_sxm__empirical,qwen3_32b,h100_sxm,EMPIRICAL,decode,9.8001,6.99568,1.400878828076756,6.99568,6.996,4.5742515380966545e-05,165.307,8.742,114.394,447.724,1,1,1,10.889,tp8pp1dp1etp1ep1,68,68,1,7.604,tp8pp1dp1etp1ep1,16
qwen3_32b__h100_sxm__empirical,qwen3_32b,h100_sxm,EMPIRICAL,prefill,6.5052,7.051799999999999,0.922487875436059,6.5052,6.505,3.07446350612467e-05,249.034,8.93,111.987,277.555,1,1,1,7.228,tp4pp1dp1etp1ep1,14,14,5,1.533,tp4pp1dp1etp1ep1,24
qwen3_32b__h100_sxm__empirical,qwen3_32b,h100_sxm,EMPIRICAL,decode,9.8001,7.636000000000001,1.2834075432163434,7.636000000000001,7.636,1.1631461756156694e-16,165.307,9.893,101.078,488.704,1,1,1,10.889,tp8pp1dp1etp1ep1,84,84,1,8.3,tp8pp1dp1etp1ep1,16
qwen3_32b__h100_sxm__empirical,qwen3_32b,h100_sxm,EMPIRICAL,decode,6.5052,5.939520000000001,1.0952400193955065,5.939520000000001,5.94,8.0814611281651e-05,249.034,9.992,100.077,380.129,1,1,1,7.228,tp4pp1dp1etp1ep1,22,22,3,2.152,tp4pp1dp1etp1ep1,16
qwen3_32b__h100_sxm__empirical,qwen3_32b,h100_sxm,EMPIRICAL,decode,9.8001,8.02608,1.2210319358890018,8.02608,8.026,9.967505930731328e-06,165.307,10.757,92.963,513.669,1,1,1,10.889,tp8pp1dp1etp1ep1,96,96,1,8.724,tp8pp1dp1etp1ep1,16
qwen3_32b__h100_sxm__empirical,qwen3_32b,h100_sxm,EMPIRICAL,prefill,6.5052,7.00212,0.9290329214580728,6.5052,6.505,3.07446350612467e-05,249.034,10.789,92.684,416.333,1,1,1,7.228,tp4pp1dp1etp1ep1,28,28,3,2.537,tp4pp1dp1etp1ep1,16
qwen3_32b__h100_sxm__empirical,qwen3_32b,h100_sxm,EMPIRICAL,decode,9.8001,8.458480000000002,1.1586124220900207,8.458480000000002,8.458,5.6747784472076326e-05,165.307,11.909,83.973,541.343,1,1,1,10.889,tp8pp1dp1etp1ep1,112,112,1,9.194,tp8pp1dp1etp1ep1,16
qwen3_32b__h100_sxm__empirical,qwen3_32b,h100_sxm,EMPIRICAL,decode,13.0104,10.92592,1.190783018729773,10.92592,10.926,7.32203786962783e-06,249.034,11.852,84.373,466.173,1,1,2,7.228,tp4pp1dp1etp1ep1,36,36,4,2.969,tp4pp1dp1etp1ep1,24
qwen3_32b__h100_sxm__empirical,qwen3_32b,h100_sxm,EMPIRICAL,decode,9.8001,8.7308,1.1224744582397947,8.7308,8.731,2.2907408255776546e-05,165.307,12.772,78.295,558.771,1,1,1,10.889,tp8pp1dp1etp1ep1,124,124,1,9.49,tp8pp1dp1etp1ep1,16
qwen3_32b__h100_sxm__empirical,qwen3_32b,h100_sxm,EMPIRICAL,decode,13.0104,12.2544,1.0616921269095183,12.2544,12.254,3.264133698923196e-05,249.034,12.915,77.43,522.854,1,1,2,7.228,tp4pp1dp1etp1ep1,44,44,4,3.33,tp4pp1dp1etp1ep1,24
qwen3_32b__h100_sxm__empirical,qwen3_32b,h100_sxm,EMPIRICAL,decode,9.8001,8.969080000000002,1.0926538730839728,8.969080000000002,8.969,8.91953243836608e-06,165.307,13.636,73.335,574.021,1,1,1,10.889,tp8pp1dp1etp1ep1,136,136,1,9.749,tp8pp1dp1etp1ep1,16
qwen3_32b__h100_sxm__empirical,qwen3_32b,h100_sxm,EMPIRICAL,prefill,13.0104,13.384160000000001,0.9720744521882583,13.0104,13.01,3.07446350612467e-05,249.034,13.978,71.543,555.11,1,1,2,7.228,tp4pp1dp1etp1ep1,52,52,4,3.637,tp4pp1dp1etp1ep1,24
qwen3_32b__h100_sxm__empirical,qwen3_32b,h100_sxm,EMPIRICAL,decode,3.8898,0.9798,3.9699938763012863,0.9798,0.98,0.00020412329046741985,416.491,13.769,72.628,31.354,1,1,1,4.322,tp2pp1dp1etp1ep1,1,1,15,0.071,tp2pp1dp1etp1ep1,32
qwen3_32b__h100_sxm__empirical,qwen3_32b,h100_sxm,EMPIRICAL,decode,9.8001,9.24416,1.060139590833564,9.24416,9.244,1.7308224868570878e-05,165.307,14.788,67.624,591.626,1,1,1,10.889,tp8pp1dp1etp1ep1,152,152,1,10.048,tp8pp1dp1etp1ep1,16
qwen3_32b__h100_sxm__empirical,qwen3_32b,h100_sxm,EMPIRICAL,decode,19.5156,17.355800000000002,1.124442549464732,17.355800000000002,17.356,1.1523525276825836e-05,249.034,14.509,68.923,555.386,1,1,3,7.228,tp4pp1dp1etp1ep1,56,56,5,3.773,tp4pp1dp1etp1ep1,32
qwen3_32b__h100_sxm__empirical,qwen3_32b,h100_sxm,EMPIRICAL,decode,3.8898,3.34972,1.1612313865039465,3.34972,3.35,8.358907610190045e-05,416.491,14.787,67.626,142.921,1,1,1,4.322,tp2pp1dp1etp1ep1,5,5,11,0.331,tp2pp1dp1etp1ep1,24
qwen3_32b__h100_sxm__empirical,qwen3_32b,h100_sxm,EMPIRICAL,decode,9.8001,9.478760000000001,1.0339010587882802,9.478760000000001,9.479,2.5319767564324823e-05,165.307,15.939,62.739,606.641,1,1,1,10.889,tp8pp1dp1etp1ep1,168,168,1,10.303,tp8pp1dp1etp1ep1,16
qwen3_32b__h100_sxm__empirical,qwen3_32b,h100_sxm,EMPIRICAL,decode,19.5156,18.4828,1.0558789793754193,18.4828,18.483,1.0820871296531578e-05,249.034,15.572,64.219,591.45,1,1,3,7.228,tp4pp1dp1etp1ep1,64,64,5,4.018,tp4pp1dp1etp1ep1,32
qwen3_32b__h100_sxm__empirical,qwen3_32b,h100_sxm,EMPIRICAL,decode,3.8898,3.5870800000000007,1.0843917615442085,3.5870800000000007,3.587,2.2302262564683274e-05,416.491,15.805,63.269,229.573,1,1,1,4.322,tp2pp1dp1etp1ep1,9,9,7,0.557,tp2pp1dp1etp1ep1,16
qwen3_32b__h100_sxm__empirical,qwen3_32b,h100_sxm,EMPIRICAL,decode,19.5156,19.462600000000002,1.0027231716214686,19.462600000000002,19.463,2.0552238652547332e-05,249.034,16.635,60.116,622.803,1,1,3,7.228,tp4pp1dp1etp1ep1,72,72,5,4.231,tp4pp1dp1etp1ep1,32
qwen3_32b__h100_sxm__empirical,qwen3_32b,h100_sxm,EMPIRICAL,decode,9.8001,9.58364,1.022586407669737,9.58364,9.584,3.756401534268876e-05,165.307,16.515,60.551,613.353,1,1,1,10.889,tp8pp1dp1etp1ep1,176,176,1,10.417,tp8pp1dp1etp1ep1,16
qwen3_32b__h100_sxm__empirical,qwen3_32b,h100_sxm,EMPIRICAL,decode,7.7796,6.946,1.120011517420098,6.946,6.946,0.0,416.491,16.824,59.44,296.363,1,1,2,4.322,tp2pp1dp1etp1ep1,13,13,10,0.755,tp2pp1dp1etp1ep1,24
qwen3_32b__h100_sxm__empirical,qwen3_32b,h100_sxm,EMPIRICAL,decode,9.8001,9.774080000000001,1.0026621431377685,9.774080000000001,9.774,8.184913567548091e-06,165.307,17.666,56.604,625.541,1,1,1,10.889,tp8pp1dp1etp1ep1,192,192,1,10.624,tp8pp1dp1etp1ep1,16
qwen3_32b__h100_sxm__empirical,qwen3_32b,h100_sxm,EMPIRICAL,prefill,19.5156,20.3274,0.960063756309218,19.5156,19.516,2.0496423374073448e-05,249.034,17.697,56.506,624.499,1,1,3,7.228,tp4pp1dp1etp1ep1,80,80,5,4.419,tp4pp1dp1etp1ep1,32
qwen3_32b__h100_sxm__empirical,qwen3_32b,h100_sxm,EMPIRICAL,decode,11.669400000000001,10.63244,1.097527942786416,10.63244,10.632,4.138278701794754e-05,416.491,17.588,56.858,340.238,1,1,3,4.322,tp2pp1dp1etp1ep1,16,16,13,0.889,tp2pp1dp1etp1ep1,32
qwen3_32b__h100_sxm__empirical,qwen3_32b,h100_sxm,EMPIRICAL,prefill,9.8001,9.9406,0.9858660443031608,9.8001,9.8,1.0203977510409785e-05,165.307,18.818,53.14,627.206,1,1,1,10.889,tp8pp1dp1etp1ep1,208,208,1,10.805,tp8pp1dp1etp1ep1,16
qwen3_32b__h100_sxm__empirical,qwen3_32b,h100_sxm,EMPIRICAL,prefill,19.5156,21.091,0.9253046323076193,19.5156,19.516,2.0496423374073448e-05,249.034,18.76,53.305,624.499,1,1,3,7.228,tp4pp1dp1etp1ep1,88,88,5,4.585,tp4pp1dp1etp1ep1,32
qwen3_32b__h100_sxm__empirical,qwen3_32b,h100_sxm,EMPIRICAL,prefill,11.669400000000001,12.56996,0.9283561761533052,11.669400000000001,11.669,3.427768351422045e-05,416.491,18.606,53.746,373.421,1,1,3,4.322,tp2pp1dp1etp1ep1,20,20,13,1.051,tp2pp1dp1etp1ep1,32
qwen3_32b__h100_sxm__empirical,qwen3_32b,h100_sxm,EMPIRICAL,prefill,9.8001,10.0878,0.971480402069827,9.8001,9.8,1.0203977510409785e-05,165.307,19.97,50.076,627.206,1,1,1,10.889,tp8pp1dp1etp1ep1,224,224,1,10.965,tp8pp1dp1etp1ep1,16
qwen3_32b__h100_sxm__empirical,qwen3_32b,h100_sxm,EMPIRICAL,prefill,19.5156,21.776400000000002,0.8961811869730533,19.5156,19.516,2.0496423374073448e-05,249.034,19.823,50.447,624.499,1,1,3,7.228,tp4pp1dp1etp1ep1,96,96,5,4.734,tp4pp1dp1etp1ep1,32
qwen3_32b__h100_sxm__empirical,qwen3_32b,h100_sxm,EMPIRICAL,decode,3.8898,3.2982,1.1793705657631435,3.2982,3.298,6.063913649868958e-05,416.491,19.624,50.957,422.17,1,1,1,4.322,tp2pp1dp1etp1ep1,24,24,3,1.195,tp2pp1dp1etp1ep1,8
qwen3_32b__h100_sxm__empirical,qwen3_32b,h100_sxm,EMPIRICAL,prefill,9.8001,10.5386,0.9299242783671455,9.8001,9.8,1.0203977510409785e-05,165.307,24.576,40.69,627.206,1,1,1,10.889,tp8pp1dp1etp1ep1,288,288,1,11.455,tp8pp1dp1etp1ep1,16
qwen3_32b__h100_sxm__empirical,qwen3_32b,h100_sxm,EMPIRICAL,prefill,19.5156,23.906200000000002,0.8163405309082998,19.5156,19.516,2.0496423374073448e-05,249.034,24.074,41.539,624.499,1,1,3,7.228,tp4pp1dp1etp1ep1,128,128,5,5.197,tp4pp1dp1etp1ep1,32
qwen3_32b__h100_sxm__empirical,qwen3_32b,h100_sxm,EMPIRICAL,decode,19.449,17.608800000000002,1.1045045658988688,17.608800000000002,17.609,1.135795738491742e-05,416.491,24.716,40.46,563.482,1,1,5,4.322,tp2pp1dp1etp1ep1,44,44,11,1.74,tp2pp1dp1etp1ep1,32
qwen3_32b__h100_sxm__empirical,qwen3_32b,h100_sxm,EMPIRICAL,decode,15.5592,15.448640000000003,1.0071566170225985,15.448640000000003,15.449,2.330302214285719e-05,416.491,29.808,33.548,659.142,1,1,4,4.322,tp2pp1dp1etp1ep1,64,64,8,2.099,tp2pp1dp1etp1ep1,24
qwen3_32b__h100_sxm__empirical,qwen3_32b,h100_sxm,EMPIRICAL,decode,6.5052,5.140960000000001,1.2653667797454171,5.140960000000001,5.141,7.780647972241346e-06,249.034,29.388,34.028,658.043,1,1,1,7.228,tp4pp1dp1etp1ep1,168,168,1,5.588,tp4pp1dp1etp1ep1,8
qwen3_32b__h100_sxm__empirical,qwen3_32b,h100_sxm,EMPIRICAL,prefill,9.8001,10.80724,0.9068087689363797,9.8001,9.8,1.0203977510409785e-05,165.307,29.956,33.382,627.206,1,1,1,10.889,tp8pp1dp1etp1ep1,360,360,1,11.747,tp8pp1dp1etp1ep1,16
qwen3_32b__h100_sxm__empirical,qwen3_32b,h100_sxm,EMPIRICAL,decode,6.4692,6.10972,1.058837393530309,6.10972,6.11,4.582861407725034e-05,751.403,29.89,33.456,195.511,1,1,3,2.396,tp1pp1dp1etp1ep1,7,7,29,0.229,tp1pp1dp1etp1ep1,32
qwen3_32b__h100_sxm__empirical,qwen3_32b,h100_sxm,EMPIRICAL,decode,6.5052,5.300120000000001,1.2273684369410502,5.300120000000001,5.3,2.2640996807767774e-05,249.034,32.576,30.698,678.415,1,1,1,7.228,tp4pp1dp1etp1ep1,192,192,1,5.761,tp4pp1dp1etp1ep1,8
qwen3_32b__h100_sxm__empirical,qwen3_32b,h100_sxm,EMPIRICAL,prefill,15.5592,15.868160000000001,0.9805295636040977,15.5592,15.559,1.2854131317889752e-05,416.491,30.826,32.44,663.859,1,1,4,4.322,tp2pp1dp1etp1ep1,68,68,8,2.156,tp2pp1dp1etp1ep1,24
qwen3_32b__h100_sxm__empirical,qwen3_32b,h100_sxm,EMPIRICAL,prefill,9.8001,10.867960000000002,0.9017423693131,9.8001,9.8,1.0203977510409785e-05,165.307,34.425,29.049,627.206,1,1,1,10.889,tp8pp1dp1etp1ep1,416,416,1,11.813,tp8pp1dp1etp1ep1,16
qwen3_32b__h100_sxm__empirical,qwen3_32b,h100_sxm,EMPIRICAL,prefill,2.1564,2.17028,0.9936045118602208,2.1564,2.156,0.00018549434242253566,751.403,31.882,31.366,276.019,1,1,1,2.396,tp1pp1dp1etp1ep1,11,11,7,0.337,tp1pp1dp1etp1ep1,8
qwen3_32b__h100_sxm__empirical,qwen3_32b,h100_sxm,EMPIRICAL,prefill,9.8001,10.87808,0.9009034682591045,9.8001,9.8,1.0203977510409785e-05,165.307,35.715,28.0,627.206,1,1,1,10.889,tp8pp1dp1etp1ep1,432,432,1,11.824,tp8pp1dp1etp1ep1,16
qwen3_32b__h100_sxm__silicon,qwen3_32b,h100_sxm,SILICON,decode,9.2547,3.14916,2.938783675646839,3.14916,3.149,5.080719938020298e-05,175.048,6.854,145.899,100.773,1,1,1,10.283,tp8pp1dp1etp1ep1,8,8,3,1.141,tp8pp1dp1etp1ep1,32
qwen3_32b__h100_sxm__silicon,qwen3_32b,h100_sxm,SILICON,decode,9.2547,6.17964,1.4976115113501758,6.17964,6.18,5.825582072737148e-05,175.048,7.859,127.246,197.748,1,1,1,10.283,tp8pp1dp1etp1ep1,18,18,3,2.239,tp8pp1dp1etp1ep1,32
qwen3_32b__h100_sxm__silicon,qwen3_32b,h100_sxm,SILICON,decode,9.2547,7.289160000000001,1.2696524702434846,7.289160000000001,7.289,2.1950403064420068e-05,175.048,8.885,112.552,233.253,1,1,1,10.283,tp8pp1dp1etp1ep1,24,24,3,2.641,tp8pp1dp1etp1ep1,32
qwen3_32b__h100_sxm__silicon,qwen3_32b,h100_sxm,SILICON,prefill,9.2547,9.767640000000002,0.9474857795741856,9.2547,9.255,3.241596161961784e-05,175.048,9.943,100.569,296.15,1,1,1,10.283,tp8pp1dp1etp1ep1,36,36,3,3.539,tp8pp1dp1etp1ep1,32
qwen3_32b__h100_sxm__silicon,qwen3_32b,h100_sxm,SILICON,decode,6.1047,4.4758,1.3639349390053177,4.4758,4.476,4.4684749095228136e-05,265.361,9.85,101.521,143.226,1,1,1,6.783,tp4pp1dp1etp1ep1,7,7,7,0.695,tp4pp1dp1etp1ep1,32
qwen3_32b__h100_sxm__silicon,qwen3_32b,h100_sxm,SILICON,decode,9.2547,8.53392,1.0844605995837786,8.53392,8.534,9.374355513119891e-06,175.048,10.96,91.239,364.114,1,1,1,10.283,tp8pp1dp1etp1ep1,52,52,2,4.638,tp8pp1dp1etp1ep1,24
qwen3_32b__h100_sxm__silicon,qwen3_32b,h100_sxm,SILICON,prefill,6.1047,6.145600000000001,0.9933448320749804,6.1047,6.105,4.9142464003176076e-05,265.361,10.976,91.109,260.467,1,1,1,6.783,tp4pp1dp1etp1ep1,15,15,5,1.336,tp4pp1dp1etp1ep1,24
qwen3_32b__h100_sxm__silicon,qwen3_32b,h100_sxm,SILICON,prefill,9.2547,9.882640000000002,0.9364602980580086,9.2547,9.255,3.241596161961784e-05,175.048,11.649,85.847,394.867,1,1,1,10.283,tp8pp1dp1etp1ep1,64,64,2,5.371,tp8pp1dp1etp1ep1,24
qwen3_32b__h100_sxm__silicon,qwen3_32b,h100_sxm,SILICON,decode,6.1047,4.95144,1.2329140613639669,4.95144,4.951,8.886303782338431e-05,265.361,11.987,83.422,316.892,1,1,1,6.783,tp4pp1dp1etp1ep1,22,22,3,1.794,tp4pp1dp1etp1ep1,16
qwen3_32b__h100_sxm__silicon,qwen3_32b,h100_sxm,SILICON,prefill,9.2547,11.707920000000001,0.7904649160568229,9.2547,9.255,3.241596161961784e-05,175.048,12.904,77.498,394.867,1,1,1,10.283,tp8pp1dp1etp1ep1,84,84,2,6.363,tp8pp1dp1etp1ep1,24
qwen3_32b__h100_sxm__silicon,qwen3_32b,h100_sxm,SILICON,decode,6.1047,5.8594800000000005,1.0418501300456695,5.8594800000000005,5.859,8.191853201998812e-05,265.361,12.892,77.568,375.007,1,1,1,6.783,tp4pp1dp1etp1ep1,28,28,3,2.123,tp4pp1dp1etp1ep1,16
qwen3_32b__h100_sxm__silicon,qwen3_32b,h100_sxm,SILICON,decode,9.2547,6.44184,1.436654744607131,6.44184,6.442,2.4837624032909856e-05,175.048,13.96,71.633,412.278,1,1,1,10.283,tp8pp1dp1etp1ep1,100,100,1,7.002,tp8pp1dp1etp1ep1,16
qwen3_32b__h100_sxm__silicon,qwen3_32b,h100_sxm,SILICON,prefill,6.1047,6.3894,0.9554418255235233,6.1047,6.105,4.9142464003176076e-05,265.361,13.513,74.006,390.701,1,1,1,6.783,tp4pp1dp1etp1ep1,32,32,3,2.315,tp4pp1dp1etp1ep1,16
qwen3_32b__h100_sxm__silicon,qwen3_32b,h100_sxm,SILICON,decode,9.2547,7.0334,1.3158216509796115,7.0334,7.033,5.687149884834588e-05,175.048,14.832,67.422,450.138,1,1,1,10.283,tp8pp1dp1etp1ep1,116,116,1,7.645,tp8pp1dp1etp1ep1,16
qwen3_32b__h100_sxm__silicon,qwen3_32b,h100_sxm,SILICON,decode,12.2094,9.79984,1.2458774837140199,9.79984,9.8,1.632679717230569e-05,265.361,14.683,68.105,418.127,1,1,2,6.783,tp4pp1dp1etp1ep1,40,40,4,2.663,tp4pp1dp1etp1ep1,24
qwen3_32b__h100_sxm__silicon,qwen3_32b,h100_sxm,SILICON,decode,12.2094,11.10624,1.0993279453712508,11.10624,11.106,2.1609473593204894e-05,265.361,15.548,64.315,473.866,1,1,2,6.783,tp4pp1dp1etp1ep1,48,48,4,3.018,tp4pp1dp1etp1ep1,24
qwen3_32b__h100_sxm__silicon,qwen3_32b,h100_sxm,SILICON,decode,9.2547,7.38116,1.2538273116962644,7.38116,7.381,2.1676809607183696e-05,175.048,15.596,64.118,472.394,1,1,1,10.283,tp8pp1dp1etp1ep1,128,128,1,8.023,tp8pp1dp1etp1ep1,16
qwen3_32b__h100_sxm__silicon,qwen3_32b,h100_sxm,SILICON,decode,3.5307,3.11696,1.1327383091217083,3.11696,3.117,1.2833016785527552e-05,458.807,15.889,62.936,132.99,1,1,1,3.923,tp2pp1dp1etp1ep1,5,5,11,0.308,tp2pp1dp1etp1ep1,24
qwen3_32b__h100_sxm__silicon,qwen3_32b,h100_sxm,SILICON,prefill,12.2094,12.79536,0.9542052744119743,12.2094,12.209,3.2761642668832546e-05,265.361,16.866,59.29,520.934,1,1,2,6.783,tp4pp1dp1etp1ep1,60,60,4,3.477,tp4pp1dp1etp1ep1,24
qwen3_32b__h100_sxm__silicon,qwen3_32b,h100_sxm,SILICON,decode,9.2547,7.44924,1.2423683489859367,7.44924,7.449,3.221805177438181e-05,175.048,16.419,60.904,476.751,1,1,1,10.283,tp8pp1dp1etp1ep1,136,136,1,8.097,tp8pp1dp1etp1ep1,16
qwen3_32b__h100_sxm__silicon,qwen3_32b,h100_sxm,SILICON,decode,3.5307,3.00748,1.1739728942503358,3.00748,3.007,0.00015960205886657132,458.807,16.75,59.703,192.479,1,1,1,3.923,tp2pp1dp1etp1ep1,8,8,7,0.467,tp2pp1dp1etp1ep1,16
qwen3_32b__h100_sxm__silicon,qwen3_32b,h100_sxm,SILICON,decode,18.3141,17.0246,1.075743336113624,17.0246,17.025,2.3495412520650575e-05,265.361,17.962,55.673,544.787,1,1,3,6.783,tp4pp1dp1etp1ep1,68,68,5,3.701,tp4pp1dp1etp1ep1,32
qwen3_32b__h100_sxm__silicon,qwen3_32b,h100_sxm,SILICON,decode,9.2547,7.748240000000001,1.1944260890215066,7.748240000000001,7.748,3.0974776207330194e-05,175.048,17.643,56.681,495.887,1,1,1,10.283,tp8pp1dp1etp1ep1,152,152,1,8.422,tp8pp1dp1etp1ep1,16
qwen3_32b__h100_sxm__silicon,qwen3_32b,h100_sxm,SILICON,decode,7.0614,5.658,1.248038176033934,5.658,5.658,0.0,458.807,17.47,57.24,241.408,1,1,2,3.923,tp2pp1dp1etp1ep1,11,11,10,0.615,tp2pp1dp1etp1ep1,24
qwen3_32b__h100_sxm__silicon,qwen3_32b,h100_sxm,SILICON,decode,18.3141,18.165399999999998,1.00818589186035,18.165399999999998,18.165,2.201988395516024e-05,265.361,18.811,53.16,581.293,1,1,3,6.783,tp4pp1dp1etp1ep1,76,76,5,3.949,tp4pp1dp1etp1ep1,32
qwen3_32b__h100_sxm__silicon,qwen3_32b,h100_sxm,SILICON,decode,9.2547,8.05736,1.1486020234915655,8.05736,8.057,4.467964693135292e-05,175.048,18.75,53.333,515.671,1,1,1,10.283,tp8pp1dp1etp1ep1,168,168,1,8.758,tp8pp1dp1etp1ep1,16
qwen3_32b__h100_sxm__silicon,qwen3_32b,h100_sxm,SILICON,decode,10.5921,10.11816,1.0468405322706895,10.11816,10.118,1.5813151798278722e-05,458.807,18.482,54.106,323.781,1,1,3,3.923,tp2pp1dp1etp1ep1,16,16,13,0.846,tp2pp1dp1etp1ep1,32
qwen3_32b__h100_sxm__silicon,qwen3_32b,h100_sxm,SILICON,prefill,18.3141,19.136000000000003,0.9570495401337791,18.3141,18.314,5.46027377811451e-06,265.361,19.737,50.667,586.051,1,1,3,6.783,tp4pp1dp1etp1ep1,84,84,5,4.16,tp4pp1dp1etp1ep1,32
qwen3_32b__h100_sxm__silicon,qwen3_32b,h100_sxm,SILICON,decode,9.2547,8.6848,1.0656203942520266,8.6848,8.685,2.3028739867505326e-05,175.048,19.882,50.296,555.827,1,1,1,10.283,tp8pp1dp1etp1ep1,192,192,1,9.44,tp8pp1dp1etp1ep1,16
qwen3_32b__h100_sxm__silicon,qwen3_32b,h100_sxm,SILICON,decode,10.5921,8.255160000000002,1.2830883956216472,8.255160000000002,8.255,1.93818169485568e-05,458.807,19.605,51.006,352.22,1,1,3,3.923,tp2pp1dp1etp1ep1,20,20,9,0.997,tp2pp1dp1etp1ep1,24
qwen3_32b__h100_sxm__silicon,qwen3_32b,h100_sxm,SILICON,prefill,9.2547,9.43644,0.9807406182840139,9.2547,9.255,3.241596161961784e-05,175.048,24.396,40.99,592.301,1,1,1,10.283,tp8pp1dp1etp1ep1,256,256,1,10.257,tp8pp1dp1etp1ep1,16
qwen3_32b__h100_sxm__silicon,qwen3_32b,h100_sxm,SILICON,decode,6.1047,4.6046000000000005,1.3257829127394345,4.6046000000000005,4.605,8.686965208703381e-05,265.361,24.998,40.003,589.389,1,1,1,6.783,tp4pp1dp1etp1ep1,128,128,1,5.005,tp4pp1dp1etp1ep1,8
qwen3_32b__h100_sxm__silicon,qwen3_32b,h100_sxm,SILICON,decode,17.6535,16.17176,1.0916251539721096,16.17176,16.172,1.4840685244003887e-05,458.807,24.464,40.877,517.496,1,1,5,3.923,tp2pp1dp1etp1ep1,40,40,11,1.598,tp2pp1dp1etp1ep1,32
qwen3_32b__h100_sxm__silicon,qwen3_32b,h100_sxm,SILICON,decode,6.1047,4.916480000000001,1.2416810400937255,4.916480000000001,4.916,9.763082530600755e-05,265.361,29.264,34.171,629.309,1,1,1,6.783,tp4pp1dp1etp1ep1,160,160,1,5.344,tp4pp1dp1etp1ep1,8
qwen3_32b__h100_sxm__silicon,qwen3_32b,h100_sxm,SILICON,prefill,14.1228,14.712640000000002,0.9599093024773254,14.1228,14.123,1.4161497719965862e-05,458.807,29.342,34.081,602.573,1,1,4,3.923,tp2pp1dp1etp1ep1,60,60,8,1.999,tp2pp1dp1etp1ep1,24
qwen3_32b__h100_sxm__silicon,qwen3_32b,h100_sxm,SILICON,prefill,9.2547,9.87896,0.9368091378039795,9.2547,9.255,3.241596161961784e-05,175.048,29.858,33.491,592.301,1,1,1,10.283,tp8pp1dp1etp1ep1,328,328,1,10.738,tp8pp1dp1etp1ep1,16
qwen3_32b__h100_sxm__silicon,qwen3_32b,h100_sxm,SILICON,decode,1.9557,1.6808400000000001,1.1635253801670593,1.6808400000000001,1.681,9.519049998806427e-05,828.432,29.943,33.397,215.148,1,1,1,2.173,tp1pp1dp1etp1ep1,8,8,7,0.261,tp1pp1dp1etp1ep1,8
qwen3_32b__h100_sxm__silicon,qwen3_32b,h100_sxm,SILICON,decode,18.3141,15.729240000000003,1.1643347040289294,15.729240000000003,15.729,1.5258207008307369e-05,265.361,32.934,30.363,671.114,1,1,3,6.783,tp4pp1dp1etp1ep1,192,192,3,5.699,tp4pp1dp1etp1ep1,24
qwen3_32b__h100_sxm__silicon,qwen3_32b,h100_sxm,SILICON,decode,10.5921,9.991200000000001,1.0601429257746817,9.991200000000001,9.991,2.001761550177258e-05,458.807,30.603,32.676,639.437,1,1,3,3.923,tp2pp1dp1etp1ep1,68,68,5,2.172,tp2pp1dp1etp1ep1,16
qwen3_32b__h100_sxm__silicon,qwen3_32b,h100_sxm,SILICON,prefill,9.2547,10.23316,0.9043833967220292,9.2547,9.255,3.241596161961784e-05,175.048,34.45,29.028,592.301,1,1,1,10.283,tp8pp1dp1etp1ep1,392,392,1,11.123,tp8pp1dp1etp1ep1,16
qwen3_32b__h100_sxm__silicon,qwen3_32b,h100_sxm,SILICON,decode,9.778500000000001,8.5698,1.141041797941609,8.5698,8.57,2.3337767509105682e-05,828.432,31.202,32.049,274.234,1,1,5,2.173,tp1pp1dp1etp1ep1,11,11,27,0.345,tp1pp1dp1etp1ep1,32
qwen3_32b__h100_sxm__silicon,qwen3_32b,h100_sxm,SILICON,prefill,9.2547,10.4098,0.8890372533574131,9.2547,9.255,3.241596161961784e-05,175.048,37.321,26.795,592.301,1,1,1,10.283,tp8pp1dp1etp1ep1,432,432,1,11.315,tp8pp1dp1etp1ep1,16
qwen3_32b__h200_sxm__analytical,qwen3_32b,h200_sxm,ANALYTICAL,decode,9.400500000000001,4.3469999999999995,2.162525879917185,4.3469999999999995,4.347,2.0431985730391658e-16,172.334,4.964,201.463,139.104,1,1,1,10.445,tp8pp1dp1etp1ep1,8,8,3,1.575,tp8pp1dp1etp1ep1,32
qwen3_32b__h200_sxm__analytical,qwen3_32b,h200_sxm,ANALYTICAL,prefill,9.400500000000001,10.07952,0.9326336968427068,9.400500000000001,9.401,5.318866017752616e-05,172.334,5.889,169.82,300.816,1,1,1,10.445,tp8pp1dp1etp1ep1,22,22,3,3.652,tp8pp1dp1etp1ep1,32
qwen3_32b__h200_sxm__analytical,qwen3_32b,h200_sxm,ANALYTICAL,prefill,9.400500000000001,9.455760000000001,0.9941559430442396,9.400500000000001,9.401,5.318866017752616e-05,172.334,6.848,146.027,401.088,1,1,1,10.445,tp8pp1dp1etp1ep1,36,36,2,5.139,tp8pp1dp1etp1ep1,24
qwen3_32b__h200_sxm__analytical,qwen3_32b,h200_sxm,ANALYTICAL,decode,6.241499999999999,0.91448,6.825190272067186,0.91448,0.914,0.0005248884612019125,259.537,6.886,145.225,29.263,1,1,1,6.935,tp4pp1dp1etp1ep1,1,1,7,0.142,tp4pp1dp1etp1ep1,32
qwen3_32b__h200_sxm__analytical,qwen3_32b,h200_sxm,ANALYTICAL,prefill,9.400500000000001,11.77232,0.7985256941707327,9.400500000000001,9.401,5.318866017752616e-05,172.334,7.945,125.872,401.088,1,1,1,10.445,tp8pp1dp1etp1ep1,52,52,2,6.398,tp8pp1dp1etp1ep1,24
qwen3_32b__h200_sxm__analytical,qwen3_32b,h200_sxm,ANALYTICAL,decode,6.241499999999999,5.630400000000001,1.1085358056265981,5.630400000000001,5.63,7.104290991774014e-05,259.537,7.986,125.215,240.23,1,1,1,6.935,tp4pp1dp1etp1ep1,10,10,5,1.224,tp4pp1dp1etp1ep1,24
qwen3_32b__h200_sxm__analytical,qwen3_32b,h200_sxm,ANALYTICAL,decode,9.400500000000001,6.56512,1.4318854796256582,6.56512,6.565,1.827841684537342e-05,172.334,8.767,114.065,420.168,1,1,1,10.445,tp8pp1dp1etp1ep1,64,64,1,7.136,tp8pp1dp1etp1ep1,16
qwen3_32b__h200_sxm__analytical,qwen3_32b,h200_sxm,ANALYTICAL,decode,6.241499999999999,4.93488,1.264772395681354,4.93488,4.935,2.4316700710026985e-05,259.537,8.748,114.317,315.832,1,1,1,6.935,tp4pp1dp1etp1ep1,16,16,3,1.788,tp4pp1dp1etp1ep1,16
qwen3_32b__h200_sxm__analytical,qwen3_32b,h200_sxm,ANALYTICAL,decode,9.400500000000001,7.293760000000001,1.2888414206115912,7.293760000000001,7.294,3.290483920486933e-05,172.334,9.863,101.384,466.801,1,1,1,10.445,tp8pp1dp1etp1ep1,80,80,1,7.928,tp8pp1dp1etp1ep1,16
qwen3_32b__h200_sxm__analytical,qwen3_32b,h200_sxm,ANALYTICAL,prefill,6.241499999999999,6.63228,0.9410790859252022,6.241499999999999,6.241,8.010894816946615e-05,259.537,9.763,102.43,399.456,1,1,1,6.935,tp4pp1dp1etp1ep1,24,24,3,2.403,tp4pp1dp1etp1ep1,16
qwen3_32b__h200_sxm__analytical,qwen3_32b,h200_sxm,ANALYTICAL,decode,9.400500000000001,7.87704,1.1934051369549985,7.87704,7.877,5.07804962273418e-06,172.334,10.96,91.241,504.131,1,1,1,10.445,tp8pp1dp1etp1ep1,96,96,1,8.562,tp8pp1dp1etp1ep1,16
qwen3_32b__h200_sxm__analytical,qwen3_32b,h200_sxm,ANALYTICAL,decode,12.482999999999999,10.67936,1.168890270578012,10.67936,10.679,3.3709885236622983e-05,259.537,10.778,92.783,455.653,1,1,2,6.935,tp4pp1dp1etp1ep1,32,32,4,2.902,tp4pp1dp1etp1ep1,24
qwen3_32b__h200_sxm__analytical,qwen3_32b,h200_sxm,ANALYTICAL,decode,9.400500000000001,8.243200000000002,1.1403945069875776,8.243200000000002,8.243,2.426242236040739e-05,172.334,11.782,84.873,527.565,1,1,1,10.445,tp8pp1dp1etp1ep1,108,108,1,8.96,tp8pp1dp1etp1ep1,16
qwen3_32b__h200_sxm__analytical,qwen3_32b,h200_sxm,ANALYTICAL,decode,12.482999999999999,12.20288,1.0229552367965593,12.20288,12.203,9.833744165230648e-06,259.537,11.793,84.796,520.656,1,1,2,6.935,tp4pp1dp1etp1ep1,40,40,4,3.316,tp4pp1dp1etp1ep1,24
qwen3_32b__h200_sxm__analytical,qwen3_32b,h200_sxm,ANALYTICAL,decode,3.7331999999999996,2.2632,1.6495227995758217,2.2632,2.263,8.83704489218708e-05,433.944,11.912,83.949,72.422,1,1,1,4.148,tp2pp1dp1etp1ep1,2,2,15,0.164,tp2pp1dp1etp1ep1,32
qwen3_32b__h200_sxm__analytical,qwen3_32b,h200_sxm,ANALYTICAL,decode,9.400500000000001,8.659040000000001,1.0856284299414254,8.659040000000001,8.659,4.619449731178288e-06,172.334,12.879,77.647,554.179,1,1,1,10.445,tp8pp1dp1etp1ep1,124,124,1,9.412,tp8pp1dp1etp1ep1,16
qwen3_32b__h200_sxm__analytical,qwen3_32b,h200_sxm,ANALYTICAL,decode,18.7245,16.8498,1.1112594808246983,16.8498,16.85,1.1869577087151575e-05,259.537,12.808,78.075,539.194,1,1,3,6.935,tp4pp1dp1etp1ep1,48,48,5,3.663,tp4pp1dp1etp1ep1,32
qwen3_32b__h200_sxm__analytical,qwen3_32b,h200_sxm,ANALYTICAL,decode,3.7331999999999996,2.93664,1.2712487741091858,2.93664,2.937,0.0001225890813990458,433.944,12.852,77.809,187.945,1,1,1,4.148,tp2pp1dp1etp1ep1,6,6,7,0.456,tp2pp1dp1etp1ep1,16
qwen3_32b__h200_sxm__analytical,qwen3_32b,h200_sxm,ANALYTICAL,decode,18.7245,18.216,1.0279150197628457,18.216,18.216,0.0,259.537,13.823,72.342,582.912,1,1,3,6.935,tp4pp1dp1etp1ep1,56,56,5,3.96,tp4pp1dp1etp1ep1,32
qwen3_32b__h200_sxm__analytical,qwen3_32b,h200_sxm,ANALYTICAL,decode,9.400500000000001,8.92676,1.0530696467699368,8.92676,8.927,2.6885454520990365e-05,172.334,13.701,72.986,571.313,1,1,1,10.445,tp8pp1dp1etp1ep1,136,136,1,9.703,tp8pp1dp1etp1ep1,16
qwen3_32b__h200_sxm__analytical,qwen3_32b,h200_sxm,ANALYTICAL,decode,7.466399999999999,6.5043999999999995,1.1478998831560174,6.5043999999999995,6.504,6.14968329130982e-05,433.944,13.826,72.325,277.521,1,1,2,4.148,tp2pp1dp1etp1ep1,10,10,10,0.707,tp2pp1dp1etp1ep1,24
qwen3_32b__h200_sxm__analytical,qwen3_32b,h200_sxm,ANALYTICAL,prefill,18.7245,19.393600000000003,0.9654989274812308,18.7245,18.724,2.6702982723107947e-05,259.537,14.838,67.393,599.184,1,1,3,6.935,tp4pp1dp1etp1ep1,64,64,5,4.216,tp4pp1dp1etp1ep1,32
qwen3_32b__h200_sxm__analytical,qwen3_32b,h200_sxm,ANALYTICAL,decode,9.400500000000001,9.237720000000001,1.0176212312128967,9.237720000000001,9.238,3.0310509519479003e-05,172.334,14.798,67.578,591.214,1,1,1,10.445,tp8pp1dp1etp1ep1,152,152,1,10.041,tp8pp1dp1etp1ep1,16
qwen3_32b__h200_sxm__analytical,qwen3_32b,h200_sxm,ANALYTICAL,decode,11.1996,11.063,1.0123474645213775,11.063,11.063,0.0,433.944,14.801,67.564,354.016,1,1,3,4.148,tp2pp1dp1etp1ep1,14,14,13,0.925,tp2pp1dp1etp1ep1,32
qwen3_32b__h200_sxm__analytical,qwen3_32b,h200_sxm,ANALYTICAL,prefill,9.400500000000001,9.505440000000002,0.9889600060596878,9.400500000000001,9.401,5.318866017752616e-05,172.334,15.894,62.916,601.632,1,1,1,10.445,tp8pp1dp1etp1ep1,168,168,1,10.332,tp8pp1dp1etp1ep1,16
qwen3_32b__h200_sxm__analytical,qwen3_32b,h200_sxm,ANALYTICAL,prefill,18.7245,20.4194,0.9169956022214169,18.7245,18.724,2.6702982723107947e-05,259.537,15.854,63.077,599.184,1,1,3,6.935,tp4pp1dp1etp1ep1,72,72,5,4.439,tp4pp1dp1etp1ep1,32
qwen3_32b__h200_sxm__analytical,qwen3_32b,h200_sxm,ANALYTICAL,decode,11.1996,9.2322,1.2131019691947746,9.2322,9.232,2.1663308853936247e-05,433.944,15.775,63.39,393.907,1,1,3,4.148,tp2pp1dp1etp1ep1,18,18,9,1.115,tp2pp1dp1etp1ep1,24
qwen3_32b__h200_sxm__analytical,qwen3_32b,h200_sxm,ANALYTICAL,prefill,9.400500000000001,9.739120000000002,0.965230944890298,9.400500000000001,9.401,5.318866017752616e-05,172.334,16.991,58.856,601.632,1,1,1,10.445,tp8pp1dp1etp1ep1,184,184,1,10.586,tp8pp1dp1etp1ep1,16
qwen3_32b__h200_sxm__analytical,qwen3_32b,h200_sxm,ANALYTICAL,prefill,18.7245,21.3256,0.8780292230933713,18.7245,18.724,2.6702982723107947e-05,259.537,16.869,59.281,599.184,1,1,3,6.935,tp4pp1dp1etp1ep1,80,80,5,4.636,tp4pp1dp1etp1ep1,32
qwen3_32b__h200_sxm__analytical,qwen3_32b,h200_sxm,ANALYTICAL,decode,11.1996,10.631520000000002,1.0534335635920355,10.631520000000002,10.632,4.514876518106681e-05,433.944,16.75,59.703,453.612,1,1,3,4.148,tp2pp1dp1etp1ep1,22,22,9,1.284,tp2pp1dp1etp1ep1,24
qwen3_32b__h200_sxm__analytical,qwen3_32b,h200_sxm,ANALYTICAL,prefill,9.400500000000001,9.84492,0.954857936885216,9.400500000000001,9.401,5.318866017752616e-05,172.334,17.539,57.016,601.632,1,1,1,10.445,tp8pp1dp1etp1ep1,192,192,1,10.701,tp8pp1dp1etp1ep1,16
qwen3_32b__h200_sxm__analytical,qwen3_32b,h200_sxm,ANALYTICAL,prefill,18.7245,22.125999999999998,0.8462668353972702,18.7245,18.724,2.6702982723107947e-05,259.537,17.884,55.917,599.184,1,1,3,6.935,tp4pp1dp1etp1ep1,88,88,5,4.81,tp4pp1dp1etp1ep1,32
qwen3_32b__h200_sxm__analytical,qwen3_32b,h200_sxm,ANALYTICAL,prefill,11.1996,11.87352,0.9432417682372204,11.1996,11.2,3.571556126996212e-05,433.944,17.724,56.42,477.85,1,1,3,4.148,tp2pp1dp1etp1ep1,26,26,9,1.434,tp2pp1dp1etp1ep1,24
qwen3_32b__h200_sxm__analytical,qwen3_32b,h200_sxm,ANALYTICAL,prefill,9.400500000000001,10.03812,0.9364801377150305,9.400500000000001,9.401,5.318866017752616e-05,172.334,18.636,53.661,601.632,1,1,1,10.445,tp8pp1dp1etp1ep1,208,208,1,10.911,tp8pp1dp1etp1ep1,16
qwen3_32b__h200_sxm__analytical,qwen3_32b,h200_sxm,ANALYTICAL,prefill,18.7245,22.839,0.8198476290555629,18.7245,18.724,2.6702982723107947e-05,259.537,18.899,52.913,599.184,1,1,3,6.935,tp4pp1dp1etp1ep1,96,96,5,4.965,tp4pp1dp1etp1ep1,32
qwen3_32b__h200_sxm__analytical,qwen3_32b,h200_sxm,ANALYTICAL,decode,18.666,15.868160000000001,1.176317859159474,15.868160000000001,15.868,1.0083084617312163e-05,433.944,18.699,53.48,507.781,1,1,5,4.148,tp2pp1dp1etp1ep1,30,30,11,1.568,tp2pp1dp1etp1ep1,32
qwen3_32b__h200_sxm__analytical,qwen3_32b,h200_sxm,ANALYTICAL,prefill,9.400500000000001,10.20924,0.9207835255121832,9.400500000000001,9.401,5.318866017752616e-05,172.334,19.732,50.679,601.632,1,1,1,10.445,tp8pp1dp1etp1ep1,224,224,1,11.097,tp8pp1dp1etp1ep1,16
qwen3_32b__h200_sxm__analytical,qwen3_32b,h200_sxm,ANALYTICAL,decode,6.241499999999999,4.696600000000001,1.3289400843163135,4.696600000000001,4.697,8.516799386770593e-05,259.537,19.914,50.216,601.165,1,1,1,6.935,tp4pp1dp1etp1ep1,104,104,1,5.105,tp4pp1dp1etp1ep1,8
qwen3_32b__h200_sxm__analytical,qwen3_32b,h200_sxm,ANALYTICAL,decode,18.666,16.4956,1.1315744804675187,16.4956,16.496,2.4248890613197932e-05,433.944,19.186,52.122,527.859,1,1,5,4.148,tp2pp1dp1etp1ep1,32,32,11,1.63,tp2pp1dp1etp1ep1,32
qwen3_32b__h200_sxm__analytical,qwen3_32b,h200_sxm,ANALYTICAL,decode,6.241499999999999,5.18236,1.2043740689570002,5.18236,5.182,6.94664207040217e-05,259.537,24.99,40.016,663.342,1,1,1,6.935,tp4pp1dp1etp1ep1,144,144,1,5.633,tp4pp1dp1etp1ep1,8
qwen3_32b__h200_sxm__analytical,qwen3_32b,h200_sxm,ANALYTICAL,prefill,14.932799999999999,15.551680000000001,0.9602049424885284,14.932799999999999,14.933,1.3393335476354753e-05,433.944,24.058,41.566,637.133,1,1,4,4.148,tp2pp1dp1etp1ep1,52,52,8,2.113,tp2pp1dp1etp1ep1,24
qwen3_32b__h200_sxm__analytical,qwen3_32b,h200_sxm,ANALYTICAL,prefill,9.400500000000001,10.7916,0.8710941843656177,9.400500000000001,9.401,5.318866017752616e-05,172.334,24.666,40.541,601.632,1,1,1,10.445,tp8pp1dp1etp1ep1,296,296,1,11.73,tp8pp1dp1etp1ep1,16
qwen3_32b__h200_sxm__analytical,qwen3_32b,h200_sxm,ANALYTICAL,decode,2.07,2.05436,1.0076130765785938,2.05436,2.054,0.00017523705679634436,782.757,24.553,40.729,262.958,1,1,1,2.3,tp1pp1dp1etp1ep1,8,8,7,0.319,tp1pp1dp1etp1ep1,8
qwen3_32b__h200_sxm__analytical,qwen3_32b,h200_sxm,ANALYTICAL,prefill,11.1996,11.426400000000001,0.9801512287334593,11.1996,11.2,3.571556126996212e-05,433.944,29.905,33.44,716.774,1,1,3,4.148,tp2pp1dp1etp1ep1,76,76,5,2.484,tp2pp1dp1etp1ep1,16
qwen3_32b__h200_sxm__analytical,qwen3_32b,h200_sxm,ANALYTICAL,decode,6.241499999999999,5.44824,1.1455993128056032,5.44824,5.448,4.40509228667966e-05,259.537,29.05,34.423,697.375,1,1,1,6.935,tp4pp1dp1etp1ep1,176,176,1,5.922,tp4pp1dp1etp1ep1,8
qwen3_32b__h200_sxm__analytical,qwen3_32b,h200_sxm,ANALYTICAL,prefill,9.400500000000001,11.180760000000001,0.8407746879460788,9.400500000000001,9.401,5.318866017752616e-05,172.334,29.601,33.783,601.632,1,1,1,10.445,tp8pp1dp1etp1ep1,368,368,1,12.153,tp8pp1dp1etp1ep1,16
qwen3_32b__h200_sxm__analytical,qwen3_32b,h200_sxm,ANALYTICAL,decode,14.489999999999998,13.8,1.0499999999999998,13.8,13.8,0.0,782.757,29.323,34.103,441.6,1,1,7,2.3,tp1pp1dp1etp1ep1,18,18,25,0.6,tp1pp1dp1etp1ep1,32
qwen3_32b__h200_sxm__analytical,qwen3_32b,h200_sxm,ANALYTICAL,decode,18.666,17.37512,1.0742947386838193,17.37512,17.375,6.9064271210218866e-06,433.944,34.777,28.755,741.338,1,1,5,4.148,tp2pp1dp1etp1ep1,96,96,7,2.698,tp2pp1dp1etp1ep1,24
qwen3_32b__h200_sxm__analytical,qwen3_32b,h200_sxm,ANALYTICAL,decode,6.241499999999999,5.69204,1.0965312963366383,5.69204,5.692,7.027357502804275e-06,259.537,34.126,29.303,728.581,1,1,1,6.935,tp4pp1dp1etp1ep1,216,216,1,6.187,tp4pp1dp1etp1ep1,8
qwen3_32b__h200_sxm__analytical,qwen3_32b,h200_sxm,ANALYTICAL,prefill,9.400500000000001,11.457680000000002,0.8204540535256701,9.400500000000001,9.401,5.318866017752616e-05,172.334,34.535,28.956,601.632,1,1,1,10.445,tp8pp1dp1etp1ep1,440,440,1,12.454,tp8pp1dp1etp1ep1,16
qwen3_32b__h200_sxm__analytical,qwen3_32b,h200_sxm,ANALYTICAL,decode,18.63,16.991480000000003,1.0964318587904054,16.991480000000003,16.991,2.8249452078520794e-05,782.757,34.093,29.331,543.727,1,1,9,2.3,tp1pp1dp1etp1ep1,28,28,23,0.803,tp1pp1dp1etp1ep1,32
qwen3_32b__h200_sxm__analytical,qwen3_32b,h200_sxm,ANALYTICAL,decode,18.666,18.418400000000002,1.0134430786604698,18.418400000000002,18.418,2.1717413021903122e-05,433.944,39.649,25.221,785.852,1,1,5,4.148,tp2pp1dp1etp1ep1,116,116,7,2.86,tp2pp1dp1etp1ep1,24
qwen3_32b__h200_sxm__analytical,qwen3_32b,h200_sxm,ANALYTICAL,decode,6.241499999999999,5.87328,1.0626940993788818,5.87328,5.873,4.767353165523489e-05,259.537,39.202,25.509,751.78,1,1,1,6.935,tp4pp1dp1etp1ep1,256,256,1,6.384,tp4pp1dp1etp1ep1,8
qwen3_32b__h200_sxm__analytical,qwen3_32b,h200_sxm,ANALYTICAL,decode,10.35,9.93784,1.0414738011479356,9.93784,9.938,1.610007808548419e-05,782.757,39.818,25.114,636.022,1,1,5,2.3,tp1pp1dp1etp1ep1,40,40,11,0.982,tp1pp1dp1etp1ep1,16
qwen3_32b__h200_sxm__analytical,qwen3_32b,h200_sxm,ANALYTICAL,prefill,9.400500000000001,11.6656,0.8058308188177206,9.400500000000001,9.401,5.318866017752616e-05,172.334,39.469,25.336,601.632,1,1,1,10.445,tp8pp1dp1etp1ep1,512,512,1,12.68,tp8pp1dp1etp1ep1,16
qwen3_32b__h200_sxm__analytical,qwen3_32b,h200_sxm,ANALYTICAL,prefill,18.666,19.229840000000003,0.9706789032046027,18.666,18.666,0.0,433.944,44.521,22.461,796.416,1,1,5,4.148,tp2pp1dp1etp1ep1,136,136,7,2.986,tp2pp1dp1etp1ep1,24
qwen3_32b__h200_sxm__analytical,qwen3_32b,h200_sxm,ANALYTICAL,decode,6.241499999999999,6.0122,1.0381391171285053,6.0122,6.012,3.326569309078575e-05,259.537,44.277,22.585,769.562,1,1,1,6.935,tp4pp1dp1etp1ep1,296,296,1,6.535,tp4pp1dp1etp1ep1,8
qwen3_32b__h200_sxm__analytical,qwen3_32b,h200_sxm,ANALYTICAL,decode,16.56,15.824,1.0465116279069766,15.824,15.824,0.0,782.757,43.634,22.918,675.157,1,1,8,2.3,tp1pp1dp1etp1ep1,48,48,16,1.075,tp1pp1dp1etp1ep1,24
qwen3_32b__h200_sxm__analytical,qwen3_32b,h200_sxm,ANALYTICAL,decode,26.132399999999997,25.41132,1.0283763299191069,25.41132,25.411,1.2592812966762202e-05,433.944,48.419,20.653,813.162,1,1,7,4.148,tp2pp1dp1etp1ep1,152,152,9,3.069,tp2pp1dp1etp1ep1,32
qwen3_32b__h200_sxm__analytical,qwen3_32b,h200_sxm,ANALYTICAL,decode,6.241499999999999,6.1226,1.0194198543102602,6.1226,6.123,6.53317218175213e-05,259.537,49.353,20.262,783.693,1,1,1,6.935,tp4pp1dp1etp1ep1,336,336,1,6.655,tp4pp1dp1etp1ep1,8
qwen3_32b__h200_sxm__analytical,qwen3_32b,h200_sxm,ANALYTICAL,prefill,22.77,22.952160000000003,0.9920634920634919,22.77,22.77,0.0,782.757,49.359,20.26,728.64,1,1,11,2.3,tp1pp1dp1etp1ep1,60,60,21,1.188,tp1pp1dp1etp1ep1,32
qwen3_32b__h200_sxm__analytical,qwen3_32b,h200_sxm,ANALYTICAL,decode,26.132399999999997,25.99092,1.0054434394780947,25.99092,25.991,3.0779980085554533e-06,433.944,52.317,19.114,831.709,1,1,7,4.148,tp2pp1dp1etp1ep1,168,168,9,3.139,tp2pp1dp1etp1ep1,32
qwen3_32b__h200_sxm__analytical,qwen3_32b,h200_sxm,ANALYTICAL,decode,6.241499999999999,6.21276,1.0046259633399648,6.21276,6.213,3.8630174028901154e-05,259.537,54.429,18.373,795.233,1,1,1,6.935,tp4pp1dp1etp1ep1,376,376,1,6.753,tp4pp1dp1etp1ep1,8
qwen3_32b__h200_sxm__analytical,qwen3_32b,h200_sxm,ANALYTICAL,decode,6.241499999999999,6.2284,1.002103268897309,6.2284,6.228,6.422195106286622e-05,259.537,55.444,18.036,797.235,1,1,1,6.935,tp4pp1dp1etp1ep1,384,384,1,6.77,tp4pp1dp1etp1ep1,8
qwen3_32b__h200_sxm__empirical,qwen3_32b,h200_sxm,EMPIRICAL,decode,10.167300000000001,1.81056,5.615555408271475,1.81056,1.811,0.00024301873453516922,159.338,2.979,335.704,57.938,1,1,1,11.297,tp8pp1dp1etp1ep1,2,2,3,0.656,tp8pp1dp1etp1ep1,32
qwen3_32b__h200_sxm__empirical,qwen3_32b,h200_sxm,EMPIRICAL,decode,10.167300000000001,9.17424,1.1082443886360072,9.17424,9.174,2.616020509598571e-05,159.338,3.921,255.057,391.434,1,1,1,11.297,tp8pp1dp1etp1ep1,20,20,2,4.986,tp8pp1dp1etp1ep1,24
qwen3_32b__h200_sxm__empirical,qwen3_32b,h200_sxm,EMPIRICAL,decode,10.167300000000001,7.24224,1.4038888520678687,7.24224,7.242,3.313891834567702e-05,159.338,4.967,201.32,463.503,1,1,1,11.297,tp8pp1dp1etp1ep1,40,40,1,7.872,tp8pp1dp1etp1ep1,16
qwen3_32b__h200_sxm__empirical,qwen3_32b,h200_sxm,EMPIRICAL,decode,10.167300000000001,8.67652,1.1718177333769761,8.67652,8.677,5.53217188457575e-05,159.338,5.804,172.282,555.297,1,1,1,11.297,tp8pp1dp1etp1ep1,56,56,1,9.431,tp8pp1dp1etp1ep1,16
qwen3_32b__h200_sxm__empirical,qwen3_32b,h200_sxm,EMPIRICAL,prefill,6.6969,6.7758,0.9883556185247498,6.6969,6.697,1.4932282100638644e-05,241.898,5.974,167.403,285.734,1,1,1,7.441,tp4pp1dp1etp1ep1,9,9,5,1.473,tp4pp1dp1etp1ep1,24
qwen3_32b__h200_sxm__empirical,qwen3_32b,h200_sxm,EMPIRICAL,decode,10.167300000000001,9.97648,1.0191269866726542,9.97648,9.976,4.811316215735328e-05,159.338,6.851,145.964,638.495,1,1,1,11.297,tp8pp1dp1etp1ep1,76,76,1,10.844,tp8pp1dp1etp1ep1,16
qwen3_32b__h200_sxm__empirical,qwen3_32b,h200_sxm,EMPIRICAL,prefill,6.6969,7.11528,0.9411997841265558,6.6969,6.697,1.4932282100638644e-05,241.898,6.824,146.538,428.602,1,1,1,7.441,tp4pp1dp1etp1ep1,18,18,3,2.578,tp4pp1dp1etp1ep1,16
qwen3_32b__h200_sxm__empirical,qwen3_32b,h200_sxm,EMPIRICAL,prefill,10.167300000000001,10.93144,0.9300970411949387,10.167300000000001,10.167,2.9506358620388616e-05,159.338,7.898,126.622,650.707,1,1,1,11.297,tp8pp1dp1etp1ep1,96,96,1,11.882,tp8pp1dp1etp1ep1,16
qwen3_32b__h200_sxm__empirical,qwen3_32b,h200_sxm,EMPIRICAL,prefill,13.3938,13.5608,0.9876850923249366,13.3938,13.394,1.4932282100638644e-05,241.898,7.958,125.655,571.469,1,1,2,7.441,tp4pp1dp1etp1ep1,30,30,4,3.685,tp4pp1dp1etp1ep1,24
qwen3_32b__h200_sxm__empirical,qwen3_32b,h200_sxm,EMPIRICAL,prefill,10.167300000000001,11.663760000000002,0.8717000349801436,10.167300000000001,10.167,2.9506358620388616e-05,159.338,8.944,111.806,650.707,1,1,1,11.297,tp8pp1dp1etp1ep1,116,116,1,12.678,tp8pp1dp1etp1ep1,16
qwen3_32b__h200_sxm__empirical,qwen3_32b,h200_sxm,EMPIRICAL,prefill,20.090700000000002,20.203200000000002,0.9944315751960086,20.090700000000002,20.091,1.4932282100638644e-05,241.898,8.903,112.317,642.902,1,1,3,7.441,tp4pp1dp1etp1ep1,40,40,5,4.392,tp4pp1dp1etp1ep1,32
qwen3_32b__h200_sxm__empirical,qwen3_32b,h200_sxm,EMPIRICAL,prefill,10.167300000000001,12.24244,0.8304962082722073,10.167300000000001,10.167,2.9506358620388616e-05,159.338,9.991,100.094,650.707,1,1,1,11.297,tp8pp1dp1etp1ep1,136,136,1,13.307,tp8pp1dp1etp1ep1,16
qwen3_32b__h200_sxm__empirical,qwen3_32b,h200_sxm,EMPIRICAL,prefill,20.090700000000002,22.342200000000002,0.8992265757177001,20.090700000000002,20.091,1.4932282100638644e-05,241.898,9.659,103.525,642.902,1,1,3,7.441,tp4pp1dp1etp1ep1,48,48,5,4.857,tp4pp1dp1etp1ep1,32
qwen3_32b__h200_sxm__empirical,qwen3_32b,h200_sxm,EMPIRICAL,decode,3.9798,2.7048,1.4713842058562554,2.7048,2.705,7.394262052646331e-05,407.021,9.978,100.216,86.554,1,1,1,4.422,tp2pp1dp1etp1ep1,2,2,15,0.196,tp2pp1dp1etp1ep1,32
qwen3_32b__h200_sxm__empirical,qwen3_32b,h200_sxm,EMPIRICAL,prefill,10.167300000000001,12.62424,0.8053791753008498,10.167300000000001,10.167,2.9506358620388616e-05,159.338,10.828,92.355,650.707,1,1,1,11.297,tp8pp1dp1etp1ep1,152,152,1,13.722,tp8pp1dp1etp1ep1,16
qwen3_32b__h200_sxm__empirical,qwen3_32b,h200_sxm,EMPIRICAL,prefill,20.090700000000002,24.9964,0.8037437390984302,20.090700000000002,20.091,1.4932282100638644e-05,241.898,10.794,92.648,642.902,1,1,3,7.441,tp4pp1dp1etp1ep1,60,60,5,5.434,tp4pp1dp1etp1ep1,32
qwen3_32b__h200_sxm__empirical,qwen3_32b,h200_sxm,EMPIRICAL,prefill,3.9798,4.05076,0.9824822996178494,3.9798,3.98,5.0253781597059645e-05,407.021,10.873,91.972,254.707,1,1,1,4.422,tp2pp1dp1etp1ep1,7,7,7,0.629,tp2pp1dp1etp1ep1,16
qwen3_32b__h200_sxm__empirical,qwen3_32b,h200_sxm,EMPIRICAL,decode,20.090700000000002,16.28676,1.23356026613028,16.28676,16.287,1.4735895905509724e-05,241.898,11.928,83.838,694.902,1,1,3,7.441,tp4pp1dp1etp1ep1,72,72,3,5.901,tp4pp1dp1etp1ep1,24
qwen3_32b__h200_sxm__empirical,qwen3_32b,h200_sxm,EMPIRICAL,prefill,10.167300000000001,12.95176,0.785013002093924,10.167300000000001,10.167,2.9506358620388616e-05,159.338,11.665,85.726,650.707,1,1,1,11.297,tp8pp1dp1etp1ep1,168,168,1,14.078,tp8pp1dp1etp1ep1,16
qwen3_32b__h200_sxm__empirical,qwen3_32b,h200_sxm,EMPIRICAL,prefill,11.9394,12.72544,0.9382308195237256,11.9394,11.939,3.350252106463204e-05,407.021,11.946,83.709,382.061,1,1,3,4.422,tp2pp1dp1etp1ep1,13,13,13,1.064,tp2pp1dp1etp1ep1,32
qwen3_32b__h200_sxm__empirical,qwen3_32b,h200_sxm,EMPIRICAL,decode,20.090700000000002,17.015400000000003,1.180736274198667,17.015400000000003,17.015,2.3508116177264148e-05,241.898,12.684,78.841,725.99,1,1,3,7.441,tp4pp1dp1etp1ep1,80,80,3,6.165,tp4pp1dp1etp1ep1,24
qwen3_32b__h200_sxm__empirical,qwen3_32b,h200_sxm,EMPIRICAL,prefill,10.167300000000001,13.36392,0.7608022197079899,10.167300000000001,10.167,2.9506358620388616e-05,159.338,12.921,77.394,650.707,1,1,1,11.297,tp8pp1dp1etp1ep1,192,192,1,14.526,tp8pp1dp1etp1ep1,16
qwen3_32b__h200_sxm__empirical,qwen3_32b,h200_sxm,EMPIRICAL,decode,3.9798,3.7812000000000006,1.0525230085687083,3.7812000000000006,3.781,5.289326139860945e-05,407.021,12.84,77.879,483.994,1,1,1,4.422,tp2pp1dp1etp1ep1,18,18,3,1.37,tp2pp1dp1etp1ep1,8
qwen3_32b__h200_sxm__empirical,qwen3_32b,h200_sxm,EMPIRICAL,decode,6.6969,5.987360000000001,1.1185063199807594,5.987360000000001,5.987,6.0126666844916966e-05,241.898,13.818,72.37,766.382,1,1,1,7.441,tp4pp1dp1etp1ep1,92,92,1,6.508,tp4pp1dp1etp1ep1,8
qwen3_32b__h200_sxm__empirical,qwen3_32b,h200_sxm,EMPIRICAL,prefill,10.167300000000001,13.59576,0.7478287348408622,10.167300000000001,10.167,2.9506358620388616e-05,159.338,13.758,72.684,650.707,1,1,1,11.297,tp8pp1dp1etp1ep1,208,208,1,14.778,tp8pp1dp1etp1ep1,16
qwen3_32b__h200_sxm__empirical,qwen3_32b,h200_sxm,EMPIRICAL,decode,19.899,17.06232,1.166254061581309,17.06232,17.062,1.8754776607081784e-05,407.021,13.914,71.872,545.994,1,1,5,4.422,tp2pp1dp1etp1ep1,24,24,11,1.686,tp2pp1dp1etp1ep1,32
qwen3_32b__h200_sxm__empirical,qwen3_32b,h200_sxm,EMPIRICAL,decode,6.6969,6.25508,1.0706337888564175,6.25508,6.255,1.2789604609457288e-05,241.898,14.952,66.881,800.65,1,1,1,7.441,tp4pp1dp1etp1ep1,104,104,1,6.799,tp4pp1dp1etp1ep1,8
qwen3_32b__h200_sxm__empirical,qwen3_32b,h200_sxm,EMPIRICAL,prefill,10.167300000000001,13.7908,0.7372523711459814,10.167300000000001,10.167,2.9506358620388616e-05,159.338,14.607,68.46,650.707,1,1,1,11.297,tp8pp1dp1etp1ep1,224,224,1,14.99,tp8pp1dp1etp1ep1,16
qwen3_32b__h200_sxm__empirical,qwen3_32b,h200_sxm,EMPIRICAL,decode,19.899,19.804840000000002,1.0047543933705094,19.804840000000002,19.805,8.078833254774866e-06,407.021,14.987,66.725,633.755,1,1,5,4.422,tp2pp1dp1etp1ep1,30,30,11,1.957,tp2pp1dp1etp1ep1,32
qwen3_32b__h200_sxm__empirical,qwen3_32b,h200_sxm,EMPIRICAL,decode,20.090700000000002,19.2372,1.0443671636204854,19.2372,19.237,1.0396523402734628e-05,241.898,15.708,63.661,820.787,1,1,3,7.441,tp4pp1dp1etp1ep1,112,112,3,6.97,tp4pp1dp1etp1ep1,24
qwen3_32b__h200_sxm__empirical,qwen3_32b,h200_sxm,EMPIRICAL,prefill,10.167300000000001,13.87268,0.7329009246951562,10.167300000000001,10.167,2.9506358620388616e-05,159.338,15.559,64.273,650.707,1,1,1,11.297,tp8pp1dp1etp1ep1,240,240,1,15.079,tp8pp1dp1etp1ep1,16
qwen3_32b__h200_sxm__empirical,qwen3_32b,h200_sxm,EMPIRICAL,decode,15.9192,15.007040000000002,1.0607821395824892,15.007040000000002,15.007,2.665415698368126e-06,407.021,15.345,65.169,640.3,1,1,4,4.422,tp2pp1dp1etp1ep1,32,32,8,2.039,tp2pp1dp1etp1ep1,24
qwen3_32b__h200_sxm__empirical,qwen3_32b,h200_sxm,EMPIRICAL,decode,6.6969,6.62124,1.0114268626420428,6.62124,6.621,3.6246986969177364e-05,241.898,16.842,59.375,847.519,1,1,1,7.441,tp4pp1dp1etp1ep1,124,124,1,7.197,tp4pp1dp1etp1ep1,8
qwen3_32b__h200_sxm__empirical,qwen3_32b,h200_sxm,EMPIRICAL,decode,11.9394,10.7226,1.113479939566896,10.7226,10.723,3.730438513055081e-05,407.021,16.776,59.61,686.246,1,1,3,4.422,tp2pp1dp1etp1ep1,40,40,5,2.331,tp2pp1dp1etp1ep1,16
qwen3_32b__h200_sxm__empirical,qwen3_32b,h200_sxm,EMPIRICAL,prefill,10.167300000000001,13.931560000000001,0.7298034103862022,10.167300000000001,10.167,2.9506358620388616e-05,159.338,16.526,60.512,650.707,1,1,1,11.297,tp8pp1dp1etp1ep1,256,256,1,15.143,tp8pp1dp1etp1ep1,16
qwen3_32b__h200_sxm__empirical,qwen3_32b,h200_sxm,EMPIRICAL,prefill,6.6969,6.8034,0.9843460622629863,6.6969,6.697,1.4932282100638644e-05,241.898,17.976,55.629,857.203,1,1,1,7.441,tp4pp1dp1etp1ep1,136,136,1,7.395,tp4pp1dp1etp1ep1,8
qwen3_32b__h200_sxm__empirical,qwen3_32b,h200_sxm,EMPIRICAL,decode,11.9394,11.3114,1.0555192107077813,11.3114,11.311,3.5362554591018276e-05,407.021,17.491,57.171,723.93,1,1,3,4.422,tp2pp1dp1etp1ep1,44,44,5,2.459,tp2pp1dp1etp1ep1,16
qwen3_32b__h200_sxm__empirical,qwen3_32b,h200_sxm,EMPIRICAL,prefill,10.167300000000001,13.97296,0.727641101098121,10.167300000000001,10.167,2.9506358620388616e-05,159.338,17.506,57.123,650.707,1,1,1,11.297,tp8pp1dp1etp1ep1,272,272,1,15.188,tp8pp1dp1etp1ep1,16
qwen3_32b__h200_sxm__empirical,qwen3_32b,h200_sxm,EMPIRICAL,prefill,6.6969,6.91288,0.9687568712316719,6.6969,6.697,1.4932282100638644e-05,241.898,18.732,53.383,857.203,1,1,1,7.441,tp4pp1dp1etp1ep1,144,144,1,7.514,tp4pp1dp1etp1ep1,8
qwen3_32b__h200_sxm__empirical,qwen3_32b,h200_sxm,EMPIRICAL,prefill,11.9394,12.3556,0.9663148693709733,11.9394,11.939,3.350252106463204e-05,407.021,18.922,52.848,764.122,1,1,3,4.422,tp2pp1dp1etp1ep1,52,52,5,2.686,tp2pp1dp1etp1ep1,16
qwen3_32b__h200_sxm__empirical,qwen3_32b,h200_sxm,EMPIRICAL,prefill,10.167300000000001,14.01344,0.7255391966569238,10.167300000000001,10.167,2.9506358620388616e-05,159.338,18.996,52.644,650.707,1,1,1,11.297,tp8pp1dp1etp1ep1,296,296,1,15.232,tp8pp1dp1etp1ep1,16
qwen3_32b__h200_sxm__empirical,qwen3_32b,h200_sxm,EMPIRICAL,decode,2.1969,1.48304,1.4813491207249974,1.48304,1.483,2.6971625849483467e-05,737.266,18.964,52.732,47.457,1,1,1,2.441,tp1pp1dp1etp1ep1,1,1,31,0.052,tp1pp1dp1etp1ep1,32
qwen3_32b__h200_sxm__empirical,qwen3_32b,h200_sxm,EMPIRICAL,prefill,6.6969,7.01408,0.9547795291756012,6.6969,6.697,1.4932282100638644e-05,241.898,19.488,51.312,857.203,1,1,1,7.441,tp4pp1dp1etp1ep1,152,152,1,7.624,tp4pp1dp1etp1ep1,8
qwen3_32b__h200_sxm__empirical,qwen3_32b,h200_sxm,EMPIRICAL,decode,19.899,17.95472,1.1082879599347695,17.95472,17.955,1.55947851038645e-05,407.021,19.638,50.922,766.068,1,1,5,4.422,tp2pp1dp1etp1ep1,56,56,7,2.788,tp2pp1dp1etp1ep1,24
qwen3_32b__h200_sxm__empirical,qwen3_32b,h200_sxm,EMPIRICAL,prefill,10.167300000000001,14.03736,0.7243028603669067,10.167300000000001,10.167,2.9506358620388616e-05,159.338,19.989,50.029,650.707,1,1,1,11.297,tp8pp1dp1etp1ep1,312,312,1,15.258,tp8pp1dp1etp1ep1,16
qwen3_32b__h200_sxm__empirical,qwen3_32b,h200_sxm,EMPIRICAL,decode,2.1969,2.0562,1.068427195798074,2.0562,2.056,9.726680284017993e-05,737.266,19.659,50.868,131.597,1,1,1,2.441,tp1pp1dp1etp1ep1,3,3,15,0.149,tp1pp1dp1etp1ep1,16
qwen3_32b__h200_sxm__empirical,qwen3_32b,h200_sxm,EMPIRICAL,decode,27.8586,27.58896,1.0097734746072342,27.58896,27.589,1.4498553043857286e-06,407.021,24.646,40.574,882.847,1,1,7,4.422,tp2pp1dp1etp1ep1,84,84,9,3.332,tp2pp1dp1etp1ep1,32
qwen3_32b__h200_sxm__empirical,qwen3_32b,h200_sxm,EMPIRICAL,prefill,6.6969,7.5486,0.8871711310706621,6.6969,6.697,1.4932282100638644e-05,241.898,24.781,40.353,857.203,1,1,1,7.441,tp4pp1dp1etp1ep1,208,208,1,8.205,tp4pp1dp1etp1ep1,8
qwen3_32b__h200_sxm__empirical,qwen3_32b,h200_sxm,EMPIRICAL,prefill,10.167300000000001,14.12752,0.7196804534695403,10.167300000000001,10.167,2.9506358620388616e-05,159.338,24.954,40.075,650.707,1,1,1,11.297,tp8pp1dp1etp1ep1,392,392,1,15.356,tp8pp1dp1etp1ep1,16
qwen3_32b__h200_sxm__empirical,qwen3_32b,h200_sxm,EMPIRICAL,decode,2.1969,1.9513200000000002,1.1258532685566691,1.9513200000000002,1.951,0.0001639915544349968,737.266,24.873,40.204,499.538,1,1,1,2.441,tp1pp1dp1etp1ep1,18,18,3,0.707,tp1pp1dp1etp1ep1,4
qwen3_32b__h200_sxm__empirical,qwen3_32b,h200_sxm,EMPIRICAL,prefill,27.8586,30.569760000000002,0.9113123557397899,27.8586,27.859,1.4358223313541258e-05,407.021,29.655,33.721,891.475,1,1,7,4.422,tp2pp1dp1etp1ep1,112,112,9,3.692,tp2pp1dp1etp1ep1,32
qwen3_32b__h200_sxm__empirical,qwen3_32b,h200_sxm,EMPIRICAL,prefill,6.6969,7.67556,0.8724965995966418,6.6969,6.697,1.4932282100638644e-05,241.898,29.994,33.34,857.203,1,1,1,7.441,tp4pp1dp1etp1ep1,256,256,1,8.343,tp4pp1dp1etp1ep1,8
qwen3_32b__h200_sxm__empirical,qwen3_32b,h200_sxm,EMPIRICAL,decode,10.984499999999999,10.64624,1.031772719758337,10.64624,10.646,2.254317017085806e-05,737.266,29.74,33.625,681.359,1,1,5,2.441,tp1pp1dp1etp1ep1,32,32,11,1.052,tp1pp1dp1etp1ep1,16
qwen3_32b__h200_sxm__empirical,qwen3_32b,h200_sxm,EMPIRICAL,prefill,10.167300000000001,14.18824,0.7166005085902127,10.167300000000001,10.167,2.9506358620388616e-05,159.338,29.918,33.424,650.707,1,1,1,11.297,tp8pp1dp1etp1ep1,472,472,1,15.422,tp8pp1dp1etp1ep1,16
qwen3_32b__h200_sxm__empirical,qwen3_32b,h200_sxm,EMPIRICAL,decode,3.9798,3.60272,1.10466536394724,3.60272,3.603,7.771905671272205e-05,407.021,33.948,29.457,922.296,1,1,1,4.422,tp2pp1dp1etp1ep1,136,136,1,3.916,tp2pp1dp1etp1ep1,4
qwen3_32b__h200_sxm__empirical,qwen3_32b,h200_sxm,EMPIRICAL,prefill,6.6969,7.697640000000001,0.8699939202145073,6.6969,6.697,1.4932282100638644e-05,241.898,34.583,28.916,857.203,1,1,1,7.441,tp4pp1dp1etp1ep1,296,296,1,8.367,tp4pp1dp1etp1ep1,8
qwen3_32b__h200_sxm__empirical,qwen3_32b,h200_sxm,EMPIRICAL,prefill,24.1659,24.49776,0.9864534553363247,24.1659,24.166,4.138062310932634e-06,737.266,33.911,29.489,773.309,1,1,11,2.441,tp1pp1dp1etp1ep1,44,44,21,1.268,tp1pp1dp1etp1ep1,32
qwen3_32b__h200_sxm__empirical,qwen3_32b,h200_sxm,EMPIRICAL,prefill,10.167300000000001,14.21124,0.7154407356430544,10.167300000000001,10.167,2.9506358620388616e-05,159.338,32.401,30.863,650.707,1,1,1,11.297,tp8pp1dp1etp1ep1,512,512,1,15.447,tp8pp1dp1etp1ep1,16
qwen3_32b__h200_sxm__empirical,qwen3_32b,h200_sxm,EMPIRICAL,decode,3.9798,3.8087999999999997,1.0448960302457468,3.8087999999999997,3.809,5.250997689572098e-05,407.021,39.672,25.207,975.053,1,1,1,4.422,tp2pp1dp1etp1ep1,168,168,1,4.14,tp2pp1dp1etp1ep1,4
qwen3_32b__h200_sxm__empirical,qwen3_32b,h200_sxm,EMPIRICAL,prefill,6.6969,7.7142,0.8681263125145835,6.6969,6.697,1.4932282100638644e-05,241.898,39.171,25.529,857.203,1,1,1,7.441,tp4pp1dp1etp1ep1,336,336,1,8.385,tp4pp1dp1etp1ep1,8
qwen3_32b__h200_sxm__empirical,qwen3_32b,h200_sxm,EMPIRICAL,prefill,6.5907,6.8356,0.964172859734332,6.5907,6.591,4.5518685420393735e-05,737.266,39.473,25.334,843.61,1,1,3,2.441,tp1pp1dp1etp1ep1,60,60,5,1.486,tp1pp1dp1etp1ep1,8
qwen3_32b__h200_sxm__empirical,qwen3_32b,h200_sxm,EMPIRICAL,prefill,6.6969,7.729839999999999,0.866369808430705,6.6969,6.697,1.4932282100638644e-05,241.898,44.678,22.382,857.203,1,1,1,7.441,tp4pp1dp1etp1ep1,384,384,1,8.402,tp4pp1dp1etp1ep1,8
qwen3_32b__h200_sxm__silicon,qwen3_32b,h200_sxm,SILICON,decode,9.2268,3.6018000000000003,2.561719140429785,3.6018000000000003,3.602,5.5527791659596275e-05,175.576,5.993,166.855,115.258,1,1,1,10.252,tp8pp1dp1etp1ep1,8,8,3,1.305,tp8pp1dp1etp1ep1,32
qwen3_32b__h200_sxm__silicon,qwen3_32b,h200_sxm,SILICON,decode,9.2268,6.988320000000001,1.3203173294869153,6.988320000000001,6.988,4.579069075261579e-05,175.576,6.948,143.93,223.626,1,1,1,10.252,tp8pp1dp1etp1ep1,18,18,3,2.532,tp8pp1dp1etp1ep1,32
qwen3_32b__h200_sxm__silicon,qwen3_32b,h200_sxm,SILICON,prefill,9.2268,9.52476,0.9687173220112633,9.2268,9.227,2.1675987341172872e-05,175.576,7.93,126.098,295.258,1,1,1,10.252,tp8pp1dp1etp1ep1,28,28,3,3.451,tp8pp1dp1etp1ep1,32
qwen3_32b__h200_sxm__silicon,qwen3_32b,h200_sxm,SILICON,decode,6.0651,3.9734800000000003,1.5263949988423244,3.9734800000000003,3.973,0.00012080091003364306,267.098,7.921,126.249,127.151,1,1,1,6.739,tp4pp1dp1etp1ep1,5,5,7,0.617,tp4pp1dp1etp1ep1,32
qwen3_32b__h200_sxm__silicon,qwen3_32b,h200_sxm,SILICON,prefill,9.2268,9.707840000000001,0.950448297458549,9.2268,9.227,2.1675987341172872e-05,175.576,8.893,112.453,393.677,1,1,1,10.252,tp8pp1dp1etp1ep1,48,48,2,5.276,tp8pp1dp1etp1ep1,24
qwen3_32b__h200_sxm__silicon,qwen3_32b,h200_sxm,SILICON,decode,6.0651,4.253159999999999,1.4260220635950684,4.253159999999999,4.253,3.761908792504205e-05,267.098,8.881,112.597,272.202,1,1,1,6.739,tp4pp1dp1etp1ep1,14,14,3,1.541,tp4pp1dp1etp1ep1,16
qwen3_32b__h200_sxm__silicon,qwen3_32b,h200_sxm,SILICON,prefill,9.2268,11.941600000000001,0.7726602800294767,9.2268,9.227,2.1675987341172872e-05,175.576,9.64,103.738,393.677,1,1,1,10.252,tp8pp1dp1etp1ep1,64,64,2,6.49,tp8pp1dp1etp1ep1,24
qwen3_32b__h200_sxm__silicon,qwen3_32b,h200_sxm,SILICON,prefill,6.0651,6.52188,0.929961912822683,6.0651,6.065,1.6487774315306745e-05,267.098,9.928,100.725,388.166,1,1,1,6.739,tp4pp1dp1etp1ep1,24,24,3,2.363,tp4pp1dp1etp1ep1,16
qwen3_32b__h200_sxm__silicon,qwen3_32b,h200_sxm,SILICON,decode,9.2268,7.532960000000001,1.2248571610628491,7.532960000000001,7.533,5.309997663517909e-06,175.576,10.983,91.05,482.109,1,1,1,10.252,tp8pp1dp1etp1ep1,92,92,1,8.188,tp8pp1dp1etp1ep1,16
qwen3_32b__h200_sxm__silicon,qwen3_32b,h200_sxm,SILICON,decode,12.1302,10.85968,1.116994239240935,10.85968,10.86,2.9466798284898232e-05,267.098,10.6,94.344,463.346,1,1,2,6.739,tp4pp1dp1etp1ep1,32,32,4,2.951,tp4pp1dp1etp1ep1,24
qwen3_32b__h200_sxm__silicon,qwen3_32b,h200_sxm,SILICON,decode,9.2268,8.69676,1.0609468353731737,8.69676,8.697,2.759648420788845e-05,175.576,11.996,83.361,556.593,1,1,1,10.252,tp8pp1dp1etp1ep1,116,116,1,9.453,tp8pp1dp1etp1ep1,16
qwen3_32b__h200_sxm__silicon,qwen3_32b,h200_sxm,SILICON,decode,18.1953,16.7118,1.088769611890999,16.7118,16.712,1.196759176148194e-05,267.098,11.839,84.467,534.778,1,1,3,6.739,tp4pp1dp1etp1ep1,44,44,5,3.633,tp4pp1dp1etp1ep1,32
qwen3_32b__h200_sxm__silicon,qwen3_32b,h200_sxm,SILICON,decode,9.2268,9.225760000000001,1.000112727840308,9.225760000000001,9.226,2.6014116994133374e-05,175.576,12.477,80.149,590.449,1,1,1,10.252,tp8pp1dp1etp1ep1,128,128,1,10.028,tp8pp1dp1etp1ep1,16
qwen3_32b__h200_sxm__silicon,qwen3_32b,h200_sxm,SILICON,prefill,18.1953,19.453400000000002,0.9353275005911562,18.1953,18.195,1.6487774315306745e-05,267.098,12.945,77.248,582.25,1,1,3,6.739,tp4pp1dp1etp1ep1,56,56,5,4.229,tp4pp1dp1etp1ep1,32
qwen3_32b__h200_sxm__silicon,qwen3_32b,h200_sxm,SILICON,decode,3.4686000000000003,2.47296,1.4026106366459627,2.47296,2.473,1.617494824009202e-05,467.01,12.724,78.593,158.269,1,1,1,3.854,tp2pp1dp1etp1ep1,5,5,7,0.384,tp2pp1dp1etp1ep1,16
qwen3_32b__h200_sxm__silicon,qwen3_32b,h200_sxm,SILICON,prefill,9.2268,9.2736,0.9949534161490684,9.2268,9.227,2.1675987341172872e-05,175.576,13.965,71.608,590.515,1,1,1,10.252,tp8pp1dp1etp1ep1,144,144,1,10.08,tp8pp1dp1etp1ep1,16
qwen3_32b__h200_sxm__silicon,qwen3_32b,h200_sxm,SILICON,prefill,18.1953,22.038600000000002,0.8256105197244833,18.1953,18.195,1.6487774315306745e-05,267.098,13.875,72.072,582.25,1,1,3,6.739,tp4pp1dp1etp1ep1,68,68,5,4.791,tp4pp1dp1etp1ep1,32
qwen3_32b__h200_sxm__silicon,qwen3_32b,h200_sxm,SILICON,decode,10.405800000000001,8.10612,1.2836967624461517,8.10612,8.106,1.480362985013621e-05,467.01,13.983,71.513,345.861,1,1,3,3.854,tp2pp1dp1etp1ep1,14,14,9,0.979,tp2pp1dp1etp1ep1,24
qwen3_32b__h200_sxm__silicon,qwen3_32b,h200_sxm,SILICON,decode,6.0651,4.6368,1.3080357142857144,4.6368,4.637,4.3133195307007826e-05,267.098,14.742,67.836,593.51,1,1,1,6.739,tp4pp1dp1etp1ep1,76,76,1,5.04,tp4pp1dp1etp1ep1,8
qwen3_32b__h200_sxm__silicon,qwen3_32b,h200_sxm,SILICON,prefill,9.2268,10.09056,0.9143992008372183,9.2268,9.227,2.1675987341172872e-05,175.576,14.972,66.789,590.515,1,1,1,10.252,tp8pp1dp1etp1ep1,168,168,1,10.968,tp8pp1dp1etp1ep1,16
qwen3_32b__h200_sxm__silicon,qwen3_32b,h200_sxm,SILICON,decode,3.4686000000000003,3.2844,1.056083302886372,3.2844,3.284,0.0001217878455731336,467.01,14.784,67.639,420.403,1,1,1,3.854,tp2pp1dp1etp1ep1,18,18,3,1.19,tp2pp1dp1etp1ep1,8
qwen3_32b__h200_sxm__silicon,qwen3_32b,h200_sxm,SILICON,decode,6.0651,4.98088,1.2176763945326932,4.98088,4.981,2.4092128298593414e-05,267.098,15.888,62.94,637.553,1,1,1,6.739,tp4pp1dp1etp1ep1,88,88,1,5.414,tp4pp1dp1etp1ep1,8
qwen3_32b__h200_sxm__silicon,qwen3_32b,h200_sxm,SILICON,prefill,9.2268,10.821040000000002,0.8526722015628811,9.2268,9.227,2.1675987341172872e-05,175.576,15.957,62.67,590.515,1,1,1,10.252,tp8pp1dp1etp1ep1,192,192,1,11.762,tp8pp1dp1etp1ep1,16
qwen3_32b__h200_sxm__silicon,qwen3_32b,h200_sxm,SILICON,decode,17.343,15.09904,1.1486160709555044,15.09904,15.099,2.6491750469077537e-06,467.01,15.721,63.609,483.169,1,1,5,3.854,tp2pp1dp1etp1ep1,24,24,11,1.492,tp2pp1dp1etp1ep1,32
qwen3_32b__h200_sxm__silicon,qwen3_32b,h200_sxm,SILICON,decode,6.0651,5.18512,1.1697125621007807,5.18512,5.185,2.314314808544183e-05,267.098,16.65,60.061,663.695,1,1,1,6.739,tp4pp1dp1etp1ep1,96,96,1,5.636,tp4pp1dp1etp1ep1,8
qwen3_32b__h200_sxm__silicon,qwen3_32b,h200_sxm,SILICON,decode,13.874400000000001,13.549760000000001,1.023959095954467,13.549760000000001,13.55,1.7712490848531335e-05,467.01,16.989,58.861,578.123,1,1,4,3.854,tp2pp1dp1etp1ep1,32,32,8,1.841,tp2pp1dp1etp1ep1,24
qwen3_32b__h200_sxm__silicon,qwen3_32b,h200_sxm,SILICON,decode,18.1953,17.465280000000003,1.0417983565107456,17.465280000000003,17.465,1.6031807105503643e-05,267.098,17.92,55.803,745.185,1,1,3,6.739,tp4pp1dp1etp1ep1,116,116,3,6.328,tp4pp1dp1etp1ep1,24
qwen3_32b__h200_sxm__silicon,qwen3_32b,h200_sxm,SILICON,prefill,13.874400000000001,14.6464,0.9472908018352634,13.874400000000001,13.874,2.883007553485874e-05,467.01,17.686,56.541,591.974,1,1,4,3.854,tp2pp1dp1etp1ep1,36,36,8,1.99,tp2pp1dp1etp1ep1,24
qwen3_32b__h200_sxm__silicon,qwen3_32b,h200_sxm,SILICON,prefill,9.2268,10.88912,0.8473411992888314,9.2268,9.227,2.1675987341172872e-05,175.576,17.839,56.056,590.515,1,1,1,10.252,tp8pp1dp1etp1ep1,216,216,1,11.836,tp8pp1dp1etp1ep1,16
qwen3_32b__h200_sxm__silicon,qwen3_32b,h200_sxm,SILICON,prefill,6.0651,6.08396,0.9969000453651897,6.0651,6.065,1.6487774315306745e-05,267.098,18.921,52.85,776.333,1,1,1,6.739,tp4pp1dp1etp1ep1,128,128,1,6.613,tp4pp1dp1etp1ep1,8
qwen3_32b__h200_sxm__silicon,qwen3_32b,h200_sxm,SILICON,prefill,10.405800000000001,10.474200000000002,0.9934696683278913,10.405800000000001,10.406,1.9220050356487137e-05,467.01,18.889,52.941,665.971,1,1,3,3.854,tp2pp1dp1etp1ep1,44,44,5,2.277,tp2pp1dp1etp1ep1,16
qwen3_32b__h200_sxm__silicon,qwen3_32b,h200_sxm,SILICON,prefill,9.2268,11.12648,0.829264960706351,9.2268,9.227,2.1675987341172872e-05,175.576,18.752,53.328,590.515,1,1,1,10.252,tp8pp1dp1etp1ep1,232,232,1,12.094,tp8pp1dp1etp1ep1,16
qwen3_32b__h200_sxm__silicon,qwen3_32b,h200_sxm,SILICON,prefill,6.0651,6.11892,0.9912043301759134,6.0651,6.065,1.6487774315306745e-05,267.098,19.989,50.028,776.333,1,1,1,6.739,tp4pp1dp1etp1ep1,136,136,1,6.651,tp4pp1dp1etp1ep1,8
qwen3_32b__h200_sxm__silicon,qwen3_32b,h200_sxm,SILICON,prefill,10.405800000000001,11.0722,0.939813225917162,10.405800000000001,10.406,1.9220050356487137e-05,467.01,19.49,51.308,665.971,1,1,3,3.854,tp2pp1dp1etp1ep1,48,48,5,2.407,tp2pp1dp1etp1ep1,16
qwen3_32b__h200_sxm__silicon,qwen3_32b,h200_sxm,SILICON,prefill,9.2268,11.76496,0.7842610599611048,9.2268,9.227,2.1675987341172872e-05,175.576,19.569,51.102,590.515,1,1,1,10.252,tp8pp1dp1etp1ep1,256,256,1,12.788,tp8pp1dp1etp1ep1,16
qwen3_32b__h200_sxm__silicon,qwen3_32b,h200_sxm,SILICON,prefill,24.2802,24.90624,0.9748641304347826,24.2802,24.28,8.237164438494489e-06,467.01,24.697,40.491,776.966,1,1,7,3.854,tp2pp1dp1etp1ep1,76,76,9,3.008,tp2pp1dp1etp1ep1,32
qwen3_32b__h200_sxm__silicon,qwen3_32b,h200_sxm,SILICON,prefill,6.0651,6.97544,0.869493537325244,6.0651,6.065,1.6487774315306745e-05,267.098,24.754,40.397,776.333,1,1,1,6.739,tp4pp1dp1etp1ep1,192,192,1,7.582,tp4pp1dp1etp1ep1,8
qwen3_32b__h200_sxm__silicon,qwen3_32b,h200_sxm,SILICON,prefill,9.2268,12.383200000000002,0.7451062730150526,9.2268,9.227,2.1675987341172872e-05,175.576,24.983,40.027,590.515,1,1,1,10.252,tp8pp1dp1etp1ep1,344,344,1,13.46,tp8pp1dp1etp1ep1,16
qwen3_32b__h200_sxm__silicon,qwen3_32b,h200_sxm,SILICON,prefill,13.4379,13.662,0.983596837944664,13.4379,13.438,7.441638946544247e-06,844.02,24.68,40.519,430.013,1,1,7,2.133,tp1pp1dp1etp1ep1,15,15,25,0.594,tp1pp1dp1etp1ep1,32
qwen3_32b__h200_sxm__silicon,qwen3_32b,h200_sxm,SILICON,decode,20.811600000000002,19.767120000000002,1.052839260347486,19.767120000000002,19.767,6.07068708049339e-06,467.01,29.482,33.919,843.397,1,1,6,3.854,tp2pp1dp1etp1ep1,108,108,6,3.581,tp2pp1dp1etp1ep1,24
qwen3_32b__h200_sxm__silicon,qwen3_32b,h200_sxm,SILICON,prefill,6.0651,7.48236,0.8105864994466987,6.0651,6.065,1.6487774315306745e-05,267.098,29.806,33.55,776.333,1,1,1,6.739,tp4pp1dp1etp1ep1,248,248,1,8.133,tp4pp1dp1etp1ep1,8
qwen3_32b__h200_sxm__silicon,qwen3_32b,h200_sxm,SILICON,decode,15.3576,14.5728,1.0538537549407114,14.5728,14.573,1.3724198506775216e-05,844.02,29.632,33.747,621.773,1,1,8,2.133,tp1pp1dp1etp1ep1,30,30,16,0.99,tp1pp1dp1etp1ep1,24
qwen3_32b__h200_sxm__silicon,qwen3_32b,h200_sxm,SILICON,prefill,9.2268,12.88,0.7163664596273293,9.2268,9.227,2.1675987341172872e-05,175.576,29.605,33.779,590.515,1,1,1,10.252,tp8pp1dp1etp1ep1,424,424,1,14.0,tp8pp1dp1etp1ep1,16
qwen3_32b__h200_sxm__silicon,qwen3_32b,h200_sxm,SILICON,prefill,3.4686000000000003,3.53648,0.9808057729719948,3.4686000000000003,3.469,0.00011532030213905087,467.01,34.584,28.915,887.962,1,1,1,3.854,tp2pp1dp1etp1ep1,136,136,1,3.844,tp2pp1dp1etp1ep1,4
qwen3_32b__h200_sxm__silicon,qwen3_32b,h200_sxm,SILICON,prefill,6.0651,7.57344,0.8008381924198251,6.0651,6.065,1.6487774315306745e-05,267.098,30.399,32.896,776.333,1,1,1,6.739,tp4pp1dp1etp1ep1,256,256,1,8.232,tp4pp1dp1etp1ep1,8
qwen3_32b__h200_sxm__silicon,qwen3_32b,h200_sxm,SILICON,decode,24.9561,23.6854,1.053649083401589,23.6854,23.685,1.6888040734064886e-05,844.02,34.639,28.869,757.933,1,1,13,2.133,tp1pp1dp1etp1ep1,48,48,19,1.355,tp1pp1dp1etp1ep1,32
qwen3_32b__h200_sxm__silicon,qwen3_32b,h200_sxm,SILICON,prefill,9.2268,13.27468,0.6950676023828823,9.2268,9.227,2.1675987341172872e-05,175.576,34.687,28.829,590.515,1,1,1,10.252,tp8pp1dp1etp1ep1,512,512,1,14.429,tp8pp1dp1etp1ep1,16
qwen3_32b__h200_sxm__silicon,qwen3_32b,h200_sxm,SILICON,prefill,3.4686000000000003,3.69932,0.9376317809759632,3.4686000000000003,3.469,0.00011532030213905087,467.01,38.893,25.712,887.962,1,1,1,3.854,tp2pp1dp1etp1ep1,160,160,1,4.021,tp2pp1dp1etp1ep1,4
qwen3_32b__h200_sxm__silicon,qwen3_32b,h200_sxm,SILICON,decode,19.197,19.16544,1.0016467140853536,19.16544,19.165,2.2957991050615387e-05,844.02,39.411,25.374,817.725,1,1,10,2.133,tp1pp1dp1etp1ep1,60,60,14,1.488,tp1pp1dp1etp1ep1,24
qwen3_32b__h200_sxm__silicon,qwen3_32b,h200_sxm,SILICON,prefill,6.0651,7.59644,0.798413467361027,6.0651,6.065,1.6487774315306745e-05,267.098,44.515,22.464,776.333,1,1,1,6.739,tp4pp1dp1etp1ep1,376,376,1,8.257,tp4pp1dp1etp1ep1,8
qwen3_32b__h200_sxm__silicon,qwen3_32b,h200_sxm,SILICON,prefill,6.0651,7.601040000000001,0.7979302832244007,6.0651,6.065,1.6487774315306745e-05,267.098,45.435,22.01,776.333,1,1,1,6.739,tp4pp1dp1etp1ep1,384,384,1,8.262,tp4pp1dp1etp1ep1,8
qwen3_32b__rtx_pro_6000_server__analytical,qwen3_32b,rtx_pro_6000_server,ANALYTICAL,decode,2.2401,0.6072000000000001,3.6892292490118574,0.6072000000000001,0.607,0.0003293807641635194,723.08,8.896,112.415,19.43,1,1,1,2.489,tp8pp1dp1etp1ep1,2,2,3,0.22,tp8pp1dp1etp1ep1,32
qwen3_32b__rtx_pro_6000_server__analytical,qwen3_32b,rtx_pro_6000_server,ANALYTICAL,decode,2.2401,1.91268,1.1711838885751928,1.91268,1.913,0.0001673045151306533,723.08,9.881,101.208,61.206,1,1,1,2.489,tp8pp1dp1etp1ep1,7,7,3,0.693,tp8pp1dp1etp1ep1,32
qwen3_32b__rtx_pro_6000_server__analytical,qwen3_32b,rtx_pro_6000_server,ANALYTICAL,decode,2.2401,1.97064,1.1367373036170991,1.97064,1.971,0.00018268176835958776,723.08,10.951,91.317,84.081,1,1,1,2.489,tp8pp1dp1etp1ep1,12,12,2,1.071,tp8pp1dp1etp1ep1,24
qwen3_32b__rtx_pro_6000_server__analytical,qwen3_32b,rtx_pro_6000_server,ANALYTICAL,prefill,2.2401,2.4324800000000004,0.920911991054397,2.2401,2.24,4.4640864247027784e-05,723.08,11.829,84.536,95.578,1,1,1,2.489,tp8pp1dp1etp1ep1,16,16,2,1.322,tp8pp1dp1etp1ep1,24
qwen3_32b__rtx_pro_6000_server__analytical,qwen3_32b,rtx_pro_6000_server,ANALYTICAL,prefill,2.2401,2.82992,0.7915771470571606,2.2401,2.24,4.4640864247027784e-05,723.08,12.708,78.693,95.578,1,1,1,2.489,tp8pp1dp1etp1ep1,20,20,2,1.538,tp8pp1dp1etp1ep1,24
qwen3_32b__rtx_pro_6000_server__analytical,qwen3_32b,rtx_pro_6000_server,ANALYTICAL,decode,2.2401,1.67256,1.339324149806285,1.67256,1.673,0.0002630697852393911,723.08,13.977,71.546,107.044,1,1,1,2.489,tp8pp1dp1etp1ep1,26,26,1,1.818,tp8pp1dp1etp1ep1,16
qwen3_32b__rtx_pro_6000_server__analytical,qwen3_32b,rtx_pro_6000_server,ANALYTICAL,decode,2.2401,1.8170000000000002,1.2328563566318105,1.8170000000000002,1.817,1.2220396528620324e-16,723.08,14.85,67.34,116.288,1,1,1,2.489,tp8pp1dp1etp1ep1,30,30,1,1.975,tp8pp1dp1etp1ep1,16
qwen3_32b__rtx_pro_6000_server__analytical,qwen3_32b,rtx_pro_6000_server,ANALYTICAL,decode,2.2401,1.88232,1.1900739512941476,1.88232,1.882,0.00017000297505211545,723.08,15.286,65.417,120.468,1,1,1,2.489,tp8pp1dp1etp1ep1,32,32,1,2.046,tp8pp1dp1etp1ep1,16
qwen3_32b__rtx_pro_6000_server__analytical,qwen3_32b,rtx_pro_6000_server,ANALYTICAL,decode,1.8909,1.20428,1.5701497990500548,1.20428,1.204,0.0002325040688212525,856.613,15.685,63.756,38.537,1,1,1,2.101,tp4pp1dp1etp1ep1,3,3,7,0.187,tp4pp1dp1etp1ep1,32
qwen3_32b__rtx_pro_6000_server__analytical,qwen3_32b,rtx_pro_6000_server,ANALYTICAL,decode,2.2401,2.00376,1.1179482572763204,2.00376,2.004,0.00011977482333203373,723.08,16.159,61.883,128.241,1,1,1,2.489,tp8pp1dp1etp1ep1,36,36,1,2.178,tp8pp1dp1etp1ep1,16
qwen3_32b__rtx_pro_6000_server__analytical,qwen3_32b,rtx_pro_6000_server,ANALYTICAL,decode,1.8909,1.61,1.174472049689441,1.61,1.61,0.0,856.613,16.745,59.719,68.693,1,1,1,2.101,tp4pp1dp1etp1ep1,6,6,5,0.35,tp4pp1dp1etp1ep1,24
qwen3_32b__rtx_pro_6000_server__analytical,qwen3_32b,rtx_pro_6000_server,ANALYTICAL,decode,2.2401,2.2098400000000002,1.0136932990623755,2.2098400000000002,2.21,7.240343192254458e-05,723.08,17.905,55.849,141.43,1,1,1,2.489,tp8pp1dp1etp1ep1,44,44,1,2.402,tp8pp1dp1etp1ep1,16
qwen3_32b__rtx_pro_6000_server__analytical,qwen3_32b,rtx_pro_6000_server,ANALYTICAL,decode,1.8909,1.3606800000000001,1.3896728106534968,1.3606800000000001,1.361,0.00023517652938227643,856.613,17.831,56.083,87.084,1,1,1,2.101,tp4pp1dp1etp1ep1,9,9,3,0.493,tp4pp1dp1etp1ep1,16
qwen3_32b__rtx_pro_6000_server__analytical,qwen3_32b,rtx_pro_6000_server,ANALYTICAL,prefill,2.2401,2.29908,0.9743462602432277,2.2401,2.24,4.4640864247027784e-05,723.08,18.778,53.253,143.366,1,1,1,2.489,tp8pp1dp1etp1ep1,48,48,1,2.499,tp8pp1dp1etp1ep1,16
qwen3_32b__rtx_pro_6000_server__analytical,qwen3_32b,rtx_pro_6000_server,ANALYTICAL,decode,1.8909,1.7167200000000002,1.10146092548581,1.7167200000000002,1.717,0.00016310172887823053,856.613,18.871,52.992,109.87,1,1,1,2.101,tp4pp1dp1etp1ep1,12,12,3,0.622,tp4pp1dp1etp1ep1,16
qwen3_32b__rtx_pro_6000_server__analytical,qwen3_32b,rtx_pro_6000_server,ANALYTICAL,prefill,2.2401,2.38004,0.9412026688627081,2.2401,2.24,4.4640864247027784e-05,723.08,19.651,50.887,143.366,1,1,1,2.489,tp8pp1dp1etp1ep1,52,52,1,2.587,tp8pp1dp1etp1ep1,16
qwen3_32b__rtx_pro_6000_server__analytical,qwen3_32b,rtx_pro_6000_server,ANALYTICAL,prefill,1.8909,2.0286,0.9321206743566992,1.8909,1.891,5.2884869638790515e-05,856.613,19.948,50.13,121.018,1,1,1,2.101,tp4pp1dp1etp1ep1,15,15,3,0.735,tp4pp1dp1etp1ep1,16
qwen3_32b__rtx_pro_6000_server__analytical,qwen3_32b,rtx_pro_6000_server,ANALYTICAL,decode,5.6727,5.115200000000001,1.1089888958398497,5.115200000000001,5.115,3.909915545832461e-05,856.613,24.617,40.623,163.686,1,1,3,2.101,tp4pp1dp1etp1ep1,28,28,5,1.112,tp4pp1dp1etp1ep1,32
qwen3_32b__rtx_pro_6000_server__analytical,qwen3_32b,rtx_pro_6000_server,ANALYTICAL,prefill,2.2401,2.7462,0.8157089796810137,2.2401,2.24,4.4640864247027784e-05,723.08,24.889,40.178,143.366,1,1,1,2.489,tp8pp1dp1etp1ep1,76,76,1,2.985,tp8pp1dp1etp1ep1,16
qwen3_32b__rtx_pro_6000_server__analytical,qwen3_32b,rtx_pro_6000_server,ANALYTICAL,prefill,5.6727,6.219200000000001,0.9121269616670953,5.6727,5.673,5.288486963882966e-05,856.613,28.926,34.57,181.526,1,1,3,2.101,tp4pp1dp1etp1ep1,40,40,5,1.352,tp4pp1dp1etp1ep1,32
qwen3_32b__rtx_pro_6000_server__analytical,qwen3_32b,rtx_pro_6000_server,ANALYTICAL,prefill,2.2401,2.95136,0.7590060175647836,2.2401,2.24,4.4640864247027784e-05,723.08,29.254,34.184,143.366,1,1,1,2.489,tp8pp1dp1etp1ep1,96,96,1,3.208,tp8pp1dp1etp1ep1,16
qwen3_32b__rtx_pro_6000_server__analytical,qwen3_32b,rtx_pro_6000_server,ANALYTICAL,decode,1.521,1.33584,1.1386094143011138,1.33584,1.336,0.00011977482333225538,1065.092,29.645,33.733,56.996,1,1,1,1.69,tp2pp1dp1etp1ep1,4,4,11,0.132,tp2pp1dp1etp1ep1,24
qwen3_32b__rtx_pro_6000_server__analytical,qwen3_32b,rtx_pro_6000_server,ANALYTICAL,decode,1.8909,1.45268,1.3016631329680315,1.45268,1.453,0.0002202825123221205,856.613,34.673,28.841,185.943,1,1,1,2.101,tp4pp1dp1etp1ep1,56,56,1,1.579,tp4pp1dp1etp1ep1,8
qwen3_32b__rtx_pro_6000_server__analytical,qwen3_32b,rtx_pro_6000_server,ANALYTICAL,prefill,2.2401,3.12892,0.7159339324751033,2.2401,2.24,4.4640864247027784e-05,723.08,34.492,28.993,143.366,1,1,1,2.489,tp8pp1dp1etp1ep1,120,120,1,3.401,tp8pp1dp1etp1ep1,16
qwen3_32b__rtx_pro_6000_server__analytical,qwen3_32b,rtx_pro_6000_server,ANALYTICAL,prefill,3.042,3.1096000000000004,0.9782608695652172,3.042,3.042,0.0,1065.092,34.675,28.839,129.792,1,1,2,1.69,tp2pp1dp1etp1ep1,12,12,10,0.338,tp2pp1dp1etp1ep1,24
qwen3_32b__rtx_pro_6000_server__analytical,qwen3_32b,rtx_pro_6000_server,ANALYTICAL,decode,1.8909,1.5686000000000002,1.2054698457223,1.5686000000000002,1.569,0.0002550044625779254,856.613,38.982,25.653,200.781,1,1,1,2.101,tp4pp1dp1etp1ep1,68,68,1,1.705,tp4pp1dp1etp1ep1,8
qwen3_32b__rtx_pro_6000_server__analytical,qwen3_32b,rtx_pro_6000_server,ANALYTICAL,decode,1.521,1.35792,1.1200954400848355,1.35792,1.358,5.891363261464593e-05,1065.092,39.74,25.163,173.814,1,1,1,1.69,tp2pp1dp1etp1ep1,20,20,3,0.492,tp2pp1dp1etp1ep1,8
qwen3_32b__rtx_pro_6000_server__analytical,qwen3_32b,rtx_pro_6000_server,ANALYTICAL,prefill,2.2401,3.2595600000000005,0.6872399955822257,2.2401,2.24,4.4640864247027784e-05,723.08,39.729,25.17,143.366,1,1,1,2.489,tp8pp1dp1etp1ep1,144,144,1,3.543,tp8pp1dp1etp1ep1,16
qwen3_32b__rtx_pro_6000_server__analytical,qwen3_32b,rtx_pro_6000_server,ANALYTICAL,decode,1.8909,1.6891200000000002,1.1194586530264279,1.6891200000000002,1.689,7.104290991766127e-05,856.613,44.728,22.357,216.207,1,1,1,2.101,tp4pp1dp1etp1ep1,84,84,1,1.836,tp4pp1dp1etp1ep1,8
qwen3_32b__rtx_pro_6000_server__analytical,qwen3_32b,rtx_pro_6000_server,ANALYTICAL,decode,7.6049999999999995,6.18332,1.2299217895887644,6.18332,6.183,5.175213315829037e-05,1065.092,44.805,22.319,197.866,1,1,5,1.69,tp2pp1dp1etp1ep1,28,28,11,0.611,tp2pp1dp1etp1ep1,32
qwen3_32b__rtx_pro_6000_server__analytical,qwen3_32b,rtx_pro_6000_server,ANALYTICAL,prefill,2.2401,3.35984,0.6667281775322634,2.2401,2.24,4.4640864247027784e-05,723.08,44.967,22.238,143.366,1,1,1,2.489,tp8pp1dp1etp1ep1,168,168,1,3.652,tp8pp1dp1etp1ep1,16
qwen3_32b__rtx_pro_6000_server__analytical,qwen3_32b,rtx_pro_6000_server,ANALYTICAL,decode,7.6049999999999995,7.14472,1.064422398638435,7.14472,7.145,3.918977930544091e-05,1065.092,49.87,20.052,228.631,1,1,5,1.69,tp2pp1dp1etp1ep1,36,36,11,0.706,tp2pp1dp1etp1ep1,32
qwen3_32b__rtx_pro_6000_server__analytical,qwen3_32b,rtx_pro_6000_server,ANALYTICAL,decode,1.8909,1.76088,1.0738380809595203,1.76088,1.761,6.81477443096054e-05,856.613,49.038,20.392,225.393,1,1,1,2.101,tp4pp1dp1etp1ep1,96,96,1,1.914,tp4pp1dp1etp1ep1,8
qwen3_32b__rtx_pro_6000_server__analytical,qwen3_32b,rtx_pro_6000_server,ANALYTICAL,decode,4.4802,3.4150400000000003,1.3119026424287854,3.4150400000000003,3.415,1.171289355330012e-05,723.08,48.459,20.636,145.708,1,1,2,2.489,tp8pp1dp1etp1ep1,184,184,1,3.712,tp8pp1dp1etp1ep1,24
qwen3_32b__rtx_pro_6000_server__analytical,qwen3_32b,rtx_pro_6000_server,ANALYTICAL,decode,6.084,5.762880000000001,1.0557221389305345,5.762880000000001,5.763,2.0822921872225307e-05,1065.092,54.935,18.203,245.883,1,1,4,1.69,tp2pp1dp1etp1ep1,44,44,8,0.783,tp2pp1dp1etp1ep1,24
qwen3_32b__rtx_pro_6000_server__analytical,qwen3_32b,rtx_pro_6000_server,ANALYTICAL,decode,1.8909,1.83816,1.0286917352134743,1.83816,1.838,8.704356530440112e-05,856.613,54.784,18.254,235.284,1,1,1,2.101,tp4pp1dp1etp1ep1,112,112,1,1.998,tp4pp1dp1etp1ep1,8
qwen3_32b__rtx_pro_6000_server__analytical,qwen3_32b,rtx_pro_6000_server,ANALYTICAL,decode,4.4802,3.4840400000000002,1.2859209423542783,3.4840400000000002,3.484,1.1480924444111447e-05,723.08,53.697,18.623,148.652,1,1,2,2.489,tp8pp1dp1etp1ep1,208,208,1,3.787,tp8pp1dp1etp1ep1,24
qwen3_32b__rtx_pro_6000_server__analytical,qwen3_32b,rtx_pro_6000_server,ANALYTICAL,decode,0.9774,0.76176,1.2830812854442344,0.76176,0.762,0.0003150598613736846,1657.814,54.555,18.33,32.502,1,1,1,1.086,tp1pp1dp1etp1ep1,2,2,23,0.036,tp1pp1dp1etp1ep1,24
qwen3_32b__rtx_pro_6000_server__analytical,qwen3_32b,rtx_pro_6000_server,ANALYTICAL,decode,6.084,6.0057599999999995,1.013027493606138,6.0057599999999995,6.006,3.9961636828758414e-05,1065.092,57.467,17.401,256.246,1,1,4,1.69,tp2pp1dp1etp1ep1,48,48,8,0.816,tp2pp1dp1etp1ep1,24
qwen3_32b__rtx_pro_6000_server__analytical,qwen3_32b,rtx_pro_6000_server,ANALYTICAL,decode,1.8909,1.8869200000000002,1.0021092574141988,1.8869200000000002,1.887,4.2397133953669447e-05,856.613,59.093,16.922,241.526,1,1,1,2.101,tp4pp1dp1etp1ep1,124,124,1,2.051,tp4pp1dp1etp1ep1,8
qwen3_32b__rtx_pro_6000_server__analytical,qwen3_32b,rtx_pro_6000_server,ANALYTICAL,decode,4.4802,3.54016,1.2655360209708035,3.54016,3.54,4.519569736965561e-05,723.08,58.934,16.968,151.047,1,1,2,2.489,tp8pp1dp1etp1ep1,232,232,1,3.848,tp8pp1dp1etp1ep1,24
qwen3_32b__rtx_pro_6000_server__analytical,qwen3_32b,rtx_pro_6000_server,ANALYTICAL,decode,2.9322,2.64132,1.110126754804416,2.64132,2.641,0.00012115154543935455,1657.814,59.338,16.853,84.522,1,1,3,1.086,tp1pp1dp1etp1ep1,6,6,29,0.099,tp1pp1dp1etp1ep1,32
qwen3_32b__rtx_pro_6000_server__analytical,qwen3_32b,rtx_pro_6000_server,ANALYTICAL,prefill,6.084,6.44,0.9447204968944098,6.084,6.084,0.0,1065.092,62.532,15.992,259.584,1,1,4,1.69,tp2pp1dp1etp1ep1,56,56,8,0.875,tp2pp1dp1etp1ep1,24
qwen3_32b__rtx_pro_6000_server__analytical,qwen3_32b,rtx_pro_6000_server,ANALYTICAL,prefill,1.8909,1.92924,0.980126889345027,1.8909,1.891,5.2884869638790515e-05,856.613,63.403,15.772,242.035,1,1,1,2.101,tp4pp1dp1etp1ep1,136,136,1,2.097,tp4pp1dp1etp1ep1,8
qwen3_32b__rtx_pro_6000_server__analytical,qwen3_32b,rtx_pro_6000_server,ANALYTICAL,decode,4.4802,3.588,1.2486622073578595,3.588,3.588,0.0,723.08,64.172,15.583,153.088,1,1,2,2.489,tp8pp1dp1etp1ep1,256,256,1,3.9,tp8pp1dp1etp1ep1,24
qwen3_32b__rtx_pro_6000_server__analytical,qwen3_32b,rtx_pro_6000_server,ANALYTICAL,prefill,0.9774,0.9788800000000001,0.9984880679960771,0.9774,0.977,0.00040924902803362694,1657.814,64.156,15.587,125.107,1,1,1,1.086,tp1pp1dp1etp1ep1,10,10,7,0.152,tp1pp1dp1etp1ep1,8
qwen3_32b__rtx_pro_6000_server__analytical,qwen3_32b,rtx_pro_6000_server,ANALYTICAL,decode,4.563000000000001,4.2596,1.0712273452906378,4.2596,4.26,9.390553103576766e-05,1065.092,67.597,14.794,272.614,1,1,3,1.69,tp2pp1dp1etp1ep1,64,64,5,0.926,tp2pp1dp1etp1ep1,16
qwen3_32b__rtx_pro_6000_server__analytical,qwen3_32b,rtx_pro_6000_server,ANALYTICAL,prefill,1.8909,1.9770800000000002,0.9564104639164829,1.8909,1.891,5.2884869638790515e-05,856.613,69.149,14.462,242.035,1,1,1,2.101,tp4pp1dp1etp1ep1,152,152,1,2.149,tp4pp1dp1etp1ep1,8
qwen3_32b__rtx_pro_6000_server__analytical,qwen3_32b,rtx_pro_6000_server,ANALYTICAL,prefill,4.8870000000000005,4.9183200000000005,0.9936319718928415,4.8870000000000005,4.887,1.8174307749132907e-16,1657.814,68.974,14.498,156.384,1,1,5,1.086,tp1pp1dp1etp1ep1,14,14,27,0.198,tp1pp1dp1etp1ep1,32
qwen3_32b__rtx_pro_6000_server__analytical,qwen3_32b,rtx_pro_6000_server,ANALYTICAL,decode,4.4802,3.6275600000000003,1.235045044051649,3.6275600000000003,3.628,0.0001212936519312634,723.08,69.41,14.407,154.776,1,1,2,2.489,tp8pp1dp1etp1ep1,280,280,1,3.943,tp8pp1dp1etp1ep1,24
qwen3_32b__rtx_pro_6000_server__analytical,qwen3_32b,rtx_pro_6000_server,ANALYTICAL,decode,4.563000000000001,4.4574,1.0236909409072554,4.4574,4.457,8.973841252747251e-05,1065.092,72.662,13.762,285.274,1,1,3,1.69,tp2pp1dp1etp1ep1,72,72,5,0.969,tp2pp1dp1etp1ep1,16
qwen3_32b__rtx_pro_6000_server__analytical,qwen3_32b,rtx_pro_6000_server,ANALYTICAL,prefill,1.8909,2.01756,0.9372211978825908,1.8909,1.891,5.2884869638790515e-05,856.613,74.895,13.352,242.035,1,1,1,2.101,tp4pp1dp1etp1ep1,168,168,1,2.193,tp4pp1dp1etp1ep1,8
qwen3_32b__rtx_pro_6000_server__analytical,qwen3_32b,rtx_pro_6000_server,ANALYTICAL,decode,2.9322,2.84648,1.0301143868918805,2.84648,2.846,0.00016862932463956745,1657.814,73.792,13.552,182.175,1,1,3,1.086,tp1pp1dp1etp1ep1,18,18,13,0.238,tp1pp1dp1etp1ep1,16
qwen3_32b__rtx_pro_6000_server__analytical,qwen3_32b,rtx_pro_6000_server,ANALYTICAL,decode,4.4802,3.66252,1.223256118737918,3.66252,3.663,0.0001310573048064152,723.08,74.648,13.396,156.268,1,1,2,2.489,tp8pp1dp1etp1ep1,304,304,1,3.981,tp8pp1dp1etp1ep1,24
qwen3_32b__rtx_pro_6000_server__analytical,qwen3_32b,rtx_pro_6000_server,ANALYTICAL,prefill,4.563000000000001,4.6276,0.9860402800587779,4.563000000000001,4.563,1.946479113960388e-16,1065.092,77.727,12.866,292.032,1,1,3,1.69,tp2pp1dp1etp1ep1,80,80,5,1.006,tp2pp1dp1etp1ep1,16
qwen3_32b__rtx_pro_6000_server__analytical,qwen3_32b,rtx_pro_6000_server,ANALYTICAL,prefill,1.8909,2.0350400000000004,0.9291709253872158,1.8909,1.891,5.2884869638790515e-05,856.613,77.768,12.859,242.035,1,1,1,2.101,tp4pp1dp1etp1ep1,176,176,1,2.212,tp4pp1dp1etp1ep1,8
qwen3_32b__rtx_pro_6000_server__analytical,qwen3_32b,rtx_pro_6000_server,ANALYTICAL,decode,4.8870000000000005,4.78952,1.0203527702149693,4.78952,4.79,0.00010021881107075278,1657.814,78.61,12.721,204.353,1,1,5,1.086,tp1pp1dp1etp1ep1,22,22,19,0.274,tp1pp1dp1etp1ep1,24
qwen3_32b__rtx_pro_6000_server__analytical,qwen3_32b,rtx_pro_6000_server,ANALYTICAL,decode,4.4802,3.69288,1.2131994540846167,3.69288,3.693,3.2494963280663864e-05,723.08,79.885,12.518,157.563,1,1,2,2.489,tp8pp1dp1etp1ep1,328,328,1,4.014,tp8pp1dp1etp1ep1,24
qwen3_32b__rtx_pro_6000_server__analytical,qwen3_32b,rtx_pro_6000_server,ANALYTICAL,prefill,4.563000000000001,4.7794,0.954722350085785,4.563000000000001,4.563,1.946479113960388e-16,1065.092,82.792,12.079,292.032,1,1,3,1.69,tp2pp1dp1etp1ep1,88,88,5,1.039,tp2pp1dp1etp1ep1,16
qwen3_32b__rtx_pro_6000_server__analytical,qwen3_32b,rtx_pro_6000_server,ANALYTICAL,prefill,1.8909,2.06724,0.9146978580135834,1.8909,1.891,5.2884869638790515e-05,856.613,83.514,11.974,242.035,1,1,1,2.101,tp4pp1dp1etp1ep1,192,192,1,2.247,tp4pp1dp1etp1ep1,8
qwen3_32b__rtx_pro_6000_server__analytical,qwen3_32b,rtx_pro_6000_server,ANALYTICAL,decode,6.8418,6.669999999999999,1.0257571214392804,6.669999999999999,6.67,1.3316018286358702e-16,1657.814,81.019,12.343,213.44,1,1,7,1.086,tp1pp1dp1etp1ep1,24,24,25,0.29,tp1pp1dp1etp1ep1,32
qwen3_32b__rtx_pro_6000_server__analytical,qwen3_32b,rtx_pro_6000_server,ANALYTICAL,decode,4.4802,3.7103600000000005,1.2074839099170969,3.7103600000000005,3.71,9.702562554592601e-05,723.08,83.377,11.994,158.309,1,1,2,2.489,tp8pp1dp1etp1ep1,344,344,1,4.033,tp8pp1dp1etp1ep1,24
qwen3_32b__rtx_pro_6000_server__analytical,qwen3_32b,rtx_pro_6000_server,ANALYTICAL,decode,7.6049999999999995,6.877920000000001,1.1057121920580637,6.877920000000001,6.878,1.163142345342018e-05,1065.092,87.857,11.382,293.458,1,1,5,1.69,tp2pp1dp1etp1ep1,96,96,7,1.068,tp2pp1dp1etp1ep1,24
qwen3_32b__rtx_pro_6000_server__analytical,qwen3_32b,rtx_pro_6000_server,ANALYTICAL,prefill,1.8909,2.0957600000000003,0.9022502576630911,1.8909,1.891,5.2884869638790515e-05,856.613,89.26,11.203,242.035,1,1,1,2.101,tp4pp1dp1etp1ep1,208,208,1,2.278,tp4pp1dp1etp1ep1,8
qwen3_32b__rtx_pro_6000_server__analytical,qwen3_32b,rtx_pro_6000_server,ANALYTICAL,decode,4.4802,3.7342800000000005,1.1997493492721487,3.7342800000000005,3.734,7.498098696415427e-05,723.08,88.615,11.285,159.329,1,1,2,2.489,tp8pp1dp1etp1ep1,368,368,1,4.059,tp8pp1dp1etp1ep1,24
qwen3_32b__rtx_pro_6000_server__analytical,qwen3_32b,rtx_pro_6000_server,ANALYTICAL,prefill,1.8909,2.10864,0.8967391304347827,1.8909,1.891,5.2884869638790515e-05,856.613,92.133,10.854,242.035,1,1,1,2.101,tp4pp1dp1etp1ep1,216,216,1,2.292,tp4pp1dp1etp1ep1,8
qwen3_32b__rtx_pro_6000_server__analytical,qwen3_32b,rtx_pro_6000_server,ANALYTICAL,decode,4.4802,3.7563600000000004,1.1926971855732675,3.7563600000000004,3.756,9.583745966855734e-05,723.08,93.853,10.655,160.271,1,1,2,2.489,tp8pp1dp1etp1ep1,392,392,1,4.083,tp8pp1dp1etp1ep1,24
qwen3_32b__rtx_pro_6000_server__analytical,qwen3_32b,rtx_pro_6000_server,ANALYTICAL,prefill,1.8909,2.1316400000000004,0.8870634816385504,1.8909,1.891,5.2884869638790515e-05,856.613,97.88,10.217,242.035,1,1,1,2.101,tp4pp1dp1etp1ep1,232,232,1,2.317,tp4pp1dp1etp1ep1,8
qwen3_32b__rtx_pro_6000_server__analytical,qwen3_32b,rtx_pro_6000_server,ANALYTICAL,decode,4.4802,3.7756800000000004,1.1865942028985506,3.7756800000000004,3.776,8.475294516469399e-05,723.08,99.091,10.092,161.096,1,1,2,2.489,tp8pp1dp1etp1ep1,416,416,1,4.104,tp8pp1dp1etp1ep1,24
qwen3_32b__rtx_pro_6000_server__analytical,qwen3_32b,rtx_pro_6000_server,ANALYTICAL,prefill,1.8909,2.1426800000000004,0.8824929527507606,1.8909,1.891,5.2884869638790515e-05,856.613,100.753,9.925,242.035,1,1,1,2.101,tp4pp1dp1etp1ep1,240,240,1,2.329,tp4pp1dp1etp1ep1,8
qwen3_32b__rtx_pro_6000_server__analytical,qwen3_32b,rtx_pro_6000_server,ANALYTICAL,decode,4.4802,3.7931600000000003,1.1811260268483268,3.7931600000000003,3.793,4.2181189298674454e-05,723.08,104.328,9.585,161.841,1,1,2,2.489,tp8pp1dp1etp1ep1,440,440,1,4.123,tp8pp1dp1etp1ep1,24
qwen3_32b__rtx_pro_6000_server__analytical,qwen3_32b,rtx_pro_6000_server,ANALYTICAL,decode,4.4802,3.8087999999999997,1.1762759924385633,3.8087999999999997,3.809,5.250997689572098e-05,723.08,109.566,9.127,162.509,1,1,2,2.489,tp8pp1dp1etp1ep1,464,464,1,4.14,tp8pp1dp1etp1ep1,24
qwen3_32b__rtx_pro_6000_server__analytical,qwen3_32b,rtx_pro_6000_server,ANALYTICAL,decode,4.4802,3.8226000000000004,1.1720295087113481,3.8226000000000004,3.823,0.0001046408203839041,723.08,114.804,8.711,163.098,1,1,2,2.489,tp8pp1dp1etp1ep1,488,488,1,4.155,tp8pp1dp1etp1ep1,24
qwen3_32b__rtx_pro_6000_server__analytical,qwen3_32b,rtx_pro_6000_server,ANALYTICAL,decode,4.4802,3.8318000000000003,1.1692155122918733,3.8318000000000003,3.832,5.219479095974056e-05,723.08,118.296,8.453,163.49,1,1,2,2.489,tp8pp1dp1etp1ep1,504,504,1,4.165,tp8pp1dp1etp1ep1,24
qwen3_32b__rtx_pro_6000_server__analytical,qwen3_32b,rtx_pro_6000_server,ANALYTICAL,decode,4.4802,3.83548,1.1680936936185302,3.83548,3.835,0.00012514730881142282,723.08,120.042,8.33,163.647,1,1,2,2.489,tp8pp1dp1etp1ep1,512,512,1,4.169,tp8pp1dp1etp1ep1,24
qwen3_32b__rtx_pro_6000_server__empirical,qwen3_32b,rtx_pro_6000_server,EMPIRICAL,decode,2.3265000000000002,0.39468,5.894648829431439,0.39468,0.395,0.0008107834194791793,696.377,6.833,146.349,12.63,1,1,1,2.585,tp8pp1dp1etp1ep1,1,1,3,0.143,tp8pp1dp1etp1ep1,32
qwen3_32b__rtx_pro_6000_server__empirical,qwen3_32b,rtx_pro_6000_server,EMPIRICAL,prefill,2.3265000000000002,2.37912,0.9778825784323617,2.3265000000000002,2.327,0.00021491510853201067,696.377,7.937,125.992,74.448,1,1,1,2.585,tp8pp1dp1etp1ep1,7,7,3,0.862,tp8pp1dp1etp1ep1,32
qwen3_32b__rtx_pro_6000_server__empirical,qwen3_32b,rtx_pro_6000_server,EMPIRICAL,prefill,2.3265000000000002,2.43616,0.9549865361880994,2.3265000000000002,2.327,0.00021491510853201067,696.377,8.857,112.905,99.264,1,1,1,2.585,tp8pp1dp1etp1ep1,12,12,2,1.324,tp8pp1dp1etp1ep1,24
qwen3_32b__rtx_pro_6000_server__empirical,qwen3_32b,rtx_pro_6000_server,EMPIRICAL,decode,2.3265000000000002,1.6247200000000002,1.4319390418041262,1.6247200000000002,1.625,0.00017233738736510654,696.377,9.961,100.392,103.982,1,1,1,2.585,tp8pp1dp1etp1ep1,18,18,1,1.766,tp8pp1dp1etp1ep1,16
qwen3_32b__rtx_pro_6000_server__empirical,qwen3_32b,rtx_pro_6000_server,EMPIRICAL,decode,2.3265000000000002,1.8492,1.2581116158338743,1.8492,1.849,0.0001081548777849762,696.377,10.697,93.484,118.349,1,1,1,2.585,tp8pp1dp1etp1ep1,22,22,1,2.01,tp8pp1dp1etp1ep1,16
qwen3_32b__rtx_pro_6000_server__empirical,qwen3_32b,rtx_pro_6000_server,EMPIRICAL,decode,2.3265000000000002,2.13348,1.0904719050565275,2.13348,2.133,0.0002249845323134203,696.377,11.801,84.739,136.543,1,1,1,2.585,tp8pp1dp1etp1ep1,28,28,1,2.319,tp8pp1dp1etp1ep1,16
qwen3_32b__rtx_pro_6000_server__empirical,qwen3_32b,rtx_pro_6000_server,EMPIRICAL,decode,2.3265000000000002,2.2954000000000003,1.0135488368040428,2.2954000000000003,2.295,0.00017426156661165808,696.377,12.537,79.764,146.906,1,1,1,2.585,tp8pp1dp1etp1ep1,32,32,1,2.495,tp8pp1dp1etp1ep1,16
qwen3_32b__rtx_pro_6000_server__empirical,qwen3_32b,rtx_pro_6000_server,EMPIRICAL,decode,1.9728,0.48300000000000004,4.084472049689441,0.48300000000000004,0.483,1.1492991973345304e-16,821.216,12.963,77.14,15.456,1,1,1,2.192,tp4pp1dp1etp1ep1,1,1,7,0.075,tp4pp1dp1etp1ep1,32
qwen3_32b__rtx_pro_6000_server__empirical,qwen3_32b,rtx_pro_6000_server,EMPIRICAL,prefill,2.3265000000000002,2.43892,0.953905827169403,2.3265000000000002,2.327,0.00021491510853201067,696.377,13.273,75.341,148.896,1,1,1,2.585,tp8pp1dp1etp1ep1,36,36,1,2.651,tp8pp1dp1etp1ep1,16
qwen3_32b__rtx_pro_6000_server__empirical,qwen3_32b,rtx_pro_6000_server,EMPIRICAL,decode,1.9728,1.82252,1.0824572569848343,1.82252,1.823,0.0002633715953734587,821.216,13.836,72.277,58.321,1,1,1,2.192,tp4pp1dp1etp1ep1,4,4,7,0.283,tp4pp1dp1etp1ep1,32
qwen3_32b__rtx_pro_6000_server__empirical,qwen3_32b,rtx_pro_6000_server,EMPIRICAL,prefill,2.3265000000000002,2.68364,0.8669195570195705,2.3265000000000002,2.327,0.00021491510853201067,696.377,14.745,67.82,148.896,1,1,1,2.585,tp8pp1dp1etp1ep1,44,44,1,2.917,tp8pp1dp1etp1ep1,16
qwen3_32b__rtx_pro_6000_server__empirical,qwen3_32b,rtx_pro_6000_server,EMPIRICAL,decode,1.9728,1.4379600000000001,1.3719435867478929,1.4379600000000001,1.438,2.7817185457048845e-05,821.216,14.999,66.673,92.029,1,1,1,2.192,tp4pp1dp1etp1ep1,8,8,3,0.521,tp4pp1dp1etp1ep1,16
qwen3_32b__rtx_pro_6000_server__empirical,qwen3_32b,rtx_pro_6000_server,EMPIRICAL,prefill,2.3265000000000002,2.78852,0.8343135426677951,2.3265000000000002,2.327,0.00021491510853201067,696.377,15.481,64.595,148.896,1,1,1,2.585,tp8pp1dp1etp1ep1,48,48,1,3.031,tp8pp1dp1etp1ep1,16
qwen3_32b__rtx_pro_6000_server__empirical,qwen3_32b,rtx_pro_6000_server,EMPIRICAL,decode,1.9728,1.8712800000000003,1.0542516352443247,1.8712800000000003,1.871,0.00014963019964958743,821.216,15.871,63.009,119.762,1,1,1,2.192,tp4pp1dp1etp1ep1,11,11,3,0.678,tp4pp1dp1etp1ep1,16
qwen3_32b__rtx_pro_6000_server__empirical,qwen3_32b,rtx_pro_6000_server,EMPIRICAL,prefill,2.3265000000000002,2.97068,0.7831540253409994,2.3265000000000002,2.327,0.00021491510853201067,696.377,16.953,58.987,148.896,1,1,1,2.585,tp8pp1dp1etp1ep1,56,56,1,3.229,tp8pp1dp1etp1ep1,16
qwen3_32b__rtx_pro_6000_server__empirical,qwen3_32b,rtx_pro_6000_server,EMPIRICAL,decode,3.9456,3.00656,1.31233037092225,3.00656,3.007,0.00014634665531378652,821.216,16.743,59.727,128.28,1,1,2,2.192,tp4pp1dp1etp1ep1,14,14,4,0.817,tp4pp1dp1etp1ep1,24
qwen3_32b__rtx_pro_6000_server__empirical,qwen3_32b,rtx_pro_6000_server,EMPIRICAL,decode,3.9456,3.61744,1.09071608651422,3.61744,3.617,0.00012163297801766386,821.216,17.906,55.848,154.344,1,1,2,2.192,tp4pp1dp1etp1ep1,18,18,4,0.983,tp4pp1dp1etp1ep1,24
qwen3_32b__rtx_pro_6000_server__empirical,qwen3_32b,rtx_pro_6000_server,EMPIRICAL,prefill,2.3265000000000002,3.05072,0.7626068600199297,2.3265000000000002,2.327,0.00021491510853201067,696.377,17.689,56.532,148.896,1,1,1,2.585,tp8pp1dp1etp1ep1,60,60,1,3.316,tp8pp1dp1etp1ep1,16
qwen3_32b__rtx_pro_6000_server__empirical,qwen3_32b,rtx_pro_6000_server,EMPIRICAL,decode,3.9456,3.8934400000000005,1.0133968932358017,3.8934400000000005,3.893,0.000113010602449418,821.216,18.487,54.091,166.12,1,1,2,2.192,tp4pp1dp1etp1ep1,20,20,4,1.058,tp4pp1dp1etp1ep1,24
qwen3_32b__rtx_pro_6000_server__empirical,qwen3_32b,rtx_pro_6000_server,EMPIRICAL,prefill,2.3265000000000002,3.1234,0.7448613690209388,2.3265000000000002,2.327,0.00021491510853201067,696.377,18.425,54.274,148.896,1,1,1,2.585,tp8pp1dp1etp1ep1,64,64,1,3.395,tp8pp1dp1etp1ep1,16
qwen3_32b__rtx_pro_6000_server__empirical,qwen3_32b,rtx_pro_6000_server,EMPIRICAL,decode,5.918400000000001,5.4924,1.077561721651737,5.4924,5.492,7.282790765420508e-05,821.216,19.65,50.89,175.757,1,1,3,2.192,tp4pp1dp1etp1ep1,24,24,5,1.194,tp4pp1dp1etp1ep1,32
qwen3_32b__rtx_pro_6000_server__empirical,qwen3_32b,rtx_pro_6000_server,EMPIRICAL,prefill,2.3265000000000002,3.2540400000000003,0.7149574067927869,2.3265000000000002,2.327,0.00021491510853201067,696.377,19.897,50.259,148.896,1,1,1,2.585,tp8pp1dp1etp1ep1,72,72,1,3.537,tp8pp1dp1etp1ep1,16
qwen3_32b__rtx_pro_6000_server__empirical,qwen3_32b,rtx_pro_6000_server,EMPIRICAL,decode,5.918400000000001,4.440840000000001,1.3327208365984815,4.440840000000001,4.441,3.602921969701043e-05,821.216,24.302,41.149,189.476,1,1,3,2.192,tp4pp1dp1etp1ep1,40,40,3,1.609,tp4pp1dp1etp1ep1,24
qwen3_32b__rtx_pro_6000_server__empirical,qwen3_32b,rtx_pro_6000_server,EMPIRICAL,decode,4.6530000000000005,3.5512,1.3102613201171436,3.5512,3.551,5.631899076367931e-05,696.377,24.313,41.13,151.518,1,1,2,2.585,tp8pp1dp1etp1ep1,96,96,1,3.86,tp8pp1dp1etp1ep1,24
qwen3_32b__rtx_pro_6000_server__empirical,qwen3_32b,rtx_pro_6000_server,EMPIRICAL,decode,1.9728,1.7397200000000002,1.1339755822776079,1.7397200000000002,1.74,0.00016094543949591653,821.216,28.953,34.538,222.684,1,1,1,2.192,tp4pp1dp1etp1ep1,56,56,1,1.891,tp4pp1dp1etp1ep1,8
qwen3_32b__rtx_pro_6000_server__empirical,qwen3_32b,rtx_pro_6000_server,EMPIRICAL,decode,4.6530000000000005,3.7848800000000002,1.2293652638921182,3.7848800000000002,3.785,3.1705100293773634e-05,696.377,29.465,33.939,161.488,1,1,2,2.585,tp8pp1dp1etp1ep1,124,124,1,4.114,tp8pp1dp1etp1ep1,24
qwen3_32b__rtx_pro_6000_server__empirical,qwen3_32b,rtx_pro_6000_server,EMPIRICAL,decode,3.2004,3.0268,1.057354301572618,3.0268,3.027,6.60763843002438e-05,1012.309,29.684,33.688,129.143,1,1,2,1.778,tp2pp1dp1etp1ep1,10,10,10,0.329,tp2pp1dp1etp1ep1,24
qwen3_32b__rtx_pro_6000_server__empirical,qwen3_32b,rtx_pro_6000_server,EMPIRICAL,decode,1.9728,1.96604,1.00343838375618,1.96604,1.966,2.0345466012919374e-05,821.216,34.768,28.762,251.653,1,1,1,2.192,tp4pp1dp1etp1ep1,76,76,1,2.137,tp4pp1dp1etp1ep1,8
qwen3_32b__rtx_pro_6000_server__empirical,qwen3_32b,rtx_pro_6000_server,EMPIRICAL,decode,4.8006,4.66992,1.0279833487511563,4.66992,4.67,1.713091444813528e-05,1012.309,34.648,28.862,199.25,1,1,3,1.778,tp2pp1dp1etp1ep1,20,20,9,0.564,tp2pp1dp1etp1ep1,24
qwen3_32b__rtx_pro_6000_server__empirical,qwen3_32b,rtx_pro_6000_server,EMPIRICAL,decode,4.6530000000000005,3.94864,1.1783804043923984,3.94864,3.949,9.117063090068831e-05,696.377,34.617,28.888,168.475,1,1,2,2.585,tp8pp1dp1etp1ep1,152,152,1,4.292,tp8pp1dp1etp1ep1,24
qwen3_32b__rtx_pro_6000_server__empirical,qwen3_32b,rtx_pro_6000_server,EMPIRICAL,prefill,5.918400000000001,6.29556,0.9400911118311954,5.918400000000001,5.918,6.758583400933429e-05,821.216,39.42,25.368,252.518,1,1,3,2.192,tp4pp1dp1etp1ep1,92,92,3,2.281,tp4pp1dp1etp1ep1,24
qwen3_32b__rtx_pro_6000_server__empirical,qwen3_32b,rtx_pro_6000_server,EMPIRICAL,decode,8.001000000000001,7.488800000000001,1.0683954705693837,7.488800000000001,7.489,2.6706548445498033e-05,1012.309,39.612,25.245,239.642,1,1,5,1.778,tp2pp1dp1etp1ep1,30,30,11,0.74,tp2pp1dp1etp1ep1,32
qwen3_32b__rtx_pro_6000_server__empirical,qwen3_32b,rtx_pro_6000_server,EMPIRICAL,decode,4.6530000000000005,4.05536,1.147370393750493,4.05536,4.055,8.877140377194183e-05,696.377,39.033,25.619,173.029,1,1,2,2.585,tp8pp1dp1etp1ep1,176,176,1,4.408,tp8pp1dp1etp1ep1,24
qwen3_32b__rtx_pro_6000_server__empirical,qwen3_32b,rtx_pro_6000_server,EMPIRICAL,prefill,6.4008,6.45472,0.9916464230826434,6.4008,6.401,3.12460942381474e-05,1012.309,44.575,22.434,273.101,1,1,4,1.778,tp2pp1dp1etp1ep1,40,40,8,0.877,tp2pp1dp1etp1ep1,24
qwen3_32b__rtx_pro_6000_server__empirical,qwen3_32b,rtx_pro_6000_server,EMPIRICAL,prefill,5.918400000000001,6.610200000000001,0.8953435599528002,5.918400000000001,5.918,6.758583400933429e-05,821.216,44.071,22.691,252.518,1,1,3,2.192,tp4pp1dp1etp1ep1,108,108,3,2.395,tp4pp1dp1etp1ep1,24
qwen3_32b__rtx_pro_6000_server__empirical,qwen3_32b,rtx_pro_6000_server,EMPIRICAL,decode,4.6530000000000005,4.16392,1.117456627408788,4.16392,4.164,1.9212664988673154e-05,696.377,44.921,22.261,177.661,1,1,2,2.585,tp8pp1dp1etp1ep1,208,208,1,4.526,tp8pp1dp1etp1ep1,24
qwen3_32b__rtx_pro_6000_server__empirical,qwen3_32b,rtx_pro_6000_server,EMPIRICAL,decode,4.8006,4.4482,1.079223056517243,4.4482,4.448,4.496200710389234e-05,1012.309,48.546,20.599,284.685,1,1,3,1.778,tp2pp1dp1etp1ep1,48,48,5,0.967,tp2pp1dp1etp1ep1,16
qwen3_32b__rtx_pro_6000_server__empirical,qwen3_32b,rtx_pro_6000_server,EMPIRICAL,prefill,5.918400000000001,6.92208,0.8550031204493448,5.918400000000001,5.918,6.758583400933429e-05,821.216,49.886,20.046,252.518,1,1,3,2.192,tp4pp1dp1etp1ep1,128,128,3,2.508,tp4pp1dp1etp1ep1,24
qwen3_32b__rtx_pro_6000_server__empirical,qwen3_32b,rtx_pro_6000_server,EMPIRICAL,decode,4.6530000000000005,4.229240000000001,1.1001976714492439,4.229240000000001,4.229,5.6747784472076326e-05,696.377,49.337,20.269,180.448,1,1,2,2.585,tp8pp1dp1etp1ep1,232,232,1,4.597,tp8pp1dp1etp1ep1,24
qwen3_32b__rtx_pro_6000_server__empirical,qwen3_32b,rtx_pro_6000_server,EMPIRICAL,decode,1.0313999999999999,0.5704,1.80820476858345,0.5704,0.57,0.000701262272089879,1570.255,49.746,20.102,18.253,1,1,1,1.146,tp1pp1dp1etp1ep1,1,1,31,0.02,tp1pp1dp1etp1ep1,32
qwen3_32b__rtx_pro_6000_server__empirical,qwen3_32b,rtx_pro_6000_server,EMPIRICAL,prefill,4.8006,4.949600000000001,0.9698965572975592,4.8006,4.801,8.332291796857808e-05,1012.309,54.503,18.348,307.238,1,1,3,1.778,tp2pp1dp1etp1ep1,60,60,5,1.076,tp2pp1dp1etp1ep1,16
qwen3_32b__rtx_pro_6000_server__empirical,qwen3_32b,rtx_pro_6000_server,EMPIRICAL,prefill,5.918400000000001,7.12356,0.830820544783788,5.918400000000001,5.918,6.758583400933429e-05,821.216,54.538,18.336,252.518,1,1,3,2.192,tp4pp1dp1etp1ep1,144,144,3,2.581,tp4pp1dp1etp1ep1,24
qwen3_32b__rtx_pro_6000_server__empirical,qwen3_32b,rtx_pro_6000_server,EMPIRICAL,decode,4.6530000000000005,4.2826,1.0864895157147527,4.2826,4.283,9.34012048755326e-05,696.377,53.753,18.604,182.724,1,1,2,2.585,tp8pp1dp1etp1ep1,256,256,1,4.655,tp8pp1dp1etp1ep1,24
qwen3_32b__rtx_pro_6000_server__empirical,qwen3_32b,rtx_pro_6000_server,EMPIRICAL,decode,3.0942,2.8814400000000004,1.07383808095952,2.8814400000000004,2.881,0.0001527014270644754,1570.255,54.401,18.382,92.206,1,1,3,1.146,tp1pp1dp1etp1ep1,6,6,29,0.108,tp1pp1dp1etp1ep1,32
qwen3_32b__rtx_pro_6000_server__empirical,qwen3_32b,rtx_pro_6000_server,EMPIRICAL,decode,8.001000000000001,7.32228,1.0926924400596536,7.32228,7.322,3.8239455470162025e-05,1012.309,58.474,17.102,312.417,1,1,5,1.778,tp2pp1dp1etp1ep1,68,68,7,1.137,tp2pp1dp1etp1ep1,24
qwen3_32b__rtx_pro_6000_server__empirical,qwen3_32b,rtx_pro_6000_server,EMPIRICAL,prefill,5.918400000000001,7.29192,0.8116380870881744,5.918400000000001,5.918,6.758583400933429e-05,821.216,59.189,16.895,252.518,1,1,3,2.192,tp4pp1dp1etp1ep1,160,160,3,2.642,tp4pp1dp1etp1ep1,24
qwen3_32b__rtx_pro_6000_server__empirical,qwen3_32b,rtx_pro_6000_server,EMPIRICAL,decode,4.6530000000000005,4.341480000000001,1.0717543326238979,4.341480000000001,4.341,0.00011056137538362032,696.377,59.652,16.764,185.236,1,1,2,2.585,tp8pp1dp1etp1ep1,288,288,1,4.719,tp8pp1dp1etp1ep1,24
qwen3_32b__rtx_pro_6000_server__empirical,qwen3_32b,rtx_pro_6000_server,EMPIRICAL,decode,5.157,4.86864,1.0592280390417037,4.86864,4.869,7.394262052640858e-05,1570.255,59.988,16.67,155.796,1,1,5,1.146,tp1pp1dp1etp1ep1,12,12,27,0.196,tp1pp1dp1etp1ep1,32
qwen3_32b__rtx_pro_6000_server__empirical,qwen3_32b,rtx_pro_6000_server,EMPIRICAL,decode,8.001000000000001,7.81816,1.023386576892773,7.81816,7.818,2.0465173391202026e-05,1012.309,64.431,15.521,333.575,1,1,5,1.778,tp2pp1dp1etp1ep1,80,80,7,1.214,tp2pp1dp1etp1ep1,24
qwen3_32b__rtx_pro_6000_server__empirical,qwen3_32b,rtx_pro_6000_server,EMPIRICAL,prefill,5.918400000000001,7.438199999999999,0.7956763733161251,5.918400000000001,5.918,6.758583400933429e-05,821.216,63.841,15.664,252.518,1,1,3,2.192,tp4pp1dp1etp1ep1,176,176,3,2.695,tp4pp1dp1etp1ep1,24
qwen3_32b__rtx_pro_6000_server__empirical,qwen3_32b,rtx_pro_6000_server,EMPIRICAL,decode,3.0942,2.9302,1.0559688758446522,2.9302,2.93,6.825472663981229e-05,1570.255,63.712,15.696,187.533,1,1,3,1.146,tp1pp1dp1etp1ep1,16,16,13,0.245,tp1pp1dp1etp1ep1,16
qwen3_32b__rtx_pro_6000_server__empirical,qwen3_32b,rtx_pro_6000_server,EMPIRICAL,decode,4.6530000000000005,4.35712,1.0679072414806112,4.35712,4.357,2.7541128084582928e-05,696.377,64.402,15.527,185.904,1,1,2,2.585,tp8pp1dp1etp1ep1,312,312,1,4.736,tp8pp1dp1etp1ep1,24
qwen3_32b__rtx_pro_6000_server__empirical,qwen3_32b,rtx_pro_6000_server,EMPIRICAL,prefill,8.001000000000001,8.10152,0.9875924517868252,8.001000000000001,8.001,2.2201685281842896e-16,1012.309,68.402,14.62,341.376,1,1,5,1.778,tp2pp1dp1etp1ep1,88,88,7,1.258,tp2pp1dp1etp1ep1,24
qwen3_32b__rtx_pro_6000_server__empirical,qwen3_32b,rtx_pro_6000_server,EMPIRICAL,prefill,5.918400000000001,7.562400000000001,0.782608695652174,5.918400000000001,5.918,6.758583400933429e-05,821.216,68.492,14.6,252.518,1,1,3,2.192,tp4pp1dp1etp1ep1,192,192,3,2.74,tp4pp1dp1etp1ep1,24
qwen3_32b__rtx_pro_6000_server__empirical,qwen3_32b,rtx_pro_6000_server,EMPIRICAL,decode,7.219799999999998,7.13,1.012594670406732,7.13,7.13,0.0,1570.255,69.299,14.43,228.16,1,1,7,1.146,tp1pp1dp1etp1ep1,22,22,25,0.31,tp1pp1dp1etp1ep1,32
qwen3_32b__rtx_pro_6000_server__empirical,qwen3_32b,rtx_pro_6000_server,EMPIRICAL,decode,4.6530000000000005,4.3654,1.0658817061437669,4.3654,4.365,9.162963302330965e-05,696.377,69.221,14.447,186.257,1,1,2,2.585,tp8pp1dp1etp1ep1,336,336,1,4.745,tp8pp1dp1etp1ep1,24
qwen3_32b__rtx_pro_6000_server__empirical,qwen3_32b,rtx_pro_6000_server,EMPIRICAL,decode,11.2014,10.73916,1.043042472595622,10.73916,10.739,1.4898744408247184e-05,1012.309,72.373,13.817,343.653,1,1,7,1.778,tp2pp1dp1etp1ep1,96,96,9,1.297,tp2pp1dp1etp1ep1,32
qwen3_32b__rtx_pro_6000_server__empirical,qwen3_32b,rtx_pro_6000_server,EMPIRICAL,prefill,5.918400000000001,7.6728000000000005,0.7713481388802003,5.918400000000001,5.918,6.758583400933429e-05,821.216,73.144,13.672,252.518,1,1,3,2.192,tp4pp1dp1etp1ep1,208,208,3,2.78,tp4pp1dp1etp1ep1,24
qwen3_32b__rtx_pro_6000_server__empirical,qwen3_32b,rtx_pro_6000_server,EMPIRICAL,decode,1.0313999999999999,0.9108,1.1324110671936758,0.9108,0.911,0.00021958717610889104,1570.255,71.161,14.053,233.165,1,1,1,1.146,tp1pp1dp1etp1ep1,24,24,3,0.33,tp1pp1dp1etp1ep1,4
qwen3_32b__rtx_pro_6000_server__empirical,qwen3_32b,rtx_pro_6000_server,EMPIRICAL,decode,4.6530000000000005,4.37184,1.0643115942028987,4.37184,4.372,3.659786268485581e-05,696.377,74.057,13.503,186.532,1,1,2,2.585,tp8pp1dp1etp1ep1,360,360,1,4.752,tp8pp1dp1etp1ep1,24
qwen3_32b__rtx_pro_6000_server__empirical,qwen3_32b,rtx_pro_6000_server,EMPIRICAL,prefill,5.918400000000001,7.769400000000001,0.7617576646845317,5.918400000000001,5.918,6.758583400933429e-05,821.216,77.796,12.854,252.518,1,1,3,2.192,tp4pp1dp1etp1ep1,224,224,3,2.815,tp4pp1dp1etp1ep1,24
qwen3_32b__rtx_pro_6000_server__empirical,qwen3_32b,rtx_pro_6000_server,EMPIRICAL,decode,4.6530000000000005,4.375520000000001,1.063416462500457,4.375520000000001,4.376,0.00010970124693741356,696.377,78.929,12.67,186.689,1,1,2,2.585,tp8pp1dp1etp1ep1,384,384,1,4.756,tp8pp1dp1etp1ep1,24
qwen3_32b__rtx_pro_6000_server__empirical,qwen3_32b,rtx_pro_6000_server,EMPIRICAL,prefill,5.918400000000001,7.85496,0.7534602340432034,5.918400000000001,5.918,6.758583400933429e-05,821.216,82.447,12.129,252.518,1,1,3,2.192,tp4pp1dp1etp1ep1,240,240,3,2.846,tp4pp1dp1etp1ep1,24
qwen3_32b__rtx_pro_6000_server__empirical,qwen3_32b,rtx_pro_6000_server,EMPIRICAL,decode,4.6530000000000005,4.37736,1.0629694610450136,4.37736,4.377,8.224135095139125e-05,696.377,83.823,11.93,186.767,1,1,2,2.585,tp8pp1dp1etp1ep1,408,408,1,4.758,tp8pp1dp1etp1ep1,24
qwen3_32b__rtx_pro_6000_server__empirical,qwen3_32b,rtx_pro_6000_server,EMPIRICAL,decode,4.6530000000000005,4.3792,1.062522835221045,4.3792,4.379,4.567044208997581e-05,696.377,88.717,11.272,186.846,1,1,2,2.585,tp8pp1dp1etp1ep1,432,432,1,4.76,tp8pp1dp1etp1ep1,24
qwen3_32b__rtx_pro_6000_server__empirical,qwen3_32b,rtx_pro_6000_server,EMPIRICAL,decode,4.6530000000000005,4.38104,1.0620765845552655,4.38104,4.381,9.130252177422227e-06,696.377,93.611,10.683,186.924,1,1,2,2.585,tp8pp1dp1etp1ep1,456,456,1,4.762,tp8pp1dp1etp1ep1,24
qwen3_32b__rtx_pro_6000_server__empirical,qwen3_32b,rtx_pro_6000_server,EMPIRICAL,decode,4.6530000000000005,4.38196,1.061853599759012,4.38196,4.382,9.128335265354742e-06,696.377,98.505,10.152,186.964,1,1,2,2.585,tp8pp1dp1etp1ep1,480,480,1,4.763,tp8pp1dp1etp1ep1,24
qwen3_32b__rtx_pro_6000_server__empirical,qwen3_32b,rtx_pro_6000_server,EMPIRICAL,decode,4.6530000000000005,4.3838,1.0614079109448424,4.3838,4.384,4.5622519275610675e-05,696.377,103.399,9.671,187.042,1,1,2,2.585,tp8pp1dp1etp1ep1,504,504,1,4.765,tp8pp1dp1etp1ep1,24
qwen3_32b__rtx_pro_6000_server__empirical,qwen3_32b,rtx_pro_6000_server,EMPIRICAL,decode,4.6530000000000005,4.3838,1.0614079109448424,4.3838,4.384,4.5622519275610675e-05,696.377,105.03,9.521,187.042,1,1,2,2.585,tp8pp1dp1etp1ep1,512,512,1,4.765,tp8pp1dp1etp1ep1,24
qwen3_32b__rtx_pro_6000_server__silicon,qwen3_32b,rtx_pro_6000_server,SILICON,decode,0.8766,0.17388,5.041407867494824,0.17388,0.174,0.0006901311249136256,1848.528,15.608,64.071,5.564,1,1,1,0.974,tp8pp1dp1etp1ep1,1,1,3,0.063,tp8pp1dp1etp1ep1,32
qwen3_32b__rtx_pro_6000_server__silicon,qwen3_32b,rtx_pro_6000_server,SILICON,decode,0.8766,0.7948799999999999,1.102807971014493,0.7948799999999999,0.795,0.00015096618357503022,1848.528,16.943,59.02,25.436,1,1,1,0.974,tp8pp1dp1etp1ep1,5,5,3,0.288,tp8pp1dp1etp1ep1,32
qwen3_32b__rtx_pro_6000_server__silicon,qwen3_32b,rtx_pro_6000_server,SILICON,decode,0.8766,0.81144,1.080301685891748,0.81144,0.811,0.0005422458838607857,1848.528,17.724,56.419,34.621,1,1,1,0.974,tp8pp1dp1etp1ep1,8,8,2,0.441,tp8pp1dp1etp1ep1,24
qwen3_32b__rtx_pro_6000_server__silicon,qwen3_32b,rtx_pro_6000_server,SILICON,prefill,0.8766,1.13896,0.7696495048114069,0.8766,0.877,0.0004563084645219666,1848.528,18.942,52.792,37.402,1,1,1,0.974,tp8pp1dp1etp1ep1,12,12,2,0.619,tp8pp1dp1etp1ep1,24
qwen3_32b__rtx_pro_6000_server__silicon,qwen3_32b,rtx_pro_6000_server,SILICON,decode,0.8766,0.67804,1.2928440799952807,0.67804,0.678,5.8993569700797865e-05,1848.528,19.899,50.255,43.395,1,1,1,0.974,tp8pp1dp1etp1ep1,15,15,1,0.737,tp8pp1dp1etp1ep1,16
qwen3_32b__rtx_pro_6000_server__silicon,qwen3_32b,rtx_pro_6000_server,SILICON,prefill,1.7964,1.8768,0.9571611253196931,1.7964,1.796,0.0002226675573368715,1803.105,24.923,40.124,76.646,1,1,2,0.998,tp4pp1dp1etp1ep1,13,13,4,0.51,tp4pp1dp1etp1ep1,24
qwen3_32b__rtx_pro_6000_server__silicon,qwen3_32b,rtx_pro_6000_server,SILICON,prefill,0.8766,1.1702400000000002,0.7490771123872025,0.8766,0.877,0.0004563084645219666,1848.528,24.593,40.662,56.102,1,1,1,0.974,tp8pp1dp1etp1ep1,32,32,1,1.272,tp8pp1dp1etp1ep1,16
qwen3_32b__rtx_pro_6000_server__silicon,qwen3_32b,rtx_pro_6000_server,SILICON,decode,0.8982,0.7258800000000001,1.2373946106794511,0.7258800000000001,0.726,0.0001653165812529591,1803.105,29.749,33.615,92.913,1,1,1,0.998,tp4pp1dp1etp1ep1,24,24,1,0.789,tp4pp1dp1etp1ep1,8
qwen3_32b__rtx_pro_6000_server__silicon,qwen3_32b,rtx_pro_6000_server,SILICON,decode,1.7532,1.32296,1.3252101348491263,1.32296,1.323,3.0235230090131224e-05,1848.528,29.907,33.437,56.446,1,1,2,0.974,tp8pp1dp1etp1ep1,44,44,1,1.438,tp8pp1dp1etp1ep1,24
qwen3_32b__rtx_pro_6000_server__silicon,qwen3_32b,rtx_pro_6000_server,SILICON,decode,1.0548,0.4554,2.316205533596838,0.4554,0.455,0.000878348704435686,1535.828,29.74,33.624,14.573,1,1,1,1.172,tp2pp1dp1etp1ep1,1,1,15,0.033,tp2pp1dp1etp1ep1,32
qwen3_32b__rtx_pro_6000_server__silicon,qwen3_32b,rtx_pro_6000_server,SILICON,decode,2.6946,2.5806000000000004,1.0441757730760286,2.5806000000000004,2.581,0.0001550027125472804,1803.105,33.465,29.882,110.106,1,1,3,0.998,tp4pp1dp1etp1ep1,32,32,3,0.935,tp4pp1dp1etp1ep1,24
qwen3_32b__rtx_pro_6000_server__silicon,qwen3_32b,rtx_pro_6000_server,SILICON,prefill,3.1644,3.39664,0.931626548589194,3.1644,3.164,0.00012640626975096573,1535.828,34.447,29.03,101.261,1,1,3,1.172,tp2pp1dp1etp1ep1,10,10,13,0.284,tp2pp1dp1etp1ep1,32
qwen3_32b__rtx_pro_6000_server__silicon,qwen3_32b,rtx_pro_6000_server,SILICON,decode,1.7532,1.49132,1.175602821661347,1.49132,1.491,0.00021457500737593268,1848.528,33.763,29.618,63.63,1,1,2,0.974,tp8pp1dp1etp1ep1,56,56,1,1.621,tp8pp1dp1etp1ep1,24
qwen3_32b__rtx_pro_6000_server__silicon,qwen3_32b,rtx_pro_6000_server,SILICON,decode,5.274,4.47304,1.179063902849069,4.47304,4.473,8.94246418548952e-06,1535.828,39.773,25.142,143.137,1,1,5,1.172,tp2pp1dp1etp1ep1,18,18,11,0.442,tp2pp1dp1etp1ep1,32
qwen3_32b__rtx_pro_6000_server__silicon,qwen3_32b,rtx_pro_6000_server,SILICON,prefill,0.8982,1.01292,0.8867432768629309,0.8982,0.898,0.0002226675573368715,1803.105,39.056,25.604,114.97,1,1,1,0.998,tp4pp1dp1etp1ep1,44,44,1,1.101,tp4pp1dp1etp1ep1,8
qwen3_32b__rtx_pro_6000_server__silicon,qwen3_32b,rtx_pro_6000_server,SILICON,decode,1.7532,1.67348,1.0476372588856753,1.67348,1.673,0.0002868274493869278,1848.528,38.684,25.85,71.402,1,1,2,0.974,tp8pp1dp1etp1ep1,72,72,1,1.819,tp8pp1dp1etp1ep1,24
qwen3_32b__rtx_pro_6000_server__silicon,qwen3_32b,rtx_pro_6000_server,SILICON,prefill,5.274,5.3737200000000005,0.9814430227105244,5.274,5.274,0.0,1535.828,44.221,22.614,168.768,1,1,5,1.172,tp2pp1dp1etp1ep1,24,24,11,0.531,tp2pp1dp1etp1ep1,32
qwen3_32b__rtx_pro_6000_server__silicon,qwen3_32b,rtx_pro_6000_server,SILICON,prefill,0.8982,1.12332,0.7995940604636256,0.8982,0.898,0.0002226675573368715,1803.105,44.829,22.307,114.97,1,1,1,0.998,tp4pp1dp1etp1ep1,56,56,1,1.221,tp4pp1dp1etp1ep1,8
qwen3_32b__rtx_pro_6000_server__silicon,qwen3_32b,rtx_pro_6000_server,SILICON,prefill,1.7532,1.76824,0.9914943672804597,1.7532,1.753,0.0001140771161306183,1848.528,44.749,22.347,74.803,1,1,2,0.974,tp8pp1dp1etp1ep1,88,88,1,1.922,tp8pp1dp1etp1ep1,24
qwen3_32b__rtx_pro_6000_server__silicon,qwen3_32b,rtx_pro_6000_server,SILICON,decode,3.1644,2.8888000000000003,1.0954029354749377,2.8888000000000003,2.889,6.92328994736686e-05,1535.828,49.837,20.065,184.883,1,1,3,1.172,tp2pp1dp1etp1ep1,32,32,5,0.628,tp2pp1dp1etp1ep1,16
qwen3_32b__rtx_pro_6000_server__silicon,qwen3_32b,rtx_pro_6000_server,SILICON,prefill,0.8982,1.17944,0.7615478532184765,0.8982,0.898,0.0002226675573368715,1803.105,48.79,20.496,114.97,1,1,1,0.998,tp4pp1dp1etp1ep1,64,64,1,1.282,tp4pp1dp1etp1ep1,8
qwen3_32b__rtx_pro_6000_server__silicon,qwen3_32b,rtx_pro_6000_server,SILICON,prefill,1.7532,1.8814,0.9318592537472096,1.7532,1.753,0.0001140771161306183,1848.528,49.72,20.113,74.803,1,1,2,0.974,tp8pp1dp1etp1ep1,104,104,1,2.045,tp8pp1dp1etp1ep1,24
qwen3_32b__rtx_pro_6000_server__silicon,qwen3_32b,rtx_pro_6000_server,SILICON,decode,1.0026000000000002,0.5704,1.7577138849929876,0.5704,0.57,0.000701262272089879,1615.567,49.593,20.164,18.253,1,1,1,1.114,tp1pp1dp1etp1ep1,1,1,31,0.02,tp1pp1dp1etp1ep1,32
qwen3_32b__rtx_pro_6000_server__silicon,qwen3_32b,rtx_pro_6000_server,SILICON,prefill,3.1644,3.2798000000000003,0.9648149277394963,3.1644,3.164,0.00012640626975096573,1535.828,54.825,18.24,202.522,1,1,3,1.172,tp2pp1dp1etp1ep1,40,40,5,0.713,tp2pp1dp1etp1ep1,16
qwen3_32b__rtx_pro_6000_server__silicon,qwen3_32b,rtx_pro_6000_server,SILICON,decode,4.4910000000000005,3.79224,1.1842604898424152,3.79224,3.792,6.328713372577685e-05,1803.105,54.077,18.492,121.352,1,1,5,0.998,tp4pp1dp1etp1ep1,76,76,3,1.374,tp4pp1dp1etp1ep1,32
qwen3_32b__rtx_pro_6000_server__silicon,qwen3_32b,rtx_pro_6000_server,SILICON,decode,1.0026000000000002,0.92092,1.0886939147808716,0.92092,0.921,8.686965208713028e-05,1615.567,54.551,18.331,117.878,1,1,1,1.114,tp1pp1dp1etp1ep1,8,8,7,0.143,tp1pp1dp1etp1ep1,8
qwen3_32b__rtx_pro_6000_server__silicon,qwen3_32b,rtx_pro_6000_server,SILICON,prefill,1.7532,1.9255600000000002,0.910488377407092,1.7532,1.753,0.0001140771161306183,1848.528,54.168,18.461,74.803,1,1,2,0.974,tp8pp1dp1etp1ep1,116,116,1,2.093,tp8pp1dp1etp1ep1,24
qwen3_32b__rtx_pro_6000_server__silicon,qwen3_32b,rtx_pro_6000_server,SILICON,decode,5.274,5.106920000000001,1.0327163926593719,5.106920000000001,5.107,1.566501922873981e-05,1535.828,59.186,16.896,217.895,1,1,5,1.172,tp2pp1dp1etp1ep1,48,48,7,0.793,tp2pp1dp1etp1ep1,24
qwen3_32b__rtx_pro_6000_server__silicon,qwen3_32b,rtx_pro_6000_server,SILICON,decode,5.013000000000001,4.52088,1.1088549132027394,4.52088,4.521,2.65435048043518e-05,1615.567,58.936,16.967,144.668,1,1,5,1.114,tp1pp1dp1etp1ep1,11,11,27,0.182,tp1pp1dp1etp1ep1,32
qwen3_32b__rtx_pro_6000_server__silicon,qwen3_32b,rtx_pro_6000_server,SILICON,decode,4.4910000000000005,4.002,1.1221889055472265,4.002,4.002,0.0,1803.105,59.316,16.859,128.064,1,1,5,0.998,tp4pp1dp1etp1ep1,88,88,3,1.45,tp4pp1dp1etp1ep1,32
qwen3_32b__rtx_pro_6000_server__silicon,qwen3_32b,rtx_pro_6000_server,SILICON,prefill,1.7532,1.9688,0.890491670052824,1.7532,1.753,0.0001140771161306183,1848.528,58.478,17.101,74.803,1,1,2,0.974,tp8pp1dp1etp1ep1,128,128,1,2.14,tp8pp1dp1etp1ep1,24
qwen3_32b__rtx_pro_6000_server__silicon,qwen3_32b,rtx_pro_6000_server,SILICON,decode,7.3835999999999995,7.095960000000001,1.040535741464157,7.095960000000001,7.096,5.637010355099785e-06,1535.828,63.862,15.659,227.071,1,1,7,1.172,tp2pp1dp1etp1ep1,56,56,9,0.857,tp2pp1dp1etp1ep1,32
qwen3_32b__rtx_pro_6000_server__silicon,qwen3_32b,rtx_pro_6000_server,SILICON,decode,3.0078000000000005,2.7388400000000006,1.0982021585780841,2.7388400000000006,2.739,5.8418892669623566e-05,1615.567,64.135,15.592,175.286,1,1,3,1.114,tp1pp1dp1etp1ep1,15,15,13,0.229,tp1pp1dp1etp1ep1,16
qwen3_32b__rtx_pro_6000_server__silicon,qwen3_32b,rtx_pro_6000_server,SILICON,decode,4.4910000000000005,4.1317200000000005,1.0869565217391304,4.1317200000000005,4.132,6.77683870153761e-05,1803.105,62.68,15.954,132.215,1,1,5,0.998,tp4pp1dp1etp1ep1,96,96,3,1.497,tp4pp1dp1etp1ep1,32
qwen3_32b__rtx_pro_6000_server__silicon,qwen3_32b,rtx_pro_6000_server,SILICON,prefill,7.3835999999999995,7.559640000000001,0.9767131768179436,7.3835999999999995,7.384,5.417411560767704e-05,1535.828,68.489,14.601,236.275,1,1,7,1.172,tp2pp1dp1etp1ep1,64,64,9,0.913,tp2pp1dp1etp1ep1,32
qwen3_32b__rtx_pro_6000_server__silicon,qwen3_32b,rtx_pro_6000_server,SILICON,prefill,3.0078000000000005,3.0856800000000004,0.9747608306758965,3.0078000000000005,3.008,6.649378283115029e-05,1615.567,68.238,14.655,192.499,1,1,3,1.114,tp1pp1dp1etp1ep1,18,18,13,0.258,tp1pp1dp1etp1ep1,16
qwen3_32b__rtx_pro_6000_server__silicon,qwen3_32b,rtx_pro_6000_server,SILICON,prefill,1.7532,2.0203200000000003,0.867783321454027,1.7532,1.753,0.0001140771161306183,1848.528,67.668,14.778,74.803,1,1,2,0.974,tp8pp1dp1etp1ep1,152,152,1,2.196,tp8pp1dp1etp1ep1,24
qwen3_32b__rtx_pro_6000_server__silicon,qwen3_32b,rtx_pro_6000_server,SILICON,decode,6.015600000000001,5.2660800000000005,1.142329778506973,5.2660800000000005,5.266,1.5191565642854664e-05,1615.567,73.697,13.569,224.686,1,1,6,1.114,tp1pp1dp1etp1ep1,24,24,18,0.318,tp1pp1dp1etp1ep1,24
qwen3_32b__rtx_pro_6000_server__silicon,qwen3_32b,rtx_pro_6000_server,SILICON,prefill,1.7532,2.08288,0.8417191580888003,1.7532,1.753,0.0001140771161306183,1848.528,72.53,13.787,74.803,1,1,2,0.974,tp8pp1dp1etp1ep1,168,168,1,2.264,tp8pp1dp1etp1ep1,24
qwen3_32b__rtx_pro_6000_server__silicon,qwen3_32b,rtx_pro_6000_server,SILICON,decode,4.4910000000000005,4.195200000000001,1.0705091533180777,4.195200000000001,4.195,4.7673531655325615e-05,1803.105,79.748,12.539,134.246,1,1,5,0.998,tp4pp1dp1etp1ep1,124,124,3,1.52,tp4pp1dp1etp1ep1,32
qwen3_32b__rtx_pro_6000_server__silicon,qwen3_32b,rtx_pro_6000_server,SILICON,prefill,1.7532,2.1261200000000002,0.8246006810528098,1.7532,1.753,0.0001140771161306183,1848.528,77.826,12.849,74.803,1,1,2,0.974,tp8pp1dp1etp1ep1,184,184,1,2.311,tp8pp1dp1etp1ep1,24
qwen3_32b__rtx_pro_6000_server__silicon,qwen3_32b,rtx_pro_6000_server,SILICON,prefill,7.3835999999999995,7.824599999999999,0.9436392914653784,7.3835999999999995,7.384,5.417411560767704e-05,1535.828,82.71,12.09,236.275,1,1,7,1.172,tp2pp1dp1etp1ep1,80,80,9,0.945,tp2pp1dp1etp1ep1,32
qwen3_32b__rtx_pro_6000_server__silicon,qwen3_32b,rtx_pro_6000_server,SILICON,decode,4.4910000000000005,4.402200000000001,1.0201717323156603,4.402200000000001,4.402,4.543182953987144e-05,1803.105,83.368,11.995,140.87,1,1,5,0.998,tp4pp1dp1etp1ep1,136,136,3,1.595,tp4pp1dp1etp1ep1,32
qwen3_32b__rtx_pro_6000_server__silicon,qwen3_32b,rtx_pro_6000_server,SILICON,prefill,1.7532,2.14544,0.8171750316951303,1.7532,1.753,0.0001140771161306183,1848.528,80.474,12.426,74.803,1,1,2,0.974,tp8pp1dp1etp1ep1,192,192,1,2.332,tp8pp1dp1etp1ep1,24
qwen3_32b__rtx_pro_6000_server__silicon,qwen3_32b,rtx_pro_6000_server,SILICON,prefill,7.3835999999999995,7.99848,0.9231253938248267,7.3835999999999995,7.384,5.417411560767704e-05,1535.828,89.069,11.227,236.275,1,1,7,1.172,tp2pp1dp1etp1ep1,88,88,9,0.966,tp2pp1dp1etp1ep1,32
qwen3_32b__rtx_pro_6000_server__silicon,qwen3_32b,rtx_pro_6000_server,SILICON,prefill,4.4910000000000005,4.5622799999999994,0.9843762329361637,4.4910000000000005,4.491,1.9776851919397131e-16,1803.105,89.906,11.123,143.712,1,1,5,0.998,tp4pp1dp1etp1ep1,152,152,3,1.653,tp4pp1dp1etp1ep1,32
qwen3_32b__rtx_pro_6000_server__silicon,qwen3_32b,rtx_pro_6000_server,SILICON,prefill,7.3835999999999995,8.073,0.9146042363433666,7.3835999999999995,7.384,5.417411560767704e-05,1535.828,92.22,10.844,236.275,1,1,7,1.172,tp2pp1dp1etp1ep1,92,92,9,0.975,tp2pp1dp1etp1ep1,32
qwen3_32b__rtx_pro_6000_server__silicon,qwen3_32b,rtx_pro_6000_server,SILICON,prefill,4.4910000000000005,4.63404,0.9691327653624053,4.4910000000000005,4.491,1.9776851919397131e-16,1803.105,93.176,10.732,143.712,1,1,5,0.998,tp4pp1dp1etp1ep1,160,160,3,1.679,tp4pp1dp1etp1ep1,32
qwen3_32b__rtx_pro_6000_server__silicon,qwen3_32b,rtx_pro_6000_server,SILICON,prefill,1.7532,2.16292,0.810570894901337,1.7532,1.753,0.0001140771161306183,1848.528,93.155,10.735,74.803,1,1,2,0.974,tp8pp1dp1etp1ep1,224,224,1,2.351,tp8pp1dp1etp1ep1,24
qwen3_32b__rtx_pro_6000_server__silicon,qwen3_32b,rtx_pro_6000_server,SILICON,prefill,7.3835999999999995,8.14752,0.9062389536938847,7.3835999999999995,7.384,5.417411560767704e-05,1535.828,95.371,10.485,236.275,1,1,7,1.172,tp2pp1dp1etp1ep1,96,96,9,0.984,tp2pp1dp1etp1ep1,32
qwen3_32b__rtx_pro_6000_server__silicon,qwen3_32b,rtx_pro_6000_server,SILICON,prefill,4.4910000000000005,4.7720400000000005,0.9411069479719365,4.4910000000000005,4.491,1.9776851919397131e-16,1803.105,99.499,10.05,143.712,1,1,5,0.998,tp4pp1dp1etp1ep1,176,176,3,1.729,tp4pp1dp1etp1ep1,32
qwen3_32b__rtx_pro_6000_server__silicon,qwen3_32b,rtx_pro_6000_server,SILICON,prefill,4.4910000000000005,4.83,0.9298136645962733,4.4910000000000005,4.491,1.9776851919397131e-16,1803.105,102.768,9.731,143.712,1,1,5,0.998,tp4pp1dp1etp1ep1,184,184,3,1.75,tp4pp1dp1etp1ep1,32
qwen3_32b__rtx_pro_6000_server__silicon,qwen3_32b,rtx_pro_6000_server,SILICON,prefill,4.4910000000000005,4.921080000000001,0.9126045502206832,4.4910000000000005,4.491,1.9776851919397131e-16,1803.105,109.672,9.118,143.712,1,1,5,0.998,tp4pp1dp1etp1ep1,200,200,3,1.783,tp4pp1dp1etp1ep1,32
qwen3_32b__rtx_pro_6000_server__silicon,qwen3_32b,rtx_pro_6000_server,SILICON,prefill,4.4910000000000005,4.9652400000000005,0.9044880005800324,4.4910000000000005,4.491,1.9776851919397131e-16,1803.105,113.032,8.847,143.712,1,1,5,0.998,tp4pp1dp1etp1ep1,208,208,3,1.799,tp4pp1dp1etp1ep1,32
qwen3_32b__rtx_pro_6000_server__silicon,qwen3_32b,rtx_pro_6000_server,SILICON,prefill,4.4910000000000005,5.04252,0.8906261155136719,4.4910000000000005,4.491,1.9776851919397131e-16,1803.105,119.85,8.344,143.712,1,1,5,0.998,tp4pp1dp1etp1ep1,224,224,3,1.827,tp4pp1dp1etp1ep1,32
qwen3_32b__rtx_pro_6000_server__silicon,qwen3_32b,rtx_pro_6000_server,SILICON,prefill,1.7532,2.1758,0.8057725893924074,1.7532,1.753,0.0001140771161306183,1848.528,119.061,8.399,74.803,1,1,2,0.974,tp8pp1dp1etp1ep1,288,288,1,2.365,tp8pp1dp1etp1ep1,24
qwen3_32b__rtx_pro_6000_server__silicon,qwen3_32b,rtx_pro_6000_server,SILICON,decode,3.5928,3.40952,1.0537553673244326,3.40952,3.41,0.00014078228020367558,1803.105,122.406,8.17,145.473,1,1,4,0.998,tp4pp1dp1etp1ep1,232,232,2,1.853,tp4pp1dp1etp1ep1,24
qwen3_32b__rtx_pro_6000_server__silicon,qwen3_32b,rtx_pro_6000_server,SILICON,prefill,1.7532,2.1942,0.7990155865463495,1.7532,1.753,0.0001140771161306183,1848.528,124.589,8.026,74.803,1,1,2,0.974,tp8pp1dp1etp1ep1,304,304,1,2.385,tp8pp1dp1etp1ep1,24
qwen3_32b__rtx_pro_6000_server__silicon,qwen3_32b,rtx_pro_6000_server,SILICON,decode,3.5928,3.4334400000000005,1.046414091989375,3.4334400000000005,3.433,0.0001281513584045919,1803.105,125.707,7.955,146.493,1,1,4,0.998,tp4pp1dp1etp1ep1,240,240,2,1.866,tp4pp1dp1etp1ep1,24
qwen3_32b__rtx_pro_6000_server__silicon,qwen3_32b,rtx_pro_6000_server,SILICON,prefill,1.7532,2.2034000000000002,0.7956794045565944,1.7532,1.753,0.0001140771161306183,1848.528,127.353,7.852,74.803,1,1,2,0.974,tp8pp1dp1etp1ep1,312,312,1,2.395,tp8pp1dp1etp1ep1,24
qwen3_32b__rtx_pro_6000_server__silicon,qwen3_32b,rtx_pro_6000_server,SILICON,prefill,1.7532,2.21996,0.789743959350619,1.7532,1.753,0.0001140771161306183,1848.528,132.881,7.526,74.803,1,1,2,0.974,tp8pp1dp1etp1ep1,328,328,1,2.413,tp8pp1dp1etp1ep1,24
qwen3_32b__rtx_pro_6000_server__silicon,qwen3_32b,rtx_pro_6000_server,SILICON,prefill,1.7532,2.2356000000000003,0.7842190016103059,1.7532,1.753,0.0001140771161306183,1848.528,138.409,7.225,74.803,1,1,2,0.974,tp8pp1dp1etp1ep1,344,344,1,2.43,tp8pp1dp1etp1ep1,24
qwen3_32b__rtx_pro_6000_server__silicon,qwen3_32b,rtx_pro_6000_server,SILICON,prefill,1.7532,2.2494,0.7794078420912244,1.7532,1.753,0.0001140771161306183,1848.528,143.938,6.947,74.803,1,1,2,0.974,tp8pp1dp1etp1ep1,360,360,1,2.445,tp8pp1dp1etp1ep1,24
qwen3_32b__rtx_pro_6000_server__silicon,qwen3_32b,rtx_pro_6000_server,SILICON,prefill,1.7532,2.26228,0.7749703838605301,1.7532,1.753,0.0001140771161306183,1848.528,149.466,6.69,74.803,1,1,2,0.974,tp8pp1dp1etp1ep1,376,376,1,2.459,tp8pp1dp1etp1ep1,24
qwen3_32b__rtx_pro_6000_server__silicon,qwen3_32b,rtx_pro_6000_server,SILICON,prefill,1.7532,2.2742400000000003,0.7708948923596454,1.7532,1.753,0.0001140771161306183,1848.528,154.994,6.452,74.803,1,1,2,0.974,tp8pp1dp1etp1ep1,392,392,1,2.472,tp8pp1dp1etp1ep1,24
qwen3_32b__rtx_pro_6000_server__silicon,qwen3_32b,rtx_pro_6000_server,SILICON,prefill,1.7532,2.2806800000000003,0.7687181016188154,1.7532,1.753,0.0001140771161306183,1848.528,157.758,6.339,74.803,1,1,2,0.974,tp8pp1dp1etp1ep1,400,400,1,2.479,tp8pp1dp1etp1ep1,24
qwen3_32b__rtx_pro_6000_server__silicon,qwen3_32b,rtx_pro_6000_server,SILICON,prefill,1.7532,2.29172,0.765014923289058,1.7532,1.753,0.0001140771161306183,1848.528,163.244,6.126,74.803,1,1,2,0.974,tp8pp1dp1etp1ep1,416,416,1,2.491,tp8pp1dp1etp1ep1,24
qwen3_32b__rtx_pro_6000_server__silicon,qwen3_32b,rtx_pro_6000_server,SILICON,prefill,1.7532,2.30368,0.7610432004445062,1.7532,1.753,0.0001140771161306183,1848.528,168.665,5.929,74.803,1,1,2,0.974,tp8pp1dp1etp1ep1,432,432,1,2.504,tp8pp1dp1etp1ep1,24
qwen3_32b__rtx_pro_6000_server__silicon,qwen3_32b,rtx_pro_6000_server,SILICON,prefill,1.7532,2.3147200000000003,0.7574134236538328,1.7532,1.753,0.0001140771161306183,1848.528,174.086,5.744,74.803,1,1,2,0.974,tp8pp1dp1etp1ep1,448,448,1,2.516,tp8pp1dp1etp1ep1,24
qwen3_32b__rtx_pro_6000_server__silicon,qwen3_32b,rtx_pro_6000_server,SILICON,prefill,1.7532,2.32484,0.7541164123122451,1.7532,1.753,0.0001140771161306183,1848.528,179.508,5.571,74.803,1,1,2,0.974,tp8pp1dp1etp1ep1,464,464,1,2.527,tp8pp1dp1etp1ep1,24
qwen3_32b__rtx_pro_6000_server__silicon,qwen3_32b,rtx_pro_6000_server,SILICON,prefill,1.7532,2.33404,0.7511439392641086,1.7532,1.753,0.0001140771161306183,1848.528,184.929,5.407,74.803,1,1,2,0.974,tp8pp1dp1etp1ep1,480,480,1,2.537,tp8pp1dp1etp1ep1,24
qwen3_32b__rtx_pro_6000_server__silicon,qwen3_32b,rtx_pro_6000_server,SILICON,decode,2.6298,2.33864,1.1244997092327165,2.33864,2.339,0.00015393562070268961,1848.528,187.64,5.329,74.836,1,1,3,0.974,tp8pp1dp1etp1ep1,488,488,1,2.542,tp8pp1dp1etp1ep1,32
qwen3_32b__rtx_pro_6000_server__silicon,qwen3_32b,rtx_pro_6000_server,SILICON,decode,2.6298,2.34784,1.120093362409704,2.34784,2.348,6.814774430954235e-05,1848.528,193.061,5.18,75.131,1,1,3,0.974,tp8pp1dp1etp1ep1,504,504,1,2.552,tp8pp1dp1etp1ep1,32
qwen3_32b__rtx_pro_6000_server__silicon,qwen3_32b,rtx_pro_6000_server,SILICON,decode,2.6298,2.3515200000000003,1.1183404776484995,2.3515200000000003,2.352,0.00020412329046726874,1848.528,195.772,5.108,75.249,1,1,3,0.974,tp8pp1dp1etp1ep1,512,512,1,2.556,tp8pp1dp1etp1ep1,32
