case_id,model_key,system,mode,bottleneck,prefill_capacity_seq_s,decode_capacity_seq_s,capacity_ratio_prefill_decode,expected_request_rate,request_rate,request_rate_relative_error,ttft,tpot,tokens/s/user,tokens/s/gpu,tokens/s/gpu_cluster,(p)bs,(p)global_bs,(p)workers,(p)seq/s/worker,(p)parallel,(d)bs,(d)global_bs,(d)workers,(d)seq/s/worker,(d)parallel,num_total_gpus
llama31_70b__a100_sxm__silicon,llama31_70b,a100_sxm,SILICON,prefill,1.1331,1.16564,0.9720840053532823,1.1331,1.133,8.825346394845025e-05,1430.12,83.323,12.002,145.037,145.037,1,1,1,1.259,tp4pp1dp1etp1ep1,108,108,1,1.267,tp4pp1dp1etp1ep1,8
llama31_70b__a100_sxm__silicon,llama31_70b,a100_sxm,SILICON,prefill,1.8243000000000003,1.8317200000000002,0.9959491625357587,1.8243000000000003,1.824,0.00016444663706637557,887.875,54.991,18.185,116.755,116.755,1,1,1,2.027,tp8pp1dp1etp1ep1,112,112,1,1.991,tp8pp1dp1etp1ep1,16
llama31_70b__a100_sxm__silicon,llama31_70b,a100_sxm,SILICON,decode,3.3992999999999998,3.3442,1.016476287303391,3.3442,3.344,5.9805035583989586e-05,1430.12,53.766,18.599,107.014,107.014,1,1,3,1.259,tp4pp1dp1etp1ep1,40,40,5,0.727,tp4pp1dp1etp1ep1,32
llama31_70b__a100_sxm__silicon,llama31_70b,a100_sxm,SILICON,decode,1.8243000000000003,1.58424,1.1515300712013332,1.58424,1.584,0.00015149219815180652,887.875,49.958,20.017,101.391,101.391,1,1,1,2.027,tp8pp1dp1etp1ep1,88,88,1,1.722,tp8pp1dp1etp1ep1,16
llama31_70b__a100_sxm__silicon,llama31_70b,a100_sxm,SILICON,decode,1.8243000000000003,1.4775200000000002,1.2347040987600846,1.4775200000000002,1.478,0.00032486869890073494,887.875,38.964,25.664,94.561,94.561,1,1,1,2.027,tp8pp1dp1etp1ep1,64,64,1,1.606,tp8pp1dp1etp1ep1,16
llama31_70b__a100_sxm__silicon,llama31_70b,a100_sxm,SILICON,decode,1.8243000000000003,1.3708,1.3308287131601986,1.3708,1.371,0.00014590020426026988,887.875,34.107,29.319,87.731,87.731,1,1,1,2.027,tp8pp1dp1etp1ep1,52,52,1,1.49,tp8pp1dp1etp1ep1,16
llama31_70b__a100_sxm__silicon,llama31_70b,a100_sxm,SILICON,prefill,1.8243000000000003,1.8547200000000001,0.9835986024844721,1.8243000000000003,1.824,0.00016444663706637557,887.875,23.286,42.944,58.378,58.378,1,1,1,2.027,tp8pp1dp1etp1ep1,16,16,3,0.672,tp8pp1dp1etp1ep1,32
llama31_70b__a100_sxm__silicon,llama31_70b,a100_sxm,SILICON,decode,1.8243000000000003,0.6900000000000001,2.643913043478261,0.6900000000000001,0.69,1.6090188762683426e-16,887.875,19.579,51.076,22.08,22.08,1,1,1,2.027,tp8pp1dp1etp1ep1,5,5,3,0.25,tp8pp1dp1etp1ep1,32
llama31_70b__a100_sxm__silicon,llama31_70b,a100_sxm,SILICON,decode,1.8243000000000003,0.14628000000000002,12.471287940935193,0.14628000000000002,0.146,0.0019141372709873543,887.875,18.6,53.764,4.681,4.681,1,1,1,2.027,tp8pp1dp1etp1ep1,1,1,3,0.053,tp8pp1dp1etp1ep1,32
llama31_70b__a100_sxm__empirical,llama31_70b,a100_sxm,EMPIRICAL,decode,5.8815,5.362680000000001,1.096746402917944,5.362680000000001,5.363,5.9671656708853e-05,1377.401,54.331,18.406,171.606,171.606,1,1,5,1.307,tp4pp1dp1etp1ep1,108,108,3,1.943,tp4pp1dp1etp1ep1,32
llama31_70b__a100_sxm__empirical,llama31_70b,a100_sxm,EMPIRICAL,decode,5.8815,4.98456,1.1799436660407339,4.98456,4.985,8.827258574482361e-05,1377.401,49.806,20.078,159.506,159.506,1,1,5,1.307,tp4pp1dp1etp1ep1,92,92,3,1.806,tp4pp1dp1etp1ep1,32
llama31_70b__a100_sxm__empirical,llama31_70b,a100_sxm,EMPIRICAL,prefill,1.1763,1.27052,0.9258413877782324,1.1763,1.176,0.0002550369803621244,1377.401,39.626,25.236,150.566,150.566,1,1,1,1.307,tp4pp1dp1etp1ep1,56,56,1,1.381,tp4pp1dp1etp1ep1,8
llama31_70b__a100_sxm__empirical,llama31_70b,a100_sxm,EMPIRICAL,prefill,2.0106,2.17028,0.926424240190206,2.0106,2.011,0.0001989455883815557,805.707,19.892,50.271,128.678,128.678,1,1,1,2.234,tp8pp1dp1etp1ep1,48,48,1,2.359,tp8pp1dp1etp1ep1,16
llama31_70b__a100_sxm__empirical,llama31_70b,a100_sxm,EMPIRICAL,decode,2.0106,1.9310800000000004,1.041179029351451,1.9310800000000004,1.931,4.142759492113327e-05,805.707,18.624,53.693,123.589,123.589,1,1,1,2.234,tp8pp1dp1etp1ep1,40,40,1,2.099,tp8pp1dp1etp1ep1,16
llama31_70b__a100_sxm__empirical,llama31_70b,a100_sxm,EMPIRICAL,decode,2.0106,1.79952,1.1172979461189652,1.79952,1.8,0.00026673779674581886,805.707,17.99,55.585,115.169,115.169,1,1,1,2.234,tp8pp1dp1etp1ep1,36,36,1,1.956,tp8pp1dp1etp1ep1,16
llama31_70b__a100_sxm__empirical,llama31_70b,a100_sxm,EMPIRICAL,decode,2.0106,1.50604,1.3350243021433694,1.50604,1.506,2.6559719529388332e-05,805.707,16.723,59.799,96.387,96.387,1,1,1,2.234,tp8pp1dp1etp1ep1,28,28,1,1.637,tp8pp1dp1etp1ep1,16
llama31_70b__a100_sxm__empirical,llama31_70b,a100_sxm,EMPIRICAL,prefill,2.0106,2.5097600000000004,0.8011124569679968,2.0106,2.011,0.0001989455883815557,805.707,15.772,63.405,85.786,64.3395,1,1,1,2.234,tp8pp1dp1etp1ep1,22,22,2,1.364,tp8pp1dp1etp1ep1,24
llama31_70b__a100_sxm__empirical,llama31_70b,a100_sxm,EMPIRICAL,decode,2.0106,1.9458,1.0333024976873266,1.9458,1.946,0.00010278548668926815,805.707,13.87,72.099,62.266,62.266,1,1,1,2.234,tp8pp1dp1etp1ep1,10,10,3,0.705,tp8pp1dp1etp1ep1,32
llama31_70b__a100_sxm__empirical,llama31_70b,a100_sxm,EMPIRICAL,decode,2.0106,0.83628,2.4042186827378393,0.83628,0.836,0.00033481609030475194,805.707,12.919,77.406,26.761,26.761,1,1,1,2.234,tp8pp1dp1etp1ep1,4,4,3,0.303,tp8pp1dp1etp1ep1,32
llama31_70b__a100_sxm__analytical,llama31_70b,a100_sxm,ANALYTICAL,decode,1.1772,1.173,1.0035805626598466,1.173,1.173,0.0,1376.381,64.377,15.533,150.144,150.144,1,1,1,1.308,tp4pp1dp1etp1ep1,84,84,1,1.275,tp4pp1dp1etp1ep1,8
llama31_70b__a100_sxm__analytical,llama31_70b,a100_sxm,ANALYTICAL,decode,1.1772,1.0074,1.1685527099463966,1.0074,1.007,0.00039706174310122886,1376.381,53.543,18.676,128.947,128.947,1,1,1,1.308,tp4pp1dp1etp1ep1,60,60,1,1.095,tp4pp1dp1etp1ep1,8
llama31_70b__a100_sxm__analytical,llama31_70b,a100_sxm,ANALYTICAL,prefill,1.9746,2.16384,0.9125443655723159,1.9746,1.975,0.00020257267294650967,820.363,34.907,28.648,126.374,126.374,1,1,1,2.194,tp8pp1dp1etp1ep1,84,84,1,2.352,tp8pp1dp1etp1ep1,16
llama31_70b__a100_sxm__analytical,llama31_70b,a100_sxm,ANALYTICAL,decode,1.9746,1.85564,1.0641072621844754,1.85564,1.856,0.00019400314716223945,820.363,29.078,34.39,118.761,118.761,1,1,1,2.194,tp8pp1dp1etp1ep1,60,60,1,2.017,tp8pp1dp1etp1ep1,16
llama31_70b__a100_sxm__analytical,llama31_70b,a100_sxm,ANALYTICAL,decode,1.9746,1.4848800000000002,1.329804428640698,1.4848800000000002,1.485,8.0814611281651e-05,820.363,24.221,41.287,95.032,95.032,1,1,1,2.194,tp8pp1dp1etp1ep1,40,40,1,1.614,tp8pp1dp1etp1ep1,16
llama31_70b__a100_sxm__analytical,llama31_70b,a100_sxm,ANALYTICAL,prefill,1.9746,1.99272,0.9909069011200771,1.9746,1.975,0.00020257267294650967,820.363,19.849,50.379,84.25,63.1875,1,1,1,2.194,tp8pp1dp1etp1ep1,22,22,2,1.083,tp8pp1dp1etp1ep1,24
llama31_70b__a100_sxm__analytical,llama31_70b,a100_sxm,ANALYTICAL,prefill,1.9746,2.10864,0.9364329615297063,1.9746,1.975,0.00020257267294650967,820.363,17.907,55.846,63.187,63.187,1,1,1,2.194,tp8pp1dp1etp1ep1,14,14,3,0.764,tp8pp1dp1etp1ep1,32
llama31_70b__a100_sxm__analytical,llama31_70b,a100_sxm,ANALYTICAL,decode,1.9746,1.5897599999999998,1.2420742753623188,1.5897599999999998,1.59,0.00015096618357503022,820.363,16.982,58.885,50.872,50.872,1,1,1,2.194,tp8pp1dp1etp1ep1,10,10,3,0.576,tp8pp1dp1etp1ep1,32
llama31_70b__a100_sxm__analytical,llama31_70b,a100_sxm,ANALYTICAL,decode,1.9746,0.8556,2.3078541374474053,0.8556,0.856,0.0004675081813931229,820.363,15.771,63.409,27.379,27.379,1,1,1,2.194,tp8pp1dp1etp1ep1,5,5,3,0.31,tp8pp1dp1etp1ep1,32
llama31_70b__a100_sxm__analytical,llama31_70b,a100_sxm,ANALYTICAL,decode,1.9746,0.18216000000000002,10.8399209486166,0.18216000000000002,0.182,0.0008783487044357774,820.363,14.886,67.176,5.829,5.829,1,1,1,2.194,tp8pp1dp1etp1ep1,1,1,3,0.066,tp8pp1dp1etp1ep1,32
llama31_70b__h100_sxm__silicon,llama31_70b,h100_sxm,SILICON,prefill,4.8357,5.25504,0.9202023200584581,4.8357,4.836,6.203858800177617e-05,334.998,24.642,40.58,309.485,309.485,1,1,1,5.373,tp8pp1dp1etp1ep1,144,144,1,5.712,tp8pp1dp1etp1ep1,16
llama31_70b__h100_sxm__silicon,llama31_70b,h100_sxm,SILICON,decode,4.8357,4.0342,1.1986763174854989,4.0342,4.034,4.957612413871946e-05,334.998,19.619,50.972,258.189,258.189,1,1,1,5.373,tp8pp1dp1etp1ep1,88,88,1,4.385,tp8pp1dp1etp1ep1,16
llama31_70b__h100_sxm__silicon,llama31_70b,h100_sxm,SILICON,decode,4.8357,3.6450400000000003,1.3266521080701446,3.6450400000000003,3.645,1.0973816473965182e-05,334.998,18.753,53.326,233.283,233.283,1,1,1,5.373,tp8pp1dp1etp1ep1,76,76,1,3.962,tp8pp1dp1etp1ep1,16
llama31_70b__h100_sxm__silicon,llama31_70b,h100_sxm,SILICON,decode,4.8357,3.4040000000000004,1.420593419506463,3.4040000000000004,3.404,1.3046098996770347e-16,334.998,17.967,55.658,217.856,217.856,1,1,1,5.373,tp8pp1dp1etp1ep1,68,68,1,3.7,tp8pp1dp1etp1ep1,16
llama31_70b__h100_sxm__silicon,llama31_70b,h100_sxm,SILICON,prefill,4.8357,5.0048,0.9662124360613811,4.8357,4.836,6.203858800177617e-05,334.998,15.812,63.243,206.323,154.74225,1,1,1,5.373,tp8pp1dp1etp1ep1,44,44,2,2.72,tp8pp1dp1etp1ep1,24
llama31_70b__h100_sxm__silicon,llama31_70b,h100_sxm,SILICON,decode,4.8357,4.6561200000000005,1.0385685935929485,4.6561200000000005,4.656,2.577253163595142e-05,334.998,13.905,71.918,148.996,148.996,1,1,1,5.373,tp8pp1dp1etp1ep1,24,24,3,1.687,tp8pp1dp1etp1ep1,32
llama31_70b__h100_sxm__silicon,llama31_70b,h100_sxm,SILICON,decode,4.8357,3.34236,1.4467920870283273,3.34236,3.342,0.00010770832585362976,334.998,12.912,77.445,106.956,106.956,1,1,1,5.373,tp8pp1dp1etp1ep1,16,16,3,1.211,tp8pp1dp1etp1ep1,32
llama31_70b__h100_sxm__silicon,llama31_70b,h100_sxm,SILICON,decode,4.8357,2.06448,2.342333178330621,2.06448,2.064,0.00023250406882122177,334.998,11.759,85.038,66.063,66.063,1,1,1,5.373,tp8pp1dp1etp1ep1,9,9,3,0.748,tp8pp1dp1etp1ep1,32
llama31_70b__h100_sxm__silicon,llama31_70b,h100_sxm,SILICON,decode,4.8357,0.4968000000000001,9.733695652173912,0.4968000000000001,0.497,0.00040257648953285515,334.998,10.889,91.837,15.898,15.898,1,1,1,5.373,tp8pp1dp1etp1ep1,2,2,3,0.18,tp8pp1dp1etp1ep1,32
llama31_70b__h100_sxm__empirical,llama31_70b,h100_sxm,EMPIRICAL,decode,3.2121,2.90076,1.1073304926984653,2.90076,2.901,8.273693790585776e-05,504.409,33.486,29.863,371.297,371.297,1,1,1,3.569,tp4pp1dp1etp1ep1,108,108,1,3.153,tp4pp1dp1etp1ep1,8
llama31_70b__h100_sxm__empirical,llama31_70b,h100_sxm,EMPIRICAL,decode,3.2121,2.576,1.2469332298136646,2.576,2.576,0.0,504.409,29.33,34.094,329.728,329.728,1,1,1,3.569,tp4pp1dp1etp1ep1,84,84,1,2.8,tp4pp1dp1etp1ep1,8
llama31_70b__h100_sxm__empirical,llama31_70b,h100_sxm,EMPIRICAL,prefill,4.9194,4.933960000000001,0.9970490235024199,4.9194,4.919,8.131072895085663e-05,329.281,16.768,59.636,314.842,314.842,1,1,1,5.466,tp8pp1dp1etp1ep1,92,92,1,5.363,tp8pp1dp1etp1ep1,16
llama31_70b__h100_sxm__empirical,llama31_70b,h100_sxm,EMPIRICAL,decode,4.9194,4.72512,1.04111641609102,4.72512,4.725,2.5396180414632038e-05,329.281,15.987,62.551,302.408,302.408,1,1,1,5.466,tp8pp1dp1etp1ep1,84,84,1,5.136,tp8pp1dp1etp1ep1,16
llama31_70b__h100_sxm__empirical,llama31_70b,h100_sxm,EMPIRICAL,decode,4.9194,4.370920000000001,1.125483879823927,4.370920000000001,4.371,1.8302782938062444e-05,329.281,14.815,67.499,279.739,279.739,1,1,1,5.466,tp8pp1dp1etp1ep1,72,72,1,4.751,tp8pp1dp1etp1ep1,16
llama31_70b__h100_sxm__empirical,llama31_70b,h100_sxm,EMPIRICAL,decode,4.9194,3.9550800000000006,1.2438180770047633,3.9550800000000006,3.955,2.0227150904791834e-05,329.281,13.643,73.298,253.125,253.125,1,1,1,5.466,tp8pp1dp1etp1ep1,60,60,1,4.299,tp8pp1dp1etp1ep1,16
llama31_70b__h100_sxm__empirical,llama31_70b,h100_sxm,EMPIRICAL,decode,4.9194,3.63584,1.3530298362964268,3.63584,3.636,4.4006336912559414e-05,329.281,12.862,77.75,232.694,232.694,1,1,1,5.466,tp8pp1dp1etp1ep1,52,52,1,3.952,tp8pp1dp1etp1ep1,16
llama31_70b__h100_sxm__empirical,llama31_70b,h100_sxm,EMPIRICAL,prefill,4.9194,5.27712,0.93221302528652,4.9194,4.919,8.131072895085663e-05,329.281,10.908,91.673,209.894,157.4205,1,1,1,5.466,tp8pp1dp1etp1ep1,32,32,2,2.868,tp8pp1dp1etp1ep1,24
llama31_70b__h100_sxm__empirical,llama31_70b,h100_sxm,EMPIRICAL,decode,4.9194,3.9836,1.234913143889949,3.9836,3.984,0.00010041168792046289,329.281,9.932,100.689,169.967,127.47525000000002,1,1,1,5.466,tp8pp1dp1etp1ep1,22,22,2,2.165,tp8pp1dp1etp1ep1,24
llama31_70b__h100_sxm__empirical,llama31_70b,h100_sxm,EMPIRICAL,decode,4.9194,3.6156,1.360604049120478,3.6156,3.616,0.00011063170704722755,329.281,8.955,111.671,115.699,115.699,1,1,1,5.466,tp8pp1dp1etp1ep1,12,12,3,1.31,tp8pp1dp1etp1ep1,32
llama31_70b__h100_sxm__empirical,llama31_70b,h100_sxm,EMPIRICAL,decode,4.9194,0.6762,7.275066548358474,0.6762,0.676,0.00029577048210585323,329.281,7.978,125.341,21.638,21.638,1,1,1,5.466,tp8pp1dp1etp1ep1,2,2,3,0.245,tp8pp1dp1etp1ep1,32
llama31_70b__h100_sxm__analytical,llama31_70b,h100_sxm,ANALYTICAL,decode,3.0023999999999997,2.2760800000000003,1.3191100488559275,2.2760800000000003,2.276,3.514814945016172e-05,539.588,42.673,23.434,291.338,291.338,1,1,1,3.336,tp4pp1dp1etp1ep1,108,108,1,2.474,tp4pp1dp1etp1ep1,8
llama31_70b__h100_sxm__analytical,llama31_70b,h100_sxm,ANALYTICAL,prefill,4.5414,4.63128,0.9805928382650153,4.5414,4.541,8.80785660809345e-05,356.738,29.514,33.883,290.65,290.65,1,1,1,5.046,tp8pp1dp1etp1ep1,152,152,1,5.034,tp8pp1dp1etp1ep1,16
llama31_70b__h100_sxm__analytical,llama31_70b,h100_sxm,ANALYTICAL,decode,4.5414,4.19796,1.0818111654232057,4.19796,4.198,9.52843762214553e-06,356.738,24.852,40.239,268.669,268.669,1,1,1,5.046,tp8pp1dp1etp1ep1,116,116,1,4.563,tp8pp1dp1etp1ep1,16
llama31_70b__h100_sxm__analytical,llama31_70b,h100_sxm,ANALYTICAL,decode,4.5414,3.4748400000000004,1.3069378733984873,3.4748400000000004,3.475,4.6045285538245186e-05,356.738,19.671,50.835,222.39,222.39,1,1,1,5.046,tp8pp1dp1etp1ep1,76,76,1,3.777,tp8pp1dp1etp1ep1,16
llama31_70b__h100_sxm__analytical,llama31_70b,h100_sxm,ANALYTICAL,decode,4.5414,3.2816400000000003,1.383881230116649,3.2816400000000003,3.282,0.00010970124693741356,356.738,18.635,53.662,210.025,210.025,1,1,1,5.046,tp8pp1dp1etp1ep1,68,68,1,3.567,tp8pp1dp1etp1ep1,16
llama31_70b__h100_sxm__analytical,llama31_70b,h100_sxm,ANALYTICAL,decode,4.5414,3.0663600000000004,1.4810394082886549,3.0663600000000004,3.066,0.00011740304465248112,356.738,17.599,56.82,196.247,196.247,1,1,1,5.046,tp8pp1dp1etp1ep1,60,60,1,3.333,tp8pp1dp1etp1ep1,16
llama31_70b__h100_sxm__analytical,llama31_70b,h100_sxm,ANALYTICAL,prefill,4.5414,5.0038800000000005,0.9075757212403175,4.5414,4.541,8.80785660809345e-05,356.738,12.937,77.297,145.325,145.325,1,1,1,5.046,tp8pp1dp1etp1ep1,24,24,3,1.813,tp8pp1dp1etp1ep1,32
llama31_70b__h100_sxm__analytical,llama31_70b,h100_sxm,ANALYTICAL,decode,4.5414,3.61284,1.2570166406483543,3.61284,3.613,4.428648929932132e-05,356.738,11.946,83.708,115.611,115.611,1,1,1,5.046,tp8pp1dp1etp1ep1,16,16,3,1.309,tp8pp1dp1etp1ep1,32
llama31_70b__h100_sxm__analytical,llama31_70b,h100_sxm,ANALYTICAL,decode,4.5414,1.97892,2.29488812079316,1.97892,1.979,4.042609099917127e-05,356.738,10.912,91.642,63.325,63.325,1,1,1,5.046,tp8pp1dp1etp1ep1,8,8,3,0.717,tp8pp1dp1etp1ep1,32
llama31_70b__h200_sxm__silicon,llama31_70b,h200_sxm,SILICON,prefill,14.9175,15.033720000000002,0.9922693784372729,14.9175,14.918,3.351768057642599e-05,543.031,47.38,21.106,477.36,477.36,1,1,5,3.315,tp4pp1dp1etp1ep1,264,264,3,5.447,tp4pp1dp1etp1ep1,32
llama31_70b__h200_sxm__silicon,llama31_70b,h200_sxm,SILICON,decode,14.9175,14.88468,1.0022049516684268,14.88468,14.885,2.1498614683037864e-05,543.031,44.948,22.248,476.31,476.31,1,1,5,3.315,tp4pp1dp1etp1ep1,248,248,3,5.393,tp4pp1dp1etp1ep1,32
llama31_70b__h200_sxm__silicon,llama31_70b,h200_sxm,SILICON,decode,14.9175,14.214000000000002,1.0494934571549175,14.214000000000002,14.214,1.249723399043373e-16,543.031,39.481,25.329,454.848,454.848,1,1,5,3.315,tp4pp1dp1etp1ep1,208,208,3,5.15,tp4pp1dp1etp1ep1,32
llama31_70b__h200_sxm__silicon,llama31_70b,h200_sxm,SILICON,prefill,1.692,1.73788,0.9736000184132391,1.692,1.692,0.0,957.647,39.338,25.421,433.152,433.152,1,1,1,1.88,tp2pp1dp1etp1ep1,76,76,1,1.889,tp2pp1dp1etp1ep1,4
llama31_70b__h200_sxm__silicon,llama31_70b,h200_sxm,SILICON,decode,14.9175,13.28664,1.1227443507162083,13.28664,13.287,2.7094886291837672e-05,543.031,34.114,29.313,425.172,425.172,1,1,5,3.315,tp4pp1dp1etp1ep1,168,168,3,4.814,tp4pp1dp1etp1ep1,32
llama31_70b__h200_sxm__silicon,llama31_70b,h200_sxm,SILICON,decode,14.9175,12.26268,1.2164959046472714,12.26268,12.263,2.6095437538965386e-05,543.031,29.92,33.422,392.406,392.406,1,1,5,3.315,tp4pp1dp1etp1ep1,136,136,3,4.443,tp4pp1dp1etp1ep1,32
llama31_70b__h200_sxm__silicon,llama31_70b,h200_sxm,SILICON,prefill,2.9835,3.3782400000000004,0.8831521739130433,2.9835,2.984,0.0001675884028825765,543.031,24.488,40.836,381.888,381.888,1,1,1,3.315,tp4pp1dp1etp1ep1,92,92,1,3.672,tp4pp1dp1etp1ep1,8
llama31_70b__h200_sxm__silicon,llama31_70b,h200_sxm,SILICON,prefill,4.8564,5.569680000000001,0.8719351919679406,4.8564,4.856,8.236553825878345e-05,333.594,16.792,59.554,310.81,310.81,1,1,1,5.396,tp8pp1dp1etp1ep1,104,104,1,6.054,tp8pp1dp1etp1ep1,16
llama31_70b__h200_sxm__silicon,llama31_70b,h200_sxm,SILICON,decode,4.8564,4.70028,1.033215042508106,4.70028,4.7,5.9570919179295267e-05,333.594,15.306,65.333,300.818,300.818,1,1,1,5.396,tp8pp1dp1etp1ep1,80,80,1,5.109,tp8pp1dp1etp1ep1,16
llama31_70b__h200_sxm__silicon,llama31_70b,h200_sxm,SILICON,decode,4.8564,4.37,1.111304347826087,4.37,4.37,0.0,333.594,14.816,67.496,279.68,279.68,1,1,1,5.396,tp8pp1dp1etp1ep1,72,72,1,4.75,tp8pp1dp1etp1ep1,16
llama31_70b__h200_sxm__silicon,llama31_70b,h200_sxm,SILICON,decode,4.8564,3.66252,1.3259722813800332,3.66252,3.663,0.0001310573048064152,333.594,13.751,72.722,234.401,234.401,1,1,1,5.396,tp8pp1dp1etp1ep1,56,56,1,3.981,tp8pp1dp1etp1ep1,16
llama31_70b__h200_sxm__silicon,llama31_70b,h200_sxm,SILICON,prefill,4.8564,5.6230400000000005,0.8636609378556794,4.8564,4.856,8.236553825878345e-05,333.594,12.795,78.157,207.206,155.40449999999998,1,1,1,5.396,tp8pp1dp1etp1ep1,40,40,2,3.056,tp8pp1dp1etp1ep1,24
llama31_70b__h200_sxm__silicon,llama31_70b,h200_sxm,SILICON,decode,4.8564,4.50432,1.0781649616368287,4.50432,4.504,7.104290991766128e-05,333.594,11.978,83.49,192.184,144.138,1,1,1,5.396,tp8pp1dp1etp1ep1,30,30,2,2.448,tp8pp1dp1etp1ep1,24
llama31_70b__h200_sxm__silicon,llama31_70b,h200_sxm,SILICON,decode,4.8564,3.9909600000000003,1.2168500811834746,3.9909600000000003,3.991,1.0022651191647612e-05,333.594,10.813,92.484,127.711,127.711,1,1,1,5.396,tp8pp1dp1etp1ep1,16,16,3,1.446,tp8pp1dp1etp1ep1,32
llama31_70b__h200_sxm__silicon,llama31_70b,h200_sxm,SILICON,decode,4.8564,2.97252,1.6337652900569215,2.97252,2.973,0.00016147914900489684,333.594,9.984,100.157,95.121,95.121,1,1,1,5.396,tp8pp1dp1etp1ep1,11,11,3,1.077,tp8pp1dp1etp1ep1,32
llama31_70b__h200_sxm__silicon,llama31_70b,h200_sxm,SILICON,decode,4.8564,0.90528,5.364528101802757,0.90528,0.905,0.00030929657122652325,333.594,8.936,111.911,28.969,28.969,1,1,1,5.396,tp8pp1dp1etp1ep1,3,3,3,0.328,tp8pp1dp1etp1ep1,32
llama31_70b__h200_sxm__empirical,llama31_70b,h200_sxm,EMPIRICAL,decode,16.479,15.67128,1.0515414184418885,15.67128,15.671,1.7867079140954536e-05,491.546,45.45,22.002,501.481,501.481,1,1,5,3.662,tp4pp1dp1etp1ep1,264,264,3,5.678,tp4pp1dp1etp1ep1,32
llama31_70b__h200_sxm__empirical,llama31_70b,h200_sxm,EMPIRICAL,decode,16.479,15.663,1.0520972993679372,15.663,15.663,0.0,491.546,44.096,22.678,501.216,501.216,1,1,5,3.662,tp4pp1dp1etp1ep1,256,256,3,5.675,tp4pp1dp1etp1ep1,32
llama31_70b__h200_sxm__empirical,llama31_70b,h200_sxm,EMPIRICAL,decode,16.479,15.59676,1.0565655943926815,15.59676,15.597,1.5387811314644576e-05,491.546,38.745,25.81,499.096,499.096,1,1,5,3.662,tp4pp1dp1etp1ep1,224,224,3,5.651,tp4pp1dp1etp1ep1,32
llama31_70b__h200_sxm__empirical,llama31_70b,h200_sxm,EMPIRICAL,decode,16.479,15.039240000000001,1.0957335610044123,15.039240000000001,15.039,1.595825320970822e-05,491.546,34.446,29.031,481.256,481.256,1,1,5,3.662,tp4pp1dp1etp1ep1,192,192,3,5.449,tp4pp1dp1etp1ep1,32
llama31_70b__h200_sxm__empirical,llama31_70b,h200_sxm,EMPIRICAL,decode,16.479,13.91592,1.1841832951037372,13.91592,13.916,5.74881143327384e-06,491.546,29.469,33.934,445.309,445.309,1,1,5,3.662,tp4pp1dp1etp1ep1,152,152,3,5.042,tp4pp1dp1etp1ep1,32
llama31_70b__h200_sxm__empirical,llama31_70b,h200_sxm,EMPIRICAL,decode,3.2958,3.1077600000000003,1.060506602826473,3.1077600000000003,3.108,7.72260406208317e-05,491.546,18.518,54.0,397.793,397.793,1,1,1,3.662,tp4pp1dp1etp1ep1,64,64,1,3.378,tp4pp1dp1etp1ep1,8
llama31_70b__h200_sxm__empirical,llama31_70b,h200_sxm,EMPIRICAL,decode,3.2958,2.87408,1.1467321716862438,2.87408,2.874,2.7834994154679062e-05,491.546,17.523,57.068,367.882,367.882,1,1,1,3.662,tp4pp1dp1etp1ep1,56,56,1,3.124,tp4pp1dp1etp1ep1,8
llama31_70b__h200_sxm__empirical,llama31_70b,h200_sxm,EMPIRICAL,decode,3.2958,2.61188,1.2618497021302661,2.61188,2.612,4.594391779097736e-05,491.546,16.527,60.505,334.321,334.321,1,1,1,3.662,tp4pp1dp1etp1ep1,48,48,1,2.839,tp4pp1dp1etp1ep1,8
llama31_70b__h200_sxm__empirical,llama31_70b,h200_sxm,EMPIRICAL,prefill,5.094,5.18144,0.9831243824110673,5.094,5.094,0.0,318.049,9.719,102.889,326.016,326.016,1,1,1,5.66,tp8pp1dp1etp1ep1,56,56,1,5.632,tp8pp1dp1etp1ep1,16
llama31_70b__h200_sxm__empirical,llama31_70b,h200_sxm,EMPIRICAL,decode,5.094,4.47028,1.1395259357355692,4.47028,4.47,6.263589752768462e-05,318.049,8.851,112.982,286.098,286.098,1,1,1,5.66,tp8pp1dp1etp1ep1,44,44,1,4.859,tp8pp1dp1etp1ep1,16
llama31_70b__h200_sxm__empirical,llama31_70b,h200_sxm,EMPIRICAL,decode,5.094,3.60456,1.4132099340834943,3.60456,3.605,0.00012206760325803257,318.049,7.983,125.269,230.692,230.692,1,1,1,5.66,tp8pp1dp1etp1ep1,32,32,1,3.918,tp8pp1dp1etp1ep1,16
llama31_70b__h200_sxm__empirical,llama31_70b,h200_sxm,EMPIRICAL,decode,5.094,4.64416,1.0968614345758976,4.64416,4.644,3.4451870736615446e-05,318.049,6.97,143.473,198.151,148.61325,1,1,1,5.66,tp8pp1dp1etp1ep1,18,18,2,2.524,tp8pp1dp1etp1ep1,24
llama31_70b__h200_sxm__empirical,llama31_70b,h200_sxm,EMPIRICAL,decode,5.094,1.81056,2.8134941675503713,1.81056,1.811,0.00024301873453516922,318.049,5.957,167.868,57.938,57.938,1,1,1,5.66,tp8pp1dp1etp1ep1,4,4,3,0.656,tp8pp1dp1etp1ep1,32
llama31_70b__h200_sxm__analytical,llama31_70b,h200_sxm,ANALYTICAL,prefill,13.1796,13.372200000000001,0.985596984789339,13.1796,13.18,3.0349934747569556e-05,860.364,53.257,18.777,421.747,421.747,1,1,7,2.092,tp2pp1dp1etp1ep1,88,88,9,1.615,tp2pp1dp1etp1ep1,32
llama31_70b__h200_sxm__analytical,llama31_70b,h200_sxm,ANALYTICAL,prefill,3.1779,3.31752,0.9579143456557911,3.1779,3.178,3.1467321186874015e-05,509.836,39.039,25.615,406.771,406.771,1,1,1,3.531,tp4pp1dp1etp1ep1,144,144,1,3.606,tp4pp1dp1etp1ep1,8
llama31_70b__h200_sxm__analytical,llama31_70b,h200_sxm,ANALYTICAL,decode,3.1779,3.1142,1.0204546914135253,3.1142,3.114,6.422195106286622e-05,509.836,34.651,28.86,398.618,398.618,1,1,1,3.531,tp4pp1dp1etp1ep1,120,120,1,3.385,tp4pp1dp1etp1ep1,8
llama31_70b__h200_sxm__analytical,llama31_70b,h200_sxm,ANALYTICAL,decode,3.1779,2.8014,1.1343970871707003,2.8014,2.801,0.00014278574998213606,509.836,29.531,33.863,358.579,358.579,1,1,1,3.531,tp4pp1dp1etp1ep1,92,92,1,3.045,tp4pp1dp1etp1ep1,8
llama31_70b__h200_sxm__analytical,llama31_70b,h200_sxm,ANALYTICAL,prefill,4.842,4.87324,0.9935894805098866,4.842,4.842,0.0,334.573,16.977,58.903,309.888,309.888,1,1,1,5.38,tp8pp1dp1etp1ep1,92,92,1,5.297,tp8pp1dp1etp1ep1,16
llama31_70b__h200_sxm__analytical,llama31_70b,h200_sxm,ANALYTICAL,decode,4.842,4.5659600000000005,1.0604560705744244,4.5659600000000005,4.566,8.760479723732548e-06,334.573,15.758,63.459,292.221,292.221,1,1,1,5.38,tp8pp1dp1etp1ep1,80,80,1,4.963,tp8pp1dp1etp1ep1,16
llama31_70b__h200_sxm__analytical,llama31_70b,h200_sxm,ANALYTICAL,decode,4.842,4.33228,1.1176562918370927,4.33228,4.332,6.463109494309185e-05,334.573,14.945,66.91,277.266,277.266,1,1,1,5.38,tp8pp1dp1etp1ep1,72,72,1,4.709,tp8pp1dp1etp1ep1,16
llama31_70b__h200_sxm__analytical,llama31_70b,h200_sxm,ANALYTICAL,decode,4.842,3.9311599999999998,1.2316975142197213,3.9311599999999998,3.931,4.070045482751044e-05,334.573,13.726,72.852,251.594,251.594,1,1,1,5.38,tp8pp1dp1etp1ep1,60,60,1,4.273,tp8pp1dp1etp1ep1,16
llama31_70b__h200_sxm__analytical,llama31_70b,h200_sxm,ANALYTICAL,decode,4.842,3.62112,1.3371553552492046,3.62112,3.621,3.313891834567702e-05,334.573,12.914,77.437,231.752,231.752,1,1,1,5.38,tp8pp1dp1etp1ep1,52,52,1,3.936,tp8pp1dp1etp1ep1,16
llama31_70b__h200_sxm__analytical,llama31_70b,h200_sxm,ANALYTICAL,prefill,4.842,5.28816,0.9156303893982026,4.842,4.842,0.0,334.573,10.882,91.894,206.592,154.94400000000002,1,1,1,5.38,tp8pp1dp1etp1ep1,32,32,2,2.874,tp8pp1dp1etp1ep1,24
llama31_70b__h200_sxm__analytical,llama31_70b,h200_sxm,ANALYTICAL,decode,4.842,4.0112000000000005,1.2071200638213002,4.0112000000000005,4.011,4.986039090556991e-05,334.573,9.866,101.355,171.145,128.35875,1,1,1,5.38,tp8pp1dp1etp1ep1,22,22,2,2.18,tp8pp1dp1etp1ep1,24
llama31_70b__h200_sxm__analytical,llama31_70b,h200_sxm,ANALYTICAL,decode,4.842,3.9026400000000003,1.2406986040218926,3.9026400000000003,3.903,9.224524936957902e-05,334.573,8.987,111.274,124.884,124.884,1,1,1,5.38,tp8pp1dp1etp1ep1,13,13,3,1.414,tp8pp1dp1etp1ep1,32
llama31_70b__h200_sxm__analytical,llama31_70b,h200_sxm,ANALYTICAL,decode,4.842,1.01292,4.780239308138846,1.01292,1.013,7.897958377745326e-05,334.573,7.982,125.283,32.413,32.413,1,1,1,5.38,tp8pp1dp1etp1ep1,3,3,3,0.367,tp8pp1dp1etp1ep1,32
llama31_70b__b200_sxm__silicon,llama31_70b,b200_sxm,SILICON,prefill,5.7222,5.796,0.9872670807453415,5.7222,5.722,3.495159204493619e-05,283.111,24.824,40.284,732.442,732.442,1,1,1,6.358,tp4pp1dp1etp1ep1,160,160,1,6.3,tp4pp1dp1etp1ep1,8
llama31_70b__b200_sxm__silicon,llama31_70b,b200_sxm,SILICON,decode,5.7222,4.87692,1.17332250682808,4.87692,4.877,1.640379583828234e-05,283.111,19.916,50.212,624.246,624.246,1,1,1,6.358,tp4pp1dp1etp1ep1,108,108,1,5.301,tp4pp1dp1etp1ep1,8
llama31_70b__b200_sxm__silicon,llama31_70b,b200_sxm,SILICON,decode,5.7222,4.608280000000001,1.241721423177411,4.608280000000001,4.608,6.076019686324314e-05,283.111,18.733,53.382,589.86,589.86,1,1,1,6.358,tp4pp1dp1etp1ep1,96,96,1,5.009,tp4pp1dp1etp1ep1,8
llama31_70b__b200_sxm__silicon,llama31_70b,b200_sxm,SILICON,prefill,17.1666,18.1056,0.9481375927889714,17.1666,17.167,2.330106136349775e-05,283.111,15.896,62.907,549.331,549.331,1,1,3,6.358,tp4pp1dp1etp1ep1,64,64,5,3.936,tp4pp1dp1etp1ep1,32
llama31_70b__b200_sxm__silicon,llama31_70b,b200_sxm,SILICON,prefill,7.590599999999999,7.7160400000000005,0.9837429562314346,7.590599999999999,7.591,5.2696756514747736e-05,213.431,14.919,67.027,485.798,485.798,1,1,1,8.434,tp8pp1dp1etp1ep1,128,128,1,8.387,tp8pp1dp1etp1ep1,16
llama31_70b__b200_sxm__silicon,llama31_70b,b200_sxm,SILICON,decode,7.590599999999999,5.961600000000001,1.2732487922705311,5.961600000000001,5.962,6.709608158867883e-05,213.431,13.877,72.06,381.542,381.542,1,1,1,8.434,tp8pp1dp1etp1ep1,92,92,1,6.48,tp8pp1dp1etp1ep1,16
llama31_70b__b200_sxm__silicon,llama31_70b,b200_sxm,SILICON,prefill,5.7222,5.83464,0.980728888157624,5.7222,5.722,3.495159204493619e-05,283.111,12.949,77.226,366.221,366.221,1,1,1,6.358,tp4pp1dp1etp1ep1,28,28,3,2.114,tp4pp1dp1etp1ep1,16
llama31_70b__b200_sxm__silicon,llama31_70b,b200_sxm,SILICON,decode,5.7222,5.0038800000000005,1.1435526031799323,5.0038800000000005,5.004,2.398139044081988e-05,283.111,11.86,84.319,320.248,320.248,1,1,1,6.358,tp4pp1dp1etp1ep1,22,22,3,1.813,tp4pp1dp1etp1ep1,16
llama31_70b__b200_sxm__silicon,llama31_70b,b200_sxm,SILICON,decode,5.7222,4.126200000000001,1.3867965682710481,4.126200000000001,4.126,4.847074790374243e-05,283.111,10.461,95.595,264.077,264.077,1,1,1,6.358,tp4pp1dp1etp1ep1,16,16,3,1.495,tp4pp1dp1etp1ep1,16
llama31_70b__b200_sxm__silicon,llama31_70b,b200_sxm,SILICON,decode,5.7222,4.42428,1.2933629878759934,4.42428,4.424,6.328713372572666e-05,283.111,9.962,100.38,141.577,141.577,1,1,1,6.358,tp4pp1dp1etp1ep1,7,7,7,0.687,tp4pp1dp1etp1ep1,32
llama31_70b__b200_sxm__silicon,llama31_70b,b200_sxm,SILICON,decode,7.590599999999999,3.8446800000000003,1.974312556571678,3.8446800000000003,3.845,8.323189446192555e-05,213.431,9.825,101.78,123.03,123.03,1,1,1,8.434,tp8pp1dp1etp1ep1,14,14,3,1.393,tp8pp1dp1etp1ep1,32
llama31_70b__b200_sxm__silicon,llama31_70b,b200_sxm,SILICON,decode,7.590599999999999,3.3754800000000005,2.2487468448931702,3.3754800000000005,3.375,0.00014220199793821321,213.431,8.793,113.724,108.015,108.015,1,1,1,8.434,tp8pp1dp1etp1ep1,11,11,3,1.223,tp8pp1dp1etp1ep1,32
llama31_70b__b200_sxm__silicon,llama31_70b,b200_sxm,SILICON,decode,7.590599999999999,3.0498000000000003,2.488884517017509,3.0498000000000003,3.05,6.557807069300737e-05,213.431,7.962,125.603,97.594,97.594,1,1,1,8.434,tp8pp1dp1etp1ep1,9,9,3,1.105,tp8pp1dp1etp1ep1,32
llama31_70b__b200_sxm__empirical,llama31_70b,b200_sxm,EMPIRICAL,decode,4.261500000000001,3.93852,1.0820054233569971,3.93852,3.939,0.00012187319094483104,380.128,31.056,32.199,1008.261,1008.261,1,1,1,4.735,tp2pp1dp1etp1ep1,136,136,1,4.281,tp2pp1dp1etp1ep1,4
llama31_70b__b200_sxm__empirical,llama31_70b,b200_sxm,EMPIRICAL,decode,4.261500000000001,3.8419200000000004,1.109211019490255,3.8419200000000004,3.842,2.0822921872302367e-05,380.128,29.965,33.372,983.532,983.532,1,1,1,4.735,tp2pp1dp1etp1ep1,128,128,1,4.176,tp2pp1dp1etp1ep1,4
llama31_70b__b200_sxm__empirical,llama31_70b,b200_sxm,EMPIRICAL,decode,29.830500000000004,29.0628,1.02641521119782,29.0628,29.063,6.881649393710651e-06,380.128,24.51,40.799,930.01,930.01,1,1,7,4.735,tp2pp1dp1etp1ep1,88,88,9,3.51,tp2pp1dp1etp1ep1,32
llama31_70b__b200_sxm__empirical,llama31_70b,b200_sxm,EMPIRICAL,decode,7.0992,6.77212,1.048298021889748,6.77212,6.772,1.7719709633009745e-05,228.191,14.874,67.23,866.831,866.831,1,1,1,7.888,tp4pp1dp1etp1ep1,112,112,1,7.361,tp4pp1dp1etp1ep1,8
llama31_70b__b200_sxm__empirical,llama31_70b,b200_sxm,EMPIRICAL,decode,7.0992,6.42712,1.1045693872216482,6.42712,6.427,1.8670882137067012e-05,228.191,13.993,71.467,822.671,822.671,1,1,1,7.888,tp4pp1dp1etp1ep1,100,100,1,6.986,tp4pp1dp1etp1ep1,8
llama31_70b__b200_sxm__empirical,llama31_70b,b200_sxm,EMPIRICAL,decode,7.0992,5.89352,1.2045772305854565,5.89352,5.894,8.144538408293857e-05,228.191,12.817,78.022,754.371,754.371,1,1,1,7.888,tp4pp1dp1etp1ep1,84,84,1,6.406,tp4pp1dp1etp1ep1,8
llama31_70b__b200_sxm__empirical,llama31_70b,b200_sxm,EMPIRICAL,prefill,21.297600000000003,23.4048,0.9099671862182117,21.297600000000003,21.298,1.8781458943520162e-05,228.191,10.76,92.94,681.523,681.523,1,1,3,7.888,tp4pp1dp1etp1ep1,56,56,5,5.088,tp4pp1dp1etp1ep1,32
llama31_70b__b200_sxm__empirical,llama31_70b,b200_sxm,EMPIRICAL,prefill,10.6425,11.362,0.9366748811828903,10.6425,10.642,4.698144233033696e-05,152.224,7.915,126.337,681.12,681.12,1,1,1,11.825,tp8pp1dp1etp1ep1,100,100,1,12.35,tp8pp1dp1etp1ep1,16
llama31_70b__b200_sxm__empirical,llama31_70b,b200_sxm,EMPIRICAL,decode,10.6425,9.895520000000001,1.0754866848836644,9.895520000000001,9.896,4.850679903629034e-05,152.224,6.907,144.785,633.313,633.313,1,1,1,11.825,tp8pp1dp1etp1ep1,76,76,1,10.756,tp8pp1dp1etp1ep1,16
llama31_70b__b200_sxm__empirical,llama31_70b,b200_sxm,EMPIRICAL,decode,10.6425,7.928560000000001,1.3422992321430371,7.928560000000001,7.929,5.549557548903329e-05,152.224,5.898,169.543,507.428,507.428,1,1,1,11.825,tp8pp1dp1etp1ep1,52,52,1,8.618,tp8pp1dp1etp1ep1,16
llama31_70b__b200_sxm__empirical,llama31_70b,b200_sxm,EMPIRICAL,prefill,10.6425,10.84864,0.98099853990915,10.6425,10.642,4.698144233033696e-05,152.224,4.974,201.059,454.08,340.56,1,1,1,11.825,tp8pp1dp1etp1ep1,30,30,2,5.896,tp8pp1dp1etp1ep1,24
llama31_70b__b200_sxm__empirical,llama31_70b,b200_sxm,EMPIRICAL,decode,10.6425,4.08204,2.607152306199841,4.08204,4.082,9.799022057662846e-06,152.224,3.965,252.201,130.625,130.625,1,1,1,11.825,tp8pp1dp1etp1ep1,6,6,3,1.479,tp8pp1dp1etp1ep1,32
llama31_70b__b200_sxm__analytical,llama31_70b,b200_sxm,ANALYTICAL,prefill,25.9875,26.065440000000002,0.9970098337108446,25.9875,25.988,1.92400192399744e-05,436.41,39.752,25.156,831.6,831.6,1,1,7,4.125,tp2pp1dp1etp1ep1,128,128,9,3.148,tp2pp1dp1etp1ep1,32
llama31_70b__b200_sxm__analytical,llama31_70b,b200_sxm,ANALYTICAL,decode,6.1974,6.14928,1.007825306377332,6.14928,6.149,4.5533786069272824e-05,261.41,29.249,34.189,787.108,787.108,1,1,1,6.886,tp4pp1dp1etp1ep1,200,200,1,6.684,tp4pp1dp1etp1ep1,8
llama31_70b__b200_sxm__analytical,llama31_70b,b200_sxm,ANALYTICAL,decode,6.1974,4.911880000000001,1.2617164914452306,4.911880000000001,4.912,2.4430564264397697e-05,261.41,19.772,50.577,628.721,628.721,1,1,1,6.886,tp4pp1dp1etp1ep1,108,108,1,5.339,tp4pp1dp1etp1ep1,8
llama31_70b__b200_sxm__analytical,llama31_70b,b200_sxm,ANALYTICAL,prefill,9.315,9.396880000000001,0.9912864695515957,9.315,9.315,0.0,173.911,13.781,72.563,596.16,596.16,1,1,1,10.35,tp8pp1dp1etp1ep1,144,144,1,10.214,tp8pp1dp1etp1ep1,16
llama31_70b__b200_sxm__analytical,llama31_70b,b200_sxm,ANALYTICAL,decode,9.315,8.942400000000001,1.0416666666666665,8.942400000000001,8.942,4.4730721059317866e-05,173.911,12.872,77.687,572.314,572.314,1,1,1,10.35,tp8pp1dp1etp1ep1,128,128,1,9.72,tp8pp1dp1etp1ep1,16
llama31_70b__b200_sxm__analytical,llama31_70b,b200_sxm,ANALYTICAL,decode,9.315,8.419839999999999,1.1063155594405596,8.419839999999999,8.42,1.9002736394165236e-05,173.911,11.963,83.59,538.87,538.87,1,1,1,10.35,tp8pp1dp1etp1ep1,112,112,1,9.152,tp8pp1dp1etp1ep1,16
llama31_70b__b200_sxm__analytical,llama31_70b,b200_sxm,ANALYTICAL,decode,9.315,7.64152,1.2189983144714664,7.64152,7.642,6.281472795994514e-05,173.911,10.827,92.362,489.057,489.057,1,1,1,10.35,tp8pp1dp1etp1ep1,92,92,1,8.306,tp8pp1dp1etp1ep1,16
llama31_70b__b200_sxm__analytical,llama31_70b,b200_sxm,ANALYTICAL,decode,9.315,6.89172,1.3516219463356025,6.89172,6.892,4.0628464302098455e-05,173.911,9.918,100.826,441.07,441.07,1,1,1,10.35,tp8pp1dp1etp1ep1,76,76,1,7.491,tp8pp1dp1etp1ep1,16
llama31_70b__b200_sxm__analytical,llama31_70b,b200_sxm,ANALYTICAL,prefill,9.315,11.46872,0.8122092090486123,9.315,9.315,0.0,173.911,8.782,113.871,397.44,298.08,1,1,1,10.35,tp8pp1dp1etp1ep1,56,56,2,6.233,tp8pp1dp1etp1ep1,24
llama31_70b__b200_sxm__analytical,llama31_70b,b200_sxm,ANALYTICAL,decode,9.315,9.298440000000001,1.001780943900267,9.298440000000001,9.298,4.731976546615412e-05,173.911,6.964,143.596,297.55,297.55,1,1,1,10.35,tp8pp1dp1etp1ep1,24,24,3,3.369,tp8pp1dp1etp1ep1,32
llama31_70b__b200_sxm__analytical,llama31_70b,b200_sxm,ANALYTICAL,decode,9.315,2.7048,3.443877551020408,2.7048,2.705,7.394262052646331e-05,173.911,5.983,167.144,86.554,86.554,1,1,1,10.35,tp8pp1dp1etp1ep1,6,6,3,0.98,tp8pp1dp1etp1ep1,32
llama31_70b__b300_sxm__silicon,llama31_70b,b300_sxm,SILICON,decode,33.0642,29.598239999999997,1.1171002059581923,29.598239999999997,29.598,8.108590240433876e-06,440.928,52.749,18.958,947.144,947.144,1,1,9,4.082,tp2pp1dp1etp1ep1,248,248,7,4.596,tp2pp1dp1etp1ep1,32
llama31_70b__b300_sxm__silicon,llama31_70b,b300_sxm,SILICON,prefill,3.6738,3.7379599999999997,0.9828355573628397,3.6738,3.674,5.443954488539876e-05,440.928,44.274,22.587,940.493,940.493,1,1,1,4.082,tp2pp1dp1etp1ep1,184,184,1,4.063,tp2pp1dp1etp1ep1,4
llama31_70b__b300_sxm__silicon,llama31_70b,b300_sxm,SILICON,prefill,25.7166,25.98264,0.9897608557098124,25.7166,25.717,1.5554155681507965e-05,440.928,29.909,33.435,822.931,822.931,1,1,7,4.082,tp2pp1dp1etp1ep1,96,96,9,3.138,tp2pp1dp1etp1ep1,32
llama31_70b__b300_sxm__silicon,llama31_70b,b300_sxm,SILICON,prefill,11.0214,11.6564,0.9455234892419615,11.0214,11.021,3.629302992351859e-05,440.928,24.686,40.509,705.37,705.37,1,1,3,4.082,tp2pp1dp1etp1ep1,64,64,5,2.534,tp2pp1dp1etp1ep1,16
llama31_70b__b300_sxm__silicon,llama31_70b,b300_sxm,SILICON,decode,6.318,4.911880000000001,1.2862692085311527,4.911880000000001,4.912,2.4430564264397697e-05,256.403,19.775,50.568,628.721,628.721,1,1,1,7.02,tp4pp1dp1etp1ep1,108,108,1,5.339,tp4pp1dp1etp1ep1,8
llama31_70b__b300_sxm__silicon,llama31_70b,b300_sxm,SILICON,prefill,18.954,19.1038,0.9921586281263414,18.954,18.954,0.0,256.403,16.948,59.004,606.528,606.528,1,1,3,7.02,tp4pp1dp1etp1ep1,72,72,5,4.153,tp4pp1dp1etp1ep1,32
llama31_70b__b300_sxm__silicon,llama31_70b,b300_sxm,SILICON,decode,18.954,18.216,1.0405138339920947,18.216,18.216,0.0,256.403,15.8,63.291,582.912,582.912,1,1,3,7.02,tp4pp1dp1etp1ep1,64,64,5,3.96,tp4pp1dp1etp1ep1,32
llama31_70b__b300_sxm__silicon,llama31_70b,b300_sxm,SILICON,decode,8.1927,7.44556,1.10034705247154,7.44556,7.446,5.909562208877906e-05,197.739,14.977,66.769,476.516,476.516,1,1,1,9.103,tp8pp1dp1etp1ep1,124,124,1,8.093,tp8pp1dp1etp1ep1,16
llama31_70b__b300_sxm__silicon,llama31_70b,b300_sxm,SILICON,decode,6.318,6.2845200000000006,1.0053273758377728,6.2845200000000006,6.285,7.637814821173166e-05,256.403,13.735,72.806,402.209,402.209,1,1,1,7.02,tp4pp1dp1etp1ep1,32,32,3,2.277,tp4pp1dp1etp1ep1,16
llama31_70b__b300_sxm__silicon,llama31_70b,b300_sxm,SILICON,decode,6.318,5.8125599999999995,1.0869565217391304,5.8125599999999995,5.813,7.569814333103108e-05,256.403,12.997,76.938,372.004,372.004,1,1,1,7.02,tp4pp1dp1etp1ep1,28,28,3,2.106,tp4pp1dp1etp1ep1,16
llama31_70b__b300_sxm__silicon,llama31_70b,b300_sxm,SILICON,decode,6.318,4.99284,1.2654120700843607,4.99284,4.993,3.20458897141026e-05,256.403,11.891,84.098,319.542,319.542,1,1,1,7.02,tp4pp1dp1etp1ep1,22,22,3,1.809,tp4pp1dp1etp1ep1,16
llama31_70b__b300_sxm__silicon,llama31_70b,b300_sxm,SILICON,prefill,6.318,6.771199999999999,0.9330694706994329,6.318,6.318,0.0,256.403,10.626,94.112,269.568,202.176,1,1,1,7.02,tp4pp1dp1etp1ep1,16,16,5,1.472,tp4pp1dp1etp1ep1,24
llama31_70b__b300_sxm__silicon,llama31_70b,b300_sxm,SILICON,decode,6.318,3.7996,1.662806611222234,3.7996,3.8,0.00010527423939360879,256.403,9.947,100.536,121.587,121.587,1,1,1,7.02,tp4pp1dp1etp1ep1,6,6,7,0.59,tp4pp1dp1etp1ep1,32
llama31_70b__b300_sxm__silicon,llama31_70b,b300_sxm,SILICON,decode,8.1927,3.3810000000000002,2.4231588287488908,3.3810000000000002,3.381,1.313484796953749e-16,197.739,8.776,113.941,108.192,108.192,1,1,1,9.103,tp8pp1dp1etp1ep1,11,11,3,1.225,tp8pp1dp1etp1ep1,32
llama31_70b__b300_sxm__silicon,llama31_70b,b300_sxm,SILICON,decode,8.1927,3.0774,2.662214856697212,3.0774,3.077,0.00012997985312275165,197.739,7.892,126.705,98.477,98.477,1,1,1,9.103,tp8pp1dp1etp1ep1,9,9,3,1.115,tp8pp1dp1etp1ep1,32
llama31_70b__b300_sxm__empirical,llama31_70b,b300_sxm,EMPIRICAL,prefill,4.2534,4.328600000000001,0.982627177378367,4.2534,4.253,9.404241312831051e-05,380.849,39.892,25.068,1088.87,1088.87,1,1,1,4.726,tp2pp1dp1etp1ep1,192,192,1,4.705,tp2pp1dp1etp1ep1,4
llama31_70b__b300_sxm__empirical,llama31_70b,b300_sxm,EMPIRICAL,decode,4.2534,3.9891200000000007,1.0662502005454835,3.9891200000000007,3.989,3.0081822557553075e-05,380.849,34.266,29.183,1021.215,1021.215,1,1,1,4.726,tp2pp1dp1etp1ep1,152,152,1,4.336,tp2pp1dp1etp1ep1,4
llama31_70b__b300_sxm__empirical,llama31_70b,b300_sxm,EMPIRICAL,prefill,29.7738,32.63148,0.9124256699359024,29.7738,29.774,6.717315223435836e-06,380.849,29.765,33.596,952.762,952.762,1,1,7,4.726,tp2pp1dp1etp1ep1,120,120,9,3.941,tp2pp1dp1etp1ep1,32
llama31_70b__b300_sxm__empirical,llama31_70b,b300_sxm,EMPIRICAL,prefill,7.081200000000001,7.304800000000001,0.9693899901434673,7.081200000000001,7.081,2.8243800485852968e-05,228.767,17.728,56.407,906.394,906.394,1,1,1,7.868,tp4pp1dp1etp1ep1,144,144,1,7.94,tp4pp1dp1etp1ep1,8
llama31_70b__b300_sxm__empirical,llama31_70b,b300_sxm,EMPIRICAL,decode,7.081200000000001,5.99748,1.1806958922747555,5.99748,5.997,8.003361411800956e-05,228.767,13.794,72.493,767.677,767.677,1,1,1,7.868,tp4pp1dp1etp1ep1,92,92,1,6.519,tp4pp1dp1etp1ep1,8
llama31_70b__b300_sxm__empirical,llama31_70b,b300_sxm,EMPIRICAL,prefill,21.2436,21.712,0.9784266764922623,21.2436,21.244,1.882920032381836e-05,228.767,10.768,92.866,679.795,679.795,1,1,3,7.868,tp4pp1dp1etp1ep1,52,52,5,4.72,tp4pp1dp1etp1ep1,32
llama31_70b__b300_sxm__empirical,llama31_70b,b300_sxm,EMPIRICAL,prefill,10.6074,10.858760000000002,0.9768518689058417,10.6074,10.607,3.770952354024965e-05,152.726,7.951,125.778,678.874,678.874,1,1,1,11.786,tp8pp1dp1etp1ep1,96,96,1,11.803,tp8pp1dp1etp1ep1,16
llama31_70b__b300_sxm__empirical,llama31_70b,b300_sxm,EMPIRICAL,decode,10.6074,9.363760000000001,1.1328141686672875,9.363760000000001,9.364,2.5630729535976565e-05,152.726,6.915,144.618,599.281,599.281,1,1,1,11.786,tp8pp1dp1etp1ep1,72,72,1,10.178,tp8pp1dp1etp1ep1,16
llama31_70b__b300_sxm__empirical,llama31_70b,b300_sxm,EMPIRICAL,decode,10.6074,7.34252,1.4446538790496994,7.34252,7.343,6.537265135125159e-05,152.726,5.879,170.096,469.921,469.921,1,1,1,11.786,tp8pp1dp1etp1ep1,48,48,1,7.981,tp8pp1dp1etp1ep1,16
llama31_70b__b300_sxm__empirical,llama31_70b,b300_sxm,EMPIRICAL,decode,10.6074,9.48704,1.1180937362970957,9.48704,9.487,4.2162782069288255e-06,152.726,4.93,202.857,404.78,303.585,1,1,1,11.786,tp8pp1dp1etp1ep1,26,26,2,5.156,tp8pp1dp1etp1ep1,24
llama31_70b__b300_sxm__empirical,llama31_70b,b300_sxm,EMPIRICAL,decode,10.6074,2.71032,3.913707606481892,2.71032,2.71,0.00011806723929273147,152.726,3.98,251.247,86.73,86.73,1,1,1,11.786,tp8pp1dp1etp1ep1,4,4,3,0.982,tp8pp1dp1etp1ep1,32
llama31_70b__b300_sxm__analytical,llama31_70b,b300_sxm,ANALYTICAL,decode,3.6954,3.44356,1.0731336175353412,3.44356,3.444,0.000127774744740842,438.419,64.769,15.44,881.551,881.551,1,1,1,4.106,tp2pp1dp1etp1ep1,248,248,1,3.743,tp2pp1dp1etp1ep1,4
llama31_70b__b300_sxm__analytical,llama31_70b,b300_sxm,ANALYTICAL,decode,3.6954,3.35984,1.0998738035144529,3.35984,3.36,4.762131530064406e-05,438.419,59.965,16.676,860.119,860.119,1,1,1,4.106,tp2pp1dp1etp1ep1,224,224,1,3.652,tp2pp1dp1etp1ep1,4
llama31_70b__b300_sxm__analytical,llama31_70b,b300_sxm,ANALYTICAL,prefill,25.8678,26.52084,0.9753763455456161,25.8678,25.868,7.73162000632191e-06,438.419,43.954,22.751,827.77,827.77,1,1,7,4.106,tp2pp1dp1etp1ep1,144,144,9,3.203,tp2pp1dp1etp1ep1,32
llama31_70b__b300_sxm__analytical,llama31_70b,b300_sxm,ANALYTICAL,decode,25.8678,25.12152,1.0297068011808201,25.12152,25.122,1.9107124091201163e-05,438.419,39.951,25.031,803.889,803.889,1,1,7,4.106,tp2pp1dp1etp1ep1,124,124,9,3.034,tp2pp1dp1etp1ep1,32
llama31_70b__b300_sxm__analytical,llama31_70b,b300_sxm,ANALYTICAL,decode,6.1659,6.01036,1.0258786495318084,6.01036,6.01,5.989657857442517e-05,262.741,29.927,33.414,769.326,769.326,1,1,1,6.851,tp4pp1dp1etp1ep1,200,200,1,6.533,tp4pp1dp1etp1ep1,8
llama31_70b__b300_sxm__analytical,llama31_70b,b300_sxm,ANALYTICAL,decode,6.1659,5.497,1.1216845552119337,5.497,5.497,0.0,262.741,24.867,40.213,703.616,703.616,1,1,1,6.851,tp4pp1dp1etp1ep1,152,152,1,5.975,tp4pp1dp1etp1ep1,8
llama31_70b__b300_sxm__analytical,llama31_70b,b300_sxm,ANALYTICAL,prefill,9.2628,9.600200000000001,0.9648548988562737,9.2628,9.263,2.159174331730512e-05,174.901,14.988,66.72,592.819,592.819,1,1,1,10.292,tp8pp1dp1etp1ep1,160,160,1,10.435,tp8pp1dp1etp1ep1,16
llama31_70b__b300_sxm__analytical,llama31_70b,b300_sxm,ANALYTICAL,decode,9.2628,8.99668,1.029579800548647,8.99668,8.997,3.556867644512421e-05,174.901,13.595,73.558,575.788,575.788,1,1,1,10.292,tp8pp1dp1etp1ep1,136,136,1,9.779,tp8pp1dp1etp1ep1,16
llama31_70b__b300_sxm__analytical,llama31_70b,b300_sxm,ANALYTICAL,decode,9.2628,8.64616,1.071319522192511,8.64616,8.646,1.850532490715784e-05,174.901,12.898,77.532,553.354,553.354,1,1,1,10.292,tp8pp1dp1etp1ep1,124,124,1,9.398,tp8pp1dp1etp1ep1,16
llama31_70b__b300_sxm__analytical,llama31_70b,b300_sxm,ANALYTICAL,decode,9.2628,8.1144,1.1415261756876665,8.1144,8.114,4.9295080350866085e-05,174.901,11.969,83.549,519.322,519.322,1,1,1,10.292,tp8pp1dp1etp1ep1,108,108,1,8.82,tp8pp1dp1etp1ep1,16
llama31_70b__b300_sxm__analytical,llama31_70b,b300_sxm,ANALYTICAL,decode,9.2628,7.32228,1.2650158147462267,7.32228,7.322,3.8239455470162025e-05,174.901,10.808,92.525,468.626,468.626,1,1,1,10.292,tp8pp1dp1etp1ep1,88,88,1,7.959,tp8pp1dp1etp1ep1,16
llama31_70b__b300_sxm__analytical,llama31_70b,b300_sxm,ANALYTICAL,decode,9.2628,6.55408,1.4132876010057858,6.55408,6.554,1.2206137245751642e-05,174.901,9.879,101.225,419.461,419.461,1,1,1,10.292,tp8pp1dp1etp1ep1,72,72,1,7.124,tp8pp1dp1etp1ep1,16
llama31_70b__b300_sxm__analytical,llama31_70b,b300_sxm,ANALYTICAL,prefill,9.2628,11.25344,0.8231083117695568,9.2628,9.263,2.159174331730512e-05,174.901,8.95,111.731,395.213,296.40975000000003,1,1,1,10.292,tp8pp1dp1etp1ep1,56,56,2,6.116,tp8pp1dp1etp1ep1,24
llama31_70b__b300_sxm__analytical,llama31_70b,b300_sxm,ANALYTICAL,decode,9.2628,8.50908,1.088578318690152,8.50908,8.509,9.401721455260039e-06,174.901,6.976,143.347,272.291,272.291,1,1,1,10.292,tp8pp1dp1etp1ep1,22,22,3,3.083,tp8pp1dp1etp1ep1,32
llama31_70b__b300_sxm__analytical,llama31_70b,b300_sxm,ANALYTICAL,decode,9.2628,1.8078,5.1237968801858615,1.8078,1.808,0.00011063170704722755,174.901,5.97,167.509,57.85,57.85,1,1,1,10.292,tp8pp1dp1etp1ep1,4,4,3,0.655,tp8pp1dp1etp1ep1,32
llama31_70b__rtx_pro_6000_server__silicon,llama31_70b,rtx_pro_6000_server,SILICON,prefill,1.5903,1.61,0.9877639751552795,1.5903,1.59,0.00018864365214108468,3054.908,89.306,11.197,101.779,101.779,1,1,3,0.589,tp2pp1dp1etp1ep1,32,32,5,0.35,tp2pp1dp1etp1ep1,16
llama31_70b__rtx_pro_6000_server__silicon,llama31_70b,rtx_pro_6000_server,SILICON,decode,2.6505,2.5300000000000002,1.0476284584980236,2.5300000000000002,2.53,1.7552933195654646e-16,3054.908,78.197,12.788,80.96,80.96,1,1,5,0.589,tp2pp1dp1etp1ep1,20,20,11,0.25,tp2pp1dp1etp1ep1,32
llama31_70b__rtx_pro_6000_server__silicon,llama31_70b,rtx_pro_6000_server,SILICON,decode,2.6505,2.24664,1.1797617775878644,2.24664,2.247,0.00016023929067393702,3054.908,70.403,14.204,71.892,71.892,1,1,5,0.589,tp2pp1dp1etp1ep1,16,16,11,0.222,tp2pp1dp1etp1ep1,32
llama31_70b__rtx_pro_6000_server__silicon,llama31_70b,rtx_pro_6000_server,SILICON,prefill,0.5301,0.54924,0.9651518461874592,0.5301,0.53,0.00018864365214108468,3054.908,68.943,14.505,67.853,67.853,1,1,1,0.589,tp2pp1dp1etp1ep1,14,14,3,0.199,tp2pp1dp1etp1ep1,8
llama31_70b__rtx_pro_6000_server__silicon,llama31_70b,rtx_pro_6000_server,SILICON,prefill,1.5903,1.6265600000000002,0.9777075545937437,1.5903,1.59,0.00018864365214108468,3054.908,64.511,15.501,50.89,50.89,1,1,3,0.589,tp2pp1dp1etp1ep1,9,9,13,0.136,tp2pp1dp1etp1ep1,32
llama31_70b__rtx_pro_6000_server__silicon,llama31_70b,rtx_pro_6000_server,SILICON,decode,0.4545,0.3956,1.1488877654196157,0.3956,0.396,0.0010111223458038711,3561.653,49.975,20.01,50.637,50.637,1,1,1,0.505,tp4pp1dp1etp1ep1,22,22,1,0.43,tp4pp1dp1etp1ep1,8
llama31_70b__rtx_pro_6000_server__silicon,llama31_70b,rtx_pro_6000_server,SILICON,prefill,0.4455,0.6348,0.7017958412098299,0.4455,0.446,0.00112233445566779,3635.318,39.692,25.194,28.512,28.512,1,1,1,0.495,tp8pp1dp1etp1ep1,28,28,1,0.69,tp8pp1dp1etp1ep1,16
llama31_70b__rtx_pro_6000_server__silicon,llama31_70b,rtx_pro_6000_server,SILICON,decode,0.4455,0.4232,1.0526937618147447,0.4232,0.423,0.0004725897920605706,3635.318,34.003,29.409,27.085,27.085,1,1,1,0.495,tp8pp1dp1etp1ep1,16,16,1,0.46,tp8pp1dp1etp1ep1,16
llama31_70b__rtx_pro_6000_server__silicon,llama31_70b,rtx_pro_6000_server,SILICON,decode,0.4455,0.30268,1.471851460288093,0.30268,0.303,0.0010572221488039744,3635.318,29.715,33.653,19.372,19.372,1,1,1,0.495,tp8pp1dp1etp1ep1,10,10,1,0.329,tp8pp1dp1etp1ep1,16
llama31_70b__rtx_pro_6000_server__silicon,llama31_70b,rtx_pro_6000_server,SILICON,decode,0.4455,0.10764,4.138795986622074,0.10764,0.108,0.003344481605351163,3635.318,24.762,40.385,3.444,3.444,1,1,1,0.495,tp8pp1dp1etp1ep1,1,1,3,0.039,tp8pp1dp1etp1ep1,32
llama31_70b__rtx_pro_6000_server__empirical,llama31_70b,rtx_pro_6000_server,EMPIRICAL,decode,4.8645,4.52916,1.0740402193784278,4.52916,4.529,3.532663893529043e-05,1665.837,85.763,11.66,144.933,144.933,1,1,5,1.081,tp4pp1dp1etp1ep1,144,144,3,1.641,tp4pp1dp1etp1ep1,32
llama31_70b__rtx_pro_6000_server__empirical,llama31_70b,rtx_pro_6000_server,EMPIRICAL,decode,4.8645,4.449120000000001,1.0933622828784118,4.449120000000001,4.449,2.6971625849782907e-05,1665.837,82.496,12.122,142.372,142.372,1,1,5,1.081,tp4pp1dp1etp1ep1,136,136,3,1.612,tp4pp1dp1etp1ep1,32
llama31_70b__rtx_pro_6000_server__empirical,llama31_70b,rtx_pro_6000_server,EMPIRICAL,decode,4.8645,4.35804,1.116212792906903,4.35804,4.358,9.178438013479007e-06,1665.837,79.229,12.622,139.457,139.457,1,1,5,1.081,tp4pp1dp1etp1ep1,128,128,3,1.579,tp4pp1dp1etp1ep1,32
llama31_70b__rtx_pro_6000_server__empirical,llama31_70b,rtx_pro_6000_server,EMPIRICAL,decode,4.8645,4.211760000000001,1.1549803407601569,4.211760000000001,4.212,5.698330389170031e-05,1665.837,74.329,13.454,134.776,134.776,1,1,5,1.081,tp4pp1dp1etp1ep1,116,116,3,1.526,tp4pp1dp1etp1ep1,32
llama31_70b__rtx_pro_6000_server__empirical,llama31_70b,rtx_pro_6000_server,EMPIRICAL,decode,4.8645,4.04064,1.2038934426229508,4.04064,4.041,8.90947968640072e-05,1665.837,69.429,14.403,129.3,129.3,1,1,5,1.081,tp4pp1dp1etp1ep1,104,104,3,1.464,tp4pp1dp1etp1ep1,32
llama31_70b__rtx_pro_6000_server__empirical,llama31_70b,rtx_pro_6000_server,EMPIRICAL,prefill,0.9729,1.01108,0.9622383985441311,0.9729,0.973,0.00010278548668926815,1665.837,49.828,20.069,124.531,124.531,1,1,1,1.081,tp4pp1dp1etp1ep1,56,56,1,1.099,tp4pp1dp1etp1ep1,8
llama31_70b__rtx_pro_6000_server__empirical,llama31_70b,rtx_pro_6000_server,EMPIRICAL,decode,0.9729,0.88044,1.1050156739811912,0.88044,0.88,0.0004997501249375267,1665.837,44.928,22.258,112.696,112.696,1,1,1,1.081,tp4pp1dp1etp1ep1,44,44,1,0.957,tp4pp1dp1etp1ep1,8
llama31_70b__rtx_pro_6000_server__empirical,llama31_70b,rtx_pro_6000_server,EMPIRICAL,prefill,2.9187,3.4408000000000003,0.8482620320855614,2.9187,2.919,0.00010278548668934423,1665.837,39.211,25.503,93.398,93.398,1,1,3,1.081,tp4pp1dp1etp1ep1,30,30,5,0.748,tp4pp1dp1etp1ep1,32
llama31_70b__rtx_pro_6000_server__empirical,llama31_70b,rtx_pro_6000_server,EMPIRICAL,prefill,1.1574,1.3487200000000001,0.8581469838068686,1.1574,1.157,0.00034560221185411783,1399.21,23.999,41.669,74.074,74.074,1,1,1,1.286,tp8pp1dp1etp1ep1,36,36,1,1.466,tp8pp1dp1etp1ep1,16
llama31_70b__rtx_pro_6000_server__empirical,llama31_70b,rtx_pro_6000_server,EMPIRICAL,decode,1.1574,0.9227599999999999,1.2542806363518142,0.9227599999999999,0.923,0.0002600892973255549,1399.21,19.497,51.289,59.057,59.057,1,1,1,1.286,tp8pp1dp1etp1ep1,20,20,1,1.003,tp8pp1dp1etp1ep1,16
llama31_70b__rtx_pro_6000_server__empirical,llama31_70b,rtx_pro_6000_server,EMPIRICAL,decode,1.1574,0.8546800000000001,1.354191042261431,0.8546800000000001,0.855,0.00037440913558276303,1399.21,18.935,52.813,54.7,54.7,1,1,1,1.286,tp8pp1dp1etp1ep1,18,18,1,0.929,tp8pp1dp1etp1ep1,16
llama31_70b__rtx_pro_6000_server__empirical,llama31_70b,rtx_pro_6000_server,EMPIRICAL,prefill,1.1574,1.19232,0.9707125603864734,1.1574,1.157,0.00034560221185411783,1399.21,15.84,63.132,37.037,37.037,1,1,1,1.286,tp8pp1dp1etp1ep1,7,7,3,0.432,tp8pp1dp1etp1ep1,32
llama31_70b__rtx_pro_6000_server__empirical,llama31_70b,rtx_pro_6000_server,EMPIRICAL,decode,1.1574,0.7203600000000001,1.6066966516741628,0.7203600000000001,0.72,0.0004997501249377227,1399.21,14.996,66.685,23.052,23.052,1,1,1,1.286,tp8pp1dp1etp1ep1,4,4,3,0.261,tp8pp1dp1etp1ep1,32
llama31_70b__rtx_pro_6000_server__analytical,llama31_70b,rtx_pro_6000_server,ANALYTICAL,prefill,0.9477,0.95128,0.9962366495668993,0.9477,0.948,0.0003165558721113928,1709.483,68.042,14.697,121.306,121.306,1,1,1,1.053,tp4pp1dp1etp1ep1,72,72,1,1.034,tp4pp1dp1etp1ep1,8
llama31_70b__rtx_pro_6000_server__analytical,llama31_70b,rtx_pro_6000_server,ANALYTICAL,decode,0.9477,0.90252,1.0500598324690866,0.90252,0.903,0.00053184416965833,1709.483,63.788,15.677,115.523,115.523,1,1,1,1.053,tp4pp1dp1etp1ep1,64,64,1,0.981,tp4pp1dp1etp1ep1,8
llama31_70b__rtx_pro_6000_server__analytical,llama31_70b,rtx_pro_6000_server,ANALYTICAL,decode,0.9477,0.8454800000000001,1.1209017362918103,0.8454800000000001,0.845,0.0005677248426930819,1709.483,59.534,16.797,108.221,108.221,1,1,1,1.053,tp4pp1dp1etp1ep1,56,56,1,0.919,tp4pp1dp1etp1ep1,8
llama31_70b__rtx_pro_6000_server__analytical,llama31_70b,rtx_pro_6000_server,ANALYTICAL,decode,0.9477,0.74428,1.2733111194711666,0.74428,0.744,0.0003762025044338931,1709.483,53.152,18.814,95.268,95.268,1,1,1,1.053,tp4pp1dp1etp1ep1,44,44,1,0.809,tp4pp1dp1etp1ep1,8
llama31_70b__rtx_pro_6000_server__analytical,llama31_70b,rtx_pro_6000_server,ANALYTICAL,prefill,2.8430999999999997,3.312,0.8584239130434782,2.8430999999999997,2.843,3.517287467896555e-05,1709.483,48.898,20.451,90.979,90.979,1,1,3,1.053,tp4pp1dp1etp1ep1,36,36,5,0.72,tp4pp1dp1etp1ep1,32
llama31_70b__rtx_pro_6000_server__analytical,llama31_70b,rtx_pro_6000_server,ANALYTICAL,decode,2.8430999999999997,2.8198,1.0082629973757005,2.8198,2.82,7.092701610042485e-05,1709.483,44.644,22.4,90.234,90.234,1,1,3,1.053,tp4pp1dp1etp1ep1,28,28,5,0.613,tp4pp1dp1etp1ep1,32
llama31_70b__rtx_pro_6000_server__analytical,llama31_70b,rtx_pro_6000_server,ANALYTICAL,prefill,1.1268,1.20428,0.9356628026704753,1.1268,1.127,0.00017749378771741035,1438.067,29.879,33.468,72.115,72.115,1,1,1,1.252,tp8pp1dp1etp1ep1,40,40,1,1.309,tp8pp1dp1etp1ep1,16
llama31_70b__rtx_pro_6000_server__analytical,llama31_70b,rtx_pro_6000_server,ANALYTICAL,decode,1.1268,0.88504,1.2731627949019253,0.88504,0.885,4.519569736965561e-05,1438.067,24.389,41.002,56.643,56.643,1,1,1,1.252,tp8pp1dp1etp1ep1,24,24,1,0.962,tp8pp1dp1etp1ep1,16
llama31_70b__rtx_pro_6000_server__analytical,llama31_70b,rtx_pro_6000_server,ANALYTICAL,prefill,1.1268,1.13988,0.9885251079060954,1.1268,1.127,0.00017749378771741035,1438.067,18.948,52.777,36.058,36.058,1,1,1,1.252,tp8pp1dp1etp1ep1,8,8,3,0.413,tp8pp1dp1etp1ep1,32
llama31_70b__rtx_pro_6000_server__analytical,llama31_70b,rtx_pro_6000_server,ANALYTICAL,decode,1.1268,0.75072,1.5009590792838874,0.75072,0.751,0.000372975277067278,1438.067,17.937,55.751,24.023,24.023,1,1,1,1.252,tp8pp1dp1etp1ep1,5,5,3,0.272,tp8pp1dp1etp1ep1,32
llama31_70b__rtx_pro_6000_server__analytical,llama31_70b,rtx_pro_6000_server,ANALYTICAL,decode,1.1268,0.16008000000000003,7.038980509745127,0.16008000000000003,0.16,0.0004997501249376842,1438.067,16.842,59.377,5.123,5.123,1,1,1,1.252,tp8pp1dp1etp1ep1,1,1,3,0.058,tp8pp1dp1etp1ep1,32
qwen3_32b__a100_sxm__silicon,qwen3_32b,a100_sxm,SILICON,decode,2.3355,2.1583200000000002,1.0820916268208607,2.1583200000000002,2.158,0.00014826346417598873,693.551,80.007,12.499,276.265,276.265,1,1,1,2.595,tp4pp1dp1etp1ep1,192,192,1,2.346,tp4pp1dp1etp1ep1,8
qwen3_32b__a100_sxm__silicon,qwen3_32b,a100_sxm,SILICON,decode,2.3355,2.1114,1.1061381074168797,2.1114,2.111,0.00018944775978021973,693.551,78.374,12.759,270.259,270.259,1,1,1,2.595,tp4pp1dp1etp1ep1,184,184,1,2.295,tp4pp1dp1etp1ep1,8
qwen3_32b__a100_sxm__silicon,qwen3_32b,a100_sxm,SILICON,decode,2.3355,1.9605199999999998,1.1912655826005347,1.9605199999999998,1.961,0.0002448330034890019,693.551,73.409,13.622,250.947,250.947,1,1,1,2.595,tp4pp1dp1etp1ep1,160,160,1,2.131,tp4pp1dp1etp1ep1,8
qwen3_32b__a100_sxm__silicon,qwen3_32b,a100_sxm,SILICON,decode,3.9744000000000006,3.9192,1.0140845070422537,3.9192,3.919,5.103082261685496e-05,1223.071,64.285,15.556,250.829,250.829,1,1,3,1.472,tp2pp1dp1etp1ep1,56,56,5,0.852,tp2pp1dp1etp1ep1,16
qwen3_32b__a100_sxm__silicon,qwen3_32b,a100_sxm,SILICON,decode,2.3355,1.8216,1.282114624505929,1.8216,1.822,0.00021958717610889104,693.551,59.234,16.882,233.165,233.165,1,1,1,2.595,tp4pp1dp1etp1ep1,120,120,1,1.98,tp4pp1dp1etp1ep1,8
qwen3_32b__a100_sxm__silicon,qwen3_32b,a100_sxm,SILICON,prefill,7.0065,7.36,0.9519701086956521,7.0065,7.006,7.136230642970426e-05,693.551,48.881,20.458,224.208,224.208,1,1,3,2.595,tp4pp1dp1etp1ep1,80,80,5,1.6,tp4pp1dp1etp1ep1,32
qwen3_32b__a100_sxm__silicon,qwen3_32b,a100_sxm,SILICON,decode,7.0065,6.6056,1.0606909289088047,6.6056,6.606,6.055468087682511e-05,693.551,43.57,22.952,211.379,211.379,1,1,3,2.595,tp4pp1dp1etp1ep1,64,64,5,1.436,tp4pp1dp1etp1ep1,32
qwen3_32b__a100_sxm__silicon,qwen3_32b,a100_sxm,SILICON,decode,3.5469,2.80876,1.2627992423702987,2.80876,2.809,8.544695880041016e-05,456.709,40.983,24.4,179.761,179.761,1,1,1,3.941,tp8pp1dp1etp1ep1,128,128,1,3.053,tp8pp1dp1etp1ep1,16
qwen3_32b__a100_sxm__silicon,qwen3_32b,a100_sxm,SILICON,decode,3.5469,2.75264,1.2885448151592653,2.75264,2.753,0.0001307835387119776,456.709,39.211,25.503,176.169,176.169,1,1,1,3.941,tp8pp1dp1etp1ep1,120,120,1,2.992,tp8pp1dp1etp1ep1,16
qwen3_32b__a100_sxm__silicon,qwen3_32b,a100_sxm,SILICON,decode,3.5469,2.5750800000000003,1.377394100377464,2.5750800000000003,2.575,3.106699597685509e-05,456.709,34.92,28.637,164.805,164.805,1,1,1,3.941,tp8pp1dp1etp1ep1,100,100,1,2.799,tp8pp1dp1etp1ep1,16
qwen3_32b__a100_sxm__silicon,qwen3_32b,a100_sxm,SILICON,prefill,2.3355,2.43432,0.9594055013309672,2.3355,2.336,0.00021408691928911277,693.551,24.377,41.022,149.472,149.472,1,1,1,2.595,tp4pp1dp1etp1ep1,22,22,3,0.882,tp4pp1dp1etp1ep1,16
qwen3_32b__a100_sxm__silicon,qwen3_32b,a100_sxm,SILICON,prefill,3.5469,3.96336,0.8949224900084776,3.5469,3.547,2.8193633877529966e-05,456.709,14.975,66.777,113.501,113.501,1,1,1,3.941,tp8pp1dp1etp1ep1,22,22,3,1.436,tp8pp1dp1etp1ep1,32
qwen3_32b__a100_sxm__silicon,qwen3_32b,a100_sxm,SILICON,decode,3.5469,3.1795199999999997,1.1155457427536233,3.1795199999999997,3.18,0.00015096618357503022,456.709,13.574,73.671,101.745,101.745,1,1,1,3.941,tp8pp1dp1etp1ep1,16,16,3,1.152,tp8pp1dp1etp1ep1,32
qwen3_32b__a100_sxm__silicon,qwen3_32b,a100_sxm,SILICON,decode,3.5469,2.72412,1.3020351526364478,2.72412,2.724,4.40509228667966e-05,456.709,12.879,77.647,87.172,87.172,1,1,1,3.941,tp8pp1dp1etp1ep1,13,13,3,0.987,tp8pp1dp1etp1ep1,32
qwen3_32b__a100_sxm__silicon,qwen3_32b,a100_sxm,SILICON,decode,3.5469,2.0286,1.7484472049689441,2.0286,2.029,0.00019718032140390217,456.709,11.971,83.537,64.915,64.915,1,1,1,3.941,tp8pp1dp1etp1ep1,9,9,3,0.735,tp8pp1dp1etp1ep1,32
qwen3_32b__a100_sxm__silicon,qwen3_32b,a100_sxm,SILICON,decode,3.5469,0.9880799999999998,3.5896890940004864,0.9880799999999998,0.988,8.096510404001495e-05,456.709,10.915,91.615,31.619,31.619,1,1,1,3.941,tp8pp1dp1etp1ep1,4,4,3,0.358,tp8pp1dp1etp1ep1,32
qwen3_32b__a100_sxm__empirical,qwen3_32b,a100_sxm,EMPIRICAL,prefill,2.4345000000000003,2.56312,0.9498189706295453,2.4345000000000003,2.435,0.00020538098172097878,665.422,29.476,33.926,311.616,311.616,1,1,1,2.705,tp4pp1dp1etp1ep1,84,84,1,2.786,tp4pp1dp1etp1ep1,8
qwen3_32b__a100_sxm__empirical,qwen3_32b,a100_sxm,EMPIRICAL,decode,2.4345000000000003,2.2245600000000003,1.0943737188477722,2.2245600000000003,2.225,0.00019779192289701058,665.422,24.258,41.224,284.744,284.744,1,1,1,2.705,tp4pp1dp1etp1ep1,60,60,1,2.418,tp4pp1dp1etp1ep1,8
qwen3_32b__a100_sxm__empirical,qwen3_32b,a100_sxm,EMPIRICAL,prefill,4.1166,4.16484,0.9884173221540323,4.1166,4.117,9.716756546663653e-05,393.489,12.955,77.191,263.462,263.462,1,1,1,4.574,tp8pp1dp1etp1ep1,60,60,1,4.527,tp8pp1dp1etp1ep1,16
qwen3_32b__a100_sxm__empirical,qwen3_32b,a100_sxm,EMPIRICAL,decode,4.1166,3.7379599999999997,1.1012958940170576,3.7379599999999997,3.738,1.0701024088075328e-05,393.489,11.548,86.597,239.229,239.229,1,1,1,4.574,tp8pp1dp1etp1ep1,48,48,1,4.063,tp8pp1dp1etp1ep1,16
qwen3_32b__a100_sxm__empirical,qwen3_32b,a100_sxm,EMPIRICAL,decode,4.1166,3.3902,1.2142646451536783,3.3902,3.39,5.89935697008961e-05,393.489,10.61,94.254,216.973,216.973,1,1,1,4.574,tp8pp1dp1etp1ep1,40,40,1,3.685,tp8pp1dp1etp1ep1,16
qwen3_32b__a100_sxm__empirical,qwen3_32b,a100_sxm,EMPIRICAL,decode,4.1166,2.97528,1.3836008711785108,2.97528,2.975,9.410878976098316e-05,393.489,9.672,103.396,190.418,190.418,1,1,1,4.574,tp8pp1dp1etp1ep1,32,32,1,3.234,tp8pp1dp1etp1ep1,16
qwen3_32b__a100_sxm__empirical,qwen3_32b,a100_sxm,EMPIRICAL,prefill,4.1166,5.2145600000000005,0.7894434046209076,4.1166,4.117,9.716756546663653e-05,393.489,8.968,111.507,175.642,131.73149999999998,1,1,1,4.574,tp8pp1dp1etp1ep1,26,26,2,2.834,tp8pp1dp1etp1ep1,24
qwen3_32b__a100_sxm__empirical,qwen3_32b,a100_sxm,EMPIRICAL,decode,4.1166,3.6910399999999997,1.1152954180935455,3.6910399999999997,3.691,1.0837054055176308e-05,393.489,7.795,128.28,157.484,118.113,1,1,1,4.574,tp8pp1dp1etp1ep1,16,16,2,2.006,tp8pp1dp1etp1ep1,24
qwen3_32b__a100_sxm__empirical,qwen3_32b,a100_sxm,EMPIRICAL,decode,4.1166,3.4803599999999997,1.182808674964659,3.4803599999999997,3.48,0.00010343757542314414,393.489,6.975,143.377,111.372,111.372,1,1,1,4.574,tp8pp1dp1etp1ep1,9,9,3,1.261,tp8pp1dp1etp1ep1,32
qwen3_32b__a100_sxm__analytical,qwen3_32b,a100_sxm,ANALYTICAL,prefill,2.3733,2.38096,0.996782810295007,2.3733,2.373,0.00012640626975087216,682.623,69.502,14.388,303.782,303.782,1,1,1,2.637,tp4pp1dp1etp1ep1,184,184,1,2.588,tp4pp1dp1etp1ep1,8
qwen3_32b__a100_sxm__analytical,qwen3_32b,a100_sxm,ANALYTICAL,decode,2.3733,2.33864,1.0148205794820921,2.33864,2.339,0.00015393562070268961,682.623,64.592,15.482,299.346,299.346,1,1,1,2.637,tp4pp1dp1etp1ep1,168,168,1,2.542,tp4pp1dp1etp1ep1,8
qwen3_32b__a100_sxm__analytical,qwen3_32b,a100_sxm,ANALYTICAL,decode,2.3733,2.2908000000000004,1.0360136196961758,2.2908000000000004,2.291,8.730574471779896e-05,682.623,59.683,16.755,293.222,293.222,1,1,1,2.637,tp4pp1dp1etp1ep1,152,152,1,2.49,tp4pp1dp1etp1ep1,8
qwen3_32b__a100_sxm__analytical,qwen3_32b,a100_sxm,ANALYTICAL,decode,2.3733,2.16384,1.096800133096717,2.16384,2.164,7.394262052654541e-05,682.623,49.865,20.054,276.972,276.972,1,1,1,2.637,tp4pp1dp1etp1ep1,120,120,1,2.352,tp4pp1dp1etp1ep1,8
qwen3_32b__a100_sxm__analytical,qwen3_32b,a100_sxm,ANALYTICAL,decode,2.3733,2.0801200000000004,1.1409437917043246,2.0801200000000004,2.08,5.768897948211739e-05,682.623,44.955,22.244,266.255,266.255,1,1,1,2.637,tp4pp1dp1etp1ep1,104,104,1,2.261,tp4pp1dp1etp1ep1,8
qwen3_32b__a100_sxm__analytical,qwen3_32b,a100_sxm,ANALYTICAL,prefill,3.9501000000000004,4.135400000000001,0.95519175895923,3.9501000000000004,3.95,2.531581478955242e-05,410.162,29.577,33.81,252.806,252.806,1,1,1,4.389,tp8pp1dp1etp1ep1,136,136,1,4.495,tp8pp1dp1etp1ep1,16
qwen3_32b__a100_sxm__analytical,qwen3_32b,a100_sxm,ANALYTICAL,decode,3.9501000000000004,3.83456,1.0301312275723942,3.83456,3.835,0.00011474589001078973,410.162,24.393,40.995,245.412,245.412,1,1,1,4.389,tp8pp1dp1etp1ep1,104,104,1,4.168,tp8pp1dp1etp1ep1,16
qwen3_32b__a100_sxm__analytical,qwen3_32b,a100_sxm,ANALYTICAL,decode,3.9501000000000004,3.44172,1.1477110282068268,3.44172,3.442,8.135467150147542e-05,410.162,19.857,50.36,220.27,220.27,1,1,1,4.389,tp8pp1dp1etp1ep1,76,76,1,3.741,tp8pp1dp1etp1ep1,16
qwen3_32b__a100_sxm__analytical,qwen3_32b,a100_sxm,ANALYTICAL,decode,3.9501000000000004,3.29452,1.1989910518072437,3.29452,3.295,0.00014569648992874106,410.162,18.561,53.877,210.849,210.849,1,1,1,4.389,tp8pp1dp1etp1ep1,68,68,1,3.581,tp8pp1dp1etp1ep1,16
qwen3_32b__a100_sxm__analytical,qwen3_32b,a100_sxm,ANALYTICAL,decode,3.9501000000000004,3.21356,1.2291975254857541,3.21356,3.214,0.00013691980233752408,410.162,17.913,55.826,205.668,205.668,1,1,1,4.389,tp8pp1dp1etp1ep1,64,64,1,3.493,tp8pp1dp1etp1ep1,16
qwen3_32b__a100_sxm__analytical,qwen3_32b,a100_sxm,ANALYTICAL,decode,3.9501000000000004,3.0304800000000003,1.3034568781183178,3.0304800000000003,3.03,0.00015839074998035953,410.162,16.617,60.18,193.951,193.951,1,1,1,4.389,tp8pp1dp1etp1ep1,56,56,1,3.294,tp8pp1dp1etp1ep1,16
qwen3_32b__a100_sxm__analytical,qwen3_32b,a100_sxm,ANALYTICAL,decode,3.9501000000000004,2.92836,1.3489120190140558,2.92836,2.928,0.00012293570462652747,410.162,15.969,62.622,187.415,187.415,1,1,1,4.389,tp8pp1dp1etp1ep1,52,52,1,3.183,tp8pp1dp1etp1ep1,16
qwen3_32b__a100_sxm__analytical,qwen3_32b,a100_sxm,ANALYTICAL,decode,3.9501000000000004,2.69652,1.4648880779671578,2.69652,2.697,0.00017800720929198966,410.162,14.673,68.153,172.577,172.577,1,1,1,4.389,tp8pp1dp1etp1ep1,44,44,1,2.931,tp8pp1dp1etp1ep1,16
qwen3_32b__a100_sxm__analytical,qwen3_32b,a100_sxm,ANALYTICAL,prefill,3.9501000000000004,3.97808,0.9929664561798658,3.9501000000000004,3.95,2.531581478955242e-05,410.162,11.757,85.057,168.538,126.4035,1,1,1,4.389,tp8pp1dp1etp1ep1,26,26,2,2.162,tp8pp1dp1etp1ep1,24
qwen3_32b__a100_sxm__analytical,qwen3_32b,a100_sxm,ANALYTICAL,prefill,3.9501000000000004,4.0572,0.9736024844720498,3.9501000000000004,3.95,2.531581478955242e-05,410.162,9.975,100.253,126.403,126.403,1,1,1,4.389,tp8pp1dp1etp1ep1,15,15,3,1.47,tp8pp1dp1etp1ep1,32
qwen3_32b__a100_sxm__analytical,qwen3_32b,a100_sxm,ANALYTICAL,decode,3.9501000000000004,2.4315599999999997,1.6245126585401968,2.4315599999999997,2.432,0.00018095379098201074,410.162,8.872,112.712,77.81,77.81,1,1,1,4.389,tp8pp1dp1etp1ep1,8,8,3,0.881,tp8pp1dp1etp1ep1,32
qwen3_32b__a100_sxm__analytical,qwen3_32b,a100_sxm,ANALYTICAL,decode,3.9501000000000004,0.68172,5.794314381270904,0.68172,0.682,0.00041072581118356213,410.162,7.925,126.187,21.815,21.815,1,1,1,4.389,tp8pp1dp1etp1ep1,2,2,3,0.247,tp8pp1dp1etp1ep1,32
qwen3_32b__h100_sxm__silicon,qwen3_32b,h100_sxm,SILICON,decode,10.5921,9.991200000000001,1.0601429257746817,9.991200000000001,9.991,2.001761550177258e-05,458.807,30.603,32.676,639.437,639.437,1,1,3,3.923,tp2pp1dp1etp1ep1,68,68,5,2.172,tp2pp1dp1etp1ep1,16
qwen3_32b__h100_sxm__silicon,qwen3_32b,h100_sxm,SILICON,decode,6.1047,4.916480000000001,1.2416810400937255,4.916480000000001,4.916,9.763082530600755e-05,265.361,29.264,34.171,629.309,629.309,1,1,1,6.783,tp4pp1dp1etp1ep1,160,160,1,5.344,tp4pp1dp1etp1ep1,8
qwen3_32b__h100_sxm__silicon,qwen3_32b,h100_sxm,SILICON,prefill,9.2547,9.43644,0.9807406182840139,9.2547,9.255,3.241596161961784e-05,175.048,24.396,40.99,592.301,592.301,1,1,1,10.283,tp8pp1dp1etp1ep1,256,256,1,10.257,tp8pp1dp1etp1ep1,16
qwen3_32b__h100_sxm__silicon,qwen3_32b,h100_sxm,SILICON,prefill,18.3141,19.136000000000003,0.9570495401337791,18.3141,18.314,5.46027377811451e-06,265.361,19.737,50.667,586.051,586.051,1,1,3,6.783,tp4pp1dp1etp1ep1,84,84,5,4.16,tp4pp1dp1etp1ep1,32
qwen3_32b__h100_sxm__silicon,qwen3_32b,h100_sxm,SILICON,decode,18.3141,18.165399999999998,1.00818589186035,18.165399999999998,18.165,2.201988395516024e-05,265.361,18.811,53.16,581.293,581.293,1,1,3,6.783,tp4pp1dp1etp1ep1,76,76,5,3.949,tp4pp1dp1etp1ep1,32
qwen3_32b__h100_sxm__silicon,qwen3_32b,h100_sxm,SILICON,decode,18.3141,17.0246,1.075743336113624,17.0246,17.025,2.3495412520650575e-05,265.361,17.962,55.673,544.787,544.787,1,1,3,6.783,tp4pp1dp1etp1ep1,68,68,5,3.701,tp4pp1dp1etp1ep1,32
qwen3_32b__h100_sxm__silicon,qwen3_32b,h100_sxm,SILICON,decode,9.2547,7.748240000000001,1.1944260890215066,7.748240000000001,7.748,3.0974776207330194e-05,175.048,17.643,56.681,495.887,495.887,1,1,1,10.283,tp8pp1dp1etp1ep1,152,152,1,8.422,tp8pp1dp1etp1ep1,16
qwen3_32b__h100_sxm__silicon,qwen3_32b,h100_sxm,SILICON,decode,9.2547,7.44924,1.2423683489859367,7.44924,7.449,3.221805177438181e-05,175.048,16.419,60.904,476.751,476.751,1,1,1,10.283,tp8pp1dp1etp1ep1,136,136,1,8.097,tp8pp1dp1etp1ep1,16
qwen3_32b__h100_sxm__silicon,qwen3_32b,h100_sxm,SILICON,decode,9.2547,7.38116,1.2538273116962644,7.38116,7.381,2.1676809607183696e-05,175.048,15.596,64.118,472.394,472.394,1,1,1,10.283,tp8pp1dp1etp1ep1,128,128,1,8.023,tp8pp1dp1etp1ep1,16
qwen3_32b__h100_sxm__silicon,qwen3_32b,h100_sxm,SILICON,decode,9.2547,7.0334,1.3158216509796115,7.0334,7.033,5.687149884834588e-05,175.048,14.832,67.422,450.138,450.138,1,1,1,10.283,tp8pp1dp1etp1ep1,116,116,1,7.645,tp8pp1dp1etp1ep1,16
qwen3_32b__h100_sxm__silicon,qwen3_32b,h100_sxm,SILICON,decode,9.2547,6.44184,1.436654744607131,6.44184,6.442,2.4837624032909856e-05,175.048,13.96,71.633,412.278,412.278,1,1,1,10.283,tp8pp1dp1etp1ep1,100,100,1,7.002,tp8pp1dp1etp1ep1,16
qwen3_32b__h100_sxm__silicon,qwen3_32b,h100_sxm,SILICON,prefill,6.1047,6.3894,0.9554418255235233,6.1047,6.105,4.9142464003176076e-05,265.361,13.513,74.006,390.701,390.701,1,1,1,6.783,tp4pp1dp1etp1ep1,32,32,3,2.315,tp4pp1dp1etp1ep1,16
qwen3_32b__h100_sxm__silicon,qwen3_32b,h100_sxm,SILICON,decode,6.1047,5.8594800000000005,1.0418501300456695,5.8594800000000005,5.859,8.191853201998812e-05,265.361,12.892,77.568,375.007,375.007,1,1,1,6.783,tp4pp1dp1etp1ep1,28,28,3,2.123,tp4pp1dp1etp1ep1,16
qwen3_32b__h100_sxm__silicon,qwen3_32b,h100_sxm,SILICON,decode,6.1047,4.95144,1.2329140613639669,4.95144,4.951,8.886303782338431e-05,265.361,11.987,83.422,316.892,316.892,1,1,1,6.783,tp4pp1dp1etp1ep1,22,22,3,1.794,tp4pp1dp1etp1ep1,16
qwen3_32b__h100_sxm__silicon,qwen3_32b,h100_sxm,SILICON,prefill,9.2547,9.882640000000002,0.9364602980580086,9.2547,9.255,3.241596161961784e-05,175.048,11.649,85.847,394.867,296.15025,1,1,1,10.283,tp8pp1dp1etp1ep1,64,64,2,5.371,tp8pp1dp1etp1ep1,24
qwen3_32b__h100_sxm__silicon,qwen3_32b,h100_sxm,SILICON,prefill,9.2547,9.767640000000002,0.9474857795741856,9.2547,9.255,3.241596161961784e-05,175.048,9.943,100.569,296.15,296.15,1,1,1,10.283,tp8pp1dp1etp1ep1,36,36,3,3.539,tp8pp1dp1etp1ep1,32
qwen3_32b__h100_sxm__silicon,qwen3_32b,h100_sxm,SILICON,decode,9.2547,7.289160000000001,1.2696524702434846,7.289160000000001,7.289,2.1950403064420068e-05,175.048,8.885,112.552,233.253,233.253,1,1,1,10.283,tp8pp1dp1etp1ep1,24,24,3,2.641,tp8pp1dp1etp1ep1,32
qwen3_32b__h100_sxm__silicon,qwen3_32b,h100_sxm,SILICON,decode,9.2547,6.17964,1.4976115113501758,6.17964,6.18,5.825582072737148e-05,175.048,7.859,127.246,197.748,197.748,1,1,1,10.283,tp8pp1dp1etp1ep1,18,18,3,2.239,tp8pp1dp1etp1ep1,32
qwen3_32b__h100_sxm__silicon,qwen3_32b,h100_sxm,SILICON,decode,9.2547,3.14916,2.938783675646839,3.14916,3.149,5.080719938020298e-05,175.048,6.854,145.899,100.773,100.773,1,1,1,10.283,tp8pp1dp1etp1ep1,8,8,3,1.141,tp8pp1dp1etp1ep1,32
qwen3_32b__h100_sxm__empirical,qwen3_32b,h100_sxm,EMPIRICAL,decode,6.5052,5.300120000000001,1.2273684369410502,5.300120000000001,5.3,2.2640996807767774e-05,249.034,32.576,30.698,678.415,678.415,1,1,1,7.228,tp4pp1dp1etp1ep1,192,192,1,5.761,tp4pp1dp1etp1ep1,8
qwen3_32b__h100_sxm__empirical,qwen3_32b,h100_sxm,EMPIRICAL,decode,6.5052,5.140960000000001,1.2653667797454171,5.140960000000001,5.141,7.780647972241346e-06,249.034,29.388,34.028,658.043,658.043,1,1,1,7.228,tp4pp1dp1etp1ep1,168,168,1,5.588,tp4pp1dp1etp1ep1,8
qwen3_32b__h100_sxm__empirical,qwen3_32b,h100_sxm,EMPIRICAL,prefill,9.8001,9.9406,0.9858660443031608,9.8001,9.8,1.0203977510409785e-05,165.307,18.818,53.14,627.206,627.206,1,1,1,10.889,tp8pp1dp1etp1ep1,208,208,1,10.805,tp8pp1dp1etp1ep1,16
qwen3_32b__h100_sxm__empirical,qwen3_32b,h100_sxm,EMPIRICAL,decode,9.8001,9.774080000000001,1.0026621431377685,9.774080000000001,9.774,8.184913567548091e-06,165.307,17.666,56.604,625.541,625.541,1,1,1,10.889,tp8pp1dp1etp1ep1,192,192,1,10.624,tp8pp1dp1etp1ep1,16
qwen3_32b__h100_sxm__empirical,qwen3_32b,h100_sxm,EMPIRICAL,decode,19.5156,19.462600000000002,1.0027231716214686,19.462600000000002,19.463,2.0552238652547332e-05,249.034,16.635,60.116,622.803,622.803,1,1,3,7.228,tp4pp1dp1etp1ep1,72,72,5,4.231,tp4pp1dp1etp1ep1,32
qwen3_32b__h100_sxm__empirical,qwen3_32b,h100_sxm,EMPIRICAL,decode,9.8001,9.58364,1.022586407669737,9.58364,9.584,3.756401534268876e-05,165.307,16.515,60.551,613.353,613.353,1,1,1,10.889,tp8pp1dp1etp1ep1,176,176,1,10.417,tp8pp1dp1etp1ep1,16
qwen3_32b__h100_sxm__empirical,qwen3_32b,h100_sxm,EMPIRICAL,decode,9.8001,9.478760000000001,1.0339010587882802,9.478760000000001,9.479,2.5319767564324823e-05,165.307,15.939,62.739,606.641,606.641,1,1,1,10.889,tp8pp1dp1etp1ep1,168,168,1,10.303,tp8pp1dp1etp1ep1,16
qwen3_32b__h100_sxm__empirical,qwen3_32b,h100_sxm,EMPIRICAL,decode,9.8001,9.24416,1.060139590833564,9.24416,9.244,1.7308224868570878e-05,165.307,14.788,67.624,591.626,591.626,1,1,1,10.889,tp8pp1dp1etp1ep1,152,152,1,10.048,tp8pp1dp1etp1ep1,16
qwen3_32b__h100_sxm__empirical,qwen3_32b,h100_sxm,EMPIRICAL,decode,9.8001,8.969080000000002,1.0926538730839728,8.969080000000002,8.969,8.91953243836608e-06,165.307,13.636,73.335,574.021,574.021,1,1,1,10.889,tp8pp1dp1etp1ep1,136,136,1,9.749,tp8pp1dp1etp1ep1,16
qwen3_32b__h100_sxm__empirical,qwen3_32b,h100_sxm,EMPIRICAL,decode,9.8001,8.7308,1.1224744582397947,8.7308,8.731,2.2907408255776546e-05,165.307,12.772,78.295,558.771,558.771,1,1,1,10.889,tp8pp1dp1etp1ep1,124,124,1,9.49,tp8pp1dp1etp1ep1,16
qwen3_32b__h100_sxm__empirical,qwen3_32b,h100_sxm,EMPIRICAL,decode,9.8001,8.458480000000002,1.1586124220900207,8.458480000000002,8.458,5.6747784472076326e-05,165.307,11.909,83.973,541.343,541.343,1,1,1,10.889,tp8pp1dp1etp1ep1,112,112,1,9.194,tp8pp1dp1etp1ep1,16
qwen3_32b__h100_sxm__empirical,qwen3_32b,h100_sxm,EMPIRICAL,decode,9.8001,8.02608,1.2210319358890018,8.02608,8.026,9.967505930731328e-06,165.307,10.757,92.963,513.669,513.669,1,1,1,10.889,tp8pp1dp1etp1ep1,96,96,1,8.724,tp8pp1dp1etp1ep1,16
qwen3_32b__h100_sxm__empirical,qwen3_32b,h100_sxm,EMPIRICAL,decode,9.8001,7.636000000000001,1.2834075432163434,7.636000000000001,7.636,1.1631461756156694e-16,165.307,9.893,101.078,488.704,488.704,1,1,1,10.889,tp8pp1dp1etp1ep1,84,84,1,8.3,tp8pp1dp1etp1ep1,16
qwen3_32b__h100_sxm__empirical,qwen3_32b,h100_sxm,EMPIRICAL,decode,9.8001,6.99568,1.400878828076756,6.99568,6.996,4.5742515380966545e-05,165.307,8.742,114.394,447.724,447.724,1,1,1,10.889,tp8pp1dp1etp1ep1,68,68,1,7.604,tp8pp1dp1etp1ep1,16
qwen3_32b__h100_sxm__empirical,qwen3_32b,h100_sxm,EMPIRICAL,prefill,9.8001,10.69592,0.9162465687851069,9.8001,9.8,1.0203977510409785e-05,165.307,6.726,148.666,418.138,313.6035,1,1,1,10.889,tp8pp1dp1etp1ep1,40,40,2,5.813,tp8pp1dp1etp1ep1,24
qwen3_32b__h100_sxm__empirical,qwen3_32b,h100_sxm,EMPIRICAL,decode,9.8001,8.636040000000001,1.1347909458501813,8.636040000000001,8.636,4.631752516435589e-06,165.307,4.999,200.035,276.353,276.353,1,1,1,10.889,tp8pp1dp1etp1ep1,16,16,3,3.129,tp8pp1dp1etp1ep1,32
qwen3_32b__h100_sxm__empirical,qwen3_32b,h100_sxm,EMPIRICAL,decode,9.8001,1.3524,7.246450754214729,1.3524,1.352,0.00029577048210585323,165.307,3.991,250.533,43.277,43.277,1,1,1,10.889,tp8pp1dp1etp1ep1,2,2,3,0.49,tp8pp1dp1etp1ep1,32
qwen3_32b__h100_sxm__analytical,qwen3_32b,h100_sxm,ANALYTICAL,prefill,17.649,17.84156,0.9892072217900229,17.649,17.649,0.0,458.935,37.71,26.518,564.768,564.768,1,1,5,3.922,tp2pp1dp1etp1ep1,68,68,11,1.763,tp2pp1dp1etp1ep1,32
qwen3_32b__h100_sxm__analytical,qwen3_32b,h100_sxm,ANALYTICAL,prefill,17.6283,18.7496,0.9401960575158936,17.6283,17.628,1.701809022987474e-05,275.679,29.74,33.625,564.106,564.106,1,1,3,6.529,tp4pp1dp1etp1ep1,124,124,5,4.076,tp4pp1dp1etp1ep1,32
qwen3_32b__h100_sxm__analytical,qwen3_32b,h100_sxm,ANALYTICAL,decode,17.6283,17.2684,1.0208415371429895,17.2684,17.268,2.3163697852671224e-05,275.679,24.998,40.003,552.589,552.589,1,1,3,6.529,tp4pp1dp1etp1ep1,96,96,5,3.754,tp4pp1dp1etp1ep1,32
qwen3_32b__h100_sxm__analytical,qwen3_32b,h100_sxm,ANALYTICAL,decode,8.802,7.805280000000001,1.1276981735440623,7.805280000000001,7.805,3.587315253276578e-05,184.05,24.886,40.183,499.538,499.538,1,1,1,9.78,tp8pp1dp1etp1ep1,216,216,1,8.484,tp8pp1dp1etp1ep1,16
qwen3_32b__h100_sxm__analytical,qwen3_32b,h100_sxm,ANALYTICAL,decode,8.802,7.255120000000001,1.2132121867040102,7.255120000000001,7.255,1.654004344528914e-05,184.05,19.832,50.423,464.328,464.328,1,1,1,9.78,tp8pp1dp1etp1ep1,160,160,1,7.886,tp8pp1dp1etp1ep1,16
qwen3_32b__h100_sxm__analytical,qwen3_32b,h100_sxm,ANALYTICAL,decode,8.802,7.0426,1.2498225087325703,7.0426,7.043,5.679720557747933e-05,184.05,18.388,54.382,450.726,450.726,1,1,1,9.78,tp8pp1dp1etp1ep1,144,144,1,7.655,tp8pp1dp1etp1ep1,16
qwen3_32b__h100_sxm__analytical,qwen3_32b,h100_sxm,ANALYTICAL,decode,8.802,6.923000000000001,1.2714141268236312,6.923000000000001,6.923,1.2829386388850571e-16,184.05,17.666,56.605,443.072,443.072,1,1,1,9.78,tp8pp1dp1etp1ep1,136,136,1,7.525,tp8pp1dp1etp1ep1,16
qwen3_32b__h100_sxm__analytical,qwen3_32b,h100_sxm,ANALYTICAL,decode,8.802,6.79328,1.295692213481558,6.79328,6.793,4.121720288285747e-05,184.05,16.944,59.017,434.77,434.77,1,1,1,9.78,tp8pp1dp1etp1ep1,128,128,1,7.384,tp8pp1dp1etp1ep1,16
qwen3_32b__h100_sxm__analytical,qwen3_32b,h100_sxm,ANALYTICAL,decode,8.802,6.5770800000000005,1.3382838584903938,6.5770800000000005,6.577,1.2163452474430005e-05,184.05,15.861,63.047,420.933,420.933,1,1,1,9.78,tp8pp1dp1etp1ep1,116,116,1,7.149,tp8pp1dp1etp1ep1,16
qwen3_32b__h100_sxm__analytical,qwen3_32b,h100_sxm,ANALYTICAL,decode,8.802,6.32868,1.390811354026432,6.32868,6.329,5.056346663118246e-05,184.05,14.778,67.667,405.036,405.036,1,1,1,9.78,tp8pp1dp1etp1ep1,104,104,1,6.879,tp8pp1dp1etp1ep1,16
qwen3_32b__h100_sxm__analytical,qwen3_32b,h100_sxm,ANALYTICAL,decode,8.802,6.04164,1.4568891890281446,6.04164,6.042,5.958646989885096e-05,184.05,13.695,73.018,386.665,386.665,1,1,1,9.78,tp8pp1dp1etp1ep1,92,92,1,6.567,tp8pp1dp1etp1ep1,16
qwen3_32b__h100_sxm__analytical,qwen3_32b,h100_sxm,ANALYTICAL,decode,5.8761,5.05632,1.1621297702677045,5.05632,5.056,6.328713372577685e-05,275.679,12.805,78.097,323.604,323.604,1,1,1,6.529,tp4pp1dp1etp1ep1,24,24,3,1.832,tp4pp1dp1etp1ep1,16
qwen3_32b__h100_sxm__analytical,qwen3_32b,h100_sxm,ANALYTICAL,prefill,8.802,9.53856,0.9227807971014492,8.802,8.802,0.0,184.05,7.919,126.275,281.664,281.664,1,1,1,9.78,tp8pp1dp1etp1ep1,28,28,3,3.456,tp8pp1dp1etp1ep1,32
qwen3_32b__h100_sxm__analytical,qwen3_32b,h100_sxm,ANALYTICAL,decode,8.802,6.281759999999999,1.4011996637884925,6.281759999999999,6.282,3.820585313680945e-05,184.05,6.872,145.511,201.016,201.016,1,1,1,9.78,tp8pp1dp1etp1ep1,16,16,3,2.276,tp8pp1dp1etp1ep1,32
qwen3_32b__h100_sxm__analytical,qwen3_32b,h100_sxm,ANALYTICAL,decode,8.802,2.71308,3.244283250033172,2.71308,2.713,2.9486782549751574e-05,184.05,5.964,167.684,86.819,86.819,1,1,1,9.78,tp8pp1dp1etp1ep1,6,6,3,0.983,tp8pp1dp1etp1ep1,32
qwen3_32b__h200_sxm__silicon,qwen3_32b,h200_sxm,SILICON,prefill,3.4686000000000003,3.53648,0.9808057729719948,3.4686000000000003,3.469,0.00011532030213905087,467.01,34.584,28.915,887.962,887.962,1,1,1,3.854,tp2pp1dp1etp1ep1,136,136,1,3.844,tp2pp1dp1etp1ep1,4
qwen3_32b__h200_sxm__silicon,qwen3_32b,h200_sxm,SILICON,prefill,24.2802,24.90624,0.9748641304347826,24.2802,24.28,8.237164438494489e-06,467.01,24.697,40.491,776.966,776.966,1,1,7,3.854,tp2pp1dp1etp1ep1,76,76,9,3.008,tp2pp1dp1etp1ep1,32
qwen3_32b__h200_sxm__silicon,qwen3_32b,h200_sxm,SILICON,prefill,6.0651,6.08396,0.9969000453651897,6.0651,6.065,1.6487774315306745e-05,267.098,18.921,52.85,776.333,776.333,1,1,1,6.739,tp4pp1dp1etp1ep1,128,128,1,6.613,tp4pp1dp1etp1ep1,8
qwen3_32b__h200_sxm__silicon,qwen3_32b,h200_sxm,SILICON,prefill,10.405800000000001,10.474200000000002,0.9934696683278913,10.405800000000001,10.406,1.9220050356487137e-05,467.01,18.889,52.941,665.971,665.971,1,1,3,3.854,tp2pp1dp1etp1ep1,44,44,5,2.277,tp2pp1dp1etp1ep1,16
qwen3_32b__h200_sxm__silicon,qwen3_32b,h200_sxm,SILICON,decode,6.0651,5.18512,1.1697125621007807,5.18512,5.185,2.314314808544183e-05,267.098,16.65,60.061,663.695,663.695,1,1,1,6.739,tp4pp1dp1etp1ep1,96,96,1,5.636,tp4pp1dp1etp1ep1,8
qwen3_32b__h200_sxm__silicon,qwen3_32b,h200_sxm,SILICON,decode,6.0651,4.98088,1.2176763945326932,4.98088,4.981,2.4092128298593414e-05,267.098,15.888,62.94,637.553,637.553,1,1,1,6.739,tp4pp1dp1etp1ep1,88,88,1,5.414,tp4pp1dp1etp1ep1,8
qwen3_32b__h200_sxm__silicon,qwen3_32b,h200_sxm,SILICON,decode,6.0651,4.6368,1.3080357142857144,4.6368,4.637,4.3133195307007826e-05,267.098,14.742,67.836,593.51,593.51,1,1,1,6.739,tp4pp1dp1etp1ep1,76,76,1,5.04,tp4pp1dp1etp1ep1,8
qwen3_32b__h200_sxm__silicon,qwen3_32b,h200_sxm,SILICON,prefill,9.2268,9.2736,0.9949534161490684,9.2268,9.227,2.1675987341172872e-05,175.576,13.965,71.608,590.515,590.515,1,1,1,10.252,tp8pp1dp1etp1ep1,144,144,1,10.08,tp8pp1dp1etp1ep1,16
qwen3_32b__h200_sxm__silicon,qwen3_32b,h200_sxm,SILICON,decode,9.2268,9.225760000000001,1.000112727840308,9.225760000000001,9.226,2.6014116994133374e-05,175.576,12.477,80.149,590.449,590.449,1,1,1,10.252,tp8pp1dp1etp1ep1,128,128,1,10.028,tp8pp1dp1etp1ep1,16
qwen3_32b__h200_sxm__silicon,qwen3_32b,h200_sxm,SILICON,decode,9.2268,8.69676,1.0609468353731737,8.69676,8.697,2.759648420788845e-05,175.576,11.996,83.361,556.593,556.593,1,1,1,10.252,tp8pp1dp1etp1ep1,116,116,1,9.453,tp8pp1dp1etp1ep1,16
qwen3_32b__h200_sxm__silicon,qwen3_32b,h200_sxm,SILICON,decode,18.1953,16.7118,1.088769611890999,16.7118,16.712,1.196759176148194e-05,267.098,11.839,84.467,534.778,534.778,1,1,3,6.739,tp4pp1dp1etp1ep1,44,44,5,3.633,tp4pp1dp1etp1ep1,32
qwen3_32b__h200_sxm__silicon,qwen3_32b,h200_sxm,SILICON,decode,9.2268,7.532960000000001,1.2248571610628491,7.532960000000001,7.533,5.309997663517909e-06,175.576,10.983,91.05,482.109,482.109,1,1,1,10.252,tp8pp1dp1etp1ep1,92,92,1,8.188,tp8pp1dp1etp1ep1,16
qwen3_32b__h200_sxm__silicon,qwen3_32b,h200_sxm,SILICON,prefill,6.0651,6.52188,0.929961912822683,6.0651,6.065,1.6487774315306745e-05,267.098,9.928,100.725,388.166,388.166,1,1,1,6.739,tp4pp1dp1etp1ep1,24,24,3,2.363,tp4pp1dp1etp1ep1,16
qwen3_32b__h200_sxm__silicon,qwen3_32b,h200_sxm,SILICON,prefill,9.2268,9.52476,0.9687173220112633,9.2268,9.227,2.1675987341172872e-05,175.576,7.93,126.098,295.258,295.258,1,1,1,10.252,tp8pp1dp1etp1ep1,28,28,3,3.451,tp8pp1dp1etp1ep1,32
qwen3_32b__h200_sxm__silicon,qwen3_32b,h200_sxm,SILICON,decode,9.2268,6.988320000000001,1.3203173294869153,6.988320000000001,6.988,4.579069075261579e-05,175.576,6.948,143.93,223.626,223.626,1,1,1,10.252,tp8pp1dp1etp1ep1,18,18,3,2.532,tp8pp1dp1etp1ep1,32
qwen3_32b__h200_sxm__silicon,qwen3_32b,h200_sxm,SILICON,decode,9.2268,3.6018000000000003,2.561719140429785,3.6018000000000003,3.602,5.5527791659596275e-05,175.576,5.993,166.855,115.258,115.258,1,1,1,10.252,tp8pp1dp1etp1ep1,8,8,3,1.305,tp8pp1dp1etp1ep1,32
qwen3_32b__h200_sxm__empirical,qwen3_32b,h200_sxm,EMPIRICAL,decode,3.9798,3.8087999999999997,1.0448960302457468,3.8087999999999997,3.809,5.250997689572098e-05,407.021,39.672,25.207,975.053,975.053,1,1,1,4.422,tp2pp1dp1etp1ep1,168,168,1,4.14,tp2pp1dp1etp1ep1,4
qwen3_32b__h200_sxm__empirical,qwen3_32b,h200_sxm,EMPIRICAL,decode,3.9798,3.60272,1.10466536394724,3.60272,3.603,7.771905671272205e-05,407.021,33.948,29.457,922.296,922.296,1,1,1,4.422,tp2pp1dp1etp1ep1,136,136,1,3.916,tp2pp1dp1etp1ep1,4
qwen3_32b__h200_sxm__empirical,qwen3_32b,h200_sxm,EMPIRICAL,prefill,27.8586,30.569760000000002,0.9113123557397899,27.8586,27.859,1.4358223313541258e-05,407.021,29.655,33.721,891.475,891.475,1,1,7,4.422,tp2pp1dp1etp1ep1,112,112,9,3.692,tp2pp1dp1etp1ep1,32
qwen3_32b__h200_sxm__empirical,qwen3_32b,h200_sxm,EMPIRICAL,decode,27.8586,27.58896,1.0097734746072342,27.58896,27.589,1.4498553043857286e-06,407.021,24.646,40.574,882.847,882.847,1,1,7,4.422,tp2pp1dp1etp1ep1,84,84,9,3.332,tp2pp1dp1etp1ep1,32
qwen3_32b__h200_sxm__empirical,qwen3_32b,h200_sxm,EMPIRICAL,prefill,6.6969,6.8034,0.9843460622629863,6.6969,6.697,1.4932282100638644e-05,241.898,17.976,55.629,857.203,857.203,1,1,1,7.441,tp4pp1dp1etp1ep1,136,136,1,7.395,tp4pp1dp1etp1ep1,8
qwen3_32b__h200_sxm__empirical,qwen3_32b,h200_sxm,EMPIRICAL,decode,6.6969,6.62124,1.0114268626420428,6.62124,6.621,3.6246986969177364e-05,241.898,16.842,59.375,847.519,847.519,1,1,1,7.441,tp4pp1dp1etp1ep1,124,124,1,7.197,tp4pp1dp1etp1ep1,8
qwen3_32b__h200_sxm__empirical,qwen3_32b,h200_sxm,EMPIRICAL,decode,6.6969,6.25508,1.0706337888564175,6.25508,6.255,1.2789604609457288e-05,241.898,14.952,66.881,800.65,800.65,1,1,1,7.441,tp4pp1dp1etp1ep1,104,104,1,6.799,tp4pp1dp1etp1ep1,8
qwen3_32b__h200_sxm__empirical,qwen3_32b,h200_sxm,EMPIRICAL,decode,6.6969,5.987360000000001,1.1185063199807594,5.987360000000001,5.987,6.0126666844916966e-05,241.898,13.818,72.37,766.382,766.382,1,1,1,7.441,tp4pp1dp1etp1ep1,92,92,1,6.508,tp4pp1dp1etp1ep1,8
qwen3_32b__h200_sxm__empirical,qwen3_32b,h200_sxm,EMPIRICAL,prefill,10.167300000000001,10.93144,0.9300970411949387,10.167300000000001,10.167,2.9506358620388616e-05,159.338,7.898,126.622,650.707,650.707,1,1,1,11.297,tp8pp1dp1etp1ep1,96,96,1,11.882,tp8pp1dp1etp1ep1,16
qwen3_32b__h200_sxm__empirical,qwen3_32b,h200_sxm,EMPIRICAL,decode,10.167300000000001,9.97648,1.0191269866726542,9.97648,9.976,4.811316215735328e-05,159.338,6.851,145.964,638.495,638.495,1,1,1,11.297,tp8pp1dp1etp1ep1,76,76,1,10.844,tp8pp1dp1etp1ep1,16
qwen3_32b__h200_sxm__empirical,qwen3_32b,h200_sxm,EMPIRICAL,decode,10.167300000000001,8.67652,1.1718177333769761,8.67652,8.677,5.53217188457575e-05,159.338,5.804,172.282,555.297,555.297,1,1,1,11.297,tp8pp1dp1etp1ep1,56,56,1,9.431,tp8pp1dp1etp1ep1,16
qwen3_32b__h200_sxm__empirical,qwen3_32b,h200_sxm,EMPIRICAL,decode,10.167300000000001,7.24224,1.4038888520678687,7.24224,7.242,3.313891834567702e-05,159.338,4.967,201.32,463.503,463.503,1,1,1,11.297,tp8pp1dp1etp1ep1,40,40,1,7.872,tp8pp1dp1etp1ep1,16
qwen3_32b__h200_sxm__empirical,qwen3_32b,h200_sxm,EMPIRICAL,decode,10.167300000000001,9.17424,1.1082443886360072,9.17424,9.174,2.616020509598571e-05,159.338,3.921,255.057,391.434,293.57550000000003,1,1,1,11.297,tp8pp1dp1etp1ep1,20,20,2,4.986,tp8pp1dp1etp1ep1,24
qwen3_32b__h200_sxm__empirical,qwen3_32b,h200_sxm,EMPIRICAL,decode,10.167300000000001,1.81056,5.615555408271475,1.81056,1.811,0.00024301873453516922,159.338,2.979,335.704,57.938,57.938,1,1,1,11.297,tp8pp1dp1etp1ep1,2,2,3,0.656,tp8pp1dp1etp1ep1,32
qwen3_32b__h200_sxm__analytical,qwen3_32b,h200_sxm,ANALYTICAL,decode,26.132399999999997,25.99092,1.0054434394780947,25.99092,25.991,3.0779980085554533e-06,433.944,52.317,19.114,831.709,831.709,1,1,7,4.148,tp2pp1dp1etp1ep1,168,168,9,3.139,tp2pp1dp1etp1ep1,32
qwen3_32b__h200_sxm__analytical,qwen3_32b,h200_sxm,ANALYTICAL,decode,26.132399999999997,25.41132,1.0283763299191069,25.41132,25.411,1.2592812966762202e-05,433.944,48.419,20.653,813.162,813.162,1,1,7,4.148,tp2pp1dp1etp1ep1,152,152,9,3.069,tp2pp1dp1etp1ep1,32
qwen3_32b__h200_sxm__analytical,qwen3_32b,h200_sxm,ANALYTICAL,decode,6.241499999999999,6.0122,1.0381391171285053,6.0122,6.012,3.326569309078575e-05,259.537,44.277,22.585,769.562,769.562,1,1,1,6.935,tp4pp1dp1etp1ep1,296,296,1,6.535,tp4pp1dp1etp1ep1,8
qwen3_32b__h200_sxm__analytical,qwen3_32b,h200_sxm,ANALYTICAL,decode,6.241499999999999,5.87328,1.0626940993788818,5.87328,5.873,4.767353165523489e-05,259.537,39.202,25.509,751.78,751.78,1,1,1,6.935,tp4pp1dp1etp1ep1,256,256,1,6.384,tp4pp1dp1etp1ep1,8
qwen3_32b__h200_sxm__analytical,qwen3_32b,h200_sxm,ANALYTICAL,decode,6.241499999999999,5.69204,1.0965312963366383,5.69204,5.692,7.027357502804275e-06,259.537,34.126,29.303,728.581,728.581,1,1,1,6.935,tp4pp1dp1etp1ep1,216,216,1,6.187,tp4pp1dp1etp1ep1,8
qwen3_32b__h200_sxm__analytical,qwen3_32b,h200_sxm,ANALYTICAL,prefill,11.1996,11.426400000000001,0.9801512287334593,11.1996,11.2,3.571556126996212e-05,433.944,29.905,33.44,716.774,716.774,1,1,3,4.148,tp2pp1dp1etp1ep1,76,76,5,2.484,tp2pp1dp1etp1ep1,16
qwen3_32b__h200_sxm__analytical,qwen3_32b,h200_sxm,ANALYTICAL,decode,6.241499999999999,5.44824,1.1455993128056032,5.44824,5.448,4.40509228667966e-05,259.537,29.05,34.423,697.375,697.375,1,1,1,6.935,tp4pp1dp1etp1ep1,176,176,1,5.922,tp4pp1dp1etp1ep1,8
qwen3_32b__h200_sxm__analytical,qwen3_32b,h200_sxm,ANALYTICAL,decode,6.241499999999999,5.18236,1.2043740689570002,5.18236,5.182,6.94664207040217e-05,259.537,24.99,40.016,663.342,663.342,1,1,1,6.935,tp4pp1dp1etp1ep1,144,144,1,5.633,tp4pp1dp1etp1ep1,8
qwen3_32b__h200_sxm__analytical,qwen3_32b,h200_sxm,ANALYTICAL,prefill,9.400500000000001,9.505440000000002,0.9889600060596878,9.400500000000001,9.401,5.318866017752616e-05,172.334,15.894,62.916,601.632,601.632,1,1,1,10.445,tp8pp1dp1etp1ep1,168,168,1,10.332,tp8pp1dp1etp1ep1,16
qwen3_32b__h200_sxm__analytical,qwen3_32b,h200_sxm,ANALYTICAL,prefill,18.7245,19.393600000000003,0.9654989274812308,18.7245,18.724,2.6702982723107947e-05,259.537,14.838,67.393,599.184,599.184,1,1,3,6.935,tp4pp1dp1etp1ep1,64,64,5,4.216,tp4pp1dp1etp1ep1,32
qwen3_32b__h200_sxm__analytical,qwen3_32b,h200_sxm,ANALYTICAL,decode,9.400500000000001,9.237720000000001,1.0176212312128967,9.237720000000001,9.238,3.0310509519479003e-05,172.334,14.798,67.578,591.214,591.214,1,1,1,10.445,tp8pp1dp1etp1ep1,152,152,1,10.041,tp8pp1dp1etp1ep1,16
qwen3_32b__h200_sxm__analytical,qwen3_32b,h200_sxm,ANALYTICAL,decode,18.7245,18.216,1.0279150197628457,18.216,18.216,0.0,259.537,13.823,72.342,582.912,582.912,1,1,3,6.935,tp4pp1dp1etp1ep1,56,56,5,3.96,tp4pp1dp1etp1ep1,32
qwen3_32b__h200_sxm__analytical,qwen3_32b,h200_sxm,ANALYTICAL,decode,9.400500000000001,8.92676,1.0530696467699368,8.92676,8.927,2.6885454520990365e-05,172.334,13.701,72.986,571.313,571.313,1,1,1,10.445,tp8pp1dp1etp1ep1,136,136,1,9.703,tp8pp1dp1etp1ep1,16
qwen3_32b__h200_sxm__analytical,qwen3_32b,h200_sxm,ANALYTICAL,decode,9.400500000000001,8.659040000000001,1.0856284299414254,8.659040000000001,8.659,4.619449731178288e-06,172.334,12.879,77.647,554.179,554.179,1,1,1,10.445,tp8pp1dp1etp1ep1,124,124,1,9.412,tp8pp1dp1etp1ep1,16
qwen3_32b__h200_sxm__analytical,qwen3_32b,h200_sxm,ANALYTICAL,decode,18.7245,16.8498,1.1112594808246983,16.8498,16.85,1.1869577087151575e-05,259.537,12.808,78.075,539.194,539.194,1,1,3,6.935,tp4pp1dp1etp1ep1,48,48,5,3.663,tp4pp1dp1etp1ep1,32
qwen3_32b__h200_sxm__analytical,qwen3_32b,h200_sxm,ANALYTICAL,decode,9.400500000000001,8.243200000000002,1.1403945069875776,8.243200000000002,8.243,2.426242236040739e-05,172.334,11.782,84.873,527.565,527.565,1,1,1,10.445,tp8pp1dp1etp1ep1,108,108,1,8.96,tp8pp1dp1etp1ep1,16
qwen3_32b__h200_sxm__analytical,qwen3_32b,h200_sxm,ANALYTICAL,decode,9.400500000000001,7.87704,1.1934051369549985,7.87704,7.877,5.07804962273418e-06,172.334,10.96,91.241,504.131,504.131,1,1,1,10.445,tp8pp1dp1etp1ep1,96,96,1,8.562,tp8pp1dp1etp1ep1,16
qwen3_32b__h200_sxm__analytical,qwen3_32b,h200_sxm,ANALYTICAL,decode,9.400500000000001,7.293760000000001,1.2888414206115912,7.293760000000001,7.294,3.290483920486933e-05,172.334,9.863,101.384,466.801,466.801,1,1,1,10.445,tp8pp1dp1etp1ep1,80,80,1,7.928,tp8pp1dp1etp1ep1,16
qwen3_32b__h200_sxm__analytical,qwen3_32b,h200_sxm,ANALYTICAL,decode,9.400500000000001,6.56512,1.4318854796256582,6.56512,6.565,1.827841684537342e-05,172.334,8.767,114.065,420.168,420.168,1,1,1,10.445,tp8pp1dp1etp1ep1,64,64,1,7.136,tp8pp1dp1etp1ep1,16
qwen3_32b__h200_sxm__analytical,qwen3_32b,h200_sxm,ANALYTICAL,decode,6.241499999999999,4.93488,1.264772395681354,4.93488,4.935,2.4316700710026985e-05,259.537,8.748,114.317,315.832,315.832,1,1,1,6.935,tp4pp1dp1etp1ep1,16,16,3,1.788,tp4pp1dp1etp1ep1,16
qwen3_32b__h200_sxm__analytical,qwen3_32b,h200_sxm,ANALYTICAL,prefill,9.400500000000001,9.455760000000001,0.9941559430442396,9.400500000000001,9.401,5.318866017752616e-05,172.334,6.848,146.027,401.088,300.81600000000003,1,1,1,10.445,tp8pp1dp1etp1ep1,36,36,2,5.139,tp8pp1dp1etp1ep1,24
qwen3_32b__h200_sxm__analytical,qwen3_32b,h200_sxm,ANALYTICAL,prefill,9.400500000000001,10.07952,0.9326336968427068,9.400500000000001,9.401,5.318866017752616e-05,172.334,5.889,169.82,300.816,300.816,1,1,1,10.445,tp8pp1dp1etp1ep1,22,22,3,3.652,tp8pp1dp1etp1ep1,32
qwen3_32b__h200_sxm__analytical,qwen3_32b,h200_sxm,ANALYTICAL,decode,9.400500000000001,4.3469999999999995,2.162525879917185,4.3469999999999995,4.347,2.0431985730391658e-16,172.334,4.964,201.463,139.104,139.104,1,1,1,10.445,tp8pp1dp1etp1ep1,8,8,3,1.575,tp8pp1dp1etp1ep1,32
qwen3_32b__b200_sxm__silicon,qwen3_32b,b200_sxm,SILICON,decode,51.3396,49.852959999999996,1.0298204961149748,49.852959999999996,49.853,8.023595791622227e-07,410.252,30.165,33.151,1595.295,1595.295,1,1,13,4.388,tp1pp1dp1etp1ep1,88,88,19,2.852,tp1pp1dp1etp1ep1,32
qwen3_32b__b200_sxm__silicon,qwen3_32b,b200_sxm,SILICON,decode,51.3396,48.54196000000001,1.057633437133564,48.54196000000001,48.542,8.240293550441774e-07,410.252,29.568,33.821,1553.343,1553.343,1,1,13,4.388,tp1pp1dp1etp1ep1,84,84,19,2.777,tp1pp1dp1etp1ep1,32
qwen3_32b__b200_sxm__silicon,qwen3_32b,b200_sxm,SILICON,prefill,48.144600000000004,51.02964,0.943463445950236,48.144600000000004,48.145,8.30830456580941e-06,235.534,29.183,34.267,1540.627,1540.627,1,1,7,7.642,tp2pp1dp1etp1ep1,184,184,9,6.163,tp2pp1dp1etp1ep1,32
qwen3_32b__b200_sxm__silicon,qwen3_32b,b200_sxm,SILICON,decode,48.144600000000004,47.10492,1.0220715797840227,47.10492,47.105,1.6983363945203895e-06,235.534,24.742,40.417,1507.357,1507.357,1,1,7,7.642,tp2pp1dp1etp1ep1,144,144,9,5.689,tp2pp1dp1etp1ep1,32
qwen3_32b__b200_sxm__silicon,qwen3_32b,b200_sxm,SILICON,decode,10.677600000000002,10.469600000000002,1.0198670436310844,10.469600000000002,10.47,3.82058531366115e-05,151.717,24.739,40.422,1340.109,1340.109,1,1,1,11.864,tp4pp1dp1etp1ep1,288,288,1,11.38,tp4pp1dp1etp1ep1,8
qwen3_32b__b200_sxm__silicon,qwen3_32b,b200_sxm,SILICON,prefill,20.6334,21.4728,0.9609086844752432,20.6334,20.633,1.9386043987060807e-05,235.534,17.589,56.853,1320.538,1320.538,1,1,3,7.642,tp2pp1dp1etp1ep1,84,84,5,4.668,tp2pp1dp1etp1ep1,16
qwen3_32b__b200_sxm__silicon,qwen3_32b,b200_sxm,SILICON,decode,20.6334,20.355,1.0136772291820193,20.355,20.355,0.0,235.534,16.79,59.559,1302.72,1302.72,1,1,3,7.642,tp2pp1dp1etp1ep1,76,76,5,4.425,tp2pp1dp1etp1ep1,16
qwen3_32b__b200_sxm__silicon,qwen3_32b,b200_sxm,SILICON,decode,20.6334,18.703599999999998,1.103177997818602,18.703599999999998,18.704,2.1386257191269087e-05,235.534,15.387,64.988,1197.03,1197.03,1,1,3,7.642,tp2pp1dp1etp1ep1,64,64,5,4.066,tp2pp1dp1etp1ep1,16
qwen3_32b__b200_sxm__silicon,qwen3_32b,b200_sxm,SILICON,prefill,34.389,34.51932,0.9962247228508557,34.389,34.389,0.0,235.534,13.754,72.707,1100.448,1100.448,1,1,5,7.642,tp2pp1dp1etp1ep1,48,48,11,3.411,tp2pp1dp1etp1ep1,32
qwen3_32b__b200_sxm__silicon,qwen3_32b,b200_sxm,SILICON,prefill,32.0328,33.212,0.9644947609297844,32.0328,32.033,6.2436003096680235e-06,151.717,11.915,83.927,1025.05,1025.05,1,1,3,11.864,tp4pp1dp1etp1ep1,88,88,5,7.22,tp4pp1dp1etp1ep1,32
qwen3_32b__b200_sxm__silicon,qwen3_32b,b200_sxm,SILICON,prefill,6.877800000000001,7.24776,0.9489552634193186,6.877800000000001,6.878,2.9079065980332936e-05,235.534,11.913,83.94,880.358,880.358,1,1,1,7.642,tp2pp1dp1etp1ep1,32,32,3,2.626,tp2pp1dp1etp1ep1,8
qwen3_32b__b200_sxm__silicon,qwen3_32b,b200_sxm,SILICON,decode,13.8132,12.171600000000002,1.1348713398402839,12.171600000000002,12.172,3.2863386900577386e-05,117.275,11.821,84.592,778.982,778.982,1,1,1,15.348,tp8pp1dp1etp1ep1,160,160,1,13.23,tp8pp1dp1etp1ep1,16
qwen3_32b__b200_sxm__silicon,qwen3_32b,b200_sxm,SILICON,decode,13.8132,10.86612,1.2712173250433456,10.86612,10.866,1.1043500347942609e-05,117.275,10.593,94.398,695.432,695.432,1,1,1,15.348,tp8pp1dp1etp1ep1,128,128,1,11.811,tp8pp1dp1etp1ep1,16
qwen3_32b__b200_sxm__silicon,qwen3_32b,b200_sxm,SILICON,decode,10.677600000000002,10.34448,1.0322026820101156,10.34448,10.344,4.6401559092517764e-05,151.717,7.824,127.808,662.047,662.047,1,1,1,11.864,tp4pp1dp1etp1ep1,30,30,3,3.748,tp4pp1dp1etp1ep1,16
qwen3_32b__b200_sxm__silicon,qwen3_32b,b200_sxm,SILICON,decode,13.8132,11.233200000000002,1.2296763166328382,11.233200000000002,11.233,1.7804365630569225e-05,117.275,7.686,130.109,359.462,359.462,1,1,1,15.348,tp8pp1dp1etp1ep1,32,32,3,4.07,tp8pp1dp1etp1ep1,32
qwen3_32b__b200_sxm__silicon,qwen3_32b,b200_sxm,SILICON,prefill,10.677600000000002,11.578199999999999,0.9222158884800749,10.677600000000002,10.678,3.746160185800814e-05,151.717,6.99,143.061,455.578,341.6835,1,1,1,11.864,tp4pp1dp1etp1ep1,18,18,5,2.517,tp4pp1dp1etp1ep1,24
qwen3_32b__b200_sxm__silicon,qwen3_32b,b200_sxm,SILICON,decode,13.8132,8.53392,1.618623094662242,8.53392,8.534,9.374355513119891e-06,117.275,6.954,143.798,273.085,273.085,1,1,1,15.348,tp8pp1dp1etp1ep1,22,22,3,3.092,tp8pp1dp1etp1ep1,32
qwen3_32b__b200_sxm__silicon,qwen3_32b,b200_sxm,SILICON,decode,13.8132,7.58172,1.821908485145851,7.58172,7.582,3.6930933877808466e-05,117.275,5.693,175.64,242.615,242.615,1,1,1,15.348,tp8pp1dp1etp1ep1,16,16,3,2.747,tp8pp1dp1etp1ep1,32
qwen3_32b__b200_sxm__silicon,qwen3_32b,b200_sxm,SILICON,decode,13.8132,4.50984,3.062902453302113,4.50984,4.51,3.547797704578434e-05,117.275,4.786,208.955,144.315,144.315,1,1,1,15.348,tp8pp1dp1etp1ep1,8,8,3,1.634,tp8pp1dp1etp1ep1,32
qwen3_32b__b200_sxm__empirical,qwen3_32b,b200_sxm,EMPIRICAL,prefill,60.423300000000005,60.485400000000006,0.9989733059548255,60.423300000000005,60.423,4.9649721217287625e-06,187.672,29.975,33.361,1933.546,1933.546,1,1,7,9.591,tp2pp1dp1etp1ep1,224,224,9,7.305,tp2pp1dp1etp1ep1,32
qwen3_32b__b200_sxm__empirical,qwen3_32b,b200_sxm,EMPIRICAL,decode,14.0715,13.59852,1.0347817262466799,13.59852,13.599,3.529795889549685e-05,115.126,29.627,33.753,1740.611,1740.611,1,1,1,15.635,tp4pp1dp1etp1ep1,448,448,1,14.781,tp4pp1dp1etp1ep1,8
qwen3_32b__b200_sxm__empirical,qwen3_32b,b200_sxm,EMPIRICAL,decode,14.0715,13.54424,1.038928725421286,13.54424,13.544,1.7719709633009745e-05,115.126,24.966,40.055,1733.663,1733.663,1,1,1,15.635,tp4pp1dp1etp1ep1,376,376,1,14.722,tp4pp1dp1etp1ep1,8
qwen3_32b__b200_sxm__empirical,qwen3_32b,b200_sxm,EMPIRICAL,decode,14.0715,13.35472,1.0536724094552339,13.35472,13.355,2.0966369942616392e-05,115.126,19.933,50.168,1709.404,1709.404,1,1,1,15.635,tp4pp1dp1etp1ep1,296,296,1,14.516,tp4pp1dp1etp1ep1,8
qwen3_32b__b200_sxm__empirical,qwen3_32b,b200_sxm,EMPIRICAL,decode,14.0715,13.1606,1.069214169566737,13.1606,13.161,3.0393751044714357e-05,115.126,18.586,53.803,1684.557,1684.557,1,1,1,15.635,tp4pp1dp1etp1ep1,272,272,1,14.305,tp4pp1dp1etp1ep1,8
qwen3_32b__b200_sxm__empirical,qwen3_32b,b200_sxm,EMPIRICAL,decode,14.0715,13.01524,1.0811556298616083,13.01524,13.015,1.8439921200054393e-05,115.126,17.688,56.534,1665.951,1665.951,1,1,1,15.635,tp4pp1dp1etp1ep1,256,256,1,14.147,tp4pp1dp1etp1ep1,8
qwen3_32b__b200_sxm__empirical,qwen3_32b,b200_sxm,EMPIRICAL,prefill,25.895699999999998,26.082,0.9928571428571428,25.895699999999998,25.896,1.1584934950700447e-05,187.672,15.86,63.051,1657.325,1657.325,1,1,3,9.591,tp2pp1dp1etp1ep1,92,92,5,5.67,tp2pp1dp1etp1ep1,16
qwen3_32b__b200_sxm__empirical,qwen3_32b,b200_sxm,EMPIRICAL,decode,14.0715,12.47428,1.1280410572794581,12.47428,12.474,2.2446185270817874e-05,115.126,14.995,66.688,1596.708,1596.708,1,1,1,15.635,tp4pp1dp1etp1ep1,208,208,1,13.559,tp4pp1dp1etp1ep1,8
qwen3_32b__b200_sxm__empirical,qwen3_32b,b200_sxm,EMPIRICAL,decode,25.895699999999998,24.679000000000002,1.0493010251630939,24.679000000000002,24.679,1.4395695444712105e-16,187.672,14.577,68.602,1579.456,1579.456,1,1,3,9.591,tp2pp1dp1etp1ep1,80,80,5,5.365,tp2pp1dp1etp1ep1,16
qwen3_32b__b200_sxm__empirical,qwen3_32b,b200_sxm,EMPIRICAL,decode,14.0715,11.8496,1.1875084391034296,11.8496,11.85,3.375641371852786e-05,115.126,12.751,78.427,1516.749,1516.749,1,1,1,15.635,tp4pp1dp1etp1ep1,168,168,1,12.88,tp4pp1dp1etp1ep1,8
qwen3_32b__b200_sxm__empirical,qwen3_32b,b200_sxm,EMPIRICAL,decode,14.0715,11.53312,1.220094822563192,11.53312,11.533,1.0404816736562712e-05,115.126,11.853,84.368,1476.239,1476.239,1,1,1,15.635,tp4pp1dp1etp1ep1,152,152,1,12.536,tp4pp1dp1etp1ep1,8
qwen3_32b__b200_sxm__empirical,qwen3_32b,b200_sxm,EMPIRICAL,decode,14.0715,11.164200000000001,1.2604127478905787,11.164200000000001,11.164,1.791440497315618e-05,115.126,10.955,91.282,1429.018,1429.018,1,1,1,15.635,tp4pp1dp1etp1ep1,136,136,1,12.135,tp4pp1dp1etp1ep1,8
qwen3_32b__b200_sxm__empirical,qwen3_32b,b200_sxm,EMPIRICAL,decode,14.0715,10.609440000000001,1.326318825498801,10.609440000000001,10.609,4.147249996240199e-05,115.126,9.833,101.7,1358.008,1358.008,1,1,1,15.635,tp4pp1dp1etp1ep1,116,116,1,11.532,tp4pp1dp1etp1ep1,8
qwen3_32b__b200_sxm__empirical,qwen3_32b,b200_sxm,EMPIRICAL,prefill,42.2145,46.0414,0.9168813285434413,42.2145,42.214,1.1844271518136835e-05,115.126,7.813,127.994,1350.864,1350.864,1,1,3,15.635,tp4pp1dp1etp1ep1,80,80,5,10.009,tp4pp1dp1etp1ep1,32
qwen3_32b__b200_sxm__empirical,qwen3_32b,b200_sxm,EMPIRICAL,decode,42.2145,41.6162,1.0143766129536094,41.6162,41.616,4.805820810154072e-06,115.126,6.915,144.612,1331.718,1331.718,1,1,3,15.635,tp4pp1dp1etp1ep1,64,64,5,9.047,tp4pp1dp1etp1ep1,32
qwen3_32b__b200_sxm__empirical,qwen3_32b,b200_sxm,EMPIRICAL,prefill,20.544300000000003,20.8932,0.9833007868588824,20.544300000000003,20.544,1.4602590499693515e-05,78.853,6.887,145.201,1314.835,1314.835,1,1,1,22.827,tp8pp1dp1etp1ep1,160,160,1,22.71,tp8pp1dp1etp1ep1,16
qwen3_32b__b200_sxm__empirical,qwen3_32b,b200_sxm,EMPIRICAL,decode,20.544300000000003,19.49572,1.0537851384816772,19.49572,19.496,1.4362126661649736e-05,78.853,5.905,169.361,1247.726,1247.726,1,1,1,22.827,tp8pp1dp1etp1ep1,128,128,1,21.191,tp8pp1dp1etp1ep1,16
qwen3_32b__b200_sxm__empirical,qwen3_32b,b200_sxm,EMPIRICAL,decode,20.544300000000003,17.54072,1.1712347041626572,17.54072,17.541,1.5962856712840633e-05,78.853,4.922,203.167,1122.606,1122.606,1,1,1,22.827,tp8pp1dp1etp1ep1,96,96,1,19.066,tp8pp1dp1etp1ep1,16
qwen3_32b__b200_sxm__empirical,qwen3_32b,b200_sxm,EMPIRICAL,decode,20.544300000000003,14.609600000000002,1.4062191983353411,14.609600000000002,14.61,2.7379257474351887e-05,78.853,3.94,253.834,935.014,935.014,1,1,1,22.827,tp8pp1dp1etp1ep1,64,64,1,15.88,tp8pp1dp1etp1ep1,16
qwen3_32b__b200_sxm__empirical,qwen3_32b,b200_sxm,EMPIRICAL,decode,20.544300000000003,19.46352,1.0555284963870875,19.46352,19.464,2.4661520629341037e-05,78.853,2.957,338.169,830.444,622.833,1,1,1,22.827,tp8pp1dp1etp1ep1,32,32,2,10.578,tp8pp1dp1etp1ep1,24
qwen3_32b__b200_sxm__analytical,qwen3_32b,b200_sxm,ANALYTICAL,decode,11.4606,10.74468,1.06663018349546,10.74468,10.745,2.978218057667084e-05,141.352,39.507,25.312,1375.319,1375.319,1,1,1,12.734,tp4pp1dp1etp1ep1,472,472,1,11.679,tp4pp1dp1etp1ep1,8
qwen3_32b__b200_sxm__analytical,qwen3_32b,b200_sxm,ANALYTICAL,prefill,42.480900000000005,44.068920000000006,0.963965080151726,42.480900000000005,42.481,2.3539990912672334e-06,419.51,37.705,26.522,1359.389,1359.389,1,1,11,4.291,tp1pp1dp1etp1ep1,88,88,21,2.281,tp1pp1dp1etp1ep1,32
qwen3_32b__b200_sxm__analytical,qwen3_32b,b200_sxm,ANALYTICAL,decode,11.4606,10.541360000000001,1.0872031692305355,10.541360000000001,10.541,3.4151191117709866e-05,141.352,34.807,28.73,1349.294,1349.294,1,1,1,12.734,tp4pp1dp1etp1ep1,408,408,1,11.458,tp4pp1dp1etp1ep1,8
qwen3_32b__b200_sxm__analytical,qwen3_32b,b200_sxm,ANALYTICAL,decode,42.480900000000005,41.75052,1.0174939138482588,41.75052,41.751,1.1496862793470335e-05,419.51,34.371,29.094,1336.017,1336.017,1,1,11,4.291,tp1pp1dp1etp1ep1,76,76,21,2.161,tp1pp1dp1etp1ep1,32
qwen3_32b__b200_sxm__analytical,qwen3_32b,b200_sxm,ANALYTICAL,prefill,20.763,21.9006,0.948056217637873,20.763,20.763,0.0,234.072,24.638,40.588,1328.832,1328.832,1,1,3,7.69,tp2pp1dp1etp1ep1,120,120,5,4.761,tp2pp1dp1etp1ep1,16
qwen3_32b__b200_sxm__analytical,qwen3_32b,b200_sxm,ANALYTICAL,decode,20.763,19.3292,1.0741779276948866,19.3292,19.329,1.03470397119143e-05,234.072,19.542,51.172,1237.069,1237.069,1,1,3,7.69,tp2pp1dp1etp1ep1,84,84,5,4.202,tp2pp1dp1etp1ep1,16
qwen3_32b__b200_sxm__analytical,qwen3_32b,b200_sxm,ANALYTICAL,decode,20.763,18.956600000000005,1.095291349714611,18.956600000000005,18.957,2.1100830317436403e-05,234.072,18.976,52.699,1213.222,1213.222,1,1,3,7.69,tp2pp1dp1etp1ep1,80,80,5,4.121,tp2pp1dp1etp1ep1,16
qwen3_32b__b200_sxm__analytical,qwen3_32b,b200_sxm,ANALYTICAL,decode,11.4606,9.113520000000001,1.2575382508624546,9.113520000000001,9.114,5.266900165902876e-05,141.352,18.947,52.78,1166.531,1166.531,1,1,1,12.734,tp4pp1dp1etp1ep1,192,192,1,9.906,tp4pp1dp1etp1ep1,8
qwen3_32b__b200_sxm__analytical,qwen3_32b,b200_sxm,ANALYTICAL,decode,11.4606,8.90652,1.2867652012233732,8.90652,8.907,5.389310303009389e-05,141.352,17.772,56.269,1140.035,1140.035,1,1,1,12.734,tp4pp1dp1etp1ep1,176,176,1,9.681,tp4pp1dp1etp1ep1,8
qwen3_32b__b200_sxm__analytical,qwen3_32b,b200_sxm,ANALYTICAL,decode,11.4606,8.67008,1.3218563150513027,8.67008,8.67,9.227135159136258e-06,141.352,16.597,60.252,1109.77,1109.77,1,1,1,12.734,tp4pp1dp1etp1ep1,160,160,1,9.424,tp4pp1dp1etp1ep1,8
qwen3_32b__b200_sxm__analytical,qwen3_32b,b200_sxm,ANALYTICAL,prefill,34.605000000000004,35.561679999999996,0.9730980088679727,34.605000000000004,34.605,2.0532950029189425e-16,234.072,15.579,64.19,1107.36,1107.36,1,1,5,7.69,tp2pp1dp1etp1ep1,56,56,11,3.514,tp2pp1dp1etp1ep1,32
qwen3_32b__b200_sxm__analytical,qwen3_32b,b200_sxm,ANALYTICAL,prefill,34.3818,36.2848,0.9475537966310963,34.3818,34.382,5.817031103651755e-06,141.352,11.897,84.052,1100.218,1100.218,1,1,3,12.734,tp4pp1dp1etp1ep1,96,96,5,7.888,tp4pp1dp1etp1ep1,32
qwen3_32b__b200_sxm__analytical,qwen3_32b,b200_sxm,ANALYTICAL,decode,34.3818,33.5478,1.0248600504354979,33.5478,33.548,5.961642790273397e-06,141.352,10.723,93.261,1073.53,1073.53,1,1,3,12.734,tp4pp1dp1etp1ep1,80,80,5,7.293,tp4pp1dp1etp1ep1,32
qwen3_32b__b200_sxm__analytical,qwen3_32b,b200_sxm,ANALYTICAL,decode,34.3818,31.068399999999997,1.1066485560891453,31.068399999999997,31.068,1.2874818143049372e-05,141.352,9.841,101.612,994.189,994.189,1,1,3,12.734,tp4pp1dp1etp1ep1,68,68,5,6.754,tp4pp1dp1etp1ep1,32
qwen3_32b__b200_sxm__analytical,qwen3_32b,b200_sxm,ANALYTICAL,decode,17.054100000000002,14.76508,1.1550292988592004,14.76508,14.765,5.418189403562171e-06,94.993,9.746,102.611,944.965,944.965,1,1,1,18.949,tp8pp1dp1etp1ep1,160,160,1,16.049,tp8pp1dp1etp1ep1,16
qwen3_32b__b200_sxm__analytical,qwen3_32b,b200_sxm,ANALYTICAL,decode,17.054100000000002,13.89752,1.2271326107104001,13.89752,13.898,3.453853637192764e-05,94.993,8.801,113.628,889.441,889.441,1,1,1,18.949,tp8pp1dp1etp1ep1,136,136,1,15.106,tp8pp1dp1etp1ep1,16
qwen3_32b__b200_sxm__analytical,qwen3_32b,b200_sxm,ANALYTICAL,decode,17.054100000000002,12.82204,1.3300613630904288,12.82204,12.822,3.1196283898866365e-06,94.993,7.856,127.295,820.611,820.611,1,1,1,18.949,tp8pp1dp1etp1ep1,112,112,1,13.937,tp8pp1dp1etp1ep1,16
qwen3_32b__b200_sxm__analytical,qwen3_32b,b200_sxm,ANALYTICAL,decode,17.054100000000002,11.45124,1.4892797635889214,11.45124,11.451,2.0958428956147626e-05,94.993,6.911,144.699,732.879,732.879,1,1,1,18.949,tp8pp1dp1etp1ep1,88,88,1,12.447,tp8pp1dp1etp1ep1,16
qwen3_32b__b200_sxm__analytical,qwen3_32b,b200_sxm,ANALYTICAL,decode,11.4606,10.94064,1.0475255560917824,10.94064,10.941,3.2904839205072284e-05,141.352,6.904,144.839,700.201,700.201,1,1,1,12.734,tp4pp1dp1etp1ep1,28,28,3,3.964,tp4pp1dp1etp1ep1,16
qwen3_32b__b200_sxm__analytical,qwen3_32b,b200_sxm,ANALYTICAL,prefill,17.054100000000002,19.294240000000002,0.8838959191966099,17.054100000000002,17.054,5.863692601973698e-06,94.993,5.966,167.616,727.642,545.7315000000001,1,1,1,18.949,tp8pp1dp1etp1ep1,64,64,2,10.486,tp8pp1dp1etp1ep1,24
qwen3_32b__b200_sxm__analytical,qwen3_32b,b200_sxm,ANALYTICAL,decode,17.054100000000002,13.312400000000002,1.2810687779814307,13.312400000000002,13.312,3.004717406347619e-05,94.993,4.864,205.607,567.996,425.997,1,1,1,18.949,tp8pp1dp1etp1ep1,36,36,2,7.235,tp8pp1dp1etp1ep1,24
qwen3_32b__b200_sxm__analytical,qwen3_32b,b200_sxm,ANALYTICAL,decode,17.054100000000002,8.80992,1.935783752860412,8.80992,8.81,9.080672696292827e-06,94.993,3.982,251.155,281.917,281.917,1,1,1,18.949,tp8pp1dp1etp1ep1,13,13,3,3.192,tp8pp1dp1etp1ep1,32
qwen3_32b__b300_sxm__silicon,qwen3_32b,b300_sxm,SILICON,decode,29.005200000000002,28.55772,1.0156693181388432,28.55772,28.558,9.80470429712379e-06,390.991,45.348,22.052,1827.694,1827.694,1,1,7,4.604,tp1pp1dp1etp1ep1,160,160,9,3.449,tp1pp1dp1etp1ep1,16
qwen3_32b__b300_sxm__silicon,qwen3_32b,b300_sxm,SILICON,decode,29.005200000000002,28.069200000000002,1.0333461587790176,28.069200000000002,28.069,7.125247602464145e-06,390.991,43.83,22.815,1796.429,1796.429,1,1,7,4.604,tp1pp1dp1etp1ep1,152,152,9,3.39,tp1pp1dp1etp1ep1,16
qwen3_32b__b300_sxm__silicon,qwen3_32b,b300_sxm,SILICON,prefill,52.371900000000004,54.57348,0.9596584274999506,52.371900000000004,52.372,1.9094208916654583e-06,216.526,34.409,29.062,1675.901,1675.901,1,1,7,8.313,tp2pp1dp1etp1ep1,232,232,9,6.591,tp2pp1dp1etp1ep1,32
qwen3_32b__b300_sxm__silicon,qwen3_32b,b300_sxm,SILICON,decode,52.371900000000004,50.16024,1.0440918942971564,50.16024,50.16,4.784666102178239e-06,216.526,29.691,33.68,1605.128,1605.128,1,1,7,8.313,tp2pp1dp1etp1ep1,184,184,9,6.058,tp2pp1dp1etp1ep1,32
qwen3_32b__b300_sxm__silicon,qwen3_32b,b300_sxm,SILICON,decode,45.5796,45.34404,1.0051949495457397,45.34404,45.344,8.821445993450449e-07,390.991,24.987,40.02,1451.009,1451.009,1,1,11,4.604,tp1pp1dp1etp1ep1,60,60,21,2.347,tp1pp1dp1etp1ep1,32
qwen3_32b__b300_sxm__silicon,qwen3_32b,b300_sxm,SILICON,prefill,22.4451,23.4968,0.9552407136290899,22.4451,22.445,4.455315414044355e-06,216.526,19.901,50.249,1436.486,1436.486,1,1,3,8.313,tp2pp1dp1etp1ep1,104,104,5,5.108,tp2pp1dp1etp1ep1,16
qwen3_32b__b300_sxm__silicon,qwen3_32b,b300_sxm,SILICON,decode,22.4451,22.162799999999997,1.0127375602360713,22.162799999999997,22.163,9.024130525163185e-06,216.526,18.664,53.578,1418.419,1418.419,1,1,3,8.313,tp2pp1dp1etp1ep1,92,92,5,4.818,tp2pp1dp1etp1ep1,16
qwen3_32b__b300_sxm__silicon,qwen3_32b,b300_sxm,SILICON,decode,22.4451,21.1508,1.0611939028310986,21.1508,21.151,9.455907105146561e-06,216.526,17.86,55.992,1353.651,1353.651,1,1,3,8.313,tp2pp1dp1etp1ep1,84,84,5,4.598,tp2pp1dp1etp1ep1,16
qwen3_32b__b300_sxm__silicon,qwen3_32b,b300_sxm,SILICON,decode,22.4451,20.2446,1.108695652173913,20.2446,20.245,1.9758355314633062e-05,216.526,16.881,59.239,1295.654,1295.654,1,1,3,8.313,tp2pp1dp1etp1ep1,76,76,5,4.401,tp2pp1dp1etp1ep1,16
qwen3_32b__b300_sxm__silicon,qwen3_32b,b300_sxm,SILICON,prefill,37.408500000000004,37.82856,0.9888956915092724,37.408500000000004,37.408,1.3365946242228032e-05,216.526,14.646,68.28,1197.072,1197.072,1,1,5,8.313,tp2pp1dp1etp1ep1,56,56,11,3.738,tp2pp1dp1etp1ep1,32
qwen3_32b__b300_sxm__silicon,qwen3_32b,b300_sxm,SILICON,prefill,34.983900000000006,37.87180000000001,0.9237453725463273,34.983900000000006,34.984,2.858457747598587e-06,138.922,12.824,77.982,1119.485,1119.485,1,1,3,12.957,tp4pp1dp1etp1ep1,108,108,5,8.233,tp4pp1dp1etp1ep1,32
qwen3_32b__b300_sxm__silicon,qwen3_32b,b300_sxm,SILICON,decode,34.983900000000006,31.716999999999995,1.1030015449128232,31.716999999999995,31.717,1.1201291669453294e-16,138.922,11.909,83.97,1014.944,1014.944,1,1,3,12.957,tp4pp1dp1etp1ep1,84,84,5,6.895,tp4pp1dp1etp1ep1,32
qwen3_32b__b300_sxm__silicon,qwen3_32b,b300_sxm,SILICON,decode,14.7312,12.13756,1.2136871002079495,12.13756,12.138,3.6251108130409224e-05,109.971,11.855,84.355,776.804,776.804,1,1,1,16.368,tp8pp1dp1etp1ep1,160,160,1,13.193,tp8pp1dp1etp1ep1,16
qwen3_32b__b300_sxm__silicon,qwen3_32b,b300_sxm,SILICON,decode,11.6613,10.97376,1.0626530924678506,10.97376,10.974,2.187035255006451e-05,138.922,8.852,112.971,702.321,702.321,1,1,1,12.957,tp4pp1dp1etp1ep1,36,36,3,3.976,tp4pp1dp1etp1ep1,16
qwen3_32b__b300_sxm__silicon,qwen3_32b,b300_sxm,SILICON,decode,11.6613,9.7428,1.1969146446606724,9.7428,9.743,2.0527979636196357e-05,138.922,7.754,128.958,623.539,623.539,1,1,1,12.957,tp4pp1dp1etp1ep1,28,28,3,3.53,tp4pp1dp1etp1ep1,16
qwen3_32b__b300_sxm__silicon,qwen3_32b,b300_sxm,SILICON,prefill,11.6613,12.88,0.9053804347826087,11.6613,11.661,2.5726119729453593e-05,138.922,6.982,143.224,497.549,373.16175,1,1,1,12.957,tp4pp1dp1etp1ep1,20,20,5,2.8,tp4pp1dp1etp1ep1,24
qwen3_32b__b300_sxm__silicon,qwen3_32b,b300_sxm,SILICON,decode,14.7312,8.52564,1.7278702830520642,8.52564,8.526,4.222556898961041e-05,109.971,6.962,143.645,272.82,272.82,1,1,1,16.368,tp8pp1dp1etp1ep1,22,22,3,3.089,tp8pp1dp1etp1ep1,32
qwen3_32b__b300_sxm__silicon,qwen3_32b,b300_sxm,SILICON,decode,14.7312,7.5182400000000005,1.9593947519632253,7.5182400000000005,7.518,3.192236480887602e-05,109.971,5.741,174.192,240.584,240.584,1,1,1,16.368,tp8pp1dp1etp1ep1,16,16,3,2.724,tp8pp1dp1etp1ep1,32
qwen3_32b__b300_sxm__silicon,qwen3_32b,b300_sxm,SILICON,decode,14.7312,4.968000000000001,2.965217391304347,4.968000000000001,4.968,1.7877987514092696e-16,109.971,4.888,204.568,158.976,158.976,1,1,1,16.368,tp8pp1dp1etp1ep1,9,9,3,1.8,tp8pp1dp1etp1ep1,32
qwen3_32b__b300_sxm__empirical,qwen3_32b,b300_sxm,EMPIRICAL,prefill,60.29100000000001,61.92612000000001,0.9735956329897626,60.29100000000001,60.291,2.357044121875902e-16,188.096,39.732,25.168,1929.312,1929.312,1,1,7,9.57,tp2pp1dp1etp1ep1,304,304,9,7.479,tp2pp1dp1etp1ep1,32
qwen3_32b__b300_sxm__empirical,qwen3_32b,b300_sxm,EMPIRICAL,decode,60.29100000000001,60.17076000000001,1.0019983128017662,60.17076000000001,60.171,3.988648306767508e-06,188.096,34.437,29.038,1925.464,1925.464,1,1,7,9.57,tp2pp1dp1etp1ep1,256,256,9,7.267,tp2pp1dp1etp1ep1,32
qwen3_32b__b300_sxm__empirical,qwen3_32b,b300_sxm,EMPIRICAL,decode,60.29100000000001,57.769560000000006,1.0436465155697916,57.769560000000006,57.77,7.616467911432135e-06,188.096,29.142,34.315,1848.626,1848.626,1,1,7,9.57,tp2pp1dp1etp1ep1,208,208,9,6.977,tp2pp1dp1etp1ep1,32
qwen3_32b__b300_sxm__empirical,qwen3_32b,b300_sxm,EMPIRICAL,decode,14.0328,13.194640000000001,1.0635227637889324,13.194640000000001,13.195,2.728380615149831e-05,115.445,24.537,40.754,1688.914,1688.914,1,1,1,15.592,tp4pp1dp1etp1ep1,360,360,1,14.342,tp4pp1dp1etp1ep1,8
qwen3_32b__b300_sxm__empirical,qwen3_32b,b300_sxm,EMPIRICAL,prefill,25.839000000000002,26.4684,0.9762207009112754,25.839000000000002,25.839,1.3749424044276097e-16,188.096,17.669,56.595,1653.696,1653.696,1,1,3,9.57,tp2pp1dp1etp1ep1,104,104,5,5.754,tp2pp1dp1etp1ep1,16
qwen3_32b__b300_sxm__empirical,qwen3_32b,b300_sxm,EMPIRICAL,decode,25.839000000000002,25.714000000000002,1.0048611651240569,25.714000000000002,25.714,1.3816262264916002e-16,188.096,16.787,59.57,1645.696,1645.696,1,1,3,9.57,tp2pp1dp1etp1ep1,96,96,5,5.59,tp2pp1dp1etp1ep1,16
qwen3_32b__b300_sxm__empirical,qwen3_32b,b300_sxm,EMPIRICAL,decode,25.839000000000002,24.8814,1.0384865803371195,24.8814,24.881,1.6076265804941354e-05,188.096,15.904,62.876,1592.41,1592.41,1,1,3,9.57,tp2pp1dp1etp1ep1,88,88,5,5.409,tp2pp1dp1etp1ep1,16
qwen3_32b__b300_sxm__empirical,qwen3_32b,b300_sxm,EMPIRICAL,decode,14.0328,12.215760000000001,1.1487455549224934,12.215760000000001,12.216,1.964675140949229e-05,115.445,15.901,62.888,1563.617,1563.617,1,1,1,15.592,tp4pp1dp1etp1ep1,216,216,1,13.278,tp4pp1dp1etp1ep1,8
qwen3_32b__b300_sxm__empirical,qwen3_32b,b300_sxm,EMPIRICAL,decode,14.0328,12.009680000000001,1.1684574443282418,12.009680000000001,12.01,2.6645172893744348e-05,115.445,14.976,66.773,1537.239,1537.239,1,1,1,15.592,tp4pp1dp1etp1ep1,200,200,1,13.054,tp4pp1dp1etp1ep1,8
qwen3_32b__b300_sxm__empirical,qwen3_32b,b300_sxm,EMPIRICAL,decode,25.839000000000002,23.436999999999998,1.1024875197337545,23.436999999999998,23.437,1.5158568412341601e-16,188.096,14.581,68.584,1499.968,1499.968,1,1,3,9.57,tp2pp1dp1etp1ep1,76,76,5,5.095,tp2pp1dp1etp1ep1,16
qwen3_32b__b300_sxm__empirical,qwen3_32b,b300_sxm,EMPIRICAL,decode,14.0328,11.64812,1.2047265996572838,11.64812,11.648,1.0302091668079153e-05,115.445,13.588,73.593,1490.959,1490.959,1,1,1,15.592,tp4pp1dp1etp1ep1,176,176,1,12.661,tp4pp1dp1etp1ep1,8
qwen3_32b__b300_sxm__empirical,qwen3_32b,b300_sxm,EMPIRICAL,decode,14.0328,11.03264,1.2719349131304927,11.03264,11.033,3.263044928492235e-05,115.445,11.738,85.194,1412.178,1412.178,1,1,1,15.592,tp4pp1dp1etp1ep1,144,144,1,11.992,tp4pp1dp1etp1ep1,8
qwen3_32b__b300_sxm__empirical,qwen3_32b,b300_sxm,EMPIRICAL,decode,14.0328,10.64624,1.3180991598911915,10.64624,10.646,2.254317017085806e-05,115.445,10.813,92.484,1362.719,1362.719,1,1,1,15.592,tp4pp1dp1etp1ep1,128,128,1,11.572,tp4pp1dp1etp1ep1,8
qwen3_32b__b300_sxm__empirical,qwen3_32b,b300_sxm,EMPIRICAL,prefill,42.098400000000005,43.7828,0.9615282713759742,42.098400000000005,42.098,9.501548752593285e-06,115.445,7.806,128.111,1347.149,1347.149,1,1,3,15.592,tp4pp1dp1etp1ep1,76,76,5,9.518,tp4pp1dp1etp1ep1,32
qwen3_32b__b300_sxm__empirical,qwen3_32b,b300_sxm,EMPIRICAL,decode,20.475,20.04772,1.0213131468316596,20.04772,20.048,1.3966675512053502e-05,79.119,6.818,146.661,1283.054,1283.054,1,1,1,22.75,tp8pp1dp1etp1ep1,152,152,1,21.791,tp8pp1dp1etp1ep1,16
qwen3_32b__b300_sxm__empirical,qwen3_32b,b300_sxm,EMPIRICAL,decode,20.475,18.79192,1.0895640253896355,18.79192,18.792,4.2571488171790905e-06,79.119,5.934,168.515,1202.683,1202.683,1,1,1,22.75,tp8pp1dp1etp1ep1,124,124,1,20.426,tp8pp1dp1etp1ep1,16
qwen3_32b__b300_sxm__empirical,qwen3_32b,b300_sxm,EMPIRICAL,decode,20.475,16.803800000000003,1.21847439269689,16.803800000000003,16.804,1.1902069769693827e-05,79.119,4.924,203.103,1075.443,1075.443,1,1,1,22.75,tp8pp1dp1etp1ep1,92,92,1,18.265,tp8pp1dp1etp1ep1,16
qwen3_32b__b300_sxm__empirical,qwen3_32b,b300_sxm,EMPIRICAL,prefill,14.0328,14.274719999999999,0.9830525572480582,14.0328,14.033,1.4252323128636758e-05,115.445,4.914,203.482,898.099,898.099,1,1,1,15.592,tp4pp1dp1etp1ep1,26,26,3,5.172,tp4pp1dp1etp1ep1,16
qwen3_32b__b300_sxm__empirical,qwen3_32b,b300_sxm,EMPIRICAL,decode,20.475,13.789880000000002,1.4847844941362796,13.789880000000002,13.79,8.702033665066949e-06,79.119,3.913,255.558,882.552,882.552,1,1,1,22.75,tp8pp1dp1etp1ep1,60,60,1,14.989,tp8pp1dp1etp1ep1,16
qwen3_32b__b300_sxm__empirical,qwen3_32b,b300_sxm,EMPIRICAL,decode,20.475,18.19576,1.125262148984159,18.19576,18.196,1.3189885995505122e-05,79.119,2.966,337.202,776.352,582.264,1,1,1,22.75,tp8pp1dp1etp1ep1,30,30,2,9.889,tp8pp1dp1etp1ep1,24
qwen3_32b__b300_sxm__analytical,qwen3_32b,b300_sxm,ANALYTICAL,prefill,48.2139,48.30552,0.9981033223532217,48.2139,48.214,2.074090666720888e-06,235.19,58.979,16.955,1542.845,1542.845,1,1,7,7.653,tp2pp1dp1etp1ep1,352,352,9,5.834,tp2pp1dp1etp1ep1,32
qwen3_32b__b300_sxm__analytical,qwen3_32b,b300_sxm,ANALYTICAL,decode,48.2139,47.67624000000001,1.0112773154930002,47.67624000000001,47.676,5.033954019971478e-06,235.19,54.33,18.406,1525.64,1525.64,1,1,7,7.653,tp2pp1dp1etp1ep1,320,320,9,5.758,tp2pp1dp1etp1ep1,32
qwen3_32b__b300_sxm__analytical,qwen3_32b,b300_sxm,ANALYTICAL,decode,48.2139,46.922760000000004,1.0275162842083458,46.922760000000004,46.923,5.114788644104046e-06,235.19,49.68,20.129,1501.528,1501.528,1,1,7,7.653,tp2pp1dp1etp1ep1,288,288,9,5.667,tp2pp1dp1etp1ep1,32
qwen3_32b__b300_sxm__analytical,qwen3_32b,b300_sxm,ANALYTICAL,decode,11.531699999999999,11.380400000000002,1.0132947875294362,11.380400000000002,11.38,3.514814945000563e-05,421.42,48.992,20.411,1456.691,1456.691,1,1,3,4.271,tp1pp1dp1etp1ep1,124,124,5,2.474,tp1pp1dp1etp1ep1,8
qwen3_32b__b300_sxm__analytical,qwen3_32b,b300_sxm,ANALYTICAL,prefill,42.282900000000005,43.58592,0.9701045658781552,42.282900000000005,42.283,2.365022266595106e-06,421.42,39.864,25.085,1353.053,1353.053,1,1,11,4.271,tp1pp1dp1etp1ep1,92,92,21,2.256,tp1pp1dp1etp1ep1,32
qwen3_32b__b300_sxm__analytical,qwen3_32b,b300_sxm,ANALYTICAL,prefill,20.6631,21.1278,0.9780052821401187,20.6631,20.663,4.8395448891873405e-06,235.19,24.688,40.506,1322.438,1322.438,1,1,3,7.653,tp2pp1dp1etp1ep1,116,116,5,4.593,tp2pp1dp1etp1ep1,16
qwen3_32b__b300_sxm__analytical,qwen3_32b,b300_sxm,ANALYTICAL,decode,20.6631,18.4874,1.1176855588130294,18.4874,18.487,2.1636357735680543e-05,235.19,19.457,51.395,1183.194,1183.194,1,1,3,7.653,tp2pp1dp1etp1ep1,80,80,5,4.019,tp2pp1dp1etp1ep1,16
qwen3_32b__b300_sxm__analytical,qwen3_32b,b300_sxm,ANALYTICAL,prefill,34.438500000000005,34.69136,0.9927111534399343,34.438500000000005,34.439,1.4518634667458859e-05,235.19,15.97,62.618,1102.032,1102.032,1,1,5,7.653,tp2pp1dp1etp1ep1,56,56,11,3.428,tp2pp1dp1etp1ep1,32
qwen3_32b__b300_sxm__analytical,qwen3_32b,b300_sxm,ANALYTICAL,prefill,34.206300000000006,34.8542,0.981411135530295,34.206300000000006,34.206,8.770314240442651e-06,142.074,11.869,84.254,1094.602,1094.602,1,1,3,12.669,tp4pp1dp1etp1ep1,92,92,5,7.577,tp4pp1dp1etp1ep1,32
qwen3_32b__b300_sxm__analytical,qwen3_32b,b300_sxm,ANALYTICAL,decode,34.206300000000006,32.8072,1.0426461264600455,32.8072,32.807,6.096222780351078e-06,142.074,10.965,91.2,1049.83,1049.83,1,1,3,12.669,tp4pp1dp1etp1ep1,80,80,5,7.132,tp4pp1dp1etp1ep1,32
qwen3_32b__b300_sxm__analytical,qwen3_32b,b300_sxm,ANALYTICAL,decode,16.9605,15.161600000000002,1.118648427606585,15.161600000000002,15.162,2.6382439847975658e-05,95.517,10.914,91.623,970.342,970.342,1,1,1,18.845,tp8pp1dp1etp1ep1,184,184,1,16.48,tp8pp1dp1etp1ep1,16
qwen3_32b__b300_sxm__analytical,qwen3_32b,b300_sxm,ANALYTICAL,decode,16.9605,14.467,1.1723577797746596,14.467,14.467,0.0,95.517,9.946,100.541,925.888,925.888,1,1,1,18.845,tp8pp1dp1etp1ep1,160,160,1,15.725,tp8pp1dp1etp1ep1,16
qwen3_32b__b300_sxm__analytical,qwen3_32b,b300_sxm,ANALYTICAL,decode,16.9605,13.62336,1.2449571911775068,13.62336,13.623,2.642519906987572e-05,95.517,8.978,111.384,871.895,871.895,1,1,1,18.845,tp8pp1dp1etp1ep1,136,136,1,14.808,tp8pp1dp1etp1ep1,16
qwen3_32b__b300_sxm__analytical,qwen3_32b,b300_sxm,ANALYTICAL,decode,16.9605,12.374920000000001,1.3705543146945596,12.374920000000001,12.375,6.4646882564693535e-06,95.517,7.848,127.415,791.995,791.995,1,1,1,18.845,tp8pp1dp1etp1ep1,108,108,1,13.451,tp8pp1dp1etp1ep1,16
qwen3_32b__b300_sxm__analytical,qwen3_32b,b300_sxm,ANALYTICAL,decode,11.4021,10.1706,1.1210843018111025,10.1706,10.171,3.932904646717674e-05,142.074,6.897,144.987,650.918,650.918,1,1,1,12.669,tp4pp1dp1etp1ep1,26,26,3,3.685,tp4pp1dp1etp1ep1,16
qwen3_32b__b300_sxm__analytical,qwen3_32b,b300_sxm,ANALYTICAL,prefill,16.9605,18.25464,0.9291062436728416,16.9605,16.96,2.9480262963876933e-05,95.517,5.912,169.147,723.648,542.736,1,1,1,18.845,tp8pp1dp1etp1ep1,60,60,2,9.921,tp8pp1dp1etp1ep1,24
qwen3_32b__b300_sxm__analytical,qwen3_32b,b300_sxm,ANALYTICAL,decode,16.9605,13.09712,1.2949793542397106,13.09712,13.097,9.162319655068148e-06,95.517,4.944,202.273,558.81,419.1075,1,1,1,18.845,tp8pp1dp1etp1ep1,36,36,2,7.118,tp8pp1dp1etp1ep1,24
qwen3_32b__b300_sxm__analytical,qwen3_32b,b300_sxm,ANALYTICAL,decode,16.9605,8.09784,2.0944474081977416,8.09784,8.098,1.9758355314633062e-05,95.517,3.998,250.15,259.131,259.131,1,1,1,18.845,tp8pp1dp1etp1ep1,12,12,3,2.934,tp8pp1dp1etp1ep1,32
qwen3_32b__rtx_pro_6000_server__silicon,qwen3_32b,rtx_pro_6000_server,SILICON,prefill,7.3835999999999995,7.559640000000001,0.9767131768179436,7.3835999999999995,7.384,5.417411560767704e-05,1535.828,68.489,14.601,236.275,236.275,1,1,7,1.172,tp2pp1dp1etp1ep1,64,64,9,0.913,tp2pp1dp1etp1ep1,32
qwen3_32b__rtx_pro_6000_server__silicon,qwen3_32b,rtx_pro_6000_server,SILICON,decode,7.3835999999999995,7.095960000000001,1.040535741464157,7.095960000000001,7.096,5.637010355099785e-06,1535.828,63.862,15.659,227.071,227.071,1,1,7,1.172,tp2pp1dp1etp1ep1,56,56,9,0.857,tp2pp1dp1etp1ep1,32
qwen3_32b__rtx_pro_6000_server__silicon,qwen3_32b,rtx_pro_6000_server,SILICON,prefill,3.1644,3.2798000000000003,0.9648149277394963,3.1644,3.164,0.00012640626975096573,1535.828,54.825,18.24,202.522,202.522,1,1,3,1.172,tp2pp1dp1etp1ep1,40,40,5,0.713,tp2pp1dp1etp1ep1,16
qwen3_32b__rtx_pro_6000_server__silicon,qwen3_32b,rtx_pro_6000_server,SILICON,decode,3.1644,2.8888000000000003,1.0954029354749377,2.8888000000000003,2.889,6.92328994736686e-05,1535.828,49.837,20.065,184.883,184.883,1,1,3,1.172,tp2pp1dp1etp1ep1,32,32,5,0.628,tp2pp1dp1etp1ep1,16
qwen3_32b__rtx_pro_6000_server__silicon,qwen3_32b,rtx_pro_6000_server,SILICON,prefill,5.274,5.3737200000000005,0.9814430227105244,5.274,5.274,0.0,1535.828,44.221,22.614,168.768,168.768,1,1,5,1.172,tp2pp1dp1etp1ep1,24,24,11,0.531,tp2pp1dp1etp1ep1,32
qwen3_32b__rtx_pro_6000_server__silicon,qwen3_32b,rtx_pro_6000_server,SILICON,decode,5.274,4.47304,1.179063902849069,4.47304,4.473,8.94246418548952e-06,1535.828,39.773,25.142,143.137,143.137,1,1,5,1.172,tp2pp1dp1etp1ep1,18,18,11,0.442,tp2pp1dp1etp1ep1,32
qwen3_32b__rtx_pro_6000_server__silicon,qwen3_32b,rtx_pro_6000_server,SILICON,prefill,0.8982,1.01292,0.8867432768629309,0.8982,0.898,0.0002226675573368715,1803.105,39.056,25.604,114.97,114.97,1,1,1,0.998,tp4pp1dp1etp1ep1,44,44,1,1.101,tp4pp1dp1etp1ep1,8
qwen3_32b__rtx_pro_6000_server__silicon,qwen3_32b,rtx_pro_6000_server,SILICON,prefill,3.1644,3.39664,0.931626548589194,3.1644,3.164,0.00012640626975096573,1535.828,34.447,29.03,101.261,101.261,1,1,3,1.172,tp2pp1dp1etp1ep1,10,10,13,0.284,tp2pp1dp1etp1ep1,32
qwen3_32b__rtx_pro_6000_server__silicon,qwen3_32b,rtx_pro_6000_server,SILICON,decode,0.8982,0.7258800000000001,1.2373946106794511,0.7258800000000001,0.726,0.0001653165812529591,1803.105,29.749,33.615,92.913,92.913,1,1,1,0.998,tp4pp1dp1etp1ep1,24,24,1,0.789,tp4pp1dp1etp1ep1,8
qwen3_32b__rtx_pro_6000_server__silicon,qwen3_32b,rtx_pro_6000_server,SILICON,prefill,1.7964,1.8768,0.9571611253196931,1.7964,1.796,0.0002226675573368715,1803.105,24.923,40.124,76.646,57.4845,1,1,2,0.998,tp4pp1dp1etp1ep1,13,13,4,0.51,tp4pp1dp1etp1ep1,24
qwen3_32b__rtx_pro_6000_server__silicon,qwen3_32b,rtx_pro_6000_server,SILICON,prefill,0.8766,1.1702400000000002,0.7490771123872025,0.8766,0.877,0.0004563084645219666,1848.528,24.593,40.662,56.102,56.102,1,1,1,0.974,tp8pp1dp1etp1ep1,32,32,1,1.272,tp8pp1dp1etp1ep1,16
qwen3_32b__rtx_pro_6000_server__silicon,qwen3_32b,rtx_pro_6000_server,SILICON,decode,0.8766,0.67804,1.2928440799952807,0.67804,0.678,5.8993569700797865e-05,1848.528,19.899,50.255,43.395,43.395,1,1,1,0.974,tp8pp1dp1etp1ep1,15,15,1,0.737,tp8pp1dp1etp1ep1,16
qwen3_32b__rtx_pro_6000_server__silicon,qwen3_32b,rtx_pro_6000_server,SILICON,prefill,0.8766,1.13896,0.7696495048114069,0.8766,0.877,0.0004563084645219666,1848.528,18.942,52.792,37.402,28.0515,1,1,1,0.974,tp8pp1dp1etp1ep1,12,12,2,0.619,tp8pp1dp1etp1ep1,24
qwen3_32b__rtx_pro_6000_server__silicon,qwen3_32b,rtx_pro_6000_server,SILICON,decode,0.8766,0.81144,1.080301685891748,0.81144,0.811,0.0005422458838607857,1848.528,17.724,56.419,34.621,25.96575,1,1,1,0.974,tp8pp1dp1etp1ep1,8,8,2,0.441,tp8pp1dp1etp1ep1,24
qwen3_32b__rtx_pro_6000_server__silicon,qwen3_32b,rtx_pro_6000_server,SILICON,decode,0.8766,0.7948799999999999,1.102807971014493,0.7948799999999999,0.795,0.00015096618357503022,1848.528,16.943,59.02,25.436,25.436,1,1,1,0.974,tp8pp1dp1etp1ep1,5,5,3,0.288,tp8pp1dp1etp1ep1,32
qwen3_32b__rtx_pro_6000_server__silicon,qwen3_32b,rtx_pro_6000_server,SILICON,decode,0.8766,0.17388,5.041407867494824,0.17388,0.174,0.0006901311249136256,1848.528,15.608,64.071,5.564,5.564,1,1,1,0.974,tp8pp1dp1etp1ep1,1,1,3,0.063,tp8pp1dp1etp1ep1,32
qwen3_32b__rtx_pro_6000_server__empirical,qwen3_32b,rtx_pro_6000_server,EMPIRICAL,decode,11.2014,10.73916,1.043042472595622,10.73916,10.739,1.4898744408247184e-05,1012.309,72.373,13.817,343.653,343.653,1,1,7,1.778,tp2pp1dp1etp1ep1,96,96,9,1.297,tp2pp1dp1etp1ep1,32
qwen3_32b__rtx_pro_6000_server__empirical,qwen3_32b,rtx_pro_6000_server,EMPIRICAL,prefill,4.8006,4.949600000000001,0.9698965572975592,4.8006,4.801,8.332291796857808e-05,1012.309,54.503,18.348,307.238,307.238,1,1,3,1.778,tp2pp1dp1etp1ep1,60,60,5,1.076,tp2pp1dp1etp1ep1,16
qwen3_32b__rtx_pro_6000_server__empirical,qwen3_32b,rtx_pro_6000_server,EMPIRICAL,decode,4.8006,4.4482,1.079223056517243,4.4482,4.448,4.496200710389234e-05,1012.309,48.546,20.599,284.685,284.685,1,1,3,1.778,tp2pp1dp1etp1ep1,48,48,5,0.967,tp2pp1dp1etp1ep1,16
qwen3_32b__rtx_pro_6000_server__empirical,qwen3_32b,rtx_pro_6000_server,EMPIRICAL,decode,1.9728,1.96604,1.00343838375618,1.96604,1.966,2.0345466012919374e-05,821.216,34.768,28.762,251.653,251.653,1,1,1,2.192,tp4pp1dp1etp1ep1,76,76,1,2.137,tp4pp1dp1etp1ep1,8
qwen3_32b__rtx_pro_6000_server__empirical,qwen3_32b,rtx_pro_6000_server,EMPIRICAL,decode,1.9728,1.7397200000000002,1.1339755822776079,1.7397200000000002,1.74,0.00016094543949591653,821.216,28.953,34.538,222.684,222.684,1,1,1,2.192,tp4pp1dp1etp1ep1,56,56,1,1.891,tp4pp1dp1etp1ep1,8
qwen3_32b__rtx_pro_6000_server__empirical,qwen3_32b,rtx_pro_6000_server,EMPIRICAL,decode,5.918400000000001,5.4924,1.077561721651737,5.4924,5.492,7.282790765420508e-05,821.216,19.65,50.89,175.757,175.757,1,1,3,2.192,tp4pp1dp1etp1ep1,24,24,5,1.194,tp4pp1dp1etp1ep1,32
qwen3_32b__rtx_pro_6000_server__empirical,qwen3_32b,rtx_pro_6000_server,EMPIRICAL,prefill,2.3265000000000002,2.43892,0.953905827169403,2.3265000000000002,2.327,0.00021491510853201067,696.377,13.273,75.341,148.896,148.896,1,1,1,2.585,tp8pp1dp1etp1ep1,36,36,1,2.651,tp8pp1dp1etp1ep1,16
qwen3_32b__rtx_pro_6000_server__empirical,qwen3_32b,rtx_pro_6000_server,EMPIRICAL,decode,2.3265000000000002,2.2954000000000003,1.0135488368040428,2.2954000000000003,2.295,0.00017426156661165808,696.377,12.537,79.764,146.906,146.906,1,1,1,2.585,tp8pp1dp1etp1ep1,32,32,1,2.495,tp8pp1dp1etp1ep1,16
qwen3_32b__rtx_pro_6000_server__empirical,qwen3_32b,rtx_pro_6000_server,EMPIRICAL,decode,2.3265000000000002,2.13348,1.0904719050565275,2.13348,2.133,0.0002249845323134203,696.377,11.801,84.739,136.543,136.543,1,1,1,2.585,tp8pp1dp1etp1ep1,28,28,1,2.319,tp8pp1dp1etp1ep1,16
qwen3_32b__rtx_pro_6000_server__empirical,qwen3_32b,rtx_pro_6000_server,EMPIRICAL,decode,2.3265000000000002,1.8492,1.2581116158338743,1.8492,1.849,0.0001081548777849762,696.377,10.697,93.484,118.349,118.349,1,1,1,2.585,tp8pp1dp1etp1ep1,22,22,1,2.01,tp8pp1dp1etp1ep1,16
qwen3_32b__rtx_pro_6000_server__empirical,qwen3_32b,rtx_pro_6000_server,EMPIRICAL,decode,2.3265000000000002,1.6247200000000002,1.4319390418041262,1.6247200000000002,1.625,0.00017233738736510654,696.377,9.961,100.392,103.982,103.982,1,1,1,2.585,tp8pp1dp1etp1ep1,18,18,1,1.766,tp8pp1dp1etp1ep1,16
qwen3_32b__rtx_pro_6000_server__empirical,qwen3_32b,rtx_pro_6000_server,EMPIRICAL,prefill,2.3265000000000002,2.37912,0.9778825784323617,2.3265000000000002,2.327,0.00021491510853201067,696.377,7.937,125.992,74.448,74.448,1,1,1,2.585,tp8pp1dp1etp1ep1,7,7,3,0.862,tp8pp1dp1etp1ep1,32
qwen3_32b__rtx_pro_6000_server__empirical,qwen3_32b,rtx_pro_6000_server,EMPIRICAL,decode,2.3265000000000002,0.39468,5.894648829431439,0.39468,0.395,0.0008107834194791793,696.377,6.833,146.349,12.63,12.63,1,1,1,2.585,tp8pp1dp1etp1ep1,1,1,3,0.143,tp8pp1dp1etp1ep1,32
qwen3_32b__rtx_pro_6000_server__analytical,qwen3_32b,rtx_pro_6000_server,ANALYTICAL,prefill,4.563000000000001,4.6276,0.9860402800587779,4.563000000000001,4.563,1.946479113960388e-16,1065.092,77.727,12.866,292.032,292.032,1,1,3,1.69,tp2pp1dp1etp1ep1,80,80,5,1.006,tp2pp1dp1etp1ep1,16
qwen3_32b__rtx_pro_6000_server__analytical,qwen3_32b,rtx_pro_6000_server,ANALYTICAL,decode,4.563000000000001,4.4574,1.0236909409072554,4.4574,4.457,8.973841252747251e-05,1065.092,72.662,13.762,285.274,285.274,1,1,3,1.69,tp2pp1dp1etp1ep1,72,72,5,0.969,tp2pp1dp1etp1ep1,16
qwen3_32b__rtx_pro_6000_server__analytical,qwen3_32b,rtx_pro_6000_server,ANALYTICAL,decode,4.563000000000001,4.2596,1.0712273452906378,4.2596,4.26,9.390553103576766e-05,1065.092,67.597,14.794,272.614,272.614,1,1,3,1.69,tp2pp1dp1etp1ep1,64,64,5,0.926,tp2pp1dp1etp1ep1,16
qwen3_32b__rtx_pro_6000_server__analytical,qwen3_32b,rtx_pro_6000_server,ANALYTICAL,prefill,1.8909,1.92924,0.980126889345027,1.8909,1.891,5.2884869638790515e-05,856.613,63.403,15.772,242.035,242.035,1,1,1,2.101,tp4pp1dp1etp1ep1,136,136,1,2.097,tp4pp1dp1etp1ep1,8
qwen3_32b__rtx_pro_6000_server__analytical,qwen3_32b,rtx_pro_6000_server,ANALYTICAL,decode,1.8909,1.8869200000000002,1.0021092574141988,1.8869200000000002,1.887,4.2397133953669447e-05,856.613,59.093,16.922,241.526,241.526,1,1,1,2.101,tp4pp1dp1etp1ep1,124,124,1,2.051,tp4pp1dp1etp1ep1,8
qwen3_32b__rtx_pro_6000_server__analytical,qwen3_32b,rtx_pro_6000_server,ANALYTICAL,decode,1.8909,1.83816,1.0286917352134743,1.83816,1.838,8.704356530440112e-05,856.613,54.784,18.254,235.284,235.284,1,1,1,2.101,tp4pp1dp1etp1ep1,112,112,1,1.998,tp4pp1dp1etp1ep1,8
qwen3_32b__rtx_pro_6000_server__analytical,qwen3_32b,rtx_pro_6000_server,ANALYTICAL,decode,7.6049999999999995,7.14472,1.064422398638435,7.14472,7.145,3.918977930544091e-05,1065.092,49.87,20.052,228.631,228.631,1,1,5,1.69,tp2pp1dp1etp1ep1,36,36,11,0.706,tp2pp1dp1etp1ep1,32
qwen3_32b__rtx_pro_6000_server__analytical,qwen3_32b,rtx_pro_6000_server,ANALYTICAL,decode,1.8909,1.76088,1.0738380809595203,1.76088,1.761,6.81477443096054e-05,856.613,49.038,20.392,225.393,225.393,1,1,1,2.101,tp4pp1dp1etp1ep1,96,96,1,1.914,tp4pp1dp1etp1ep1,8
qwen3_32b__rtx_pro_6000_server__analytical,qwen3_32b,rtx_pro_6000_server,ANALYTICAL,decode,1.8909,1.6891200000000002,1.1194586530264279,1.6891200000000002,1.689,7.104290991766127e-05,856.613,44.728,22.357,216.207,216.207,1,1,1,2.101,tp4pp1dp1etp1ep1,84,84,1,1.836,tp4pp1dp1etp1ep1,8
qwen3_32b__rtx_pro_6000_server__analytical,qwen3_32b,rtx_pro_6000_server,ANALYTICAL,decode,1.8909,1.5686000000000002,1.2054698457223,1.5686000000000002,1.569,0.0002550044625779254,856.613,38.982,25.653,200.781,200.781,1,1,1,2.101,tp4pp1dp1etp1ep1,68,68,1,1.705,tp4pp1dp1etp1ep1,8
qwen3_32b__rtx_pro_6000_server__analytical,qwen3_32b,rtx_pro_6000_server,ANALYTICAL,decode,1.8909,1.45268,1.3016631329680315,1.45268,1.453,0.0002202825123221205,856.613,34.673,28.841,185.943,185.943,1,1,1,2.101,tp4pp1dp1etp1ep1,56,56,1,1.579,tp4pp1dp1etp1ep1,8
qwen3_32b__rtx_pro_6000_server__analytical,qwen3_32b,rtx_pro_6000_server,ANALYTICAL,prefill,5.6727,6.219200000000001,0.9121269616670953,5.6727,5.673,5.288486963882966e-05,856.613,28.926,34.57,181.526,181.526,1,1,3,2.101,tp4pp1dp1etp1ep1,40,40,5,1.352,tp4pp1dp1etp1ep1,32
qwen3_32b__rtx_pro_6000_server__analytical,qwen3_32b,rtx_pro_6000_server,ANALYTICAL,decode,5.6727,5.115200000000001,1.1089888958398497,5.115200000000001,5.115,3.909915545832461e-05,856.613,24.617,40.623,163.686,163.686,1,1,3,2.101,tp4pp1dp1etp1ep1,28,28,5,1.112,tp4pp1dp1etp1ep1,32
qwen3_32b__rtx_pro_6000_server__analytical,qwen3_32b,rtx_pro_6000_server,ANALYTICAL,prefill,2.2401,2.29908,0.9743462602432277,2.2401,2.24,4.4640864247027784e-05,723.08,18.778,53.253,143.366,143.366,1,1,1,2.489,tp8pp1dp1etp1ep1,48,48,1,2.499,tp8pp1dp1etp1ep1,16
qwen3_32b__rtx_pro_6000_server__analytical,qwen3_32b,rtx_pro_6000_server,ANALYTICAL,decode,2.2401,2.2098400000000002,1.0136932990623755,2.2098400000000002,2.21,7.240343192254458e-05,723.08,17.905,55.849,141.43,141.43,1,1,1,2.489,tp8pp1dp1etp1ep1,44,44,1,2.402,tp8pp1dp1etp1ep1,16
qwen3_32b__rtx_pro_6000_server__analytical,qwen3_32b,rtx_pro_6000_server,ANALYTICAL,decode,2.2401,2.00376,1.1179482572763204,2.00376,2.004,0.00011977482333203373,723.08,16.159,61.883,128.241,128.241,1,1,1,2.489,tp8pp1dp1etp1ep1,36,36,1,2.178,tp8pp1dp1etp1ep1,16
qwen3_32b__rtx_pro_6000_server__analytical,qwen3_32b,rtx_pro_6000_server,ANALYTICAL,decode,2.2401,1.88232,1.1900739512941476,1.88232,1.882,0.00017000297505211545,723.08,15.286,65.417,120.468,120.468,1,1,1,2.489,tp8pp1dp1etp1ep1,32,32,1,2.046,tp8pp1dp1etp1ep1,16
qwen3_32b__rtx_pro_6000_server__analytical,qwen3_32b,rtx_pro_6000_server,ANALYTICAL,decode,2.2401,1.8170000000000002,1.2328563566318105,1.8170000000000002,1.817,1.2220396528620324e-16,723.08,14.85,67.34,116.288,116.288,1,1,1,2.489,tp8pp1dp1etp1ep1,30,30,1,1.975,tp8pp1dp1etp1ep1,16
qwen3_32b__rtx_pro_6000_server__analytical,qwen3_32b,rtx_pro_6000_server,ANALYTICAL,decode,2.2401,1.67256,1.339324149806285,1.67256,1.673,0.0002630697852393911,723.08,13.977,71.546,107.044,107.044,1,1,1,2.489,tp8pp1dp1etp1ep1,26,26,1,1.818,tp8pp1dp1etp1ep1,16
qwen3_32b__rtx_pro_6000_server__analytical,qwen3_32b,rtx_pro_6000_server,ANALYTICAL,prefill,2.2401,2.4324800000000004,0.920911991054397,2.2401,2.24,4.4640864247027784e-05,723.08,11.829,84.536,95.578,71.68350000000001,1,1,1,2.489,tp8pp1dp1etp1ep1,16,16,2,1.322,tp8pp1dp1etp1ep1,24
qwen3_32b__rtx_pro_6000_server__analytical,qwen3_32b,rtx_pro_6000_server,ANALYTICAL,decode,2.2401,1.97064,1.1367373036170991,1.97064,1.971,0.00018268176835958776,723.08,10.951,91.317,84.081,63.06075,1,1,1,2.489,tp8pp1dp1etp1ep1,12,12,2,1.071,tp8pp1dp1etp1ep1,24
qwen3_32b__rtx_pro_6000_server__analytical,qwen3_32b,rtx_pro_6000_server,ANALYTICAL,decode,2.2401,1.91268,1.1711838885751928,1.91268,1.913,0.0001673045151306533,723.08,9.881,101.208,61.206,61.206,1,1,1,2.489,tp8pp1dp1etp1ep1,7,7,3,0.693,tp8pp1dp1etp1ep1,32
qwen3_32b__rtx_pro_6000_server__analytical,qwen3_32b,rtx_pro_6000_server,ANALYTICAL,decode,2.2401,0.6072000000000001,3.6892292490118574,0.6072000000000001,0.607,0.0003293807641635194,723.08,8.896,112.415,19.43,19.43,1,1,1,2.489,tp8pp1dp1etp1ep1,2,2,3,0.22,tp8pp1dp1etp1ep1,32
deepseek_v3__a100_sxm__empirical,deepseek_v3,a100_sxm,EMPIRICAL,prefill,5.6727,5.84476,0.9705616654918251,5.6727,5.673,5.288486963882966e-05,4569.196,59.084,16.925,90.763,90.763,1,16,1,6.303,tp2pp1dp16etp1ep32,12,384,1,6.353,tp1pp1dp32etp1ep32,64
deepseek_v3__a100_sxm__empirical,deepseek_v3,a100_sxm,EMPIRICAL,decode,5.6727,4.27156,1.3280159941567016,4.27156,4.272,0.00010300686400289777,4569.196,53.893,18.555,68.345,68.345,1,16,1,6.303,tp2pp1dp16etp1ep32,8,256,1,4.643,tp1pp1dp32etp1ep32,64
deepseek_v3__a100_sxm__empirical,deepseek_v3,a100_sxm,EMPIRICAL,decode,5.6727,2.8777600000000003,1.9712206716334923,2.8777600000000003,2.878,8.339819859883934e-05,4569.196,49.999,20.0,46.044,46.044,1,16,1,6.303,tp2pp1dp16etp1ep32,5,160,1,3.128,tp1pp1dp32etp1ep32,64
deepseek_v3__a100_sxm__empirical,deepseek_v3,a100_sxm,EMPIRICAL,decode,5.6727,2.3404800000000003,2.4237335931091053,2.3404800000000003,2.34,0.00020508613617739948,4569.196,49.176,20.335,37.448,37.448,1,16,1,6.303,tp2pp1dp16etp1ep32,8,128,1,2.544,tp2pp1dp16etp1ep32,64
deepseek_v3__a100_sxm__empirical,deepseek_v3,a100_sxm,EMPIRICAL,decode,5.6727,1.3036400000000001,4.351431376760455,1.3036400000000001,1.304,0.0002761498573225092,4569.196,44.162,22.644,20.858,20.858,1,16,1,6.303,tp2pp1dp16etp1ep32,4,64,1,1.417,tp2pp1dp16etp1ep32,64
deepseek_v3__a100_sxm__empirical,deepseek_v3,a100_sxm,EMPIRICAL,decode,5.6727,0.36524,15.531431387580769,0.36524,0.365,0.0006571021793889441,4569.196,39.43,25.361,5.844,5.844,1,16,1,6.303,tp2pp1dp16etp1ep32,2,16,1,0.397,tp4pp1dp8etp1ep32,64
deepseek_v3__a100_sxm__empirical,deepseek_v3,a100_sxm,EMPIRICAL,decode,5.6727,0.34040000000000004,16.664806110458283,0.34040000000000004,0.34,0.0011750881316099043,4569.196,31.72,31.525,5.446,5.446,1,16,1,6.303,tp2pp1dp16etp1ep32,3,12,1,0.37,tp8pp1dp4etp1ep32,64
deepseek_v3__a100_sxm__empirical,deepseek_v3,a100_sxm,EMPIRICAL,decode,5.6727,0.31923999999999997,17.769389800776846,0.31923999999999997,0.319,0.000751785490539915,4569.196,22.564,44.318,5.108,5.108,1,16,1,6.303,tp2pp1dp16etp1ep32,1,8,1,0.347,tp4pp1dp8etp1ep32,64
deepseek_v3__a100_sxm__empirical,deepseek_v3,a100_sxm,EMPIRICAL,decode,5.6727,0.26404,21.484244811392212,0.26404,0.264,0.00015149219815173645,4569.196,13.645,73.287,4.225,4.225,1,16,1,6.303,tp2pp1dp16etp1ep32,1,4,1,0.287,tp8pp1dp4etp1ep32,64
deepseek_v3__a100_sxm__analytical,deepseek_v3,a100_sxm,ANALYTICAL,prefill,4.627800000000001,5.12072,0.9037400990485713,4.627800000000001,4.628,4.321707938967411e-05,2800.611,39.339,25.42,74.045,74.045,1,8,1,5.142,tp4pp1dp8etp1ep32,7,224,1,5.566,tp1pp1dp32etp1ep32,64
deepseek_v3__a100_sxm__analytical,deepseek_v3,a100_sxm,ANALYTICAL,decode,4.627800000000001,3.39572,1.3628332135747354,3.39572,3.396,8.24567396605309e-05,2800.611,33.897,29.502,54.332,54.332,1,8,1,5.142,tp4pp1dp8etp1ep32,4,128,1,3.691,tp1pp1dp32etp1ep32,64
deepseek_v3__a100_sxm__analytical,deepseek_v3,a100_sxm,ANALYTICAL,decode,4.627800000000001,1.9605199999999998,2.3604961948870713,1.9605199999999998,1.961,0.0002448330034890019,2800.611,29.353,34.068,31.368,31.368,1,8,1,5.142,tp4pp1dp8etp1ep32,4,64,1,2.131,tp2pp1dp16etp1ep32,64
deepseek_v3__a100_sxm__analytical,deepseek_v3,a100_sxm,ANALYTICAL,decode,4.627800000000001,1.01108,4.577085888357005,1.01108,1.011,7.912331368445624e-05,2800.611,28.454,35.144,16.177,16.177,1,8,1,5.142,tp4pp1dp8etp1ep32,1,32,1,1.099,tp1pp1dp32etp1ep32,64
deepseek_v3__a100_sxm__analytical,deepseek_v3,a100_sxm,ANALYTICAL,decode,4.627800000000001,0.4986400000000001,9.280843895395476,0.4986400000000001,0.499,0.0007219637413763755,2800.611,21.639,46.214,7.978,7.978,1,8,1,5.142,tp4pp1dp8etp1ep32,3,12,1,0.542,tp8pp1dp4etp1ep32,64
deepseek_v3__a100_sxm__analytical,deepseek_v3,a100_sxm,ANALYTICAL,decode,4.627800000000001,0.43516,10.63470907252505,0.43516,0.435,0.000367680853019564,2800.611,16.522,60.526,6.963,6.963,1,8,1,5.142,tp4pp1dp8etp1ep32,1,8,1,0.473,tp4pp1dp8etp1ep32,64
deepseek_v3__a100_sxm__analytical,deepseek_v3,a100_sxm,ANALYTICAL,decode,4.627800000000001,0.29808,15.525362318840582,0.29808,0.298,0.00026838432635542303,2800.611,12.061,82.914,4.769,4.769,1,8,1,5.142,tp4pp1dp8etp1ep32,1,4,1,0.324,tp8pp1dp4etp1ep32,64
deepseek_v3__h100_sxm__silicon,deepseek_v3,h100_sxm,SILICON,decode,8.019,4.9652400000000005,1.6150276723783743,4.9652400000000005,4.965,4.8336032095263085e-05,404.051,34.778,28.754,158.888,158.888,1,1,1,8.91,tp8pp2dp1etp8ep1,96,96,1,5.397,tp8pp2dp1etp2ep4,32
deepseek_v3__h100_sxm__silicon,deepseek_v3,h100_sxm,SILICON,decode,8.019,4.38196,1.8300030123506374,4.38196,4.382,9.128335265354742e-06,404.051,34.479,29.004,140.223,140.223,1,1,1,8.91,tp8pp2dp1etp8ep1,84,84,1,4.763,tp8pp2dp1etp1ep8,32
deepseek_v3__h100_sxm__silicon,deepseek_v3,h100_sxm,SILICON,decode,8.019,3.9210399999999996,2.04512068226797,3.9210399999999996,3.921,1.020137514532317e-05,404.051,29.355,34.066,125.473,125.473,1,1,1,8.91,tp8pp2dp1etp8ep1,64,64,1,4.262,tp8pp2dp1etp4ep2,32
deepseek_v3__h100_sxm__silicon,deepseek_v3,h100_sxm,SILICON,decode,8.019,2.6358,3.0423400865012518,2.6358,2.636,7.587829122087334e-05,404.051,24.57,40.701,84.346,84.346,1,1,1,8.91,tp8pp2dp1etp8ep1,36,36,1,2.865,tp8pp2dp1etp2ep4,32
deepseek_v3__h100_sxm__silicon,deepseek_v3,h100_sxm,SILICON,decode,8.019,2.36532,3.3902389528689563,2.36532,2.365,0.00013528824852446008,404.051,24.331,41.099,75.69,75.69,1,1,1,8.91,tp8pp2dp1etp8ep1,32,32,1,2.571,tp8pp2dp1etp1ep8,32
deepseek_v3__h100_sxm__silicon,deepseek_v3,h100_sxm,SILICON,decode,8.019,1.84644,4.342951842464418,1.84644,1.846,0.00023829639739173541,404.051,19.48,51.334,59.086,59.086,1,1,1,8.91,tp8pp2dp1etp8ep1,20,20,1,2.007,tp8pp2dp1etp2ep4,32
deepseek_v3__h100_sxm__silicon,deepseek_v3,h100_sxm,SILICON,decode,8.019,1.76364,4.546846295162278,1.76364,1.764,0.00020412329046739467,404.051,18.356,54.478,56.436,56.436,1,1,1,8.91,tp8pp2dp1etp8ep1,18,18,1,1.917,tp8pp2dp1etp2ep4,32
deepseek_v3__h100_sxm__silicon,deepseek_v3,h100_sxm,SILICON,decode,8.019,1.67348,4.791811076320004,1.67348,1.673,0.0002868274493869278,404.051,17.196,58.153,53.551,53.551,1,1,1,8.91,tp8pp2dp1etp8ep1,16,16,1,1.819,tp8pp2dp1etp2ep4,32
deepseek_v3__h100_sxm__silicon,deepseek_v3,h100_sxm,SILICON,decode,8.019,1.61,4.980745341614907,1.61,1.61,0.0,404.051,16.754,59.687,51.52,51.52,1,1,1,8.91,tp8pp2dp1etp8ep1,15,15,1,1.75,tp8pp2dp1etp2ep4,32
deepseek_v3__h100_sxm__silicon,deepseek_v3,h100_sxm,SILICON,decode,8.019,1.50328,5.334335586184876,1.50328,1.503,0.00018625937949022004,404.051,16.75,59.703,48.105,48.105,1,1,1,8.91,tp8pp2dp1etp8ep1,14,14,1,1.634,tp8pp2dp1etp8ep1,32
deepseek_v3__h100_sxm__silicon,deepseek_v3,h100_sxm,SILICON,decode,8.019,1.47292,5.444287537680254,1.47292,1.473,5.431387991206583e-05,404.051,15.87,63.013,47.133,47.133,1,1,1,8.91,tp8pp2dp1etp8ep1,13,13,1,1.601,tp8pp2dp1etp2ep4,32
deepseek_v3__h100_sxm__silicon,deepseek_v3,h100_sxm,SILICON,decode,8.019,1.3202,6.074079684896228,1.3202,1.32,0.0001514921981517785,404.051,14.986,66.73,42.246,42.246,1,1,1,8.91,tp8pp2dp1etp8ep1,11,11,1,1.435,tp8pp2dp1etp2ep4,32
deepseek_v3__h100_sxm__silicon,deepseek_v3,h100_sxm,SILICON,decode,8.019,1.2328000000000001,6.504704737183647,1.2328000000000001,1.233,0.00016223231667746428,404.051,14.594,68.521,39.45,39.45,1,1,1,8.91,tp8pp2dp1etp8ep1,10,10,1,1.34,tp8pp2dp1etp4ep2,32
deepseek_v3__h100_sxm__silicon,deepseek_v3,h100_sxm,SILICON,decode,8.019,1.0626,7.546583850931677,1.0626,1.063,0.0003764351590438132,404.051,13.541,73.848,34.003,34.003,1,1,1,8.91,tp8pp2dp1etp8ep1,8,8,1,1.155,tp8pp2dp1etp4ep2,32
deepseek_v3__h100_sxm__silicon,deepseek_v3,h100_sxm,SILICON,decode,8.019,0.9807200000000001,8.176645729667998,0.9807200000000001,0.981,0.0002855045272859082,404.051,12.837,77.897,31.383,31.383,1,1,1,8.91,tp8pp2dp1etp8ep1,7,7,1,1.066,tp8pp2dp1etp4ep2,32
deepseek_v3__h100_sxm__silicon,deepseek_v3,h100_sxm,SILICON,decode,8.019,0.88504,9.060607430172647,0.88504,0.885,4.519569736965561e-05,404.051,12.188,82.045,28.321,28.321,1,1,1,8.91,tp8pp2dp1etp8ep1,6,6,1,0.962,tp8pp2dp1etp8ep1,32
deepseek_v3__h100_sxm__silicon,deepseek_v3,h100_sxm,SILICON,decode,8.019,0.80316,9.984311967727477,0.80316,0.803,0.00019921310822244382,404.051,11.201,89.274,25.701,25.701,1,1,1,8.91,tp8pp2dp1etp8ep1,5,5,1,0.873,tp8pp2dp1etp8ep1,32
deepseek_v3__h100_sxm__silicon,deepseek_v3,h100_sxm,SILICON,decode,8.019,0.69552,11.529503105590061,0.69552,0.696,0.0006901311249136256,404.051,10.34,96.714,22.257,22.257,1,1,1,8.91,tp8pp2dp1etp8ep1,4,4,1,0.756,tp8pp2dp1etp8ep1,32
deepseek_v3__h100_sxm__silicon,deepseek_v3,h100_sxm,SILICON,decode,8.019,0.60536,13.246663142592837,0.60536,0.605,0.0005946874587023043,404.051,8.92,112.107,19.372,19.372,1,1,1,8.91,tp8pp2dp1etp8ep1,3,3,1,0.658,tp8pp2dp1etp8ep1,32
deepseek_v3__h100_sxm__silicon,deepseek_v3,h100_sxm,SILICON,decode,8.019,0.49404000000000003,16.231479232450813,0.49404000000000003,0.494,8.096510404023966e-05,404.051,7.285,137.275,15.809,15.809,1,1,1,8.91,tp8pp2dp1etp8ep1,2,2,1,0.537,tp8pp2dp1etp4ep2,32
deepseek_v3__h100_sxm__silicon,deepseek_v3,h100_sxm,SILICON,decode,8.019,0.30912,25.94138198757764,0.30912,0.309,0.00038819875776400424,404.051,5.822,171.751,9.892,9.892,1,1,1,8.91,tp8pp2dp1etp8ep1,1,1,1,0.336,tp8pp2dp1etp2ep4,32
deepseek_v3__h100_sxm__empirical,deepseek_v3,h100_sxm,EMPIRICAL,prefill,8.1081,8.50816,0.9529792575598014,8.1081,8.108,1.2333345666650255e-05,3196.811,43.97,22.743,259.459,259.459,1,16,1,9.009,tp1pp1dp16etp1ep16,26,416,1,9.248,tp1pp1dp16etp1ep16,32
deepseek_v3__h100_sxm__empirical,deepseek_v3,h100_sxm,EMPIRICAL,decode,8.1081,7.245,1.1191304347826088,7.245,7.245,0.0,3196.811,39.722,25.175,231.84,231.84,1,16,1,9.009,tp1pp1dp16etp1ep16,20,320,1,7.875,tp1pp1dp16etp1ep16,32
deepseek_v3__h100_sxm__empirical,deepseek_v3,h100_sxm,EMPIRICAL,decode,8.1081,5.38016,1.507036965443407,5.38016,5.38,2.9738892523672162e-05,3196.811,34.767,28.763,172.165,172.165,1,16,1,9.009,tp1pp1dp16etp1ep16,13,208,1,5.848,tp1pp1dp16etp1ep16,32
deepseek_v3__h100_sxm__empirical,deepseek_v3,h100_sxm,EMPIRICAL,decode,8.1081,3.39848,2.385801887902827,3.39848,3.398,0.00014123961300347094,3196.811,33.874,29.521,108.751,108.751,1,16,1,9.009,tp1pp1dp16etp1ep16,16,128,1,3.694,tp2pp1dp8etp1ep16,32
deepseek_v3__h100_sxm__empirical,deepseek_v3,h100_sxm,EMPIRICAL,decode,8.1081,2.89616,2.799603613060052,2.89616,2.896,5.524556654334015e-05,3196.811,29.812,33.544,92.677,92.677,1,16,1,9.009,tp1pp1dp16etp1ep16,6,96,1,3.148,tp1pp1dp16etp1ep16,32
deepseek_v3__h100_sxm__empirical,deepseek_v3,h100_sxm,EMPIRICAL,decode,8.1081,2.41684,3.354835239403519,2.41684,2.417,6.620214825959349e-05,3196.811,29.763,33.599,77.339,77.339,1,16,1,9.009,tp1pp1dp16etp1ep16,10,80,1,2.627,tp2pp1dp8etp1ep16,32
deepseek_v3__h100_sxm__empirical,deepseek_v3,h100_sxm,EMPIRICAL,decode,8.1081,1.45452,5.57441630228529,1.45452,1.455,0.00033000577510108897,3196.811,29.67,33.704,46.545,46.545,1,16,1,9.009,tp1pp1dp16etp1ep16,12,48,1,1.581,tp4pp1dp4etp1ep16,32
deepseek_v3__h100_sxm__empirical,deepseek_v3,h100_sxm,EMPIRICAL,decode,8.1081,0.8648,9.375693802035153,0.8648,0.865,0.00023126734505085335,3196.811,24.966,40.055,27.674,27.674,1,16,1,9.009,tp1pp1dp16etp1ep16,3,24,1,0.94,tp2pp1dp8etp1ep16,32
deepseek_v3__h100_sxm__empirical,deepseek_v3,h100_sxm,EMPIRICAL,decode,8.1081,0.7203600000000001,11.255622188905546,0.7203600000000001,0.72,0.0004997501249377227,3196.811,24.953,40.076,23.052,23.052,1,16,1,9.009,tp1pp1dp16etp1ep16,5,20,1,0.783,tp4pp1dp4etp1ep16,32
deepseek_v3__h100_sxm__empirical,deepseek_v3,h100_sxm,EMPIRICAL,decode,8.1081,0.57224,14.169054941982386,0.57224,0.572,0.0004194044456871557,3196.811,18.846,53.06,18.312,18.312,1,16,1,9.009,tp1pp1dp16etp1ep16,3,12,1,0.622,tp4pp1dp4etp1ep16,32
deepseek_v3__h100_sxm__empirical,deepseek_v3,h100_sxm,EMPIRICAL,decode,8.1081,0.53636,15.116899097621003,0.53636,0.536,0.0006711909911252069,3196.811,13.414,74.548,17.164,17.164,1,16,1,9.009,tp1pp1dp16etp1ep16,2,8,1,0.583,tp4pp1dp4etp1ep16,32
deepseek_v3__h100_sxm__empirical,deepseek_v3,h100_sxm,EMPIRICAL,decode,8.1081,0.48944000000000004,16.56607551487414,0.48944000000000004,0.489,0.0008989865969272054,3196.811,11.029,90.674,15.662,15.662,1,16,1,9.009,tp1pp1dp16etp1ep16,3,6,1,0.532,tp8pp1dp2etp1ep16,32
deepseek_v3__h100_sxm__empirical,deepseek_v3,h100_sxm,EMPIRICAL,decode,8.1081,0.45080000000000003,17.986024844720497,0.45080000000000003,0.451,0.00044365572315877987,3196.811,7.981,125.296,14.426,14.426,1,16,1,9.009,tp1pp1dp16etp1ep16,2,4,1,0.49,tp8pp1dp2etp1ep16,32
deepseek_v3__h100_sxm__empirical,deepseek_v3,h100_sxm,EMPIRICAL,decode,8.1081,0.36432000000000003,22.255434782608695,0.36432000000000003,0.364,0.0008783487044357774,3196.811,4.934,202.69,11.658,11.658,1,16,1,9.009,tp1pp1dp16etp1ep16,1,2,1,0.396,tp8pp1dp2etp1ep16,32
deepseek_v3__h100_sxm__analytical,deepseek_v3,h100_sxm,ANALYTICAL,prefill,7.986600000000001,10.691320000000001,0.7470172064815196,7.986600000000001,7.987,5.0083890516498597e-05,3245.551,34.992,28.578,255.571,255.571,1,16,1,8.874,tp1pp1dp16etp1ep16,26,416,1,11.621,tp1pp1dp16etp1ep16,32
deepseek_v3__h100_sxm__analytical,deepseek_v3,h100_sxm,ANALYTICAL,decode,7.986600000000001,7.95616,1.0038259662952984,7.95616,7.956,2.0110203917376202e-05,3245.551,28.936,34.559,254.597,254.597,1,16,1,8.874,tp1pp1dp16etp1ep16,16,256,1,8.648,tp1pp1dp16etp1ep16,32
deepseek_v3__h100_sxm__analytical,deepseek_v3,h100_sxm,ANALYTICAL,decode,7.986600000000001,5.244000000000001,1.5229977116704805,5.244000000000001,5.244,1.6937040802824658e-16,3245.551,24.696,40.492,167.808,167.808,1,16,1,8.874,tp1pp1dp16etp1ep16,9,144,1,5.7,tp1pp1dp16etp1ep16,32
deepseek_v3__h100_sxm__analytical,deepseek_v3,h100_sxm,ANALYTICAL,decode,7.986600000000001,3.51348,2.273130912941016,3.51348,3.513,0.00013661668772841626,3245.551,24.572,40.697,112.431,112.431,1,16,1,8.874,tp1pp1dp16etp1ep16,12,96,1,3.819,tp2pp1dp8etp1ep16,32
deepseek_v3__h100_sxm__analytical,deepseek_v3,h100_sxm,ANALYTICAL,decode,7.986600000000001,2.0497600000000005,3.896358598079775,2.0497600000000005,2.05,0.00011708687846350392,3245.551,24.568,40.703,65.592,65.592,1,16,1,8.874,tp1pp1dp16etp1ep16,14,56,1,2.228,tp4pp1dp4etp1ep16,32
deepseek_v3__h100_sxm__analytical,deepseek_v3,h100_sxm,ANALYTICAL,decode,7.986600000000001,1.09572,7.288905924871318,1.09572,1.096,0.0002555397364290676,3245.551,19.695,50.775,35.063,35.063,1,16,1,8.874,tp1pp1dp16etp1ep16,3,24,1,1.191,tp2pp1dp8etp1ep16,32
deepseek_v3__h100_sxm__analytical,deepseek_v3,h100_sxm,ANALYTICAL,decode,7.986600000000001,0.66424,12.023666144766953,0.66424,0.664,0.00036131518728173246,3245.551,16.239,61.582,21.256,21.256,1,16,1,8.874,tp1pp1dp16etp1ep16,3,12,1,0.722,tp4pp1dp4etp1ep16,32
deepseek_v3__h100_sxm__analytical,deepseek_v3,h100_sxm,ANALYTICAL,decode,7.986600000000001,0.5814400000000001,13.735897083104017,0.5814400000000001,0.581,0.0007567418822236291,3245.551,15.456,64.701,18.606,18.606,1,16,1,8.874,tp1pp1dp16etp1ep16,5,10,1,0.632,tp8pp1dp2etp1ep16,32
deepseek_v3__h100_sxm__analytical,deepseek_v3,h100_sxm,ANALYTICAL,decode,7.986600000000001,0.552,14.468478260869565,0.552,0.552,0.0,3245.551,13.029,76.754,17.664,17.664,1,16,1,8.874,tp1pp1dp16etp1ep16,2,8,1,0.6,tp4pp1dp4etp1ep16,32
deepseek_v3__h100_sxm__analytical,deepseek_v3,h100_sxm,ANALYTICAL,decode,7.986600000000001,0.45816,17.43190151911996,0.45816,0.458,0.00034922297887199556,3245.551,11.768,84.979,14.661,14.661,1,16,1,8.874,tp1pp1dp16etp1ep16,3,6,1,0.498,tp8pp1dp2etp1ep16,32
deepseek_v3__h100_sxm__analytical,deepseek_v3,h100_sxm,ANALYTICAL,decode,7.986600000000001,0.36708,21.75711016672115,0.36708,0.367,0.0002179361447096668,3245.551,9.801,102.026,11.747,11.747,1,16,1,8.874,tp1pp1dp16etp1ep16,1,4,1,0.399,tp4pp1dp4etp1ep16,32
deepseek_v3__h100_sxm__analytical,deepseek_v3,h100_sxm,ANALYTICAL,decode,7.986600000000001,0.22264,35.87226015091628,0.22264,0.223,0.001616960114983827,3245.551,8.072,123.88,7.124,7.124,1,16,1,8.874,tp1pp1dp16etp1ep16,1,2,1,0.242,tp8pp1dp2etp1ep16,32
deepseek_v3__h200_sxm__silicon,deepseek_v3,h200_sxm,SILICON,prefill,7.715700000000001,8.373840000000001,0.9214052334412886,7.715700000000001,7.716,3.888176056602781e-05,1679.771,34.368,29.097,493.805,493.805,1,8,1,8.573,tp1pp1dp8etp8ep1,40,320,1,9.102,tp1pp1dp8etp8ep1,16
deepseek_v3__h200_sxm__silicon,deepseek_v3,h200_sxm,SILICON,decode,7.715700000000001,6.74268,1.1443076046913099,6.74268,6.743,4.7458873919616535e-05,1679.771,29.875,33.473,431.532,431.532,1,8,1,8.573,tp1pp1dp8etp8ep1,28,224,1,7.329,tp1pp1dp8etp4ep2,16
deepseek_v3__h200_sxm__silicon,deepseek_v3,h200_sxm,SILICON,decode,7.715700000000001,6.33328,1.218278680241518,6.33328,6.333,4.421089861810278e-05,1679.771,29.537,33.856,405.33,405.33,1,8,1,8.573,tp1pp1dp8etp8ep1,26,208,1,6.884,tp1pp1dp8etp8ep1,16
deepseek_v3__h200_sxm__silicon,deepseek_v3,h200_sxm,SILICON,decode,7.715700000000001,5.405,1.4275115633672526,5.405,5.405,0.0,1679.771,29.285,34.147,345.92,345.92,1,8,1,8.573,tp1pp1dp8etp8ep1,22,176,1,5.875,tp1pp1dp8etp2ep4,16
deepseek_v3__h200_sxm__silicon,deepseek_v3,h200_sxm,SILICON,prefill,7.715700000000001,8.108880000000001,0.9515124160179951,7.715700000000001,7.716,3.888176056602781e-05,1679.771,24.842,40.255,329.203,246.90225,1,8,1,8.573,tp1pp1dp8etp8ep1,14,112,2,4.407,tp1pp1dp8etp2ep4,24
deepseek_v3__h200_sxm__silicon,deepseek_v3,h200_sxm,SILICON,decode,7.715700000000001,7.008560000000001,1.1008966178501718,7.008560000000001,7.009,6.278037143141098e-05,1679.771,24.639,40.587,299.032,224.274,1,8,1,8.573,tp1pp1dp8etp8ep1,12,96,2,3.809,tp1pp1dp8etp1ep8,24
deepseek_v3__h200_sxm__silicon,deepseek_v3,h200_sxm,SILICON,decode,7.715700000000001,5.506200000000001,1.4012749264465512,5.506200000000001,5.506,3.632269078500999e-05,1679.771,19.601,51.018,176.198,176.198,1,8,1,8.573,tp1pp1dp8etp8ep1,5,40,3,1.995,tp1pp1dp8etp2ep4,32
deepseek_v3__h200_sxm__silicon,deepseek_v3,h200_sxm,SILICON,decode,7.715700000000001,4.54572,1.6973548744753308,4.54572,4.546,6.159640277009099e-05,1679.771,18.996,52.643,145.463,145.463,1,8,1,8.573,tp1pp1dp8etp8ep1,4,32,3,1.647,tp1pp1dp8etp2ep4,32
deepseek_v3__h200_sxm__silicon,deepseek_v3,h200_sxm,SILICON,decode,4.3929,4.28076,1.026196282903036,4.28076,4.281,5.6064810921377496e-05,368.752,18.911,52.878,136.984,136.984,1,1,1,4.881,tp8pp1dp1etp8ep1,30,30,3,1.551,tp8pp1dp1etp2ep4,32
deepseek_v3__h200_sxm__silicon,deepseek_v3,h200_sxm,SILICON,decode,4.3929,4.03512,1.08866650805924,4.03512,4.035,2.9738892523617132e-05,368.752,18.723,53.409,129.124,129.124,1,1,1,4.881,tp8pp1dp1etp8ep1,28,28,3,1.462,tp8pp1dp1etp4ep2,32
deepseek_v3__h200_sxm__silicon,deepseek_v3,h200_sxm,SILICON,decode,4.3929,3.62388,1.2122090135434949,3.62388,3.624,3.3113679260874523e-05,368.752,17.87,55.958,115.964,115.964,1,1,1,4.881,tp8pp1dp1etp8ep1,24,24,3,1.313,tp8pp1dp1etp2ep4,32
deepseek_v3__h200_sxm__silicon,deepseek_v3,h200_sxm,SILICON,decode,4.3929,3.4555200000000004,1.2712703153215723,3.4555200000000004,3.456,0.00013890818169178353,368.752,17.182,58.201,110.577,110.577,1,1,1,4.881,tp8pp1dp1etp8ep1,22,22,3,1.252,tp8pp1dp1etp4ep2,32
deepseek_v3__h200_sxm__silicon,deepseek_v3,h200_sxm,SILICON,decode,4.3929,3.3258000000000005,1.3208551325996751,3.3258000000000005,3.326,6.01359071500192e-05,368.752,16.224,61.638,106.426,106.426,1,1,1,4.881,tp8pp1dp1etp8ep1,20,20,3,1.205,tp8pp1dp1etp2ep4,32
deepseek_v3__h200_sxm__silicon,deepseek_v3,h200_sxm,SILICON,decode,4.3929,3.1546800000000004,1.3925025676138307,3.1546800000000004,3.155,0.00010143659578766525,368.752,15.401,64.932,100.95,100.95,1,1,1,4.881,tp8pp1dp1etp8ep1,18,18,3,1.143,tp8pp1dp1etp2ep4,32
deepseek_v3__h200_sxm__silicon,deepseek_v3,h200_sxm,SILICON,decode,4.3929,2.9421600000000003,1.4930867118035727,2.9421600000000003,2.942,5.4381814721211624e-05,368.752,14.678,68.128,94.149,94.149,1,1,1,4.881,tp8pp1dp1etp8ep1,16,16,3,1.066,tp8pp1dp1etp2ep4,32
deepseek_v3__h200_sxm__silicon,deepseek_v3,h200_sxm,SILICON,decode,4.3929,2.71584,1.6175106044538705,2.71584,2.716,5.891363261464593e-05,368.752,13.905,71.917,86.907,86.907,1,1,1,4.881,tp8pp1dp1etp8ep1,14,14,3,0.984,tp8pp1dp1etp2ep4,32
deepseek_v3__h200_sxm__silicon,deepseek_v3,h200_sxm,SILICON,decode,4.3929,2.57784,1.7041011079042918,2.57784,2.578,6.20674673368851e-05,368.752,13.607,73.493,82.491,82.491,1,1,1,4.881,tp8pp1dp1etp8ep1,13,13,3,0.934,tp8pp1dp1etp4ep2,32
deepseek_v3__h200_sxm__silicon,deepseek_v3,h200_sxm,SILICON,decode,4.3929,2.32944,1.8858180506902946,2.32944,2.329,0.0001888865993542542,368.752,12.745,78.464,74.542,74.542,1,1,1,4.881,tp8pp1dp1etp8ep1,11,11,3,0.844,tp8pp1dp1etp2ep4,32
deepseek_v3__h200_sxm__silicon,deepseek_v3,h200_sxm,SILICON,decode,4.3929,2.0313600000000003,2.162541351606805,2.0313600000000003,2.031,0.00017722117202275222,368.752,11.958,83.625,65.004,65.004,1,1,1,4.881,tp8pp1dp1etp8ep1,9,9,3,0.736,tp8pp1dp1etp2ep4,32
deepseek_v3__h200_sxm__silicon,deepseek_v3,h200_sxm,SILICON,decode,4.3929,1.8574800000000002,2.36497835777505,1.8574800000000002,1.857,0.0002584146262679856,368.752,11.611,86.123,59.439,59.439,1,1,1,4.881,tp8pp1dp1etp8ep1,8,8,3,0.673,tp8pp1dp1etp4ep2,32
deepseek_v3__h200_sxm__silicon,deepseek_v3,h200_sxm,SILICON,decode,4.3929,1.5235200000000002,2.8833884688090734,1.5235200000000002,1.524,0.0003150598613735388,368.752,10.631,94.067,48.753,48.753,1,1,1,4.881,tp8pp1dp1etp8ep1,6,6,3,0.552,tp8pp1dp1etp2ep4,32
deepseek_v3__h200_sxm__silicon,deepseek_v3,h200_sxm,SILICON,decode,4.3929,1.34136,3.2749597423510464,1.34136,1.341,0.0002683843263554437,368.752,10.056,99.443,42.924,42.924,1,1,1,4.881,tp8pp1dp1etp8ep1,5,5,3,0.486,tp8pp1dp1etp8ep1,32
deepseek_v3__h200_sxm__silicon,deepseek_v3,h200_sxm,SILICON,decode,4.3929,1.18404,3.7100942535725143,1.18404,1.184,3.3782642478328435e-05,368.752,9.114,109.726,37.889,37.889,1,1,1,4.881,tp8pp1dp1etp8ep1,4,4,3,0.429,tp8pp1dp1etp8ep1,32
deepseek_v3__h200_sxm__silicon,deepseek_v3,h200_sxm,SILICON,decode,4.3929,1.02396,4.290108988632369,1.02396,1.024,3.906402593855229e-05,368.752,7.915,126.346,32.767,32.767,1,1,1,4.881,tp8pp1dp1etp8ep1,3,3,3,0.371,tp8pp1dp1etp8ep1,32
deepseek_v3__h200_sxm__silicon,deepseek_v3,h200_sxm,SILICON,decode,4.3929,0.80316,5.469520394441955,0.80316,0.803,0.00019921310822244382,368.752,6.715,148.927,25.701,25.701,1,1,1,4.881,tp8pp1dp1etp8ep1,2,2,3,0.291,tp8pp1dp1etp4ep2,32
deepseek_v3__h200_sxm__silicon,deepseek_v3,h200_sxm,SILICON,decode,4.3929,0.4692,9.362531969309464,0.4692,0.469,0.0004262574595056127,368.752,5.766,173.439,15.014,15.014,1,1,1,4.881,tp8pp1dp1etp8ep1,1,1,3,0.17,tp8pp1dp1etp4ep2,32
deepseek_v3__h200_sxm__empirical,deepseek_v3,h200_sxm,EMPIRICAL,prefill,13.1247,14.191,0.9248608272848989,13.1247,13.125,2.285766531801114e-05,987.44,44.614,22.414,839.981,839.981,1,8,1,14.583,tp1pp1dp8etp1ep8,88,704,1,15.425,tp1pp1dp8etp1ep8,16
deepseek_v3__h200_sxm__empirical,deepseek_v3,h200_sxm,EMPIRICAL,decode,13.1247,10.879,1.2064252229065173,10.879,10.879,0.0,987.44,39.678,25.203,696.256,696.256,1,8,1,14.583,tp1pp1dp8etp1ep8,60,480,1,11.825,tp1pp1dp8etp1ep8,16
deepseek_v3__h200_sxm__empirical,deepseek_v3,h200_sxm,EMPIRICAL,prefill,13.1247,13.253520000000002,0.9902803179834488,13.1247,13.125,2.285766531801114e-05,987.44,34.743,28.783,559.987,419.99025,1,8,1,14.583,tp1pp1dp8etp1ep8,32,256,2,7.203,tp1pp1dp8etp1ep8,24
deepseek_v3__h200_sxm__empirical,deepseek_v3,h200_sxm,EMPIRICAL,decode,13.1247,3.59904,3.6467224593224863,3.59904,3.599,1.1114074864357707e-05,987.44,29.983,33.352,115.169,115.169,1,8,1,14.583,tp1pp1dp8etp1ep8,5,40,3,1.304,tp1pp1dp8etp1ep8,32
deepseek_v3__h200_sxm__empirical,deepseek_v3,h200_sxm,EMPIRICAL,decode,13.1247,2.89524,4.533199320263606,2.89524,2.895,8.289468230605959e-05,987.44,29.824,33.53,92.648,92.648,1,8,1,14.583,tp1pp1dp8etp1ep8,4,32,3,1.049,tp1pp1dp8etp2ep4,32
deepseek_v3__h200_sxm__empirical,deepseek_v3,h200_sxm,EMPIRICAL,decode,7.331400000000001,1.81056,4.049244432661719,1.81056,1.811,0.00024301873453516922,220.964,29.819,33.536,57.938,57.938,1,1,1,8.146,tp8pp1dp1etp1ep8,20,20,3,0.656,tp8pp1dp1etp1ep8,32
deepseek_v3__h200_sxm__empirical,deepseek_v3,h200_sxm,EMPIRICAL,decode,7.331400000000001,1.46556,5.002456398919185,1.46556,1.466,0.0003002265345669887,220.964,23.932,41.786,46.898,46.898,1,1,1,8.146,tp8pp1dp1etp1ep8,13,13,3,0.531,tp8pp1dp1etp1ep8,32
deepseek_v3__h200_sxm__empirical,deepseek_v3,h200_sxm,EMPIRICAL,decode,7.331400000000001,1.45452,5.040425707449881,1.45452,1.455,0.00033000577510108897,220.964,18.562,53.873,46.545,46.545,1,1,1,8.146,tp8pp1dp1etp1ep8,10,10,3,0.527,tp8pp1dp1etp1ep8,32
deepseek_v3__h200_sxm__empirical,deepseek_v3,h200_sxm,EMPIRICAL,decode,7.331400000000001,1.4490000000000003,5.059627329192547,1.4490000000000003,1.449,1.532398929779374e-16,220.964,16.772,59.623,46.368,46.368,1,1,1,8.146,tp8pp1dp1etp1ep8,9,9,3,0.525,tp8pp1dp1etp1ep8,32
deepseek_v3__h200_sxm__empirical,deepseek_v3,h200_sxm,EMPIRICAL,decode,7.331400000000001,1.4407200000000002,5.088705647176412,1.4407200000000002,1.441,0.00019434727080892603,220.964,14.982,66.745,46.103,46.103,1,1,1,8.146,tp8pp1dp1etp1ep8,8,8,3,0.522,tp8pp1dp1etp1ep8,32
deepseek_v3__h200_sxm__empirical,deepseek_v3,h200_sxm,EMPIRICAL,decode,7.331400000000001,1.43244,5.118120130686103,1.43244,1.432,0.0003071681885454162,220.964,13.192,75.801,45.838,45.838,1,1,1,8.146,tp8pp1dp1etp1ep8,7,7,3,0.519,tp8pp1dp1etp1ep8,32
deepseek_v3__h200_sxm__empirical,deepseek_v3,h200_sxm,EMPIRICAL,decode,7.331400000000001,1.4186400000000001,5.167907291490442,1.4186400000000001,1.419,0.0002537641684993486,220.964,11.403,87.699,45.396,45.396,1,1,1,8.146,tp8pp1dp1etp1ep8,6,6,3,0.514,tp8pp1dp1etp1ep8,32
deepseek_v3__h200_sxm__empirical,deepseek_v3,h200_sxm,EMPIRICAL,decode,7.331400000000001,1.40208,5.228945566586786,1.40208,1.402,5.705808513072008e-05,220.964,9.613,104.028,44.867,44.867,1,1,1,8.146,tp8pp1dp1etp1ep8,5,5,3,0.508,tp8pp1dp1etp1ep8,32
deepseek_v3__h200_sxm__empirical,deepseek_v3,h200_sxm,EMPIRICAL,decode,7.331400000000001,1.3800000000000001,5.312608695652174,1.3800000000000001,1.38,1.6090188762683426e-16,220.964,7.823,127.829,44.16,44.16,1,1,1,8.146,tp8pp1dp1etp1ep8,4,4,3,0.5,tp8pp1dp1etp1ep8,32
deepseek_v3__h200_sxm__empirical,deepseek_v3,h200_sxm,EMPIRICAL,decode,7.331400000000001,1.34136,5.465646806226517,1.34136,1.341,0.0002683843263554437,220.964,6.033,165.752,42.924,42.924,1,1,1,8.146,tp8pp1dp1etp1ep8,3,3,3,0.486,tp8pp1dp1etp1ep8,32
deepseek_v3__h200_sxm__empirical,deepseek_v3,h200_sxm,EMPIRICAL,decode,7.331400000000001,1.2723600000000002,5.762048476846176,1.2723600000000002,1.272,0.00028293879090834196,220.964,4.243,235.667,40.716,40.716,1,1,1,8.146,tp8pp1dp1etp1ep8,2,2,3,0.461,tp8pp1dp1etp1ep8,32
deepseek_v3__h200_sxm__empirical,deepseek_v3,h200_sxm,EMPIRICAL,decode,7.331400000000001,1.09848,6.674131527201225,1.09848,1.098,0.0004369674459251092,220.964,2.453,407.592,35.151,35.151,1,1,1,8.146,tp8pp1dp1etp1ep8,1,1,3,0.398,tp8pp1dp1etp1ep8,32
deepseek_v3__h200_sxm__analytical,deepseek_v3,h200_sxm,ANALYTICAL,prefill,11.4921,12.41724,0.9254955207437402,11.4921,11.492,8.701629815244118e-06,1127.732,39.399,25.381,735.494,735.494,1,8,1,12.769,tp1pp1dp8etp1ep8,68,544,1,13.497,tp1pp1dp8etp1ep8,16
deepseek_v3__h200_sxm__analytical,deepseek_v3,h200_sxm,ANALYTICAL,decode,11.4921,10.14208,1.1331107622893923,10.14208,10.142,7.887928314559154e-06,1127.732,34.05,29.369,649.093,649.093,1,8,1,12.769,tp1pp1dp8etp1ep8,48,384,1,11.024,tp1pp1dp8etp1ep8,16
deepseek_v3__h200_sxm__analytical,deepseek_v3,h200_sxm,ANALYTICAL,decode,11.4921,7.733520000000001,1.4860115445489246,7.733520000000001,7.734,6.206746733682768e-05,1127.732,29.769,33.592,494.945,494.945,1,8,1,12.769,tp1pp1dp8etp1ep8,32,256,1,8.406,tp1pp1dp8etp1ep8,16
deepseek_v3__h200_sxm__analytical,deepseek_v3,h200_sxm,ANALYTICAL,prefill,11.4921,12.11088,0.9489070984106853,11.4921,11.492,8.701629815244118e-06,1127.732,24.953,40.075,367.747,367.747,1,8,1,12.769,tp1pp1dp8etp1ep8,14,112,3,4.388,tp1pp1dp8etp1ep8,32
deepseek_v3__h200_sxm__analytical,deepseek_v3,h200_sxm,ANALYTICAL,decode,11.4921,11.329800000000002,1.014325054281629,11.329800000000002,11.33,1.7652562269215474e-05,1127.732,24.766,40.378,362.554,362.554,1,8,1,12.769,tp1pp1dp8etp1ep8,13,104,3,4.105,tp1pp1dp8etp2ep4,32
deepseek_v3__h200_sxm__analytical,deepseek_v3,h200_sxm,ANALYTICAL,decode,5.9535,1.97064,3.0210997442455243,1.97064,1.971,0.00018268176835958776,272.101,19.172,52.159,63.06,63.06,1,1,1,6.615,tp8pp1dp1etp1ep8,14,14,3,0.714,tp8pp1dp1etp1ep8,32
deepseek_v3__h200_sxm__analytical,deepseek_v3,h200_sxm,ANALYTICAL,decode,5.9535,1.93752,3.0727424749163883,1.93752,1.938,0.00024773937817417933,272.101,18.1,55.25,62.001,62.001,1,1,1,6.615,tp8pp1dp1etp1ep8,13,13,3,0.702,tp8pp1dp1etp1ep8,32
deepseek_v3__h200_sxm__analytical,deepseek_v3,h200_sxm,ANALYTICAL,decode,5.9535,1.9016399999999998,3.130718748028018,1.9016399999999998,1.902,0.00018931027954825205,272.101,17.027,58.729,60.852,60.852,1,1,1,6.615,tp8pp1dp1etp1ep8,12,12,3,0.689,tp8pp1dp1etp1ep8,32
deepseek_v3__h200_sxm__analytical,deepseek_v3,h200_sxm,ANALYTICAL,decode,5.9535,1.8602400000000003,3.2003934976132107,1.8602400000000003,1.86,0.00012901561088904655,272.101,15.955,62.676,59.528,59.528,1,1,1,6.615,tp8pp1dp1etp1ep8,11,11,3,0.674,tp8pp1dp1etp1ep8,32
deepseek_v3__h200_sxm__analytical,deepseek_v3,h200_sxm,ANALYTICAL,decode,5.9535,1.8133200000000003,3.283204288266825,1.8133200000000003,1.813,0.00017647188582286632,272.101,14.883,67.192,58.026,58.026,1,1,1,6.615,tp8pp1dp1etp1ep8,10,10,3,0.657,tp8pp1dp1etp1ep8,32
deepseek_v3__h200_sxm__analytical,deepseek_v3,h200_sxm,ANALYTICAL,decode,5.9535,1.7581200000000001,3.38628762541806,1.7581200000000001,1.758,6.825472663988806e-05,272.101,13.81,72.41,56.26,56.26,1,1,1,6.615,tp8pp1dp1etp1ep8,9,9,3,0.637,tp8pp1dp1etp1ep8,32
deepseek_v3__h200_sxm__analytical,deepseek_v3,h200_sxm,ANALYTICAL,decode,5.9535,1.6946400000000001,3.513135533210593,1.6946400000000001,1.695,0.0002124344993626469,272.101,12.738,78.505,54.228,54.228,1,1,1,6.615,tp8pp1dp1etp1ep8,8,8,3,0.614,tp8pp1dp1etp1ep8,32
deepseek_v3__h200_sxm__analytical,deepseek_v3,h200_sxm,ANALYTICAL,decode,5.9535,1.62012,3.674727797940893,1.62012,1.62,7.406858751197316e-05,272.101,11.666,85.722,51.844,51.844,1,1,1,6.615,tp8pp1dp1etp1ep8,7,7,3,0.587,tp8pp1dp1etp1ep8,32
deepseek_v3__h200_sxm__analytical,deepseek_v3,h200_sxm,ANALYTICAL,decode,5.9535,1.5290400000000002,3.8936195259770834,1.5290400000000002,1.529,2.6160205096179332e-05,272.101,10.593,94.399,48.929,48.929,1,1,1,6.615,tp8pp1dp1etp1ep8,6,6,3,0.554,tp8pp1dp1etp1ep8,32
deepseek_v3__h200_sxm__analytical,deepseek_v3,h200_sxm,ANALYTICAL,decode,5.9535,1.4158800000000002,4.204805491990846,1.4158800000000002,1.416,8.475294516461558e-05,272.101,9.521,105.032,45.308,45.308,1,1,1,6.615,tp8pp1dp1etp1ep8,5,5,3,0.513,tp8pp1dp1etp1ep8,32
deepseek_v3__h200_sxm__analytical,deepseek_v3,h200_sxm,ANALYTICAL,decode,5.9535,1.2751200000000003,4.66897233201581,1.2751200000000003,1.275,9.41087897612319e-05,272.101,8.468,118.095,40.804,40.804,1,1,1,6.615,tp8pp1dp1etp1ep8,4,4,3,0.462,tp8pp1dp1etp1ep8,32
deepseek_v3__h200_sxm__analytical,deepseek_v3,h200_sxm,ANALYTICAL,decode,5.9535,1.09572,5.4334136458219255,1.09572,1.096,0.0002555397364290676,272.101,7.392,135.279,35.063,35.063,1,1,1,6.615,tp8pp1dp1etp1ep8,3,3,3,0.397,tp8pp1dp1etp1ep8,32
deepseek_v3__h200_sxm__analytical,deepseek_v3,h200_sxm,ANALYTICAL,decode,5.9535,0.85284,6.9807935837906285,0.85284,0.853,0.00018760846114152476,272.101,6.325,158.106,27.291,27.291,1,1,1,6.615,tp8pp1dp1etp1ep8,2,2,3,0.309,tp8pp1dp1etp1ep8,32
deepseek_v3__h200_sxm__analytical,deepseek_v3,h200_sxm,ANALYTICAL,decode,5.9535,0.51336,11.597124824684432,0.51336,0.513,0.000701262272089814,272.101,5.257,190.221,16.428,16.428,1,1,1,6.615,tp8pp1dp1etp1ep8,1,1,3,0.186,tp8pp1dp1etp1ep8,32
deepseek_v3__b200_sxm__silicon,deepseek_v3,b200_sxm,SILICON,prefill,11.4084,11.89928,0.9587470838571747,11.4084,11.408,3.5061884225732275e-05,1136.027,29.022,34.456,730.138,730.138,1,8,1,12.676,tp1pp1dp8etp8ep1,48,384,1,12.934,tp1pp1dp8etp4ep2,16
deepseek_v3__b200_sxm__silicon,deepseek_v3,b200_sxm,SILICON,decode,11.4084,10.89648,1.0469803092374785,10.89648,10.896,4.40509228667966e-05,1136.027,23.77,42.07,697.375,697.375,1,8,1,12.676,tp1pp1dp8etp8ep1,36,288,1,11.844,tp1pp1dp8etp1ep8,16
deepseek_v3__b200_sxm__silicon,deepseek_v3,b200_sxm,SILICON,prefill,11.4084,11.4816,0.9936245819397993,11.4084,11.408,3.5061884225732275e-05,1136.027,16.917,59.111,365.069,365.069,1,8,1,12.676,tp1pp1dp8etp8ep1,9,72,3,4.16,tp1pp1dp8etp8ep1,32
deepseek_v3__b200_sxm__silicon,deepseek_v3,b200_sxm,SILICON,decode,11.4084,10.2672,1.1111500701262271,10.2672,10.267,1.9479507558176546e-05,1136.027,16.816,59.468,328.55,328.55,1,8,1,12.676,tp1pp1dp8etp8ep1,8,64,3,3.72,tp1pp1dp8etp2ep4,32
deepseek_v3__b200_sxm__silicon,deepseek_v3,b200_sxm,SILICON,decode,11.4084,8.16132,1.397862110540942,8.16132,8.161,3.9209343586615895e-05,1136.027,15.866,63.029,261.162,261.162,1,8,1,12.676,tp1pp1dp8etp8ep1,6,48,3,2.957,tp1pp1dp8etp2ep4,32
deepseek_v3__b200_sxm__silicon,deepseek_v3,b200_sxm,SILICON,decode,5.5224,4.42428,1.2482030974531448,4.42428,4.424,6.328713372572666e-05,293.35,15.854,63.077,141.577,141.577,1,1,1,6.136,tp8pp1dp1etp2ep4,26,26,3,1.603,tp8pp1dp1etp8ep1,32
deepseek_v3__b200_sxm__silicon,deepseek_v3,b200_sxm,SILICON,decode,5.5224,3.9882,1.384684820219648,3.9882,3.988,5.0147936412411106e-05,293.35,14.884,67.188,127.622,127.622,1,1,1,6.136,tp8pp1dp1etp2ep4,22,22,3,1.445,tp8pp1dp1etp8ep1,32
deepseek_v3__b200_sxm__silicon,deepseek_v3,b200_sxm,SILICON,decode,5.5224,3.6156,1.5273813474941917,3.6156,3.616,0.00011063170704722755,293.35,13.43,74.462,115.699,115.699,1,1,1,6.136,tp8pp1dp1etp2ep4,18,18,3,1.31,tp8pp1dp1etp8ep1,32
deepseek_v3__b200_sxm__silicon,deepseek_v3,b200_sxm,SILICON,decode,5.5224,3.397560000000001,1.6254017589093346,3.397560000000001,3.398,0.0001295047033751662,293.35,12.707,78.694,108.722,108.722,1,1,1,6.136,tp8pp1dp1etp2ep4,16,16,3,1.231,tp8pp1dp1etp8ep1,32
deepseek_v3__b200_sxm__silicon,deepseek_v3,b200_sxm,SILICON,decode,5.5224,2.96148,1.864743304023664,2.96148,2.961,0.00016208112160137362,293.35,11.841,84.454,94.767,94.767,1,1,1,6.136,tp8pp1dp1etp2ep4,13,13,3,1.073,tp8pp1dp1etp8ep1,32
deepseek_v3__b200_sxm__silicon,deepseek_v3,b200_sxm,SILICON,decode,5.5224,2.4591600000000002,2.2456448543405063,2.4591600000000002,2.459,6.506286699529921e-05,293.35,10.974,91.124,78.693,78.693,1,1,1,6.136,tp8pp1dp1etp2ep4,10,10,3,0.891,tp8pp1dp1etp8ep1,32
deepseek_v3__b200_sxm__silicon,deepseek_v3,b200_sxm,SILICON,decode,5.5224,2.02032,2.7334283677833215,2.02032,2.02,0.00015839074998013977,293.35,9.347,106.99,64.65,64.65,1,1,1,6.136,tp8pp1dp1etp2ep4,7,7,3,0.732,tp8pp1dp1etp8ep1,32
deepseek_v3__b200_sxm__silicon,deepseek_v3,b200_sxm,SILICON,decode,5.5224,1.87404,2.946788755842992,1.87404,1.874,2.1344261595172974e-05,293.35,8.64,115.741,59.969,59.969,1,1,1,6.136,tp8pp1dp1etp2ep4,6,6,3,0.679,tp8pp1dp1etp8ep1,32
deepseek_v3__b200_sxm__silicon,deepseek_v3,b200_sxm,SILICON,decode,5.5224,1.69188,3.264061280941911,1.69188,1.692,7.092701610037234e-05,293.35,7.97,125.478,54.14,54.14,1,1,1,6.136,tp8pp1dp1etp2ep4,5,5,3,0.613,tp8pp1dp1etp8ep1,32
deepseek_v3__b200_sxm__silicon,deepseek_v3,b200_sxm,SILICON,decode,5.5224,1.18404,4.66403162055336,1.18404,1.184,3.3782642478328435e-05,293.35,6.833,146.345,37.889,37.889,1,1,1,6.136,tp8pp1dp1etp2ep4,3,3,3,0.429,tp8pp1dp1etp8ep1,32
deepseek_v3__b200_sxm__silicon,deepseek_v3,b200_sxm,SILICON,decode,4.5045,0.95956,4.694339072074701,0.95956,0.96,0.00045854349910375166,359.611,6.546,152.767,30.706,30.706,1,1,1,5.005,tp4pp1dp1etp2ep2,1,1,7,0.149,tp4pp1dp1etp2ep2,32
deepseek_v3__b200_sxm__silicon,deepseek_v3,b200_sxm,SILICON,decode,5.5224,0.49955999999999995,11.054527984626473,0.49955999999999995,0.5,0.0008807750820723267,293.35,5.399,185.234,15.986,15.986,1,1,1,6.136,tp8pp1dp1etp2ep4,1,1,3,0.181,tp8pp1dp1etp8ep1,32
deepseek_v3__b200_sxm__empirical,deepseek_v3,b200_sxm,EMPIRICAL,prefill,28.526400000000002,29.01404,0.983192964509596,28.526400000000002,28.526,1.4022098827844399e-05,454.309,29.756,33.607,1825.69,1825.69,1,8,1,31.696,tp1pp1dp8etp1ep8,120,960,1,31.537,tp1pp1dp8etp1ep8,16
deepseek_v3__b200_sxm__empirical,deepseek_v3,b200_sxm,EMPIRICAL,decode,28.526400000000002,28.1474,1.0134648315652601,28.1474,28.147,1.4210904026752754e-05,454.309,29.65,33.727,1801.434,1801.434,1,8,1,31.696,tp1pp1dp8etp1ep8,116,928,1,30.595,tp1pp1dp8etp2ep4,16
deepseek_v3__b200_sxm__empirical,deepseek_v3,b200_sxm,EMPIRICAL,decode,28.526400000000002,24.357000000000003,1.171178716590713,24.357000000000003,24.357,1.4586006810364579e-16,454.309,29.538,33.855,1558.848,1558.848,1,8,1,31.696,tp1pp1dp8etp1ep8,100,800,1,26.475,tp1pp1dp8etp8ep1,16
deepseek_v3__b200_sxm__empirical,deepseek_v3,b200_sxm,EMPIRICAL,decode,28.526400000000002,20.826040000000003,1.369746720932064,20.826040000000003,20.826,1.920672389087815e-06,454.309,24.873,40.204,1332.867,1332.867,1,8,1,31.696,tp1pp1dp8etp1ep8,72,576,1,22.637,tp1pp1dp8etp1ep8,16
deepseek_v3__b200_sxm__empirical,deepseek_v3,b200_sxm,EMPIRICAL,decode,28.526400000000002,19.852680000000003,1.4369042366068459,19.852680000000003,19.853,1.611873056930065e-05,454.309,24.643,40.58,1270.572,1270.572,1,8,1,31.696,tp1pp1dp8etp1ep8,68,544,1,21.579,tp1pp1dp8etp2ep4,16
deepseek_v3__b200_sxm__empirical,deepseek_v3,b200_sxm,EMPIRICAL,decode,28.526400000000002,25.91364,1.1008256655568265,25.91364,25.914,1.3892297647130316e-05,454.309,19.99,50.024,829.236,829.236,1,8,1,31.696,tp1pp1dp8etp1ep8,24,192,3,9.389,tp1pp1dp8etp1ep8,32
deepseek_v3__b200_sxm__empirical,deepseek_v3,b200_sxm,EMPIRICAL,decode,28.526400000000002,23.929199999999998,1.1921167443959684,23.929199999999998,23.929,8.35798940204996e-06,454.309,19.844,50.393,765.734,765.734,1,8,1,31.696,tp1pp1dp8etp1ep8,22,176,3,8.67,tp1pp1dp8etp2ep4,32
deepseek_v3__b200_sxm__empirical,deepseek_v3,b200_sxm,EMPIRICAL,decode,28.526400000000002,15.9252,1.7912742069173386,15.9252,15.925,1.2558711978470217e-05,454.309,18.973,52.707,509.606,509.606,1,8,1,31.696,tp1pp1dp8etp1ep8,14,112,3,5.77,tp1pp1dp8etp1ep8,32
deepseek_v3__b200_sxm__empirical,deepseek_v3,b200_sxm,EMPIRICAL,decode,28.526400000000002,14.843280000000002,1.9218393778194576,14.843280000000002,14.843,1.8863755180919198e-05,454.309,18.905,52.896,474.985,474.985,1,8,1,31.696,tp1pp1dp8etp1ep8,13,104,3,5.378,tp1pp1dp8etp2ep4,32
deepseek_v3__b200_sxm__empirical,deepseek_v3,b200_sxm,EMPIRICAL,decode,28.526400000000002,4.80792,5.933210203164778,4.80792,4.808,1.6639211966845522e-05,454.309,17.956,55.693,153.853,153.853,1,8,1,31.696,tp1pp1dp8etp1ep8,4,32,3,1.742,tp1pp1dp8etp1ep8,32
deepseek_v3__b200_sxm__empirical,deepseek_v3,b200_sxm,EMPIRICAL,decode,28.526400000000002,3.6156,7.88981081978095,3.6156,3.616,0.00011063170704722755,454.309,17.908,55.84,115.699,115.699,1,8,1,31.696,tp1pp1dp8etp1ep8,3,24,3,1.31,tp1pp1dp8etp8ep1,32
deepseek_v3__b200_sxm__empirical,deepseek_v3,b200_sxm,EMPIRICAL,decode,8.7822,2.91088,3.017025779145825,2.91088,2.911,4.1224646842156996e-05,184.468,15.135,66.071,93.148,93.148,1,1,1,9.758,tp4pp1dp1etp1ep4,7,7,7,0.452,tp4pp1dp1etp1ep4,32
deepseek_v3__b200_sxm__empirical,deepseek_v3,b200_sxm,EMPIRICAL,decode,8.7822,2.89156,3.0371840805655075,2.89156,2.892,0.00015216699636174725,184.468,13.065,76.539,92.53,92.53,1,1,1,9.758,tp4pp1dp1etp1ep4,6,6,7,0.449,tp4pp1dp1etp1ep4,32
deepseek_v3__b200_sxm__empirical,deepseek_v3,b200_sxm,EMPIRICAL,decode,8.7822,2.8658,3.0644846116267708,2.8658,2.866,6.978854072160583e-05,184.468,10.995,90.947,91.706,91.706,1,1,1,9.758,tp4pp1dp1etp1ep4,5,5,7,0.445,tp4pp1dp1etp1ep4,32
deepseek_v3__b200_sxm__empirical,deepseek_v3,b200_sxm,EMPIRICAL,decode,8.7822,2.82072,3.1134603930911253,2.82072,2.821,9.926543577528361e-05,184.468,8.926,112.037,90.263,90.263,1,1,1,9.758,tp4pp1dp1etp1ep4,4,4,7,0.438,tp4pp1dp1etp1ep4,32
deepseek_v3__b200_sxm__empirical,deepseek_v3,b200_sxm,EMPIRICAL,decode,8.7822,2.75632,3.186204794798862,2.75632,2.756,0.00011609682475195915,184.468,6.856,145.864,88.202,88.202,1,1,1,9.758,tp4pp1dp1etp1ep4,3,3,7,0.428,tp4pp1dp1etp1ep4,32
deepseek_v3__b200_sxm__empirical,deepseek_v3,b200_sxm,EMPIRICAL,decode,8.7822,2.63396,3.3342191984692247,2.63396,2.634,1.5186259472360232e-05,184.468,4.786,208.949,84.287,84.287,1,1,1,9.758,tp4pp1dp1etp1ep4,2,2,7,0.409,tp4pp1dp1etp1ep4,32
deepseek_v3__b200_sxm__empirical,deepseek_v3,b200_sxm,EMPIRICAL,decode,8.7822,2.3184,3.788043478260869,2.3184,2.318,0.0001725327812284144,184.468,2.716,368.188,74.189,74.189,1,1,1,9.758,tp4pp1dp1etp1ep4,1,1,7,0.36,tp4pp1dp1etp1ep4,32
deepseek_v3__b200_sxm__empirical,deepseek_v3,b200_sxm,EMPIRICAL,decode,13.532399999999999,2.0506800000000003,6.598981801158638,2.0506800000000003,2.051,0.00015604579944207574,119.716,2.632,380.007,65.622,65.622,1,1,1,15.036,tp8pp1dp1etp1ep8,2,2,3,0.743,tp8pp1dp1etp1ep8,32
deepseek_v3__b200_sxm__empirical,deepseek_v3,b200_sxm,EMPIRICAL,decode,13.532399999999999,1.73052,7.8198460578323274,1.73052,1.731,0.00027737327508496634,119.716,1.559,641.589,55.377,55.377,1,1,1,15.036,tp8pp1dp1etp1ep8,1,1,3,0.627,tp8pp1dp1etp1ep8,32
deepseek_v3__b200_sxm__analytical,deepseek_v3,b200_sxm,ANALYTICAL,prefill,20.3157,20.465400000000002,0.9926852150458821,20.3157,20.316,1.4766904413793315e-05,637.927,29.53,33.864,1300.205,1300.205,1,8,1,22.573,tp1pp1dp8etp1ep8,84,672,1,22.245,tp1pp1dp8etp8ep1,16
deepseek_v3__b200_sxm__analytical,deepseek_v3,b200_sxm,ANALYTICAL,decode,20.3157,19.69628,1.0314485781071348,19.69628,19.696,1.421588238997709e-05,637.927,24.839,40.259,1260.562,1260.562,1,8,1,22.573,tp1pp1dp8etp1ep8,68,544,1,21.409,tp1pp1dp8etp1ep8,16
deepseek_v3__b200_sxm__analytical,deepseek_v3,b200_sxm,ANALYTICAL,decode,20.3157,18.82964,1.078921317667252,18.82964,18.83,1.9118793561482286e-05,637.927,24.454,40.894,1205.097,1205.097,1,8,1,22.573,tp1pp1dp8etp1ep8,64,512,1,20.467,tp1pp1dp8etp2ep4,16
deepseek_v3__b200_sxm__analytical,deepseek_v3,b200_sxm,ANALYTICAL,decode,20.3157,16.49192,1.2318577824777224,16.49192,16.492,4.850860300105997e-06,637.927,24.43,40.934,1055.483,1055.483,1,8,1,22.573,tp1pp1dp8etp1ep8,56,448,1,17.926,tp1pp1dp8etp8ep1,16
deepseek_v3__b200_sxm__analytical,deepseek_v3,b200_sxm,ANALYTICAL,prefill,20.3157,21.54456,0.9429619356347959,20.3157,20.316,1.4766904413793315e-05,637.927,18.701,53.473,866.803,650.10225,1,8,1,22.573,tp1pp1dp8etp1ep8,28,224,2,11.709,tp1pp1dp8etp2ep4,24
deepseek_v3__b200_sxm__analytical,deepseek_v3,b200_sxm,ANALYTICAL,prefill,20.3157,20.65032,0.9837958927512988,20.3157,20.316,1.4766904413793315e-05,637.927,16.723,59.797,650.102,650.102,1,8,1,22.573,tp1pp1dp8etp1ep8,16,128,3,7.482,tp1pp1dp8etp1ep8,32
deepseek_v3__b200_sxm__analytical,deepseek_v3,b200_sxm,ANALYTICAL,decode,20.3157,14.89296,1.3641143197859928,14.89296,14.893,2.685832769326047e-06,637.927,15.942,62.726,476.575,476.575,1,8,1,22.573,tp1pp1dp8etp1ep8,11,88,3,5.396,tp1pp1dp8etp1ep8,32
deepseek_v3__b200_sxm__analytical,deepseek_v3,b200_sxm,ANALYTICAL,decode,20.3157,13.576439999999998,1.4963937527068953,13.576439999999998,13.576,3.2409085150271614e-05,637.927,15.898,62.9,434.446,434.446,1,8,1,22.573,tp1pp1dp8etp1ep8,10,80,3,4.919,tp1pp1dp8etp4ep2,32
deepseek_v3__b200_sxm__analytical,deepseek_v3,b200_sxm,ANALYTICAL,decode,20.3157,12.243360000000001,1.6593239110832319,12.243360000000001,12.243,2.9403693103901383e-05,637.927,15.865,63.03,391.788,391.788,1,8,1,22.573,tp1pp1dp8etp1ep8,9,72,3,4.436,tp1pp1dp8etp8ep1,32
deepseek_v3__b200_sxm__analytical,deepseek_v3,b200_sxm,ANALYTICAL,decode,20.3157,5.815320000000001,3.4934792926270606,5.815320000000001,5.815,5.5027066438359365e-05,637.927,14.849,67.343,186.09,186.09,1,8,1,22.573,tp1pp1dp8etp1ep8,4,32,3,2.107,tp1pp1dp8etp1ep8,32
deepseek_v3__b200_sxm__analytical,deepseek_v3,b200_sxm,ANALYTICAL,decode,6.9165,3.6386,1.9008684658934756,3.6386,3.639,0.0001099323915791667,234.216,13.848,72.215,116.435,116.435,1,1,1,7.685,tp4pp1dp1etp1ep4,8,8,7,0.565,tp4pp1dp1etp1ep4,32
deepseek_v3__b200_sxm__analytical,deepseek_v3,b200_sxm,ANALYTICAL,decode,6.9165,3.4904800000000007,1.9815326258852648,3.4904800000000007,3.49,0.00013751690311947926,234.216,12.631,79.173,111.695,111.695,1,1,1,7.685,tp4pp1dp1etp1ep4,7,7,7,0.542,tp4pp1dp1etp1ep4,32
deepseek_v3__b200_sxm__analytical,deepseek_v3,b200_sxm,ANALYTICAL,decode,6.9165,3.31016,2.089476037412089,3.31016,3.31,4.8336032095173645e-05,234.216,11.413,87.616,105.925,105.925,1,1,1,7.685,tp4pp1dp1etp1ep4,6,6,7,0.514,tp4pp1dp1etp1ep4,32
deepseek_v3__b200_sxm__analytical,deepseek_v3,b200_sxm,ANALYTICAL,decode,6.9165,3.0847599999999997,2.242151739519444,3.0847599999999997,3.085,7.780183871686615e-05,234.216,10.196,98.074,98.712,98.712,1,1,1,7.685,tp4pp1dp1etp1ep4,5,5,7,0.479,tp4pp1dp1etp1ep4,32
deepseek_v3__b200_sxm__analytical,deepseek_v3,b200_sxm,ANALYTICAL,decode,6.9165,2.8014,2.468944099378882,2.8014,2.801,0.00014278574998213606,234.216,8.979,111.368,89.645,89.645,1,1,1,7.685,tp4pp1dp1etp1ep4,4,4,7,0.435,tp4pp1dp1etp1ep4,32
deepseek_v3__b200_sxm__analytical,deepseek_v3,b200_sxm,ANALYTICAL,decode,6.9165,2.43432,2.841245193729666,2.43432,2.434,0.00013145354760256495,234.216,7.762,128.83,77.898,77.898,1,1,1,7.685,tp4pp1dp1etp1ep4,3,3,7,0.378,tp4pp1dp1etp1ep4,32
deepseek_v3__b200_sxm__analytical,deepseek_v3,b200_sxm,ANALYTICAL,decode,6.9165,1.91912,3.6039955813080997,1.91912,1.919,6.252865896864083e-05,234.216,6.556,152.538,61.412,61.412,1,1,1,7.685,tp4pp1dp1etp1ep4,2,2,7,0.298,tp4pp1dp1etp1ep4,32
deepseek_v3__b200_sxm__analytical,deepseek_v3,b200_sxm,ANALYTICAL,decode,10.0206,1.66152,6.030983677596417,1.66152,1.662,0.0002888920988009858,161.66,6.493,154.001,53.169,53.169,1,1,1,11.134,tp8pp1dp1etp1ep8,4,4,3,0.602,tp8pp1dp1etp1ep8,32
deepseek_v3__b200_sxm__analytical,deepseek_v3,b200_sxm,ANALYTICAL,decode,10.0206,1.3827600000000002,7.246810726373339,1.3827600000000002,1.383,0.00017356591165480336,161.66,5.848,170.985,44.248,44.248,1,1,1,11.134,tp8pp1dp1etp1ep8,3,3,3,0.501,tp8pp1dp1etp1ep8,32
deepseek_v3__b200_sxm__analytical,deepseek_v3,b200_sxm,ANALYTICAL,decode,6.9165,1.17852,5.8688015477038995,1.17852,1.179,0.0004072904999491192,234.216,5.343,187.17,37.713,37.713,1,1,1,7.685,tp4pp1dp1etp1ep4,1,1,7,0.183,tp4pp1dp1etp4ep1,32
deepseek_v3__b200_sxm__analytical,deepseek_v3,b200_sxm,ANALYTICAL,decode,10.0206,0.59064,16.96566436407964,0.59064,0.591,0.0006095083299470336,161.66,4.571,218.794,18.9,18.9,1,1,1,11.134,tp8pp1dp1etp1ep8,1,1,3,0.214,tp8pp1dp1etp1ep8,32
deepseek_v3__b300_sxm__silicon,deepseek_v3,b300_sxm,SILICON,prefill,34.51950000000001,36.04284,0.9577352949989515,34.51950000000001,34.52,1.4484566694050664e-05,938.585,64.674,15.462,1104.624,1104.624,1,4,5,7.671,tp1pp1dp4etp4ep1,216,864,3,13.059,tp1pp1dp4etp4ep1,32
deepseek_v3__b300_sxm__silicon,deepseek_v3,b300_sxm,SILICON,decode,34.51950000000001,33.351839999999996,1.035010362246881,33.351839999999996,33.352,4.7973365187962105e-06,938.585,59.537,16.796,1067.259,1067.259,1,4,5,7.671,tp1pp1dp4etp4ep1,184,736,3,12.084,tp1pp1dp4etp4ep1,32
deepseek_v3__b300_sxm__silicon,deepseek_v3,b300_sxm,SILICON,decode,34.51950000000001,30.078480000000003,1.1476477534769045,30.078480000000003,30.078,1.595825320970822e-05,938.585,54.537,18.336,962.511,962.511,1,4,5,7.671,tp1pp1dp4etp4ep1,152,608,3,10.898,tp1pp1dp4etp4ep1,32
deepseek_v3__b300_sxm__silicon,deepseek_v3,b300_sxm,SILICON,prefill,13.8078,14.31152,0.9648031795364853,13.8078,13.808,1.4484566694153586e-05,938.585,44.239,22.604,883.699,883.699,1,4,2,7.671,tp1pp1dp4etp4ep1,88,704,1,15.556,tp1pp1dp8etp4ep2,16
deepseek_v3__b300_sxm__silicon,deepseek_v3,b300_sxm,SILICON,decode,6.9039,6.5255600000000005,1.0579781658585623,6.5255600000000005,6.526,6.742716333913561e-05,938.585,39.688,25.197,835.272,835.272,1,4,1,7.671,tp1pp1dp4etp4ep1,72,288,1,7.093,tp1pp1dp4etp2ep2,8
deepseek_v3__b300_sxm__silicon,deepseek_v3,b300_sxm,SILICON,decode,6.9039,6.222880000000001,1.1094380736893528,6.222880000000001,6.223,1.928367572554987e-05,938.585,39.31,25.439,796.529,796.529,1,4,1,7.671,tp1pp1dp4etp4ep1,68,272,1,6.764,tp1pp1dp4etp4ep1,8
deepseek_v3__b300_sxm__silicon,deepseek_v3,b300_sxm,SILICON,decode,13.8078,11.837640000000002,1.166431822559226,11.837640000000002,11.838,3.0411467150295945e-05,938.585,34.036,29.381,757.609,757.609,1,4,2,7.671,tp1pp1dp4etp4ep1,56,448,1,12.867,tp1pp1dp8etp4ep2,16
deepseek_v3__b300_sxm__silicon,deepseek_v3,b300_sxm,SILICON,decode,13.8078,10.62692,1.299322851776432,10.62692,10.627,7.528051401584288e-06,938.585,29.788,33.57,680.123,680.123,1,4,2,7.671,tp1pp1dp4etp4ep1,44,352,1,11.551,tp1pp1dp8etp4ep2,16
deepseek_v3__b300_sxm__silicon,deepseek_v3,b300_sxm,SILICON,decode,13.8078,9.8808,1.3974374544571289,9.8808,9.881,2.02412760099925e-05,938.585,29.125,34.334,632.371,632.371,1,4,2,7.671,tp1pp1dp4etp4ep1,40,320,1,10.74,tp1pp1dp8etp8ep1,16
deepseek_v3__b300_sxm__silicon,deepseek_v3,b300_sxm,SILICON,prefill,13.8078,15.122040000000002,0.9130910908845631,13.8078,13.808,1.4484566694153586e-05,938.585,19.982,50.045,441.85,441.85,1,4,2,7.671,tp1pp1dp4etp4ep1,14,112,3,5.479,tp1pp1dp8etp2ep4,32
deepseek_v3__b300_sxm__silicon,deepseek_v3,b300_sxm,SILICON,decode,13.8078,13.0134,1.0610447692378624,13.0134,13.013,3.073754745115374e-05,938.585,19.905,50.24,416.429,416.429,1,4,2,7.671,tp1pp1dp4etp4ep1,12,96,3,4.715,tp1pp1dp8etp1ep8,32
deepseek_v3__b300_sxm__silicon,deepseek_v3,b300_sxm,SILICON,decode,13.8078,12.599400000000001,1.0959093290156674,12.599400000000001,12.599,3.1747543533886064e-05,938.585,18.843,53.069,403.181,403.181,1,4,2,7.671,tp1pp1dp4etp4ep1,11,88,3,4.565,tp1pp1dp8etp2ep4,32
deepseek_v3__b300_sxm__silicon,deepseek_v3,b300_sxm,SILICON,decode,13.8078,10.39692,1.328066388892095,10.39692,10.397,7.694586473736846e-06,938.585,18.682,53.526,332.701,332.701,1,4,2,7.671,tp1pp1dp4etp4ep1,9,72,3,3.767,tp1pp1dp8etp1ep8,32
deepseek_v3__b300_sxm__silicon,deepseek_v3,b300_sxm,SILICON,decode,13.8078,9.80904,1.407660688507744,9.80904,9.809,4.0778710251219336e-06,938.585,17.604,56.804,313.889,313.889,1,4,2,7.671,tp1pp1dp4etp4ep1,8,64,3,3.554,tp1pp1dp8etp2ep4,32
deepseek_v3__b300_sxm__silicon,deepseek_v3,b300_sxm,SILICON,decode,13.8078,7.76112,1.7790988929432865,7.76112,7.761,1.5461685942221995e-05,938.585,16.684,59.939,248.356,248.356,1,4,2,7.671,tp1pp1dp4etp4ep1,6,48,3,2.812,tp1pp1dp8etp2ep4,32
deepseek_v3__b300_sxm__silicon,deepseek_v3,b300_sxm,SILICON,decode,13.8078,6.571559999999999,2.101144933623067,6.571559999999999,6.572,6.695518263564607e-05,938.585,16.423,60.89,210.29,210.29,1,4,2,7.671,tp1pp1dp4etp4ep1,5,40,3,2.381,tp1pp1dp8etp1ep8,32
deepseek_v3__b300_sxm__silicon,deepseek_v3,b300_sxm,SILICON,decode,13.8078,4.18416,3.300017207754961,4.18416,4.184,3.823945547019234e-05,938.585,15.478,64.608,133.893,133.893,1,4,2,7.671,tp1pp1dp4etp4ep1,3,24,3,1.516,tp1pp1dp8etp2ep4,32
deepseek_v3__b300_sxm__silicon,deepseek_v3,b300_sxm,SILICON,decode,4.3947,3.3681200000000002,1.3047931783903186,3.3681200000000002,3.368,3.5628184269070595e-05,368.608,14.95,66.889,107.78,107.78,1,1,1,4.883,tp4pp1dp1etp4ep1,8,8,7,0.523,tp4pp1dp1etp2ep2,32
deepseek_v3__b300_sxm__silicon,deepseek_v3,b300_sxm,SILICON,decode,4.3947,3.07832,1.4276293562722524,3.07832,3.078,0.0001039528054264404,368.608,14.328,69.791,98.506,98.506,1,1,1,4.883,tp4pp1dp1etp4ep1,7,7,7,0.478,tp4pp1dp1etp1ep4,32
deepseek_v3__b300_sxm__silicon,deepseek_v3,b300_sxm,SILICON,decode,4.3947,2.8658,1.5334984995463745,2.8658,2.866,6.978854072160583e-05,368.608,13.166,75.951,91.706,91.706,1,1,1,4.883,tp4pp1dp1etp4ep1,6,6,7,0.445,tp4pp1dp1etp2ep2,32
deepseek_v3__b300_sxm__silicon,deepseek_v3,b300_sxm,SILICON,decode,4.3947,2.56312,1.714590030899841,2.56312,2.563,4.6817940634811465e-05,368.608,12.283,81.414,82.02,82.02,1,1,1,4.883,tp4pp1dp1etp4ep1,5,5,7,0.398,tp4pp1dp1etp2ep2,32
deepseek_v3__b300_sxm__silicon,deepseek_v3,b300_sxm,SILICON,decode,4.3947,2.21536,1.9837407915643508,2.21536,2.215,0.0001625018055756798,368.608,11.372,87.936,70.892,70.892,1,1,1,4.883,tp4pp1dp1etp4ep1,4,4,7,0.344,tp4pp1dp1etp2ep2,32
deepseek_v3__b300_sxm__silicon,deepseek_v3,b300_sxm,SILICON,decode,4.3947,1.9513200000000002,2.252167763360187,1.9513200000000002,1.951,0.0001639915544349968,368.608,9.685,103.249,62.442,62.442,1,1,1,4.883,tp4pp1dp1etp4ep1,3,3,7,0.303,tp4pp1dp1etp2ep2,32
deepseek_v3__b300_sxm__silicon,deepseek_v3,b300_sxm,SILICON,decode,5.2272,1.67256,3.1252690486439945,1.67256,1.673,0.0002630697852393911,309.931,9.672,103.389,53.522,53.522,1,1,1,5.808,tp8pp1dp1etp8ep1,6,6,3,0.606,tp8pp1dp1etp2ep4,32
deepseek_v3__b300_sxm__silicon,deepseek_v3,b300_sxm,SILICON,decode,4.3947,1.57136,2.7967493126972816,1.57136,1.571,0.0002291009062214502,368.608,8.015,124.769,50.284,50.284,1,1,1,4.883,tp4pp1dp1etp4ep1,2,2,7,0.244,tp4pp1dp1etp2ep2,32
deepseek_v3__b300_sxm__silicon,deepseek_v3,b300_sxm,SILICON,decode,5.2272,1.0819200000000002,4.831410825199644,1.0819200000000002,1.082,7.394262052634015e-05,309.931,7.489,133.528,34.621,34.621,1,1,1,5.808,tp8pp1dp1etp8ep1,3,3,3,0.392,tp8pp1dp1etp2ep4,32
deepseek_v3__b300_sxm__silicon,deepseek_v3,b300_sxm,SILICON,decode,4.3947,0.94668,4.642223348966916,0.94668,0.947,0.0003380234081209986,368.608,6.628,150.878,30.294,30.294,1,1,1,4.883,tp4pp1dp1etp4ep1,1,1,7,0.147,tp4pp1dp1etp2ep2,32
deepseek_v3__b300_sxm__silicon,deepseek_v3,b300_sxm,SILICON,decode,5.2272,0.47196000000000005,11.075514874141875,0.47196000000000005,0.472,8.475294516469399e-05,309.931,5.714,175.01,15.103,15.103,1,1,1,5.808,tp8pp1dp1etp8ep1,1,1,3,0.171,tp8pp1dp1etp2ep4,32
deepseek_v3__b300_sxm__empirical,deepseek_v3,b300_sxm,EMPIRICAL,prefill,34.479000000000006,36.351040000000005,0.9485010607674499,34.479000000000006,34.479,2.0607985607474115e-16,375.881,39.583,25.263,2206.656,2206.656,1,4,2,19.155,tp1pp1dp4etp1ep4,200,1600,1,39.512,tp1pp1dp8etp2ep4,16
deepseek_v3__b300_sxm__empirical,deepseek_v3,b300_sxm,EMPIRICAL,decode,34.479000000000006,33.063880000000005,1.0427995746415726,33.063880000000005,33.064,3.629338117470093e-06,375.881,34.815,28.723,2116.088,2116.088,1,4,2,19.155,tp1pp1dp4etp1ep4,160,1280,1,35.939,tp1pp1dp8etp1ep8,16
deepseek_v3__b300_sxm__empirical,deepseek_v3,b300_sxm,EMPIRICAL,decode,34.479000000000006,31.80992,1.0839071585216185,31.80992,31.81,2.5149387359971787e-06,375.881,34.378,29.089,2035.835,2035.835,1,4,2,19.155,tp1pp1dp4etp1ep4,152,1216,1,34.576,tp1pp1dp8etp2ep4,16
deepseek_v3__b300_sxm__empirical,deepseek_v3,b300_sxm,EMPIRICAL,decode,34.479000000000006,30.210960000000004,1.1412745573129752,30.210960000000004,30.211,1.3240228048010713e-06,375.881,34.292,29.161,1933.501,1933.501,1,4,2,19.155,tp1pp1dp4etp1ep4,144,1152,1,32.838,tp1pp1dp8etp4ep2,16
deepseek_v3__b300_sxm__empirical,deepseek_v3,b300_sxm,EMPIRICAL,decode,34.479000000000006,27.043400000000002,1.2749506349053745,27.043400000000002,27.043,1.4791039588314356e-05,375.881,29.796,33.562,1730.778,1730.778,1,4,2,19.155,tp1pp1dp4etp1ep4,112,896,1,29.395,tp1pp1dp8etp1ep8,16
deepseek_v3__b300_sxm__empirical,deepseek_v3,b300_sxm,EMPIRICAL,decode,34.479000000000006,26.19056,1.3164666963974807,26.19056,26.191,1.6799946240078618e-05,375.881,29.668,33.707,1676.196,1676.196,1,4,2,19.155,tp1pp1dp4etp1ep4,108,864,1,28.468,tp1pp1dp8etp2ep4,16
deepseek_v3__b300_sxm__empirical,deepseek_v3,b300_sxm,EMPIRICAL,prefill,34.479000000000006,37.15328,0.9280203524426377,34.479000000000006,34.479,2.0607985607474115e-16,375.881,24.787,40.344,1471.104,1103.328,1,4,2,19.155,tp1pp1dp4etp1ep4,64,512,2,20.192,tp1pp1dp8etp1ep8,24
deepseek_v3__b300_sxm__empirical,deepseek_v3,b300_sxm,EMPIRICAL,decode,34.479000000000006,30.52928,1.129374816569536,30.52928,30.529,9.171523206576047e-06,375.881,24.509,40.801,1302.583,976.93725,1,4,2,19.155,tp1pp1dp4etp1ep4,52,416,2,16.592,tp1pp1dp8etp8ep1,24
deepseek_v3__b300_sxm__empirical,deepseek_v3,b300_sxm,EMPIRICAL,decode,34.479000000000006,19.43868,1.773731549673126,19.43868,19.439,1.646202314141411e-05,375.881,19.986,50.034,622.038,622.038,1,4,2,19.155,tp1pp1dp4etp1ep4,18,144,3,7.043,tp1pp1dp8etp1ep8,32
deepseek_v3__b300_sxm__empirical,deepseek_v3,b300_sxm,EMPIRICAL,decode,34.479000000000006,17.42388,1.9788359423962978,17.42388,17.424,6.887099773357586e-06,375.881,19.82,50.453,557.564,557.564,1,4,2,19.155,tp1pp1dp4etp1ep4,16,128,3,6.313,tp1pp1dp8etp2ep4,32
deepseek_v3__b300_sxm__empirical,deepseek_v3,b300_sxm,EMPIRICAL,decode,34.479000000000006,9.11628,3.782134818149509,9.11628,9.116,3.071428258018161e-05,375.881,18.943,52.791,291.721,291.721,1,4,2,19.155,tp1pp1dp4etp1ep4,8,64,3,3.303,tp1pp1dp8etp1ep8,32
deepseek_v3__b300_sxm__empirical,deepseek_v3,b300_sxm,EMPIRICAL,decode,34.479000000000006,7.9957199999999995,4.312182017379299,7.9957199999999995,7.996,3.501873502335577e-05,375.881,18.895,52.925,255.863,255.863,1,4,2,19.155,tp1pp1dp4etp1ep4,7,56,3,2.897,tp1pp1dp8etp4ep2,32
deepseek_v3__b300_sxm__empirical,deepseek_v3,b300_sxm,EMPIRICAL,decode,13.291200000000002,3.4362000000000004,3.8679937139863805,3.4362000000000004,3.436,5.820382981212445e-05,121.885,18.843,53.069,109.958,109.958,1,1,1,14.768,tp8pp1dp1etp1ep8,24,24,3,1.245,tp8pp1dp1etp1ep8,32
deepseek_v3__b300_sxm__empirical,deepseek_v3,b300_sxm,EMPIRICAL,decode,8.5968,2.84004,3.0269996197236657,2.84004,2.84,1.4084308671801118e-05,188.442,17.752,56.332,90.881,90.881,1,1,1,9.552,tp4pp1dp1etp1ep4,8,8,7,0.441,tp4pp1dp1etp1ep4,32
deepseek_v3__b300_sxm__empirical,deepseek_v3,b300_sxm,EMPIRICAL,decode,8.5968,2.82072,3.047732493831362,2.82072,2.821,9.926543577528361e-05,188.442,15.615,64.04,90.263,90.263,1,1,1,9.552,tp4pp1dp1etp1ep4,7,7,7,0.438,tp4pp1dp1etp1ep4,32
deepseek_v3__b300_sxm__empirical,deepseek_v3,b300_sxm,EMPIRICAL,decode,8.5968,2.8014,3.068751338616406,2.8014,2.801,0.00014278574998213606,188.442,13.479,74.19,89.645,89.645,1,1,1,9.552,tp4pp1dp1etp1ep4,6,6,7,0.435,tp4pp1dp1etp1ep4,32
deepseek_v3__b300_sxm__empirical,deepseek_v3,b300_sxm,EMPIRICAL,decode,8.5968,2.77564,3.097231629462034,2.77564,2.776,0.00012969981697903688,188.442,11.342,88.165,88.82,88.82,1,1,1,9.552,tp4pp1dp1etp1ep4,5,5,7,0.431,tp4pp1dp1etp1ep4,32
deepseek_v3__b300_sxm__empirical,deepseek_v3,b300_sxm,EMPIRICAL,decode,8.5968,2.737,3.1409572524662037,2.737,2.737,0.0,188.442,9.206,108.626,87.584,87.584,1,1,1,9.552,tp4pp1dp1etp1ep4,4,4,7,0.425,tp4pp1dp1etp1ep4,32
deepseek_v3__b300_sxm__empirical,deepseek_v3,b300_sxm,EMPIRICAL,decode,8.5968,2.6726,3.2166429693931002,2.6726,2.673,0.00014966699094513057,188.442,7.069,141.455,85.523,85.523,1,1,1,9.552,tp4pp1dp1etp1ep4,3,3,7,0.415,tp4pp1dp1etp1ep4,32
deepseek_v3__b300_sxm__empirical,deepseek_v3,b300_sxm,EMPIRICAL,decode,8.5968,2.5502400000000005,3.370976849237718,2.5502400000000005,2.55,9.41087897612319e-05,188.442,4.933,202.72,81.608,81.608,1,1,1,9.552,tp4pp1dp1etp1ep4,2,2,7,0.396,tp4pp1dp1etp1ep4,32
deepseek_v3__b300_sxm__empirical,deepseek_v3,b300_sxm,EMPIRICAL,decode,8.5968,2.254,3.814019520851819,2.254,2.254,0.0,188.442,2.796,357.601,72.128,72.128,1,1,1,9.552,tp4pp1dp1etp1ep4,1,1,7,0.35,tp4pp1dp1etp1ep4,32
deepseek_v3__b300_sxm__empirical,deepseek_v3,b300_sxm,EMPIRICAL,decode,13.291200000000002,1.99272,6.669878357220282,1.99272,1.993,0.00014051146172069232,121.885,2.709,369.136,63.767,63.767,1,1,1,14.768,tp8pp1dp1etp1ep8,2,2,3,0.722,tp8pp1dp1etp1ep8,32
deepseek_v3__b300_sxm__empirical,deepseek_v3,b300_sxm,EMPIRICAL,decode,13.291200000000002,1.6836000000000002,7.894511760513186,1.6836000000000002,1.684,0.00023758612497014366,121.885,1.602,624.344,53.875,53.875,1,1,1,14.768,tp8pp1dp1etp1ep8,1,1,3,0.61,tp8pp1dp1etp1ep8,32
deepseek_v3__b300_sxm__analytical,deepseek_v3,b300_sxm,ANALYTICAL,decode,55.750499999999995,45.17568,1.2340821433125078,45.17568,45.176,7.0834572938823805e-06,581.143,61.153,16.352,1445.622,1445.622,1,4,5,12.389,tp1pp1dp4etp1ep4,256,1024,3,16.368,tp1pp1dp4etp1ep4,32
deepseek_v3__b300_sxm__analytical,deepseek_v3,b300_sxm,ANALYTICAL,decode,55.750499999999995,44.629200000000004,1.24919335323062,44.629200000000004,44.629,4.481370941147036e-06,581.143,59.969,16.675,1428.134,1428.134,1,4,5,12.389,tp1pp1dp4etp1ep4,248,992,3,16.17,tp1pp1dp4etp1ep4,32
deepseek_v3__b300_sxm__analytical,deepseek_v3,b300_sxm,ANALYTICAL,prefill,22.3002,22.529880000000002,0.9898055382452102,22.3002,22.3,8.968529430208423e-06,581.143,29.379,34.038,1427.213,1427.213,1,4,2,12.389,tp1pp1dp4etp1ep4,92,736,1,24.489,tp1pp1dp8etp2ep4,16
deepseek_v3__b300_sxm__analytical,deepseek_v3,b300_sxm,ANALYTICAL,decode,22.3002,19.64568,1.1351197820589565,19.64568,19.646,1.628856827567671e-05,581.143,29.297,34.133,1257.324,1257.324,1,4,2,12.389,tp1pp1dp4etp1ep4,80,640,1,21.354,tp1pp1dp8etp8ep1,16
deepseek_v3__b300_sxm__analytical,deepseek_v3,b300_sxm,ANALYTICAL,decode,22.3002,18.69808,1.192646517717327,18.69808,18.698,4.278514157631377e-06,581.143,24.625,40.609,1196.677,1196.677,1,4,2,12.389,tp1pp1dp4etp1ep4,64,512,1,20.324,tp1pp1dp8etp1ep8,16
deepseek_v3__b300_sxm__analytical,deepseek_v3,b300_sxm,ANALYTICAL,prefill,22.3002,23.4968,0.9490739164481972,22.3002,22.3,8.968529430208423e-06,581.143,19.596,51.032,951.475,713.60625,1,4,2,12.389,tp1pp1dp4etp1ep4,32,256,2,12.77,tp1pp1dp8etp1ep8,24
deepseek_v3__b300_sxm__analytical,deepseek_v3,b300_sxm,ANALYTICAL,prefill,22.3002,24.376320000000003,0.9148304584120982,22.3002,22.3,8.968529430208423e-06,581.143,17.709,56.468,713.606,713.606,1,4,2,12.389,tp1pp1dp4etp1ep4,20,160,3,8.832,tp1pp1dp8etp1ep8,32
deepseek_v3__b300_sxm__analytical,deepseek_v3,b300_sxm,ANALYTICAL,decode,22.3002,19.13232,1.1655774103715597,19.13232,19.132,1.6725624492928388e-05,581.143,16.923,59.091,612.234,612.234,1,4,2,12.389,tp1pp1dp4etp1ep4,15,120,3,6.932,tp1pp1dp8etp1ep8,32
deepseek_v3__b300_sxm__analytical,deepseek_v3,b300_sxm,ANALYTICAL,decode,22.3002,12.15504,1.8346463689136359,12.15504,12.155,3.290815990754621e-06,581.143,15.979,62.58,388.961,388.961,1,4,2,12.389,tp1pp1dp4etp1ep4,9,72,3,4.404,tp1pp1dp8etp1ep8,32
deepseek_v3__b300_sxm__analytical,deepseek_v3,b300_sxm,ANALYTICAL,decode,22.3002,10.890960000000002,2.0475880914079196,10.890960000000002,10.891,3.6727708116167614e-06,581.143,15.853,63.079,348.511,348.511,1,4,2,12.389,tp1pp1dp4etp1ep4,8,64,3,3.946,tp1pp1dp8etp2ep4,32
deepseek_v3__b300_sxm__analytical,deepseek_v3,b300_sxm,ANALYTICAL,decode,9.902700000000001,5.4896400000000005,1.8038887795921044,5.4896400000000005,5.49,6.557807069310445e-05,163.597,15.727,63.584,175.668,175.668,1,1,1,11.003,tp8pp1dp1etp1ep8,32,32,3,1.989,tp8pp1dp1etp1ep8,32
deepseek_v3__b300_sxm__analytical,deepseek_v3,b300_sxm,ANALYTICAL,decode,9.902700000000001,3.96336,2.4985618263291753,3.96336,3.963,9.083202131528248e-05,163.597,14.977,66.768,126.828,126.828,1,1,1,11.003,tp8pp1dp1etp1ep8,22,22,3,1.436,tp8pp1dp1etp1ep8,32
deepseek_v3__b300_sxm__analytical,deepseek_v3,b300_sxm,ANALYTICAL,decode,9.902700000000001,3.6321600000000007,2.726394211708735,3.6321600000000007,3.632,4.405092286700037e-05,163.597,14.856,67.312,116.229,116.229,1,1,1,11.003,tp8pp1dp1etp1ep8,20,20,3,1.316,tp8pp1dp1etp4ep2,32
deepseek_v3__b300_sxm__analytical,deepseek_v3,b300_sxm,ANALYTICAL,decode,6.8247,3.5548800000000003,1.91981163921145,3.5548800000000003,3.555,3.375641371857783e-05,237.377,14.177,70.537,113.756,113.756,1,1,1,7.583,tp4pp1dp1etp1ep4,8,8,7,0.552,tp4pp1dp1etp1ep4,32
deepseek_v3__b300_sxm__analytical,deepseek_v3,b300_sxm,ANALYTICAL,decode,6.8247,3.4132000000000002,1.9995019336692839,3.4132000000000002,3.413,5.859603890789349e-05,237.377,12.921,77.393,109.222,109.222,1,1,1,7.583,tp4pp1dp1etp1ep4,7,7,7,0.53,tp4pp1dp1etp1ep4,32
deepseek_v3__b300_sxm__analytical,deepseek_v3,b300_sxm,ANALYTICAL,decode,6.8247,3.23932,2.1068310633095835,3.23932,3.239,9.878616499769087e-05,237.377,11.665,85.726,103.658,103.658,1,1,1,7.583,tp4pp1dp1etp1ep4,6,6,7,0.503,tp4pp1dp1etp1ep4,32
deepseek_v3__b300_sxm__analytical,deepseek_v3,b300_sxm,ANALYTICAL,decode,6.8247,3.0268,2.254757499669618,3.0268,3.027,6.60763843002438e-05,237.377,10.409,96.07,96.858,96.858,1,1,1,7.583,tp4pp1dp1etp1ep4,5,5,7,0.47,tp4pp1dp1etp1ep4,32
deepseek_v3__b300_sxm__analytical,deepseek_v3,b300_sxm,ANALYTICAL,decode,6.8247,2.74988,2.4818173883951298,2.74988,2.75,4.3638267851650966e-05,237.377,9.153,109.253,87.996,87.996,1,1,1,7.583,tp4pp1dp1etp1ep4,4,4,7,0.427,tp4pp1dp1etp1ep4,32
deepseek_v3__b300_sxm__analytical,deepseek_v3,b300_sxm,ANALYTICAL,decode,6.8247,2.38924,2.856431333813263,2.38924,2.389,0.00010045035241342017,237.377,7.897,126.629,76.456,76.456,1,1,1,7.583,tp4pp1dp1etp1ep4,3,3,7,0.371,tp4pp1dp1etp1ep4,32
deepseek_v3__b300_sxm__analytical,deepseek_v3,b300_sxm,ANALYTICAL,decode,6.8247,1.89336,3.604544302192927,1.89336,1.893,0.00019013816706802507,237.377,6.652,150.331,60.588,60.588,1,1,1,7.583,tp4pp1dp1etp1ep4,2,2,7,0.294,tp4pp1dp1etp1ep4,32
deepseek_v3__b300_sxm__analytical,deepseek_v3,b300_sxm,ANALYTICAL,decode,9.902700000000001,1.63944,6.040294246815987,1.63944,1.639,0.00026838432635533835,163.597,6.588,151.79,52.462,52.462,1,1,1,11.003,tp8pp1dp1etp1ep8,4,4,3,0.594,tp8pp1dp1etp1ep8,32
deepseek_v3__b300_sxm__analytical,deepseek_v3,b300_sxm,ANALYTICAL,decode,9.902700000000001,1.3661999999999999,7.248353096179184,1.3661999999999999,1.366,0.0001463914507390982,163.597,5.923,168.845,43.718,43.718,1,1,1,11.003,tp8pp1dp1etp1ep8,3,3,3,0.495,tp8pp1dp1etp1ep8,32
deepseek_v3__b300_sxm__analytical,deepseek_v3,b300_sxm,ANALYTICAL,decode,6.8247,1.16564,5.854895164887958,1.16564,1.166,0.0003088432105966816,237.377,5.4,185.178,37.3,37.3,1,1,1,7.583,tp4pp1dp1etp1ep4,1,1,7,0.181,tp4pp1dp1etp4ep1,32
deepseek_v3__b300_sxm__analytical,deepseek_v3,b300_sxm,ANALYTICAL,decode,9.902700000000001,0.5851200000000001,16.924220672682527,0.5851200000000001,0.585,0.00020508613617739948,163.597,4.604,217.204,18.724,18.724,1,1,1,11.003,tp8pp1dp1etp1ep8,1,1,3,0.212,tp8pp1dp1etp1ep8,32
deepseek_v3__rtx_pro_6000_server__empirical,deepseek_v3,rtx_pro_6000_server,EMPIRICAL,decode,1.6146,0.6072000000000001,2.6590909090909087,0.6072000000000001,0.607,0.0003293807641635194,1003.153,79.959,12.506,19.43,19.43,1,1,1,1.794,tp8pp1dp1etp1ep8,18,18,3,0.22,tp8pp1dp1etp1ep8,32
deepseek_v3__rtx_pro_6000_server__empirical,deepseek_v3,rtx_pro_6000_server,EMPIRICAL,decode,1.6146,0.54372,2.969543147208122,0.54372,0.544,0.000514970940925583,1003.153,64.564,15.489,17.399,17.399,1,1,1,1.794,tp8pp1dp1etp1ep8,13,13,3,0.197,tp8pp1dp1etp1ep8,32
deepseek_v3__rtx_pro_6000_server__empirical,deepseek_v3,rtx_pro_6000_server,EMPIRICAL,decode,1.6146,0.5409600000000001,2.98469387755102,0.5409600000000001,0.541,7.394262052634015e-05,1003.153,49.99,20.004,17.311,17.311,1,1,1,1.794,tp8pp1dp1etp1ep8,10,10,3,0.196,tp8pp1dp1etp1ep8,32
deepseek_v3__rtx_pro_6000_server__empirical,deepseek_v3,rtx_pro_6000_server,EMPIRICAL,decode,1.6146,0.5382,3.0,0.5382,0.538,0.00037160906726120026,1003.153,45.145,22.151,17.222,17.222,1,1,1,1.794,tp8pp1dp1etp1ep8,9,9,3,0.195,tp8pp1dp1etp2ep4,32
deepseek_v3__rtx_pro_6000_server__empirical,deepseek_v3,rtx_pro_6000_server,EMPIRICAL,decode,1.6146,0.5354400000000001,3.0154639175257727,0.5354400000000001,0.535,0.0008217540714180988,1003.153,40.274,24.83,17.134,17.134,1,1,1,1.794,tp8pp1dp1etp1ep8,8,8,3,0.194,tp8pp1dp1etp1ep8,32
deepseek_v3__rtx_pro_6000_server__empirical,deepseek_v3,rtx_pro_6000_server,EMPIRICAL,decode,1.6146,0.5326799999999999,3.031088082901555,0.5326799999999999,0.533,0.0006007359014794962,1003.153,35.416,28.236,17.046,17.046,1,1,1,1.794,tp8pp1dp1etp1ep8,7,7,3,0.193,tp8pp1dp1etp1ep8,32
deepseek_v3__rtx_pro_6000_server__empirical,deepseek_v3,rtx_pro_6000_server,EMPIRICAL,decode,1.6146,0.5299200000000001,3.0468749999999996,0.5299200000000001,0.53,0.00015096618357482067,1003.153,30.558,32.725,16.957,16.957,1,1,1,1.794,tp8pp1dp1etp1ep8,6,6,3,0.192,tp8pp1dp1etp1ep8,32
deepseek_v3__rtx_pro_6000_server__empirical,deepseek_v3,rtx_pro_6000_server,EMPIRICAL,decode,1.6146,0.5244000000000001,3.078947368421052,0.5244000000000001,0.524,0.0007627765064837278,1003.153,25.7,38.911,16.781,16.781,1,1,1,1.794,tp8pp1dp1etp1ep8,5,5,3,0.19,tp8pp1dp1etp1ep8,32
deepseek_v3__rtx_pro_6000_server__empirical,deepseek_v3,rtx_pro_6000_server,EMPIRICAL,decode,1.6146,0.5188800000000001,3.1117021276595738,0.5188800000000001,0.519,0.00023126734505068213,1003.153,20.842,47.98,16.604,16.604,1,1,1,1.794,tp8pp1dp1etp1ep8,4,4,3,0.188,tp8pp1dp1etp1ep8,32
deepseek_v3__rtx_pro_6000_server__empirical,deepseek_v3,rtx_pro_6000_server,EMPIRICAL,decode,1.6146,0.50508,3.19672131147541,0.50508,0.505,0.00015839074998013977,1003.153,15.984,62.563,16.163,16.163,1,1,1,1.794,tp8pp1dp1etp1ep8,3,3,3,0.183,tp8pp1dp1etp1ep8,32
deepseek_v3__rtx_pro_6000_server__empirical,deepseek_v3,rtx_pro_6000_server,EMPIRICAL,decode,1.6146,0.48576,3.3238636363636362,0.48576,0.486,0.000494071146244982,1003.153,11.126,89.88,15.544,15.544,1,1,1,1.794,tp8pp1dp1etp1ep8,2,2,3,0.176,tp8pp1dp1etp1ep8,32
deepseek_v3__rtx_pro_6000_server__empirical,deepseek_v3,rtx_pro_6000_server,EMPIRICAL,decode,1.6146,0.43056,3.75,0.43056,0.431,0.001021924934968404,1003.153,6.268,159.542,13.778,13.778,1,1,1,1.794,tp8pp1dp1etp1ep8,1,1,3,0.156,tp8pp1dp1etp1ep8,32
deepseek_v3__rtx_pro_6000_server__analytical,deepseek_v3,rtx_pro_6000_server,ANALYTICAL,decode,1.4985000000000002,0.92184,1.6255532413434004,0.92184,0.922,0.0001735659116550041,1081.055,52.668,18.987,29.499,29.499,1,1,1,1.665,tp8pp1dp1etp1ep8,18,18,3,0.334,tp8pp1dp1etp1ep8,32
deepseek_v3__rtx_pro_6000_server__analytical,deepseek_v3,rtx_pro_6000_server,ANALYTICAL,decode,1.4985000000000002,0.8252400000000001,1.8158353933401192,0.8252400000000001,0.825,0.0002908244874219972,1081.055,48.97,20.421,26.408,26.408,1,1,1,1.665,tp8pp1dp1etp1ep8,15,15,3,0.299,tp8pp1dp1etp1ep8,32
deepseek_v3__rtx_pro_6000_server__analytical,deepseek_v3,rtx_pro_6000_server,ANALYTICAL,decode,1.4985000000000002,0.8142,1.8404568901989684,0.8142,0.814,0.00024563989191855683,1081.055,43.116,23.193,26.054,26.054,1,1,1,1.665,tp8pp1dp1etp1ep8,13,13,3,0.295,tp8pp1dp1etp1ep8,32
deepseek_v3__rtx_pro_6000_server__analytical,deepseek_v3,rtx_pro_6000_server,ANALYTICAL,decode,1.4985000000000002,0.79764,1.8786670678501582,0.79764,0.798,0.00045133142771178344,1081.055,37.261,26.838,25.524,25.524,1,1,1,1.665,tp8pp1dp1etp1ep8,11,11,3,0.289,tp8pp1dp1etp1ep8,32
deepseek_v3__rtx_pro_6000_server__analytical,deepseek_v3,rtx_pro_6000_server,ANALYTICAL,decode,1.4985000000000002,0.7866,1.9050343249427921,0.7866,0.787,0.000508517670989152,1081.055,34.334,29.126,25.171,25.171,1,1,1,1.665,tp8pp1dp1etp1ep8,10,10,3,0.285,tp8pp1dp1etp1ep8,32
deepseek_v3__rtx_pro_6000_server__analytical,deepseek_v3,rtx_pro_6000_server,ANALYTICAL,decode,1.4985000000000002,0.7590000000000001,1.9743083003952568,0.7590000000000001,0.759,1.4627444329712205e-16,1081.055,28.48,35.113,24.288,24.288,1,1,1,1.665,tp8pp1dp1etp1ep8,8,8,3,0.275,tp8pp1dp1etp1ep8,32
deepseek_v3__rtx_pro_6000_server__analytical,deepseek_v3,rtx_pro_6000_server,ANALYTICAL,decode,1.4985000000000002,0.71484,2.096273291925466,0.71484,0.715,0.00022382631078274572,1081.055,22.625,44.199,22.875,22.875,1,1,1,1.665,tp8pp1dp1etp1ep8,6,6,3,0.259,tp8pp1dp1etp1ep8,32
deepseek_v3__rtx_pro_6000_server__analytical,deepseek_v3,rtx_pro_6000_server,ANALYTICAL,decode,1.4985000000000002,0.68448,2.1892531556802246,0.68448,0.684,0.0007012622720896519,1081.055,19.742,50.653,21.903,21.903,1,1,1,1.665,tp8pp1dp1etp1ep8,5,5,3,0.248,tp8pp1dp1etp1ep8,32
deepseek_v3__rtx_pro_6000_server__analytical,deepseek_v3,rtx_pro_6000_server,ANALYTICAL,decode,1.4985000000000002,0.6430800000000001,2.3301922000373203,0.6430800000000001,0.643,0.00012440131865410213,1081.055,16.811,59.486,20.579,20.579,1,1,1,1.665,tp8pp1dp1etp1ep8,4,4,3,0.233,tp8pp1dp1etp1ep8,32
deepseek_v3__rtx_pro_6000_server__analytical,deepseek_v3,rtx_pro_6000_server,ANALYTICAL,decode,1.4985000000000002,0.58236,2.5731506284772308,0.58236,0.582,0.0006181743251597413,1081.055,13.879,72.051,18.636,18.636,1,1,1,1.665,tp8pp1dp1etp1ep8,3,3,3,0.211,tp8pp1dp1etp1ep8,32
deepseek_v3__rtx_pro_6000_server__analytical,deepseek_v3,rtx_pro_6000_server,ANALYTICAL,decode,1.4985000000000002,0.49128000000000005,3.0501954079140203,0.49128000000000005,0.491,0.0005699397492266283,1081.055,10.964,91.21,15.721,15.721,1,1,1,1.665,tp8pp1dp1etp1ep8,2,2,3,0.178,tp8pp1dp1etp1ep8,32
deepseek_v3__rtx_pro_6000_server__analytical,deepseek_v3,rtx_pro_6000_server,ANALYTICAL,decode,1.4985000000000002,0.33396,4.4870643190801305,0.33396,0.334,0.00011977482333225538,1081.055,8.067,123.966,10.687,10.687,1,1,1,1.665,tp8pp1dp1etp1ep8,1,1,3,0.121,tp8pp1dp1etp1ep8,32
