tag,run_instance_name,stage,layer_id,event_order_index,attention_module,real_trace_attention_backend,aic_wideep_attention_backend,tp_size,local_num_heads,batch_size,fresh_len,prefix_len,total_seq_len,chunk_req_prefix_lens_json,chunk_req_fresh_lens_json,chunk_req_total_seq_lens_json,collector_prefill_aligned,real_module_total_to_last_kernel_ms,real_module_host_duration_ms,real_module_gpu_makespan_ms,real_module_gpu_kernel_time_sum_ms,real_module_gpu_kernel_count,real_module_first_kernel_name,real_module_last_kernel_name,real_wideep_aligned_child_names_json,real_wideep_aligned_gpu_kernel_time_sum_ms,real_wideep_aligned_gpu_kernel_count,real_wideep_aligned_gpu_makespan_ms,real_wideep_aligned_host_duration_sum_ms,real_wideep_aligned_kernel_summary_sum_ms,real_wideep_aligned_kernel_summary_count,aic_query_path,aic_kvcache_quant_mode,aic_fmha_quant_mode,aic_wideep_mla_latency_ms,aic_wideep_mla_source,aic_error_pct_vs_module_total_to_last_kernel_ms,aic_error_pct_vs_module_host_duration_ms,aic_error_pct_vs_module_gpu_makespan_ms,aic_error_pct_vs_module_gpu_kernel_time_sum_ms,aic_error_pct_vs_wideep_aligned_gpu_kernel_time_sum_ms,aic_error_pct_vs_wideep_aligned_gpu_makespan_ms,aic_error_pct_vs_wideep_aligned_host_duration_sum_ms,aic_error_pct_vs_wideep_aligned_kernel_summary_sum_ms
req1_equal_fresh_irregular_b12_f300_p0,20260618_105915_prefill_stage1_req1_equal_fresh_irregular_b12_f300_p0_b12_fvar300-300-300-300-300-300-300-300-300-300-300-300_pvar0-0-0-0-0-0-0-0-0-0-0-0_layers5_backend_auto_cg_off_pcg_off_tp1_marker_on_profile_nsys,prefill,0,1,attn_mha,auto,fa3,1,128,12,300,0,300,"[0, 0, 0, 0, 0, 0, 0, 0, 0, 0, 0, 0]","[300, 300, 300, 300, 300, 300, 300, 300, 300, 300, 300, 300]","[300, 300, 300, 300, 300, 300, 300, 300, 300, 300, 300, 300]",True,2.817398,2.266057,2.487872,1.402752,13,per_token_group_quant_8bit_kernel,sm90_fp8_gemm_1d2d_impl,"[""attn_mha"", ""attn_mqa"", ""kv_a_layernorm"", ""kv_b_proj"", ""o_proj"", ""q_a_layernorm"", ""q_b_proj"", ""rotary_emb""]",1.289568,11,2.128192,1.144774,1.289568,11,query_wideep_context_mla,fp8,fp8_block,1.5368752251552373,silicon,-45.450546030229404,-32.17843923805812,-38.225309615798665,9.56143531823425,19.17752496613108,-27.784935515440456,34.251409025295594,19.17752496613108
req1_equal_fresh_irregular_b12_f300_p0,20260618_105915_prefill_stage1_req1_equal_fresh_irregular_b12_f300_p0_b12_fvar300-300-300-300-300-300-300-300-300-300-300-300_pvar0-0-0-0-0-0-0-0-0-0-0-0_layers5_backend_auto_cg_off_pcg_off_tp1_marker_on_profile_nsys,prefill,1,2,attn_mha,auto,fa3,1,128,12,300,0,300,"[0, 0, 0, 0, 0, 0, 0, 0, 0, 0, 0, 0]","[300, 300, 300, 300, 300, 300, 300, 300, 300, 300, 300, 300]","[300, 300, 300, 300, 300, 300, 300, 300, 300, 300, 300, 300]",True,3.489952,1.839285,1.564192,1.431488,13,per_token_group_quant_8bit_kernel,sm90_fp8_gemm_1d2d_impl,"[""attn_mha"", ""attn_mqa"", ""kv_a_layernorm"", ""kv_b_proj"", ""o_proj"", ""q_a_layernorm"", ""q_b_proj"", ""rotary_emb""]",1.319072,11,1.45056,0.995183,1.319072,11,query_wideep_context_mla,fp8,fp8_block,1.5368752251552373,silicon,-55.96285492880024,-16.441702881541616,-1.746382467418494,7.362075347836464,16.511852662723285,5.95047603375505,54.43141865920512,16.511852662723285
req1_equal_fresh_irregular_b12_f300_p0,20260618_105915_prefill_stage1_req1_equal_fresh_irregular_b12_f300_p0_b12_fvar300-300-300-300-300-300-300-300-300-300-300-300_pvar0-0-0-0-0-0-0-0-0-0-0-0_layers5_backend_auto_cg_off_pcg_off_tp1_marker_on_profile_nsys,prefill,2,3,attn_mha,auto,fa3,1,128,12,300,0,300,"[0, 0, 0, 0, 0, 0, 0, 0, 0, 0, 0, 0]","[300, 300, 300, 300, 300, 300, 300, 300, 300, 300, 300, 300]","[300, 300, 300, 300, 300, 300, 300, 300, 300, 300, 300, 300]",True,4.631186,1.832855,1.536128,1.400608,13,per_token_group_quant_8bit_kernel,sm90_fp8_gemm_1d2d_impl,"[""attn_mha"", ""attn_mqa"", ""kv_a_layernorm"", ""kv_b_proj"", ""o_proj"", ""q_a_layernorm"", ""q_b_proj"", ""rotary_emb""]",1.2844159999999998,11,1.418848,1.000298,1.2844159999999998,11,query_wideep_context_mla,fp8,fp8_block,1.5368752251552373,silicon,-66.81465125444676,-16.148564662494447,0.04864341742598251,9.729147995387521,19.65556526508838,8.318524969217084,53.64173727781496,19.65556526508838
req1_equal_fresh_irregular_b12_f300_p0,20260618_105915_prefill_stage1_req1_equal_fresh_irregular_b12_f300_p0_b12_fvar300-300-300-300-300-300-300-300-300-300-300-300_pvar0-0-0-0-0-0-0-0-0-0-0-0_layers5_backend_auto_cg_off_pcg_off_tp1_marker_on_profile_nsys,prefill,3,4,attn_mha,auto,fa3,1,128,12,300,0,300,"[0, 0, 0, 0, 0, 0, 0, 0, 0, 0, 0, 0]","[300, 300, 300, 300, 300, 300, 300, 300, 300, 300, 300, 300]","[300, 300, 300, 300, 300, 300, 300, 300, 300, 300, 300, 300]",True,5.773291,1.791217,1.525664,1.391232,13,per_token_group_quant_8bit_kernel,sm90_fp8_gemm_1d2d_impl,"[""attn_mha"", ""attn_mqa"", ""kv_a_layernorm"", ""kv_b_proj"", ""o_proj"", ""q_a_layernorm"", ""q_b_proj"", ""rotary_emb""]",1.279072,11,1.4112,0.963684,1.279072,11,query_wideep_context_mla,fp8,fp8_block,1.5368752251552373,silicon,-73.37956418349194,-14.199383706427682,0.7348423476753352,10.468651177893932,20.155489695281997,8.905557338097884,59.4791679798811,20.155489695281997
req1_equal_fresh_irregular_b12_f300_p0,20260618_105915_prefill_stage1_req1_equal_fresh_irregular_b12_f300_p0_b12_fvar300-300-300-300-300-300-300-300-300-300-300-300_pvar0-0-0-0-0-0-0-0-0-0-0-0_layers5_backend_auto_cg_off_pcg_off_tp1_marker_on_profile_nsys,prefill,4,5,attn_mha,auto,fa3,1,128,12,300,0,300,"[0, 0, 0, 0, 0, 0, 0, 0, 0, 0, 0, 0]","[300, 300, 300, 300, 300, 300, 300, 300, 300, 300, 300, 300]","[300, 300, 300, 300, 300, 300, 300, 300, 300, 300, 300, 300]",True,8.753862,1.912649,1.552992,1.419104,13,per_token_group_quant_8bit_kernel,sm90_fp8_gemm_1d2d_impl,"[""attn_mha"", ""attn_mqa"", ""kv_a_layernorm"", ""kv_b_proj"", ""o_proj"", ""q_a_layernorm"", ""q_b_proj"", ""rotary_emb""]",1.304672,11,1.43568,1.000543,1.304672,11,query_wideep_context_mla,fp8,fp8_block,1.5368752251552373,silicon,-82.4434606673576,-19.646771302249537,-1.0377886585869467,8.298984792886035,17.79782390939924,7.048591967237634,53.60411548081766,17.79782390939924
req1_equal_fresh_irregular_b12_f300_p0,20260618_105915_prefill_stage1_req1_equal_fresh_irregular_b12_f300_p0_b12_fvar300-300-300-300-300-300-300-300-300-300-300-300_pvar0-0-0-0-0-0-0-0-0-0-0-0_layers5_backend_auto_cg_off_pcg_off_tp1_marker_on_profile_nsys,decode,0,6,attn_mqa,auto,fa3,1,128,12,300,0,300,"[0, 0, 0, 0, 0, 0, 0, 0, 0, 0, 0, 0]","[300, 300, 300, 300, 300, 300, 300, 300, 300, 300, 300, 300]","[300, 300, 300, 300, 300, 300, 300, 300, 300, 300, 300, 300]",False,8.598736,1.867406,0.152096,0.118239,13,per_token_group_quant_8bit_kernel,sm90_fp8_gemm_1d2d_impl,"[""attn_mqa"", ""kv_a_layernorm"", ""o_proj"", ""q_a_layernorm"", ""q_b_proj"", ""rotary_emb""]",0.106143,11,0.138368,0.983634,0.106143,11,query_wideep_generation_mla,fp8,fp8_block,0.1217548828125,silicon,-98.58403743512419,-93.4799993781481,-19.948662152522093,2.973539029000592,14.708348937282729,-12.006473453038264,-87.62193226215238,14.708348937282729
req1_equal_fresh_irregular_b12_f300_p0,20260618_105915_prefill_stage1_req1_equal_fresh_irregular_b12_f300_p0_b12_fvar300-300-300-300-300-300-300-300-300-300-300-300_pvar0-0-0-0-0-0-0-0-0-0-0-0_layers5_backend_auto_cg_off_pcg_off_tp1_marker_on_profile_nsys,decode,1,7,attn_mqa,auto,fa3,1,128,12,300,0,300,"[0, 0, 0, 0, 0, 0, 0, 0, 0, 0, 0, 0]","[300, 300, 300, 300, 300, 300, 300, 300, 300, 300, 300, 300]","[300, 300, 300, 300, 300, 300, 300, 300, 300, 300, 300, 300]",False,6.179004,1.648793,0.146752,0.115168,13,per_token_group_quant_8bit_kernel,sm90_fp8_gemm_1d2d_impl,"[""attn_mqa"", ""kv_a_layernorm"", ""o_proj"", ""q_a_layernorm"", ""q_b_proj"", ""rotary_emb""]",0.10345599999999999,11,0.133952,0.915554,0.103456,11,query_wideep_generation_mla,fp8,fp8_block,0.1217548828125,silicon,-98.02953869567814,-92.61551433002809,-17.033578545777903,5.719368932776465,17.687599377996456,-9.105587962479083,-86.70150719537023,17.68759937799644
req1_equal_fresh_irregular_b12_f300_p0,20260618_105915_prefill_stage1_req1_equal_fresh_irregular_b12_f300_p0_b12_fvar300-300-300-300-300-300-300-300-300-300-300-300_pvar0-0-0-0-0-0-0-0-0-0-0-0_layers5_backend_auto_cg_off_pcg_off_tp1_marker_on_profile_nsys,decode,2,8,attn_mqa,auto,fa3,1,128,12,300,0,300,"[0, 0, 0, 0, 0, 0, 0, 0, 0, 0, 0, 0]","[300, 300, 300, 300, 300, 300, 300, 300, 300, 300, 300, 300]","[300, 300, 300, 300, 300, 300, 300, 300, 300, 300, 300, 300]",False,4.002391,1.616213,0.148992,0.114624,13,per_token_group_quant_8bit_kernel,sm90_fp8_gemm_1d2d_impl,"[""attn_mqa"", ""kv_a_layernorm"", ""o_proj"", ""q_a_layernorm"", ""q_b_proj"", ""rotary_emb""]",0.102464,11,0.134848,0.897602,0.102464,11,query_wideep_generation_mla,fp8,fp8_block,0.1217548828125,silicon,-96.95794631727634,-92.46665613922794,-18.280925947366306,6.221107981312817,18.826985880406784,-9.709537544123746,-86.43553793190077,18.826985880406784
req1_equal_fresh_irregular_b12_f300_p0,20260618_105915_prefill_stage1_req1_equal_fresh_irregular_b12_f300_p0_b12_fvar300-300-300-300-300-300-300-300-300-300-300-300_pvar0-0-0-0-0-0-0-0-0-0-0-0_layers5_backend_auto_cg_off_pcg_off_tp1_marker_on_profile_nsys,decode,3,9,attn_mqa,auto,fa3,1,128,12,300,0,300,"[0, 0, 0, 0, 0, 0, 0, 0, 0, 0, 0, 0]","[300, 300, 300, 300, 300, 300, 300, 300, 300, 300, 300, 300]","[300, 300, 300, 300, 300, 300, 300, 300, 300, 300, 300, 300]",False,1.882602,1.573182,0.149184,0.118144,13,per_token_group_quant_8bit_kernel,sm90_fp8_gemm_1d2d_impl,"[""attn_mqa"", ""kv_a_layernorm"", ""o_proj"", ""q_a_layernorm"", ""q_b_proj"", ""rotary_emb""]",0.10608000000000001,11,0.136352,0.870487,0.10608,11,query_wideep_generation_mla,fp8,fp8_block,0.1217548828125,silicon,-93.53262756480127,-92.26059776856715,-18.386098500844597,3.056340408738495,14.776473239536198,-10.705466137277044,-86.01301537960934,14.77647323953621
req1_equal_fresh_irregular_b12_f300_p0,20260618_105915_prefill_stage1_req1_equal_fresh_irregular_b12_f300_p0_b12_fvar300-300-300-300-300-300-300-300-300-300-300-300_pvar0-0-0-0-0-0-0-0-0-0-0-0_layers5_backend_auto_cg_off_pcg_off_tp1_marker_on_profile_nsys,decode,4,10,attn_mqa,auto,fa3,1,128,12,300,0,300,"[0, 0, 0, 0, 0, 0, 0, 0, 0, 0, 0, 0]","[300, 300, 300, 300, 300, 300, 300, 300, 300, 300, 300, 300]","[300, 300, 300, 300, 300, 300, 300, 300, 300, 300, 300, 300]",False,1.734694,1.728413,1.574687,0.117504,13,per_token_group_quant_8bit_kernel,sm90_fp8_gemm_1d2d_impl,"[""attn_mqa"", ""kv_a_layernorm"", ""o_proj"", ""q_a_layernorm"", ""q_b_proj"", ""rotary_emb""]",0.1056,11,1.302271,0.937634,0.1056,11,query_wideep_generation_mla,fp8,fp8_block,0.1217548828125,silicon,-92.98118960390133,-92.95568346150486,-92.26799466735295,3.6176494523590765,15.298184481534097,-90.65057251428466,-87.01466853671049,15.298184481534097
req1_equal_fresh_irregular_b1_f4500_p0,20260618_110344_prefill_stage1_req1_equal_fresh_irregular_b1_f4500_p0_b1_fvar4500_pvar0_layers5_backend_auto_cg_off_pcg_off_tp1_marker_on_profile_nsys,prefill,0,1,attn_mha,auto,fa3,1,128,1,4500,0,4500,[0],[4500],[4500],True,280.018654,278.926339,279.455373,2.569856,13,per_token_group_quant_8bit_kernel,sm90_fp8_gemm_1d2d_impl,"[""attn_mha"", ""attn_mqa"", ""kv_a_layernorm"", ""kv_b_proj"", ""o_proj"", ""q_a_layernorm"", ""q_b_proj"", ""rotary_emb""]",2.43776,11,278.694701,3.024283,2.43776,11,query_wideep_context_mla,fp8,fp8_block,2.7990262659575236,silicon,-99.0004143559816,-98.99649983719983,-98.99839955270512,8.917630636017094,14.819599384579435,-98.99566577480154,-7.4482690291377,14.819599384579435
req1_equal_fresh_irregular_b1_f4500_p0,20260618_110344_prefill_stage1_req1_equal_fresh_irregular_b1_f4500_p0_b1_fvar4500_pvar0_layers5_backend_auto_cg_off_pcg_off_tp1_marker_on_profile_nsys,prefill,1,2,attn_mha,auto,fa3,1,128,1,4500,0,4500,[0],[4500],[4500],True,5.65254,4.432079,3.994944,2.558944,13,per_token_group_quant_8bit_kernel,sm90_fp8_gemm_1d2d_impl,"[""attn_mha"", ""attn_mqa"", ""kv_a_layernorm"", ""kv_b_proj"", ""o_proj"", ""q_a_layernorm"", ""q_b_proj"", ""rotary_emb""]",2.4286399999999997,11,3.861536,2.454516,2.4286399999999997,11,query_wideep_context_mla,fp8,fp8_block,2.7990262659575236,silicon,-50.48197330832645,-36.84620093735866,-29.935782179737096,9.382083623460446,15.25076857655,-27.515209855417027,14.035771857161397,15.25076857655
req1_equal_fresh_irregular_b1_f4500_p0,20260618_110344_prefill_stage1_req1_equal_fresh_irregular_b1_f4500_p0_b1_fvar4500_pvar0_layers5_backend_auto_cg_off_pcg_off_tp1_marker_on_profile_nsys,prefill,2,3,attn_mha,auto,fa3,1,128,1,4500,0,4500,[0],[4500],[4500],True,5.277851,4.02092,3.305216,2.56912,13,per_token_group_quant_8bit_kernel,sm90_fp8_gemm_1d2d_impl,"[""attn_mha"", ""attn_mqa"", ""kv_a_layernorm"", ""kv_b_proj"", ""o_proj"", ""q_a_layernorm"", ""q_b_proj"", ""rotary_emb""]",2.4376,11,3.171968,2.204324,2.4375999999999998,11,query_wideep_context_mla,fp8,fp8_block,2.7990262659575236,silicon,-46.96655388798351,-30.388411956529264,-15.314876063848068,8.948833295351083,14.827135951654222,-11.757424225038731,26.97889538731708,14.827135951654244
req1_equal_fresh_irregular_b1_f4500_p0,20260618_110344_prefill_stage1_req1_equal_fresh_irregular_b1_f4500_p0_b1_fvar4500_pvar0_layers5_backend_auto_cg_off_pcg_off_tp1_marker_on_profile_nsys,prefill,3,4,attn_mha,auto,fa3,1,128,1,4500,0,4500,[0],[4500],[4500],True,5.183033,3.925681,3.116992,2.560352,13,per_token_group_quant_8bit_kernel,sm90_fp8_gemm_1d2d_impl,"[""attn_mha"", ""attn_mqa"", ""kv_a_layernorm"", ""kv_b_proj"", ""o_proj"", ""q_a_layernorm"", ""q_b_proj"", ""rotary_emb""]",2.428384,11,2.983936,2.175701,2.428384,11,query_wideep_context_mla,fp8,fp8_block,2.7990262659575236,silicon,-45.996364176004214,-28.699599739318515,-10.201044277382701,9.321931748350368,15.262918301122216,-6.19683981300123,28.649399249139627,15.262918301122216
req1_equal_fresh_irregular_b1_f4500_p0,20260618_110344_prefill_stage1_req1_equal_fresh_irregular_b1_f4500_p0_b1_fvar4500_pvar0_layers5_backend_auto_cg_off_pcg_off_tp1_marker_on_profile_nsys,prefill,4,5,attn_mha,auto,fa3,1,128,1,4500,0,4500,[0],[4500],[4500],True,7.26607,4.139404,2.73632,2.572192,13,per_token_group_quant_8bit_kernel,sm90_fp8_gemm_1d2d_impl,"[""attn_mha"", ""attn_mqa"", ""kv_a_layernorm"", ""kv_b_proj"", ""o_proj"", ""q_a_layernorm"", ""q_b_proj"", ""rotary_emb""]",2.4407360000000002,11,2.60192,2.224002,2.4407360000000002,11,query_wideep_context_mla,fp8,fp8_block,2.7990262659575236,silicon,-61.47812688348002,-32.38093537239845,2.2916276589552207,8.818714386699119,14.679599348619568,7.575416075725765,25.855384390730023,14.679599348619568
req1_equal_fresh_irregular_b1_f4500_p0,20260618_110344_prefill_stage1_req1_equal_fresh_irregular_b1_f4500_p0_b1_fvar4500_pvar0_layers5_backend_auto_cg_off_pcg_off_tp1_marker_on_profile_nsys,decode,0,6,attn_mqa,auto,fa3,1,128,1,4500,0,4500,[0],[4500],[4500],False,3.744045,3.744045,1.903488,0.117376,13,per_token_group_quant_8bit_kernel,sm90_fp8_gemm_1d2d_impl,"[""attn_mqa"", ""kv_a_layernorm"", ""o_proj"", ""q_a_layernorm"", ""q_b_proj"", ""rotary_emb""]",0.100352,11,1.885664,1.981043,0.100352,11,query_wideep_generation_mla,fp8,fp8_block,0.1206262939453125,silicon,-96.77818258206531,-96.77818258206531,-93.66288130288648,2.769129928871754,20.203178756091067,-93.60298049147077,-93.91097043601212,20.203178756091067
req1_equal_fresh_irregular_b1_f4500_p0,20260618_110344_prefill_stage1_req1_equal_fresh_irregular_b1_f4500_p0_b1_fvar4500_pvar0_layers5_backend_auto_cg_off_pcg_off_tp1_marker_on_profile_nsys,decode,1,7,attn_mqa,auto,fa3,1,128,1,4500,0,4500,[0],[4500],[4500],False,2.966751,2.966751,2.669376,0.113856,13,per_token_group_quant_8bit_kernel,sm90_fp8_gemm_1d2d_impl,"[""attn_mqa"", ""kv_a_layernorm"", ""o_proj"", ""q_a_layernorm"", ""q_b_proj"", ""rotary_emb""]",0.099296,11,2.2464,1.634332,0.099296,11,query_wideep_generation_mla,fp8,fp8_block,0.1206262939453125,silicon,-95.93406073022938,-95.93406073022938,-95.48110517419379,5.9463655365659305,21.481523873381114,-94.63023976383046,-92.61922951118179,21.481523873381114
req1_equal_fresh_irregular_b1_f4500_p0,20260618_110344_prefill_stage1_req1_equal_fresh_irregular_b1_f4500_p0_b1_fvar4500_pvar0_layers5_backend_auto_cg_off_pcg_off_tp1_marker_on_profile_nsys,decode,2,8,attn_mqa,auto,fa3,1,128,1,4500,0,4500,[0],[4500],[4500],False,2.657215,2.657215,2.379871,0.114016,13,per_token_group_quant_8bit_kernel,sm90_fp8_gemm_1d2d_impl,"[""attn_mqa"", ""kv_a_layernorm"", ""o_proj"", ""q_a_layernorm"", ""q_b_proj"", ""rotary_emb""]",0.09945599999999999,11,1.996895,1.478165,0.09945599999999999,11,query_wideep_generation_mla,fp8,fp8_block,0.1206262939453125,silicon,-95.46042401742754,-95.46042401742754,-94.93139359463967,5.797689749958337,21.28609027641622,-93.95930712704912,-91.83945676258656,21.28609027641622
req1_equal_fresh_irregular_b1_f4500_p0,20260618_110344_prefill_stage1_req1_equal_fresh_irregular_b1_f4500_p0_b1_fvar4500_pvar0_layers5_backend_auto_cg_off_pcg_off_tp1_marker_on_profile_nsys,decode,3,9,attn_mqa,auto,fa3,1,128,1,4500,0,4500,[0],[4500],[4500],False,2.443039,2.443039,2.20304,0.11376,13,per_token_group_quant_8bit_kernel,sm90_fp8_gemm_1d2d_impl,"[""attn_mqa"", ""kv_a_layernorm"", ""o_proj"", ""q_a_layernorm"", ""q_b_proj"", ""rotary_emb""]",0.100032,11,1.84512,1.361095,0.10003200000000001,11,query_wideep_generation_mla,fp8,fp8_block,0.1206262939453125,silicon,-95.0624491076355,-95.0624491076355,-94.5245527114663,6.035771752208601,20.58770587943109,-93.46241469685916,-91.1375551342623,20.587705879431077
req1_equal_fresh_irregular_b1_f4500_p0,20260618_110344_prefill_stage1_req1_equal_fresh_irregular_b1_f4500_p0_b1_fvar4500_pvar0_layers5_backend_auto_cg_off_pcg_off_tp1_marker_on_profile_nsys,decode,4,10,attn_mqa,auto,fa3,1,128,1,4500,0,4500,[0],[4500],[4500],False,2.374048,2.374048,2.118048,0.115744,13,per_token_group_quant_8bit_kernel,sm90_fp8_gemm_1d2d_impl,"[""attn_mqa"", ""kv_a_layernorm"", ""o_proj"", ""q_a_layernorm"", ""q_b_proj"", ""rotary_emb""]",0.10112,11,1.714656,1.246132,0.10111999999999999,11,query_wideep_generation_mla,fp8,fp8_block,0.1206262939453125,silicon,-94.91896145548394,-94.91896145548394,-94.30483662573688,4.218183184711523,19.290243221234675,-92.96498574960152,-90.31994251449184,19.29024322123469
req1_equal_fresh_irregular_b1_f6000_p0,20260618_110607_prefill_stage1_req1_equal_fresh_irregular_b1_f6000_p0_b1_fvar6000_pvar0_layers5_backend_auto_cg_off_pcg_off_tp1_marker_on_profile_nsys,prefill,0,1,attn_mha,auto,fa3,1,128,1,6000,0,6000,[0],[6000],[6000],True,290.373529,288.166866,290.12937,3.833184,13,per_token_group_quant_8bit_kernel,sm90_fp8_gemm_1d2d_impl,"[""attn_mha"", ""attn_mqa"", ""kv_a_layernorm"", ""kv_b_proj"", ""o_proj"", ""q_a_layernorm"", ""q_b_proj"", ""rotary_emb""]",3.644064,11,289.484666,3.12111,3.644064,11,query_wideep_context_mla,fp8,fp8_block,4.017983357001034,silicon,-98.6162707837597,-98.60567475616679,-98.61510630343939,4.821040602304351,10.261053510614357,-98.61202204160926,28.735717645358044,10.261053510614357
req1_equal_fresh_irregular_b1_f6000_p0,20260618_110607_prefill_stage1_req1_equal_fresh_irregular_b1_f6000_p0_b1_fvar6000_pvar0_layers5_backend_auto_cg_off_pcg_off_tp1_marker_on_profile_nsys,prefill,1,2,attn_mha,auto,fa3,1,128,1,6000,0,6000,[0],[6000],[6000],True,7.767371,4.075852,4.032511,3.82192,13,per_token_group_quant_8bit_kernel,sm90_fp8_gemm_1d2d_impl,"[""attn_mha"", ""attn_mqa"", ""kv_a_layernorm"", ""kv_b_proj"", ""o_proj"", ""q_a_layernorm"", ""q_b_proj"", ""rotary_emb""]",3.63408,11,3.843039,2.117592,3.63408,11,query_wideep_context_mla,fp8,fp8_block,4.017983357001034,silicon,-48.270999840215765,-1.419792548869932,-0.36026294780017337,5.1299701982520345,10.563976494767154,4.552239959080146,89.74303628843676,10.563976494767154
req1_equal_fresh_irregular_b1_f6000_p0,20260618_110607_prefill_stage1_req1_equal_fresh_irregular_b1_f6000_p0_b1_fvar6000_pvar0_layers5_backend_auto_cg_off_pcg_off_tp1_marker_on_profile_nsys,prefill,2,3,attn_mha,auto,fa3,1,128,1,6000,0,6000,[0],[6000],[6000],True,9.486536,3.649609,4.037663,3.822399,13,per_token_group_quant_8bit_kernel,sm90_fp8_gemm_1d2d_impl,"[""attn_mha"", ""attn_mqa"", ""kv_a_layernorm"", ""kv_b_proj"", ""o_proj"", ""q_a_layernorm"", ""q_b_proj"", ""rotary_emb""]",3.634911,11,3.848511,2.006761,3.634911,11,query_wideep_context_mla,fp8,fp8_block,4.017983357001034,silicon,-57.64541074844354,10.093529389067001,-0.4874018212754772,5.116795944144875,10.538699764616915,4.403582502454439,100.22231630976654,10.538699764616915
req1_equal_fresh_irregular_b1_f6000_p0,20260618_110607_prefill_stage1_req1_equal_fresh_irregular_b1_f6000_p0_b1_fvar6000_pvar0_layers5_backend_auto_cg_off_pcg_off_tp1_marker_on_profile_nsys,prefill,3,4,attn_mha,auto,fa3,1,128,1,6000,0,6000,[0],[6000],[6000],True,11.693294,3.641806,4.031423,3.818399,13,per_token_group_quant_8bit_kernel,sm90_fp8_gemm_1d2d_impl,"[""attn_mha"", ""attn_mqa"", ""kv_a_layernorm"", ""kv_b_proj"", ""o_proj"", ""q_a_layernorm"", ""q_b_proj"", ""rotary_emb""]",3.630399,11,3.840543,1.9978099999999999,3.6303990000000006,11,query_wideep_context_mla,fp8,fp8_block,4.017983357001034,silicon,-65.63856722493222,10.329417794386474,-0.333372186420677,5.226912038292339,10.67608152715539,4.620189306591134,101.11939358602842,10.676081527155375
req1_equal_fresh_irregular_b1_f6000_p0,20260618_110607_prefill_stage1_req1_equal_fresh_irregular_b1_f6000_p0_b1_fvar6000_pvar0_layers5_backend_auto_cg_off_pcg_off_tp1_marker_on_profile_nsys,prefill,4,5,attn_mha,auto,fa3,1,128,1,6000,0,6000,[0],[6000],[6000],True,16.941212,3.723909,4.041887,3.828991,13,per_token_group_quant_8bit_kernel,sm90_fp8_gemm_1d2d_impl,"[""attn_mha"", ""attn_mqa"", ""kv_a_layernorm"", ""kv_b_proj"", ""o_proj"", ""q_a_layernorm"", ""q_b_proj"", ""rotary_emb""]",3.641599,11,3.851519,2.011456,3.641599,11,query_wideep_context_mla,fp8,fp8_block,4.017983357001034,silicon,-76.28278686907977,7.896926509241613,-0.5913981019005692,4.935826618580048,10.335689267298084,4.322044289565598,99.75497137402132,10.335689267298084
req1_equal_fresh_irregular_b1_f6000_p0,20260618_110607_prefill_stage1_req1_equal_fresh_irregular_b1_f6000_p0_b1_fvar6000_pvar0_layers5_backend_auto_cg_off_pcg_off_tp1_marker_on_profile_nsys,decode,0,6,attn_mqa,auto,fa3,1,128,1,6000,0,6000,[0],[6000],[6000],False,14.12162,3.360303,0.151232,0.119584,13,per_token_group_quant_8bit_kernel,sm90_fp8_gemm_1d2d_impl,"[""attn_mqa"", ""kv_a_layernorm"", ""o_proj"", ""q_a_layernorm"", ""q_b_proj"", ""rotary_emb""]",0.10358400000000001,11,0.134336,1.758376,0.10358400000000001,11,query_wideep_generation_mla,fp8,fp8_block,0.1218347900390625,silicon,-99.13724636380908,-96.3742915433798,-19.43848521538927,1.8821832678807413,17.619313831347014,-9.305926900412032,-93.07117533229169,17.619313831347014
req1_equal_fresh_irregular_b1_f6000_p0,20260618_110607_prefill_stage1_req1_equal_fresh_irregular_b1_f6000_p0_b1_fvar6000_pvar0_layers5_backend_auto_cg_off_pcg_off_tp1_marker_on_profile_nsys,decode,1,7,attn_mqa,auto,fa3,1,128,1,6000,0,6000,[0],[6000],[6000],False,9.599503,2.835334,0.150496,0.120544,13,per_token_group_quant_8bit_kernel,sm90_fp8_gemm_1d2d_impl,"[""attn_mqa"", ""kv_a_layernorm"", ""o_proj"", ""q_a_layernorm"", ""q_b_proj"", ""rotary_emb""]",0.103648,11,0.132448,1.585958,0.10364799999999999,11,query_wideep_generation_mla,fp8,fp8_block,0.1218347900390625,silicon,-98.73082189735175,-95.70298278654076,-19.044499495626123,1.0708040541731678,17.546686900917045,-8.013114551323921,-92.31790564194874,17.54668690091706
req1_equal_fresh_irregular_b1_f6000_p0,20260618_110607_prefill_stage1_req1_equal_fresh_irregular_b1_f6000_p0_b1_fvar6000_pvar0_layers5_backend_auto_cg_off_pcg_off_tp1_marker_on_profile_nsys,decode,2,8,attn_mqa,auto,fa3,1,128,1,6000,0,6000,[0],[6000],[6000],False,5.718836,2.491549,0.152128,0.118496,13,per_token_group_quant_8bit_kernel,sm90_fp8_gemm_1d2d_impl,"[""attn_mqa"", ""kv_a_layernorm"", ""o_proj"", ""q_a_layernorm"", ""q_b_proj"", ""rotary_emb""]",0.103808,11,0.135456,1.376742,0.103808,11,query_wideep_generation_mla,fp8,fp8_block,0.1218347900390625,silicon,-97.86958762169326,-95.11007850782536,-19.912974574659177,2.8176394469539034,17.365511366236227,-10.055818834852271,-91.15049950978015,17.365511366236227
req1_equal_fresh_irregular_b1_f6000_p0,20260618_110607_prefill_stage1_req1_equal_fresh_irregular_b1_f6000_p0_b1_fvar6000_pvar0_layers5_backend_auto_cg_off_pcg_off_tp1_marker_on_profile_nsys,decode,3,9,attn_mqa,auto,fa3,1,128,1,6000,0,6000,[0],[6000],[6000],False,2.301201,2.271642,0.152352,0.12144,13,per_token_group_quant_8bit_kernel,sm90_fp8_gemm_1d2d_impl,"[""attn_mqa"", ""kv_a_layernorm"", ""o_proj"", ""q_a_layernorm"", ""q_b_proj"", ""rotary_emb""]",0.104352,11,0.134368,1.267153,0.10435199999999999,11,query_wideep_generation_mla,fp8,fp8_block,0.1218347900390625,silicon,-94.70559981335562,-94.63670815916142,-20.0307248745914,0.3250906118762313,16.753670307289273,-9.327525869952286,-90.38515553851332,16.753670307289287
req1_equal_fresh_irregular_b1_f6000_p0,20260618_110607_prefill_stage1_req1_equal_fresh_irregular_b1_f6000_p0_b1_fvar6000_pvar0_layers5_backend_auto_cg_off_pcg_off_tp1_marker_on_profile_nsys,decode,4,10,attn_mqa,auto,fa3,1,128,1,6000,0,6000,[0],[6000],[6000],False,2.343105,2.343105,2.118176,0.118016,13,per_token_group_quant_8bit_kernel,sm90_fp8_gemm_1d2d_impl,"[""attn_mqa"", ""kv_a_layernorm"", ""o_proj"", ""q_a_layernorm"", ""q_b_proj"", ""rotary_emb""]",0.10339200000000001,11,1.727136,1.247362,0.10339200000000001,11,query_wideep_generation_mla,fp8,fp8_block,0.1218347900390625,silicon,-94.80028466333935,-94.80028466333935,-94.24812716039355,3.2358239891730833,17.837734098443292,-92.94584850069349,-90.23260368368905,17.837734098443292
req1_equal_fresh_irregular_b4_f1200_p0,20260618_110128_prefill_stage1_req1_equal_fresh_irregular_b4_f1200_p0_b4_fvar1200-1200-1200-1200_pvar0-0-0-0_layers5_backend_auto_cg_off_pcg_off_tp1_marker_on_profile_nsys,prefill,0,1,attn_mha,auto,fa3,1,128,4,1200,0,1200,"[0, 0, 0, 0]","[1200, 1200, 1200, 1200]","[1200, 1200, 1200, 1200]",True,2.624933,1.416998,2.423744,1.986944,13,per_token_group_quant_8bit_kernel,sm90_fp8_gemm_1d2d_impl,"[""attn_mha"", ""attn_mqa"", ""kv_a_layernorm"", ""kv_b_proj"", ""o_proj"", ""q_a_layernorm"", ""q_b_proj"", ""rotary_emb""]",1.8217919999999999,11,2.150016,0.697646,1.8217919999999999,11,query_wideep_context_mla,fp8,fp8_block,2.188778516561059,silicon,-16.615832992268416,54.4658860888342,-9.694319343913433,10.158037496832264,20.144259968265263,1.8028943301379619,213.73770028941027,20.144259968265263
req1_equal_fresh_irregular_b4_f1200_p0,20260618_110128_prefill_stage1_req1_equal_fresh_irregular_b4_f1200_p0_b4_fvar1200-1200-1200-1200_pvar0-0-0-0_layers5_backend_auto_cg_off_pcg_off_tp1_marker_on_profile_nsys,prefill,1,2,attn_mha,auto,fa3,1,128,4,1200,0,1200,"[0, 0, 0, 0]","[1200, 1200, 1200, 1200]","[1200, 1200, 1200, 1200]",True,5.657939,1.095801,2.154976,1.978368,13,per_token_group_quant_8bit_kernel,sm90_fp8_gemm_1d2d_impl,"[""attn_mha"", ""attn_mqa"", ""kv_a_layernorm"", ""kv_b_proj"", ""o_proj"", ""q_a_layernorm"", ""q_b_proj"", ""rotary_emb""]",1.816512,11,1.990528,0.596357,1.816512,11,query_wideep_context_mla,fp8,fp8_block,2.188778516561059,silicon,-61.314914908749294,99.74233611404432,1.5685797225147253,10.635560045505136,20.493479622543592,9.959694943304433,267.0248721086629,20.493479622543592
req1_equal_fresh_irregular_b4_f1200_p0,20260618_110128_prefill_stage1_req1_equal_fresh_irregular_b4_f1200_p0_b4_fvar1200-1200-1200-1200_pvar0-0-0-0_layers5_backend_auto_cg_off_pcg_off_tp1_marker_on_profile_nsys,prefill,2,3,attn_mha,auto,fa3,1,128,4,1200,0,1200,"[0, 0, 0, 0]","[1200, 1200, 1200, 1200]","[1200, 1200, 1200, 1200]",True,9.060617,1.072892,2.148416,1.974432,13,per_token_group_quant_8bit_kernel,sm90_fp8_gemm_1d2d_impl,"[""attn_mha"", ""attn_mqa"", ""kv_a_layernorm"", ""kv_b_proj"", ""o_proj"", ""q_a_layernorm"", ""q_b_proj"", ""rotary_emb""]",1.812672,11,1.985472,0.577473,1.8126719999999996,11,query_wideep_context_mla,fp8,fp8_block,2.188778516561059,silicon,-75.84294185968727,104.00734804258573,1.8787104807010755,10.85611034267369,20.748735378549394,10.239707060137793,279.026987679261,20.748735378549423
req1_equal_fresh_irregular_b4_f1200_p0,20260618_110128_prefill_stage1_req1_equal_fresh_irregular_b4_f1200_p0_b4_fvar1200-1200-1200-1200_pvar0-0-0-0_layers5_backend_auto_cg_off_pcg_off_tp1_marker_on_profile_nsys,prefill,3,4,attn_mha,auto,fa3,1,128,4,1200,0,1200,"[0, 0, 0, 0]","[1200, 1200, 1200, 1200]","[1200, 1200, 1200, 1200]",True,12.503704,1.04685,2.149056,1.974016,13,per_token_group_quant_8bit_kernel,sm90_fp8_gemm_1d2d_impl,"[""attn_mha"", ""attn_mqa"", ""kv_a_layernorm"", ""kv_b_proj"", ""o_proj"", ""q_a_layernorm"", ""q_b_proj"", ""rotary_emb""]",1.811552,11,1.984224,0.574662,1.811552,11,query_wideep_context_mla,fp8,fp8_block,2.188778516561059,silicon,-82.49495896127212,109.08234384687958,1.8483704734106081,10.879471927332855,20.823388815836303,10.30904356368328,280.8810251175576,20.823388815836303
req1_equal_fresh_irregular_b4_f1200_p0,20260618_110128_prefill_stage1_req1_equal_fresh_irregular_b4_f1200_p0_b4_fvar1200-1200-1200-1200_pvar0-0-0-0_layers5_backend_auto_cg_off_pcg_off_tp1_marker_on_profile_nsys,prefill,4,5,attn_mha,auto,fa3,1,128,4,1200,0,1200,"[0, 0, 0, 0]","[1200, 1200, 1200, 1200]","[1200, 1200, 1200, 1200]",True,18.883159,1.12786,2.152864,1.977408,13,per_token_group_quant_8bit_kernel,sm90_fp8_gemm_1d2d_impl,"[""attn_mha"", ""attn_mqa"", ""kv_a_layernorm"", ""kv_b_proj"", ""o_proj"", ""q_a_layernorm"", ""q_b_proj"", ""rotary_emb""]",1.8153279999999998,11,1.987776,0.5969180000000001,1.8153279999999998,11,query_wideep_context_mla,fp8,fp8_block,2.188778516561059,silicon,-88.40883288351775,94.06473467993003,1.668220405982859,10.689271842789088,20.572068329307935,10.11192994386988,266.6799320109393,20.572068329307935
req1_equal_fresh_irregular_b4_f1200_p0,20260618_110128_prefill_stage1_req1_equal_fresh_irregular_b4_f1200_p0_b4_fvar1200-1200-1200-1200_pvar0-0-0-0_layers5_backend_auto_cg_off_pcg_off_tp1_marker_on_profile_nsys,decode,0,6,attn_mqa,auto,fa3,1,128,4,1200,0,1200,"[0, 0, 0, 0]","[1200, 1200, 1200, 1200]","[1200, 1200, 1200, 1200]",False,22.364538,1.148451,0.14896,0.117472,13,per_token_group_quant_8bit_kernel,sm90_fp8_gemm_1d2d_impl,"[""attn_mqa"", ""kv_a_layernorm"", ""o_proj"", ""q_a_layernorm"", ""q_b_proj"", ""rotary_emb""]",0.102656,11,0.133344,0.597725,0.102656,11,query_wideep_generation_mla,fp8,fp8_block,0.11837412109375,silicon,-99.47070616395585,-89.69271470060544,-20.53294770827739,0.7679456327891017,15.311449008095007,-11.226511058802785,-80.1958892310427,15.311449008095007
req1_equal_fresh_irregular_b4_f1200_p0,20260618_110128_prefill_stage1_req1_equal_fresh_irregular_b4_f1200_p0_b4_fvar1200-1200-1200-1200_pvar0-0-0-0_layers5_backend_auto_cg_off_pcg_off_tp1_marker_on_profile_nsys,decode,1,7,attn_mqa,auto,fa3,1,128,4,1200,0,1200,"[0, 0, 0, 0]","[1200, 1200, 1200, 1200]","[1200, 1200, 1200, 1200]",False,21.033248,0.957226,0.144928,0.115872,13,per_token_group_quant_8bit_kernel,sm90_fp8_gemm_1d2d_impl,"[""attn_mqa"", ""kv_a_layernorm"", ""o_proj"", ""q_a_layernorm"", ""q_b_proj"", ""rotary_emb""]",0.100992,11,0.128736,0.544113,0.100992,11,query_wideep_generation_mla,fp8,fp8_block,0.11837412109375,silicon,-99.43720474796022,-87.6336287257398,-18.322117814535492,2.159383711120895,17.211384162854493,-8.04893651057201,-78.24457032018165,17.211384162854493
req1_equal_fresh_irregular_b4_f1200_p0,20260618_110128_prefill_stage1_req1_equal_fresh_irregular_b4_f1200_p0_b4_fvar1200-1200-1200-1200_pvar0-0-0-0_layers5_backend_auto_cg_off_pcg_off_tp1_marker_on_profile_nsys,decode,2,8,attn_mqa,auto,fa3,1,128,4,1200,0,1200,"[0, 0, 0, 0]","[1200, 1200, 1200, 1200]","[1200, 1200, 1200, 1200]",False,19.916928,0.94977,0.148064,0.116544,13,per_token_group_quant_8bit_kernel,sm90_fp8_gemm_1d2d_impl,"[""attn_mqa"", ""kv_a_layernorm"", ""o_proj"", ""q_a_layernorm"", ""q_b_proj"", ""rotary_emb""]",0.101184,11,0.130816,0.532152,0.101184,11,query_wideep_generation_mla,fp8,fp8_block,0.11837412109375,silicon,-99.40566074701003,-87.53654873350916,-20.052057830566508,1.570326309162215,16.98897166918684,-9.510976414391193,-77.75558090663006,16.98897166918684
req1_equal_fresh_irregular_b4_f1200_p0,20260618_110128_prefill_stage1_req1_equal_fresh_irregular_b4_f1200_p0_b4_fvar1200-1200-1200-1200_pvar0-0-0-0_layers5_backend_auto_cg_off_pcg_off_tp1_marker_on_profile_nsys,decode,3,9,attn_mqa,auto,fa3,1,128,4,1200,0,1200,"[0, 0, 0, 0]","[1200, 1200, 1200, 1200]","[1200, 1200, 1200, 1200]",False,18.796012,0.94468,0.147872,0.116608,13,per_token_group_quant_8bit_kernel,sm90_fp8_gemm_1d2d_impl,"[""attn_mqa"", ""kv_a_layernorm"", ""o_proj"", ""q_a_layernorm"", ""q_b_proj"", ""rotary_emb""]",0.10169600000000001,11,0.131648,0.528823,0.10169600000000001,11,query_wideep_generation_mla,fp8,fp8_block,0.11837412109375,silicon,-99.3702168252832,-87.46939481160287,-19.94825180307969,1.5145796975764985,16.399977475761087,-10.082856485666309,-77.6155497976166,16.399977475761087
req1_equal_fresh_irregular_b4_f1200_p0,20260618_110128_prefill_stage1_req1_equal_fresh_irregular_b4_f1200_p0_b4_fvar1200-1200-1200-1200_pvar0-0-0-0_layers5_backend_auto_cg_off_pcg_off_tp1_marker_on_profile_nsys,decode,4,10,attn_mqa,auto,fa3,1,128,4,1200,0,1200,"[0, 0, 0, 0]","[1200, 1200, 1200, 1200]","[1200, 1200, 1200, 1200]",False,17.364853,1.013511,0.147424,0.115936,13,per_token_group_quant_8bit_kernel,sm90_fp8_gemm_1d2d_impl,"[""attn_mqa"", ""kv_a_layernorm"", ""o_proj"", ""q_a_layernorm"", ""q_b_proj"", ""rotary_emb""]",0.10070399999999999,11,0.130848,0.546527,0.10070399999999999,11,query_wideep_generation_mla,fp8,fp8_block,0.11837412109375,silicon,-99.31831198862581,-88.32039108665323,-19.704986234432653,2.102988798776919,17.54659307847754,-9.533106280760872,-78.34066366460394,17.54659307847754
req1_equal_fresh_regular_b1_f1_p0,20260618_104620_prefill_stage1_req1_equal_fresh_regular_b1_f1_p0_b1_fvar1_pvar0_layers5_backend_auto_cg_off_pcg_off_tp1_marker_on_profile_nsys,decode,0,1,attn_mha,auto,fa3,1,128,1,1,0,1,[0],[1],[1],False,2.339461,2.338724,2.036128,0.109728,13,per_token_group_quant_8bit_kernel,sm90_fp8_gemm_1d2d_impl,"[""attn_mqa"", ""kv_a_layernorm"", ""o_proj"", ""q_a_layernorm"", ""q_b_proj"", ""rotary_emb""]",0.07072,7,1.656608,0.735961,0.07071999999999999,7,query_wideep_generation_mla,fp8,fp8_block,0.10289999999999999,silicon,-95.60155095554062,-95.60016487623166,-94.94629021358186,-6.222659667541571,45.50339366515835,-93.78851243021886,-86.01828085999122,45.50339366515838
req1_equal_fresh_regular_b1_f1_p0,20260618_104620_prefill_stage1_req1_equal_fresh_regular_b1_f1_p0_b1_fvar1_pvar0_layers5_backend_auto_cg_off_pcg_off_tp1_marker_on_profile_nsys,decode,0,6,attn_mqa,auto,fa3,1,128,1,1,0,1,[0],[1],[1],False,2.036699,2.036699,1.831232,0.098656,12,per_token_group_quant_8bit_kernel,sm90_fp8_gemm_1d2d_impl,"[""attn_mqa"", ""kv_a_layernorm"", ""o_proj"", ""q_a_layernorm"", ""q_b_proj"", ""rotary_emb""]",0.0832,10,1.492,1.052828,0.0832,10,query_wideep_generation_mla,fp8,fp8_block,0.10289999999999999,silicon,-94.94770704949529,-94.94770704949529,-94.38083213923741,4.301816412585143,23.677884615384613,-93.10321715817695,-90.2263237679849,23.677884615384613
req1_equal_fresh_regular_b1_f1_p0,20260618_104620_prefill_stage1_req1_equal_fresh_regular_b1_f1_p0_b1_fvar1_pvar0_layers5_backend_auto_cg_off_pcg_off_tp1_marker_on_profile_nsys,decode,1,2,attn_mha,auto,fa3,1,128,1,1,0,1,[0],[1],[1],False,2.041205,2.040738,1.808928,0.10992,13,per_token_group_quant_8bit_kernel,sm90_fp8_gemm_1d2d_impl,"[""attn_mqa"", ""kv_a_layernorm"", ""o_proj"", ""q_a_layernorm"", ""q_b_proj"", ""rotary_emb""]",0.07081599999999999,7,1.533088,0.685784,0.07081599999999999,7,query_wideep_generation_mla,fp8,fp8_block,0.10289999999999999,silicon,-94.9588600850968,-94.95770647677459,-94.31154805498063,-6.3864628820960805,45.30614550384095,-93.28805652382643,-84.99527548032617,45.30614550384095
req1_equal_fresh_regular_b1_f1_p0,20260618_104620_prefill_stage1_req1_equal_fresh_regular_b1_f1_p0_b1_fvar1_pvar0_layers5_backend_auto_cg_off_pcg_off_tp1_marker_on_profile_nsys,decode,1,7,attn_mqa,auto,fa3,1,128,1,1,0,1,[0],[1],[1],False,1.813938,1.813938,1.650495,0.100448,12,per_token_group_quant_8bit_kernel,sm90_fp8_gemm_1d2d_impl,"[""attn_mqa"", ""kv_a_layernorm"", ""o_proj"", ""q_a_layernorm"", ""q_b_proj"", ""rotary_emb""]",0.085056,10,1.396895,1.017074,0.08505599999999999,10,query_wideep_generation_mla,fp8,fp8_block,0.10289999999999999,silicon,-94.32725925582903,-94.32725925582903,-93.76550671162288,2.4410640331315667,20.979119638826166,-92.63366251579396,-89.88274206203285,20.979119638826184
req1_equal_fresh_regular_b1_f1_p0,20260618_104620_prefill_stage1_req1_equal_fresh_regular_b1_f1_p0_b1_fvar1_pvar0_layers5_backend_auto_cg_off_pcg_off_tp1_marker_on_profile_nsys,decode,2,3,attn_mha,auto,fa3,1,128,1,1,0,1,[0],[1],[1],False,1.983716,1.981289,1.77616,0.107136,13,per_token_group_quant_8bit_kernel,sm90_fp8_gemm_1d2d_impl,"[""attn_mqa"", ""kv_a_layernorm"", ""o_proj"", ""q_a_layernorm"", ""q_b_proj"", ""rotary_emb""]",0.068224,7,1.532192,0.702619,0.06822399999999999,7,query_wideep_generation_mla,fp8,fp8_block,0.10289999999999999,silicon,-94.81276553700228,-94.80641138168131,-94.20660300873796,-3.9538530465949857,50.82668855534707,-93.28413149265889,-85.35479399219207,50.8266885553471
req1_equal_fresh_regular_b1_f1_p0,20260618_104620_prefill_stage1_req1_equal_fresh_regular_b1_f1_p0_b1_fvar1_pvar0_layers5_backend_auto_cg_off_pcg_off_tp1_marker_on_profile_nsys,decode,2,8,attn_mqa,auto,fa3,1,128,1,1,0,1,[0],[1],[1],False,1.784742,1.784742,1.618848,0.098176,12,per_token_group_quant_8bit_kernel,sm90_fp8_gemm_1d2d_impl,"[""attn_mqa"", ""kv_a_layernorm"", ""o_proj"", ""q_a_layernorm"", ""q_b_proj"", ""rotary_emb""]",0.082784,10,1.362592,0.983466,0.082784,10,query_wideep_generation_mla,fp8,fp8_block,0.10289999999999999,silicon,-94.23446077920507,-94.23446077920507,-93.64362806143627,4.811766623207293,24.299381522999607,-92.4482163406214,-89.53700483799135,24.299381522999607
req1_equal_fresh_regular_b1_f1_p0,20260618_104620_prefill_stage1_req1_equal_fresh_regular_b1_f1_p0_b1_fvar1_pvar0_layers5_backend_auto_cg_off_pcg_off_tp1_marker_on_profile_nsys,decode,3,4,attn_mha,auto,fa3,1,128,1,1,0,1,[0],[1],[1],False,1.992463,1.988899,1.771424,0.108288,13,per_token_group_quant_8bit_kernel,sm90_fp8_gemm_1d2d_impl,"[""attn_mqa"", ""kv_a_layernorm"", ""o_proj"", ""q_a_layernorm"", ""q_b_proj"", ""rotary_emb""]",0.069376,7,1.503968,0.686518,0.06937600000000001,7,query_wideep_generation_mla,fp8,fp8_block,0.10289999999999999,silicon,-94.83553772391257,-94.82628328537548,-94.19111404158463,-4.97562056737589,48.322186346863475,-93.15809910849167,-85.01131798437915,48.32218634686345
req1_equal_fresh_regular_b1_f1_p0,20260618_104620_prefill_stage1_req1_equal_fresh_regular_b1_f1_p0_b1_fvar1_pvar0_layers5_backend_auto_cg_off_pcg_off_tp1_marker_on_profile_nsys,decode,3,9,attn_mqa,auto,fa3,1,128,1,1,0,1,[0],[1],[1],False,1.801291,1.801291,1.638688,0.098624,12,per_token_group_quant_8bit_kernel,sm90_fp8_gemm_1d2d_impl,"[""attn_mqa"", ""kv_a_layernorm"", ""o_proj"", ""q_a_layernorm"", ""q_b_proj"", ""rotary_emb""]",0.083264,10,1.371424,1.000215,0.083264,10,query_wideep_generation_mla,fp8,fp8_block,0.10289999999999999,silicon,-94.28743051511388,-94.28743051511388,-93.72058622507762,4.335658663205699,23.582820906994602,-92.49684998949996,-89.71221187444701,23.582820906994602
req1_equal_fresh_regular_b1_f1_p0,20260618_104620_prefill_stage1_req1_equal_fresh_regular_b1_f1_p0_b1_fvar1_pvar0_layers5_backend_auto_cg_off_pcg_off_tp1_marker_on_profile_nsys,decode,4,5,attn_mha,auto,fa3,1,128,1,1,0,1,[0],[1],[1],False,2.153137,2.153137,1.900064,0.108672,13,per_token_group_quant_8bit_kernel,sm90_fp8_gemm_1d2d_impl,"[""attn_mqa"", ""kv_a_layernorm"", ""o_proj"", ""q_a_layernorm"", ""q_b_proj"", ""rotary_emb""]",0.069472,7,1.580384,0.739192,0.069472,7,query_wideep_generation_mla,fp8,fp8_block,0.10289999999999999,silicon,-95.22092649004685,-95.22092649004685,-94.5843929467639,-5.3113957597173265,48.11722708429293,-93.4889242108247,-86.079394798645,48.11722708429293
req1_equal_fresh_regular_b1_f1_p0,20260618_104620_prefill_stage1_req1_equal_fresh_regular_b1_f1_p0_b1_fvar1_pvar0_layers5_backend_auto_cg_off_pcg_off_tp1_marker_on_profile_nsys,decode,4,10,attn_mqa,auto,fa3,1,128,1,1,0,1,[0],[1],[1],False,1.908104,1.908104,1.712064,0.099744,12,per_token_group_quant_8bit_kernel,sm90_fp8_gemm_1d2d_impl,"[""attn_mqa"", ""kv_a_layernorm"", ""o_proj"", ""q_a_layernorm"", ""q_b_proj"", ""rotary_emb""]",0.08384,10,1.395296,1.0159690000000001,0.08384,10,query_wideep_generation_mla,fp8,fp8_block,0.10289999999999999,silicon,-94.60721218549932,-94.60721218549932,-93.98971066502186,3.1641000962463828,22.73377862595419,-92.62522074169209,-89.87173821248483,22.73377862595419
req1_equal_fresh_regular_b1_f8192_p0,20260618_105655_prefill_stage1_req1_equal_fresh_regular_b1_f8192_p0_b1_fvar8192_pvar0_layers5_backend_auto_cg_off_pcg_off_tp1_marker_on_profile_nsys,prefill,0,1,attn_mha,auto,fa3,1,128,1,8192,0,8192,[0],[8192],[8192],True,259.668085,255.489222,259.094511,6.006175,13,per_token_group_quant_8bit_kernel,sm90_fp8_gemm_1d2d_impl,"[""attn_mha"", ""attn_mqa"", ""kv_a_layernorm"", ""kv_b_proj"", ""o_proj"", ""q_a_layernorm"", ""q_b_proj"", ""rotary_emb""]",5.732415,11,258.537071,1.9712269999999998,5.7324150000000005,11,query_wideep_context_mla,fp8,fp8_block,6.3943,silicon,-97.53751024119887,-97.49723297525247,-97.53205887098088,6.462099422677503,11.546355244691824,-97.52673766463457,224.3817175799642,11.546355244691805
req1_equal_fresh_regular_b1_f8192_p0,20260618_105655_prefill_stage1_req1_equal_fresh_regular_b1_f8192_p0_b1_fvar8192_pvar0_layers5_backend_auto_cg_off_pcg_off_tp1_marker_on_profile_nsys,prefill,1,2,attn_mha,auto,fa3,1,128,1,8192,0,8192,[0],[8192],[8192],True,13.415736,3.504361,6.276767,5.993376,13,per_token_group_quant_8bit_kernel,sm90_fp8_gemm_1d2d_impl,"[""attn_mha"", ""attn_mqa"", ""kv_a_layernorm"", ""kv_b_proj"", ""o_proj"", ""q_a_layernorm"", ""q_b_proj"", ""rotary_emb""]",5.726496,11,6.007455,1.910336,5.726496,11,query_wideep_context_mla,fp8,fp8_block,6.3943,silicon,-52.33731492629252,82.46693191711701,1.8725085700966735,6.689451821477591,11.661651383324118,6.439415692668528,234.72122181647626,11.661651383324118
req1_equal_fresh_regular_b1_f8192_p0,20260618_105655_prefill_stage1_req1_equal_fresh_regular_b1_f8192_p0_b1_fvar8192_pvar0_layers5_backend_auto_cg_off_pcg_off_tp1_marker_on_profile_nsys,prefill,2,3,attn_mha,auto,fa3,1,128,1,8192,0,8192,[0],[8192],[8192],True,19.285383,3.448398,6.28211,5.996542,13,per_token_group_quant_8bit_kernel,sm90_fp8_gemm_1d2d_impl,"[""attn_mha"", ""attn_mqa"", ""kv_a_layernorm"", ""kv_b_proj"", ""o_proj"", ""q_a_layernorm"", ""q_b_proj"", ""rotary_emb""]",5.7299180000000005,11,6.014014,1.9671319999999999,5.7299180000000005,11,query_wideep_context_mla,fp8,fp8_block,6.3943,silicon,-66.8438008205489,85.42813213555976,1.7858649402828033,6.633122889825511,11.594965233359355,6.323330807011754,225.05698651641072,11.594965233359355
req1_equal_fresh_regular_b1_f8192_p0,20260618_105655_prefill_stage1_req1_equal_fresh_regular_b1_f8192_p0_b1_fvar8192_pvar0_layers5_backend_auto_cg_off_pcg_off_tp1_marker_on_profile_nsys,prefill,3,4,attn_mha,auto,fa3,1,128,1,8192,0,8192,[0],[8192],[8192],True,25.289612,3.2529,6.289694,6.006782,13,per_token_group_quant_8bit_kernel,sm90_fp8_gemm_1d2d_impl,"[""attn_mha"", ""attn_mqa"", ""kv_a_layernorm"", ""kv_b_proj"", ""o_proj"", ""q_a_layernorm"", ""q_b_proj"", ""rotary_emb""]",5.738462,11,6.019646,1.814123,5.738462,11,query_wideep_context_mla,fp8,fp8_block,6.3943,silicon,-74.71570540504932,96.57228934181809,1.6631333734200808,6.451341167367152,11.428811413232328,6.223854359542081,252.47334386918646,11.428811413232328
req1_equal_fresh_regular_b1_f8192_p0,20260618_105655_prefill_stage1_req1_equal_fresh_regular_b1_f8192_p0_b1_fvar8192_pvar0_layers5_backend_auto_cg_off_pcg_off_tp1_marker_on_profile_nsys,prefill,4,5,attn_mha,auto,fa3,1,128,1,8192,0,8192,[0],[8192],[8192],True,36.378137,3.394717,6.436543,6.151007,13,per_token_group_quant_8bit_kernel,sm90_fp8_gemm_1d2d_impl,"[""attn_mha"", ""attn_mqa"", ""kv_a_layernorm"", ""kv_b_proj"", ""o_proj"", ""q_a_layernorm"", ""q_b_proj"", ""rotary_emb""]",5.867935,11,6.150559,1.822862,5.867935,11,query_wideep_context_mla,fp8,fp8_block,6.3943,silicon,-82.42268426225345,88.36032576500486,-0.6562995073597742,3.955336093748559,8.970191387600583,3.9629080868909634,250.78354806891582,8.970191387600583
req1_equal_fresh_regular_b1_f8192_p0,20260618_105655_prefill_stage1_req1_equal_fresh_regular_b1_f8192_p0_b1_fvar8192_pvar0_layers5_backend_auto_cg_off_pcg_off_tp1_marker_on_profile_nsys,decode,0,6,attn_mqa,auto,fa3,1,128,1,8192,0,8192,[0],[8192],[8192],False,37.638543,3.327915,0.15168,0.119936,13,per_token_group_quant_8bit_kernel,sm90_fp8_gemm_1d2d_impl,"[""attn_mqa"", ""kv_a_layernorm"", ""o_proj"", ""q_a_layernorm"", ""q_b_proj"", ""rotary_emb""]",0.10483200000000001,11,0.135712,1.752605,0.10483200000000001,11,query_wideep_generation_mla,fp8,fp8_block,0.12360069580078124,silicon,-99.67161136975791,-96.28594192457496,-18.512199498430093,3.0555427901391097,17.903594132308108,-8.924269187115918,-92.94760109660871,17.903594132308108
req1_equal_fresh_regular_b1_f8192_p0,20260618_105655_prefill_stage1_req1_equal_fresh_regular_b1_f8192_p0_b1_fvar8192_pvar0_layers5_backend_auto_cg_off_pcg_off_tp1_marker_on_profile_nsys,decode,1,7,attn_mqa,auto,fa3,1,128,1,8192,0,8192,[0],[8192],[8192],False,33.098305,2.805238,0.147296,0.118975,13,per_token_group_quant_8bit_kernel,sm90_fp8_gemm_1d2d_impl,"[""attn_mqa"", ""kv_a_layernorm"", ""o_proj"", ""q_a_layernorm"", ""q_b_proj"", ""rotary_emb""]",0.10489499999999999,11,0.132416,1.507881,0.10489499999999999,11,query_wideep_generation_mla,fp8,fp8_block,0.12360069580078124,silicon,-99.62656487756463,-95.59393193016845,-16.086861964492428,3.8879561258930413,17.832781162859295,-6.657280237447711,-91.80302054334652,17.832781162859295
req1_equal_fresh_regular_b1_f8192_p0,20260618_105655_prefill_stage1_req1_equal_fresh_regular_b1_f8192_p0_b1_fvar8192_pvar0_layers5_backend_auto_cg_off_pcg_off_tp1_marker_on_profile_nsys,decode,2,8,attn_mqa,auto,fa3,1,128,1,8192,0,8192,[0],[8192],[8192],False,29.252741,2.47552,0.150592,0.120704,13,per_token_group_quant_8bit_kernel,sm90_fp8_gemm_1d2d_impl,"[""attn_mqa"", ""kv_a_layernorm"", ""o_proj"", ""q_a_layernorm"", ""q_b_proj"", ""rotary_emb""]",0.106528,11,0.134752,1.331259,0.106528,11,query_wideep_generation_mla,fp8,fp8_block,0.12360069580078124,silicon,-99.57747311337157,-95.00708151011581,-17.923464858172252,2.399834140360914,16.02648674600222,-8.275427599752707,-90.71550345944846,16.02648674600222
req1_equal_fresh_regular_b1_f8192_p0,20260618_105655_prefill_stage1_req1_equal_fresh_regular_b1_f8192_p0_b1_fvar8192_pvar0_layers5_backend_auto_cg_off_pcg_off_tp1_marker_on_profile_nsys,decode,3,9,attn_mqa,auto,fa3,1,128,1,8192,0,8192,[0],[8192],[8192],False,25.893992,2.301099,0.150304,0.12048,13,per_token_group_quant_8bit_kernel,sm90_fp8_gemm_1d2d_impl,"[""attn_mqa"", ""kv_a_layernorm"", ""o_proj"", ""q_a_layernorm"", ""q_b_proj"", ""rotary_emb""]",0.10649600000000001,11,0.135552,1.303968,0.10649600000000001,11,query_wideep_generation_mla,fp8,fp8_block,0.12360069580078124,silicon,-99.52266650966455,-94.62862328822962,-17.766196640953503,2.5902189581517594,16.061350473990792,-8.816767144135653,-90.52118642476033,16.061350473990792
req1_equal_fresh_regular_b1_f8192_p0,20260618_105655_prefill_stage1_req1_equal_fresh_regular_b1_f8192_p0_b1_fvar8192_pvar0_layers5_backend_auto_cg_off_pcg_off_tp1_marker_on_profile_nsys,decode,4,10,attn_mqa,auto,fa3,1,128,1,8192,0,8192,[0],[8192],[8192],False,21.897999,2.333016,0.152736,0.123488,13,per_token_group_quant_8bit_kernel,sm90_fp8_gemm_1d2d_impl,"[""attn_mqa"", ""kv_a_layernorm"", ""o_proj"", ""q_a_layernorm"", ""q_b_proj"", ""rotary_emb""]",0.108064,11,0.136544,1.24146,0.108064,11,query_wideep_generation_mla,fp8,fp8_block,0.12360069580078124,silicon,-99.43556168853245,-94.70210680934974,-19.075597239170047,0.09126052797133556,14.377309558022331,-9.47921856633668,-90.04392442762705,14.377309558022331
req1_equal_fresh_regular_b2_f4096_p0,20260618_105438_prefill_stage1_req1_equal_fresh_regular_b2_f4096_p0_b2_fvar4096-4096_pvar0-0_layers5_backend_auto_cg_off_pcg_off_tp1_marker_on_profile_nsys,prefill,0,1,attn_mha,auto,fa3,1,128,2,4096,0,4096,"[0, 0]","[4096, 4096]","[4096, 4096]",True,5.251545,2.131439,4.963742,4.349662,13,per_token_group_quant_8bit_kernel,sm90_fp8_gemm_1d2d_impl,"[""attn_mha"", ""attn_mqa"", ""kv_a_layernorm"", ""kv_b_proj"", ""o_proj"", ""q_a_layernorm"", ""q_b_proj"", ""rotary_emb""]",4.073951,11,4.560799,1.087449,4.073951,11,query_wideep_context_mla,fp8,fp8_block,4.5199,silicon,-13.9319952509214,112.05861392233135,-8.941681497547618,3.913821349796822,10.946351588421159,-0.8967507666968103,315.64248070484217,10.946351588421159
req1_equal_fresh_regular_b2_f4096_p0,20260618_105438_prefill_stage1_req1_equal_fresh_regular_b2_f4096_p0_b2_fvar4096-4096_pvar0-0_layers5_backend_auto_cg_off_pcg_off_tp1_marker_on_profile_nsys,prefill,1,2,attn_mha,auto,fa3,1,128,2,4096,0,4096,"[0, 0]","[4096, 4096]","[4096, 4096]",True,11.501568,1.786487,4.624159,4.340511,13,per_token_group_quant_8bit_kernel,sm90_fp8_gemm_1d2d_impl,"[""attn_mha"", ""attn_mqa"", ""kv_a_layernorm"", ""kv_b_proj"", ""o_proj"", ""q_a_layernorm"", ""q_b_proj"", ""rotary_emb""]",4.072415,11,4.353695,0.9460470000000001,4.072415,11,query_wideep_context_mla,fp8,fp8_block,4.5199,silicon,-60.701879952368245,153.00491971114258,-2.254658630899151,4.1329004810723795,10.988197420940631,3.8175618641177143,377.7669608380978,10.988197420940631
req1_equal_fresh_regular_b2_f4096_p0,20260618_105438_prefill_stage1_req1_equal_fresh_regular_b2_f4096_p0_b2_fvar4096-4096_pvar0-0_layers5_backend_auto_cg_off_pcg_off_tp1_marker_on_profile_nsys,prefill,2,3,attn_mha,auto,fa3,1,128,2,4096,0,4096,"[0, 0]","[4096, 4096]","[4096, 4096]",True,18.154316,1.790651,4.619743,4.334079,13,per_token_group_quant_8bit_kernel,sm90_fp8_gemm_1d2d_impl,"[""attn_mha"", ""attn_mqa"", ""kv_a_layernorm"", ""kv_b_proj"", ""o_proj"", ""q_a_layernorm"", ""q_b_proj"", ""rotary_emb""]",4.068702999999999,11,4.351615,0.962045,4.068702999999999,11,query_wideep_context_mla,fp8,fp8_block,4.5199,silicon,-75.10289013367401,152.41657922174673,-2.1612241200430393,4.287439153739463,11.089455288331456,3.8671849416825714,369.82209771892167,11.089455288331456
req1_equal_fresh_regular_b2_f4096_p0,20260618_105438_prefill_stage1_req1_equal_fresh_regular_b2_f4096_p0_b2_fvar4096-4096_pvar0-0_layers5_backend_auto_cg_off_pcg_off_tp1_marker_on_profile_nsys,prefill,3,4,attn_mha,auto,fa3,1,128,2,4096,0,4096,"[0, 0]","[4096, 4096]","[4096, 4096]",True,24.814593,1.764999,4.625055,4.344287,13,per_token_group_quant_8bit_kernel,sm90_fp8_gemm_1d2d_impl,"[""attn_mha"", ""attn_mqa"", ""kv_a_layernorm"", ""kv_b_proj"", ""o_proj"", ""q_a_layernorm"", ""q_b_proj"", ""rotary_emb""]",4.0760950000000005,11,4.354591,0.953005,4.0760950000000005,11,query_wideep_context_mla,fp8,fp8_block,4.5199,silicon,-81.78531479440345,156.08513092641977,-2.2735945842806173,4.042389464600296,10.887994514357475,3.796200377945936,374.27872886291254,10.887994514357475
req1_equal_fresh_regular_b2_f4096_p0,20260618_105438_prefill_stage1_req1_equal_fresh_regular_b2_f4096_p0_b2_fvar4096-4096_pvar0-0_layers5_backend_auto_cg_off_pcg_off_tp1_marker_on_profile_nsys,prefill,4,5,attn_mha,auto,fa3,1,128,2,4096,0,4096,"[0, 0]","[4096, 4096]","[4096, 4096]",True,36.90339,1.879345,4.739007,4.458079,13,per_token_group_quant_8bit_kernel,sm90_fp8_gemm_1d2d_impl,"[""attn_mha"", ""attn_mqa"", ""kv_a_layernorm"", ""kv_b_proj"", ""o_proj"", ""q_a_layernorm"", ""q_b_proj"", ""rotary_emb""]",4.179199,11,4.457375,1.013948,4.1791990000000006,11,query_wideep_context_mla,fp8,fp8_block,4.5199,silicon,-87.75207372547617,140.50400538485485,-4.623479138140124,1.3867183600828996,8.152303826642381,1.4027314282509311,345.77236702473886,8.15230382664236
req1_equal_fresh_regular_b2_f4096_p0,20260618_105438_prefill_stage1_req1_equal_fresh_regular_b2_f4096_p0_b2_fvar4096-4096_pvar0-0_layers5_backend_auto_cg_off_pcg_off_tp1_marker_on_profile_nsys,decode,0,6,attn_mqa,auto,fa3,1,128,2,4096,0,4096,"[0, 0]","[4096, 4096]","[4096, 4096]",False,42.658952,1.853089,0.148448,0.118559,13,per_token_group_quant_8bit_kernel,sm90_fp8_gemm_1d2d_impl,"[""attn_mqa"", ""kv_a_layernorm"", ""o_proj"", ""q_a_layernorm"", ""q_b_proj"", ""rotary_emb""]",0.10447899999999999,11,0.133664,0.97881,0.104479,11,query_wideep_generation_mla,fp8,fp8_block,0.1232010986328125,silicon,-99.71119520556245,-93.35158221581304,-17.007235777637618,3.9154333562298165,17.919484903963973,-7.827763172722273,-87.41317532178743,17.919484903963955
req1_equal_fresh_regular_b2_f4096_p0,20260618_105438_prefill_stage1_req1_equal_fresh_regular_b2_f4096_p0_b2_fvar4096-4096_pvar0-0_layers5_backend_auto_cg_off_pcg_off_tp1_marker_on_profile_nsys,decode,1,7,attn_mqa,auto,fa3,1,128,2,4096,0,4096,"[0, 0]","[4096, 4096]","[4096, 4096]",False,40.249475,1.643497,0.1472,0.118816,13,per_token_group_quant_8bit_kernel,sm90_fp8_gemm_1d2d_impl,"[""attn_mqa"", ""kv_a_layernorm"", ""o_proj"", ""q_a_layernorm"", ""q_b_proj"", ""rotary_emb""]",0.10416,11,0.131456,0.888217,0.10416,11,query_wideep_generation_mla,fp8,fp8_block,0.1232010986328125,silicon,-99.69390632142951,-92.50372232910603,-16.303601472274114,3.6906634062857697,18.280624647477442,-6.279592690472466,-86.12939195795481,18.280624647477442
req1_equal_fresh_regular_b2_f4096_p0,20260618_105438_prefill_stage1_req1_equal_fresh_regular_b2_f4096_p0_b2_fvar4096-4096_pvar0-0_layers5_backend_auto_cg_off_pcg_off_tp1_marker_on_profile_nsys,decode,2,8,attn_mqa,auto,fa3,1,128,2,4096,0,4096,"[0, 0]","[4096, 4096]","[4096, 4096]",False,38.118371,1.578192,0.150656,0.119744,13,per_token_group_quant_8bit_kernel,sm90_fp8_gemm_1d2d_impl,"[""attn_mqa"", ""kv_a_layernorm"", ""o_proj"", ""q_a_layernorm"", ""q_b_proj"", ""rotary_emb""]",0.103104,11,0.132288,0.875957,0.103104,11,query_wideep_generation_mla,fp8,fp8_block,0.1232010986328125,silicon,-99.67679337967299,-92.19352913759464,-18.22356983272323,2.887074619866133,19.492064937162965,-6.869029214431759,-85.93525725203264,19.492064937162965
req1_equal_fresh_regular_b2_f4096_p0,20260618_105438_prefill_stage1_req1_equal_fresh_regular_b2_f4096_p0_b2_fvar4096-4096_pvar0-0_layers5_backend_auto_cg_off_pcg_off_tp1_marker_on_profile_nsys,decode,3,9,attn_mqa,auto,fa3,1,128,2,4096,0,4096,"[0, 0]","[4096, 4096]","[4096, 4096]",False,36.049507,1.574011,0.15008,0.119168,13,per_token_group_quant_8bit_kernel,sm90_fp8_gemm_1d2d_impl,"[""attn_mqa"", ""kv_a_layernorm"", ""o_proj"", ""q_a_layernorm"", ""q_b_proj"", ""rotary_emb""]",0.102752,11,0.1328,0.887937,0.102752,11,query_wideep_generation_mla,fp8,fp8_block,0.1232010986328125,silicon,-99.65824470600162,-92.17279303430456,-17.909715729735797,3.3843805659342356,19.901411780610122,-7.228088378906247,-86.12501803249414,19.901411780610122
req1_equal_fresh_regular_b2_f4096_p0,20260618_105438_prefill_stage1_req1_equal_fresh_regular_b2_f4096_p0_b2_fvar4096-4096_pvar0-0_layers5_backend_auto_cg_off_pcg_off_tp1_marker_on_profile_nsys,decode,4,10,attn_mqa,auto,fa3,1,128,2,4096,0,4096,"[0, 0]","[4096, 4096]","[4096, 4096]",False,33.433293,1.700728,0.146688,0.118912,13,per_token_group_quant_8bit_kernel,sm90_fp8_gemm_1d2d_impl,"[""attn_mqa"", ""kv_a_layernorm"", ""o_proj"", ""q_a_layernorm"", ""q_b_proj"", ""rotary_emb""]",0.102272,11,0.129152,0.904976,0.102272,11,query_wideep_generation_mla,fp8,fp8_block,0.1232010986328125,silicon,-99.6315017529598,-92.75597869660447,-16.011467445999337,3.6069518911569074,20.46415307494965,-4.607672639360973,-86.38625790818624,20.46415307494965
req1_equal_fresh_regular_b4_f2048_p0,20260618_105215_prefill_stage1_req1_equal_fresh_regular_b4_f2048_p0_b4_fvar2048-2048-2048-2048_pvar0-0-0-0_layers5_backend_auto_cg_off_pcg_off_tp1_marker_on_profile_nsys,prefill,0,1,attn_mha,auto,fa3,1,128,4,2048,0,2048,"[0, 0, 0, 0]","[2048, 2048, 2048, 2048]","[2048, 2048, 2048, 2048]",True,4.333783,1.904588,4.041823,3.523519,13,per_token_group_quant_8bit_kernel,sm90_fp8_gemm_1d2d_impl,"[""attn_mha"", ""attn_mqa"", ""kv_a_layernorm"", ""kv_b_proj"", ""o_proj"", ""q_a_layernorm"", ""q_b_proj"", ""rotary_emb""]",3.249887,11,3.606847,0.897717,3.249887,11,query_wideep_context_mla,fp8,fp8_block,3.661,silicon,-15.524150609294473,92.22004969053675,-9.422060293090517,3.901809526215133,12.650070602454788,1.5013944312026513,307.8122615479043,12.650070602454788
req1_equal_fresh_regular_b4_f2048_p0,20260618_105215_prefill_stage1_req1_equal_fresh_regular_b4_f2048_p0_b4_fvar2048-2048-2048-2048_pvar0-0-0-0_layers5_backend_auto_cg_off_pcg_off_tp1_marker_on_profile_nsys,prefill,1,2,attn_mha,auto,fa3,1,128,4,2048,0,2048,"[0, 0, 0, 0]","[2048, 2048, 2048, 2048]","[2048, 2048, 2048, 2048]",True,10.232267,1.413456,3.811103,3.523391,13,per_token_group_quant_8bit_kernel,sm90_fp8_gemm_1d2d_impl,"[""attn_mha"", ""attn_mqa"", ""kv_a_layernorm"", ""kv_b_proj"", ""o_proj"", ""q_a_layernorm"", ""q_b_proj"", ""rotary_emb""]",3.255199,11,3.539967,0.744217,3.255199,11,query_wideep_context_mla,fp8,fp8_block,3.661,silicon,-64.22102746146089,159.0105387079612,-3.938571064597312,3.9055841375538467,12.466242463210385,3.419043171871381,391.92641393572035,12.466242463210385
req1_equal_fresh_regular_b4_f2048_p0,20260618_105215_prefill_stage1_req1_equal_fresh_regular_b4_f2048_p0_b4_fvar2048-2048-2048-2048_pvar0-0-0-0_layers5_backend_auto_cg_off_pcg_off_tp1_marker_on_profile_nsys,prefill,2,3,attn_mha,auto,fa3,1,128,4,2048,0,2048,"[0, 0, 0, 0]","[2048, 2048, 2048, 2048]","[2048, 2048, 2048, 2048]",True,16.670325,1.357581,3.789087,3.500735,13,per_token_group_quant_8bit_kernel,sm90_fp8_gemm_1d2d_impl,"[""attn_mha"", ""attn_mqa"", ""kv_a_layernorm"", ""kv_b_proj"", ""o_proj"", ""q_a_layernorm"", ""q_b_proj"", ""rotary_emb""]",3.233631,11,3.520639,0.7221650000000001,3.233631,11,query_wideep_context_mla,fp8,fp8_block,3.661,silicon,-78.03882047890488,169.6708336371826,-3.3804185546544545,4.578038611891499,13.216381213564569,3.986804668129847,406.9478581764555,13.216381213564569
req1_equal_fresh_regular_b4_f2048_p0,20260618_105215_prefill_stage1_req1_equal_fresh_regular_b4_f2048_p0_b4_fvar2048-2048-2048-2048_pvar0-0-0-0_layers5_backend_auto_cg_off_pcg_off_tp1_marker_on_profile_nsys,prefill,3,4,attn_mha,auto,fa3,1,128,4,2048,0,2048,"[0, 0, 0, 0]","[2048, 2048, 2048, 2048]","[2048, 2048, 2048, 2048]",True,23.152756,1.299075,3.782623,3.498591,13,per_token_group_quant_8bit_kernel,sm90_fp8_gemm_1d2d_impl,"[""attn_mha"", ""attn_mqa"", ""kv_a_layernorm"", ""kv_b_proj"", ""o_proj"", ""q_a_layernorm"", ""q_b_proj"", ""rotary_emb""]",3.232639,11,3.515071,0.682158,3.232639,11,query_wideep_context_mla,fp8,fp8_block,3.661,silicon,-84.1876275982004,181.81590747262476,-3.215308530614868,4.642125930124449,13.251123926921634,4.1515235396383225,436.6791857604836,13.251123926921634
req1_equal_fresh_regular_b4_f2048_p0,20260618_105215_prefill_stage1_req1_equal_fresh_regular_b4_f2048_p0_b4_fvar2048-2048-2048-2048_pvar0-0-0-0_layers5_backend_auto_cg_off_pcg_off_tp1_marker_on_profile_nsys,prefill,4,5,attn_mha,auto,fa3,1,128,4,2048,0,2048,"[0, 0, 0, 0]","[2048, 2048, 2048, 2048]","[2048, 2048, 2048, 2048]",True,34.918738,1.406874,3.781791,3.495103,13,per_token_group_quant_8bit_kernel,sm90_fp8_gemm_1d2d_impl,"[""attn_mha"", ""attn_mqa"", ""kv_a_layernorm"", ""kv_b_proj"", ""o_proj"", ""q_a_layernorm"", ""q_b_proj"", ""rotary_emb""]",3.230143,11,3.513375,0.720295,3.230143,11,query_wideep_context_mla,fp8,fp8_block,3.661,silicon,-89.51565775372524,160.22230846543474,-3.194015745449711,4.746555394790946,13.338635472175692,4.201800263279614,408.2639751768372,13.338635472175692
req1_equal_fresh_regular_b4_f2048_p0,20260618_105215_prefill_stage1_req1_equal_fresh_regular_b4_f2048_p0_b4_fvar2048-2048-2048-2048_pvar0-0-0-0_layers5_backend_auto_cg_off_pcg_off_tp1_marker_on_profile_nsys,decode,0,6,attn_mqa,auto,fa3,1,128,4,2048,0,2048,"[0, 0, 0, 0]","[2048, 2048, 2048, 2048]","[2048, 2048, 2048, 2048]",False,41.359208,1.584229,0.153728,0.119584,13,per_token_group_quant_8bit_kernel,sm90_fp8_gemm_1d2d_impl,"[""attn_mqa"", ""kv_a_layernorm"", ""o_proj"", ""q_a_layernorm"", ""q_b_proj"", ""rotary_emb""]",0.104128,11,0.137184,0.833583,0.104128,11,query_wideep_generation_mla,fp8,fp8_block,0.121602392578125,silicon,-99.7059847166848,-92.32419097377179,-20.89769425340537,1.687845011142795,16.781646222077633,-11.358181290729972,-85.41208343042925,16.781646222077633
req1_equal_fresh_regular_b4_f2048_p0,20260618_105215_prefill_stage1_req1_equal_fresh_regular_b4_f2048_p0_b4_fvar2048-2048-2048-2048_pvar0-0-0-0_layers5_backend_auto_cg_off_pcg_off_tp1_marker_on_profile_nsys,decode,1,7,attn_mqa,auto,fa3,1,128,4,2048,0,2048,"[0, 0, 0, 0]","[2048, 2048, 2048, 2048]","[2048, 2048, 2048, 2048]",False,39.507518,1.258492,0.155328,0.122976,13,per_token_group_quant_8bit_kernel,sm90_fp8_gemm_1d2d_impl,"[""attn_mqa"", ""kv_a_layernorm"", ""o_proj"", ""q_a_layernorm"", ""q_b_proj"", ""rotary_emb""]",0.10547200000000001,11,0.136864,0.708798,0.10547200000000001,11,query_wideep_generation_mla,fp8,fp8_block,0.121602392578125,silicon,-99.6922044240336,-90.33745207930404,-21.712509928586606,-1.116971947270204,15.293530584539008,-11.150928967350811,-82.84385782999881,15.293530584539008
req1_equal_fresh_regular_b4_f2048_p0,20260618_105215_prefill_stage1_req1_equal_fresh_regular_b4_f2048_p0_b4_fvar2048-2048-2048-2048_pvar0-0-0-0_layers5_backend_auto_cg_off_pcg_off_tp1_marker_on_profile_nsys,decode,2,8,attn_mqa,auto,fa3,1,128,4,2048,0,2048,"[0, 0, 0, 0]","[2048, 2048, 2048, 2048]","[2048, 2048, 2048, 2048]",False,37.985818,1.23939,0.14976,0.116864,13,per_token_group_quant_8bit_kernel,sm90_fp8_gemm_1d2d_impl,"[""attn_mqa"", ""kv_a_layernorm"", ""o_proj"", ""q_a_layernorm"", ""q_b_proj"", ""rotary_emb""]",0.102752,11,0.133248,0.699837,0.10275199999999998,11,query_wideep_generation_mla,fp8,fp8_block,0.121602392578125,silicon,-99.67987422943445,-90.18852882642872,-18.801821195162265,4.05462125044924,18.34552376413598,-8.739799037790442,-82.62418354872277,18.345523764135994
req1_equal_fresh_regular_b4_f2048_p0,20260618_105215_prefill_stage1_req1_equal_fresh_regular_b4_f2048_p0_b4_fvar2048-2048-2048-2048_pvar0-0-0-0_layers5_backend_auto_cg_off_pcg_off_tp1_marker_on_profile_nsys,decode,3,9,attn_mqa,auto,fa3,1,128,4,2048,0,2048,"[0, 0, 0, 0]","[2048, 2048, 2048, 2048]","[2048, 2048, 2048, 2048]",False,36.482528,1.203597,0.148384,0.117216,13,per_token_group_quant_8bit_kernel,sm90_fp8_gemm_1d2d_impl,"[""attn_mqa"", ""kv_a_layernorm"", ""o_proj"", ""q_a_layernorm"", ""q_b_proj"", ""rotary_emb""]",0.103008,11,0.133248,0.689708,0.10300799999999999,11,query_wideep_generation_mla,fp8,fp8_block,0.121602392578125,silicon,-99.66668320633339,-89.8967517717205,-18.04885123859378,3.742144910357797,18.0514062773037,-8.739799037790442,-82.36900361049531,18.051406277303712
req1_equal_fresh_regular_b4_f2048_p0,20260618_105215_prefill_stage1_req1_equal_fresh_regular_b4_f2048_p0_b4_fvar2048-2048-2048-2048_pvar0-0-0-0_layers5_backend_auto_cg_off_pcg_off_tp1_marker_on_profile_nsys,decode,4,10,attn_mqa,auto,fa3,1,128,4,2048,0,2048,"[0, 0, 0, 0]","[2048, 2048, 2048, 2048]","[2048, 2048, 2048, 2048]",False,34.555271,1.313171,0.149728,0.120095,13,per_token_group_quant_8bit_kernel,sm90_fp8_gemm_1d2d_impl,"[""attn_mqa"", ""kv_a_layernorm"", ""o_proj"", ""q_a_layernorm"", ""q_b_proj"", ""rotary_emb""]",0.105055,11,0.133696,0.704461,0.105055,11,query_wideep_generation_mla,fp8,fp8_block,0.121602392578125,silicon,-99.64809307217378,-90.73978997570576,-18.784467448890656,1.2551668080477978,15.751170889653041,-9.045601530243996,-82.73823638524702,15.751170889653041
req1_equal_fresh_regular_b4_f512_p0,20260618_104959_prefill_stage1_req1_equal_fresh_regular_b4_f512_p0_b4_fvar512-512-512-512_pvar0-0-0-0_layers5_backend_auto_cg_off_pcg_off_tp1_marker_on_profile_nsys,prefill,0,1,attn_mha,auto,fa3,1,128,4,512,0,512,"[0, 0, 0, 0]","[512, 512, 512, 512]","[512, 512, 512, 512]",True,2.54125,2.250448,2.226656,0.820032,13,per_token_group_quant_8bit_kernel,sm90_fp8_gemm_1d2d_impl,"[""attn_mha"", ""attn_mqa"", ""kv_a_layernorm"", ""kv_b_proj"", ""o_proj"", ""q_a_layernorm"", ""q_b_proj"", ""rotary_emb""]",0.7478400000000001,11,1.854144,1.13791,0.7478400000000001,11,query_wideep_context_mla,fp8,fp8_block,1.0149,silicon,-60.06296114117068,-54.902312783943465,-54.42044033743875,23.763462889253095,35.71084724005132,-45.26315108211661,-10.8101695213154,35.71084724005132
req1_equal_fresh_regular_b4_f512_p0,20260618_104959_prefill_stage1_req1_equal_fresh_regular_b4_f512_p0_b4_fvar512-512-512-512_pvar0-0-0-0_layers5_backend_auto_cg_off_pcg_off_tp1_marker_on_profile_nsys,prefill,1,2,attn_mha,auto,fa3,1,128,4,512,0,512,"[0, 0, 0, 0]","[512, 512, 512, 512]","[512, 512, 512, 512]",True,2.105245,1.808538,1.454912,0.820352,13,per_token_group_quant_8bit_kernel,sm90_fp8_gemm_1d2d_impl,"[""attn_mha"", ""attn_mqa"", ""kv_a_layernorm"", ""kv_b_proj"", ""o_proj"", ""q_a_layernorm"", ""q_b_proj"", ""rotary_emb""]",0.747136,11,1.380352,0.979022,0.747136,11,query_wideep_context_mla,fp8,fp8_block,1.0149,silicon,-51.79183420457002,-43.88284901948425,-30.243203712664414,23.715185676392565,35.83872280280965,-26.47527587166173,3.6646776068362064,35.83872280280965
req1_equal_fresh_regular_b4_f512_p0,20260618_104959_prefill_stage1_req1_equal_fresh_regular_b4_f512_p0_b4_fvar512-512-512-512_pvar0-0-0-0_layers5_backend_auto_cg_off_pcg_off_tp1_marker_on_profile_nsys,prefill,2,3,attn_mha,auto,fa3,1,128,4,512,0,512,"[0, 0, 0, 0]","[512, 512, 512, 512]","[512, 512, 512, 512]",True,2.072447,1.775011,1.357376,0.818272,13,per_token_group_quant_8bit_kernel,sm90_fp8_gemm_1d2d_impl,"[""attn_mha"", ""attn_mqa"", ""kv_a_layernorm"", ""kv_b_proj"", ""o_proj"", ""q_a_layernorm"", ""q_b_proj"", ""rotary_emb""]",0.744864,11,1.282976,0.968075,0.744864,11,query_wideep_context_mla,fp8,fp8_block,1.0149,silicon,-51.028904478618756,-42.82288954829013,-25.230739308784006,24.029662508310185,36.2530609614641,-20.89485695757364,4.836918627172471,36.2530609614641
req1_equal_fresh_regular_b4_f512_p0,20260618_104959_prefill_stage1_req1_equal_fresh_regular_b4_f512_p0_b4_fvar512-512-512-512_pvar0-0-0-0_layers5_backend_auto_cg_off_pcg_off_tp1_marker_on_profile_nsys,prefill,3,4,attn_mha,auto,fa3,1,128,4,512,0,512,"[0, 0, 0, 0]","[512, 512, 512, 512]","[512, 512, 512, 512]",True,2.073879,1.780396,1.3392,0.816992,13,per_token_group_quant_8bit_kernel,sm90_fp8_gemm_1d2d_impl,"[""attn_mha"", ""attn_mqa"", ""kv_a_layernorm"", ""kv_b_proj"", ""o_proj"", ""q_a_layernorm"", ""q_b_proj"", ""rotary_emb""]",0.7427520000000001,11,1.26368,0.979765,0.7427520000000001,11,query_wideep_context_mla,fp8,fp8_block,1.0149,silicon,-51.0627187024894,-42.995827894468434,-24.215949820788534,24.22398260937682,36.64049373142042,-19.686946062294254,3.5860640051440824,36.64049373142042
req1_equal_fresh_regular_b4_f512_p0,20260618_104959_prefill_stage1_req1_equal_fresh_regular_b4_f512_p0_b4_fvar512-512-512-512_pvar0-0-0-0_layers5_backend_auto_cg_off_pcg_off_tp1_marker_on_profile_nsys,prefill,4,5,attn_mha,auto,fa3,1,128,4,512,0,512,"[0, 0, 0, 0]","[512, 512, 512, 512]","[512, 512, 512, 512]",True,2.965006,1.855359,0.891071,0.806943,13,per_token_group_quant_8bit_kernel,sm90_fp8_gemm_1d2d_impl,"[""attn_mha"", ""attn_mqa"", ""kv_a_layernorm"", ""kv_b_proj"", ""o_proj"", ""q_a_layernorm"", ""q_b_proj"", ""rotary_emb""]",0.734207,11,0.815167,0.980045,0.734207,11,query_wideep_context_mla,fp8,fp8_block,1.0149,silicon,-65.77072693950704,-45.29899604335334,13.89664796632367,25.77096523546272,38.230771430945204,24.502095889553914,3.5564693457953314,38.230771430945204
req1_equal_fresh_regular_b4_f512_p0,20260618_104959_prefill_stage1_req1_equal_fresh_regular_b4_f512_p0_b4_fvar512-512-512-512_pvar0-0-0-0_layers5_backend_auto_cg_off_pcg_off_tp1_marker_on_profile_nsys,decode,0,6,attn_mqa,auto,fa3,1,128,4,512,0,512,"[0, 0, 0, 0]","[512, 512, 512, 512]","[512, 512, 512, 512]",False,1.85925,1.85925,1.149824,0.110816,13,per_token_group_quant_8bit_kernel,sm90_fp8_gemm_1d2d_impl,"[""attn_mqa"", ""kv_a_layernorm"", ""o_proj"", ""q_a_layernorm"", ""q_b_proj"", ""rotary_emb""]",0.096064,11,1.134208,0.989126,0.096064,11,query_wideep_generation_mla,fp8,fp8_block,0.114306640625,silicon,-93.85200265564072,-93.85200265564072,-90.0587706792518,3.1499428106049665,18.990090590647903,-89.92189786838041,-88.44367243152035,18.990090590647903
req1_equal_fresh_regular_b4_f512_p0,20260618_104959_prefill_stage1_req1_equal_fresh_regular_b4_f512_p0_b4_fvar512-512-512-512_pvar0-0-0-0_layers5_backend_auto_cg_off_pcg_off_tp1_marker_on_profile_nsys,decode,1,7,attn_mqa,auto,fa3,1,128,4,512,0,512,"[0, 0, 0, 0]","[512, 512, 512, 512]","[512, 512, 512, 512]",False,1.613587,1.610706,1.47056,0.108832,13,per_token_group_quant_8bit_kernel,sm90_fp8_gemm_1d2d_impl,"[""attn_mqa"", ""kv_a_layernorm"", ""o_proj"", ""q_a_layernorm"", ""q_b_proj"", ""rotary_emb""]",0.094816,11,1.24272,0.890397,0.09481600000000001,11,query_wideep_generation_mla,fp8,fp8_block,0.114306640625,silicon,-92.91599147582374,-92.90332061685994,-92.22699919588456,5.030359292303734,20.55627808070368,-90.80189900983328,-87.16228372007095,20.55627808070366
req1_equal_fresh_regular_b4_f512_p0,20260618_104959_prefill_stage1_req1_equal_fresh_regular_b4_f512_p0_b4_fvar512-512-512-512_pvar0-0-0-0_layers5_backend_auto_cg_off_pcg_off_tp1_marker_on_profile_nsys,decode,2,8,attn_mqa,auto,fa3,1,128,4,512,0,512,"[0, 0, 0, 0]","[512, 512, 512, 512]","[512, 512, 512, 512]",False,1.593289,1.59101,1.451103,0.107456,13,per_token_group_quant_8bit_kernel,sm90_fp8_gemm_1d2d_impl,"[""attn_mqa"", ""kv_a_layernorm"", ""o_proj"", ""q_a_layernorm"", ""q_b_proj"", ""rotary_emb""]",0.09334400000000001,11,1.228415,0.881697,0.09334400000000001,11,query_wideep_generation_mla,fp8,fp8_block,0.114306640625,silicon,-92.82574343857266,-92.81546686538739,-92.12277552833949,6.37529837794074,22.457405537581405,-90.69478632017682,-87.03560966806057,22.457405537581405
req1_equal_fresh_regular_b4_f512_p0,20260618_104959_prefill_stage1_req1_equal_fresh_regular_b4_f512_p0_b4_fvar512-512-512-512_pvar0-0-0-0_layers5_backend_auto_cg_off_pcg_off_tp1_marker_on_profile_nsys,decode,3,9,attn_mqa,auto,fa3,1,128,4,512,0,512,"[0, 0, 0, 0]","[512, 512, 512, 512]","[512, 512, 512, 512]",False,1.597356,1.595133,1.452512,0.107936,13,per_token_group_quant_8bit_kernel,sm90_fp8_gemm_1d2d_impl,"[""attn_mqa"", ""kv_a_layernorm"", ""o_proj"", ""q_a_layernorm"", ""q_b_proj"", ""rotary_emb""]",0.0936,11,1.226656,0.888596,0.0936,11,query_wideep_generation_mla,fp8,fp8_block,0.114306640625,silicon,-92.84400968694518,-92.83403699722844,-92.13041677968926,5.902238942521488,22.12247930021367,-90.6814428311605,-87.13626432878384,22.12247930021367
req1_equal_fresh_regular_b4_f512_p0,20260618_104959_prefill_stage1_req1_equal_fresh_regular_b4_f512_p0_b4_fvar512-512-512-512_pvar0-0-0-0_layers5_backend_auto_cg_off_pcg_off_tp1_marker_on_profile_nsys,decode,4,10,attn_mqa,auto,fa3,1,128,4,512,0,512,"[0, 0, 0, 0]","[512, 512, 512, 512]","[512, 512, 512, 512]",False,1.708712,1.704752,1.535616,0.109184,13,per_token_group_quant_8bit_kernel,sm90_fp8_gemm_1d2d_impl,"[""attn_mqa"", ""kv_a_layernorm"", ""o_proj"", ""q_a_layernorm"", ""q_b_proj"", ""rotary_emb""]",0.09465599999999999,11,1.255904,0.900156,0.09465599999999999,11,query_wideep_generation_mla,fp8,fp8_block,0.114306640625,silicon,-93.310362388454,-93.29482290532583,-92.55630049276643,4.691750279344953,20.760058131550043,-90.89845715715533,-87.30146323248415,20.760058131550043
req1_equal_fresh_regular_b8_f1_p0,20260618_104810_prefill_stage1_req1_equal_fresh_regular_b8_f1_p0_b8_fvar1-1-1-1-1-1-1-1_pvar0-0-0-0-0-0-0-0_layers5_backend_auto_cg_off_pcg_off_tp1_marker_on_profile_nsys,prefill,0,1,attn_mha,auto,fa3,1,128,8,1,0,1,"[0, 0, 0, 0, 0, 0, 0, 0]","[1, 1, 1, 1, 1, 1, 1, 1]","[1, 1, 1, 1, 1, 1, 1, 1]",True,1.287324,1.264031,1.090432,0.134304,13,per_token_group_quant_8bit_kernel,sm90_fp8_gemm_1d2d_impl,"[""attn_mha"", ""attn_mqa"", ""kv_a_layernorm"", ""kv_b_proj"", ""o_proj"", ""q_a_layernorm"", ""q_b_proj"", ""rotary_emb""]",0.12159999999999999,11,0.889408,0.625881,0.1216,11,query_wideep_context_mla,fp8,fp8_block,0.757,silicon,-41.19584502425185,-40.112228260224626,-30.577972766756666,463.64665237074104,522.5328947368421,-14.887205871770885,20.94950957130828,522.5328947368421
req1_equal_fresh_regular_b8_f1_p0,20260618_104810_prefill_stage1_req1_equal_fresh_regular_b8_f1_p0_b8_fvar1-1-1-1-1-1-1-1_pvar0-0-0-0-0-0-0-0_layers5_backend_auto_cg_off_pcg_off_tp1_marker_on_profile_nsys,prefill,1,2,attn_mha,auto,fa3,1,128,8,1,0,1,"[0, 0, 0, 0, 0, 0, 0, 0]","[1, 1, 1, 1, 1, 1, 1, 1]","[1, 1, 1, 1, 1, 1, 1, 1]",True,1.061741,1.036391,0.929376,0.131392,13,per_token_group_quant_8bit_kernel,sm90_fp8_gemm_1d2d_impl,"[""attn_mha"", ""attn_mqa"", ""kv_a_layernorm"", ""kv_b_proj"", ""o_proj"", ""q_a_layernorm"", ""q_b_proj"", ""rotary_emb""]",0.11955199999999999,11,0.80272,0.556918,0.11955199999999999,11,query_wideep_context_mla,fp8,fp8_block,0.757,silicon,-28.702009247076266,-26.95806891414534,-18.547498536652547,476.13857769118357,533.1972698072806,-5.695634841538766,35.92665347501786,533.1972698072806
req1_equal_fresh_regular_b8_f1_p0,20260618_104810_prefill_stage1_req1_equal_fresh_regular_b8_f1_p0_b8_fvar1-1-1-1-1-1-1-1_pvar0-0-0-0-0-0-0-0_layers5_backend_auto_cg_off_pcg_off_tp1_marker_on_profile_nsys,prefill,2,3,attn_mha,auto,fa3,1,128,8,1,0,1,"[0, 0, 0, 0, 0, 0, 0, 0]","[1, 1, 1, 1, 1, 1, 1, 1]","[1, 1, 1, 1, 1, 1, 1, 1]",True,1.039168,1.016153,0.909856,0.130944,13,per_token_group_quant_8bit_kernel,sm90_fp8_gemm_1d2d_impl,"[""attn_mha"", ""attn_mqa"", ""kv_a_layernorm"", ""kv_b_proj"", ""o_proj"", ""q_a_layernorm"", ""q_b_proj"", ""rotary_emb""]",0.118848,11,0.787264,0.551198,0.118848,11,query_wideep_context_mla,fp8,fp8_block,0.757,silicon,-27.153261070394784,-25.50334447666838,-16.800021102240354,478.10972629521007,536.9480344641896,-3.844199658564339,37.337218204710474,536.9480344641896
req1_equal_fresh_regular_b8_f1_p0,20260618_104810_prefill_stage1_req1_equal_fresh_regular_b8_f1_p0_b8_fvar1-1-1-1-1-1-1-1_pvar0-0-0-0-0-0-0-0_layers5_backend_auto_cg_off_pcg_off_tp1_marker_on_profile_nsys,prefill,3,4,attn_mha,auto,fa3,1,128,8,1,0,1,"[0, 0, 0, 0, 0, 0, 0, 0]","[1, 1, 1, 1, 1, 1, 1, 1]","[1, 1, 1, 1, 1, 1, 1, 1]",True,1.019312,0.993808,0.892928,0.134656,13,per_token_group_quant_8bit_kernel,sm90_fp8_gemm_1d2d_impl,"[""attn_mha"", ""attn_mqa"", ""kv_a_layernorm"", ""kv_b_proj"", ""o_proj"", ""q_a_layernorm"", ""q_b_proj"", ""rotary_emb""]",0.122592,11,0.76976,0.534695,0.12259199999999998,11,query_wideep_context_mla,fp8,fp8_block,0.757,silicon,-25.73422072927622,-23.828345112939324,-15.222727924311933,462.1732414448669,517.4954320020881,-1.657659530243192,41.576038676254676,517.4954320020884
req1_equal_fresh_regular_b8_f1_p0,20260618_104810_prefill_stage1_req1_equal_fresh_regular_b8_f1_p0_b8_fvar1-1-1-1-1-1-1-1_pvar0-0-0-0-0-0-0-0_layers5_backend_auto_cg_off_pcg_off_tp1_marker_on_profile_nsys,prefill,4,5,attn_mha,auto,fa3,1,128,8,1,0,1,"[0, 0, 0, 0, 0, 0, 0, 0]","[1, 1, 1, 1, 1, 1, 1, 1]","[1, 1, 1, 1, 1, 1, 1, 1]",True,1.118332,1.093038,0.970432,0.132096,13,per_token_group_quant_8bit_kernel,sm90_fp8_gemm_1d2d_impl,"[""attn_mha"", ""attn_mqa"", ""kv_a_layernorm"", ""kv_b_proj"", ""o_proj"", ""q_a_layernorm"", ""q_b_proj"", ""rotary_emb""]",0.12035199999999999,11,0.807616,0.5697720000000001,0.12035199999999999,11,query_wideep_context_mla,fp8,fp8_block,0.757,silicon,-32.309904393328644,-30.74348741763781,-21.993503924025585,473.06807170542646,528.988300983781,-6.267334971075361,32.860161608503034,528.988300983781
req1_equal_fresh_regular_b8_f1_p0,20260618_104810_prefill_stage1_req1_equal_fresh_regular_b8_f1_p0_b8_fvar1-1-1-1-1-1-1-1_pvar0-0-0-0-0-0-0-0_layers5_backend_auto_cg_off_pcg_off_tp1_marker_on_profile_nsys,decode,0,6,attn_mqa,auto,fa3,1,128,8,1,0,1,"[0, 0, 0, 0, 0, 0, 0, 0]","[1, 1, 1, 1, 1, 1, 1, 1]","[1, 1, 1, 1, 1, 1, 1, 1]",False,1.073139,1.053822,0.966624,0.097408,12,per_token_group_quant_8bit_kernel,sm90_fp8_gemm_1d2d_impl,"[""attn_mqa"", ""kv_a_layernorm"", ""o_proj"", ""q_a_layernorm"", ""q_b_proj"", ""rotary_emb""]",0.085312,10,0.786272,0.545625,0.085312,10,query_wideep_generation_mla,fp8,fp8_block,0.10613333333333333,silicon,-90.11001060129831,-89.92872294055985,-89.02020502973926,8.957512045554097,24.406101525381345,-86.50170254907547,-80.5483008781978,24.406101525381345
req1_equal_fresh_regular_b8_f1_p0,20260618_104810_prefill_stage1_req1_equal_fresh_regular_b8_f1_p0_b8_fvar1-1-1-1-1-1-1-1_pvar0-0-0-0-0-0-0-0_layers5_backend_auto_cg_off_pcg_off_tp1_marker_on_profile_nsys,decode,1,7,attn_mqa,auto,fa3,1,128,8,1,0,1,"[0, 0, 0, 0, 0, 0, 0, 0]","[1, 1, 1, 1, 1, 1, 1, 1]","[1, 1, 1, 1, 1, 1, 1, 1]",False,0.96469,0.943883,0.881984,0.096608,12,per_token_group_quant_8bit_kernel,sm90_fp8_gemm_1d2d_impl,"[""attn_mqa"", ""kv_a_layernorm"", ""o_proj"", ""q_a_layernorm"", ""q_b_proj"", ""rotary_emb""]",0.08479999999999999,10,0.7456,0.522266,0.0848,10,query_wideep_generation_mla,fp8,fp8_block,0.10613333333333333,silicon,-88.99819285642711,-88.75566851682535,-87.96652395810658,9.859776968090976,25.15723270440253,-85.7653791130186,-79.67829930852605,25.15723270440251
req1_equal_fresh_regular_b8_f1_p0,20260618_104810_prefill_stage1_req1_equal_fresh_regular_b8_f1_p0_b8_fvar1-1-1-1-1-1-1-1_pvar0-0-0-0-0-0-0-0_layers5_backend_auto_cg_off_pcg_off_tp1_marker_on_profile_nsys,decode,2,8,attn_mqa,auto,fa3,1,128,8,1,0,1,"[0, 0, 0, 0, 0, 0, 0, 0]","[1, 1, 1, 1, 1, 1, 1, 1]","[1, 1, 1, 1, 1, 1, 1, 1]",False,0.93337,0.912714,0.8512,0.096032,12,per_token_group_quant_8bit_kernel,sm90_fp8_gemm_1d2d_impl,"[""attn_mqa"", ""kv_a_layernorm"", ""o_proj"", ""q_a_layernorm"", ""q_b_proj"", ""rotary_emb""]",0.083872,10,0.721984,0.49788,0.083872,10,query_wideep_generation_mla,fp8,fp8_block,0.10613333333333333,silicon,-88.6290181457157,-88.37167685240576,-87.531328320802,10.518715983561023,26.54203230319216,-85.29976656915758,-78.68294903725128,26.54203230319216
req1_equal_fresh_regular_b8_f1_p0,20260618_104810_prefill_stage1_req1_equal_fresh_regular_b8_f1_p0_b8_fvar1-1-1-1-1-1-1-1_pvar0-0-0-0-0-0-0-0_layers5_backend_auto_cg_off_pcg_off_tp1_marker_on_profile_nsys,decode,3,9,attn_mqa,auto,fa3,1,128,8,1,0,1,"[0, 0, 0, 0, 0, 0, 0, 0]","[1, 1, 1, 1, 1, 1, 1, 1]","[1, 1, 1, 1, 1, 1, 1, 1]",False,0.922974,0.902022,0.842752,0.096,12,per_token_group_quant_8bit_kernel,sm90_fp8_gemm_1d2d_impl,"[""attn_mqa"", ""kv_a_layernorm"", ""o_proj"", ""q_a_layernorm"", ""q_b_proj"", ""rotary_emb""]",0.08416,10,0.713248,0.499456,0.08416000000000001,10,query_wideep_generation_mla,fp8,fp8_block,0.10613333333333333,silicon,-88.50094007704081,-88.23384204228574,-87.40633859862292,10.55555555555555,26.108998732572875,-85.11971525565676,-78.75021356569282,26.108998732572854
req1_equal_fresh_regular_b8_f1_p0,20260618_104810_prefill_stage1_req1_equal_fresh_regular_b8_f1_p0_b8_fvar1-1-1-1-1-1-1-1_pvar0-0-0-0-0-0-0-0_layers5_backend_auto_cg_off_pcg_off_tp1_marker_on_profile_nsys,decode,4,10,attn_mqa,auto,fa3,1,128,8,1,0,1,"[0, 0, 0, 0, 0, 0, 0, 0]","[1, 1, 1, 1, 1, 1, 1, 1]","[1, 1, 1, 1, 1, 1, 1, 1]",False,1.003127,0.980877,0.912127,0.096447,12,per_token_group_quant_8bit_kernel,sm90_fp8_gemm_1d2d_impl,"[""attn_mqa"", ""kv_a_layernorm"", ""o_proj"", ""q_a_layernorm"", ""q_b_proj"", ""rotary_emb""]",0.084479,10,0.747487,0.518823,0.084479,10,query_wideep_generation_mla,fp8,fp8_block,0.10613333333333333,silicon,-89.41975110496145,-89.17975104591775,-88.36419343651342,10.04316705893737,25.63280026199805,-85.80131382440989,-79.54344095513628,25.63280026199805
req1_equal_prefix_regular_b1_f8192_p0,20260618_111628_prefill_stage1_req1_equal_prefix_regular_b1_f8192_p0_b1_fvar8192_pvar0_layers5_backend_auto_cg_off_pcg_off_tp1_marker_on_profile_nsys,prefill,0,1,attn_mha,auto,fa3,1,128,1,8192,0,8192,[0],[8192],[8192],True,230.911733,227.015776,230.34228,6.009023,13,per_token_group_quant_8bit_kernel,sm90_fp8_gemm_1d2d_impl,"[""attn_mha"", ""attn_mqa"", ""kv_a_layernorm"", ""kv_b_proj"", ""o_proj"", ""q_a_layernorm"", ""q_b_proj"", ""rotary_emb""]",5.735839,11,229.602568,3.254264,5.7358389999999995,11,query_wideep_context_mla,fp8,fp8_block,6.3943,silicon,-97.23084664563147,-97.18332350611615,-97.22400073490634,6.4116412934348945,11.479767824724508,-97.21505728106665,96.48989756209086,11.479767824724524
req1_equal_prefix_regular_b1_f8192_p0,20260618_111628_prefill_stage1_req1_equal_prefix_regular_b1_f8192_p0_b1_fvar8192_pvar0_layers5_backend_auto_cg_off_pcg_off_tp1_marker_on_profile_nsys,prefill,1,2,attn_mha,auto,fa3,1,128,1,8192,0,8192,[0],[8192],[8192],True,12.509906,4.813797,6.282079,5.996383,13,per_token_group_quant_8bit_kernel,sm90_fp8_gemm_1d2d_impl,"[""attn_mha"", ""attn_mqa"", ""kv_a_layernorm"", ""kv_b_proj"", ""o_proj"", ""q_a_layernorm"", ""q_b_proj"", ""rotary_emb""]",5.729631,11,6.012735,2.61231,5.729631,11,query_wideep_context_mla,fp8,fp8_block,6.3943,silicon,-48.88610673813217,32.832772133930874,1.7863672201511618,6.635950372082646,11.600555079375965,6.345947393324339,144.77569660568616,11.600555079375965
req1_equal_prefix_regular_b1_f8192_p0,20260618_111628_prefill_stage1_req1_equal_prefix_regular_b1_f8192_p0_b1_fvar8192_pvar0_layers5_backend_auto_cg_off_pcg_off_tp1_marker_on_profile_nsys,prefill,2,3,attn_mha,auto,fa3,1,128,1,8192,0,8192,[0],[8192],[8192],True,16.390589,4.497391,6.273663,5.988927,13,per_token_group_quant_8bit_kernel,sm90_fp8_gemm_1d2d_impl,"[""attn_mha"", ""attn_mqa"", ""kv_a_layernorm"", ""kv_b_proj"", ""o_proj"", ""q_a_layernorm"", ""q_b_proj"", ""rotary_emb""]",5.7216629999999995,11,6.004927,2.479601,5.7216629999999995,11,query_wideep_context_mla,fp8,fp8_block,6.3943,silicon,-60.987979138516614,42.17798719301924,1.9229117024615499,6.768708317867291,11.755970248509932,6.484225370266781,157.8761663670889,11.755970248509932
req1_equal_prefix_regular_b1_f8192_p0,20260618_111628_prefill_stage1_req1_equal_prefix_regular_b1_f8192_p0_b1_fvar8192_pvar0_layers5_backend_auto_cg_off_pcg_off_tp1_marker_on_profile_nsys,prefill,3,4,attn_mha,auto,fa3,1,128,1,8192,0,8192,[0],[8192],[8192],True,20.801131,4.45238,6.304862,6.019359,13,per_token_group_quant_8bit_kernel,sm90_fp8_gemm_1d2d_impl,"[""attn_mha"", ""attn_mqa"", ""kv_a_layernorm"", ""kv_b_proj"", ""o_proj"", ""q_a_layernorm"", ""q_b_proj"", ""rotary_emb""]",5.7519029999999995,11,6.034654,2.451085,5.751903,11,query_wideep_context_mla,fp8,fp8_block,6.3943,silicon,-69.25984457287441,43.615324837502655,1.4185560286648677,6.228919059321776,11.16842547588165,5.959678881341011,160.8763057992685,11.168425475881632
req1_equal_prefix_regular_b1_f8192_p0,20260618_111628_prefill_stage1_req1_equal_prefix_regular_b1_f8192_p0_b1_fvar8192_pvar0_layers5_backend_auto_cg_off_pcg_off_tp1_marker_on_profile_nsys,prefill,4,5,attn_mha,auto,fa3,1,128,1,8192,0,8192,[0],[8192],[8192],True,29.842548,4.661696,6.441662,6.157118,13,per_token_group_quant_8bit_kernel,sm90_fp8_gemm_1d2d_impl,"[""attn_mha"", ""attn_mqa"", ""kv_a_layernorm"", ""kv_b_proj"", ""o_proj"", ""q_a_layernorm"", ""q_b_proj"", ""rotary_emb""]",5.875102,11,6.156734,2.49402,5.875102,11,query_wideep_context_mla,fp8,fp8_block,6.3943,silicon,-78.57321030362421,37.16681654058952,-0.7352450345888947,3.852159403149342,8.837259336093235,3.8586367382446625,156.38527357438997,8.837259336093235
req1_equal_prefix_regular_b1_f8192_p0,20260618_111628_prefill_stage1_req1_equal_prefix_regular_b1_f8192_p0_b1_fvar8192_pvar0_layers5_backend_auto_cg_off_pcg_off_tp1_marker_on_profile_nsys,decode,0,6,attn_mqa,auto,fa3,1,128,1,8192,0,8192,[0],[8192],[8192],False,28.571511,3.456917,0.153856,0.120896,13,per_token_group_quant_8bit_kernel,sm90_fp8_gemm_1d2d_impl,"[""attn_mqa"", ""kv_a_layernorm"", ""o_proj"", ""q_a_layernorm"", ""q_b_proj"", ""rotary_emb""]",0.105632,11,0.137312,1.773739,0.105632,11,query_wideep_generation_mla,fp8,fp8_block,0.12360069580078124,silicon,-99.56739881275169,-96.4245396750694,-19.66468918938407,2.237208675871195,17.010655673263063,-9.98551051562773,-93.03163003120632,17.010655673263063
req1_equal_prefix_regular_b1_f8192_p0,20260618_111628_prefill_stage1_req1_equal_prefix_regular_b1_f8192_p0_b1_fvar8192_pvar0_layers5_backend_auto_cg_off_pcg_off_tp1_marker_on_profile_nsys,decode,1,7,attn_mqa,auto,fa3,1,128,1,8192,0,8192,[0],[8192],[8192],False,23.810919,2.968355,0.14912,0.118528,13,per_token_group_quant_8bit_kernel,sm90_fp8_gemm_1d2d_impl,"[""attn_mqa"", ""kv_a_layernorm"", ""o_proj"", ""q_a_layernorm"", ""q_b_proj"", ""rotary_emb""]",0.104768,11,0.134016,1.634217,0.104768,11,query_wideep_generation_mla,fp8,fp8_block,0.12360069580078124,silicon,-99.4809074954193,-95.83605411748995,-17.113267300978244,4.279744702332993,17.975618319316244,-7.771687111403678,-92.43670235955315,17.975618319316244
req1_equal_prefix_regular_b1_f8192_p0,20260618_111628_prefill_stage1_req1_equal_prefix_regular_b1_f8192_p0_b1_fvar8192_pvar0_layers5_backend_auto_cg_off_pcg_off_tp1_marker_on_profile_nsys,decode,2,8,attn_mqa,auto,fa3,1,128,1,8192,0,8192,[0],[8192],[8192],False,19.736819,2.6156,0.149568,0.117535,13,per_token_group_quant_8bit_kernel,sm90_fp8_gemm_1d2d_impl,"[""attn_mqa"", ""kv_a_layernorm"", ""o_proj"", ""q_a_layernorm"", ""q_b_proj"", ""rotary_emb""]",0.103199,11,0.13328,1.430532,0.103199,11,query_wideep_generation_mla,fp8,fp8_block,0.12360069580078124,silicon,-99.3737557414861,-95.27448020336516,-17.36153736041049,5.160757051755853,19.76927664103455,-7.262383102655136,-91.35980909194753,19.76927664103455
req1_equal_prefix_regular_b1_f8192_p0,20260618_111628_prefill_stage1_req1_equal_prefix_regular_b1_f8192_p0_b1_fvar8192_pvar0_layers5_backend_auto_cg_off_pcg_off_tp1_marker_on_profile_nsys,decode,3,9,attn_mqa,auto,fa3,1,128,1,8192,0,8192,[0],[8192],[8192],False,16.111522,2.346831,0.150592,0.119264,13,per_token_group_quant_8bit_kernel,sm90_fp8_gemm_1d2d_impl,"[""attn_mqa"", ""kv_a_layernorm"", ""o_proj"", ""q_a_layernorm"", ""q_b_proj"", ""rotary_emb""]",0.105632,11,0.136128,1.3072300000000001,0.105632,11,query_wideep_generation_mla,fp8,fp8_block,0.12360069580078124,silicon,-99.23284283259656,-94.73329371391543,-17.923464858172252,3.636215287749236,17.010655673263063,-9.202591824766952,-90.54483940846055,17.010655673263063
req1_equal_prefix_regular_b1_f8192_p0,20260618_111628_prefill_stage1_req1_equal_prefix_regular_b1_f8192_p0_b1_fvar8192_pvar0_layers5_backend_auto_cg_off_pcg_off_tp1_marker_on_profile_nsys,decode,4,10,attn_mqa,auto,fa3,1,128,1,8192,0,8192,[0],[8192],[8192],False,12.082009,2.382481,0.152736,0.12224,13,per_token_group_quant_8bit_kernel,sm90_fp8_gemm_1d2d_impl,"[""attn_mqa"", ""kv_a_layernorm"", ""o_proj"", ""q_a_layernorm"", ""q_b_proj"", ""rotary_emb""]",0.107008,11,0.136128,1.252169,0.107008,11,query_wideep_generation_mla,fp8,fp8_block,0.12360069580078124,silicon,-98.97698556754277,-94.81210151095513,-19.075597239170047,1.1131346537804663,15.506033007608064,-9.202591824766952,-90.12907236956184,15.506033007608064
req1_equal_prefix_regular_b1_f8192_p1024,20260618_111845_prefill_stage1_req1_equal_prefix_regular_b1_f8192_p1024_b1_fvar8192_pvar1024_layers5_backend_auto_cg_off_pcg_off_tp1_marker_on_profile_nsys,prefill,0,1,attn_mha,auto,fa3,1,128,1,8192,1024,9216,[1024],[8192],[9216],True,8.836586,3.443166,8.482526,6.861759,13,per_token_group_quant_8bit_kernel,sm90_fp8_gemm_1d2d_impl,"[""attn_mha"", ""attn_mqa"", ""kv_a_layernorm"", ""kv_b_proj"", ""o_proj"", ""q_a_layernorm"", ""q_b_proj"", ""rotary_emb""]",6.588350999999999,11,8.00563,1.5786149999999999,6.588350999999999,11,query_wideep_context_mla,fp8,fp8_block,7.862828089076226,silicon,-11.019616749316699,128.36041274444003,-7.305582216002334,14.589103013909781,19.34440179456478,-1.7837685594234827,398.0839589815266,19.34440179456478
req1_equal_prefix_regular_b1_f8192_p1024,20260618_111845_prefill_stage1_req1_equal_prefix_regular_b1_f8192_p1024_b1_fvar8192_pvar1024_layers5_backend_auto_cg_off_pcg_off_tp1_marker_on_profile_nsys,prefill,1,2,attn_mha,auto,fa3,1,128,1,8192,1024,9216,[1024],[8192],[9216],True,15.913488,2.70749,7.169182,6.844991,13,per_token_group_quant_8bit_kernel,sm90_fp8_gemm_1d2d_impl,"[""attn_mha"", ""attn_mqa"", ""kv_a_layernorm"", ""kv_b_proj"", ""o_proj"", ""q_a_layernorm"", ""q_b_proj"", ""rotary_emb""]",6.577503,11,6.900222,1.415609,6.577503,11,query_wideep_context_mla,fp8,fp8_block,7.862828089076226,silicon,-50.59016546795883,190.41023564542164,9.675386802514229,14.869809019123991,19.54123151409016,13.950364047362903,455.4378425876232,19.54123151409016
req1_equal_prefix_regular_b1_f8192_p1024,20260618_111845_prefill_stage1_req1_equal_prefix_regular_b1_f8192_p1024_b1_fvar8192_pvar1024_layers5_backend_auto_cg_off_pcg_off_tp1_marker_on_profile_nsys,prefill,2,3,attn_mha,auto,fa3,1,128,1,8192,1024,9216,[1024],[8192],[9216],True,23.800118,2.661422,7.170462,6.848606,13,per_token_group_quant_8bit_kernel,sm90_fp8_gemm_1d2d_impl,"[""attn_mha"", ""attn_mqa"", ""kv_a_layernorm"", ""kv_b_proj"", ""o_proj"", ""q_a_layernorm"", ""q_b_proj"", ""rotary_emb""]",6.582014,11,6.902334,1.398261,6.582014,11,query_wideep_context_mla,fp8,fp8_block,7.862828089076226,silicon,-66.96307098529417,195.437104265172,9.655808636545682,14.80917560560829,19.459303627677272,13.915497121353823,462.32907082985406,19.459303627677272
req1_equal_prefix_regular_b1_f8192_p1024,20260618_111845_prefill_stage1_req1_equal_prefix_regular_b1_f8192_p1024_b1_fvar8192_pvar1024_layers5_backend_auto_cg_off_pcg_off_tp1_marker_on_profile_nsys,prefill,3,4,attn_mha,auto,fa3,1,128,1,8192,1024,9216,[1024],[8192],[9216],True,31.775484,2.646217,7.18019,6.85843,13,per_token_group_quant_8bit_kernel,sm90_fp8_gemm_1d2d_impl,"[""attn_mha"", ""attn_mqa"", ""kv_a_layernorm"", ""kv_b_proj"", ""o_proj"", ""q_a_layernorm"", ""q_b_proj"", ""rotary_emb""]",6.590973999999999,11,6.909822,1.402041,6.590973999999999,11,query_wideep_context_mla,fp8,fp8_block,7.862828089076226,silicon,-75.25504854913862,197.13466768130604,9.507242692411012,14.644723195778417,19.29690648265684,13.792049767363409,460.81299256414223,19.29690648265684
req1_equal_prefix_regular_b1_f8192_p1024,20260618_111845_prefill_stage1_req1_equal_prefix_regular_b1_f8192_p1024_b1_fvar8192_pvar1024_layers5_backend_auto_cg_off_pcg_off_tp1_marker_on_profile_nsys,prefill,4,5,attn_mha,auto,fa3,1,128,1,8192,1024,9216,[1024],[8192],[9216],True,45.155579,2.792023,7.350622,7.024894,13,per_token_group_quant_8bit_kernel,sm90_fp8_gemm_1d2d_impl,"[""attn_mha"", ""attn_mqa"", ""kv_a_layernorm"", ""kv_b_proj"", ""o_proj"", ""q_a_layernorm"", ""q_b_proj"", ""rotary_emb""]",6.740734,11,7.063614,1.44327,6.740734,11,query_wideep_context_mla,fp8,fp8_block,7.862828089076226,silicon,-82.58724998504343,181.61759731478665,6.968200637663389,11.928067371211952,16.646467418477368,11.314520995572884,444.79259522308547,16.646467418477368
req1_equal_prefix_regular_b1_f8192_p1024,20260618_111845_prefill_stage1_req1_equal_prefix_regular_b1_f8192_p1024_b1_fvar8192_pvar1024_layers5_backend_auto_cg_off_pcg_off_tp1_marker_on_profile_nsys,decode,0,6,attn_mqa,auto,fa3,1,128,1,8192,1024,9216,[1024],[8192],[9216],False,48.444411,2.700327,0.153568,0.124128,13,per_token_group_quant_8bit_kernel,sm90_fp8_gemm_1d2d_impl,"[""attn_mqa"", ""kv_a_layernorm"", ""o_proj"", ""q_a_layernorm"", ""q_b_proj"", ""rotary_emb""]",0.108576,11,0.13696,1.432927,0.108576,11,query_wideep_generation_mla,fp8,fp8_block,0.12431319580078125,silicon,-99.74339001499929,-95.39636511427018,-19.050065247459603,0.149197441980251,14.49417532491641,-9.233939981906214,-91.32452694374652,14.49417532491641
req1_equal_prefix_regular_b1_f8192_p1024,20260618_111845_prefill_stage1_req1_equal_prefix_regular_b1_f8192_p1024_b1_fvar8192_pvar1024_layers5_backend_auto_cg_off_pcg_off_tp1_marker_on_profile_nsys,decode,1,7,attn_mqa,auto,fa3,1,128,1,8192,1024,9216,[1024],[8192],[9216],False,44.814317,2.351145,0.154176,0.123552,13,per_token_group_quant_8bit_kernel,sm90_fp8_gemm_1d2d_impl,"[""attn_mqa"", ""kv_a_layernorm"", ""o_proj"", ""q_a_layernorm"", ""q_b_proj"", ""rotary_emb""]",0.107872,11,0.137664,1.306116,0.107872,11,query_wideep_generation_mla,fp8,fp8_block,0.12431319580078125,silicon,-99.72260383707113,-94.71265294991244,-19.369294961095605,0.6160934673507941,15.241393318730767,-9.69810858264961,-90.48222395248345,15.241393318730767
req1_equal_prefix_regular_b1_f8192_p1024,20260618_111845_prefill_stage1_req1_equal_prefix_regular_b1_f8192_p1024_b1_fvar8192_pvar1024_layers5_backend_auto_cg_off_pcg_off_tp1_marker_on_profile_nsys,decode,2,8,attn_mqa,auto,fa3,1,128,1,8192,1024,9216,[1024],[8192],[9216],False,41.632553,2.136232,0.149952,0.120992,13,per_token_group_quant_8bit_kernel,sm90_fp8_gemm_1d2d_impl,"[""attn_mqa"", ""kv_a_layernorm"", ""o_proj"", ""q_a_layernorm"", ""q_b_proj"", ""rotary_emb""]",0.107104,11,0.135168,1.187904,0.107104,11,query_wideep_generation_mla,fp8,fp8_block,0.12431319580078125,silicon,-99.70140386105848,-94.18072588554139,-17.09800749521097,2.744971403713672,16.067743315638296,-8.030602064999675,-89.53508062934536,16.067743315638296
req1_equal_prefix_regular_b1_f8192_p1024,20260618_111845_prefill_stage1_req1_equal_prefix_regular_b1_f8192_p1024_b1_fvar8192_pvar1024_layers5_backend_auto_cg_off_pcg_off_tp1_marker_on_profile_nsys,decode,3,9,attn_mqa,auto,fa3,1,128,1,8192,1024,9216,[1024],[8192],[9216],False,38.759139,2.048295,0.1536,0.122656,13,per_token_group_quant_8bit_kernel,sm90_fp8_gemm_1d2d_impl,"[""attn_mqa"", ""kv_a_layernorm"", ""o_proj"", ""q_a_layernorm"", ""q_b_proj"", ""rotary_emb""]",0.10691200000000001,11,0.136096,1.125046,0.10691200000000001,11,query_wideep_generation_mla,fp8,fp8_block,0.12431319580078125,silicon,-99.6792673960049,-93.93089394834332,-19.0669298171997,1.351092323882441,16.27618583581005,-8.657715288633574,-88.95038995731896,16.27618583581005
req1_equal_prefix_regular_b1_f8192_p1024,20260618_111845_prefill_stage1_req1_equal_prefix_regular_b1_f8192_p1024_b1_fvar8192_pvar1024_layers5_backend_auto_cg_off_pcg_off_tp1_marker_on_profile_nsys,decode,4,10,attn_mqa,auto,fa3,1,128,1,8192,1024,9216,[1024],[8192],[9216],False,35.395274,2.074484,0.154144,0.123487,13,per_token_group_quant_8bit_kernel,sm90_fp8_gemm_1d2d_impl,"[""attn_mqa"", ""kv_a_layernorm"", ""o_proj"", ""q_a_layernorm"", ""q_b_proj"", ""rotary_emb""]",0.10796700000000001,11,0.137792,1.124862,0.10796700000000001,11,query_wideep_generation_mla,fp8,fp8_block,0.12431319580078125,silicon,-99.64878589214825,-94.00751243196953,-19.352556180726303,0.6690548809034543,15.139992591052117,-9.781993293673617,-88.9485825104963,15.139992591052117
req1_equal_prefix_regular_b1_f8192_p10500,20260618_112632_prefill_stage1_req1_equal_prefix_regular_b1_f8192_p10500_b1_fvar8192_pvar10500_layers5_backend_auto_cg_off_pcg_off_tp1_marker_on_profile_nsys,prefill,0,1,attn_mha,auto,fa3,1,128,1,8192,10500,18692,[10500],[8192],[18692],True,16.374114,2.403963,16.113427,14.89893,13,per_token_group_quant_8bit_kernel,sm90_fp8_gemm_1d2d_impl,"[""attn_mha"", ""attn_mqa"", ""kv_a_layernorm"", ""kv_b_proj"", ""o_proj"", ""q_a_layernorm"", ""q_b_proj"", ""rotary_emb""]",14.623698,11,15.713331,1.103375,14.623698000000001,11,query_wideep_context_mla,fp8,fp8_block,17.72003337630506,silicon,8.219799717438526,637.1175586439999,9.970606353974603,18.934939464143135,21.173408916848953,12.770700090929546,1505.984672147281,21.17340891684894
req1_equal_prefix_regular_b1_f8192_p10500,20260618_112632_prefill_stage1_req1_equal_prefix_regular_b1_f8192_p10500_b1_fvar8192_pvar10500_layers5_backend_auto_cg_off_pcg_off_tp1_marker_on_profile_nsys,prefill,1,2,attn_mha,auto,fa3,1,128,1,8192,10500,18692,[10500],[8192],[18692],True,33.304972,1.911825,15.558674,14.950513,13,per_token_group_quant_8bit_kernel,sm90_fp8_gemm_1d2d_impl,"[""attn_mha"", ""attn_mqa"", ""kv_a_layernorm"", ""kv_b_proj"", ""o_proj"", ""q_a_layernorm"", ""q_b_proj"", ""rotary_emb""]",14.683089,11,15.289522,1.003725,14.683089,11,query_wideep_context_mla,fp8,fp8_block,17.72003337630506,silicon,-46.79463061459694,826.8648216392744,13.891668250810197,18.52458424874825,20.683279766982682,15.89658183104129,1665.4271216025368,20.683279766982682
req1_equal_prefix_regular_b1_f8192_p10500,20260618_112632_prefill_stage1_req1_equal_prefix_regular_b1_f8192_p10500_b1_fvar8192_pvar10500_layers5_backend_auto_cg_off_pcg_off_tp1_marker_on_profile_nsys,prefill,2,3,attn_mha,auto,fa3,1,128,1,8192,10500,18692,[10500],[8192],[18692],True,50.793939,1.868514,15.586994,14.98037,13,per_token_group_quant_8bit_kernel,sm90_fp8_gemm_1d2d_impl,"[""attn_mha"", ""attn_mqa"", ""kv_a_layernorm"", ""kv_b_proj"", ""o_proj"", ""q_a_layernorm"", ""q_b_proj"", ""rotary_emb""]",14.71237,11,15.317106,0.968902,14.712370000000002,11,query_wideep_context_mla,fp8,fp8_block,17.72003337630506,silicon,-65.113882236412,848.3489755123622,13.684738547439359,18.28835587041615,20.44309228428228,15.687868036592945,1728.8777787954882,20.443092284282265
req1_equal_prefix_regular_b1_f8192_p10500,20260618_112632_prefill_stage1_req1_equal_prefix_regular_b1_f8192_p10500_b1_fvar8192_pvar10500_layers5_backend_auto_cg_off_pcg_off_tp1_marker_on_profile_nsys,prefill,3,4,attn_mha,auto,fa3,1,128,1,8192,10500,18692,[10500],[8192],[18692],True,68.451177,1.834671,15.700434,15.09285,13,per_token_group_quant_8bit_kernel,sm90_fp8_gemm_1d2d_impl,"[""attn_mha"", ""attn_mqa"", ""kv_a_layernorm"", ""kv_b_proj"", ""o_proj"", ""q_a_layernorm"", ""q_b_proj"", ""rotary_emb""]",14.824145999999999,11,15.430258,0.95513,14.824146000000002,11,query_wideep_context_mla,fp8,fp8_block,17.72003337630506,silicon,-74.11288723887822,865.8425612169736,12.863334709760643,17.406807702356154,19.534935613188527,14.8395145194919,1755.248330206889,19.534935613188495
req1_equal_prefix_regular_b1_f8192_p10500,20260618_112632_prefill_stage1_req1_equal_prefix_regular_b1_f8192_p10500_b1_fvar8192_pvar10500_layers5_backend_auto_cg_off_pcg_off_tp1_marker_on_profile_nsys,prefill,4,5,attn_mha,auto,fa3,1,128,1,8192,10500,18692,[10500],[8192],[18692],True,92.312856,1.977188,16.355763,15.747506,13,per_token_group_quant_8bit_kernel,sm90_fp8_gemm_1d2d_impl,"[""attn_mha"", ""attn_mqa"", ""kv_a_layernorm"", ""kv_b_proj"", ""o_proj"", ""q_a_layernorm"", ""q_b_proj"", ""rotary_emb""]",15.448402,11,16.053971,0.990041,15.448402,11,query_wideep_context_mla,fp8,fp8_block,17.72003337630506,silicon,-80.80437097915694,796.2239997564755,8.341221233794236,12.525966818523907,14.70463661099097,10.377883305663502,1689.8282370432196,14.70463661099097
req1_equal_prefix_regular_b1_f8192_p10500,20260618_112632_prefill_stage1_req1_equal_prefix_regular_b1_f8192_p10500_b1_fvar8192_pvar10500_layers5_backend_auto_cg_off_pcg_off_tp1_marker_on_profile_nsys,decode,0,6,attn_mqa,auto,fa3,1,128,1,8192,10500,18692,[10500],[8192],[18692],False,98.069269,1.925253,0.163648,0.131039,13,per_token_group_quant_8bit_kernel,sm90_fp8_gemm_1d2d_impl,"[""attn_mqa"", ""kv_a_layernorm"", ""o_proj"", ""q_a_layernorm"", ""q_b_proj"", ""rotary_emb""]",0.11551900000000001,11,0.147264,1.013144,0.11551900000000001,11,query_wideep_generation_mla,fp8,fp8_block,0.13090660400390625,silicon,-99.86651618255264,-93.20055057678621,-20.007208151699835,-0.10103556658227143,13.320409632966209,-11.107532048629508,-87.07917097629694,13.320409632966209
req1_equal_prefix_regular_b1_f8192_p10500,20260618_112632_prefill_stage1_req1_equal_prefix_regular_b1_f8192_p10500_b1_fvar8192_pvar10500_layers5_backend_auto_cg_off_pcg_off_tp1_marker_on_profile_nsys,decode,1,7,attn_mqa,auto,fa3,1,128,1,8192,10500,18692,[10500],[8192],[18692],False,95.638429,1.66526,0.165024,0.133504,13,per_token_group_quant_8bit_kernel,sm90_fp8_gemm_1d2d_impl,"[""attn_mqa"", ""kv_a_layernorm"", ""o_proj"", ""q_a_layernorm"", ""q_b_proj"", ""rotary_emb""]",0.118496,11,0.148704,0.930763,0.11849599999999999,11,query_wideep_generation_mla,fp8,fp8_block,0.13090660400390625,silicon,-99.86312342708608,-92.13896904964352,-20.674202537869498,-1.9455566845141457,10.473437081341347,-11.96833709657693,-85.9355599648991,10.473437081341359
req1_equal_prefix_regular_b1_f8192_p10500,20260618_112632_prefill_stage1_req1_equal_prefix_regular_b1_f8192_p10500_b1_fvar8192_pvar10500_layers5_backend_auto_cg_off_pcg_off_tp1_marker_on_profile_nsys,decode,2,8,attn_mqa,auto,fa3,1,128,1,8192,10500,18692,[10500],[8192],[18692],False,93.503594,1.637078,0.164992,0.13232,13,per_token_group_quant_8bit_kernel,sm90_fp8_gemm_1d2d_impl,"[""attn_mqa"", ""kv_a_layernorm"", ""o_proj"", ""q_a_layernorm"", ""q_b_proj"", ""rotary_emb""]",0.11779200000000001,11,0.14848,0.922461,0.11779200000000001,11,query_wideep_generation_mla,fp8,fp8_block,0.13090660400390625,silicon,-99.85999831834923,-92.0036428316851,-20.658817394839602,-1.0681650514614172,11.133696688999455,-11.835530708576075,-85.80898227633405,11.133696688999455
req1_equal_prefix_regular_b1_f8192_p10500,20260618_112632_prefill_stage1_req1_equal_prefix_regular_b1_f8192_p10500_b1_fvar8192_pvar10500_layers5_backend_auto_cg_off_pcg_off_tp1_marker_on_profile_nsys,decode,3,9,attn_mqa,auto,fa3,1,128,1,8192,10500,18692,[10500],[8192],[18692],False,91.375503,1.683402,0.164832,0.131872,13,per_token_group_quant_8bit_kernel,sm90_fp8_gemm_1d2d_impl,"[""attn_mqa"", ""kv_a_layernorm"", ""o_proj"", ""q_a_layernorm"", ""q_b_proj"", ""rotary_emb""]",0.116416,11,0.148384,0.943656,0.11641599999999999,11,query_wideep_generation_mla,fp8,fp8_block,0.13090660400390625,silicon,-99.85673774731077,-92.22368727113867,-20.581802074896718,-0.7320704896367259,12.447261548160252,-11.778490939787135,-86.12771984664897,12.447261548160265
req1_equal_prefix_regular_b1_f8192_p10500,20260618_112632_prefill_stage1_req1_equal_prefix_regular_b1_f8192_p10500_b1_fvar8192_pvar10500_layers5_backend_auto_cg_off_pcg_off_tp1_marker_on_profile_nsys,decode,4,10,attn_mqa,auto,fa3,1,128,1,8192,10500,18692,[10500],[8192],[18692],False,88.591211,1.772087,0.164961,0.132992,13,per_token_group_quant_8bit_kernel,sm90_fp8_gemm_1d2d_impl,"[""attn_mqa"", ""kv_a_layernorm"", ""o_proj"", ""q_a_layernorm"", ""q_b_proj"", ""rotary_emb""]",0.11801600000000001,11,0.149089,0.941956,0.11801600000000001,11,query_wideep_generation_mla,fp8,fp8_block,0.13090660400390625,silicon,-99.85223522454851,-92.61285681775747,-20.643907345429373,-1.5680612338289168,10.92275962912337,-12.195665673586753,-86.10268377674689,10.92275962912337
req1_equal_prefix_regular_b1_f8192_p32000,20260618_112919_prefill_stage1_req1_equal_prefix_regular_b1_f8192_p32000_b1_fvar8192_pvar32000_layers5_backend_auto_cg_off_pcg_off_tp1_marker_on_profile_nsys,prefill,0,1,attn_mha,auto,fa3,1,128,1,8192,32000,40192,[32000],[8192],[40192],True,35.564534,2.755962,35.27313,33.228071,13,per_token_group_quant_8bit_kernel,sm90_fp8_gemm_1d2d_impl,"[""attn_mha"", ""attn_mqa"", ""kv_a_layernorm"", ""kv_b_proj"", ""o_proj"", ""q_a_layernorm"", ""q_b_proj"", ""rotary_emb""]",32.955847,11,34.842473,1.244449,32.955847,11,query_wideep_context_mla,fp8,fp8_block,42.00454545921361,silicon,18.107959629707526,1424.133694848246,19.08369191850456,26.412831666375126,27.457035042108345,20.555580136959886,3275.3529039127848,27.457035042108345
req1_equal_prefix_regular_b1_f8192_p32000,20260618_112919_prefill_stage1_req1_equal_prefix_regular_b1_f8192_p32000_b1_fvar8192_pvar32000_layers5_backend_auto_cg_off_pcg_off_tp1_marker_on_profile_nsys,prefill,1,2,attn_mha,auto,fa3,1,128,1,8192,32000,40192,[32000],[8192],[40192],True,72.647023,2.086802,36.086475,34.840682,13,per_token_group_quant_8bit_kernel,sm90_fp8_gemm_1d2d_impl,"[""attn_mha"", ""attn_mqa"", ""kv_a_layernorm"", ""kv_b_proj"", ""o_proj"", ""q_a_layernorm"", ""q_b_proj"", ""rotary_emb""]",34.572106,11,35.815339,1.094235,34.572106,11,query_wideep_context_mla,fp8,fp8_block,42.00454545921361,silicon,-42.17994939832069,1912.866839269543,16.399691184061645,20.5617773475663,21.498370562712065,17.280881968515242,3738.713389647892,21.498370562712065
req1_equal_prefix_regular_b1_f8192_p32000,20260618_112919_prefill_stage1_req1_equal_prefix_regular_b1_f8192_p32000_b1_fvar8192_pvar32000_layers5_backend_auto_cg_off_pcg_off_tp1_marker_on_profile_nsys,prefill,2,3,attn_mha,auto,fa3,1,128,1,8192,32000,40192,[32000],[8192],[40192],True,109.980489,2.012571,35.277994,34.033737,13,per_token_group_quant_8bit_kernel,sm90_fp8_gemm_1d2d_impl,"[""attn_mha"", ""attn_mqa"", ""kv_a_layernorm"", ""kv_b_proj"", ""o_proj"", ""q_a_layernorm"", ""q_b_proj"", ""rotary_emb""]",33.742889000000005,11,34.98545,1.015676,33.742889000000005,11,query_wideep_context_mla,fp8,fp8_block,42.00454545921361,silicon,-61.8072752347795,1987.1087509068554,19.06727309725607,23.42031513969097,24.484140819162235,20.06289888857685,4035.6244963170943,24.484140819162235
req1_equal_prefix_regular_b1_f8192_p32000,20260618_112919_prefill_stage1_req1_equal_prefix_regular_b1_f8192_p32000_b1_fvar8192_pvar32000_layers5_backend_auto_cg_off_pcg_off_tp1_marker_on_profile_nsys,prefill,3,4,attn_mha,auto,fa3,1,128,1,8192,32000,40192,[32000],[8192],[40192],True,149.123787,2.031764,36.779692,35.529451,13,per_token_group_quant_8bit_kernel,sm90_fp8_gemm_1d2d_impl,"[""attn_mha"", ""attn_mqa"", ""kv_a_layernorm"", ""kv_b_proj"", ""o_proj"", ""q_a_layernorm"", ""q_b_proj"", ""rotary_emb""]",35.225097999999996,11,36.473931,1.050906,35.225097999999996,11,query_wideep_context_mla,fp8,fp8_block,42.00454545921361,silicon,-71.83243109349576,1967.3929383143716,14.205810802367818,18.2245834848774,19.246071250713385,15.163198228382921,3896.984074618816,19.246071250713385
req1_equal_prefix_regular_b1_f8192_p32000,20260618_112919_prefill_stage1_req1_equal_prefix_regular_b1_f8192_p32000_b1_fvar8192_pvar32000_layers5_backend_auto_cg_off_pcg_off_tp1_marker_on_profile_nsys,prefill,4,5,attn_mha,auto,fa3,1,128,1,8192,32000,40192,[32000],[8192],[40192],True,192.811093,2.150831,36.145355,34.892552,13,per_token_group_quant_8bit_kernel,sm90_fp8_gemm_1d2d_impl,"[""attn_mha"", ""attn_mqa"", ""kv_a_layernorm"", ""kv_b_proj"", ""o_proj"", ""q_a_layernorm"", ""q_b_proj"", ""rotary_emb""]",34.582279,11,35.832138,1.063067,34.582279,11,query_wideep_context_mla,fp8,fp8_block,42.00454545921361,silicon,-78.21466347933954,1852.944952867687,16.210078609585125,20.382554589912505,21.462629629509408,17.225897765892757,3851.2604059023197,21.462629629509408
req1_equal_prefix_regular_b1_f8192_p32000,20260618_112919_prefill_stage1_req1_equal_prefix_regular_b1_f8192_p32000_b1_fvar8192_pvar32000_layers5_backend_auto_cg_off_pcg_off_tp1_marker_on_profile_nsys,decode,0,6,attn_mqa,auto,fa3,1,128,1,8192,32000,40192,[32000],[8192],[40192],False,198.101004,2.177109,0.178849,0.147585,13,per_token_group_quant_8bit_kernel,sm90_fp8_gemm_1d2d_impl,"[""attn_mqa"", ""kv_a_layernorm"", ""o_proj"", ""q_a_layernorm"", ""q_b_proj"", ""rotary_emb""]",0.13248100000000002,11,0.162977,1.133442,0.13248100000000002,11,query_wideep_generation_mla,fp8,fp8_block,0.14586632080078124,silicon,-99.92636770240661,-93.2999991823661,-18.441634674624275,-1.1645351487066797,10.103577721168486,-10.498830632063893,-87.13067622332848,10.103577721168486
req1_equal_prefix_regular_b1_f8192_p32000,20260618_112919_prefill_stage1_req1_equal_prefix_regular_b1_f8192_p32000_b1_fvar8192_pvar32000_layers5_backend_auto_cg_off_pcg_off_tp1_marker_on_profile_nsys,decode,1,7,attn_mqa,auto,fa3,1,128,1,8192,32000,40192,[32000],[8192],[40192],False,195.354509,1.838664,0.179296,0.147967,13,per_token_group_quant_8bit_kernel,sm90_fp8_gemm_1d2d_impl,"[""attn_mqa"", ""kv_a_layernorm"", ""o_proj"", ""q_a_layernorm"", ""q_b_proj"", ""rotary_emb""]",0.132832,11,0.163104,1.024601,0.132832,11,query_wideep_generation_mla,fp8,fp8_block,0.14586632080078124,silicon,-99.92533250368908,-92.06672231572591,-18.64496653534868,-1.4196943907889914,9.81263611236843,-10.568520207486486,-85.76359765403497,9.81263611236843
req1_equal_prefix_regular_b1_f8192_p32000,20260618_112919_prefill_stage1_req1_equal_prefix_regular_b1_f8192_p32000_b1_fvar8192_pvar32000_layers5_backend_auto_cg_off_pcg_off_tp1_marker_on_profile_nsys,decode,2,8,attn_mqa,auto,fa3,1,128,1,8192,32000,40192,[32000],[8192],[40192],False,192.984089,1.819115,0.179008,0.14672,13,per_token_group_quant_8bit_kernel,sm90_fp8_gemm_1d2d_impl,"[""attn_mqa"", ""kv_a_layernorm"", ""o_proj"", ""q_a_layernorm"", ""q_b_proj"", ""rotary_emb""]",0.13168,11,0.162016,1.025218,0.13168,11,query_wideep_generation_mla,fp8,fp8_block,0.14586632080078124,silicon,-99.9244153642113,-91.981467867574,-18.514077135780948,-0.581842420405363,10.77332989123728,-9.967953288081889,-85.77216545156433,10.77332989123728
req1_equal_prefix_regular_b1_f8192_p32000,20260618_112919_prefill_stage1_req1_equal_prefix_regular_b1_f8192_p32000_b1_fvar8192_pvar32000_layers5_backend_auto_cg_off_pcg_off_tp1_marker_on_profile_nsys,decode,3,9,attn_mqa,auto,fa3,1,128,1,8192,32000,40192,[32000],[8192],[40192],False,190.635522,1.749967,0.17776,0.147648,13,per_token_group_quant_8bit_kernel,sm90_fp8_gemm_1d2d_impl,"[""attn_mqa"", ""kv_a_layernorm"", ""o_proj"", ""q_a_layernorm"", ""q_b_proj"", ""rotary_emb""]",0.132416,11,0.161664,0.975998,0.132416,11,query_wideep_generation_mla,fp8,fp8_block,0.14586632080078124,silicon,-99.92348418633081,-91.66462448715997,-17.941988748435396,-1.2067073033287012,10.157625061005644,-9.771921515747946,-85.0546496201036,10.157625061005644
req1_equal_prefix_regular_b1_f8192_p32000,20260618_112919_prefill_stage1_req1_equal_prefix_regular_b1_f8192_p32000_b1_fvar8192_pvar32000_layers5_backend_auto_cg_off_pcg_off_tp1_marker_on_profile_nsys,decode,4,10,attn_mqa,auto,fa3,1,128,1,8192,32000,40192,[32000],[8192],[40192],False,187.656797,2.029853,0.178432,0.147744,13,per_token_group_quant_8bit_kernel,sm90_fp8_gemm_1d2d_impl,"[""attn_mqa"", ""kv_a_layernorm"", ""o_proj"", ""q_a_layernorm"", ""q_b_proj"", ""rotary_emb""]",0.13232,11,0.162112,1.080098,0.13232,11,query_wideep_generation_mla,fp8,fp8_block,0.14586632080078124,silicon,-99.92226963097916,-92.8139465862414,-18.251030756377087,-1.270900475971103,10.23754594980445,-10.02126875198552,-86.49508463113706,10.23754594980445
req1_equal_prefix_regular_b1_f8192_p4096,20260618_112136_prefill_stage1_req1_equal_prefix_regular_b1_f8192_p4096_b1_fvar8192_pvar4096_layers5_backend_auto_cg_off_pcg_off_tp1_marker_on_profile_nsys,prefill,0,1,attn_mha,auto,fa3,1,128,1,8192,4096,12288,[4096],[8192],[12288],True,11.14223,3.005699,10.835455,9.395999,13,per_token_group_quant_8bit_kernel,sm90_fp8_gemm_1d2d_impl,"[""attn_mha"", ""attn_mqa"", ""kv_a_layernorm"", ""kv_b_proj"", ""o_proj"", ""q_a_layernorm"", ""q_b_proj"", ""rotary_emb""]",9.122751,11,10.389407,1.358588,9.122751,11,query_wideep_context_mla,fp8,fp8_block,11.005445004383093,silicon,-1.2276267463237316,266.1525989256773,1.5688312524309622,17.12905678665029,20.63734946161628,5.929481869206708,710.0649353875564,20.63734946161628
req1_equal_prefix_regular_b1_f8192_p4096,20260618_112136_prefill_stage1_req1_equal_prefix_regular_b1_f8192_p4096_b1_fvar8192_pvar4096_layers5_backend_auto_cg_off_pcg_off_tp1_marker_on_profile_nsys,prefill,1,2,attn_mha,auto,fa3,1,128,1,8192,4096,12288,[4096],[8192],[12288],True,21.540072,2.391685,9.831615,9.417183,13,per_token_group_quant_8bit_kernel,sm90_fp8_gemm_1d2d_impl,"[""attn_mha"", ""attn_mqa"", ""kv_a_layernorm"", ""kv_b_proj"", ""o_proj"", ""q_a_layernorm"", ""q_b_proj"", ""rotary_emb""]",9.148671,11,9.561343,1.23916,9.148671,11,query_wideep_context_mla,fp8,fp8_block,11.005445004383093,silicon,-48.90711133935349,360.15445196098534,11.939340631046818,16.86557439080342,20.295559916659947,15.103547737834443,788.1375290021541,20.295559916659947
req1_equal_prefix_regular_b1_f8192_p4096,20260618_112136_prefill_stage1_req1_equal_prefix_regular_b1_f8192_p4096_b1_fvar8192_pvar4096_layers5_backend_auto_cg_off_pcg_off_tp1_marker_on_profile_nsys,prefill,2,3,attn_mha,auto,fa3,1,128,1,8192,4096,12288,[4096],[8192],[12288],True,32.569022,2.352511,9.802974,9.38595,13,per_token_group_quant_8bit_kernel,sm90_fp8_gemm_1d2d_impl,"[""attn_mha"", ""attn_mqa"", ""kv_a_layernorm"", ""kv_b_proj"", ""o_proj"", ""q_a_layernorm"", ""q_b_proj"", ""rotary_emb""]",9.120798,11,9.53587,1.23029,9.120798,11,query_wideep_context_mla,fp8,fp8_block,11.005445004383093,silicon,-66.20885636546565,367.8169413185781,12.266389815816018,17.254460170607064,20.663181054805648,15.41102179856787,794.5407183983525,20.663181054805648
req1_equal_prefix_regular_b1_f8192_p4096,20260618_112136_prefill_stage1_req1_equal_prefix_regular_b1_f8192_p4096_b1_fvar8192_pvar4096_layers5_backend_auto_cg_off_pcg_off_tp1_marker_on_profile_nsys,prefill,3,4,attn_mha,auto,fa3,1,128,1,8192,4096,12288,[4096],[8192],[12288],True,43.644558,2.299658,9.82435,9.407774,13,per_token_group_quant_8bit_kernel,sm90_fp8_gemm_1d2d_impl,"[""attn_mha"", ""attn_mqa"", ""kv_a_layernorm"", ""kv_b_proj"", ""o_proj"", ""q_a_layernorm"", ""q_b_proj"", ""rotary_emb""]",9.14131,11,9.55507,1.205841,9.14131,11,query_wideep_context_mla,fp8,fp8_block,11.005445004383093,silicon,-74.78392379553233,378.56876998158396,12.022118556271835,16.98245519485367,20.392427391512726,15.17911437993748,812.6779570758578,20.392427391512726
req1_equal_prefix_regular_b1_f8192_p4096,20260618_112136_prefill_stage1_req1_equal_prefix_regular_b1_f8192_p4096_b1_fvar8192_pvar4096_layers5_backend_auto_cg_off_pcg_off_tp1_marker_on_profile_nsys,prefill,4,5,attn_mha,auto,fa3,1,128,1,8192,4096,12288,[4096],[8192],[12288],True,60.334934,2.477036,10.202686,9.788062,13,per_token_group_quant_8bit_kernel,sm90_fp8_gemm_1d2d_impl,"[""attn_mha"", ""attn_mqa"", ""kv_a_layernorm"", ""kv_b_proj"", ""o_proj"", ""q_a_layernorm"", ""q_b_proj"", ""rotary_emb""]",9.520862000000001,11,9.933406,1.301733,9.520862000000001,11,query_wideep_context_mla,fp8,fp8_block,11.005445004383093,silicon,-81.75941486173981,344.2989526346445,7.868114380694388,12.437426370849437,15.592947407315553,10.792260020209515,745.4456485610408,15.592947407315553
req1_equal_prefix_regular_b1_f8192_p4096,20260618_112136_prefill_stage1_req1_equal_prefix_regular_b1_f8192_p4096_b1_fvar8192_pvar4096_layers5_backend_auto_cg_off_pcg_off_tp1_marker_on_profile_nsys,decode,0,6,attn_mqa,auto,fa3,1,128,1,8192,4096,12288,[4096],[8192],[12288],False,64.712613,2.351989,0.157504,0.125472,13,per_token_group_quant_8bit_kernel,sm90_fp8_gemm_1d2d_impl,"[""attn_mqa"", ""kv_a_layernorm"", ""o_proj"", ""q_a_layernorm"", ""q_b_proj"", ""rotary_emb""]",0.110528,11,0.14128,1.270243,0.110528,11,query_wideep_generation_mla,fp8,fp8_block,0.12645069580078125,silicon,-99.80459652309082,-94.62366976202775,-19.715882897716096,0.7800113178886512,14.406029061216385,-10.496393119492314,-90.04515704469294,14.406029061216385
req1_equal_prefix_regular_b1_f8192_p4096,20260618_112136_prefill_stage1_req1_equal_prefix_regular_b1_f8192_p4096_b1_fvar8192_pvar4096_layers5_backend_auto_cg_off_pcg_off_tp1_marker_on_profile_nsys,decode,1,7,attn_mqa,auto,fa3,1,128,1,8192,4096,12288,[4096],[8192],[12288],False,61.60611,2.08197,0.158816,0.126496,13,per_token_group_quant_8bit_kernel,sm90_fp8_gemm_1d2d_impl,"[""attn_mqa"", ""kv_a_layernorm"", ""o_proj"", ""q_a_layernorm"", ""q_b_proj"", ""rotary_emb""]",0.110464,11,0.141536,1.163734,0.110464,11,query_wideep_generation_mla,fp8,fp8_block,0.12645069580078125,silicon,-99.79474325549725,-93.92639203250857,-20.379120617078105,-0.03581472870189462,14.472312971448837,-10.658280719547498,-89.1340550503138,14.472312971448837
req1_equal_prefix_regular_b1_f8192_p4096,20260618_112136_prefill_stage1_req1_equal_prefix_regular_b1_f8192_p4096_b1_fvar8192_pvar4096_layers5_backend_auto_cg_off_pcg_off_tp1_marker_on_profile_nsys,decode,2,8,attn_mqa,auto,fa3,1,128,1,8192,4096,12288,[4096],[8192],[12288],False,58.779731,2.015247,0.155744,0.125088,13,per_token_group_quant_8bit_kernel,sm90_fp8_gemm_1d2d_impl,"[""attn_mqa"", ""kv_a_layernorm"", ""o_proj"", ""q_a_layernorm"", ""q_b_proj"", ""rotary_emb""]",0.10880000000000001,11,0.13856,1.129531,0.10880000000000001,11,query_wideep_generation_mla,fp8,fp8_block,0.12645069580078125,silicon,-99.78487363985931,-93.72530038249499,-18.808624537201272,1.0893897102689658,16.22306599336511,-8.73939390821214,-88.80502652864054,16.22306599336511
req1_equal_prefix_regular_b1_f8192_p4096,20260618_112136_prefill_stage1_req1_equal_prefix_regular_b1_f8192_p4096_b1_fvar8192_pvar4096_layers5_backend_auto_cg_off_pcg_off_tp1_marker_on_profile_nsys,decode,3,9,attn_mqa,auto,fa3,1,128,1,8192,4096,12288,[4096],[8192],[12288],False,56.115865,1.918921,0.155072,0.123072,13,per_token_group_quant_8bit_kernel,sm90_fp8_gemm_1d2d_impl,"[""attn_mqa"", ""kv_a_layernorm"", ""o_proj"", ""q_a_layernorm"", ""q_b_proj"", ""rotary_emb""]",0.107488,11,0.137408,1.0604040000000001,0.107488,11,query_wideep_generation_mla,fp8,fp8_block,0.12645069580078125,silicon,-99.774661415625,-93.41032299918646,-18.456784073990626,2.7453001501407694,17.64168632850295,-7.97428402947336,-88.07523398621834,17.64168632850295
req1_equal_prefix_regular_b1_f8192_p4096,20260618_112136_prefill_stage1_req1_equal_prefix_regular_b1_f8192_p4096_b1_fvar8192_pvar4096_layers5_backend_auto_cg_off_pcg_off_tp1_marker_on_profile_nsys,decode,4,10,attn_mqa,auto,fa3,1,128,1,8192,4096,12288,[4096],[8192],[12288],False,52.939922,1.96094,0.159616,0.127199,13,per_token_group_quant_8bit_kernel,sm90_fp8_gemm_1d2d_impl,"[""attn_mqa"", ""kv_a_layernorm"", ""o_proj"", ""q_a_layernorm"", ""q_b_proj"", ""rotary_emb""]",0.110815,11,0.142208,1.047034,0.110815,11,query_wideep_generation_mla,fp8,fp8_block,0.12645069580078125,silicon,-99.76114302586093,-93.55152652295425,-20.778182763143267,-0.5882940897481567,14.109728647548843,-11.080462561331817,-87.92296183306547,14.109728647548843
req1_equal_prefix_regular_b1_f8192_p8192,20260618_112409_prefill_stage1_req1_equal_prefix_regular_b1_f8192_p8192_b1_fvar8192_pvar8192_layers5_backend_auto_cg_off_pcg_off_tp1_marker_on_profile_nsys,prefill,0,1,attn_mha,auto,fa3,1,128,1,8192,8192,16384,[8192],[8192],[16384],True,14.379625,2.50118,14.124639,12.859327,13,per_token_group_quant_8bit_kernel,sm90_fp8_gemm_1d2d_impl,"[""attn_mha"", ""attn_mqa"", ""kv_a_layernorm"", ""kv_b_proj"", ""o_proj"", ""q_a_layernorm"", ""q_b_proj"", ""rotary_emb""]",12.587166999999999,11,13.719295,1.150768,12.587166999999999,11,query_wideep_context_mla,fp8,fp8_block,15.246075,silicon,6.025539608995357,509.55528990316566,7.939572827312608,18.56044254882078,21.12395902906508,11.128705957558305,1224.860875519653,21.12395902906508
req1_equal_prefix_regular_b1_f8192_p8192,20260618_112409_prefill_stage1_req1_equal_prefix_regular_b1_f8192_p8192_b1_fvar8192_pvar8192_layers5_backend_auto_cg_off_pcg_off_tp1_marker_on_profile_nsys,prefill,1,2,attn_mha,auto,fa3,1,128,1,8192,8192,16384,[8192],[8192],[16384],True,29.034087,1.977916,13.412831,12.875551,13,per_token_group_quant_8bit_kernel,sm90_fp8_gemm_1d2d_impl,"[""attn_mha"", ""attn_mqa"", ""kv_a_layernorm"", ""kv_b_proj"", ""o_proj"", ""q_a_layernorm"", ""q_b_proj"", ""rotary_emb""]",12.609983,11,13.145759,1.039158,12.609983,11,query_wideep_context_mla,fp8,fp8_block,15.246075,silicon,-47.489049681500234,670.8150902262785,13.667837908343127,18.411048971807105,20.904802171422435,15.977137569614651,1367.1565825408647,20.904802171422435
req1_equal_prefix_regular_b1_f8192_p8192,20260618_112409_prefill_stage1_req1_equal_prefix_regular_b1_f8192_p8192_b1_fvar8192_pvar8192_layers5_backend_auto_cg_off_pcg_off_tp1_marker_on_profile_nsys,prefill,2,3,attn_mha,auto,fa3,1,128,1,8192,8192,16384,[8192],[8192],[16384],True,44.34623,1.89988,13.520895,12.984607,13,per_token_group_quant_8bit_kernel,sm90_fp8_gemm_1d2d_impl,"[""attn_mha"", ""attn_mqa"", ""kv_a_layernorm"", ""kv_b_proj"", ""o_proj"", ""q_a_layernorm"", ""q_b_proj"", ""rotary_emb""]",12.718687,11,13.253247,0.996095,12.718687000000001,11,query_wideep_context_mla,fp8,fp8_block,15.246075,silicon,-65.6203582581879,702.4756826746952,12.759362453447054,17.41653020380208,19.871453712163845,15.036526520633014,1430.5844322077712,19.871453712163827
req1_equal_prefix_regular_b1_f8192_p8192,20260618_112409_prefill_stage1_req1_equal_prefix_regular_b1_f8192_p8192_b1_fvar8192_pvar8192_layers5_backend_auto_cg_off_pcg_off_tp1_marker_on_profile_nsys,prefill,3,4,attn_mha,auto,fa3,1,128,1,8192,8192,16384,[8192],[8192],[16384],True,59.971192,1.900625,13.530943,12.992703,13,per_token_group_quant_8bit_kernel,sm90_fp8_gemm_1d2d_impl,"[""attn_mha"", ""attn_mqa"", ""kv_a_layernorm"", ""kv_b_proj"", ""o_proj"", ""q_a_layernorm"", ""q_b_proj"", ""rotary_emb""]",12.710271,11,13.246911,0.993936,12.710271,11,query_wideep_context_mla,fp8,fp8_block,15.246075,silicon,-74.57766889142374,702.1611312068399,12.675628003162814,17.34336573382766,19.95082559608681,15.091548512706082,1433.9091249335972,19.95082559608681
req1_equal_prefix_regular_b1_f8192_p8192,20260618_112409_prefill_stage1_req1_equal_prefix_regular_b1_f8192_p8192_b1_fvar8192_pvar8192_layers5_backend_auto_cg_off_pcg_off_tp1_marker_on_profile_nsys,prefill,4,5,attn_mha,auto,fa3,1,128,1,8192,8192,16384,[8192],[8192],[16384],True,81.595948,2.009505,14.294943,13.756383,13,per_token_group_quant_8bit_kernel,sm90_fp8_gemm_1d2d_impl,"[""attn_mha"", ""attn_mqa"", ""kv_a_layernorm"", ""kv_b_proj"", ""o_proj"", ""q_a_layernorm"", ""q_b_proj"", ""rotary_emb""]",13.474174999999999,11,14.010879,1.039376,13.474175,11,query_wideep_context_mla,fp8,fp8_block,15.246075,silicon,-81.31515672812576,658.6980375764181,6.65362569126718,10.829096572841856,13.15034130104441,8.815977926866688,1366.8488593155892,13.150341301044394
req1_equal_prefix_regular_b1_f8192_p8192,20260618_112409_prefill_stage1_req1_equal_prefix_regular_b1_f8192_p8192_b1_fvar8192_pvar8192_layers5_backend_auto_cg_off_pcg_off_tp1_marker_on_profile_nsys,decode,0,6,attn_mqa,auto,fa3,1,128,1,8192,8192,16384,[8192],[8192],[16384],False,87.254038,1.901735,0.159552,0.129759,13,per_token_group_quant_8bit_kernel,sm90_fp8_gemm_1d2d_impl,"[""attn_mqa"", ""kv_a_layernorm"", ""o_proj"", ""q_a_layernorm"", ""q_b_proj"", ""rotary_emb""]",0.114719,11,0.14368,1.010146,0.114719,11,query_wideep_generation_mla,fp8,fp8_block,0.12930069580078124,silicon,-99.85181121840942,-93.2009088647587,-18.960153554464224,-0.35319646361236834,12.710794027825589,-10.007867621950698,-87.19980123657558,12.710794027825589
req1_equal_prefix_regular_b1_f8192_p8192,20260618_112409_prefill_stage1_req1_equal_prefix_regular_b1_f8192_p8192_b1_fvar8192_pvar8192_layers5_backend_auto_cg_off_pcg_off_tp1_marker_on_profile_nsys,decode,1,7,attn_mqa,auto,fa3,1,128,1,8192,8192,16384,[8192],[8192],[16384],False,84.775608,1.667483,0.160256,0.12976,13,per_token_group_quant_8bit_kernel,sm90_fp8_gemm_1d2d_impl,"[""attn_mqa"", ""kv_a_layernorm"", ""o_proj"", ""q_a_layernorm"", ""q_b_proj"", ""rotary_emb""]",0.11232,11,0.141952,0.903554,0.11232,11,query_wideep_generation_mla,fp8,fp8_block,0.12930069580078124,silicon,-99.84747889298443,-92.24575628052692,-19.31615926968024,-0.35396439520556905,15.118140848273892,-8.912381790477594,-85.68976554796048,15.118140848273892
req1_equal_prefix_regular_b1_f8192_p8192,20260618_112409_prefill_stage1_req1_equal_prefix_regular_b1_f8192_p8192_b1_fvar8192_pvar8192_layers5_backend_auto_cg_off_pcg_off_tp1_marker_on_profile_nsys,decode,2,8,attn_mqa,auto,fa3,1,128,1,8192,8192,16384,[8192],[8192],[16384],False,82.627764,1.710216,0.160192,0.13008,13,per_token_group_quant_8bit_kernel,sm90_fp8_gemm_1d2d_impl,"[""attn_mqa"", ""kv_a_layernorm"", ""o_proj"", ""q_a_layernorm"", ""q_b_proj"", ""rotary_emb""]",0.11452799999999999,11,0.14368,0.941929,0.11452799999999999,11,query_wideep_generation_mla,fp8,fp8_block,0.12930069580078124,silicon,-99.84351422628262,-92.4395108102847,-19.28392441521347,-0.5990960941103637,12.898763447175583,-10.007867621950698,-86.27277684403164,12.898763447175583
req1_equal_prefix_regular_b1_f8192_p8192,20260618_112409_prefill_stage1_req1_equal_prefix_regular_b1_f8192_p8192_b1_fvar8192_pvar8192_layers5_backend_auto_cg_off_pcg_off_tp1_marker_on_profile_nsys,decode,3,9,attn_mqa,auto,fa3,1,128,1,8192,8192,16384,[8192],[8192],[16384],False,80.410523,1.656325,0.15984,0.12912,13,per_token_group_quant_8bit_kernel,sm90_fp8_gemm_1d2d_impl,"[""attn_mqa"", ""kv_a_layernorm"", ""o_proj"", ""q_a_layernorm"", ""q_b_proj"", ""rotary_emb""]",0.11433600000000001,11,0.143168,0.906209,0.11433600000000001,11,query_wideep_generation_mla,fp8,fp8_block,0.12930069580078124,silicon,-99.83919928514732,-92.19351903758131,-19.106171295807535,0.13994408362858396,13.088349951704828,-9.686036124845462,-85.73169149712912,13.088349951704828
req1_equal_prefix_regular_b1_f8192_p8192,20260618_112409_prefill_stage1_req1_equal_prefix_regular_b1_f8192_p8192_b1_fvar8192_pvar8192_layers5_backend_auto_cg_off_pcg_off_tp1_marker_on_profile_nsys,decode,4,10,attn_mqa,auto,fa3,1,128,1,8192,8192,16384,[8192],[8192],[16384],False,77.651814,1.808664,0.159552,0.1288,13,per_token_group_quant_8bit_kernel,sm90_fp8_gemm_1d2d_impl,"[""attn_mqa"", ""kv_a_layernorm"", ""o_proj"", ""q_a_layernorm"", ""q_b_proj"", ""rotary_emb""]",0.1136,11,0.143488,0.9822599999999999,0.1136,11,query_wideep_generation_mla,fp8,fp8_block,0.12930069580078124,silicon,-99.8334865740538,-92.85103834649325,-18.960153554464224,0.38873897576183414,13.821035035898973,-9.887449960427885,-86.83640830322102,13.821035035898973
req1_equal_prefix_regular_b2_f4096_p4096,20260618_111354_prefill_stage1_req1_equal_prefix_regular_b2_f4096_p4096_b2_fvar4096-4096_pvar4096-4096_layers5_backend_auto_cg_off_pcg_off_tp1_marker_on_profile_nsys,prefill,0,1,attn_mha,auto,fa3,1,128,2,4096,4096,8192,"[4096, 4096]","[4096, 4096]","[8192, 8192]",True,9.606919,2.756579,9.2999,7.930941,13,per_token_group_quant_8bit_kernel,sm90_fp8_gemm_1d2d_impl,"[""attn_mha"", ""attn_mqa"", ""kv_a_layernorm"", ""kv_b_proj"", ""o_proj"", ""q_a_layernorm"", ""q_b_proj"", ""rotary_emb""]",7.656285,11,8.8695,1.246058,7.6562850000000005,11,query_wideep_context_mla,fp8,fp8_block,9.8025,silicon,2.0358347978160394,255.60381182618022,5.404359186657933,23.598195976996937,28.03206777177183,10.519194994080836,686.6808768131178,28.032067771771814
req1_equal_prefix_regular_b2_f4096_p4096,20260618_111354_prefill_stage1_req1_equal_prefix_regular_b2_f4096_p4096_b2_fvar4096-4096_pvar4096-4096_layers5_backend_auto_cg_off_pcg_off_tp1_marker_on_profile_nsys,prefill,1,2,attn_mha,auto,fa3,1,128,2,4096,4096,8192,"[4096, 4096]","[4096, 4096]","[8192, 8192]",True,19.100435,2.103024,8.530685,7.988254,13,per_token_group_quant_8bit_kernel,sm90_fp8_gemm_1d2d_impl,"[""attn_mha"", ""attn_mqa"", ""kv_a_layernorm"", ""kv_b_proj"", ""o_proj"", ""q_a_layernorm"", ""q_b_proj"", ""rotary_emb""]",7.71955,11,8.258589,1.080986,7.71955,11,query_wideep_context_mla,fp8,fp8_block,9.8025,silicon,-48.67917929617833,366.1145093921896,14.908708972374434,22.711421043947773,26.982790447629725,18.694609938816416,806.8110040278043,26.982790447629725
req1_equal_prefix_regular_b2_f4096_p4096,20260618_111354_prefill_stage1_req1_equal_prefix_regular_b2_f4096_p4096_b2_fvar4096-4096_pvar4096-4096_layers5_backend_auto_cg_off_pcg_off_tp1_marker_on_profile_nsys,prefill,2,3,attn_mha,auto,fa3,1,128,2,4096,4096,8192,"[4096, 4096]","[4096, 4096]","[8192, 8192]",True,29.226748,2.078752,8.462237,7.921085,13,per_token_group_quant_8bit_kernel,sm90_fp8_gemm_1d2d_impl,"[""attn_mha"", ""attn_mqa"", ""kv_a_layernorm"", ""kv_b_proj"", ""o_proj"", ""q_a_layernorm"", ""q_b_proj"", ""rotary_emb""]",7.652861,11,8.190845,1.113372,7.652861,11,query_wideep_context_mla,fp8,fp8_block,9.8025,silicon,-66.4605176053114,371.55697264512554,15.838164305726727,23.751985996867862,28.089351158997932,19.676297134178476,780.4334939265583,28.089351158997932
req1_equal_prefix_regular_b2_f4096_p4096,20260618_111354_prefill_stage1_req1_equal_prefix_regular_b2_f4096_p4096_b2_fvar4096-4096_pvar4096-4096_layers5_backend_auto_cg_off_pcg_off_tp1_marker_on_profile_nsys,prefill,3,4,attn_mha,auto,fa3,1,128,2,4096,4096,8192,"[4096, 4096]","[4096, 4096]","[8192, 8192]",True,39.397187,2.09778,8.49638,7.954749,13,per_token_group_quant_8bit_kernel,sm90_fp8_gemm_1d2d_impl,"[""attn_mha"", ""attn_mqa"", ""kv_a_layernorm"", ""kv_b_proj"", ""o_proj"", ""q_a_layernorm"", ""q_b_proj"", ""rotary_emb""]",7.685757000000001,11,8.225884,1.112673,7.685757000000001,11,query_wideep_context_mla,fp8,fp8_block,9.8025,silicon,-75.11878195770677,367.2796956782884,15.372664593626931,23.228275335903128,27.54111273619501,19.166523622263572,780.9865971403998,27.54111273619501
req1_equal_prefix_regular_b2_f4096_p4096,20260618_111354_prefill_stage1_req1_equal_prefix_regular_b2_f4096_p4096_b2_fvar4096-4096_pvar4096-4096_layers5_backend_auto_cg_off_pcg_off_tp1_marker_on_profile_nsys,prefill,4,5,attn_mha,auto,fa3,1,128,2,4096,4096,8192,"[4096, 4096]","[4096, 4096]","[8192, 8192]",True,55.06361,2.201597,8.699229,8.160862,13,per_token_group_quant_8bit_kernel,sm90_fp8_gemm_1d2d_impl,"[""attn_mha"", ""attn_mqa"", ""kv_a_layernorm"", ""kv_b_proj"", ""o_proj"", ""q_a_layernorm"", ""q_b_proj"", ""rotary_emb""]",7.87411,11,8.409565,1.126282,7.87411,11,query_wideep_context_mla,fp8,fp8_block,9.8025,silicon,-82.19786170939392,345.2449744435517,12.682399785084394,20.11598774737277,24.49025985158958,16.563698597965526,770.3415308066719,24.49025985158958
req1_equal_prefix_regular_b2_f4096_p4096,20260618_111354_prefill_stage1_req1_equal_prefix_regular_b2_f4096_p4096_b2_fvar4096-4096_pvar4096-4096_layers5_backend_auto_cg_off_pcg_off_tp1_marker_on_profile_nsys,decode,0,6,attn_mqa,auto,fa3,1,128,2,4096,4096,8192,"[4096, 4096]","[4096, 4096]","[8192, 8192]",False,59.811579,2.244182,0.160352,0.127359,13,per_token_group_quant_8bit_kernel,sm90_fp8_gemm_1d2d_impl,"[""attn_mqa"", ""kv_a_layernorm"", ""o_proj"", ""q_a_layernorm"", ""q_b_proj"", ""rotary_emb""]",0.110655,11,0.142816,1.16405,0.110655,11,query_wideep_generation_mla,fp8,fp8_block,0.12770111083984376,silicon,-99.78649433274475,-94.3096811738155,-20.362009304627467,0.2686192886594247,15.404736197951971,-10.58347045159943,-89.02958542675626,15.404736197951971
req1_equal_prefix_regular_b2_f4096_p4096,20260618_111354_prefill_stage1_req1_equal_prefix_regular_b2_f4096_p4096_b2_fvar4096-4096_pvar4096-4096_layers5_backend_auto_cg_off_pcg_off_tp1_marker_on_profile_nsys,decode,1,7,attn_mqa,auto,fa3,1,128,2,4096,4096,8192,"[4096, 4096]","[4096, 4096]","[8192, 8192]",False,56.950559,1.886425,0.157568,0.128032,13,per_token_group_quant_8bit_kernel,sm90_fp8_gemm_1d2d_impl,"[""attn_mqa"", ""kv_a_layernorm"", ""o_proj"", ""q_a_layernorm"", ""q_b_proj"", ""rotary_emb""]",0.110912,11,0.139136,1.052549,0.110912,11,query_wideep_generation_mla,fp8,fp8_block,0.12770111083984376,silicon,-99.77576846815526,-93.2305227697977,-18.954920516955383,-0.2584425457356366,15.137325843771423,-8.218497843948548,-87.86744267109239,15.137325843771423
req1_equal_prefix_regular_b2_f4096_p4096,20260618_111354_prefill_stage1_req1_equal_prefix_regular_b2_f4096_p4096_b2_fvar4096-4096_pvar4096-4096_layers5_backend_auto_cg_off_pcg_off_tp1_marker_on_profile_nsys,decode,2,8,attn_mqa,auto,fa3,1,128,2,4096,4096,8192,"[4096, 4096]","[4096, 4096]","[8192, 8192]",False,54.482861,1.8958,0.161344,0.1288,13,per_token_group_quant_8bit_kernel,sm90_fp8_gemm_1d2d_impl,"[""attn_mqa"", ""kv_a_layernorm"", ""o_proj"", ""q_a_layernorm"", ""q_b_proj"", ""rotary_emb""]",0.11241599999999999,11,0.14256,1.070909,0.112416,11,query_wideep_generation_mla,fp8,fp8_block,0.12770111083984376,silicon,-99.76561232560852,-93.2639987952398,-20.851651849561332,-0.8531748137859014,13.596917556080781,-10.422902048369975,-88.07544704173334,13.596917556080768
req1_equal_prefix_regular_b2_f4096_p4096,20260618_111354_prefill_stage1_req1_equal_prefix_regular_b2_f4096_p4096_b2_fvar4096-4096_pvar4096-4096_layers5_backend_auto_cg_off_pcg_off_tp1_marker_on_profile_nsys,decode,3,9,attn_mqa,auto,fa3,1,128,2,4096,4096,8192,"[4096, 4096]","[4096, 4096]","[8192, 8192]",False,51.965162,1.87628,0.159744,0.128895,13,per_token_group_quant_8bit_kernel,sm90_fp8_gemm_1d2d_impl,"[""attn_mqa"", ""kv_a_layernorm"", ""o_proj"", ""q_a_layernorm"", ""q_b_proj"", ""rotary_emb""]",0.111839,11,0.141472,1.034328,0.111839,11,query_wideep_generation_mla,fp8,fp8_block,0.12770111083984376,silicon,-99.75425630186653,-93.19392037223422,-20.058899965041718,-0.9262493969170664,14.182987007970175,-9.73400330818553,-87.65371228083897,14.182987007970175
req1_equal_prefix_regular_b2_f4096_p4096,20260618_111354_prefill_stage1_req1_equal_prefix_regular_b2_f4096_p4096_b2_fvar4096-4096_pvar4096-4096_layers5_backend_auto_cg_off_pcg_off_tp1_marker_on_profile_nsys,decode,4,10,attn_mqa,auto,fa3,1,128,2,4096,4096,8192,"[4096, 4096]","[4096, 4096]","[8192, 8192]",False,48.782968,2.104053,0.157664,0.127328,13,per_token_group_quant_8bit_kernel,sm90_fp8_gemm_1d2d_impl,"[""attn_mqa"", ""kv_a_layernorm"", ""o_proj"", ""q_a_layernorm"", ""q_b_proj"", ""rotary_emb""]",0.11132800000000001,11,0.14032,1.117062,0.111328,11,query_wideep_generation_mla,fp8,fp8_block,0.12770111083984376,silicon,-99.73822603241392,-93.93070845459484,-19.004268038459156,0.29303125773102534,14.707091513225553,-8.992936972745328,-88.56812685062746,14.707091513225567
req1_equal_prefix_regular_b4_f2048_p1024,20260618_111102_prefill_stage1_req1_equal_prefix_regular_b4_f2048_p1024_b4_fvar2048-2048-2048-2048_pvar1024-1024-1024-1024_layers5_backend_auto_cg_off_pcg_off_tp1_marker_on_profile_nsys,prefill,0,1,attn_mha,auto,fa3,1,128,4,2048,1024,3072,"[1024, 1024, 1024, 1024]","[2048, 2048, 2048, 2048]","[3072, 3072, 3072, 3072]",True,5.948934,2.592607,5.675806,4.495934,13,per_token_group_quant_8bit_kernel,sm90_fp8_gemm_1d2d_impl,"[""attn_mha"", ""attn_mqa"", ""kv_a_layernorm"", ""kv_b_proj"", ""o_proj"", ""q_a_layernorm"", ""q_b_proj"", ""rotary_emb""]",4.222302,11,5.26675,1.193701,4.222302,11,query_wideep_context_mla,fp8,fp8_block,6.082912188819449,silicon,2.2521377581168136,134.62530915096076,7.172658628914548,35.29807574620644,44.06625079919554,15.496505222755005,409.58424168359164,44.06625079919554
req1_equal_prefix_regular_b4_f2048_p1024,20260618_111102_prefill_stage1_req1_equal_prefix_regular_b4_f2048_p1024_b4_fvar2048-2048-2048-2048_pvar1024-1024-1024-1024_layers5_backend_auto_cg_off_pcg_off_tp1_marker_on_profile_nsys,prefill,1,2,attn_mha,auto,fa3,1,128,4,2048,1024,3072,"[1024, 1024, 1024, 1024]","[2048, 2048, 2048, 2048]","[3072, 3072, 3072, 3072]",True,12.01279,2.00125,4.892414,4.47395,13,per_token_group_quant_8bit_kernel,sm90_fp8_gemm_1d2d_impl,"[""attn_mha"", ""attn_mqa"", ""kv_a_layernorm"", ""kv_b_proj"", ""o_proj"", ""q_a_layernorm"", ""q_b_proj"", ""rotary_emb""]",4.206557999999999,11,4.621566,1.0596700000000001,4.206557999999999,11,query_wideep_context_mla,fp8,fp8_block,6.082912188819449,silicon,-49.36303565766613,203.9556371677426,24.33355371845984,35.962900542461334,44.60545150737135,31.620151888330707,474.03835050718135,44.60545150737135
req1_equal_prefix_regular_b4_f2048_p1024,20260618_111102_prefill_stage1_req1_equal_prefix_regular_b4_f2048_p1024_b4_fvar2048-2048-2048-2048_pvar1024-1024-1024-1024_layers5_backend_auto_cg_off_pcg_off_tp1_marker_on_profile_nsys,prefill,2,3,attn_mha,auto,fa3,1,128,4,2048,1024,3072,"[1024, 1024, 1024, 1024]","[2048, 2048, 2048, 2048]","[3072, 3072, 3072, 3072]",True,18.68912,1.962137,4.878334,4.462846,13,per_token_group_quant_8bit_kernel,sm90_fp8_gemm_1d2d_impl,"[""attn_mha"", ""attn_mqa"", ""kv_a_layernorm"", ""kv_b_proj"", ""o_proj"", ""q_a_layernorm"", ""q_b_proj"", ""rotary_emb""]",4.194558,11,4.607358,1.0163929999999999,4.194558,11,query_wideep_context_mla,fp8,fp8_block,6.082912188819449,silicon,-67.45212086593992,210.0146518219395,24.692409105638312,36.30118961800272,45.01914597007479,32.026037239117294,498.4803308188319,45.01914597007479
req1_equal_prefix_regular_b4_f2048_p1024,20260618_111102_prefill_stage1_req1_equal_prefix_regular_b4_f2048_p1024_b4_fvar2048-2048-2048-2048_pvar1024-1024-1024-1024_layers5_backend_auto_cg_off_pcg_off_tp1_marker_on_profile_nsys,prefill,3,4,attn_mha,auto,fa3,1,128,4,2048,1024,3072,"[1024, 1024, 1024, 1024]","[2048, 2048, 2048, 2048]","[3072, 3072, 3072, 3072]",True,25.472355,2.004355,4.951646,4.533342,13,per_token_group_quant_8bit_kernel,sm90_fp8_gemm_1d2d_impl,"[""attn_mha"", ""attn_mqa"", ""kv_a_layernorm"", ""kv_b_proj"", ""o_proj"", ""q_a_layernorm"", ""q_b_proj"", ""rotary_emb""]",4.266174,11,4.682846,1.021963,4.266174,11,query_wideep_context_mla,fp8,fp8_block,6.082912188819449,silicon,-76.11955318297248,203.48477135135488,22.846265440208146,34.18162999437168,42.58471850467067,29.897762788258458,495.21843636408073,42.58471850467067
req1_equal_prefix_regular_b4_f2048_p1024,20260618_111102_prefill_stage1_req1_equal_prefix_regular_b4_f2048_p1024_b4_fvar2048-2048-2048-2048_pvar1024-1024-1024-1024_layers5_backend_auto_cg_off_pcg_off_tp1_marker_on_profile_nsys,prefill,4,5,attn_mha,auto,fa3,1,128,4,2048,1024,3072,"[1024, 1024, 1024, 1024]","[2048, 2048, 2048, 2048]","[3072, 3072, 3072, 3072]",True,37.344347,2.177692,4.881694,4.465855,13,per_token_group_quant_8bit_kernel,sm90_fp8_gemm_1d2d_impl,"[""attn_mha"", ""attn_mqa"", ""kv_a_layernorm"", ""kv_b_proj"", ""o_proj"", ""q_a_layernorm"", ""q_b_proj"", ""rotary_emb""]",4.197663,11,4.610782,1.101776,4.197663,11,query_wideep_context_mla,fp8,fp8_block,6.082912188819449,silicon,-83.71129052324989,179.3283985439378,24.606585107945087,36.20935271788826,44.91187569891744,31.927993750722738,452.10062560987427,44.91187569891744
req1_equal_prefix_regular_b4_f2048_p1024,20260618_111102_prefill_stage1_req1_equal_prefix_regular_b4_f2048_p1024_b4_fvar2048-2048-2048-2048_pvar1024-1024-1024-1024_layers5_backend_auto_cg_off_pcg_off_tp1_marker_on_profile_nsys,decode,0,6,attn_mqa,auto,fa3,1,128,4,2048,1024,3072,"[1024, 1024, 1024, 1024]","[2048, 2048, 2048, 2048]","[3072, 3072, 3072, 3072]",False,42.319602,2.091182,0.151104,0.118848,13,per_token_group_quant_8bit_kernel,sm90_fp8_gemm_1d2d_impl,"[""attn_mqa"", ""kv_a_layernorm"", ""o_proj"", ""q_a_layernorm"", ""q_b_proj"", ""rotary_emb""]",0.104352,11,0.135744,1.116851,0.104352,11,query_wideep_generation_mla,fp8,fp8_block,0.124052392578125,silicon,-99.70686777116164,-94.06783376204821,-17.902641506429337,4.379032527366896,18.87878773586036,-8.612982836718382,-88.89266405472843,18.87878773586036
req1_equal_prefix_regular_b4_f2048_p1024,20260618_111102_prefill_stage1_req1_equal_prefix_regular_b4_f2048_p1024_b4_fvar2048-2048-2048-2048_pvar1024-1024-1024-1024_layers5_backend_auto_cg_off_pcg_off_tp1_marker_on_profile_nsys,decode,1,7,attn_mqa,auto,fa3,1,128,4,2048,1024,3072,"[1024, 1024, 1024, 1024]","[2048, 2048, 2048, 2048]","[3072, 3072, 3072, 3072]",False,39.636674,1.78561,0.149088,0.118976,13,per_token_group_quant_8bit_kernel,sm90_fp8_gemm_1d2d_impl,"[""attn_mqa"", ""kv_a_layernorm"", ""o_proj"", ""q_a_layernorm"", ""q_b_proj"", ""rotary_emb""]",0.104448,11,0.13376,0.985344,0.104448,11,query_wideep_generation_mla,fp8,fp8_block,0.124052392578125,silicon,-99.68702623086357,-93.052660290986,-16.792503368396513,4.26673663438425,18.769524144191372,-7.257481625205582,-87.41024529726421,18.769524144191372
req1_equal_prefix_regular_b4_f2048_p1024,20260618_111102_prefill_stage1_req1_equal_prefix_regular_b4_f2048_p1024_b4_fvar2048-2048-2048-2048_pvar1024-1024-1024-1024_layers5_backend_auto_cg_off_pcg_off_tp1_marker_on_profile_nsys,decode,2,8,attn_mqa,auto,fa3,1,128,4,2048,1024,3072,"[1024, 1024, 1024, 1024]","[2048, 2048, 2048, 2048]","[3072, 3072, 3072, 3072]",False,37.284178,1.778346,0.150144,0.118848,13,per_token_group_quant_8bit_kernel,sm90_fp8_gemm_1d2d_impl,"[""attn_mqa"", ""kv_a_layernorm"", ""o_proj"", ""q_a_layernorm"", ""q_b_proj"", ""rotary_emb""]",0.10422400000000001,11,0.133312,0.988146,0.10422400000000001,11,query_wideep_generation_mla,fp8,fp8_block,0.124052392578125,silicon,-99.66727872456214,-93.02428253117645,-17.377722334475568,4.379032527366896,19.024785632987594,-6.945816897109794,-87.44594497390821,19.024785632987594
req1_equal_prefix_regular_b4_f2048_p1024,20260618_111102_prefill_stage1_req1_equal_prefix_regular_b4_f2048_p1024_b4_fvar2048-2048-2048-2048_pvar1024-1024-1024-1024_layers5_backend_auto_cg_off_pcg_off_tp1_marker_on_profile_nsys,decode,3,9,attn_mqa,auto,fa3,1,128,4,2048,1024,3072,"[1024, 1024, 1024, 1024]","[2048, 2048, 2048, 2048]","[3072, 3072, 3072, 3072]",False,34.938826,1.773577,0.152896,0.12112,13,per_token_group_quant_8bit_kernel,sm90_fp8_gemm_1d2d_impl,"[""attn_mqa"", ""kv_a_layernorm"", ""o_proj"", ""q_a_layernorm"", ""q_b_proj"", ""rotary_emb""]",0.106432,11,0.137152,1.004715,0.106432,11,query_wideep_generation_mla,fp8,fp8_block,0.124052392578125,silicon,-99.64494401564001,-93.00552541118175,-18.864854163532726,2.421063885506108,16.55554023049929,-9.55116033442822,-87.65297695584071,16.55554023049929
req1_equal_prefix_regular_b4_f2048_p1024,20260618_111102_prefill_stage1_req1_equal_prefix_regular_b4_f2048_p1024_b4_fvar2048-2048-2048-2048_pvar1024-1024-1024-1024_layers5_backend_auto_cg_off_pcg_off_tp1_marker_on_profile_nsys,decode,4,10,attn_mqa,auto,fa3,1,128,4,2048,1024,3072,"[1024, 1024, 1024, 1024]","[2048, 2048, 2048, 2048]","[3072, 3072, 3072, 3072]",False,31.952453,1.942428,0.149312,0.120704,13,per_token_group_quant_8bit_kernel,sm90_fp8_gemm_1d2d_impl,"[""attn_mqa"", ""kv_a_layernorm"", ""o_proj"", ""q_a_layernorm"", ""q_b_proj"", ""rotary_emb""]",0.10624,11,0.13408,1.00727,0.10624,11,query_wideep_generation_mla,fp8,fp8_block,0.124052392578125,silicon,-99.61175940833674,-93.6135397256359,-16.917332446069302,2.7740527058962403,16.76618277308453,-7.478824151159756,-87.68429591091515,16.76618277308453
req1_equal_prefix_regular_b4_f512_p512,20260618_110830_prefill_stage1_req1_equal_prefix_regular_b4_f512_p512_b4_fvar512-512-512-512_pvar512-512-512-512_layers5_backend_auto_cg_off_pcg_off_tp1_marker_on_profile_nsys,prefill,0,1,attn_mha,auto,fa3,1,128,4,512,512,1024,"[512, 512, 512, 512]","[512, 512, 512, 512]","[1024, 1024, 1024, 1024]",True,2.886109,2.597749,2.615903,1.002207,13,per_token_group_quant_8bit_kernel,sm90_fp8_gemm_1d2d_impl,"[""attn_mha"", ""attn_mqa"", ""kv_a_layernorm"", ""kv_b_proj"", ""o_proj"", ""q_a_layernorm"", ""q_b_proj"", ""rotary_emb""]",0.928127,11,2.278623,1.21373,0.928127,11,query_wideep_context_mla,fp8,fp8_block,1.3115999999999999,silicon,-54.55473095437491,-49.510133581034964,-49.86052617394453,30.871167333694515,41.31686719597639,-42.43892034794699,8.063572623235803,41.31686719597639
req1_equal_prefix_regular_b4_f512_p512,20260618_110830_prefill_stage1_req1_equal_prefix_regular_b4_f512_p512_b4_fvar512-512-512-512_pvar512-512-512-512_layers5_backend_auto_cg_off_pcg_off_tp1_marker_on_profile_nsys,prefill,1,2,attn_mha,auto,fa3,1,128,4,512,512,1024,"[512, 512, 512, 512]","[512, 512, 512, 512]","[1024, 1024, 1024, 1024]",True,3.173929,2.884571,2.510622,1.008318,13,per_token_group_quant_8bit_kernel,sm90_fp8_gemm_1d2d_impl,"[""attn_mha"", ""attn_mqa"", ""kv_a_layernorm"", ""kv_b_proj"", ""o_proj"", ""q_a_layernorm"", ""q_b_proj"", ""rotary_emb""]",0.93507,11,2.435966,1.18405,0.93507,11,query_wideep_context_mla,fp8,fp8_block,1.3115999999999999,silicon,-58.675824191404416,-54.530500375965794,-47.75796595425357,30.078011103639906,40.26757355064326,-46.156883963076666,10.772349140661275,40.26757355064326
req1_equal_prefix_regular_b4_f512_p512,20260618_110830_prefill_stage1_req1_equal_prefix_regular_b4_f512_p512_b4_fvar512-512-512-512_pvar512-512-512-512_layers5_backend_auto_cg_off_pcg_off_tp1_marker_on_profile_nsys,prefill,2,3,attn_mha,auto,fa3,1,128,4,512,512,1024,"[512, 512, 512, 512]","[512, 512, 512, 512]","[1024, 1024, 1024, 1024]",True,2.422814,2.116959,1.759647,0.999584,13,per_token_group_quant_8bit_kernel,sm90_fp8_gemm_1d2d_impl,"[""attn_mha"", ""attn_mqa"", ""kv_a_layernorm"", ""kv_b_proj"", ""o_proj"", ""q_a_layernorm"", ""q_b_proj"", ""rotary_emb""]",0.9251199999999999,11,1.684159,1.112601,0.9251199999999999,11,query_wideep_context_mla,fp8,fp8_block,1.3115999999999999,silicon,-45.86460207015479,-38.04320253722439,-25.46232284088798,31.21458526747125,41.776202006226214,-22.121367400583917,17.885926760806427,41.776202006226214
req1_equal_prefix_regular_b4_f512_p512,20260618_110830_prefill_stage1_req1_equal_prefix_regular_b4_f512_p512_b4_fvar512-512-512-512_pvar512-512-512-512_layers5_backend_auto_cg_off_pcg_off_tp1_marker_on_profile_nsys,prefill,3,4,attn_mha,auto,fa3,1,128,4,512,512,1024,"[512, 512, 512, 512]","[512, 512, 512, 512]","[1024, 1024, 1024, 1024]",True,2.337965,2.024674,1.657824,0.997184,13,per_token_group_quant_8bit_kernel,sm90_fp8_gemm_1d2d_impl,"[""attn_mha"", ""attn_mqa"", ""kv_a_layernorm"", ""kv_b_proj"", ""o_proj"", ""q_a_layernorm"", ""q_b_proj"", ""rotary_emb""]",0.923424,11,1.582176,1.065488,0.923424,11,query_wideep_context_mla,fp8,fp8_block,1.3115999999999999,silicon,-43.89993006738767,-35.21920072070863,-20.88424344200591,31.53038957704896,42.03659424056553,-17.10151083065349,23.098523868875095,42.03659424056553
req1_equal_prefix_regular_b4_f512_p512,20260618_110830_prefill_stage1_req1_equal_prefix_regular_b4_f512_p512_b4_fvar512-512-512-512_pvar512-512-512-512_layers5_backend_auto_cg_off_pcg_off_tp1_marker_on_profile_nsys,prefill,4,5,attn_mha,auto,fa3,1,128,4,512,512,1024,"[512, 512, 512, 512]","[512, 512, 512, 512]","[1024, 1024, 1024, 1024]",True,3.179529,2.258545,1.1504,1.00016,13,per_token_group_quant_8bit_kernel,sm90_fp8_gemm_1d2d_impl,"[""attn_mha"", ""attn_mqa"", ""kv_a_layernorm"", ""kv_b_proj"", ""o_proj"", ""q_a_layernorm"", ""q_b_proj"", ""rotary_emb""]",0.9272320000000001,11,1.075232,1.132101,0.9272320000000001,11,query_wideep_context_mla,fp8,fp8_block,1.3115999999999999,silicon,-58.748607105014614,-41.927214202063716,14.012517385257281,31.13901775715885,41.45327167310876,21.982976697122105,15.855387461012741,41.45327167310876
req1_equal_prefix_regular_b4_f512_p512,20260618_110830_prefill_stage1_req1_equal_prefix_regular_b4_f512_p512_b4_fvar512-512-512-512_pvar512-512-512-512_layers5_backend_auto_cg_off_pcg_off_tp1_marker_on_profile_nsys,decode,0,6,attn_mqa,auto,fa3,1,128,4,512,512,1024,"[512, 512, 512, 512]","[512, 512, 512, 512]","[1024, 1024, 1024, 1024]",False,2.168221,2.168221,1.966207,0.116512,13,per_token_group_quant_8bit_kernel,sm90_fp8_gemm_1d2d_impl,"[""attn_mqa"", ""kv_a_layernorm"", ""o_proj"", ""q_a_layernorm"", ""q_b_proj"", ""rotary_emb""]",0.102176,11,1.601247,1.157655,0.102176,11,query_wideep_generation_mla,fp8,fp8_block,0.11770380859375,silicon,-94.57141091273677,-94.57141091273677,-94.0136614001603,1.0229063047153908,15.197119278255164,-92.64924096071687,-89.83256595499091,15.197119278255164
req1_equal_prefix_regular_b4_f512_p512,20260618_110830_prefill_stage1_req1_equal_prefix_regular_b4_f512_p512_b4_fvar512-512-512-512_pvar512-512-512-512_layers5_backend_auto_cg_off_pcg_off_tp1_marker_on_profile_nsys,decode,1,7,attn_mqa,auto,fa3,1,128,4,512,512,1024,"[512, 512, 512, 512]","[512, 512, 512, 512]","[1024, 1024, 1024, 1024]",False,1.777422,1.77263,1.632223,0.114335,13,per_token_group_quant_8bit_kernel,sm90_fp8_gemm_1d2d_impl,"[""attn_mqa"", ""kv_a_layernorm"", ""o_proj"", ""q_a_layernorm"", ""q_b_proj"", ""rotary_emb""]",0.10006300000000001,11,1.386399,0.9928980000000001,0.10006300000000001,11,query_wideep_generation_mla,fp8,fp8_block,0.11770380859375,silicon,-93.37783550593218,-93.35993362440273,-92.78874218818446,2.9464368686316478,17.6297018815646,-91.51010577808047,-88.14542797006844,17.6297018815646
req1_equal_prefix_regular_b4_f512_p512,20260618_110830_prefill_stage1_req1_equal_prefix_regular_b4_f512_p512_b4_fvar512-512-512-512_pvar512-512-512-512_layers5_backend_auto_cg_off_pcg_off_tp1_marker_on_profile_nsys,decode,2,8,attn_mqa,auto,fa3,1,128,4,512,512,1024,"[512, 512, 512, 512]","[512, 512, 512, 512]","[1024, 1024, 1024, 1024]",False,1.774768,1.773527,1.626848,0.11376,13,per_token_group_quant_8bit_kernel,sm90_fp8_gemm_1d2d_impl,"[""attn_mqa"", ""kv_a_layernorm"", ""o_proj"", ""q_a_layernorm"", ""q_b_proj"", ""rotary_emb""]",0.099424,11,1.39504,0.9939910000000001,0.09942400000000001,11,query_wideep_generation_mla,fp8,fp8_block,0.11770380859375,silicon,-93.36793267662308,-93.3632919829385,-92.76491666131378,3.466779706179677,18.385710284991553,-91.56269292681571,-88.15846334687637,18.38571028499154
req1_equal_prefix_regular_b4_f512_p512,20260618_110830_prefill_stage1_req1_equal_prefix_regular_b4_f512_p512_b4_fvar512-512-512-512_pvar512-512-512-512_layers5_backend_auto_cg_off_pcg_off_tp1_marker_on_profile_nsys,decode,3,9,attn_mqa,auto,fa3,1,128,4,512,512,1024,"[512, 512, 512, 512]","[512, 512, 512, 512]","[1024, 1024, 1024, 1024]",False,1.876825,1.876825,1.681727,0.11296,13,per_token_group_quant_8bit_kernel,sm90_fp8_gemm_1d2d_impl,"[""attn_mqa"", ""kv_a_layernorm"", ""o_proj"", ""q_a_layernorm"", ""q_b_proj"", ""rotary_emb""]",0.098496,11,1.384127,0.997955,0.098496,11,query_wideep_generation_mla,fp8,fp8_block,0.11770380859375,silicon,-93.72856773573722,-93.72856773573722,-93.00101570625017,4.199547267838169,19.501105216201672,-91.4961698894863,-88.20549938687115,19.501105216201672
req1_equal_prefix_regular_b4_f512_p512,20260618_110830_prefill_stage1_req1_equal_prefix_regular_b4_f512_p512_b4_fvar512-512-512-512_pvar512-512-512-512_layers5_backend_auto_cg_off_pcg_off_tp1_marker_on_profile_nsys,decode,4,10,attn_mqa,auto,fa3,1,128,4,512,512,1024,"[512, 512, 512, 512]","[512, 512, 512, 512]","[1024, 1024, 1024, 1024]",False,1.89777,1.892403,1.723551,0.114463,13,per_token_group_quant_8bit_kernel,sm90_fp8_gemm_1d2d_impl,"[""attn_mqa"", ""kv_a_layernorm"", ""o_proj"", ""q_a_layernorm"", ""q_b_proj"", ""rotary_emb""]",0.09987199999999999,11,1.413888,1.02441,0.09987199999999999,11,query_wideep_generation_mla,fp8,fp8_block,0.11770380859375,silicon,-93.79778326173613,-93.78019329953767,-93.1708543237914,2.8313154414527015,17.854662561829155,-91.67516743944711,-88.51008789510549,17.854662561829155
