framework,version,device,op_name,kernel_source,mla_dtype,kv_cache_dtype,num_heads,batch_size,isl,tp_size,step,latency,ops,mem_bytes,intensity_op,intensity_hw,rel_ratio,sol_math,sol_mem,mfu,mbu
TRTLLM,1.2.0rc6,NVIDIA GB200,mla_context,default,float16,fp8,128,256,1,1,0,0.6384479999542236,10485760,31457280,0.3333333333333333,312.5,0.0010666666666666665,4.194304e-06,0.00393216,6.569531113419933e-06,0.006158935418831187
TRTLLM,1.2.0rc6,NVIDIA GB200,mla_context,default,float16,float16,128,256,1,1,0,0.6637493371963501,10485760,41943040,0.25,312.5,0.0008,4.194304e-06,0.00524288,6.31910838166192e-06,0.0078988854770774
TRTLLM,1.2.0rc6,NVIDIA GB200,mla_context,default,float16,fp8,128,256,16,1,0,0.7911093235015869,2684354560,503316480,5.333333333333333,312.5,0.017066666666666664,0.001073741824,0.06291456,0.0013572609904879298,0.07952701116140214
TRTLLM,1.2.0rc6,NVIDIA GB200,mla_context,default,float16,float16,128,256,16,1,0,0.6923786799112955,2684354560,671088640,4.0,312.5,0.0128,0.001073741824,0.08388608,0.0015508013969141323,0.12115635913391659
TRTLLM,1.2.0rc6,NVIDIA GB200,mla_context,default,float16,fp8,128,256,32,1,0,0.9894453684488932,10737418240,1006632960,10.666666666666666,312.5,0.03413333333333333,0.004294967296,0.12582912,0.004340782657594342,0.12717136692170924
TRTLLM,1.2.0rc6,NVIDIA GB200,mla_context,default,float16,float16,128,256,32,1,0,0.7743733723958334,10737418240,1342177280,8.0,312.5,0.0256,0.004294967296,0.16777216,0.005546377818637801,0.21665538354053912
TRTLLM,1.2.0rc6,NVIDIA GB200,mla_context,default,float16,fp8,128,256,64,1,0,1.5014665921529131,42949672960,2013265920,21.333333333333332,312.5,0.06826666666666666,0.017179869184,0.25165824,0.011442058900135927,0.16760828466995986
TRTLLM,1.2.0rc6,NVIDIA GB200,mla_context,default,float16,float16,128,256,64,1,0,0.9849653244018556,42949672960,2684354560,16.0,312.5,0.0512,0.017179869184,0.33554432,0.017442105583191873,0.3406661246717163
TRTLLM,1.2.0rc6,NVIDIA GB200,mla_context,default,float16,fp8,128,256,128,1,0,2.4420480728149414,171798691840,4026531840,42.666666666666664,312.5,0.1365333333333333,0.068719476736,0.50331648,0.028140099902614638,0.2061042473336033
TRTLLM,1.2.0rc6,NVIDIA GB200,mla_context,default,float16,float16,128,256,128,1,0,1.338314692179362,171798691840,5368709120,32.0,312.5,0.1024,0.068719476736,0.67108864,0.05134777129592339,0.5014430790617519
TRTLLM,1.2.0rc6,NVIDIA GB200,mla_context,default,float16,fp8,128,256,256,1,0,4.638874689737956,687194767360,8053063680,85.33333333333333,312.5,0.2730666666666666,0.274877906944,1.00663296,0.059255299038812256,0.2169993861284628
TRTLLM,1.2.0rc6,NVIDIA GB200,mla_context,default,float16,float16,128,256,256,1,0,2.6891307830810547,687194767360,10737418240,64.0,312.5,0.2048,0.274877906944,1.34217728,0.1022181251553189,0.4991119392349556
TRTLLM,1.2.0rc6,NVIDIA GB200,mla_context,default,float16,fp8,128,128,1,1,0,0.3293333252271016,5242880,15728640,0.3333333333333333,312.5,0.0010666666666666665,2.097152e-06,0.00196608,6.3678706020833035e-06,0.005969878689453097
TRTLLM,1.2.0rc6,NVIDIA GB200,mla_context,default,float16,float16,128,128,1,1,0,0.3392426570256551,5242880,20971520,0.25,312.5,0.0008,2.097152e-06,0.00262144,6.181864092172241e-06,0.007727330115215301
TRTLLM,1.2.0rc6,NVIDIA GB200,mla_context,default,float16,fp8,128,128,16,1,0,0.4085973501205444,1342177280,251658240,5.333333333333333,312.5,0.017066666666666664,0.000536870912,0.03145728,0.0013139363528461756,0.0769884581745806
TRTLLM,1.2.0rc6,NVIDIA GB200,mla_context,default,float16,float16,128,128,16,1,0,0.3542133172353108,1342177280,335544320,4.0,312.5,0.0128,0.000536870912,0.04194304,0.0015156711672795356,0.11841180994371373
TRTLLM,1.2.0rc6,NVIDIA GB200,mla_context,default,float16,fp8,128,128,32,1,0,0.5015999873479208,5368709120,503316480,10.666666666666666,312.5,0.03413333333333333,0.002147483648,0.06291456,0.004281267348817651,0.12542775435989212
TRTLLM,1.2.0rc6,NVIDIA GB200,mla_context,default,float16,float16,128,128,32,1,0,0.3900586764017741,5368709120,671088640,8.0,312.5,0.0256,0.002147483648,0.08388608,0.005505540006980941,0.215060156522693
TRTLLM,1.2.0rc6,NVIDIA GB200,mla_context,default,float16,fp8,128,128,64,1,0,0.7544106642405192,21474836480,1006632960,21.333333333333332,312.5,0.06826666666666666,0.008589934592,0.12582912,0.011386284684413448,0.16679127955683762
TRTLLM,1.2.0rc6,NVIDIA GB200,mla_context,default,float16,float16,128,128,64,1,0,0.5046453475952148,21474836480,1342177280,16.0,312.5,0.0512,0.008589934592,0.16777216,0.017021725520573197,0.33245557657369523
TRTLLM,1.2.0rc6,NVIDIA GB200,mla_context,default,float16,fp8,128,128,128,1,0,1.2259413401285808,85899345920,2013265920,42.666666666666664,312.5,0.1365333333333333,0.034359738368,0.25165824,0.028027228745215686,0.2052775542862477
TRTLLM,1.2.0rc6,NVIDIA GB200,mla_context,default,float16,float16,128,128,128,1,0,0.6776320139567057,85899345920,2684354560,32.0,312.5,0.1024,0.034359738368,0.33554432,0.05070560076902633,0.4951718825100228
TRTLLM,1.2.0rc6,NVIDIA GB200,mla_context,default,float16,fp8,128,128,256,1,0,2.2777279218037925,343597383680,4026531840,85.33333333333333,312.5,0.2730666666666666,0.137438953472,0.50331648,0.06034037347321031,0.22097304738724477
TRTLLM,1.2.0rc6,NVIDIA GB200,mla_context,default,float16,float16,128,128,256,1,0,1.3393759727478027,343597383680,5368709120,64.0,312.5,0.2048,0.137438953472,0.67108864,0.10261416978388563,0.5010457508978791
TRTLLM,1.2.0rc6,NVIDIA GB200,mla_context,default,float16,fp8,128,128,512,1,0,4.979424158732097,1374389534720,8053063680,170.66666666666666,312.5,0.5461333333333332,0.549755813888,1.00663296,0.11040549998616377,0.20215850827544632
TRTLLM,1.2.0rc6,NVIDIA GB200,mla_context,default,float16,float16,128,128,512,1,0,3.08679993947347,1374389534720,10737418240,128.0,312.5,0.4096,0.549755813888,1.34217728,0.17809894540226484,0.43481187842349817
TRTLLM,1.2.0rc6,NVIDIA GB200,mla_context,default,float16,fp8,128,64,1,1,0,0.1725653409957885,2621440,7864320,0.3333333333333333,312.5,0.0010666666666666665,1.048576e-06,0.00098304,6.0763997796382e-06,0.005696624793410812
TRTLLM,1.2.0rc6,NVIDIA GB200,mla_context,default,float16,float16,128,64,1,1,0,0.1748159925142924,2621440,10485760,0.25,312.5,0.0008,1.048576e-06,0.00131072,5.998169760780163e-06,0.0074977122009752045
TRTLLM,1.2.0rc6,NVIDIA GB200,mla_context,default,float16,fp8,128,64,16,1,0,0.214896003405253,671088640,125829120,5.333333333333333,312.5,0.017066666666666664,0.000268435456,0.01572864,0.0012491412206200121,0.07319186839570382
TRTLLM,1.2.0rc6,NVIDIA GB200,mla_context,default,float16,float16,128,64,16,1,0,0.1895999908447265,671088640,167772160,4.0,312.5,0.0128,0.000268435456,0.02097152,0.0014157988869305169,0.11060928804144664
TRTLLM,1.2.0rc6,NVIDIA GB200,mla_context,default,float16,fp8,128,64,32,1,0,0.2625120083491007,2684354560,251658240,10.666666666666666,312.5,0.03413333333333333,0.001073741824,0.03145728,0.0040902579304946994,0.11983177530746189
TRTLLM,1.2.0rc6,NVIDIA GB200,mla_context,default,float16,float16,128,64,32,1,0,0.2081279953320821,2684354560,335544320,8.0,312.5,0.0256,0.001073741824,0.04194304,0.005159045626162753,0.20152521977198254
TRTLLM,1.2.0rc6,NVIDIA GB200,mla_context,default,float16,fp8,128,64,64,1,0,0.3853226502736409,10737418240,503316480,21.333333333333332,312.5,0.06826666666666666,0.004294967296,0.06291456,0.011146417925211208,0.16327760632633603
TRTLLM,1.2.0rc6,NVIDIA GB200,mla_context,default,float16,float16,128,64,64,1,0,0.2534026702245076,10737418240,671088640,16.0,312.5,0.0512,0.004294967296,0.08388608,0.016949179312888776,0.33103865845485886
TRTLLM,1.2.0rc6,NVIDIA GB200,mla_context,default,float16,fp8,128,64,128,1,0,0.6182026863098145,42949672960,1006632960,42.666666666666664,312.5,0.1365333333333333,0.017179869184,0.12582912,0.027790026741149176,0.20354023492052617
TRTLLM,1.2.0rc6,NVIDIA GB200,mla_context,default,float16,float16,128,64,128,1,0,0.3517226775487264,42949672960,1342177280,32.0,312.5,0.1024,0.017179869184,0.16777216,0.04884492891880696,0.4770012589727242
TRTLLM,1.2.0rc6,NVIDIA GB200,mla_context,default,float16,fp8,128,64,256,1,0,1.1440693537394206,171798691840,2013265920,85.33333333333333,312.5,0.2730666666666666,0.068719476736,0.25165824,0.06006583124649619,0.21996764372496164
TRTLLM,1.2.0rc6,NVIDIA GB200,mla_context,default,float16,float16,128,64,256,1,0,0.6804107030232748,171798691840,2684354560,64.0,312.5,0.2048,0.068719476736,0.33554432,0.10099705432418707,0.4931496793173197
TRTLLM,1.2.0rc6,NVIDIA GB200,mla_context,default,float16,fp8,128,64,512,1,0,2.451925277709961,687194767360,4026531840,170.66666666666666,312.5,0.5461333333333332,0.274877906944,0.50331648,0.11210696730559805,0.20527398798632454
TRTLLM,1.2.0rc6,NVIDIA GB200,mla_context,default,float16,float16,128,64,512,1,0,1.490106741587321,687194767360,5368709120,128.0,312.5,0.4096,0.274877906944,0.67108864,0.18446860165949527,0.45036279702025217
TRTLLM,1.2.0rc6,NVIDIA GB200,mla_context,default,float16,fp8,128,64,1024,1,0,5.613077163696289,2748779069440,8053063680,341.3333333333333,312.5,1.0922666666666665,1.099511627776,1.00663296,0.1958839324154162,0.1793370963275905
TRTLLM,1.2.0rc6,NVIDIA GB200,mla_context,default,float16,float16,128,64,1024,1,0,4.097034772237142,2748779069440,10737418240,256.0,312.5,0.8192,1.099511627776,1.34217728,0.268367658294397,0.32759723912890265
TRTLLM,1.2.0rc6,NVIDIA GB200,mla_context,default,float16,fp8,128,32,1,1,0,0.095141331354777,1310720,3932160,0.3333333333333333,312.5,0.0010666666666666665,5.24288e-07,0.00049152,5.510622907356191e-06,0.005166208975646429
TRTLLM,1.2.0rc6,NVIDIA GB200,mla_context,default,float16,float16,128,32,1,1,0,0.0954186618328094,1310720,5242880,0.25,312.5,0.0008,5.24288e-07,0.00065536,5.494606504948125e-06,0.006868258131185157
TRTLLM,1.2.0rc6,NVIDIA GB200,mla_context,default,float16,fp8,128,32,16,1,0,0.1191466649373372,335544320,62914560,5.333333333333333,312.5,0.017066666666666664,0.000134217728,0.00786432,0.0011264916904773553,0.06600537248890753
TRTLLM,1.2.0rc6,NVIDIA GB200,mla_context,default,float16,float16,128,32,16,1,0,0.1016533374786377,335544320,83886080,4.0,312.5,0.0128,0.000134217728,0.01048576,0.001320347480260603,0.1031521468953596
TRTLLM,1.2.0rc6,NVIDIA GB200,mla_context,default,float16,fp8,128,32,32,1,0,0.141375998655955,1342177280,125829120,10.666666666666666,312.5,0.03413333333333333,0.000536870912,0.01572864,0.0037974685739019967,0.11125396212603506
TRTLLM,1.2.0rc6,NVIDIA GB200,mla_context,default,float16,float16,128,32,32,1,0,0.1096799969673156,1342177280,167772160,8.0,312.5,0.0256,0.000536870912,0.02097152,0.004894884453361048,0.19120642395941592
TRTLLM,1.2.0rc6,NVIDIA GB200,mla_context,default,float16,fp8,128,32,64,1,0,0.2021173238754272,5368709120,251658240,21.333333333333332,312.5,0.06826666666666666,0.002147483648,0.03145728,0.010624936085753729,0.15563871219365813
TRTLLM,1.2.0rc6,NVIDIA GB200,mla_context,default,float16,float16,128,32,64,1,0,0.133701334396998,5368709120,335544320,16.0,312.5,0.0512,0.002147483648,0.04194304,0.01606179667304964,0.3137069662705008
TRTLLM,1.2.0rc6,NVIDIA GB200,mla_context,default,float16,fp8,128,32,128,1,0,0.3168266614278157,21474836480,503316480,42.666666666666664,312.5,0.1365333333333333,0.008589934592,0.06291456,0.027112410784144475,0.19857722742293316
TRTLLM,1.2.0rc6,NVIDIA GB200,mla_context,default,float16,float16,128,32,128,1,0,0.1828479965527852,21474836480,671088640,32.0,312.5,0.1024,0.008589934592,0.08388608,0.04697855461336831,0.4587749473961749
TRTLLM,1.2.0rc6,NVIDIA GB200,mla_context,default,float16,fp8,128,32,256,1,0,0.5799520015716553,85899345920,1006632960,85.33333333333333,312.5,0.2730666666666666,0.034359738368,0.12582912,0.05924583116341693,0.2169647137332163
TRTLLM,1.2.0rc6,NVIDIA GB200,mla_context,default,float16,float16,128,32,256,1,0,0.3480960130691528,85899345920,1342177280,64.0,312.5,0.2048,0.034359738368,0.16777216,0.09870764696513226,0.4819709324469349
TRTLLM,1.2.0rc6,NVIDIA GB200,mla_context,default,float16,fp8,128,32,512,1,0,1.2281813621520996,343597383680,2013265920,170.66666666666666,312.5,0.5461333333333332,0.137438953472,0.25165824,0.11190444482170817,0.2049031582428738
TRTLLM,1.2.0rc6,NVIDIA GB200,mla_context,default,float16,float16,128,32,512,1,0,0.7461280028025309,343597383680,2684354560,128.0,312.5,0.4096,0.137438953472,0.33554432,0.18420291552624435,0.449714149233995
TRTLLM,1.2.0rc6,NVIDIA GB200,mla_context,default,float16,fp8,128,32,1024,1,0,2.776394526163737,1374389534720,4026531840,341.3333333333333,312.5,1.0922666666666665,0.549755813888,0.50331648,0.1980106965012718,0.18128420700189676
TRTLLM,1.2.0rc6,NVIDIA GB200,mla_context,default,float16,float16,128,32,1024,1,0,1.889285405476888,1374389534720,5368709120,256.0,312.5,0.8192,0.549755813888,0.67108864,0.2909861116241631,0.35520765579121477
TRTLLM,1.2.0rc6,NVIDIA GB200,mla_context,default,float16,fp8,128,32,1536,1,0,4.662234624226888,3092376453120,6039797760,512.0,312.5,1.6384,1.236950581248,0.75497472,0.26531281262000334,0.16193408973388876
TRTLLM,1.2.0rc6,NVIDIA GB200,mla_context,default,float16,float16,128,32,1536,1,0,3.767402648925781,3092376453120,8053063680,384.0,312.5,1.2288,1.236950581248,1.00663296,0.3283298061067877,0.2671954802301332
TRTLLM,1.2.0rc6,NVIDIA GB200,mla_context,default,float16,fp8,128,32,2048,1,0,6.871487935384114,5497558138880,8053063680,682.6666666666666,312.5,2.184533333333333,2.199023255552,1.00663296,0.320021409661265,0.14649417556515426
TRTLLM,1.2.0rc6,NVIDIA GB200,mla_context,default,float16,float16,128,32,2048,1,0,6.362234751383464,5497558138880,10737418240,512.0,312.5,1.6384,2.199023255552,1.34217728,0.3456369249930339,0.21096003722719356
TRTLLM,1.2.0rc6,NVIDIA GB200,mla_context,default,float16,fp8,128,16,1,1,0,0.0563306659460067,655360,1966080,0.3333333333333333,312.5,0.0010666666666666665,2.62144e-07,0.00024576,4.653664138309082e-06,0.004362810129664764
TRTLLM,1.2.0rc6,NVIDIA GB200,mla_context,default,float16,float16,128,16,1,1,0,0.0557813346385955,655360,2621440,0.25,312.5,0.0008,2.62144e-07,0.00032768,4.699493149427456e-06,0.00587436643678432
TRTLLM,1.2.0rc6,NVIDIA GB200,mla_context,default,float16,fp8,128,16,16,1,0,0.0632106661796569,167772160,31457280,5.333333333333333,312.5,0.017066666666666664,6.7108864e-05,0.00393216,0.0010616699373055755,0.062207222888998555
TRTLLM,1.2.0rc6,NVIDIA GB200,mla_context,default,float16,float16,128,16,16,1,0,0.0566506683826446,167772160,41943040,4.0,312.5,0.0128,6.7108864e-05,0.00524288,0.0011846085124135861,0.09254754003231143
TRTLLM,1.2.0rc6,NVIDIA GB200,mla_context,default,float16,fp8,128,16,32,1,0,0.081695998708407,671088640,62914560,10.666666666666666,312.5,0.03413333333333333,0.000268435456,0.00786432,0.003285784619123291,0.09626322126337766
TRTLLM,1.2.0rc6,NVIDIA GB200,mla_context,default,float16,float16,128,16,32,1,0,0.0631679991881052,671088640,83886080,8.0,312.5,0.0256,0.000268435456,0.01048576,0.0042495481802524385,0.1659979757911109
TRTLLM,1.2.0rc6,NVIDIA GB200,mla_context,default,float16,fp8,128,16,64,1,0,0.112197329600652,2684354560,125829120,21.333333333333332,312.5,0.06826666666666666,0.001073741824,0.01572864,0.009570119251695276,0.14018729372600502
TRTLLM,1.2.0rc6,NVIDIA GB200,mla_context,default,float16,float16,128,16,64,1,0,0.0759840011596679,2684354560,167772160,16.0,312.5,0.0512,0.001073741824,0.02097152,0.014131156659461876,0.2759991535051148
TRTLLM,1.2.0rc6,NVIDIA GB200,mla_context,default,float16,fp8,128,16,128,1,0,0.171722670396169,10737418240,251658240,42.666666666666664,312.5,0.1365333333333333,0.004294967296,0.03145728,0.02501106747345234,0.18318652934657476
TRTLLM,1.2.0rc6,NVIDIA GB200,mla_context,default,float16,float16,128,16,128,1,0,0.100543995698293,10737418240,335544320,32.0,312.5,0.1024,0.004294967296,0.04194304,0.042717292725147966,0.4171610617690231
TRTLLM,1.2.0rc6,NVIDIA GB200,mla_context,default,float16,fp8,128,16,256,1,0,0.2993706663449605,42949672960,503316480,85.33333333333333,312.5,0.2730666666666666,0.017179869184,0.06291456,0.057386615040646245,0.2101560609398666
TRTLLM,1.2.0rc6,NVIDIA GB200,mla_context,default,float16,float16,128,16,256,1,0,0.1841173370679219,42949672960,671088640,64.0,312.5,0.2048,0.017179869184,0.08388608,0.0933093507520275,0.4556120642188843
TRTLLM,1.2.0rc6,NVIDIA GB200,mla_context,default,float16,fp8,128,16,512,1,0,0.623637318611145,171798691840,1006632960,170.66666666666666,312.5,0.5461333333333332,0.068719476736,0.12582912,0.11019141203582859,0.20176650153044787
TRTLLM,1.2.0rc6,NVIDIA GB200,mla_context,default,float16,float16,128,16,512,1,0,0.3863199949264526,171798691840,1342177280,128.0,312.5,0.4096,0.068719476736,0.16777216,0.17788226764986054,0.4342828800045423
TRTLLM,1.2.0rc6,NVIDIA GB200,mla_context,default,float16,fp8,128,16,1024,1,0,1.3971892992655437,687194767360,2013265920,341.3333333333333,312.5,1.0922666666666665,0.274877906944,0.25165824,0.196736338510819,0.18011749741591093
TRTLLM,1.2.0rc6,NVIDIA GB200,mla_context,default,float16,float16,128,16,1024,1,0,0.9766026337941488,687194767360,2684354560,256.0,312.5,0.8192,0.274877906944,0.33554432,0.2814634094074536,0.34358326343683304
TRTLLM,1.2.0rc6,NVIDIA GB200,mla_context,default,float16,fp8,128,16,1536,1,0,2.328298727671305,1546188226560,3019898880,512.0,312.5,1.6384,0.618475290624,0.37748736,0.26563399415786326,0.16213012338736774
TRTLLM,1.2.0rc6,NVIDIA GB200,mla_context,default,float16,float16,128,16,1536,1,0,1.7514452934265137,1546188226560,4026531840,384.0,312.5,1.2288,0.618475290624,0.50331648,0.3531228140240794,0.287372081725325
TRTLLM,1.2.0rc6,NVIDIA GB200,mla_context,default,float16,fp8,128,16,2048,1,0,3.4096479415893555,2748779069440,4026531840,682.6666666666666,312.5,2.184533333333333,1.099511627776,0.50331648,0.32247072032412805,0.14761538100774904
TRTLLM,1.2.0rc6,NVIDIA GB200,mla_context,default,float16,float16,128,16,2048,1,0,2.7850879033406577,2748779069440,5368709120,512.0,312.5,1.6384,1.099511627776,0.67108864,0.39478525128673947,0.2409577949748166
TRTLLM,1.2.0rc6,NVIDIA GB200,mla_context,default,float16,fp8,128,16,3072,1,0,6.157375971476237,6184752906240,6039797760,1024.0,312.5,3.2768,2.473901162496,0.75497472,0.40177848063139787,0.12261306171612484
TRTLLM,1.2.0rc6,NVIDIA GB200,mla_context,default,float16,float16,128,16,3072,1,0,6.14192008972168,6184752906240,8053063680,768.0,312.5,2.4576,2.473901162496,1.00663296,0.4027895391599119,0.16389548305660476
TRTLLM,1.2.0rc6,NVIDIA GB200,mla_context,default,float16,fp8,128,16,4096,1,0,9.64949862162272,10995116277760,8053063680,1365.3333333333333,312.5,4.369066666666666,4.398046511104,1.00663296,0.4557797957760003,0.10431971644042974
TRTLLM,1.2.0rc6,NVIDIA GB200,mla_context,default,float16,float16,128,16,4096,1,0,9.922229131062826,10995116277760,10737418240,1024.0,312.5,3.2768,4.398046511104,1.34217728,0.4432518593362599,0.13526973246345822
TRTLLM,1.2.0rc6,NVIDIA GB200,mla_context,default,float16,fp8,128,8,1,1,0,0.035541333258152,327680,983040,0.3333333333333333,312.5,0.0010666666666666665,1.31072e-07,0.00012288,3.687875157861064e-06,0.0034573829604947473
TRTLLM,1.2.0rc6,NVIDIA GB200,mla_context,default,float16,fp8,128,8,1,1,0,0.0359519993265469,327680,983040,0.3333333333333333,312.5,0.0010666666666666665,1.31072e-07,0.00012288,3.645749957032755e-06,0.0034178905847182077
TRTLLM,1.2.0rc6,NVIDIA GB200,mla_context,default,float16,float16,128,8,1,1,0,0.0335253328084945,327680,1310720,0.25,312.5,0.0008,1.31072e-07,0.00016384,3.9096405320930795e-06,0.00488705066511635
TRTLLM,1.2.0rc6,NVIDIA GB200,mla_context,default,float16,float16,128,8,1,1,0,0.0337439998984336,327680,1310720,0.25,312.5,0.0008,1.31072e-07,0.00016384,3.884305369680978e-06,0.004855381712101222
TRTLLM,1.2.0rc6,NVIDIA GB200,mla_context,default,float16,fp8,128,8,16,1,0,0.0396106665333112,83886080,15728640,5.333333333333333,312.5,0.017066666666666664,3.3554432e-05,0.00196608,0.0008471059675752207,0.04963511528761058
TRTLLM,1.2.0rc6,NVIDIA GB200,mla_context,default,float16,fp8,128,8,16,1,0,0.0403573339184125,83886080,15728640,5.333333333333333,312.5,0.017066666666666664,3.3554432e-05,0.00196608,0.0008314333168745627,0.04871679591061891
TRTLLM,1.2.0rc6,NVIDIA GB200,mla_context,default,float16,float16,128,8,16,1,0,0.0353439996639887,83886080,20971520,4.0,312.5,0.0128,3.3554432e-05,0.00262144,0.0009493671434755005,0.07416930808402347
TRTLLM,1.2.0rc6,NVIDIA GB200,mla_context,default,float16,float16,128,8,16,1,0,0.0358719999591509,83886080,20971520,4.0,312.5,0.0128,3.3554432e-05,0.00262144,0.0009353933998162906,0.07307760936064771
TRTLLM,1.2.0rc6,NVIDIA GB200,mla_context,default,float16,fp8,128,8,32,1,0,0.043813332915306,335544320,31457280,10.666666666666666,312.5,0.03413333333333333,0.000134217728,0.00393216,0.003063399177128376,0.08974802276743289
TRTLLM,1.2.0rc6,NVIDIA GB200,mla_context,default,float16,fp8,128,8,32,1,0,0.0442613313595453,335544320,31457280,10.666666666666666,312.5,0.03413333333333333,0.000134217728,0.00393216,0.0030323924716524576,0.08883962319294308
TRTLLM,1.2.0rc6,NVIDIA GB200,mla_context,default,float16,float16,128,8,32,1,0,0.0359360004464785,335544320,41943040,8.0,312.5,0.0256,0.000134217728,0.00524288,0.0037349100159295126,0.1458949224972466
TRTLLM,1.2.0rc6,NVIDIA GB200,mla_context,default,float16,float16,128,8,32,1,0,0.0382239992419878,335544320,41943040,8.0,312.5,0.0256,0.000134217728,0.00524288,0.003511347076748742,0.13716199518549774
TRTLLM,1.2.0rc6,NVIDIA GB200,mla_context,default,float16,fp8,128,8,64,1,0,0.0654186656077702,1342177280,62914560,21.333333333333332,312.5,0.06826666666666666,0.000536870912,0.00786432,0.008206693105281444,0.12021523103439614
TRTLLM,1.2.0rc6,NVIDIA GB200,mla_context,default,float16,fp8,128,8,64,1,0,0.0656160016854604,1342177280,62914560,21.333333333333332,312.5,0.06826666666666666,0.000536870912,0.00786432,0.008182011981979133,0.11985369114227244
TRTLLM,1.2.0rc6,NVIDIA GB200,mla_context,default,float16,float16,128,8,64,1,0,0.042832002043724,1342177280,83886080,16.0,312.5,0.0512,0.000536870912,0.01048576,0.012534340828895846,0.244811344314372
TRTLLM,1.2.0rc6,NVIDIA GB200,mla_context,default,float16,float16,128,8,64,1,0,0.0439626673857371,1342177280,83886080,16.0,312.5,0.0512,0.000536870912,0.01048576,0.012211973110944086,0.23851509982312669
TRTLLM,1.2.0rc6,NVIDIA GB200,mla_context,default,float16,fp8,128,8,128,1,0,0.0957813362280527,5368709120,125829120,42.666666666666664,312.5,0.1365333333333333,0.002147483648,0.01572864,0.022420690006734727,0.1642140381352641
TRTLLM,1.2.0rc6,NVIDIA GB200,mla_context,default,float16,fp8,128,8,128,1,0,0.0973759988943735,5368709120,125829120,42.666666666666664,312.5,0.1365333333333333,0.002147483648,0.01572864,0.022053521117964974,0.16152481287572001
TRTLLM,1.2.0rc6,NVIDIA GB200,mla_context,default,float16,float16,128,8,128,1,0,0.0562986681858698,5368709120,167772160,32.0,312.5,0.1024,0.002147483648,0.02097152,0.03814448400289137,0.372504726590736
TRTLLM,1.2.0rc6,NVIDIA GB200,mla_context,default,float16,float16,128,8,128,1,0,0.0573333352804183,5368709120,167772160,32.0,312.5,0.1024,0.002147483648,0.02097152,0.03745610886749605,0.3657823131591411
TRTLLM,1.2.0rc6,NVIDIA GB200,mla_context,default,float16,fp8,128,8,256,1,0,0.1613173286120096,21474836480,251658240,85.33333333333333,312.5,0.2730666666666666,0.008589934592,0.03145728,0.05324867865038837,0.19500248529194958
TRTLLM,1.2.0rc6,NVIDIA GB200,mla_context,default,float16,fp8,128,8,256,1,0,0.1616106629371643,21474836480,251658240,85.33333333333333,312.5,0.2730666666666666,0.008589934592,0.03145728,0.053152028683527176,0.19464854254221378
TRTLLM,1.2.0rc6,NVIDIA GB200,mla_context,default,float16,float16,128,8,256,1,0,0.0990666647752126,21474836480,335544320,64.0,312.5,0.2048,0.008589934592,0.04194304,0.08670862808888345,0.4233819730902512
TRTLLM,1.2.0rc6,NVIDIA GB200,mla_context,default,float16,float16,128,8,256,1,0,0.0994826654593149,21474836480,335544320,64.0,312.5,0.2048,0.008589934592,0.04194304,0.08634604382924377,0.42161154213497937
TRTLLM,1.2.0rc6,NVIDIA GB200,mla_context,default,float16,fp8,128,8,512,1,0,0.3210879961649577,85899345920,503316480,170.66666666666666,312.5,0.5461333333333332,0.034359738368,0.06291456,0.10701034849757453,0.1959418002274924
TRTLLM,1.2.0rc6,NVIDIA GB200,mla_context,default,float16,fp8,128,8,512,1,0,0.3250773350397746,85899345920,503316480,170.66666666666666,312.5,0.5461333333333332,0.034359738368,0.06291456,0.10569712085216873,0.19353720859161752
TRTLLM,1.2.0rc6,NVIDIA GB200,mla_context,default,float16,float16,128,8,512,1,0,0.2086079915364583,85899345920,671088640,128.0,312.5,0.4096,0.034359738368,0.08388608,0.164709597724088,0.40212304131857424
TRTLLM,1.2.0rc6,NVIDIA GB200,mla_context,default,float16,float16,128,8,512,1,0,0.2095253268877665,85899345920,671088640,128.0,312.5,0.4096,0.034359738368,0.08388608,0.1639884727940551,0.4003624824073611
TRTLLM,1.2.0rc6,NVIDIA GB200,mla_context,default,float16,fp8,128,8,1024,1,0,0.7029973665873209,343597383680,1006632960,341.3333333333333,312.5,1.0922666666666665,0.137438953472,0.12582912,0.19550422235462014,0.17898946138423474
TRTLLM,1.2.0rc6,NVIDIA GB200,mla_context,default,float16,fp8,128,8,1024,1,0,0.709712028503418,343597383680,1006632960,341.3333333333333,312.5,1.0922666666666665,0.137438953472,0.12582912,0.19365453585705725,0.17729602281835075
TRTLLM,1.2.0rc6,NVIDIA GB200,mla_context,default,float16,float16,128,8,1024,1,0,0.4950293302536011,343597383680,1342177280,256.0,312.5,0.8192,0.137438953472,0.16777216,0.2776380005637054,0.33891357490686697
TRTLLM,1.2.0rc6,NVIDIA GB200,mla_context,default,float16,float16,128,8,1024,1,0,0.5037759939829508,343597383680,1342177280,256.0,312.5,0.8192,0.137438953472,0.16777216,0.2728175917740362,0.33302928683354033
TRTLLM,1.2.0rc6,NVIDIA GB200,mla_context,default,float16,fp8,128,8,1536,1,0,1.16975998878479,773094113280,1509949440,512.0,312.5,1.6384,0.309237645312,0.18874368,0.2643599099617459,0.16135248410751094
TRTLLM,1.2.0rc6,NVIDIA GB200,mla_context,default,float16,fp8,128,8,1536,1,0,1.1712693373362224,773094113280,1509949440,512.0,312.5,1.6384,0.309237645312,0.18874368,0.26401924429720713,0.16114455828686958
TRTLLM,1.2.0rc6,NVIDIA GB200,mla_context,default,float16,float16,128,8,1536,1,0,0.9041333198547364,773094113280,2013265920,384.0,312.5,1.2288,0.309237645312,0.25165824,0.34202659997276064,0.2783419596132492
TRTLLM,1.2.0rc6,NVIDIA GB200,mla_context,default,float16,float16,128,8,1536,1,0,0.9081013202667236,773094113280,2013265920,384.0,312.5,1.2288,0.309237645312,0.25165824,0.34053209527453615,0.27712572857628265
TRTLLM,1.2.0rc6,NVIDIA GB200,mla_context,default,float16,fp8,128,8,2048,1,0,1.7119040489196775,1374389534720,2013265920,682.6666666666666,312.5,2.184533333333333,0.549755813888,0.25165824,0.3211370486768412,0.14700487457741143
TRTLLM,1.2.0rc6,NVIDIA GB200,mla_context,default,float16,fp8,128,8,2048,1,0,1.7200105985005696,1374389534720,2013265920,682.6666666666666,312.5,2.184533333333333,0.549755813888,0.25165824,0.31962350369657794,0.14631202866969814
TRTLLM,1.2.0rc6,NVIDIA GB200,mla_context,default,float16,float16,128,8,2048,1,0,1.3594026565551758,1374389534720,2684354560,512.0,312.5,1.6384,0.549755813888,0.33554432,0.40440984224727117,0.24683217910600047
TRTLLM,1.2.0rc6,NVIDIA GB200,mla_context,default,float16,float16,128,8,2048,1,0,1.4313173294067385,1374389534720,2684354560,512.0,312.5,1.6384,0.549755813888,0.33554432,0.3840907970532756,0.23443041812333715
TRTLLM,1.2.0rc6,NVIDIA GB200,mla_context,default,float16,fp8,128,8,3072,1,0,3.02187728881836,3092376453120,3019898880,1024.0,312.5,3.2768,1.236950581248,0.37748736,0.40933183681051555,0.12491816308914659
TRTLLM,1.2.0rc6,NVIDIA GB200,mla_context,default,float16,fp8,128,8,3072,1,0,3.029712041219076,3092376453120,3019898880,1024.0,312.5,3.2768,1.236950581248,0.37748736,0.40827331588591625,0.12459512813901252
TRTLLM,1.2.0rc6,NVIDIA GB200,mla_context,default,float16,float16,128,8,3072,1,0,2.7701600392659507,3092376453120,4026531840,768.0,312.5,2.4576,1.236950581248,0.50331648,0.44652675791820773,0.1816922029289582
TRTLLM,1.2.0rc6,NVIDIA GB200,mla_context,default,float16,float16,128,8,3072,1,0,2.833925247192383,3092376453120,4026531840,768.0,312.5,2.4576,1.236950581248,0.50331648,0.436479608088981,0.1776040071976648
TRTLLM,1.2.0rc6,NVIDIA GB200,mla_context,default,float16,fp8,128,8,4096,1,0,4.707584063212077,5497558138880,4026531840,1365.3333333333333,312.5,4.369066666666666,2.199023255552,0.50331648,0.46712352366397536,0.10691608970580489
TRTLLM,1.2.0rc6,NVIDIA GB200,mla_context,default,float16,fp8,128,8,4096,1,0,4.716560045878093,5497558138880,4026531840,1365.3333333333333,312.5,4.369066666666666,2.199023255552,0.50331648,0.4662345510630731,0.10671262002481226
TRTLLM,1.2.0rc6,NVIDIA GB200,mla_context,default,float16,float16,128,8,4096,1,0,5.107669194539388,5497558138880,5368709120,1024.0,312.5,3.2768,2.199023255552,0.67108864,0.4305336097143834,0.13138843069896955
TRTLLM,1.2.0rc6,NVIDIA GB200,mla_context,default,float16,float16,128,8,4096,1,0,5.164661407470703,5497558138880,5368709120,1024.0,312.5,3.2768,2.199023255552,0.67108864,0.4257826568012966,0.12993855493203632
TRTLLM,1.2.0rc6,NVIDIA GB200,mla_context,default,float16,fp8,128,8,6144,1,0,9.12118911743164,12369505812480,6039797760,2048.0,312.5,6.5536,4.947802324992,0.75497472,0.5424514568540391,0.08277152356781602
TRTLLM,1.2.0rc6,NVIDIA GB200,mla_context,default,float16,float16,128,8,6144,1,0,10.29258155822754,12369505812480,8053063680,1536.0,312.5,4.9152,4.947802324992,1.00663296,0.4807153868056449,0.09780179581820575
TRTLLM,1.2.0rc6,NVIDIA GB200,mla_context,default,float16,fp8,128,8,8192,1,0,14.661120096842447,21990232555520,8053063680,2730.6666666666665,312.5,8.738133333333332,8.796093022208,1.00663296,0.599960505343818,0.06866003097654166
TRTLLM,1.2.0rc6,NVIDIA GB200,mla_context,default,float16,float16,128,8,8192,1,0,17.988447825113933,21990232555520,10737418240,2048.0,312.5,6.5536,8.796093022208,1.34217728,0.48898565944792893,0.07461329032103409
TRTLLM,1.2.0rc6,NVIDIA GB200,mla_context,default,float16,fp8,128,4,1,1,0,0.0276266659299532,163840,491520,0.3333333333333333,312.5,0.0010666666666666665,6.5536e-08,6.144e-05,2.3722008354596633e-06,0.0022239382832434343
TRTLLM,1.2.0rc6,NVIDIA GB200,mla_context,default,float16,fp8,128,4,1,1,0,0.0277706657846768,163840,491520,0.3333333333333333,312.5,0.0010666666666666665,6.5536e-08,6.144e-05,2.3599002093842928e-06,0.0022124064462977744
TRTLLM,1.2.0rc6,NVIDIA GB200,mla_context,default,float16,float16,128,4,1,1,0,0.0243946661551793,163840,655360,0.25,312.5,0.0008,6.5536e-08,8.192e-05,2.686488906349959e-06,0.0033581111329374492
TRTLLM,1.2.0rc6,NVIDIA GB200,mla_context,default,float16,float16,128,4,1,1,0,0.0245653341213862,163840,655360,0.25,312.5,0.0008,6.5536e-08,8.192e-05,2.6678244910556853e-06,0.0033347806138196066
TRTLLM,1.2.0rc6,NVIDIA GB200,mla_context,default,float16,fp8,128,4,16,1,0,0.0296319996317227,41943040,7864320,5.333333333333333,312.5,0.017066666666666664,1.6777216e-05,0.00098304,0.0005661857521771517,0.03317494641662998
TRTLLM,1.2.0rc6,NVIDIA GB200,mla_context,default,float16,fp8,128,4,16,1,0,0.0301386664311091,41943040,7864320,5.333333333333333,312.5,0.017066666666666664,1.6777216e-05,0.00098304,0.0005566674968300048,0.03261723614238309
TRTLLM,1.2.0rc6,NVIDIA GB200,mla_context,default,float16,float16,128,4,16,1,0,0.0250666663050651,41943040,10485760,4.0,312.5,0.0128,1.6777216e-05,0.00131072,0.0006693038394423397,0.05228936245643279
TRTLLM,1.2.0rc6,NVIDIA GB200,mla_context,default,float16,float16,128,4,16,1,0,0.0253013322750727,41943040,10485760,4.0,312.5,0.0128,1.6777216e-05,0.00131072,0.0006630961491513708,0.05180438665245085
TRTLLM,1.2.0rc6,NVIDIA GB200,mla_context,default,float16,fp8,128,4,32,1,0,0.0314773321151733,167772160,15728640,10.666666666666666,312.5,0.03413333333333333,6.7108864e-05,0.00196608,0.0021319743285248406,0.06246018540600119
TRTLLM,1.2.0rc6,NVIDIA GB200,mla_context,default,float16,fp8,128,4,32,1,0,0.0317546675602595,167772160,15728640,10.666666666666666,312.5,0.03413333333333333,6.7108864e-05,0.00196608,0.002113354324136769,0.061914677464944404
TRTLLM,1.2.0rc6,NVIDIA GB200,mla_context,default,float16,float16,128,4,32,1,0,0.0262026662627855,167772160,20971520,8.0,312.5,0.0256,6.7108864e-05,0.00262144,0.002561146385904696,0.1000447806994022
TRTLLM,1.2.0rc6,NVIDIA GB200,mla_context,default,float16,float16,128,4,32,1,0,0.0282346655925114,167772160,20971520,8.0,312.5,0.0256,6.7108864e-05,0.00262144,0.0023768251754254562,0.09284473341505689
TRTLLM,1.2.0rc6,NVIDIA GB200,mla_context,default,float16,fp8,128,4,64,1,0,0.0358346675833066,671088640,31457280,21.333333333333332,312.5,0.06826666666666666,0.000268435456,0.00393216,0.007490943103517146,0.10973061186792693
TRTLLM,1.2.0rc6,NVIDIA GB200,mla_context,default,float16,fp8,128,4,64,1,0,0.0360213344295819,671088640,31457280,21.333333333333332,312.5,0.06826666666666666,0.000268435456,0.00393216,0.0074521241439504254,0.1091619747648988
TRTLLM,1.2.0rc6,NVIDIA GB200,mla_context,default,float16,float16,128,4,64,1,0,0.0282133320967356,671088640,41943040,16.0,312.5,0.0512,0.000268435456,0.00524288,0.009514489641975295,0.18582987581983
TRTLLM,1.2.0rc6,NVIDIA GB200,mla_context,default,float16,float16,128,4,64,1,0,0.0298933337132136,671088640,41943040,16.0,312.5,0.0512,0.000268435456,0.00524288,0.00897977651389697,0.1753862600370502
TRTLLM,1.2.0rc6,NVIDIA GB200,mla_context,default,float16,fp8,128,4,128,1,0,0.0584053347508112,2684354560,62914560,42.666666666666664,312.5,0.1365333333333333,0.001073741824,0.00786432,0.018384310758275152,0.1346507135615856
TRTLLM,1.2.0rc6,NVIDIA GB200,mla_context,default,float16,fp8,128,4,128,1,0,0.0584106643994649,2684354560,62914560,42.666666666666664,312.5,0.1365333333333333,0.001073741824,0.00786432,0.01838263329204378,0.13463842743196128
TRTLLM,1.2.0rc6,NVIDIA GB200,mla_context,default,float16,float16,128,4,128,1,0,0.0338239992658297,2684354560,83886080,32.0,312.5,0.1024,0.001073741824,0.01048576,0.0317449694686085,0.31000946746687985
TRTLLM,1.2.0rc6,NVIDIA GB200,mla_context,default,float16,float16,128,4,128,1,0,0.0341759994626045,2684354560,83886080,32.0,312.5,0.1024,0.001073741824,0.01048576,0.03141800798466456,0.3068164842252399
TRTLLM,1.2.0rc6,NVIDIA GB200,mla_context,default,float16,fp8,128,4,256,1,0,0.0934986670811971,10737418240,125829120,85.33333333333333,312.5,0.2730666666666666,0.004294967296,0.01572864,0.04593613395868113,0.16822314682134204
TRTLLM,1.2.0rc6,NVIDIA GB200,mla_context,default,float16,fp8,128,4,256,1,0,0.0941600004831949,10737418240,125829120,85.33333333333333,312.5,0.2730666666666666,0.004294967296,0.01572864,0.045613501210278136,0.16704163040873338
TRTLLM,1.2.0rc6,NVIDIA GB200,mla_context,default,float16,float16,128,4,256,1,0,0.0580160021781921,10737418240,167772160,64.0,312.5,0.2048,0.004294967296,0.02097152,0.07403073522384924,0.36147819933520137
TRTLLM,1.2.0rc6,NVIDIA GB200,mla_context,default,float16,float16,128,4,256,1,0,0.0587039987246195,10737418240,167772160,64.0,312.5,0.2048,0.004294967296,0.02097152,0.07316311306402984,0.35724176300795824
TRTLLM,1.2.0rc6,NVIDIA GB200,mla_context,default,float16,fp8,128,4,512,1,0,0.1750079989433288,42949672960,251658240,170.66666666666666,312.5,0.5461333333333332,0.017179869184,0.03145728,0.0981661940467258,0.17974766976329187
TRTLLM,1.2.0rc6,NVIDIA GB200,mla_context,default,float16,fp8,128,4,512,1,0,0.1755519906679789,42949672960,251658240,170.66666666666666,312.5,0.5461333333333332,0.017179869184,0.03145728,0.09786200155652036,0.17919067667819888
TRTLLM,1.2.0rc6,NVIDIA GB200,mla_context,default,float16,float16,128,4,512,1,0,0.1106773316860199,42949672960,335544320,128.0,312.5,0.4096,0.017179869184,0.04194304,0.15522482266501966,0.37896685220952064
TRTLLM,1.2.0rc6,NVIDIA GB200,mla_context,default,float16,float16,128,4,512,1,0,0.1113813320795695,42949672960,335544320,128.0,312.5,0.4096,0.017179869184,0.04194304,0.1542437037090462,0.37657154225841355
TRTLLM,1.2.0rc6,NVIDIA GB200,mla_context,default,float16,fp8,128,4,1024,1,0,0.3663093249003092,171798691840,503316480,341.3333333333333,312.5,1.0922666666666665,0.068719476736,0.06291456,0.18759958337042593,0.17175254825173272
TRTLLM,1.2.0rc6,NVIDIA GB200,mla_context,default,float16,fp8,128,4,1024,1,0,0.3675146500269572,171798691840,503316480,341.3333333333333,312.5,1.0922666666666665,0.068719476736,0.06291456,0.18698431948484073,0.1711892573408576
TRTLLM,1.2.0rc6,NVIDIA GB200,mla_context,default,float16,float16,128,4,1024,1,0,0.2619306643803914,171798691840,671088640,256.0,312.5,0.8192,0.068719476736,0.08388608,0.26235750937584557,0.3202606315623115
TRTLLM,1.2.0rc6,NVIDIA GB200,mla_context,default,float16,float16,128,4,1024,1,0,0.2642026742299397,171798691840,671088640,256.0,312.5,0.8192,0.068719476736,0.08388608,0.2601013670141445,0.3175065515309381
TRTLLM,1.2.0rc6,NVIDIA GB200,mla_context,default,float16,fp8,128,4,1536,1,0,0.5980533361434937,386547056640,754974720,512.0,312.5,1.6384,0.154618822656,0.09437184,0.2585368449794946,0.15779836729705482
TRTLLM,1.2.0rc6,NVIDIA GB200,mla_context,default,float16,fp8,128,4,1536,1,0,0.5991573333740234,386547056640,754974720,512.0,312.5,1.6384,0.154618822656,0.09437184,0.2580604693349874,0.1575076106780929
TRTLLM,1.2.0rc6,NVIDIA GB200,mla_context,default,float16,float16,128,4,1536,1,0,0.458239992459615,386547056640,1006632960,384.0,312.5,1.2288,0.154618822656,0.12582912,0.3374188748260043,0.2745921832893915
TRTLLM,1.2.0rc6,NVIDIA GB200,mla_context,default,float16,float16,128,4,1536,1,0,0.4624799887339274,386547056640,1006632960,384.0,312.5,1.2288,0.154618822656,0.12582912,0.33432543336476084,0.2720747341835619
TRTLLM,1.2.0rc6,NVIDIA GB200,mla_context,default,float16,fp8,128,4,2048,1,0,0.8717226982116699,687194767360,1006632960,682.6666666666666,312.5,2.184533333333333,0.274877906944,0.12582912,0.31532723365803045,0.1443453523214861
TRTLLM,1.2.0rc6,NVIDIA GB200,mla_context,default,float16,fp8,128,4,2048,1,0,0.871946652730306,687194767360,1006632960,682.6666666666666,312.5,2.184533333333333,0.274877906944,0.12582912,0.3152462436586932,0.14430827804200433
TRTLLM,1.2.0rc6,NVIDIA GB200,mla_context,default,float16,float16,128,4,2048,1,0,0.7213919957478842,687194767360,1342177280,512.0,312.5,1.6384,0.274877906944,0.16777216,0.38103819915416104,0.23256726022592838
TRTLLM,1.2.0rc6,NVIDIA GB200,mla_context,default,float16,float16,128,4,2048,1,0,0.7304533322652181,687194767360,1342177280,512.0,312.5,1.6384,0.274877906944,0.16777216,0.3763113874661542,0.22968224332651016
TRTLLM,1.2.0rc6,NVIDIA GB200,mla_context,default,float16,fp8,128,4,3072,1,0,1.5192160606384275,1546188226560,1509949440,1024.0,312.5,3.2768,0.618475290624,0.18874368,0.4071016010481716,0.12423754914800159
TRTLLM,1.2.0rc6,NVIDIA GB200,mla_context,default,float16,fp8,128,4,3072,1,0,1.526661396026611,1546188226560,1509949440,1024.0,312.5,3.2768,0.618475290624,0.18874368,0.40511621780290263,0.12363165826504598
TRTLLM,1.2.0rc6,NVIDIA GB200,mla_context,default,float16,float16,128,4,3072,1,0,1.3319466908772786,1546188226560,2013265920,768.0,312.5,2.4576,0.618475290624,0.25165824,0.46433937248392804,0.18894017435055663
TRTLLM,1.2.0rc6,NVIDIA GB200,mla_context,default,float16,float16,128,4,3072,1,0,1.3398879369099934,1546188226560,2013265920,768.0,312.5,2.4576,0.618475290624,0.25165824,0.46158732651202744,0.18782036397787574
TRTLLM,1.2.0rc6,NVIDIA GB200,mla_context,default,float16,fp8,128,4,4096,1,0,2.3494772911071777,2748779069440,2013265920,1365.3333333333333,312.5,4.369066666666666,1.099511627776,0.25165824,0.4679813811938831,0.107112437712223
TRTLLM,1.2.0rc6,NVIDIA GB200,mla_context,default,float16,fp8,128,4,4096,1,0,2.360538641611735,2748779069440,2013265920,1365.3333333333333,312.5,4.369066666666666,1.099511627776,0.25165824,0.4657884469221281,0.10661051489001344
TRTLLM,1.2.0rc6,NVIDIA GB200,mla_context,default,float16,float16,128,4,4096,1,0,2.2005813916524253,2748779069440,2684354560,1024.0,312.5,3.2768,1.099511627776,0.33554432,0.49964597171767067,0.15247984976735554
TRTLLM,1.2.0rc6,NVIDIA GB200,mla_context,default,float16,float16,128,4,4096,1,0,2.2105706532796225,2748779069440,2684354560,1024.0,312.5,3.2768,1.099511627776,0.33554432,0.4973881409964231,0.15179081451306858
TRTLLM,1.2.0rc6,NVIDIA GB200,mla_context,default,float16,fp8,128,4,6144,1,0,4.434512138366699,6184752906240,3019898880,2048.0,312.5,6.5536,2.473901162496,0.37748736,0.5578744820861347,0.08512489045503764
TRTLLM,1.2.0rc6,NVIDIA GB200,mla_context,default,float16,fp8,128,4,6144,1,0,4.479071935017903,6184752906240,3019898880,2048.0,312.5,6.5536,2.473901162496,0.37748736,0.5523244990005081,0.08427803024299746
TRTLLM,1.2.0rc6,NVIDIA GB200,mla_context,default,float16,float16,128,4,6144,1,0,5.072959899902344,6184752906240,4026531840,1536.0,312.5,4.9152,2.473901162496,0.50331648,0.4876642455903551,0.09921554475715233
TRTLLM,1.2.0rc6,NVIDIA GB200,mla_context,default,float16,float16,128,4,6144,1,0,5.153658548990886,6184752906240,4026531840,1536.0,312.5,4.9152,2.473901162496,0.50331648,0.48002814679688144,0.09766197648048532
TRTLLM,1.2.0rc6,NVIDIA GB200,mla_context,default,float16,fp8,128,4,8192,1,0,7.216234842936198,10995116277760,4026531840,2730.6666666666665,312.5,8.738133333333332,4.398046511104,0.50331648,0.6094655463450089,0.06974779659404856
TRTLLM,1.2.0rc6,NVIDIA GB200,mla_context,default,float16,fp8,128,4,8192,1,0,7.340645472208659,10995116277760,4026531840,2730.6666666666665,312.5,8.738133333333332,4.398046511104,0.50331648,0.5991362105355447,0.068565697922006
TRTLLM,1.2.0rc6,NVIDIA GB200,mla_context,default,float16,float16,128,4,8192,1,0,8.923402786254883,10995116277760,5368709120,2048.0,312.5,6.5536,4.398046511104,0.67108864,0.49286652372999545,0.07520546321563652
TRTLLM,1.2.0rc6,NVIDIA GB200,mla_context,default,float16,float16,128,4,8192,1,0,8.94546635945638,10995116277760,5368709120,2048.0,312.5,6.5536,4.398046511104,0.67108864,0.49165089156640357,0.07501997246801813
TRTLLM,1.2.0rc6,NVIDIA GB200,mla_context,default,float16,fp8,128,4,10240,1,0,10.524400075276692,17179869184000,5033164800,3413.3333333333335,312.5,10.922666666666666,6.8719476736,0.6291456,0.6529538619254108,0.05977971147998756
TRTLLM,1.2.0rc6,NVIDIA GB200,mla_context,default,float16,fp8,128,4,10240,1,0,10.734352111816406,17179869184000,5033164800,3413.3333333333335,312.5,10.922666666666666,6.8719476736,0.6291456,0.6401828076829472,0.05861048654323857
TRTLLM,1.2.0rc6,NVIDIA GB200,mla_context,default,float16,float16,128,4,10240,1,0,13.46930185953776,17179869184000,6710886400,2560.0,312.5,8.192,6.8719476736,0.8388608000000001,0.5101933081063068,0.06227945655594567
TRTLLM,1.2.0rc6,NVIDIA GB200,mla_context,default,float16,float16,128,4,10240,1,0,13.55196762084961,17179869184000,6710886400,2560.0,312.5,8.192,6.8719476736,0.8388608000000001,0.5070811756536044,0.06189955757490288
TRTLLM,1.2.0rc6,NVIDIA GB200,mla_context,default,float16,fp8,128,4,12288,1,0,14.512821197509766,24739011624960,6039797760,4096.0,312.5,13.1072,9.895604649984,0.75497472,0.6818525850564446,0.05202122383548314
TRTLLM,1.2.0rc6,NVIDIA GB200,mla_context,default,float16,fp8,128,4,12288,1,0,15.344127655029297,24739011624960,6039797760,4096.0,312.5,13.1072,9.895604649984,0.75497472,0.644911517452121,0.049202844043893516
TRTLLM,1.2.0rc6,NVIDIA GB200,mla_context,default,float16,float16,128,4,12288,1,0,19.40002187093099,24739011624960,8053063680,3072.0,312.5,9.8304,9.895604649984,1.00663296,0.5100821388666362,0.051888238410098896
TRTLLM,1.2.0rc6,NVIDIA GB200,mla_context,default,float16,float16,128,4,12288,1,0,19.42199961344401,24739011624960,8053063680,3072.0,312.5,9.8304,9.895604649984,1.00663296,0.509504934967366,0.051829522193132124
TRTLLM,1.2.0rc6,NVIDIA GB200,mla_context,default,float16,fp8,128,4,16384,1,0,26.069791158040363,43980465111040,8053063680,5461.333333333333,312.5,17.476266666666664,17.592186044416,1.00663296,0.6748111612313501,0.03861300437343693
TRTLLM,1.2.0rc6,NVIDIA GB200,mla_context,default,float16,fp8,128,4,16384,1,0,26.20325215657552,43980465111040,8053063680,5461.333333333333,312.5,17.476266666666664,17.592186044416,1.00663296,0.67137414620503,0.0384163367960947
TRTLLM,1.2.0rc6,NVIDIA GB200,mla_context,default,float16,float16,128,4,16384,1,0,34.620096842447914,43980465111040,10737418240,4096.0,312.5,13.1072,17.592186044416,1.34217728,0.5081495330436543,0.03876873268460498
TRTLLM,1.2.0rc6,NVIDIA GB200,mla_context,default,float16,float16,128,4,16384,1,0,34.9698232014974,43980465111040,10737418240,4096.0,312.5,13.1072,17.592186044416,1.34217728,0.5030676289968405,0.03838101417517399
TRTLLM,1.2.0rc6,NVIDIA GB200,mla_context,default,float16,fp8,128,2,1,1,0,0.0210026676456133,81920,245760,0.3333333333333333,312.5,0.0010666666666666665,3.2768e-08,3.072e-05,1.5601827612048153e-06,0.0014626713386295142
TRTLLM,1.2.0rc6,NVIDIA GB200,mla_context,default,float16,fp8,128,2,1,1,0,0.0220479990045229,81920,245760,0.3333333333333333,312.5,0.0010666666666666665,3.2768e-08,3.072e-05,1.4862119684093785e-06,0.0013933237203837922
TRTLLM,1.2.0rc6,NVIDIA GB200,mla_context,default,float16,float16,128,2,1,1,0,0.0211626663804054,81920,327680,0.25,312.5,0.0008,3.2768e-08,4.096e-05,1.548387117718778e-06,0.0019354838971484727
TRTLLM,1.2.0rc6,NVIDIA GB200,mla_context,default,float16,float16,128,2,1,1,0,0.0270453343788782,81920,327680,0.25,312.5,0.0008,3.2768e-08,4.096e-05,1.2115952992465522e-06,0.0015144941240581903
TRTLLM,1.2.0rc6,NVIDIA GB200,mla_context,default,float16,fp8,128,2,16,1,0,0.0213759988546371,20971520,3932160,5.333333333333333,312.5,0.017066666666666664,8.388608e-06,0.00049152,0.00039243115875168833,0.022994013208106737
TRTLLM,1.2.0rc6,NVIDIA GB200,mla_context,default,float16,fp8,128,2,16,1,0,0.0219520007570584,20971520,3932160,5.333333333333333,312.5,0.017066666666666664,8.388608e-06,0.00049152,0.00038213409760851725,0.022390669781749056
TRTLLM,1.2.0rc6,NVIDIA GB200,mla_context,default,float16,float16,128,2,16,1,0,0.0195786667366822,20971520,5242880,4.0,312.5,0.0128,8.388608e-06,0.00065536,0.0004284565498161972,0.033473167954390405
TRTLLM,1.2.0rc6,NVIDIA GB200,mla_context,default,float16,float16,128,2,16,1,0,0.0196266671021779,20971520,5242880,4.0,312.5,0.0128,8.388608e-06,0.00065536,0.0004274086861680732,0.033391303606880716
TRTLLM,1.2.0rc6,NVIDIA GB200,mla_context,default,float16,fp8,128,2,32,1,0,0.025237334271272,83886080,7864320,10.666666666666666,312.5,0.03413333333333333,3.3554432e-05,0.00098304,0.00132955531829665,0.03895181596572216
TRTLLM,1.2.0rc6,NVIDIA GB200,mla_context,default,float16,fp8,128,2,32,1,0,0.0253493338823318,83886080,7864320,10.666666666666666,312.5,0.03413333333333333,3.3554432e-05,0.00098304,0.0013236810148840661,0.038779717232931624
TRTLLM,1.2.0rc6,NVIDIA GB200,mla_context,default,float16,float16,128,2,32,1,0,0.0191626660525798,83886080,10485760,8.0,312.5,0.0256,3.3554432e-05,0.00131072,0.001751031506155308,0.06839966820919173
TRTLLM,1.2.0rc6,NVIDIA GB200,mla_context,default,float16,float16,128,2,32,1,0,0.019695999721686,83886080,10485760,8.0,312.5,0.0256,3.3554432e-05,0.00131072,0.0017036165959656959,0.06654752327991
TRTLLM,1.2.0rc6,NVIDIA GB200,mla_context,default,float16,fp8,128,2,64,1,0,0.0273440008362134,335544320,15728640,21.333333333333332,312.5,0.06826666666666666,0.000134217728,0.00196608,0.004908489024848439,0.07190169469992828
TRTLLM,1.2.0rc6,NVIDIA GB200,mla_context,default,float16,fp8,128,2,64,1,0,0.0275413344303766,335544320,15728640,21.333333333333332,312.5,0.06826666666666666,0.000134217728,0.00196608,0.004873319712931742,0.07138651923239857
TRTLLM,1.2.0rc6,NVIDIA GB200,mla_context,default,float16,float16,128,2,64,1,0,0.0214026669661204,335544320,20971520,16.0,312.5,0.0512,0.000134217728,0.00262144,0.0062710749184885,0.12248193200172852
TRTLLM,1.2.0rc6,NVIDIA GB200,mla_context,default,float16,float16,128,2,64,1,0,0.0214506660898526,335544320,20971520,16.0,312.5,0.0512,0.000134217728,0.00262144,0.006257042435782108,0.12220786007386931
TRTLLM,1.2.0rc6,NVIDIA GB200,mla_context,default,float16,fp8,128,2,128,1,0,0.0314453343550364,1342177280,31457280,42.666666666666664,312.5,0.1365333333333333,0.000536870912,0.00393216,0.017073150055852807,0.12504748576064068
TRTLLM,1.2.0rc6,NVIDIA GB200,mla_context,default,float16,fp8,128,2,128,1,0,0.0317279994487762,1342177280,31457280,42.666666666666664,312.5,0.1365333333333333,0.000536870912,0.00393216,0.016921045175469076,0.12393343634376765
TRTLLM,1.2.0rc6,NVIDIA GB200,mla_context,default,float16,float16,128,2,128,1,0,0.0234720011552174,1342177280,41943040,32.0,312.5,0.1024,0.000536870912,0.00524288,0.02287282232348831,0.22336740550281556
TRTLLM,1.2.0rc6,NVIDIA GB200,mla_context,default,float16,float16,128,2,128,1,0,0.0242346674203872,1342177280,41943040,32.0,312.5,0.1024,0.000536870912,0.00524288,0.02215301339552785,0.21633802144070166
TRTLLM,1.2.0rc6,NVIDIA GB200,mla_context,default,float16,fp8,128,2,256,1,0,0.0562239984671274,5368709120,62914560,85.33333333333333,312.5,0.2730666666666666,0.002147483648,0.00786432,0.038195142760178706,0.13987479038151382
TRTLLM,1.2.0rc6,NVIDIA GB200,mla_context,default,float16,fp8,128,2,256,1,0,0.0562773346900939,5368709120,62914560,85.33333333333333,312.5,0.2730666666666666,0.002147483648,0.00786432,0.03815894373508784,0.13974222559236268
TRTLLM,1.2.0rc6,NVIDIA GB200,mla_context,default,float16,float16,128,2,256,1,0,0.0314133341113726,5368709120,83886080,64.0,312.5,0.2048,0.002147483648,0.01048576,0.06836216876522332,0.333799652173942
TRTLLM,1.2.0rc6,NVIDIA GB200,mla_context,default,float16,float16,128,2,256,1,0,0.0326079999407132,5368709120,83886080,64.0,312.5,0.2048,0.002147483648,0.01048576,0.0658575702865703,0.3215701674148941
TRTLLM,1.2.0rc6,NVIDIA GB200,mla_context,default,float16,fp8,128,2,512,1,0,0.099263995885849,21474836480,125829120,170.66666666666666,312.5,0.5461333333333332,0.008589934592,0.01572864,0.08653625632679748,0.15845261778588404
TRTLLM,1.2.0rc6,NVIDIA GB200,mla_context,default,float16,fp8,128,2,512,1,0,0.1014880041281382,21474836480,125829120,170.66666666666666,312.5,0.5461333333333332,0.008589934592,0.01572864,0.08463990070348014,0.15498028693264185
TRTLLM,1.2.0rc6,NVIDIA GB200,mla_context,default,float16,float16,128,2,512,1,0,0.0660426666339238,21474836480,167772160,128.0,312.5,0.4096,0.008589934592,0.02097152,0.13006644083005048,0.31754502155774045
TRTLLM,1.2.0rc6,NVIDIA GB200,mla_context,default,float16,float16,128,2,512,1,0,0.0670026689767837,21474836480,167772160,128.0,312.5,0.4096,0.008589934592,0.02097152,0.12820287196285265,0.3129952928780583
TRTLLM,1.2.0rc6,NVIDIA GB200,mla_context,default,float16,fp8,128,2,1024,1,0,0.1996480027834574,85899345920,251658240,341.3333333333333,312.5,1.0922666666666665,0.034359738368,0.03145728,0.1721015882401154,0.15756370993662908
TRTLLM,1.2.0rc6,NVIDIA GB200,mla_context,default,float16,fp8,128,2,1024,1,0,0.2001173297564188,85899345920,251658240,341.3333333333333,312.5,1.0922666666666665,0.034359738368,0.03145728,0.17169796543768795,0.15719418222444576
TRTLLM,1.2.0rc6,NVIDIA GB200,mla_context,default,float16,float16,128,2,1024,1,0,0.1439253290494283,85899345920,335544320,256.0,312.5,0.8192,0.034359738368,0.04194304,0.238733088851927,0.29142222760244996
TRTLLM,1.2.0rc6,NVIDIA GB200,mla_context,default,float16,float16,128,2,1024,1,0,0.1443200012048085,85899345920,335544320,256.0,312.5,0.8192,0.034359738368,0.04194304,0.23808022506346257,0.2906252747356721
TRTLLM,1.2.0rc6,NVIDIA GB200,mla_context,default,float16,fp8,128,2,1536,1,0,0.3189013401667277,193273528320,377487360,512.0,312.5,1.6384,0.077309411328,0.04718592,0.24242422840738506,0.14796400659630435
TRTLLM,1.2.0rc6,NVIDIA GB200,mla_context,default,float16,fp8,128,2,1536,1,0,0.3200640082359314,193273528320,377487360,512.0,312.5,1.6384,0.077309411328,0.04718592,0.24154359546423063,0.1474265109034611
TRTLLM,1.2.0rc6,NVIDIA GB200,mla_context,default,float16,float16,128,2,1536,1,0,0.2488053242365519,193273528320,503316480,384.0,312.5,1.2288,0.077309411328,0.06291456,0.310722495851809,0.2528666144627352
TRTLLM,1.2.0rc6,NVIDIA GB200,mla_context,default,float16,float16,128,2,1536,1,0,0.2496586640675862,193273528320,503316480,384.0,312.5,1.2288,0.077309411328,0.06291456,0.3096604382496865,0.25200230977350785
TRTLLM,1.2.0rc6,NVIDIA GB200,mla_context,default,float16,fp8,128,2,2048,1,0,0.4526079893112182,343597383680,503316480,682.6666666666666,312.5,2.184533333333333,0.137438953472,0.06291456,0.3036600252707768,0.13900452816960607
TRTLLM,1.2.0rc6,NVIDIA GB200,mla_context,default,float16,fp8,128,2,2048,1,0,0.4548746744791667,343597383680,503316480,682.6666666666666,312.5,2.184533333333333,0.137438953472,0.06291456,0.30214685754789083,0.13831185495661508
TRTLLM,1.2.0rc6,NVIDIA GB200,mla_context,default,float16,float16,128,2,2048,1,0,0.3761599858601888,343597383680,671088640,512.0,312.5,1.6384,0.137438953472,0.08388608,0.36537366715842906,0.22300638864650213
TRTLLM,1.2.0rc6,NVIDIA GB200,mla_context,default,float16,float16,128,2,2048,1,0,0.3786346515019734,343597383680,671088640,512.0,312.5,1.6384,0.137438953472,0.08388608,0.3629856721428036,0.22154887215747288
TRTLLM,1.2.0rc6,NVIDIA GB200,mla_context,default,float16,fp8,128,2,3072,1,0,0.7811199824015299,773094113280,754974720,1024.0,312.5,3.2768,0.309237645312,0.09437184,0.3958900710250148,0.12081606171417689
TRTLLM,1.2.0rc6,NVIDIA GB200,mla_context,default,float16,fp8,128,2,3072,1,0,0.7838133176167806,773094113280,754974720,1024.0,312.5,3.2768,0.309237645312,0.09437184,0.3945297156372015,0.12040091419592332
TRTLLM,1.2.0rc6,NVIDIA GB200,mla_context,default,float16,float16,128,2,3072,1,0,0.6983466943105062,773094113280,1006632960,768.0,312.5,2.4576,0.309237645312,0.12582912,0.4428139315778067,0.1801814500235216
TRTLLM,1.2.0rc6,NVIDIA GB200,mla_context,default,float16,float16,128,2,3072,1,0,0.7002507050832113,773094113280,1006632960,768.0,312.5,2.4576,0.309237645312,0.12582912,0.4416099020924985,0.17969152917175232
TRTLLM,1.2.0rc6,NVIDIA GB200,mla_context,default,float16,fp8,128,2,4096,1,0,1.1964320341746013,1374389534720,1006632960,1365.3333333333333,312.5,4.369066666666666,0.549755813888,0.12582912,0.4594960667926845,0.10517030337356975
TRTLLM,1.2.0rc6,NVIDIA GB200,mla_context,default,float16,fp8,128,2,4096,1,0,1.1983520189921062,1374389534720,1006632960,1365.3333333333333,312.5,4.369066666666666,0.549755813888,0.12582912,0.4587598678645205,0.10500180081127634
TRTLLM,1.2.0rc6,NVIDIA GB200,mla_context,default,float16,float16,128,2,4096,1,0,1.1124693552652996,1374389534720,1342177280,1024.0,312.5,3.2768,0.549755813888,0.16777216,0.4941761418289992,0.15081059015777565
TRTLLM,1.2.0rc6,NVIDIA GB200,mla_context,default,float16,float16,128,2,4096,1,0,1.1347253322601318,1374389534720,1342177280,1024.0,312.5,3.2768,0.549755813888,0.16777216,0.48448359991488266,0.14785266110683676
TRTLLM,1.2.0rc6,NVIDIA GB200,mla_context,default,float16,fp8,128,2,6144,1,0,2.206650733947754,3092376453120,1509949440,2048.0,312.5,6.5536,1.236950581248,0.18874368,0.5605556702827476,0.08553400730632744
TRTLLM,1.2.0rc6,NVIDIA GB200,mla_context,default,float16,fp8,128,2,6144,1,0,2.2108960151672363,3092376453120,1509949440,2048.0,312.5,6.5536,1.236950581248,0.18874368,0.5594793118999016,0.08536976805113246
TRTLLM,1.2.0rc6,NVIDIA GB200,mla_context,default,float16,float16,128,2,6144,1,0,2.385135968526205,3092376453120,2013265920,1536.0,312.5,4.9152,1.236950581248,0.25165824,0.5186079945003395,0.10551106658942452
TRTLLM,1.2.0rc6,NVIDIA GB200,mla_context,default,float16,float16,128,2,6144,1,0,2.604128042856852,3092376453120,2013265920,1536.0,312.5,4.9152,1.236950581248,0.25165824,0.4749960681238264,0.09663819745357795
TRTLLM,1.2.0rc6,NVIDIA GB200,mla_context,default,float16,fp8,128,2,8192,1,0,3.530170758565267,5497558138880,2013265920,2730.6666666666665,312.5,8.738133333333332,2.199023255552,0.25165824,0.6229226306451328,0.07128783767453759
TRTLLM,1.2.0rc6,NVIDIA GB200,mla_context,default,float16,fp8,128,2,8192,1,0,3.565216064453125,5497558138880,2013265920,2730.6666666666665,312.5,8.738133333333332,2.199023255552,0.25165824,0.6167994353770848,0.07058709358716028
TRTLLM,1.2.0rc6,NVIDIA GB200,mla_context,default,float16,float16,128,2,8192,1,0,4.053626696268718,5497558138880,2684354560,2048.0,312.5,6.5536,2.199023255552,0.33554432,0.5424829221635423,0.08277632479302098
TRTLLM,1.2.0rc6,NVIDIA GB200,mla_context,default,float16,float16,128,2,8192,1,0,4.507226626078288,5497558138880,2684354560,2048.0,312.5,6.5536,2.199023255552,0.33554432,0.48788832645527686,0.07444585059437209
TRTLLM,1.2.0rc6,NVIDIA GB200,mla_context,default,float16,fp8,128,2,10240,1,0,5.367882410685222,8589934592000,2516582400,3413.3333333333335,312.5,10.922666666666666,3.4359738368,0.3145728,0.6400985666080176,0.05860277404248207
TRTLLM,1.2.0rc6,NVIDIA GB200,mla_context,default,float16,fp8,128,2,10240,1,0,5.428357442220052,8589934592000,2516582400,3413.3333333333335,312.5,10.922666666666666,3.4359738368,0.3145728,0.6329674995379043,0.057949905353201686
TRTLLM,1.2.0rc6,NVIDIA GB200,mla_context,default,float16,float16,128,2,10240,1,0,6.941317240397136,8589934592000,3355443200,2560.0,312.5,8.192,3.4359738368,0.41943040000000004,0.49500314101814724,0.06042518811256681
TRTLLM,1.2.0rc6,NVIDIA GB200,mla_context,default,float16,float16,128,2,10240,1,0,7.006666819254558,8589934592000,3355443200,2560.0,312.5,8.192,3.4359738368,0.41943040000000004,0.49038635993905516,0.05986161620349795
TRTLLM,1.2.0rc6,NVIDIA GB200,mla_context,default,float16,fp8,128,2,12288,1,0,7.438559850056966,12369505812480,3019898880,4096.0,312.5,13.1072,4.947802324992,0.37748736,0.6651559474854677,0.0507473714817404
TRTLLM,1.2.0rc6,NVIDIA GB200,mla_context,default,float16,fp8,128,2,12288,1,0,7.508826573689778,12369505812480,3019898880,4096.0,312.5,13.1072,4.947802324992,0.37748736,0.658931495678517,0.05027248349598061
TRTLLM,1.2.0rc6,NVIDIA GB200,mla_context,default,float16,float16,128,2,12288,1,0,9.204442977905272,12369505812480,4026531840,3072.0,312.5,9.8304,4.947802324992,0.50331648,0.5375450026545778,0.054681905380714706
TRTLLM,1.2.0rc6,NVIDIA GB200,mla_context,default,float16,float16,128,2,12288,1,0,9.875183741251629,12369505812480,4026531840,3072.0,312.5,9.8304,4.947802324992,0.50331648,0.5010339508239764,0.05096780912516036
TRTLLM,1.2.0rc6,NVIDIA GB200,mla_context,default,float16,fp8,128,2,16384,1,0,12.391440073649088,21990232555520,4026531840,5461.333333333333,312.5,17.476266666666664,8.796093022208,0.50331648,0.7098523633998971,0.040618078044885465
TRTLLM,1.2.0rc6,NVIDIA GB200,mla_context,default,float16,fp8,128,2,16384,1,0,12.480239868164062,21990232555520,4026531840,5461.333333333333,312.5,17.476266666666664,8.796093022208,0.50331648,0.7048015995787084,0.04032907102081537
TRTLLM,1.2.0rc6,NVIDIA GB200,mla_context,default,float16,float16,128,2,16384,1,0,16.028235117594402,21990232555520,5368709120,4096.0,312.5,13.1072,8.796093022208,0.67108864,0.5487873716397144,0.04186915372007098
TRTLLM,1.2.0rc6,NVIDIA GB200,mla_context,default,float16,float16,128,2,16384,1,0,16.46829350789388,21990232555520,5368709120,4096.0,312.5,13.1072,8.796093022208,0.67108864,0.5341229203858735,0.04075034487807263
TRTLLM,1.2.0rc6,NVIDIA GB200,mla_context,default,float16,fp8,128,2,32768,1,0,45.641438802083336,87960930222080,8053063680,10922.666666666666,312.5,34.95253333333333,35.184372088832,1.00663296,0.7708865673889751,0.02205524160544324
TRTLLM,1.2.0rc6,NVIDIA GB200,mla_context,default,float16,fp8,128,2,32768,1,0,46.19105021158854,87960930222080,8053063680,10922.666666666666,312.5,34.95253333333333,35.184372088832,1.00663296,0.7617140534294422,0.02179281387604071
TRTLLM,1.2.0rc6,NVIDIA GB200,mla_context,default,float16,float16,128,2,32768,1,0,65.74085998535156,87960930222080,10737418240,8192.0,312.5,26.2144,35.184372088832,1.34217728,0.5351979286043993,0.020416180748153663
TRTLLM,1.2.0rc6,NVIDIA GB200,mla_context,default,float16,float16,128,2,32768,1,0,67.16064961751302,87960930222080,10737418240,8192.0,312.5,26.2144,35.184372088832,1.34217728,0.5238837368192641,0.01998457858349854
TRTLLM,1.2.0rc6,NVIDIA GB200,mla_context,default,float16,fp8,128,1,1,1,0,0.0173706660668055,40960,122880,0.3333333333333333,312.5,0.0010666666666666665,1.6384e-08,1.536e-05,9.431992956970735e-07,0.0008842493397160063
TRTLLM,1.2.0rc6,NVIDIA GB200,mla_context,default,float16,fp8,128,1,1,1,0,0.017439999928077,40960,122880,0.3333333333333333,312.5,0.0010666666666666665,1.6384e-08,1.536e-05,9.394495451587174e-07,0.0008807339485862975
TRTLLM,1.2.0rc6,NVIDIA GB200,mla_context,default,float16,float16,128,1,1,1,0,0.0150933327774206,40960,163840,0.25,312.5,0.0008,1.6384e-08,2.048e-05,1.0855124074724053e-06,0.0013568905093405065
TRTLLM,1.2.0rc6,NVIDIA GB200,mla_context,default,float16,float16,128,1,1,1,0,0.0153333333631356,40960,163840,0.25,312.5,0.0008,1.6384e-08,2.048e-05,1.068521737053628e-06,0.001335652171317035
TRTLLM,1.2.0rc6,NVIDIA GB200,mla_context,default,float16,fp8,128,1,16,1,0,0.0192319999138514,10485760,1966080,5.333333333333333,312.5,0.017066666666666664,4.194304e-06,0.00024576,0.00021808985122650454,0.012778702220303
TRTLLM,1.2.0rc6,NVIDIA GB200,mla_context,default,float16,fp8,128,1,16,1,0,0.0193066671490669,10485760,1966080,5.333333333333333,312.5,0.017066666666666664,4.194304e-06,0.00024576,0.00021724640341161692,0.012729281449899429
TRTLLM,1.2.0rc6,NVIDIA GB200,mla_context,default,float16,float16,128,1,16,1,0,0.0153386667370796,10485760,2621440,4.0,312.5,0.0128,4.194304e-06,0.00032768,0.0002734464521522405,0.02136300407439379
TRTLLM,1.2.0rc6,NVIDIA GB200,mla_context,default,float16,float16,128,1,16,1,0,0.0154933333396911,10485760,2621440,4.0,312.5,0.0128,4.194304e-06,0.00032768,0.00027071669524174997,0.02114974181576172
TRTLLM,1.2.0rc6,NVIDIA GB200,mla_context,default,float16,fp8,128,1,32,1,0,0.0194879993796348,41943040,3932160,10.666666666666666,312.5,0.03413333333333333,1.6777216e-05,0.00049152,0.000860899863201576,0.02522167567973367
TRTLLM,1.2.0rc6,NVIDIA GB200,mla_context,default,float16,fp8,128,1,32,1,0,0.0196799995998541,41943040,3932160,10.666666666666666,312.5,0.03413333333333333,1.6777216e-05,0.00049152,0.0008525008303417028,0.02497561026391707
TRTLLM,1.2.0rc6,NVIDIA GB200,mla_context,default,float16,float16,128,1,32,1,0,0.0151626666386922,41943040,5242880,8.0,312.5,0.0256,1.6777216e-05,0.00065536,0.0011064818873738067,0.043221948725539326
TRTLLM,1.2.0rc6,NVIDIA GB200,mla_context,default,float16,float16,128,1,32,1,0,0.0157919997970263,41943040,5242880,8.0,312.5,0.0256,1.6777216e-05,0.00065536,0.0010623870450631096,0.04149949394777772
TRTLLM,1.2.0rc6,NVIDIA GB200,mla_context,default,float16,fp8,128,1,64,1,0,0.0214453339576721,167772160,7864320,21.333333333333332,312.5,0.06826666666666666,6.7108864e-05,0.00098304,0.003129299088205232,0.045839342112381325
TRTLLM,1.2.0rc6,NVIDIA GB200,mla_context,default,float16,fp8,128,1,64,1,0,0.0215039998292922,167772160,7864320,21.333333333333332,312.5,0.06826666666666666,6.7108864e-05,0.00098304,0.003120761929535826,0.045714286077184946
TRTLLM,1.2.0rc6,NVIDIA GB200,mla_context,default,float16,float16,128,1,64,1,0,0.015829333414634,167772160,10485760,16.0,312.5,0.0512,6.7108864e-05,0.00131072,0.004239525584694474,0.08280323407606396
TRTLLM,1.2.0rc6,NVIDIA GB200,mla_context,default,float16,float16,128,1,64,1,0,0.0172213328381379,167772160,10485760,16.0,312.5,0.0512,6.7108864e-05,0.00131072,0.0038968449556577014,0.0761102530401895
TRTLLM,1.2.0rc6,NVIDIA GB200,mla_context,default,float16,fp8,128,1,128,1,0,0.0231146663427352,671088640,15728640,42.666666666666664,312.5,0.1365333333333333,0.000268435456,0.00196608,0.011613209207511127,0.08505768462532563
TRTLLM,1.2.0rc6,NVIDIA GB200,mla_context,default,float16,fp8,128,1,128,1,0,0.0231786668300628,671088640,15728640,42.666666666666664,312.5,0.1365333333333333,0.000268435456,0.00196608,0.011581143038470116,0.08482282498879479
TRTLLM,1.2.0rc6,NVIDIA GB200,mla_context,default,float16,float16,128,1,128,1,0,0.0172639998296896,671088640,20971520,32.0,312.5,0.1024,0.000268435456,0.00262144,0.015548856501861212,0.1518443017759884
TRTLLM,1.2.0rc6,NVIDIA GB200,mla_context,default,float16,float16,128,1,128,1,0,0.0173440004388491,671088640,20971520,32.0,312.5,0.1024,0.000268435456,0.00262144,0.015477136139752809,0.15114390761477353
TRTLLM,1.2.0rc6,NVIDIA GB200,mla_context,default,float16,fp8,128,1,256,1,0,0.0293973336617151,2684354560,31457280,85.33333333333333,312.5,0.2730666666666666,0.001073741824,0.00393216,0.03652514327849948,0.1337590696234112
TRTLLM,1.2.0rc6,NVIDIA GB200,mla_context,default,float16,fp8,128,1,256,1,0,0.029509333272775,2684354560,31457280,85.33333333333333,312.5,0.2730666666666666,0.001073741824,0.00393216,0.036386515888877195,0.13325140096024363
TRTLLM,1.2.0rc6,NVIDIA GB200,mla_context,default,float16,float16,128,1,256,1,0,0.0231093342105547,2684354560,41943040,64.0,312.5,0.2048,0.001073741824,0.00524288,0.04646355512525285,0.2268728277600237
TRTLLM,1.2.0rc6,NVIDIA GB200,mla_context,default,float16,float16,128,1,256,1,0,0.0235840007662773,2684354560,41943040,64.0,312.5,0.2048,0.001073741824,0.00524288,0.04552840014894083,0.22230664135225014
TRTLLM,1.2.0rc6,NVIDIA GB200,mla_context,default,float16,fp8,128,1,512,1,0,0.0625546673933665,10737418240,62914560,170.66666666666666,312.5,0.5461333333333332,0.004294967296,0.00786432,0.068659421830056,0.12571915618296386
TRTLLM,1.2.0rc6,NVIDIA GB200,mla_context,default,float16,fp8,128,1,512,1,0,0.0628426671028137,10737418240,62914560,170.66666666666666,312.5,0.5461333333333332,0.004294967296,0.00786432,0.06834476469582713,0.1251430017623788
TRTLLM,1.2.0rc6,NVIDIA GB200,mla_context,default,float16,float16,128,1,512,1,0,0.0388213321566581,10737418240,83886080,128.0,312.5,0.4096,0.004294967296,0.01048576,0.1106342069527201,0.2701030443181643
TRTLLM,1.2.0rc6,NVIDIA GB200,mla_context,default,float16,float16,128,1,512,1,0,0.0465546647707621,10737418240,83886080,128.0,312.5,0.4096,0.004294967296,0.01048576,0.09225643267218593,0.22523543132857893
TRTLLM,1.2.0rc6,NVIDIA GB200,mla_context,default,float16,fp8,128,1,1024,1,0,0.1152800023555755,42949672960,125829120,341.3333333333333,312.5,1.0922666666666665,0.017179869184,0.01572864,0.14902731465089267,0.13643858152852723
TRTLLM,1.2.0rc6,NVIDIA GB200,mla_context,default,float16,fp8,128,1,1024,1,0,0.1163626710573832,42949672960,125829120,341.3333333333333,312.5,1.0922666666666665,0.017179869184,0.01572864,0.14764072556849356,0.1351691213090456
TRTLLM,1.2.0rc6,NVIDIA GB200,mla_context,default,float16,float16,128,1,1024,1,0,0.0836906631787618,42949672960,167772160,256.0,312.5,0.8192,0.017179869184,0.02097152,0.20527820585319176,0.2505837473793845
TRTLLM,1.2.0rc6,NVIDIA GB200,mla_context,default,float16,float16,128,1,1024,1,0,0.0844266712665557,42949672960,167772160,256.0,312.5,0.8192,0.017179869184,0.02097152,0.2034886479150521,0.24839922841192885
TRTLLM,1.2.0rc6,NVIDIA GB200,mla_context,default,float16,fp8,128,1,1536,1,0,0.1776586572329203,96636764160,188743680,512.0,312.5,1.6384,0.038654705664,0.02359296,0.21757850850646443,0.13279938263334012
TRTLLM,1.2.0rc6,NVIDIA GB200,mla_context,default,float16,fp8,128,1,1536,1,0,0.1780479947725931,96636764160,188743680,512.0,312.5,1.6384,0.038654705664,0.02359296,0.21710272959474022,0.1325089902311647
TRTLLM,1.2.0rc6,NVIDIA GB200,mla_context,default,float16,float16,128,1,1536,1,0,0.1398026645183563,96636764160,251658240,384.0,312.5,1.2288,0.038654705664,0.03145728,0.2764947706624331,0.22501202039586027
TRTLLM,1.2.0rc6,NVIDIA GB200,mla_context,default,float16,float16,128,1,1536,1,0,0.1416586637496948,96636764160,251658240,384.0,312.5,1.2288,0.038654705664,0.03145728,0.2728721607335032,0.22206393288859308
TRTLLM,1.2.0rc6,NVIDIA GB200,mla_context,default,float16,fp8,128,1,2048,1,0,0.245631992816925,171798691840,251658240,682.6666666666666,312.5,2.184533333333333,0.068719476736,0.03145728,0.2797659862948641,0.12806670515206792
TRTLLM,1.2.0rc6,NVIDIA GB200,mla_context,default,float16,fp8,128,1,2048,1,0,0.2460746765136718,171798691840,251658240,682.6666666666666,312.5,2.184533333333333,0.068719476736,0.03145728,0.2792626925679692,0.12783631556761285
TRTLLM,1.2.0rc6,NVIDIA GB200,mla_context,default,float16,float16,128,1,2048,1,0,0.2081653277079264,171798691840,335544320,512.0,312.5,1.6384,0.068719476736,0.04194304,0.3301197057774158,0.20148907823328602
TRTLLM,1.2.0rc6,NVIDIA GB200,mla_context,default,float16,float16,128,1,2048,1,0,0.2105226715405782,171798691840,335544320,512.0,312.5,1.6384,0.068719476736,0.04194304,0.3264231649404769,0.1992328887576153
TRTLLM,1.2.0rc6,NVIDIA GB200,mla_context,default,float16,fp8,128,1,3072,1,0,0.414741317431132,386547056640,377487360,1024.0,312.5,3.2768,0.154618822656,0.04718592,0.37280785915831627,0.11377192967477913
TRTLLM,1.2.0rc6,NVIDIA GB200,mla_context,default,float16,fp8,128,1,3072,1,0,0.417359987894694,386547056640,377487360,1024.0,312.5,3.2768,0.154618822656,0.04718592,0.3704687251788319,0.11305808263514158
TRTLLM,1.2.0rc6,NVIDIA GB200,mla_context,default,float16,float16,128,1,3072,1,0,0.3788479963938395,386547056640,503316480,768.0,312.5,2.4576,0.154618822656,0.06291456,0.4081289174755532,0.16606808165509163
TRTLLM,1.2.0rc6,NVIDIA GB200,mla_context,default,float16,float16,128,1,3072,1,0,0.3872533241907755,386547056640,503316480,768.0,312.5,2.4576,0.154618822656,0.06291456,0.39927048522849856,0.1624635763462315
TRTLLM,1.2.0rc6,NVIDIA GB200,mla_context,default,float16,fp8,128,1,4096,1,0,0.6219093402226766,687194767360,503316480,1365.3333333333333,312.5,4.369066666666666,0.274877906944,0.06291456,0.44199031782603404,0.1011635554106218
TRTLLM,1.2.0rc6,NVIDIA GB200,mla_context,default,float16,fp8,128,1,4096,1,0,0.6229653358459473,687194767360,503316480,1365.3333333333333,312.5,4.369066666666666,0.274877906944,0.06291456,0.44124109501330966,0.1009920719177192
TRTLLM,1.2.0rc6,NVIDIA GB200,mla_context,default,float16,float16,128,1,4096,1,0,0.5916586716969808,687194767360,671088640,1024.0,312.5,3.2768,0.274877906944,0.08388608,0.4645886557457224,0.14178120597708813
TRTLLM,1.2.0rc6,NVIDIA GB200,mla_context,default,float16,float16,128,1,4096,1,0,0.6041760047276815,687194767360,671088640,1024.0,312.5,3.2768,0.274877906944,0.08388608,0.45496329677623476,0.13884377953376306
TRTLLM,1.2.0rc6,NVIDIA GB200,mla_context,default,float16,fp8,128,1,6144,1,0,1.1330026785532634,1546188226560,754974720,2048.0,312.5,6.5536,0.618475290624,0.09437184,0.5458727524049052,0.08329357183912739
TRTLLM,1.2.0rc6,NVIDIA GB200,mla_context,default,float16,fp8,128,1,6144,1,0,1.1393067042032878,1546188226560,754974720,2048.0,312.5,6.5536,0.618475290624,0.09437184,0.5428523226820622,0.08283269083893771
TRTLLM,1.2.0rc6,NVIDIA GB200,mla_context,default,float16,float16,128,1,6144,1,0,1.2056907018025715,1546188226560,1006632960,1536.0,312.5,4.9152,0.618475290624,0.12582912,0.5129634737162247,0.1043626858960418
TRTLLM,1.2.0rc6,NVIDIA GB200,mla_context,default,float16,float16,128,1,6144,1,0,1.2133866945902507,1546188226560,1006632960,1536.0,312.5,4.9152,0.618475290624,0.12582912,0.5097099658183192,0.10370075801967756
TRTLLM,1.2.0rc6,NVIDIA GB200,mla_context,default,float16,fp8,128,1,8192,1,0,1.7939306894938152,2748779069440,1006632960,2730.6666666666665,312.5,8.738133333333332,1.099511627776,0.12582912,0.6129064150668184,0.0701415727691824
TRTLLM,1.2.0rc6,NVIDIA GB200,mla_context,default,float16,fp8,128,1,8192,1,0,1.7995413144429524,2748779069440,1006632960,2730.6666666666665,312.5,8.738133333333332,1.099511627776,0.12582912,0.610995490323796,0.06992288478742172
TRTLLM,1.2.0rc6,NVIDIA GB200,mla_context,default,float16,float16,128,1,8192,1,0,1.9063787460327148,2748779069440,1342177280,2048.0,312.5,6.5536,1.099511627776,0.16777216,0.5767540317285574,0.08800568111092491
TRTLLM,1.2.0rc6,NVIDIA GB200,mla_context,default,float16,float16,128,1,8192,1,0,1.9827359517415364,2748779069440,1342177280,2048.0,312.5,6.5536,1.099511627776,0.16777216,0.5545426393313965,0.08461649159719796
TRTLLM,1.2.0rc6,NVIDIA GB200,mla_context,default,float16,fp8,128,1,10240,1,0,2.606309254964193,4294967296000,1258291200,3413.3333333333335,312.5,10.922666666666666,1.7179869184,0.1572864,0.6591646463779306,0.06034832577922949
TRTLLM,1.2.0rc6,NVIDIA GB200,mla_context,default,float16,fp8,128,1,10240,1,0,2.623546600341797,4294967296000,1258291200,3413.3333333333335,312.5,10.922666666666666,1.7179869184,0.1572864,0.6548337727929742,0.05995182246029426
TRTLLM,1.2.0rc6,NVIDIA GB200,mla_context,default,float16,float16,128,1,10240,1,0,2.8211679458618164,4294967296000,1677721600,2560.0,312.5,8.192,1.7179869184,0.20971520000000002,0.6089630080052486,0.0743363046881407
TRTLLM,1.2.0rc6,NVIDIA GB200,mla_context,default,float16,float16,128,1,10240,1,0,3.141279856363932,4294967296000,1677721600,2560.0,312.5,8.192,1.7179869184,0.20971520000000002,0.5469066740168098,0.0667610686055676
TRTLLM,1.2.0rc6,NVIDIA GB200,mla_context,default,float16,fp8,128,1,12288,1,0,3.626511891682943,6184752906240,1509949440,4096.0,312.5,13.1072,2.473901162496,0.18874368,0.6821709776189222,0.05204551526023271
TRTLLM,1.2.0rc6,NVIDIA GB200,mla_context,default,float16,fp8,128,1,12288,1,0,3.6828320821126304,6184752906240,1509949440,4096.0,312.5,13.1072,2.473901162496,0.18874368,0.6717387888825125,0.05124960242328739
TRTLLM,1.2.0rc6,NVIDIA GB200,mla_context,default,float16,float16,128,1,12288,1,0,4.719082514444987,6184752906240,2013265920,3072.0,312.5,9.8304,2.473901162496,0.25165824,0.5242335040600484,0.05332778971965011
TRTLLM,1.2.0rc6,NVIDIA GB200,mla_context,default,float16,float16,128,1,12288,1,0,4.873898824055989,6184752906240,2013265920,3072.0,312.5,9.8304,2.473901162496,0.25165824,0.5075815587893666,0.05163386625054592
TRTLLM,1.2.0rc6,NVIDIA GB200,mla_context,default,float16,fp8,128,1,16384,1,0,6.29258664449056,10995116277760,2013265920,5461.333333333333,312.5,17.476266666666664,4.398046511104,0.25165824,0.6989250620735887,0.03999281284753353
TRTLLM,1.2.0rc6,NVIDIA GB200,mla_context,default,float16,fp8,128,1,16384,1,0,6.335925420125325,10995116277760,2013265920,5461.333333333333,312.5,17.476266666666664,4.398046511104,0.25165824,0.6941442992895908,0.03971925540673775
TRTLLM,1.2.0rc6,NVIDIA GB200,mla_context,default,float16,float16,128,1,16384,1,0,8.022474924723307,10995116277760,2684354560,4096.0,312.5,13.1072,4.398046511104,0.33554432,0.5482156756327521,0.04182553677618043
TRTLLM,1.2.0rc6,NVIDIA GB200,mla_context,default,float16,float16,128,1,16384,1,0,8.479626973470053,10995116277760,2684354560,4096.0,312.5,13.1072,4.398046511104,0.33554432,0.5186603756113367,0.03957064633265203
TRTLLM,1.2.0rc6,NVIDIA GB200,mla_context,default,float16,fp8,128,1,32768,1,0,22.84790293375651,43980465111040,4026531840,10922.666666666666,312.5,34.95253333333333,17.592186044416,0.50331648,0.7699693969911138,0.022029001149876985
TRTLLM,1.2.0rc6,NVIDIA GB200,mla_context,default,float16,fp8,128,1,32768,1,0,22.89329020182292,43980465111040,4026531840,10922.666666666666,312.5,34.95253333333333,17.592186044416,0.50331648,0.7684428882579398,0.021985327384699053
TRTLLM,1.2.0rc6,NVIDIA GB200,mla_context,default,float16,float16,128,1,32768,1,0,33.3991953531901,43980465111040,5368709120,8192.0,312.5,26.2144,17.592186044416,0.67108864,0.5267248464635749,0.02009295831541347
TRTLLM,1.2.0rc6,NVIDIA GB200,mla_context,default,float16,float16,128,1,32768,1,0,34.5077870686849,43980465111040,5368709120,8192.0,312.5,26.2144,17.592186044416,0.67108864,0.509803367263169,0.019447455111052284
TRTLLM,1.2.0rc6,NVIDIA GB200,mla_context,default,float16,fp8,64,256,1,2,0,0.3300266663233439,5242880,15728640,0.3333333333333333,312.5,0.0010666666666666665,2.097152e-06,0.00196608,6.354492572867775e-06,0.005957336787063538
TRTLLM,1.2.0rc6,NVIDIA GB200,mla_context,default,float16,float16,64,256,1,2,0,0.3410720030466715,5242880,20971520,0.25,312.5,0.0008,2.097152e-06,0.00262144,6.148707549335354e-06,0.007685884436669193
TRTLLM,1.2.0rc6,NVIDIA GB200,mla_context,default,float16,fp8,64,256,16,2,0,0.4088213443756103,1342177280,251658240,5.333333333333333,312.5,0.017066666666666664,0.000536870912,0.03145728,0.0013132164437743797,0.07694627600240506
TRTLLM,1.2.0rc6,NVIDIA GB200,mla_context,default,float16,float16,64,256,16,2,0,0.3589973449707031,1342177280,335544320,4.0,312.5,0.0128,0.000536870912,0.04194304,0.0014954732103765634,0.11683384456066902
TRTLLM,1.2.0rc6,NVIDIA GB200,mla_context,default,float16,fp8,64,256,32,2,0,0.5053280194600424,5368709120,503316480,10.666666666666666,312.5,0.03413333333333333,0.002147483648,0.06291456,0.00424968251373563,0.12450241739459851
TRTLLM,1.2.0rc6,NVIDIA GB200,mla_context,default,float16,float16,64,256,32,2,0,0.3941226800282796,5368709120,671088640,8.0,312.5,0.0256,0.002147483648,0.08388608,0.005448769524874618,0.21284255956541476
TRTLLM,1.2.0rc6,NVIDIA GB200,mla_context,default,float16,fp8,64,256,64,2,0,0.759925365447998,21474836480,1006632960,21.333333333333332,312.5,0.06826666666666666,0.008589934592,0.12582912,0.01130365557272323,0.16558089217856292
TRTLLM,1.2.0rc6,NVIDIA GB200,mla_context,default,float16,float16,64,256,64,2,0,0.4997546672821045,21474836480,1342177280,16.0,312.5,0.0512,0.008589934592,0.16777216,0.017188302890128092,0.33570904082281433
TRTLLM,1.2.0rc6,NVIDIA GB200,mla_context,default,float16,fp8,64,256,128,2,0,1.238378683725993,85899345920,2013265920,42.666666666666664,312.5,0.1365333333333333,0.034359738368,0.25165824,0.02774574435068565,0.2032159010059984
TRTLLM,1.2.0rc6,NVIDIA GB200,mla_context,default,float16,float16,64,256,128,2,0,0.694165309270223,85899345920,2684354560,32.0,312.5,0.1024,0.034359738368,0.33554432,0.0494979191687387,0.4833781168822139
TRTLLM,1.2.0rc6,NVIDIA GB200,mla_context,default,float16,fp8,64,256,256,2,0,2.341418743133545,343597383680,4026531840,85.33333333333333,312.5,0.2730666666666666,0.137438953472,0.50331648,0.05869900626492125,0.21496218114595184
TRTLLM,1.2.0rc6,NVIDIA GB200,mla_context,default,float16,float16,64,256,256,2,0,1.3507787386576335,343597383680,5368709120,64.0,312.5,0.2048,0.137438953472,0.67108864,0.10174793956898005,0.4968161111766604
TRTLLM,1.2.0rc6,NVIDIA GB200,mla_context,default,float16,fp8,64,128,1,2,0,0.1753653287887573,2621440,7864320,0.3333333333333333,312.5,0.0010666666666666665,1.048576e-06,0.00098304,5.979380344122072e-06,0.005605669072614443
TRTLLM,1.2.0rc6,NVIDIA GB200,mla_context,default,float16,float16,64,128,1,2,0,0.1771519978841146,2621440,10485760,0.25,312.5,0.0008,1.048576e-06,0.00131072,5.9190752152055006e-06,0.007398844019006876
TRTLLM,1.2.0rc6,NVIDIA GB200,mla_context,default,float16,fp8,64,128,16,2,0,0.215936005115509,671088640,125829120,5.333333333333333,312.5,0.017066666666666664,0.000268435456,0.01572864,0.0012431250446464815,0.07283935808475477
TRTLLM,1.2.0rc6,NVIDIA GB200,mla_context,default,float16,float16,64,128,16,2,0,0.1863306760787964,671088640,167772160,4.0,312.5,0.0128,0.000268435456,0.02097152,0.0014406401653718186,0.11255001291967333
TRTLLM,1.2.0rc6,NVIDIA GB200,mla_context,default,float16,fp8,64,128,32,2,0,0.2630933324495951,2684354560,251658240,10.666666666666666,312.5,0.03413333333333333,0.001073741824,0.03145728,0.004081220204262354,0.11956699817174865
TRTLLM,1.2.0rc6,NVIDIA GB200,mla_context,default,float16,float16,64,128,32,2,0,0.2054079969724019,2684354560,335544320,8.0,312.5,0.0256,0.001073741824,0.04194304,0.0052273613482744065,0.20419380266696902
TRTLLM,1.2.0rc6,NVIDIA GB200,mla_context,default,float16,fp8,64,128,64,2,0,0.3896426757176717,10737418240,503316480,21.333333333333332,312.5,0.06826666666666666,0.004294967296,0.06291456,0.011022835956275125,0.1614673235782489
TRTLLM,1.2.0rc6,NVIDIA GB200,mla_context,default,float16,float16,64,128,64,2,0,0.257477343082428,10737418240,671088640,16.0,312.5,0.0512,0.004294967296,0.08388608,0.01668095236878774,0.3257998509528855
TRTLLM,1.2.0rc6,NVIDIA GB200,mla_context,default,float16,fp8,64,128,128,2,0,0.6250453392664591,42949672960,1006632960,42.666666666666664,312.5,0.1365333333333333,0.017179869184,0.12582912,0.027485796797016286,0.2013119882593966
TRTLLM,1.2.0rc6,NVIDIA GB200,mla_context,default,float16,float16,64,128,128,2,0,0.3557653427124023,42949672960,1342177280,32.0,312.5,0.1024,0.017179869184,0.16777216,0.048289889771213776,0.47158095479700957
TRTLLM,1.2.0rc6,NVIDIA GB200,mla_context,default,float16,fp8,64,128,256,2,0,1.1576746304829917,171798691840,2013265920,85.33333333333333,312.5,0.2730666666666666,0.068719476736,0.25165824,0.059359922837153,0.2173825299212146
TRTLLM,1.2.0rc6,NVIDIA GB200,mla_context,default,float16,float16,64,128,256,2,0,0.6854720115661621,171798691840,2684354560,64.0,312.5,0.2048,0.068719476736,0.33554432,0.10025132401684815,0.48950841805101636
TRTLLM,1.2.0rc6,NVIDIA GB200,mla_context,default,float16,fp8,64,128,512,2,0,2.508863925933838,687194767360,4026531840,170.66666666666666,312.5,0.5461333333333332,0.274877906944,0.50331648,0.10956270051261796,0.20061529634878775
TRTLLM,1.2.0rc6,NVIDIA GB200,mla_context,default,float16,float16,64,128,512,2,0,1.505034605662028,687194767360,5368709120,128.0,312.5,0.4096,0.274877906944,0.67108864,0.1826389279754055,0.4458958202524549
TRTLLM,1.2.0rc6,NVIDIA GB200,mla_context,default,float16,fp8,64,64,1,2,0,0.0971573293209075,1310720,3932160,0.3333333333333333,312.5,0.0010666666666666665,5.24288e-07,0.00049152,5.396278424536494e-06,0.005059011023002963
TRTLLM,1.2.0rc6,NVIDIA GB200,mla_context,default,float16,float16,64,64,1,2,0,0.0957013368606567,1310720,5242880,0.25,312.5,0.0008,5.24288e-07,0.00065536,5.478376971508508e-06,0.0068479712143856356
TRTLLM,1.2.0rc6,NVIDIA GB200,mla_context,default,float16,fp8,64,64,16,2,0,0.1199840009212493,335544320,62914560,5.333333333333333,312.5,0.017066666666666664,0.000134217728,0.00786432,0.0011186302087733589,0.06554473879531399
TRTLLM,1.2.0rc6,NVIDIA GB200,mla_context,default,float16,float16,64,64,16,2,0,0.1019733349482218,335544320,83886080,4.0,312.5,0.0128,0.000134217728,0.01048576,0.0013162041632565089,0.10282845025441475
TRTLLM,1.2.0rc6,NVIDIA GB200,mla_context,default,float16,fp8,64,64,32,2,0,0.1420106689135233,1342177280,125829120,10.666666666666666,312.5,0.03413333333333333,0.000536870912,0.01572864,0.0037804970296064513,0.1107567489142515
TRTLLM,1.2.0rc6,NVIDIA GB200,mla_context,default,float16,float16,64,64,32,2,0,0.1105386714140574,1342177280,167772160,8.0,312.5,0.0256,0.000536870912,0.02097152,0.004856860546016343,0.1897211150787634
TRTLLM,1.2.0rc6,NVIDIA GB200,mla_context,default,float16,fp8,64,64,64,2,0,0.2036640048027038,5368709120,251658240,21.333333333333332,312.5,0.06826666666666666,0.002147483648,0.03145728,0.010544247374887575,0.1544567486555797
TRTLLM,1.2.0rc6,NVIDIA GB200,mla_context,default,float16,float16,64,64,64,2,0,0.1345599989096323,5368709120,335544320,16.0,312.5,0.0512,0.002147483648,0.04194304,0.015959301912912508,0.3117051154865725
TRTLLM,1.2.0rc6,NVIDIA GB200,mla_context,default,float16,fp8,64,64,128,2,0,0.3214133381843567,21474836480,503316480,42.666666666666664,312.5,0.1365333333333333,0.008589934592,0.06291456,0.02672550753656954,0.19574346340260895
TRTLLM,1.2.0rc6,NVIDIA GB200,mla_context,default,float16,float16,64,64,128,2,0,0.1892480055491129,21474836480,671088640,32.0,312.5,0.1024,0.008589934592,0.08388608,0.04538982890242811,0.44326004787527457
TRTLLM,1.2.0rc6,NVIDIA GB200,mla_context,default,float16,fp8,64,64,256,2,0,0.5884586572647095,85899345920,1006632960,85.33333333333333,312.5,0.2730666666666666,0.034359738368,0.12582912,0.05838938376352882,0.21382830968089167
TRTLLM,1.2.0rc6,NVIDIA GB200,mla_context,default,float16,float16,64,64,256,2,0,0.34988800684611,85899345920,1342177280,64.0,312.5,0.2048,0.034359738368,0.16777216,0.09820210380378176,0.47950245997940316
TRTLLM,1.2.0rc6,NVIDIA GB200,mla_context,default,float16,fp8,64,64,512,2,0,1.241749366124471,343597383680,2013265920,170.66666666666666,312.5,0.5461333333333332,0.137438953472,0.25165824,0.11068171824476158,0.20266427901262496
TRTLLM,1.2.0rc6,NVIDIA GB200,mla_context,default,float16,float16,64,64,512,2,0,0.756831963857015,343597383680,2684354560,128.0,312.5,0.4096,0.137438953472,0.33554432,0.18159771261717714,0.4433537905692801
TRTLLM,1.2.0rc6,NVIDIA GB200,mla_context,default,float16,fp8,64,64,1024,2,0,2.8275200525919595,1374389534720,4026531840,341.3333333333333,312.5,1.0922666666666665,0.549755813888,0.50331648,0.19443038551894418,0.1780063343984474
TRTLLM,1.2.0rc6,NVIDIA GB200,mla_context,default,float16,float16,64,64,1024,2,0,1.945631980895996,1374389534720,5368709120,256.0,312.5,0.8192,0.549755813888,0.67108864,0.2825589933173427,0.3449206461393344
TRTLLM,1.2.0rc6,NVIDIA GB200,mla_context,default,float16,fp8,64,32,1,2,0,0.0559733311335245,655360,1966080,0.3333333333333333,312.5,0.0010666666666666665,2.62144e-07,0.00024576,4.683373218839789e-06,0.004390662392662302
TRTLLM,1.2.0rc6,NVIDIA GB200,mla_context,default,float16,float16,64,32,1,2,0,0.054976001381874,655360,2621440,0.25,312.5,0.0008,2.62144e-07,0.00032768,4.7683351537172875e-06,0.00596041894214661
TRTLLM,1.2.0rc6,NVIDIA GB200,mla_context,default,float16,fp8,64,32,16,2,0,0.0625279992818832,167772160,31457280,5.333333333333333,312.5,0.017066666666666664,6.7108864e-05,0.00393216,0.0010732610153967306,0.06288638762090218
TRTLLM,1.2.0rc6,NVIDIA GB200,mla_context,default,float16,float16,64,32,16,2,0,0.0565493355194727,167772160,41943040,4.0,312.5,0.0128,6.7108864e-05,0.00524288,0.0011867312565837513,0.09271337942060558
TRTLLM,1.2.0rc6,NVIDIA GB200,mla_context,default,float16,fp8,64,32,32,2,0,0.0808319995800654,671088640,62914560,10.666666666666666,312.5,0.03413333333333333,0.000268435456,0.00786432,0.003320905797141766,0.09729216202563767
TRTLLM,1.2.0rc6,NVIDIA GB200,mla_context,default,float16,float16,64,32,32,2,0,0.0633653352657954,671088640,83886080,8.0,312.5,0.0256,0.000268435456,0.01048576,0.004236313985777985,0.16548101506945254
TRTLLM,1.2.0rc6,NVIDIA GB200,mla_context,default,float16,fp8,64,32,64,2,0,0.1140533288319905,2684354560,125829120,21.333333333333332,312.5,0.06826666666666666,0.001073741824,0.01572864,0.009414383911421874,0.13790601432746885
TRTLLM,1.2.0rc6,NVIDIA GB200,mla_context,default,float16,float16,64,32,64,2,0,0.0757226645946502,2684354560,167772160,16.0,312.5,0.0512,0.001073741824,0.02097152,0.014179926574795412,0.27695169091397287
TRTLLM,1.2.0rc6,NVIDIA GB200,mla_context,default,float16,fp8,64,32,128,2,0,0.1709439953168233,10737418240,251658240,42.666666666666664,312.5,0.1365333333333333,0.004294967296,0.03145728,0.025124996570015903,0.18402097097179615
TRTLLM,1.2.0rc6,NVIDIA GB200,mla_context,default,float16,float16,64,32,128,2,0,0.100949337085088,10737418240,335544320,32.0,312.5,0.1024,0.004294967296,0.04194304,0.0425457701854928,0.41548603696770314
TRTLLM,1.2.0rc6,NVIDIA GB200,mla_context,default,float16,fp8,64,32,256,2,0,0.3086506724357605,42949672960,503316480,85.33333333333333,312.5,0.2730666666666666,0.017179869184,0.06291456,0.05566120769613955,0.20383743052785477
TRTLLM,1.2.0rc6,NVIDIA GB200,mla_context,default,float16,float16,64,32,256,2,0,0.1832213401794433,42949672960,671088640,64.0,312.5,0.2048,0.017179869184,0.08388608,0.09376565615759813,0.4578401179570221
TRTLLM,1.2.0rc6,NVIDIA GB200,mla_context,default,float16,fp8,64,32,512,2,0,0.6339466571807861,171798691840,1006632960,170.66666666666666,312.5,0.5461333333333332,0.068719476736,0.12582912,0.1083994622538137,0.19848534348232488
TRTLLM,1.2.0rc6,NVIDIA GB200,mla_context,default,float16,float16,64,32,512,2,0,0.389850656191508,171798691840,1342177280,128.0,312.5,0.4096,0.068719476736,0.16777216,0.17627128656734295,0.43034982072105216
TRTLLM,1.2.0rc6,NVIDIA GB200,mla_context,default,float16,fp8,64,32,1024,2,0,1.4054667154947915,687194767360,2013265920,341.3333333333333,312.5,1.0922666666666665,0.274877906944,0.25165824,0.19557767104234114,0.17905670566620585
TRTLLM,1.2.0rc6,NVIDIA GB200,mla_context,default,float16,float16,64,32,1024,2,0,0.9713599681854248,687194767360,2684354560,256.0,312.5,0.8192,0.274877906944,0.33554432,0.2829825357714639,0.34543766573665025
TRTLLM,1.2.0rc6,NVIDIA GB200,mla_context,default,float16,fp8,64,32,1536,2,0,2.353274663289388,1546188226560,3019898880,512.0,312.5,1.6384,0.618475290624,0.37748736,0.2628147492819645,0.16040939287229278
TRTLLM,1.2.0rc6,NVIDIA GB200,mla_context,default,float16,float16,64,32,1536,2,0,1.7932693163553874,1546188226560,4026531840,384.0,312.5,1.2288,0.618475290624,0.50331648,0.34488700887437224,0.28066976633656593
TRTLLM,1.2.0rc6,NVIDIA GB200,mla_context,default,float16,fp8,64,32,2048,2,0,3.452154795328776,2748779069440,4026531840,682.6666666666666,312.5,2.184533333333333,1.099511627776,0.50331648,0.31850009427844467,0.1457977726494345
TRTLLM,1.2.0rc6,NVIDIA GB200,mla_context,default,float16,float16,64,32,2048,2,0,2.921637217203776,2748779069440,5368709120,512.0,312.5,1.6384,1.099511627776,0.67108864,0.37633407094543875,0.22969608822353438
TRTLLM,1.2.0rc6,NVIDIA GB200,mla_context,default,float16,fp8,64,16,1,2,0,0.0361866677800814,327680,983040,0.3333333333333333,312.5,0.0010666666666666665,1.31072e-07,0.00012288,3.622107478825318e-06,0.003395725761398735
TRTLLM,1.2.0rc6,NVIDIA GB200,mla_context,default,float16,float16,64,16,1,2,0,0.0334880004326502,327680,1310720,0.25,312.5,0.0008,1.31072e-07,0.00016384,3.913998993866685e-06,0.004892498742333357
TRTLLM,1.2.0rc6,NVIDIA GB200,mla_context,default,float16,fp8,64,16,16,2,0,0.0402986655632654,83886080,15728640,5.333333333333333,312.5,0.017066666666666664,3.3554432e-05,0.00196608,0.0008326437496378748,0.04878771970534422
TRTLLM,1.2.0rc6,NVIDIA GB200,mla_context,default,float16,float16,64,16,16,2,0,0.0355199997623761,83886080,20971520,4.0,312.5,0.0128,3.3554432e-05,0.00262144,0.0009446630693827286,0.07380180229552567
TRTLLM,1.2.0rc6,NVIDIA GB200,mla_context,default,float16,fp8,64,16,32,2,0,0.0422933350006739,335544320,31457280,10.666666666666666,312.5,0.03413333333333333,0.000134217728,0.00393216,0.003173495965684933,0.09297351461967576
TRTLLM,1.2.0rc6,NVIDIA GB200,mla_context,default,float16,float16,64,16,32,2,0,0.0363733321428298,335544320,41943040,8.0,312.5,0.0256,0.000134217728,0.00524288,0.0036900036398358426,0.1441407671810876
TRTLLM,1.2.0rc6,NVIDIA GB200,mla_context,default,float16,fp8,64,16,64,2,0,0.0652586668729782,1342177280,62914560,21.333333333333332,312.5,0.06826666666666666,0.000536870912,0.00786432,0.00822681396549189,0.1205099701976351
TRTLLM,1.2.0rc6,NVIDIA GB200,mla_context,default,float16,float16,64,16,64,2,0,0.0440106689929962,1342177280,83886080,16.0,312.5,0.0512,0.000536870912,0.01048576,0.012198653742015076,0.23825495589873197
TRTLLM,1.2.0rc6,NVIDIA GB200,mla_context,default,float16,fp8,64,16,128,2,0,0.0962773362795511,5368709120,125829120,42.666666666666664,312.5,0.1365333333333333,0.002147483648,0.01572864,0.022305183452152866,0.16336804286244774
TRTLLM,1.2.0rc6,NVIDIA GB200,mla_context,default,float16,float16,64,16,128,2,0,0.057557334502538,5368709120,167772160,32.0,312.5,0.1024,0.002147483648,0.02097152,0.03731033875283621,0.3643587768831661
TRTLLM,1.2.0rc6,NVIDIA GB200,mla_context,default,float16,fp8,64,16,256,2,0,0.1633493304252624,21474836480,251658240,85.33333333333333,312.5,0.2730666666666666,0.008589934592,0.03145728,0.05258628590418479,0.19257673060614547
TRTLLM,1.2.0rc6,NVIDIA GB200,mla_context,default,float16,float16,64,16,256,2,0,0.0998026629288991,21474836480,335544320,64.0,312.5,0.2048,0.008589934592,0.04194304,0.08606919234329045,0.42025972823872293
TRTLLM,1.2.0rc6,NVIDIA GB200,mla_context,default,float16,fp8,64,16,512,2,0,0.3245546619097392,85899345920,503316480,170.66666666666666,312.5,0.5461333333333332,0.034359738368,0.06291456,0.105867338850784,0.1938488870558789
TRTLLM,1.2.0rc6,NVIDIA GB200,mla_context,default,float16,float16,64,16,512,2,0,0.2101653416951497,85899345920,671088640,128.0,312.5,0.4096,0.034359738368,0.08388608,0.1634890800303301,0.39914326179279813
TRTLLM,1.2.0rc6,NVIDIA GB200,mla_context,default,float16,fp8,64,16,1024,2,0,0.71451203028361,343597383680,1006632960,341.3333333333333,312.5,1.0922666666666665,0.137438953472,0.12582912,0.19235358908855124,0.1761049704790203
TRTLLM,1.2.0rc6,NVIDIA GB200,mla_context,default,float16,float16,64,16,1024,2,0,0.500495990117391,343597383680,1342177280,256.0,312.5,0.8192,0.137438953472,0.16777216,0.2746055037119554,0.33521179652338307
TRTLLM,1.2.0rc6,NVIDIA GB200,mla_context,default,float16,fp8,64,16,1536,2,0,1.179226636886597,773094113280,1509949440,512.0,312.5,1.6384,0.309237645312,0.18874368,0.26223766970567386,0.16005717145121695
TRTLLM,1.2.0rc6,NVIDIA GB200,mla_context,default,float16,float16,64,16,1536,2,0,0.9017972946166992,773094113280,2013265920,384.0,312.5,1.2288,0.309237645312,0.25165824,0.34291258929030016,0.27906297956567394
TRTLLM,1.2.0rc6,NVIDIA GB200,mla_context,default,float16,fp8,64,16,2048,2,0,1.719882647196452,1374389534720,2013265920,682.6666666666666,312.5,2.184533333333333,0.549755813888,0.25165824,0.3196472822050659,0.1463229136070553
TRTLLM,1.2.0rc6,NVIDIA GB200,mla_context,default,float16,float16,64,16,2048,2,0,1.3650506337483723,1374389534720,2684354560,512.0,312.5,1.6384,0.549755813888,0.33554432,0.402736572766091,0.2458108964636786
TRTLLM,1.2.0rc6,NVIDIA GB200,mla_context,default,float16,fp8,64,16,3072,2,0,3.0556052525838218,3092376453120,3019898880,1024.0,312.5,3.2768,1.236950581248,0.37748736,0.4048136061430166,0.1235393085153249
TRTLLM,1.2.0rc6,NVIDIA GB200,mla_context,default,float16,float16,64,16,3072,2,0,2.7531305948893228,3092376453120,4026531840,768.0,312.5,2.4576,1.236950581248,0.50331648,0.4492887418941076,0.18281605708581852
TRTLLM,1.2.0rc6,NVIDIA GB200,mla_context,default,float16,fp8,64,16,4096,2,0,4.750229199727376,5497558138880,4026531840,1365.3333333333333,312.5,4.369066666666666,2.199023255552,0.50331648,0.46292992676610334,0.10595625154863815
TRTLLM,1.2.0rc6,NVIDIA GB200,mla_context,default,float16,float16,64,16,4096,2,0,5.420421600341797,5497558138880,5368709120,1024.0,312.5,3.2768,2.199023255552,0.67108864,0.4056922906906975,0.12380746175863572
TRTLLM,1.2.0rc6,NVIDIA GB200,mla_context,default,float16,fp8,64,8,1,2,0,0.0276906664172808,163840,491520,0.3333333333333333,312.5,0.0010666666666666665,6.5536e-08,6.144e-05,2.366718049049958e-06,0.0022187981709843353
TRTLLM,1.2.0rc6,NVIDIA GB200,mla_context,default,float16,fp8,64,8,1,2,0,0.0277279987931251,163840,491520,0.3333333333333333,312.5,0.0010666666666666665,6.5536e-08,6.144e-05,2.3635315512293313e-06,0.002215810829277498
TRTLLM,1.2.0rc6,NVIDIA GB200,mla_context,default,float16,float16,64,8,1,2,0,0.0235520005226135,163840,655360,0.25,312.5,0.0008,6.5536e-08,8.192e-05,2.782608633906724e-06,0.003478260792383405
TRTLLM,1.2.0rc6,NVIDIA GB200,mla_context,default,float16,float16,64,8,1,2,0,0.0258880009253819,163840,655360,0.25,312.5,0.0008,6.5536e-08,8.192e-05,2.5315203050593682e-06,0.0031644003813242104
TRTLLM,1.2.0rc6,NVIDIA GB200,mla_context,default,float16,fp8,64,8,16,2,0,0.0298346678415934,41943040,7864320,5.333333333333333,312.5,0.017066666666666664,1.6777216e-05,0.00098304,0.0005623396274789552,0.032949587547595034
TRTLLM,1.2.0rc6,NVIDIA GB200,mla_context,default,float16,fp8,64,8,16,2,0,0.0317333340644836,41943040,7864320,5.333333333333333,312.5,0.017066666666666664,1.6777216e-05,0.00098304,0.0005286937693312629,0.030978150546753683
TRTLLM,1.2.0rc6,NVIDIA GB200,mla_context,default,float16,float16,64,8,16,2,0,0.0250559995571772,41943040,10485760,4.0,312.5,0.0128,1.6777216e-05,0.00131072,0.0006695887730088272,0.05231162289131463
TRTLLM,1.2.0rc6,NVIDIA GB200,mla_context,default,float16,float16,64,8,16,2,0,0.0253600006302197,41943040,10485760,4.0,312.5,0.0128,1.6777216e-05,0.00131072,0.0006615621286699729,0.05168454130234164
TRTLLM,1.2.0rc6,NVIDIA GB200,mla_context,default,float16,fp8,64,8,32,2,0,0.0314079994956652,167772160,15728640,10.666666666666666,312.5,0.03413333333333333,6.7108864e-05,0.00196608,0.0021366806252420528,0.06259806519263826
TRTLLM,1.2.0rc6,NVIDIA GB200,mla_context,default,float16,fp8,64,8,32,2,0,0.0316106677055358,167772160,15728640,10.666666666666666,312.5,0.03413333333333333,6.7108864e-05,0.00196608,0.002122981539812511,0.06219672479919465
TRTLLM,1.2.0rc6,NVIDIA GB200,mla_context,default,float16,float16,64,8,32,2,0,0.0273013338446617,167772160,20971520,8.0,312.5,0.0256,6.7108864e-05,0.00262144,0.0024580800477307803,0.09601875186448361
TRTLLM,1.2.0rc6,NVIDIA GB200,mla_context,default,float16,float16,64,8,32,2,0,0.0274133334557215,167772160,20971520,8.0,312.5,0.0256,6.7108864e-05,0.00262144,0.0024480373431562206,0.09562645871703987
TRTLLM,1.2.0rc6,NVIDIA GB200,mla_context,default,float16,fp8,64,8,64,2,0,0.0358933334549268,671088640,31457280,21.333333333333332,312.5,0.06826666666666666,0.000268435456,0.00393216,0.007478699528899675,0.10955126263036633
TRTLLM,1.2.0rc6,NVIDIA GB200,mla_context,default,float16,fp8,64,8,64,2,0,0.0379200006524721,671088640,31457280,21.333333333333332,312.5,0.06826666666666666,0.000268435456,0.00393216,0.0070789939710219916,0.10369620074739246
TRTLLM,1.2.0rc6,NVIDIA GB200,mla_context,default,float16,float16,64,8,64,2,0,0.0295200000206629,671088640,41943040,16.0,312.5,0.0512,0.000268435456,0.00524288,0.009093341999055054,0.177604335919044
TRTLLM,1.2.0rc6,NVIDIA GB200,mla_context,default,float16,float16,64,8,64,2,0,0.029589332640171,671088640,41943040,16.0,312.5,0.0512,0.000268435456,0.00524288,0.009072034819587897,0.17718818007007614
TRTLLM,1.2.0rc6,NVIDIA GB200,mla_context,default,float16,fp8,64,8,128,2,0,0.0584319978952407,2684354560,62914560,42.666666666666664,312.5,0.1365333333333333,0.001073741824,0.00786432,0.018375921801014723,0.1345892710035258
TRTLLM,1.2.0rc6,NVIDIA GB200,mla_context,default,float16,fp8,64,8,128,2,0,0.0585973312457402,2684354560,62914560,42.666666666666664,312.5,0.1365333333333333,0.001073741824,0.00786432,0.018324073830206334,0.13420952512358153
TRTLLM,1.2.0rc6,NVIDIA GB200,mla_context,default,float16,float16,64,8,128,2,0,0.0351679995656013,2684354560,83886080,32.0,312.5,0.1024,0.001073741824,0.01048576,0.03053178563645837,0.29816196910603876
TRTLLM,1.2.0rc6,NVIDIA GB200,mla_context,default,float16,float16,64,8,128,2,0,0.0355946669975916,2684354560,83886080,32.0,312.5,0.1024,0.001073741824,0.01048576,0.030165806132493145,0.29458795051262837
TRTLLM,1.2.0rc6,NVIDIA GB200,mla_context,default,float16,fp8,64,8,256,2,0,0.0953066647052764,10737418240,125829120,85.33333333333333,312.5,0.2730666666666666,0.004294967296,0.01572864,0.04506471094420976,0.16503190043045565
TRTLLM,1.2.0rc6,NVIDIA GB200,mla_context,default,float16,fp8,64,8,256,2,0,0.0955146650473276,10737418240,125829120,85.33333333333333,312.5,0.2730666666666666,0.004294967296,0.01572864,0.044966574440394466,0.16467251381980394
TRTLLM,1.2.0rc6,NVIDIA GB200,mla_context,default,float16,float16,64,8,256,2,0,0.0586720009644826,10737418240,167772160,64.0,312.5,0.2048,0.004294967296,0.02097152,0.07320301379528509,0.3574365907972905
TRTLLM,1.2.0rc6,NVIDIA GB200,mla_context,default,float16,float16,64,8,256,2,0,0.0592053333918253,10737418240,167772160,64.0,312.5,0.2048,0.004294967296,0.02097152,0.07254358771321473,0.35421673688093136
TRTLLM,1.2.0rc6,NVIDIA GB200,mla_context,default,float16,fp8,64,8,512,2,0,0.1754239996274312,42949672960,251658240,170.66666666666666,312.5,0.5461333333333332,0.017179869184,0.03145728,0.09793340261587315,0.17932141592261927
TRTLLM,1.2.0rc6,NVIDIA GB200,mla_context,default,float16,fp8,64,8,512,2,0,0.175487995147705,42949672960,251658240,170.66666666666666,312.5,0.5461333333333332,0.017179869184,0.03145728,0.09789768906722093,0.17925602246195238
TRTLLM,1.2.0rc6,NVIDIA GB200,mla_context,default,float16,float16,64,8,512,2,0,0.1118346651395161,42949672960,335544320,128.0,312.5,0.4096,0.017179869184,0.04194304,0.1536184613470944,0.3750450716481797
TRTLLM,1.2.0rc6,NVIDIA GB200,mla_context,default,float16,float16,64,8,512,2,0,0.1150826712449391,42949672960,335544320,128.0,312.5,0.4096,0.017179869184,0.04194304,0.14928285030362906,0.3644600837490944
TRTLLM,1.2.0rc6,NVIDIA GB200,mla_context,default,float16,fp8,64,8,1024,2,0,0.3696533441543579,171798691840,503316480,341.3333333333333,312.5,1.0922666666666665,0.068719476736,0.06291456,0.18590248897438483,0.17019881192723219
TRTLLM,1.2.0rc6,NVIDIA GB200,mla_context,default,float16,fp8,64,8,1024,2,0,0.3698079983393351,171798691840,503316480,341.3333333333333,312.5,1.0922666666666665,0.068719476736,0.06291456,0.1858247443121637,0.17012763456313815
TRTLLM,1.2.0rc6,NVIDIA GB200,mla_context,default,float16,float16,64,8,1024,2,0,0.2662559946378072,171798691840,671088640,256.0,312.5,0.8192,0.068719476736,0.08388608,0.2580955100352964,0.31505799564855524
TRTLLM,1.2.0rc6,NVIDIA GB200,mla_context,default,float16,float16,64,8,1024,2,0,0.26664533217748,171798691840,671088640,256.0,312.5,0.8192,0.068719476736,0.08388608,0.2577186563695782,0.3145979692011453
TRTLLM,1.2.0rc6,NVIDIA GB200,mla_context,default,float16,fp8,64,8,1536,2,0,0.6007786591847738,386547056640,754974720,512.0,312.5,1.6384,0.154618822656,0.09437184,0.2573640396378425,0.1570825437242691
TRTLLM,1.2.0rc6,NVIDIA GB200,mla_context,default,float16,fp8,64,8,1536,2,0,0.6037386655807495,386547056640,754974720,512.0,312.5,1.6384,0.154618822656,0.09437184,0.256102236730637,0.1563124003482892
TRTLLM,1.2.0rc6,NVIDIA GB200,mla_context,default,float16,float16,64,8,1536,2,0,0.4665226538976033,386547056640,1006632960,384.0,312.5,1.2288,0.154618822656,0.12582912,0.33142832692951535,0.2697170629309207
TRTLLM,1.2.0rc6,NVIDIA GB200,mla_context,default,float16,float16,64,8,1536,2,0,0.467733343442281,386547056640,1006632960,384.0,312.5,1.2288,0.154618822656,0.12582912,0.3305704517836672,0.26901892234998953
TRTLLM,1.2.0rc6,NVIDIA GB200,mla_context,default,float16,fp8,64,8,2048,2,0,0.8746240139007568,687194767360,1006632960,682.6666666666666,312.5,2.184533333333333,0.274877906944,0.12582912,0.3142812255040487,0.14386652778810824
TRTLLM,1.2.0rc6,NVIDIA GB200,mla_context,default,float16,fp8,64,8,2048,2,0,0.8776586850484213,687194767360,1006632960,682.6666666666666,312.5,2.184533333333333,0.274877906944,0.12582912,0.3131945386364344,0.14336908201741078
TRTLLM,1.2.0rc6,NVIDIA GB200,mla_context,default,float16,float16,64,8,2048,2,0,0.7088639736175537,687194767360,1342177280,512.0,312.5,1.6384,0.274877906944,0.16777216,0.38777243191131916,0.23667750971149853
TRTLLM,1.2.0rc6,NVIDIA GB200,mla_context,default,float16,float16,64,8,2048,2,0,0.7219253381093343,687194767360,1342177280,512.0,312.5,1.6384,0.274877906944,0.16777216,0.3807566966189102,0.23239544471369034
TRTLLM,1.2.0rc6,NVIDIA GB200,mla_context,default,float16,fp8,64,8,3072,2,0,1.5295413335164387,1546188226560,1509949440,1024.0,312.5,3.2768,0.618475290624,0.18874368,0.4043534339814903,0.12339887511642161
TRTLLM,1.2.0rc6,NVIDIA GB200,mla_context,default,float16,fp8,64,8,3072,2,0,1.5324106216430664,1546188226560,1509949440,1024.0,312.5,3.2768,0.618475290624,0.18874368,0.4035963219576646,0.12316782286305683
TRTLLM,1.2.0rc6,NVIDIA GB200,mla_context,default,float16,float16,64,8,3072,2,0,1.3328853448232014,1546188226560,2013265920,768.0,312.5,2.4576,0.618475290624,0.25165824,0.46401237212645374,0.188807117564475
TRTLLM,1.2.0rc6,NVIDIA GB200,mla_context,default,float16,float16,64,8,3072,2,0,1.3443946838378906,1546188226560,2013265920,768.0,312.5,2.4576,0.618475290624,0.25165824,0.4600399704485716,0.18719074318382634
TRTLLM,1.2.0rc6,NVIDIA GB200,mla_context,default,float16,fp8,64,8,4096,2,0,2.360304037729899,2748779069440,2013265920,1365.3333333333333,312.5,4.369066666666666,1.099511627776,0.25165824,0.4658347442533259,0.106621111508177
TRTLLM,1.2.0rc6,NVIDIA GB200,mla_context,default,float16,fp8,64,8,4096,2,0,2.3635466893514,2748779069440,2013265920,1365.3333333333333,312.5,4.369066666666666,1.099511627776,0.25165824,0.46519564548044784,0.10647483340769527
TRTLLM,1.2.0rc6,NVIDIA GB200,mla_context,default,float16,float16,64,8,4096,2,0,2.168469270070394,2748779069440,2684354560,1024.0,312.5,3.2768,1.099511627776,0.33554432,0.5070450584436029,0.15473787183947846
TRTLLM,1.2.0rc6,NVIDIA GB200,mla_context,default,float16,float16,64,8,4096,2,0,2.383061408996582,2748779069440,2684354560,1024.0,312.5,3.2768,1.099511627776,0.33554432,0.4613861915706835,0.1408038914705455
TRTLLM,1.2.0rc6,NVIDIA GB200,mla_context,default,float16,fp8,64,8,6144,2,0,4.483146667480469,6184752906240,3019898880,2048.0,312.5,6.5536,2.473901162496,0.37748736,0.5518224912071266,0.08420142993272806
TRTLLM,1.2.0rc6,NVIDIA GB200,mla_context,default,float16,float16,64,8,6144,2,0,5.181637446085612,6184752906240,4026531840,1536.0,312.5,4.9152,2.473901162496,0.50331648,0.4774361750000225,0.09713463846842904
TRTLLM,1.2.0rc6,NVIDIA GB200,mla_context,default,float16,float16,64,8,6144,2,0,5.386709213256836,6184752906240,4026531840,1536.0,312.5,4.9152,2.473901162496,0.50331648,0.4592602022042814,0.09343672733648302
TRTLLM,1.2.0rc6,NVIDIA GB200,mla_context,default,float16,fp8,64,8,8192,2,0,7.268565495808919,10995116277760,4026531840,2730.6666666666665,312.5,8.738133333333332,4.398046511104,0.50331648,0.6050776475275527,0.06924564142542487
TRTLLM,1.2.0rc6,NVIDIA GB200,mla_context,default,float16,float16,64,8,8192,2,0,8.921808242797852,10995116277760,5368709120,2048.0,312.5,6.5536,4.398046511104,0.67108864,0.4929546109281526,0.07521890425539439
TRTLLM,1.2.0rc6,NVIDIA GB200,mla_context,default,float16,fp8,64,4,1,2,0,0.0210293332735697,81920,245760,0.3333333333333333,312.5,0.0010666666666666665,3.2768e-08,3.072e-05,1.5582044173118799e-06,0.0014608166412298873
TRTLLM,1.2.0rc6,NVIDIA GB200,mla_context,default,float16,fp8,64,4,1,2,0,0.0233119999368985,81920,245760,0.3333333333333333,312.5,0.0010666666666666665,3.2768e-08,3.072e-05,1.405628006550156e-06,0.001317776256140771
TRTLLM,1.2.0rc6,NVIDIA GB200,mla_context,default,float16,float16,64,4,1,2,0,0.0194080000122388,81920,327680,0.25,312.5,0.0008,3.2768e-08,4.096e-05,1.6883759263878972e-06,0.0021104699079848716
TRTLLM,1.2.0rc6,NVIDIA GB200,mla_context,default,float16,float16,64,4,1,2,0,0.0216053326924641,81920,327680,0.25,312.5,0.0008,3.2768e-08,4.096e-05,1.5166625974442603e-06,0.0018958282468053255
TRTLLM,1.2.0rc6,NVIDIA GB200,mla_context,default,float16,fp8,64,4,16,2,0,0.0253013322750727,20971520,3932160,5.333333333333333,312.5,0.017066666666666664,8.388608e-06,0.00049152,0.0003315480745756854,0.019426644994669066
TRTLLM,1.2.0rc6,NVIDIA GB200,mla_context,default,float16,fp8,64,4,16,2,0,0.0255733331044514,20971520,3932160,5.333333333333333,312.5,0.017066666666666664,8.388608e-06,0.00049152,0.0003280216921954473,0.01922002102707699
TRTLLM,1.2.0rc6,NVIDIA GB200,mla_context,default,float16,float16,64,4,16,2,0,0.0191253336767355,20971520,5242880,4.0,312.5,0.0128,8.388608e-06,0.00065536,0.0004386123736081059,0.03426659168813327
TRTLLM,1.2.0rc6,NVIDIA GB200,mla_context,default,float16,float16,64,4,16,2,0,0.0192319999138514,20971520,5242880,4.0,312.5,0.0128,8.388608e-06,0.00065536,0.0004361797024530091,0.034076539254141336
TRTLLM,1.2.0rc6,NVIDIA GB200,mla_context,default,float16,fp8,64,4,32,2,0,0.0253493338823318,83886080,7864320,10.666666666666666,312.5,0.03413333333333333,3.3554432e-05,0.00098304,0.0013236810148840661,0.038779717232931624
TRTLLM,1.2.0rc6,NVIDIA GB200,mla_context,default,float16,fp8,64,4,32,2,0,0.0254346678654352,83886080,7864320,10.666666666666666,312.5,0.03413333333333333,3.3554432e-05,0.00098304,0.0013192400300850505,0.03864961025639796
TRTLLM,1.2.0rc6,NVIDIA GB200,mla_context,default,float16,float16,64,4,32,2,0,0.0190986668070157,83886080,10485760,8.0,312.5,0.0256,3.3554432e-05,0.00131072,0.0017568991772595414,0.06862887411170084
TRTLLM,1.2.0rc6,NVIDIA GB200,mla_context,default,float16,float16,64,4,32,2,0,0.0212693338592847,83886080,10485760,8.0,312.5,0.0256,3.3554432e-05,0.00131072,0.0015775967513600565,0.06162487310000222
TRTLLM,1.2.0rc6,NVIDIA GB200,mla_context,default,float16,fp8,64,4,64,2,0,0.0257493332028388,335544320,15728640,21.333333333333332,312.5,0.06826666666666666,0.000134217728,0.00196608,0.0052124739286531436,0.07635459856425503
TRTLLM,1.2.0rc6,NVIDIA GB200,mla_context,default,float16,fp8,64,4,64,2,0,0.0283466676870981,335544320,15728640,21.333333333333332,312.5,0.06826666666666666,0.000134217728,0.00196608,0.004734867938677984,0.06935841707047828
TRTLLM,1.2.0rc6,NVIDIA GB200,mla_context,default,float16,float16,64,4,64,2,0,0.0211146672566731,335544320,20971520,16.0,312.5,0.0512,0.000134217728,0.00262144,0.006356611087848505,0.12415256030954111
TRTLLM,1.2.0rc6,NVIDIA GB200,mla_context,default,float16,float16,64,4,64,2,0,0.0214293325940767,335544320,20971520,16.0,312.5,0.0512,0.000134217728,0.00262144,0.006263271495310089,0.12232952139277518
TRTLLM,1.2.0rc6,NVIDIA GB200,mla_context,default,float16,fp8,64,4,128,2,0,0.0316853324572245,1342177280,31457280,42.666666666666664,312.5,0.1365333333333333,0.000536870912,0.00393216,0.016943830800095937,0.12410032324289016
TRTLLM,1.2.0rc6,NVIDIA GB200,mla_context,default,float16,fp8,64,4,128,2,0,0.0329013342658678,1342177280,31457280,42.666666666666664,312.5,0.1365333333333333,0.000536870912,0.00393216,0.016317603038882095,0.11951369413243722
TRTLLM,1.2.0rc6,NVIDIA GB200,mla_context,default,float16,float16,64,4,128,2,0,0.0233919993042945,1342177280,41943040,32.0,312.5,0.1024,0.000536870912,0.00524288,0.02295104856220805,0.224131333615313
TRTLLM,1.2.0rc6,NVIDIA GB200,mla_context,default,float16,float16,64,4,128,2,0,0.0253653327624003,1342177280,41943040,32.0,312.5,0.1024,0.000536870912,0.00524288,0.02116553790281111,0.20669470608213975
TRTLLM,1.2.0rc6,NVIDIA GB200,mla_context,default,float16,fp8,64,4,256,2,0,0.0567573308944702,5368709120,62914560,85.33333333333333,312.5,0.2730666666666666,0.002147483648,0.00786432,0.037836233912987384,0.13856042692744402
TRTLLM,1.2.0rc6,NVIDIA GB200,mla_context,default,float16,fp8,64,4,256,2,0,0.056917334596316,5368709120,62914560,85.33333333333333,312.5,0.2730666666666666,0.002147483648,0.00786432,0.037729870227250537,0.13817091147674757
TRTLLM,1.2.0rc6,NVIDIA GB200,mla_context,default,float16,float16,64,4,256,2,0,0.0316959992051124,5368709120,83886080,64.0,312.5,0.2048,0.002147483648,0.01048576,0.06775251457141701,0.3308228250557471
TRTLLM,1.2.0rc6,NVIDIA GB200,mla_context,default,float16,float16,64,4,256,2,0,0.0321866671244303,5368709120,83886080,64.0,312.5,0.2048,0.002147483648,0.01048576,0.06671966499973582,0.3257796142565226
TRTLLM,1.2.0rc6,NVIDIA GB200,mla_context,default,float16,fp8,64,4,512,2,0,0.1001386642456054,21474836480,125829120,170.66666666666666,312.5,0.5461333333333332,0.008589934592,0.01572864,0.08578039917660446,0.15706860200794273
TRTLLM,1.2.0rc6,NVIDIA GB200,mla_context,default,float16,fp8,64,4,512,2,0,0.1016159951686859,21474836480,125829120,170.66666666666666,312.5,0.5461333333333332,0.008589934592,0.01572864,0.08453329200526379,0.15478508057604454
TRTLLM,1.2.0rc6,NVIDIA GB200,mla_context,default,float16,float16,64,4,512,2,0,0.0652373333772023,21474836480,167772160,128.0,312.5,0.4096,0.008589934592,0.02097152,0.1316720679297695,0.3214650095941638
TRTLLM,1.2.0rc6,NVIDIA GB200,mla_context,default,float16,float16,64,4,512,2,0,0.0668373356262842,21474836480,167772160,128.0,312.5,0.4096,0.008589934592,0.02097152,0.12852000325132582,0.31376953918780714
TRTLLM,1.2.0rc6,NVIDIA GB200,mla_context,default,float16,fp8,64,4,1024,2,0,0.199941337108612,85899345920,251658240,341.3333333333333,312.5,1.0922666666666665,0.034359738368,0.03145728,0.17184909766475717,0.15733254791084944
TRTLLM,1.2.0rc6,NVIDIA GB200,mla_context,default,float16,fp8,64,4,1024,2,0,0.2015786568323771,85899345920,251658240,341.3333333333333,312.5,1.0922666666666665,0.034359738368,0.03145728,0.1704532558552162,0.1560546165666652
TRTLLM,1.2.0rc6,NVIDIA GB200,mla_context,default,float16,float16,64,4,1024,2,0,0.1449013352394104,85899345920,335544320,256.0,312.5,0.8192,0.034359738368,0.04194304,0.23712506383208817,0.28945930643565454
TRTLLM,1.2.0rc6,NVIDIA GB200,mla_context,default,float16,float16,64,4,1024,2,0,0.1471360027790069,85899345920,335544320,256.0,312.5,0.8192,0.034359738368,0.04194304,0.23352366327096105,0.2850630655163099
TRTLLM,1.2.0rc6,NVIDIA GB200,mla_context,default,float16,fp8,64,4,1536,2,0,0.3182079990704854,193273528320,377487360,512.0,312.5,1.6384,0.077309411328,0.04718592,0.2429524447965728,0.1482864042947832
TRTLLM,1.2.0rc6,NVIDIA GB200,mla_context,default,float16,fp8,64,4,1536,2,0,0.3194400072097778,193273528320,377487360,512.0,312.5,1.6384,0.077309411328,0.04718592,0.2420154319531759,0.14771449704173334
TRTLLM,1.2.0rc6,NVIDIA GB200,mla_context,default,float16,float16,64,4,1536,2,0,0.2483999927838643,193273528320,503316480,384.0,312.5,1.2288,0.077309411328,0.06291456,0.3112295232442612,0.2532792344110198
TRTLLM,1.2.0rc6,NVIDIA GB200,mla_context,default,float16,float16,64,4,1536,2,0,0.2539786696434021,193273528320,503316480,384.0,312.5,1.2288,0.077309411328,0.06291456,0.30439332340997777,0.247715920743797
TRTLLM,1.2.0rc6,NVIDIA GB200,mla_context,default,float16,fp8,64,4,2048,2,0,0.4544693231582641,343597383680,503316480,682.6666666666666,312.5,2.184533333333333,0.137438953472,0.06291456,0.3024163490659596,0.1384352183834654
TRTLLM,1.2.0rc6,NVIDIA GB200,mla_context,default,float16,fp8,64,4,2048,2,0,0.4555413325627644,343597383680,503316480,682.6666666666666,312.5,2.184533333333333,0.137438953472,0.06291456,0.30170468330239536,0.1381094436503885
TRTLLM,1.2.0rc6,NVIDIA GB200,mla_context,default,float16,float16,64,4,2048,2,0,0.3725813229878743,343597383680,671088640,512.0,312.5,1.6384,0.137438953472,0.08388608,0.36888310012381637,0.22514837654041528
TRTLLM,1.2.0rc6,NVIDIA GB200,mla_context,default,float16,float16,64,4,2048,2,0,0.3761066595713297,343597383680,671088640,512.0,312.5,1.6384,0.137438953472,0.08388608,0.3654254716697839,0.22303800761095208
TRTLLM,1.2.0rc6,NVIDIA GB200,mla_context,default,float16,fp8,64,4,3072,2,0,0.7849173545837402,773094113280,754974720,1024.0,312.5,3.2768,0.309237645312,0.09437184,0.3939747841044945,0.12023156253188919
TRTLLM,1.2.0rc6,NVIDIA GB200,mla_context,default,float16,fp8,64,4,3072,2,0,0.7865599791208903,773094113280,754974720,1024.0,312.5,3.2768,0.309237645312,0.09437184,0.3931520208511292,0.11998047511325964
TRTLLM,1.2.0rc6,NVIDIA GB200,mla_context,default,float16,float16,64,4,3072,2,0,0.7151467005411783,773094113280,1006632960,768.0,312.5,2.4576,0.309237645312,0.12582912,0.43241148295585824,0.1759486828433668
TRTLLM,1.2.0rc6,NVIDIA GB200,mla_context,default,float16,float16,64,4,3072,2,0,0.7153173287709554,773094113280,1006632960,768.0,312.5,2.4576,0.309237645312,0.12582912,0.4323083376762677,0.17590671292165838
TRTLLM,1.2.0rc6,NVIDIA GB200,mla_context,default,float16,fp8,64,4,4096,2,0,1.202586650848389,1374389534720,1006632960,1365.3333333333333,312.5,4.369066666666666,0.549755813888,0.12582912,0.45714445067236004,0.10463206115852966
TRTLLM,1.2.0rc6,NVIDIA GB200,mla_context,default,float16,fp8,64,4,4096,2,0,1.2047733465830486,1374389534720,1006632960,1365.3333333333333,312.5,4.369066666666666,0.549755813888,0.12582912,0.45631472131019934,0.10444215117878707
TRTLLM,1.2.0rc6,NVIDIA GB200,mla_context,default,float16,float16,64,4,4096,2,0,1.1345547040303547,1374389534720,1342177280,1024.0,312.5,3.2768,0.549755813888,0.16777216,0.4845564624914652,0.14787489700056922
TRTLLM,1.2.0rc6,NVIDIA GB200,mla_context,default,float16,float16,64,4,4096,2,0,1.1354293028513591,1374389534720,1342177280,1024.0,312.5,3.2768,0.549755813888,0.16777216,0.4841832181954612,0.14776099188093908
TRTLLM,1.2.0rc6,NVIDIA GB200,mla_context,default,float16,fp8,64,4,6144,2,0,2.220245361328125,3092376453120,1509949440,2048.0,312.5,6.5536,1.236950581248,0.18874368,0.5571233714944327,0.08501028007422375
TRTLLM,1.2.0rc6,NVIDIA GB200,mla_context,default,float16,fp8,64,4,6144,2,0,2.222208023071289,3092376453120,1509949440,2048.0,312.5,6.5536,1.236950581248,0.18874368,0.5566313182230457,0.08493519870346766
TRTLLM,1.2.0rc6,NVIDIA GB200,mla_context,default,float16,float16,64,4,6144,2,0,2.238879998524984,3092376453120,2013265920,1536.0,312.5,4.9152,1.236950581248,0.25165824,0.5524863244403122,0.11240363046067549
TRTLLM,1.2.0rc6,NVIDIA GB200,mla_context,default,float16,float16,64,4,6144,2,0,2.387258688608805,3092376453120,2013265920,1536.0,312.5,4.9152,1.236950581248,0.25165824,0.5181468548634095,0.10541724749011423
TRTLLM,1.2.0rc6,NVIDIA GB200,mla_context,default,float16,fp8,64,4,8192,2,0,3.5857226053873696,5497558138880,2013265920,2730.6666666666665,312.5,8.738133333333332,2.199023255552,0.25165824,0.6132719949524476,0.07018341006688471
TRTLLM,1.2.0rc6,NVIDIA GB200,mla_context,default,float16,fp8,64,4,8192,2,0,3.60588804880778,5497558138880,2013265920,2730.6666666666665,312.5,8.738133333333332,2.199023255552,0.25165824,0.6098423538908997,0.06979091879549786
TRTLLM,1.2.0rc6,NVIDIA GB200,mla_context,default,float16,float16,64,4,8192,2,0,4.315829277038574,5497558138880,2684354560,2048.0,312.5,6.5536,2.199023255552,0.33554432,0.5095250795140165,0.07774735710357919
TRTLLM,1.2.0rc6,NVIDIA GB200,mla_context,default,float16,float16,64,4,8192,2,0,4.364517211914063,5497558138880,2684354560,2048.0,312.5,6.5536,2.199023255552,0.33554432,0.5038411234922399,0.07688005424381102
TRTLLM,1.2.0rc6,NVIDIA GB200,mla_context,default,float16,fp8,64,4,10240,2,0,5.345482508341472,8589934592000,2516582400,3413.3333333333335,312.5,10.922666666666666,3.4359738368,0.3145728,0.6427808586854904,0.05884834521656711
TRTLLM,1.2.0rc6,NVIDIA GB200,mla_context,default,float16,fp8,64,4,10240,2,0,5.377381642659505,8589934592000,2516582400,3413.3333333333335,312.5,10.922666666666666,3.4359738368,0.3145728,0.6389678220980168,0.058499251290711984
TRTLLM,1.2.0rc6,NVIDIA GB200,mla_context,default,float16,float16,64,4,10240,2,0,6.800906499226888,8589934592000,3355443200,2560.0,312.5,8.192,3.4359738368,0.41943040000000004,0.5052229195020684,0.06167271966577984
TRTLLM,1.2.0rc6,NVIDIA GB200,mla_context,default,float16,float16,64,4,10240,2,0,6.99891726175944,8589934592000,3355443200,2560.0,312.5,8.192,3.4359738368,0.41943040000000004,0.49092934068150984,0.059927898032410866
TRTLLM,1.2.0rc6,NVIDIA GB200,mla_context,default,float16,fp8,64,4,12288,2,0,7.376181284586589,12369505812480,3019898880,4096.0,312.5,13.1072,4.947802324992,0.37748736,0.6707810090474624,0.051176529620930666
TRTLLM,1.2.0rc6,NVIDIA GB200,mla_context,default,float16,fp8,64,4,12288,2,0,7.556986490885417,12369505812480,3019898880,4096.0,312.5,13.1072,4.947802324992,0.37748736,0.6547321913251546,0.04995210199929464
TRTLLM,1.2.0rc6,NVIDIA GB200,mla_context,default,float16,float16,64,4,12288,2,0,9.72370147705078,12369505812480,4026531840,3072.0,312.5,9.8304,4.947802324992,0.50331648,0.5088393896778369,0.05176181942523569
TRTLLM,1.2.0rc6,NVIDIA GB200,mla_context,default,float16,float16,64,4,12288,2,0,10.003189086914062,12369505812480,4026531840,3072.0,312.5,9.8304,4.947802324992,0.50331648,0.4946224930871894,0.050315601917235254
TRTLLM,1.2.0rc6,NVIDIA GB200,mla_context,default,float16,fp8,64,4,16384,2,0,12.37054443359375,21990232555520,4026531840,5461.333333333333,312.5,17.476266666666664,8.796093022208,0.50331648,0.711051406785389,0.0406866878577455
TRTLLM,1.2.0rc6,NVIDIA GB200,mla_context,default,float16,fp8,64,4,16384,2,0,12.54372787475586,21990232555520,4026531840,5461.333333333333,312.5,17.476266666666664,8.796093022208,0.50331648,0.7012343627056881,0.040124952089635166
TRTLLM,1.2.0rc6,NVIDIA GB200,mla_context,default,float16,float16,64,4,16384,2,0,16.78262456258138,21990232555520,5368709120,4096.0,312.5,13.1072,8.796093022208,0.67108864,0.5241190368888912,0.03998710913764123
TRTLLM,1.2.0rc6,NVIDIA GB200,mla_context,default,float16,float16,64,4,16384,2,0,17.22922643025716,21990232555520,5368709120,4096.0,312.5,13.1072,8.796093022208,0.67108864,0.510533253353773,0.03895059611158546
TRTLLM,1.2.0rc6,NVIDIA GB200,mla_context,default,float16,fp8,64,2,1,2,0,0.0190026660760243,40960,122880,0.3333333333333333,312.5,0.0010666666666666665,1.6384e-08,1.536e-05,8.621948064788511e-07,0.0008083076310739229
TRTLLM,1.2.0rc6,NVIDIA GB200,mla_context,default,float16,fp8,64,2,1,2,0,0.0193173338969548,40960,122880,0.3333333333333333,312.5,0.0010666666666666665,1.6384e-08,1.536e-05,8.48150168516929e-07,0.0007951407829846209
TRTLLM,1.2.0rc6,NVIDIA GB200,mla_context,default,float16,float16,64,2,1,2,0,0.0169973336160182,40960,163840,0.25,312.5,0.0008,1.6384e-08,2.048e-05,9.639158923467739e-07,0.0012048948654334673
TRTLLM,1.2.0rc6,NVIDIA GB200,mla_context,default,float16,float16,64,2,1,2,0,0.0170453327397505,40960,163840,0.25,312.5,0.0008,1.6384e-08,2.048e-05,9.612015353500116e-07,0.0012015019191875145
TRTLLM,1.2.0rc6,NVIDIA GB200,mla_context,default,float16,fp8,64,2,16,2,0,0.0193599996467431,10485760,1966080,5.333333333333333,312.5,0.017066666666666664,4.194304e-06,0.00024576,0.00021664793783741627,0.01269421510766111
TRTLLM,1.2.0rc6,NVIDIA GB200,mla_context,default,float16,fp8,64,2,16,2,0,0.0194453336298465,10485760,1966080,5.333333333333333,312.5,0.017066666666666664,4.194304e-06,0.00024576,0.0002156971991245341,0.012638507761203168
TRTLLM,1.2.0rc6,NVIDIA GB200,mla_context,default,float16,float16,64,2,16,2,0,0.0170453327397505,10485760,2621440,4.0,312.5,0.0128,4.194304e-06,0.00032768,0.00024606759304960296,0.019224030707000232
TRTLLM,1.2.0rc6,NVIDIA GB200,mla_context,default,float16,float16,64,2,16,2,0,0.0171946672101815,10485760,2621440,4.0,312.5,0.0128,4.194304e-06,0.00032768,0.00024393051338128958,0.01905707135791325
TRTLLM,1.2.0rc6,NVIDIA GB200,mla_context,default,float16,fp8,64,2,32,2,0,0.021546666820844,41943040,3932160,10.666666666666666,312.5,0.03413333333333333,1.6777216e-05,0.00049152,0.0007786455389828515,0.022811881024888226
TRTLLM,1.2.0rc6,NVIDIA GB200,mla_context,default,float16,fp8,64,2,32,2,0,0.0216373329361279,41943040,3932160,10.666666666666666,312.5,0.03413333333333333,1.6777216e-05,0.00049152,0.0007753828094028653,0.02271629324422457
TRTLLM,1.2.0rc6,NVIDIA GB200,mla_context,default,float16,float16,64,2,32,2,0,0.0154186661044756,41943040,5242880,8.0,312.5,0.0256,1.6777216e-05,0.00065536,0.0010881107280175197,0.04250432531318437
TRTLLM,1.2.0rc6,NVIDIA GB200,mla_context,default,float16,float16,64,2,32,2,0,0.0170506661136945,41943040,5242880,8.0,312.5,0.0256,1.6777216e-05,0.00065536,0.000983962496721763,0.038436035028193864
TRTLLM,1.2.0rc6,NVIDIA GB200,mla_context,default,float16,fp8,64,2,64,2,0,0.0234080006678899,167772160,7864320,21.333333333333332,312.5,0.06826666666666666,6.7108864e-05,0.00098304,0.002866919945540547,0.0419958976397541
TRTLLM,1.2.0rc6,NVIDIA GB200,mla_context,default,float16,fp8,64,2,64,2,0,0.0236426666378974,167772160,7864320,21.333333333333332,312.5,0.06826666666666666,6.7108864e-05,0.00098304,0.002838464248885935,0.04157906614579006
TRTLLM,1.2.0rc6,NVIDIA GB200,mla_context,default,float16,float16,64,2,64,2,0,0.0172479997078577,167772160,10485760,16.0,312.5,0.0512,6.7108864e-05,0.00131072,0.003890820103007487,0.07599258013686498
TRTLLM,1.2.0rc6,NVIDIA GB200,mla_context,default,float16,float16,64,2,64,2,0,0.0176906672616799,167772160,10485760,16.0,312.5,0.0512,6.7108864e-05,0.00131072,0.003793461434061666,0.07409104363401692
TRTLLM,1.2.0rc6,NVIDIA GB200,mla_context,default,float16,fp8,64,2,128,2,0,0.0232853343089421,671088640,15728640,42.666666666666664,312.5,0.1365333333333333,0.000268435456,0.00196608,0.011528091134036871,0.08443426123562162
TRTLLM,1.2.0rc6,NVIDIA GB200,mla_context,default,float16,fp8,64,2,128,2,0,0.0237546662489573,671088640,15728640,42.666666666666664,312.5,0.1365333333333333,0.000268435456,0.00196608,0.011300325299741176,0.08276605444146369
TRTLLM,1.2.0rc6,NVIDIA GB200,mla_context,default,float16,float16,64,2,128,2,0,0.0193599996467431,671088640,20971520,32.0,312.5,0.1024,0.000268435456,0.00262144,0.013865468021594642,0.13540496114838518
TRTLLM,1.2.0rc6,NVIDIA GB200,mla_context,default,float16,float16,64,2,128,2,0,0.0194879993796348,671088640,20971520,32.0,312.5,0.1024,0.000268435456,0.00262144,0.013774397811225216,0.13451560362524626
TRTLLM,1.2.0rc6,NVIDIA GB200,mla_context,default,float16,fp8,64,2,256,2,0,0.0304799998799959,2684354560,31457280,85.33333333333333,312.5,0.2730666666666666,0.001073741824,0.00393216,0.03522775026993026,0.12900787452367038
TRTLLM,1.2.0rc6,NVIDIA GB200,mla_context,default,float16,fp8,64,2,256,2,0,0.0315519993503888,2684354560,31457280,85.33333333333333,312.5,0.2730666666666666,0.001073741824,0.00393216,0.03403086479801062,0.12462474901615214
TRTLLM,1.2.0rc6,NVIDIA GB200,mla_context,default,float16,float16,64,2,256,2,0,0.0231946657101313,2684354560,41943040,64.0,312.5,0.2048,0.001073741824,0.00524288,0.04629261906245088,0.22603817901587345
TRTLLM,1.2.0rc6,NVIDIA GB200,mla_context,default,float16,float16,64,2,256,2,0,0.023647998770078,2684354560,41943040,64.0,312.5,0.2048,0.001073741824,0.00524288,0.04540518774715998,0.2217050182966796
TRTLLM,1.2.0rc6,NVIDIA GB200,mla_context,default,float16,fp8,64,2,512,2,0,0.0616373320420583,10737418240,62914560,170.66666666666666,312.5,0.5461333333333332,0.004294967296,0.00786432,0.06968126545563855,0.1275902077434788
TRTLLM,1.2.0rc6,NVIDIA GB200,mla_context,default,float16,fp8,64,2,512,2,0,0.0625066657861073,10737418240,62914560,170.66666666666666,312.5,0.5461333333333332,0.004294967296,0.00786432,0.06871214840825181,0.12581570143112514
TRTLLM,1.2.0rc6,NVIDIA GB200,mla_context,default,float16,float16,64,2,512,2,0,0.0395946676532427,10737418240,83886080,128.0,312.5,0.4096,0.004294967296,0.01048576,0.1084733766075254,0.26482757960821635
TRTLLM,1.2.0rc6,NVIDIA GB200,mla_context,default,float16,float16,64,2,512,2,0,0.0401706670721372,10737418240,83886080,128.0,312.5,0.4096,0.004294967296,0.01048576,0.10691799785866725,0.2610302682096368
TRTLLM,1.2.0rc6,NVIDIA GB200,mla_context,default,float16,fp8,64,2,1024,2,0,0.1152480045954386,42949672960,125829120,341.3333333333333,312.5,1.0922666666666665,0.017179869184,0.01572864,0.14906869098781741,0.13647646269636604
TRTLLM,1.2.0rc6,NVIDIA GB200,mla_context,default,float16,fp8,64,2,1024,2,0,0.1159999966621398,42949672960,125829120,341.3333333333333,312.5,1.0922666666666665,0.017179869184,0.01572864,0.14810232481331773,0.13559172803953648
TRTLLM,1.2.0rc6,NVIDIA GB200,mla_context,default,float16,float16,64,2,1024,2,0,0.0833279987176259,42949672960,167772160,256.0,312.5,0.8192,0.017179869184,0.02097152,0.20617162836488523,0.25167435103135405
TRTLLM,1.2.0rc6,NVIDIA GB200,mla_context,default,float16,float16,64,2,1024,2,0,0.0836533308029174,42949672960,167772160,256.0,312.5,0.8192,0.017179869184,0.02097152,0.20536981634927146,0.2506955765982318
TRTLLM,1.2.0rc6,NVIDIA GB200,mla_context,default,float16,fp8,64,2,1536,2,0,0.1780213316281636,96636764160,188743680,512.0,312.5,1.6384,0.038654705664,0.02359296,0.21713524615543706,0.13252883676479313
TRTLLM,1.2.0rc6,NVIDIA GB200,mla_context,default,float16,fp8,64,2,1536,2,0,0.180021325747172,96636764160,188743680,512.0,312.5,1.6384,0.038654705664,0.02359296,0.2147229252065834,0.1310564729044088
TRTLLM,1.2.0rc6,NVIDIA GB200,mla_context,default,float16,float16,64,2,1536,2,0,0.1385760009288787,96636764160,251658240,384.0,312.5,1.2288,0.038654705664,0.03145728,0.2789422800838273,0.22700380866196884
TRTLLM,1.2.0rc6,NVIDIA GB200,mla_context,default,float16,float16,64,2,1536,2,0,0.1412106653054555,96636764160,251658240,384.0,312.5,1.2288,0.038654705664,0.03145728,0.2737378623660278,0.22276844268068668
TRTLLM,1.2.0rc6,NVIDIA GB200,mla_context,default,float16,fp8,64,2,2048,2,0,0.247648000717163,171798691840,251658240,682.6666666666666,312.5,2.184533333333333,0.068719476736,0.03145728,0.27748851812651626,0.12702416296074656
TRTLLM,1.2.0rc6,NVIDIA GB200,mla_context,default,float16,fp8,64,2,2048,2,0,0.2482773264249166,171798691840,251658240,682.6666666666666,312.5,2.184533333333333,0.068719476736,0.03145728,0.2767851487911925,0.12670218603112446
TRTLLM,1.2.0rc6,NVIDIA GB200,mla_context,default,float16,float16,64,2,2048,2,0,0.2054400046666463,171798691840,335544320,512.0,312.5,1.6384,0.068719476736,0.04194304,0.33449900299363056,0.2041619891318546
TRTLLM,1.2.0rc6,NVIDIA GB200,mla_context,default,float16,float16,64,2,2048,2,0,0.208570659160614,171798691840,335544320,512.0,312.5,1.6384,0.068719476736,0.04194304,0.32947815868521174,0.20109750896314194
TRTLLM,1.2.0rc6,NVIDIA GB200,mla_context,default,float16,fp8,64,2,3072,2,0,0.4136906862258911,386547056640,377487360,1024.0,312.5,3.2768,0.154618822656,0.04718592,0.3737546621283423,0.11406087101084665
TRTLLM,1.2.0rc6,NVIDIA GB200,mla_context,default,float16,fp8,64,2,3072,2,0,0.4181546767552693,386547056640,377487360,1024.0,312.5,3.2768,0.154618822656,0.04718592,0.36976466186098106,0.11284321956206698
TRTLLM,1.2.0rc6,NVIDIA GB200,mla_context,default,float16,float16,64,2,3072,2,0,0.3742560148239136,386547056640,503316480,768.0,312.5,2.4576,0.154618822656,0.06291456,0.4131365069142515,0.16810567501393697
TRTLLM,1.2.0rc6,NVIDIA GB200,mla_context,default,float16,float16,64,2,3072,2,0,0.3765920003255208,386547056640,503316480,768.0,312.5,2.4576,0.154618822656,0.06291456,0.41057383726247415,0.1670629220631812
TRTLLM,1.2.0rc6,NVIDIA GB200,mla_context,default,float16,fp8,64,2,4096,2,0,0.6249279975891113,687194767360,503316480,1365.3333333333333,312.5,4.369066666666666,0.274877906944,0.06291456,0.43985532414044853,0.10067489413615001
TRTLLM,1.2.0rc6,NVIDIA GB200,mla_context,default,float16,fp8,64,2,4096,2,0,0.6251466671625773,687194767360,503316480,1365.3333333333333,312.5,4.369066666666666,0.274877906944,0.06291456,0.43970146748381295,0.10063967914210806
TRTLLM,1.2.0rc6,NVIDIA GB200,mla_context,default,float16,float16,64,2,4096,2,0,0.5861706733703613,687194767360,671088640,1024.0,312.5,3.2768,0.274877906944,0.08388608,0.46893834753538305,0.14310862656719453
TRTLLM,1.2.0rc6,NVIDIA GB200,mla_context,default,float16,float16,64,2,4096,2,0,0.6049280166625977,687194767360,671088640,1024.0,312.5,3.2768,0.274877906944,0.08388608,0.45439771240966487,0.1386711768828323
TRTLLM,1.2.0rc6,NVIDIA GB200,mla_context,default,float16,fp8,64,2,6144,2,0,1.1406933466593423,1546188226560,754974720,2048.0,312.5,6.5536,0.618475290624,0.09437184,0.542192423963267,0.08273199828541061
TRTLLM,1.2.0rc6,NVIDIA GB200,mla_context,default,float16,fp8,64,2,6144,2,0,1.1433066527048747,1546188226560,754974720,2048.0,312.5,6.5536,0.618475290624,0.09437184,0.5409531110142581,0.0825428941366971
TRTLLM,1.2.0rc6,NVIDIA GB200,mla_context,default,float16,float16,64,2,6144,2,0,1.151583989461263,1546188226560,1006632960,1536.0,312.5,4.9152,0.618475290624,0.12582912,0.5370648570004318,0.10926612487801754
TRTLLM,1.2.0rc6,NVIDIA GB200,mla_context,default,float16,float16,64,2,6144,2,0,1.179375966389974,1546188226560,1006632960,1536.0,312.5,4.9152,0.618475290624,0.12582912,0.5244089317142266,0.10669127028691133
TRTLLM,1.2.0rc6,NVIDIA GB200,mla_context,default,float16,fp8,64,2,8192,2,0,1.806106726328532,2748779069440,1006632960,2730.6666666666665,312.5,8.738133333333332,1.099511627776,0.12582912,0.6087744493433651,0.069668706818775
TRTLLM,1.2.0rc6,NVIDIA GB200,mla_context,default,float16,fp8,64,2,8192,2,0,1.806341330210368,2748779069440,1006632960,2730.6666666666665,312.5,8.738133333333332,1.099511627776,0.12582912,0.6086953829750161,0.06965965839100068
TRTLLM,1.2.0rc6,NVIDIA GB200,mla_context,default,float16,float16,64,2,8192,2,0,2.027242660522461,2748779069440,1342177280,2048.0,312.5,6.5536,1.099511627776,0.16777216,0.5423680396961624,0.08275879511965369
TRTLLM,1.2.0rc6,NVIDIA GB200,mla_context,default,float16,float16,64,2,8192,2,0,2.0493547121683755,2748779069440,1342177280,2048.0,312.5,6.5536,1.099511627776,0.16777216,0.5365160170894143,0.08186584733420019
TRTLLM,1.2.0rc6,NVIDIA GB200,mla_context,default,float16,fp8,64,2,10240,2,0,2.6222666104634604,4294967296000,1258291200,3413.3333333333335,312.5,10.922666666666666,1.7179869184,0.1572864,0.6551534125267158,0.0599810863519332
TRTLLM,1.2.0rc6,NVIDIA GB200,mla_context,default,float16,fp8,64,2,10240,2,0,2.6254026095072427,4294967296000,1258291200,3413.3333333333335,312.5,10.922666666666666,1.7179869184,0.1572864,0.654370842848536,0.05990943995805687
TRTLLM,1.2.0rc6,NVIDIA GB200,mla_context,default,float16,float16,64,2,10240,2,0,3.0159788131713867,4294967296000,1677721600,2560.0,312.5,8.192,1.7179869184,0.20971520000000002,0.5696283113452937,0.0695347059747673
TRTLLM,1.2.0rc6,NVIDIA GB200,mla_context,default,float16,float16,64,2,10240,2,0,3.07478936513265,4294967296000,1677721600,2560.0,312.5,8.192,1.7179869184,0.20971520000000002,0.5587332055592316,0.06820473700674214
TRTLLM,1.2.0rc6,NVIDIA GB200,mla_context,default,float16,fp8,64,2,12288,2,0,3.580469449361165,6184752906240,1509949440,4096.0,312.5,13.1072,2.473901162496,0.18874368,0.6909432401210401,0.052714785775836194
TRTLLM,1.2.0rc6,NVIDIA GB200,mla_context,default,float16,fp8,64,2,12288,2,0,3.6400534311930337,6184752906240,1509949440,4096.0,312.5,13.1072,2.473901162496,0.18874368,0.6796332002426608,0.05185189821187293
TRTLLM,1.2.0rc6,NVIDIA GB200,mla_context,default,float16,float16,64,2,12288,2,0,4.698554674784343,6184752906240,2013265920,3072.0,312.5,9.8304,2.473901162496,0.25165824,0.5265238639815442,0.05356077717911216
TRTLLM,1.2.0rc6,NVIDIA GB200,mla_context,default,float16,float16,64,2,12288,2,0,4.806506792704265,6184752906240,2013265920,3072.0,312.5,9.8304,2.473901162496,0.25165824,0.5146983597840958,0.05235782468506833
TRTLLM,1.2.0rc6,NVIDIA GB200,mla_context,default,float16,fp8,64,2,16384,2,0,6.181903839111328,10995116277760,2013265920,5461.333333333333,312.5,17.476266666666664,4.398046511104,0.25165824,0.7114388423965254,0.04070885710124161
TRTLLM,1.2.0rc6,NVIDIA GB200,mla_context,default,float16,fp8,64,2,16384,2,0,6.4661865234375,10995116277760,2013265920,5461.333333333333,312.5,17.476266666666664,4.398046511104,0.25165824,0.680160786448509,0.03891911238375715
TRTLLM,1.2.0rc6,NVIDIA GB200,mla_context,default,float16,float16,64,2,16384,2,0,8.181631724039713,10995116277760,2684354560,4096.0,312.5,13.1072,4.398046511104,0.33554432,0.5375512684323619,0.04101190707644363
TRTLLM,1.2.0rc6,NVIDIA GB200,mla_context,default,float16,float16,64,2,16384,2,0,8.577509562174479,10995116277760,2684354560,4096.0,312.5,13.1072,4.398046511104,0.33554432,0.512741662276743,0.03911908434118217
TRTLLM,1.2.0rc6,NVIDIA GB200,mla_context,default,float16,fp8,64,2,32768,2,0,22.406705220540363,43980465111040,4026531840,10922.666666666666,312.5,34.95253333333333,17.592186044416,0.50331648,0.7851304273101757,0.02246276170664336
TRTLLM,1.2.0rc6,NVIDIA GB200,mla_context,default,float16,fp8,64,2,32768,2,0,22.954073588053387,43980465111040,4026531840,10922.666666666666,312.5,34.95253333333333,17.592186044416,0.50331648,0.766408018033539,0.021927109280592123
TRTLLM,1.2.0rc6,NVIDIA GB200,mla_context,default,float16,float16,64,2,32768,2,0,33.65637969970703,43980465111040,5368709120,8192.0,312.5,26.2144,17.592186044416,0.67108864,0.5226998923050875,0.019939418499186994
TRTLLM,1.2.0rc6,NVIDIA GB200,mla_context,default,float16,float16,64,2,32768,2,0,34.71117401123047,43980465111040,5368709120,8192.0,312.5,26.2144,17.592186044416,0.67108864,0.506816221160489,0.019333504530353127
TRTLLM,1.2.0rc6,NVIDIA GB200,mla_context,default,float16,fp8,64,1,1,2,0,0.017360000560681,20480,61440,0.3333333333333333,312.5,0.0010666666666666665,8.192e-09,7.68e-06,4.718893856809094e-07,0.0004423962990758526
TRTLLM,1.2.0rc6,NVIDIA GB200,mla_context,default,float16,fp8,64,1,1,2,0,0.0198239994545777,20480,61440,0.3333333333333333,312.5,0.0010666666666666665,8.192e-09,7.68e-06,4.1323649240256246e-07,0.00038740921162740225
TRTLLM,1.2.0rc6,NVIDIA GB200,mla_context,default,float16,float16,64,1,1,2,0,0.015274666249752,20480,81920,0.25,312.5,0.0008,8.192e-09,1.024e-05,5.363128638004124e-07,0.0006703910797505155
TRTLLM,1.2.0rc6,NVIDIA GB200,mla_context,default,float16,float16,64,1,1,2,0,0.0154239994784196,20480,81920,0.25,312.5,0.0008,8.192e-09,1.024e-05,5.311203499106565e-07,0.0006639004373883206
TRTLLM,1.2.0rc6,NVIDIA GB200,mla_context,default,float16,fp8,64,1,16,2,0,0.017680000513792,5242880,983040,5.333333333333333,312.5,0.017066666666666664,2.097152e-06,0.00012288,0.00011861719112304504,0.006950226042365919
TRTLLM,1.2.0rc6,NVIDIA GB200,mla_context,default,float16,fp8,64,1,16,2,0,0.0191093335549036,5242880,983040,5.333333333333333,312.5,0.017066666666666664,2.097152e-06,0.00012288,0.0001097449052304524,0.00643036554084682
TRTLLM,1.2.0rc6,NVIDIA GB200,mla_context,default,float16,float16,64,1,16,2,0,0.0149173339207967,5242880,1310720,4.0,312.5,0.0128,2.097152e-06,0.00016384,0.0001405849068697388,0.010983195849198345
TRTLLM,1.2.0rc6,NVIDIA GB200,mla_context,default,float16,float16,64,1,16,2,0,0.0153706669807434,5242880,1310720,4.0,312.5,0.0128,2.097152e-06,0.00016384,0.00013643858152852725,0.01065926418191619
TRTLLM,1.2.0rc6,NVIDIA GB200,mla_context,default,float16,fp8,64,1,32,2,0,0.0196373338500658,20971520,1966080,10.666666666666666,312.5,0.03413333333333333,8.388608e-06,0.00024576,0.00042717652325149484,0.012514937204633638
TRTLLM,1.2.0rc6,NVIDIA GB200,mla_context,default,float16,fp8,64,1,32,2,0,0.0196746662259101,20971520,1966080,10.666666666666666,312.5,0.03413333333333333,8.388608e-06,0.00024576,0.0004263659623842978,0.012491190304227474
TRTLLM,1.2.0rc6,NVIDIA GB200,mla_context,default,float16,float16,64,1,32,2,0,0.0159679998954137,20971520,2621440,8.0,312.5,0.0256,8.388608e-06,0.00032768,0.0005253386807955429,0.020521042218575893
TRTLLM,1.2.0rc6,NVIDIA GB200,mla_context,default,float16,float16,64,1,32,2,0,0.0171039998531341,20971520,2621440,8.0,312.5,0.0256,8.388608e-06,0.00032768,0.0004904471510775235,0.019158091838965764
TRTLLM,1.2.0rc6,NVIDIA GB200,mla_context,default,float16,fp8,64,1,64,2,0,0.0215946659445762,83886080,3932160,21.333333333333332,312.5,0.06826666666666666,3.3554432e-05,0.00049152,0.0015538296395100134,0.02276117636000996
TRTLLM,1.2.0rc6,NVIDIA GB200,mla_context,default,float16,fp8,64,1,64,2,0,0.0234986667831738,83886080,3932160,21.333333333333332,312.5,0.06826666666666666,3.3554432e-05,0.00049152,0.0014279291803919114,0.020916931353397138
TRTLLM,1.2.0rc6,NVIDIA GB200,mla_context,default,float16,float16,64,1,64,2,0,0.0151199996471405,83886080,5242880,16.0,312.5,0.0512,3.3554432e-05,0.00065536,0.002219208517398731,0.04334391635544396
TRTLLM,1.2.0rc6,NVIDIA GB200,mla_context,default,float16,float16,64,1,64,2,0,0.0172586664557456,83886080,5242880,16.0,312.5,0.0512,3.3554432e-05,0.00065536,0.0019442076875429365,0.03797280639732298
TRTLLM,1.2.0rc6,NVIDIA GB200,mla_context,default,float16,fp8,64,1,128,2,0,0.023477333287398,335544320,7864320,42.666666666666664,312.5,0.1365333333333333,0.000134217728,0.00098304,0.005716906871703544,0.04187187650173494
TRTLLM,1.2.0rc6,NVIDIA GB200,mla_context,default,float16,fp8,64,1,128,2,0,0.0236053342620531,335544320,7864320,42.666666666666664,312.5,0.1365333333333333,0.000134217728,0.00098304,0.005685906689987548,0.04164482438955723
TRTLLM,1.2.0rc6,NVIDIA GB200,mla_context,default,float16,float16,64,1,128,2,0,0.0170613328615824,335544320,10485760,32.0,312.5,0.1024,0.000134217728,0.00131072,0.007866778585758839,0.07682400962655116
TRTLLM,1.2.0rc6,NVIDIA GB200,mla_context,default,float16,float16,64,1,128,2,0,0.017360000560681,335544320,10485760,32.0,312.5,0.1024,0.000134217728,0.00131072,0.00773143569499602,0.07550230170894551
TRTLLM,1.2.0rc6,NVIDIA GB200,mla_context,default,float16,fp8,64,1,256,2,0,0.0253706673781077,1342177280,15728640,85.33333333333333,312.5,0.2730666666666666,0.000536870912,0.00196608,0.021161087487326598,0.07749421687253392
TRTLLM,1.2.0rc6,NVIDIA GB200,mla_context,default,float16,fp8,64,1,256,2,0,0.0269386668999989,1342177280,15728640,85.33333333333333,312.5,0.2730666666666666,0.000536870912,0.00196608,0.01992937935618566,0.07298356697821896
TRTLLM,1.2.0rc6,NVIDIA GB200,mla_context,default,float16,float16,64,1,256,2,0,0.021386665602525,1342177280,20971520,64.0,312.5,0.2048,0.000536870912,0.00262144,0.025103067583224132,0.1225735721837116
TRTLLM,1.2.0rc6,NVIDIA GB200,mla_context,default,float16,float16,64,1,256,2,0,0.0214293325940767,1342177280,20971520,64.0,312.5,0.2048,0.000536870912,0.00262144,0.025053085981240356,0.12232952139277518
TRTLLM,1.2.0rc6,NVIDIA GB200,mla_context,default,float16,fp8,64,1,512,2,0,0.0334880004326502,5368709120,31457280,170.66666666666666,312.5,0.5461333333333332,0.002147483648,0.00393216,0.06412695951551177,0.11741996981600056
TRTLLM,1.2.0rc6,NVIDIA GB200,mla_context,default,float16,fp8,64,1,512,2,0,0.0335093339284261,5368709120,31457280,170.66666666666666,312.5,0.5461333333333332,0.002147483648,0.00393216,0.06408613351094636,0.11734521516896916
TRTLLM,1.2.0rc6,NVIDIA GB200,mla_context,default,float16,float16,64,1,512,2,0,0.0252480010191599,5368709120,41943040,128.0,312.5,0.4096,0.002147483648,0.00524288,0.0850555909899696,0.2076552514403555
TRTLLM,1.2.0rc6,NVIDIA GB200,mla_context,default,float16,float16,64,1,512,2,0,0.0257226675748825,5368709120,41943040,128.0,312.5,0.4096,0.002147483648,0.00524288,0.08348603976428015,0.20382333926826207
TRTLLM,1.2.0rc6,NVIDIA GB200,mla_context,default,float16,fp8,64,1,1024,2,0,0.0706453323364257,21474836480,62914560,341.3333333333333,312.5,1.0922666666666665,0.008589934592,0.00786432,0.12159238703971546,0.11132115512669262
TRTLLM,1.2.0rc6,NVIDIA GB200,mla_context,default,float16,fp8,64,1,1024,2,0,0.0712533344825108,21474836480,62914560,341.3333333333333,312.5,1.0922666666666665,0.008589934592,0.00786432,0.12055484356466725,0.11037125570495658
TRTLLM,1.2.0rc6,NVIDIA GB200,mla_context,default,float16,float16,64,1,1024,2,0,0.051226665576299,21474836480,83886080,256.0,312.5,0.8192,0.008589934592,0.01048576,0.16768482772328439,0.2046933932168999
TRTLLM,1.2.0rc6,NVIDIA GB200,mla_context,default,float16,float16,64,1,1024,2,0,0.0515626668930053,21474836480,83886080,256.0,312.5,0.8192,0.008589934592,0.01048576,0.16659213166426157,0.20335953572297555
TRTLLM,1.2.0rc6,NVIDIA GB200,mla_context,default,float16,fp8,64,1,1536,2,0,0.107882668574651,48318382080,94371840,512.0,312.5,1.6384,0.019327352832,0.01179648,0.17915160134017405,0.10934545980235233
TRTLLM,1.2.0rc6,NVIDIA GB200,mla_context,default,float16,fp8,64,1,1536,2,0,0.1080000003178914,48318382080,94371840,512.0,312.5,1.6384,0.019327352832,0.01179648,0.17895697013991774,0.10922666634516465
TRTLLM,1.2.0rc6,NVIDIA GB200,mla_context,default,float16,float16,64,1,1536,2,0,0.0840373337268829,48318382080,125829120,384.0,312.5,1.2288,0.019327352832,0.01572864,0.22998531694036034,0.1871625300621422
TRTLLM,1.2.0rc6,NVIDIA GB200,mla_context,default,float16,float16,64,1,1536,2,0,0.0850720008214314,48318382080,125829120,384.0,312.5,1.2288,0.019327352832,0.01572864,0.22718817760697405,0.1848862122452588
TRTLLM,1.2.0rc6,NVIDIA GB200,mla_context,default,float16,fp8,64,1,2048,2,0,0.1410133341948191,85899345920,125829120,682.6666666666666,312.5,2.184533333333333,0.034359738368,0.01572864,0.24366304480489615,0.1115400900901319
TRTLLM,1.2.0rc6,NVIDIA GB200,mla_context,default,float16,fp8,64,1,2048,2,0,0.1429226696491241,85899345920,125829120,682.6666666666666,312.5,2.184533333333333,0.034359738368,0.01572864,0.24040789646844227,0.11005000143513896
TRTLLM,1.2.0rc6,NVIDIA GB200,mla_context,default,float16,float16,64,1,2048,2,0,0.120576004187266,85899345920,167772160,512.0,312.5,1.6384,0.034359738368,0.02097152,0.2849633191910727,0.17392780712345748
TRTLLM,1.2.0rc6,NVIDIA GB200,mla_context,default,float16,float16,64,1,2048,2,0,0.1229333380858103,85899345920,167772160,512.0,312.5,1.6384,0.034359738368,0.02097152,0.2794989455506049,0.17059261813391413
TRTLLM,1.2.0rc6,NVIDIA GB200,mla_context,default,float16,fp8,64,1,3072,2,0,0.2340853412946065,193273528320,188743680,1024.0,312.5,3.2768,0.077309411328,0.02359296,0.3302616511586805,0.10078785740926528
TRTLLM,1.2.0rc6,NVIDIA GB200,mla_context,default,float16,fp8,64,1,3072,2,0,0.2351413369178772,193273528320,188743680,1024.0,312.5,3.2768,0.077309411328,0.02359296,0.328778479961608,0.10033522948047119
TRTLLM,1.2.0rc6,NVIDIA GB200,mla_context,default,float16,float16,64,1,3072,2,0,0.215114672978719,193273528320,251658240,768.0,312.5,2.4576,0.077309411328,0.03145728,0.3593869737358553,0.1462349339745505
TRTLLM,1.2.0rc6,NVIDIA GB200,mla_context,default,float16,float16,64,1,3072,2,0,0.2163413365681966,193273528320,251658240,768.0,312.5,2.4576,0.077309411328,0.03145728,0.35734923595440576,0.14540577634863516
TRTLLM,1.2.0rc6,NVIDIA GB200,mla_context,default,float16,fp8,64,1,4096,2,0,0.338368018468221,343597383680,251658240,1365.3333333333333,312.5,4.369066666666666,0.137438953472,0.03145728,0.4061818669925747,0.09296765144178191
TRTLLM,1.2.0rc6,NVIDIA GB200,mla_context,default,float16,fp8,64,1,4096,2,0,0.3386720021565755,343597383680,251658240,1365.3333333333333,312.5,4.369066666666666,0.137438953472,0.03145728,0.4058172881041963,0.09288420595646582
TRTLLM,1.2.0rc6,NVIDIA GB200,mla_context,default,float16,float16,64,1,4096,2,0,0.331984003384908,343597383680,335544320,1024.0,312.5,3.2768,0.137438953472,0.04194304,0.4139926986561786,0.12634054524419513
TRTLLM,1.2.0rc6,NVIDIA GB200,mla_context,default,float16,float16,64,1,4096,2,0,0.3350720008214314,343597383680,335544320,1024.0,312.5,3.2768,0.137438953472,0.04194304,0.41017737422126416,0.1251762006290479
TRTLLM,1.2.0rc6,NVIDIA GB200,mla_context,default,float16,fp8,64,1,6144,2,0,0.603546659151713,773094113280,377487360,2048.0,312.5,6.5536,0.309237645312,0.04718592,0.5123674211810477,0.07818106402298702
TRTLLM,1.2.0rc6,NVIDIA GB200,mla_context,default,float16,fp8,64,1,6144,2,0,0.603653351465861,773094113280,377487360,2048.0,312.5,6.5536,0.309237645312,0.04718592,0.5122768631385436,0.07816724596230218
TRTLLM,1.2.0rc6,NVIDIA GB200,mla_context,default,float16,float16,64,1,6144,2,0,0.6316213210423788,773094113280,503316480,1536.0,312.5,4.9152,0.309237645312,0.06291456,0.48959342411313506,0.09960803713239239
TRTLLM,1.2.0rc6,NVIDIA GB200,mla_context,default,float16,float16,64,1,6144,2,0,0.6366026798884074,773094113280,503316480,1536.0,312.5,4.9152,0.309237645312,0.06291456,0.4857623995020057,0.0988286131799328
TRTLLM,1.2.0rc6,NVIDIA GB200,mla_context,default,float16,fp8,64,1,8192,2,0,0.940165360768636,1374389534720,503316480,2730.6666666666665,312.5,8.738133333333332,0.549755813888,0.06291456,0.5847437449073266,0.06691861094367904
TRTLLM,1.2.0rc6,NVIDIA GB200,mla_context,default,float16,fp8,64,1,8192,2,0,0.9405386447906494,1374389534720,503316480,2730.6666666666665,312.5,8.738133333333332,0.549755813888,0.06291456,0.5845116699169419,0.06689205206874183
TRTLLM,1.2.0rc6,NVIDIA GB200,mla_context,default,float16,float16,64,1,8192,2,0,1.025221347808838,1374389534720,671088640,2048.0,312.5,6.5536,0.549755813888,0.08388608,0.5362313368356695,0.08182240857477867
TRTLLM,1.2.0rc6,NVIDIA GB200,mla_context,default,float16,float16,64,1,8192,2,0,1.0358880360921223,1374389534720,671088640,2048.0,312.5,6.5536,0.549755813888,0.08388608,0.5307096855389396,0.08097987145064386
TRTLLM,1.2.0rc6,NVIDIA GB200,mla_context,default,float16,fp8,64,1,10240,2,0,1.354320049285889,2147483648000,629145600,3413.3333333333335,312.5,10.922666666666666,0.8589934592,0.0786432,0.63426179037439,0.058068401218358455
TRTLLM,1.2.0rc6,NVIDIA GB200,mla_context,default,float16,fp8,64,1,10240,2,0,1.3551146189371746,2147483648000,629145600,3413.3333333333335,312.5,10.922666666666666,0.8589934592,0.0786432,0.6338898918186819,0.05803435288867327
TRTLLM,1.2.0rc6,NVIDIA GB200,mla_context,default,float16,float16,64,1,10240,2,0,1.4877813657124836,2147483648000,838860800,2560.0,312.5,8.192,0.8589934592,0.10485760000000001,0.5773653837831452,0.07047917282509097
TRTLLM,1.2.0rc6,NVIDIA GB200,mla_context,default,float16,float16,64,1,10240,2,0,1.556341330210368,2147483648000,838860800,2560.0,312.5,8.192,0.8589934592,0.10485760000000001,0.5519312778796996,0.06737442356929928
TRTLLM,1.2.0rc6,NVIDIA GB200,mla_context,default,float16,fp8,64,1,12288,2,0,1.8345759709676104,3092376453120,754974720,4096.0,312.5,13.1072,1.236950581248,0.09437184,0.6742433133448243,0.051440682475648834
TRTLLM,1.2.0rc6,NVIDIA GB200,mla_context,default,float16,fp8,64,1,12288,2,0,1.8353333473205569,3092376453120,754974720,4096.0,312.5,13.1072,1.236950581248,0.09437184,0.6739650772726661,0.05141945474797562
TRTLLM,1.2.0rc6,NVIDIA GB200,mla_context,default,float16,float16,64,1,12288,2,0,2.202122688293457,3092376453120,1006632960,3072.0,312.5,9.8304,1.236950581248,0.12582912,0.5617082952842102,0.05713992261598818
TRTLLM,1.2.0rc6,NVIDIA GB200,mla_context,default,float16,float16,64,1,12288,2,0,2.203557332356771,3092376453120,1006632960,3072.0,312.5,9.8304,1.236950581248,0.12582912,0.561342590494364,0.057102721201005444
TRTLLM,1.2.0rc6,NVIDIA GB200,mla_context,default,float16,fp8,64,1,16384,2,0,3.139066696166992,5497558138880,1006632960,5461.333333333333,312.5,17.476266666666664,2.199023255552,0.12582912,0.7005340976785083,0.04008488260336923
TRTLLM,1.2.0rc6,NVIDIA GB200,mla_context,default,float16,fp8,64,1,16384,2,0,3.145813306172689,5497558138880,1006632960,5461.333333333333,312.5,17.476266666666664,2.199023255552,0.12582912,0.6990317102534643,0.039998915305335864
TRTLLM,1.2.0rc6,NVIDIA GB200,mla_context,default,float16,float16,64,1,16384,2,0,4.14196268717448,5497558138880,1342177280,4096.0,312.5,13.1072,2.199023255552,0.16777216,0.530913342691676,0.0405054735329953
TRTLLM,1.2.0rc6,NVIDIA GB200,mla_context,default,float16,float16,64,1,16384,2,0,4.345247904459636,5497558138880,1342177280,4096.0,312.5,13.1072,2.199023255552,0.16777216,0.5060754423919261,0.038610492125848855
TRTLLM,1.2.0rc6,NVIDIA GB200,mla_context,default,float16,fp8,64,1,32768,2,0,11.287125905354818,21990232555520,2013265920,10922.666666666666,312.5,34.95253333333333,8.796093022208,0.25165824,0.7793031721241784,0.02229604259846244
TRTLLM,1.2.0rc6,NVIDIA GB200,mla_context,default,float16,fp8,64,1,32768,2,0,11.495450337727863,21990232555520,2013265920,10922.666666666666,312.5,34.95253333333333,8.796093022208,0.25165824,0.7651803769130626,0.02189198618640125
TRTLLM,1.2.0rc6,NVIDIA GB200,mla_context,default,float16,float16,64,1,32768,2,0,15.336922963460289,21990232555520,2684354560,8192.0,312.5,26.2144,8.796093022208,0.33554432,0.5735239749957929,0.021878203391868318
TRTLLM,1.2.0rc6,NVIDIA GB200,mla_context,default,float16,float16,64,1,32768,2,0,15.918869018554688,21990232555520,2684354560,8192.0,312.5,26.2144,8.796093022208,0.33554432,0.552557660469187,0.021078401964919547
TRTLLM,1.2.0rc6,NVIDIA GB200,mla_context,default,float16,fp8,32,256,1,4,0,0.1749759912490844,2621440,7864320,0.3333333333333333,312.5,0.0010666666666666665,1.048576e-06,0.00098304,5.992685010752794e-06,0.005618142197580744
TRTLLM,1.2.0rc6,NVIDIA GB200,mla_context,default,float16,float16,32,256,1,4,0,0.17767467101415,2621440,10485760,0.25,312.5,0.0008,1.048576e-06,0.00131072,5.9016628201128985e-06,0.007377078525141124
TRTLLM,1.2.0rc6,NVIDIA GB200,mla_context,default,float16,fp8,32,256,16,4,0,0.2164000074068705,671088640,125829120,5.333333333333333,312.5,0.017066666666666664,0.000268435456,0.01572864,0.0012404595508876005,0.07268317680982034
TRTLLM,1.2.0rc6,NVIDIA GB200,mla_context,default,float16,float16,32,256,16,4,0,0.1868853370348612,671088640,167772160,4.0,312.5,0.0128,0.000268435456,0.02097152,0.0014363644588656337,0.11221597334887763
TRTLLM,1.2.0rc6,NVIDIA GB200,mla_context,default,float16,fp8,32,256,32,4,0,0.265882670879364,2684354560,251658240,10.666666666666666,312.5,0.03413333333333333,0.001073741824,0.03145728,0.0040384046859796175,0.1183126372845591
TRTLLM,1.2.0rc6,NVIDIA GB200,mla_context,default,float16,float16,32,256,32,4,0,0.2062346736590067,2684354560,335544320,8.0,312.5,0.0256,0.001073741824,0.04194304,0.005206407850579724,0.2033753066632705
TRTLLM,1.2.0rc6,NVIDIA GB200,mla_context,default,float16,fp8,32,256,64,4,0,0.3928800026575724,10737418240,503316480,21.333333333333332,312.5,0.06826666666666666,0.004294967296,0.06291456,0.010932007908133265,0.16013683459179587
TRTLLM,1.2.0rc6,NVIDIA GB200,mla_context,default,float16,float16,32,256,64,4,0,0.2601333260536194,10737418240,671088640,16.0,312.5,0.0512,0.004294967296,0.08388608,0.01651063845281673,0.32247340728157675
TRTLLM,1.2.0rc6,NVIDIA GB200,mla_context,default,float16,fp8,32,256,128,4,0,0.6339253187179565,42949672960,1006632960,42.666666666666664,312.5,0.1365333333333333,0.017179869184,0.12582912,0.027100777767867634,0.19849202466699925
TRTLLM,1.2.0rc6,NVIDIA GB200,mla_context,default,float16,float16,32,256,128,4,0,0.3628906806310017,42949672960,1342177280,32.0,312.5,0.1024,0.017179869184,0.16777216,0.04734172052621272,0.46232148951379615
TRTLLM,1.2.0rc6,NVIDIA GB200,mla_context,default,float16,fp8,32,256,256,4,0,1.1858080228169758,171798691840,2013265920,85.33333333333333,312.5,0.2730666666666666,0.068719476736,0.25165824,0.05795160381252248,0.2122251116181243
TRTLLM,1.2.0rc6,NVIDIA GB200,mla_context,default,float16,float16,32,256,256,4,0,0.6929386456807455,171798691840,2684354560,64.0,312.5,0.2048,0.068719476736,0.33554432,0.09917108414192967,0.48423380928676596
TRTLLM,1.2.0rc6,NVIDIA GB200,mla_context,default,float16,fp8,32,128,1,4,0,0.0972479979197184,1310720,3932160,0.3333333333333333,312.5,0.0010666666666666665,5.24288e-07,0.00049152,5.39124723609033e-06,0.005054294283834684
TRTLLM,1.2.0rc6,NVIDIA GB200,mla_context,default,float16,float16,32,128,1,4,0,0.0954239964485168,1310720,5242880,0.25,312.5,0.0008,5.24288e-07,0.00065536,5.494299332588361e-06,0.006867874165735451
TRTLLM,1.2.0rc6,NVIDIA GB200,mla_context,default,float16,fp8,32,128,16,4,0,0.1207360029220581,335544320,62914560,5.333333333333333,312.5,0.017066666666666664,0.000134217728,0.00786432,0.0011116628408399862,0.06513649458046794
TRTLLM,1.2.0rc6,NVIDIA GB200,mla_context,default,float16,float16,32,128,16,4,0,0.1039306620756785,335544320,83886080,4.0,312.5,0.0128,0.000134217728,0.01048576,0.0012914160779834882,0.10089188109246003
TRTLLM,1.2.0rc6,NVIDIA GB200,mla_context,default,float16,fp8,32,128,32,4,0,0.1428106625874837,1342177280,125829120,10.666666666666666,312.5,0.03413333333333333,0.000536870912,0.01572864,0.003759319523296244,0.11013631415906965
TRTLLM,1.2.0rc6,NVIDIA GB200,mla_context,default,float16,float16,32,128,32,4,0,0.1104800005753835,1342177280,167772160,8.0,312.5,0.0256,0.000536870912,0.02097152,0.004859439800904765,0.18982186722284242
TRTLLM,1.2.0rc6,NVIDIA GB200,mla_context,default,float16,fp8,32,128,64,4,0,0.2064746618270874,5368709120,251658240,21.333333333333332,312.5,0.06826666666666666,0.002147483648,0.03145728,0.010400712750886665,0.15235419068681635
TRTLLM,1.2.0rc6,NVIDIA GB200,mla_context,default,float16,float16,32,128,64,4,0,0.1374293367067972,5368709120,335544320,16.0,312.5,0.0512,0.002147483648,0.04194304,0.015626093376129833,0.3051971362525358
TRTLLM,1.2.0rc6,NVIDIA GB200,mla_context,default,float16,fp8,32,128,128,4,0,0.3250986735026042,21474836480,503316480,42.666666666666664,312.5,0.1365333333333333,0.008589934592,0.06291456,0.026422545805715784,0.1935245054129574
TRTLLM,1.2.0rc6,NVIDIA GB200,mla_context,default,float16,float16,32,128,128,4,0,0.1894399921099344,21474836480,671088640,32.0,312.5,0.1024,0.008589934592,0.08388608,0.04534382891557107,0.4428108292536238
TRTLLM,1.2.0rc6,NVIDIA GB200,mla_context,default,float16,fp8,32,128,256,4,0,0.5947999954223633,85899345920,1006632960,85.33333333333333,312.5,0.2730666666666666,0.034359738368,0.12582912,0.05776687732420272,0.2115486230134377
TRTLLM,1.2.0rc6,NVIDIA GB200,mla_context,default,float16,float16,32,128,256,4,0,0.357034683227539,85899345920,1342177280,64.0,312.5,0.2048,0.034359738368,0.16777216,0.09623641618621813,0.46990437590926826
TRTLLM,1.2.0rc6,NVIDIA GB200,mla_context,default,float16,fp8,32,128,512,4,0,1.2749226888020833,343597383680,2013265920,170.66666666666666,312.5,0.5461333333333332,0.137438953472,0.25165824,0.1078017943198874,0.1973909808103407
TRTLLM,1.2.0rc6,NVIDIA GB200,mla_context,default,float16,float16,32,128,512,4,0,0.7789013385772705,343597383680,2684354560,128.0,312.5,0.4096,0.137438953472,0.33554432,0.1764523267132188,0.4307918132646944
TRTLLM,1.2.0rc6,NVIDIA GB200,mla_context,default,float16,fp8,32,64,1,4,0,0.0583519985278447,655360,1966080,0.3333333333333333,312.5,0.0010666666666666665,2.62144e-07,0.00024576,4.4924596691389895e-06,0.004211680939817802
TRTLLM,1.2.0rc6,NVIDIA GB200,mla_context,default,float16,float16,32,64,1,4,0,0.0543733338514963,655360,2621440,0.25,312.5,0.0008,2.62144e-07,0.00032768,4.82118681035752e-06,0.006026483512946899
TRTLLM,1.2.0rc6,NVIDIA GB200,mla_context,default,float16,fp8,32,64,16,4,0,0.0621546655893325,167772160,31457280,5.333333333333333,312.5,0.017066666666666664,6.7108864e-05,0.00393216,0.0010797075869316201,0.06326411642177461
TRTLLM,1.2.0rc6,NVIDIA GB200,mla_context,default,float16,float16,32,64,16,4,0,0.0566826661427815,167772160,41943040,4.0,312.5,0.0128,6.7108864e-05,0.00524288,0.001183939792651166,0.09249529630087235
TRTLLM,1.2.0rc6,NVIDIA GB200,mla_context,default,float16,fp8,32,64,32,4,0,0.0831199983755747,671088640,62914560,10.666666666666666,312.5,0.03413333333333333,0.000268435456,0.00786432,0.0032294930371278897,0.09461405382210614
TRTLLM,1.2.0rc6,NVIDIA GB200,mla_context,default,float16,float16,32,64,32,4,0,0.0652106652657191,671088640,83886080,8.0,312.5,0.0256,0.000268435456,0.01048576,0.004116434863931914,0.1607982368723404
TRTLLM,1.2.0rc6,NVIDIA GB200,mla_context,default,float16,fp8,32,64,64,4,0,0.1143093307813008,2684354560,125829120,21.333333333333332,312.5,0.06826666666666666,0.001073741824,0.01572864,0.009393299887778253,0.13759716632487673
TRTLLM,1.2.0rc6,NVIDIA GB200,mla_context,default,float16,float16,32,64,64,4,0,0.0756853322188059,2684354560,167772160,16.0,312.5,0.0512,0.001073741824,0.02097152,0.014186920933316617,0.27708829947884017
TRTLLM,1.2.0rc6,NVIDIA GB200,mla_context,default,float16,fp8,32,64,128,4,0,0.1737920045852661,10737418240,251658240,42.666666666666664,312.5,0.1365333333333333,0.004294967296,0.03145728,0.024713261730592424,0.18100533494086246
TRTLLM,1.2.0rc6,NVIDIA GB200,mla_context,default,float16,float16,32,64,128,4,0,0.1023199955622355,10737418240,335544320,32.0,312.5,0.1024,0.004294967296,0.04194304,0.04197583544056755,0.40992026797429254
TRTLLM,1.2.0rc6,NVIDIA GB200,mla_context,default,float16,fp8,32,64,256,4,0,0.3077013293902079,42949672960,503316480,85.33333333333333,312.5,0.2730666666666666,0.017179869184,0.06291456,0.05583293779733251,0.20446632494140324
TRTLLM,1.2.0rc6,NVIDIA GB200,mla_context,default,float16,float16,32,64,256,4,0,0.1887306571006775,42949672960,671088640,64.0,312.5,0.2048,0.017179869184,0.08388608,0.09102850298897375,0.4444751122508484
TRTLLM,1.2.0rc6,NVIDIA GB200,mla_context,default,float16,fp8,32,64,512,4,0,0.6393546660741171,171798691840,1006632960,170.66666666666666,312.5,0.5461333333333332,0.068719476736,0.12582912,0.10748256074826817,0.19680644668261993
TRTLLM,1.2.0rc6,NVIDIA GB200,mla_context,default,float16,float16,32,64,512,4,0,0.4076693455378214,171798691840,1342177280,128.0,312.5,0.4096,0.068719476736,0.16777216,0.16856670114683558,0.41153979772176663
TRTLLM,1.2.0rc6,NVIDIA GB200,mla_context,default,float16,fp8,32,64,1024,4,0,1.434549331665039,687194767360,2013265920,341.3333333333333,312.5,1.0922666666666665,0.274877906944,0.25165824,0.19161272524867257,0.17542668937561576
TRTLLM,1.2.0rc6,NVIDIA GB200,mla_context,default,float16,float16,32,64,1024,4,0,0.9896639982859292,687194767360,2684354560,256.0,312.5,0.8192,0.274877906944,0.33554432,0.2777487181710974,0.3390487282362029
TRTLLM,1.2.0rc6,NVIDIA GB200,mla_context,default,float16,fp8,32,32,1,4,0,0.0369066670536994,327680,983040,0.3333333333333333,312.5,0.0010666666666666665,1.31072e-07,0.00012288,3.5514450494619174e-06,0.0033294797338705474
TRTLLM,1.2.0rc6,NVIDIA GB200,mla_context,default,float16,float16,32,32,1,4,0,0.0337439998984336,327680,1310720,0.25,312.5,0.0008,1.31072e-07,0.00016384,3.884305369680978e-06,0.004855381712101222
TRTLLM,1.2.0rc6,NVIDIA GB200,mla_context,default,float16,fp8,32,32,16,4,0,0.041861335436503,83886080,15728640,5.333333333333333,312.5,0.017066666666666664,3.3554432e-05,0.00196608,0.0008015614325275587,0.04696649018716163
TRTLLM,1.2.0rc6,NVIDIA GB200,mla_context,default,float16,float16,32,32,16,4,0,0.0358933334549268,83886080,20971520,4.0,312.5,0.0128,3.3554432e-05,0.00262144,0.0009348374411124594,0.0730341750869109
TRTLLM,1.2.0rc6,NVIDIA GB200,mla_context,default,float16,fp8,32,32,32,4,0,0.042453333735466,335544320,31457280,10.666666666666666,312.5,0.03413333333333333,0.000134217728,0.00393216,0.0031615356484447996,0.09262311470053124
TRTLLM,1.2.0rc6,NVIDIA GB200,mla_context,default,float16,float16,32,32,32,4,0,0.0378666669130325,335544320,41943040,8.0,312.5,0.0256,0.000134217728,0.00524288,0.0035444822304602293,0.13845633712735272
TRTLLM,1.2.0rc6,NVIDIA GB200,mla_context,default,float16,fp8,32,32,64,4,0,0.0660799990097681,1342177280,62914560,21.333333333333332,312.5,0.06826666666666666,0.000536870912,0.00786432,0.00812455992804477,0.1190121083209683
TRTLLM,1.2.0rc6,NVIDIA GB200,mla_context,default,float16,float16,32,32,64,4,0,0.0457066645224889,1342177280,83886080,16.0,312.5,0.0512,0.000536870912,0.01048576,0.011746009419170046,0.22941424646816497
TRTLLM,1.2.0rc6,NVIDIA GB200,mla_context,default,float16,fp8,32,32,128,4,0,0.0992373327414194,5368709120,125829120,42.666666666666664,312.5,0.1365333333333333,0.002147483648,0.01572864,0.021639876734652393,0.15849519092762984
TRTLLM,1.2.0rc6,NVIDIA GB200,mla_context,default,float16,float16,32,32,128,4,0,0.0580639988183975,5368709120,167772160,32.0,312.5,0.1024,0.002147483648,0.02097152,0.03698477011058998,0.3611793956112303
TRTLLM,1.2.0rc6,NVIDIA GB200,mla_context,default,float16,fp8,32,32,256,4,0,0.1651359995206197,21474836480,251658240,85.33333333333333,312.5,0.2730666666666666,0.008589934592,0.03145728,0.0520173349053876,0.19049316981953462
TRTLLM,1.2.0rc6,NVIDIA GB200,mla_context,default,float16,float16,32,32,256,4,0,0.1018186708291371,21474836480,335544320,64.0,312.5,0.2048,0.008589934592,0.04194304,0.08436502384140186,0.41193859297559504
TRTLLM,1.2.0rc6,NVIDIA GB200,mla_context,default,float16,fp8,32,32,512,4,0,0.3285226623217265,85899345920,503316480,170.66666666666666,312.5,0.5461333333333332,0.034359738368,0.06291456,0.1045886397156707,0.19150751901062749
TRTLLM,1.2.0rc6,NVIDIA GB200,mla_context,default,float16,float16,32,32,512,4,0,0.2132479945818583,85899345920,671088640,128.0,312.5,0.4096,0.034359738368,0.08388608,0.16112572798339034,0.3933733593344491
TRTLLM,1.2.0rc6,NVIDIA GB200,mla_context,default,float16,fp8,32,32,1024,4,0,0.7217013041178385,343597383680,1006632960,341.3333333333333,312.5,1.0922666666666665,0.137438953472,0.12582912,0.19043744647239702,0.17435068951940644
TRTLLM,1.2.0rc6,NVIDIA GB200,mla_context,default,float16,float16,32,32,1024,4,0,0.511242667833964,343597383680,1342177280,256.0,312.5,0.8192,0.137438953472,0.16777216,0.2688331043539503,0.3281654105883183
TRTLLM,1.2.0rc6,NVIDIA GB200,mla_context,default,float16,fp8,32,32,1536,4,0,1.1986453533172607,773094113280,1509949440,512.0,312.5,1.6384,0.309237645312,0.18874368,0.25798927468928345,0.15746415691484586
TRTLLM,1.2.0rc6,NVIDIA GB200,mla_context,default,float16,float16,32,32,1536,4,0,0.906229337056478,773094113280,2013265920,384.0,312.5,1.2288,0.309237645312,0.25165824,0.3412355268881873,0.2776981826889545
TRTLLM,1.2.0rc6,NVIDIA GB200,mla_context,default,float16,fp8,32,32,2048,4,0,1.7509013811747234,1374389534720,2013265920,682.6666666666666,312.5,2.184533333333333,0.549755813888,0.25165824,0.3139844538355182,0.14373067649941323
TRTLLM,1.2.0rc6,NVIDIA GB200,mla_context,default,float16,float16,32,32,2048,4,0,1.469648043314616,1374389534720,2684354560,512.0,312.5,1.6384,0.549755813888,0.33554432,0.3740731098094012,0.22831610706140212
TRTLLM,1.2.0rc6,NVIDIA GB200,mla_context,default,float16,fp8,32,16,1,4,0,0.0276479994257291,163840,491520,0.3333333333333333,312.5,0.0010666666666666665,6.5536e-08,6.144e-05,2.3703704196048448e-06,0.002222222268379542
TRTLLM,1.2.0rc6,NVIDIA GB200,mla_context,default,float16,float16,32,16,1,4,0,0.0253813341259956,163840,655360,0.25,312.5,0.0008,6.5536e-08,8.192e-05,2.58205497294478e-06,0.0032275687161809753
TRTLLM,1.2.0rc6,NVIDIA GB200,mla_context,default,float16,fp8,32,16,16,4,0,0.0315040002266565,41943040,7864320,5.333333333333333,312.5,0.017066666666666664,1.6777216e-05,0.00098304,0.0005325424034819642,0.031203656454021338
TRTLLM,1.2.0rc6,NVIDIA GB200,mla_context,default,float16,float16,32,16,16,4,0,0.025397333006064,41943040,10485760,4.0,312.5,0.0128,1.6777216e-05,0.00131072,0.000660589676718976,0.05160856849367001
TRTLLM,1.2.0rc6,NVIDIA GB200,mla_context,default,float16,fp8,32,16,32,4,0,0.0319733321666717,167772160,15728640,10.666666666666666,312.5,0.03413333333333333,6.7108864e-05,0.00196608,0.0020989011608227937,0.06149124494598028
TRTLLM,1.2.0rc6,NVIDIA GB200,mla_context,default,float16,float16,32,16,32,4,0,0.0263359993696212,167772160,20971520,8.0,312.5,0.0256,6.7108864e-05,0.00262144,0.0025481798908839073,0.09953827698765262
TRTLLM,1.2.0rc6,NVIDIA GB200,mla_context,default,float16,fp8,32,16,64,4,0,0.0380533337593078,671088640,31457280,21.333333333333332,312.5,0.06826666666666666,0.000268435456,0.00393216,0.007054190250396682,0.10333286499604515
TRTLLM,1.2.0rc6,NVIDIA GB200,mla_context,default,float16,float16,32,16,64,4,0,0.0296639998753865,671088640,41943040,16.0,312.5,0.0512,0.000268435456,0.00524288,0.009049199606514713,0.1767421798147405
TRTLLM,1.2.0rc6,NVIDIA GB200,mla_context,default,float16,fp8,32,16,128,4,0,0.0585866669813791,2684354560,62914560,42.666666666666664,312.5,0.1365333333333333,0.001073741824,0.00786432,0.018327409277972287,0.1342339546726486
TRTLLM,1.2.0rc6,NVIDIA GB200,mla_context,default,float16,float16,32,16,128,4,0,0.0354453325271606,2684354560,83886080,32.0,312.5,0.1024,0.001073741824,0.01048576,0.030292897469003193,0.29582907684573434
TRTLLM,1.2.0rc6,NVIDIA GB200,mla_context,default,float16,fp8,32,16,256,4,0,0.0959466695785522,10737418240,125829120,85.33333333333333,312.5,0.2730666666666666,0.004294967296,0.01572864,0.04476411025901926,0.1639310678430881
TRTLLM,1.2.0rc6,NVIDIA GB200,mla_context,default,float16,float16,32,16,256,4,0,0.0589386671781539,10737418240,167772160,64.0,312.5,0.2048,0.004294967296,0.02097152,0.07287180897758687,0.3558193797733734
TRTLLM,1.2.0rc6,NVIDIA GB200,mla_context,default,float16,fp8,32,16,512,4,0,0.1775253415107727,42949672960,251658240,170.66666666666666,312.5,0.5461333333333332,0.017179869184,0.03145728,0.09677417904281277,0.17719881416530658
TRTLLM,1.2.0rc6,NVIDIA GB200,mla_context,default,float16,float16,32,16,512,4,0,0.1139573355515797,42949672960,335544320,128.0,312.5,0.4096,0.017179869184,0.04194304,0.15075702762657167,0.36805914947893476
TRTLLM,1.2.0rc6,NVIDIA GB200,mla_context,default,float16,fp8,32,16,1024,4,0,0.3738186756769816,171798691840,503316480,341.3333333333333,312.5,1.0922666666666665,0.068719476736,0.06291456,0.1838310421798744,0.1683023457457346
TRTLLM,1.2.0rc6,NVIDIA GB200,mla_context,default,float16,float16,32,16,1024,4,0,0.2674453258514404,171798691840,671088640,256.0,312.5,0.8192,0.068719476736,0.08388608,0.2569477575172582,0.3136569305630593
TRTLLM,1.2.0rc6,NVIDIA GB200,mla_context,default,float16,fp8,32,16,1536,4,0,0.6099040110905966,386547056640,754974720,512.0,312.5,1.6384,0.154618822656,0.09437184,0.2535133723411971,0.15473228292309393
TRTLLM,1.2.0rc6,NVIDIA GB200,mla_context,default,float16,float16,32,16,1536,4,0,0.4709653457005818,386547056640,1006632960,384.0,312.5,1.2288,0.154618822656,0.12582912,0.32830191025201155,0.2671727785254
TRTLLM,1.2.0rc6,NVIDIA GB200,mla_context,default,float16,fp8,32,16,2048,4,0,0.884768009185791,687194767360,1006632960,682.6666666666666,312.5,2.184533333333333,0.274877906944,0.12582912,0.3106779450547232,0.14221707689882956
TRTLLM,1.2.0rc6,NVIDIA GB200,mla_context,default,float16,float16,32,16,2048,4,0,0.7365972995758057,687194767360,1342177280,512.0,312.5,1.6384,0.274877906944,0.16777216,0.3731725694654293,0.2277664608553646
TRTLLM,1.2.0rc6,NVIDIA GB200,mla_context,default,float16,fp8,32,16,3072,4,0,1.5506827036539714,1546188226560,1509949440,1024.0,312.5,3.2768,0.618475290624,0.18874368,0.398840645585746,0.1217165056108844
TRTLLM,1.2.0rc6,NVIDIA GB200,mla_context,default,float16,float16,32,16,3072,4,0,1.3906772931416829,1546188226560,2013265920,768.0,312.5,2.4576,0.618475290624,0.25165824,0.44472955276834986,0.18096091828139235
TRTLLM,1.2.0rc6,NVIDIA GB200,mla_context,default,float16,fp8,32,16,4096,4,0,2.412160078684489,2748779069440,2013265920,1365.3333333333333,312.5,4.369066666666666,1.099511627776,0.25165824,0.4558203402386283,0.10432899633147313
TRTLLM,1.2.0rc6,NVIDIA GB200,mla_context,default,float16,float16,32,16,4096,4,0,2.2302239735921225,2748779069440,2684354560,1024.0,312.5,3.2768,1.099511627776,0.33554432,0.49300502586072803,0.15045319392722414
TRTLLM,1.2.0rc6,NVIDIA GB200,mla_context,default,float16,fp8,32,8,1,4,0,0.0213493332266807,81920,245760,0.3333333333333333,312.5,0.0010666666666666665,3.2768e-08,3.072e-05,1.5348488710199697e-06,0.0014389208165812215
TRTLLM,1.2.0rc6,NVIDIA GB200,mla_context,default,float16,fp8,32,8,1,4,0,0.0221600010991096,81920,245760,0.3333333333333333,312.5,0.0010666666666666665,3.2768e-08,3.072e-05,1.4787002876690576e-06,0.0013862815196897414
TRTLLM,1.2.0rc6,NVIDIA GB200,mla_context,default,float16,float16,32,8,1,4,0,0.0189333334565162,81920,327680,0.25,312.5,0.0008,3.2768e-08,4.096e-05,1.7307042140919133e-06,0.002163380267614892
TRTLLM,1.2.0rc6,NVIDIA GB200,mla_context,default,float16,float16,32,8,1,4,0,0.0201973331471284,81920,327680,0.25,312.5,0.0008,3.2768e-08,4.096e-05,1.622392409992943e-06,0.0020279905124911787
TRTLLM,1.2.0rc6,NVIDIA GB200,mla_context,default,float16,fp8,32,8,16,4,0,0.0255253339807192,20971520,3932160,5.333333333333333,312.5,0.017066666666666664,8.388608e-06,0.00049152,0.00032863852070795285,0.019256163322731612
TRTLLM,1.2.0rc6,NVIDIA GB200,mla_context,default,float16,fp8,32,8,16,4,0,0.0255306661128997,20971520,3932160,5.333333333333333,312.5,0.017066666666666664,8.388608e-06,0.00049152,0.00032856988387629834,0.019252141633376855
TRTLLM,1.2.0rc6,NVIDIA GB200,mla_context,default,float16,float16,32,8,16,4,0,0.0191839995483557,20971520,5242880,4.0,312.5,0.0128,8.388608e-06,0.00065536,0.000437271069510581,0.03416180230551414
TRTLLM,1.2.0rc6,NVIDIA GB200,mla_context,default,float16,float16,32,8,16,4,0,0.0197706669569015,20971520,5242880,4.0,312.5,0.0128,8.388608e-06,0.00065536,0.00042429565063669853,0.03314809770599208
TRTLLM,1.2.0rc6,NVIDIA GB200,mla_context,default,float16,fp8,32,8,32,4,0,0.0253013322750727,83886080,7864320,10.666666666666666,312.5,0.03413333333333333,3.3554432e-05,0.00098304,0.0013261922983027416,0.03885328998933813
TRTLLM,1.2.0rc6,NVIDIA GB200,mla_context,default,float16,fp8,32,8,32,4,0,0.0253280003865559,83886080,7864320,10.666666666666666,312.5,0.03413333333333333,3.3554432e-05,0.00098304,0.0013247959368245543,0.03881238096165686
TRTLLM,1.2.0rc6,NVIDIA GB200,mla_context,default,float16,float16,32,8,32,4,0,0.021066665649414,83886080,10485760,8.0,312.5,0.0256,3.3554432e-05,0.00131072,0.0015927737477968358,0.0622177245233139
TRTLLM,1.2.0rc6,NVIDIA GB200,mla_context,default,float16,float16,32,8,32,4,0,0.0212213322520256,83886080,10485760,8.0,312.5,0.0256,3.3554432e-05,0.00131072,0.0015811651974299205,0.061764265524606274
TRTLLM,1.2.0rc6,NVIDIA GB200,mla_context,default,float16,fp8,32,8,64,4,0,0.0272800003488858,335544320,15728640,21.333333333333332,312.5,0.06826666666666666,0.000134217728,0.00196608,0.004920004629159833,0.07207038030995848
TRTLLM,1.2.0rc6,NVIDIA GB200,mla_context,default,float16,fp8,32,8,64,4,0,0.027749332288901,335544320,15728640,21.333333333333332,312.5,0.06826666666666666,0.000134217728,0.00196608,0.004836791264115697,0.07085143453294478
TRTLLM,1.2.0rc6,NVIDIA GB200,mla_context,default,float16,float16,32,8,64,4,0,0.0209546660383542,335544320,20971520,16.0,312.5,0.0512,0.000134217728,0.00262144,0.00640514755779623,0.12510053823820763
TRTLLM,1.2.0rc6,NVIDIA GB200,mla_context,default,float16,float16,32,8,64,4,0,0.0229546676079432,335544320,20971520,16.0,312.5,0.0512,0.000134217728,0.00262144,0.005847077827149869,0.11420073881152087
TRTLLM,1.2.0rc6,NVIDIA GB200,mla_context,default,float16,fp8,32,8,128,4,0,0.031269334256649,1342177280,31457280,42.666666666666664,312.5,0.1365333333333333,0.000536870912,0.00393216,0.017169246636130144,0.12575131813571883
TRTLLM,1.2.0rc6,NVIDIA GB200,mla_context,default,float16,fp8,32,8,128,4,0,0.0317546675602595,1342177280,31457280,42.666666666666664,312.5,0.1365333333333333,0.000536870912,0.00393216,0.016906834593094153,0.12382935492988881
TRTLLM,1.2.0rc6,NVIDIA GB200,mla_context,default,float16,float16,32,8,128,4,0,0.0233333334326744,1342177280,41943040,32.0,312.5,0.1024,0.000536870912,0.00524288,0.023008753273469396,0.22469485618622456
TRTLLM,1.2.0rc6,NVIDIA GB200,mla_context,default,float16,float16,32,8,128,4,0,0.0247893333435058,1342177280,41943040,32.0,312.5,0.1024,0.000536870912,0.00524288,0.021657335619339965,0.21149741815761683
TRTLLM,1.2.0rc6,NVIDIA GB200,mla_context,default,float16,fp8,32,8,256,4,0,0.0548853327830632,5368709120,62914560,85.33333333333333,312.5,0.2730666666666666,0.002147483648,0.00786432,0.039126730933526956,0.14328636816477155
TRTLLM,1.2.0rc6,NVIDIA GB200,mla_context,default,float16,fp8,32,8,256,4,0,0.057258665561676,5368709120,62914560,85.33333333333333,312.5,0.2730666666666666,0.002147483648,0.00786432,0.037504954524077136,0.13734724557157155
TRTLLM,1.2.0rc6,NVIDIA GB200,mla_context,default,float16,float16,32,8,256,4,0,0.0323039988676706,5368709120,83886080,64.0,312.5,0.2048,0.002147483648,0.01048576,0.0664773317011589,0.3245963461970649
TRTLLM,1.2.0rc6,NVIDIA GB200,mla_context,default,float16,float16,32,8,256,4,0,0.0335679998000462,5368709120,83886080,64.0,312.5,0.2048,0.002147483648,0.01048576,0.06397413193493419,0.31237369108854585
TRTLLM,1.2.0rc6,NVIDIA GB200,mla_context,default,float16,fp8,32,8,512,4,0,0.1015786627928416,21474836480,125829120,170.66666666666666,312.5,0.5461333333333332,0.008589934592,0.01572864,0.08456435983527581,0.1548419674718185
TRTLLM,1.2.0rc6,NVIDIA GB200,mla_context,default,float16,fp8,32,8,512,4,0,0.1016213297843933,21474836480,125829120,170.66666666666666,312.5,0.5461333333333332,0.008589934592,0.01572864,0.08452885442677228,0.1547769551271465
TRTLLM,1.2.0rc6,NVIDIA GB200,mla_context,default,float16,float16,32,8,512,4,0,0.0666559984286626,21474836480,167772160,128.0,312.5,0.4096,0.008589934592,0.02097152,0.1288696410600349,0.31462314711922584
TRTLLM,1.2.0rc6,NVIDIA GB200,mla_context,default,float16,float16,32,8,512,4,0,0.0667893340190251,21474836480,167772160,128.0,312.5,0.4096,0.008589934592,0.02097152,0.1286123707949107,0.31399504588601246
TRTLLM,1.2.0rc6,NVIDIA GB200,mla_context,default,float16,fp8,32,8,1024,4,0,0.2014879981676737,85899345920,251658240,341.3333333333333,312.5,1.0922666666666665,0.034359738368,0.03145728,0.17052995057009107,0.15612483267525426
TRTLLM,1.2.0rc6,NVIDIA GB200,mla_context,default,float16,fp8,32,8,1024,4,0,0.2017333308855692,85899345920,251658240,341.3333333333333,312.5,1.0922666666666665,0.034359738368,0.03145728,0.17032256502764112,0.1559349655404429
TRTLLM,1.2.0rc6,NVIDIA GB200,mla_context,default,float16,float16,32,8,1024,4,0,0.1467200020949045,85899345920,335544320,256.0,312.5,0.8192,0.034359738368,0.04194304,0.23418578160716436,0.2858713154384331
TRTLLM,1.2.0rc6,NVIDIA GB200,mla_context,default,float16,float16,32,8,1024,4,0,0.1490933299064636,85899345920,335544320,256.0,312.5,0.8192,0.034359738368,0.04194304,0.23045791779924832,0.2813207004385356
TRTLLM,1.2.0rc6,NVIDIA GB200,mla_context,default,float16,fp8,32,8,1536,4,0,0.3219786683718363,193273528320,377487360,512.0,312.5,1.6384,0.077309411328,0.04718592,0.2401072459828904,0.14654983275322903
TRTLLM,1.2.0rc6,NVIDIA GB200,mla_context,default,float16,fp8,32,8,1536,4,0,0.3225066661834717,193273528320,377487360,512.0,312.5,1.6384,0.077309411328,0.04718592,0.2397141499209174,0.1463099059575912
TRTLLM,1.2.0rc6,NVIDIA GB200,mla_context,default,float16,float16,32,8,1536,4,0,0.2562239964803059,193273528320,503316480,384.0,312.5,1.2288,0.077309411328,0.06291456,0.3017258820016189,0.24554515136850494
TRTLLM,1.2.0rc6,NVIDIA GB200,mla_context,default,float16,float16,32,8,1536,4,0,0.2660746574401855,193273528320,503316480,384.0,312.5,1.2288,0.077309411328,0.06291456,0.2905553353775506,0.2364545372538661
TRTLLM,1.2.0rc6,NVIDIA GB200,mla_context,default,float16,fp8,32,8,2048,4,0,0.4586453437805176,343597383680,503316480,682.6666666666666,312.5,2.184533333333333,0.137438953472,0.06291456,0.29966281209598566,0.13717474918944655
TRTLLM,1.2.0rc6,NVIDIA GB200,mla_context,default,float16,fp8,32,8,2048,4,0,0.460037350654602,343597383680,503316480,682.6666666666666,312.5,2.184533333333333,0.137438953472,0.06291456,0.298756075515246,0.1367596781228238
TRTLLM,1.2.0rc6,NVIDIA GB200,mla_context,default,float16,float16,32,8,2048,4,0,0.3810079892476399,343597383680,671088640,512.0,312.5,1.6384,0.137438953472,0.08388608,0.3607245972542329,0.22016882156630427
TRTLLM,1.2.0rc6,NVIDIA GB200,mla_context,default,float16,float16,32,8,2048,4,0,0.3927786747614543,343597383680,671088640,512.0,312.5,1.6384,0.137438953472,0.08388608,0.3499144997000425,0.21357086163332675
TRTLLM,1.2.0rc6,NVIDIA GB200,mla_context,default,float16,fp8,32,8,3072,4,0,0.7926133473714193,773094113280,754974720,1024.0,312.5,3.2768,0.309237645312,0.09437184,0.3901494295264384,0.11906415695997266
TRTLLM,1.2.0rc6,NVIDIA GB200,mla_context,default,float16,fp8,32,8,3072,4,0,0.7931573390960693,773094113280,754974720,1024.0,312.5,3.2768,0.309237645312,0.09437184,0.3898818431969956,0.11898249609283314
TRTLLM,1.2.0rc6,NVIDIA GB200,mla_context,default,float16,float16,32,8,3072,4,0,0.701311985651652,773094113280,1006632960,768.0,312.5,2.4576,0.309237645312,0.12582912,0.4409416231845225,0.17941960578797303
TRTLLM,1.2.0rc6,NVIDIA GB200,mla_context,default,float16,float16,32,8,3072,4,0,0.7227253119150797,773094113280,1006632960,768.0,312.5,2.4576,0.309237645312,0.12582912,0.4278771480862918,0.1741036572616747
TRTLLM,1.2.0rc6,NVIDIA GB200,mla_context,default,float16,fp8,32,8,4096,4,0,1.2073973019917803,1374389534720,1006632960,1365.3333333333333,312.5,4.369066666666666,0.549755813888,0.12582912,0.45532304319472683,0.10421517407105868
TRTLLM,1.2.0rc6,NVIDIA GB200,mla_context,default,float16,fp8,32,8,4096,4,0,1.211754639943441,1374389534720,1006632960,1365.3333333333333,312.5,4.369066666666666,0.549755813888,0.12582912,0.4536857510309678,0.10384042763465144
TRTLLM,1.2.0rc6,NVIDIA GB200,mla_context,default,float16,float16,32,8,4096,4,0,1.1331626574198406,1374389534720,1342177280,1024.0,312.5,3.2768,0.549755813888,0.16777216,0.4851517214128542,0.14805655560695014
TRTLLM,1.2.0rc6,NVIDIA GB200,mla_context,default,float16,float16,32,8,4096,4,0,1.1365173657735188,1374389534720,1342177280,1024.0,312.5,3.2768,0.549755813888,0.16777216,0.48371967771370894,0.14761953055227936
TRTLLM,1.2.0rc6,NVIDIA GB200,mla_context,default,float16,fp8,32,8,6144,4,0,2.2530293464660645,3092376453120,1509949440,2048.0,312.5,6.5536,1.236950581248,0.18874368,0.5490166309587531,0.08377328963604021
TRTLLM,1.2.0rc6,NVIDIA GB200,mla_context,default,float16,float16,32,8,6144,4,0,2.4216960271199546,3092376453120,2013265920,1536.0,312.5,4.9152,1.236950581248,0.25165824,0.5107786309246523,0.10391817849215744
TRTLLM,1.2.0rc6,NVIDIA GB200,mla_context,default,float16,float16,32,8,6144,4,0,2.424170653025309,3092376453120,2013265920,1536.0,312.5,4.9152,1.236950581248,0.25165824,0.510257221249797,0.1038120974222406
TRTLLM,1.2.0rc6,NVIDIA GB200,mla_context,default,float16,fp8,32,8,8192,4,0,3.62281068166097,5497558138880,2013265920,2730.6666666666665,312.5,8.738133333333332,2.199023255552,0.25165824,0.6069936987554099,0.069464916086816
TRTLLM,1.2.0rc6,NVIDIA GB200,mla_context,default,float16,float16,32,8,8192,4,0,4.377866744995117,5497558138880,2684354560,2048.0,312.5,6.5536,2.199023255552,0.33554432,0.502304748783406,0.07664562206778047
TRTLLM,1.2.0rc6,NVIDIA GB200,mla_context,default,float16,fp8,32,4,1,4,0,0.0192053330441315,40960,122880,0.3333333333333333,312.5,0.0010666666666666665,1.6384e-08,1.536e-05,8.530963749679102e-07,0.0007997778515324156
TRTLLM,1.2.0rc6,NVIDIA GB200,mla_context,default,float16,fp8,32,4,1,4,0,0.0193973332643508,40960,122880,0.3333333333333333,312.5,0.0010666666666666665,1.6384e-08,1.536e-05,8.446521888713009e-07,0.0007918614270668445
TRTLLM,1.2.0rc6,NVIDIA GB200,mla_context,default,float16,float16,32,4,1,4,0,0.0174560000499089,40960,163840,0.25,312.5,0.0008,1.6384e-08,2.048e-05,9.385884482788774e-07,0.0011732355603485969
TRTLLM,1.2.0rc6,NVIDIA GB200,mla_context,default,float16,float16,32,4,1,4,0,0.0177173328896363,40960,163840,0.25,312.5,0.0008,1.6384e-08,2.048e-05,9.247441532006079e-07,0.0011559301915007598
TRTLLM,1.2.0rc6,NVIDIA GB200,mla_context,default,float16,fp8,32,4,16,4,0,0.0213653321067492,10485760,1966080,5.333333333333333,312.5,0.017066666666666664,4.194304e-06,0.00024576,0.0001963135409758054,0.011502746541551097
TRTLLM,1.2.0rc6,NVIDIA GB200,mla_context,default,float16,fp8,32,4,16,4,0,0.0215253333250681,10485760,1966080,5.333333333333333,312.5,0.017066666666666664,4.194304e-06,0.00024576,0.00019485431127402668,0.0114172448012125
TRTLLM,1.2.0rc6,NVIDIA GB200,mla_context,default,float16,float16,32,4,16,4,0,0.0156746668120225,10485760,2621440,4.0,312.5,0.0128,4.194304e-06,0.00032768,0.0002675848903392932,0.020905069557757283
TRTLLM,1.2.0rc6,NVIDIA GB200,mla_context,default,float16,float16,32,4,16,4,0,0.0172853333254655,10485760,2621440,4.0,312.5,0.0128,4.194304e-06,0.00032768,0.0002426510337420436,0.018957112011097156
TRTLLM,1.2.0rc6,NVIDIA GB200,mla_context,default,float16,fp8,32,4,32,4,0,0.0212000012397766,41943040,3932160,10.666666666666666,312.5,0.03413333333333333,1.6777216e-05,0.00049152,0.0007913780669277354,0.023184904304523496
TRTLLM,1.2.0rc6,NVIDIA GB200,mla_context,default,float16,fp8,32,4,32,4,0,0.0234880000352859,41943040,3932160,10.666666666666666,312.5,0.03413333333333333,1.6777216e-05,0.00049152,0.0007142888272648022,0.0209264304862735
TRTLLM,1.2.0rc6,NVIDIA GB200,mla_context,default,float16,float16,32,4,32,4,0,0.0157333339254061,41943040,5242880,8.0,312.5,0.0256,1.6777216e-05,0.00065536,0.0010663484344477202,0.04165423572061407
TRTLLM,1.2.0rc6,NVIDIA GB200,mla_context,default,float16,float16,32,4,32,4,0,0.0172586664557456,41943040,5242880,8.0,312.5,0.0256,1.6777216e-05,0.00065536,0.0009721038437714683,0.03797280639732298
TRTLLM,1.2.0rc6,NVIDIA GB200,mla_context,default,float16,fp8,32,4,64,4,0,0.023237332701683,167772160,7864320,21.333333333333332,312.5,0.06826666666666666,6.7108864e-05,0.00098304,0.002887976208867532,0.04230433899708299
TRTLLM,1.2.0rc6,NVIDIA GB200,mla_context,default,float16,fp8,32,4,64,4,0,0.024037333826224,167772160,7864320,21.333333333333332,312.5,0.06826666666666666,6.7108864e-05,0.00098304,0.002791859716437697,0.04089638256500532
TRTLLM,1.2.0rc6,NVIDIA GB200,mla_context,default,float16,float16,32,4,64,4,0,0.0162026671071847,167772160,10485760,16.0,312.5,0.0512,6.7108864e-05,0.00131072,0.004141840572052617,0.08089532367290268
TRTLLM,1.2.0rc6,NVIDIA GB200,mla_context,default,float16,float16,32,4,64,4,0,0.016480000068744,167772160,10485760,16.0,312.5,0.0512,6.7108864e-05,0.00131072,0.004072139788838885,0.07953398025075946
TRTLLM,1.2.0rc6,NVIDIA GB200,mla_context,default,float16,fp8,32,4,128,4,0,0.0254933337370554,671088640,15728640,42.666666666666664,312.5,0.1365333333333333,0.000268435456,0.00196608,0.010529633306052093,0.07712133769081123
TRTLLM,1.2.0rc6,NVIDIA GB200,mla_context,default,float16,fp8,32,4,128,4,0,0.0260213340322176,671088640,15728640,42.666666666666664,312.5,0.1365333333333333,0.000268435456,0.00196608,0.010315975947568407,0.07555646445972954
TRTLLM,1.2.0rc6,NVIDIA GB200,mla_context,default,float16,float16,32,4,128,4,0,0.0177813333769639,671088640,20971520,32.0,312.5,0.1024,0.000268435456,0.00262144,0.01509647506793635,0.14742651433531592
TRTLLM,1.2.0rc6,NVIDIA GB200,mla_context,default,float16,float16,32,4,128,4,0,0.0178879996140797,671088640,20971520,32.0,312.5,0.1024,0.000268435456,0.00262144,0.01500645470657958,0.14654740924394122
TRTLLM,1.2.0rc6,NVIDIA GB200,mla_context,default,float16,fp8,32,4,256,4,0,0.0310613339145978,2684354560,31457280,85.33333333333333,312.5,0.2730666666666666,0.001073741824,0.00393216,0.03456843891354507,0.12659340422440823
TRTLLM,1.2.0rc6,NVIDIA GB200,mla_context,default,float16,fp8,32,4,256,4,0,0.0321386655171712,2684354560,31457280,85.33333333333333,312.5,0.2730666666666666,0.001073741824,0.00393216,0.03340965801539943,0.12234982183373813
TRTLLM,1.2.0rc6,NVIDIA GB200,mla_context,default,float16,float16,32,4,256,4,0,0.0230933328469594,2684354560,41943040,64.0,312.5,0.2048,0.001073741824,0.00524288,0.04649574970904968,0.22703002787621915
TRTLLM,1.2.0rc6,NVIDIA GB200,mla_context,default,float16,float16,32,4,256,4,0,0.0249653334418932,2684354560,41943040,64.0,312.5,0.2048,0.001073741824,0.00524288,0.0430093123530328,0.21000640797379297
TRTLLM,1.2.0rc6,NVIDIA GB200,mla_context,default,float16,fp8,32,4,512,4,0,0.0618666658798853,10737418240,62914560,170.66666666666666,312.5,0.5461333333333332,0.004294967296,0.00786432,0.06942296364149829,0.12711724299590751
TRTLLM,1.2.0rc6,NVIDIA GB200,mla_context,default,float16,fp8,32,4,512,4,0,0.0629066675901413,10737418240,62914560,170.66666666666666,312.5,0.5461333333333332,0.004294967296,0.00786432,0.06827523155388229,0.12501568277688407
TRTLLM,1.2.0rc6,NVIDIA GB200,mla_context,default,float16,float16,32,4,512,4,0,0.0401439989606539,10737418240,83886080,128.0,312.5,0.4096,0.004294967296,0.01048576,0.10698902469107777,0.2612036735622016
TRTLLM,1.2.0rc6,NVIDIA GB200,mla_context,default,float16,float16,32,4,512,4,0,0.0404480000336964,10737418240,83886080,128.0,312.5,0.4096,0.004294967296,0.01048576,0.1061849113039446,0.259240506113146
TRTLLM,1.2.0rc6,NVIDIA GB200,mla_context,default,float16,fp8,32,4,1024,4,0,0.1155039966106414,42949672960,125829120,341.3333333333333,312.5,1.0922666666666665,0.017179869184,0.01572864,0.14873830939298613,0.13617398931242625
TRTLLM,1.2.0rc6,NVIDIA GB200,mla_context,default,float16,fp8,32,4,1024,4,0,0.1176000038782755,42949672960,125829120,341.3333333333333,312.5,1.0922666666666665,0.017179869184,0.01572864,0.1460873181754518,0.13374693436473248
TRTLLM,1.2.0rc6,NVIDIA GB200,mla_context,default,float16,float16,32,4,1024,4,0,0.0848106642564137,42949672960,167772160,256.0,312.5,0.8192,0.017179869184,0.02097152,0.20256732257230015,0.24727456368688983
TRTLLM,1.2.0rc6,NVIDIA GB200,mla_context,default,float16,float16,32,4,1024,4,0,0.0878933370113372,42949672960,167772160,256.0,312.5,0.8192,0.017179869184,0.02097152,0.19546270250023617,0.2386019317629836
TRTLLM,1.2.0rc6,NVIDIA GB200,mla_context,default,float16,fp8,32,4,1536,4,0,0.1786293387413025,96636764160,188743680,512.0,312.5,1.6384,0.038654705664,0.02359296,0.21639617509854386,0.13207774359041985
TRTLLM,1.2.0rc6,NVIDIA GB200,mla_context,default,float16,fp8,32,4,1536,4,0,0.1799199978510538,96636764160,188743680,512.0,312.5,1.6384,0.038654705664,0.02359296,0.21484385352205357,0.13113028169070653
TRTLLM,1.2.0rc6,NVIDIA GB200,mla_context,default,float16,float16,32,4,1536,4,0,0.1392266650994618,96636764160,251658240,384.0,312.5,1.2288,0.038654705664,0.03145728,0.2776386666762833,0.22594292535504823
TRTLLM,1.2.0rc6,NVIDIA GB200,mla_context,default,float16,float16,32,4,1536,4,0,0.1432213286558787,96636764160,251658240,384.0,312.5,1.2288,0.038654705664,0.03145728,0.26989489642898495,0.2196410289949422
TRTLLM,1.2.0rc6,NVIDIA GB200,mla_context,default,float16,fp8,32,4,2048,4,0,0.247653325398763,171798691840,251658240,682.6666666666666,312.5,2.184533333333333,0.068719476736,0.03145728,0.27748255197199645,0.1270214318719466
TRTLLM,1.2.0rc6,NVIDIA GB200,mla_context,default,float16,fp8,32,4,2048,4,0,0.248906672000885,171798691840,251658240,682.6666666666666,312.5,2.184533333333333,0.068719476736,0.03145728,0.2760853141604644,0.1263818271608571
TRTLLM,1.2.0rc6,NVIDIA GB200,mla_context,default,float16,float16,32,4,2048,4,0,0.2106826702753702,171798691840,335544320,512.0,312.5,1.6384,0.068719476736,0.04194304,0.32617526940484026,0.1990815853301027
TRTLLM,1.2.0rc6,NVIDIA GB200,mla_context,default,float16,float16,32,4,2048,4,0,0.210751990477244,171798691840,335544320,512.0,312.5,1.6384,0.068719476736,0.04194304,0.3260679843658226,0.19901610373890544
TRTLLM,1.2.0rc6,NVIDIA GB200,mla_context,default,float16,fp8,32,4,3072,4,0,0.4191199938456217,386547056640,377487360,1024.0,312.5,3.2768,0.154618822656,0.04718592,0.368913019961897,0.11258331908016876
TRTLLM,1.2.0rc6,NVIDIA GB200,mla_context,default,float16,fp8,32,4,3072,4,0,0.419648011525472,386547056640,377487360,1024.0,312.5,3.2768,0.154618822656,0.04718592,0.3684488390495206,0.11244166230759296
TRTLLM,1.2.0rc6,NVIDIA GB200,mla_context,default,float16,float16,32,4,3072,4,0,0.3875306844711303,386547056640,503316480,768.0,312.5,2.4576,0.154618822656,0.06291456,0.39898472263431456,0.16234729924898866
TRTLLM,1.2.0rc6,NVIDIA GB200,mla_context,default,float16,float16,32,4,3072,4,0,0.3975520133972168,386547056640,503316480,768.0,312.5,2.4576,0.154618822656,0.06291456,0.38892727855841985,0.15825491477800285
TRTLLM,1.2.0rc6,NVIDIA GB200,mla_context,default,float16,fp8,32,4,4096,4,0,0.6276106834411621,687194767360,503316480,1365.3333333333333,312.5,4.369066666666666,0.274877906944,0.06291456,0.4379751877977226,0.10024456507821408
TRTLLM,1.2.0rc6,NVIDIA GB200,mla_context,default,float16,fp8,32,4,4096,4,0,0.6292746861775717,687194767360,503316480,1365.3333333333333,312.5,4.369066666666666,0.274877906944,0.06291456,0.4368170418767388,0.09997948651353579
TRTLLM,1.2.0rc6,NVIDIA GB200,mla_context,default,float16,float16,32,4,4096,4,0,0.5901120106379191,687194767360,671088640,1024.0,312.5,3.2768,0.274877906944,0.08388608,0.4658063248820394,0.14215280910706768
TRTLLM,1.2.0rc6,NVIDIA GB200,mla_context,default,float16,float16,32,4,4096,4,0,0.6101173162460327,687194767360,671088640,1024.0,312.5,3.2768,0.274877906944,0.08388608,0.4505328723257449,0.13749172129081572
TRTLLM,1.2.0rc6,NVIDIA GB200,mla_context,default,float16,fp8,32,4,6144,4,0,1.1447947025299072,1546188226560,754974720,2048.0,312.5,6.5536,0.618475290624,0.09437184,0.540249958579663,0.08243560158991439
TRTLLM,1.2.0rc6,NVIDIA GB200,mla_context,default,float16,fp8,32,4,6144,4,0,1.145690679550171,1546188226560,754974720,2048.0,312.5,6.5536,0.618475290624,0.09437184,0.5398274609922026,0.08237113357424966
TRTLLM,1.2.0rc6,NVIDIA GB200,mla_context,default,float16,float16,32,4,6144,4,0,1.1712746620178225,1546188226560,1006632960,1536.0,312.5,4.9152,0.618475290624,0.12582912,0.5280360881012459,0.10742921714299437
TRTLLM,1.2.0rc6,NVIDIA GB200,mla_context,default,float16,float16,32,4,6144,4,0,1.2096266746520996,1546188226560,1006632960,1536.0,312.5,4.9152,0.618475290624,0.12582912,0.511294355179361,0.10402310286038431
TRTLLM,1.2.0rc6,NVIDIA GB200,mla_context,default,float16,fp8,32,4,8192,4,0,1.8101600011189776,2748779069440,1006632960,2730.6666666666665,312.5,8.738133333333332,1.099511627776,0.12582912,0.6074112935300306,0.06951270601616256
TRTLLM,1.2.0rc6,NVIDIA GB200,mla_context,default,float16,fp8,32,4,8192,4,0,1.810794671376546,2748779069440,1006632960,2730.6666666666665,312.5,8.738133333333332,1.099511627776,0.12582912,0.607198400324518,0.06948834232229438
TRTLLM,1.2.0rc6,NVIDIA GB200,mla_context,default,float16,float16,32,4,8192,4,0,1.9109652837117512,2748779069440,1342177280,2048.0,312.5,6.5536,1.099511627776,0.16777216,0.5753697553523163,0.08779445729863225
TRTLLM,1.2.0rc6,NVIDIA GB200,mla_context,default,float16,float16,32,4,8192,4,0,1.9282080332438152,2748779069440,1342177280,2048.0,312.5,6.5536,1.099511627776,0.16777216,0.5702245861543771,0.08700936678381
TRTLLM,1.2.0rc6,NVIDIA GB200,mla_context,default,float16,fp8,32,4,10240,4,0,2.6323466300964355,4294967296000,1258291200,3413.3333333333335,312.5,10.922666666666666,1.7179869184,0.1572864,0.6526446398653288,0.05975140135485798
TRTLLM,1.2.0rc6,NVIDIA GB200,mla_context,default,float16,fp8,32,4,10240,4,0,2.661359945933024,4294967296000,1258291200,3413.3333333333335,312.5,10.922666666666666,1.7179869184,0.1572864,0.6455297116143023,0.05910001021859457
TRTLLM,1.2.0rc6,NVIDIA GB200,mla_context,default,float16,float16,32,4,10240,4,0,2.9897867838541665,4294967296000,1677721600,2560.0,312.5,8.192,1.7179869184,0.20971520000000002,0.5746185405854676,0.07014386481756196
TRTLLM,1.2.0rc6,NVIDIA GB200,mla_context,default,float16,float16,32,4,10240,4,0,3.1683200200398765,4294967296000,1677721600,2560.0,312.5,8.192,1.7179869184,0.20971520000000002,0.5422390754512157,0.066191293390041
TRTLLM,1.2.0rc6,NVIDIA GB200,mla_context,default,float16,fp8,32,4,12288,4,0,3.611536026000977,6184752906240,1509949440,4096.0,312.5,13.1072,2.473901162496,0.18874368,0.684999718869018,0.052261331090470736
TRTLLM,1.2.0rc6,NVIDIA GB200,mla_context,default,float16,fp8,32,4,12288,4,0,3.6718826293945312,6184752906240,1509949440,4096.0,312.5,13.1072,2.473901162496,0.18874368,0.6737418954221664,0.05140242732407886
TRTLLM,1.2.0rc6,NVIDIA GB200,mla_context,default,float16,float16,32,4,12288,4,0,4.497061411539714,6184752906240,2013265920,3072.0,312.5,9.8304,2.473901162496,0.25165824,0.5501150498296131,0.05596059670304495
TRTLLM,1.2.0rc6,NVIDIA GB200,mla_context,default,float16,float16,32,4,12288,4,0,4.814042727152507,6184752906240,2013265920,3072.0,312.5,9.8304,2.473901162496,0.25165824,0.5138926475543157,0.05227586339867306
TRTLLM,1.2.0rc6,NVIDIA GB200,mla_context,default,float16,fp8,32,4,16384,4,0,6.280117034912109,10995116277760,2013265920,5461.333333333333,312.5,17.476266666666664,4.398046511104,0.25165824,0.7003128264417051,0.040072221361639314
TRTLLM,1.2.0rc6,NVIDIA GB200,mla_context,default,float16,fp8,32,4,16384,4,0,6.535839716593425,10995116277760,2013265920,5461.333333333333,312.5,17.476266666666664,4.398046511104,0.25165824,0.6729122349708303,0.03850434694123251
TRTLLM,1.2.0rc6,NVIDIA GB200,mla_context,default,float16,float16,32,4,16384,4,0,8.261914571126303,10995116277760,2684354560,4096.0,312.5,13.1072,4.398046511104,0.33554432,0.5323277641328162,0.04061338532507448
TRTLLM,1.2.0rc6,NVIDIA GB200,mla_context,default,float16,float16,32,4,16384,4,0,8.424832026163736,10995116277760,2684354560,4096.0,312.5,13.1072,4.398046511104,0.33554432,0.5220337328323754,0.039828013063993487
TRTLLM,1.2.0rc6,NVIDIA GB200,mla_context,default,float16,fp8,32,2,1,4,0,0.0169386665026346,20480,61440,0.3333333333333333,312.5,0.0010666666666666665,8.192e-09,7.68e-06,4.836272087136161e-07,0.000453400508169015
TRTLLM,1.2.0rc6,NVIDIA GB200,mla_context,default,float16,fp8,32,2,1,4,0,0.0195146662493546,20480,61440,0.3333333333333333,312.5,0.0010666666666666665,8.192e-09,7.68e-06,4.1978683597885926e-07,0.00039355015873018053
TRTLLM,1.2.0rc6,NVIDIA GB200,mla_context,default,float16,float16,32,2,1,4,0,0.0155466670791308,20480,81920,0.25,312.5,0.0008,8.192e-09,1.024e-05,5.269296601196665e-07,0.0006586620751495831
TRTLLM,1.2.0rc6,NVIDIA GB200,mla_context,default,float16,float16,32,2,1,4,0,0.0171573335925738,20480,81920,0.25,312.5,0.0008,8.192e-09,1.024e-05,4.774634680732523e-07,0.0005968293350915654
TRTLLM,1.2.0rc6,NVIDIA GB200,mla_context,default,float16,fp8,32,2,16,4,0,0.0194773338735103,5242880,983040,5.333333333333333,312.5,0.017066666666666664,2.097152e-06,0.00012288,0.00010767140993830698,0.006308871676072674
TRTLLM,1.2.0rc6,NVIDIA GB200,mla_context,default,float16,fp8,32,2,16,4,0,0.0212746659914652,5242880,983040,5.333333333333333,312.5,0.017066666666666664,2.097152e-06,0.00012288,9.857508460256525e-05,0.005775883863431558
TRTLLM,1.2.0rc6,NVIDIA GB200,mla_context,default,float16,float16,32,2,16,4,0,0.0149173339207967,5242880,1310720,4.0,312.5,0.0128,2.097152e-06,0.00016384,0.0001405849068697388,0.010983195849198345
TRTLLM,1.2.0rc6,NVIDIA GB200,mla_context,default,float16,float16,32,2,16,4,0,0.015599999576807,5242880,1310720,4.0,312.5,0.0128,2.097152e-06,0.00016384,0.00013443282415968142,0.010502564387475112
TRTLLM,1.2.0rc6,NVIDIA GB200,mla_context,default,float16,fp8,32,2,32,4,0,0.0211253340045611,20971520,1966080,10.666666666666666,312.5,0.03413333333333333,8.388608e-06,0.00024576,0.0003970875915234686,0.011633425532914118
TRTLLM,1.2.0rc6,NVIDIA GB200,mla_context,default,float16,fp8,32,2,32,4,0,0.0215573335687319,20971520,1966080,10.666666666666666,312.5,0.03413333333333333,8.388608e-06,0.00024576,0.0003891301293480637,0.011400296758244053
TRTLLM,1.2.0rc6,NVIDIA GB200,mla_context,default,float16,float16,32,2,32,4,0,0.0153653336067994,20971520,2621440,8.0,312.5,0.0256,8.388608e-06,0.00032768,0.0005459437598079816,0.021325928117499282
TRTLLM,1.2.0rc6,NVIDIA GB200,mla_context,default,float16,float16,32,2,32,4,0,0.0155306669572989,20971520,2621440,8.0,312.5,0.0256,8.388608e-06,0.00032768,0.0005401318580241418,0.02109890070406804
TRTLLM,1.2.0rc6,NVIDIA GB200,mla_context,default,float16,fp8,32,2,64,4,0,0.0217226669192314,83886080,3932160,21.333333333333332,312.5,0.06826666666666666,3.3554432e-05,0.00049152,0.0015446736869262475,0.022627055960833704
TRTLLM,1.2.0rc6,NVIDIA GB200,mla_context,default,float16,fp8,32,2,64,4,0,0.022597332795461,83886080,3932160,21.333333333333332,312.5,0.06826666666666666,3.3554432e-05,0.00049152,0.001484884623495915,0.021751239601990942
TRTLLM,1.2.0rc6,NVIDIA GB200,mla_context,default,float16,float16,32,2,64,4,0,0.0169866668681303,83886080,5242880,16.0,312.5,0.0512,3.3554432e-05,0.00065536,0.0019753393800259586,0.03858084726613201
TRTLLM,1.2.0rc6,NVIDIA GB200,mla_context,default,float16,float16,32,2,64,4,0,0.0179093331098556,83886080,5242880,16.0,312.5,0.0512,3.3554432e-05,0.00065536,0.001873572387881647,0.03659321070081342
TRTLLM,1.2.0rc6,NVIDIA GB200,mla_context,default,float16,fp8,32,2,128,4,0,0.0211680009961128,335544320,7864320,42.666666666666664,312.5,0.1365333333333333,0.000134217728,0.00098304,0.006340595317651731,0.046439907111707014
TRTLLM,1.2.0rc6,NVIDIA GB200,mla_context,default,float16,fp8,32,2,128,4,0,0.0235359991590182,335544320,7864320,42.666666666666664,312.5,0.1365333333333333,0.000134217728,0.00098304,0.005702656899890834,0.041767506590997316
TRTLLM,1.2.0rc6,NVIDIA GB200,mla_context,default,float16,float16,32,2,128,4,0,0.0174880002935727,335544320,10485760,32.0,312.5,0.1024,0.000134217728,0.00131072,0.0076748470806767164,0.07494967852223355
TRTLLM,1.2.0rc6,NVIDIA GB200,mla_context,default,float16,float16,32,2,128,4,0,0.0177226662635803,335544320,10485760,32.0,312.5,0.1024,0.000134217728,0.00131072,0.007573224367250798,0.07395726921143359
TRTLLM,1.2.0rc6,NVIDIA GB200,mla_context,default,float16,fp8,32,2,256,4,0,0.0272000009814898,1342177280,15728640,85.33333333333333,312.5,0.2730666666666666,0.000536870912,0.00196608,0.01973790046424456,0.07228235033292685
TRTLLM,1.2.0rc6,NVIDIA GB200,mla_context,default,float16,fp8,32,2,256,4,0,0.0273760010798772,1342177280,15728640,85.33333333333333,312.5,0.2730666666666666,0.000536870912,0.00196608,0.019611005655410657,0.07181764766385738
TRTLLM,1.2.0rc6,NVIDIA GB200,mla_context,default,float16,float16,32,2,256,4,0,0.0214133337140083,1342177280,20971520,64.0,312.5,0.2048,0.000536870912,0.00262144,0.02507180428654071,0.12242091936787457
TRTLLM,1.2.0rc6,NVIDIA GB200,mla_context,default,float16,float16,32,2,256,4,0,0.0215733324488004,1342177280,20971520,64.0,312.5,0.2048,0.000536870912,0.00262144,0.02488585911676585,0.12151298396858326
TRTLLM,1.2.0rc6,NVIDIA GB200,mla_context,default,float16,fp8,32,2,512,4,0,0.0341226657231648,5368709120,31457280,170.66666666666666,312.5,0.5461333333333332,0.002147483648,0.00393216,0.06293422868607071,0.11523601443982673
TRTLLM,1.2.0rc6,NVIDIA GB200,mla_context,default,float16,fp8,32,2,512,4,0,0.0341813340783119,5368709120,31457280,170.66666666666666,312.5,0.5461333333333332,0.002147483648,0.00393216,0.06282620927199506,0.11503822498534252
TRTLLM,1.2.0rc6,NVIDIA GB200,mla_context,default,float16,float16,32,2,512,4,0,0.0255626663565635,5368709120,41943040,128.0,312.5,0.4096,0.002147483648,0.00524288,0.08400859354989038,0.20509910534641204
TRTLLM,1.2.0rc6,NVIDIA GB200,mla_context,default,float16,float16,32,2,512,4,0,0.0255786677201588,5368709120,41943040,128.0,312.5,0.4096,0.002147483648,0.00524288,0.083956039911631,0.2049708005655054
TRTLLM,1.2.0rc6,NVIDIA GB200,mla_context,default,float16,fp8,32,2,1024,4,0,0.0705760022004445,21474836480,62914560,341.3333333333333,312.5,1.0922666666666665,0.008589934592,0.00786432,0.12171183297693079,0.1114305111483131
TRTLLM,1.2.0rc6,NVIDIA GB200,mla_context,default,float16,fp8,32,2,1024,4,0,0.0713866651058197,21474836480,62914560,341.3333333333333,312.5,1.0922666666666665,0.008589934592,0.00786432,0.12032968032988722,0.11016511260670826
TRTLLM,1.2.0rc6,NVIDIA GB200,mla_context,default,float16,float16,32,2,1024,4,0,0.0528053343296051,21474836480,83886080,256.0,312.5,0.8192,0.008589934592,0.01048576,0.16267172059516888,0.1985738776796495
TRTLLM,1.2.0rc6,NVIDIA GB200,mla_context,default,float16,float16,32,2,1024,4,0,0.0539840012788772,21474836480,83886080,256.0,312.5,0.8192,0.008589934592,0.01048576,0.15912000571474977,0.1942382882260129
TRTLLM,1.2.0rc6,NVIDIA GB200,mla_context,default,float16,fp8,32,2,1536,4,0,0.1079093317190806,48318382080,94371840,512.0,312.5,1.6384,0.019327352832,0.01179648,0.1791073350571267,0.10931844180732832
TRTLLM,1.2.0rc6,NVIDIA GB200,mla_context,default,float16,fp8,32,2,1536,4,0,0.1079306701819102,48318382080,94371840,512.0,312.5,1.6384,0.019327352832,0.01179648,0.17907192459219412,0.10929682897472787
TRTLLM,1.2.0rc6,NVIDIA GB200,mla_context,default,float16,float16,32,2,1536,4,0,0.0842613379160563,48318382080,125829120,384.0,312.5,1.2288,0.019327352832,0.01572864,0.229373913469716,0.1866649686439746
TRTLLM,1.2.0rc6,NVIDIA GB200,mla_context,default,float16,float16,32,2,1536,4,0,0.0849920014540354,48318382080,125829120,384.0,312.5,1.2288,0.019327352832,0.01572864,0.22740202020601247,0.18506023779786168
TRTLLM,1.2.0rc6,NVIDIA GB200,mla_context,default,float16,fp8,32,2,2048,4,0,0.1426506638526916,85899345920,125829120,682.6666666666666,312.5,2.184533333333333,0.034359738368,0.01572864,0.24086630542064374,0.11025984440031909
TRTLLM,1.2.0rc6,NVIDIA GB200,mla_context,default,float16,fp8,32,2,2048,4,0,0.1429013311862945,85899345920,125829120,682.6666666666666,312.5,2.184533333333333,0.034359738368,0.01572864,0.2404437949091366,0.1100664344371658
TRTLLM,1.2.0rc6,NVIDIA GB200,mla_context,default,float16,float16,32,2,2048,4,0,0.1220373312632242,85899345920,167772160,512.0,312.5,1.6384,0.034359738368,0.02097152,0.28155104681770654,0.17184512134869784
TRTLLM,1.2.0rc6,NVIDIA GB200,mla_context,default,float16,float16,32,2,2048,4,0,0.1227359970410664,85899345920,167772160,512.0,312.5,1.6384,0.034359738368,0.02097152,0.27994833786622136,0.17086690543592611
TRTLLM,1.2.0rc6,NVIDIA GB200,mla_context,default,float16,fp8,32,2,3072,4,0,0.2335466742515564,193273528320,188743680,1024.0,312.5,3.2768,0.077309411328,0.02359296,0.33102338783351265,0.10102032099411397
TRTLLM,1.2.0rc6,NVIDIA GB200,mla_context,default,float16,fp8,32,2,3072,4,0,0.235040009021759,193273528320,188743680,1024.0,312.5,3.2768,0.077309411328,0.02359296,0.32892021936930327,0.10037848491494852
TRTLLM,1.2.0rc6,NVIDIA GB200,mla_context,default,float16,float16,32,2,3072,4,0,0.2160799900690714,193273528320,251658240,768.0,312.5,2.4576,0.077309411328,0.03145728,0.35778144613616253,0.1455816431218109
TRTLLM,1.2.0rc6,NVIDIA GB200,mla_context,default,float16,float16,32,2,3072,4,0,0.2188746730486551,193273528320,251658240,768.0,312.5,2.4576,0.077309411328,0.03145728,0.35321314362769773,0.14372279607246816
TRTLLM,1.2.0rc6,NVIDIA GB200,mla_context,default,float16,fp8,32,2,4096,4,0,0.3395306666692098,343597383680,251658240,1365.3333333333333,312.5,4.369066666666666,0.137438953472,0.03145728,0.40479098639387673,0.09264930413678209
TRTLLM,1.2.0rc6,NVIDIA GB200,mla_context,default,float16,fp8,32,2,4096,4,0,0.3410400152206421,343597383680,251658240,1365.3333333333333,312.5,4.369066666666666,0.137438953472,0.03145728,0.40299949371947263,0.09223926400439589
TRTLLM,1.2.0rc6,NVIDIA GB200,mla_context,default,float16,float16,32,2,4096,4,0,0.3280479907989502,343597383680,335544320,1024.0,312.5,3.2768,0.137438953472,0.04194304,0.4189599001575102,0.12785641484299018
TRTLLM,1.2.0rc6,NVIDIA GB200,mla_context,default,float16,float16,32,2,4096,4,0,0.3345706860224406,343597383680,335544320,1024.0,312.5,3.2768,0.137438953472,0.04194304,0.4107919767447336,0.12536376243430591
TRTLLM,1.2.0rc6,NVIDIA GB200,mla_context,default,float16,fp8,32,2,6144,4,0,0.606549342473348,773094113280,377487360,2048.0,312.5,6.5536,0.309237645312,0.04718592,0.5098309793742593,0.0777940337179961
TRTLLM,1.2.0rc6,NVIDIA GB200,mla_context,default,float16,fp8,32,2,6144,4,0,0.6066240072250366,773094113280,377487360,2048.0,312.5,6.5536,0.309237645312,0.04718592,0.5097682281428131,0.07778445863995562
TRTLLM,1.2.0rc6,NVIDIA GB200,mla_context,default,float16,float16,32,2,6144,4,0,0.6281013488769531,773094113280,503316480,1536.0,312.5,4.9152,0.309237645312,0.06291456,0.4923371775349913,0.10016625519510727
TRTLLM,1.2.0rc6,NVIDIA GB200,mla_context,default,float16,float16,32,2,6144,4,0,0.6403093338012695,773094113280,503316480,1536.0,312.5,4.9152,0.309237645312,0.06291456,0.4829503944229196,0.09825650928200674
TRTLLM,1.2.0rc6,NVIDIA GB200,mla_context,default,float16,fp8,32,2,8192,4,0,0.9442079861958822,1374389534720,503316480,2730.6666666666665,312.5,8.738133333333332,0.549755813888,0.06291456,0.582240165223459,0.06663209898644931
TRTLLM,1.2.0rc6,NVIDIA GB200,mla_context,default,float16,fp8,32,2,8192,4,0,0.9497600396474204,1374389534720,503316480,2730.6666666666665,312.5,8.738133333333332,0.549755813888,0.06291456,0.5788365386398926,0.06624258483580313
TRTLLM,1.2.0rc6,NVIDIA GB200,mla_context,default,float16,float16,32,2,8192,4,0,1.0156853199005127,1374389534720,671088640,2048.0,312.5,6.5536,0.549755813888,0.08388608,0.5412658853254363,0.08259061970908146
TRTLLM,1.2.0rc6,NVIDIA GB200,mla_context,default,float16,float16,32,2,8192,4,0,1.0250773429870603,1374389534720,671088640,2048.0,312.5,6.5536,0.549755813888,0.08388608,0.5363066676374093,0.08183390314291525
TRTLLM,1.2.0rc6,NVIDIA GB200,mla_context,default,float16,fp8,32,2,10240,4,0,1.3522613843282063,2147483648000,629145600,3413.3333333333335,312.5,10.922666666666666,0.8589934592,0.0786432,0.6352273821874621,0.05815680378913531
TRTLLM,1.2.0rc6,NVIDIA GB200,mla_context,default,float16,fp8,32,2,10240,4,0,1.3561387062072754,2147483648000,629145600,3413.3333333333335,312.5,10.922666666666666,0.8589934592,0.0786432,0.6334112102753517,0.057990528284486545
TRTLLM,1.2.0rc6,NVIDIA GB200,mla_context,default,float16,float16,32,2,10240,4,0,1.4624160130818684,2147483648000,838860800,2560.0,312.5,8.192,0.8589934592,0.10485760000000001,0.5873796864339397,0.07170162187914303
TRTLLM,1.2.0rc6,NVIDIA GB200,mla_context,default,float16,float16,32,2,10240,4,0,1.4841547012329102,2147483648000,838860800,2560.0,312.5,8.192,0.8589934592,0.10485760000000001,0.5787762276307321,0.0706513949744546
TRTLLM,1.2.0rc6,NVIDIA GB200,mla_context,default,float16,fp8,32,2,12288,4,0,1.8375253677368164,3092376453120,754974720,4096.0,312.5,13.1072,1.236950581248,0.09437184,0.673161090979379,0.05135811546168358
TRTLLM,1.2.0rc6,NVIDIA GB200,mla_context,default,float16,fp8,32,2,12288,4,0,1.8579146067301435,3092376453120,754974720,4096.0,312.5,13.1072,1.236950581248,0.09437184,0.6657736457678128,0.050794498120713266
TRTLLM,1.2.0rc6,NVIDIA GB200,mla_context,default,float16,float16,32,2,12288,4,0,2.1707305908203125,3092376453120,1006632960,3072.0,312.5,9.8304,1.236950581248,0.12582912,0.5698314597301364,0.05796625363465742
TRTLLM,1.2.0rc6,NVIDIA GB200,mla_context,default,float16,float16,32,2,12288,4,0,2.248191992441813,3092376453120,1006632960,3072.0,312.5,9.8304,1.236950581248,0.12582912,0.5501979303398014,0.05596902774452732
TRTLLM,1.2.0rc6,NVIDIA GB200,mla_context,default,float16,fp8,32,2,16384,4,0,3.028767903645833,5497558138880,1006632960,5461.333333333333,312.5,17.476266666666664,2.199023255552,0.12582912,0.7260454830180151,0.041544655781823064
TRTLLM,1.2.0rc6,NVIDIA GB200,mla_context,default,float16,fp8,32,2,16384,4,0,3.0643574396769204,5497558138880,1006632960,5461.333333333333,312.5,17.476266666666664,2.199023255552,0.12582912,0.7176131697560211,0.04106215494667174
TRTLLM,1.2.0rc6,NVIDIA GB200,mla_context,default,float16,float16,32,2,16384,4,0,4.227802594502767,5497558138880,1342177280,4096.0,312.5,13.1072,2.199023255552,0.16777216,0.5201338535558158,0.03968306377836729
TRTLLM,1.2.0rc6,NVIDIA GB200,mla_context,default,float16,float16,32,2,16384,4,0,4.293226559956868,5497558138880,1342177280,4096.0,312.5,13.1072,2.199023255552,0.16777216,0.5122075960449878,0.03907833832130339
TRTLLM,1.2.0rc6,NVIDIA GB200,mla_context,default,float16,fp8,32,2,32768,4,0,11.474299112955729,21990232555520,2013265920,10922.666666666666,312.5,34.95253333333333,8.796093022208,0.25165824,0.7665908771958242,0.021932340923189856
TRTLLM,1.2.0rc6,NVIDIA GB200,mla_context,default,float16,fp8,32,2,32768,4,0,11.78161112467448,21990232555520,2013265920,10922.666666666666,312.5,34.95253333333333,8.796093022208,0.25165824,0.7465950903595989,0.021360256872928588
TRTLLM,1.2.0rc6,NVIDIA GB200,mla_context,default,float16,float16,32,2,32768,4,0,15.349909464518229,21990232555520,2684354560,8192.0,312.5,26.2144,8.796093022208,0.33554432,0.5730387558663085,0.021859693751003592
TRTLLM,1.2.0rc6,NVIDIA GB200,mla_context,default,float16,float16,32,2,32768,4,0,15.78988774617513,21990232555520,2684354560,8192.0,312.5,26.2144,8.796093022208,0.33554432,0.5570712828112869,0.02125058299298427
TRTLLM,1.2.0rc6,NVIDIA GB200,mla_context,default,float16,fp8,32,1,1,4,0,0.017360000560681,10240,30720,0.3333333333333333,312.5,0.0010666666666666665,4.096e-09,3.84e-06,2.359446928404547e-07,0.0002211981495379263
TRTLLM,1.2.0rc6,NVIDIA GB200,mla_context,default,float16,fp8,32,1,1,4,0,0.0193653330206871,10240,30720,0.3333333333333333,312.5,0.0010666666666666665,4.096e-09,3.84e-06,2.1151198358553557e-07,0.00019829248461143958
TRTLLM,1.2.0rc6,NVIDIA GB200,mla_context,default,float16,float16,32,1,1,4,0,0.0138720000783602,10240,40960,0.25,312.5,0.0008,4.096e-09,5.12e-06,2.9527104792838105e-07,0.0003690888099104763
TRTLLM,1.2.0rc6,NVIDIA GB200,mla_context,default,float16,float16,32,1,1,4,0,0.015279999623696,10240,40960,0.25,312.5,0.0008,4.096e-09,5.12e-06,2.6806283382677466e-07,0.00033507854228346834
TRTLLM,1.2.0rc6,NVIDIA GB200,mla_context,default,float16,fp8,32,1,16,4,0,0.0187680001060167,2621440,491520,5.333333333333333,312.5,0.017066666666666664,1.048576e-06,6.144e-05,5.587041741670944e-05,0.0032736572705103187
TRTLLM,1.2.0rc6,NVIDIA GB200,mla_context,default,float16,fp8,32,1,16,4,0,0.0191093335549036,2621440,491520,5.333333333333333,312.5,0.017066666666666664,1.048576e-06,6.144e-05,5.48724526152262e-05,0.00321518277042341
TRTLLM,1.2.0rc6,NVIDIA GB200,mla_context,default,float16,float16,32,1,16,4,0,0.0152479993800322,2621440,655360,4.0,312.5,0.0128,1.048576e-06,8.192e-05,6.876810353056203e-05,0.005372508088325159
TRTLLM,1.2.0rc6,NVIDIA GB200,mla_context,default,float16,float16,32,1,16,4,0,0.0155786660810311,2621440,655360,4.0,312.5,0.0128,1.048576e-06,8.192e-05,6.7308458538486e-05,0.005258473323319219
TRTLLM,1.2.0rc6,NVIDIA GB200,mla_context,default,float16,fp8,32,1,32,4,0,0.0197440000871817,10485760,983040,10.666666666666666,312.5,0.03413333333333333,4.194304e-06,0.00012288,0.00021243435886748437,0.006223662857445831
TRTLLM,1.2.0rc6,NVIDIA GB200,mla_context,default,float16,fp8,32,1,32,4,0,0.0197760003308455,10485760,983040,10.666666666666666,312.5,0.03413333333333333,4.194304e-06,0.00012288,0.00021209061133853032,0.006213592129058506
TRTLLM,1.2.0rc6,NVIDIA GB200,mla_context,default,float16,float16,32,1,32,4,0,0.0149120005468527,10485760,1310720,8.0,312.5,0.0256,4.194304e-06,0.00016384,0.00028127037595135026,0.01098712406059962
TRTLLM,1.2.0rc6,NVIDIA GB200,mla_context,default,float16,float16,32,1,32,4,0,0.0150933327774206,10485760,1310720,8.0,312.5,0.0256,4.194304e-06,0.00016384,0.00027789117631293577,0.010855124074724052
TRTLLM,1.2.0rc6,NVIDIA GB200,mla_context,default,float16,fp8,32,1,64,4,0,0.0212533324956893,41943040,1966080,21.333333333333332,312.5,0.06826666666666666,1.6777216e-05,0.00024576,0.0007893922519399174,0.011563363065526133
TRTLLM,1.2.0rc6,NVIDIA GB200,mla_context,default,float16,fp8,32,1,64,4,0,0.021856000026067,41943040,1966080,21.333333333333332,312.5,0.06826666666666666,1.6777216e-05,0.00024576,0.0007676251821005818,0.01124450950342649
TRTLLM,1.2.0rc6,NVIDIA GB200,mla_context,default,float16,float16,32,1,64,4,0,0.0153013331194718,41943040,2621440,16.0,312.5,0.0512,1.6777216e-05,0.00032768,0.0010964545290926353,0.021415127521340536
TRTLLM,1.2.0rc6,NVIDIA GB200,mla_context,default,float16,float16,32,1,64,4,0,0.0153386667370796,41943040,2621440,16.0,312.5,0.0512,1.6777216e-05,0.00032768,0.001093785808608962,0.02136300407439379
TRTLLM,1.2.0rc6,NVIDIA GB200,mla_context,default,float16,fp8,32,1,128,4,0,0.0233493323127428,167772160,3932160,42.666666666666664,312.5,0.1365333333333333,6.7108864e-05,0.00049152,0.002874123469619541,0.021050709006002494
TRTLLM,1.2.0rc6,NVIDIA GB200,mla_context,default,float16,fp8,32,1,128,4,0,0.0233653336763381,167772160,3932160,42.666666666666664,312.5,0.1365333333333333,6.7108864e-05,0.00049152,0.002872155173540734,0.021036292774956545
TRTLLM,1.2.0rc6,NVIDIA GB200,mla_context,default,float16,float16,32,1,128,4,0,0.0169599999984105,167772160,5242880,32.0,312.5,0.1024,6.7108864e-05,0.00065536,0.003956890566408577,0.038641509437583765
TRTLLM,1.2.0rc6,NVIDIA GB200,mla_context,default,float16,float16,32,1,128,4,0,0.0171946672101815,167772160,5242880,32.0,312.5,0.1024,6.7108864e-05,0.00065536,0.0039028882141006332,0.0381141427158265
TRTLLM,1.2.0rc6,NVIDIA GB200,mla_context,default,float16,fp8,32,1,256,4,0,0.0254506667455037,671088640,7864320,85.33333333333333,312.5,0.2730666666666666,0.000268435456,0.00098304,0.010547285801360145,0.038625314213965374
TRTLLM,1.2.0rc6,NVIDIA GB200,mla_context,default,float16,fp8,32,1,256,4,0,0.0258133336901664,671088640,7864320,85.33333333333333,312.5,0.2730666666666666,0.000268435456,0.00098304,0.010399100682693323,0.03808264410166012
TRTLLM,1.2.0rc6,NVIDIA GB200,mla_context,default,float16,float16,32,1,256,4,0,0.0195039995014667,671088640,10485760,64.0,312.5,0.2048,0.000268435456,0.00131072,0.01376309797279341,0.06720262682028032
TRTLLM,1.2.0rc6,NVIDIA GB200,mla_context,default,float16,float16,32,1,256,4,0,0.0212426657478014,671088640,10485760,64.0,312.5,0.2048,0.000268435456,0.00131072,0.01263661817151093,0.06170223716558071
TRTLLM,1.2.0rc6,NVIDIA GB200,mla_context,default,float16,fp8,32,1,512,4,0,0.0294666662812232,2684354560,15728640,170.66666666666666,312.5,0.5461333333333332,0.001073741824,0.00196608,0.03643920264859454,0.06672217281847145
TRTLLM,1.2.0rc6,NVIDIA GB200,mla_context,default,float16,fp8,32,1,512,4,0,0.0295573323965072,2684354560,15728640,170.66666666666666,312.5,0.5461333333333332,0.001073741824,0.00196608,0.036327426629572446,0.06651750481489094
TRTLLM,1.2.0rc6,NVIDIA GB200,mla_context,default,float16,float16,32,1,512,4,0,0.0252319996555646,2684354560,20971520,128.0,312.5,0.4096,0.001073741824,0.00262144,0.042554765324087175,0.1038934700295097
TRTLLM,1.2.0rc6,NVIDIA GB200,mla_context,default,float16,float16,32,1,512,4,0,0.0275733321905136,2684354560,20971520,128.0,312.5,0.4096,0.001073741824,0.00262144,0.038941315347058886,0.09507157067153048
TRTLLM,1.2.0rc6,NVIDIA GB200,mla_context,default,float16,fp8,32,1,1024,4,0,0.0378773336609204,10737418240,31457280,341.3333333333333,312.5,1.0922666666666665,0.004294967296,0.00393216,0.11339148986696743,0.10381300952175972
TRTLLM,1.2.0rc6,NVIDIA GB200,mla_context,default,float16,fp8,32,1,1024,4,0,0.0384053339560826,10737418240,31457280,341.3333333333333,312.5,1.0922666666666665,0.004294967296,0.00393216,0.11183257255128665,0.10238577809260861
TRTLLM,1.2.0rc6,NVIDIA GB200,mla_context,default,float16,float16,32,1,1024,4,0,0.0317760010560353,10737418240,41943040,256.0,312.5,0.8192,0.004294967296,0.00524288,0.13516387063388033,0.16499495926987345
TRTLLM,1.2.0rc6,NVIDIA GB200,mla_context,default,float16,float16,32,1,1024,4,0,0.0328373337785402,10737418240,41943040,256.0,312.5,0.8192,0.004294967296,0.00524288,0.13079525045991522,0.1596621709715762
TRTLLM,1.2.0rc6,NVIDIA GB200,mla_context,default,float16,fp8,32,1,1536,4,0,0.0628319978713989,24159191040,47185920,512.0,312.5,1.6384,0.009663676416,0.00589824,0.1538018325595676,0.09387318881809545
TRTLLM,1.2.0rc6,NVIDIA GB200,mla_context,default,float16,fp8,32,1,1536,4,0,0.064719999829928,24159191040,47185920,512.0,312.5,1.6384,0.009663676416,0.00589824,0.14931514897086412,0.09113473447928717
TRTLLM,1.2.0rc6,NVIDIA GB200,mla_context,default,float16,float16,32,1,1536,4,0,0.0522559980551401,24159191040,62914560,384.0,312.5,1.2288,0.009663676416,0.00786432,0.18492951576205602,0.15049602519698568
TRTLLM,1.2.0rc6,NVIDIA GB200,mla_context,default,float16,float16,32,1,1536,4,0,0.0527840008338292,24159191040,62914560,384.0,312.5,1.2288,0.009663676416,0.00786432,0.18307965033614051,0.14899060085948934
TRTLLM,1.2.0rc6,NVIDIA GB200,mla_context,default,float16,fp8,32,1,2048,4,0,0.0874826709429423,42949672960,62914560,682.6666666666666,312.5,2.184533333333333,0.017179869184,0.00786432,0.19638025449868812,0.08989574638306647
TRTLLM,1.2.0rc6,NVIDIA GB200,mla_context,default,float16,fp8,32,1,2048,4,0,0.08828799923261,42949672960,62914560,682.6666666666666,312.5,2.184533333333333,0.017179869184,0.00786432,0.194588951310774,0.08907575285832549
TRTLLM,1.2.0rc6,NVIDIA GB200,mla_context,default,float16,float16,32,1,2048,4,0,0.0759040017922719,42949672960,83886080,512.0,312.5,1.6384,0.017179869184,0.01048576,0.22633680409916349,0.13814502203318085
TRTLLM,1.2.0rc6,NVIDIA GB200,mla_context,default,float16,float16,32,1,2048,4,0,0.0765440016984939,42949672960,83886080,512.0,312.5,1.6384,0.017179869184,0.01048576,0.2244443562236443,0.1369899635154079
TRTLLM,1.2.0rc6,NVIDIA GB200,mla_context,default,float16,fp8,32,1,3072,4,0,0.1398026645183563,96636764160,94371840,1024.0,312.5,3.2768,0.038654705664,0.01179648,0.2764947706624331,0.08437950764844761
TRTLLM,1.2.0rc6,NVIDIA GB200,mla_context,default,float16,fp8,32,1,3072,4,0,0.1410879989465077,96636764160,94371840,1024.0,312.5,3.2768,0.038654705664,0.01179648,0.2739758587025931,0.08361079672320347
TRTLLM,1.2.0rc6,NVIDIA GB200,mla_context,default,float16,float16,32,1,3072,4,0,0.1285813351472219,96636764160,125829120,768.0,312.5,2.4576,0.038654705664,0.01572864,0.30062454725440113,0.12232444142838587
TRTLLM,1.2.0rc6,NVIDIA GB200,mla_context,default,float16,float16,32,1,3072,4,0,0.1295733352502187,96636764160,125829120,768.0,312.5,2.4576,0.038654705664,0.01572864,0.2983229966980012,0.12138793810953825
TRTLLM,1.2.0rc6,NVIDIA GB200,mla_context,default,float16,fp8,32,1,4096,4,0,0.1955146590868632,171798691840,125829120,1365.3333333333333,312.5,4.369066666666666,0.068719476736,0.01572864,0.3514799200067619,0.08044736938631329
TRTLLM,1.2.0rc6,NVIDIA GB200,mla_context,default,float16,fp8,32,1,4096,4,0,0.1974666714668274,171798691840,125829120,1365.3333333333333,312.5,4.369066666666666,0.068719476736,0.01572864,0.3480054442885783,0.07965212500501517
TRTLLM,1.2.0rc6,NVIDIA GB200,mla_context,default,float16,float16,32,1,4096,4,0,0.1946026682853698,171798691840,167772160,1024.0,312.5,3.2768,0.068719476736,0.02097152,0.3531271042760225,0.1077658399279854
TRTLLM,1.2.0rc6,NVIDIA GB200,mla_context,default,float16,float16,32,1,4096,4,0,0.2007039984067281,171798691840,167772160,1024.0,312.5,3.2768,0.068719476736,0.02097152,0.3423921659833577,0.10448979674785086
TRTLLM,1.2.0rc6,NVIDIA GB200,mla_context,default,float16,fp8,32,1,6144,4,0,0.3395040035247803,386547056640,188743680,2048.0,312.5,6.5536,0.154618822656,0.02359296,0.45542562400067377,0.06949243530283718
TRTLLM,1.2.0rc6,NVIDIA GB200,mla_context,default,float16,fp8,32,1,6144,4,0,0.3407413164774577,386547056640,188743680,2048.0,312.5,6.5536,0.154618822656,0.02359296,0.45377186498670186,0.06924009170329314
TRTLLM,1.2.0rc6,NVIDIA GB200,mla_context,default,float16,float16,32,1,6144,4,0,0.357034683227539,386547056640,251658240,1536.0,312.5,4.9152,0.154618822656,0.03145728,0.4330638728379816,0.08810707048298778
TRTLLM,1.2.0rc6,NVIDIA GB200,mla_context,default,float16,float16,32,1,6144,4,0,0.3588159879048665,386547056640,251658240,1536.0,312.5,4.9152,0.154618822656,0.03145728,0.43091397225308237,0.08766967208925015
TRTLLM,1.2.0rc6,NVIDIA GB200,mla_context,default,float16,fp8,32,1,8192,4,0,0.5119093259175619,687194767360,251658240,2730.6666666666665,312.5,8.738133333333332,0.274877906944,0.03145728,0.5369660075078735,0.061450882817215745
TRTLLM,1.2.0rc6,NVIDIA GB200,mla_context,default,float16,fp8,32,1,8192,4,0,0.515498677889506,687194767360,251658240,2730.6666666666665,312.5,8.738133333333332,0.274877906944,0.03145728,0.5332271812400621,0.06102300810700173
TRTLLM,1.2.0rc6,NVIDIA GB200,mla_context,default,float16,float16,32,1,8192,4,0,0.54639999071757,687194767360,335544320,2048.0,312.5,6.5536,0.274877906944,0.04194304,0.5030708484877744,0.07676251960567848
TRTLLM,1.2.0rc6,NVIDIA GB200,mla_context,default,float16,float16,32,1,8192,4,0,0.565285325050354,687194767360,335544320,2048.0,312.5,6.5536,0.274877906944,0.04194304,0.48626400644579737,0.07419799903042562
TRTLLM,1.2.0rc6,NVIDIA GB200,mla_context,default,float16,fp8,32,1,10240,4,0,0.7247359752655029,1073741824000,314572800,3413.3333333333335,312.5,10.922666666666666,0.4294967296,0.0393216,0.592625099702904,0.05425644833705785
TRTLLM,1.2.0rc6,NVIDIA GB200,mla_context,default,float16,fp8,32,1,10240,4,0,0.7248746554056803,1073741824000,314572800,3413.3333333333335,312.5,10.922666666666666,0.4294967296,0.0393216,0.5925117210224845,0.05424606820884562
TRTLLM,1.2.0rc6,NVIDIA GB200,mla_context,default,float16,float16,32,1,10240,4,0,0.8159039815266927,1073741824000,419430400,2560.0,312.5,8.192,0.4294967296,0.052428800000000005,0.5264059734042967,0.0642585416753292
TRTLLM,1.2.0rc6,NVIDIA GB200,mla_context,default,float16,float16,32,1,10240,4,0,0.8189013004302979,1073741824000,419430400,2560.0,312.5,8.192,0.4294967296,0.052428800000000005,0.5244792374542789,0.06402334441580554
TRTLLM,1.2.0rc6,NVIDIA GB200,mla_context,default,float16,fp8,32,1,12288,4,0,0.9741600354512532,1546188226560,377487360,4096.0,312.5,13.1072,0.618475290624,0.04718592,0.6348805823649993,0.04843754443092341
TRTLLM,1.2.0rc6,NVIDIA GB200,mla_context,default,float16,fp8,32,1,12288,4,0,0.97597869237264,1546188226560,377487360,4096.0,312.5,13.1072,0.618475290624,0.04718592,0.6336975340316743,0.04834728500607866
TRTLLM,1.2.0rc6,NVIDIA GB200,mla_context,default,float16,float16,32,1,12288,4,0,1.1031733353932698,1546188226560,503316480,3072.0,312.5,9.8304,0.618475290624,0.06291456,0.5606329221178283,0.05703053000059289
TRTLLM,1.2.0rc6,NVIDIA GB200,mla_context,default,float16,float16,32,1,12288,4,0,1.1182133356730144,1546188226560,503316480,3072.0,312.5,9.8304,0.618475290624,0.06291456,0.5530923938156763,0.056263467795377234
TRTLLM,1.2.0rc6,NVIDIA GB200,mla_context,default,float16,fp8,32,1,16384,4,0,1.5729173024495442,2748779069440,503316480,5461.333333333333,312.5,17.476266666666664,1.099511627776,0.06291456,0.6990269774918888,0.039998644494546244
TRTLLM,1.2.0rc6,NVIDIA GB200,mla_context,default,float16,fp8,32,1,16384,4,0,1.5762027104695635,2748779069440,503316480,5461.333333333333,312.5,17.476266666666664,1.099511627776,0.06291456,0.6975699384811022,0.0399152720535909
TRTLLM,1.2.0rc6,NVIDIA GB200,mla_context,default,float16,float16,32,1,16384,4,0,1.7524693806966145,2748779069440,671088640,4096.0,312.5,13.1072,1.099511627776,0.08388608,0.6274070405378148,0.047867358439469515
TRTLLM,1.2.0rc6,NVIDIA GB200,mla_context,default,float16,float16,32,1,16384,4,0,1.828693389892578,2748779069440,671088640,4096.0,312.5,13.1072,1.099511627776,0.08388608,0.6012553191547262,0.045872140438440415
TRTLLM,1.2.0rc6,NVIDIA GB200,mla_context,default,float16,fp8,32,1,32768,4,0,5.728613535563151,10995116277760,1006632960,10922.666666666666,312.5,34.95253333333333,4.398046511104,0.12582912,0.7677331493564699,0.021965021591848464
TRTLLM,1.2.0rc6,NVIDIA GB200,mla_context,default,float16,fp8,32,1,32768,4,0,5.7311147054036455,10995116277760,1006632960,10922.666666666666,312.5,34.95253333333333,4.398046511104,0.12582912,0.7673980956893521,0.021955435629540027
TRTLLM,1.2.0rc6,NVIDIA GB200,mla_context,default,float16,float16,32,1,32768,4,0,8.018597284952799,10995116277760,1342177280,8192.0,312.5,26.2144,4.398046511104,0.16777216,0.5484807822132557,0.02092288140156768
TRTLLM,1.2.0rc6,NVIDIA GB200,mla_context,default,float16,float16,32,1,32768,4,0,8.224234898885092,10995116277760,1342177280,8192.0,312.5,26.2144,4.398046511104,0.16777216,0.53476664579464,0.02039972861460266
TRTLLM,1.2.0rc6,NVIDIA GB200,mla_context,default,float16,fp8,16,256,1,8,0,0.0992693305015564,1310720,3932160,0.3333333333333333,312.5,0.0010666666666666665,5.24288e-07,0.00049152,5.281470091024538e-06,0.0049513782103355036
TRTLLM,1.2.0rc6,NVIDIA GB200,mla_context,default,float16,float16,16,256,1,8,0,0.0975893338521321,1310720,5242880,0.25,312.5,0.0008,5.24288e-07,0.00065536,5.372390396622689e-06,0.006715487995778362
TRTLLM,1.2.0rc6,NVIDIA GB200,mla_context,default,float16,fp8,16,256,16,8,0,0.1198613345623016,335544320,62914560,5.333333333333333,312.5,0.017066666666666664,0.000134217728,0.00786432,0.0011197750174409766,0.06561181742818221
TRTLLM,1.2.0rc6,NVIDIA GB200,mla_context,default,float16,float16,16,256,16,8,0,0.1029013295968373,335544320,83886080,4.0,312.5,0.0128,0.000134217728,0.01048576,0.001304334244521999,0.10190111285328117
TRTLLM,1.2.0rc6,NVIDIA GB200,mla_context,default,float16,fp8,16,256,32,8,0,0.1463040014108022,1342177280,125829120,10.666666666666666,312.5,0.03413333333333333,0.000536870912,0.01572864,0.0036695572699514747,0.10750656064310961
TRTLLM,1.2.0rc6,NVIDIA GB200,mla_context,default,float16,float16,16,256,32,8,0,0.1152426699797312,1342177280,167772160,8.0,312.5,0.0256,0.000536870912,0.02097152,0.0046586122318619,0.1819770403071055
TRTLLM,1.2.0rc6,NVIDIA GB200,mla_context,default,float16,fp8,16,256,64,8,0,0.2109919985135396,5368709120,251658240,21.333333333333332,312.5,0.06826666666666666,0.002147483648,0.03145728,0.010178033589563793,0.14909228890962586
TRTLLM,1.2.0rc6,NVIDIA GB200,mla_context,default,float16,float16,16,256,64,8,0,0.1484053333600362,5368709120,335544320,16.0,312.5,0.0512,0.002147483648,0.04194304,0.014470394017377626,0.28262488315190676
TRTLLM,1.2.0rc6,NVIDIA GB200,mla_context,default,float16,fp8,16,256,128,8,0,0.3317066629727681,21474836480,503316480,42.666666666666664,312.5,0.1365333333333333,0.008589934592,0.06291456,0.02589617740872815,0.18966926813033314
TRTLLM,1.2.0rc6,NVIDIA GB200,mla_context,default,float16,float16,16,256,128,8,0,0.2026666601498921,21474836480,671088640,32.0,312.5,0.1024,0.008589934592,0.08388608,0.04238454704709147,0.41391159225675267
TRTLLM,1.2.0rc6,NVIDIA GB200,mla_context,default,float16,fp8,16,256,256,8,0,0.6114720106124878,85899345920,1006632960,85.33333333333333,312.5,0.2730666666666666,0.034359738368,0.12582912,0.05619184160789826,0.20578066995079927
TRTLLM,1.2.0rc6,NVIDIA GB200,mla_context,default,float16,float16,16,256,256,8,0,0.3719573418299357,85899345920,1342177280,64.0,312.5,0.2048,0.034359738368,0.16777216,0.09237548101338398,0.451052153385664
TRTLLM,1.2.0rc6,NVIDIA GB200,mla_context,default,float16,fp8,16,128,1,8,0,0.0586026658614476,655360,1966080,0.3333333333333333,312.5,0.0010666666666666665,2.62144e-07,0.00024576,4.473243599869307e-06,0.004193665874877475
TRTLLM,1.2.0rc6,NVIDIA GB200,mla_context,default,float16,float16,16,128,1,8,0,0.0547839999198913,655360,2621440,0.25,312.5,0.0008,2.62144e-07,0.00032768,4.7850467359689665e-06,0.0059813084199612085
TRTLLM,1.2.0rc6,NVIDIA GB200,mla_context,default,float16,fp8,16,128,16,8,0,0.0649066666762034,167772160,31457280,5.333333333333333,312.5,0.017066666666666664,6.7108864e-05,0.00393216,0.0010339286769228588,0.06058175841344876
TRTLLM,1.2.0rc6,NVIDIA GB200,mla_context,default,float16,float16,16,128,16,8,0,0.0581760009129842,167772160,41943040,4.0,312.5,0.0128,6.7108864e-05,0.00524288,0.0011535489367922862,0.09012101068689736
TRTLLM,1.2.0rc6,NVIDIA GB200,mla_context,default,float16,fp8,16,128,32,8,0,0.0829066683848698,671088640,62914560,10.666666666666666,312.5,0.03413333333333333,0.000268435456,0.00786432,0.003237802956378218,0.0948575084876431
TRTLLM,1.2.0rc6,NVIDIA GB200,mla_context,default,float16,float16,16,128,32,8,0,0.0648586650689442,671088640,83886080,8.0,312.5,0.0256,0.000268435456,0.01048576,0.004138775531606386,0.16167091920337442
TRTLLM,1.2.0rc6,NVIDIA GB200,mla_context,default,float16,fp8,16,128,64,8,0,0.1153493324915568,2684354560,125829120,21.333333333333332,312.5,0.06826666666666666,0.001073741824,0.01572864,0.00930860890832285,0.1363565758055105
TRTLLM,1.2.0rc6,NVIDIA GB200,mla_context,default,float16,float16,16,128,64,8,0,0.0771413346131642,2684354560,167772160,16.0,312.5,0.0512,0.001073741824,0.02097152,0.013919150211549042,0.27185840256931726
TRTLLM,1.2.0rc6,NVIDIA GB200,mla_context,default,float16,fp8,16,128,128,8,0,0.1784693400065104,10737418240,251658240,42.666666666666664,312.5,0.1365333333333333,0.004294967296,0.03145728,0.024065575049716233,0.1762615360086638
TRTLLM,1.2.0rc6,NVIDIA GB200,mla_context,default,float16,float16,16,128,128,8,0,0.1068480014801025,10737418240,335544320,32.0,312.5,0.1024,0.004294967296,0.04194304,0.040196982971177235,0.3925486618279027
TRTLLM,1.2.0rc6,NVIDIA GB200,mla_context,default,float16,fp8,16,128,256,8,0,0.3125226696332295,42949672960,503316480,85.33333333333333,312.5,0.2730666666666666,0.017179869184,0.06291456,0.05497159359403258,0.20131198825939664
TRTLLM,1.2.0rc6,NVIDIA GB200,mla_context,default,float16,float16,16,128,256,8,0,0.1960853338241577,42949672960,671088640,64.0,312.5,0.2048,0.017179869184,0.08388608,0.08761424859753301,0.4278039482301417
TRTLLM,1.2.0rc6,NVIDIA GB200,mla_context,default,float16,fp8,16,128,512,8,0,0.6505013306935629,171798691840,1006632960,170.66666666666666,312.5,0.5461333333333332,0.068719476736,0.12582912,0.10564079348266893,0.19343407009766037
TRTLLM,1.2.0rc6,NVIDIA GB200,mla_context,default,float16,float16,16,128,512,8,0,0.4127200047175089,171798691840,1342177280,128.0,312.5,0.4096,0.068719476736,0.16777216,0.1665038669085979,0.40650358131981906
TRTLLM,1.2.0rc6,NVIDIA GB200,mla_context,default,float16,fp8,16,64,1,8,0,0.0380373323957125,327680,983040,0.3333333333333333,312.5,0.0010666666666666665,1.31072e-07,0.00012288,3.4458778190968565e-06,0.003230510455403303
TRTLLM,1.2.0rc6,NVIDIA GB200,mla_context,default,float16,float16,16,64,1,8,0,0.0338186671336491,327680,1310720,0.25,312.5,0.0008,1.31072e-07,0.00016384,3.875729326706231e-06,0.004844661658382789
TRTLLM,1.2.0rc6,NVIDIA GB200,mla_context,default,float16,fp8,16,64,16,8,0,0.0405493328968683,83886080,15728640,5.333333333333333,312.5,0.017066666666666664,3.3554432e-05,0.00196608,0.0008274965234407461,0.048486124420356214
TRTLLM,1.2.0rc6,NVIDIA GB200,mla_context,default,float16,float16,16,64,16,8,0,0.0354026655356089,83886080,20971520,4.0,312.5,0.0128,3.3554432e-05,0.00262144,0.0009477939441099457,0.0740464018835895
TRTLLM,1.2.0rc6,NVIDIA GB200,mla_context,default,float16,fp8,16,64,32,8,0,0.0441120018561681,335544320,31457280,10.666666666666666,312.5,0.03413333333333333,0.000134217728,0.00393216,0.0030426578335218443,0.08914036621646027
TRTLLM,1.2.0rc6,NVIDIA GB200,mla_context,default,float16,float16,16,64,32,8,0,0.0376853321989377,335544320,41943040,8.0,312.5,0.0256,0.000134217728,0.00524288,0.003561537610746693,0.1391225629197927
TRTLLM,1.2.0rc6,NVIDIA GB200,mla_context,default,float16,fp8,16,64,64,8,0,0.0667786647876103,1342177280,62914560,21.333333333333332,312.5,0.06826666666666666,0.000536870912,0.00786432,0.008039557450085581,0.11776695483523798
TRTLLM,1.2.0rc6,NVIDIA GB200,mla_context,default,float16,float16,16,64,64,8,0,0.0457066645224889,1342177280,83886080,16.0,312.5,0.0512,0.000536870912,0.01048576,0.011746009419170046,0.22941424646816497
TRTLLM,1.2.0rc6,NVIDIA GB200,mla_context,default,float16,fp8,16,64,128,8,0,0.0993493298689524,5368709120,125829120,42.666666666666664,312.5,0.1365333333333333,0.002147483648,0.01572864,0.021615481964827113,0.15831651829707355
TRTLLM,1.2.0rc6,NVIDIA GB200,mla_context,default,float16,float16,16,64,128,8,0,0.0604693343242009,5368709120,167772160,32.0,312.5,0.1024,0.002147483648,0.02097152,0.035513598289117244,0.34681248329216063
TRTLLM,1.2.0rc6,NVIDIA GB200,mla_context,default,float16,fp8,16,64,256,8,0,0.166373332341512,21474836480,251658240,85.33333333333333,312.5,0.2730666666666666,0.008589934592,0.03145728,0.051630477499648636,0.1890764556871898
TRTLLM,1.2.0rc6,NVIDIA GB200,mla_context,default,float16,float16,16,64,256,8,0,0.1065386633078257,21474836480,335544320,64.0,312.5,0.2048,0.008589934592,0.04194304,0.08062739220953821,0.3936884385231358
TRTLLM,1.2.0rc6,NVIDIA GB200,mla_context,default,float16,fp8,16,64,512,8,0,0.332858661810557,85899345920,503316480,170.66666666666666,312.5,0.5461333333333332,0.034359738368,0.06291456,0.10322621073191564,0.18901283703353694
TRTLLM,1.2.0rc6,NVIDIA GB200,mla_context,default,float16,float16,16,64,512,8,0,0.2194986740748087,85899345920,671088640,128.0,312.5,0.4096,0.034359738368,0.08388608,0.15653733906515374,0.3821712379520355
TRTLLM,1.2.0rc6,NVIDIA GB200,mla_context,default,float16,fp8,16,64,1024,8,0,0.734656016031901,343597383680,1006632960,341.3333333333333,312.5,1.0922666666666665,0.137438953472,0.12582912,0.1870793275665927,0.17127623983757878
TRTLLM,1.2.0rc6,NVIDIA GB200,mla_context,default,float16,float16,16,64,1024,8,0,0.530895988146464,343597383680,1342177280,256.0,312.5,0.8192,0.137438953472,0.16777216,0.25888113027910703,0.3160170047352381
TRTLLM,1.2.0rc6,NVIDIA GB200,mla_context,default,float16,fp8,16,32,1,8,0,0.0283999989430109,163840,491520,0.3333333333333333,312.5,0.0010666666666666665,6.5536e-08,6.144e-05,2.307605719687116e-06,0.002163380362206671
TRTLLM,1.2.0rc6,NVIDIA GB200,mla_context,default,float16,float16,16,32,1,8,0,0.0275893335541089,163840,655360,0.25,312.5,0.0008,6.5536e-08,8.192e-05,2.3754107677689686e-06,0.002969263459711211
TRTLLM,1.2.0rc6,NVIDIA GB200,mla_context,default,float16,fp8,16,32,16,8,0,0.0297920008500417,41943040,7864320,5.333333333333333,312.5,0.017066666666666664,1.6777216e-05,0.00098304,0.0005631449893026073,0.032996776716949644
TRTLLM,1.2.0rc6,NVIDIA GB200,mla_context,default,float16,float16,16,32,16,8,0,0.0257013340791066,41943040,10485760,4.0,312.5,0.0128,1.6777216e-05,0.00131072,0.0006527760756838965,0.050998130912804425
TRTLLM,1.2.0rc6,NVIDIA GB200,mla_context,default,float16,fp8,16,32,32,8,0,0.0325813343127568,167772160,15728640,10.666666666666666,312.5,0.03413333333333333,6.7108864e-05,0.00196608,0.0020597334460217115,0.06034375330141732
TRTLLM,1.2.0rc6,NVIDIA GB200,mla_context,default,float16,float16,16,32,32,8,0,0.0274240002036094,167772160,20971520,8.0,312.5,0.0256,6.7108864e-05,0.00262144,0.002447085162695101,0.0955892641677774
TRTLLM,1.2.0rc6,NVIDIA GB200,mla_context,default,float16,fp8,16,32,64,8,0,0.0360266665617624,671088640,31457280,21.333333333333332,312.5,0.06826666666666666,0.000268435456,0.00393216,0.00745102119120033,0.10914581823047359
TRTLLM,1.2.0rc6,NVIDIA GB200,mla_context,default,float16,float16,16,32,64,8,0,0.0296639998753865,671088640,41943040,16.0,312.5,0.0512,0.000268435456,0.00524288,0.009049199606514713,0.1767421798147405
TRTLLM,1.2.0rc6,NVIDIA GB200,mla_context,default,float16,fp8,16,32,128,8,0,0.0601546665032704,2684354560,62914560,42.666666666666664,312.5,0.1365333333333333,0.001073741824,0.00786432,0.017849684594986898,0.13073499459218918
TRTLLM,1.2.0rc6,NVIDIA GB200,mla_context,default,float16,float16,16,32,128,8,0,0.0371199995279312,2684354560,83886080,32.0,312.5,0.1024,0.001073741824,0.01048576,0.02892623485062427,0.2824827622131277
TRTLLM,1.2.0rc6,NVIDIA GB200,mla_context,default,float16,fp8,16,32,256,8,0,0.095301330089569,10737418240,125829120,85.33333333333333,312.5,0.2730666666666666,0.004294967296,0.01572864,0.04506723349992464,0.16504113830538808
TRTLLM,1.2.0rc6,NVIDIA GB200,mla_context,default,float16,float16,16,32,256,8,0,0.0623839994271596,10737418240,167772160,64.0,312.5,0.2048,0.004294967296,0.02097152,0.06884725787763674,0.33616825135564815
TRTLLM,1.2.0rc6,NVIDIA GB200,mla_context,default,float16,fp8,16,32,512,8,0,0.1799199978510538,42949672960,251658240,170.66666666666666,312.5,0.5461333333333332,0.017179869184,0.03145728,0.0954861571209127,0.1748403755876087
TRTLLM,1.2.0rc6,NVIDIA GB200,mla_context,default,float16,float16,16,32,512,8,0,0.1195786694685618,42949672960,335544320,128.0,312.5,0.4096,0.017179869184,0.04194304,0.1436700145632305,0.350756871492262
TRTLLM,1.2.0rc6,NVIDIA GB200,mla_context,default,float16,fp8,16,32,1024,8,0,0.3771573305130005,171798691840,503316480,341.3333333333333,312.5,1.0922666666666665,0.068719476736,0.06291456,0.18220374145327997,0.16681250743403317
TRTLLM,1.2.0rc6,NVIDIA GB200,mla_context,default,float16,float16,16,32,1024,8,0,0.2763786713282267,171798691840,671088640,256.0,312.5,0.8192,0.068719476736,0.08388608,0.24864247449250126,0.3035186456207291
TRTLLM,1.2.0rc6,NVIDIA GB200,mla_context,default,float16,fp8,16,32,1536,8,0,0.6199893156687418,386547056640,754974720,512.0,312.5,1.6384,0.154618822656,0.09437184,0.24938949550964892,0.15221526825540097
TRTLLM,1.2.0rc6,NVIDIA GB200,mla_context,default,float16,float16,16,32,1536,8,0,0.4802773396174113,386547056640,1006632960,384.0,312.5,1.2288,0.154618822656,0.12582912,0.32193653520936316,0.2619926230544947
TRTLLM,1.2.0rc6,NVIDIA GB200,mla_context,default,float16,fp8,16,32,2048,8,0,0.8966293334960938,687194767360,1006632960,682.6666666666666,312.5,2.184533333333333,0.274877906944,0.12582912,0.3065680506706259,0.14033571655454677
TRTLLM,1.2.0rc6,NVIDIA GB200,mla_context,default,float16,float16,16,32,2048,8,0,0.7598986625671387,687194767360,1342177280,512.0,312.5,1.6384,0.274877906944,0.16777216,0.36172968908168585,0.22078228093364616
TRTLLM,1.2.0rc6,NVIDIA GB200,mla_context,default,float16,fp8,16,16,1,8,0,0.0213920002182324,81920,245760,0.3333333333333333,312.5,0.0010666666666666665,3.2768e-08,3.072e-05,1.5317875685169373e-06,0.0014360508454846286
TRTLLM,1.2.0rc6,NVIDIA GB200,mla_context,default,float16,float16,16,16,1,8,0,0.023237332701683,81920,327680,0.25,312.5,0.0008,3.2768e-08,4.096e-05,1.4101446332360997e-06,0.0017626807915451248
TRTLLM,1.2.0rc6,NVIDIA GB200,mla_context,default,float16,fp8,16,16,16,8,0,0.0254666656255722,20971520,3932160,5.333333333333333,312.5,0.017066666666666664,8.388608e-06,0.00049152,0.0003293956155601552,0.01930052434922784
TRTLLM,1.2.0rc6,NVIDIA GB200,mla_context,default,float16,float16,16,16,16,8,0,0.0195626666148503,20971520,5242880,4.0,312.5,0.0128,8.388608e-06,0.00065536,0.00042880698041605883,0.033500545345004594
TRTLLM,1.2.0rc6,NVIDIA GB200,mla_context,default,float16,fp8,16,16,32,8,0,0.0258240004380544,83886080,7864320,10.666666666666666,312.5,0.03413333333333333,3.3554432e-05,0.00098304,0.0012993506594955748,0.038066913852409415
TRTLLM,1.2.0rc6,NVIDIA GB200,mla_context,default,float16,float16,16,16,32,8,0,0.0195626666148503,83886080,10485760,8.0,312.5,0.0256,3.3554432e-05,0.00131072,0.0017152279216642353,0.06700109069000919
TRTLLM,1.2.0rc6,NVIDIA GB200,mla_context,default,float16,fp8,16,16,64,8,0,0.0273333340883255,335544320,15728640,21.333333333333332,312.5,0.06826666666666666,0.000134217728,0.00196608,0.004910404547293281,0.07192975411074143
TRTLLM,1.2.0rc6,NVIDIA GB200,mla_context,default,float16,float16,16,16,64,8,0,0.0217440004150072,335544320,20971520,16.0,312.5,0.0512,0.000134217728,0.00262144,0.006172632700437499,0.1205592324304199
TRTLLM,1.2.0rc6,NVIDIA GB200,mla_context,default,float16,fp8,16,16,128,8,0,0.0317546675602595,1342177280,31457280,42.666666666666664,312.5,0.1365333333333333,0.000536870912,0.00393216,0.016906834593094153,0.12382935492988881
TRTLLM,1.2.0rc6,NVIDIA GB200,mla_context,default,float16,float16,16,16,128,8,0,0.0235466659069061,1342177280,41943040,32.0,312.5,0.1024,0.000536870912,0.00524288,0.022800294280411856,0.22265912383214703
TRTLLM,1.2.0rc6,NVIDIA GB200,mla_context,default,float16,fp8,16,16,256,8,0,0.0580373356739679,5368709120,62914560,85.33333333333333,312.5,0.2730666666666666,0.002147483648,0.00786432,0.03700176141895559,0.13550449738387055
TRTLLM,1.2.0rc6,NVIDIA GB200,mla_context,default,float16,float16,16,16,256,8,0,0.0337919990221659,5368709120,83886080,64.0,312.5,0.2048,0.002147483648,0.01048576,0.06355006244499936,0.3103030392822234
TRTLLM,1.2.0rc6,NVIDIA GB200,mla_context,default,float16,fp8,16,16,512,8,0,0.1026186645030975,21474836480,125829120,170.66666666666666,312.5,0.5461333333333332,0.008589934592,0.01572864,0.08370733173730512,0.15327270215571004
TRTLLM,1.2.0rc6,NVIDIA GB200,mla_context,default,float16,float16,16,16,512,8,0,0.0695093323787053,21474836480,167772160,128.0,312.5,0.4096,0.008589934592,0.02097152,0.12357958705745807,0.30170797621449724
TRTLLM,1.2.0rc6,NVIDIA GB200,mla_context,default,float16,fp8,16,16,1024,8,0,0.2043360074361165,85899345920,251658240,341.3333333333333,312.5,1.0922666666666665,0.034359738368,0.03145728,0.16815312582018718,0.1539487846254155
TRTLLM,1.2.0rc6,NVIDIA GB200,mla_context,default,float16,float16,16,16,1024,8,0,0.153519997994105,85899345920,335544320,256.0,312.5,0.8192,0.034359738368,0.04194304,0.2238127854152224,0.27320896657131644
TRTLLM,1.2.0rc6,NVIDIA GB200,mla_context,default,float16,fp8,16,16,1536,8,0,0.3246773282686869,193273528320,377487360,512.0,312.5,1.6384,0.077309411328,0.04718592,0.2381115174879798,0.14533173674803454
TRTLLM,1.2.0rc6,NVIDIA GB200,mla_context,default,float16,float16,16,16,1536,8,0,0.2571840087572734,193273528320,503316480,384.0,312.5,1.2288,0.077309411328,0.06291456,0.3005996045460335,0.2446285844287382
TRTLLM,1.2.0rc6,NVIDIA GB200,mla_context,default,float16,fp8,16,16,2048,8,0,0.4626080195109049,343597383680,503316480,682.6666666666666,312.5,2.184533333333333,0.137438953472,0.06291456,0.29709591635983346,0.13599971757194523
TRTLLM,1.2.0rc6,NVIDIA GB200,mla_context,default,float16,float16,16,16,2048,8,0,0.3879146575927734,343597383680,671088640,512.0,312.5,1.6384,0.137438953472,0.08388608,0.3543020372699637,0.21624880204465557
TRTLLM,1.2.0rc6,NVIDIA GB200,mla_context,default,float16,fp8,16,16,3072,8,0,0.8027199904123942,773094113280,754974720,1024.0,312.5,3.2768,0.309237645312,0.09437184,0.38523725459126834,0.11756508013649547
TRTLLM,1.2.0rc6,NVIDIA GB200,mla_context,default,float16,float16,16,16,3072,8,0,0.7260533173878988,773094113280,1006632960,768.0,312.5,2.4576,0.309237645312,0.12582912,0.42591589061879837,0.1733056195551751
TRTLLM,1.2.0rc6,NVIDIA GB200,mla_context,default,float16,fp8,16,16,4096,8,0,1.223205327987671,1374389534720,1006632960,1365.3333333333333,312.5,4.369066666666666,0.549755813888,0.12582912,0.4494387011806256,0.10286835506758704
TRTLLM,1.2.0rc6,NVIDIA GB200,mla_context,default,float16,float16,16,16,4096,8,0,1.1756693522135415,1374389534720,1342177280,1024.0,312.5,3.2768,0.549755813888,0.16777216,0.46761090850324866,0.1427035243235012
TRTLLM,1.2.0rc6,NVIDIA GB200,mla_context,default,float16,fp8,16,8,1,8,0,0.0201813330252965,40960,122880,0.3333333333333333,312.5,0.0010666666666666665,1.6384e-08,1.536e-05,8.11839335858702e-07,0.000761099377367533
TRTLLM,1.2.0rc6,NVIDIA GB200,mla_context,default,float16,fp8,16,8,1,8,0,0.0213120008508364,40960,122880,0.3333333333333333,312.5,0.0010666666666666665,1.6384e-08,1.536e-05,7.687687380773074e-07,0.0007207206919474757
TRTLLM,1.2.0rc6,NVIDIA GB200,mla_context,default,float16,float16,16,8,1,8,0,0.0168373336394627,40960,163840,0.25,312.5,0.0008,1.6384e-08,2.048e-05,9.730756870909659e-07,0.0012163446088637073
TRTLLM,1.2.0rc6,NVIDIA GB200,mla_context,default,float16,float16,16,8,1,8,0,0.0169866668681303,40960,163840,0.25,312.5,0.0008,1.6384e-08,2.048e-05,9.645211816533001e-07,0.0012056514770666252
TRTLLM,1.2.0rc6,NVIDIA GB200,mla_context,default,float16,fp8,16,8,16,8,0,0.0211786677440007,10485760,1966080,5.333333333333333,312.5,0.017066666666666664,4.194304e-06,0.00024576,0.00019804380760390957,0.011604129351791575
TRTLLM,1.2.0rc6,NVIDIA GB200,mla_context,default,float16,fp8,16,8,16,8,0,0.0212213322520256,10485760,1966080,5.333333333333333,312.5,0.017066666666666664,4.194304e-06,0.00024576,0.00019764564967874007,0.011580799785863675
TRTLLM,1.2.0rc6,NVIDIA GB200,mla_context,default,float16,float16,16,8,16,8,0,0.0150879994034767,10485760,2621440,4.0,312.5,0.0128,4.194304e-06,0.00032768,0.0002779894065367947,0.021717922385687087
TRTLLM,1.2.0rc6,NVIDIA GB200,mla_context,default,float16,float16,16,8,16,8,0,0.0170453327397505,10485760,2621440,4.0,312.5,0.0128,4.194304e-06,0.00032768,0.00024606759304960296,0.019224030707000232
TRTLLM,1.2.0rc6,NVIDIA GB200,mla_context,default,float16,fp8,16,8,32,8,0,0.0192053330441315,41943040,3932160,10.666666666666666,312.5,0.03413333333333333,1.6777216e-05,0.00049152,0.00087357068796714,0.0255928912490373
TRTLLM,1.2.0rc6,NVIDIA GB200,mla_context,default,float16,fp8,16,8,32,8,0,0.0228586668769518,41943040,3932160,10.666666666666666,312.5,0.03413333333333333,1.6777216e-05,0.00049152,0.0007339542629634419,0.021502566297757084
TRTLLM,1.2.0rc6,NVIDIA GB200,mla_context,default,float16,float16,16,8,32,8,0,0.0152533327539761,41943040,5242880,8.0,312.5,0.0256,1.6777216e-05,0.00065536,0.001099904936881854,0.04296503659694743
TRTLLM,1.2.0rc6,NVIDIA GB200,mla_context,default,float16,float16,16,8,32,8,0,0.0171680003404617,41943040,5242880,8.0,312.5,0.0256,1.6777216e-05,0.00065536,0.0009772376320647724,0.038173345002530175
TRTLLM,1.2.0rc6,NVIDIA GB200,mla_context,default,float16,fp8,16,8,64,8,0,0.0216746677954991,167772160,7864320,21.333333333333332,312.5,0.06826666666666666,6.7108864e-05,0.00098304,0.0030961888151261833,0.04535432834657495
TRTLLM,1.2.0rc6,NVIDIA GB200,mla_context,default,float16,fp8,16,8,64,8,0,0.0231680000821749,167772160,7864320,21.333333333333332,312.5,0.06826666666666666,6.7108864e-05,0.00098304,0.0028966187742563293,0.04243093907602045
TRTLLM,1.2.0rc6,NVIDIA GB200,mla_context,default,float16,float16,16,8,64,8,0,0.0173013334472974,167772160,10485760,16.0,312.5,0.0512,6.7108864e-05,0.00131072,0.003878826115017332,0.07575832255893228
TRTLLM,1.2.0rc6,NVIDIA GB200,mla_context,default,float16,float16,16,8,64,8,0,0.0175200005372365,167772160,10485760,16.0,312.5,0.0512,6.7108864e-05,0.00131072,0.003830414494415612,0.07481278309405492
TRTLLM,1.2.0rc6,NVIDIA GB200,mla_context,default,float16,fp8,16,8,128,8,0,0.0234293341636657,671088640,15728640,42.666666666666664,312.5,0.1365333333333333,0.000268435456,0.00196608,0.011457237927669782,0.08391531685305015
TRTLLM,1.2.0rc6,NVIDIA GB200,mla_context,default,float16,fp8,16,8,128,8,0,0.024757333099842,671088640,15728640,42.666666666666664,312.5,0.1365333333333333,0.000268435456,0.00196608,0.010842664471065874,0.0794140464189395
TRTLLM,1.2.0rc6,NVIDIA GB200,mla_context,default,float16,float16,16,8,128,8,0,0.0188853330910205,671088640,20971520,32.0,312.5,0.1024,0.000268435456,0.00262144,0.01421396459920711,0.13880824803913194
TRTLLM,1.2.0rc6,NVIDIA GB200,mla_context,default,float16,float16,16,8,128,8,0,0.0191786661744117,671088640,20971520,32.0,312.5,0.1024,0.000268435456,0.00262144,0.013996565431549578,0.13668520929247635
TRTLLM,1.2.0rc6,NVIDIA GB200,mla_context,default,float16,fp8,16,8,256,8,0,0.0298506667216618,2684354560,31457280,85.33333333333333,312.5,0.2730666666666666,0.001073741824,0.00393216,0.0359704469589222,0.13172771103120923
TRTLLM,1.2.0rc6,NVIDIA GB200,mla_context,default,float16,fp8,16,8,256,8,0,0.0327146674195925,2684354560,31457280,85.33333333333333,312.5,0.2730666666666666,0.001073741824,0.00393216,0.03282141952502156,0.12019562814338948
TRTLLM,1.2.0rc6,NVIDIA GB200,mla_context,default,float16,float16,16,8,256,8,0,0.0232053324580192,2684354560,41943040,64.0,312.5,0.2048,0.001073741824,0.00524288,0.04627133982857207,0.22593427650669956
TRTLLM,1.2.0rc6,NVIDIA GB200,mla_context,default,float16,float16,16,8,256,8,0,0.0234613344073295,2684354560,41943040,64.0,312.5,0.2048,0.001073741824,0.00524288,0.0457664430060958,0.22346895999070215
TRTLLM,1.2.0rc6,NVIDIA GB200,mla_context,default,float16,fp8,16,8,512,8,0,0.062730665008227,10737418240,62914560,170.66666666666666,312.5,0.5461333333333332,0.004294967296,0.00786432,0.06846679045147575,0.1253664375942549
TRTLLM,1.2.0rc6,NVIDIA GB200,mla_context,default,float16,fp8,16,8,512,8,0,0.0633919984102249,10737418240,62914560,170.66666666666666,312.5,0.5461333333333332,0.004294967296,0.00786432,0.0677525145714169,0.12405855939590497
TRTLLM,1.2.0rc6,NVIDIA GB200,mla_context,default,float16,float16,16,8,512,8,0,0.0403466671705246,10737418240,83886080,128.0,312.5,0.4096,0.004294967296,0.01048576,0.1064516005212372,0.25989160283505175
TRTLLM,1.2.0rc6,NVIDIA GB200,mla_context,default,float16,float16,16,8,512,8,0,0.0419679979483286,10737418240,83886080,128.0,312.5,0.4096,0.004294967296,0.01048576,0.10233910374490593,0.24985132750221173
TRTLLM,1.2.0rc6,NVIDIA GB200,mla_context,default,float16,fp8,16,8,1024,8,0,0.116234670082728,42949672960,125829120,341.3333333333333,312.5,1.0922666666666665,0.017179869184,0.01572864,0.14780331179821413,0.135317973448072
TRTLLM,1.2.0rc6,NVIDIA GB200,mla_context,default,float16,fp8,16,8,1024,8,0,0.1165919999281565,42949672960,125829120,341.3333333333333,312.5,1.0922666666666665,0.017179869184,0.01572864,0.1473503258764423,0.13490325245035611
TRTLLM,1.2.0rc6,NVIDIA GB200,mla_context,default,float16,float16,16,8,1024,8,0,0.0851413309574127,42949672960,167772160,256.0,312.5,0.8192,0.017179869184,0.02097152,0.20178060397708944,0.24631421383922053
TRTLLM,1.2.0rc6,NVIDIA GB200,mla_context,default,float16,float16,16,8,1024,8,0,0.0864959955215454,42949672960,167772160,256.0,312.5,0.8192,0.017179869184,0.02097152,0.1986203994810447,0.24245654233525965
TRTLLM,1.2.0rc6,NVIDIA GB200,mla_context,default,float16,fp8,16,8,1536,8,0,0.1803093353907267,96636764160,188743680,512.0,312.5,1.6384,0.038654705664,0.02359296,0.21437994644168606,0.1308471352793494
TRTLLM,1.2.0rc6,NVIDIA GB200,mla_context,default,float16,fp8,16,8,1536,8,0,0.1807626684506734,96636764160,188743680,512.0,312.5,1.6384,0.038654705664,0.02359296,0.21384230491456874,0.13051898493320846
TRTLLM,1.2.0rc6,NVIDIA GB200,mla_context,default,float16,float16,16,8,1536,8,0,0.1474560002485911,96636764160,251658240,384.0,312.5,1.2288,0.038654705664,0.03145728,0.2621439995580603,0.21333333297368184
TRTLLM,1.2.0rc6,NVIDIA GB200,mla_context,default,float16,float16,16,8,1536,8,0,0.1492266654968261,96636764160,251658240,384.0,312.5,1.2288,0.038654705664,0.03145728,0.2590335013873385,0.21080200308214395
TRTLLM,1.2.0rc6,NVIDIA GB200,mla_context,default,float16,fp8,16,8,2048,8,0,0.2509706616401672,171798691840,251658240,682.6666666666666,312.5,2.184533333333333,0.068719476736,0.03145728,0.2738147809265752,0.12534245953059775
TRTLLM,1.2.0rc6,NVIDIA GB200,mla_context,default,float16,fp8,16,8,2048,8,0,0.2512800097465515,171798691840,251658240,682.6666666666666,312.5,2.184533333333333,0.068719476736,0.03145728,0.27347769050674786,0.12518815178226372
TRTLLM,1.2.0rc6,NVIDIA GB200,mla_context,default,float16,float16,16,8,2048,8,0,0.2118773261706034,171798691840,335544320,512.0,312.5,1.6384,0.068719476736,0.04194304,0.32433615232933016,0.1979590773494447
TRTLLM,1.2.0rc6,NVIDIA GB200,mla_context,default,float16,float16,16,8,2048,8,0,0.2191413243611653,171798691840,335544320,512.0,312.5,1.6384,0.068719476736,0.04194304,0.313585203230514,0.19139721876862426
TRTLLM,1.2.0rc6,NVIDIA GB200,mla_context,default,float16,fp8,16,8,3072,8,0,0.4209866523742676,386547056640,377487360,1024.0,312.5,3.2768,0.154618822656,0.04718592,0.36727725637852293,0.11208412365067229
TRTLLM,1.2.0rc6,NVIDIA GB200,mla_context,default,float16,fp8,16,8,3072,8,0,0.4233599901199341,386547056640,377487360,1024.0,312.5,3.2768,0.154618822656,0.04718592,0.36521831600619103,0.11145578491399873
TRTLLM,1.2.0rc6,NVIDIA GB200,mla_context,default,float16,float16,16,8,3072,8,0,0.3845866521199544,386547056640,503316480,768.0,312.5,2.4576,0.154618822656,0.06291456,0.4020389730212832,0.16359007691295704
TRTLLM,1.2.0rc6,NVIDIA GB200,mla_context,default,float16,float16,16,8,3072,8,0,0.4514986673990885,386547056640,503316480,768.0,312.5,2.4576,0.154618822656,0.06291456,0.34245687489334137,0.13934605912001194
TRTLLM,1.2.0rc6,NVIDIA GB200,mla_context,default,float16,fp8,16,8,4096,8,0,0.6307786703109741,687194767360,503316480,1365.3333333333333,312.5,4.369066666666666,0.274877906944,0.06291456,0.43577552615798676,0.09974110248367005
TRTLLM,1.2.0rc6,NVIDIA GB200,mla_context,default,float16,fp8,16,8,4096,8,0,0.6318133274714152,687194767360,503316480,1365.3333333333333,312.5,4.369066666666666,0.274877906944,0.06291456,0.43506190039404663,0.09957776650864714
TRTLLM,1.2.0rc6,NVIDIA GB200,mla_context,default,float16,float16,16,8,4096,8,0,0.6065866549809774,687194767360,671088640,1024.0,312.5,3.2768,0.274877906944,0.08388608,0.4531552164671677,0.13829199721288077
TRTLLM,1.2.0rc6,NVIDIA GB200,mla_context,default,float16,float16,16,8,4096,8,0,0.6548213164011637,687194767360,671088640,1024.0,312.5,3.2768,0.274877906944,0.08388608,0.41977544111530013,0.1281052981919251
TRTLLM,1.2.0rc6,NVIDIA GB200,mla_context,default,float16,fp8,16,8,6144,8,0,1.1564853191375732,1546188226560,754974720,2048.0,312.5,6.5536,0.618475290624,0.09437184,0.5347887088486485,0.08160228101328254
TRTLLM,1.2.0rc6,NVIDIA GB200,mla_context,default,float16,float16,16,8,6144,8,0,1.1618399620056152,1546188226560,1006632960,1536.0,312.5,4.9152,0.618475290624,0.12582912,0.5323239954290803,0.10830159412212734
TRTLLM,1.2.0rc6,NVIDIA GB200,mla_context,default,float16,float16,16,8,6144,8,0,1.189791997273763,1546188226560,1006632960,1536.0,312.5,4.9152,0.618475290624,0.12582912,0.5198179951127148,0.10575724184422092
TRTLLM,1.2.0rc6,NVIDIA GB200,mla_context,default,float16,fp8,16,8,8192,8,0,1.8269333839416504,2748779069440,1006632960,2730.6666666666665,312.5,8.738133333333332,1.099511627776,0.12582912,0.6018345482328308,0.0688744981650731
TRTLLM,1.2.0rc6,NVIDIA GB200,mla_context,default,float16,float16,16,8,8192,8,0,1.9186293284098308,2748779069440,1342177280,2048.0,312.5,6.5536,1.099511627776,0.16777216,0.5730714169199532,0.0874437586852956
TRTLLM,1.2.0rc6,NVIDIA GB200,mla_context,default,float16,fp8,16,4,1,8,0,0.0173066668212413,20480,61440,0.3333333333333333,312.5,0.0010666666666666665,8.192e-09,7.68e-06,4.733436013193232e-07,0.0004437596262368655
TRTLLM,1.2.0rc6,NVIDIA GB200,mla_context,default,float16,fp8,16,4,1,8,0,0.0193279994030793,20480,61440,0.3333333333333333,312.5,0.0010666666666666665,8.192e-09,7.68e-06,4.238410726924415e-07,0.00039735100564916386
TRTLLM,1.2.0rc6,NVIDIA GB200,mla_context,default,float16,float16,16,4,1,8,0,0.0156906669338544,20480,81920,0.25,312.5,0.0008,8.192e-09,1.024e-05,5.220938048417067e-07,0.0006526172560521335
TRTLLM,1.2.0rc6,NVIDIA GB200,mla_context,default,float16,float16,16,4,1,8,0,0.0167893332739671,20480,81920,0.25,312.5,0.0008,8.192e-09,1.024e-05,4.87928845435584e-07,0.00060991105679448
TRTLLM,1.2.0rc6,NVIDIA GB200,mla_context,default,float16,fp8,16,4,16,8,0,0.0213599999745686,5242880,983040,5.333333333333333,312.5,0.017066666666666664,2.097152e-06,0.00012288,9.818127352513517e-05,0.0057528089956133885
TRTLLM,1.2.0rc6,NVIDIA GB200,mla_context,default,float16,fp8,16,4,16,8,0,0.0223626668254534,5242880,983040,5.333333333333333,312.5,0.017066666666666664,2.097152e-06,0.00012288,9.377915506986858e-05,0.005494872367375112
TRTLLM,1.2.0rc6,NVIDIA GB200,mla_context,default,float16,float16,16,4,16,8,0,0.0152906663715839,5242880,1310720,4.0,312.5,0.0128,2.097152e-06,0.00016384,0.00013715242678352703,0.01071503334246305
TRTLLM,1.2.0rc6,NVIDIA GB200,mla_context,default,float16,float16,16,4,16,8,0,0.0158133332928021,5242880,1310720,4.0,312.5,0.0128,2.097152e-06,0.00016384,0.0001326192246232222,0.010360876923689236
TRTLLM,1.2.0rc6,NVIDIA GB200,mla_context,default,float16,fp8,16,4,32,8,0,0.0209600006540616,20971520,1966080,10.666666666666666,312.5,0.03413333333333333,8.388608e-06,0.00024576,0.0004002198348392927,0.011725190473807401
TRTLLM,1.2.0rc6,NVIDIA GB200,mla_context,default,float16,fp8,16,4,32,8,0,0.0217653339107831,20971520,1966080,10.666666666666666,312.5,0.03413333333333333,8.388608e-06,0.00024576,0.0003854114085446707,0.011291349859707148
TRTLLM,1.2.0rc6,NVIDIA GB200,mla_context,default,float16,float16,16,4,32,8,0,0.0153760003546873,20971520,2621440,8.0,312.5,0.0256,8.388608e-06,0.00032768,0.0005455650238355239,0.021311133743575152
TRTLLM,1.2.0rc6,NVIDIA GB200,mla_context,default,float16,float16,16,4,32,8,0,0.0174133330583572,20971520,2621440,8.0,312.5,0.0256,8.388608e-06,0.00032768,0.0004817347702411312,0.018817764462544188
TRTLLM,1.2.0rc6,NVIDIA GB200,mla_context,default,float16,fp8,16,4,64,8,0,0.0214293325940767,83886080,3932160,21.333333333333332,312.5,0.06826666666666666,3.3554432e-05,0.00049152,0.0015658178738275222,0.022936785261145343
TRTLLM,1.2.0rc6,NVIDIA GB200,mla_context,default,float16,fp8,16,4,64,8,0,0.0214773342013359,83886080,3932160,21.333333333333332,312.5,0.06826666666666666,3.3554432e-05,0.00049152,0.0015623182879890606,0.022885521796714752
TRTLLM,1.2.0rc6,NVIDIA GB200,mla_context,default,float16,float16,16,4,64,8,0,0.0168320002655188,83886080,5242880,16.0,312.5,0.0512,3.3554432e-05,0.00065536,0.0019934904628499763,0.038935360602538605
TRTLLM,1.2.0rc6,NVIDIA GB200,mla_context,default,float16,float16,16,4,64,8,0,0.0173759994407494,83886080,5242880,16.0,312.5,0.0512,3.3554432e-05,0.00065536,0.0019310792518391594,0.03771639163748358
TRTLLM,1.2.0rc6,NVIDIA GB200,mla_context,default,float16,fp8,16,4,128,8,0,0.0230933328469594,335544320,7864320,42.666666666666664,312.5,0.1365333333333333,0.000134217728,0.00098304,0.00581196871363121,0.04256813022679109
TRTLLM,1.2.0rc6,NVIDIA GB200,mla_context,default,float16,fp8,16,4,128,8,0,0.0234026660521825,335544320,7864320,42.666666666666664,312.5,0.1365333333333333,0.000134217728,0.00098304,0.005735146914489387,0.04200547056510781
TRTLLM,1.2.0rc6,NVIDIA GB200,mla_context,default,float16,float16,16,4,128,8,0,0.0170453327397505,335544320,10485760,32.0,312.5,0.1024,0.000134217728,0.00131072,0.007874162977587295,0.07689612282800093
TRTLLM,1.2.0rc6,NVIDIA GB200,mla_context,default,float16,float16,16,4,128,8,0,0.0189546669522921,335544320,10485760,32.0,312.5,0.1024,0.000134217728,0.00131072,0.007080985824642498,0.0691502521937744
TRTLLM,1.2.0rc6,NVIDIA GB200,mla_context,default,float16,fp8,16,4,256,8,0,0.0265013327201207,1342177280,15728640,85.33333333333333,312.5,0.2730666666666666,0.000536870912,0.00196608,0.02025826088332492,0.07418796710201997
TRTLLM,1.2.0rc6,NVIDIA GB200,mla_context,default,float16,fp8,16,4,256,8,0,0.0273226673404375,1342177280,15728640,85.33333333333333,312.5,0.2730666666666666,0.000536870912,0.00196608,0.019649286261500244,0.07195783543029874
TRTLLM,1.2.0rc6,NVIDIA GB200,mla_context,default,float16,float16,16,4,256,8,0,0.0214079990983009,1342177280,20971520,64.0,312.5,0.2048,0.000536870912,0.00262144,0.025078051878403253,0.12245142518751588
TRTLLM,1.2.0rc6,NVIDIA GB200,mla_context,default,float16,float16,16,4,256,8,0,0.0216000005602836,1342177280,20971520,64.0,312.5,0.2048,0.000536870912,0.00262144,0.024855134170096112,0.12136295981492241
TRTLLM,1.2.0rc6,NVIDIA GB200,mla_context,default,float16,fp8,16,4,512,8,0,0.0338773330052693,5368709120,31457280,170.66666666666666,312.5,0.5461333333333332,0.002147483648,0.00393216,0.06338998550051089,0.11607053009126748
TRTLLM,1.2.0rc6,NVIDIA GB200,mla_context,default,float16,fp8,16,4,512,8,0,0.0342879990736643,5368709120,31457280,170.66666666666666,312.5,0.5461333333333332,0.002147483648,0.00393216,0.06263076604109642,0.11468035774126542
TRTLLM,1.2.0rc6,NVIDIA GB200,mla_context,default,float16,float16,16,4,512,8,0,0.0258613328138987,5368709120,41943040,128.0,312.5,0.4096,0.002147483648,0.00524288,0.08303839803824319,0.20273046396055466
TRTLLM,1.2.0rc6,NVIDIA GB200,mla_context,default,float16,float16,16,4,512,8,0,0.0258986676732699,5368709120,41943040,128.0,312.5,0.4096,0.002147483648,0.00524288,0.08291869199960525,0.20243821288966127
TRTLLM,1.2.0rc6,NVIDIA GB200,mla_context,default,float16,fp8,16,4,1024,8,0,0.0719946672519048,21474836480,62914560,341.3333333333333,312.5,1.0922666666666665,0.008589934592,0.00786432,0.11931348417715941,0.1092347572422724
TRTLLM,1.2.0rc6,NVIDIA GB200,mla_context,default,float16,fp8,16,4,1024,8,0,0.0721173336108525,21474836480,62914560,341.3333333333333,312.5,1.0922666666666665,0.008589934592,0.00786432,0.11911054058586759,0.10904895683520592
TRTLLM,1.2.0rc6,NVIDIA GB200,mla_context,default,float16,float16,16,4,1024,8,0,0.0535413324832916,21474836480,83886080,256.0,312.5,0.8192,0.008589934592,0.01048576,0.16043557740518732,0.19584421069969157
TRTLLM,1.2.0rc6,NVIDIA GB200,mla_context,default,float16,float16,16,4,1024,8,0,0.0543946673472722,21474836480,83886080,256.0,312.5,0.8192,0.008589934592,0.01048576,0.1579186896604998,0.1927718379644773
TRTLLM,1.2.0rc6,NVIDIA GB200,mla_context,default,float16,fp8,16,4,1536,8,0,0.1095946629842122,48318382080,94371840,512.0,312.5,1.6384,0.019327352832,0.01179648,0.17635304772810176,0.10763735823248398
TRTLLM,1.2.0rc6,NVIDIA GB200,mla_context,default,float16,fp8,16,4,1536,8,0,0.1105280021826426,48318382080,94371840,512.0,312.5,1.6384,0.019327352832,0.01179648,0.17486385757757938,0.10672842869725305
TRTLLM,1.2.0rc6,NVIDIA GB200,mla_context,default,float16,float16,16,4,1536,8,0,0.0851626694202423,48318382080,125829120,384.0,312.5,1.2288,0.019327352832,0.01572864,0.22694630127935006,0.1846893727859294
TRTLLM,1.2.0rc6,NVIDIA GB200,mla_context,default,float16,float16,16,4,1536,8,0,0.0857226649920145,48318382080,125829120,384.0,312.5,1.2288,0.019327352832,0.01572864,0.2254637421013502,0.18348286303820815
TRTLLM,1.2.0rc6,NVIDIA GB200,mla_context,default,float16,fp8,16,4,2048,8,0,0.1428480048974355,85899345920,125829120,682.6666666666666,312.5,2.184533333333333,0.034359738368,0.01572864,0.2405335544775036,0.11010752310676739
TRTLLM,1.2.0rc6,NVIDIA GB200,mla_context,default,float16,fp8,16,4,2048,8,0,0.1434026658535003,85899345920,125829120,682.6666666666666,312.5,2.184533333333333,0.034359738368,0.01572864,0.2396032051670629,0.10968164299029368
TRTLLM,1.2.0rc6,NVIDIA GB200,mla_context,default,float16,float16,16,4,2048,8,0,0.1242506702740987,85899345920,167772160,512.0,312.5,1.6384,0.034359738368,0.02097152,0.27653563793420144,0.16878395870007412
TRTLLM,1.2.0rc6,NVIDIA GB200,mla_context,default,float16,float16,16,4,2048,8,0,0.1253066658973693,85899345920,167772160,512.0,312.5,1.6384,0.034359738368,0.02097152,0.27420519189411574,0.16736156731818588
TRTLLM,1.2.0rc6,NVIDIA GB200,mla_context,default,float16,fp8,16,4,3072,8,0,0.2334880034128824,193273528320,188743680,1024.0,312.5,3.2768,0.077309411328,0.02359296,0.3311065673523788,0.10104570536876795
TRTLLM,1.2.0rc6,NVIDIA GB200,mla_context,default,float16,fp8,16,4,3072,8,0,0.2350346644719441,193273528320,188743680,1024.0,312.5,3.2768,0.077309411328,0.02359296,0.32892769882133005,0.10038076746256411
TRTLLM,1.2.0rc6,NVIDIA GB200,mla_context,default,float16,float16,16,4,3072,8,0,0.217519998550415,193273528320,251658240,768.0,312.5,2.4576,0.077309411328,0.03145728,0.3554128900478172,0.14461787518221725
TRTLLM,1.2.0rc6,NVIDIA GB200,mla_context,default,float16,float16,16,4,3072,8,0,0.2212906678517659,193273528320,251658240,768.0,312.5,2.4576,0.077309411328,0.03145728,0.3493568530408458,0.14215366741570873
TRTLLM,1.2.0rc6,NVIDIA GB200,mla_context,default,float16,fp8,16,4,4096,8,0,0.3422559897104899,343597383680,251658240,1365.3333333333333,312.5,4.369066666666666,0.137438953472,0.03145728,0.401567708393527,0.09191155435032508
TRTLLM,1.2.0rc6,NVIDIA GB200,mla_context,default,float16,fp8,16,4,4096,8,0,0.3426133394241333,343597383680,251658240,1365.3333333333333,312.5,4.369066666666666,0.137438953472,0.03145728,0.40114886858465076,0.09181568952590578
TRTLLM,1.2.0rc6,NVIDIA GB200,mla_context,default,float16,float16,16,4,4096,8,0,0.3320159912109375,343597383680,335544320,1024.0,312.5,3.2768,0.137438953472,0.04194304,0.41395281284714336,0.12632837306126202
TRTLLM,1.2.0rc6,NVIDIA GB200,mla_context,default,float16,float16,16,4,4096,8,0,0.3348266681035359,343597383680,335544320,1024.0,312.5,3.2768,0.137438953472,0.04194304,0.4104779175758509,0.1252679191820834
TRTLLM,1.2.0rc6,NVIDIA GB200,mla_context,default,float16,fp8,16,4,6144,8,0,0.6102240085601807,773094113280,377487360,2048.0,312.5,6.5536,0.309237645312,0.04718592,0.5067608631814472,0.07732557116416126
TRTLLM,1.2.0rc6,NVIDIA GB200,mla_context,default,float16,fp8,16,4,6144,8,0,0.6115626494089762,773094113280,377487360,2048.0,312.5,6.5536,0.309237645312,0.04718592,0.5056516214828557,0.07715631431317987
TRTLLM,1.2.0rc6,NVIDIA GB200,mla_context,default,float16,float16,16,4,6144,8,0,0.6209280093510946,773094113280,503316480,1536.0,312.5,4.9152,0.309237645312,0.06291456,0.4980249572493453,0.10132343694037788
TRTLLM,1.2.0rc6,NVIDIA GB200,mla_context,default,float16,float16,16,4,6144,8,0,0.6313759883244833,773094113280,503316480,1536.0,312.5,4.9152,0.309237645312,0.06291456,0.489783664615819,0.09964674166174703
TRTLLM,1.2.0rc6,NVIDIA GB200,mla_context,default,float16,fp8,16,4,8192,8,0,0.9480799833933512,1374389534720,503316480,2730.6666666666665,312.5,8.738133333333332,0.549755813888,0.06291456,0.5798622727170377,0.06635997078518345
TRTLLM,1.2.0rc6,NVIDIA GB200,mla_context,default,float16,fp8,16,4,8192,8,0,0.948922634124756,1374389534720,503316480,2730.6666666666665,312.5,8.738133333333332,0.549755813888,0.06291456,0.5793473504771759,0.06630104261137114
TRTLLM,1.2.0rc6,NVIDIA GB200,mla_context,default,float16,float16,16,4,8192,8,0,1.0049066543579102,1374389534720,671088640,2048.0,312.5,6.5536,0.549755813888,0.08388608,0.5470715230155074,0.08347648971794241
TRTLLM,1.2.0rc6,NVIDIA GB200,mla_context,default,float16,float16,16,4,8192,8,0,1.0314719676971436,1374389534720,671088640,2048.0,312.5,6.5536,0.549755813888,0.08388608,0.5329818270441035,0.08132657273011833
TRTLLM,1.2.0rc6,NVIDIA GB200,mla_context,default,float16,fp8,16,4,10240,8,0,1.3645440737406414,2147483648000,629145600,3413.3333333333335,312.5,10.922666666666666,0.8589934592,0.0786432,0.6295095011810288,0.05763331614816547
TRTLLM,1.2.0rc6,NVIDIA GB200,mla_context,default,float16,fp8,16,4,10240,8,0,1.3701866467793782,2147483648000,629145600,3413.3333333333335,312.5,10.922666666666666,0.8589934592,0.0786432,0.626917114700441,0.057395976077310874
TRTLLM,1.2.0rc6,NVIDIA GB200,mla_context,default,float16,float16,16,4,10240,8,0,1.488869349161784,2147483648000,838860800,2560.0,312.5,8.192,0.8589934592,0.10485760000000001,0.5769434770643934,0.07042767054008708
TRTLLM,1.2.0rc6,NVIDIA GB200,mla_context,default,float16,float16,16,4,10240,8,0,1.5200907389322915,2147483648000,838860800,2560.0,312.5,8.192,0.8589934592,0.10485760000000001,0.5650935415890733,0.06898114521350993
TRTLLM,1.2.0rc6,NVIDIA GB200,mla_context,default,float16,fp8,16,4,12288,8,0,1.8560746510823567,3092376453120,754974720,4096.0,312.5,13.1072,1.236950581248,0.09437184,0.6664336375299781,0.0508448514961226
TRTLLM,1.2.0rc6,NVIDIA GB200,mla_context,default,float16,fp8,16,4,12288,8,0,1.8720213572184248,3092376453120,754974720,4096.0,312.5,13.1072,1.236950581248,0.09437184,0.6607566609634968,0.050411732556419134
TRTLLM,1.2.0rc6,NVIDIA GB200,mla_context,default,float16,float16,16,4,12288,8,0,2.1471360524495444,3092376453120,1006632960,3072.0,312.5,9.8304,1.236950581248,0.12582912,0.5760932474851018,0.05860323562470518
TRTLLM,1.2.0rc6,NVIDIA GB200,mla_context,default,float16,float16,16,4,12288,8,0,2.2018826802571616,3092376453120,1006632960,3072.0,312.5,9.8304,1.236950581248,0.12582912,0.5617695222088465,0.057146150940841314
TRTLLM,1.2.0rc6,NVIDIA GB200,mla_context,default,float16,fp8,16,4,16384,8,0,3.110997200012207,5497558138880,1006632960,5461.333333333333,312.5,17.476266666666664,2.199023255552,0.12582912,0.7068547845505523,0.0404465552072841
TRTLLM,1.2.0rc6,NVIDIA GB200,mla_context,default,float16,fp8,16,4,16384,8,0,3.1272427241007485,5497558138880,1006632960,5461.333333333333,312.5,17.476266666666664,2.199023255552,0.12582912,0.7031827873816024,0.040236441843887465
TRTLLM,1.2.0rc6,NVIDIA GB200,mla_context,default,float16,float16,16,4,16384,8,0,3.5332959493001304,5497558138880,1342177280,4096.0,312.5,13.1072,2.199023255552,0.16777216,0.6223716572588772,0.047483189182958775
TRTLLM,1.2.0rc6,NVIDIA GB200,mla_context,default,float16,float16,16,4,16384,8,0,3.998986562093099,5497558138880,1342177280,4096.0,312.5,13.1072,2.199023255552,0.16777216,0.5498951350316653,0.04195366935971568
TRTLLM,1.2.0rc6,NVIDIA GB200,mla_context,default,float16,fp8,16,2,1,8,0,0.0177013327678044,10240,30720,0.3333333333333333,312.5,0.0010666666666666665,4.096e-09,3.84e-06,2.3139500588621784e-07,0.0002169328180183292
TRTLLM,1.2.0rc6,NVIDIA GB200,mla_context,default,float16,fp8,16,2,1,8,0,0.0189280000825723,10240,30720,0.3333333333333333,312.5,0.0010666666666666665,4.096e-09,3.84e-06,2.1639898468572685e-07,0.00020287404814286892
TRTLLM,1.2.0rc6,NVIDIA GB200,mla_context,default,float16,float16,16,2,1,8,0,0.0150506670276323,10240,40960,0.25,312.5,0.0008,4.096e-09,5.12e-06,2.721474066551297e-07,0.00034018425831891215
TRTLLM,1.2.0rc6,NVIDIA GB200,mla_context,default,float16,float16,16,2,1,8,0,0.0158133332928021,10240,40960,0.25,312.5,0.0008,4.096e-09,5.12e-06,2.5902192309223086e-07,0.0003237774038652886
TRTLLM,1.2.0rc6,NVIDIA GB200,mla_context,default,float16,fp8,16,2,16,8,0,0.0193013337751229,2621440,491520,5.333333333333333,312.5,0.017066666666666664,1.048576e-06,6.144e-05,5.432660831716658e-05,0.003183199706083979
TRTLLM,1.2.0rc6,NVIDIA GB200,mla_context,default,float16,fp8,16,2,16,8,0,0.0199413336813449,2621440,491520,5.333333333333333,312.5,0.017066666666666664,1.048576e-06,6.144e-05,5.258304267687682e-05,0.003081037656848251
TRTLLM,1.2.0rc6,NVIDIA GB200,mla_context,default,float16,float16,16,2,16,8,0,0.0152426672478516,2621440,655360,4.0,312.5,0.0128,1.048576e-06,8.192e-05,6.879215972833055e-05,0.005374387478775825
TRTLLM,1.2.0rc6,NVIDIA GB200,mla_context,default,float16,float16,16,2,16,8,0,0.015599999576807,2621440,655360,4.0,312.5,0.0128,1.048576e-06,8.192e-05,6.721641207984071e-05,0.005251282193737556
TRTLLM,1.2.0rc6,NVIDIA GB200,mla_context,default,float16,fp8,16,2,32,8,0,0.0218293343981107,10485760,983040,10.666666666666666,312.5,0.03413333333333333,4.194304e-06,0.00012288,0.00019214071870020058,0.005629122618169938
TRTLLM,1.2.0rc6,NVIDIA GB200,mla_context,default,float16,fp8,16,2,32,8,0,0.0220053344964981,10485760,983040,10.666666666666666,312.5,0.03413333333333333,4.194304e-06,0.00012288,0.00019060396471898557,0.00558410052887653
TRTLLM,1.2.0rc6,NVIDIA GB200,mla_context,default,float16,float16,16,2,32,8,0,0.0148960004250208,10485760,1310720,8.0,312.5,0.0256,4.194304e-06,0.00016384,0.00028157249465130457,0.010998925572316586
TRTLLM,1.2.0rc6,NVIDIA GB200,mla_context,default,float16,float16,16,2,32,8,0,0.0158720004061857,10485760,1310720,8.0,312.5,0.0256,4.194304e-06,0.00016384,0.00026425805775341204,0.010322580380992657
TRTLLM,1.2.0rc6,NVIDIA GB200,mla_context,default,float16,fp8,16,2,64,8,0,0.0217866674065589,41943040,1966080,21.333333333333332,312.5,0.06826666666666666,1.6777216e-05,0.00024576,0.0007700680277034569,0.011280293374562355
TRTLLM,1.2.0rc6,NVIDIA GB200,mla_context,default,float16,fp8,16,2,64,8,0,0.0229919999837875,41943040,1966080,21.333333333333332,312.5,0.06826666666666666,1.6777216e-05,0.00024576,0.000729697982421287,0.01068893528937432
TRTLLM,1.2.0rc6,NVIDIA GB200,mla_context,default,float16,float16,16,2,64,8,0,0.0153760003546873,41943040,2621440,16.0,312.5,0.0512,1.6777216e-05,0.00032768,0.0010911300476710477,0.021311133743575152
TRTLLM,1.2.0rc6,NVIDIA GB200,mla_context,default,float16,float16,16,2,64,8,0,0.0158933339019616,41943040,2621440,16.0,312.5,0.0512,1.6777216e-05,0.00032768,0.001055613385051283,0.02061744892678287
TRTLLM,1.2.0rc6,NVIDIA GB200,mla_context,default,float16,fp8,16,2,128,8,0,0.0213386664787928,167772160,3932160,42.666666666666664,312.5,0.1365333333333333,6.7108864e-05,0.00049152,0.003144941792248143,0.023034241642442454
TRTLLM,1.2.0rc6,NVIDIA GB200,mla_context,default,float16,fp8,16,2,128,8,0,0.021397332350413,167772160,3932160,42.666666666666664,312.5,0.1365333333333333,6.7108864e-05,0.00049152,0.003136319186943166,0.02297108779499389
TRTLLM,1.2.0rc6,NVIDIA GB200,mla_context,default,float16,float16,16,2,128,8,0,0.0150986661513646,167772160,5242880,32.0,312.5,0.1024,6.7108864e-05,0.00065536,0.004444688247771792,0.043405158669646414
TRTLLM,1.2.0rc6,NVIDIA GB200,mla_context,default,float16,float16,16,2,128,8,0,0.0174560000499089,167772160,5242880,32.0,312.5,0.1024,6.7108864e-05,0.00065536,0.0038444582841502817,0.0375435379311551
TRTLLM,1.2.0rc6,NVIDIA GB200,mla_context,default,float16,fp8,16,2,256,8,0,0.0253226657708485,671088640,7864320,85.33333333333333,312.5,0.2730666666666666,0.000268435456,0.00098304,0.010600600206516306,0.038820557396910295
TRTLLM,1.2.0rc6,NVIDIA GB200,mla_context,default,float16,fp8,16,2,256,8,0,0.025807999074459,671088640,7864320,85.33333333333333,312.5,0.2730666666666666,0.000268435456,0.00098304,0.01040125021802478,0.03809051593514934
TRTLLM,1.2.0rc6,NVIDIA GB200,mla_context,default,float16,float16,16,2,256,8,0,0.0193973332643508,671088640,10485760,64.0,312.5,0.2048,0.000268435456,0.00131072,0.013838781462467394,0.06757217510970408
TRTLLM,1.2.0rc6,NVIDIA GB200,mla_context,default,float16,float16,16,2,256,8,0,0.0195146662493546,671088640,10485760,64.0,312.5,0.2048,0.000268435456,0.00131072,0.01375557504135526,0.06716589375661748
TRTLLM,1.2.0rc6,NVIDIA GB200,mla_context,default,float16,fp8,16,2,512,8,0,0.028458667298158,2684354560,15728640,170.66666666666666,312.5,0.5461333333333332,0.001073741824,0.00196608,0.037729870227250537,0.06908545573837378
TRTLLM,1.2.0rc6,NVIDIA GB200,mla_context,default,float16,fp8,16,2,512,8,0,0.0295999993880589,2684354560,15728640,170.66666666666666,312.5,0.5461333333333332,0.001073741824,0.00196608,0.03627506237156086,0.06642162299480138
TRTLLM,1.2.0rc6,NVIDIA GB200,mla_context,default,float16,float16,16,2,512,8,0,0.023477333287398,2684354560,20971520,128.0,312.5,0.4096,0.001073741824,0.00262144,0.045735254973628355,0.11165833733795986
TRTLLM,1.2.0rc6,NVIDIA GB200,mla_context,default,float16,float16,16,2,512,8,0,0.0235306670268376,2684354560,20971520,128.0,312.5,0.4096,0.001073741824,0.00262144,0.04563159313653784,0.1114052566810006
TRTLLM,1.2.0rc6,NVIDIA GB200,mla_context,default,float16,fp8,16,2,1024,8,0,0.0382666662335395,10737418240,31457280,341.3333333333333,312.5,1.0922666666666665,0.004294967296,0.00393216,0.11223782259442291,0.10275679558815574
TRTLLM,1.2.0rc6,NVIDIA GB200,mla_context,default,float16,fp8,16,2,1024,8,0,0.0401173333326975,10737418240,31457280,341.3333333333333,312.5,1.0922666666666665,0.004294967296,0.00393216,0.10706013932634453,0.09801648497895311
TRTLLM,1.2.0rc6,NVIDIA GB200,mla_context,default,float16,float16,16,2,1024,8,0,0.0320373326539993,10737418240,41943040,256.0,312.5,0.8192,0.004294967296,0.00524288,0.13406132596571982,0.16364907954799784
TRTLLM,1.2.0rc6,NVIDIA GB200,mla_context,default,float16,float16,16,2,1024,8,0,0.0332586665948232,10737418240,41943040,256.0,312.5,0.8192,0.004294967296,0.00524288,0.12913828892552545,0.15763951284854183
TRTLLM,1.2.0rc6,NVIDIA GB200,mla_context,default,float16,fp8,16,2,1536,8,0,0.0626453310251236,24159191040,47185920,512.0,312.5,1.6384,0.009663676416,0.00589824,0.1542601221489983,0.09415290658508198
TRTLLM,1.2.0rc6,NVIDIA GB200,mla_context,default,float16,fp8,16,2,1536,8,0,0.0627626677354176,24159191040,47185920,512.0,312.5,1.6384,0.009663676416,0.00589824,0.15397172817347743,0.09397688487150721
TRTLLM,1.2.0rc6,NVIDIA GB200,mla_context,default,float16,float16,16,2,1536,8,0,0.0527733316024144,24159191040,62914560,384.0,312.5,1.2288,0.009663676416,0.00786432,0.18311666371197763,0.1490207224218568
TRTLLM,1.2.0rc6,NVIDIA GB200,mla_context,default,float16,float16,16,2,1536,8,0,0.0529439995686213,24159191040,62914560,384.0,312.5,1.2288,0.009663676416,0.00786432,0.1825263768271757,0.14854034572524064
TRTLLM,1.2.0rc6,NVIDIA GB200,mla_context,default,float16,fp8,16,2,2048,8,0,0.0892319977283477,42949672960,62914560,682.6666666666666,312.5,2.184533333333333,0.017179869184,0.00786432,0.19253036602745707,0.0881334073001665
TRTLLM,1.2.0rc6,NVIDIA GB200,mla_context,default,float16,fp8,16,2,2048,8,0,0.0905706683794657,42949672960,62914560,682.6666666666666,312.5,2.184533333333333,0.017179869184,0.00786432,0.18968469032403698,0.08683076034120345
TRTLLM,1.2.0rc6,NVIDIA GB200,mla_context,default,float16,float16,16,2,2048,8,0,0.0770933330059051,42949672960,83886080,512.0,312.5,1.6384,0.017179869184,0.01048576,0.22284506991913397,0.13601383662056518
TRTLLM,1.2.0rc6,NVIDIA GB200,mla_context,default,float16,float16,16,2,2048,8,0,0.0777226686477661,42949672960,83886080,512.0,312.5,1.6384,0.017179869184,0.01048576,0.22104064982454488,0.13491250599642632
TRTLLM,1.2.0rc6,NVIDIA GB200,mla_context,default,float16,fp8,16,2,3072,8,0,0.1397706667582194,96636764160,94371840,1024.0,312.5,3.2768,0.038654705664,0.01179648,0.2765580687317345,0.08439882468619828
TRTLLM,1.2.0rc6,NVIDIA GB200,mla_context,default,float16,fp8,16,2,3072,8,0,0.1402400036652883,96636764160,94371840,1024.0,312.5,3.2768,0.038654705664,0.01179648,0.27563252034888297,0.08411636973537688
TRTLLM,1.2.0rc6,NVIDIA GB200,mla_context,default,float16,float16,16,2,3072,8,0,0.1292746663093567,96636764160,125829120,768.0,312.5,2.4576,0.038654705664,0.01572864,0.299012225423182,0.12166838599576091
TRTLLM,1.2.0rc6,NVIDIA GB200,mla_context,default,float16,float16,16,2,3072,8,0,0.1308533350626627,96636764160,125829120,768.0,312.5,2.4576,0.038654705664,0.01572864,0.29540481826840054,0.12020052826676454
TRTLLM,1.2.0rc6,NVIDIA GB200,mla_context,default,float16,fp8,16,2,4096,8,0,0.1957653363545735,171798691840,125829120,1365.3333333333333,312.5,4.369066666666666,0.068719476736,0.01572864,0.35102985040995266,0.08034435663069595
TRTLLM,1.2.0rc6,NVIDIA GB200,mla_context,default,float16,fp8,16,2,4096,8,0,0.1980800032615661,171798691840,125829120,1365.3333333333333,312.5,4.369066666666666,0.068719476736,0.01572864,0.3469278857253219,0.07940549142272688
TRTLLM,1.2.0rc6,NVIDIA GB200,mla_context,default,float16,float16,16,2,4096,8,0,0.1937706669171651,171798691840,167772160,1024.0,312.5,3.2768,0.068719476736,0.02097152,0.3546433411687479,0.10822855870628294
TRTLLM,1.2.0rc6,NVIDIA GB200,mla_context,default,float16,float16,16,2,4096,8,0,0.1971840063730875,171798691840,167772160,1024.0,312.5,3.2768,0.068719476736,0.02097152,0.3485043133061076,0.10635507608218615
TRTLLM,1.2.0rc6,NVIDIA GB200,mla_context,default,float16,fp8,16,2,6144,8,0,0.3404426574707031,386547056640,188743680,2048.0,312.5,6.5536,0.154618822656,0.02359296,0.4541699439333796,0.06930083373006891
TRTLLM,1.2.0rc6,NVIDIA GB200,mla_context,default,float16,fp8,16,2,6144,8,0,0.34115731716156,386547056640,188743680,2048.0,312.5,6.5536,0.154618822656,0.02359296,0.4532185442845947,0.06915566166451945
TRTLLM,1.2.0rc6,NVIDIA GB200,mla_context,default,float16,float16,16,2,6144,8,0,0.3523413340250651,386547056640,251658240,1536.0,312.5,4.9152,0.154618822656,0.03145728,0.43883248351724924,0.08928069733016951
TRTLLM,1.2.0rc6,NVIDIA GB200,mla_context,default,float16,float16,16,2,6144,8,0,0.3556586503982544,386547056640,251658240,1536.0,312.5,4.9152,0.154618822656,0.03145728,0.43473938419004604,0.08844795414022746
TRTLLM,1.2.0rc6,NVIDIA GB200,mla_context,default,float16,fp8,16,2,8192,8,0,0.5149600108464559,687194767360,251658240,2730.6666666666665,312.5,8.738133333333332,0.274877906944,0.03145728,0.5337849564127796,0.0610868404097877
TRTLLM,1.2.0rc6,NVIDIA GB200,mla_context,default,float16,fp8,16,2,8192,8,0,0.5180053313573202,687194767360,251658240,2730.6666666666665,312.5,8.738133333333332,0.274877906944,0.03145728,0.5306468684863577,0.06072771474682132
TRTLLM,1.2.0rc6,NVIDIA GB200,mla_context,default,float16,float16,16,2,8192,8,0,0.5579253435134888,687194767360,335544320,2048.0,312.5,6.5536,0.274877906944,0.04194304,0.49267865340724454,0.07517679647937692
TRTLLM,1.2.0rc6,NVIDIA GB200,mla_context,default,float16,float16,16,2,8192,8,0,0.5911573171615601,687194767360,335544320,2048.0,312.5,6.5536,0.274877906944,0.04194304,0.4649826686808604,0.07095072459119574
TRTLLM,1.2.0rc6,NVIDIA GB200,mla_context,default,float16,fp8,16,2,10240,8,0,0.7259306907653809,1073741824000,314572800,3413.3333333333335,312.5,10.922666666666666,0.4294967296,0.0393216,0.5916497746460652,0.05416715466119981
TRTLLM,1.2.0rc6,NVIDIA GB200,mla_context,default,float16,fp8,16,2,10240,8,0,0.7287253538767496,1073741824000,314572800,3413.3333333333335,312.5,10.922666666666666,0.4294967296,0.0393216,0.5893807966404877,0.05395942352055246
TRTLLM,1.2.0rc6,NVIDIA GB200,mla_context,default,float16,float16,16,2,10240,8,0,0.7943572998046875,1073741824000,419430400,2560.0,312.5,8.192,0.4294967296,0.052428800000000005,0.5406845631123456,0.06600153358305001
TRTLLM,1.2.0rc6,NVIDIA GB200,mla_context,default,float16,float16,16,2,10240,8,0,0.7948213418324789,1073741824000,419430400,2560.0,312.5,8.192,0.4294967296,0.052428800000000005,0.5403688942345023,0.06596299978448515
TRTLLM,1.2.0rc6,NVIDIA GB200,mla_context,default,float16,fp8,16,2,12288,8,0,0.9777546723683676,1546188226560,377487360,4096.0,312.5,13.1072,0.618475290624,0.04718592,0.6325464946394962,0.0482594676696393
TRTLLM,1.2.0rc6,NVIDIA GB200,mla_context,default,float16,fp8,16,2,12288,8,0,0.9784586429595948,1546188226560,377487360,4096.0,312.5,13.1072,0.618475290624,0.04718592,0.6320913970909037,0.04822474648215513
TRTLLM,1.2.0rc6,NVIDIA GB200,mla_context,default,float16,float16,16,2,12288,8,0,1.0906240145365398,1546188226560,503316480,3072.0,312.5,9.8304,0.618475290624,0.06291456,0.56708387343444,0.05768675470321045
TRTLLM,1.2.0rc6,NVIDIA GB200,mla_context,default,float16,float16,16,2,12288,8,0,1.1179786523183186,1546188226560,503316480,3072.0,312.5,9.8304,0.618475290624,0.06291456,0.5532084976233548,0.056275278485448686
TRTLLM,1.2.0rc6,NVIDIA GB200,mla_context,default,float16,fp8,16,2,16384,8,0,1.585792064666748,2748779069440,503316480,5461.333333333333,312.5,17.476266666666664,1.099511627776,0.06291456,0.6933517024547987,0.03967390265206139
TRTLLM,1.2.0rc6,NVIDIA GB200,mla_context,default,float16,fp8,16,2,16384,8,0,1.5888266563415527,2748779069440,503316480,5461.333333333333,312.5,17.476266666666664,1.099511627776,0.06291456,0.6920274300456073,0.03959812717698711
TRTLLM,1.2.0rc6,NVIDIA GB200,mla_context,default,float16,float16,16,2,16384,8,0,1.798186620076497,2748779069440,671088640,4096.0,312.5,13.1072,1.099511627776,0.08388608,0.6114557941317711,0.04665037491850061
TRTLLM,1.2.0rc6,NVIDIA GB200,mla_context,default,float16,float16,16,2,16384,8,0,1.850378672281901,2748779069440,671088640,4096.0,312.5,13.1072,1.099511627776,0.08388608,0.5942089823268845,0.045334547601843606
TRTLLM,1.2.0rc6,NVIDIA GB200,mla_context,default,float16,fp8,16,2,32768,8,0,5.70028813680013,10995116277760,1006632960,10922.666666666666,312.5,34.95253333333333,4.398046511104,0.12582912,0.7715481052108453,0.022074168354344708
TRTLLM,1.2.0rc6,NVIDIA GB200,mla_context,default,float16,fp8,16,2,32768,8,0,5.783258438110352,10995116277760,1006632960,10922.666666666666,312.5,34.95253333333333,4.398046511104,0.12582912,0.7604789857084508,0.021757478305104754
TRTLLM,1.2.0rc6,NVIDIA GB200,mla_context,default,float16,float16,16,2,32768,8,0,8.045381546020508,10995116277760,1342177280,8192.0,312.5,26.2144,4.398046511104,0.16777216,0.5466548088423984,0.02085322604531854
TRTLLM,1.2.0rc6,NVIDIA GB200,mla_context,default,float16,float16,16,2,32768,8,0,8.170890808105469,10995116277760,1342177280,8192.0,312.5,26.2144,4.398046511104,0.16777216,0.5382578979933458,0.020532909316762764
TRTLLM,1.2.0rc6,NVIDIA GB200,mla_context,default,float16,fp8,16,1,1,8,0,0.0173706660668055,5120,15360,0.3333333333333333,312.5,0.0010666666666666665,2.048e-09,1.92e-06,1.1789991196213419e-07,0.00011053116746450079
TRTLLM,1.2.0rc6,NVIDIA GB200,mla_context,default,float16,fp8,16,1,1,8,0,0.0190293329457441,5120,15360,0.3333333333333333,312.5,0.0010666666666666665,2.048e-09,1.92e-06,1.0762332057772072e-07,0.00010089686304161317
TRTLLM,1.2.0rc6,NVIDIA GB200,mla_context,default,float16,float16,16,1,1,8,0,0.0150506670276323,5120,20480,0.25,312.5,0.0008,2.048e-09,2.56e-06,1.3607370332756486e-07,0.00017009212915945608
TRTLLM,1.2.0rc6,NVIDIA GB200,mla_context,default,float16,float16,16,1,1,8,0,0.015269332875808,5120,20480,0.25,312.5,0.0008,2.048e-09,2.56e-06,1.3412504767937525e-07,0.00016765630959921906
TRTLLM,1.2.0rc6,NVIDIA GB200,mla_context,default,float16,fp8,16,1,16,8,0,0.0174773335456848,1310720,245760,5.333333333333333,312.5,0.017066666666666664,5.24288e-07,3.072e-05,2.9998168692583434e-05,0.0017577051968310604
TRTLLM,1.2.0rc6,NVIDIA GB200,mla_context,default,float16,fp8,16,1,16,8,0,0.0178080002466837,1310720,245760,5.333333333333333,312.5,0.017066666666666664,5.24288e-07,3.072e-05,2.9441149637092784e-05,0.0017250673615484052
TRTLLM,1.2.0rc6,NVIDIA GB200,mla_context,default,float16,float16,16,1,16,8,0,0.0151199996471405,1310720,327680,4.0,312.5,0.0128,5.24288e-07,4.096e-05,3.467513308435517e-05,0.0027089947722152476
TRTLLM,1.2.0rc6,NVIDIA GB200,mla_context,default,float16,float16,16,1,16,8,0,0.0156373331944147,1310720,327680,4.0,312.5,0.0128,5.24288e-07,4.096e-05,3.3527967555699575e-05,0.002619372465289029
TRTLLM,1.2.0rc6,NVIDIA GB200,mla_context,default,float16,fp8,16,1,32,8,0,0.0185546663900216,5242880,491520,10.666666666666666,312.5,0.03413333333333333,2.097152e-06,6.144e-05,0.00011302558374899235,0.0033112963988962602
TRTLLM,1.2.0rc6,NVIDIA GB200,mla_context,default,float16,fp8,16,1,32,8,0,0.019605333606402,5242880,491520,10.666666666666666,312.5,0.03413333333333333,2.097152e-06,6.144e-05,0.00010696844247094005,0.0031338410880158213
TRTLLM,1.2.0rc6,NVIDIA GB200,mla_context,default,float16,float16,16,1,32,8,0,0.0155306669572989,5242880,655360,8.0,312.5,0.0256,2.097152e-06,8.192e-05,0.00013503296450603544,0.00527472517601701
TRTLLM,1.2.0rc6,NVIDIA GB200,mla_context,default,float16,float16,16,1,32,8,0,0.0169066662589708,5242880,655360,8.0,312.5,0.0256,2.097152e-06,8.192e-05,0.00012404290519943493,0.004845425984352927
TRTLLM,1.2.0rc6,NVIDIA GB200,mla_context,default,float16,fp8,16,1,64,8,0,0.0213173329830169,20971520,983040,21.333333333333332,312.5,0.06826666666666666,8.388608e-06,0.00012288,0.0003935111398167416,0.0057643233371593005
TRTLLM,1.2.0rc6,NVIDIA GB200,mla_context,default,float16,fp8,16,1,64,8,0,0.0216159994403521,20971520,983040,21.333333333333332,312.5,0.06826666666666666,8.388608e-06,0.00012288,0.00038807402929241373,0.0056846781634630915
TRTLLM,1.2.0rc6,NVIDIA GB200,mla_context,default,float16,float16,16,1,64,8,0,0.0154080005983511,20971520,1310720,16.0,312.5,0.0512,8.388608e-06,0.00016384,0.0005444319622428957,0.010633436762556557
TRTLLM,1.2.0rc6,NVIDIA GB200,mla_context,default,float16,float16,16,1,64,8,0,0.0160693327585856,20971520,1310720,16.0,312.5,0.0512,8.388608e-06,0.00016384,0.000522025906490616,0.010195818486144845
TRTLLM,1.2.0rc6,NVIDIA GB200,mla_context,default,float16,fp8,16,1,128,8,0,0.023157333334287,83886080,1966080,42.666666666666664,312.5,0.1365333333333333,3.3554432e-05,0.00024576,0.001448976508461747,0.010612620911585059
TRTLLM,1.2.0rc6,NVIDIA GB200,mla_context,default,float16,fp8,16,1,128,8,0,0.023477333287398,83886080,1966080,42.666666666666664,312.5,0.1365333333333333,3.3554432e-05,0.00024576,0.001429226717925886,0.010467969125433735
TRTLLM,1.2.0rc6,NVIDIA GB200,mla_context,default,float16,float16,16,1,128,8,0,0.0152266671260197,83886080,2621440,32.0,312.5,0.1024,3.3554432e-05,0.00032768,0.002203662280280717,0.021520139455866377
TRTLLM,1.2.0rc6,NVIDIA GB200,mla_context,default,float16,float16,16,1,128,8,0,0.0155786660810311,83886080,2621440,32.0,312.5,0.1024,3.3554432e-05,0.00032768,0.002153870673231552,0.021033893293276876
TRTLLM,1.2.0rc6,NVIDIA GB200,mla_context,default,float16,fp8,16,1,256,8,0,0.0234933321674664,335544320,3932160,85.33333333333333,312.5,0.2730666666666666,0.000134217728,0.00049152,0.005713013677381401,0.020921680947441654
TRTLLM,1.2.0rc6,NVIDIA GB200,mla_context,default,float16,fp8,16,1,256,8,0,0.0262133330106735,335544320,3932160,85.33333333333333,312.5,0.2730666666666666,0.000134217728,0.00049152,0.005120208404835412,0.018750763201301555
TRTLLM,1.2.0rc6,NVIDIA GB200,mla_context,default,float16,float16,16,1,256,8,0,0.0195519998669624,335544320,5242880,64.0,312.5,0.2048,0.000134217728,0.00065536,0.006864654711193595,0.03351882183199998
TRTLLM,1.2.0rc6,NVIDIA GB200,mla_context,default,float16,float16,16,1,256,8,0,0.0196586661040782,335544320,5242880,64.0,312.5,0.2048,0.000134217728,0.00065536,0.006827407683177266,0.033336951578014
TRTLLM,1.2.0rc6,NVIDIA GB200,mla_context,default,float16,fp8,16,1,512,8,0,0.0279893328746159,1342177280,7864320,170.66666666666666,312.5,0.5461333333333332,0.000536870912,0.00098304,0.01918126860704491,0.03512195179512617
TRTLLM,1.2.0rc6,NVIDIA GB200,mla_context,default,float16,fp8,16,1,512,8,0,0.0291466663281122,1342177280,7864320,170.66666666666666,312.5,0.5461333333333332,0.000536870912,0.00098304,0.018419633516790344,0.033727356292951066
TRTLLM,1.2.0rc6,NVIDIA GB200,mla_context,default,float16,float16,16,1,512,8,0,0.0223306665817896,1342177280,10485760,128.0,312.5,0.4096,0.000536870912,0.00131072,0.024041866821737062,0.0586959639202565
TRTLLM,1.2.0rc6,NVIDIA GB200,mla_context,default,float16,float16,16,1,512,8,0,0.0235306670268376,1342177280,10485760,128.0,312.5,0.4096,0.000536870912,0.00131072,0.02281579656826892,0.0557026283405003
TRTLLM,1.2.0rc6,NVIDIA GB200,mla_context,default,float16,fp8,16,1,1024,8,0,0.0354186668992042,5368709120,15728640,341.3333333333333,312.5,1.0922666666666665,0.002147483648,0.00196608,0.06063140812474369,0.05550971202826876
TRTLLM,1.2.0rc6,NVIDIA GB200,mla_context,default,float16,fp8,16,1,1024,8,0,0.0358186662197113,5368709120,15728640,341.3333333333333,312.5,1.0922666666666665,0.002147483648,0.00196608,0.05995431641221254,0.054889816051219974
TRTLLM,1.2.0rc6,NVIDIA GB200,mla_context,default,float16,float16,16,1,1024,8,0,0.0298026675979296,5368709120,20971520,256.0,312.5,0.8192,0.002147483648,0.00262144,0.0720567593804652,0.08795991135310693
TRTLLM,1.2.0rc6,NVIDIA GB200,mla_context,default,float16,float16,16,1,1024,8,0,0.0315306658546129,5368709120,20971520,256.0,312.5,0.8192,0.002147483648,0.00262144,0.06810777983256022,0.08313937967841825
TRTLLM,1.2.0rc6,NVIDIA GB200,mla_context,default,float16,fp8,16,1,1536,8,0,0.0421599994103113,12079595520,23592960,512.0,312.5,1.6384,0.004831838208,0.00294912,0.11460716972444385,0.06995066511501699
TRTLLM,1.2.0rc6,NVIDIA GB200,mla_context,default,float16,fp8,16,1,1536,8,0,0.0424053321282068,12079595520,23592960,512.0,312.5,1.6384,0.004831838208,0.00294912,0.11394411894691896,0.06954597103693784
TRTLLM,1.2.0rc6,NVIDIA GB200,mla_context,default,float16,float16,16,1,1536,8,0,0.0378453334172566,12079595520,31457280,384.0,312.5,1.2288,0.004831838208,0.00393216,0.12767328945757928,0.10390078894659771
TRTLLM,1.2.0rc6,NVIDIA GB200,mla_context,default,float16,float16,16,1,1536,8,0,0.0379893332719802,12079595520,31457280,384.0,312.5,1.2288,0.004831838208,0.00393216,0.1271893395287308,0.1035069494862718
TRTLLM,1.2.0rc6,NVIDIA GB200,mla_context,default,float16,fp8,16,1,2048,8,0,0.0503626664479573,21474836480,31457280,682.6666666666666,312.5,2.184533333333333,0.008589934592,0.00393216,0.1705615527898326,0.07807688268577542
TRTLLM,1.2.0rc6,NVIDIA GB200,mla_context,default,float16,fp8,16,1,2048,8,0,0.0508906642595926,21474836480,31457280,682.6666666666666,312.5,2.184533333333333,0.008589934592,0.00393216,0.16879195264936725,0.07726682402772547
TRTLLM,1.2.0rc6,NVIDIA GB200,mla_context,default,float16,float16,16,1,2048,8,0,0.0449760009845097,21474836480,41943040,512.0,312.5,1.6384,0.008589934592,0.00524288,0.19098929215513138,0.11657061288765344
TRTLLM,1.2.0rc6,NVIDIA GB200,mla_context,default,float16,float16,16,1,2048,8,0,0.0462506661812464,21474836480,41943040,512.0,312.5,1.6384,0.008589934592,0.00524288,0.18572564032565272,0.11335793476907516
TRTLLM,1.2.0rc6,NVIDIA GB200,mla_context,default,float16,fp8,16,1,3072,8,0,0.0836373368899027,48318382080,47185920,1024.0,312.5,3.2768,0.019327352832,0.00589824,0.23108522521995,0.07052161414183045
TRTLLM,1.2.0rc6,NVIDIA GB200,mla_context,default,float16,fp8,16,1,3072,8,0,0.0837226708730061,48318382080,47185920,1024.0,312.5,3.2768,0.019327352832,0.00589824,0.2308496925679366,0.07044973528074237
TRTLLM,1.2.0rc6,NVIDIA GB200,mla_context,default,float16,float16,16,1,3072,8,0,0.0778400003910064,48318382080,62914560,768.0,312.5,2.4576,0.019327352832,0.00786432,0.24829589844443362,0.10103185971860092
TRTLLM,1.2.0rc6,NVIDIA GB200,mla_context,default,float16,float16,16,1,3072,8,0,0.0782026648521423,48318382080,62914560,768.0,312.5,2.4576,0.019327352832,0.00786432,0.24714442747625295,0.10056332498219928
TRTLLM,1.2.0rc6,NVIDIA GB200,mla_context,default,float16,fp8,16,1,4096,8,0,0.1242026686668396,85899345920,62914560,1365.3333333333333,312.5,4.369066666666666,0.034359738368,0.00786432,0.27664251289291,0.06331844624929274
TRTLLM,1.2.0rc6,NVIDIA GB200,mla_context,default,float16,fp8,16,1,4096,8,0,0.1260053316752115,85899345920,62914560,1365.3333333333333,312.5,4.369066666666666,0.034359738368,0.00786432,0.27268479762876136,0.062412597113516544
TRTLLM,1.2.0rc6,NVIDIA GB200,mla_context,default,float16,float16,16,1,4096,8,0,0.1195626656214396,85899345920,83886080,1024.0,312.5,3.2768,0.034359738368,0.01048576,0.2873784905130011,0.08770095535675082
TRTLLM,1.2.0rc6,NVIDIA GB200,mla_context,default,float16,float16,16,1,4096,8,0,0.1224959989388783,85899345920,83886080,1024.0,312.5,3.2768,0.034359738368,0.01048576,0.2804968216565542,0.08560083668718085
TRTLLM,1.2.0rc6,NVIDIA GB200,mla_context,default,float16,fp8,16,1,6144,8,0,0.2061386704444885,193273528320,94371840,2048.0,312.5,6.5536,0.077309411328,0.01179648,0.3750359462458006,0.05722594394619761
TRTLLM,1.2.0rc6,NVIDIA GB200,mla_context,default,float16,fp8,16,1,6144,8,0,0.2067413330078125,193273528320,94371840,2048.0,312.5,6.5536,0.077309411328,0.01179648,0.373942695460315,0.05705912711491623
TRTLLM,1.2.0rc6,NVIDIA GB200,mla_context,default,float16,float16,16,1,6144,8,0,0.2165653308232625,193273528320,125829120,1536.0,312.5,4.9152,0.077309411328,0.01572864,0.35697962842950004,0.07262769133087159
TRTLLM,1.2.0rc6,NVIDIA GB200,mla_context,default,float16,float16,16,1,6144,8,0,0.2168853282928466,193273528320,125829120,1536.0,312.5,4.9152,0.077309411328,0.01572864,0.35645293269268064,0.07252053480889499
TRTLLM,1.2.0rc6,NVIDIA GB200,mla_context,default,float16,fp8,16,1,8192,8,0,0.2998186747233073,343597383680,125829120,2730.6666666666665,312.5,8.738133333333332,0.137438953472,0.01572864,0.45840691410846185,0.052460508053794305
TRTLLM,1.2.0rc6,NVIDIA GB200,mla_context,default,float16,fp8,16,1,8192,8,0,0.3013493418693542,343597383680,125829120,2730.6666666666665,312.5,8.738133333333332,0.137438953472,0.01572864,0.45607849222244107,0.05219404131573956
TRTLLM,1.2.0rc6,NVIDIA GB200,mla_context,default,float16,float16,16,1,8192,8,0,0.3288266658782959,343597383680,167772160,2048.0,312.5,6.5536,0.137438953472,0.02097152,0.41796778586949634,0.06377682279502812
TRTLLM,1.2.0rc6,NVIDIA GB200,mla_context,default,float16,float16,16,1,8192,8,0,0.3299360076586405,343597383680,167772160,2048.0,312.5,6.5536,0.137438953472,0.02097152,0.416562455390433,0.06356238638159684
TRTLLM,1.2.0rc6,NVIDIA GB200,mla_context,default,float16,fp8,16,1,10240,8,0,0.4131626685460408,536870912000,157286400,3413.3333333333335,312.5,10.922666666666666,0.2147483648,0.0196608,0.5197671066355539,0.04758609985066717
TRTLLM,1.2.0rc6,NVIDIA GB200,mla_context,default,float16,fp8,16,1,10240,8,0,0.4132426579793294,536870912000,157286400,3413.3333333333335,312.5,10.922666666666666,0.2147483648,0.0196608,0.5196664977668928,0.04757688883363886
TRTLLM,1.2.0rc6,NVIDIA GB200,mla_context,default,float16,float16,16,1,10240,8,0,0.4560960133870442,536870912000,209715200,2560.0,312.5,8.192,0.2147483648,0.026214400000000002,0.4708402584035831,0.05747561748090615
TRTLLM,1.2.0rc6,NVIDIA GB200,mla_context,default,float16,float16,16,1,10240,8,0,0.4605600039164225,536870912000,209715200,2560.0,312.5,8.192,0.2147483648,0.026214400000000002,0.4662766262243003,0.05691853347464604
TRTLLM,1.2.0rc6,NVIDIA GB200,mla_context,default,float16,fp8,16,1,12288,8,0,0.5451573530832926,773094113280,188743680,4096.0,312.5,13.1072,0.309237645312,0.02359296,0.5672447478934631,0.043277339774586726
TRTLLM,1.2.0rc6,NVIDIA GB200,mla_context,default,float16,fp8,16,1,12288,8,0,0.5457546710968018,773094113280,188743680,4096.0,312.5,13.1072,0.309237645312,0.02359296,0.566623909403333,0.04322997355677284
TRTLLM,1.2.0rc6,NVIDIA GB200,mla_context,default,float16,float16,16,1,12288,8,0,0.608735998471578,773094113280,251658240,3072.0,312.5,9.8304,0.309237645312,0.03145728,0.5079996026002039,0.05167639186606892
TRTLLM,1.2.0rc6,NVIDIA GB200,mla_context,default,float16,float16,16,1,12288,8,0,0.6097546815872192,773094113280,251658240,3072.0,312.5,9.8304,0.309237645312,0.03145728,0.5071509160159956,0.0515900590022782
TRTLLM,1.2.0rc6,NVIDIA GB200,mla_context,default,float16,fp8,16,1,16384,8,0,0.8583040237426758,1374389534720,251658240,5461.333333333333,312.5,17.476266666666664,0.549755813888,0.03145728,0.640514082050744,0.0366505097608992
TRTLLM,1.2.0rc6,NVIDIA GB200,mla_context,default,float16,fp8,16,1,16384,8,0,0.8597013155619303,1374389534720,251658240,5461.333333333333,312.5,17.476266666666664,0.549755813888,0.03145728,0.6394730401554181,0.036590940865826684
TRTLLM,1.2.0rc6,NVIDIA GB200,mla_context,default,float16,float16,16,1,16384,8,0,0.9897013505299886,1374389534720,335544320,4096.0,312.5,13.1072,0.549755813888,0.04194304,0.5554764713553273,0.04237949152796382
TRTLLM,1.2.0rc6,NVIDIA GB200,mla_context,default,float16,float16,16,1,16384,8,0,0.997541348139445,1374389534720,335544320,4096.0,312.5,13.1072,0.549755813888,0.04194304,0.5511108034903736,0.042046417502622495
TRTLLM,1.2.0rc6,NVIDIA GB200,mla_context,default,float16,fp8,16,1,32768,8,0,2.827690760294596,5497558138880,503316480,10922.666666666666,312.5,34.95253333333333,2.199023255552,0.06291456,0.7776745910231357,0.02224944851941497
TRTLLM,1.2.0rc6,NVIDIA GB200,mla_context,default,float16,fp8,16,1,32768,8,0,2.901088078816732,5497558138880,503316480,10922.666666666666,312.5,34.95253333333333,2.199023255552,0.06291456,0.7579994801291647,0.02168653908145422
TRTLLM,1.2.0rc6,NVIDIA GB200,mla_context,default,float16,float16,16,1,32768,8,0,3.8056373596191406,5497558138880,671088640,8192.0,312.5,26.2144,2.199023255552,0.08388608,0.5778331059300073,0.022042583691787996
TRTLLM,1.2.0rc6,NVIDIA GB200,mla_context,default,float16,float16,16,1,32768,8,0,3.8227307001749673,5497558138880,671088640,8192.0,312.5,26.2144,2.199023255552,0.08388608,0.5752493251620759,0.021944020277483975
TRTLLM,1.2.0rc6,NVIDIA GB200,mla_context,default,float16,fp8,8,256,1,16,0,0.0603786657253901,655360,1966080,0.3333333333333333,312.5,0.0010666666666666665,2.62144e-07,0.00024576,4.341665998256147e-06,0.004070311873365137
TRTLLM,1.2.0rc6,NVIDIA GB200,mla_context,default,float16,float16,8,256,1,16,0,0.0568693329890569,655360,2621440,0.25,312.5,0.0008,2.62144e-07,0.00032768,4.609584572592809e-06,0.0057619807157410115
TRTLLM,1.2.0rc6,NVIDIA GB200,mla_context,default,float16,fp8,8,256,16,16,0,0.0645759999752044,167772160,31457280,5.333333333333333,312.5,0.017066666666666664,6.7108864e-05,0.00393216,0.0010392229934614741,0.06089197227313325
TRTLLM,1.2.0rc6,NVIDIA GB200,mla_context,default,float16,float16,8,256,16,16,0,0.0587466657161712,167772160,41943040,4.0,312.5,0.0128,6.7108864e-05,0.00524288,0.0011423433684599215,0.08924557566093137
TRTLLM,1.2.0rc6,NVIDIA GB200,mla_context,default,float16,fp8,8,256,32,16,0,0.0855413377285003,671088640,62914560,10.666666666666666,312.5,0.03413333333333333,0.000268435456,0.00786432,0.003138078771365342,0.091935901504844
TRTLLM,1.2.0rc6,NVIDIA GB200,mla_context,default,float16,float16,8,256,32,16,0,0.0667466670274734,671088640,83886080,8.0,312.5,0.0256,0.000268435456,0.01048576,0.004021705771308552,0.15709788169174033
TRTLLM,1.2.0rc6,NVIDIA GB200,mla_context,default,float16,fp8,8,256,64,16,0,0.1196426649888356,2684354560,125829120,21.333333333333332,312.5,0.06826666666666666,0.001073741824,0.01572864,0.008974572942688929,0.13146347084016985
TRTLLM,1.2.0rc6,NVIDIA GB200,mla_context,default,float16,float16,8,256,64,16,0,0.0805333356062571,2684354560,167772160,16.0,312.5,0.0512,0.001073741824,0.02097152,0.013332886511117947,0.2604079396702724
TRTLLM,1.2.0rc6,NVIDIA GB200,mla_context,default,float16,fp8,8,256,128,16,0,0.1834986607233683,10737418240,251658240,42.666666666666664,312.5,0.1365333333333333,0.004294967296,0.03145728,0.02340598715581275,0.1714305699888629
TRTLLM,1.2.0rc6,NVIDIA GB200,mla_context,default,float16,float16,8,256,128,16,0,0.1166986624399821,10737418240,335544320,32.0,312.5,0.1024,0.004294967296,0.04194304,0.03680391194036944,0.35941320254267034
TRTLLM,1.2.0rc6,NVIDIA GB200,mla_context,default,float16,fp8,8,256,256,16,0,0.3286933302879333,42949672960,503316480,85.33333333333333,312.5,0.2730666666666666,0.017179869184,0.06291456,0.052267166994080905,0.19140808225371422
TRTLLM,1.2.0rc6,NVIDIA GB200,mla_context,default,float16,float16,8,256,256,16,0,0.2103199958801269,42949672960,671088640,64.0,312.5,0.2048,0.017179869184,0.08388608,0.08168443096486064,0.3988497605706086
TRTLLM,1.2.0rc6,NVIDIA GB200,mla_context,default,float16,fp8,8,128,1,16,0,0.0400586674610773,327680,983040,0.3333333333333333,312.5,0.0010666666666666665,1.31072e-07,0.00012288,3.272001000216872e-06,0.0030675009377033173
TRTLLM,1.2.0rc6,NVIDIA GB200,mla_context,default,float16,float16,8,128,1,16,0,0.0356693342328071,327680,1310720,0.25,312.5,0.0008,1.31072e-07,0.00016384,3.6746410556619163e-06,0.004593301319577395
TRTLLM,1.2.0rc6,NVIDIA GB200,mla_context,default,float16,fp8,8,128,16,16,0,0.041333332657814,83886080,15728640,5.333333333333333,312.5,0.017066666666666664,3.3554432e-05,0.00196608,0.0008118007874609789,0.04756645239029173
TRTLLM,1.2.0rc6,NVIDIA GB200,mla_context,default,float16,float16,8,128,16,16,0,0.0358560010790824,83886080,20971520,4.0,312.5,0.0128,3.3554432e-05,0.00262144,0.0009358107705874349,0.07311021645214336
TRTLLM,1.2.0rc6,NVIDIA GB200,mla_context,default,float16,fp8,8,128,32,16,0,0.0441706677277882,335544320,31457280,10.666666666666666,312.5,0.03413333333333333,0.000134217728,0.00393216,0.0030386166862395496,0.0890219732296743
TRTLLM,1.2.0rc6,NVIDIA GB200,mla_context,default,float16,float16,8,128,32,16,0,0.0389066661397616,335544320,41943040,8.0,312.5,0.0256,0.000134217728,0.00524288,0.00344973603026945,0.1347553136824004
TRTLLM,1.2.0rc6,NVIDIA GB200,mla_context,default,float16,fp8,8,128,64,16,0,0.0693120012680689,1342177280,62914560,21.333333333333332,312.5,0.06826666666666666,0.000536870912,0.00786432,0.0077457136163709235,0.11346260180230844
TRTLLM,1.2.0rc6,NVIDIA GB200,mla_context,default,float16,float16,8,128,64,16,0,0.0478666673103968,1342177280,83886080,16.0,312.5,0.0512,0.000536870912,0.01048576,0.011215965977296896,0.21906183549407998
TRTLLM,1.2.0rc6,NVIDIA GB200,mla_context,default,float16,fp8,8,128,128,16,0,0.1017760038375854,5368709120,125829120,42.666666666666664,312.5,0.1365333333333333,0.002147483648,0.01572864,0.021100097931010968,0.15454173289314674
TRTLLM,1.2.0rc6,NVIDIA GB200,mla_context,default,float16,float16,8,128,128,16,0,0.0635786652565002,5368709120,167772160,32.0,312.5,0.1024,0.002147483648,0.02097152,0.0337767966555486,0.3298515298393418
TRTLLM,1.2.0rc6,NVIDIA GB200,mla_context,default,float16,fp8,8,128,256,16,0,0.1751946608225504,21474836480,251658240,85.33333333333333,312.5,0.2730666666666666,0.008589934592,0.03145728,0.049030801233723074,0.17955615686177884
TRTLLM,1.2.0rc6,NVIDIA GB200,mla_context,default,float16,float16,8,128,256,16,0,0.113727996746699,21474836480,335544320,64.0,312.5,0.2048,0.008589934592,0.04194304,0.07553051876163752,0.3688013611408082
TRTLLM,1.2.0rc6,NVIDIA GB200,mla_context,default,float16,fp8,8,128,512,16,0,0.3492159843444824,85899345920,503316480,170.66666666666666,312.5,0.5461333333333332,0.034359738368,0.06291456,0.09839108147497051,0.18015945094293917
TRTLLM,1.2.0rc6,NVIDIA GB200,mla_context,default,float16,float16,8,128,512,16,0,0.2385759949684143,85899345920,671088640,128.0,312.5,0.4096,0.034359738368,0.08388608,0.14402009880561945,0.35161156934965687
TRTLLM,1.2.0rc6,NVIDIA GB200,mla_context,default,float16,fp8,8,64,1,16,0,0.0316159998377164,163840,491520,0.3333333333333333,312.5,0.0010666666666666665,6.5536e-08,6.144e-05,2.072874504567103e-06,0.001943319848031659
TRTLLM,1.2.0rc6,NVIDIA GB200,mla_context,default,float16,float16,8,64,1,16,0,0.0253759995102882,163840,655360,0.25,312.5,0.0008,6.5536e-08,8.192e-05,2.582597779978271e-06,0.003228247224972839
TRTLLM,1.2.0rc6,NVIDIA GB200,mla_context,default,float16,fp8,8,64,16,16,0,0.0319200009107589,41943040,7864320,5.333333333333333,312.5,0.017066666666666664,1.6777216e-05,0.00098304,0.0005256019900157678,0.030796991602486393
TRTLLM,1.2.0rc6,NVIDIA GB200,mla_context,default,float16,float16,8,64,16,16,0,0.0253706673781077,41943040,10485760,4.0,312.5,0.0128,1.6777216e-05,0.00131072,0.0006612839839789562,0.05166281124835596
TRTLLM,1.2.0rc6,NVIDIA GB200,mla_context,default,float16,fp8,8,64,32,16,0,0.0321813325087229,167772160,15728640,10.666666666666666,312.5,0.03413333333333333,6.7108864e-05,0.00196608,0.0020853351545281674,0.061093803355317396
TRTLLM,1.2.0rc6,NVIDIA GB200,mla_context,default,float16,float16,8,64,32,16,0,0.027658666173617,167772160,20971520,8.0,312.5,0.0256,6.7108864e-05,0.00262144,0.0024263232210385358,0.09477825082181782
TRTLLM,1.2.0rc6,NVIDIA GB200,mla_context,default,float16,fp8,8,64,64,16,0,0.0373279998699824,671088640,31457280,21.333333333333332,312.5,0.06826666666666666,0.000268435456,0.00393216,0.007191262776869662,0.10534076333305167
TRTLLM,1.2.0rc6,NVIDIA GB200,mla_context,default,float16,float16,8,64,64,16,0,0.0297600006063779,671088640,41943040,16.0,312.5,0.0512,0.000268435456,0.00524288,0.00902000841836244,0.17617203942114143
TRTLLM,1.2.0rc6,NVIDIA GB200,mla_context,default,float16,fp8,8,64,128,16,0,0.0626293321450551,2684354560,62914560,42.666666666666664,312.5,0.1365333333333333,0.001073741824,0.00786432,0.017144392048012238,0.12556927769540213
TRTLLM,1.2.0rc6,NVIDIA GB200,mla_context,default,float16,float16,8,64,128,16,0,0.0377279991904894,2684354560,83886080,32.0,312.5,0.1024,0.001073741824,0.01048576,0.028460078642884204,0.2779304554969161
TRTLLM,1.2.0rc6,NVIDIA GB200,mla_context,default,float16,fp8,8,64,256,16,0,0.0999946693579355,10737418240,125829120,85.33333333333333,312.5,0.2730666666666666,0.004294967296,0.01572864,0.04295196257538457,0.157294784821965
TRTLLM,1.2.0rc6,NVIDIA GB200,mla_context,default,float16,float16,8,64,256,16,0,0.0666240006685257,10737418240,167772160,64.0,312.5,0.2048,0.004294967296,0.02097152,0.06446576688435066,0.31477425236499346
TRTLLM,1.2.0rc6,NVIDIA GB200,mla_context,default,float16,fp8,8,64,512,16,0,0.186239997545878,42949672960,251658240,170.66666666666666,312.5,0.5461333333333332,0.017179869184,0.03145728,0.0922458623839272,0.1689072187205698
TRTLLM,1.2.0rc6,NVIDIA GB200,mla_context,default,float16,float16,8,64,512,16,0,0.1265333294868469,42949672960,335544320,128.0,312.5,0.4096,0.017179869184,0.04194304,0.1357734697543531,0.3314781976424636
TRTLLM,1.2.0rc6,NVIDIA GB200,mla_context,default,float16,fp8,8,64,1024,16,0,0.3938080072402954,171798691840,503316480,341.3333333333333,312.5,1.0922666666666665,0.068719476736,0.06291456,0.17449994787451964,0.15975947376207242
TRTLLM,1.2.0rc6,NVIDIA GB200,mla_context,default,float16,float16,8,64,1024,16,0,0.2913866639137268,171798691840,671088640,256.0,312.5,0.8192,0.068719476736,0.08388608,0.23583603934717592,0.2878857902187206
TRTLLM,1.2.0rc6,NVIDIA GB200,mla_context,default,float16,fp8,8,32,1,16,0,0.0236586655179659,81920,245760,0.3333333333333333,312.5,0.0010666666666666665,3.2768e-08,3.072e-05,1.385031627211461e-06,0.0012984671505107447
TRTLLM,1.2.0rc6,NVIDIA GB200,mla_context,default,float16,float16,8,32,1,16,0,0.0220906659960746,81920,327680,0.25,312.5,0.0008,3.2768e-08,4.096e-05,1.4833414260042095e-06,0.0018541767825052619
TRTLLM,1.2.0rc6,NVIDIA GB200,mla_context,default,float16,fp8,8,32,16,16,0,0.0255093326171239,20971520,3932160,5.333333333333333,312.5,0.017066666666666664,8.388608e-06,0.00049152,0.00032884466739709593,0.01926824223029859
TRTLLM,1.2.0rc6,NVIDIA GB200,mla_context,default,float16,float16,8,32,16,16,0,0.0195733333627382,20971520,5242880,4.0,312.5,0.0128,8.388608e-06,0.00065536,0.0004285732963588825,0.033482288778037696
TRTLLM,1.2.0rc6,NVIDIA GB200,mla_context,default,float16,fp8,8,32,32,16,0,0.0254506667455037,83886080,7864320,10.666666666666666,312.5,0.03413333333333333,3.3554432e-05,0.00098304,0.0013184107251700181,0.038625314213965374
TRTLLM,1.2.0rc6,NVIDIA GB200,mla_context,default,float16,float16,8,32,32,16,0,0.0214826663335164,83886080,10485760,8.0,312.5,0.0256,3.3554432e-05,0.00131072,0.0015619305108160485,0.0610129105787519
TRTLLM,1.2.0rc6,NVIDIA GB200,mla_context,default,float16,fp8,8,32,64,16,0,0.0277013331651687,335544320,15728640,21.333333333333332,312.5,0.06826666666666666,0.000134217728,0.00196608,0.004845172151092123,0.07097420143201351
TRTLLM,1.2.0rc6,NVIDIA GB200,mla_context,default,float16,float16,8,32,64,16,0,0.0215146665771802,335544320,20971520,16.0,312.5,0.0512,0.000134217728,0.00262144,0.006238429376468223,0.12184432375914499
TRTLLM,1.2.0rc6,NVIDIA GB200,mla_context,default,float16,fp8,8,32,128,16,0,0.0314879988630612,1342177280,31457280,42.666666666666664,312.5,0.1365333333333333,0.000536870912,0.00393216,0.01705001687578842,0.12487805328946594
TRTLLM,1.2.0rc6,NVIDIA GB200,mla_context,default,float16,float16,8,32,128,16,0,0.0236746668815612,1342177280,41943040,32.0,312.5,0.1024,0.000536870912,0.00524288,0.022677020744825645,0.22145528071118795
TRTLLM,1.2.0rc6,NVIDIA GB200,mla_context,default,float16,fp8,8,32,256,16,0,0.0598133355379104,5368709120,62914560,85.33333333333333,312.5,0.2730666666666666,0.002147483648,0.00786432,0.035903091320478184,0.13148104731620427
TRTLLM,1.2.0rc6,NVIDIA GB200,mla_context,default,float16,float16,8,32,256,16,0,0.0355040008823076,5368709120,83886080,64.0,312.5,0.2048,0.002147483648,0.01048576,0.060485680335540346,0.2953402360133806
TRTLLM,1.2.0rc6,NVIDIA GB200,mla_context,default,float16,fp8,8,32,512,16,0,0.1058560013771057,21474836480,125829120,170.66666666666666,312.5,0.5461333333333332,0.008589934592,0.01572864,0.08114735565533851,0.14858524595093722
TRTLLM,1.2.0rc6,NVIDIA GB200,mla_context,default,float16,float16,8,32,512,16,0,0.0728106647729873,21474836480,167772160,128.0,312.5,0.4096,0.008589934592,0.02097152,0.11797632419346979,0.2880281352379634
TRTLLM,1.2.0rc6,NVIDIA GB200,mla_context,default,float16,fp8,8,32,1024,16,0,0.2102293372154235,85899345920,251658240,341.3333333333333,312.5,1.0922666666666665,0.034359738368,0.03145728,0.16343931262453312,0.14963315975146466
TRTLLM,1.2.0rc6,NVIDIA GB200,mla_context,default,float16,float16,8,32,1024,16,0,0.1619466642538706,85899345920,335544320,256.0,312.5,0.8192,0.034359738368,0.04194304,0.21216700279875497,0.25899292333832397
TRTLLM,1.2.0rc6,NVIDIA GB200,mla_context,default,float16,fp8,8,32,1536,16,0,0.3376799821853637,193273528320,377487360,512.0,312.5,1.6384,0.077309411328,0.04718592,0.22894283169430607,0.13973561504779425
TRTLLM,1.2.0rc6,NVIDIA GB200,mla_context,default,float16,float16,8,32,1536,16,0,0.2688533266385396,193273528320,503316480,384.0,312.5,1.2288,0.077309411328,0.06291456,0.2875523702629828,0.23401071798745343
TRTLLM,1.2.0rc6,NVIDIA GB200,mla_context,default,float16,fp8,8,32,2048,16,0,0.4781066576639811,343597383680,503316480,682.6666666666666,312.5,2.184533333333333,0.137438953472,0.06291456,0.2874650483712647,0.13159105607815458
TRTLLM,1.2.0rc6,NVIDIA GB200,mla_context,default,float16,float16,8,32,2048,16,0,0.3978773355484009,343597383680,671088640,512.0,312.5,1.6384,0.137438953472,0.08388608,0.345430466107263,0.21083402472367127
TRTLLM,1.2.0rc6,NVIDIA GB200,mla_context,default,float16,fp8,8,16,1,16,0,0.0195519998669624,40960,122880,0.3333333333333333,312.5,0.0010666666666666665,1.6384e-08,1.536e-05,8.379705457999994e-07,0.0007855973866874994
TRTLLM,1.2.0rc6,NVIDIA GB200,mla_context,default,float16,float16,8,16,1,16,0,0.01704000060757,40960,163840,0.25,312.5,0.0008,1.6384e-08,2.048e-05,9.615023131349788e-07,0.0012018778914187236
TRTLLM,1.2.0rc6,NVIDIA GB200,mla_context,default,float16,fp8,8,16,16,16,0,0.0212959994872411,10485760,1966080,5.333333333333333,312.5,0.017066666666666664,4.194304e-06,0.00024576,0.00019695267190971238,0.01154019561970971
TRTLLM,1.2.0rc6,NVIDIA GB200,mla_context,default,float16,float16,8,16,16,16,0,0.0157546661794185,10485760,2621440,4.0,312.5,0.0128,4.194304e-06,0.00032768,0.00026622614228915447,0.020798917366340194
TRTLLM,1.2.0rc6,NVIDIA GB200,mla_context,default,float16,fp8,8,16,32,16,0,0.0217440004150072,41943040,3932160,10.666666666666666,312.5,0.03413333333333333,1.6777216e-05,0.00049152,0.0007715790875546873,0.022604856080703728
TRTLLM,1.2.0rc6,NVIDIA GB200,mla_context,default,float16,float16,8,16,32,16,0,0.0155306669572989,41943040,5242880,8.0,312.5,0.0256,1.6777216e-05,0.00065536,0.0010802637160482835,0.04219780140813608
TRTLLM,1.2.0rc6,NVIDIA GB200,mla_context,default,float16,fp8,8,16,64,16,0,0.0239733333388964,167772160,7864320,21.333333333333332,312.5,0.06826666666666666,6.7108864e-05,0.00098304,0.0027993130138109245,0.041005561725745966
TRTLLM,1.2.0rc6,NVIDIA GB200,mla_context,default,float16,float16,8,16,64,16,0,0.0178346671164035,167772160,10485760,16.0,312.5,0.0512,6.7108864e-05,0.00131072,0.0037628324409978123,0.07349282111323853
TRTLLM,1.2.0rc6,NVIDIA GB200,mla_context,default,float16,fp8,8,16,128,16,0,0.0240959996978441,671088640,15728640,42.666666666666664,312.5,0.1365333333333333,0.000268435456,0.00196608,0.01114024980768975,0.08159362652116516
TRTLLM,1.2.0rc6,NVIDIA GB200,mla_context,default,float16,float16,8,16,128,16,0,0.0184800003965695,671088640,20971520,32.0,312.5,0.1024,0.000268435456,0.00262144,0.014525727826814902,0.1418528108087393
TRTLLM,1.2.0rc6,NVIDIA GB200,mla_context,default,float16,fp8,8,16,256,16,0,0.0315573339660962,2684354560,31457280,85.33333333333333,312.5,0.2730666666666666,0.001073741824,0.00393216,0.03402511204379877,0.12460368180102088
TRTLLM,1.2.0rc6,NVIDIA GB200,mla_context,default,float16,float16,8,16,256,16,0,0.0235306670268376,2684354560,41943040,64.0,312.5,0.2048,0.001073741824,0.00524288,0.04563159313653784,0.2228105133620012
TRTLLM,1.2.0rc6,NVIDIA GB200,mla_context,default,float16,fp8,8,16,512,16,0,0.065130665898323,10737418240,62914560,170.66666666666666,312.5,0.5461333333333332,0.004294967296,0.00786432,0.06594385665739966,0.1207468078443597
TRTLLM,1.2.0rc6,NVIDIA GB200,mla_context,default,float16,float16,8,16,512,16,0,0.0455946673949559,10737418240,83886080,128.0,312.5,0.4096,0.004294967296,0.01048576,0.09419889520841529,0.22997777150492013
TRTLLM,1.2.0rc6,NVIDIA GB200,mla_context,default,float16,fp8,8,16,1024,16,0,0.1191839973131815,42949672960,125829120,341.3333333333333,312.5,1.0922666666666665,0.017179869184,0.01572864,0.14414577100360387,0.13196939483972522
TRTLLM,1.2.0rc6,NVIDIA GB200,mla_context,default,float16,float16,8,16,1024,16,0,0.0902239978313446,42949672960,167772160,256.0,312.5,0.8192,0.017179869184,0.02097152,0.19041352186714522,0.23243838118548002
TRTLLM,1.2.0rc6,NVIDIA GB200,mla_context,default,float16,fp8,8,16,1536,16,0,0.1859093308448791,96636764160,188743680,512.0,312.5,1.6384,0.038654705664,0.02359296,0.20792235380726048,0.12690573352493928
TRTLLM,1.2.0rc6,NVIDIA GB200,mla_context,default,float16,float16,8,16,1536,16,0,0.149616003036499,96636764160,251658240,384.0,312.5,1.2288,0.038654705664,0.03145728,0.25835943267760025,0.21025344456184916
TRTLLM,1.2.0rc6,NVIDIA GB200,mla_context,default,float16,fp8,8,16,2048,16,0,0.2568693359692891,171798691840,251658240,682.6666666666666,312.5,2.184533333333333,0.068719476736,0.03145728,0.26752697622193405,0.12246413096096834
TRTLLM,1.2.0rc6,NVIDIA GB200,mla_context,default,float16,float16,8,16,2048,16,0,0.2209013303120931,171798691840,335544320,512.0,312.5,1.6384,0.068719476736,0.04194304,0.31108674917852225,0.18987228343415663
TRTLLM,1.2.0rc6,NVIDIA GB200,mla_context,default,float16,fp8,8,16,3072,16,0,0.4314826726913452,386547056640,377487360,1024.0,312.5,3.2768,0.154618822656,0.04718592,0.3583430632140454,0.10935762427186445
TRTLLM,1.2.0rc6,NVIDIA GB200,mla_context,default,float16,float16,8,16,3072,16,0,0.3996320168177287,386547056640,503316480,768.0,312.5,2.4576,0.154618822656,0.06291456,0.3869029911247609,0.1574312301126143
TRTLLM,1.2.0rc6,NVIDIA GB200,mla_context,default,float16,fp8,8,16,4096,16,0,0.6535199880599976,687194767360,503316480,1365.3333333333333,312.5,4.369066666666666,0.274877906944,0.06291456,0.4206113232435124,0.09627029188007638
TRTLLM,1.2.0rc6,NVIDIA GB200,mla_context,default,float16,float16,8,16,4096,16,0,0.629589319229126,687194767360,671088640,1024.0,312.5,3.2768,0.274877906944,0.08388608,0.436598745481519,0.13323936324509247
TRTLLM,1.2.0rc6,NVIDIA GB200,mla_context,default,float16,fp8,8,8,1,16,0,0.0190026660760243,20480,61440,0.3333333333333333,312.5,0.0010666666666666665,8.192e-09,7.68e-06,4.3109740323942555e-07,0.00040415381553696145
TRTLLM,1.2.0rc6,NVIDIA GB200,mla_context,default,float16,fp8,8,8,1,16,0,0.0194666671256224,20480,61440,0.3333333333333333,312.5,0.0010666666666666665,8.192e-09,7.68e-06,4.208219078867143e-07,0.00039452053864379464
TRTLLM,1.2.0rc6,NVIDIA GB200,mla_context,default,float16,float16,8,8,1,16,0,0.0153760003546873,20480,81920,0.25,312.5,0.0008,8.192e-09,1.024e-05,5.327783435893788e-07,0.0006659729294867235
TRTLLM,1.2.0rc6,NVIDIA GB200,mla_context,default,float16,float16,8,8,1,16,0,0.0171573335925738,20480,81920,0.25,312.5,0.0008,8.192e-09,1.024e-05,4.774634680732523e-07,0.0005968293350915654
TRTLLM,1.2.0rc6,NVIDIA GB200,mla_context,default,float16,fp8,8,8,16,16,0,0.0214506660898526,5242880,983040,5.333333333333333,312.5,0.017066666666666664,2.097152e-06,0.00012288,9.776628805909544e-05,0.0057284934409626235
TRTLLM,1.2.0rc6,NVIDIA GB200,mla_context,default,float16,fp8,8,8,16,16,0,0.0215626657009124,5242880,983040,5.333333333333333,312.5,0.017066666666666664,2.097152e-06,0.00012288,9.725847578814254e-05,0.005698738815711476
TRTLLM,1.2.0rc6,NVIDIA GB200,mla_context,default,float16,float16,8,8,16,16,0,0.0149919999142487,5242880,1310720,4.0,312.5,0.0128,2.097152e-06,0.00016384,0.0001398847393273278,0.010928495259947484
TRTLLM,1.2.0rc6,NVIDIA GB200,mla_context,default,float16,float16,8,8,16,16,0,0.0156319998204708,5242880,1310720,4.0,312.5,0.0128,2.097152e-06,0.00016384,0.00013415762692459132,0.010481064603483697
TRTLLM,1.2.0rc6,NVIDIA GB200,mla_context,default,float16,fp8,8,8,32,16,0,0.0213013341029485,20971520,1966080,10.666666666666666,312.5,0.03413333333333333,8.388608e-06,0.00024576,0.00039380669583689886,0.011537305542096645
TRTLLM,1.2.0rc6,NVIDIA GB200,mla_context,default,float16,fp8,8,8,32,16,0,0.0215626657009124,20971520,1966080,10.666666666666666,312.5,0.03413333333333333,8.388608e-06,0.00024576,0.00038903390315257015,0.011397477631422952
TRTLLM,1.2.0rc6,NVIDIA GB200,mla_context,default,float16,float16,8,8,32,16,0,0.015594666202863,20971520,2621440,8.0,312.5,0.0256,8.388608e-06,0.00032768,0.0005379152006767512,0.02101231252643559
TRTLLM,1.2.0rc6,NVIDIA GB200,mla_context,default,float16,float16,8,8,32,16,0,0.0169493332505226,20971520,2621440,8.0,312.5,0.0256,8.388608e-06,0.00032768,0.0004949225952437601,0.019332913876709375
TRTLLM,1.2.0rc6,NVIDIA GB200,mla_context,default,float16,fp8,8,8,64,16,0,0.0212480003635088,83886080,3932160,21.333333333333332,312.5,0.06826666666666666,3.3554432e-05,0.00049152,0.0015791806958750903,0.02313252972473277
TRTLLM,1.2.0rc6,NVIDIA GB200,mla_context,default,float16,fp8,8,8,64,16,0,0.0213920002182324,83886080,3932160,21.333333333333332,312.5,0.06826666666666666,3.3554432e-05,0.00049152,0.0015685504701613438,0.022976813527754058
TRTLLM,1.2.0rc6,NVIDIA GB200,mla_context,default,float16,float16,8,8,64,16,0,0.0165919996798038,83886080,5242880,16.0,312.5,0.0512,3.3554432e-05,0.00065536,0.0020223259792394583,0.039498554282020676
TRTLLM,1.2.0rc6,NVIDIA GB200,mla_context,default,float16,float16,8,8,64,16,0,0.0177439997593561,83886080,5242880,16.0,312.5,0.0512,3.3554432e-05,0.00065536,0.0018910297821835428,0.03693417543327232
TRTLLM,1.2.0rc6,NVIDIA GB200,mla_context,default,float16,fp8,8,8,128,16,0,0.0233173345526059,335544320,7864320,42.666666666666664,312.5,0.1365333333333333,0.000134217728,0.00098304,0.005756135106145744,0.0421591926719659
TRTLLM,1.2.0rc6,NVIDIA GB200,mla_context,default,float16,fp8,8,8,128,16,0,0.023557332654794,335544320,7864320,42.666666666666664,312.5,0.1365333333333333,0.000134217728,0.00098304,0.005697492579775844,0.0417296819807801
TRTLLM,1.2.0rc6,NVIDIA GB200,mla_context,default,float16,float16,8,8,128,16,0,0.0172000005841255,335544320,10485760,32.0,312.5,0.1024,0.000134217728,0.00131072,0.007803356014061672,0.07620464857482101
TRTLLM,1.2.0rc6,NVIDIA GB200,mla_context,default,float16,float16,8,8,128,16,0,0.0172639998296896,335544320,10485760,32.0,312.5,0.1024,0.000134217728,0.00131072,0.007774428250930606,0.0759221508879942
TRTLLM,1.2.0rc6,NVIDIA GB200,mla_context,default,float16,fp8,8,8,256,16,0,0.0256053333481152,1342177280,15728640,85.33333333333333,312.5,0.2730666666666666,0.000536870912,0.00196608,0.0209671518312617,0.07678400328831189
TRTLLM,1.2.0rc6,NVIDIA GB200,mla_context,default,float16,fp8,8,8,256,16,0,0.0275306676824887,1342177280,15728640,85.33333333333333,312.5,0.2730666666666666,0.000536870912,0.00196608,0.01950083151602912,0.07141417791514569
TRTLLM,1.2.0rc6,NVIDIA GB200,mla_context,default,float16,float16,8,8,256,16,0,0.0212853327393531,1342177280,20971520,64.0,312.5,0.2048,0.000536870912,0.00262144,0.025222575497136274,0.12315710691961071
TRTLLM,1.2.0rc6,NVIDIA GB200,mla_context,default,float16,float16,8,8,256,16,0,0.0218880002697308,1342177280,20971520,64.0,312.5,0.2048,0.000536870912,0.00262144,0.02452809326498619,0.11976608039544039
TRTLLM,1.2.0rc6,NVIDIA GB200,mla_context,default,float16,fp8,8,8,512,16,0,0.0336640005310376,5368709120,31457280,170.66666666666666,312.5,0.5461333333333332,0.002147483648,0.00393216,0.06379169481119924,0.11680608180761579
TRTLLM,1.2.0rc6,NVIDIA GB200,mla_context,default,float16,fp8,8,8,512,16,0,0.0343893344203631,5368709120,31457280,170.66666666666666,312.5,0.5461333333333332,0.002147483648,0.00393216,0.06244621142560996,0.11434242814747916
TRTLLM,1.2.0rc6,NVIDIA GB200,mla_context,default,float16,float16,8,8,512,16,0,0.0254720002412796,5368709120,41943040,128.0,312.5,0.4096,0.002147483648,0.00524288,0.08430761729186133,0.20582914377895833
TRTLLM,1.2.0rc6,NVIDIA GB200,mla_context,default,float16,float16,8,8,512,16,0,0.0276320005456606,5368709120,41943040,128.0,312.5,0.4096,0.002147483648,0.00524288,0.07771727003447987,0.18973942879511688
TRTLLM,1.2.0rc6,NVIDIA GB200,mla_context,default,float16,fp8,8,8,1024,16,0,0.0730560024579366,21474836480,62914560,341.3333333333333,312.5,1.0922666666666665,0.008589934592,0.00786432,0.11758013445843578,0.10764782817849954
TRTLLM,1.2.0rc6,NVIDIA GB200,mla_context,default,float16,fp8,8,8,1024,16,0,0.0760053346554438,21474836480,62914560,341.3333333333333,312.5,1.0922666666666665,0.008589934592,0.00786432,0.1130175221376353,0.10347063183987606
TRTLLM,1.2.0rc6,NVIDIA GB200,mla_context,default,float16,float16,8,8,1024,16,0,0.05635733405749,21474836480,83886080,256.0,312.5,0.8192,0.008589934592,0.01048576,0.15241910810112885,0.18605848156876084
TRTLLM,1.2.0rc6,NVIDIA GB200,mla_context,default,float16,float16,8,8,1024,16,0,0.0563733329375584,21474836480,83886080,256.0,312.5,0.8192,0.008589934592,0.01048576,0.15237585121168182,0.18600567774863502
TRTLLM,1.2.0rc6,NVIDIA GB200,mla_context,default,float16,fp8,8,8,1536,16,0,0.1102613310019175,48318382080,94371840,512.0,312.5,1.6384,0.019327352832,0.01179648,0.1752867724013225,0.10698655542072907
TRTLLM,1.2.0rc6,NVIDIA GB200,mla_context,default,float16,fp8,8,8,1536,16,0,0.1115253369013468,48318382080,94371840,512.0,312.5,1.6384,0.019327352832,0.01179648,0.17330010712360913,0.10577399116431221
TRTLLM,1.2.0rc6,NVIDIA GB200,mla_context,default,float16,float16,8,8,1536,16,0,0.0874826709429423,48318382080,125829120,384.0,312.5,1.2288,0.019327352832,0.01572864,0.22092778631102414,0.17979149276613293
TRTLLM,1.2.0rc6,NVIDIA GB200,mla_context,default,float16,float16,8,8,1536,16,0,0.0877546668052673,48318382080,125829120,384.0,312.5,1.2288,0.019327352832,0.01572864,0.2202430199511613,0.17923422847587994
TRTLLM,1.2.0rc6,NVIDIA GB200,mla_context,default,float16,fp8,8,8,2048,16,0,0.1470506687959035,85899345920,125829120,682.6666666666666,312.5,2.184533333333333,0.034359738368,0.01572864,0.23365917781502252,0.10696068320389823
TRTLLM,1.2.0rc6,NVIDIA GB200,mla_context,default,float16,fp8,8,8,2048,16,0,0.1472106675306956,85899345920,125829120,682.6666666666666,312.5,2.184533333333333,0.034359738368,0.01572864,0.2334052208603394,0.10684443093582431
TRTLLM,1.2.0rc6,NVIDIA GB200,mla_context,default,float16,float16,8,8,2048,16,0,0.1263146698474884,85899345920,167772160,512.0,312.5,1.6384,0.034359738368,0.02097152,0.2720170064924822,0.16602600493925918
TRTLLM,1.2.0rc6,NVIDIA GB200,mla_context,default,float16,float16,8,8,2048,16,0,0.1347093284130096,85899345920,167772160,512.0,312.5,1.6384,0.034359738368,0.02097152,0.25506576844222245,0.15567979030897366
TRTLLM,1.2.0rc6,NVIDIA GB200,mla_context,default,float16,fp8,8,8,3072,16,0,0.2404533425966898,193273528320,188743680,1024.0,312.5,3.2768,0.077309411328,0.02359296,0.32151522824812784,0.09811866096439448
TRTLLM,1.2.0rc6,NVIDIA GB200,mla_context,default,float16,fp8,8,8,3072,16,0,0.2443306644757588,193273528320,188743680,1024.0,312.5,3.2768,0.077309411328,0.02359296,0.31641305234394856,0.09656160044676164
TRTLLM,1.2.0rc6,NVIDIA GB200,mla_context,default,float16,float16,8,8,3072,16,0,0.2208799918492635,193273528320,251658240,768.0,312.5,2.4576,0.077309411328,0.03145728,0.35000640248465215,0.14241796976100754
TRTLLM,1.2.0rc6,NVIDIA GB200,mla_context,default,float16,float16,8,8,3072,16,0,0.2262826760609944,193273528320,251658240,768.0,312.5,2.4576,0.077309411328,0.03145728,0.3416497129774145,0.13901762409562765
TRTLLM,1.2.0rc6,NVIDIA GB200,mla_context,default,float16,fp8,8,8,4096,16,0,0.3480853239695231,343597383680,251658240,1365.3333333333333,312.5,4.369066666666666,0.137438953472,0.03145728,0.39484271242654745,0.09037232492673052
TRTLLM,1.2.0rc6,NVIDIA GB200,mla_context,default,float16,fp8,8,8,4096,16,0,0.3487360080083211,343597383680,251658240,1365.3333333333333,312.5,4.369066666666666,0.137438953472,0.03145728,0.39410600085988423,0.09020370503079625
TRTLLM,1.2.0rc6,NVIDIA GB200,mla_context,default,float16,float16,8,8,4096,16,0,0.3308533430099487,343597383680,335544320,1024.0,312.5,3.2768,0.137438953472,0.04194304,0.41540748000804467,0.1267723022485488
TRTLLM,1.2.0rc6,NVIDIA GB200,mla_context,default,float16,float16,8,8,4096,16,0,0.3410773277282715,343597383680,335544320,1024.0,312.5,3.2768,0.137438953472,0.04194304,0.4029554071723421,0.12297223119273135
TRTLLM,1.2.0rc6,NVIDIA GB200,mla_context,default,float16,fp8,8,8,6144,16,0,0.6217813491821289,773094113280,377487360,2048.0,312.5,6.5536,0.309237645312,0.04718592,0.4973414621052259,0.07588828462298979
TRTLLM,1.2.0rc6,NVIDIA GB200,mla_context,default,float16,float16,8,8,6144,16,0,0.6294560035069784,773094113280,503316480,1536.0,312.5,4.9152,0.309237645312,0.06291456,0.4912776168454983,0.09995068702097541
TRTLLM,1.2.0rc6,NVIDIA GB200,mla_context,default,float16,float16,8,8,6144,16,0,0.6383519967397054,773094113280,503316480,1536.0,312.5,4.9152,0.309237645312,0.06291456,0.48443123369455804,0.09855778680309205
TRTLLM,1.2.0rc6,NVIDIA GB200,mla_context,default,float16,fp8,8,8,8192,16,0,0.9633386929829916,1374389534720,503316480,2730.6666666666665,312.5,8.738133333333332,0.549755813888,0.06291456,0.5706776006117573,0.0653088684782132
TRTLLM,1.2.0rc6,NVIDIA GB200,mla_context,default,float16,float16,8,8,8192,16,0,1.325973351796468,1374389534720,671088640,2048.0,312.5,6.5536,0.549755813888,0.08388608,0.41460547690734095,0.0632637751628633
TRTLLM,1.2.0rc6,NVIDIA GB200,mla_context,default,float16,fp8,8,4,1,16,0,0.017674667139848,10240,30720,0.3333333333333333,312.5,0.0010666666666666665,4.096e-09,3.84e-06,2.3174410966786813e-07,0.00021726010281362636
TRTLLM,1.2.0rc6,NVIDIA GB200,mla_context,default,float16,fp8,8,4,1,16,0,0.0191999996701876,10240,30720,0.3333333333333333,312.5,0.0010666666666666665,4.096e-09,3.84e-06,2.1333333699791564e-07,0.00020000000343554588
TRTLLM,1.2.0rc6,NVIDIA GB200,mla_context,default,float16,float16,8,4,1,16,0,0.016714667280515,10240,40960,0.25,312.5,0.0008,4.096e-09,5.12e-06,2.450542347782706e-07,0.00030631779347283823
TRTLLM,1.2.0rc6,NVIDIA GB200,mla_context,default,float16,float16,8,4,1,16,0,0.0172000005841255,10240,40960,0.25,312.5,0.0008,4.096e-09,5.12e-06,2.3813952679631567e-07,0.00029767440849539457
TRTLLM,1.2.0rc6,NVIDIA GB200,mla_context,default,float16,fp8,8,4,16,16,0,0.0214133337140083,2621440,491520,5.333333333333333,312.5,0.017066666666666664,1.048576e-06,6.144e-05,4.8968367747149826e-05,0.0028692402976845596
TRTLLM,1.2.0rc6,NVIDIA GB200,mla_context,default,float16,fp8,8,4,16,16,0,0.0216213340560595,2621440,491520,5.333333333333333,312.5,0.017066666666666664,1.048576e-06,6.144e-05,4.849728500939241e-05,0.0028416377935190865
TRTLLM,1.2.0rc6,NVIDIA GB200,mla_context,default,float16,float16,8,4,16,16,0,0.0157919997970263,2621440,655360,4.0,312.5,0.0128,1.048576e-06,8.192e-05,6.639919031644435e-05,0.005187436743472215
TRTLLM,1.2.0rc6,NVIDIA GB200,mla_context,default,float16,float16,8,4,16,16,0,0.0172853333254655,2621440,655360,4.0,312.5,0.0128,1.048576e-06,8.192e-05,6.06627584355109e-05,0.004739278002774289
TRTLLM,1.2.0rc6,NVIDIA GB200,mla_context,default,float16,fp8,8,4,32,16,0,0.0212693338592847,10485760,983040,10.666666666666666,312.5,0.03413333333333333,4.194304e-06,0.00012288,0.00019719959392000707,0.005777331853125207
TRTLLM,1.2.0rc6,NVIDIA GB200,mla_context,default,float16,fp8,8,4,32,16,0,0.0217813327908515,10485760,983040,10.666666666666666,312.5,0.03413333333333333,4.194304e-06,0.00012288,0.00019256415758734806,0.005641528054316837
TRTLLM,1.2.0rc6,NVIDIA GB200,mla_context,default,float16,float16,8,4,32,16,0,0.0148266665637493,10485760,1310720,8.0,312.5,0.0256,4.194304e-06,0.00016384,0.000282889210596732,0.011050359788934844
TRTLLM,1.2.0rc6,NVIDIA GB200,mla_context,default,float16,float16,8,4,32,16,0,0.0155626672009627,10485760,1310720,8.0,312.5,0.0256,4.194304e-06,0.00016384,0.00026951061446205967,0.010527758377424206
TRTLLM,1.2.0rc6,NVIDIA GB200,mla_context,default,float16,fp8,8,4,64,16,0,0.0214186658461888,41943040,1966080,21.333333333333332,312.5,0.06826666666666666,1.6777216e-05,0.00024576,0.000783298834786449,0.011474104025192123
TRTLLM,1.2.0rc6,NVIDIA GB200,mla_context,default,float16,fp8,8,4,64,16,0,0.0215413322051366,41943040,1966080,21.333333333333332,312.5,0.06826666666666666,1.6777216e-05,0.00024576,0.0007788383671089488,0.011408765143197492
TRTLLM,1.2.0rc6,NVIDIA GB200,mla_context,default,float16,float16,8,4,64,16,0,0.015514666835467,41943040,2621440,16.0,312.5,0.0512,1.6777216e-05,0.00032768,0.0010813777812905899,0.021120659790831834
TRTLLM,1.2.0rc6,NVIDIA GB200,mla_context,default,float16,float16,8,4,64,16,0,0.0169653333723545,41943040,2621440,16.0,312.5,0.0512,1.6777216e-05,0.00032768,0.0009889116607245075,0.01931468087352554
TRTLLM,1.2.0rc6,NVIDIA GB200,mla_context,default,float16,fp8,8,4,128,16,0,0.0214933330814043,167772160,3932160,42.666666666666664,312.5,0.1365333333333333,6.7108864e-05,0.00049152,0.003122310706572614,0.022868486620404888
TRTLLM,1.2.0rc6,NVIDIA GB200,mla_context,default,float16,fp8,8,4,128,16,0,0.022426667312781,167772160,3932160,42.666666666666664,312.5,0.1365333333333333,6.7108864e-05,0.00049152,0.002992368998212879,0.021916765123629483
TRTLLM,1.2.0rc6,NVIDIA GB200,mla_context,default,float16,float16,8,4,128,16,0,0.015194666882356,167772160,5242880,32.0,312.5,0.1024,6.7108864e-05,0.00065536,0.004416606465912498,0.043130922518676736
TRTLLM,1.2.0rc6,NVIDIA GB200,mla_context,default,float16,float16,8,4,128,16,0,0.0156373331944147,167772160,5242880,32.0,312.5,0.1024,6.7108864e-05,0.00065536,0.0042915798471295456,0.041909959444624466
TRTLLM,1.2.0rc6,NVIDIA GB200,mla_context,default,float16,fp8,8,4,256,16,0,0.0253439992666244,671088640,7864320,85.33333333333333,312.5,0.2730666666666666,0.000268435456,0.00098304,0.01059167707416657,0.03878787991027796
TRTLLM,1.2.0rc6,NVIDIA GB200,mla_context,default,float16,fp8,8,4,256,16,0,0.0255626663565635,671088640,7864320,85.33333333333333,312.5,0.2730666666666666,0.000268435456,0.00098304,0.010501074193736297,0.038456082252452256
TRTLLM,1.2.0rc6,NVIDIA GB200,mla_context,default,float16,float16,8,4,256,16,0,0.0195573332409064,671088640,10485760,64.0,312.5,0.2048,0.000268435456,0.00131072,0.013725565377110645,0.06701936219292308
TRTLLM,1.2.0rc6,NVIDIA GB200,mla_context,default,float16,float16,8,4,256,16,0,0.0236906657616297,671088640,10485760,64.0,312.5,0.2048,0.000268435456,0.00131072,0.011330853201887143,0.055326431649839566
TRTLLM,1.2.0rc6,NVIDIA GB200,mla_context,default,float16,fp8,8,4,512,16,0,0.0296053340037663,2684354560,15728640,170.66666666666666,312.5,0.5461333333333332,0.001073741824,0.00196608,0.03626852593061108,0.06640965441396071
TRTLLM,1.2.0rc6,NVIDIA GB200,mla_context,default,float16,fp8,8,4,512,16,0,0.0298613334695498,2684354560,15728640,170.66666666666666,312.5,0.5461333333333332,0.001073741824,0.00196608,0.03595759797850006,0.06584032832977305
TRTLLM,1.2.0rc6,NVIDIA GB200,mla_context,default,float16,float16,8,4,512,16,0,0.0235413337747255,2684354560,20971520,128.0,312.5,0.4096,0.001073741824,0.00262144,0.04561091713302978,0.111354778156811
TRTLLM,1.2.0rc6,NVIDIA GB200,mla_context,default,float16,float16,8,4,512,16,0,0.0254986658692359,2684354560,20971520,128.0,312.5,0.4096,0.001073741824,0.00262144,0.042109725642370484,0.10280694736906856
TRTLLM,1.2.0rc6,NVIDIA GB200,mla_context,default,float16,fp8,8,4,1024,16,0,0.0398773327469825,10737418240,31457280,341.3333333333333,312.5,1.0922666666666665,0.004294967296,0.00393216,0.10770447771046067,0.09860639438823914
TRTLLM,1.2.0rc6,NVIDIA GB200,mla_context,default,float16,fp8,8,4,1024,16,0,0.0399733334779739,10737418240,31457280,341.3333333333333,312.5,1.0922666666666665,0.004294967296,0.00393216,0.10744581255317652,0.0983695793638701
TRTLLM,1.2.0rc6,NVIDIA GB200,mla_context,default,float16,float16,8,4,1024,16,0,0.0322933321197827,10737418240,41943040,256.0,312.5,0.8192,0.004294967296,0.00524288,0.13299857939927262,0.16235178149325272
TRTLLM,1.2.0rc6,NVIDIA GB200,mla_context,default,float16,float16,8,4,1024,16,0,0.0337866668899854,10737418240,41943040,256.0,312.5,0.8192,0.004294967296,0.00524288,0.12712018353231103,0.15517600528846562
TRTLLM,1.2.0rc6,NVIDIA GB200,mla_context,default,float16,fp8,8,4,1536,16,0,0.0663679987192154,24159191040,47185920,512.0,312.5,1.6384,0.009663676416,0.00589824,0.1456074705052406,0.08887174713454625
TRTLLM,1.2.0rc6,NVIDIA GB200,mla_context,default,float16,fp8,8,4,1536,16,0,0.0665173331896464,24159191040,47185920,512.0,312.5,1.6384,0.009663676416,0.00589824,0.14528057504121614,0.08867222597730477
TRTLLM,1.2.0rc6,NVIDIA GB200,mla_context,default,float16,float16,8,4,1536,16,0,0.0527359992265701,24159191040,62914560,384.0,312.5,1.2288,0.009663676416,0.00786432,0.18324629394963898,0.1491262157793286
TRTLLM,1.2.0rc6,NVIDIA GB200,mla_context,default,float16,float16,8,4,1536,16,0,0.0546240011850992,24159191040,62914560,384.0,312.5,1.2288,0.009663676416,0.00786432,0.17691264291046002,0.14397187736853842
TRTLLM,1.2.0rc6,NVIDIA GB200,mla_context,default,float16,fp8,8,4,2048,16,0,0.0915466646353403,42949672960,62914560,682.6666666666666,312.5,2.184533333333333,0.017179869184,0.00786432,0.18766242606907554,0.08590504123035073
TRTLLM,1.2.0rc6,NVIDIA GB200,mla_context,default,float16,fp8,8,4,2048,16,0,0.0915466646353403,42949672960,62914560,682.6666666666666,312.5,2.184533333333333,0.017179869184,0.00786432,0.18766242606907554,0.08590504123035073
TRTLLM,1.2.0rc6,NVIDIA GB200,mla_context,default,float16,float16,8,4,2048,16,0,0.077114666501681,42949672960,83886080,512.0,312.5,1.6384,0.017179869184,0.01048576,0.22278342063017936,0.1359762088807247
TRTLLM,1.2.0rc6,NVIDIA GB200,mla_context,default,float16,float16,8,4,2048,16,0,0.0805013328790664,42949672960,83886080,512.0,312.5,1.6384,0.017179869184,0.01048576,0.2134109904715312,0.13025573148897168
TRTLLM,1.2.0rc6,NVIDIA GB200,mla_context,default,float16,fp8,8,4,3072,16,0,0.1429973344008127,96636764160,94371840,1024.0,312.5,3.2768,0.038654705664,0.01179648,0.27031766589196166,0.08249440487425587
TRTLLM,1.2.0rc6,NVIDIA GB200,mla_context,default,float16,fp8,8,4,3072,16,0,0.1431253353754679,96636764160,94371840,1024.0,312.5,3.2768,0.038654705664,0.01179648,0.2700759132727631,0.08242062782982272
TRTLLM,1.2.0rc6,NVIDIA GB200,mla_context,default,float16,float16,8,4,3072,16,0,0.1322346627712249,96636764160,125829120,768.0,312.5,2.4576,0.038654705664,0.01572864,0.29231900965993546,0.11894490952959613
TRTLLM,1.2.0rc6,NVIDIA GB200,mla_context,default,float16,float16,8,4,3072,16,0,0.1333119968573252,96636764160,125829120,768.0,312.5,2.4576,0.038654705664,0.01572864,0.28995669238507854,0.11798368016970968
TRTLLM,1.2.0rc6,NVIDIA GB200,mla_context,default,float16,fp8,8,4,4096,16,0,0.2005920012791951,171798691840,125829120,1365.3333333333333,312.5,4.369066666666666,0.068719476736,0.01572864,0.34258333481778475,0.07841110263468583
TRTLLM,1.2.0rc6,NVIDIA GB200,mla_context,default,float16,fp8,8,4,4096,16,0,0.2007733384768168,171798691840,125829120,1365.3333333333333,312.5,4.369066666666666,0.068719476736,0.01572864,0.3422739157367501,0.07834028222734453
TRTLLM,1.2.0rc6,NVIDIA GB200,mla_context,default,float16,float16,8,4,4096,16,0,0.1962826649347941,171798691840,167772160,1024.0,312.5,3.2768,0.068719476736,0.02097152,0.35010466542640883,0.10684346479077418
TRTLLM,1.2.0rc6,NVIDIA GB200,mla_context,default,float16,float16,8,4,4096,16,0,0.2465813358624776,171798691840,167772160,1024.0,312.5,3.2768,0.068719476736,0.02097152,0.2786888816853761,0.08504909719402345
TRTLLM,1.2.0rc6,NVIDIA GB200,mla_context,default,float16,fp8,8,4,6144,16,0,0.3455466826756795,386547056640,188743680,2048.0,312.5,6.5536,0.154618822656,0.02359296,0.4474614586334227,0.06827720010885967
TRTLLM,1.2.0rc6,NVIDIA GB200,mla_context,default,float16,fp8,8,4,6144,16,0,0.350165327390035,386547056640,188743680,2048.0,312.5,6.5536,0.154618822656,0.02359296,0.44155948793804006,0.06737663084992067
TRTLLM,1.2.0rc6,NVIDIA GB200,mla_context,default,float16,float16,8,4,6144,16,0,0.3639466762542724,386547056640,251658240,1536.0,312.5,4.9152,0.154618822656,0.03145728,0.4248392216335975,0.08643376091178334
TRTLLM,1.2.0rc6,NVIDIA GB200,mla_context,default,float16,float16,8,4,6144,16,0,0.3650506734848022,386547056640,251658240,1536.0,312.5,4.9152,0.154618822656,0.03145728,0.4235544100768166,0.08617236533138359
TRTLLM,1.2.0rc6,NVIDIA GB200,mla_context,default,float16,fp8,8,4,8192,16,0,0.521669348080953,687194767360,251658240,2730.6666666666665,312.5,8.738133333333332,0.274877906944,0.03145728,0.5269197969081063,0.06030118525407101
TRTLLM,1.2.0rc6,NVIDIA GB200,mla_context,default,float16,fp8,8,4,8192,16,0,0.5233706633249918,687194767360,251658240,2730.6666666666665,312.5,8.738133333333332,0.274877906944,0.03145728,0.5252069445346653,0.060105164856109464
TRTLLM,1.2.0rc6,NVIDIA GB200,mla_context,default,float16,float16,8,4,8192,16,0,0.5546720027923584,687194767360,335544320,2048.0,312.5,6.5536,0.274877906944,0.04194304,0.49556838196302583,0.07561773406418242
TRTLLM,1.2.0rc6,NVIDIA GB200,mla_context,default,float16,float16,8,4,8192,16,0,0.5554133256276449,687194767360,335544320,2048.0,312.5,6.5536,0.274877906944,0.04194304,0.4949069355391756,0.07551680534960566
TRTLLM,1.2.0rc6,NVIDIA GB200,mla_context,default,float16,fp8,8,4,10240,16,0,0.7353013356526693,1073741824000,314572800,3413.3333333333335,312.5,10.922666666666666,0.4294967296,0.0393216,0.5841098183491935,0.053476851045153206
TRTLLM,1.2.0rc6,NVIDIA GB200,mla_context,default,float16,fp8,8,4,10240,16,0,0.7356159687042236,1073741824000,314572800,3413.3333333333335,312.5,10.922666666666666,0.4294967296,0.0393216,0.5838599865586822,0.0534539782615981
TRTLLM,1.2.0rc6,NVIDIA GB200,mla_context,default,float16,float16,8,4,10240,16,0,0.7933706442515055,1073741824000,419430400,2560.0,312.5,8.192,0.4294967296,0.052428800000000005,0.5413569719424176,0.06608361473906464
TRTLLM,1.2.0rc6,NVIDIA GB200,mla_context,default,float16,float16,8,4,10240,16,0,0.7960586547851562,1073741824000,419430400,2560.0,312.5,8.192,0.4294967296,0.052428800000000005,0.5395289995508114,0.0658604735779799
TRTLLM,1.2.0rc6,NVIDIA GB200,mla_context,default,float16,fp8,8,4,12288,16,0,0.990384022394816,1546188226560,377487360,4096.0,312.5,13.1072,0.618475290624,0.04718592,0.62448027900176,0.047644064254895015
TRTLLM,1.2.0rc6,NVIDIA GB200,mla_context,default,float16,fp8,8,4,12288,16,0,0.9912160237630208,1546188226560,377487360,4096.0,312.5,13.1072,0.618475290624,0.04718592,0.6239561062340782,0.0476040730464232
TRTLLM,1.2.0rc6,NVIDIA GB200,mla_context,default,float16,float16,8,4,12288,16,0,1.085621356964111,1546188226560,503316480,3072.0,312.5,9.8304,0.618475290624,0.06291456,0.5696970556599374,0.05795258134561537
TRTLLM,1.2.0rc6,NVIDIA GB200,mla_context,default,float16,float16,8,4,12288,16,0,1.10317866007487,1546188226560,503316480,3072.0,312.5,9.8304,0.618475290624,0.06291456,0.5606302161265752,0.05703025473292797
TRTLLM,1.2.0rc6,NVIDIA GB200,mla_context,default,float16,fp8,8,4,16384,16,0,1.5968693097432454,2748779069440,503316480,5461.333333333333,312.5,17.476266666666664,1.099511627776,0.06291456,0.6885420247401375,0.039398690685661555
TRTLLM,1.2.0rc6,NVIDIA GB200,mla_context,default,float16,fp8,8,4,16384,16,0,1.5993067423502605,2748779069440,503316480,5461.333333333333,312.5,17.476266666666664,1.099511627776,0.06291456,0.6874926483209927,0.0393386448853107
TRTLLM,1.2.0rc6,NVIDIA GB200,mla_context,default,float16,float16,8,4,16384,16,0,1.8101280530293784,2748779069440,671088640,4096.0,312.5,13.1072,1.099511627776,0.08388608,0.6074220141143544,0.04634262192644916
TRTLLM,1.2.0rc6,NVIDIA GB200,mla_context,default,float16,float16,8,4,16384,16,0,1.9126133918762207,2748779069440,671088640,4096.0,312.5,13.1072,1.099511627776,0.08388608,0.5748739564650908,0.04385940219612814
TRTLLM,1.2.0rc6,NVIDIA GB200,mla_context,default,float16,fp8,8,2,1,16,0,0.0173706660668055,5120,15360,0.3333333333333333,312.5,0.0010666666666666665,2.048e-09,1.92e-06,1.1789991196213419e-07,0.00011053116746450079
TRTLLM,1.2.0rc6,NVIDIA GB200,mla_context,default,float16,fp8,8,2,1,16,0,0.0174239998062451,5120,15360,0.3333333333333333,312.5,0.0010666666666666665,2.048e-09,1.92e-06,1.1753902793696984e-07,0.00011019283869090922
TRTLLM,1.2.0rc6,NVIDIA GB200,mla_context,default,float16,float16,8,2,1,16,0,0.0154239994784196,5120,20480,0.25,312.5,0.0008,2.048e-09,2.56e-06,1.3278008747766411e-07,0.00016597510934708015
TRTLLM,1.2.0rc6,NVIDIA GB200,mla_context,default,float16,float16,8,2,1,16,0,0.015589332828919,5120,20480,0.25,312.5,0.0008,2.048e-09,2.56e-06,1.3137188245803928e-07,0.0001642148530725491
TRTLLM,1.2.0rc6,NVIDIA GB200,mla_context,default,float16,fp8,8,2,16,16,0,0.0194560003777345,1310720,245760,5.333333333333333,312.5,0.017066666666666664,5.24288e-07,3.072e-05,2.6947367897874662e-05,0.0015789473377660933
TRTLLM,1.2.0rc6,NVIDIA GB200,mla_context,default,float16,fp8,8,2,16,16,0,0.025317333638668,1310720,245760,5.333333333333333,312.5,0.017066666666666664,5.24288e-07,3.072e-05,2.0708657850099884e-05,0.00121339792090429
TRTLLM,1.2.0rc6,NVIDIA GB200,mla_context,default,float16,float16,8,2,16,16,0,0.0149439995487531,1310720,327680,4.0,312.5,0.0128,5.24288e-07,4.096e-05,3.508351283667869e-05,0.002740899440365523
TRTLLM,1.2.0rc6,NVIDIA GB200,mla_context,default,float16,float16,8,2,16,16,0,0.0174880002935727,1310720,327680,4.0,312.5,0.0128,5.24288e-07,4.096e-05,2.9979871408893424e-05,0.0023421774538197986
TRTLLM,1.2.0rc6,NVIDIA GB200,mla_context,default,float16,fp8,8,2,32,16,0,0.0191253336767355,5242880,491520,10.666666666666666,312.5,0.03413333333333333,2.097152e-06,6.144e-05,0.00010965309340202647,0.0032124929707624938
TRTLLM,1.2.0rc6,NVIDIA GB200,mla_context,default,float16,fp8,8,2,32,16,0,0.0214240004618962,5242880,491520,10.666666666666666,312.5,0.03413333333333333,2.097152e-06,6.144e-05,9.788797399112756e-05,0.0028678117380213147
TRTLLM,1.2.0rc6,NVIDIA GB200,mla_context,default,float16,float16,8,2,32,16,0,0.0152479993800322,5242880,655360,8.0,312.5,0.0256,2.097152e-06,8.192e-05,0.00013753620706112406,0.005372508088325159
TRTLLM,1.2.0rc6,NVIDIA GB200,mla_context,default,float16,float16,8,2,32,16,0,0.0153013331194718,5242880,655360,8.0,312.5,0.0256,2.097152e-06,8.192e-05,0.00013705681613657942,0.005353781880335134
TRTLLM,1.2.0rc6,NVIDIA GB200,mla_context,default,float16,fp8,8,2,64,16,0,0.0211253340045611,20971520,983040,21.333333333333332,312.5,0.06826666666666666,8.388608e-06,0.00012288,0.0003970875915234686,0.005816712766457059
TRTLLM,1.2.0rc6,NVIDIA GB200,mla_context,default,float16,fp8,8,2,64,16,0,0.0218400011459986,20971520,983040,21.333333333333332,312.5,0.06826666666666666,8.388608e-06,0.00012288,0.0003840937527394275,0.005626373331143957
TRTLLM,1.2.0rc6,NVIDIA GB200,mla_context,default,float16,float16,8,2,64,16,0,0.0153333333631356,20971520,1310720,16.0,312.5,0.0512,8.388608e-06,0.00016384,0.0005470831293714575,0.01068521737053628
TRTLLM,1.2.0rc6,NVIDIA GB200,mla_context,default,float16,float16,8,2,64,16,0,0.0158880005280176,20971520,1310720,16.0,312.5,0.0512,8.388608e-06,0.00016384,0.0005279838696635967,0.010312184954367122
TRTLLM,1.2.0rc6,NVIDIA GB200,mla_context,default,float16,fp8,8,2,128,16,0,0.0216106673081715,83886080,1966080,42.666666666666664,312.5,0.1365333333333333,3.3554432e-05,0.00024576,0.0015526791246891429,0.011372161557781807
TRTLLM,1.2.0rc6,NVIDIA GB200,mla_context,default,float16,fp8,8,2,128,16,0,0.023386667172114,83886080,1966080,42.666666666666664,312.5,0.1365333333333333,3.3554432e-05,0.00024576,0.001434767585866614,0.01050855165429649
TRTLLM,1.2.0rc6,NVIDIA GB200,mla_context,default,float16,float16,8,2,128,16,0,0.0153333333631356,83886080,2621440,32.0,312.5,0.1024,3.3554432e-05,0.00032768,0.00218833251748583,0.02137043474107256
TRTLLM,1.2.0rc6,NVIDIA GB200,mla_context,default,float16,float16,8,2,128,16,0,0.0156586666901906,83886080,2621440,32.0,312.5,0.1024,3.3554432e-05,0.00032768,0.0021428664817944067,0.020926430486273503
TRTLLM,1.2.0rc6,NVIDIA GB200,mla_context,default,float16,fp8,8,2,256,16,0,0.0256266668438911,335544320,3932160,85.33333333333333,312.5,0.2730666666666666,0.000134217728,0.00049152,0.00523742431341573,0.019180020679012682
TRTLLM,1.2.0rc6,NVIDIA GB200,mla_context,default,float16,fp8,8,2,256,16,0,0.0258453339338302,335544320,3932160,85.33333333333333,312.5,0.2730666666666666,0.000134217728,0.00049152,0.0051931125495854385,0.019017746153266984
TRTLLM,1.2.0rc6,NVIDIA GB200,mla_context,default,float16,float16,8,2,256,16,0,0.0193439995249112,335544320,5242880,64.0,312.5,0.2048,0.000134217728,0.00065536,0.006938468325909253,0.03387923987260378
TRTLLM,1.2.0rc6,NVIDIA GB200,mla_context,default,float16,float16,8,2,256,16,0,0.0197920004526774,335544320,5242880,64.0,312.5,0.2048,0.000134217728,0.00065536,0.006781412941097798,0.033112367876454094
TRTLLM,1.2.0rc6,NVIDIA GB200,mla_context,default,float16,fp8,8,2,512,16,0,0.0273760010798772,1342177280,7864320,170.66666666666666,312.5,0.5461333333333332,0.000536870912,0.00098304,0.019611005655410657,0.03590882383192869
TRTLLM,1.2.0rc6,NVIDIA GB200,mla_context,default,float16,fp8,8,2,512,16,0,0.0277333334088325,1342177280,7864320,170.66666666666666,312.5,0.5461333333333332,0.000536870912,0.00098304,0.019358326101146482,0.035446153749657865
TRTLLM,1.2.0rc6,NVIDIA GB200,mla_context,default,float16,float16,8,2,512,16,0,0.0233919993042945,1342177280,10485760,128.0,312.5,0.4096,0.000536870912,0.00131072,0.02295104856220805,0.05603283340382825
TRTLLM,1.2.0rc6,NVIDIA GB200,mla_context,default,float16,float16,8,2,512,16,0,0.0235893328984578,1342177280,10485760,128.0,312.5,0.4096,0.000536870912,0.00131072,0.022759054455291486,0.055564097791238984
TRTLLM,1.2.0rc6,NVIDIA GB200,mla_context,default,float16,fp8,8,2,1024,16,0,0.0358560010790824,5368709120,15728640,341.3333333333333,312.5,1.0922666666666665,0.002147483648,0.00196608,0.059891889317595835,0.05483266233910752
TRTLLM,1.2.0rc6,NVIDIA GB200,mla_context,default,float16,fp8,8,2,1024,16,0,0.0358986655871073,5368709120,15728640,341.3333333333333,312.5,1.0922666666666665,0.002147483648,0.00196608,0.05982070956897213,0.05476749533292126
TRTLLM,1.2.0rc6,NVIDIA GB200,mla_context,default,float16,float16,8,2,1024,16,0,0.0298506667216618,5368709120,20971520,256.0,312.5,0.8192,0.002147483648,0.00262144,0.0719408939178444,0.08781847402080617
TRTLLM,1.2.0rc6,NVIDIA GB200,mla_context,default,float16,float16,8,2,1024,16,0,0.0316106677055358,5368709120,20971520,256.0,312.5,0.8192,0.002147483648,0.00262144,0.06793540927400035,0.0829289663989262
TRTLLM,1.2.0rc6,NVIDIA GB200,mla_context,default,float16,fp8,8,2,1536,16,0,0.0418719997008641,12079595520,23592960,512.0,312.5,1.6384,0.004831838208,0.00294912,0.11539544904754778,0.07043179263155994
TRTLLM,1.2.0rc6,NVIDIA GB200,mla_context,default,float16,fp8,8,2,1536,16,0,0.0427786658207575,12079595520,23592960,512.0,312.5,1.6384,0.004831838208,0.00294912,0.11294971723160768,0.06893903639624492
TRTLLM,1.2.0rc6,NVIDIA GB200,mla_context,default,float16,float16,8,2,1536,16,0,0.0380799993872642,12079595520,31457280,384.0,312.5,1.2288,0.004831838208,0.00393216,0.12688650960472445,0.10326050586321975
TRTLLM,1.2.0rc6,NVIDIA GB200,mla_context,default,float16,float16,8,2,1536,16,0,0.0382720008492469,12079595520,31457280,384.0,312.5,1.2288,0.004831838208,0.00393216,0.12624995037580009,0.10274247263655605
TRTLLM,1.2.0rc6,NVIDIA GB200,mla_context,default,float16,fp8,8,2,2048,16,0,0.0503520021835962,21474836480,31457280,682.6666666666666,312.5,2.184533333333333,0.008589934592,0.00393216,0.17059767674538373,0.07809341892031114
TRTLLM,1.2.0rc6,NVIDIA GB200,mla_context,default,float16,fp8,8,2,2048,16,0,0.0505279997984568,21474836480,31457280,682.6666666666666,312.5,2.184533333333333,0.008589934592,0.00393216,0.17000345602958836,0.07782140626354447
TRTLLM,1.2.0rc6,NVIDIA GB200,mla_context,default,float16,float16,8,2,2048,16,0,0.0454986691474914,21474836480,41943040,512.0,312.5,1.6384,0.008589934592,0.00524288,0.18879529342175522,0.11523150233261427
TRTLLM,1.2.0rc6,NVIDIA GB200,mla_context,default,float16,float16,8,2,2048,16,0,0.0459946642319361,21474836480,41943040,512.0,312.5,1.6384,0.008589934592,0.00524288,0.1867593716671951,0.11398887430859078
TRTLLM,1.2.0rc6,NVIDIA GB200,mla_context,default,float16,fp8,8,2,3072,16,0,0.0856319963932037,48318382080,47185920,1024.0,312.5,3.2768,0.019327352832,0.00589824,0.225702466905629,0.06887892666797761
TRTLLM,1.2.0rc6,NVIDIA GB200,mla_context,default,float16,fp8,8,2,3072,16,0,0.0874613324801127,48318382080,47185920,1024.0,312.5,3.2768,0.019327352832,0.00589824,0.22098168738047444,0.06743825908827955
TRTLLM,1.2.0rc6,NVIDIA GB200,mla_context,default,float16,float16,8,2,3072,16,0,0.0766880015532175,48318382080,62914560,768.0,312.5,2.4576,0.019327352832,0.00786432,0.25202577248786195,0.10254954935215736
TRTLLM,1.2.0rc6,NVIDIA GB200,mla_context,default,float16,float16,8,2,3072,16,0,0.0789760003487269,48318382080,62914560,768.0,312.5,2.4576,0.019327352832,0.00786432,0.24472438141534167,0.09957860571913317
TRTLLM,1.2.0rc6,NVIDIA GB200,mla_context,default,float16,fp8,8,2,4096,16,0,0.1263626714547475,85899345920,62914560,1365.3333333333333,312.5,4.369066666666666,0.034359738368,0.00786432,0.27191367492024554,0.06223610113225834
TRTLLM,1.2.0rc6,NVIDIA GB200,mla_context,default,float16,fp8,8,2,4096,16,0,0.126688003540039,85899345920,62914560,1365.3333333333333,312.5,4.369066666666666,0.034359738368,0.00786432,0.2712154064148687,0.06207628015477035
TRTLLM,1.2.0rc6,NVIDIA GB200,mla_context,default,float16,float16,8,2,4096,16,0,0.1236799955368042,85899345920,83886080,1024.0,312.5,3.2768,0.034359738368,0.01048576,0.27781160743796574,0.0847813743401995
TRTLLM,1.2.0rc6,NVIDIA GB200,mla_context,default,float16,float16,8,2,4096,16,0,0.1248426636060078,85899345920,83886080,1024.0,312.5,3.2768,0.034359738368,0.01048576,0.2752243293721787,0.08399179973516196
TRTLLM,1.2.0rc6,NVIDIA GB200,mla_context,default,float16,fp8,8,2,6144,16,0,0.2066506743431091,193273528320,94371840,2048.0,312.5,6.5536,0.077309411328,0.01179648,0.37410674595545024,0.0570841592339249
TRTLLM,1.2.0rc6,NVIDIA GB200,mla_context,default,float16,fp8,8,2,6144,16,0,0.2073439955711364,193273528320,94371840,2048.0,312.5,6.5536,0.077309411328,0.01179648,0.37285579992344836,0.056893280017616024
TRTLLM,1.2.0rc6,NVIDIA GB200,mla_context,default,float16,float16,8,2,6144,16,0,0.2151946624120076,193273528320,125829120,1536.0,312.5,4.9152,0.077309411328,0.01572864,0.3592533869635896,0.07309028868888134
TRTLLM,1.2.0rc6,NVIDIA GB200,mla_context,default,float16,float16,8,2,6144,16,0,0.2155786752700805,193273528320,125829120,1536.0,312.5,4.9152,0.077309411328,0.01572864,0.3586134446328956,0.07296009208839835
TRTLLM,1.2.0rc6,NVIDIA GB200,mla_context,default,float16,fp8,8,2,8192,16,0,0.3026293317476908,343597383680,125829120,2730.6666666666665,312.5,8.738133333333332,0.137438953472,0.01572864,0.4541494794251672,0.05197328332044607
TRTLLM,1.2.0rc6,NVIDIA GB200,mla_context,default,float16,fp8,8,2,8192,16,0,0.338922659556071,343597383680,125829120,2730.6666666666665,312.5,8.738133333333332,0.137438953472,0.01572864,0.40551715737159866,0.04640775574168381
TRTLLM,1.2.0rc6,NVIDIA GB200,mla_context,default,float16,float16,8,2,8192,16,0,0.3588373263676961,343597383680,167772160,2048.0,312.5,6.5536,0.137438953472,0.02097152,0.3830118646329675,0.05844297250869255
TRTLLM,1.2.0rc6,NVIDIA GB200,mla_context,default,float16,float16,8,2,8192,16,0,0.3854560057322184,343597383680,167772160,2048.0,312.5,6.5536,0.137438953472,0.02097152,0.3565619718673698,0.05440703916433256
TRTLLM,1.2.0rc6,NVIDIA GB200,mla_context,default,float16,fp8,8,2,10240,16,0,0.4171306689580281,536870912000,157286400,3413.3333333333335,312.5,10.922666666666666,0.2147483648,0.0196608,0.5148227660565714,0.04713343195098004
TRTLLM,1.2.0rc6,NVIDIA GB200,mla_context,default,float16,fp8,8,2,10240,16,0,0.4179413318634033,536870912000,157286400,3413.3333333333335,312.5,10.922666666666666,0.2147483648,0.0196608,0.5138241863817066,0.04704200925125487
TRTLLM,1.2.0rc6,NVIDIA GB200,mla_context,default,float16,float16,8,2,10240,16,0,0.4698346853256225,536870912000,209715200,2560.0,312.5,8.192,0.2147483648,0.026214400000000002,0.45707218199773186,0.055794944091520006
TRTLLM,1.2.0rc6,NVIDIA GB200,mla_context,default,float16,float16,8,2,10240,16,0,0.4842293262481689,536870912000,209715200,2560.0,312.5,8.192,0.2147483648,0.026214400000000002,0.44348483902013996,0.05413633288820068
TRTLLM,1.2.0rc6,NVIDIA GB200,mla_context,default,float16,fp8,8,2,12288,16,0,0.5504053433736166,773094113280,188743680,4096.0,312.5,13.1072,0.309237645312,0.02359296,0.5618361976949208,0.042864700141519226
TRTLLM,1.2.0rc6,NVIDIA GB200,mla_context,default,float16,fp8,8,2,12288,16,0,0.5614986817042033,773094113280,188743680,4096.0,312.5,13.1072,0.309237645312,0.02359296,0.5507361911757898,0.04201783685118025
TRTLLM,1.2.0rc6,NVIDIA GB200,mla_context,default,float16,float16,8,2,12288,16,0,0.6075466473897299,773094113280,251658240,3072.0,312.5,9.8304,0.309237645312,0.03145728,0.5089940774763749,0.051777555081825244
TRTLLM,1.2.0rc6,NVIDIA GB200,mla_context,default,float16,float16,8,2,12288,16,0,0.6131093502044678,773094113280,251658240,3072.0,312.5,9.8304,0.309237645312,0.03145728,0.5043760060238379,0.05130778056069314
TRTLLM,1.2.0rc6,NVIDIA GB200,mla_context,default,float16,fp8,8,2,16384,16,0,0.8647893269856771,1374389534720,251658240,5461.333333333333,312.5,17.476266666666664,0.549755813888,0.03145728,0.6357106832067843,0.036375657074362806
TRTLLM,1.2.0rc6,NVIDIA GB200,mla_context,default,float16,fp8,8,2,16384,16,0,0.8649813334147135,1374389534720,251658240,5461.333333333333,312.5,17.476266666666664,0.549755813888,0.03145728,0.6355695697128075,0.03636758249546857
TRTLLM,1.2.0rc6,NVIDIA GB200,mla_context,default,float16,float16,8,2,16384,16,0,0.9799573421478271,1374389534720,335544320,4096.0,312.5,13.1072,0.549755813888,0.04194304,0.5609997397264962,0.04280088346302004
TRTLLM,1.2.0rc6,NVIDIA GB200,mla_context,default,float16,float16,8,2,16384,16,0,0.9828426837921144,1374389534720,335544320,4096.0,312.5,13.1072,0.549755813888,0.04194304,0.5593528068671887,0.042675232457518676
TRTLLM,1.2.0rc6,NVIDIA GB200,mla_context,default,float16,fp8,8,2,32768,16,0,2.8409013748168945,5497558138880,503316480,10922.666666666666,312.5,34.95253333333333,2.199023255552,0.06291456,0.7740582883465056,0.02214598526992337
TRTLLM,1.2.0rc6,NVIDIA GB200,mla_context,default,float16,fp8,8,2,32768,16,0,2.8522720336914062,5497558138880,503316480,10922.666666666666,312.5,34.95253333333333,2.199023255552,0.06291456,0.770972484243036,0.02205769970635517
TRTLLM,1.2.0rc6,NVIDIA GB200,mla_context,default,float16,float16,8,2,32768,16,0,3.8337440490722656,5497558138880,671088640,8192.0,312.5,26.2144,2.199023255552,0.08388608,0.573596783563093,0.021880980818294257
TRTLLM,1.2.0rc6,NVIDIA GB200,mla_context,default,float16,float16,8,2,32768,16,0,4.230810801188151,5497558138880,671088640,8192.0,312.5,26.2144,2.199023255552,0.08388608,0.5197640260666919,0.019827424090068508
TRTLLM,1.2.0rc6,NVIDIA GB200,mla_context,default,float16,fp8,8,1,1,16,0,0.0174133330583572,2560,7680,0.3333333333333333,312.5,0.0010666666666666665,1.024e-09,9.6e-07,5.880551394545058e-08,5.5130169323859915e-05
TRTLLM,1.2.0rc6,NVIDIA GB200,mla_context,default,float16,fp8,8,1,1,16,0,0.0175626662870248,2560,7680,0.3333333333333333,312.5,0.0010666666666666665,1.024e-09,9.6e-07,5.830549776809945e-08,5.4661404157593233e-05
TRTLLM,1.2.0rc6,NVIDIA GB200,mla_context,default,float16,float16,8,1,1,16,0,0.0151413331429163,2560,10240,0.25,312.5,0.0008,1.024e-09,1.28e-06,6.762944783888245e-08,8.453680979860307e-05
TRTLLM,1.2.0rc6,NVIDIA GB200,mla_context,default,float16,float16,8,1,1,16,0,0.0151573332647482,2560,10240,0.25,312.5,0.0008,1.024e-09,1.28e-06,6.755805801153315e-08,8.444757251441644e-05
TRTLLM,1.2.0rc6,NVIDIA GB200,mla_context,default,float16,fp8,8,1,16,16,0,0.0170773329834143,655360,122880,5.333333333333333,312.5,0.017066666666666664,2.62144e-07,1.536e-05,1.535040631078619e-05,0.0008994378697726283
TRTLLM,1.2.0rc6,NVIDIA GB200,mla_context,default,float16,fp8,8,1,16,16,0,0.01721066609025,655360,122880,5.333333333333333,312.5,0.017066666666666664,2.62144e-07,1.536e-05,1.5231484860920458e-05,0.0008924698160695581
TRTLLM,1.2.0rc6,NVIDIA GB200,mla_context,default,float16,float16,8,1,16,16,0,0.0150613337755203,655360,163840,4.0,312.5,0.0128,2.62144e-07,2.048e-05,1.740509863914387e-05,0.0013597733311831149
TRTLLM,1.2.0rc6,NVIDIA GB200,mla_context,default,float16,float16,8,1,16,16,0,0.015269332875808,655360,163840,4.0,312.5,0.0128,2.62144e-07,2.048e-05,1.716800610296003e-05,0.0013412504767937525
TRTLLM,1.2.0rc6,NVIDIA GB200,mla_context,default,float16,fp8,8,1,32,16,0,0.0195840001106262,2621440,245760,10.666666666666666,312.5,0.03413333333333333,1.048576e-06,3.072e-05,5.354248335767966e-05,0.0015686274421195213
TRTLLM,1.2.0rc6,NVIDIA GB200,mla_context,default,float16,fp8,8,1,32,16,0,0.0197973338266213,2621440,245760,10.666666666666666,312.5,0.03413333333333333,1.048576e-06,3.072e-05,5.2965515921643405e-05,0.0015517240992668966
TRTLLM,1.2.0rc6,NVIDIA GB200,mla_context,default,float16,float16,8,1,32,16,0,0.0152639995018641,2621440,327680,8.0,312.5,0.0256,1.048576e-06,4.096e-05,6.869601901336172e-05,0.002683438242709442
TRTLLM,1.2.0rc6,NVIDIA GB200,mla_context,default,float16,float16,8,1,32,16,0,0.0156960003077983,2621440,327680,8.0,312.5,0.0256,1.048576e-06,4.096e-05,6.680529940350678e-05,0.002609582007949484
TRTLLM,1.2.0rc6,NVIDIA GB200,mla_context,default,float16,fp8,8,1,64,16,0,0.0197546668350696,10485760,491520,21.333333333333332,312.5,0.06826666666666666,4.194304e-06,6.144e-05,0.00021231965261768094,0.0031101511613918103
TRTLLM,1.2.0rc6,NVIDIA GB200,mla_context,default,float16,fp8,8,1,64,16,0,0.0215573335687319,10485760,491520,21.333333333333332,312.5,0.06826666666666666,4.194304e-06,6.144e-05,0.00019456506467403184,0.0028500741895610133
TRTLLM,1.2.0rc6,NVIDIA GB200,mla_context,default,float16,float16,8,1,64,16,0,0.0147839995721975,10485760,655360,16.0,312.5,0.0512,4.194304e-06,8.192e-05,0.0002837056359151772,0.005541125701468305
TRTLLM,1.2.0rc6,NVIDIA GB200,mla_context,default,float16,float16,8,1,64,16,0,0.0150133334100246,10485760,655360,16.0,312.5,0.0512,4.194304e-06,8.192e-05,0.0002793719346297477,0.00545648309823726
TRTLLM,1.2.0rc6,NVIDIA GB200,mla_context,default,float16,fp8,8,1,128,16,0,0.023066667219003,41943040,983040,42.666666666666664,312.5,0.1365333333333333,1.6777216e-05,0.00012288,0.0007273359363410088,0.005327167502497622
TRTLLM,1.2.0rc6,NVIDIA GB200,mla_context,default,float16,fp8,8,1,128,16,0,0.0237280006210009,41943040,983040,42.666666666666664,312.5,0.1365333333333333,1.6777216e-05,0.00012288,0.0007070640408341451,0.005178691705328211
TRTLLM,1.2.0rc6,NVIDIA GB200,mla_context,default,float16,float16,8,1,128,16,0,0.0151039995253086,41943040,1310720,32.0,312.5,0.1024,1.6777216e-05,0.00016384,0.0011107796959267458,0.010847457968034628
TRTLLM,1.2.0rc6,NVIDIA GB200,mla_context,default,float16,float16,8,1,128,16,0,0.0169866668681303,41943040,1310720,32.0,312.5,0.1024,1.6777216e-05,0.00016384,0.0009876696900129793,0.009645211816533002
TRTLLM,1.2.0rc6,NVIDIA GB200,mla_context,default,float16,fp8,8,1,256,16,0,0.023557332654794,167772160,1966080,85.33333333333333,312.5,0.2730666666666666,6.7108864e-05,0.00024576,0.002848746289887922,0.010432420495195025
TRTLLM,1.2.0rc6,NVIDIA GB200,mla_context,default,float16,fp8,8,1,256,16,0,0.0252639998992284,167772160,1966080,85.33333333333333,312.5,0.2730666666666666,6.7108864e-05,0.00024576,0.002656304000462318,0.00972767578294306
TRTLLM,1.2.0rc6,NVIDIA GB200,mla_context,default,float16,float16,8,1,256,16,0,0.0190613331894079,167772160,2621440,64.0,312.5,0.2048,6.7108864e-05,0.00032768,0.0035206804966449777,0.017190822737524307
TRTLLM,1.2.0rc6,NVIDIA GB200,mla_context,default,float16,float16,8,1,256,16,0,0.0194186667601267,167772160,2621440,64.0,312.5,0.2048,6.7108864e-05,0.00032768,0.00345589451783569,0.01687448495036958
TRTLLM,1.2.0rc6,NVIDIA GB200,mla_context,default,float16,fp8,8,1,512,16,0,0.0276106670498847,671088640,3932160,170.66666666666666,312.5,0.5461333333333332,0.000268435456,0.00049152,0.009722164825464475,0.017801815476314344
TRTLLM,1.2.0rc6,NVIDIA GB200,mla_context,default,float16,fp8,8,1,512,16,0,0.0280319998661677,671088640,3932160,170.66666666666666,312.5,0.5461333333333332,0.000268435456,0.00049152,0.009576036575398936,0.01753424665905567
TRTLLM,1.2.0rc6,NVIDIA GB200,mla_context,default,float16,float16,8,1,512,16,0,0.0217866674065589,671088640,5242880,128.0,312.5,0.4096,0.000268435456,0.00065536,0.01232108844325531,0.030080782332166284
TRTLLM,1.2.0rc6,NVIDIA GB200,mla_context,default,float16,float16,8,1,512,16,0,0.0219520007570584,671088640,5242880,128.0,312.5,0.4096,0.000268435456,0.00065536,0.012228291123472552,0.029854226375665413
TRTLLM,1.2.0rc6,NVIDIA GB200,mla_context,default,float16,fp8,8,1,1024,16,0,0.0331093321243921,2684354560,7864320,341.3333333333333,312.5,1.0922666666666665,0.001073741824,0.00098304,0.03243018675115345,0.029690722733599958
TRTLLM,1.2.0rc6,NVIDIA GB200,mla_context,default,float16,fp8,8,1,1024,16,0,0.0337173342704772,2684354560,7864320,341.3333333333333,312.5,1.0922666666666665,0.001073741824,0.00098304,0.03184539487572021,0.029155329781237985
TRTLLM,1.2.0rc6,NVIDIA GB200,mla_context,default,float16,float16,8,1,1024,16,0,0.0294613341490427,2684354560,10485760,256.0,312.5,0.8192,0.001073741824,0.00131072,0.03644579768750525,0.04448949913025544
TRTLLM,1.2.0rc6,NVIDIA GB200,mla_context,default,float16,float16,8,1,1024,16,0,0.0298399999737739,2684354560,10485760,256.0,312.5,0.8192,0.001073741824,0.00131072,0.03598330512545917,0.04392493301447653
TRTLLM,1.2.0rc6,NVIDIA GB200,mla_context,default,float16,fp8,8,1,1536,16,0,0.0398666659990946,6039797760,11796480,512.0,312.5,1.6384,0.002415919104,0.00147456,0.060599978539837444,0.03698729158925625
TRTLLM,1.2.0rc6,NVIDIA GB200,mla_context,default,float16,fp8,8,1,1536,16,0,0.0400480007131894,6039797760,11796480,512.0,312.5,1.6384,0.002415919104,0.00147456,0.06032558582142508,0.03681981556483465
TRTLLM,1.2.0rc6,NVIDIA GB200,mla_context,default,float16,float16,8,1,1536,16,0,0.0357759992281595,6039797760,15728640,384.0,312.5,1.2288,0.002415919104,0.00196608,0.06752904617960791,0.05495527846647779
TRTLLM,1.2.0rc6,NVIDIA GB200,mla_context,default,float16,float16,8,1,1536,16,0,0.0360533321897188,6039797760,15728640,384.0,312.5,1.2288,0.002415919104,0.00196608,0.06700959265809386,0.05453254610847482
TRTLLM,1.2.0rc6,NVIDIA GB200,mla_context,default,float16,fp8,8,1,2048,16,0,0.0461920003096262,10737418240,15728640,682.6666666666666,312.5,2.184533333333333,0.004294967296,0.00196608,0.09298076002794252,0.04256321412411919
TRTLLM,1.2.0rc6,NVIDIA GB200,mla_context,default,float16,fp8,8,1,2048,16,0,0.0472639997800191,10737418240,15728640,682.6666666666666,312.5,2.184533333333333,0.004294967296,0.00196608,0.09087185418056179,0.04159783363978353
TRTLLM,1.2.0rc6,NVIDIA GB200,mla_context,default,float16,float16,8,1,2048,16,0,0.0421386659145355,10737418240,20971520,512.0,312.5,1.6384,0.004294967296,0.00262144,0.10192461490619888,0.06220984796520928
TRTLLM,1.2.0rc6,NVIDIA GB200,mla_context,default,float16,float16,8,1,2048,16,0,0.0437866648038228,10737418240,20971520,512.0,312.5,1.6384,0.004294967296,0.00262144,0.09808847774185868,0.05986845565298992
TRTLLM,1.2.0rc6,NVIDIA GB200,mla_context,default,float16,fp8,8,1,3072,16,0,0.0585813323656717,24159191040,23592960,1024.0,312.5,3.2768,0.009663676416,0.00294912,0.16496170410871117,0.05034231692770726
TRTLLM,1.2.0rc6,NVIDIA GB200,mla_context,default,float16,fp8,8,1,3072,16,0,0.0597173323233922,24159191040,23592960,1024.0,312.5,3.2768,0.009663676416,0.00294912,0.16182364549821976,0.049384657439642266
TRTLLM,1.2.0rc6,NVIDIA GB200,mla_context,default,float16,float16,8,1,3072,16,0,0.0571146657069524,24159191040,31457280,768.0,312.5,2.4576,0.009663676416,0.00393216,0.16919781104179113,0.06884676556062463
TRTLLM,1.2.0rc6,NVIDIA GB200,mla_context,default,float16,float16,8,1,3072,16,0,0.0586933344602584,24159191040,31457280,768.0,312.5,2.4576,0.009663676416,0.00393216,0.16464691442165943,0.06699500098537574
TRTLLM,1.2.0rc6,NVIDIA GB200,mla_context,default,float16,fp8,8,1,4096,16,0,0.0747733314832051,42949672960,31457280,1365.3333333333333,312.5,4.369066666666666,0.017179869184,0.00393216,0.2297593118190646,0.05258773311288404
TRTLLM,1.2.0rc6,NVIDIA GB200,mla_context,default,float16,fp8,8,1,4096,16,0,0.0770346671342849,42949672960,31457280,1365.3333333333333,312.5,4.369066666666666,0.017179869184,0.00393216,0.22301477793176522,0.051044031814216274
TRTLLM,1.2.0rc6,NVIDIA GB200,mla_context,default,float16,float16,8,1,4096,16,0,0.0711040000120798,42949672960,41943040,1024.0,312.5,3.2768,0.017179869184,0.00524288,0.24161607196615278,0.0737353735248269
TRTLLM,1.2.0rc6,NVIDIA GB200,mla_context,default,float16,float16,8,1,4096,16,0,0.0751946667830149,42949672960,41943040,1024.0,312.5,3.2768,0.017179869184,0.00524288,0.22847191056215463,0.06972409379948567
TRTLLM,1.2.0rc6,NVIDIA GB200,mla_context,default,float16,fp8,8,1,6144,16,0,0.1279039978981018,96636764160,47185920,2048.0,312.5,6.5536,0.038654705664,0.00589824,0.30221655537925657,0.04611458669727426
TRTLLM,1.2.0rc6,NVIDIA GB200,mla_context,default,float16,fp8,8,1,6144,16,0,0.1281439960002899,96636764160,47185920,2048.0,312.5,6.5536,0.038654705664,0.00589824,0.3016505405677575,0.046028219691125104
TRTLLM,1.2.0rc6,NVIDIA GB200,mla_context,default,float16,float16,8,1,6144,16,0,0.1287840008735656,96636764160,62914560,1536.0,312.5,4.9152,0.038654705664,0.00786432,0.3001514582696454,0.06106597051384387
TRTLLM,1.2.0rc6,NVIDIA GB200,mla_context,default,float16,float16,8,1,6144,16,0,0.1320960024992624,96636764160,62914560,1536.0,312.5,4.9152,0.038654705664,0.00786432,0.29262585492862164,0.05953488259452751
TRTLLM,1.2.0rc6,NVIDIA GB200,mla_context,default,float16,fp8,8,1,8192,16,0,0.1933493415514628,171798691840,62914560,2730.6666666666665,312.5,8.738133333333332,0.068719476736,0.00786432,0.35541614046670694,0.040674149375920135
TRTLLM,1.2.0rc6,NVIDIA GB200,mla_context,default,float16,fp8,8,1,8192,16,0,0.1936746637026468,171798691840,62914560,2730.6666666666665,312.5,8.738133333333332,0.068719476736,0.00786432,0.3548191354626881,0.04060582757522828
TRTLLM,1.2.0rc6,NVIDIA GB200,mla_context,default,float16,float16,8,1,8192,16,0,0.2087626655896504,171798691840,83886080,2048.0,312.5,6.5536,0.068719476736,0.01048576,0.3291751259350026,0.05022813811264078
TRTLLM,1.2.0rc6,NVIDIA GB200,mla_context,default,float16,float16,8,1,8192,16,0,0.2341813246409098,171798691840,83886080,2048.0,312.5,6.5536,0.068719476736,0.01048576,0.29344558897415685,0.044776243434777346
TRTLLM,1.2.0rc6,NVIDIA GB200,mla_context,default,float16,fp8,8,1,10240,16,0,0.2585600018501282,268435456000,78643200,3413.3333333333335,312.5,10.922666666666666,0.1073741824,0.0098304,0.4152776207908539,0.03801980170814702
TRTLLM,1.2.0rc6,NVIDIA GB200,mla_context,default,float16,fp8,8,1,10240,16,0,0.2594719926516215,268435456000,78643200,3413.3333333333335,312.5,10.922666666666666,0.1073741824,0.0098304,0.4138180051831848,0.037886169908128486
TRTLLM,1.2.0rc6,NVIDIA GB200,mla_context,default,float16,float16,8,1,10240,16,0,0.285477340221405,268435456000,104857600,2560.0,312.5,8.192,0.1073741824,0.013107200000000001,0.3761215594790284,0.04591327630359234
TRTLLM,1.2.0rc6,NVIDIA GB200,mla_context,default,float16,float16,8,1,10240,16,0,0.2895519932111104,268435456000,104857600,2560.0,312.5,8.192,0.1073741824,0.013107200000000001,0.37082867642950124,0.045267172415710606
TRTLLM,1.2.0rc6,NVIDIA GB200,mla_context,default,float16,fp8,8,1,12288,16,0,0.3333066701889038,386547056640,94371840,4096.0,312.5,13.1072,0.154618822656,0.01179648,0.4638935745521346,0.035392271007700704
TRTLLM,1.2.0rc6,NVIDIA GB200,mla_context,default,float16,fp8,8,1,12288,16,0,0.339408000310262,386547056640,94371840,4096.0,312.5,13.1072,0.154618822656,0.01179648,0.45555444336803713,0.0347560457891874
TRTLLM,1.2.0rc6,NVIDIA GB200,mla_context,default,float16,float16,8,1,12288,16,0,0.3683626651763916,386547056640,125829120,3072.0,312.5,9.8304,0.154618822656,0.01572864,0.4197461829687878,0.042698789771401756
TRTLLM,1.2.0rc6,NVIDIA GB200,mla_context,default,float16,float16,8,1,12288,16,0,0.3689706722895304,386547056640,125829120,3072.0,312.5,9.8304,0.154618822656,0.01572864,0.4190545055967781,0.04262842871060975
TRTLLM,1.2.0rc6,NVIDIA GB200,mla_context,default,float16,fp8,8,1,16384,16,0,0.5012106498082479,687194767360,125829120,5461.333333333333,312.5,17.476266666666664,0.274877906944,0.01572864,0.5484279056104697,0.031381296478870564
TRTLLM,1.2.0rc6,NVIDIA GB200,mla_context,default,float16,fp8,8,1,16384,16,0,0.5073920090993246,687194767360,125829120,5461.333333333333,312.5,17.476266666666664,0.274877906944,0.01572864,0.5417466219697427,0.030998990362343364
TRTLLM,1.2.0rc6,NVIDIA GB200,mla_context,default,float16,float16,8,1,16384,16,0,0.5711146593093872,687194767360,167772160,4096.0,312.5,13.1072,0.274877906944,0.02097152,0.48130073788754163,0.036720332175258
TRTLLM,1.2.0rc6,NVIDIA GB200,mla_context,default,float16,float16,8,1,16384,16,0,0.5742186705271403,687194767360,167772160,4096.0,312.5,13.1072,0.274877906944,0.02097152,0.4786990062368722,0.03652183580298403
TRTLLM,1.2.0rc6,NVIDIA GB200,mla_context,default,float16,fp8,8,1,32768,16,0,1.539738655090332,2748779069440,251658240,10922.666666666666,312.5,34.95253333333333,1.099511627776,0.03145728,0.7140897737035087,0.02043027230368162
TRTLLM,1.2.0rc6,NVIDIA GB200,mla_context,default,float16,fp8,8,1,32768,16,0,1.5405866305033369,2748779069440,251658240,10922.666666666666,312.5,34.95253333333333,1.099511627776,0.03145728,0.713696721759016,0.020419026997347333
TRTLLM,1.2.0rc6,NVIDIA GB200,mla_context,default,float16,float16,8,1,32768,16,0,1.847808043162028,2748779069440,335544320,8192.0,312.5,26.2144,1.099511627776,0.04194304,0.5950356325403156,0.02269880800400984
TRTLLM,1.2.0rc6,NVIDIA GB200,mla_context,default,float16,float16,8,1,32768,16,0,1.8710187276204424,2748779069440,335544320,8192.0,312.5,26.2144,1.099511627776,0.04194304,0.5876539938081521,0.022417220833135684
TRTLLM,1.2.0rc6,NVIDIA GB200,mla_context,default,float16,fp8,4,256,1,32,0,0.0398186668753623,327680,983040,0.3333333333333333,312.5,0.0010666666666666665,1.31072e-07,0.00012288,3.2917224579685883e-06,0.0030859898043455515
TRTLLM,1.2.0rc6,NVIDIA GB200,mla_context,default,float16,float16,4,256,1,32,0,0.0358879988392194,327680,1310720,0.25,312.5,0.0008,1.31072e-07,0.00016384,3.6522515670826674e-06,0.004565314458853335
TRTLLM,1.2.0rc6,NVIDIA GB200,mla_context,default,float16,fp8,4,256,16,32,0,0.0419573336839675,83886080,15728640,5.333333333333333,312.5,0.017066666666666664,3.3554432e-05,0.00196608,0.0007997274624917748,0.04685903100537743
TRTLLM,1.2.0rc6,NVIDIA GB200,mla_context,default,float16,float16,4,256,16,32,0,0.0376533344388008,83886080,20971520,4.0,312.5,0.0128,3.3554432e-05,0.00262144,0.0008911410503241651,0.0696203945565754
TRTLLM,1.2.0rc6,NVIDIA GB200,mla_context,default,float16,fp8,4,256,32,32,0,0.0461546679337819,335544320,31457280,10.666666666666666,312.5,0.03413333333333333,0.000134217728,0.00393216,0.0029079989957367294,0.08519528307822449
TRTLLM,1.2.0rc6,NVIDIA GB200,mla_context,default,float16,float16,4,256,32,32,0,0.0398986662427584,335544320,41943040,8.0,312.5,0.0256,0.000134217728,0.00524288,0.0033639652810289237,0.13140489379019232
TRTLLM,1.2.0rc6,NVIDIA GB200,mla_context,default,float16,fp8,4,256,64,32,0,0.0743946681420008,1342177280,62914560,21.333333333333332,312.5,0.06826666666666666,0.000536870912,0.00786432,0.007216524052170618,0.10571080154546804
TRTLLM,1.2.0rc6,NVIDIA GB200,mla_context,default,float16,float16,4,256,64,32,0,0.0513706654310226,1342177280,83886080,16.0,312.5,0.0512,0.000536870912,0.01048576,0.01045092383942111,0.20411960623869355
TRTLLM,1.2.0rc6,NVIDIA GB200,mla_context,default,float16,fp8,4,256,128,32,0,0.1070613364378611,5368709120,125829120,42.666666666666664,312.5,0.1365333333333333,0.002147483648,0.01572864,0.020058442379396316,0.14691241977096908
TRTLLM,1.2.0rc6,NVIDIA GB200,mla_context,default,float16,float16,4,256,128,32,0,0.0737760017315546,5368709120,167772160,32.0,312.5,0.1024,0.002147483648,0.02097152,0.029108159802613748,0.2842593730723999
TRTLLM,1.2.0rc6,NVIDIA GB200,mla_context,default,float16,fp8,4,256,256,32,0,0.1863786578178405,21474836480,251658240,85.33333333333333,312.5,0.2730666666666666,0.008589934592,0.03145728,0.04608861707972744,0.168781556688455
TRTLLM,1.2.0rc6,NVIDIA GB200,mla_context,default,float16,float16,4,256,256,32,0,0.1288586656252543,21474836480,335544320,64.0,312.5,0.2048,0.008589934592,0.04194304,0.06666167580053309,0.3254964638697905
TRTLLM,1.2.0rc6,NVIDIA GB200,mla_context,default,float16,fp8,4,128,1,32,0,0.0303839991490046,163840,491520,0.3333333333333333,312.5,0.0010666666666666665,6.5536e-08,6.144e-05,2.1569247576202293e-06,0.002022116960268965
TRTLLM,1.2.0rc6,NVIDIA GB200,mla_context,default,float16,float16,4,128,1,32,0,0.0256106654802958,163840,655360,0.25,312.5,0.0008,6.5536e-08,8.192e-05,2.5589338961309592e-06,0.0031986673701636993
TRTLLM,1.2.0rc6,NVIDIA GB200,mla_context,default,float16,fp8,4,128,16,32,0,0.0320106670260429,41943040,7864320,5.333333333333333,312.5,0.017066666666666664,1.6777216e-05,0.00098304,0.0005241132896840472,0.03070976306742464
TRTLLM,1.2.0rc6,NVIDIA GB200,mla_context,default,float16,float16,4,128,16,32,0,0.0267840002973874,41943040,10485760,4.0,312.5,0.0128,1.6777216e-05,0.00131072,0.0006263894793055428,0.04893667807074554
TRTLLM,1.2.0rc6,NVIDIA GB200,mla_context,default,float16,fp8,4,128,32,32,0,0.0313173333803812,167772160,15728640,10.666666666666666,312.5,0.03413333333333333,6.7108864e-05,0.00196608,0.0021428664817944067,0.06277929145882051
TRTLLM,1.2.0rc6,NVIDIA GB200,mla_context,default,float16,float16,4,128,32,32,0,0.0278133327762285,167772160,20971520,8.0,312.5,0.0256,6.7108864e-05,0.00262144,0.0024128307290579936,0.09425120035382788
TRTLLM,1.2.0rc6,NVIDIA GB200,mla_context,default,float16,fp8,4,128,64,32,0,0.0397653331359227,671088640,31457280,21.333333333333332,312.5,0.06826666666666666,0.000268435456,0.00393216,0.00675048930389833,0.09888412066257318
TRTLLM,1.2.0rc6,NVIDIA GB200,mla_context,default,float16,float16,4,128,64,32,0,0.0321653336286544,671088640,41943040,16.0,312.5,0.0512,0.000268435456,0.00524288,0.00834548956025331,0.16299784297369746
TRTLLM,1.2.0rc6,NVIDIA GB200,mla_context,default,float16,fp8,4,128,128,32,0,0.0667573312918345,2684354560,62914560,42.666666666666664,312.5,0.1365333333333333,0.001073741824,0.00786432,0.016084253268095153,0.11780458936593129
TRTLLM,1.2.0rc6,NVIDIA GB200,mla_context,default,float16,float16,4,128,128,32,0,0.0437066654364267,2684354560,83886080,32.0,312.5,0.1024,0.001073741824,0.01048576,0.02456700398619532,0.2399121483026887
TRTLLM,1.2.0rc6,NVIDIA GB200,mla_context,default,float16,fp8,4,128,256,32,0,0.1058293382326761,10737418240,125829120,85.33333333333333,312.5,0.2730666666666666,0.004294967296,0.01572864,0.0405839001521213,0.14862268122114733
TRTLLM,1.2.0rc6,NVIDIA GB200,mla_context,default,float16,float16,4,128,256,32,0,0.0752586672703425,10737418240,167772160,64.0,312.5,0.2048,0.004294967296,0.02097152,0.05706940412021534,0.278659199805739
TRTLLM,1.2.0rc6,NVIDIA GB200,mla_context,default,float16,fp8,4,128,512,32,0,0.1987466613451639,42949672960,251658240,170.66666666666666,312.5,0.5461333333333332,0.017179869184,0.03145728,0.08644104543805982,0.15827828144175993
TRTLLM,1.2.0rc6,NVIDIA GB200,mla_context,default,float16,float16,4,128,512,32,0,0.1436160008112589,42949672960,335544320,128.0,312.5,0.4096,0.017179869184,0.04194304,0.11962364281803042,0.2920499092237071
TRTLLM,1.2.0rc6,NVIDIA GB200,mla_context,default,float16,fp8,4,64,1,32,0,0.0255199993650118,81920,245760,0.3333333333333333,312.5,0.0010666666666666665,3.2768e-08,3.072e-05,1.2840125711337316e-06,0.0012037617854378734
TRTLLM,1.2.0rc6,NVIDIA GB200,mla_context,default,float16,float16,4,64,1,32,0,0.0211626663804054,81920,327680,0.25,312.5,0.0008,3.2768e-08,4.096e-05,1.548387117718778e-06,0.0019354838971484727
TRTLLM,1.2.0rc6,NVIDIA GB200,mla_context,default,float16,fp8,4,64,16,32,0,0.0252853333950042,20971520,3932160,5.333333333333333,312.5,0.017066666666666664,8.388608e-06,0.00049152,0.00033175785618303914,0.01943893688572495
TRTLLM,1.2.0rc6,NVIDIA GB200,mla_context,default,float16,float16,4,64,16,32,0,0.0211839998761812,20971520,5242880,4.0,312.5,0.0128,8.388608e-06,0.00065536,0.00039598791772237296,0.03093655607206039
TRTLLM,1.2.0rc6,NVIDIA GB200,mla_context,default,float16,fp8,4,64,32,32,0,0.0256853327155113,83886080,7864320,10.666666666666666,312.5,0.03413333333333333,3.3554432e-05,0.00098304,0.0013063654799276387,0.038272426169755035
TRTLLM,1.2.0rc6,NVIDIA GB200,mla_context,default,float16,float16,4,64,32,32,0,0.0201120004057884,83886080,10485760,8.0,312.5,0.0256,3.3554432e-05,0.00131072,0.0016683786457334575,0.06517104084896319
TRTLLM,1.2.0rc6,NVIDIA GB200,mla_context,default,float16,fp8,4,64,64,32,0,0.0277866671482721,335544320,15728640,21.333333333333332,312.5,0.06826666666666666,0.000134217728,0.00196608,0.004830292430675561,0.07075623677747403
TRTLLM,1.2.0rc6,NVIDIA GB200,mla_context,default,float16,float16,4,64,64,32,0,0.0234400009115537,335544320,20971520,16.0,312.5,0.0512,0.000134217728,0.00262144,0.005726012064011626,0.11183617312522708
TRTLLM,1.2.0rc6,NVIDIA GB200,mla_context,default,float16,fp8,4,64,128,32,0,0.0340213328599929,1342177280,31457280,42.666666666666664,312.5,0.1365333333333333,0.000536870912,0.00393216,0.015780419721042993,0.11557924600373286
TRTLLM,1.2.0rc6,NVIDIA GB200,mla_context,default,float16,float16,4,64,128,32,0,0.0257653345664342,1342177280,41943040,32.0,312.5,0.1024,0.000536870912,0.00524288,0.020836947046649602,0.20348581100243754
TRTLLM,1.2.0rc6,NVIDIA GB200,mla_context,default,float16,fp8,4,64,256,32,0,0.0626666645208994,5368709120,62914560,85.33333333333333,312.5,0.2730666666666666,0.002147483648,0.00786432,0.03426835725848807,0.12549447238215847
TRTLLM,1.2.0rc6,NVIDIA GB200,mla_context,default,float16,float16,4,64,256,32,0,0.0422293345133463,5368709120,83886080,64.0,312.5,0.2048,0.002147483648,0.01048576,0.05085288870278791,0.2483051206190816
TRTLLM,1.2.0rc6,NVIDIA GB200,mla_context,default,float16,fp8,4,64,512,32,0,0.1103573342164357,21474836480,125829120,170.66666666666666,312.5,0.5461333333333332,0.008589934592,0.01572864,0.0778374600382535,0.142524646066138
TRTLLM,1.2.0rc6,NVIDIA GB200,mla_context,default,float16,float16,4,64,512,32,0,0.0820639977852503,21474836480,167772160,128.0,312.5,0.4096,0.008589934592,0.02097152,0.10467360625640766,0.2555507965244328
TRTLLM,1.2.0rc6,NVIDIA GB200,mla_context,default,float16,fp8,4,64,1024,32,0,0.2292960087458292,85899345920,251658240,341.3333333333333,312.5,1.0922666666666665,0.034359738368,0.03145728,0.14984882883891448,0.13719070023093977
TRTLLM,1.2.0rc6,NVIDIA GB200,mla_context,default,float16,float16,4,64,1024,32,0,0.1773066719373067,85899345920,335544320,256.0,312.5,0.8192,0.034359738368,0.04194304,0.193787058279167,0.2365564676259363
TRTLLM,1.2.0rc6,NVIDIA GB200,mla_context,default,float16,fp8,4,32,1,32,0,0.0194666671256224,40960,122880,0.3333333333333333,312.5,0.0010666666666666665,1.6384e-08,1.536e-05,8.416438157734286e-07,0.0007890410772875893
TRTLLM,1.2.0rc6,NVIDIA GB200,mla_context,default,float16,float16,4,32,1,32,0,0.0172693332036336,40960,163840,0.25,312.5,0.0008,1.6384e-08,2.048e-05,9.487337934132095e-07,0.0011859172417665118
TRTLLM,1.2.0rc6,NVIDIA GB200,mla_context,default,float16,fp8,4,32,16,32,0,0.0213813334703445,10485760,1966080,5.333333333333333,312.5,0.017066666666666664,4.194304e-06,0.00024576,0.00019616662383650766,0.011494138115420369
TRTLLM,1.2.0rc6,NVIDIA GB200,mla_context,default,float16,float16,4,32,16,32,0,0.0160853328804175,10485760,2621440,4.0,312.5,0.0128,4.194304e-06,0.00032768,0.00026075332299191654,0.02037135335874348
TRTLLM,1.2.0rc6,NVIDIA GB200,mla_context,default,float16,fp8,4,32,32,32,0,0.0227519993980725,41943040,3932160,10.666666666666666,312.5,0.03413333333333333,1.6777216e-05,0.00049152,0.0007373952375113604,0.021603376098965635
TRTLLM,1.2.0rc6,NVIDIA GB200,mla_context,default,float16,float16,4,32,32,32,0,0.0173173335691293,41943040,5242880,8.0,312.5,0.0256,1.6777216e-05,0.00065536,0.0009688105812033246,0.03784416332825487
TRTLLM,1.2.0rc6,NVIDIA GB200,mla_context,default,float16,fp8,4,32,64,32,0,0.0242986679077148,167772160,7864320,21.333333333333332,312.5,0.06826666666666666,6.7108864e-05,0.00098304,0.002761833045946235,0.040456538758978054
TRTLLM,1.2.0rc6,NVIDIA GB200,mla_context,default,float16,float16,4,32,64,32,0,0.0173706660668055,167772160,10485760,16.0,312.5,0.0512,6.7108864e-05,0.00131072,0.003863344315175213,0.07545594365576588
TRTLLM,1.2.0rc6,NVIDIA GB200,mla_context,default,float16,fp8,4,32,128,32,0,0.0253119990229606,671088640,15728640,42.666666666666664,312.5,0.1365333333333333,0.000268435456,0.00196608,0.010605067413146678,0.07767383359238289
TRTLLM,1.2.0rc6,NVIDIA GB200,mla_context,default,float16,float16,4,32,128,32,0,0.0190826666851838,671088640,20971520,32.0,312.5,0.1024,0.000268435456,0.00262144,0.014066978186461705,0.1373728338521651
TRTLLM,1.2.0rc6,NVIDIA GB200,mla_context,default,float16,fp8,4,32,256,32,0,0.0334880004326502,2684354560,31457280,85.33333333333333,312.5,0.2730666666666666,0.001073741824,0.00393216,0.032063479757755885,0.11741996981600056
TRTLLM,1.2.0rc6,NVIDIA GB200,mla_context,default,float16,float16,4,32,256,32,0,0.0253066668907801,2684354560,41943040,64.0,312.5,0.2048,0.001073741824,0.00524288,0.0424292076326809,0.2071738653939497
TRTLLM,1.2.0rc6,NVIDIA GB200,mla_context,default,float16,fp8,4,32,512,32,0,0.0686399986346562,10737418240,62914560,170.66666666666666,312.5,0.5461333333333332,0.004294967296,0.00786432,0.06257236861061766,0.11457342885244931
TRTLLM,1.2.0rc6,NVIDIA GB200,mla_context,default,float16,float16,4,32,512,32,0,0.0494133333365122,10737418240,83886080,128.0,312.5,0.4096,0.004294967296,0.01048576,0.08691919783574667,0.2122050728411784
TRTLLM,1.2.0rc6,NVIDIA GB200,mla_context,default,float16,fp8,4,32,1024,32,0,0.1251040001710256,42949672960,125829120,341.3333333333333,312.5,1.0922666666666665,0.017179869184,0.01572864,0.13732469913443182,0.1257245170298143
TRTLLM,1.2.0rc6,NVIDIA GB200,mla_context,default,float16,float16,4,32,1024,32,0,0.0991360048453013,42949672960,167772160,256.0,312.5,0.8192,0.017179869184,0.02097152,0.17329596054237467,0.2115429205839535
TRTLLM,1.2.0rc6,NVIDIA GB200,mla_context,default,float16,fp8,4,32,1536,32,0,0.1952000061670939,96636764160,188743680,512.0,312.5,1.6384,0.038654705664,0.02359296,0.19802614980919128,0.12086556995189898
TRTLLM,1.2.0rc6,NVIDIA GB200,mla_context,default,float16,float16,4,32,1536,32,0,0.1620160043239593,96636764160,251658240,384.0,312.5,1.2288,0.038654705664,0.03145728,0.23858572383199833,0.19416155910807154
TRTLLM,1.2.0rc6,NVIDIA GB200,mla_context,default,float16,fp8,4,32,2048,32,0,0.2678453326225281,171798691840,251658240,682.6666666666666,312.5,2.184533333333333,0.068719476736,0.03145728,0.25656402545138135,0.11744569036165528
TRTLLM,1.2.0rc6,NVIDIA GB200,mla_context,default,float16,float16,4,32,2048,32,0,0.2404639919598897,171798691840,335544320,512.0,312.5,1.6384,0.068719476736,0.04194304,0.2857786572363926,0.1744254499733842
TRTLLM,1.2.0rc6,NVIDIA GB200,mla_context,default,float16,fp8,4,16,1,32,0,0.019695999721686,20480,61440,0.3333333333333333,312.5,0.0010666666666666665,8.192e-09,7.68e-06,4.1592202049943747e-07,0.0003899268942182226
TRTLLM,1.2.0rc6,NVIDIA GB200,mla_context,default,float16,float16,4,16,1,32,0,0.0155253335833549,20480,81920,0.25,312.5,0.0008,8.192e-09,1.024e-05,5.276537187441079e-07,0.0006595671484301349
TRTLLM,1.2.0rc6,NVIDIA GB200,mla_context,default,float16,fp8,4,16,16,32,0,0.021856000026067,5242880,983040,5.333333333333333,312.5,0.017066666666666664,2.097152e-06,0.00012288,9.595314776257272e-05,0.005622254751713245
TRTLLM,1.2.0rc6,NVIDIA GB200,mla_context,default,float16,float16,4,16,16,32,0,0.0155573338270187,5242880,1310720,4.0,312.5,0.0128,2.097152e-06,0.00016384,0.00013480150412134491,0.010531367509480073
TRTLLM,1.2.0rc6,NVIDIA GB200,mla_context,default,float16,fp8,4,16,32,32,0,0.0212853327393531,20971520,1966080,10.666666666666666,312.5,0.03413333333333333,8.388608e-06,0.00024576,0.0003941027421427543,0.011545978773713503
TRTLLM,1.2.0rc6,NVIDIA GB200,mla_context,default,float16,float16,4,16,32,32,0,0.0152479993800322,20971520,2621440,8.0,312.5,0.0256,8.388608e-06,0.00032768,0.0005501448282444962,0.021490032353300634
TRTLLM,1.2.0rc6,NVIDIA GB200,mla_context,default,float16,fp8,4,16,64,32,0,0.0218133330345153,83886080,3932160,21.333333333333332,312.5,0.06826666666666666,3.3554432e-05,0.00049152,0.0015382533218058297,0.02253300764364008
TRTLLM,1.2.0rc6,NVIDIA GB200,mla_context,default,float16,float16,4,16,64,32,0,0.0168426670134067,83886080,5242880,16.0,312.5,0.0512,3.3554432e-05,0.00065536,0.00199222795138625,0.03891070217551269
TRTLLM,1.2.0rc6,NVIDIA GB200,mla_context,default,float16,fp8,4,16,128,32,0,0.0237280006210009,335544320,7864320,42.666666666666664,312.5,0.1365333333333333,0.000134217728,0.00098304,0.005656512326673161,0.041429533642625686
TRTLLM,1.2.0rc6,NVIDIA GB200,mla_context,default,float16,float16,4,16,128,32,0,0.0175146671632925,335544320,10485760,32.0,312.5,0.1024,0.000134217728,0.00131072,0.007663161780276106,0.07483556426050884
TRTLLM,1.2.0rc6,NVIDIA GB200,mla_context,default,float16,fp8,4,16,256,32,0,0.0273120005925496,1342177280,15728640,85.33333333333333,312.5,0.2730666666666666,0.000536870912,0.00196608,0.01965696032338445,0.07198593868426921
TRTLLM,1.2.0rc6,NVIDIA GB200,mla_context,default,float16,float16,4,16,256,32,0,0.0215200011928876,1342177280,20971520,64.0,312.5,0.2048,0.000536870912,0.00262144,0.024947531702620762,0.12181411964170294
TRTLLM,1.2.0rc6,NVIDIA GB200,mla_context,default,float16,fp8,4,16,512,32,0,0.0357973327239354,5368709120,31457280,170.66666666666666,312.5,0.5461333333333332,0.002147483648,0.00393216,0.05999004631325826,0.10984505550523362
TRTLLM,1.2.0rc6,NVIDIA GB200,mla_context,default,float16,float16,4,16,512,32,0,0.0274560004472732,5368709120,41943040,128.0,312.5,0.4096,0.002147483648,0.00524288,0.07821545793328678,0.19095570784493843
TRTLLM,1.2.0rc6,NVIDIA GB200,mla_context,default,float16,fp8,4,16,1024,32,0,0.0768960018952687,21474836480,62914560,341.3333333333333,312.5,1.0922666666666665,0.008589934592,0.00786432,0.1117084683245219,0.10227215727953054
TRTLLM,1.2.0rc6,NVIDIA GB200,mla_context,default,float16,float16,4,16,1024,32,0,0.0623253335555394,21474836480,83886080,256.0,312.5,0.8192,0.008589934592,0.01048576,0.13782412547131145,0.16824234066322197
TRTLLM,1.2.0rc6,NVIDIA GB200,mla_context,default,float16,fp8,4,16,1536,32,0,0.1147199968496958,48318382080,94371840,512.0,312.5,1.6384,0.019327352832,0.01179648,0.16847414019129,0.1028284547065979
TRTLLM,1.2.0rc6,NVIDIA GB200,mla_context,default,float16,float16,4,16,1536,32,0,0.0931786696116129,48318382080,125829120,384.0,312.5,1.2288,0.019327352832,0.01572864,0.2074225025165118,0.16880086467815086
TRTLLM,1.2.0rc6,NVIDIA GB200,mla_context,default,float16,fp8,4,16,2048,32,0,0.1520693302154541,85899345920,125829120,682.6666666666666,312.5,2.184533333333333,0.034359738368,0.01572864,0.22594785101847037,0.10343071793448046
TRTLLM,1.2.0rc6,NVIDIA GB200,mla_context,default,float16,float16,4,16,2048,32,0,0.1352213323116302,85899345920,167772160,512.0,312.5,1.6384,0.034359738368,0.02097152,0.25409998393459676,0.155090322225706
TRTLLM,1.2.0rc6,NVIDIA GB200,mla_context,default,float16,fp8,4,16,3072,32,0,0.2481066584587097,193273528320,188743680,1024.0,312.5,3.2768,0.077309411328,0.02359296,0.31159748717854724,0.09509200658525002
TRTLLM,1.2.0rc6,NVIDIA GB200,mla_context,default,float16,float16,4,16,3072,32,0,0.2322666645050048,193273528320,251658240,768.0,312.5,2.4576,0.077309411328,0.03145728,0.3328476408474629,0.1354360517771252
TRTLLM,1.2.0rc6,NVIDIA GB200,mla_context,default,float16,fp8,4,16,4096,32,0,0.3601280053456624,343597383680,251658240,1365.3333333333333,312.5,4.369066666666666,0.137438953472,0.03145728,0.3816391711610478,0.08735027416100642
TRTLLM,1.2.0rc6,NVIDIA GB200,mla_context,default,float16,float16,4,16,4096,32,0,0.402021328608195,343597383680,335544320,1024.0,312.5,3.2768,0.137438953472,0.04194304,0.3418698056339849,0.104330385020137
TRTLLM,1.2.0rc6,NVIDIA GB200,mla_context,default,float16,fp8,4,8,1,32,0,0.0173120001951853,10240,30720,0.3333333333333333,312.5,0.0010666666666666665,4.096e-09,3.84e-06,2.3659888827514873e-07,0.00022181145775795194
TRTLLM,1.2.0rc6,NVIDIA GB200,mla_context,default,float16,fp8,4,8,1,32,0,0.0177066661417484,10240,30720,0.3333333333333333,312.5,0.0010666666666666665,4.096e-09,3.84e-06,2.3132530806251203e-07,0.000216867476308605
TRTLLM,1.2.0rc6,NVIDIA GB200,mla_context,default,float16,float16,4,8,1,32,0,0.0150293335318565,10240,40960,0.25,312.5,0.0008,4.096e-09,5.12e-06,2.725337082524671e-07,0.00034066713531558383
TRTLLM,1.2.0rc6,NVIDIA GB200,mla_context,default,float16,float16,4,8,1,32,0,0.0154293328523635,10240,40960,0.25,312.5,0.0008,4.096e-09,5.12e-06,2.654683802075451e-07,0.0003318354752594314
TRTLLM,1.2.0rc6,NVIDIA GB200,mla_context,default,float16,fp8,4,8,16,32,0,0.0210933337608973,2621440,491520,5.333333333333333,312.5,0.017066666666666664,1.048576e-06,6.144e-05,4.971125057262613e-05,0.0029127685882398124
TRTLLM,1.2.0rc6,NVIDIA GB200,mla_context,default,float16,fp8,4,8,16,32,0,0.0216106673081715,2621440,491520,5.333333333333333,312.5,0.017066666666666664,1.048576e-06,6.144e-05,4.8521222646535714e-05,0.002843040389445452
TRTLLM,1.2.0rc6,NVIDIA GB200,mla_context,default,float16,float16,4,8,16,32,0,0.0154239994784196,2621440,655360,4.0,312.5,0.0128,1.048576e-06,8.192e-05,6.798340478856403e-05,0.005311203499106565
TRTLLM,1.2.0rc6,NVIDIA GB200,mla_context,default,float16,float16,4,8,16,32,0,0.0156213330725828,2621440,655360,4.0,312.5,0.0128,1.048576e-06,8.192e-05,6.712461703030767e-05,0.005244110705492787
TRTLLM,1.2.0rc6,NVIDIA GB200,mla_context,default,float16,fp8,4,8,32,32,0,0.021546666820844,10485760,983040,10.666666666666666,312.5,0.03413333333333333,4.194304e-06,0.00012288,0.00019466138474571288,0.0057029702562220565
TRTLLM,1.2.0rc6,NVIDIA GB200,mla_context,default,float16,fp8,4,8,32,32,0,0.0218773335218429,10485760,983040,10.666666666666666,312.5,0.03413333333333333,4.194304e-06,0.00012288,0.00019171915973271135,0.005616772257794278
TRTLLM,1.2.0rc6,NVIDIA GB200,mla_context,default,float16,float16,4,8,32,32,0,0.0151199996471405,10485760,1310720,8.0,312.5,0.0256,4.194304e-06,0.00016384,0.00027740106467484137,0.01083597908886099
TRTLLM,1.2.0rc6,NVIDIA GB200,mla_context,default,float16,float16,4,8,32,32,0,0.0152320004999637,10485760,1310720,8.0,312.5,0.0256,4.194304e-06,0.00016384,0.00027536133549956195,0.01075630216795164
TRTLLM,1.2.0rc6,NVIDIA GB200,mla_context,default,float16,fp8,4,8,64,32,0,0.0212693338592847,41943040,1966080,21.333333333333332,312.5,0.06826666666666666,1.6777216e-05,0.00024576,0.0007887983756800283,0.011554663706250414
TRTLLM,1.2.0rc6,NVIDIA GB200,mla_context,default,float16,fp8,4,8,64,32,0,0.021397332350413,41943040,1966080,21.333333333333332,312.5,0.06826666666666666,1.6777216e-05,0.00024576,0.0007840797967357915,0.011485543897496946
TRTLLM,1.2.0rc6,NVIDIA GB200,mla_context,default,float16,float16,4,8,64,32,0,0.0157653329273064,41943040,2621440,16.0,312.5,0.0512,1.6777216e-05,0.00032768,0.0010641840598837572,0.020784844919604632
TRTLLM,1.2.0rc6,NVIDIA GB200,mla_context,default,float16,float16,4,8,64,32,0,0.01712533334891,41943040,2621440,16.0,312.5,0.0512,1.6777216e-05,0.00032768,0.0009796723753157097,0.019134226080384956
TRTLLM,1.2.0rc6,NVIDIA GB200,mla_context,default,float16,fp8,4,8,128,32,0,0.0220159987608591,167772160,3932160,42.666666666666664,312.5,0.1365333333333333,6.7108864e-05,0.00049152,0.0030481862180746825,0.02232558265191418
TRTLLM,1.2.0rc6,NVIDIA GB200,mla_context,default,float16,fp8,4,8,128,32,0,0.0222400004665056,167772160,3932160,42.666666666666664,312.5,0.1365333333333333,6.7108864e-05,0.00049152,0.003017484828791656,0.022100718960876384
TRTLLM,1.2.0rc6,NVIDIA GB200,mla_context,default,float16,float16,4,8,128,32,0,0.0169813334941864,167772160,5242880,32.0,312.5,0.1024,6.7108864e-05,0.00065536,0.003951919560555999,0.03859296445855468
TRTLLM,1.2.0rc6,NVIDIA GB200,mla_context,default,float16,float16,4,8,128,32,0,0.017354667186737,167772160,5242880,32.0,312.5,0.1024,6.7108864e-05,0.00065536,0.00386690584601281,0.03776275240246885
TRTLLM,1.2.0rc6,NVIDIA GB200,mla_context,default,float16,fp8,4,8,256,32,0,0.0251840005318323,671088640,7864320,85.33333333333333,312.5,0.2730666666666666,0.000268435456,0.00098304,0.010658968008704596,0.03903430667250218
TRTLLM,1.2.0rc6,NVIDIA GB200,mla_context,default,float16,fp8,4,8,256,32,0,0.0269386668999989,671088640,7864320,85.33333333333333,312.5,0.2730666666666666,0.000268435456,0.00098304,0.00996468967809283,0.03649178348910948
TRTLLM,1.2.0rc6,NVIDIA GB200,mla_context,default,float16,float16,4,8,256,32,0,0.0210240011413892,671088640,10485760,64.0,312.5,0.2048,0.000268435456,0.00131072,0.012768048013065443,0.062343984438796116
TRTLLM,1.2.0rc6,NVIDIA GB200,mla_context,default,float16,float16,4,8,256,32,0,0.0213599999745686,671088640,10485760,64.0,312.5,0.2048,0.000268435456,0.00131072,0.012567203011217302,0.06136329595320948
TRTLLM,1.2.0rc6,NVIDIA GB200,mla_context,default,float16,fp8,4,8,512,32,0,0.0292640005548795,2684354560,15728640,170.66666666666666,312.5,0.5461333333333332,0.001073741824,0.00196608,0.03669155971981294,0.06718425241664966
TRTLLM,1.2.0rc6,NVIDIA GB200,mla_context,default,float16,fp8,4,8,512,32,0,0.0306080008546511,2684354560,15728640,170.66666666666666,312.5,0.5461333333333332,0.001073741824,0.00196608,0.0350804297575298,0.06423418534703942
TRTLLM,1.2.0rc6,NVIDIA GB200,mla_context,default,float16,float16,4,8,512,32,0,0.0253920008738835,2684354560,20971520,128.0,312.5,0.4096,0.001073741824,0.00262144,0.042286617322244126,0.10323881182188507
TRTLLM,1.2.0rc6,NVIDIA GB200,mla_context,default,float16,float16,4,8,512,32,0,0.0254399999976158,2684354560,20971520,128.0,312.5,0.4096,0.001073741824,0.00262144,0.04220683270835808,0.10304402516688985
TRTLLM,1.2.0rc6,NVIDIA GB200,mla_context,default,float16,fp8,4,8,1024,32,0,0.0399946669737497,10737418240,31457280,341.3333333333333,312.5,1.0922666666666665,0.004294967296,0.00393216,0.10738850004224265,0.09831710819297117
TRTLLM,1.2.0rc6,NVIDIA GB200,mla_context,default,float16,fp8,4,8,1024,32,0,0.0418400019407272,10737418240,31457280,341.3333333333333,312.5,1.0922666666666665,0.004294967296,0.00393216,0.10265217726529942,0.0939808751818537
TRTLLM,1.2.0rc6,NVIDIA GB200,mla_context,default,float16,float16,4,8,1024,32,0,0.0335893332958221,10737418240,41943040,256.0,312.5,0.8192,0.004294967296,0.00524288,0.1278670004603579,0.15608764704633535
TRTLLM,1.2.0rc6,NVIDIA GB200,mla_context,default,float16,float16,4,8,1024,32,0,0.0338826676209767,10737418240,41943040,256.0,312.5,0.8192,0.004294967296,0.00524288,0.1267600102815102,0.15473634067567166
TRTLLM,1.2.0rc6,NVIDIA GB200,mla_context,default,float16,fp8,4,8,1536,32,0,0.0710346649090449,24159191040,47185920,512.0,312.5,1.6384,0.009663676416,0.00589824,0.13604169778760392,0.08303326280981685
TRTLLM,1.2.0rc6,NVIDIA GB200,mla_context,default,float16,fp8,4,8,1536,32,0,0.0710346649090449,24159191040,47185920,512.0,312.5,1.6384,0.009663676416,0.00589824,0.13604169778760392,0.08303326280981685
TRTLLM,1.2.0rc6,NVIDIA GB200,mla_context,default,float16,float16,4,8,1536,32,0,0.0590133319298426,24159191040,62914560,384.0,312.5,1.2288,0.009663676416,0.00786432,0.1637541230088239,0.13326344645900381
TRTLLM,1.2.0rc6,NVIDIA GB200,mla_context,default,float16,float16,4,8,1536,32,0,0.0604853332042694,24159191040,62914560,384.0,312.5,1.2288,0.009663676416,0.00786432,0.15976892089465883,0.1300202806759919
TRTLLM,1.2.0rc6,NVIDIA GB200,mla_context,default,float16,fp8,4,8,2048,32,0,0.0940319995085398,42949672960,62914560,682.6666666666666,312.5,2.184533333333333,0.017179869184,0.00786432,0.1827023701909025,0.08363450783885307
TRTLLM,1.2.0rc6,NVIDIA GB200,mla_context,default,float16,fp8,4,8,2048,32,0,0.0958826641241709,42949672960,62914560,682.6666666666666,312.5,2.184533333333333,0.017179869184,0.00786432,0.17917596826212043,0.0820202491434267
TRTLLM,1.2.0rc6,NVIDIA GB200,mla_context,default,float16,float16,4,8,2048,32,0,0.0822240014870961,42949672960,83886080,512.0,312.5,1.6384,0.017179869184,0.01048576,0.20893983354356863,0.12752675387180704
TRTLLM,1.2.0rc6,NVIDIA GB200,mla_context,default,float16,float16,4,8,2048,32,0,0.0829546650250752,42949672960,83886080,512.0,312.5,1.6384,0.017179869184,0.01048576,0.20709949439018213,0.12640349999400766
TRTLLM,1.2.0rc6,NVIDIA GB200,mla_context,default,float16,fp8,4,8,3072,32,0,0.1471306681632995,96636764160,94371840,1024.0,312.5,3.2768,0.038654705664,0.01179648,0.2627236465826238,0.08017689409870112
TRTLLM,1.2.0rc6,NVIDIA GB200,mla_context,default,float16,fp8,4,8,3072,32,0,0.1484426657358805,96636764160,94371840,1024.0,312.5,3.2768,0.038654705664,0.01179648,0.26040158651406287,0.0794682576031686
TRTLLM,1.2.0rc6,NVIDIA GB200,mla_context,default,float16,float16,4,8,3072,32,0,0.1358026663462321,96636764160,125829120,768.0,312.5,2.4576,0.038654705664,0.01572864,0.2846387829046664,0.11581981726264094
TRTLLM,1.2.0rc6,NVIDIA GB200,mla_context,default,float16,float16,4,8,3072,32,0,0.1412426630655924,96636764160,125829120,768.0,312.5,2.4576,0.038654705664,0.01572864,0.2736758485362807,0.1113589878484215
TRTLLM,1.2.0rc6,NVIDIA GB200,mla_context,default,float16,fp8,4,8,4096,32,0,0.2042079965273539,171798691840,125829120,1365.3333333333333,312.5,4.369066666666666,0.068719476736,0.01572864,0.33651707036259443,0.07702264488889948
TRTLLM,1.2.0rc6,NVIDIA GB200,mla_context,default,float16,fp8,4,8,4096,32,0,0.2103520035743713,171798691840,125829120,1365.3333333333333,312.5,4.369066666666666,0.068719476736,0.01572864,0.3266880066188853,0.07477295073369261
TRTLLM,1.2.0rc6,NVIDIA GB200,mla_context,default,float16,float16,4,8,4096,32,0,0.2051680088043213,171798691840,167772160,1024.0,312.5,3.2768,0.068719476736,0.02097152,0.3349424558754728,0.10221632564559106
TRTLLM,1.2.0rc6,NVIDIA GB200,mla_context,default,float16,float16,4,8,4096,32,0,0.2190879980723063,171798691840,167772160,1024.0,312.5,3.2768,0.068719476736,0.02097152,0.3136615302556204,0.09572190254382947
TRTLLM,1.2.0rc6,NVIDIA GB200,mla_context,default,float16,fp8,4,8,6144,32,0,0.3546719948450724,386547056640,188743680,2048.0,312.5,6.5536,0.154618822656,0.02359296,0.43594877775320406,0.06652050441790833
TRTLLM,1.2.0rc6,NVIDIA GB200,mla_context,default,float16,float16,4,8,6144,32,0,0.3671466509501139,386547056640,251658240,1536.0,312.5,4.9152,0.154618822656,0.03145728,0.4211364103577479,0.0856804220291642
TRTLLM,1.2.0rc6,NVIDIA GB200,mla_context,default,float16,float16,4,8,6144,32,0,0.3959680000940959,386547056640,251658240,1536.0,312.5,4.9152,0.154618822656,0.03145728,0.39048312646288874,0.07944399545550308
TRTLLM,1.2.0rc6,NVIDIA GB200,mla_context,default,float16,fp8,4,8,8192,32,0,0.5345173279444376,687194767360,251658240,2730.6666666666665,312.5,8.738133333333332,0.274877906944,0.03145728,0.5142544358684911,0.058851749710291786
TRTLLM,1.2.0rc6,NVIDIA GB200,mla_context,default,float16,float16,4,8,8192,32,0,0.562447985013326,687194767360,335544320,2048.0,312.5,6.5536,0.274877906944,0.04194304,0.4887170267620166,0.0745723002261378
TRTLLM,1.2.0rc6,NVIDIA GB200,mla_context,default,float16,fp8,4,4,1,32,0,0.0173333336909612,5120,15360,0.3333333333333333,312.5,0.0010666666666666665,2.048e-09,1.92e-06,1.181538437160515e-07,0.00011076922848379828
TRTLLM,1.2.0rc6,NVIDIA GB200,mla_context,default,float16,fp8,4,4,1,32,0,0.0190986668070157,5120,15360,0.3333333333333333,312.5,0.0010666666666666665,2.048e-09,1.92e-06,1.0723261579953255e-07,0.00010053057731206176
TRTLLM,1.2.0rc6,NVIDIA GB200,mla_context,default,float16,float16,4,4,1,32,0,0.0154986667136351,5120,20480,0.25,312.5,0.0008,2.048e-09,2.56e-06,1.321403987736734e-07,0.00016517549846709173
TRTLLM,1.2.0rc6,NVIDIA GB200,mla_context,default,float16,float16,4,4,1,32,0,0.0155626672009627,5120,20480,0.25,312.5,0.0008,2.048e-09,2.56e-06,1.3159697971780257e-07,0.00016449622464725322
TRTLLM,1.2.0rc6,NVIDIA GB200,mla_context,default,float16,fp8,4,4,16,32,0,0.0213333343466122,1310720,245760,5.333333333333333,312.5,0.017066666666666664,5.24288e-07,3.072e-05,2.45759988327028e-05,0.0014399999316036796
TRTLLM,1.2.0rc6,NVIDIA GB200,mla_context,default,float16,fp8,4,4,16,32,0,0.0214026669661204,1310720,245760,5.333333333333333,312.5,0.017066666666666664,5.24288e-07,3.072e-05,2.4496386400345704e-05,0.001435335140645256
TRTLLM,1.2.0rc6,NVIDIA GB200,mla_context,default,float16,float16,4,4,16,32,0,0.0151253330210844,1310720,327680,4.0,312.5,0.0128,5.24288e-07,4.096e-05,3.4662906216289815e-05,0.0027080395481476416
TRTLLM,1.2.0rc6,NVIDIA GB200,mla_context,default,float16,float16,4,4,16,32,0,0.0156693334380785,1310720,327680,4.0,312.5,0.0128,5.24288e-07,4.096e-05,3.345949603228894e-05,0.0026140231275225733
TRTLLM,1.2.0rc6,NVIDIA GB200,mla_context,default,float16,fp8,4,4,32,32,0,0.0192426666617393,5242880,491520,10.666666666666666,312.5,0.03413333333333333,2.097152e-06,6.144e-05,0.00010898447896360551,0.00319290465713688
TRTLLM,1.2.0rc6,NVIDIA GB200,mla_context,default,float16,fp8,4,4,32,32,0,0.0223520000775655,5242880,491520,10.666666666666666,312.5,0.03413333333333333,2.097152e-06,6.144e-05,9.382390804950347e-05,0.0027487473061377967
TRTLLM,1.2.0rc6,NVIDIA GB200,mla_context,default,float16,float16,4,4,32,32,0,0.015514666835467,5242880,655360,8.0,312.5,0.0256,2.097152e-06,8.192e-05,0.00013517222266132373,0.0052801649477079585
TRTLLM,1.2.0rc6,NVIDIA GB200,mla_context,default,float16,float16,4,4,32,32,0,0.0164586665729681,5242880,655360,8.0,312.5,0.0256,2.097152e-06,8.192e-05,0.00012741931375196495,0.004977316943436131
TRTLLM,1.2.0rc6,NVIDIA GB200,mla_context,default,float16,fp8,4,4,64,32,0,0.0211626663804054,20971520,983040,21.333333333333332,312.5,0.06826666666666666,8.388608e-06,0.00012288,0.00039638710213600717,0.005806451691445417
TRTLLM,1.2.0rc6,NVIDIA GB200,mla_context,default,float16,fp8,4,4,64,32,0,0.0214986676971117,20971520,983040,21.333333333333332,312.5,0.06826666666666666,8.388608e-06,0.00012288,0.00039019199320555997,0.005715703025472069
TRTLLM,1.2.0rc6,NVIDIA GB200,mla_context,default,float16,float16,4,4,64,32,0,0.0154133327305316,20971520,1310720,16.0,312.5,0.0512,8.388608e-06,0.00016384,0.0005442436199008,0.0106297582011875
TRTLLM,1.2.0rc6,NVIDIA GB200,mla_context,default,float16,float16,4,4,64,32,0,0.0154239994784196,20971520,1310720,16.0,312.5,0.0512,8.388608e-06,0.00016384,0.0005438672383085122,0.01062240699821313
TRTLLM,1.2.0rc6,NVIDIA GB200,mla_context,default,float16,fp8,4,4,128,32,0,0.0214773342013359,83886080,1966080,42.666666666666664,312.5,0.1365333333333333,3.3554432e-05,0.00024576,0.0015623182879890606,0.011442760898357376
TRTLLM,1.2.0rc6,NVIDIA GB200,mla_context,default,float16,fp8,4,4,128,32,0,0.0225600004196167,83886080,1966080,42.666666666666664,312.5,0.1365333333333333,3.3554432e-05,0.00024576,0.0014873418163070273,0.010893616818654984
TRTLLM,1.2.0rc6,NVIDIA GB200,mla_context,default,float16,float16,4,4,128,32,0,0.015189333508412,83886080,2621440,32.0,312.5,0.1024,3.3554432e-05,0.00032768,0.002209078626222621,0.02157303345920528
TRTLLM,1.2.0rc6,NVIDIA GB200,mla_context,default,float16,float16,4,4,128,32,0,0.0156960003077983,83886080,2621440,32.0,312.5,0.1024,3.3554432e-05,0.00032768,0.002137769580912217,0.020876656063595872
TRTLLM,1.2.0rc6,NVIDIA GB200,mla_context,default,float16,fp8,4,4,256,32,0,0.0235893328984578,335544320,3932160,85.33333333333333,312.5,0.2730666666666666,0.000134217728,0.00049152,0.0056897636138228715,0.020836536671714617
TRTLLM,1.2.0rc6,NVIDIA GB200,mla_context,default,float16,fp8,4,4,256,32,0,0.0251999994119008,335544320,3932160,85.33333333333333,312.5,0.2730666666666666,0.000134217728,0.00049152,0.005326100441756961,0.019504762359949808
TRTLLM,1.2.0rc6,NVIDIA GB200,mla_context,default,float16,float16,4,4,256,32,0,0.019695999721686,335544320,5242880,64.0,312.5,0.2048,0.000134217728,0.00065536,0.0068144663838627835,0.033273761639955
TRTLLM,1.2.0rc6,NVIDIA GB200,mla_context,default,float16,float16,4,4,256,32,0,0.0198879999419053,335544320,5242880,64.0,312.5,0.2048,0.000134217728,0.00065536,0.006748679022127035,0.032952534287729665
TRTLLM,1.2.0rc6,NVIDIA GB200,mla_context,default,float16,fp8,4,4,512,32,0,0.0277279987931251,1342177280,7864320,170.66666666666666,312.5,0.5461333333333332,0.000536870912,0.00098304,0.019362050467670682,0.03545297326843997
TRTLLM,1.2.0rc6,NVIDIA GB200,mla_context,default,float16,fp8,4,4,512,32,0,0.029589332640171,1342177280,7864320,170.66666666666666,312.5,0.5461333333333332,0.000536870912,0.00098304,0.018144069639175794,0.03322278376313927
TRTLLM,1.2.0rc6,NVIDIA GB200,mla_context,default,float16,float16,4,4,512,32,0,0.023386667172114,1342177280,10485760,128.0,312.5,0.4096,0.000536870912,0.00131072,0.022956281373865826,0.056045608822914615
TRTLLM,1.2.0rc6,NVIDIA GB200,mla_context,default,float16,float16,4,4,512,32,0,0.0233973339200019,1342177280,10485760,128.0,312.5,0.4096,0.000536870912,0.00131072,0.022945815700011876,0.056020057861357116
TRTLLM,1.2.0rc6,NVIDIA GB200,mla_context,default,float16,fp8,4,4,1024,32,0,0.0358879988392194,5368709120,15728640,341.3333333333333,312.5,1.0922666666666665,0.002147483648,0.00196608,0.05983848967508242,0.05478377350624001
TRTLLM,1.2.0rc6,NVIDIA GB200,mla_context,default,float16,fp8,4,4,1024,32,0,0.0363253330190976,5368709120,15728640,341.3333333333333,312.5,1.0922666666666665,0.002147483648,0.00196608,0.05911807186656724,0.054124211303619905
TRTLLM,1.2.0rc6,NVIDIA GB200,mla_context,default,float16,float16,4,4,1024,32,0,0.0306133329868316,5368709120,20971520,256.0,312.5,0.8192,0.002147483648,0.00262144,0.07014863912151433,0.0856306629901298
TRTLLM,1.2.0rc6,NVIDIA GB200,mla_context,default,float16,float16,4,4,1024,32,0,0.0314986656109491,5368709120,20971520,256.0,312.5,0.8192,0.002147483648,0.00262144,0.0681769721461954,0.08322384295189869
TRTLLM,1.2.0rc6,NVIDIA GB200,mla_context,default,float16,fp8,4,4,1536,32,0,0.0437493324279785,12079595520,23592960,512.0,312.5,1.6384,0.004831838208,0.00294912,0.11044370142000043,0.06740948572998073
TRTLLM,1.2.0rc6,NVIDIA GB200,mla_context,default,float16,fp8,4,4,1536,32,0,0.0441653331120808,12079595520,23592960,512.0,312.5,1.6384,0.004831838208,0.00294912,0.10940341366243017,0.0667745444716981
TRTLLM,1.2.0rc6,NVIDIA GB200,mla_context,default,float16,float16,4,4,1536,32,0,0.0373386666178703,12079595520,31457280,384.0,312.5,1.2288,0.004831838208,0.00393216,0.1294057513475181,0.10531067004192554
TRTLLM,1.2.0rc6,NVIDIA GB200,mla_context,default,float16,float16,4,4,1536,32,0,0.0410773331920305,12079595520,31457280,384.0,312.5,1.2288,0.004831838208,0.00393216,0.11762784563963452,0.09572578583954632
TRTLLM,1.2.0rc6,NVIDIA GB200,mla_context,default,float16,fp8,4,4,2048,32,0,0.0519733329614003,21474836480,31457280,682.6666666666666,312.5,2.184533333333333,0.008589934592,0.00393216,0.16527580785283863,0.07565726067482237
TRTLLM,1.2.0rc6,NVIDIA GB200,mla_context,default,float16,fp8,4,4,2048,32,0,0.0521386663118998,21474836480,31457280,682.6666666666666,312.5,2.184533333333333,0.008589934592,0.00393216,0.16475171306864608,0.07541734912199985
TRTLLM,1.2.0rc6,NVIDIA GB200,mla_context,default,float16,float16,4,4,2048,32,0,0.0466399987538655,21474836480,41943040,512.0,312.5,1.6384,0.008589934592,0.00524288,0.1841752749036699,0.11241166681132196
TRTLLM,1.2.0rc6,NVIDIA GB200,mla_context,default,float16,float16,4,4,2048,32,0,0.0468426644802093,21474836480,41943040,512.0,312.5,1.6384,0.008589934592,0.00524288,0.18337843688693642,0.11192531548274928
TRTLLM,1.2.0rc6,NVIDIA GB200,mla_context,default,float16,fp8,4,4,3072,32,0,0.0908373296260833,48318382080,47185920,1024.0,312.5,3.2768,0.019327352832,0.00589824,0.21276883536270627,0.06493189555746652
TRTLLM,1.2.0rc6,NVIDIA GB200,mla_context,default,float16,fp8,4,4,3072,32,0,0.0916106700897216,48318382080,47185920,1024.0,312.5,3.2768,0.019327352832,0.00589824,0.2109727263545959,0.06438376658770628
TRTLLM,1.2.0rc6,NVIDIA GB200,mla_context,default,float16,float16,4,4,3072,32,0,0.082437331477801,48318382080,62914560,768.0,312.5,2.4576,0.019327352832,0.00786432,0.2344490352311384,0.09539755665329523
TRTLLM,1.2.0rc6,NVIDIA GB200,mla_context,default,float16,float16,4,4,3072,32,0,0.0849493344624837,48318382080,62914560,768.0,312.5,2.4576,0.019327352832,0.00786432,0.2275162360516852,0.09257659344550992
TRTLLM,1.2.0rc6,NVIDIA GB200,mla_context,default,float16,fp8,4,4,4096,32,0,0.1287306646505991,85899345920,62914560,1365.3333333333333,312.5,4.369066666666666,0.034359738368,0.00786432,0.2669118384594629,0.06109127162005529
TRTLLM,1.2.0rc6,NVIDIA GB200,mla_context,default,float16,fp8,4,4,4096,32,0,0.1308693289756775,85899345920,62914560,1365.3333333333333,312.5,4.369066666666666,0.034359738368,0.00786432,0.2625499697823458,0.06009291910911845
TRTLLM,1.2.0rc6,NVIDIA GB200,mla_context,default,float16,float16,4,4,4096,32,0,0.1259146630764007,85899345920,83886080,1024.0,312.5,3.2768,0.034359738368,0.01048576,0.27288115242902,0.08327671888092653
TRTLLM,1.2.0rc6,NVIDIA GB200,mla_context,default,float16,float16,4,4,4096,32,0,0.1292746663093567,85899345920,83886080,1024.0,312.5,3.2768,0.034359738368,0.01048576,0.26578864482060627,0.08111225733050728
TRTLLM,1.2.0rc6,NVIDIA GB200,mla_context,default,float16,fp8,4,4,6144,32,0,0.2118720014890035,193273528320,94371840,2048.0,312.5,6.5536,0.077309411328,0.01179648,0.36488734134138284,0.05567738973104597
TRTLLM,1.2.0rc6,NVIDIA GB200,mla_context,default,float16,fp8,4,4,6144,32,0,0.211898664633433,193273528320,94371840,2048.0,312.5,6.5536,0.077309411328,0.01179648,0.3648414276783614,0.05567038386205466
TRTLLM,1.2.0rc6,NVIDIA GB200,mla_context,default,float16,float16,4,4,6144,32,0,0.2206240097681681,193273528320,125829120,1536.0,312.5,4.9152,0.077309411328,0.01572864,0.35041250228946885,0.07129160609730403
TRTLLM,1.2.0rc6,NVIDIA GB200,mla_context,default,float16,float16,4,4,6144,32,0,0.2211573322614034,193273528320,125829120,1536.0,312.5,4.9152,0.077309411328,0.01572864,0.34956748002649024,0.07111968587778528
TRTLLM,1.2.0rc6,NVIDIA GB200,mla_context,default,float16,fp8,4,4,8192,32,0,0.3065226674079895,343597383680,125829120,2730.6666666666665,312.5,8.738133333333332,0.137438953472,0.01572864,0.44838104351044694,0.051313138219121576
TRTLLM,1.2.0rc6,NVIDIA GB200,mla_context,default,float16,fp8,4,4,8192,32,0,0.3066933353741963,343597383680,125829120,2730.6666666666665,312.5,8.738133333333332,0.137438953472,0.01572864,0.4481315295107761,0.051284583607953196
TRTLLM,1.2.0rc6,NVIDIA GB200,mla_context,default,float16,float16,4,4,8192,32,0,0.3290453354517619,343597383680,167772160,2048.0,312.5,6.5536,0.137438953472,0.02097152,0.41769002220713314,0.06373443942369586
TRTLLM,1.2.0rc6,NVIDIA GB200,mla_context,default,float16,float16,4,4,8192,32,0,0.3963786760965983,343597383680,167772160,2048.0,312.5,6.5536,0.137438953472,0.02097152,0.34673649658819145,0.05290779061709464
TRTLLM,1.2.0rc6,NVIDIA GB200,mla_context,default,float16,fp8,4,4,10240,32,0,0.4239199956258138,536870912000,157286400,3413.3333333333335,312.5,10.922666666666666,0.2147483648,0.0196608,0.5065775783540872,0.046378562471382494
TRTLLM,1.2.0rc6,NVIDIA GB200,mla_context,default,float16,fp8,4,4,10240,32,0,0.4281333287556966,536870912000,157286400,3413.3333333333335,312.5,10.922666666666666,0.2147483648,0.0196608,0.5015922619809418,0.04592214312569656
TRTLLM,1.2.0rc6,NVIDIA GB200,mla_context,default,float16,float16,4,4,10240,32,0,0.4582560062408447,536870912000,209715200,2560.0,312.5,8.192,0.2147483648,0.026214400000000002,0.46862094959020595,0.057204705760523195
TRTLLM,1.2.0rc6,NVIDIA GB200,mla_context,default,float16,float16,4,4,10240,32,0,0.4652266502380371,536870912000,209715200,2560.0,312.5,8.192,0.2147483648,0.026214400000000002,0.4615994476888248,0.05634758882920225
TRTLLM,1.2.0rc6,NVIDIA GB200,mla_context,default,float16,fp8,4,4,12288,32,0,0.5576746861139933,773094113280,188743680,4096.0,312.5,13.1072,0.309237645312,0.02359296,0.5545126092540432,0.04230595468551966
TRTLLM,1.2.0rc6,NVIDIA GB200,mla_context,default,float16,fp8,4,4,12288,32,0,0.559994657834371,773094113280,188743680,4096.0,312.5,13.1072,0.309237645312,0.02359296,0.5522153488176005,0.04213068762341312
TRTLLM,1.2.0rc6,NVIDIA GB200,mla_context,default,float16,float16,4,4,12288,32,0,0.6142346858978271,773094113280,251658240,3072.0,312.5,9.8304,0.309237645312,0.03145728,0.5034519417606435,0.05121377988287795
TRTLLM,1.2.0rc6,NVIDIA GB200,mla_context,default,float16,float16,4,4,12288,32,0,0.6321973403294882,773094113280,251658240,3072.0,312.5,9.8304,0.309237645312,0.03145728,0.48914733673322913,0.049758640211306666
TRTLLM,1.2.0rc6,NVIDIA GB200,mla_context,default,float16,fp8,4,4,16384,32,0,0.8788213729858398,1374389534720,251658240,5461.333333333333,312.5,17.476266666666664,0.549755813888,0.03145728,0.6255603593483132,0.03579485088434104
TRTLLM,1.2.0rc6,NVIDIA GB200,mla_context,default,float16,fp8,4,4,16384,32,0,0.9078826904296876,1374389534720,251658240,5461.333333333333,312.5,17.476266666666664,0.549755813888,0.03145728,0.6055361773973338,0.034649058002319356
TRTLLM,1.2.0rc6,NVIDIA GB200,mla_context,default,float16,float16,4,4,16384,32,0,0.9763306776682537,1374389534720,335544320,4096.0,312.5,13.1072,0.549755813888,0.04194304,0.5630836216280412,0.04295987103485422
TRTLLM,1.2.0rc6,NVIDIA GB200,mla_context,default,float16,float16,4,4,16384,32,0,0.997978687286377,1374389534720,335544320,4096.0,312.5,13.1072,0.549755813888,0.04194304,0.5508692929934722,0.042027991713979515
TRTLLM,1.2.0rc6,NVIDIA GB200,mla_context,default,float16,fp8,4,2,1,32,0,0.0172213328381379,2560,7680,0.3333333333333333,312.5,0.0010666666666666665,1.024e-09,9.6e-07,5.946113518764803e-08,5.574481423842003e-05
TRTLLM,1.2.0rc6,NVIDIA GB200,mla_context,default,float16,fp8,4,2,1,32,0,0.0174133330583572,2560,7680,0.3333333333333333,312.5,0.0010666666666666665,1.024e-09,9.6e-07,5.880551394545058e-08,5.5130169323859915e-05
TRTLLM,1.2.0rc6,NVIDIA GB200,mla_context,default,float16,float16,4,2,1,32,0,0.0151573332647482,2560,10240,0.25,312.5,0.0008,1.024e-09,1.28e-06,6.755805801153315e-08,8.444757251441644e-05
TRTLLM,1.2.0rc6,NVIDIA GB200,mla_context,default,float16,float16,4,2,1,32,0,0.0152373338739077,2560,10240,0.25,312.5,0.0008,1.024e-09,1.28e-06,6.720335778383711e-08,8.40041972297964e-05
TRTLLM,1.2.0rc6,NVIDIA GB200,mla_context,default,float16,fp8,4,2,16,32,0,0.0194560003777345,655360,122880,5.333333333333333,312.5,0.017066666666666664,2.62144e-07,1.536e-05,1.3473683948937331e-05,0.0007894736688830467
TRTLLM,1.2.0rc6,NVIDIA GB200,mla_context,default,float16,fp8,4,2,16,32,0,0.0195306663711865,655360,122880,5.333333333333333,312.5,0.017066666666666664,2.62144e-07,1.536e-05,1.3422173878651667e-05,0.0007864555007022461
TRTLLM,1.2.0rc6,NVIDIA GB200,mla_context,default,float16,float16,4,2,16,32,0,0.014954666296641,655360,163840,4.0,312.5,0.0128,2.62144e-07,2.048e-05,1.752924437096137e-05,0.0013694722164813572
TRTLLM,1.2.0rc6,NVIDIA GB200,mla_context,default,float16,float16,4,2,16,32,0,0.015589332828919,655360,163840,4.0,312.5,0.0128,2.62144e-07,2.048e-05,1.6815600954629027e-05,0.0013137188245803929
TRTLLM,1.2.0rc6,NVIDIA GB200,mla_context,default,float16,fp8,4,2,32,32,0,0.0192533334096272,2621440,245760,10.666666666666666,312.5,0.03413333333333333,1.048576e-06,3.072e-05,5.44620496456828e-05,0.0015955678607133632
TRTLLM,1.2.0rc6,NVIDIA GB200,mla_context,default,float16,fp8,4,2,32,32,0,0.0217493325471878,2621440,245760,10.666666666666666,312.5,0.03413333333333333,1.048576e-06,3.072e-05,4.821187030567434e-05,0.0014124571378615527
TRTLLM,1.2.0rc6,NVIDIA GB200,mla_context,default,float16,float16,4,2,32,32,0,0.0155360003312428,2621440,327680,8.0,312.5,0.0256,1.048576e-06,4.096e-05,6.749330443121324e-05,0.0026364572043442672
TRTLLM,1.2.0rc6,NVIDIA GB200,mla_context,default,float16,float16,4,2,32,32,0,0.015589332828919,2621440,327680,8.0,312.5,0.0256,1.048576e-06,4.096e-05,6.726240381851611e-05,0.0026274376491607857
TRTLLM,1.2.0rc6,NVIDIA GB200,mla_context,default,float16,fp8,4,2,64,32,0,0.0212586671113967,10485760,491520,21.333333333333332,312.5,0.06826666666666666,4.194304e-06,6.144e-05,0.00019729854077970145,0.0028901153434526578
TRTLLM,1.2.0rc6,NVIDIA GB200,mla_context,default,float16,fp8,4,2,64,32,0,0.0217919995387395,10485760,491520,21.333333333333332,312.5,0.06826666666666666,4.194304e-06,6.144e-05,0.00019246990128390064,0.0028193833195883883
TRTLLM,1.2.0rc6,NVIDIA GB200,mla_context,default,float16,float16,4,2,64,32,0,0.0153173332413037,10485760,655360,16.0,312.5,0.0512,4.194304e-06,8.192e-05,0.00027382729969534903,0.005348189447174786
TRTLLM,1.2.0rc6,NVIDIA GB200,mla_context,default,float16,float16,4,2,64,32,0,0.0153706669807434,10485760,655360,16.0,312.5,0.0512,4.194304e-06,8.192e-05,0.0002728771630570545,0.005329632090958095
TRTLLM,1.2.0rc6,NVIDIA GB200,mla_context,default,float16,fp8,4,2,128,32,0,0.0210613335172335,41943040,983040,42.666666666666664,312.5,0.1365333333333333,1.6777216e-05,0.00012288,0.000796588496463056,0.0058343884018290226
TRTLLM,1.2.0rc6,NVIDIA GB200,mla_context,default,float16,fp8,4,2,128,32,0,0.0225493336717287,41943040,983040,42.666666666666664,312.5,0.1365333333333333,1.6777216e-05,0.00012288,0.0007440226946055832,0.005449384970255737
TRTLLM,1.2.0rc6,NVIDIA GB200,mla_context,default,float16,float16,4,2,128,32,0,0.0152906663715839,41943040,1310720,32.0,312.5,0.1024,1.6777216e-05,0.00016384,0.0010972194142682163,0.01071503334246305
TRTLLM,1.2.0rc6,NVIDIA GB200,mla_context,default,float16,float16,4,2,128,32,0,0.017029333859682,41943040,1310720,32.0,312.5,0.1024,1.6777216e-05,0.00016384,0.0009851950838618,0.009621045740837893
TRTLLM,1.2.0rc6,NVIDIA GB200,mla_context,default,float16,fp8,4,2,256,32,0,0.0234613344073295,167772160,1966080,85.33333333333333,312.5,0.2730666666666666,6.7108864e-05,0.00024576,0.0028604026878809876,0.010475107499564163
TRTLLM,1.2.0rc6,NVIDIA GB200,mla_context,default,float16,fp8,4,2,256,32,0,0.0248426670829455,167772160,1966080,85.33333333333333,312.5,0.2730666666666666,6.7108864e-05,0.00024576,0.0027013550427550615,0.009892657627276836
TRTLLM,1.2.0rc6,NVIDIA GB200,mla_context,default,float16,float16,4,2,256,32,0,0.0192159997920195,167772160,2621440,64.0,312.5,0.2048,6.7108864e-05,0.00032768,0.0034923430852591207,0.0170524564709918
TRTLLM,1.2.0rc6,NVIDIA GB200,mla_context,default,float16,float16,4,2,256,32,0,0.0192693335314591,167772160,2621440,64.0,312.5,0.2048,6.7108864e-05,0.00032768,0.003482676963914612,0.017005258612864317
TRTLLM,1.2.0rc6,NVIDIA GB200,mla_context,default,float16,fp8,4,2,512,32,0,0.0264160012205441,671088640,3932160,170.66666666666666,312.5,0.5461333333333332,0.000268435456,0.00049152,0.010161850529868765,0.01860690404639056
TRTLLM,1.2.0rc6,NVIDIA GB200,mla_context,default,float16,fp8,4,2,512,32,0,0.0278026660283406,671088640,3932160,170.66666666666666,312.5,0.5461333333333332,0.000268435456,0.00049152,0.009655025734811574,0.017678880129659864
TRTLLM,1.2.0rc6,NVIDIA GB200,mla_context,default,float16,float16,4,2,512,32,0,0.0232266659537951,671088640,5242880,128.0,312.5,0.4096,0.000268435456,0.00065536,0.011557209998800505,0.02821584472363405
TRTLLM,1.2.0rc6,NVIDIA GB200,mla_context,default,float16,float16,4,2,512,32,0,0.0238186667362848,671088640,5242880,128.0,312.5,0.4096,0.000268435456,0.00065536,0.011269961453848787,0.027514554330685517
TRTLLM,1.2.0rc6,NVIDIA GB200,mla_context,default,float16,fp8,4,2,1024,32,0,0.0341493338346481,2684354560,7864320,341.3333333333333,312.5,1.0922666666666665,0.001073741824,0.00098304,0.03144254084718267,0.02878650590257202
TRTLLM,1.2.0rc6,NVIDIA GB200,mla_context,default,float16,fp8,4,2,1024,32,0,0.034661332766215,2684354560,7864320,341.3333333333333,312.5,1.0922666666666665,0.001073741824,0.00098304,0.030978088212655075,0.028361286815785286
TRTLLM,1.2.0rc6,NVIDIA GB200,mla_context,default,float16,float16,4,2,1024,32,0,0.0294026657938957,2684354560,10485760,256.0,312.5,0.8192,0.001073741824,0.00131072,0.03651851949502211,0.04457827086794692
TRTLLM,1.2.0rc6,NVIDIA GB200,mla_context,default,float16,float16,4,2,1024,32,0,0.0295786658922831,2684354560,10485760,256.0,312.5,0.8192,0.001073741824,0.00131072,0.03630122561680961,0.04431301955176955
TRTLLM,1.2.0rc6,NVIDIA GB200,mla_context,default,float16,fp8,4,2,1536,32,0,0.0400800009568532,6039797760,11796480,512.0,312.5,1.6384,0.002415919104,0.00147456,0.06027742131545301,0.03679041828335755
TRTLLM,1.2.0rc6,NVIDIA GB200,mla_context,default,float16,fp8,4,2,1536,32,0,0.041743998726209,6039797760,11796480,512.0,312.5,1.6384,0.002415919104,0.00147456,0.05787464492430533,0.035323879958682455
TRTLLM,1.2.0rc6,NVIDIA GB200,mla_context,default,float16,float16,4,2,1536,32,0,0.0357866659760475,6039797760,15728640,384.0,312.5,1.2288,0.002415919104,0.00196608,0.06750891814333884,0.05493889822862861
TRTLLM,1.2.0rc6,NVIDIA GB200,mla_context,default,float16,float16,4,2,1536,32,0,0.0362773338953653,6039797760,15728640,384.0,312.5,1.2288,0.002415919104,0.00196608,0.06659582843017722,0.05419582391778745
TRTLLM,1.2.0rc6,NVIDIA GB200,mla_context,default,float16,fp8,4,2,2048,32,0,0.0477813333272933,10737418240,15728640,682.6666666666666,312.5,2.184533333333333,0.004294967296,0.00196608,0.08988797500857224,0.04114744949733226
TRTLLM,1.2.0rc6,NVIDIA GB200,mla_context,default,float16,fp8,4,2,2048,32,0,0.0479733347892761,10737418240,15728640,682.6666666666666,312.5,2.184533333333333,0.004294967296,0.00196608,0.08952822051803852,0.04098276696077203
TRTLLM,1.2.0rc6,NVIDIA GB200,mla_context,default,float16,float16,4,2,2048,32,0,0.0437013357877731,10737418240,20971520,512.0,312.5,1.6384,0.004294967296,0.00262144,0.09828000033815122,0.059985351768891124
TRTLLM,1.2.0rc6,NVIDIA GB200,mla_context,default,float16,float16,4,2,2048,32,0,0.0444800009330113,10737418240,20971520,512.0,312.5,1.6384,0.004294967296,0.00262144,0.09655951452133278,0.0589352505623369
TRTLLM,1.2.0rc6,NVIDIA GB200,mla_context,default,float16,fp8,4,2,3072,32,0,0.060069332520167,24159191040,23592960,1024.0,312.5,3.2768,0.009663676416,0.00294912,0.16087537534657348,0.049095268355277555
TRTLLM,1.2.0rc6,NVIDIA GB200,mla_context,default,float16,fp8,4,2,3072,32,0,0.061759998401006,24159191040,23592960,1024.0,312.5,3.2768,0.009663676416,0.00294912,0.1564714486107012,0.04775129657308997
TRTLLM,1.2.0rc6,NVIDIA GB200,mla_context,default,float16,float16,4,2,3072,32,0,0.0564533323049545,24159191040,31457280,768.0,312.5,2.4576,0.009663676416,0.00393216,0.17117991129023022,0.06965328421640227
TRTLLM,1.2.0rc6,NVIDIA GB200,mla_context,default,float16,float16,4,2,3072,32,0,0.056768000125885,24159191040,31457280,768.0,312.5,2.4576,0.009663676416,0.00393216,0.1702310526101054,0.06926719263106501
TRTLLM,1.2.0rc6,NVIDIA GB200,mla_context,default,float16,fp8,4,2,4096,32,0,0.0748586654663086,42949672960,31457280,1365.3333333333333,312.5,4.369066666666666,0.017179869184,0.00393216,0.22949740122914813,0.05252778653621249
TRTLLM,1.2.0rc6,NVIDIA GB200,mla_context,default,float16,fp8,4,2,4096,32,0,0.0768426656723022,42949672960,31457280,1365.3333333333333,312.5,4.369066666666666,0.017179869184,0.00393216,0.22357200955604603,0.05117157201142411
TRTLLM,1.2.0rc6,NVIDIA GB200,mla_context,default,float16,float16,4,2,4096,32,0,0.0714346667130788,42949672960,41943040,1024.0,312.5,3.2768,0.017179869184,0.00524288,0.2404976459539438,0.0733940569927807
TRTLLM,1.2.0rc6,NVIDIA GB200,mla_context,default,float16,float16,4,2,4096,32,0,0.072202667593956,42949672960,41943040,1024.0,312.5,3.2768,0.017179869184,0.00524288,0.23793953542844043,0.07261338361463636
TRTLLM,1.2.0rc6,NVIDIA GB200,mla_context,default,float16,fp8,4,2,6144,32,0,0.1323306659857432,96636764160,47185920,2048.0,312.5,6.5536,0.038654705664,0.00589824,0.2921069381466312,0.0445719815287218
TRTLLM,1.2.0rc6,NVIDIA GB200,mla_context,default,float16,fp8,4,2,6144,32,0,0.1333440045515696,96636764160,47185920,2048.0,312.5,6.5536,0.038654705664,0.00589824,0.28988709161686105,0.04423325982923295
TRTLLM,1.2.0rc6,NVIDIA GB200,mla_context,default,float16,float16,4,2,6144,32,0,0.1348960002263387,96636764160,62914560,1536.0,312.5,4.9152,0.038654705664,0.00786432,0.28655190368240874,0.058299134049969226
TRTLLM,1.2.0rc6,NVIDIA GB200,mla_context,default,float16,float16,4,2,6144,32,0,0.1378453373908996,96636764160,62914560,1536.0,312.5,4.9152,0.038654705664,0.00786432,0.28042084263164885,0.05705176648593116
TRTLLM,1.2.0rc6,NVIDIA GB200,mla_context,default,float16,fp8,4,2,8192,32,0,0.1959893306096395,171798691840,62914560,2730.6666666666665,312.5,8.738133333333332,0.068719476736,0.00786432,0.35062866188808806,0.04012626593262727
TRTLLM,1.2.0rc6,NVIDIA GB200,mla_context,default,float16,fp8,4,2,8192,32,0,0.1973386605580648,171798691840,62914560,2730.6666666666665,312.5,8.738133333333332,0.068719476736,0.00786432,0.34823119069352365,0.03985189712831768
TRTLLM,1.2.0rc6,NVIDIA GB200,mla_context,default,float16,float16,4,2,8192,32,0,0.2090506752332051,171798691840,83886080,2048.0,312.5,6.5536,0.068719476736,0.01048576,0.328721620532153,0.05015893867983291
TRTLLM,1.2.0rc6,NVIDIA GB200,mla_context,default,float16,float16,4,2,8192,32,0,0.2102453311284383,171798691840,83886080,2048.0,312.5,6.5536,0.068719476736,0.01048576,0.3268537587358811,0.04987392558836076
TRTLLM,1.2.0rc6,NVIDIA GB200,mla_context,default,float16,fp8,4,2,10240,32,0,0.2610986630121867,268435456000,78643200,3413.3333333333335,312.5,10.922666666666666,0.1073741824,0.0098304,0.4112398782945447,0.037650135341907774
TRTLLM,1.2.0rc6,NVIDIA GB200,mla_context,default,float16,fp8,4,2,10240,32,0,0.2628213365872701,268435456000,78643200,3413.3333333333335,312.5,10.922666666666666,0.1073741824,0.0098304,0.40854438910573876,0.037403355936194344
TRTLLM,1.2.0rc6,NVIDIA GB200,mla_context,default,float16,float16,4,2,10240,32,0,0.2877813378969828,268435456000,104857600,2560.0,312.5,8.192,0.1073741824,0.013107200000000001,0.3731103037627714,0.04554569137729143
TRTLLM,1.2.0rc6,NVIDIA GB200,mla_context,default,float16,float16,4,2,10240,32,0,0.3048640092213948,268435456000,104857600,2560.0,312.5,8.192,0.1073741824,0.013107200000000001,0.3522035371581825,0.0429935958445047
TRTLLM,1.2.0rc6,NVIDIA GB200,mla_context,default,float16,fp8,4,2,12288,32,0,0.3359466791152954,386547056640,94371840,4096.0,312.5,13.1072,0.154618822656,0.01179648,0.46024810563147583,0.03511414380122954
TRTLLM,1.2.0rc6,NVIDIA GB200,mla_context,default,float16,fp8,4,2,12288,32,0,0.3360000054041545,386547056640,94371840,4096.0,312.5,13.1072,0.154618822656,0.01179648,0.460175060027211,0.035108570863892435
TRTLLM,1.2.0rc6,NVIDIA GB200,mla_context,default,float16,float16,4,2,12288,32,0,0.3684586683909098,386547056640,125829120,3072.0,312.5,9.8304,0.154618822656,0.01572864,0.41963681661021435,0.042687664450095045
TRTLLM,1.2.0rc6,NVIDIA GB200,mla_context,default,float16,float16,4,2,12288,32,0,0.3752053181330363,386547056640,125829120,3072.0,312.5,9.8304,0.154618822656,0.01572864,0.4120912342750347,0.041920088122053493
TRTLLM,1.2.0rc6,NVIDIA GB200,mla_context,default,float16,fp8,4,2,16384,32,0,0.5075413386027018,687194767360,125829120,5461.333333333333,312.5,17.476266666666664,0.274877906944,0.01572864,0.5415872285413418,0.030989869797211175
TRTLLM,1.2.0rc6,NVIDIA GB200,mla_context,default,float16,fp8,4,2,16384,32,0,0.5132906834284464,687194767360,125829120,5461.333333333333,312.5,17.476266666666664,0.274877906944,0.01572864,0.5355209354434317,0.030642753721815016
TRTLLM,1.2.0rc6,NVIDIA GB200,mla_context,default,float16,float16,4,2,16384,32,0,0.5665920178095499,687194767360,167772160,4096.0,312.5,13.1072,0.274877906944,0.02097152,0.4851425687334611,0.037013440607716455
TRTLLM,1.2.0rc6,NVIDIA GB200,mla_context,default,float16,float16,4,2,16384,32,0,0.6671626567840576,687194767360,167772160,4096.0,312.5,13.1072,0.274877906944,0.02097152,0.41201033083746247,0.0314338936490984
TRTLLM,1.2.0rc6,NVIDIA GB200,mla_context,default,float16,fp8,4,2,32768,32,0,1.550853411356608,2748779069440,251658240,10922.666666666666,312.5,34.95253333333333,1.099511627776,0.03145728,0.7089719890509851,0.020283851310281327
TRTLLM,1.2.0rc6,NVIDIA GB200,mla_context,default,float16,fp8,4,2,32768,32,0,1.5523680051167803,2748779069440,251658240,10922.666666666666,312.5,34.95253333333333,1.099511627776,0.03145728,0.7082802686939472,0.020264061032122055
TRTLLM,1.2.0rc6,NVIDIA GB200,mla_context,default,float16,float16,4,2,32768,32,0,1.9154399236043291,2748779069440,335544320,8192.0,312.5,26.2144,1.099511627776,0.04194304,0.5740256398681628,0.021897340388037218
TRTLLM,1.2.0rc6,NVIDIA GB200,mla_context,default,float16,float16,4,2,32768,32,0,1.975781281789144,2748779069440,335544320,8192.0,312.5,26.2144,1.099511627776,0.04194304,0.5564946069234703,0.021228584553660213
TRTLLM,1.2.0rc6,NVIDIA GB200,mla_context,default,float16,fp8,4,1,1,32,0,0.0169866668681303,1280,3840,0.3333333333333333,312.5,0.0010666666666666665,5.12e-10,4.8e-07,3.014128692666563e-08,2.825745649374902e-05
TRTLLM,1.2.0rc6,NVIDIA GB200,mla_context,default,float16,fp8,4,1,1,32,0,0.0193813331425189,1280,3840,0.3333333333333333,312.5,0.0010666666666666665,5.12e-10,4.8e-07,2.6417171421338963e-08,2.476609820750528e-05
TRTLLM,1.2.0rc6,NVIDIA GB200,mla_context,default,float16,float16,4,1,1,32,0,0.0150826672712961,1280,5120,0.25,312.5,0.0008,5.12e-10,6.4e-07,3.3946250407206807e-08,4.243281300900851e-05
TRTLLM,1.2.0rc6,NVIDIA GB200,mla_context,default,float16,float16,4,1,1,32,0,0.0152959997455279,1280,5120,0.25,312.5,0.0008,5.12e-10,6.4e-07,3.3472803904151064e-08,4.184100488018884e-05
TRTLLM,1.2.0rc6,NVIDIA GB200,mla_context,default,float16,fp8,4,1,16,32,0,0.0175466661651929,327680,61440,5.333333333333333,312.5,0.017066666666666664,1.31072e-07,7.68e-06,7.469909028075423e-06,0.00043768998211379426
TRTLLM,1.2.0rc6,NVIDIA GB200,mla_context,default,float16,fp8,4,1,16,32,0,0.0175893331567446,327680,61440,5.333333333333333,312.5,0.017066666666666664,1.31072e-07,7.68e-06,7.451789037820383e-06,0.00043662826393478803
TRTLLM,1.2.0rc6,NVIDIA GB200,mla_context,default,float16,float16,4,1,16,32,0,0.0154559997220834,327680,81920,4.0,312.5,0.0128,1.31072e-07,1.024e-05,8.48033141542604e-06,0.0006625258918301594
TRTLLM,1.2.0rc6,NVIDIA GB200,mla_context,default,float16,float16,4,1,16,32,0,0.0156853335599104,327680,81920,4.0,312.5,0.0128,1.31072e-07,1.024e-05,8.356341259774187e-06,0.0006528391609198584
TRTLLM,1.2.0rc6,NVIDIA GB200,mla_context,default,float16,fp8,4,1,32,32,0,0.0177493331333001,1310720,122880,10.666666666666666,312.5,0.03413333333333333,5.24288e-07,1.536e-05,2.9538461871357086e-05,0.0008653846251374146
TRTLLM,1.2.0rc6,NVIDIA GB200,mla_context,default,float16,fp8,4,1,32,32,0,0.0193653330206871,1310720,122880,10.666666666666666,312.5,0.03413333333333333,5.24288e-07,1.536e-05,2.7073533898948553e-05,0.0007931699384457583
TRTLLM,1.2.0rc6,NVIDIA GB200,mla_context,default,float16,float16,4,1,32,32,0,0.0149706664184729,1310720,163840,8.0,312.5,0.0256,5.24288e-07,2.048e-05,3.502101946196999e-05,0.0013680085727332029
TRTLLM,1.2.0rc6,NVIDIA GB200,mla_context,default,float16,float16,4,1,32,32,0,0.0170933331052462,1310720,163840,8.0,312.5,0.0256,5.24288e-07,2.048e-05,3.067207529227217e-05,0.001198127941104382
TRTLLM,1.2.0rc6,NVIDIA GB200,mla_context,default,float16,fp8,4,1,64,32,0,0.0199573338031768,5242880,245760,21.333333333333332,312.5,0.06826666666666666,2.097152e-06,3.072e-05,0.0001050817719782878,0.0015392837692132003
TRTLLM,1.2.0rc6,NVIDIA GB200,mla_context,default,float16,fp8,4,1,64,32,0,0.0211199993888537,5242880,245760,21.333333333333332,312.5,0.06826666666666666,2.097152e-06,3.072e-05,9.929697257031143e-05,0.0014545454966354212
TRTLLM,1.2.0rc6,NVIDIA GB200,mla_context,default,float16,float16,4,1,64,32,0,0.0153920004765192,5242880,327680,16.0,312.5,0.0512,2.097152e-06,4.096e-05,0.000136249476031348,0.002661122578737266
TRTLLM,1.2.0rc6,NVIDIA GB200,mla_context,default,float16,float16,4,1,64,32,0,0.0154719998439153,5242880,327680,16.0,312.5,0.0512,2.097152e-06,4.096e-05,0.00013554498585551309,0.00264736300499049
TRTLLM,1.2.0rc6,NVIDIA GB200,mla_context,default,float16,fp8,4,1,128,32,0,0.0217333336671193,20971520,491520,42.666666666666664,312.5,0.1365333333333333,8.388608e-06,6.144e-05,0.0003859788897775612,0.0028269938216129967
TRTLLM,1.2.0rc6,NVIDIA GB200,mla_context,default,float16,fp8,4,1,128,32,0,0.0219200005133946,20971520,491520,42.666666666666664,312.5,0.1365333333333333,8.388608e-06,6.144e-05,0.00038269196183978165,0.002802919642381213
TRTLLM,1.2.0rc6,NVIDIA GB200,mla_context,default,float16,float16,4,1,128,32,0,0.0160693327585856,20971520,655360,32.0,312.5,0.1024,8.388608e-06,8.192e-05,0.000522025906490616,0.005097909243072423
TRTLLM,1.2.0rc6,NVIDIA GB200,mla_context,default,float16,float16,4,1,128,32,0,0.0174079996844132,20971520,655360,32.0,312.5,0.1024,8.388608e-06,8.192e-05,0.0004818823616771434,0.0047058824382533535
TRTLLM,1.2.0rc6,NVIDIA GB200,mla_context,default,float16,fp8,4,1,256,32,0,0.0239253342151641,83886080,983040,85.33333333333333,312.5,0.2730666666666666,3.3554432e-05,0.00012288,0.0014024645047061824,0.005135978410789241
TRTLLM,1.2.0rc6,NVIDIA GB200,mla_context,default,float16,fp8,4,1,256,32,0,0.0240800008177757,83886080,983040,85.33333333333333,312.5,0.2730666666666666,3.3554432e-05,0.00012288,0.0013934564310824416,0.005102989859921051
TRTLLM,1.2.0rc6,NVIDIA GB200,mla_context,default,float16,float16,4,1,256,32,0,0.018960000326236,83886080,1310720,64.0,312.5,0.2048,3.3554432e-05,0.00016384,0.0017697484927555024,0.008641350062282728
TRTLLM,1.2.0rc6,NVIDIA GB200,mla_context,default,float16,float16,4,1,256,32,0,0.0194986661275227,83886080,1310720,64.0,312.5,0.2048,3.3554432e-05,0.00016384,0.00172085781563475,0.008402626052904053
TRTLLM,1.2.0rc6,NVIDIA GB200,mla_context,default,float16,fp8,4,1,512,32,0,0.0276266659299532,335544320,1966080,170.66666666666666,312.5,0.5461333333333332,0.000134217728,0.00024576,0.00485826731102139,0.008895753132973737
TRTLLM,1.2.0rc6,NVIDIA GB200,mla_context,default,float16,fp8,4,1,512,32,0,0.0279146656394004,335544320,1966080,170.66666666666666,312.5,0.5461333333333332,0.000134217728,0.00024576,0.0048081438529056645,0.008803974340037227
TRTLLM,1.2.0rc6,NVIDIA GB200,mla_context,default,float16,float16,4,1,512,32,0,0.0228426655133565,335544320,2621440,128.0,312.5,0.4096,0.000134217728,0.00032768,0.005875747203036378,0.014345085944913034
TRTLLM,1.2.0rc6,NVIDIA GB200,mla_context,default,float16,float16,4,1,512,32,0,0.0231893335779507,335544320,2621440,128.0,312.5,0.4096,0.000134217728,0.00032768,0.0057879079426249366,0.014130634625549162
TRTLLM,1.2.0rc6,NVIDIA GB200,mla_context,default,float16,fp8,4,1,1024,32,0,0.0315360004703203,1342177280,3932160,341.3333333333333,312.5,1.0922666666666665,0.000536870912,0.00049152,0.017024064687761187,0.015585996723414172
TRTLLM,1.2.0rc6,NVIDIA GB200,mla_context,default,float16,fp8,4,1,1024,32,0,0.0329120010137558,1342177280,3932160,341.3333333333333,312.5,1.0922666666666665,0.000536870912,0.00049152,0.01631231451942442,0.014934369982383197
TRTLLM,1.2.0rc6,NVIDIA GB200,mla_context,default,float16,float16,4,1,1024,32,0,0.0296906655033429,1342177280,5242880,256.0,312.5,0.8192,0.000536870912,0.00065536,0.018082144771714638,0.02207293062953447
TRTLLM,1.2.0rc6,NVIDIA GB200,mla_context,default,float16,float16,4,1,1024,32,0,0.0306773334741592,1342177280,5242880,256.0,312.5,0.8192,0.000536870912,0.00065536,0.017500572937743392,0.02136300407439379
TRTLLM,1.2.0rc6,NVIDIA GB200,mla_context,default,float16,fp8,4,1,1536,32,0,0.0397066672643025,3019898880,5898240,512.0,312.5,1.6384,0.001207959552,0.00073728,0.030422083625386318,0.018568166275260204
TRTLLM,1.2.0rc6,NVIDIA GB200,mla_context,default,float16,fp8,4,1,1536,32,0,0.0401546657085418,3019898880,5898240,512.0,312.5,1.6384,0.001207959552,0.00073728,0.030082669863767283,0.018361004555522024
TRTLLM,1.2.0rc6,NVIDIA GB200,mla_context,default,float16,float16,4,1,1536,32,0,0.0355360011259714,3019898880,7864320,384.0,312.5,1.2288,0.001207959552,0.00098304,0.033992557230002045,0.027663213891603228
TRTLLM,1.2.0rc6,NVIDIA GB200,mla_context,default,float16,float16,4,1,1536,32,0,0.0362133334080378,3019898880,7864320,384.0,312.5,1.2288,0.001207959552,0.00098304,0.033356762228684673,0.027145802594958225
TRTLLM,1.2.0rc6,NVIDIA GB200,mla_context,default,float16,fp8,4,1,2048,32,0,0.0440480013688405,5368709120,7864320,682.6666666666666,312.5,2.184533333333333,0.002147483648,0.00098304,0.04875325965457145,0.02231747115535192
TRTLLM,1.2.0rc6,NVIDIA GB200,mla_context,default,float16,fp8,4,1,2048,32,0,0.0457759996255238,5368709120,7864320,682.6666666666666,312.5,2.184533333333333,0.002147483648,0.00098304,0.04691287280600652,0.021475008913882376
TRTLLM,1.2.0rc6,NVIDIA GB200,mla_context,default,float16,float16,4,1,2048,32,0,0.0416693339745203,5368709120,10485760,512.0,312.5,1.6384,0.002147483648,0.00131072,0.05153630843519432,0.03145526637890279
TRTLLM,1.2.0rc6,NVIDIA GB200,mla_context,default,float16,float16,4,1,2048,32,0,0.0424213310082753,5368709120,10485760,512.0,312.5,1.6384,0.002147483648,0.00131072,0.0506227314645333,0.030897663247395814
TRTLLM,1.2.0rc6,NVIDIA GB200,mla_context,default,float16,fp8,4,1,3072,32,0,0.0562933335701624,12079595520,11796480,1024.0,312.5,3.2768,0.004831838208,0.00147456,0.08583322218745022,0.026194220638259956
TRTLLM,1.2.0rc6,NVIDIA GB200,mla_context,default,float16,fp8,4,1,3072,32,0,0.0577440013488133,12079595520,11796480,1024.0,312.5,3.2768,0.004831838208,0.00147456,0.08367688582598197,0.025536159004511103
TRTLLM,1.2.0rc6,NVIDIA GB200,mla_context,default,float16,float16,4,1,3072,32,0,0.0561813314755757,12079595520,15728640,768.0,312.5,2.4576,0.004831838208,0.00196608,0.08600433775943163,0.03499525462216456
TRTLLM,1.2.0rc6,NVIDIA GB200,mla_context,default,float16,float16,4,1,3072,32,0,0.0564693311850229,12079595520,15728640,768.0,312.5,2.4576,0.004831838208,0.00196608,0.08556570631531626,0.034816775030646264
TRTLLM,1.2.0rc6,NVIDIA GB200,mla_context,default,float16,fp8,4,1,4096,32,0,0.0690666685501734,21474836480,15728640,1365.3333333333333,312.5,4.369066666666666,0.008589934592,0.00196608,0.12437163645383954,0.028466408490106097
TRTLLM,1.2.0rc6,NVIDIA GB200,mla_context,default,float16,fp8,4,1,4096,32,0,0.0727626681327819,21474836480,15728640,1365.3333333333333,312.5,4.369066666666666,0.008589934592,0.00196608,0.11805414524278503,0.027020449503200917
TRTLLM,1.2.0rc6,NVIDIA GB200,mla_context,default,float16,float16,4,1,4096,32,0,0.0683466643095016,21474836480,20971520,1024.0,312.5,3.2768,0.008589934592,0.00262144,0.12568184093229873,0.0383550539954525
TRTLLM,1.2.0rc6,NVIDIA GB200,mla_context,default,float16,float16,4,1,4096,32,0,0.0688586682081222,21474836480,20971520,1024.0,312.5,3.2768,0.008589934592,0.00262144,0.12474732398305051,0.038069862055374305
TRTLLM,1.2.0rc6,NVIDIA GB200,mla_context,default,float16,fp8,4,1,6144,32,0,0.0920373300711313,48318382080,23592960,2048.0,312.5,6.5536,0.019327352832,0.00294912,0.20999471428672262,0.03204265049541055
TRTLLM,1.2.0rc6,NVIDIA GB200,mla_context,default,float16,fp8,4,1,6144,32,0,0.0937439997990926,48318382080,23592960,2048.0,312.5,6.5536,0.019327352832,0.00294912,0.20617162563386887,0.03145929346219923
TRTLLM,1.2.0rc6,NVIDIA GB200,mla_context,default,float16,float16,4,1,6144,32,0,0.0939733286698659,48318382080,31457280,1536.0,312.5,4.9152,0.019327352832,0.00393216,0.20566849238572982,0.04184336189488318
TRTLLM,1.2.0rc6,NVIDIA GB200,mla_context,default,float16,float16,4,1,6144,32,0,0.0950133303801218,48318382080,31457280,1536.0,312.5,4.9152,0.019327352832,0.00393216,0.2034172758146321,0.04138535071098472
TRTLLM,1.2.0rc6,NVIDIA GB200,mla_context,default,float16,fp8,4,1,8192,32,0,0.1180639962355295,85899345920,31457280,2730.6666666666665,312.5,8.738133333333332,0.034359738368,0.00393216,0.29102638792146845,0.03330532698686239
TRTLLM,1.2.0rc6,NVIDIA GB200,mla_context,default,float16,fp8,4,1,8192,32,0,0.1197973291079203,85899345920,31457280,2730.6666666666665,312.5,8.738133333333332,0.034359738368,0.00393216,0.28681556278309656,0.032823436292621216
TRTLLM,1.2.0rc6,NVIDIA GB200,mla_context,default,float16,float16,4,1,8192,32,0,0.1217066645622253,85899345920,41943040,2048.0,312.5,6.5536,0.034359738368,0.00524288,0.28231599716901945,0.04307800249771415
TRTLLM,1.2.0rc6,NVIDIA GB200,mla_context,default,float16,float16,4,1,8192,32,0,0.1305386622746785,85899345920,41943040,2048.0,312.5,6.5536,0.034359738368,0.00524288,0.26321503353313436,0.04016342674760961
TRTLLM,1.2.0rc6,NVIDIA GB200,mla_context,default,float16,fp8,4,1,10240,32,0,0.1563893357912699,134217728000,39321600,3413.3333333333335,312.5,10.922666666666666,0.0536870912,0.0049152,0.34329125402549965,0.03142925299305722
TRTLLM,1.2.0rc6,NVIDIA GB200,mla_context,default,float16,fp8,4,1,10240,32,0,0.1571733355522155,134217728000,39321600,3413.3333333333335,312.5,10.922666666666666,0.0536870912,0.0049152,0.3415788753949571,0.03127248004714573
TRTLLM,1.2.0rc6,NVIDIA GB200,mla_context,default,float16,float16,4,1,10240,32,0,0.1710399985313415,134217728000,52428800,2560.0,312.5,8.192,0.0536870912,0.006553600000000001,0.31388617668961416,0.038316183677931416
TRTLLM,1.2.0rc6,NVIDIA GB200,mla_context,default,float16,float16,4,1,10240,32,0,0.2150346636772155,134217728000,52428800,2560.0,312.5,8.192,0.0536870912,0.006553600000000001,0.24966714799335185,0.03047694677653221
TRTLLM,1.2.0rc6,NVIDIA GB200,mla_context,default,float16,fp8,4,1,12288,32,0,0.2132533391316732,193273528320,47185920,4096.0,312.5,13.1072,0.077309411328,0.00589824,0.36252380217251995,0.027658371137429805
TRTLLM,1.2.0rc6,NVIDIA GB200,mla_context,default,float16,fp8,4,1,12288,32,0,0.2373493313789367,193273528320,47185920,4096.0,312.5,13.1072,0.077309411328,0.00589824,0.325719945697141,0.024850459724208147
TRTLLM,1.2.0rc6,NVIDIA GB200,mla_context,default,float16,float16,4,1,12288,32,0,0.2295573353767395,193273528320,62914560,3072.0,312.5,9.8304,0.077309411328,0.00786432,0.3367760442118879,0.03425863079954914
TRTLLM,1.2.0rc6,NVIDIA GB200,mla_context,default,float16,float16,4,1,12288,32,0,0.2380373279253641,193273528320,62914560,3072.0,312.5,9.8304,0.077309411328,0.00786432,0.3247785210907767,0.033038179635699126
TRTLLM,1.2.0rc6,NVIDIA GB200,mla_context,default,float16,fp8,4,1,16384,32,0,0.3233493367830912,343597383680,62914560,5461.333333333333,312.5,17.476266666666664,0.137438953472,0.00786432,0.4250478904312602,0.02432143538081704
TRTLLM,1.2.0rc6,NVIDIA GB200,mla_context,default,float16,fp8,4,1,16384,32,0,0.3325013319651286,343597383680,62914560,5461.333333333333,312.5,17.476266666666664,0.137438953472,0.00786432,0.4133485801687376,0.02365199547779489
TRTLLM,1.2.0rc6,NVIDIA GB200,mla_context,default,float16,float16,4,1,16384,32,0,0.3628000020980835,343597383680,83886080,4096.0,312.5,13.1072,0.137438953472,0.01048576,0.3788284252403151,0.0289023151581051
TRTLLM,1.2.0rc6,NVIDIA GB200,mla_context,default,float16,float16,4,1,16384,32,0,0.4126933415730794,343597383680,83886080,4096.0,312.5,13.1072,0.137438953472,0.01048576,0.33302924866225986,0.025408115284901417
TRTLLM,1.2.0rc6,NVIDIA GB200,mla_context,default,float16,fp8,4,1,32768,32,0,0.8929546674092611,1374389534720,125829120,10922.666666666666,312.5,34.95253333333333,0.549755813888,0.01572864,0.6156592646332343,0.017614152850148227
TRTLLM,1.2.0rc6,NVIDIA GB200,mla_context,default,float16,fp8,4,1,32768,32,0,0.8960213661193848,1374389534720,125829120,10922.666666666666,312.5,34.95253333333333,0.549755813888,0.01572864,0.6135521257366436,0.017553867122744853
TRTLLM,1.2.0rc6,NVIDIA GB200,mla_context,default,float16,float16,4,1,32768,32,0,1.054965337117513,1374389534720,167772160,8192.0,312.5,26.2144,0.549755813888,0.02097152,0.5211126797683235,0.0198788711459474
TRTLLM,1.2.0rc6,NVIDIA GB200,mla_context,default,float16,float16,4,1,32768,32,0,1.0579520066579182,1374389534720,167772160,8192.0,312.5,26.2144,0.549755813888,0.02097152,0.5196415436884368,0.01982275175813434
TRTLLM,1.2.0rc6,NVIDIA GB200,mla_context,default,float16,fp8,2,256,1,64,0,0.0313280001282691,163840,491520,0.3333333333333333,312.5,0.0010666666666666665,6.5536e-08,6.144e-05,2.0919305328035607e-06,0.001961184874503338
TRTLLM,1.2.0rc6,NVIDIA GB200,mla_context,default,float16,float16,2,256,1,64,0,0.0273599997162818,163840,655360,0.25,312.5,0.0008,6.5536e-08,8.192e-05,2.395321662265948e-06,0.0029941520778324357
TRTLLM,1.2.0rc6,NVIDIA GB200,mla_context,default,float16,fp8,2,256,16,64,0,0.0314186662435531,41943040,7864320,5.333333333333333,312.5,0.017066666666666664,1.6777216e-05,0.00098304,0.0005339888036603901,0.031288406464475976
TRTLLM,1.2.0rc6,NVIDIA GB200,mla_context,default,float16,float16,2,256,16,64,0,0.0273440008362134,41943040,10485760,4.0,312.5,0.0128,1.6777216e-05,0.00131072,0.0006135611281060548,0.04793446313328553
TRTLLM,1.2.0rc6,NVIDIA GB200,mla_context,default,float16,fp8,2,256,32,64,0,0.0340960000952084,167772160,15728640,10.666666666666666,312.5,0.03413333333333333,6.7108864e-05,0.00196608,0.001968232749079297,0.05766306882068253
TRTLLM,1.2.0rc6,NVIDIA GB200,mla_context,default,float16,float16,2,256,32,64,0,0.0292053321997324,167772160,20971520,8.0,312.5,0.0256,6.7108864e-05,0.00262144,0.0022978291615054765,0.08975895162130768
TRTLLM,1.2.0rc6,NVIDIA GB200,mla_context,default,float16,fp8,2,256,64,64,0,0.044522667924563,671088640,31457280,21.333333333333332,312.5,0.06826666666666666,0.000268435456,0.00393216,0.0060291862216079175,0.08831815754308472
TRTLLM,1.2.0rc6,NVIDIA GB200,mla_context,default,float16,float16,2,256,64,64,0,0.0355893323818842,671088640,41943040,16.0,312.5,0.0512,0.000268435456,0.00524288,0.007542581948984239,0.1473160536910984
TRTLLM,1.2.0rc6,NVIDIA GB200,mla_context,default,float16,fp8,2,256,128,64,0,0.0724159975846608,2684354560,62914560,42.666666666666664,312.5,0.1365333333333333,0.001073741824,0.00786432,0.014827411895343973,0.10859920821785135
TRTLLM,1.2.0rc6,NVIDIA GB200,mla_context,default,float16,float16,2,256,128,64,0,0.0525600016117095,2684354560,83886080,32.0,312.5,0.1024,0.001073741824,0.01048576,0.020428877303549933,0.19950075491747982
TRTLLM,1.2.0rc6,NVIDIA GB200,mla_context,default,float16,fp8,2,256,256,64,0,0.1181386709213256,10737418240,125829120,85.33333333333333,312.5,0.2730666666666666,0.004294967296,0.01572864,0.036355304004225944,0.13313709962485087
TRTLLM,1.2.0rc6,NVIDIA GB200,mla_context,default,float16,float16,2,256,256,64,0,0.0917546649773915,10737418240,167772160,64.0,312.5,0.2048,0.004294967296,0.02097152,0.04680925266370148,0.2285608040219799
TRTLLM,1.2.0rc6,NVIDIA GB200,mla_context,default,float16,fp8,2,128,1,64,0,0.0260106672843297,81920,245760,0.3333333333333333,312.5,0.0010666666666666665,3.2768e-08,3.072e-05,1.2597908251181737e-06,0.0011810538985482877
TRTLLM,1.2.0rc6,NVIDIA GB200,mla_context,default,float16,float16,2,128,1,64,0,0.0216159994403521,81920,327680,0.25,312.5,0.0008,3.2768e-08,4.096e-05,1.5159141769234912e-06,0.001894892721154364
TRTLLM,1.2.0rc6,NVIDIA GB200,mla_context,default,float16,fp8,2,128,16,64,0,0.0249706655740737,20971520,3932160,5.333333333333333,312.5,0.017066666666666664,8.388608e-06,0.00049152,0.0003359385025247241,0.019683896632308052
TRTLLM,1.2.0rc6,NVIDIA GB200,mla_context,default,float16,float16,2,128,16,64,0,0.0209546660383542,20971520,5242880,4.0,312.5,0.0128,8.388608e-06,0.00065536,0.0004003217223622644,0.03127513455955191
TRTLLM,1.2.0rc6,NVIDIA GB200,mla_context,default,float16,fp8,2,128,32,64,0,0.0274079988400141,83886080,7864320,10.666666666666666,312.5,0.03413333333333333,3.3554432e-05,0.00098304,0.0012242569111252464,0.035866901693122455
TRTLLM,1.2.0rc6,NVIDIA GB200,mla_context,default,float16,float16,2,128,32,64,0,0.0218719989061355,83886080,10485760,8.0,312.5,0.0256,3.3554432e-05,0.00131072,0.0015341273627527186,0.059926850107528074
TRTLLM,1.2.0rc6,NVIDIA GB200,mla_context,default,float16,fp8,2,128,64,64,0,0.0291733344395955,335544320,15728640,21.333333333333332,312.5,0.06826666666666666,0.000134217728,0.00196608,0.004600698911463238,0.06739305046088727
TRTLLM,1.2.0rc6,NVIDIA GB200,mla_context,default,float16,float16,2,128,64,64,0,0.0235413337747255,335544320,20971520,16.0,312.5,0.0512,0.000134217728,0.00262144,0.005701364641628723,0.111354778156811
TRTLLM,1.2.0rc6,NVIDIA GB200,mla_context,default,float16,fp8,2,128,128,64,0,0.040282666683197,1342177280,31457280,42.666666666666664,312.5,0.1365333333333333,0.000536870912,0.00393216,0.013327591150363029,0.09761419299582297
TRTLLM,1.2.0rc6,NVIDIA GB200,mla_context,default,float16,float16,2,128,128,64,0,0.0275039995710055,1342177280,41943040,32.0,312.5,0.1024,0.000536870912,0.00524288,0.01951973968782217,0.19062245788888837
TRTLLM,1.2.0rc6,NVIDIA GB200,mla_context,default,float16,fp8,2,128,256,64,0,0.0686613321304321,5368709120,62914560,85.33333333333333,312.5,0.2730666666666666,0.002147483648,0.00786432,0.03127646349652152,0.11453783018745674
TRTLLM,1.2.0rc6,NVIDIA GB200,mla_context,default,float16,float16,2,128,256,64,0,0.0511039992173512,5368709120,83886080,64.0,312.5,0.2048,0.002147483648,0.01048576,0.04202183157655636,0.2051847244949041
TRTLLM,1.2.0rc6,NVIDIA GB200,mla_context,default,float16,fp8,2,128,512,64,0,0.1222453316052754,21474836480,125829120,170.66666666666666,312.5,0.5461333333333332,0.008589934592,0.01572864,0.07026799697952071,0.12866454525058724
TRTLLM,1.2.0rc6,NVIDIA GB200,mla_context,default,float16,float16,2,128,512,64,0,0.096037338177363,21474836480,167772160,128.0,312.5,0.4096,0.008589934592,0.02097152,0.08944369716011909,0.21836840126982202
TRTLLM,1.2.0rc6,NVIDIA GB200,mla_context,default,float16,fp8,2,64,1,64,0,0.0234506676594416,40960,122880,0.3333333333333333,312.5,0.0010666666666666665,1.6384e-08,1.536e-05,6.986581464516874e-07,0.0006549920122984569
TRTLLM,1.2.0rc6,NVIDIA GB200,mla_context,default,float16,float16,2,64,1,64,0,0.0170933331052462,40960,163840,0.25,312.5,0.0008,1.6384e-08,2.048e-05,9.585023528835054e-07,0.001198127941104382
TRTLLM,1.2.0rc6,NVIDIA GB200,mla_context,default,float16,fp8,2,64,16,64,0,0.0221013327439626,10485760,1966080,5.333333333333333,312.5,0.017066666666666664,4.194304e-06,0.00024576,0.00018977606683677272,0.01111969141621715
TRTLLM,1.2.0rc6,NVIDIA GB200,mla_context,default,float16,float16,2,64,16,64,0,0.0157280005514621,10485760,2621440,4.0,312.5,0.0128,4.194304e-06,0.00032768,0.00026667750845228006,0.02083418034783438
TRTLLM,1.2.0rc6,NVIDIA GB200,mla_context,default,float16,fp8,2,64,32,64,0,0.0217599992950757,41943040,3932160,10.666666666666666,312.5,0.03413333333333333,1.6777216e-05,0.00049152,0.0007710117896831318,0.022588236025873
TRTLLM,1.2.0rc6,NVIDIA GB200,mla_context,default,float16,float16,2,64,32,64,0,0.0172159994641939,41943040,5242880,8.0,312.5,0.0256,1.6777216e-05,0.00065536,0.0009745130414817629,0.03806691568288137
TRTLLM,1.2.0rc6,NVIDIA GB200,mla_context,default,float16,fp8,2,64,64,64,0,0.02346666653951,167772160,7864320,21.333333333333332,312.5,0.06826666666666666,6.7108864e-05,0.00098304,0.0028597527427686063,0.0418909093178995
TRTLLM,1.2.0rc6,NVIDIA GB200,mla_context,default,float16,float16,2,64,64,64,0,0.0193546662727991,167772160,10485760,16.0,312.5,0.0512,6.7108864e-05,0.00131072,0.003467322197867823,0.06772113667710593
TRTLLM,1.2.0rc6,NVIDIA GB200,mla_context,default,float16,fp8,2,64,128,64,0,0.0259733324249585,671088640,15728640,42.666666666666664,312.5,0.1365333333333333,0.000268435456,0.00196608,0.010335041018535336,0.07569610120997561
TRTLLM,1.2.0rc6,NVIDIA GB200,mla_context,default,float16,float16,2,64,128,64,0,0.0200373331705729,671088640,20971520,32.0,312.5,0.1024,0.000268435456,0.00262144,0.013396765613211839,0.13082778919152188
TRTLLM,1.2.0rc6,NVIDIA GB200,mla_context,default,float16,fp8,2,64,256,64,0,0.0365386654933293,2684354560,31457280,85.33333333333333,312.5,0.2730666666666666,0.001073741824,0.00393216,0.029386454308136356,0.10761640981983528
TRTLLM,1.2.0rc6,NVIDIA GB200,mla_context,default,float16,float16,2,64,256,64,0,0.0279306670029958,2684354560,41943040,64.0,312.5,0.2048,0.001073741824,0.00524288,0.03844311429744345,0.18771051903048563
TRTLLM,1.2.0rc6,NVIDIA GB200,mla_context,default,float16,fp8,2,64,512,64,0,0.0746453354756037,10737418240,62914560,170.66666666666666,312.5,0.5461333333333332,0.004294967296,0.00786432,0.05753832129810337,0.10535581292377326
TRTLLM,1.2.0rc6,NVIDIA GB200,mla_context,default,float16,float16,2,64,512,64,0,0.0584373325109481,10737418240,83886080,128.0,312.5,0.4096,0.004294967296,0.01048576,0.07349697721392995,0.17943597952619617
TRTLLM,1.2.0rc6,NVIDIA GB200,mla_context,default,float16,fp8,2,64,1024,64,0,0.1364693343639373,42949672960,125829120,341.3333333333333,312.5,1.0922666666666665,0.017179869184,0.01572864,0.1258881291102704,0.1152540244539829
TRTLLM,1.2.0rc6,NVIDIA GB200,mla_context,default,float16,float16,2,64,1024,64,0,0.1134773294130961,42949672960,167772160,256.0,312.5,0.8192,0.017179869184,0.02097152,0.15139472591445494,0.18480801503229363
TRTLLM,1.2.0rc6,NVIDIA GB200,mla_context,default,float16,fp8,2,32,1,64,0,0.0194240001340707,20480,61440,0.3333333333333333,312.5,0.0010666666666666665,8.192e-09,7.68e-06,4.2174629033444086e-07,0.0003953871471885383
TRTLLM,1.2.0rc6,NVIDIA GB200,mla_context,default,float16,float16,2,32,1,64,0,0.0172000005841255,20480,81920,0.25,312.5,0.0008,8.192e-09,1.024e-05,4.7627905359263135e-07,0.0005953488169907891
TRTLLM,1.2.0rc6,NVIDIA GB200,mla_context,default,float16,fp8,2,32,16,64,0,0.0212319989999135,5242880,983040,5.333333333333333,312.5,0.017066666666666664,2.097152e-06,0.00012288,9.877317722219861e-05,0.0057874908528631995
TRTLLM,1.2.0rc6,NVIDIA GB200,mla_context,default,float16,float16,2,32,16,64,0,0.0152853329976399,5242880,1310720,4.0,312.5,0.0128,2.097152e-06,0.00016384,0.00013720028214784765,0.010718772042800598
TRTLLM,1.2.0rc6,NVIDIA GB200,mla_context,default,float16,fp8,2,32,32,64,0,0.0210079997777938,20971520,1966080,10.666666666666666,312.5,0.03413333333333333,8.388608e-06,0.00024576,0.00039930541168736375,0.011698400733028235
TRTLLM,1.2.0rc6,NVIDIA GB200,mla_context,default,float16,float16,2,32,32,64,0,0.0172533330818017,20971520,2621440,8.0,312.5,0.0256,8.388608e-06,0.00032768,0.0004862021709212844,0.01899227230161267
TRTLLM,1.2.0rc6,NVIDIA GB200,mla_context,default,float16,fp8,2,32,64,64,0,0.0217279990514119,83886080,3932160,21.333333333333332,312.5,0.06826666666666666,3.3554432e-05,0.00049152,0.0015442946182299105,0.022621503196727205
TRTLLM,1.2.0rc6,NVIDIA GB200,mla_context,default,float16,float16,2,32,64,64,0,0.0177173328896363,83886080,5242880,16.0,312.5,0.0512,3.3554432e-05,0.00065536,0.001893876025754845,0.036989766128024314
TRTLLM,1.2.0rc6,NVIDIA GB200,mla_context,default,float16,fp8,2,32,128,64,0,0.0239040007193883,335544320,7864320,42.666666666666664,312.5,0.1365333333333333,0.000134217728,0.00098304,0.0056148646235246015,0.041124496754330574
TRTLLM,1.2.0rc6,NVIDIA GB200,mla_context,default,float16,float16,2,32,128,64,0,0.0175893331567446,335544320,10485760,32.0,312.5,0.1024,0.000134217728,0.00131072,0.007630631974728072,0.07451789037820383
TRTLLM,1.2.0rc6,NVIDIA GB200,mla_context,default,float16,fp8,2,32,256,64,0,0.0275359998146692,1342177280,15728640,85.33333333333333,312.5,0.2730666666666666,0.000536870912,0.00196608,0.019497055331689602,0.07140034911507422
TRTLLM,1.2.0rc6,NVIDIA GB200,mla_context,default,float16,float16,2,32,256,64,0,0.0235840007662773,1342177280,20971520,64.0,312.5,0.2048,0.000536870912,0.00262144,0.022764200074470414,0.11115332067612507
TRTLLM,1.2.0rc6,NVIDIA GB200,mla_context,default,float16,fp8,2,32,512,64,0,0.0385866661866505,5368709120,31457280,170.66666666666666,312.5,0.5461333333333332,0.002147483648,0.00393216,0.05565351610352248,0.10190463153721156
TRTLLM,1.2.0rc6,NVIDIA GB200,mla_context,default,float16,float16,2,32,512,64,0,0.0317440008123715,5368709120,41943040,128.0,312.5,0.4096,0.002147483648,0.00524288,0.06765006278487327,0.16516128609588202
TRTLLM,1.2.0rc6,NVIDIA GB200,mla_context,default,float16,fp8,2,32,1024,64,0,0.0828479975461959,21474836480,62914560,341.3333333333333,312.5,1.0922666666666665,0.008589934592,0.00786432,0.10368306834706859,0.0949246841556414
TRTLLM,1.2.0rc6,NVIDIA GB200,mla_context,default,float16,float16,2,32,1024,64,0,0.0695786674817403,21474836480,83886080,256.0,312.5,0.8192,0.008589934592,0.01048576,0.12345644006842008,0.1507036621928956
TRTLLM,1.2.0rc6,NVIDIA GB200,mla_context,default,float16,fp8,2,32,1536,64,0,0.1260053316752115,48318382080,94371840,512.0,312.5,1.6384,0.019327352832,0.01179648,0.15338519866617825,0.09361889567027482
TRTLLM,1.2.0rc6,NVIDIA GB200,mla_context,default,float16,float16,2,32,1536,64,0,0.1057866712411244,48318382080,125829120,384.0,312.5,1.2288,0.019327352832,0.01572864,0.18270120994682099,0.14868262528224363
TRTLLM,1.2.0rc6,NVIDIA GB200,mla_context,default,float16,fp8,2,32,2048,64,0,0.163423995176951,85899345920,125829120,682.6666666666666,312.5,2.184533333333333,0.034359738368,0.01572864,0.21024904164652333,0.09624437331231231
TRTLLM,1.2.0rc6,NVIDIA GB200,mla_context,default,float16,float16,2,32,2048,64,0,0.1470880011717478,85899345920,167772160,512.0,312.5,1.6384,0.034359738368,0.02097152,0.23359987282633432,0.14257804737935445
TRTLLM,1.2.0rc6,NVIDIA GB200,mla_context,default,float16,fp8,2,16,1,64,0,0.0174026663104693,10240,30720,0.3333333333333333,312.5,0.0010666666666666665,4.096e-09,3.84e-06,2.3536623221557032e-07,0.00022065584270209717
TRTLLM,1.2.0rc6,NVIDIA GB200,mla_context,default,float16,float16,2,16,1,64,0,0.0173120001951853,10240,40960,0.25,312.5,0.0008,4.096e-09,5.12e-06,2.3659888827514873e-07,0.00029574861034393596
TRTLLM,1.2.0rc6,NVIDIA GB200,mla_context,default,float16,fp8,2,16,16,64,0,0.0197973338266213,2621440,491520,5.333333333333333,312.5,0.017066666666666664,1.048576e-06,6.144e-05,5.2965515921643405e-05,0.003103448198533793
TRTLLM,1.2.0rc6,NVIDIA GB200,mla_context,default,float16,float16,2,16,16,64,0,0.0154506663481394,2621440,655360,4.0,312.5,0.0128,1.048576e-06,8.192e-05,6.786606974567616e-05,0.00530203669888095
TRTLLM,1.2.0rc6,NVIDIA GB200,mla_context,default,float16,fp8,2,16,32,64,0,0.021306666235129,10485760,983040,10.666666666666666,312.5,0.03413333333333333,4.194304e-06,0.00012288,0.0001968540715714931,0.005767209128071086
TRTLLM,1.2.0rc6,NVIDIA GB200,mla_context,default,float16,float16,2,16,32,64,0,0.015279999623696,10485760,1310720,8.0,312.5,0.0256,4.194304e-06,0.00016384,0.00027449634183861725,0.010722513353070987
TRTLLM,1.2.0rc6,NVIDIA GB200,mla_context,default,float16,fp8,2,16,64,64,0,0.021536000072956,41943040,1966080,21.333333333333332,312.5,0.06826666666666666,1.6777216e-05,0.00024576,0.0007790312009270524,0.011411589857329868
TRTLLM,1.2.0rc6,NVIDIA GB200,mla_context,default,float16,float16,2,16,64,64,0,0.0169973336160182,41943040,2621440,16.0,312.5,0.0512,1.6777216e-05,0.00032768,0.0009870498737630964,0.019278317846935476
TRTLLM,1.2.0rc6,NVIDIA GB200,mla_context,default,float16,fp8,2,16,128,64,0,0.0217546671628952,167772160,3932160,42.666666666666664,312.5,0.1365333333333333,6.7108864e-05,0.00049152,0.0030848030676590174,0.02259377246820569
TRTLLM,1.2.0rc6,NVIDIA GB200,mla_context,default,float16,float16,2,16,128,64,0,0.0175413327912489,167772160,5242880,32.0,312.5,0.1024,6.7108864e-05,0.00065536,0.003825756275114943,0.03736090112416937
TRTLLM,1.2.0rc6,NVIDIA GB200,mla_context,default,float16,fp8,2,16,256,64,0,0.0255146672328313,671088640,7864320,85.33333333333333,312.5,0.2730666666666666,0.000268435456,0.00098304,0.010520829197983327,0.03852842723870847
TRTLLM,1.2.0rc6,NVIDIA GB200,mla_context,default,float16,float16,2,16,256,64,0,0.0199200001855691,671088640,10485760,64.0,312.5,0.2048,0.000268435456,0.00131072,0.013475675376472443,0.06579919617418185
TRTLLM,1.2.0rc6,NVIDIA GB200,mla_context,default,float16,fp8,2,16,512,64,0,0.0299626663327217,2684354560,15728640,170.66666666666666,312.5,0.5461333333333332,0.001073741824,0.00196608,0.0358359904314452,0.06561765826070287
TRTLLM,1.2.0rc6,NVIDIA GB200,mla_context,default,float16,float16,2,16,512,64,0,0.0262346665064493,2684354560,20971520,128.0,312.5,0.4096,0.001073741824,0.00262144,0.04092835804625306,0.09992274913636003
TRTLLM,1.2.0rc6,NVIDIA GB200,mla_context,default,float16,fp8,2,16,1024,64,0,0.0461013317108154,10737418240,31457280,341.3333333333333,312.5,1.0922666666666665,0.004294967296,0.00393216,0.09316362752688981,0.0852938484438078
TRTLLM,1.2.0rc6,NVIDIA GB200,mla_context,default,float16,float16,2,16,1024,64,0,0.0382346659898757,10737418240,41943040,256.0,312.5,0.8192,0.004294967296,0.00524288,0.11233175927670665,0.13712372958582353
TRTLLM,1.2.0rc6,NVIDIA GB200,mla_context,default,float16,fp8,2,16,1536,64,0,0.0787199983994166,24159191040,47185920,512.0,312.5,1.6384,0.009663676416,0.00589824,0.12276011956920489,0.07492683079175104
TRTLLM,1.2.0rc6,NVIDIA GB200,mla_context,default,float16,float16,2,16,1536,64,0,0.0648373315731684,24159191040,62914560,384.0,312.5,1.2288,0.009663676416,0.00786432,0.1490449434226734,0.1212930854676704
TRTLLM,1.2.0rc6,NVIDIA GB200,mla_context,default,float16,fp8,2,16,2048,64,0,0.1002453366915385,42949672960,62914560,682.6666666666666,312.5,2.184533333333333,0.017179869184,0.00786432,0.17137823814052905,0.07845073157067675
TRTLLM,1.2.0rc6,NVIDIA GB200,mla_context,default,float16,float16,2,16,2048,64,0,0.1100586652755737,42949672960,83886080,512.0,312.5,1.6384,0.017179869184,0.01048576,0.15609737898405063,0.09527427916506996
TRTLLM,1.2.0rc6,NVIDIA GB200,mla_context,default,float16,fp8,2,16,3072,64,0,0.1562720040480295,96636764160,94371840,1024.0,312.5,3.2768,0.038654705664,0.01179648,0.2473552822175343,0.07548684149705026
TRTLLM,1.2.0rc6,NVIDIA GB200,mla_context,default,float16,float16,2,16,3072,64,0,0.14792533715566,96636764160,125829120,768.0,312.5,2.4576,0.038654705664,0.01572864,0.2613122701442562,0.10632823492197922
TRTLLM,1.2.0rc6,NVIDIA GB200,mla_context,default,float16,fp8,2,16,4096,64,0,0.2152160008748372,171798691840,125829120,1365.3333333333333,312.5,4.369066666666666,0.068719476736,0.01572864,0.3193046820713162,0.07308304185592258
TRTLLM,1.2.0rc6,NVIDIA GB200,mla_context,default,float16,float16,2,16,4096,64,0,0.2234826683998108,171798691840,167772160,1024.0,312.5,3.2768,0.068719476736,0.02097152,0.3074935395574424,0.09383958116377027
TRTLLM,1.2.0rc6,NVIDIA GB200,mla_context,default,float16,fp8,2,8,1,64,0,0.017360000560681,5120,15360,0.3333333333333333,312.5,0.0010666666666666665,2.048e-09,1.92e-06,1.1797234642022736e-07,0.00011059907476896315
TRTLLM,1.2.0rc6,NVIDIA GB200,mla_context,default,float16,fp8,2,8,1,64,0,0.0175573329130808,5120,15360,0.3333333333333333,312.5,0.0010666666666666665,2.048e-09,1.92e-06,1.1664641834490542e-07,0.00010935601719834883
TRTLLM,1.2.0rc6,NVIDIA GB200,mla_context,default,float16,float16,2,8,1,64,0,0.0151146662731965,5120,20480,0.25,312.5,0.0008,2.048e-09,2.56e-06,1.354975335202609e-07,0.00016937191690032615
TRTLLM,1.2.0rc6,NVIDIA GB200,mla_context,default,float16,float16,2,8,1,64,0,0.0152959997455279,5120,20480,0.25,312.5,0.0008,2.048e-09,2.56e-06,1.3389121561660425e-07,0.00016736401952075535
TRTLLM,1.2.0rc6,NVIDIA GB200,mla_context,default,float16,fp8,2,8,16,64,0,0.0211519996325174,1310720,245760,5.333333333333333,312.5,0.017066666666666664,5.24288e-07,3.072e-05,2.4786687268753605e-05,0.0014523449571535315
TRTLLM,1.2.0rc6,NVIDIA GB200,mla_context,default,float16,fp8,2,8,16,64,0,0.0213440010945002,1310720,245760,5.333333333333333,312.5,0.017066666666666664,5.24288e-07,3.072e-05,2.4563716881325287e-05,0.0014392802860151534
TRTLLM,1.2.0rc6,NVIDIA GB200,mla_context,default,float16,float16,2,8,16,64,0,0.0150720005234082,1310720,327680,4.0,312.5,0.0128,5.24288e-07,4.096e-05,3.478556142469161e-05,0.002717621986304032
TRTLLM,1.2.0rc6,NVIDIA GB200,mla_context,default,float16,float16,2,8,16,64,0,0.0154239994784196,1310720,327680,4.0,312.5,0.0128,5.24288e-07,4.096e-05,3.399170239428201e-05,0.0026556017495532823
TRTLLM,1.2.0rc6,NVIDIA GB200,mla_context,default,float16,fp8,2,8,32,64,0,0.0211519996325174,5242880,491520,10.666666666666666,312.5,0.03413333333333333,2.097152e-06,6.144e-05,9.914674907501442e-05,0.002904689914307063
TRTLLM,1.2.0rc6,NVIDIA GB200,mla_context,default,float16,fp8,2,8,32,64,0,0.0213386664787928,5242880,491520,10.666666666666666,312.5,0.03413333333333333,2.097152e-06,6.144e-05,9.827943100775447e-05,0.0028792802053053067
TRTLLM,1.2.0rc6,NVIDIA GB200,mla_context,default,float16,float16,2,8,32,64,0,0.015184000134468,5242880,655360,8.0,312.5,0.0256,2.097152e-06,8.192e-05,0.00013811591026263368,0.005395152744634128
TRTLLM,1.2.0rc6,NVIDIA GB200,mla_context,default,float16,float16,2,8,32,64,0,0.0153706669807434,5242880,655360,8.0,312.5,0.0256,2.097152e-06,8.192e-05,0.00013643858152852725,0.005329632090958095
TRTLLM,1.2.0rc6,NVIDIA GB200,mla_context,default,float16,fp8,2,8,64,64,0,0.0214666674534479,20971520,983040,21.333333333333332,312.5,0.06826666666666666,8.388608e-06,0.00012288,0.00039077365027391113,0.005724223392684245
TRTLLM,1.2.0rc6,NVIDIA GB200,mla_context,default,float16,fp8,2,8,64,64,0,0.0223199998339017,20971520,983040,21.333333333333332,312.5,0.06826666666666666,8.388608e-06,0.00012288,0.0003758336945531065,0.005505376385055271
TRTLLM,1.2.0rc6,NVIDIA GB200,mla_context,default,float16,float16,2,8,64,64,0,0.0150933327774206,20971520,1310720,16.0,312.5,0.0512,8.388608e-06,0.00016384,0.0005557823526258715,0.010855124074724052
TRTLLM,1.2.0rc6,NVIDIA GB200,mla_context,default,float16,float16,2,8,64,64,0,0.0172533330818017,20971520,1310720,16.0,312.5,0.0512,8.388608e-06,0.00016384,0.0004862021709212844,0.009496136150806335
TRTLLM,1.2.0rc6,NVIDIA GB200,mla_context,default,float16,fp8,2,8,128,64,0,0.0213653321067492,83886080,1966080,42.666666666666664,312.5,0.1365333333333333,3.3554432e-05,0.00024576,0.0015705083278064432,0.011502746541551097
TRTLLM,1.2.0rc6,NVIDIA GB200,mla_context,default,float16,fp8,2,8,128,64,0,0.0216000005602836,83886080,1966080,42.666666666666664,312.5,0.1365333333333333,3.3554432e-05,0.00024576,0.001553445885631007,0.011377777482648975
TRTLLM,1.2.0rc6,NVIDIA GB200,mla_context,default,float16,float16,2,8,128,64,0,0.0153066664934158,83886080,2621440,32.0,312.5,0.1024,3.3554432e-05,0.00032768,0.0021921449725473227,0.02140766574753245
TRTLLM,1.2.0rc6,NVIDIA GB200,mla_context,default,float16,float16,2,8,128,64,0,0.0178506672382354,83886080,2621440,32.0,312.5,0.1024,3.3554432e-05,0.00032768,0.0018797298471918055,0.018356736788982475
TRTLLM,1.2.0rc6,NVIDIA GB200,mla_context,default,float16,fp8,2,8,256,64,0,0.0237600008646647,335544320,3932160,85.33333333333333,312.5,0.2730666666666666,0.000134217728,0.00049152,0.0056488940705219145,0.020686867934040214
TRTLLM,1.2.0rc6,NVIDIA GB200,mla_context,default,float16,fp8,2,8,256,64,0,0.0254506667455037,335544320,3932160,85.33333333333333,312.5,0.2730666666666666,0.000134217728,0.00049152,0.0052736429006800725,0.019312657106982687
TRTLLM,1.2.0rc6,NVIDIA GB200,mla_context,default,float16,float16,2,8,256,64,0,0.0189013332128524,335544320,5242880,64.0,312.5,0.2048,0.000134217728,0.00065536,0.007100966185217852,0.034672686451259045
TRTLLM,1.2.0rc6,NVIDIA GB200,mla_context,default,float16,float16,2,8,256,64,0,0.0197119998435179,335544320,5242880,64.0,312.5,0.2048,0.000134217728,0.00065536,0.00680893511898724,0.033246753510679884
TRTLLM,1.2.0rc6,NVIDIA GB200,mla_context,default,float16,fp8,2,8,512,64,0,0.0274719993273417,1342177280,7864320,170.66666666666666,312.5,0.5461333333333332,0.000536870912,0.00098304,0.019542476890849203,0.03578334391634985
TRTLLM,1.2.0rc6,NVIDIA GB200,mla_context,default,float16,fp8,2,8,512,64,0,0.0293013329307238,1342177280,7864320,170.66666666666666,312.5,0.5461333333333332,0.000536870912,0.00098304,0.01832240578506468,0.0335493269990198
TRTLLM,1.2.0rc6,NVIDIA GB200,mla_context,default,float16,float16,2,8,512,64,0,0.0235146656632423,1342177280,10485760,128.0,312.5,0.4096,0.000536870912,0.00131072,0.02283132236233437,0.05574053311116789
TRTLLM,1.2.0rc6,NVIDIA GB200,mla_context,default,float16,float16,2,8,512,64,0,0.0240693340698877,1342177280,10485760,128.0,312.5,0.4096,0.000536870912,0.00131072,0.022305183452152936,0.05445601428748275
TRTLLM,1.2.0rc6,NVIDIA GB200,mla_context,default,float16,fp8,2,8,1024,64,0,0.0354720006386439,5368709120,15728640,341.3333333333333,312.5,1.0922666666666665,0.002147483648,0.00196608,0.060540246090898205,0.05542625069357135
TRTLLM,1.2.0rc6,NVIDIA GB200,mla_context,default,float16,fp8,2,8,1024,64,0,0.0357013344764709,5368709120,15728640,341.3333333333333,312.5,1.0922666666666665,0.002147483648,0.00196608,0.06015135511013761,0.05507021036694727
TRTLLM,1.2.0rc6,NVIDIA GB200,mla_context,default,float16,float16,2,8,1024,64,0,0.0314719999829928,5368709120,20971520,256.0,312.5,0.8192,0.002147483648,0.00262144,0.06823473720006615,0.0832943569336745
TRTLLM,1.2.0rc6,NVIDIA GB200,mla_context,default,float16,float16,2,8,1024,64,0,0.0317173327008883,5368709120,20971520,256.0,312.5,0.8192,0.002147483648,0.00262144,0.0677069433376362,0.08265007731645045
TRTLLM,1.2.0rc6,NVIDIA GB200,mla_context,default,float16,fp8,2,8,1536,64,0,0.0444106658299764,12079595520,23592960,512.0,312.5,1.6384,0.004831838208,0.00294912,0.108799049005444,0.06640566955898682
TRTLLM,1.2.0rc6,NVIDIA GB200,mla_context,default,float16,fp8,2,8,1536,64,0,0.0462719996770223,12079595520,23592960,512.0,312.5,1.6384,0.004831838208,0.00294912,0.10442250695293354,0.06373444027889011
TRTLLM,1.2.0rc6,NVIDIA GB200,mla_context,default,float16,float16,2,8,1536,64,0,0.040512000521024,12079595520,31457280,384.0,312.5,1.2288,0.004831838208,0.00393216,0.11926930652295192,0.09706161012610019
TRTLLM,1.2.0rc6,NVIDIA GB200,mla_context,default,float16,float16,2,8,1536,64,0,0.041573333243529,12079595520,31457280,384.0,312.5,1.2288,0.004831838208,0.00393216,0.1162244600329729,0.09458370770912508
TRTLLM,1.2.0rc6,NVIDIA GB200,mla_context,default,float16,fp8,2,8,2048,64,0,0.0568266659975051,21474836480,31457280,682.6666666666666,312.5,2.184533333333333,0.008589934592,0.00393216,0.1511602773313699,0.06919568359285122
TRTLLM,1.2.0rc6,NVIDIA GB200,mla_context,default,float16,fp8,2,8,2048,64,0,0.0568373352289199,21474836480,31457280,682.6666666666666,312.5,2.184533333333333,0.008589934592,0.00393216,0.15113190225057,0.06918269451167448
TRTLLM,1.2.0rc6,NVIDIA GB200,mla_context,default,float16,float16,2,8,2048,64,0,0.052346666653951,21474836480,41943040,512.0,312.5,1.6384,0.008589934592,0.00524288,0.16409706942345778,0.10015690272427843
TRTLLM,1.2.0rc6,NVIDIA GB200,mla_context,default,float16,float16,2,8,2048,64,0,0.0530080000559488,21474836480,41943040,512.0,312.5,1.6384,0.008589934592,0.00524288,0.1620497770701311,0.0989073346375312
TRTLLM,1.2.0rc6,NVIDIA GB200,mla_context,default,float16,fp8,2,8,3072,64,0,0.0977280040582021,48318382080,47185920,1024.0,312.5,3.2768,0.019327352832,0.00589824,0.19776678157152947,0.06035363207138961
TRTLLM,1.2.0rc6,NVIDIA GB200,mla_context,default,float16,fp8,2,8,3072,64,0,0.0979146659374237,48318382080,47185920,1024.0,312.5,3.2768,0.019327352832,0.00589824,0.19738976431122096,0.060238575534430225
TRTLLM,1.2.0rc6,NVIDIA GB200,mla_context,default,float16,float16,2,8,3072,64,0,0.0912266671657562,48318382080,62914560,768.0,312.5,2.4576,0.019327352832,0.00786432,0.2118607796652569,0.08620637193410517
TRTLLM,1.2.0rc6,NVIDIA GB200,mla_context,default,float16,float16,2,8,3072,64,0,0.0931093295415242,48318382080,62914560,768.0,312.5,2.4576,0.019327352832,0.00786432,0.20757697351241833,0.08446328674821708
TRTLLM,1.2.0rc6,NVIDIA GB200,mla_context,default,float16,fp8,2,8,4096,64,0,0.134634663661321,85899345920,62914560,1365.3333333333333,312.5,4.369066666666666,0.034359738368,0.00786432,0.25520722103509186,0.058412297295019185
TRTLLM,1.2.0rc6,NVIDIA GB200,mla_context,default,float16,fp8,2,8,4096,64,0,0.1362506647904714,85899345920,62914560,1365.3333333333333,312.5,4.369066666666666,0.034359738368,0.00786432,0.2521803355663548,0.05771949819176211
TRTLLM,1.2.0rc6,NVIDIA GB200,mla_context,default,float16,float16,2,8,4096,64,0,0.1342346668243408,85899345920,83886080,1024.0,312.5,3.2768,0.034359738368,0.01048576,0.2559676958334696,0.07811514155074147
TRTLLM,1.2.0rc6,NVIDIA GB200,mla_context,default,float16,float16,2,8,4096,64,0,0.1343946655591329,85899345920,83886080,1024.0,312.5,3.2768,0.034359738368,0.01048576,0.2556629627005687,0.07802214437883566
TRTLLM,1.2.0rc6,NVIDIA GB200,mla_context,default,float16,fp8,2,8,6144,64,0,0.2278133432070414,193273528320,94371840,2048.0,312.5,6.5536,0.077309411328,0.01179648,0.3393541846130568,0.05178133920487317
TRTLLM,1.2.0rc6,NVIDIA GB200,mla_context,default,float16,float16,2,8,6144,64,0,0.2304853399594625,193273528320,125829120,1536.0,312.5,4.9152,0.077309411328,0.01572864,0.3354200806940567,0.06824139011516453
TRTLLM,1.2.0rc6,NVIDIA GB200,mla_context,default,float16,float16,2,8,6144,64,0,0.2332533399264017,193273528320,125829120,1536.0,312.5,4.9152,0.077309411328,0.01572864,0.3314396756436302,0.06743157463452762
TRTLLM,1.2.0rc6,NVIDIA GB200,mla_context,default,float16,fp8,2,8,8192,64,0,0.3191733360290527,343597383680,125829120,2730.6666666666665,312.5,8.738133333333332,0.137438953472,0.01572864,0.43060913289915187,0.0492793044547064
TRTLLM,1.2.0rc6,NVIDIA GB200,mla_context,default,float16,float16,2,8,8192,64,0,0.3545173406600952,343597383680,167772160,2048.0,312.5,6.5536,0.137438953472,0.02097152,0.38767907154018166,0.05915513176577479
TRTLLM,1.2.0rc6,NVIDIA GB200,mla_context,default,float16,fp8,2,4,1,64,0,0.0174293331801891,2560,7680,0.3333333333333333,312.5,0.0010666666666666665,1.024e-09,9.6e-07,5.875153050398512e-08,5.5079559847486044e-05
TRTLLM,1.2.0rc6,NVIDIA GB200,mla_context,default,float16,fp8,2,4,1,64,0,0.0176053332785765,2560,7680,0.3333333333333333,312.5,0.0010666666666666665,1.024e-09,9.6e-07,5.8164192849792884e-08,5.4528930796680824e-05
TRTLLM,1.2.0rc6,NVIDIA GB200,mla_context,default,float16,float16,2,4,1,64,0,0.0155680005749066,2560,10240,0.25,312.5,0.0008,1.024e-09,1.28e-06,6.577594823901421e-08,8.221993529876776e-05
TRTLLM,1.2.0rc6,NVIDIA GB200,mla_context,default,float16,float16,2,4,1,64,0,0.0157599995533625,2560,10240,0.25,312.5,0.0008,1.024e-09,1.28e-06,6.497462113071715e-08,8.121827641339645e-05
TRTLLM,1.2.0rc6,NVIDIA GB200,mla_context,default,float16,fp8,2,4,16,64,0,0.0210986658930778,655360,122880,5.333333333333333,312.5,0.017066666666666664,2.62144e-07,1.536e-05,1.242467184079189e-05,0.0007280081156713998
TRTLLM,1.2.0rc6,NVIDIA GB200,mla_context,default,float16,fp8,2,4,16,64,0,0.0214613328377405,655360,122880,5.333333333333333,312.5,0.017066666666666664,2.62144e-07,1.536e-05,1.2214712011688792e-05,0.0007157057819348901
TRTLLM,1.2.0rc6,NVIDIA GB200,mla_context,default,float16,float16,2,4,16,64,0,0.0150720005234082,655360,163840,4.0,312.5,0.0128,2.62144e-07,2.048e-05,1.7392780712345804e-05,0.001358810993152016
TRTLLM,1.2.0rc6,NVIDIA GB200,mla_context,default,float16,float16,2,4,16,64,0,0.0153333333631356,655360,163840,4.0,312.5,0.0128,2.62144e-07,2.048e-05,1.7096347792858048e-05,0.001335652171317035
TRTLLM,1.2.0rc6,NVIDIA GB200,mla_context,default,float16,fp8,2,4,32,64,0,0.0212213322520256,2621440,245760,10.666666666666666,312.5,0.03413333333333333,1.048576e-06,3.072e-05,4.941141241968502e-05,0.0014475999732329594
TRTLLM,1.2.0rc6,NVIDIA GB200,mla_context,default,float16,fp8,2,4,32,64,0,0.0249546666940053,2621440,245760,10.666666666666666,312.5,0.03413333333333333,1.048576e-06,3.072e-05,4.201923483321429e-05,0.0012310322705043246
TRTLLM,1.2.0rc6,NVIDIA GB200,mla_context,default,float16,float16,2,4,32,64,0,0.015274666249752,2621440,327680,8.0,312.5,0.0256,1.048576e-06,4.096e-05,6.864804656645279e-05,0.002681564319002062
TRTLLM,1.2.0rc6,NVIDIA GB200,mla_context,default,float16,float16,2,4,32,64,0,0.0153119998673597,2621440,327680,8.0,312.5,0.0256,1.048576e-06,4.096e-05,6.848066934974507e-05,0.002675026146474417
TRTLLM,1.2.0rc6,NVIDIA GB200,mla_context,default,float16,fp8,2,4,64,64,0,0.0210240011413892,10485760,491520,21.333333333333332,312.5,0.06826666666666666,4.194304e-06,6.144e-05,0.00019950075020414755,0.0029223742705685677
TRTLLM,1.2.0rc6,NVIDIA GB200,mla_context,default,float16,fp8,2,4,64,64,0,0.0217866674065589,10485760,491520,21.333333333333332,312.5,0.06826666666666666,4.194304e-06,6.144e-05,0.00019251700692586422,0.002820073343640589
TRTLLM,1.2.0rc6,NVIDIA GB200,mla_context,default,float16,float16,2,4,64,64,0,0.0149866665403048,10485760,655360,16.0,312.5,0.0512,4.194304e-06,8.192e-05,0.00027986904150565663,0.005466192216907357
TRTLLM,1.2.0rc6,NVIDIA GB200,mla_context,default,float16,float16,2,4,64,64,0,0.0151413331429163,10485760,655360,16.0,312.5,0.0512,4.194304e-06,8.192e-05,0.0002770102183480625,0.0054103558271105965
TRTLLM,1.2.0rc6,NVIDIA GB200,mla_context,default,float16,fp8,2,4,128,64,0,0.02145600070556,41943040,983040,42.666666666666664,312.5,0.1365333333333333,1.6777216e-05,0.00012288,0.0007819358430414498,0.005727069162901243
TRTLLM,1.2.0rc6,NVIDIA GB200,mla_context,default,float16,fp8,2,4,128,64,0,0.0220533336202303,41943040,983040,42.666666666666664,312.5,0.1365333333333333,1.6777216e-05,0.00012288,0.0007607564592688005,0.00557194672316016
TRTLLM,1.2.0rc6,NVIDIA GB200,mla_context,default,float16,float16,2,4,128,64,0,0.0171360000967979,41943040,1310720,32.0,312.5,0.1024,1.6777216e-05,0.00016384,0.0009790625528261437,0.009561157742442811
TRTLLM,1.2.0rc6,NVIDIA GB200,mla_context,default,float16,float16,2,4,128,64,0,0.017354667186737,41943040,1310720,32.0,312.5,0.1024,1.6777216e-05,0.00016384,0.0009667264615032025,0.009440688100617212
TRTLLM,1.2.0rc6,NVIDIA GB200,mla_context,default,float16,fp8,2,4,256,64,0,0.024517332514127,167772160,1966080,85.33333333333333,312.5,0.2730666666666666,6.7108864e-05,0.00024576,0.002737200874578487,0.010023928984052076
TRTLLM,1.2.0rc6,NVIDIA GB200,mla_context,default,float16,fp8,2,4,256,64,0,0.0254293332497278,167772160,1966080,85.33333333333333,312.5,0.2730666666666666,6.7108864e-05,0.00024576,0.002639033565723488,0.009664429561975663
TRTLLM,1.2.0rc6,NVIDIA GB200,mla_context,default,float16,float16,2,4,256,64,0,0.0193333327770233,167772160,2621440,64.0,312.5,0.2048,6.7108864e-05,0.00032768,0.0034711482378121336,0.01694896600494206
TRTLLM,1.2.0rc6,NVIDIA GB200,mla_context,default,float16,float16,2,4,256,64,0,0.0193653330206871,167772160,2621440,64.0,312.5,0.2048,6.7108864e-05,0.00032768,0.003465412339065415,0.016920958686842846
TRTLLM,1.2.0rc6,NVIDIA GB200,mla_context,default,float16,fp8,2,4,512,64,0,0.0277440001567204,671088640,3932160,170.66666666666666,312.5,0.5461333333333332,0.000268435456,0.00049152,0.00967544169851719,0.01771626287570286
TRTLLM,1.2.0rc6,NVIDIA GB200,mla_context,default,float16,fp8,2,4,512,64,0,0.0277440001567204,671088640,3932160,170.66666666666666,312.5,0.5461333333333332,0.000268435456,0.00049152,0.00967544169851719,0.01771626287570286
TRTLLM,1.2.0rc6,NVIDIA GB200,mla_context,default,float16,float16,2,4,512,64,0,0.0234506676594416,671088640,5242880,128.0,312.5,0.4096,0.000268435456,0.00065536,0.011446815071464446,0.0279463258580675
TRTLLM,1.2.0rc6,NVIDIA GB200,mla_context,default,float16,float16,2,4,512,64,0,0.0237653329968452,671088640,5242880,128.0,312.5,0.4096,0.000268435456,0.00065536,0.011295253301758248,0.027576302006245723
TRTLLM,1.2.0rc6,NVIDIA GB200,mla_context,default,float16,fp8,2,4,1024,64,0,0.0337013329068819,2684354560,7864320,341.3333333333333,312.5,1.0922666666666665,0.001073741824,0.00098304,0.03186051504155015,0.02916917270649733
TRTLLM,1.2.0rc6,NVIDIA GB200,mla_context,default,float16,fp8,2,4,1024,64,0,0.035621332625548,2684354560,7864320,341.3333333333333,312.5,1.0922666666666665,0.001073741824,0.00098304,0.03014322443484051,0.027596946198889624
TRTLLM,1.2.0rc6,NVIDIA GB200,mla_context,default,float16,float16,2,4,1024,64,0,0.0296213328838348,2684354560,10485760,256.0,312.5,0.8192,0.001073741824,0.00131072,0.03624893681222465,0.044249190444610176
TRTLLM,1.2.0rc6,NVIDIA GB200,mla_context,default,float16,float16,2,4,1024,64,0,0.0297280003627141,2684354560,10485760,256.0,312.5,0.8192,0.001073741824,0.00131072,0.03611887146458477,0.04409041926829196
TRTLLM,1.2.0rc6,NVIDIA GB200,mla_context,default,float16,fp8,2,4,1536,64,0,0.0404693335294723,6039797760,11796480,512.0,312.5,1.6384,0.002415919104,0.00147456,0.05969752633165002,0.036436478473907484
TRTLLM,1.2.0rc6,NVIDIA GB200,mla_context,default,float16,fp8,2,4,1536,64,0,0.0404853324095408,6039797760,11796480,512.0,312.5,1.6384,0.002415919104,0.00147456,0.05967393523069265,0.03642207960857706
TRTLLM,1.2.0rc6,NVIDIA GB200,mla_context,default,float16,float16,2,4,1536,64,0,0.0366133327285448,6039797760,15728640,384.0,312.5,1.2288,0.002415919104,0.00196608,0.06598468164348449,0.053698471389554435
TRTLLM,1.2.0rc6,NVIDIA GB200,mla_context,default,float16,float16,2,4,1536,64,0,0.0375680004556973,6039797760,15728640,384.0,312.5,1.2288,0.002415919104,0.00196608,0.06430789700529879,0.052333900557697585
TRTLLM,1.2.0rc6,NVIDIA GB200,mla_context,default,float16,fp8,2,4,2048,64,0,0.047594666481018,10737418240,15728640,682.6666666666666,312.5,2.184533333333333,0.004294967296,0.00196608,0.0902405167123704,0.04130883028215197
TRTLLM,1.2.0rc6,NVIDIA GB200,mla_context,default,float16,fp8,2,4,2048,64,0,0.0482079982757568,10737418240,15728640,682.6666666666666,312.5,2.184533333333333,0.004294967296,0.00196608,0.08909242137439848,0.040783273944579375
TRTLLM,1.2.0rc6,NVIDIA GB200,mla_context,default,float16,float16,2,4,2048,64,0,0.0441173315048217,10737418240,20971520,512.0,312.5,1.6384,0.004294967296,0.00262144,0.09735328836764734,0.05941973166970663
TRTLLM,1.2.0rc6,NVIDIA GB200,mla_context,default,float16,float16,2,4,2048,64,0,0.0446240007877349,10737418240,20971520,512.0,312.5,1.6384,0.004294967296,0.00262144,0.09624792085384891,0.05874506888052301
TRTLLM,1.2.0rc6,NVIDIA GB200,mla_context,default,float16,fp8,2,4,3072,64,0,0.0627146661281585,24159191040,23592960,1024.0,312.5,3.2768,0.009663676416,0.00294912,0.15408957764762887,0.04702440724109768
TRTLLM,1.2.0rc6,NVIDIA GB200,mla_context,default,float16,fp8,2,4,3072,64,0,0.0632106661796569,24159191040,23592960,1024.0,312.5,3.2768,0.009663676416,0.00294912,0.15288047097200286,0.046655417166748925
TRTLLM,1.2.0rc6,NVIDIA GB200,mla_context,default,float16,float16,2,4,3072,64,0,0.0585066676139831,24159191040,31457280,768.0,312.5,2.4576,0.009663676416,0.00393216,0.16517222412596236,0.0672087500512542
TRTLLM,1.2.0rc6,NVIDIA GB200,mla_context,default,float16,float16,2,4,3072,64,0,0.0623733351627985,24159191040,31457280,768.0,312.5,2.4576,0.009663676416,0.00393216,0.15493281529322056,0.06304232393116072
TRTLLM,1.2.0rc6,NVIDIA GB200,mla_context,default,float16,fp8,2,4,4096,64,0,0.0809973329305648,42949672960,31457280,1365.3333333333333,312.5,4.369066666666666,0.017179869184,0.00393216,0.21210413432658942,0.0485467836746039
TRTLLM,1.2.0rc6,NVIDIA GB200,mla_context,default,float16,fp8,2,4,4096,64,0,0.0865439971288045,42949672960,31457280,1365.3333333333333,312.5,4.369066666666666,0.017179869184,0.00393216,0.19851023472409055,0.0454353869760339
TRTLLM,1.2.0rc6,NVIDIA GB200,mla_context,default,float16,float16,2,4,4096,64,0,0.0809119989474614,42949672960,41943040,1024.0,312.5,3.2768,0.017179869184,0.00524288,0.2123278303278035,0.06479731150140489
TRTLLM,1.2.0rc6,NVIDIA GB200,mla_context,default,float16,float16,2,4,4096,64,0,0.081685334444046,42949672960,41943040,1024.0,312.5,3.2768,0.017179869184,0.00524288,0.21031766963956197,0.06418385914293273
TRTLLM,1.2.0rc6,NVIDIA GB200,mla_context,default,float16,fp8,2,4,6144,64,0,0.1387840012709299,96636764160,47185920,2048.0,312.5,6.5536,0.038654705664,0.00589824,0.2785242197228444,0.04249942317548285
TRTLLM,1.2.0rc6,NVIDIA GB200,mla_context,default,float16,fp8,2,4,6144,64,0,0.1444906691710154,96636764160,47185920,2048.0,312.5,6.5536,0.038654705664,0.00589824,0.267523888468184,0.04082090583315796
TRTLLM,1.2.0rc6,NVIDIA GB200,mla_context,default,float16,float16,2,4,6144,64,0,0.1528693338235219,96636764160,62914560,1536.0,312.5,4.9152,0.038654705664,0.00786432,0.2528610853281041,0.05144471950848471
TRTLLM,1.2.0rc6,NVIDIA GB200,mla_context,default,float16,float16,2,4,6144,64,0,0.1769439975420633,96636764160,62914560,1536.0,312.5,4.9152,0.038654705664,0.00786432,0.218457287056663,0.0444452488315151
TRTLLM,1.2.0rc6,NVIDIA GB200,mla_context,default,float16,fp8,2,4,8192,64,0,0.2014293273289998,171798691840,62914560,2730.6666666666665,312.5,8.738133333333332,0.068719476736,0.00786432,0.3411592425355156,0.03904257688928782
TRTLLM,1.2.0rc6,NVIDIA GB200,mla_context,default,float16,fp8,2,4,8192,64,0,0.2027413249015808,171798691840,62914560,2730.6666666666665,312.5,8.738133333333332,0.068719476736,0.00786432,0.33895150270601876,0.038789921116564034
TRTLLM,1.2.0rc6,NVIDIA GB200,mla_context,default,float16,float16,2,4,8192,64,0,0.2185173432032267,171798691840,83886080,2048.0,312.5,6.5536,0.068719476736,0.01048576,0.31448065278777043,0.04798593945125892
TRTLLM,1.2.0rc6,NVIDIA GB200,mla_context,default,float16,float16,2,4,8192,64,0,0.2190666596094767,171798691840,83886080,2048.0,312.5,6.5536,0.068719476736,0.01048576,0.31369208285050804,0.04786561322792176
TRTLLM,1.2.0rc6,NVIDIA GB200,mla_context,default,float16,fp8,2,4,10240,64,0,0.2678826649983724,268435456000,78643200,3413.3333333333335,312.5,10.922666666666666,0.1073741824,0.0098304,0.4008254225806377,0.03669666344427224
TRTLLM,1.2.0rc6,NVIDIA GB200,mla_context,default,float16,fp8,2,4,10240,64,0,0.2680426637331645,268435456000,78643200,3413.3333333333335,312.5,10.922666666666666,0.1073741824,0.0098304,0.40058616380148576,0.03667475864881767
TRTLLM,1.2.0rc6,NVIDIA GB200,mla_context,default,float16,float16,2,4,10240,64,0,0.2960960070292155,268435456000,104857600,2560.0,312.5,8.192,0.1073741824,0.013107200000000001,0.36263299690294537,0.04426672325475408
TRTLLM,1.2.0rc6,NVIDIA GB200,mla_context,default,float16,float16,2,4,10240,64,0,0.2971626718839009,268435456000,104857600,2560.0,312.5,8.192,0.1073741824,0.013107200000000001,0.36133132643911026,0.044107827934461705
TRTLLM,1.2.0rc6,NVIDIA GB200,mla_context,default,float16,fp8,2,4,12288,64,0,0.343999981880188,386547056640,94371840,4096.0,312.5,13.1072,0.154618822656,0.01179648,0.4494733453499201,0.034292094829553234
TRTLLM,1.2.0rc6,NVIDIA GB200,mla_context,default,float16,fp8,2,4,12288,64,0,0.3451040188471476,386547056640,94371840,4096.0,312.5,13.1072,0.154618822656,0.01179648,0.44803541602476465,0.034182389528256585
TRTLLM,1.2.0rc6,NVIDIA GB200,mla_context,default,float16,float16,2,4,12288,64,0,0.3810240030288696,386547056640,125829120,3072.0,312.5,9.8304,0.154618822656,0.01572864,0.4057981161997418,0.0412799190470115
TRTLLM,1.2.0rc6,NVIDIA GB200,mla_context,default,float16,float16,2,4,12288,64,0,0.3966506719589233,386547056640,125829120,3072.0,312.5,9.8304,0.154618822656,0.01572864,0.3898110695045341,0.03965363255864808
TRTLLM,1.2.0rc6,NVIDIA GB200,mla_context,default,float16,fp8,2,4,16384,64,0,0.5176586707433065,687194767360,125829120,5461.333333333333,312.5,17.476266666666664,0.274877906944,0.01572864,0.5310022269100653,0.03038419114551917
TRTLLM,1.2.0rc6,NVIDIA GB200,mla_context,default,float16,fp8,2,4,16384,64,0,0.517845352490743,687194767360,125829120,5461.333333333333,312.5,17.476266666666664,0.274877906944,0.01572864,0.5308108021475653,0.03037323773274795
TRTLLM,1.2.0rc6,NVIDIA GB200,mla_context,default,float16,float16,2,4,16384,64,0,0.5771093368530273,687194767360,167772160,4096.0,312.5,13.1072,0.274877906944,0.02097152,0.47630126457996164,0.03633890263213819
TRTLLM,1.2.0rc6,NVIDIA GB200,mla_context,default,float16,float16,2,4,16384,64,0,0.5820959806442261,687194767360,167772160,4096.0,312.5,13.1072,0.274877906944,0.02097152,0.47222093277432176,0.036027598020501844
TRTLLM,1.2.0rc6,NVIDIA GB200,mla_context,default,float16,fp8,2,2,1,64,0,0.0172213328381379,1280,3840,0.3333333333333333,312.5,0.0010666666666666665,5.12e-10,4.8e-07,2.9730567593824016e-08,2.7872407119210014e-05
TRTLLM,1.2.0rc6,NVIDIA GB200,mla_context,default,float16,fp8,2,2,1,64,0,0.018085333208243,1280,3840,0.3333333333333333,312.5,0.0010666666666666665,5.12e-10,4.8e-07,2.8310233165438096e-08,2.6540843592598215e-05
TRTLLM,1.2.0rc6,NVIDIA GB200,mla_context,default,float16,float16,2,2,1,64,0,0.0147946663200855,1280,5120,0.25,312.5,0.0008,5.12e-10,6.4e-07,3.460706641993674e-08,4.325883302492093e-05
TRTLLM,1.2.0rc6,NVIDIA GB200,mla_context,default,float16,float16,2,2,1,64,0,0.0149706664184729,1280,5120,0.25,312.5,0.0008,5.12e-10,6.4e-07,3.4200214318330067e-08,4.275026789791259e-05
TRTLLM,1.2.0rc6,NVIDIA GB200,mla_context,default,float16,fp8,2,2,16,64,0,0.0177920001248518,327680,61440,5.333333333333333,312.5,0.017066666666666664,1.31072e-07,7.68e-06,7.366906423124351e-06,0.00043165467322994245
TRTLLM,1.2.0rc6,NVIDIA GB200,mla_context,default,float16,fp8,2,2,16,64,0,0.019045333067576,327680,61440,5.333333333333333,312.5,0.017066666666666664,1.31072e-07,7.68e-06,6.882105948734779e-06,0.0004032483954336784
TRTLLM,1.2.0rc6,NVIDIA GB200,mla_context,default,float16,float16,2,2,16,64,0,0.0150613337755203,327680,81920,4.0,312.5,0.0128,1.31072e-07,1.024e-05,8.702549319571935e-06,0.0006798866655915574
TRTLLM,1.2.0rc6,NVIDIA GB200,mla_context,default,float16,float16,2,2,16,64,0,0.0160106668869654,327680,81920,4.0,312.5,0.0128,1.31072e-07,1.024e-05,8.186542192487204e-06,0.0006395736087880628
TRTLLM,1.2.0rc6,NVIDIA GB200,mla_context,default,float16,fp8,2,2,32,64,0,0.0213759988546371,1310720,122880,10.666666666666666,312.5,0.03413333333333333,5.24288e-07,1.536e-05,2.452694742198052e-05,0.0007185629127533355
TRTLLM,1.2.0rc6,NVIDIA GB200,mla_context,default,float16,fp8,2,2,32,64,0,0.0215039998292922,1310720,122880,10.666666666666666,312.5,0.03413333333333333,5.24288e-07,1.536e-05,2.438095257449864e-05,0.0007142857199560148
TRTLLM,1.2.0rc6,NVIDIA GB200,mla_context,default,float16,float16,2,2,32,64,0,0.0150560004015763,1310720,163840,8.0,312.5,0.0256,5.24288e-07,2.048e-05,3.48225282954369e-05,0.001360255011540504
TRTLLM,1.2.0rc6,NVIDIA GB200,mla_context,default,float16,float16,2,2,32,64,0,0.0155360003312428,1310720,163840,8.0,312.5,0.0256,5.24288e-07,2.048e-05,3.374665221560662e-05,0.0013182286021721336
TRTLLM,1.2.0rc6,NVIDIA GB200,mla_context,default,float16,fp8,2,2,64,64,0,0.0211786677440007,5242880,245760,21.333333333333332,312.5,0.06826666666666666,2.097152e-06,3.072e-05,9.902190380195479e-05,0.0014505161689739468
TRTLLM,1.2.0rc6,NVIDIA GB200,mla_context,default,float16,fp8,2,2,64,64,0,0.0213279997309048,5242880,245760,21.333333333333332,312.5,0.06826666666666666,2.097152e-06,3.072e-05,9.832858338614732e-05,0.0014403601081955171
TRTLLM,1.2.0rc6,NVIDIA GB200,mla_context,default,float16,float16,2,2,64,64,0,0.0156373331944147,5242880,327680,16.0,312.5,0.0512,2.097152e-06,4.096e-05,0.0001341118702227983,0.002619372465289029
TRTLLM,1.2.0rc6,NVIDIA GB200,mla_context,default,float16,float16,2,2,64,64,0,0.0157759996751944,5242880,327680,16.0,312.5,0.0512,2.097152e-06,4.096e-05,0.00013293306561722897,0.0025963489378365034
TRTLLM,1.2.0rc6,NVIDIA GB200,mla_context,default,float16,fp8,2,2,128,64,0,0.0209280004103978,20971520,491520,42.666666666666664,312.5,0.1365333333333333,8.388608e-06,6.144e-05,0.00040083179642103935,0.002935779758943159
TRTLLM,1.2.0rc6,NVIDIA GB200,mla_context,default,float16,fp8,2,2,128,64,0,0.0226133341590563,20971520,491520,42.666666666666664,312.5,0.1365333333333333,8.388608e-06,6.144e-05,0.00037095847702053647,0.002716981032865257
TRTLLM,1.2.0rc6,NVIDIA GB200,mla_context,default,float16,float16,2,2,128,64,0,0.0151039995253086,20971520,655360,32.0,312.5,0.1024,8.388608e-06,8.192e-05,0.0005553898479633729,0.005423728984017314
TRTLLM,1.2.0rc6,NVIDIA GB200,mla_context,default,float16,float16,2,2,128,64,0,0.0164960001905759,20971520,655360,32.0,312.5,0.1024,8.388608e-06,8.192e-05,0.0005085237574616651,0.004966052318961574
TRTLLM,1.2.0rc6,NVIDIA GB200,mla_context,default,float16,fp8,2,2,256,64,0,0.0240586673219998,83886080,983040,85.33333333333333,312.5,0.2730666666666666,3.3554432e-05,0.00012288,0.0013946920480220055,0.005107514824299336
TRTLLM,1.2.0rc6,NVIDIA GB200,mla_context,default,float16,fp8,2,2,256,64,0,0.0257120008269945,83886080,983040,85.33333333333333,312.5,0.2730666666666666,3.3554432e-05,0.00012288,0.0013050105367440675,0.004779091321084231
TRTLLM,1.2.0rc6,NVIDIA GB200,mla_context,default,float16,float16,2,2,256,64,0,0.0193973332643508,83886080,1310720,64.0,312.5,0.2048,3.3554432e-05,0.00016384,0.0017298476828084242,0.00844652188871301
TRTLLM,1.2.0rc6,NVIDIA GB200,mla_context,default,float16,float16,2,2,256,64,0,0.0194240001340707,83886080,1310720,64.0,312.5,0.2048,3.3554432e-05,0.00016384,0.0017274728052098698,0.008434925806688818
TRTLLM,1.2.0rc6,NVIDIA GB200,mla_context,default,float16,fp8,2,2,512,64,0,0.0274560004472732,335544320,1966080,170.66666666666666,312.5,0.5461333333333332,0.000134217728,0.00024576,0.004888466120830424,0.008951048805231489
TRTLLM,1.2.0rc6,NVIDIA GB200,mla_context,default,float16,fp8,2,2,512,64,0,0.0282400002082188,335544320,1966080,170.66666666666666,312.5,0.5461333333333332,0.000134217728,0.00024576,0.004752752372889079,0.008702549510905296
TRTLLM,1.2.0rc6,NVIDIA GB200,mla_context,default,float16,float16,2,2,512,64,0,0.0222400004665056,335544320,2621440,128.0,312.5,0.4096,0.000134217728,0.00032768,0.006034969657583312,0.014733812640584258
TRTLLM,1.2.0rc6,NVIDIA GB200,mla_context,default,float16,float16,2,2,512,64,0,0.0235200002789497,335544320,2621440,128.0,312.5,0.4096,0.000134217728,0.00032768,0.005706535986741645,0.01393197262388097
TRTLLM,1.2.0rc6,NVIDIA GB200,mla_context,default,float16,fp8,2,2,1024,64,0,0.0318133334318796,1342177280,3932160,341.3333333333333,312.5,1.0922666666666665,0.000536870912,0.00049152,0.016875657282176246,0.015450125685586161
TRTLLM,1.2.0rc6,NVIDIA GB200,mla_context,default,float16,fp8,2,2,1024,64,0,0.034101332227389,1342177280,3932160,341.3333333333333,312.5,1.0922666666666665,0.000536870912,0.00049152,0.015743399947548208,0.014413513135572698
TRTLLM,1.2.0rc6,NVIDIA GB200,mla_context,default,float16,float16,2,2,1024,64,0,0.029589332640171,1342177280,5242880,256.0,312.5,0.8192,0.000536870912,0.00065536,0.018144069639175794,0.022148522508759518
TRTLLM,1.2.0rc6,NVIDIA GB200,mla_context,default,float16,float16,2,2,1024,64,0,0.0297066668669382,1342177280,5242880,256.0,312.5,0.8192,0.000536870912,0.00065536,0.018072404905092404,0.02206104114391163
TRTLLM,1.2.0rc6,NVIDIA GB200,mla_context,default,float16,fp8,2,2,1536,64,0,0.0379039992888768,3019898880,5898240,512.0,312.5,1.6384,0.001207959552,0.00073728,0.03186892081739998,0.019451245616088856
TRTLLM,1.2.0rc6,NVIDIA GB200,mla_context,default,float16,fp8,2,2,1536,64,0,0.0382986664772033,3019898880,5898240,512.0,312.5,1.6384,0.001207959552,0.00073728,0.03154051206245052,0.01925080081936677
TRTLLM,1.2.0rc6,NVIDIA GB200,mla_context,default,float16,float16,2,2,1536,64,0,0.0361653342843055,3019898880,7864320,384.0,312.5,1.2288,0.001207959552,0.00098304,0.033401033777370956,0.027181830873511517
TRTLLM,1.2.0rc6,NVIDIA GB200,mla_context,default,float16,float16,2,2,1536,64,0,0.0362346669038136,3019898880,7864320,384.0,312.5,1.2288,0.001207959552,0.00098304,0.033337123125943946,0.027129820252233025
TRTLLM,1.2.0rc6,NVIDIA GB200,mla_context,default,float16,fp8,2,2,2048,64,0,0.0435999979575475,5368709120,7864320,682.6666666666666,312.5,2.184533333333333,0.002147483648,0.00098304,0.04925421441741728,0.022546790047035494
TRTLLM,1.2.0rc6,NVIDIA GB200,mla_context,default,float16,fp8,2,2,2048,64,0,0.0461386690537134,5368709120,7864320,682.6666666666666,312.5,2.184533333333333,0.002147483648,0.00098304,0.046544117809292615,0.021306206272564368
TRTLLM,1.2.0rc6,NVIDIA GB200,mla_context,default,float16,float16,2,2,2048,64,0,0.0424906661113103,5368709120,10485760,512.0,312.5,1.6384,0.002147483648,0.00131072,0.05054012668039525,0.03084724528832718
TRTLLM,1.2.0rc6,NVIDIA GB200,mla_context,default,float16,float16,2,2,2048,64,0,0.0426293313503265,5368709120,10485760,512.0,312.5,1.6384,0.002147483648,0.00131072,0.050375729104265014,0.03074690497086488
TRTLLM,1.2.0rc6,NVIDIA GB200,mla_context,default,float16,fp8,2,2,3072,64,0,0.0576053311427434,12079595520,11796480,1024.0,312.5,3.2768,0.004831838208,0.00147456,0.08387831667917893,0.02559763082250334
TRTLLM,1.2.0rc6,NVIDIA GB200,mla_context,default,float16,fp8,2,2,3072,64,0,0.0579893340667088,12079595520,11796480,1024.0,312.5,3.2768,0.004831838208,0.00147456,0.08332287800445562,0.025428124391008184
TRTLLM,1.2.0rc6,NVIDIA GB200,mla_context,default,float16,float16,2,2,3072,64,0,0.0560533354679743,12079595520,15728640,768.0,312.5,2.4576,0.004831838208,0.00196608,0.0862007259275523,0.035075165172343874
TRTLLM,1.2.0rc6,NVIDIA GB200,mla_context,default,float16,float16,2,2,3072,64,0,0.0563253313302993,12079595520,15728640,768.0,312.5,2.4576,0.004831838208,0.00196608,0.0857844613405903,0.034905786678300084
TRTLLM,1.2.0rc6,NVIDIA GB200,mla_context,default,float16,fp8,2,2,4096,64,0,0.0688213308652242,21474836480,15728640,1365.3333333333333,312.5,4.369066666666666,0.008589934592,0.00196608,0.12481500261629701,0.02856788695136192
TRTLLM,1.2.0rc6,NVIDIA GB200,mla_context,default,float16,fp8,2,2,4096,64,0,0.0709119985500971,21474836480,15728640,1365.3333333333333,312.5,4.369066666666666,0.008589934592,0.00196608,0.12113513605079797,0.02772563233584548
TRTLLM,1.2.0rc6,NVIDIA GB200,mla_context,default,float16,float16,2,2,4096,64,0,0.0688533335924148,21474836480,20971520,1024.0,312.5,3.2768,0.008589934592,0.00262144,0.1247569891510134,0.03807281163055829
TRTLLM,1.2.0rc6,NVIDIA GB200,mla_context,default,float16,float16,2,2,4096,64,0,0.0692853331565857,21474836480,20971520,1024.0,312.5,3.2768,0.008589934592,0.00262144,0.12397911939871377,0.03783542462118951
TRTLLM,1.2.0rc6,NVIDIA GB200,mla_context,default,float16,fp8,2,2,6144,64,0,0.0953919986883799,48318382080,23592960,2048.0,312.5,6.5536,0.019327352832,0.00294912,0.2026097901055337,0.030915800492177386
TRTLLM,1.2.0rc6,NVIDIA GB200,mla_context,default,float16,fp8,2,2,6144,64,0,0.0971679985523223,48318382080,23592960,2048.0,312.5,6.5536,0.019327352832,0.00294912,0.19890656512383292,0.03035073320370986
TRTLLM,1.2.0rc6,NVIDIA GB200,mla_context,default,float16,float16,2,2,6144,64,0,0.0984586675961812,48318382080,31457280,1536.0,312.5,4.9152,0.019327352832,0.00393216,0.19629915073875756,0.03993716445694124
TRTLLM,1.2.0rc6,NVIDIA GB200,mla_context,default,float16,float16,2,2,6144,64,0,0.1388746698697408,48318382080,31457280,1536.0,312.5,4.9152,0.019327352832,0.00393216,0.1391711883104984,0.028314450746764815
TRTLLM,1.2.0rc6,NVIDIA GB200,mla_context,default,float16,fp8,2,2,8192,64,0,0.1240533292293548,85899345920,31457280,2730.6666666666665,312.5,8.738133333333332,0.034359738368,0.00393216,0.2769755441587088,0.031697335528416686
TRTLLM,1.2.0rc6,NVIDIA GB200,mla_context,default,float16,fp8,2,2,8192,64,0,0.1289866665999094,85899345920,31457280,2730.6666666666665,312.5,8.738133333333332,0.034359738368,0.00393216,0.2663820941630887,0.030485011386461876
TRTLLM,1.2.0rc6,NVIDIA GB200,mla_context,default,float16,float16,2,2,8192,64,0,0.1359040041764577,85899345920,41943040,2048.0,312.5,6.5536,0.034359738368,0.00524288,0.25282359100609963,0.03857781845185847
TRTLLM,1.2.0rc6,NVIDIA GB200,mla_context,default,float16,float16,2,2,8192,64,0,0.1365279952685038,85899345920,41943040,2048.0,312.5,6.5536,0.034359738368,0.00524288,0.2516680795057905,0.038401501389433365
TRTLLM,1.2.0rc6,NVIDIA GB200,mla_context,default,float16,fp8,2,2,10240,64,0,0.1630933284759521,134217728000,39321600,3413.3333333333335,312.5,10.922666666666666,0.0536870912,0.0049152,0.32918017984969933,0.03013734556729425
TRTLLM,1.2.0rc6,NVIDIA GB200,mla_context,default,float16,fp8,2,2,10240,64,0,0.1684000094731648,134217728000,39321600,3413.3333333333335,312.5,10.922666666666666,0.0536870912,0.0049152,0.3188069369352099,0.029187646814136648
TRTLLM,1.2.0rc6,NVIDIA GB200,mla_context,default,float16,float16,2,2,10240,64,0,0.177562673886617,134217728000,52428800,2560.0,312.5,8.192,0.0536870912,0.006553600000000001,0.3023557261493032,0.036908657977209866
TRTLLM,1.2.0rc6,NVIDIA GB200,mla_context,default,float16,float16,2,2,10240,64,0,0.1786613265673319,134217728000,52428800,2560.0,312.5,8.192,0.0536870912,0.006553600000000001,0.30049643216864286,0.036681693379961286
TRTLLM,1.2.0rc6,NVIDIA GB200,mla_context,default,float16,fp8,2,2,12288,64,0,0.2182506720225016,193273528320,47185920,4096.0,312.5,13.1072,0.077309411328,0.00589824,0.3542230161840208,0.027025071425172485
TRTLLM,1.2.0rc6,NVIDIA GB200,mla_context,default,float16,fp8,2,2,12288,64,0,0.2188106576601664,193273528320,47185920,4096.0,312.5,13.1072,0.077309411328,0.00589824,0.35331647989500037,0.026955908195114165
TRTLLM,1.2.0rc6,NVIDIA GB200,mla_context,default,float16,float16,2,2,12288,64,0,0.2364213267962137,193273528320,62914560,3072.0,312.5,9.8304,0.077309411328,0.00786432,0.3269984665750472,0.033264004168197345
TRTLLM,1.2.0rc6,NVIDIA GB200,mla_context,default,float16,float16,2,2,12288,64,0,0.2450453241666158,193273528320,62914560,3072.0,312.5,9.8304,0.077309411328,0.00786432,0.315490253041655,0.03209332814958241
TRTLLM,1.2.0rc6,NVIDIA GB200,mla_context,default,float16,fp8,2,2,16384,64,0,0.3283680081367492,343597383680,62914560,5461.333333333333,312.5,17.476266666666664,0.137438953472,0.00786432,0.4185515947545152,0.02394971436049548
TRTLLM,1.2.0rc6,NVIDIA GB200,mla_context,default,float16,fp8,2,2,16384,64,0,0.3285866578420003,343597383680,62914560,5461.333333333333,312.5,17.476266666666664,0.137438953472,0.00786432,0.4182730801507072,0.023933777627031735
TRTLLM,1.2.0rc6,NVIDIA GB200,mla_context,default,float16,float16,2,2,16384,64,0,0.371669332186381,343597383680,83886080,4096.0,312.5,13.1072,0.137438953472,0.01048576,0.3697882541545787,0.02821260483967428
TRTLLM,1.2.0rc6,NVIDIA GB200,mla_context,default,float16,float16,2,2,16384,64,0,0.3751680056254069,343597383680,83886080,4096.0,312.5,13.1072,0.137438953472,0.01048576,0.3663397502217402,0.02794950486921236
TRTLLM,1.2.0rc6,NVIDIA GB200,mla_context,default,float16,fp8,2,2,32768,64,0,0.9014026323954264,1374389534720,125829120,10922.666666666666,312.5,34.95253333333333,0.549755813888,0.01572864,0.6098892926760765,0.017449072628290457
TRTLLM,1.2.0rc6,NVIDIA GB200,mla_context,default,float16,fp8,2,2,32768,64,0,0.9050559997558594,1374389534720,125829120,10922.666666666666,312.5,34.95253333333333,0.549755813888,0.01572864,0.6074274012174912,0.017378637348675473
TRTLLM,1.2.0rc6,NVIDIA GB200,mla_context,default,float16,float16,2,2,32768,64,0,1.055615981419881,1374389534720,167772160,8192.0,312.5,26.2144,0.549755813888,0.02097152,0.5207914843696644,0.01986661851385744
TRTLLM,1.2.0rc6,NVIDIA GB200,mla_context,default,float16,float16,2,2,32768,64,0,1.0611146291097004,1374389534720,167772160,8192.0,312.5,26.2144,0.549755813888,0.02097152,0.5180927666120839,0.019763670601352076
TRTLLM,1.2.0rc6,NVIDIA GB200,mla_context,default,float16,fp8,2,1,1,64,0,0.0171306667228539,640,1920,0.3333333333333333,312.5,0.0010666666666666665,2.56e-10,2.4e-07,1.4943960100424592e-08,1.4009962594148053e-05
TRTLLM,1.2.0rc6,NVIDIA GB200,mla_context,default,float16,fp8,2,1,1,64,0,0.0176320001482963,640,1920,0.3333333333333333,312.5,0.0010666666666666665,2.56e-10,2.4e-07,1.4519056139228543e-08,1.3611615130526759e-05
TRTLLM,1.2.0rc6,NVIDIA GB200,mla_context,default,float16,float16,2,1,1,64,0,0.0150026666621367,640,2560,0.25,312.5,0.0008,2.56e-10,3.2e-07,1.7063633137039927e-08,2.1329541421299912e-05
TRTLLM,1.2.0rc6,NVIDIA GB200,mla_context,default,float16,float16,2,1,1,64,0,0.0150773338973522,640,2560,0.25,312.5,0.0008,2.56e-10,3.2e-07,1.6979129184434745e-08,2.1223911480543433e-05
TRTLLM,1.2.0rc6,NVIDIA GB200,mla_context,default,float16,fp8,2,1,16,64,0,0.0169813334941864,163840,30720,5.333333333333333,312.5,0.017066666666666664,6.5536e-08,3.84e-06,3.859296445855468e-06,0.00022613065112434382
TRTLLM,1.2.0rc6,NVIDIA GB200,mla_context,default,float16,fp8,2,1,16,64,0,0.017119999974966,163840,30720,5.333333333333333,312.5,0.017066666666666664,6.5536e-08,3.84e-06,3.82803738877518e-06,0.0002242990657485457
TRTLLM,1.2.0rc6,NVIDIA GB200,mla_context,default,float16,float16,2,1,16,64,0,0.0151466665168603,163840,40960,4.0,312.5,0.0128,6.5536e-08,5.12e-06,4.32676060617361e-06,0.0003380281723573133
TRTLLM,1.2.0rc6,NVIDIA GB200,mla_context,default,float16,float16,2,1,16,64,0,0.015599999576807,163840,40960,4.0,312.5,0.0128,6.5536e-08,5.12e-06,4.2010257549900444e-06,0.00032820513710859724
TRTLLM,1.2.0rc6,NVIDIA GB200,mla_context,default,float16,fp8,2,1,32,64,0,0.0185599997639656,655360,61440,10.666666666666666,312.5,0.03413333333333333,2.62144e-07,7.68e-06,1.4124138110656382e-05,0.00041379310871063617
TRTLLM,1.2.0rc6,NVIDIA GB200,mla_context,default,float16,fp8,2,1,32,64,0,0.0192640001575152,655360,61440,10.666666666666666,312.5,0.03413333333333333,2.62144e-07,7.68e-06,1.3607973310659124e-05,0.0003986710930857165
TRTLLM,1.2.0rc6,NVIDIA GB200,mla_context,default,float16,float16,2,1,32,64,0,0.0153653336067994,655360,81920,8.0,312.5,0.0256,2.62144e-07,1.024e-05,1.7060742493999426e-05,0.0006664352536718526
TRTLLM,1.2.0rc6,NVIDIA GB200,mla_context,default,float16,float16,2,1,32,64,0,0.0154453329741954,655360,81920,8.0,312.5,0.0256,2.62144e-07,1.024e-05,1.6972376085252766e-05,0.0006629834408301862
TRTLLM,1.2.0rc6,NVIDIA GB200,mla_context,default,float16,fp8,2,1,64,64,0,0.0193813331425189,2621440,122880,21.333333333333332,312.5,0.06826666666666666,1.048576e-06,1.536e-05,5.4102367070902196e-05,0.0007925151426401689
TRTLLM,1.2.0rc6,NVIDIA GB200,mla_context,default,float16,fp8,2,1,64,64,0,0.0220426668723424,2621440,122880,21.333333333333332,312.5,0.06826666666666666,1.048576e-06,1.536e-05,4.75702874825768e-05,0.0006968303830455586
TRTLLM,1.2.0rc6,NVIDIA GB200,mla_context,default,float16,float16,2,1,64,64,0,0.0150986661513646,2621440,163840,16.0,312.5,0.0512,1.048576e-06,2.048e-05,6.944825387143425e-05,0.0013564112084264504
TRTLLM,1.2.0rc6,NVIDIA GB200,mla_context,default,float16,float16,2,1,64,64,0,0.0152106670041879,2621440,163840,16.0,312.5,0.0512,1.048576e-06,2.048e-05,6.893688486581813e-05,0.0013464235325355103
TRTLLM,1.2.0rc6,NVIDIA GB200,mla_context,default,float16,fp8,2,1,128,64,0,0.0210453321536382,10485760,245760,42.666666666666664,312.5,0.1365333333333333,4.194304e-06,3.072e-05,0.00019929854132879116,0.001459706113247982
TRTLLM,1.2.0rc6,NVIDIA GB200,mla_context,default,float16,fp8,2,1,128,64,0,0.0213013341029485,10485760,245760,42.666666666666664,312.5,0.1365333333333333,4.194304e-06,3.072e-05,0.00019690334791844943,0.0014421631927620806
TRTLLM,1.2.0rc6,NVIDIA GB200,mla_context,default,float16,float16,2,1,128,64,0,0.0153066664934158,10485760,327680,32.0,312.5,0.1024,4.194304e-06,4.096e-05,0.00027401812156841533,0.002675958218441556
TRTLLM,1.2.0rc6,NVIDIA GB200,mla_context,default,float16,float16,2,1,128,64,0,0.0156479999423027,10485760,327680,32.0,312.5,0.1024,4.194304e-06,4.096e-05,0.00026804090078382133,0.002617586921717005
TRTLLM,1.2.0rc6,NVIDIA GB200,mla_context,default,float16,fp8,2,1,256,64,0,0.0231146663427352,41943040,491520,85.33333333333333,312.5,0.2730666666666666,1.6777216e-05,6.144e-05,0.0007258255754694455,0.002658052644541426
TRTLLM,1.2.0rc6,NVIDIA GB200,mla_context,default,float16,fp8,2,1,256,64,0,0.0253920008738835,41943040,491520,85.33333333333333,312.5,0.2730666666666666,1.6777216e-05,6.144e-05,0.0006607283956600645,0.002419659652075431
TRTLLM,1.2.0rc6,NVIDIA GB200,mla_context,default,float16,float16,2,1,256,64,0,0.0192106664180755,41943040,655360,64.0,312.5,0.2048,1.6777216e-05,8.192e-05,0.0008733281623283072,0.004264297667618688
TRTLLM,1.2.0rc6,NVIDIA GB200,mla_context,default,float16,float16,2,1,256,64,0,0.0195840001106262,41943040,655360,64.0,312.5,0.2048,1.6777216e-05,8.192e-05,0.0008566797337228746,0.004183006512318723
TRTLLM,1.2.0rc6,NVIDIA GB200,mla_context,default,float16,fp8,2,1,512,64,0,0.0275520011782646,167772160,983040,170.66666666666666,312.5,0.5461333333333332,6.7108864e-05,0.00012288,0.0024357165044309476,0.004459930122859401
TRTLLM,1.2.0rc6,NVIDIA GB200,mla_context,default,float16,fp8,2,1,512,64,0,0.0276479994257291,167772160,983040,170.66666666666666,312.5,0.5461333333333332,6.7108864e-05,0.00012288,0.002427259309675361,0.004444444536759084
TRTLLM,1.2.0rc6,NVIDIA GB200,mla_context,default,float16,float16,2,1,512,64,0,0.02145600070556,167772160,1310720,128.0,312.5,0.4096,6.7108864e-05,0.00016384,0.003127743372165799,0.007636092217201658
TRTLLM,1.2.0rc6,NVIDIA GB200,mla_context,default,float16,float16,2,1,512,64,0,0.0233973339200019,167772160,1310720,128.0,312.5,0.4096,6.7108864e-05,0.00016384,0.0028682269625014845,0.0070025072326696395
TRTLLM,1.2.0rc6,NVIDIA GB200,mla_context,default,float16,fp8,2,1,1024,64,0,0.0336213335394859,671088640,1966080,341.3333333333333,312.5,1.0922666666666665,0.000268435456,0.00024576,0.00798408116931892,0.007309644625230945
TRTLLM,1.2.0rc6,NVIDIA GB200,mla_context,default,float16,fp8,2,1,1024,64,0,0.0337546666463216,671088640,1966080,341.3333333333333,312.5,1.0922666666666665,0.000268435456,0.00024576,0.007952543534576799,0.007280771058267333
TRTLLM,1.2.0rc6,NVIDIA GB200,mla_context,default,float16,float16,2,1,1024,64,0,0.0292533338069915,671088640,2621440,256.0,312.5,0.8192,0.000268435456,0.00032768,0.009176234673664591,0.011201458341875721
TRTLLM,1.2.0rc6,NVIDIA GB200,mla_context,default,float16,float16,2,1,1024,64,0,0.0300319989522298,671088640,2621440,256.0,312.5,0.8192,0.000268435456,0.00032768,0.008938314643223885,0.010911028617216658
TRTLLM,1.2.0rc6,NVIDIA GB200,mla_context,default,float16,fp8,2,1,1536,64,0,0.0381173342466354,1509949440,2949120,512.0,312.5,1.6384,0.000603979776,0.00036864,0.01584527847860486,0.0096711904776641
TRTLLM,1.2.0rc6,NVIDIA GB200,mla_context,default,float16,fp8,2,1,1536,64,0,0.0384533330798149,1509949440,2949120,512.0,312.5,1.6384,0.000603979776,0.00036864,0.01570682506887924,0.009586685222704614
TRTLLM,1.2.0rc6,NVIDIA GB200,mla_context,default,float16,float16,2,1,1536,64,0,0.0357493336002031,1509949440,3932160,384.0,312.5,1.2288,0.000603979776,0.00049152,0.016894854118247638,0.013749067479042674
TRTLLM,1.2.0rc6,NVIDIA GB200,mla_context,default,float16,float16,2,1,1536,64,0,0.0358346675833066,1509949440,3932160,384.0,312.5,1.2288,0.000603979776,0.00049152,0.016854621982913577,0.013716326483490866
TRTLLM,1.2.0rc6,NVIDIA GB200,mla_context,default,float16,fp8,2,1,2048,64,0,0.0443893323342005,2684354560,3932160,682.6666666666666,312.5,2.184533333333333,0.001073741824,0.00049152,0.024189186174641285,0.011072930682971778
TRTLLM,1.2.0rc6,NVIDIA GB200,mla_context,default,float16,fp8,2,1,2048,64,0,0.0444640020529429,2684354560,3932160,682.6666666666666,312.5,2.184533333333333,0.001073741824,0.00049152,0.02414856455614375,0.011054335581730843
TRTLLM,1.2.0rc6,NVIDIA GB200,mla_context,default,float16,float16,2,1,2048,64,0,0.0415573343634605,2684354560,5242880,512.0,312.5,1.6384,0.001073741824,0.00065536,0.02583760100224554,0.01577002014297213
TRTLLM,1.2.0rc6,NVIDIA GB200,mla_context,default,float16,float16,2,1,2048,64,0,0.0419200013081232,2684354560,5242880,512.0,312.5,1.6384,0.001073741824,0.00065536,0.025614069429714732,0.01563358729840987
TRTLLM,1.2.0rc6,NVIDIA GB200,mla_context,default,float16,fp8,2,1,3072,64,0,0.0548853327830632,6039797760,5898240,1024.0,312.5,3.2768,0.002415919104,0.00073728,0.04401757230021782,0.013433097015447334
TRTLLM,1.2.0rc6,NVIDIA GB200,mla_context,default,float16,fp8,2,1,3072,64,0,0.0552746653556823,6039797760,5898240,1024.0,312.5,3.2768,0.002415919104,0.00073728,0.04370753017596769,0.01333847966795889
TRTLLM,1.2.0rc6,NVIDIA GB200,mla_context,default,float16,float16,2,1,3072,64,0,0.0543839981158574,6039797760,7864320,768.0,312.5,2.4576,0.002415919104,0.00098304,0.04442334487532944,0.018075905304089125
TRTLLM,1.2.0rc6,NVIDIA GB200,mla_context,default,float16,float16,2,1,3072,64,0,0.0549439986546834,6039797760,7864320,768.0,312.5,2.4576,0.002415919104,0.00098304,0.04397057300441071,0.017891671958174926
TRTLLM,1.2.0rc6,NVIDIA GB200,mla_context,default,float16,fp8,2,1,4096,64,0,0.0665759990612665,10737418240,7864320,1365.3333333333333,312.5,4.369066666666666,0.004294967296,0.00098304,0.06451224700432298,0.014765681534802929
TRTLLM,1.2.0rc6,NVIDIA GB200,mla_context,default,float16,fp8,2,1,4096,64,0,0.069130669037501,10737418240,7864320,1365.3333333333333,312.5,4.369066666666666,0.004294967296,0.00098304,0.06212824721355045,0.014220027285816296
TRTLLM,1.2.0rc6,NVIDIA GB200,mla_context,default,float16,float16,2,1,4096,64,0,0.0665546655654907,10737418240,10485760,1024.0,312.5,3.2768,0.004294967296,0.00131072,0.06453292582131141,0.01969388605386701
TRTLLM,1.2.0rc6,NVIDIA GB200,mla_context,default,float16,float16,2,1,4096,64,0,0.0668853322664896,10737418240,10485760,1024.0,312.5,3.2768,0.004294967296,0.00131072,0.06421388891196154,0.019596523715808577
TRTLLM,1.2.0rc6,NVIDIA GB200,mla_context,default,float16,fp8,2,1,6144,64,0,0.0894399980703989,24159191040,11796480,2048.0,312.5,6.5536,0.009663676416,0.00147456,0.10804647388737247,0.01648658353994331
TRTLLM,1.2.0rc6,NVIDIA GB200,mla_context,default,float16,fp8,2,1,6144,64,0,0.0935253302256266,24159191040,11796480,2048.0,312.5,6.5536,0.009663676416,0.00147456,0.10332683555018428,0.01576642388155888
TRTLLM,1.2.0rc6,NVIDIA GB200,mla_context,default,float16,float16,2,1,6144,64,0,0.0934826632340749,24159191040,15728640,1536.0,312.5,4.9152,0.009663676416,0.00196608,0.1033739955803649,0.021031493241447936
TRTLLM,1.2.0rc6,NVIDIA GB200,mla_context,default,float16,float16,2,1,6144,64,0,0.0973973373572031,24159191040,15728640,1536.0,312.5,4.9152,0.009663676416,0.00196608,0.09921910267996986,0.020186178116855847
TRTLLM,1.2.0rc6,NVIDIA GB200,mla_context,default,float16,fp8,2,1,8192,64,0,0.1133973300457,42949672960,15728640,2730.6666666666665,312.5,8.738133333333332,0.017179869184,0.00196608,0.15150153162403718,0.01733797435272642
TRTLLM,1.2.0rc6,NVIDIA GB200,mla_context,default,float16,fp8,2,1,8192,64,0,0.1137973368167877,42949672960,15728640,2730.6666666666665,312.5,8.738133333333332,0.017179869184,0.00196608,0.1509689915824601,0.017277029981513224
TRTLLM,1.2.0rc6,NVIDIA GB200,mla_context,default,float16,float16,2,1,8192,64,0,0.1179786622524261,42949672960,20971520,2048.0,312.5,6.5536,0.017179869184,0.00262144,0.1456184436745189,0.022219611156390214
TRTLLM,1.2.0rc6,NVIDIA GB200,mla_context,default,float16,float16,2,1,8192,64,0,0.1186773379643758,42949672960,20971520,2048.0,312.5,6.5536,0.017179869184,0.00262144,0.14476116062829958,0.022088800144699033
TRTLLM,1.2.0rc6,NVIDIA GB200,mla_context,default,float16,fp8,2,1,10240,64,0,0.136053333679835,67108864000,19660800,3413.3333333333335,312.5,10.922666666666666,0.0268435456,0.0024576,0.1973016380706193,0.018063504462031792
TRTLLM,1.2.0rc6,NVIDIA GB200,mla_context,default,float16,fp8,2,1,10240,64,0,0.1372373302777608,67108864000,19660800,3413.3333333333335,312.5,10.922666666666666,0.0268435456,0.0024576,0.19559944474051005,0.017907664008225407
TRTLLM,1.2.0rc6,NVIDIA GB200,mla_context,default,float16,float16,2,1,10240,64,0,0.1443359951178232,67108864000,26214400,2560.0,312.5,8.192,0.0268435456,0.0032768000000000003,0.18597956509800134,0.02270258363012712
TRTLLM,1.2.0rc6,NVIDIA GB200,mla_context,default,float16,float16,2,1,10240,64,0,0.1448693374792734,67108864000,26214400,2560.0,312.5,8.192,0.0268435456,0.0032768000000000003,0.1852948737605743,0.022619003144601354
TRTLLM,1.2.0rc6,NVIDIA GB200,mla_context,default,float16,fp8,2,1,12288,64,0,0.1610879997412363,96636764160,23592960,4096.0,312.5,13.1072,0.038654705664,0.00294912,0.23996018155351723,0.018307508968621614
TRTLLM,1.2.0rc6,NVIDIA GB200,mla_context,default,float16,fp8,2,1,12288,64,0,0.1669653256734212,96636764160,23592960,4096.0,312.5,13.1072,0.038654705664,0.00294912,0.23151337266042504,0.017663068592866902
TRTLLM,1.2.0rc6,NVIDIA GB200,mla_context,default,float16,float16,2,1,12288,64,0,0.1742506623268127,96636764160,31457280,3072.0,312.5,9.8304,0.038654705664,0.00393216,0.22183390954062407,0.02256611221726726
TRTLLM,1.2.0rc6,NVIDIA GB200,mla_context,default,float16,float16,2,1,12288,64,0,0.2037973403930664,96636764160,31457280,3072.0,312.5,9.8304,0.038654705664,0.00393216,0.1896722773194498,0.019294461804143247
TRTLLM,1.2.0rc6,NVIDIA GB200,mla_context,default,float16,fp8,2,1,16384,64,0,0.209770659605662,171798691840,31457280,5461.333333333333,312.5,17.476266666666664,0.068719476736,0.00393216,0.3275933672763508,0.018745042835789726
TRTLLM,1.2.0rc6,NVIDIA GB200,mla_context,default,float16,fp8,2,1,16384,64,0,0.218176007270813,171798691840,31457280,5461.333333333333,312.5,17.476266666666664,0.068719476736,0.00393216,0.31497265714786554,0.01802288000952905
TRTLLM,1.2.0rc6,NVIDIA GB200,mla_context,default,float16,float16,2,1,16384,64,0,0.247648000717163,171798691840,41943040,4096.0,312.5,13.1072,0.068719476736,0.00524288,0.27748851812651626,0.021170693826791098
TRTLLM,1.2.0rc6,NVIDIA GB200,mla_context,default,float16,float16,2,1,16384,64,0,0.2489386598269144,171798691840,41943040,4096.0,312.5,13.1072,0.068719476736,0.00524288,0.276049838075694,0.02106093124967148
TRTLLM,1.2.0rc6,NVIDIA GB200,mla_context,default,float16,fp8,2,1,32768,64,0,0.5697120030721029,687194767360,62914560,10922.666666666666,312.5,34.95253333333333,0.274877906944,0.00786432,0.4824857216659544,0.013804027223566656
TRTLLM,1.2.0rc6,NVIDIA GB200,mla_context,default,float16,fp8,2,1,32768,64,0,0.571674664815267,687194767360,62914560,10922.666666666666,312.5,34.95253333333333,0.274877906944,0.00786432,0.4808292615745444,0.013756635520206768
TRTLLM,1.2.0rc6,NVIDIA GB200,mla_context,default,float16,float16,2,1,32768,64,0,0.6559413274129232,687194767360,83886080,8192.0,312.5,26.2144,0.274877906944,0.01048576,0.4190586801843039,0.01598582001435486
TRTLLM,1.2.0rc6,NVIDIA GB200,mla_context,default,float16,float16,2,1,32768,64,0,0.6564693450927734,687194767360,83886080,8192.0,312.5,26.2144,0.274877906944,0.01048576,0.4187216189129955,0.01597296214725477
TRTLLM,1.2.0rc6,NVIDIA GB200,mla_context,default,float16,fp8,1,256,1,128,0,0.02394666771094,81920,245760,0.3333333333333333,312.5,0.0010666666666666665,3.2768e-08,3.072e-05,1.3683741051382272e-06,0.0012828507235670878
TRTLLM,1.2.0rc6,NVIDIA GB200,mla_context,default,float16,float16,1,256,1,128,0,0.0213226675987243,81920,327680,0.25,312.5,0.0008,3.2768e-08,4.096e-05,1.536768317016791e-06,0.0019209603962709887
TRTLLM,1.2.0rc6,NVIDIA GB200,mla_context,default,float16,fp8,1,256,16,128,0,0.026517334083716,20971520,3932160,5.333333333333333,312.5,0.017066666666666664,8.388608e-06,0.00049152,0.00031634431928627963,0.018535799958180447
TRTLLM,1.2.0rc6,NVIDIA GB200,mla_context,default,float16,float16,1,256,16,128,0,0.021776000658671,20971520,5242880,4.0,312.5,0.0128,8.388608e-06,0.00065536,0.00038522261876676304,0.030095517091153365
TRTLLM,1.2.0rc6,NVIDIA GB200,mla_context,default,float16,fp8,1,256,32,128,0,0.0273493329683939,83886080,7864320,10.666666666666666,312.5,0.03413333333333333,3.3554432e-05,0.00098304,0.0012268830116908879,0.03594383823313148
TRTLLM,1.2.0rc6,NVIDIA GB200,mla_context,default,float16,float16,1,256,32,128,0,0.023146666586399,83886080,10485760,8.0,312.5,0.0256,3.3554432e-05,0.00131072,0.0014496442446583911,0.05662672830696841
TRTLLM,1.2.0rc6,NVIDIA GB200,mla_context,default,float16,fp8,1,256,64,128,0,0.0320320005218187,335544320,15728640,21.333333333333332,312.5,0.06826666666666666,0.000134217728,0.00196608,0.0041901138178546534,0.06137862037873027
TRTLLM,1.2.0rc6,NVIDIA GB200,mla_context,default,float16,float16,1,256,64,128,0,0.0251626670360565,335544320,20971520,16.0,312.5,0.0512,0.000134217728,0.00262144,0.005334002465147058,0.10417973564740349
TRTLLM,1.2.0rc6,NVIDIA GB200,mla_context,default,float16,fp8,1,256,128,128,0,0.0496266682942708,1342177280,31457280,42.666666666666664,312.5,0.1365333333333333,0.000536870912,0.00393216,0.010818193734395415,0.07923481739059142
TRTLLM,1.2.0rc6,NVIDIA GB200,mla_context,default,float16,float16,1,256,128,128,0,0.0406453336278597,1342177280,41943040,32.0,312.5,0.1024,0.000536870912,0.00524288,0.013208672781861736,0.12899094513536852
TRTLLM,1.2.0rc6,NVIDIA GB200,mla_context,default,float16,fp8,1,256,256,128,0,0.0831839988629023,5368709120,62914560,85.33333333333333,312.5,0.2730666666666666,0.002147483648,0.00786432,0.025816066519467565,0.09454125922656578
TRTLLM,1.2.0rc6,NVIDIA GB200,mla_context,default,float16,float16,1,256,256,128,0,0.0687146683533986,5368709120,83886080,64.0,312.5,0.2048,0.002147483648,0.01048576,0.031252186752259666,0.1525985681262679
TRTLLM,1.2.0rc6,NVIDIA GB200,mla_context,default,float16,fp8,1,128,1,128,0,0.0212906673550605,40960,122880,0.3333333333333333,312.5,0.0010666666666666665,1.6384e-08,1.536e-05,7.695390532747085e-07,0.0007214428624450392
TRTLLM,1.2.0rc6,NVIDIA GB200,mla_context,default,float16,float16,1,128,1,128,0,0.0171466668446858,40960,163840,0.25,312.5,0.0008,1.6384e-08,2.048e-05,9.555209854140153e-07,0.0011944012317675193
TRTLLM,1.2.0rc6,NVIDIA GB200,mla_context,default,float16,fp8,1,128,16,128,0,0.0216586664319038,10485760,1966080,5.333333333333333,312.5,0.017066666666666664,4.194304e-06,0.00024576,0.00019365476693531219,0.011346959000115947
TRTLLM,1.2.0rc6,NVIDIA GB200,mla_context,default,float16,float16,1,128,16,128,0,0.017114666601022,10485760,2621440,4.0,312.5,0.0128,4.194304e-06,0.00032768,0.00024507073948782255,0.019146151522486138
TRTLLM,1.2.0rc6,NVIDIA GB200,mla_context,default,float16,fp8,1,128,32,128,0,0.0227040002743403,41943040,3932160,10.666666666666666,312.5,0.03413333333333333,1.6777216e-05,0.00049152,0.0007389541841646885,0.02164904836419986
TRTLLM,1.2.0rc6,NVIDIA GB200,mla_context,default,float16,float16,1,128,32,128,0,0.0175839997828006,41943040,5242880,8.0,312.5,0.0256,1.6777216e-05,0.00065536,0.0009541183011393267,0.03727024613825495
TRTLLM,1.2.0rc6,NVIDIA GB200,mla_context,default,float16,fp8,1,128,64,128,0,0.0251306667923927,167772160,7864320,21.333333333333332,312.5,0.06826666666666666,6.7108864e-05,0.00098304,0.0026703972701716976,0.03911714751228072
TRTLLM,1.2.0rc6,NVIDIA GB200,mla_context,default,float16,float16,1,128,64,128,0,0.0191626660525798,167772160,10485760,16.0,312.5,0.0512,6.7108864e-05,0.00131072,0.003502063012310616,0.06839966820919173
TRTLLM,1.2.0rc6,NVIDIA GB200,mla_context,default,float16,fp8,1,128,128,128,0,0.0296106661359469,671088640,15728640,42.666666666666664,312.5,0.1365333333333333,0.000268435456,0.00196608,0.009065498721561127,0.06639769571455903
TRTLLM,1.2.0rc6,NVIDIA GB200,mla_context,default,float16,float16,1,128,128,128,0,0.0231733322143554,671088640,20971520,32.0,312.5,0.1024,0.000268435456,0.00262144,0.011583809074886079,0.11312313549693437
TRTLLM,1.2.0rc6,NVIDIA GB200,mla_context,default,float16,fp8,1,128,256,128,0,0.0467306673526763,2684354560,31457280,85.33333333333333,312.5,0.2730666666666666,0.001073741824,0.00393216,0.02297724138832582,0.08414517109982599
TRTLLM,1.2.0rc6,NVIDIA GB200,mla_context,default,float16,float16,1,128,256,128,0,0.0376426676909128,2684354560,41943040,64.0,312.5,0.2048,0.001073741824,0.00524288,0.028524594293278763,0.1392802455726502
TRTLLM,1.2.0rc6,NVIDIA GB200,mla_context,default,float16,fp8,1,128,512,128,0,0.0866933365662892,10737418240,62914560,170.66666666666666,312.5,0.5461333333333332,0.004294967296,0.00786432,0.04954206939210253,0.09071423838885961
TRTLLM,1.2.0rc6,NVIDIA GB200,mla_context,default,float16,float16,1,128,512,128,0,0.0726879984140396,10737418240,83886080,128.0,312.5,0.4096,0.004294967296,0.01048576,0.05908770897136758,0.14425710198087788
TRTLLM,1.2.0rc6,NVIDIA GB200,mla_context,default,float16,fp8,1,64,1,128,0,0.0194346668819586,20480,61440,0.3333333333333333,312.5,0.0010666666666666665,8.192e-09,7.68e-06,4.215148142109252e-07,0.00039517013832274234
TRTLLM,1.2.0rc6,NVIDIA GB200,mla_context,default,float16,float16,1,64,1,128,0,0.016800000021855,20480,81920,0.25,312.5,0.0008,8.192e-09,1.024e-05,4.876190469847075e-07,0.0006095238087308844
TRTLLM,1.2.0rc6,NVIDIA GB200,mla_context,default,float16,fp8,1,64,16,128,0,0.0213333343466122,5242880,983040,5.333333333333333,312.5,0.017066666666666664,2.097152e-06,0.00012288,9.83039953308112e-05,0.005759999726414718
TRTLLM,1.2.0rc6,NVIDIA GB200,mla_context,default,float16,float16,1,64,16,128,0,0.0169226663808027,5242880,1310720,4.0,312.5,0.0128,2.097152e-06,0.00016384,0.0001239256245327295,0.009681689416619493
TRTLLM,1.2.0rc6,NVIDIA GB200,mla_context,default,float16,fp8,1,64,32,128,0,0.0217866674065589,20971520,1966080,10.666666666666666,312.5,0.03413333333333333,8.388608e-06,0.00024576,0.00038503401385172844,0.011280293374562355
TRTLLM,1.2.0rc6,NVIDIA GB200,mla_context,default,float16,float16,1,64,32,128,0,0.0156266664465268,20971520,2621440,8.0,312.5,0.0256,8.388608e-06,0.00032768,0.0005368136594394681,0.020969283571854222
TRTLLM,1.2.0rc6,NVIDIA GB200,mla_context,default,float16,fp8,1,64,64,128,0,0.0216693331797917,83886080,3932160,21.333333333333332,312.5,0.06826666666666666,3.3554432e-05,0.00049152,0.001548475521678353,0.022682746899585247
TRTLLM,1.2.0rc6,NVIDIA GB200,mla_context,default,float16,float16,1,64,64,128,0,0.0172000005841255,83886080,5242880,16.0,312.5,0.0512,3.3554432e-05,0.00065536,0.001950839003515418,0.038102324287410505
TRTLLM,1.2.0rc6,NVIDIA GB200,mla_context,default,float16,fp8,1,64,128,128,0,0.0235733340183893,335544320,7864320,42.666666666666664,312.5,0.1365333333333333,0.000134217728,0.00098304,0.00569362517390617,0.041701356254195576
TRTLLM,1.2.0rc6,NVIDIA GB200,mla_context,default,float16,float16,1,64,128,128,0,0.0195359997451305,335544320,10485760,32.0,312.5,0.1024,0.000134217728,0.00131072,0.006870276911907455,0.06709254796784624
TRTLLM,1.2.0rc6,NVIDIA GB200,mla_context,default,float16,fp8,1,64,256,128,0,0.0296960001190503,1342177280,15728640,85.33333333333333,312.5,0.2730666666666666,0.000536870912,0.00196608,0.018078896479246428,0.06620689628630283
TRTLLM,1.2.0rc6,NVIDIA GB200,mla_context,default,float16,float16,1,64,256,128,0,0.0236053342620531,1342177280,20971520,64.0,312.5,0.2048,0.000536870912,0.00262144,0.022743626759950192,0.1110528650388193
TRTLLM,1.2.0rc6,NVIDIA GB200,mla_context,default,float16,fp8,1,64,512,128,0,0.0501493314901987,5368709120,31457280,170.66666666666666,312.5,0.5461333333333332,0.002147483648,0.00393216,0.04282178015512947,0.07840902128014428
TRTLLM,1.2.0rc6,NVIDIA GB200,mla_context,default,float16,float16,1,64,512,128,0,0.0432533323764801,5368709120,41943040,128.0,312.5,0.4096,0.002147483648,0.00524288,0.04964897569759825,0.12121331957421447
TRTLLM,1.2.0rc6,NVIDIA GB200,mla_context,default,float16,fp8,1,64,1024,128,0,0.0958773295084635,21474836480,62914560,341.3333333333333,312.5,1.0922666666666665,0.008589934592,0.00786432,0.08959296880751909,0.08202481275102455
TRTLLM,1.2.0rc6,NVIDIA GB200,mla_context,default,float16,float16,1,64,1024,128,0,0.0844160020351409,21474836480,83886080,256.0,312.5,0.8192,0.008589934592,0.01048576,0.1017571832935675,0.12421531163765566
TRTLLM,1.2.0rc6,NVIDIA GB200,mla_context,default,float16,fp8,1,32,1,128,0,0.0190133328239123,10240,30720,0.3333333333333333,312.5,0.0010666666666666665,4.096e-09,3.84e-06,2.1542777575789482e-07,0.00020196353977302637
TRTLLM,1.2.0rc6,NVIDIA GB200,mla_context,default,float16,float16,1,32,1,128,0,0.0155360003312428,10240,40960,0.25,312.5,0.0008,4.096e-09,5.12e-06,2.6364572043442673e-07,0.0003295571505430334
TRTLLM,1.2.0rc6,NVIDIA GB200,mla_context,default,float16,fp8,1,32,16,128,0,0.0191893329222997,2621440,491520,5.333333333333333,312.5,0.017066666666666664,1.048576e-06,6.144e-05,5.46436921098733e-05,0.0032017788345628886
TRTLLM,1.2.0rc6,NVIDIA GB200,mla_context,default,float16,float16,1,32,16,128,0,0.0156746668120225,2621440,655360,4.0,312.5,0.0128,1.048576e-06,8.192e-05,6.68962225848233e-05,0.005226267389439321
TRTLLM,1.2.0rc6,NVIDIA GB200,mla_context,default,float16,fp8,1,32,32,128,0,0.0208586677908897,10485760,983040,10.666666666666666,312.5,0.03413333333333333,4.194304e-06,0.00012288,0.0002010820653575929,0.005891076133523228
TRTLLM,1.2.0rc6,NVIDIA GB200,mla_context,default,float16,float16,1,32,32,128,0,0.015274666249752,10485760,1310720,8.0,312.5,0.0256,4.194304e-06,0.00016384,0.00027459218626581114,0.010726257276008249
TRTLLM,1.2.0rc6,NVIDIA GB200,mla_context,default,float16,fp8,1,32,64,128,0,0.0213920002182324,41943040,1966080,21.333333333333332,312.5,0.06826666666666666,1.6777216e-05,0.00024576,0.0007842752350806719,0.011488406763877029
TRTLLM,1.2.0rc6,NVIDIA GB200,mla_context,default,float16,float16,1,32,64,128,0,0.0153226666152477,41943040,2621440,16.0,312.5,0.0512,1.6777216e-05,0.00032768,0.0010949279535524754,0.021385311592821785
TRTLLM,1.2.0rc6,NVIDIA GB200,mla_context,default,float16,fp8,1,32,128,128,0,0.0215039998292922,167772160,3932160,42.666666666666664,312.5,0.1365333333333333,6.7108864e-05,0.00049152,0.003120761929535826,0.022857143038592473
TRTLLM,1.2.0rc6,NVIDIA GB200,mla_context,default,float16,float16,1,32,128,128,0,0.0170080003639062,167772160,5242880,32.0,312.5,0.1024,6.7108864e-05,0.00065536,0.003945723339847531,0.03853245449069855
TRTLLM,1.2.0rc6,NVIDIA GB200,mla_context,default,float16,fp8,1,32,256,128,0,0.0274133334557215,671088640,7864320,85.33333333333333,312.5,0.2730666666666666,0.000268435456,0.00098304,0.009792149372624882,0.03585992201888995
TRTLLM,1.2.0rc6,NVIDIA GB200,mla_context,default,float16,float16,1,32,256,128,0,0.0220053344964981,671088640,10485760,64.0,312.5,0.2048,0.000268435456,0.00131072,0.012198653742015076,0.05956373897468299
TRTLLM,1.2.0rc6,NVIDIA GB200,mla_context,default,float16,fp8,1,32,512,128,0,0.0335253328084945,2684354560,15728640,170.66666666666666,312.5,0.5461333333333332,0.001073741824,0.00196608,0.03202777523890651,0.05864460798139618
TRTLLM,1.2.0rc6,NVIDIA GB200,mla_context,default,float16,float16,1,32,512,128,0,0.027568000058333,2684354560,20971520,128.0,312.5,0.4096,0.001073741824,0.00262144,0.0389488472768426,0.09508995917197902
TRTLLM,1.2.0rc6,NVIDIA GB200,mla_context,default,float16,fp8,1,32,1024,128,0,0.0562773346900939,10737418240,31457280,341.3333333333333,312.5,1.0922666666666665,0.004294967296,0.00393216,0.07631788747017568,0.06987111279618134
TRTLLM,1.2.0rc6,NVIDIA GB200,mla_context,default,float16,float16,1,32,1024,128,0,0.0501706649859746,10737418240,41943040,256.0,312.5,0.8192,0.004294967296,0.00524288,0.0856071430825299,0.10450090708316638
TRTLLM,1.2.0rc6,NVIDIA GB200,mla_context,default,float16,fp8,1,32,1536,128,0,0.0872959991296132,24159191040,47185920,512.0,312.5,1.6384,0.009663676416,0.00589824,0.1107001066755855,0.06756598307836029
TRTLLM,1.2.0rc6,NVIDIA GB200,mla_context,default,float16,float16,1,32,1536,128,0,0.0771893312533696,24159191040,62914560,384.0,312.5,1.2288,0.009663676416,0.00786432,0.12519445704587762,0.10188350996572071
TRTLLM,1.2.0rc6,NVIDIA GB200,mla_context,default,float16,fp8,1,32,2048,128,0,0.1118560036023457,42949672960,62914560,682.6666666666666,312.5,2.184533333333333,0.017179869184,0.00786432,0.15358915597481373,0.07030753599921283
TRTLLM,1.2.0rc6,NVIDIA GB200,mla_context,default,float16,float16,1,32,2048,128,0,0.1065546671549479,42949672960,83886080,512.0,312.5,1.6384,0.017179869184,0.01048576,0.16123056495514798,0.09840732724313232
TRTLLM,1.2.0rc6,NVIDIA GB200,mla_context,default,float16,fp8,1,16,1,128,0,0.0171360000967979,5120,15360,0.3333333333333333,312.5,0.0010666666666666665,2.048e-09,1.92e-06,1.1951447178053513e-07,0.00011204481729425167
TRTLLM,1.2.0rc6,NVIDIA GB200,mla_context,default,float16,float16,1,16,1,128,0,0.0153866671025753,5120,20480,0.25,312.5,0.0008,2.048e-09,2.56e-06,1.3310224926210445e-07,0.00016637781157763056
TRTLLM,1.2.0rc6,NVIDIA GB200,mla_context,default,float16,fp8,1,16,16,128,0,0.0200533332924048,1310720,245760,5.333333333333333,312.5,0.017066666666666664,5.24288e-07,3.072e-05,2.6144680904424704e-05,0.001531914896743635
TRTLLM,1.2.0rc6,NVIDIA GB200,mla_context,default,float16,float16,1,16,16,128,0,0.0155573338270187,1310720,327680,4.0,312.5,0.0128,5.24288e-07,4.096e-05,3.370037603033623e-05,0.002632841877370018
TRTLLM,1.2.0rc6,NVIDIA GB200,mla_context,default,float16,fp8,1,16,32,128,0,0.0210346678892771,5242880,491520,10.666666666666666,312.5,0.03413333333333333,2.097152e-06,6.144e-05,9.969979136533318e-05,0.0029208923251562453
TRTLLM,1.2.0rc6,NVIDIA GB200,mla_context,default,float16,float16,1,16,32,128,0,0.0170133337378501,5242880,655360,8.0,312.5,0.0256,2.097152e-06,8.192e-05,0.0001232652008309459,0.004815046907458824
TRTLLM,1.2.0rc6,NVIDIA GB200,mla_context,default,float16,fp8,1,16,64,128,0,0.0214240004618962,20971520,983040,21.333333333333332,312.5,0.06826666666666666,8.388608e-06,0.00012288,0.00039155189596451023,0.005735623476042629
TRTLLM,1.2.0rc6,NVIDIA GB200,mla_context,default,float16,float16,1,16,64,128,0,0.0150346669058005,20971520,1310720,16.0,312.5,0.0512,8.388608e-06,0.00016384,0.0005579510375958915,0.010897481203044757
TRTLLM,1.2.0rc6,NVIDIA GB200,mla_context,default,float16,fp8,1,16,128,128,0,0.0225546658039093,83886080,1966080,42.666666666666664,312.5,0.1365333333333333,3.3554432e-05,0.00024576,0.001487693601480194,0.010896193370216264
TRTLLM,1.2.0rc6,NVIDIA GB200,mla_context,default,float16,float16,1,16,128,128,0,0.017029333859682,83886080,2621440,32.0,312.5,0.1024,3.3554432e-05,0.00032768,0.0019703901677236,0.019242091481675785
TRTLLM,1.2.0rc6,NVIDIA GB200,mla_context,default,float16,fp8,1,16,256,128,0,0.0249386678139368,335544320,3932160,85.33333333333333,312.5,0.2730666666666666,0.000134217728,0.00049152,0.005381912498348984,0.019709152215633484
TRTLLM,1.2.0rc6,NVIDIA GB200,mla_context,default,float16,float16,1,16,256,128,0,0.0198933333158493,335544320,5242880,64.0,312.5,0.2048,0.000134217728,0.00065536,0.006746869711023584,0.03294369976085734
TRTLLM,1.2.0rc6,NVIDIA GB200,mla_context,default,float16,fp8,1,16,512,128,0,0.0295040011405944,1342177280,7864320,170.66666666666666,312.5,0.5461333333333332,0.000536870912,0.00098304,0.01819654593428422,0.033318870729280185
TRTLLM,1.2.0rc6,NVIDIA GB200,mla_context,default,float16,float16,1,16,512,128,0,0.0249919990698496,1342177280,10485760,128.0,312.5,0.4096,0.000536870912,0.00131072,0.021481711426905508,0.05244558453834353
TRTLLM,1.2.0rc6,NVIDIA GB200,mla_context,default,float16,fp8,1,16,1024,128,0,0.0399306664864222,5368709120,15728640,341.3333333333333,312.5,1.0922666666666665,0.002147483648,0.00196608,0.05378031064746235,0.04923734495312105
TRTLLM,1.2.0rc6,NVIDIA GB200,mla_context,default,float16,float16,1,16,1024,128,0,0.0339786658684412,5368709120,20971520,256.0,312.5,0.8192,0.002147483648,0.00262144,0.06320094074071772,0.07714958586513393
TRTLLM,1.2.0rc6,NVIDIA GB200,mla_context,default,float16,fp8,1,16,1536,128,0,0.0500586678584416,12079595520,23592960,512.0,312.5,1.6384,0.004831838208,0.00294912,0.09652350761038454,0.05891327368797885
TRTLLM,1.2.0rc6,NVIDIA GB200,mla_context,default,float16,float16,1,16,1536,128,0,0.0494239976008733,12079595520,31457280,384.0,312.5,1.2288,0.004831838208,0.00393216,0.09776299859472766,0.0795597319293031
TRTLLM,1.2.0rc6,NVIDIA GB200,mla_context,default,float16,fp8,1,16,2048,128,0,0.0682186683019002,21474836480,31457280,682.6666666666666,312.5,2.184533333333333,0.008589934592,0.00393216,0.1259176528334654,0.05764052711492862
TRTLLM,1.2.0rc6,NVIDIA GB200,mla_context,default,float16,float16,1,16,2048,128,0,0.0648906677961349,21474836480,41943040,512.0,312.5,1.6384,0.008589934592,0.00524288,0.13237549995612227,0.08079559323493792
TRTLLM,1.2.0rc6,NVIDIA GB200,mla_context,default,float16,fp8,1,16,3072,128,0,0.107173333565394,48318382080,47185920,1024.0,312.5,3.2768,0.019327352832,0.00589824,0.18033733008973746,0.055034585598674766
TRTLLM,1.2.0rc6,NVIDIA GB200,mla_context,default,float16,float16,1,16,3072,128,0,0.102181335290273,48318382080,62914560,768.0,312.5,2.4576,0.019327352832,0.00786432,0.18914758529134076,0.07696434948378122
TRTLLM,1.2.0rc6,NVIDIA GB200,mla_context,default,float16,fp8,1,16,4096,128,0,0.1523626645406087,85899345920,62914560,1365.3333333333333,312.5,4.369066666666666,0.034359738368,0.00786432,0.2255128477281402,0.05161579461551061
TRTLLM,1.2.0rc6,NVIDIA GB200,mla_context,default,float16,float16,1,16,4096,128,0,0.1473653316497802,85899345920,83886080,1024.0,312.5,3.2768,0.034359738368,0.01048576,0.23316025542328597,0.07115486310525085
TRTLLM,1.2.0rc6,NVIDIA GB200,mla_context,default,float16,fp8,1,8,1,128,0,0.0174026663104693,2560,7680,0.3333333333333333,312.5,0.0010666666666666665,1.024e-09,9.6e-07,5.884155805389258e-08,5.516396067552429e-05
TRTLLM,1.2.0rc6,NVIDIA GB200,mla_context,default,float16,fp8,1,8,1,128,0,0.0190773333112398,2560,7680,0.3333333333333333,312.5,0.0010666666666666665,1.024e-09,9.6e-07,5.367626508872126e-08,5.032149852067618e-05
TRTLLM,1.2.0rc6,NVIDIA GB200,mla_context,default,float16,float16,1,8,1,128,0,0.0150293335318565,2560,10240,0.25,312.5,0.0008,1.024e-09,1.28e-06,6.813342706311677e-08,8.516678382889596e-05
TRTLLM,1.2.0rc6,NVIDIA GB200,mla_context,default,float16,float16,1,8,1,128,0,0.0152266671260197,2560,10240,0.25,312.5,0.0008,1.024e-09,1.28e-06,6.725043579958243e-08,8.406304474947803e-05
TRTLLM,1.2.0rc6,NVIDIA GB200,mla_context,default,float16,fp8,1,8,16,128,0,0.0192106664180755,655360,122880,5.333333333333333,312.5,0.017066666666666664,2.62144e-07,1.536e-05,1.36457525363798e-05,0.0007995558126785039
TRTLLM,1.2.0rc6,NVIDIA GB200,mla_context,default,float16,fp8,1,8,16,128,0,0.0206133338312308,655360,122880,5.333333333333333,312.5,0.017066666666666664,2.62144e-07,1.536e-05,1.2717205384935428e-05,0.0007451487530235602
TRTLLM,1.2.0rc6,NVIDIA GB200,mla_context,default,float16,float16,1,8,16,128,0,0.0151786667605241,655360,163840,4.0,312.5,0.0128,2.62144e-07,2.048e-05,1.7270555058351416e-05,0.0013492621139337044
TRTLLM,1.2.0rc6,NVIDIA GB200,mla_context,default,float16,float16,1,8,16,128,0,0.0155573338270187,655360,163840,4.0,312.5,0.0128,2.62144e-07,2.048e-05,1.6850188015168114e-05,0.001316420938685009
TRTLLM,1.2.0rc6,NVIDIA GB200,mla_context,default,float16,fp8,1,8,32,128,0,0.0193919998904069,2621440,245760,10.666666666666666,312.5,0.03413333333333333,1.048576e-06,3.072e-05,5.407260756631521e-05,0.0015841584247943909
TRTLLM,1.2.0rc6,NVIDIA GB200,mla_context,default,float16,fp8,1,8,32,128,0,0.0205653334657351,2621440,245760,10.666666666666666,312.5,0.03413333333333333,1.048576e-06,3.072e-05,5.098755153895672e-05,0.0014937759239928726
TRTLLM,1.2.0rc6,NVIDIA GB200,mla_context,default,float16,float16,1,8,32,128,0,0.0152959997455279,2621440,327680,8.0,312.5,0.0256,1.048576e-06,4.096e-05,6.855230239570138e-05,0.0026778243123320856
TRTLLM,1.2.0rc6,NVIDIA GB200,mla_context,default,float16,float16,1,8,32,128,0,0.0155839994549751,2621440,327680,8.0,312.5,0.0256,1.048576e-06,4.096e-05,6.72854232977561e-05,0.0026283368475685976
TRTLLM,1.2.0rc6,NVIDIA GB200,mla_context,default,float16,fp8,1,8,64,128,0,0.0212693338592847,10485760,491520,21.333333333333332,312.5,0.06826666666666666,4.194304e-06,6.144e-05,0.00019719959392000707,0.0028886659265626034
TRTLLM,1.2.0rc6,NVIDIA GB200,mla_context,default,float16,fp8,1,8,64,128,0,0.0214933330814043,10485760,491520,21.333333333333332,312.5,0.06826666666666666,4.194304e-06,6.144e-05,0.00019514441916078837,0.002858560827550611
TRTLLM,1.2.0rc6,NVIDIA GB200,mla_context,default,float16,float16,1,8,64,128,0,0.0171786670883496,10485760,655360,16.0,312.5,0.0512,4.194304e-06,8.192e-05,0.00024415770900202934,0.004768705253945885
TRTLLM,1.2.0rc6,NVIDIA GB200,mla_context,default,float16,float16,1,8,64,128,0,0.0174666667977968,10485760,655360,16.0,312.5,0.0512,4.194304e-06,8.192e-05,0.00024013190659416818,0.004690076300667347
TRTLLM,1.2.0rc6,NVIDIA GB200,mla_context,default,float16,fp8,1,8,128,128,0,0.0214026669661204,41943040,983040,42.666666666666664,312.5,0.1365333333333333,1.6777216e-05,0.00012288,0.0007838843648110625,0.005741340562581024
TRTLLM,1.2.0rc6,NVIDIA GB200,mla_context,default,float16,fp8,1,8,128,128,0,0.0217973341544469,41943040,983040,42.666666666666664,312.5,0.1365333333333333,1.6777216e-05,0.00012288,0.0007696911870563428,0.0056373866239478225
TRTLLM,1.2.0rc6,NVIDIA GB200,mla_context,default,float16,float16,1,8,128,128,0,0.0167573330303033,41943040,1310720,32.0,312.5,0.1024,1.6777216e-05,0.00016384,0.001001186523515451,0.009777212143705577
TRTLLM,1.2.0rc6,NVIDIA GB200,mla_context,default,float16,float16,1,8,128,128,0,0.0171093332270781,41943040,1310720,32.0,312.5,0.1024,1.6777216e-05,0.00016384,0.0009805885347681186,0.009576059909844907
TRTLLM,1.2.0rc6,NVIDIA GB200,mla_context,default,float16,fp8,1,8,256,128,0,0.0242719997962315,167772160,1966080,85.33333333333333,312.5,0.2730666666666666,6.7108864e-05,0.00024576,0.0027648675248596287,0.010125247283421492
TRTLLM,1.2.0rc6,NVIDIA GB200,mla_context,default,float16,fp8,1,8,256,128,0,0.0253013322750727,167772160,1966080,85.33333333333333,312.5,0.2730666666666666,6.7108864e-05,0.00024576,0.002652384596605483,0.009713322497334533
TRTLLM,1.2.0rc6,NVIDIA GB200,mla_context,default,float16,float16,1,8,256,128,0,0.0190186661978562,167772160,2621440,64.0,312.5,0.2048,6.7108864e-05,0.00032768,0.00352857888675519,0.01722938909548433
TRTLLM,1.2.0rc6,NVIDIA GB200,mla_context,default,float16,float16,1,8,256,128,0,0.0196213337282339,167772160,2621440,64.0,312.5,0.2048,6.7108864e-05,0.00032768,0.0034201988982754234,0.016700189932985467
TRTLLM,1.2.0rc6,NVIDIA GB200,mla_context,default,float16,fp8,1,8,512,128,0,0.0275093341867129,671088640,3932160,170.66666666666666,312.5,0.5461333333333332,0.000268435456,0.00049152,0.00975797720795639,0.01786738990714671
TRTLLM,1.2.0rc6,NVIDIA GB200,mla_context,default,float16,fp8,1,8,512,128,0,0.0277546669046084,671088640,3932160,170.66666666666666,312.5,0.5461333333333332,0.000268435456,0.00049152,0.009671723206861072,0.017709454114125497
TRTLLM,1.2.0rc6,NVIDIA GB200,mla_context,default,float16,float16,1,8,512,128,0,0.023327998816967,671088640,5242880,128.0,312.5,0.4096,0.000268435456,0.00065536,0.011507007442265498,0.0280932798883435
TRTLLM,1.2.0rc6,NVIDIA GB200,mla_context,default,float16,float16,1,8,512,128,0,0.0236906657616297,671088640,5242880,128.0,312.5,0.4096,0.000268435456,0.00065536,0.011330853201887143,0.027663215824919783
TRTLLM,1.2.0rc6,NVIDIA GB200,mla_context,default,float16,fp8,1,8,1024,128,0,0.035690667728583,2684354560,7864320,341.3333333333333,312.5,1.0922666666666665,0.001073741824,0.00098304,0.030084666170033292,0.027543334506256064
TRTLLM,1.2.0rc6,NVIDIA GB200,mla_context,default,float16,fp8,1,8,1024,128,0,0.0358560010790824,2684354560,7864320,341.3333333333333,312.5,1.0922666666666665,0.001073741824,0.00098304,0.029945944658797918,0.02741633116955376
TRTLLM,1.2.0rc6,NVIDIA GB200,mla_context,default,float16,float16,1,8,1024,128,0,0.031669333577156,2684354560,10485760,256.0,312.5,0.8192,0.001073741824,0.00131072,0.03390478114684803,0.04138767229839848
TRTLLM,1.2.0rc6,NVIDIA GB200,mla_context,default,float16,float16,1,8,1024,128,0,0.0317546675602595,2684354560,10485760,256.0,312.5,0.8192,0.001073741824,0.00131072,0.033813669186188305,0.04127645164329627
TRTLLM,1.2.0rc6,NVIDIA GB200,mla_context,default,float16,fp8,1,8,1536,128,0,0.0420266687870025,6039797760,11796480,512.0,312.5,1.6384,0.002415919104,0.00147456,0.057485381871312295,0.03508629264606464
TRTLLM,1.2.0rc6,NVIDIA GB200,mla_context,default,float16,fp8,1,8,1536,128,0,0.0423573354880015,6039797760,11796480,512.0,312.5,1.6384,0.002415919104,0.00147456,0.057036616589925815,0.03481238805537464
TRTLLM,1.2.0rc6,NVIDIA GB200,mla_context,default,float16,float16,1,8,1536,128,0,0.0381546666224797,6039797760,15728640,384.0,312.5,1.2288,0.002415919104,0.00196608,0.06331909875937969,0.051529214485172274
TRTLLM,1.2.0rc6,NVIDIA GB200,mla_context,default,float16,float16,1,8,1536,128,0,0.0400053337216377,6039797760,15728640,384.0,312.5,1.2288,0.002415919104,0.00196608,0.060389925023755044,0.04914544679667565
TRTLLM,1.2.0rc6,NVIDIA GB200,mla_context,default,float16,fp8,1,8,2048,128,0,0.0500693321228027,10737418240,15728640,682.6666666666666,312.5,2.184533333333333,0.004294967296,0.00196608,0.08578039917660446,0.03926715050198568
TRTLLM,1.2.0rc6,NVIDIA GB200,mla_context,default,float16,fp8,1,8,2048,128,0,0.0505439986785252,10737418240,15728640,682.6666666666666,312.5,2.184533333333333,0.004294967296,0.00196608,0.08497482210137872,0.038898386582052025
TRTLLM,1.2.0rc6,NVIDIA GB200,mla_context,default,float16,float16,1,8,2048,128,0,0.0461920003096262,10737418240,20971520,512.0,312.5,1.6384,0.004294967296,0.00262144,0.09298076002794252,0.05675095216549226
TRTLLM,1.2.0rc6,NVIDIA GB200,mla_context,default,float16,float16,1,8,2048,128,0,0.0469493319590886,10737418240,20971520,512.0,312.5,1.6384,0.004294967296,0.00262144,0.09148090327978707,0.055835512255729414
TRTLLM,1.2.0rc6,NVIDIA GB200,mla_context,default,float16,fp8,1,8,3072,128,0,0.0684906691312789,24159191040,23592960,1024.0,312.5,3.2768,0.009663676416,0.00294912,0.14109478763417002,0.04305871204656068
TRTLLM,1.2.0rc6,NVIDIA GB200,mla_context,default,float16,fp8,1,8,3072,128,0,0.068762664993604,24159191040,23592960,1024.0,312.5,3.2768,0.009663676416,0.00294912,0.14053667665293182,0.0428883900918371
TRTLLM,1.2.0rc6,NVIDIA GB200,mla_context,default,float16,float16,1,8,3072,128,0,0.0703093310197194,24159191040,31457280,768.0,312.5,2.4576,0.009663676416,0.00393216,0.13744514811682199,0.055926573940764154
TRTLLM,1.2.0rc6,NVIDIA GB200,mla_context,default,float16,float16,1,8,3072,128,0,0.070592001080513,24159191040,31457280,768.0,312.5,2.4576,0.009663676416,0.00393216,0.13689477940961314,0.05570262834050013
TRTLLM,1.2.0rc6,NVIDIA GB200,mla_context,default,float16,fp8,1,8,4096,128,0,0.0891200006008148,42949672960,31457280,1365.3333333333333,312.5,4.369066666666666,0.017179869184,0.00393216,0.19277231898765188,0.044122082287823154
TRTLLM,1.2.0rc6,NVIDIA GB200,mla_context,default,float16,fp8,1,8,4096,128,0,0.0935040016969045,42949672960,31457280,1365.3333333333333,312.5,4.369066666666666,0.017179869184,0.00393216,0.18373405279154753,0.042053387327166944
TRTLLM,1.2.0rc6,NVIDIA GB200,mla_context,default,float16,float16,1,8,4096,128,0,0.0931413372357686,42949672960,41943040,1024.0,312.5,3.2768,0.017179869184,0.00524288,0.18444945814458955,0.05628950749041429
TRTLLM,1.2.0rc6,NVIDIA GB200,mla_context,default,float16,float16,1,8,4096,128,0,0.1156693299611409,42949672960,41943040,1024.0,312.5,3.2768,0.017179869184,0.00524288,0.1485257084982819,0.04532644912667295
TRTLLM,1.2.0rc6,NVIDIA GB200,mla_context,default,float16,fp8,1,8,6144,128,0,0.1477439999580383,96636764160,47185920,2048.0,312.5,6.5536,0.038654705664,0.00589824,0.2616329981249903,0.039922027301786844
TRTLLM,1.2.0rc6,NVIDIA GB200,mla_context,default,float16,float16,1,8,6144,128,0,0.1505280037720998,96636764160,62914560,1536.0,312.5,4.9152,0.038654705664,0.00786432,0.25679411601394403,0.05224489664997233
TRTLLM,1.2.0rc6,NVIDIA GB200,mla_context,default,float16,float16,1,8,6144,128,0,0.1551146705945333,96636764160,62914560,1536.0,312.5,4.9152,0.038654705664,0.00786432,0.24920083648981625,0.05070003997595545
TRTLLM,1.2.0rc6,NVIDIA GB200,mla_context,default,float16,fp8,1,8,8192,128,0,0.2122346758842468,171798691840,62914560,2730.6666666666665,312.5,8.738133333333332,0.068719476736,0.00786432,0.3237900519775559,0.03705483077746077
TRTLLM,1.2.0rc6,NVIDIA GB200,mla_context,default,float16,float16,1,8,8192,128,0,0.2254559993743896,171798691840,83886080,2048.0,312.5,6.5536,0.068719476736,0.01048576,0.3048021650640808,0.04650911942506116
TRTLLM,1.2.0rc6,NVIDIA GB200,mla_context,default,float16,fp8,1,4,1,128,0,0.0180373328427473,1280,3840,0.3333333333333333,312.5,0.0010666666666666665,5.12e-10,4.8e-07,2.8385571440284866e-08,2.661147322526706e-05
TRTLLM,1.2.0rc6,NVIDIA GB200,mla_context,default,float16,fp8,1,4,1,128,0,0.0234293341636657,1280,3840,0.3333333333333333,312.5,0.0010666666666666665,5.12e-10,4.8e-07,2.185294709714848e-08,2.0487137903576696e-05
TRTLLM,1.2.0rc6,NVIDIA GB200,mla_context,default,float16,float16,1,4,1,128,0,0.0153813337286313,1280,5120,0.25,312.5,0.0008,5.12e-10,6.4e-07,3.328710039279279e-08,4.1608875490990995e-05
TRTLLM,1.2.0rc6,NVIDIA GB200,mla_context,default,float16,float16,1,4,1,128,0,0.0153920004765192,1280,5120,0.25,312.5,0.0008,5.12e-10,6.4e-07,3.326403223421582e-08,4.1580040292769784e-05
TRTLLM,1.2.0rc6,NVIDIA GB200,mla_context,default,float16,fp8,1,4,16,128,0,0.0204373337328434,327680,61440,5.333333333333333,312.5,0.017066666666666664,1.31072e-07,7.68e-06,6.413361043733578e-06,0.0003757828736562643
TRTLLM,1.2.0rc6,NVIDIA GB200,mla_context,default,float16,fp8,1,4,16,128,0,0.0211839998761812,327680,61440,5.333333333333333,312.5,0.017066666666666664,1.31072e-07,7.68e-06,6.1873112144120776e-06,0.00036253776646945763
TRTLLM,1.2.0rc6,NVIDIA GB200,mla_context,default,float16,float16,1,4,16,128,0,0.0158079999188582,327680,81920,4.0,312.5,0.0128,1.31072e-07,1.024e-05,8.291498018268412e-06,0.0006477732826772198
TRTLLM,1.2.0rc6,NVIDIA GB200,mla_context,default,float16,float16,1,4,16,128,0,0.0158186666667461,327680,81920,4.0,312.5,0.0128,1.31072e-07,1.024e-05,8.285906945339375e-06,0.0006473364801046388
TRTLLM,1.2.0rc6,NVIDIA GB200,mla_context,default,float16,fp8,1,4,32,128,0,0.020986666282018,1310720,122880,10.666666666666666,312.5,0.03413333333333333,5.24288e-07,1.536e-05,2.4981957255842275e-05,0.0007318932789797541
TRTLLM,1.2.0rc6,NVIDIA GB200,mla_context,default,float16,fp8,1,4,32,128,0,0.0210506667693456,1310720,122880,10.666666666666666,312.5,0.03413333333333333,5.24288e-07,1.536e-05,2.4906004438941505e-05,0.0007296680987971144
TRTLLM,1.2.0rc6,NVIDIA GB200,mla_context,default,float16,float16,1,4,32,128,0,0.014949332922697,1310720,163840,8.0,312.5,0.0256,5.24288e-07,2.048e-05,3.5070996325461025e-05,0.0013699607939633212
TRTLLM,1.2.0rc6,NVIDIA GB200,mla_context,default,float16,float16,1,4,32,128,0,0.0158079999188582,1310720,163840,8.0,312.5,0.0256,5.24288e-07,2.048e-05,3.3165992073073646e-05,0.0012955465653544395
TRTLLM,1.2.0rc6,NVIDIA GB200,mla_context,default,float16,fp8,1,4,64,128,0,0.0210026676456133,5242880,245760,21.333333333333332,312.5,0.06826666666666666,2.097152e-06,3.072e-05,9.985169671710818e-05,0.0014626713386295142
TRTLLM,1.2.0rc6,NVIDIA GB200,mla_context,default,float16,fp8,1,4,64,128,0,0.0213813334703445,5242880,245760,21.333333333333332,312.5,0.06826666666666666,2.097152e-06,3.072e-05,9.808331191825383e-05,0.001436767264427546
TRTLLM,1.2.0rc6,NVIDIA GB200,mla_context,default,float16,float16,1,4,64,128,0,0.0153066664934158,5242880,327680,16.0,312.5,0.0512,2.097152e-06,4.096e-05,0.00013700906078420767,0.002675958218441556
TRTLLM,1.2.0rc6,NVIDIA GB200,mla_context,default,float16,float16,1,4,64,128,0,0.0170133337378501,5242880,327680,16.0,312.5,0.0512,2.097152e-06,4.096e-05,0.0001232652008309459,0.002407523453729412
TRTLLM,1.2.0rc6,NVIDIA GB200,mla_context,default,float16,fp8,1,4,128,128,0,0.0212000012397766,20971520,491520,42.666666666666664,312.5,0.1365333333333333,8.388608e-06,6.144e-05,0.0003956890334638677,0.002898113038065437
TRTLLM,1.2.0rc6,NVIDIA GB200,mla_context,default,float16,fp8,1,4,128,128,0,0.0239786654710769,20971520,491520,42.666666666666664,312.5,0.1365333333333333,8.388608e-06,6.144e-05,0.00034983631637541926,0.0025622777078277777
TRTLLM,1.2.0rc6,NVIDIA GB200,mla_context,default,float16,float16,1,4,128,128,0,0.0150453336536884,20971520,655360,32.0,312.5,0.1024,8.388608e-06,8.192e-05,0.000557555464909448,0.005444877587006329
TRTLLM,1.2.0rc6,NVIDIA GB200,mla_context,default,float16,float16,1,4,128,128,0,0.0169760001202424,20971520,655360,32.0,312.5,0.1024,8.388608e-06,8.192e-05,0.0004941451425885251,0.004825636158091065
TRTLLM,1.2.0rc6,NVIDIA GB200,mla_context,default,float16,fp8,1,4,256,128,0,0.023557332654794,83886080,983040,85.33333333333333,312.5,0.2730666666666666,3.3554432e-05,0.00012288,0.001424373144943961,0.005216210247597513
TRTLLM,1.2.0rc6,NVIDIA GB200,mla_context,default,float16,fp8,1,4,256,128,0,0.0257813334465026,83886080,983040,85.33333333333333,312.5,0.2730666666666666,3.3554432e-05,0.00012288,0.001301501028627046,0.0047662391185072485
TRTLLM,1.2.0rc6,NVIDIA GB200,mla_context,default,float16,float16,1,4,256,128,0,0.0193973332643508,83886080,1310720,64.0,312.5,0.2048,3.3554432e-05,0.00016384,0.0017298476828084242,0.00844652188871301
TRTLLM,1.2.0rc6,NVIDIA GB200,mla_context,default,float16,float16,1,4,256,128,0,0.0194879993796348,83886080,1310720,64.0,312.5,0.2048,3.3554432e-05,0.00016384,0.001721799726403152,0.008407225226577891
TRTLLM,1.2.0rc6,NVIDIA GB200,mla_context,default,float16,fp8,1,4,512,128,0,0.02595733354489,335544320,1966080,170.66666666666666,312.5,0.5461333333333332,0.000134217728,0.00024576,0.005170705525969647,0.009467844591008873
TRTLLM,1.2.0rc6,NVIDIA GB200,mla_context,default,float16,fp8,1,4,512,128,0,0.0274399990836779,335544320,1966080,170.66666666666666,312.5,0.5461333333333332,0.000134217728,0.00024576,0.004891316781414783,0.008956268520656951
TRTLLM,1.2.0rc6,NVIDIA GB200,mla_context,default,float16,float16,1,4,512,128,0,0.0219840010007222,335544320,2621440,128.0,312.5,0.4096,0.000134217728,0.00032768,0.006105245719175085,0.014905385056579798
TRTLLM,1.2.0rc6,NVIDIA GB200,mla_context,default,float16,float16,1,4,512,128,0,0.0231306677063306,335544320,2621440,128.0,312.5,0.4096,0.000134217728,0.00032768,0.005802587703219053,0.014166473884812143
TRTLLM,1.2.0rc6,NVIDIA GB200,mla_context,default,float16,fp8,1,4,1024,128,0,0.0334986671805381,1342177280,3932160,341.3333333333333,312.5,1.0922666666666665,0.000536870912,0.00049152,0.016026635003314662,0.014672822573835443
TRTLLM,1.2.0rc6,NVIDIA GB200,mla_context,default,float16,fp8,1,4,1024,128,0,0.0336640005310376,1342177280,3932160,341.3333333333333,312.5,1.0922666666666665,0.000536870912,0.00049152,0.01594792370279981,0.014600760225951973
TRTLLM,1.2.0rc6,NVIDIA GB200,mla_context,default,float16,float16,1,4,1024,128,0,0.0296853333711624,1342177280,5242880,256.0,312.5,0.8192,0.000536870912,0.00065536,0.018085392718598853,0.022076895408445867
TRTLLM,1.2.0rc6,NVIDIA GB200,mla_context,default,float16,float16,1,4,1024,128,0,0.0298453321059544,1342177280,5242880,256.0,312.5,0.8192,0.000536870912,0.00065536,0.017988438195093485,0.021958542718619977
TRTLLM,1.2.0rc6,NVIDIA GB200,mla_context,default,float16,fp8,1,4,1536,128,0,0.0398293336232503,3019898880,5898240,512.0,312.5,1.6384,0.001207959552,0.00073728,0.0303283897096098,0.01851098004736926
TRTLLM,1.2.0rc6,NVIDIA GB200,mla_context,default,float16,fp8,1,4,1536,128,0,0.0404426679015159,3019898880,5898240,512.0,312.5,1.6384,0.001207959552,0.00073728,0.029868443766903972,0.018230251322573228
TRTLLM,1.2.0rc6,NVIDIA GB200,mla_context,default,float16,float16,1,4,1536,128,0,0.0356959998607635,3019898880,7864320,384.0,312.5,1.2288,0.001207959552,0.00098304,0.0338401937671389,0.027539220188101315
TRTLLM,1.2.0rc6,NVIDIA GB200,mla_context,default,float16,float16,1,4,1536,128,0,0.0361226672927538,3019898880,7864320,384.0,312.5,1.2288,0.001207959552,0.00098304,0.03344048605852305,0.027213937222105345
TRTLLM,1.2.0rc6,NVIDIA GB200,mla_context,default,float16,fp8,1,4,2048,128,0,0.0460426658391952,5368709120,7864320,682.6666666666666,312.5,2.184533333333333,0.002147483648,0.00098304,0.046641166597523334,0.02135063168221588
TRTLLM,1.2.0rc6,NVIDIA GB200,mla_context,default,float16,fp8,1,4,2048,128,0,0.0465066681305567,5368709120,7864320,682.6666666666666,312.5,2.184533333333333,0.002147483648,0.00098304,0.04617582239973496,0.02113761401355055
TRTLLM,1.2.0rc6,NVIDIA GB200,mla_context,default,float16,float16,1,4,2048,128,0,0.0439359992742538,5368709120,10485760,512.0,312.5,1.6384,0.002147483648,0.00131072,0.048877541958136615,0.029832484105307994
TRTLLM,1.2.0rc6,NVIDIA GB200,mla_context,default,float16,float16,1,4,2048,128,0,0.0439519981543223,5368709120,10485760,512.0,312.5,1.6384,0.002147483648,0.00131072,0.048859750140593176,0.02982162484167064
TRTLLM,1.2.0rc6,NVIDIA GB200,mla_context,default,float16,fp8,1,4,3072,128,0,0.0598986645539601,12079595520,11796480,1024.0,312.5,3.2768,0.004831838208,0.00147456,0.08066687703274598,0.02461757721946594
TRTLLM,1.2.0rc6,NVIDIA GB200,mla_context,default,float16,fp8,1,4,3072,128,0,0.0605439990758895,12079595520,11796480,1024.0,312.5,3.2768,0.004831838208,0.00147456,0.07980705407225384,0.02435518007576106
TRTLLM,1.2.0rc6,NVIDIA GB200,mla_context,default,float16,float16,1,4,3072,128,0,0.0584373325109481,12079595520,15728640,768.0,312.5,2.4576,0.004831838208,0.00196608,0.08268409936567118,0.033644246161161774
TRTLLM,1.2.0rc6,NVIDIA GB200,mla_context,default,float16,float16,1,4,3072,128,0,0.0588586678107579,12079595520,15728640,768.0,312.5,2.4576,0.004831838208,0.00196608,0.08209221152499241,0.03340340638223975
TRTLLM,1.2.0rc6,NVIDIA GB200,mla_context,default,float16,fp8,1,4,4096,128,0,0.0711573312679926,21474836480,15728640,1365.3333333333333,312.5,4.369066666666666,0.008589934592,0.00196608,0.12071749233608277,0.027630041275653706
TRTLLM,1.2.0rc6,NVIDIA GB200,mla_context,default,float16,fp8,1,4,4096,128,0,0.072693333029747,21474836480,15728640,1365.3333333333333,312.5,4.369066666666666,0.008589934592,0.00196608,0.11816674561455166,0.02704622168301811
TRTLLM,1.2.0rc6,NVIDIA GB200,mla_context,default,float16,float16,1,4,4096,128,0,0.0707679986953735,21474836480,20971520,1024.0,312.5,3.2768,0.008589934592,0.00262144,0.12138162376155442,0.037042731860825934
TRTLLM,1.2.0rc6,NVIDIA GB200,mla_context,default,float16,float16,1,4,4096,128,0,0.0708479980627695,21474836480,20971520,1024.0,312.5,3.2768,0.008589934592,0.00262144,0.12124456338751506,0.037000904354100056
TRTLLM,1.2.0rc6,NVIDIA GB200,mla_context,default,float16,fp8,1,4,6144,128,0,0.1018880009651184,48318382080,23592960,2048.0,312.5,6.5536,0.019327352832,0.00294912,0.18969213890668798,0.028944723343916016
TRTLLM,1.2.0rc6,NVIDIA GB200,mla_context,default,float16,fp8,1,4,6144,128,0,0.1028000017007191,48318382080,23592960,2048.0,312.5,6.5536,0.019327352832,0.00294912,0.18800926568335652,0.028687937268578573
TRTLLM,1.2.0rc6,NVIDIA GB200,mla_context,default,float16,float16,1,4,6144,128,0,0.1126239995161692,48318382080,31457280,1536.0,312.5,4.9152,0.019327352832,0.00393216,0.17160954072870774,0.03491405044122472
TRTLLM,1.2.0rc6,NVIDIA GB200,mla_context,default,float16,float16,1,4,6144,128,0,0.1131199995676676,48318382080,31457280,1536.0,312.5,4.9152,0.019327352832,0.00393216,0.1708570801438035,0.03476096194331939
TRTLLM,1.2.0rc6,NVIDIA GB200,mla_context,default,float16,fp8,1,4,8192,128,0,0.1327839990456899,85899345920,31457280,2730.6666666666665,312.5,8.738133333333332,0.034359738368,0.00393216,0.2587641479014131,0.029613206623239106
TRTLLM,1.2.0rc6,NVIDIA GB200,mla_context,default,float16,fp8,1,4,8192,128,0,0.1342293322086334,85899345920,31457280,2730.6666666666665,312.5,8.738133333333332,0.034359738368,0.00393216,0.2559778686419632,0.02929434226707037
TRTLLM,1.2.0rc6,NVIDIA GB200,mla_context,default,float16,float16,1,4,8192,128,0,0.1501653293768564,85899345920,41943040,2048.0,312.5,6.5536,0.034359738368,0.00524288,0.22881272601727168,0.034914051211131544
TRTLLM,1.2.0rc6,NVIDIA GB200,mla_context,default,float16,float16,1,4,8192,128,0,0.150629331668218,85899345920,41943040,2048.0,312.5,6.5536,0.034359738368,0.00524288,0.2281078856784819,0.0348065011106082
TRTLLM,1.2.0rc6,NVIDIA GB200,mla_context,default,float16,fp8,1,4,10240,128,0,0.1693546573321024,134217728000,39321600,3413.3333333333335,312.5,10.922666666666666,0.0536870912,0.0049152,0.3170098304100387,0.029023116797794072
TRTLLM,1.2.0rc6,NVIDIA GB200,mla_context,default,float16,fp8,1,4,10240,128,0,0.1710026661554972,134217728000,39321600,3413.3333333333335,312.5,10.922666666666666,0.0536870912,0.0049152,0.31395470261955405,0.028743411494710148
TRTLLM,1.2.0rc6,NVIDIA GB200,mla_context,default,float16,float16,1,4,10240,128,0,0.1871253252029419,134217728000,52428800,2560.0,312.5,8.192,0.0536870912,0.006553600000000001,0.28690446438382977,0.03502251762497922
TRTLLM,1.2.0rc6,NVIDIA GB200,mla_context,default,float16,float16,1,4,10240,128,0,0.1996853351593017,134217728000,52428800,2560.0,312.5,8.192,0.0536870912,0.006553600000000001,0.26885845751852727,0.0328196359275546
TRTLLM,1.2.0rc6,NVIDIA GB200,mla_context,default,float16,fp8,1,4,12288,128,0,0.2271306713422139,193273528320,47185920,4096.0,312.5,13.1072,0.077309411328,0.00589824,0.3403741593821084,0.02596848750168674
TRTLLM,1.2.0rc6,NVIDIA GB200,mla_context,default,float16,fp8,1,4,12288,128,0,0.2279146711031595,193273528320,47185920,4096.0,312.5,13.1072,0.077309411328,0.00589824,0.3392033121597861,0.02587915894773759
TRTLLM,1.2.0rc6,NVIDIA GB200,mla_context,default,float16,float16,1,4,12288,128,0,0.2402186592419942,193273528320,62914560,3072.0,312.5,9.8304,0.077309411328,0.00786432,0.3218293348732713,0.032738172899706146
TRTLLM,1.2.0rc6,NVIDIA GB200,mla_context,default,float16,float16,1,4,12288,128,0,0.242576003074646,193273528320,62914560,3072.0,312.5,9.8304,0.077309411328,0.00786432,0.3187018103526513,0.032420024653386566
TRTLLM,1.2.0rc6,NVIDIA GB200,mla_context,default,float16,fp8,1,4,16384,128,0,0.3380426565806071,343597383680,62914560,5461.333333333333,312.5,17.476266666666664,0.137438953472,0.00786432,0.40657281202979584,0.023264282914912938
TRTLLM,1.2.0rc6,NVIDIA GB200,mla_context,default,float16,fp8,1,4,16384,128,0,0.3394026756286621,343597383680,62914560,5461.333333333333,312.5,17.476266666666664,0.137438953472,0.00786432,0.40494363580790066,0.02317106070372967
TRTLLM,1.2.0rc6,NVIDIA GB200,mla_context,default,float16,float16,1,4,16384,128,0,0.3741706609725952,343597383680,83886080,4096.0,312.5,13.1072,0.137438953472,0.01048576,0.3673162217335533,0.028024003733333844
TRTLLM,1.2.0rc6,NVIDIA GB200,mla_context,default,float16,float16,1,4,16384,128,0,0.4436213175455729,343597383680,83886080,4096.0,312.5,13.1072,0.137438953472,0.01048576,0.3098114270802169,0.02363673607484565
TRTLLM,1.2.0rc6,NVIDIA GB200,mla_context,default,float16,fp8,1,2,1,128,0,0.0171520002186298,640,1920,0.3333333333333333,312.5,0.0010666666666666665,2.56e-10,2.4e-07,1.49253729440805e-08,1.3992537135075466e-05
TRTLLM,1.2.0rc6,NVIDIA GB200,mla_context,default,float16,fp8,1,2,1,128,0,0.0175093337893486,640,1920,0.3333333333333333,312.5,0.0010666666666666665,2.56e-10,2.4e-07,1.4620773301822125e-08,1.370697497045824e-05
TRTLLM,1.2.0rc6,NVIDIA GB200,mla_context,default,float16,float16,1,2,1,128,0,0.0150080000360806,640,2560,0.25,312.5,0.0008,2.56e-10,3.2e-07,1.7057569255367312e-08,2.1321961569209143e-05
TRTLLM,1.2.0rc6,NVIDIA GB200,mla_context,default,float16,float16,1,2,1,128,0,0.0154559997220834,640,2560,0.25,312.5,0.0008,2.56e-10,3.2e-07,1.6563147295753986e-08,2.070393411969248e-05
TRTLLM,1.2.0rc6,NVIDIA GB200,mla_context,default,float16,fp8,1,2,16,128,0,0.0183146670460701,163840,30720,5.333333333333333,312.5,0.017066666666666664,6.5536e-08,3.84e-06,3.578334229890491e-06,0.00020966802128264593
TRTLLM,1.2.0rc6,NVIDIA GB200,mla_context,default,float16,fp8,1,2,16,128,0,0.0190026660760243,163840,30720,5.333333333333333,312.5,0.017066666666666664,6.5536e-08,3.84e-06,3.4487792259154044e-06,0.00020207690776848073
TRTLLM,1.2.0rc6,NVIDIA GB200,mla_context,default,float16,float16,1,2,16,128,0,0.014949332922697,163840,40960,4.0,312.5,0.0128,6.5536e-08,5.12e-06,4.383874540682628e-06,0.0003424901984908303
TRTLLM,1.2.0rc6,NVIDIA GB200,mla_context,default,float16,float16,1,2,16,128,0,0.0159519997735818,163840,40960,4.0,312.5,0.0128,6.5536e-08,5.12e-06,4.108325033237183e-06,0.000320962893221655
TRTLLM,1.2.0rc6,NVIDIA GB200,mla_context,default,float16,fp8,1,2,32,128,0,0.0196426672240098,655360,61440,10.666666666666666,312.5,0.03413333333333333,2.62144e-07,7.68e-06,1.3345641760889468e-05,0.00039098559846355866
TRTLLM,1.2.0rc6,NVIDIA GB200,mla_context,default,float16,fp8,1,2,32,128,0,0.0197173332174619,655360,61440,10.666666666666666,312.5,0.03413333333333333,2.62144e-07,7.68e-06,1.329510421662105e-05,0.0003895050063463198
TRTLLM,1.2.0rc6,NVIDIA GB200,mla_context,default,float16,float16,1,2,32,128,0,0.0149706664184729,655360,81920,8.0,312.5,0.0256,2.62144e-07,1.024e-05,1.7510509730984994e-05,0.0006840042863666014
TRTLLM,1.2.0rc6,NVIDIA GB200,mla_context,default,float16,float16,1,2,32,128,0,0.015274666249752,655360,81920,8.0,312.5,0.0256,2.62144e-07,1.024e-05,1.7162011641613196e-05,0.0006703910797505155
TRTLLM,1.2.0rc6,NVIDIA GB200,mla_context,default,float16,fp8,1,2,64,128,0,0.0190986668070157,2621440,122880,21.333333333333332,312.5,0.06826666666666666,1.048576e-06,1.536e-05,5.490309928936067e-05,0.0008042446184964941
TRTLLM,1.2.0rc6,NVIDIA GB200,mla_context,default,float16,fp8,1,2,64,128,0,0.0213333343466122,2621440,122880,21.333333333333332,312.5,0.06826666666666666,1.048576e-06,1.536e-05,4.91519976654056e-05,0.0007199999658018398
TRTLLM,1.2.0rc6,NVIDIA GB200,mla_context,default,float16,float16,1,2,64,128,0,0.0151680000126361,2621440,163840,16.0,312.5,0.0512,1.048576e-06,2.048e-05,6.913080163017249e-05,0.0013502109693393064
TRTLLM,1.2.0rc6,NVIDIA GB200,mla_context,default,float16,float16,1,2,64,128,0,0.0158986672759056,2621440,163840,16.0,312.5,0.0512,1.048576e-06,2.048e-05,6.595370428244102e-05,0.0012881582867664261
TRTLLM,1.2.0rc6,NVIDIA GB200,mla_context,default,float16,fp8,1,2,128,128,0,0.0210133343935012,10485760,245760,42.666666666666664,312.5,0.1365333333333333,4.194304e-06,3.072e-05,0.00019960202038650152,0.0014619288602526967
TRTLLM,1.2.0rc6,NVIDIA GB200,mla_context,default,float16,fp8,1,2,128,128,0,0.0213493332266807,10485760,245760,42.666666666666664,312.5,0.1365333333333333,4.194304e-06,3.072e-05,0.00019646065549055612,0.0014389208165812215
TRTLLM,1.2.0rc6,NVIDIA GB200,mla_context,default,float16,float16,1,2,128,128,0,0.016565332810084,10485760,327680,32.0,312.5,0.1024,4.194304e-06,4.096e-05,0.00025319768990374615,0.002472633690466271
TRTLLM,1.2.0rc6,NVIDIA GB200,mla_context,default,float16,float16,1,2,128,128,0,0.0165813329319159,10485760,327680,32.0,312.5,0.1024,4.194304e-06,4.096e-05,0.00025295336733313916,0.0024702477278626873
TRTLLM,1.2.0rc6,NVIDIA GB200,mla_context,default,float16,fp8,1,2,256,128,0,0.0234986667831738,41943040,491520,85.33333333333333,312.5,0.2730666666666666,1.6777216e-05,6.144e-05,0.0007139645901959557,0.002614616419174642
TRTLLM,1.2.0rc6,NVIDIA GB200,mla_context,default,float16,fp8,1,2,256,128,0,0.0237280006210009,41943040,491520,85.33333333333333,312.5,0.2730666666666666,1.6777216e-05,6.144e-05,0.0007070640408341451,0.0025893458526641054
TRTLLM,1.2.0rc6,NVIDIA GB200,mla_context,default,float16,float16,1,2,256,128,0,0.0193013337751229,41943040,655360,64.0,312.5,0.2048,1.6777216e-05,8.192e-05,0.0008692257330746653,0.004244266274778639
TRTLLM,1.2.0rc6,NVIDIA GB200,mla_context,default,float16,float16,1,2,256,128,0,0.019370666394631,41943040,655360,64.0,312.5,0.2048,1.6777216e-05,8.192e-05,0.0008661145496083795,0.004229074949259666
TRTLLM,1.2.0rc6,NVIDIA GB200,mla_context,default,float16,fp8,1,2,512,128,0,0.0255946666002273,167772160,983040,170.66666666666666,312.5,0.5461333333333332,6.7108864e-05,0.00012288,0.0026219862539410463,0.004801000220839318
TRTLLM,1.2.0rc6,NVIDIA GB200,mla_context,default,float16,fp8,1,2,512,128,0,0.0260426675279935,167772160,983040,170.66666666666666,312.5,0.5461333333333332,6.7108864e-05,0.00012288,0.0025768813401263165,0.0047184106569695735
TRTLLM,1.2.0rc6,NVIDIA GB200,mla_context,default,float16,float16,1,2,512,128,0,0.021136000752449,167772160,1310720,128.0,312.5,0.4096,6.7108864e-05,0.00016384,0.003175097540258376,0.0077517029791464255
TRTLLM,1.2.0rc6,NVIDIA GB200,mla_context,default,float16,float16,1,2,512,128,0,0.0216906666755676,167772160,1310720,128.0,312.5,0.4096,6.7108864e-05,0.00016384,0.003093905088477134,0.007553479219914879
TRTLLM,1.2.0rc6,NVIDIA GB200,mla_context,default,float16,fp8,1,2,1024,128,0,0.032320000231266,671088640,1966080,341.3333333333333,312.5,1.0922666666666665,0.000268435456,0.00024576,0.008305552415817083,0.007603960341629409
TRTLLM,1.2.0rc6,NVIDIA GB200,mla_context,default,float16,fp8,1,2,1024,128,0,0.0335413341720899,671088640,1966080,341.3333333333333,312.5,1.0922666666666665,0.000268435456,0.00024576,0.008003123984953706,0.0073270788436465804
TRTLLM,1.2.0rc6,NVIDIA GB200,mla_context,default,float16,float16,1,2,1024,128,0,0.0278453330198923,671088640,2621440,256.0,312.5,0.8192,0.000268435456,0.00032768,0.009640231481815413,0.011767860695575456
TRTLLM,1.2.0rc6,NVIDIA GB200,mla_context,default,float16,float16,1,2,1024,128,0,0.0280853336056073,671088640,2621440,256.0,312.5,0.8192,0.000268435456,0.00032768,0.009557851787325974,0.011667299545075652
TRTLLM,1.2.0rc6,NVIDIA GB200,mla_context,default,float16,fp8,1,2,1536,128,0,0.0377653340498606,1509949440,2949120,512.0,312.5,1.6384,0.000603979776,0.00036864,0.01599296792139005,0.009761332959832794
TRTLLM,1.2.0rc6,NVIDIA GB200,mla_context,default,float16,fp8,1,2,1536,128,0,0.0377866675456365,1509949440,2949120,512.0,312.5,1.6384,0.000603979776,0.00036864,0.015983938654303108,0.00975582193255805
TRTLLM,1.2.0rc6,NVIDIA GB200,mla_context,default,float16,float16,1,2,1536,128,0,0.0338026657700538,1509949440,3932160,384.0,312.5,1.2288,0.000603979776,0.00049152,0.017867814926450953,0.014540865011760214
TRTLLM,1.2.0rc6,NVIDIA GB200,mla_context,default,float16,float16,1,2,1536,128,0,0.0358879988392194,1509949440,3932160,384.0,312.5,1.2288,0.000603979776,0.00049152,0.01682957522111693,0.013695943376560002
TRTLLM,1.2.0rc6,NVIDIA GB200,mla_context,default,float16,fp8,1,2,2048,128,0,0.0439040015141169,2684354560,3932160,682.6666666666666,312.5,2.184533333333333,0.001073741824,0.00049152,0.02445658224694505,0.011195334890874504
TRTLLM,1.2.0rc6,NVIDIA GB200,mla_context,default,float16,fp8,1,2,2048,128,0,0.044442668557167,2684354560,3932160,682.6666666666666,312.5,2.184533333333333,0.001073741824,0.00049152,0.024160156418574108,0.011059641915240833
TRTLLM,1.2.0rc6,NVIDIA GB200,mla_context,default,float16,float16,1,2,2048,128,0,0.0420106649398803,2684354560,5242880,512.0,312.5,1.6384,0.001073741824,0.00065536,0.025558791452993824,0.015599848298946426
TRTLLM,1.2.0rc6,NVIDIA GB200,mla_context,default,float16,float16,1,2,2048,128,0,0.0420959989229838,2684354560,5242880,512.0,312.5,1.6384,0.001073741824,0.00065536,0.025506980508158285,0.015568225407811453
TRTLLM,1.2.0rc6,NVIDIA GB200,mla_context,default,float16,fp8,1,2,3072,128,0,0.0562933335701624,6039797760,5898240,1024.0,312.5,3.2768,0.002415919104,0.00073728,0.04291661109372511,0.013097110319129978
TRTLLM,1.2.0rc6,NVIDIA GB200,mla_context,default,float16,fp8,1,2,3072,128,0,0.0567893336216608,6039797760,5898240,1024.0,312.5,3.2768,0.002415919104,0.00073728,0.04254177589219873,0.012982719693664163
TRTLLM,1.2.0rc6,NVIDIA GB200,mla_context,default,float16,float16,1,2,3072,128,0,0.0542506674925486,6039797760,7864320,768.0,312.5,2.4576,0.002415919104,0.00098304,0.04453252311285994,0.018120330042667616
TRTLLM,1.2.0rc6,NVIDIA GB200,mla_context,default,float16,float16,1,2,3072,128,0,0.0543199976285298,6039797760,7864320,768.0,312.5,2.4576,0.002415919104,0.00098304,0.04447568500502138,0.018097202557381748
TRTLLM,1.2.0rc6,NVIDIA GB200,mla_context,default,float16,fp8,1,2,4096,128,0,0.0687679996093114,10737418240,7864320,1365.3333333333333,312.5,4.369066666666666,0.004294967296,0.00098304,0.06245589984296195,0.014295021021185749
TRTLLM,1.2.0rc6,NVIDIA GB200,mla_context,default,float16,fp8,1,2,4096,128,0,0.0692586650451024,10737418240,7864320,1365.3333333333333,312.5,4.369066666666666,0.004294967296,0.00098304,0.06201342883526625,0.01419374744459524
TRTLLM,1.2.0rc6,NVIDIA GB200,mla_context,default,float16,float16,1,2,4096,128,0,0.0672106643517812,10737418240,10485760,1024.0,312.5,3.2768,0.004294967296,0.00131072,0.0639030626675568,0.019501667073839355
TRTLLM,1.2.0rc6,NVIDIA GB200,mla_context,default,float16,float16,1,2,4096,128,0,0.0686133354902267,10737418240,10485760,1024.0,312.5,3.2768,0.004294967296,0.00131072,0.06259668423511892,0.019102992015111977
TRTLLM,1.2.0rc6,NVIDIA GB200,mla_context,default,float16,fp8,1,2,6144,128,0,0.0921120047569274,24159191040,11796480,2048.0,312.5,6.5536,0.009663676416,0.00147456,0.10491223637463207,0.016008336849156504
TRTLLM,1.2.0rc6,NVIDIA GB200,mla_context,default,float16,fp8,1,2,6144,128,0,0.095029334227244,24159191040,11796480,2048.0,312.5,6.5536,0.009663676416,0.00147456,0.10169150920168729,0.015516892883558241
TRTLLM,1.2.0rc6,NVIDIA GB200,mla_context,default,float16,float16,1,2,6144,128,0,0.0933760007222493,24159191040,15728640,1536.0,312.5,4.9152,0.009663676416,0.00196608,0.10349207870601565,0.02105551731486321
TRTLLM,1.2.0rc6,NVIDIA GB200,mla_context,default,float16,float16,1,2,6144,128,0,0.0934720039367675,24159191040,15728640,1536.0,312.5,4.9152,0.009663676416,0.00196608,0.10338578407431322,0.021033891616681562
TRTLLM,1.2.0rc6,NVIDIA GB200,mla_context,default,float16,fp8,1,2,8192,128,0,0.1158133347829182,42949672960,15728640,2730.6666666666665,312.5,8.738133333333332,0.017179869184,0.00196608,0.14834102839886387,0.016976283462394395
TRTLLM,1.2.0rc6,NVIDIA GB200,mla_context,default,float16,fp8,1,2,8192,128,0,0.1159093379974365,42949672960,15728640,2730.6666666666665,312.5,8.738133333333332,0.017179869184,0.00196608,0.14821816327153864,0.016962222664436945
TRTLLM,1.2.0rc6,NVIDIA GB200,mla_context,default,float16,float16,1,2,8192,128,0,0.1216906706492106,42949672960,20971520,2048.0,312.5,6.5536,0.017179869184,0.00262144,0.14117655110573954,0.02154183213893731
TRTLLM,1.2.0rc6,NVIDIA GB200,mla_context,default,float16,float16,1,2,8192,128,0,0.1224213341871897,42949672960,20971520,2048.0,312.5,6.5536,0.017179869184,0.00262144,0.140333948311092,0.02141326115586731
TRTLLM,1.2.0rc6,NVIDIA GB200,mla_context,default,float16,fp8,1,2,10240,128,0,0.1425173381964365,67108864000,19660800,3413.3333333333335,312.5,10.922666666666666,0.0268435456,0.0024576,0.18835284141358735,0.017244217658714662
TRTLLM,1.2.0rc6,NVIDIA GB200,mla_context,default,float16,fp8,1,2,10240,128,0,0.1464586655298868,67108864000,19660800,3413.3333333333335,312.5,10.922666666666666,0.0268435456,0.0024576,0.18328410615295568,0.016780161085780853
TRTLLM,1.2.0rc6,NVIDIA GB200,mla_context,default,float16,float16,1,2,10240,128,0,0.159578671058019,67108864000,26214400,2560.0,312.5,8.192,0.0268435456,0.0032768000000000003,0.16821512187076884,0.02053407249399034
TRTLLM,1.2.0rc6,NVIDIA GB200,mla_context,default,float16,float16,1,2,10240,128,0,0.1647040049235026,67108864000,26214400,2560.0,312.5,8.192,0.0268435456,0.0032768000000000003,0.16298052747695838,0.019895083920527145
TRTLLM,1.2.0rc6,NVIDIA GB200,mla_context,default,float16,fp8,1,2,12288,128,0,0.1674826741218567,96636764160,23592960,4096.0,312.5,13.1072,0.038654705664,0.00294912,0.23079823549912803,0.01760850795739197
TRTLLM,1.2.0rc6,NVIDIA GB200,mla_context,default,float16,fp8,1,2,12288,128,0,0.1678773363431294,96636764160,23592960,4096.0,312.5,13.1072,0.038654705664,0.00294912,0.2302556527641856,0.017567112179884766
TRTLLM,1.2.0rc6,NVIDIA GB200,mla_context,default,float16,float16,1,2,12288,128,0,0.1971946756045023,96636764160,31457280,3072.0,312.5,9.8304,0.038654705664,0.00393216,0.19602306981922105,0.01994049782503469
TRTLLM,1.2.0rc6,NVIDIA GB200,mla_context,default,float16,float16,1,2,12288,128,0,0.1979733308156331,96636764160,31457280,3072.0,312.5,9.8304,0.038654705664,0.00393216,0.1952520852417138,0.019862069218110533
TRTLLM,1.2.0rc6,NVIDIA GB200,mla_context,default,float16,fp8,1,2,16384,128,0,0.2186719973882039,171798691840,31457280,5461.333333333333,312.5,17.476266666666664,0.068719476736,0.00393216,0.3142582386257886,0.017982000653788865
TRTLLM,1.2.0rc6,NVIDIA GB200,mla_context,default,float16,fp8,1,2,16384,128,0,0.2201973398526509,171798691840,31457280,5461.333333333333,312.5,17.476266666666664,0.068719476736,0.00393216,0.3120813211548555,0.017857436436930968
TRTLLM,1.2.0rc6,NVIDIA GB200,mla_context,default,float16,float16,1,2,16384,128,0,0.2657919923464457,171798691840,41943040,4096.0,312.5,13.1072,0.068719476736,0.00524288,0.258546076310786,0.01972550020681656
TRTLLM,1.2.0rc6,NVIDIA GB200,mla_context,default,float16,float16,1,2,16384,128,0,0.2676586707433064,171798691840,41943040,4096.0,312.5,13.1072,0.068719476736,0.00524288,0.25674295006084175,0.01958793259131178
TRTLLM,1.2.0rc6,NVIDIA GB200,mla_context,default,float16,fp8,1,2,32768,128,0,0.5791733264923096,687194767360,62914560,10922.666666666666,312.5,34.95253333333333,0.274877906944,0.00786432,0.47460387827036765,0.013578525875197438
TRTLLM,1.2.0rc6,NVIDIA GB200,mla_context,default,float16,fp8,1,2,32768,128,0,0.581765333811442,687194767360,62914560,10922.666666666666,312.5,34.95253333333333,0.274877906944,0.00786432,0.47248931995162785,0.013518027876423677
TRTLLM,1.2.0rc6,NVIDIA GB200,mla_context,default,float16,float16,1,2,32768,128,0,0.6644320090611776,687194767360,83886080,8192.0,312.5,26.2144,0.274877906944,0.01048576,0.4137035892241167,0.01578153950592486
TRTLLM,1.2.0rc6,NVIDIA GB200,mla_context,default,float16,float16,1,2,32768,128,0,0.6804213523864746,687194767360,83886080,8192.0,312.5,26.2144,0.274877906944,0.01048576,0.4039818944245466,0.015410686280233253
TRTLLM,1.2.0rc6,NVIDIA GB200,mla_context,default,float16,fp8,1,1,1,128,0,0.0172853333254655,320,960,0.3333333333333333,312.5,0.0010666666666666665,1.28e-10,1.2e-07,7.405121879334826e-09,6.942301761876399e-06
TRTLLM,1.2.0rc6,NVIDIA GB200,mla_context,default,float16,fp8,1,1,1,128,0,0.0185279995203018,320,960,0.3333333333333333,312.5,0.0010666666666666665,1.28e-10,1.2e-07,6.908463045875285e-09,6.476684105508079e-06
TRTLLM,1.2.0rc6,NVIDIA GB200,mla_context,default,float16,float16,1,1,1,128,0,0.014954666296641,320,1280,0.25,312.5,0.0008,1.28e-10,1.6e-07,8.559201353008482e-09,1.0699001691260603e-05
TRTLLM,1.2.0rc6,NVIDIA GB200,mla_context,default,float16,float16,1,1,1,128,0,0.0151359997689723,320,1280,0.25,312.5,0.0008,1.28e-10,1.6e-07,8.456659748528188e-09,1.0570824685660236e-05
TRTLLM,1.2.0rc6,NVIDIA GB200,mla_context,default,float16,fp8,1,1,16,128,0,0.0159786666433016,81920,15360,5.333333333333333,312.5,0.017066666666666664,3.2768e-08,1.92e-06,2.0507343154152755e-06,0.00012016021379386379
TRTLLM,1.2.0rc6,NVIDIA GB200,mla_context,default,float16,fp8,1,1,16,128,0,0.017759999881188,81920,15360,5.333333333333333,312.5,0.017066666666666664,3.2768e-08,1.92e-06,1.8450450573881471e-06,0.00010810810883133674
TRTLLM,1.2.0rc6,NVIDIA GB200,mla_context,default,float16,float16,1,1,16,128,0,0.015184000134468,81920,20480,4.0,312.5,0.0128,3.2768e-08,2.56e-06,2.158061097853651e-06,0.0001685985232698165
TRTLLM,1.2.0rc6,NVIDIA GB200,mla_context,default,float16,float16,1,1,16,128,0,0.0152426672478516,81920,20480,4.0,312.5,0.0128,3.2768e-08,2.56e-06,2.1497549915103298e-06,0.00016794960871174453
TRTLLM,1.2.0rc6,NVIDIA GB200,mla_context,default,float16,fp8,1,1,32,128,0,0.0193866665164629,327680,30720,10.666666666666666,312.5,0.03413333333333333,1.31072e-07,3.84e-06,6.760935403138822e-06,0.00019807427938883267
TRTLLM,1.2.0rc6,NVIDIA GB200,mla_context,default,float16,fp8,1,1,32,128,0,0.0194026666382948,327680,30720,10.666666666666666,312.5,0.03413333333333333,1.31072e-07,3.84e-06,6.755360097838553e-06,0.00019791094036636383
TRTLLM,1.2.0rc6,NVIDIA GB200,mla_context,default,float16,float16,1,1,32,128,0,0.0153119998673597,327680,40960,8.0,312.5,0.0256,1.31072e-07,5.12e-06,8.560083668718134e-06,0.0003343782683093021
TRTLLM,1.2.0rc6,NVIDIA GB200,mla_context,default,float16,float16,1,1,32,128,0,0.0157173338035742,327680,40960,8.0,312.5,0.0256,1.31072e-07,5.12e-06,8.33932788080085e-06,0.00032575499534378324
TRTLLM,1.2.0rc6,NVIDIA GB200,mla_context,default,float16,fp8,1,1,64,128,0,0.0211626663804054,1310720,61440,21.333333333333332,312.5,0.06826666666666666,5.24288e-07,7.68e-06,2.4774193883500448e-05,0.0003629032307153386
TRTLLM,1.2.0rc6,NVIDIA GB200,mla_context,default,float16,fp8,1,1,64,128,0,0.0213653321067492,1310720,61440,21.333333333333332,312.5,0.06826666666666666,5.24288e-07,7.68e-06,2.4539192621975675e-05,0.0003594608294234718
TRTLLM,1.2.0rc6,NVIDIA GB200,mla_context,default,float16,float16,1,1,64,128,0,0.0150240001579125,1310720,81920,16.0,312.5,0.0512,5.24288e-07,1.024e-05,3.4896698248760324e-05,0.0006815761376711001
TRTLLM,1.2.0rc6,NVIDIA GB200,mla_context,default,float16,float16,1,1,64,128,0,0.016554666062196,1310720,81920,16.0,312.5,0.0512,5.24288e-07,1.024e-05,3.167010424917339e-05,0.0006185567236166677
TRTLLM,1.2.0rc6,NVIDIA GB200,mla_context,default,float16,fp8,1,1,128,128,0,0.0199839994311332,5242880,122880,42.666666666666664,312.5,0.1365333333333333,2.097152e-06,1.536e-05,0.00010494155622987226,0.0007686149137930096
TRTLLM,1.2.0rc6,NVIDIA GB200,mla_context,default,float16,fp8,1,1,128,128,0,0.0214399993419647,5242880,122880,42.666666666666664,312.5,0.1365333333333333,2.097152e-06,1.536e-05,9.781492837526472e-05,0.0007164179324360209
TRTLLM,1.2.0rc6,NVIDIA GB200,mla_context,default,float16,float16,1,1,128,128,0,0.0154133327305316,5242880,163840,32.0,312.5,0.1024,2.097152e-06,2.048e-05,0.0001360609049752,0.0013287197751484375
TRTLLM,1.2.0rc6,NVIDIA GB200,mla_context,default,float16,float16,1,1,128,128,0,0.0163626670837402,5242880,163840,32.0,312.5,0.1024,2.097152e-06,2.048e-05,0.00012816688069660525,0.0012516296943027858
TRTLLM,1.2.0rc6,NVIDIA GB200,mla_context,default,float16,fp8,1,1,256,128,0,0.0232266659537951,20971520,245760,85.33333333333333,312.5,0.2730666666666666,8.388608e-06,3.072e-05,0.00036116281246251577,0.0013226177214203459
TRTLLM,1.2.0rc6,NVIDIA GB200,mla_context,default,float16,fp8,1,1,256,128,0,0.0233813325564066,20971520,245760,85.33333333333333,312.5,0.2730666666666666,8.388608e-06,3.072e-05,0.0003587737345492518,0.0013138686567965763
TRTLLM,1.2.0rc6,NVIDIA GB200,mla_context,default,float16,float16,1,1,256,128,0,0.0192213331659634,20971520,327680,64.0,312.5,0.2048,8.388608e-06,4.096e-05,0.0004364217574072496,0.002130965612340086
TRTLLM,1.2.0rc6,NVIDIA GB200,mla_context,default,float16,float16,1,1,256,128,0,0.0194026666382948,20971520,327680,64.0,312.5,0.2048,8.388608e-06,4.096e-05,0.00043234304626166737,0.002111050030574548
TRTLLM,1.2.0rc6,NVIDIA GB200,mla_context,default,float16,fp8,1,1,512,128,0,0.0255680009722709,83886080,491520,170.66666666666666,312.5,0.5461333333333332,3.3554432e-05,6.144e-05,0.0013123604006582514,0.002403003663314669
TRTLLM,1.2.0rc6,NVIDIA GB200,mla_context,default,float16,fp8,1,1,512,128,0,0.0278346662720044,83886080,491520,170.66666666666666,312.5,0.5461333333333332,3.3554432e-05,6.144e-05,0.0012054907241244145,0.0022073194411457784
TRTLLM,1.2.0rc6,NVIDIA GB200,mla_context,default,float16,float16,1,1,512,128,0,0.021717332303524,83886080,655360,128.0,312.5,0.4096,3.3554432e-05,8.192e-05,0.001545053118451166,0.003772102339968667
TRTLLM,1.2.0rc6,NVIDIA GB200,mla_context,default,float16,float16,1,1,512,128,0,0.0230719993511835,83886080,655360,128.0,312.5,0.4096,3.3554432e-05,8.192e-05,0.0014543356858355144,0.0035506242329968614
TRTLLM,1.2.0rc6,NVIDIA GB200,mla_context,default,float16,fp8,1,1,1024,128,0,0.0318240001797676,335544320,983040,341.3333333333333,312.5,1.0922666666666665,0.000134217728,0.00012288,0.004217500227558763,0.0038612367806018953
TRTLLM,1.2.0rc6,NVIDIA GB200,mla_context,default,float16,fp8,1,1,1024,128,0,0.0334666669368743,335544320,983040,341.3333333333333,312.5,1.0922666666666665,0.000134217728,0.00012288,0.004010489848097661,0.0036717131177651918
TRTLLM,1.2.0rc6,NVIDIA GB200,mla_context,default,float16,float16,1,1,1024,128,0,0.0272639989852905,335544320,1310720,256.0,312.5,0.8192,0.000134217728,0.00016384,0.004922892201999174,0.006009389895018523
TRTLLM,1.2.0rc6,NVIDIA GB200,mla_context,default,float16,float16,1,1,1024,128,0,0.0279946674903233,335544320,1310720,256.0,312.5,0.8192,0.000134217728,0.00016384,0.00479440336436909,0.005852543169395861
TRTLLM,1.2.0rc6,NVIDIA GB200,mla_context,default,float16,fp8,1,1,1536,128,0,0.0371946667631467,754974720,1474560,512.0,312.5,1.6384,0.000301989888,0.00018432,0.008119171759839996,0.004955549169824216
TRTLLM,1.2.0rc6,NVIDIA GB200,mla_context,default,float16,fp8,1,1,1536,128,0,0.0403839995463689,754974720,1474560,512.0,312.5,1.6384,0.000301989888,0.00018432,0.007477958879562072,0.00456418388645146
TRTLLM,1.2.0rc6,NVIDIA GB200,mla_context,default,float16,float16,1,1,1536,128,0,0.0339786658684412,754974720,1966080,384.0,312.5,1.2288,0.000301989888,0.00024576,0.008887632291663429,0.007232773674856306
TRTLLM,1.2.0rc6,NVIDIA GB200,mla_context,default,float16,float16,1,1,1536,128,0,0.0355520000060399,754974720,1966080,384.0,312.5,1.2288,0.000301989888,0.00024576,0.008494315030060057,0.006912691267952521
TRTLLM,1.2.0rc6,NVIDIA GB200,mla_context,default,float16,fp8,1,1,2048,128,0,0.0437066654364267,1342177280,1966080,682.6666666666666,312.5,2.184533333333333,0.000536870912,0.00024576,0.01228350199309766,0.0056229409758442655
TRTLLM,1.2.0rc6,NVIDIA GB200,mla_context,default,float16,fp8,1,1,2048,128,0,0.0442613313595453,1342177280,1966080,682.6666666666666,312.5,2.184533333333333,0.000536870912,0.00024576,0.01212956988660983,0.005552476449558943
TRTLLM,1.2.0rc6,NVIDIA GB200,mla_context,default,float16,float16,1,1,2048,128,0,0.041973332564036,1342177280,2621440,512.0,312.5,1.6384,0.000536870912,0.00032768,0.012790762114991245,0.007806861642450711
TRTLLM,1.2.0rc6,NVIDIA GB200,mla_context,default,float16,float16,1,1,2048,128,0,0.0420853346586227,1342177280,2621440,512.0,312.5,1.6384,0.000536870912,0.00032768,0.012756721940192594,0.007786085168574581
TRTLLM,1.2.0rc6,NVIDIA GB200,mla_context,default,float16,fp8,1,1,3072,128,0,0.0559733311335245,3019898880,2949120,1024.0,312.5,3.2768,0.001207959552,0.00036864,0.021580983792413747,0.006585993588993453
TRTLLM,1.2.0rc6,NVIDIA GB200,mla_context,default,float16,fp8,1,1,3072,128,0,0.0563733329375584,3019898880,2949120,1024.0,312.5,3.2768,0.001207959552,0.00036864,0.021427854076642754,0.00653926210835045
TRTLLM,1.2.0rc6,NVIDIA GB200,mla_context,default,float16,float16,1,1,3072,128,0,0.0539146661758422,3019898880,3932160,768.0,312.5,2.4576,0.001207959552,0.00049152,0.022405027011764306,0.009116628829656699
TRTLLM,1.2.0rc6,NVIDIA GB200,mla_context,default,float16,float16,1,1,3072,128,0,0.0540053347746531,3019898880,3932160,768.0,312.5,2.4576,0.001207959552,0.00049152,0.022367411609249842,0.009101323083190853
TRTLLM,1.2.0rc6,NVIDIA GB200,mla_context,default,float16,fp8,1,1,4096,128,0,0.0676906655232111,5368709120,3932160,1365.3333333333333,312.5,4.369066666666666,0.002147483648,0.00049152,0.031724959880378614,0.007261267062464587
TRTLLM,1.2.0rc6,NVIDIA GB200,mla_context,default,float16,fp8,1,1,4096,128,0,0.0685653338829676,5368709120,3932160,1365.3333333333333,312.5,4.369066666666666,0.002147483648,0.00049152,0.0313202536381648,0.007168637154731323
TRTLLM,1.2.0rc6,NVIDIA GB200,mla_context,default,float16,float16,1,1,4096,128,0,0.0667253335316975,5368709120,5242880,1024.0,312.5,3.2768,0.002147483648,0.00065536,0.032183932763406115,0.009821756824769934
TRTLLM,1.2.0rc6,NVIDIA GB200,mla_context,default,float16,float16,1,1,4096,128,0,0.0671306649843851,5368709120,5242880,1024.0,312.5,3.2768,0.002147483648,0.00065536,0.03198960785655132,0.009762453569504188
TRTLLM,1.2.0rc6,NVIDIA GB200,mla_context,default,float16,fp8,1,1,6144,128,0,0.0890666643778483,12079595520,5898240,2048.0,312.5,6.5536,0.004831838208,0.00073728,0.054249681873139985,0.00827784452409973
TRTLLM,1.2.0rc6,NVIDIA GB200,mla_context,default,float16,fp8,1,1,6144,128,0,0.0897599955399831,12079595520,5898240,2048.0,312.5,6.5536,0.004831838208,0.00073728,0.05383064224694267,0.008213904151449992
TRTLLM,1.2.0rc6,NVIDIA GB200,mla_context,default,float16,float16,1,1,6144,128,0,0.0912426710128784,12079595520,7864320,1536.0,312.5,4.9152,0.004831838208,0.00098304,0.05295590488925968,0.010773906430920344
TRTLLM,1.2.0rc6,NVIDIA GB200,mla_context,default,float16,float16,1,1,6144,128,0,0.0913333296775817,12079595520,7864320,1536.0,312.5,4.9152,0.004831838208,0.00098304,0.052903340161329984,0.010763212109645585
TRTLLM,1.2.0rc6,NVIDIA GB200,mla_context,default,float16,fp8,1,1,8192,128,0,0.1119360029697418,21474836480,7864320,2730.6666666666665,312.5,8.738133333333332,0.008589934592,0.00098304,0.07673969379022766,0.008782161001994438
TRTLLM,1.2.0rc6,NVIDIA GB200,mla_context,default,float16,fp8,1,1,8192,128,0,0.1123679975668589,21474836480,7864320,2730.6666666666665,312.5,8.738133333333332,0.008589934592,0.00098304,0.07644467088495542,0.008748398309893273
TRTLLM,1.2.0rc6,NVIDIA GB200,mla_context,default,float16,float16,1,1,8192,128,0,0.11735467116038,21474836480,10485760,2048.0,312.5,6.5536,0.008589934592,0.00131072,0.07319635858602312,0.011168877958072376
TRTLLM,1.2.0rc6,NVIDIA GB200,mla_context,default,float16,float16,1,1,8192,128,0,0.1177013317743937,21474836480,10485760,2048.0,312.5,6.5536,0.008589934592,0.00131072,0.07298077653415956,0.011135982747521905
TRTLLM,1.2.0rc6,NVIDIA GB200,mla_context,default,float16,fp8,1,1,10240,128,0,0.1342453360557556,33554432000,9830400,3413.3333333333335,312.5,10.922666666666666,0.0134217728,0.0012288,0.099979434625763,0.009153390621255158
TRTLLM,1.2.0rc6,NVIDIA GB200,mla_context,default,float16,fp8,1,1,10240,128,0,0.1343200008074442,33554432000,9830400,3413.3333333333335,312.5,10.922666666666666,0.0134217728,0.0012288,0.09992385883946592,0.009148302506054617
TRTLLM,1.2.0rc6,NVIDIA GB200,mla_context,default,float16,float16,1,1,10240,128,0,0.1430293321609497,33554432000,13107200,2560.0,312.5,8.192,0.0134217728,0.0016384000000000001,0.09383930273055174,0.011454993009100555
TRTLLM,1.2.0rc6,NVIDIA GB200,mla_context,default,float16,float16,1,1,10240,128,0,0.1851306756337483,33554432000,13107200,2560.0,312.5,8.192,0.0134217728,0.0016384000000000001,0.07249891328951259,0.008849965001161206
TRTLLM,1.2.0rc6,NVIDIA GB200,mla_context,default,float16,fp8,1,1,12288,128,0,0.1560746630032857,48318382080,11796480,4096.0,312.5,13.1072,0.019327352832,0.00147456,0.12383401930903491,0.00944778589699058
TRTLLM,1.2.0rc6,NVIDIA GB200,mla_context,default,float16,fp8,1,1,12288,128,0,0.157338668902715,48318382080,11796480,4096.0,312.5,13.1072,0.019327352832,0.00147456,0.12283917848542629,0.009371885565599541
TRTLLM,1.2.0rc6,NVIDIA GB200,mla_context,default,float16,float16,1,1,12288,128,0,0.1668693423271179,48318382080,15728640,3072.0,312.5,9.8304,0.019327352832,0.00196608,0.11582326964597328,0.011782152267046436
TRTLLM,1.2.0rc6,NVIDIA GB200,mla_context,default,float16,float16,1,1,12288,128,0,0.2460800011952718,48318382080,15728640,3072.0,312.5,9.8304,0.019327352832,0.00196608,0.07854093277845513,0.007989596840256259
TRTLLM,1.2.0rc6,NVIDIA GB200,mla_context,default,float16,fp8,1,1,16384,128,0,0.20196266969045,85899345920,15728640,5461.333333333333,312.5,17.476266666666664,0.034359738368,0.00196608,0.17012915515854232,0.009734868344795741
TRTLLM,1.2.0rc6,NVIDIA GB200,mla_context,default,float16,fp8,1,1,16384,128,0,0.2021333376566569,85899345920,15728640,5461.333333333333,312.5,17.476266666666664,0.034359738368,0.00196608,0.16998550939857013,0.009726648868478972
TRTLLM,1.2.0rc6,NVIDIA GB200,mla_context,default,float16,float16,1,1,16384,128,0,0.2198933362960815,85899345920,20971520,4096.0,312.5,13.1072,0.034359738368,0.00262144,0.156256387513878,0.011921416283712615
TRTLLM,1.2.0rc6,NVIDIA GB200,mla_context,default,float16,float16,1,1,16384,128,0,0.30868266026179,85899345920,20971520,4096.0,312.5,13.1072,0.034359738368,0.00262144,0.1113108793958816,0.008492346145315674
TRTLLM,1.2.0rc6,NVIDIA GB200,mla_context,default,float16,fp8,1,1,32768,128,0,0.389903982480367,343597383680,31457280,10922.666666666666,312.5,34.95253333333333,0.137438953472,0.00393216,0.3524943566815723,0.010084944439360779
TRTLLM,1.2.0rc6,NVIDIA GB200,mla_context,default,float16,fp8,1,1,32768,128,0,0.391759991645813,343597383680,31457280,10922.666666666666,312.5,34.95253333333333,0.137438953472,0.00393216,0.35082437309284364,0.010037165825639065
TRTLLM,1.2.0rc6,NVIDIA GB200,mla_context,default,float16,float16,1,1,32768,128,0,0.5131786664326986,343597383680,41943040,8192.0,312.5,26.2144,0.137438953472,0.00524288,0.2678189146625887,0.010216480814460326
TRTLLM,1.2.0rc6,NVIDIA GB200,mla_context,default,float16,float16,1,1,32768,128,0,0.5263199806213379,343597383680,41943040,8192.0,312.5,26.2144,0.137438953472,0.00524288,0.26113193215607894,0.009961392675631675